ISO-10303-21;
HEADER;
/* Generated by software containing ST-Developer
 * from STEP Tools, Inc. (www.steptools.com) 
 */

FILE_DESCRIPTION(
/* description */ (''),
/* implementation_level */ '2;1');

FILE_NAME(
/* name */ 'TurtleSquareSkinHolder.step',
/* time_stamp */ '2026-08-30T18:40:29+01:00',
/* author */ (''),
/* organization */ (''),
/* preprocessor_version */ 'ST-DEVELOPER v20.1',
/* originating_system */ 'Autodesk Translation Framework v15.8.0.0',
/* authorisation */ '');

FILE_SCHEMA (('AUTOMOTIVE_DESIGN { 1 0 10303 214 3 1 1 }'));
ENDSEC;

DATA;
#10=MECHANICAL_DESIGN_GEOMETRIC_PRESENTATION_REPRESENTATION('',(#13),#3004);
#11=SHAPE_REPRESENTATION_RELATIONSHIP('SRR','None',#3011,#12);
#12=ADVANCED_BREP_SHAPE_REPRESENTATION('',(#14),#3003);
#13=STYLED_ITEM('',(#3020),#14);
#14=MANIFOLD_SOLID_BREP('Body2',#1804);
#15=FACE_BOUND('',#253,.T.);
#16=FACE_BOUND('',#255,.T.);
#17=FACE_BOUND('',#267,.T.);
#18=FACE_BOUND('',#271,.T.);
#19=FACE_BOUND('',#275,.T.);
#20=FACE_BOUND('',#279,.T.);
#21=FACE_BOUND('',#283,.T.);
#22=FACE_BOUND('',#284,.T.);
#23=FACE_BOUND('',#285,.T.);
#24=FACE_BOUND('',#286,.T.);
#25=FACE_BOUND('',#287,.T.);
#26=FACE_BOUND('',#302,.T.);
#27=FACE_BOUND('',#305,.T.);
#28=FACE_BOUND('',#322,.T.);
#29=FACE_BOUND('',#323,.T.);
#30=FACE_BOUND('',#324,.T.);
#31=FACE_BOUND('',#325,.T.);
#32=FACE_BOUND('',#326,.T.);
#33=FACE_BOUND('',#327,.T.);
#34=FACE_BOUND('',#328,.T.);
#35=FACE_BOUND('',#329,.T.);
#36=FACE_BOUND('',#330,.T.);
#37=(
BOUNDED_CURVE()
B_SPLINE_CURVE(2,(#2527,#2528,#2529),.UNSPECIFIED.,.F.,.F.)
B_SPLINE_CURVE_WITH_KNOTS((3,3),(2.05680549972437,2.13159181747131),
 .UNSPECIFIED.)
CURVE()
GEOMETRIC_REPRESENTATION_ITEM()
RATIONAL_B_SPLINE_CURVE((3.55661512008307,3.48811838199153,3.41126045255703))
REPRESENTATION_ITEM('')
);
#38=(
BOUNDED_CURVE()
B_SPLINE_CURVE(2,(#2593,#2594,#2595),.UNSPECIFIED.,.F.,.F.)
B_SPLINE_CURVE_WITH_KNOTS((3,3),(0.756686903496532,0.831473221243379),
 .UNSPECIFIED.)
CURVE()
GEOMETRIC_REPRESENTATION_ITEM()
RATIONAL_B_SPLINE_CURVE((3.41126045255726,3.48811838199166,3.55661512008312))
REPRESENTATION_ITEM('')
);
#39=(
BOUNDED_CURVE()
B_SPLINE_CURVE(2,(#2621,#2622,#2623),.UNSPECIFIED.,.F.,.F.)
B_SPLINE_CURVE_WITH_KNOTS((3,3),(2.0568054997244,2.13159181747126),
 .UNSPECIFIED.)
CURVE()
GEOMETRIC_REPRESENTATION_ITEM()
RATIONAL_B_SPLINE_CURVE((3.5566151200831,3.48811838199163,3.41126045255722))
REPRESENTATION_ITEM('')
);
#40=(
BOUNDED_CURVE()
B_SPLINE_CURVE(2,(#2702,#2703,#2704),.UNSPECIFIED.,.F.,.F.)
B_SPLINE_CURVE_WITH_KNOTS((3,3),(0.756686903496531,0.831473221243367),
 .UNSPECIFIED.)
CURVE()
GEOMETRIC_REPRESENTATION_ITEM()
RATIONAL_B_SPLINE_CURVE((3.41126045255726,3.48811838199165,3.5566151200831))
REPRESENTATION_ITEM('')
);
#41=CONICAL_SURFACE('',#1825,3.5,0.78539816339745);
#42=CONICAL_SURFACE('',#1829,3.5,0.78539816339745);
#43=CONICAL_SURFACE('',#1842,3.5,0.78539816339745);
#44=CONICAL_SURFACE('',#1846,3.5,0.78539816339745);
#45=CONICAL_SURFACE('',#1853,3.5,0.785398163397451);
#46=CONICAL_SURFACE('',#1857,3.5,0.78539816339745);
#47=CONICAL_SURFACE('',#1870,3.5,0.78539816339745);
#48=CONICAL_SURFACE('',#1874,3.5,0.78539816339745);
#49=CONICAL_SURFACE('',#1933,1.65,0.785398163397448);
#50=CONICAL_SURFACE('',#1936,1.64999999999999,0.785398163397448);
#51=CONICAL_SURFACE('',#1939,1.65,0.785398163397448);
#52=CONICAL_SURFACE('',#1943,1.64999999999999,0.785398163397448);
#53=PLANE('',#1824);
#54=PLANE('',#1828);
#55=PLANE('',#1832);
#56=PLANE('',#1833);
#57=PLANE('',#1836);
#58=PLANE('',#1839);
#59=PLANE('',#1840);
#60=PLANE('',#1841);
#61=PLANE('',#1845);
#62=PLANE('',#1849);
#63=PLANE('',#1850);
#64=PLANE('',#1851);
#65=PLANE('',#1852);
#66=PLANE('',#1856);
#67=PLANE('',#1860);
#68=PLANE('',#1861);
#69=PLANE('',#1864);
#70=PLANE('',#1867);
#71=PLANE('',#1868);
#72=PLANE('',#1869);
#73=PLANE('',#1873);
#74=PLANE('',#1877);
#75=PLANE('',#1878);
#76=PLANE('',#1879);
#77=PLANE('',#1882);
#78=PLANE('',#1883);
#79=PLANE('',#1886);
#80=PLANE('',#1890);
#81=PLANE('',#1891);
#82=PLANE('',#1892);
#83=PLANE('',#1893);
#84=PLANE('',#1894);
#85=PLANE('',#1895);
#86=PLANE('',#1896);
#87=PLANE('',#1897);
#88=PLANE('',#1898);
#89=PLANE('',#1899);
#90=PLANE('',#1906);
#91=PLANE('',#1913);
#92=PLANE('',#1920);
#93=PLANE('',#1927);
#94=PLANE('',#1935);
#95=PLANE('',#1938);
#96=PLANE('',#1942);
#97=PLANE('',#1946);
#98=PLANE('',#1947);
#99=PLANE('',#1951);
#100=PLANE('',#1952);
#101=PLANE('',#1953);
#102=PLANE('',#1954);
#103=PLANE('',#1955);
#104=PLANE('',#1958);
#105=PLANE('',#1961);
#106=PLANE('',#1962);
#107=PLANE('',#1965);
#108=PLANE('',#1966);
#109=PLANE('',#1967);
#110=PLANE('',#1970);
#111=PLANE('',#1971);
#112=PLANE('',#1974);
#113=PLANE('',#1975);
#114=PLANE('',#1976);
#115=FACE_OUTER_BOUND('',#212,.T.);
#116=FACE_OUTER_BOUND('',#213,.T.);
#117=FACE_OUTER_BOUND('',#214,.T.);
#118=FACE_OUTER_BOUND('',#215,.T.);
#119=FACE_OUTER_BOUND('',#216,.T.);
#120=FACE_OUTER_BOUND('',#217,.T.);
#121=FACE_OUTER_BOUND('',#218,.T.);
#122=FACE_OUTER_BOUND('',#219,.T.);
#123=FACE_OUTER_BOUND('',#220,.T.);
#124=FACE_OUTER_BOUND('',#221,.T.);
#125=FACE_OUTER_BOUND('',#222,.T.);
#126=FACE_OUTER_BOUND('',#223,.T.);
#127=FACE_OUTER_BOUND('',#224,.T.);
#128=FACE_OUTER_BOUND('',#225,.T.);
#129=FACE_OUTER_BOUND('',#226,.T.);
#130=FACE_OUTER_BOUND('',#227,.T.);
#131=FACE_OUTER_BOUND('',#228,.T.);
#132=FACE_OUTER_BOUND('',#229,.T.);
#133=FACE_OUTER_BOUND('',#230,.T.);
#134=FACE_OUTER_BOUND('',#231,.T.);
#135=FACE_OUTER_BOUND('',#232,.T.);
#136=FACE_OUTER_BOUND('',#233,.T.);
#137=FACE_OUTER_BOUND('',#234,.T.);
#138=FACE_OUTER_BOUND('',#235,.T.);
#139=FACE_OUTER_BOUND('',#236,.T.);
#140=FACE_OUTER_BOUND('',#237,.T.);
#141=FACE_OUTER_BOUND('',#238,.T.);
#142=FACE_OUTER_BOUND('',#239,.T.);
#143=FACE_OUTER_BOUND('',#240,.T.);
#144=FACE_OUTER_BOUND('',#241,.T.);
#145=FACE_OUTER_BOUND('',#242,.T.);
#146=FACE_OUTER_BOUND('',#243,.T.);
#147=FACE_OUTER_BOUND('',#244,.T.);
#148=FACE_OUTER_BOUND('',#245,.T.);
#149=FACE_OUTER_BOUND('',#246,.T.);
#150=FACE_OUTER_BOUND('',#247,.T.);
#151=FACE_OUTER_BOUND('',#248,.T.);
#152=FACE_OUTER_BOUND('',#249,.T.);
#153=FACE_OUTER_BOUND('',#250,.T.);
#154=FACE_OUTER_BOUND('',#251,.T.);
#155=FACE_OUTER_BOUND('',#252,.T.);
#156=FACE_OUTER_BOUND('',#254,.T.);
#157=FACE_OUTER_BOUND('',#256,.T.);
#158=FACE_OUTER_BOUND('',#257,.T.);
#159=FACE_OUTER_BOUND('',#258,.T.);
#160=FACE_OUTER_BOUND('',#259,.T.);
#161=FACE_OUTER_BOUND('',#260,.T.);
#162=FACE_OUTER_BOUND('',#261,.T.);
#163=FACE_OUTER_BOUND('',#262,.T.);
#164=FACE_OUTER_BOUND('',#263,.T.);
#165=FACE_OUTER_BOUND('',#264,.T.);
#166=FACE_OUTER_BOUND('',#265,.T.);
#167=FACE_OUTER_BOUND('',#266,.T.);
#168=FACE_OUTER_BOUND('',#268,.T.);
#169=FACE_OUTER_BOUND('',#269,.T.);
#170=FACE_OUTER_BOUND('',#270,.T.);
#171=FACE_OUTER_BOUND('',#272,.T.);
#172=FACE_OUTER_BOUND('',#273,.T.);
#173=FACE_OUTER_BOUND('',#274,.T.);
#174=FACE_OUTER_BOUND('',#276,.T.);
#175=FACE_OUTER_BOUND('',#277,.T.);
#176=FACE_OUTER_BOUND('',#278,.T.);
#177=FACE_OUTER_BOUND('',#280,.T.);
#178=FACE_OUTER_BOUND('',#281,.T.);
#179=FACE_OUTER_BOUND('',#282,.T.);
#180=FACE_OUTER_BOUND('',#288,.T.);
#181=FACE_OUTER_BOUND('',#289,.T.);
#182=FACE_OUTER_BOUND('',#290,.T.);
#183=FACE_OUTER_BOUND('',#291,.T.);
#184=FACE_OUTER_BOUND('',#292,.T.);
#185=FACE_OUTER_BOUND('',#293,.T.);
#186=FACE_OUTER_BOUND('',#294,.T.);
#187=FACE_OUTER_BOUND('',#295,.T.);
#188=FACE_OUTER_BOUND('',#296,.T.);
#189=FACE_OUTER_BOUND('',#297,.T.);
#190=FACE_OUTER_BOUND('',#298,.T.);
#191=FACE_OUTER_BOUND('',#299,.T.);
#192=FACE_OUTER_BOUND('',#300,.T.);
#193=FACE_OUTER_BOUND('',#301,.T.);
#194=FACE_OUTER_BOUND('',#303,.T.);
#195=FACE_OUTER_BOUND('',#304,.T.);
#196=FACE_OUTER_BOUND('',#306,.T.);
#197=FACE_OUTER_BOUND('',#307,.T.);
#198=FACE_OUTER_BOUND('',#308,.T.);
#199=FACE_OUTER_BOUND('',#309,.T.);
#200=FACE_OUTER_BOUND('',#310,.T.);
#201=FACE_OUTER_BOUND('',#311,.T.);
#202=FACE_OUTER_BOUND('',#312,.T.);
#203=FACE_OUTER_BOUND('',#313,.T.);
#204=FACE_OUTER_BOUND('',#314,.T.);
#205=FACE_OUTER_BOUND('',#315,.T.);
#206=FACE_OUTER_BOUND('',#316,.T.);
#207=FACE_OUTER_BOUND('',#317,.T.);
#208=FACE_OUTER_BOUND('',#318,.T.);
#209=FACE_OUTER_BOUND('',#319,.T.);
#210=FACE_OUTER_BOUND('',#320,.T.);
#211=FACE_OUTER_BOUND('',#321,.T.);
#212=EDGE_LOOP('',(#1178,#1179,#1180,#1181));
#213=EDGE_LOOP('',(#1182,#1183,#1184,#1185));
#214=EDGE_LOOP('',(#1186,#1187,#1188,#1189));
#215=EDGE_LOOP('',(#1190,#1191,#1192,#1193));
#216=EDGE_LOOP('',(#1194,#1195,#1196,#1197));
#217=EDGE_LOOP('',(#1198,#1199,#1200,#1201,#1202));
#218=EDGE_LOOP('',(#1203,#1204,#1205));
#219=EDGE_LOOP('',(#1206,#1207,#1208,#1209));
#220=EDGE_LOOP('',(#1210,#1211,#1212,#1213));
#221=EDGE_LOOP('',(#1214,#1215,#1216,#1217));
#222=EDGE_LOOP('',(#1218,#1219,#1220,#1221));
#223=EDGE_LOOP('',(#1222,#1223,#1224,#1225));
#224=EDGE_LOOP('',(#1226,#1227,#1228,#1229));
#225=EDGE_LOOP('',(#1230,#1231,#1232,#1233));
#226=EDGE_LOOP('',(#1234,#1235,#1236,#1237));
#227=EDGE_LOOP('',(#1238,#1239,#1240,#1241));
#228=EDGE_LOOP('',(#1242,#1243,#1244,#1245,#1246));
#229=EDGE_LOOP('',(#1247,#1248,#1249));
#230=EDGE_LOOP('',(#1250,#1251,#1252,#1253,#1254,#1255));
#231=EDGE_LOOP('',(#1256,#1257,#1258,#1259,#1260,#1261));
#232=EDGE_LOOP('',(#1262,#1263,#1264));
#233=EDGE_LOOP('',(#1265,#1266,#1267,#1268,#1269));
#234=EDGE_LOOP('',(#1270,#1271,#1272,#1273));
#235=EDGE_LOOP('',(#1274,#1275,#1276,#1277));
#236=EDGE_LOOP('',(#1278,#1279,#1280,#1281));
#237=EDGE_LOOP('',(#1282,#1283,#1284,#1285));
#238=EDGE_LOOP('',(#1286,#1287,#1288,#1289));
#239=EDGE_LOOP('',(#1290,#1291,#1292,#1293));
#240=EDGE_LOOP('',(#1294,#1295,#1296,#1297));
#241=EDGE_LOOP('',(#1298,#1299,#1300,#1301));
#242=EDGE_LOOP('',(#1302,#1303,#1304,#1305));
#243=EDGE_LOOP('',(#1306,#1307,#1308,#1309));
#244=EDGE_LOOP('',(#1310,#1311,#1312,#1313));
#245=EDGE_LOOP('',(#1314,#1315,#1316,#1317));
#246=EDGE_LOOP('',(#1318,#1319,#1320,#1321,#1322));
#247=EDGE_LOOP('',(#1323,#1324,#1325));
#248=EDGE_LOOP('',(#1326,#1327,#1328,#1329,#1330,#1331));
#249=EDGE_LOOP('',(#1332,#1333,#1334,#1335,#1336,#1337));
#250=EDGE_LOOP('',(#1338,#1339,#1340,#1341));
#251=EDGE_LOOP('',(#1342,#1343,#1344,#1345));
#252=EDGE_LOOP('',(#1346,#1347,#1348,#1349,#1350,#1351,#1352,#1353));
#253=EDGE_LOOP('',(#1354));
#254=EDGE_LOOP('',(#1355,#1356,#1357,#1358,#1359,#1360,#1361,#1362));
#255=EDGE_LOOP('',(#1363));
#256=EDGE_LOOP('',(#1364,#1365,#1366,#1367));
#257=EDGE_LOOP('',(#1368,#1369,#1370,#1371));
#258=EDGE_LOOP('',(#1372,#1373,#1374,#1375));
#259=EDGE_LOOP('',(#1376,#1377,#1378,#1379,#1380,#1381,#1382,#1383,#1384,
#1385,#1386,#1387));
#260=EDGE_LOOP('',(#1388,#1389,#1390,#1391,#1392,#1393,#1394,#1395,#1396,
#1397,#1398,#1399,#1400,#1401,#1402,#1403));
#261=EDGE_LOOP('',(#1404,#1405,#1406,#1407));
#262=EDGE_LOOP('',(#1408,#1409,#1410,#1411,#1412,#1413,#1414,#1415,#1416,
#1417,#1418,#1419));
#263=EDGE_LOOP('',(#1420,#1421,#1422,#1423));
#264=EDGE_LOOP('',(#1424,#1425,#1426,#1427));
#265=EDGE_LOOP('',(#1428,#1429,#1430,#1431,#1432,#1433,#1434,#1435,#1436,
#1437,#1438,#1439,#1440,#1441,#1442,#1443));
#266=EDGE_LOOP('',(#1444,#1445));
#267=EDGE_LOOP('',(#1446));
#268=EDGE_LOOP('',(#1447,#1448,#1449,#1450));
#269=EDGE_LOOP('',(#1451,#1452,#1453,#1454));
#270=EDGE_LOOP('',(#1455));
#271=EDGE_LOOP('',(#1456));
#272=EDGE_LOOP('',(#1457,#1458,#1459,#1460));
#273=EDGE_LOOP('',(#1461,#1462,#1463,#1464));
#274=EDGE_LOOP('',(#1465));
#275=EDGE_LOOP('',(#1466));
#276=EDGE_LOOP('',(#1467,#1468,#1469,#1470));
#277=EDGE_LOOP('',(#1471,#1472,#1473,#1474));
#278=EDGE_LOOP('',(#1475,#1476));
#279=EDGE_LOOP('',(#1477));
#280=EDGE_LOOP('',(#1478,#1479,#1480,#1481));
#281=EDGE_LOOP('',(#1482,#1483,#1484,#1485));
#282=EDGE_LOOP('',(#1486,#1487,#1488,#1489,#1490,#1491,#1492,#1493,#1494,
#1495,#1496,#1497,#1498,#1499,#1500,#1501,#1502,#1503,#1504,#1505,#1506,
#1507,#1508,#1509,#1510,#1511,#1512,#1513,#1514,#1515,#1516,#1517,#1518,
#1519));
#283=EDGE_LOOP('',(#1520,#1521,#1522,#1523));
#284=EDGE_LOOP('',(#1524,#1525,#1526,#1527));
#285=EDGE_LOOP('',(#1528));
#286=EDGE_LOOP('',(#1529,#1530,#1531,#1532));
#287=EDGE_LOOP('',(#1533,#1534,#1535,#1536));
#288=EDGE_LOOP('',(#1537,#1538,#1539,#1540));
#289=EDGE_LOOP('',(#1541));
#290=EDGE_LOOP('',(#1542,#1543,#1544,#1545));
#291=EDGE_LOOP('',(#1546));
#292=EDGE_LOOP('',(#1547,#1548,#1549,#1550));
#293=EDGE_LOOP('',(#1551));
#294=EDGE_LOOP('',(#1552,#1553,#1554,#1555));
#295=EDGE_LOOP('',(#1556));
#296=EDGE_LOOP('',(#1557,#1558,#1559,#1560));
#297=EDGE_LOOP('',(#1561,#1562,#1563,#1564));
#298=EDGE_LOOP('',(#1565,#1566,#1567,#1568));
#299=EDGE_LOOP('',(#1569,#1570,#1571,#1572));
#300=EDGE_LOOP('',(#1573,#1574,#1575,#1576));
#301=EDGE_LOOP('',(#1577,#1578,#1579,#1580,#1581,#1582,#1583,#1584));
#302=EDGE_LOOP('',(#1585));
#303=EDGE_LOOP('',(#1586,#1587,#1588,#1589));
#304=EDGE_LOOP('',(#1590,#1591,#1592,#1593,#1594,#1595,#1596,#1597));
#305=EDGE_LOOP('',(#1598));
#306=EDGE_LOOP('',(#1599,#1600,#1601,#1602));
#307=EDGE_LOOP('',(#1603,#1604,#1605,#1606));
#308=EDGE_LOOP('',(#1607,#1608,#1609,#1610));
#309=EDGE_LOOP('',(#1611,#1612,#1613,#1614));
#310=EDGE_LOOP('',(#1615,#1616,#1617,#1618));
#311=EDGE_LOOP('',(#1619,#1620,#1621,#1622));
#312=EDGE_LOOP('',(#1623,#1624,#1625,#1626));
#313=EDGE_LOOP('',(#1627,#1628,#1629,#1630));
#314=EDGE_LOOP('',(#1631,#1632,#1633,#1634));
#315=EDGE_LOOP('',(#1635,#1636,#1637,#1638));
#316=EDGE_LOOP('',(#1639,#1640,#1641,#1642));
#317=EDGE_LOOP('',(#1643,#1644,#1645,#1646));
#318=EDGE_LOOP('',(#1647,#1648,#1649,#1650));
#319=EDGE_LOOP('',(#1651,#1652,#1653,#1654));
#320=EDGE_LOOP('',(#1655,#1656,#1657,#1658));
#321=EDGE_LOOP('',(#1659,#1660,#1661,#1662));
#322=EDGE_LOOP('',(#1663));
#323=EDGE_LOOP('',(#1664,#1665,#1666,#1667));
#324=EDGE_LOOP('',(#1668,#1669,#1670,#1671));
#325=EDGE_LOOP('',(#1672,#1673,#1674,#1675));
#326=EDGE_LOOP('',(#1676,#1677,#1678,#1679));
#327=EDGE_LOOP('',(#1680));
#328=EDGE_LOOP('',(#1681));
#329=EDGE_LOOP('',(#1682));
#330=EDGE_LOOP('',(#1683));
#331=CIRCLE('',#1819,2.);
#332=CIRCLE('',#1820,2.);
#333=CIRCLE('',#1822,2.);
#334=CIRCLE('',#1823,2.);
#335=CIRCLE('',#1826,5.);
#336=CIRCLE('',#1827,2.);
#337=CIRCLE('',#1830,2.);
#338=CIRCLE('',#1831,5.);
#339=CIRCLE('',#1835,5.);
#340=CIRCLE('',#1838,5.);
#341=CIRCLE('',#1843,5.);
#342=CIRCLE('',#1844,2.);
#343=CIRCLE('',#1847,5.);
#344=CIRCLE('',#1848,2.);
#345=CIRCLE('',#1854,2.);
#346=CIRCLE('',#1855,5.);
#347=CIRCLE('',#1858,5.);
#348=CIRCLE('',#1859,2.);
#349=CIRCLE('',#1863,5.);
#350=CIRCLE('',#1866,5.);
#351=CIRCLE('',#1871,5.);
#352=CIRCLE('',#1872,2.);
#353=CIRCLE('',#1875,5.);
#354=CIRCLE('',#1876,2.);
#355=CIRCLE('',#1881,5.);
#356=CIRCLE('',#1884,5.);
#357=CIRCLE('',#1885,2.39999999999999);
#358=CIRCLE('',#1887,2.4);
#359=CIRCLE('',#1889,5.);
#360=CIRCLE('',#1900,2.);
#361=CIRCLE('',#1901,0.8);
#362=CIRCLE('',#1903,2.);
#363=CIRCLE('',#1905,0.8);
#364=CIRCLE('',#1907,2.);
#365=CIRCLE('',#1908,0.8);
#366=CIRCLE('',#1910,2.);
#367=CIRCLE('',#1912,0.8);
#368=CIRCLE('',#1914,2.);
#369=CIRCLE('',#1915,0.8);
#370=CIRCLE('',#1917,2.);
#371=CIRCLE('',#1919,0.8);
#372=CIRCLE('',#1921,2.);
#373=CIRCLE('',#1922,0.8);
#374=CIRCLE('',#1924,2.);
#375=CIRCLE('',#1926,0.8);
#376=CIRCLE('',#1928,43.);
#377=CIRCLE('',#1929,43.);
#378=CIRCLE('',#1930,35.);
#379=CIRCLE('',#1931,43.);
#380=CIRCLE('',#1932,43.);
#381=CIRCLE('',#1934,0.899999999999999);
#382=CIRCLE('',#1937,0.89999999999999);
#383=CIRCLE('',#1940,0.899999999999999);
#384=CIRCLE('',#1941,2.4);
#385=CIRCLE('',#1944,0.89999999999999);
#386=CIRCLE('',#1945,2.39999999999999);
#387=CIRCLE('',#1949,5.);
#388=CIRCLE('',#1957,35.);
#389=CIRCLE('',#1960,43.);
#390=CIRCLE('',#1964,43.);
#391=CIRCLE('',#1969,43.);
#392=CIRCLE('',#1973,43.);
#393=LINE('',#2488,#580);
#394=LINE('',#2492,#581);
#395=LINE('',#2497,#582);
#396=LINE('',#2501,#583);
#397=LINE('',#2506,#584);
#398=LINE('',#2508,#585);
#399=LINE('',#2510,#586);
#400=LINE('',#2511,#587);
#401=LINE('',#2516,#588);
#402=LINE('',#2520,#589);
#403=LINE('',#2522,#590);
#404=LINE('',#2523,#591);
#405=LINE('',#2533,#592);
#406=LINE('',#2536,#593);
#407=LINE('',#2537,#594);
#408=LINE('',#2540,#595);
#409=LINE('',#2542,#596);
#410=LINE('',#2543,#597);
#411=LINE('',#2546,#598);
#412=LINE('',#2550,#599);
#413=LINE('',#2551,#600);
#414=LINE('',#2554,#601);
#415=LINE('',#2558,#602);
#416=LINE('',#2559,#603);
#417=LINE('',#2563,#604);
#418=LINE('',#2565,#605);
#419=LINE('',#2567,#606);
#420=LINE('',#2568,#607);
#421=LINE('',#2572,#608);
#422=LINE('',#2574,#609);
#423=LINE('',#2576,#610);
#424=LINE('',#2577,#611);
#425=LINE('',#2581,#612);
#426=LINE('',#2587,#613);
#427=LINE('',#2588,#614);
#428=LINE('',#2589,#615);
#429=LINE('',#2597,#616);
#430=LINE('',#2602,#617);
#431=LINE('',#2603,#618);
#432=LINE('',#2606,#619);
#433=LINE('',#2607,#620);
#434=LINE('',#2610,#621);
#435=LINE('',#2611,#622);
#436=LINE('',#2615,#623);
#437=LINE('',#2617,#624);
#438=LINE('',#2618,#625);
#439=LINE('',#2627,#626);
#440=LINE('',#2632,#627);
#441=LINE('',#2633,#628);
#442=LINE('',#2634,#629);
#443=LINE('',#2638,#630);
#444=LINE('',#2644,#631);
#445=LINE('',#2645,#632);
#446=LINE('',#2646,#633);
#447=LINE('',#2649,#634);
#448=LINE('',#2651,#635);
#449=LINE('',#2652,#636);
#450=LINE('',#2655,#637);
#451=LINE('',#2659,#638);
#452=LINE('',#2660,#639);
#453=LINE('',#2663,#640);
#454=LINE('',#2667,#641);
#455=LINE('',#2668,#642);
#456=LINE('',#2672,#643);
#457=LINE('',#2674,#644);
#458=LINE('',#2676,#645);
#459=LINE('',#2677,#646);
#460=LINE('',#2681,#647);
#461=LINE('',#2683,#648);
#462=LINE('',#2685,#649);
#463=LINE('',#2686,#650);
#464=LINE('',#2690,#651);
#465=LINE('',#2696,#652);
#466=LINE('',#2697,#653);
#467=LINE('',#2698,#654);
#468=LINE('',#2706,#655);
#469=LINE('',#2711,#656);
#470=LINE('',#2712,#657);
#471=LINE('',#2715,#658);
#472=LINE('',#2716,#659);
#473=LINE('',#2719,#660);
#474=LINE('',#2720,#661);
#475=LINE('',#2723,#662);
#476=LINE('',#2726,#663);
#477=LINE('',#2729,#664);
#478=LINE('',#2730,#665);
#479=LINE('',#2733,#666);
#480=LINE('',#2735,#667);
#481=LINE('',#2737,#668);
#482=LINE('',#2739,#669);
#483=LINE('',#2741,#670);
#484=LINE('',#2747,#671);
#485=LINE('',#2749,#672);
#486=LINE('',#2750,#673);
#487=LINE('',#2755,#674);
#488=LINE('',#2758,#675);
#489=LINE('',#2761,#676);
#490=LINE('',#2762,#677);
#491=LINE('',#2766,#678);
#492=LINE('',#2768,#679);
#493=LINE('',#2770,#680);
#494=LINE('',#2771,#681);
#495=LINE('',#2774,#682);
#496=LINE('',#2776,#683);
#497=LINE('',#2778,#684);
#498=LINE('',#2780,#685);
#499=LINE('',#2781,#686);
#500=LINE('',#2782,#687);
#501=LINE('',#2783,#688);
#502=LINE('',#2784,#689);
#503=LINE('',#2785,#690);
#504=LINE('',#2787,#691);
#505=LINE('',#2788,#692);
#506=LINE('',#2790,#693);
#507=LINE('',#2792,#694);
#508=LINE('',#2793,#695);
#509=LINE('',#2796,#696);
#510=LINE('',#2797,#697);
#511=LINE('',#2800,#698);
#512=LINE('',#2802,#699);
#513=LINE('',#2803,#700);
#514=LINE('',#2805,#701);
#515=LINE('',#2807,#702);
#516=LINE('',#2808,#703);
#517=LINE('',#2810,#704);
#518=LINE('',#2812,#705);
#519=LINE('',#2814,#706);
#520=LINE('',#2815,#707);
#521=LINE('',#2818,#708);
#522=LINE('',#2820,#709);
#523=LINE('',#2821,#710);
#524=LINE('',#2823,#711);
#525=LINE('',#2824,#712);
#526=LINE('',#2826,#713);
#527=LINE('',#2827,#714);
#528=LINE('',#2828,#715);
#529=LINE('',#2829,#716);
#530=LINE('',#2838,#717);
#531=LINE('',#2848,#718);
#532=LINE('',#2858,#719);
#533=LINE('',#2868,#720);
#534=LINE('',#2871,#721);
#535=LINE('',#2873,#722);
#536=LINE('',#2874,#723);
#537=LINE('',#2875,#724);
#538=LINE('',#2877,#725);
#539=LINE('',#2880,#726);
#540=LINE('',#2882,#727);
#541=LINE('',#2885,#728);
#542=LINE('',#2890,#729);
#543=LINE('',#2892,#730);
#544=LINE('',#2895,#731);
#545=LINE('',#2898,#732);
#546=LINE('',#2900,#733);
#547=LINE('',#2903,#734);
#548=LINE('',#2906,#735);
#549=LINE('',#2911,#736);
#550=LINE('',#2918,#737);
#551=LINE('',#2925,#738);
#552=LINE('',#2930,#739);
#553=LINE('',#2931,#740);
#554=LINE('',#2935,#741);
#555=LINE('',#2937,#742);
#556=LINE('',#2942,#743);
#557=LINE('',#2947,#744);
#558=LINE('',#2950,#745);
#559=LINE('',#2951,#746);
#560=LINE('',#2955,#747);
#561=LINE('',#2957,#748);
#562=LINE('',#2960,#749);
#563=LINE('',#2962,#750);
#564=LINE('',#2963,#751);
#565=LINE('',#2967,#752);
#566=LINE('',#2970,#753);
#567=LINE('',#2971,#754);
#568=LINE('',#2973,#755);
#569=LINE('',#2976,#756);
#570=LINE('',#2978,#757);
#571=LINE('',#2979,#758);
#572=LINE('',#2983,#759);
#573=LINE('',#2986,#760);
#574=LINE('',#2987,#761);
#575=LINE('',#2989,#762);
#576=LINE('',#2992,#763);
#577=LINE('',#2995,#764);
#578=LINE('',#2997,#765);
#579=LINE('',#2999,#766);
#580=VECTOR('',#1981,2.);
#581=VECTOR('',#1984,10.);
#582=VECTOR('',#1989,2.);
#583=VECTOR('',#1992,10.);
#584=VECTOR('',#1997,10.);
#585=VECTOR('',#1998,10.);
#586=VECTOR('',#1999,10.);
#587=VECTOR('',#2000,10.);
#588=VECTOR('',#2005,10.);
#589=VECTOR('',#2010,10.);
#590=VECTOR('',#2011,10.);
#591=VECTOR('',#2012,10.);
#592=VECTOR('',#2019,10.);
#593=VECTOR('',#2022,10.);
#594=VECTOR('',#2023,10.);
#595=VECTOR('',#2026,10.);
#596=VECTOR('',#2027,10.);
#597=VECTOR('',#2028,10.);
#598=VECTOR('',#2031,10.);
#599=VECTOR('',#2036,10.);
#600=VECTOR('',#2037,10.);
#601=VECTOR('',#2040,10.);
#602=VECTOR('',#2045,10.);
#603=VECTOR('',#2046,10.);
#604=VECTOR('',#2049,10.);
#605=VECTOR('',#2050,10.);
#606=VECTOR('',#2051,10.);
#607=VECTOR('',#2052,10.);
#608=VECTOR('',#2055,10.);
#609=VECTOR('',#2056,10.);
#610=VECTOR('',#2057,10.);
#611=VECTOR('',#2058,10.);
#612=VECTOR('',#2061,10.);
#613=VECTOR('',#2068,10.);
#614=VECTOR('',#2069,10.);
#615=VECTOR('',#2070,10.);
#616=VECTOR('',#2073,10.);
#617=VECTOR('',#2080,10.);
#618=VECTOR('',#2081,10.);
#619=VECTOR('',#2084,10.);
#620=VECTOR('',#2085,10.);
#621=VECTOR('',#2088,10.);
#622=VECTOR('',#2089,10.);
#623=VECTOR('',#2092,10.);
#624=VECTOR('',#2093,10.);
#625=VECTOR('',#2094,10.);
#626=VECTOR('',#2099,10.);
#627=VECTOR('',#2104,10.);
#628=VECTOR('',#2105,10.);
#629=VECTOR('',#2106,10.);
#630=VECTOR('',#2109,10.);
#631=VECTOR('',#2116,10.);
#632=VECTOR('',#2117,10.);
#633=VECTOR('',#2118,10.);
#634=VECTOR('',#2121,10.);
#635=VECTOR('',#2122,10.);
#636=VECTOR('',#2123,10.);
#637=VECTOR('',#2126,10.);
#638=VECTOR('',#2131,10.);
#639=VECTOR('',#2132,10.);
#640=VECTOR('',#2135,10.);
#641=VECTOR('',#2140,10.);
#642=VECTOR('',#2141,10.);
#643=VECTOR('',#2144,10.);
#644=VECTOR('',#2145,10.);
#645=VECTOR('',#2146,10.);
#646=VECTOR('',#2147,10.);
#647=VECTOR('',#2150,10.);
#648=VECTOR('',#2151,10.);
#649=VECTOR('',#2152,10.);
#650=VECTOR('',#2153,10.);
#651=VECTOR('',#2156,10.);
#652=VECTOR('',#2163,10.);
#653=VECTOR('',#2164,10.);
#654=VECTOR('',#2165,10.);
#655=VECTOR('',#2168,10.);
#656=VECTOR('',#2175,10.);
#657=VECTOR('',#2176,10.);
#658=VECTOR('',#2179,10.);
#659=VECTOR('',#2180,10.);
#660=VECTOR('',#2183,10.);
#661=VECTOR('',#2184,10.);
#662=VECTOR('',#2187,10.);
#663=VECTOR('',#2190,10.);
#664=VECTOR('',#2193,10.);
#665=VECTOR('',#2194,10.);
#666=VECTOR('',#2197,10.);
#667=VECTOR('',#2198,10.);
#668=VECTOR('',#2199,10.);
#669=VECTOR('',#2200,10.);
#670=VECTOR('',#2201,10.);
#671=VECTOR('',#2208,10.);
#672=VECTOR('',#2209,10.);
#673=VECTOR('',#2210,10.);
#674=VECTOR('',#2215,10.);
#675=VECTOR('',#2218,10.);
#676=VECTOR('',#2221,10.);
#677=VECTOR('',#2222,10.);
#678=VECTOR('',#2225,10.);
#679=VECTOR('',#2226,10.);
#680=VECTOR('',#2227,10.);
#681=VECTOR('',#2228,10.);
#682=VECTOR('',#2231,10.);
#683=VECTOR('',#2232,10.);
#684=VECTOR('',#2233,10.);
#685=VECTOR('',#2234,10.);
#686=VECTOR('',#2235,10.);
#687=VECTOR('',#2236,10.);
#688=VECTOR('',#2237,10.);
#689=VECTOR('',#2238,10.);
#690=VECTOR('',#2239,10.);
#691=VECTOR('',#2242,10.);
#692=VECTOR('',#2243,10.);
#693=VECTOR('',#2244,10.);
#694=VECTOR('',#2245,10.);
#695=VECTOR('',#2246,10.);
#696=VECTOR('',#2249,10.);
#697=VECTOR('',#2250,10.);
#698=VECTOR('',#2253,10.);
#699=VECTOR('',#2254,10.);
#700=VECTOR('',#2255,10.);
#701=VECTOR('',#2256,10.);
#702=VECTOR('',#2257,10.);
#703=VECTOR('',#2258,10.);
#704=VECTOR('',#2259,10.);
#705=VECTOR('',#2260,10.);
#706=VECTOR('',#2261,10.);
#707=VECTOR('',#2262,10.);
#708=VECTOR('',#2265,10.);
#709=VECTOR('',#2266,10.);
#710=VECTOR('',#2267,10.);
#711=VECTOR('',#2270,10.);
#712=VECTOR('',#2271,10.);
#713=VECTOR('',#2274,10.);
#714=VECTOR('',#2275,10.);
#715=VECTOR('',#2276,10.);
#716=VECTOR('',#2277,10.);
#717=VECTOR('',#2290,0.8);
#718=VECTOR('',#2305,0.8);
#719=VECTOR('',#2320,0.8);
#720=VECTOR('',#2335,0.8);
#721=VECTOR('',#2340,10.);
#722=VECTOR('',#2341,10.);
#723=VECTOR('',#2342,10.);
#724=VECTOR('',#2343,10.);
#725=VECTOR('',#2344,10.);
#726=VECTOR('',#2347,10.);
#727=VECTOR('',#2348,10.);
#728=VECTOR('',#2351,10.);
#729=VECTOR('',#2354,10.);
#730=VECTOR('',#2355,10.);
#731=VECTOR('',#2358,10.);
#732=VECTOR('',#2359,10.);
#733=VECTOR('',#2360,10.);
#734=VECTOR('',#2363,10.);
#735=VECTOR('',#2366,1.65);
#736=VECTOR('',#2373,1.64999999999999);
#737=VECTOR('',#2382,1.65);
#738=VECTOR('',#2391,1.64999999999999);
#739=VECTOR('',#2398,10.);
#740=VECTOR('',#2399,10.);
#741=VECTOR('',#2404,10.);
#742=VECTOR('',#2407,10.);
#743=VECTOR('',#2416,10.);
#744=VECTOR('',#2423,35.);
#745=VECTOR('',#2426,10.);
#746=VECTOR('',#2427,10.);
#747=VECTOR('',#2432,10.);
#748=VECTOR('',#2435,10.);
#749=VECTOR('',#2438,10.);
#750=VECTOR('',#2439,10.);
#751=VECTOR('',#2440,10.);
#752=VECTOR('',#2445,10.);
#753=VECTOR('',#2448,10.);
#754=VECTOR('',#2449,10.);
#755=VECTOR('',#2452,10.);
#756=VECTOR('',#2455,10.);
#757=VECTOR('',#2456,10.);
#758=VECTOR('',#2457,10.);
#759=VECTOR('',#2462,10.);
#760=VECTOR('',#2465,10.);
#761=VECTOR('',#2466,10.);
#762=VECTOR('',#2469,10.);
#763=VECTOR('',#2472,10.);
#764=VECTOR('',#2475,10.);
#765=VECTOR('',#2478,10.);
#766=VECTOR('',#2481,10.);
#767=VERTEX_POINT('',#2486);
#768=VERTEX_POINT('',#2487);
#769=VERTEX_POINT('',#2489);
#770=VERTEX_POINT('',#2491);
#771=VERTEX_POINT('',#2495);
#772=VERTEX_POINT('',#2496);
#773=VERTEX_POINT('',#2498);
#774=VERTEX_POINT('',#2500);
#775=VERTEX_POINT('',#2504);
#776=VERTEX_POINT('',#2505);
#777=VERTEX_POINT('',#2507);
#778=VERTEX_POINT('',#2509);
#779=VERTEX_POINT('',#2513);
#780=VERTEX_POINT('',#2515);
#781=VERTEX_POINT('',#2519);
#782=VERTEX_POINT('',#2521);
#783=VERTEX_POINT('',#2525);
#784=VERTEX_POINT('',#2526);
#785=VERTEX_POINT('',#2531);
#786=VERTEX_POINT('',#2535);
#787=VERTEX_POINT('',#2539);
#788=VERTEX_POINT('',#2541);
#789=VERTEX_POINT('',#2545);
#790=VERTEX_POINT('',#2549);
#791=VERTEX_POINT('',#2553);
#792=VERTEX_POINT('',#2557);
#793=VERTEX_POINT('',#2561);
#794=VERTEX_POINT('',#2562);
#795=VERTEX_POINT('',#2564);
#796=VERTEX_POINT('',#2566);
#797=VERTEX_POINT('',#2570);
#798=VERTEX_POINT('',#2571);
#799=VERTEX_POINT('',#2573);
#800=VERTEX_POINT('',#2575);
#801=VERTEX_POINT('',#2579);
#802=VERTEX_POINT('',#2580);
#803=VERTEX_POINT('',#2585);
#804=VERTEX_POINT('',#2586);
#805=VERTEX_POINT('',#2591);
#806=VERTEX_POINT('',#2592);
#807=VERTEX_POINT('',#2596);
#808=VERTEX_POINT('',#2601);
#809=VERTEX_POINT('',#2605);
#810=VERTEX_POINT('',#2609);
#811=VERTEX_POINT('',#2613);
#812=VERTEX_POINT('',#2614);
#813=VERTEX_POINT('',#2616);
#814=VERTEX_POINT('',#2620);
#815=VERTEX_POINT('',#2624);
#816=VERTEX_POINT('',#2626);
#817=VERTEX_POINT('',#2630);
#818=VERTEX_POINT('',#2631);
#819=VERTEX_POINT('',#2636);
#820=VERTEX_POINT('',#2637);
#821=VERTEX_POINT('',#2642);
#822=VERTEX_POINT('',#2643);
#823=VERTEX_POINT('',#2648);
#824=VERTEX_POINT('',#2650);
#825=VERTEX_POINT('',#2654);
#826=VERTEX_POINT('',#2658);
#827=VERTEX_POINT('',#2662);
#828=VERTEX_POINT('',#2666);
#829=VERTEX_POINT('',#2670);
#830=VERTEX_POINT('',#2671);
#831=VERTEX_POINT('',#2673);
#832=VERTEX_POINT('',#2675);
#833=VERTEX_POINT('',#2679);
#834=VERTEX_POINT('',#2680);
#835=VERTEX_POINT('',#2682);
#836=VERTEX_POINT('',#2684);
#837=VERTEX_POINT('',#2688);
#838=VERTEX_POINT('',#2689);
#839=VERTEX_POINT('',#2694);
#840=VERTEX_POINT('',#2695);
#841=VERTEX_POINT('',#2700);
#842=VERTEX_POINT('',#2701);
#843=VERTEX_POINT('',#2705);
#844=VERTEX_POINT('',#2710);
#845=VERTEX_POINT('',#2714);
#846=VERTEX_POINT('',#2718);
#847=VERTEX_POINT('',#2722);
#848=VERTEX_POINT('',#2724);
#849=VERTEX_POINT('',#2728);
#850=VERTEX_POINT('',#2732);
#851=VERTEX_POINT('',#2734);
#852=VERTEX_POINT('',#2736);
#853=VERTEX_POINT('',#2738);
#854=VERTEX_POINT('',#2740);
#855=VERTEX_POINT('',#2743);
#856=VERTEX_POINT('',#2746);
#857=VERTEX_POINT('',#2748);
#858=VERTEX_POINT('',#2751);
#859=VERTEX_POINT('',#2754);
#860=VERTEX_POINT('',#2756);
#861=VERTEX_POINT('',#2760);
#862=VERTEX_POINT('',#2764);
#863=VERTEX_POINT('',#2765);
#864=VERTEX_POINT('',#2767);
#865=VERTEX_POINT('',#2769);
#866=VERTEX_POINT('',#2773);
#867=VERTEX_POINT('',#2775);
#868=VERTEX_POINT('',#2777);
#869=VERTEX_POINT('',#2779);
#870=VERTEX_POINT('',#2789);
#871=VERTEX_POINT('',#2791);
#872=VERTEX_POINT('',#2795);
#873=VERTEX_POINT('',#2799);
#874=VERTEX_POINT('',#2801);
#875=VERTEX_POINT('',#2804);
#876=VERTEX_POINT('',#2806);
#877=VERTEX_POINT('',#2809);
#878=VERTEX_POINT('',#2811);
#879=VERTEX_POINT('',#2813);
#880=VERTEX_POINT('',#2817);
#881=VERTEX_POINT('',#2819);
#882=VERTEX_POINT('',#2832);
#883=VERTEX_POINT('',#2837);
#884=VERTEX_POINT('',#2842);
#885=VERTEX_POINT('',#2847);
#886=VERTEX_POINT('',#2852);
#887=VERTEX_POINT('',#2857);
#888=VERTEX_POINT('',#2862);
#889=VERTEX_POINT('',#2867);
#890=VERTEX_POINT('',#2872);
#891=VERTEX_POINT('',#2876);
#892=VERTEX_POINT('',#2878);
#893=VERTEX_POINT('',#2881);
#894=VERTEX_POINT('',#2883);
#895=VERTEX_POINT('',#2886);
#896=VERTEX_POINT('',#2888);
#897=VERTEX_POINT('',#2889);
#898=VERTEX_POINT('',#2891);
#899=VERTEX_POINT('',#2893);
#900=VERTEX_POINT('',#2896);
#901=VERTEX_POINT('',#2897);
#902=VERTEX_POINT('',#2899);
#903=VERTEX_POINT('',#2901);
#904=VERTEX_POINT('',#2905);
#905=VERTEX_POINT('',#2910);
#906=VERTEX_POINT('',#2915);
#907=VERTEX_POINT('',#2917);
#908=VERTEX_POINT('',#2922);
#909=VERTEX_POINT('',#2924);
#910=VERTEX_POINT('',#2929);
#911=VERTEX_POINT('',#2933);
#912=VERTEX_POINT('',#2945);
#913=VERTEX_POINT('',#2949);
#914=VERTEX_POINT('',#2953);
#915=VERTEX_POINT('',#2959);
#916=VERTEX_POINT('',#2961);
#917=VERTEX_POINT('',#2965);
#918=VERTEX_POINT('',#2969);
#919=VERTEX_POINT('',#2975);
#920=VERTEX_POINT('',#2977);
#921=VERTEX_POINT('',#2981);
#922=VERTEX_POINT('',#2985);
#923=VERTEX_POINT('',#2991);
#924=VERTEX_POINT('',#2993);
#925=EDGE_CURVE('',#767,#768,#393,.T.);
#926=EDGE_CURVE('',#769,#767,#331,.T.);
#927=EDGE_CURVE('',#769,#770,#394,.T.);
#928=EDGE_CURVE('',#770,#768,#332,.T.);
#929=EDGE_CURVE('',#771,#772,#395,.T.);
#930=EDGE_CURVE('',#773,#771,#333,.T.);
#931=EDGE_CURVE('',#773,#774,#396,.T.);
#932=EDGE_CURVE('',#774,#772,#334,.T.);
#933=EDGE_CURVE('',#775,#776,#397,.F.);
#934=EDGE_CURVE('',#776,#777,#398,.T.);
#935=EDGE_CURVE('',#777,#778,#399,.T.);
#936=EDGE_CURVE('',#778,#775,#400,.T.);
#937=EDGE_CURVE('',#777,#779,#335,.T.);
#938=EDGE_CURVE('',#779,#780,#401,.T.);
#939=EDGE_CURVE('',#780,#778,#336,.T.);
#940=EDGE_CURVE('',#779,#781,#402,.T.);
#941=EDGE_CURVE('',#781,#782,#403,.T.);
#942=EDGE_CURVE('',#782,#780,#404,.T.);
#943=EDGE_CURVE('',#783,#784,#37,.T.);
#944=EDGE_CURVE('',#783,#782,#337,.T.);
#945=EDGE_CURVE('',#781,#785,#338,.T.);
#946=EDGE_CURVE('',#785,#784,#405,.T.);
#947=EDGE_CURVE('',#784,#786,#406,.T.);
#948=EDGE_CURVE('',#785,#786,#407,.T.);
#949=EDGE_CURVE('',#787,#785,#408,.T.);
#950=EDGE_CURVE('',#788,#787,#409,.F.);
#951=EDGE_CURVE('',#788,#786,#410,.F.);
#952=EDGE_CURVE('',#781,#789,#411,.T.);
#953=EDGE_CURVE('',#789,#787,#339,.T.);
#954=EDGE_CURVE('',#790,#779,#412,.T.);
#955=EDGE_CURVE('',#790,#789,#413,.T.);
#956=EDGE_CURVE('',#777,#791,#414,.T.);
#957=EDGE_CURVE('',#791,#790,#340,.T.);
#958=EDGE_CURVE('',#792,#776,#415,.T.);
#959=EDGE_CURVE('',#792,#791,#416,.T.);
#960=EDGE_CURVE('',#793,#794,#417,.T.);
#961=EDGE_CURVE('',#793,#795,#418,.T.);
#962=EDGE_CURVE('',#796,#795,#419,.T.);
#963=EDGE_CURVE('',#794,#796,#420,.T.);
#964=EDGE_CURVE('',#797,#798,#421,.T.);
#965=EDGE_CURVE('',#797,#799,#422,.T.);
#966=EDGE_CURVE('',#799,#800,#423,.T.);
#967=EDGE_CURVE('',#800,#798,#424,.T.);
#968=EDGE_CURVE('',#801,#802,#425,.T.);
#969=EDGE_CURVE('',#802,#800,#341,.T.);
#970=EDGE_CURVE('',#799,#801,#342,.T.);
#971=EDGE_CURVE('',#803,#804,#426,.T.);
#972=EDGE_CURVE('',#804,#802,#427,.T.);
#973=EDGE_CURVE('',#801,#803,#428,.T.);
#974=EDGE_CURVE('',#805,#806,#38,.F.);
#975=EDGE_CURVE('',#806,#807,#429,.T.);
#976=EDGE_CURVE('',#807,#804,#343,.T.);
#977=EDGE_CURVE('',#803,#805,#344,.T.);
#978=EDGE_CURVE('',#806,#808,#430,.F.);
#979=EDGE_CURVE('',#808,#807,#431,.T.);
#980=EDGE_CURVE('',#809,#783,#432,.T.);
#981=EDGE_CURVE('',#775,#809,#433,.T.);
#982=EDGE_CURVE('',#805,#810,#434,.T.);
#983=EDGE_CURVE('',#810,#797,#435,.T.);
#984=EDGE_CURVE('',#811,#812,#436,.T.);
#985=EDGE_CURVE('',#811,#813,#437,.T.);
#986=EDGE_CURVE('',#813,#812,#438,.T.);
#987=EDGE_CURVE('',#814,#811,#39,.T.);
#988=EDGE_CURVE('',#814,#815,#345,.T.);
#989=EDGE_CURVE('',#815,#816,#439,.T.);
#990=EDGE_CURVE('',#816,#813,#346,.T.);
#991=EDGE_CURVE('',#817,#818,#440,.T.);
#992=EDGE_CURVE('',#818,#816,#441,.T.);
#993=EDGE_CURVE('',#815,#817,#442,.T.);
#994=EDGE_CURVE('',#819,#820,#443,.T.);
#995=EDGE_CURVE('',#820,#818,#347,.T.);
#996=EDGE_CURVE('',#817,#819,#348,.T.);
#997=EDGE_CURVE('',#821,#822,#444,.F.);
#998=EDGE_CURVE('',#822,#820,#445,.T.);
#999=EDGE_CURVE('',#819,#821,#446,.T.);
#1000=EDGE_CURVE('',#823,#813,#447,.T.);
#1001=EDGE_CURVE('',#823,#824,#448,.T.);
#1002=EDGE_CURVE('',#824,#812,#449,.F.);
#1003=EDGE_CURVE('',#816,#825,#450,.T.);
#1004=EDGE_CURVE('',#825,#823,#349,.T.);
#1005=EDGE_CURVE('',#826,#818,#451,.T.);
#1006=EDGE_CURVE('',#826,#825,#452,.T.);
#1007=EDGE_CURVE('',#820,#827,#453,.T.);
#1008=EDGE_CURVE('',#827,#826,#350,.T.);
#1009=EDGE_CURVE('',#828,#822,#454,.T.);
#1010=EDGE_CURVE('',#828,#827,#455,.T.);
#1011=EDGE_CURVE('',#829,#830,#456,.T.);
#1012=EDGE_CURVE('',#829,#831,#457,.T.);
#1013=EDGE_CURVE('',#832,#831,#458,.T.);
#1014=EDGE_CURVE('',#830,#832,#459,.T.);
#1015=EDGE_CURVE('',#833,#834,#460,.T.);
#1016=EDGE_CURVE('',#833,#835,#461,.T.);
#1017=EDGE_CURVE('',#835,#836,#462,.T.);
#1018=EDGE_CURVE('',#836,#834,#463,.T.);
#1019=EDGE_CURVE('',#837,#838,#464,.T.);
#1020=EDGE_CURVE('',#838,#836,#351,.T.);
#1021=EDGE_CURVE('',#835,#837,#352,.T.);
#1022=EDGE_CURVE('',#839,#840,#465,.T.);
#1023=EDGE_CURVE('',#840,#838,#466,.T.);
#1024=EDGE_CURVE('',#837,#839,#467,.T.);
#1025=EDGE_CURVE('',#841,#842,#40,.F.);
#1026=EDGE_CURVE('',#842,#843,#468,.T.);
#1027=EDGE_CURVE('',#843,#840,#353,.T.);
#1028=EDGE_CURVE('',#839,#841,#354,.T.);
#1029=EDGE_CURVE('',#842,#844,#469,.F.);
#1030=EDGE_CURVE('',#844,#843,#470,.T.);
#1031=EDGE_CURVE('',#845,#814,#471,.T.);
#1032=EDGE_CURVE('',#821,#845,#472,.T.);
#1033=EDGE_CURVE('',#841,#846,#473,.T.);
#1034=EDGE_CURVE('',#846,#833,#474,.T.);
#1035=EDGE_CURVE('',#843,#847,#475,.T.);
#1036=EDGE_CURVE('',#847,#848,#355,.T.);
#1037=EDGE_CURVE('',#848,#840,#476,.T.);
#1038=EDGE_CURVE('',#848,#849,#477,.T.);
#1039=EDGE_CURVE('',#838,#849,#478,.T.);
#1040=EDGE_CURVE('',#847,#850,#479,.F.);
#1041=EDGE_CURVE('',#850,#851,#480,.F.);
#1042=EDGE_CURVE('',#852,#851,#481,.F.);
#1043=EDGE_CURVE('',#853,#852,#482,.T.);
#1044=EDGE_CURVE('',#853,#854,#483,.T.);
#1045=EDGE_CURVE('',#849,#854,#356,.T.);
#1046=EDGE_CURVE('',#855,#855,#357,.T.);
#1047=EDGE_CURVE('',#856,#828,#484,.T.);
#1048=EDGE_CURVE('',#857,#856,#485,.F.);
#1049=EDGE_CURVE('',#857,#824,#486,.F.);
#1050=EDGE_CURVE('',#858,#858,#358,.T.);
#1051=EDGE_CURVE('',#807,#859,#487,.T.);
#1052=EDGE_CURVE('',#859,#860,#359,.T.);
#1053=EDGE_CURVE('',#860,#804,#488,.T.);
#1054=EDGE_CURVE('',#861,#808,#489,.T.);
#1055=EDGE_CURVE('',#861,#859,#490,.T.);
#1056=EDGE_CURVE('',#862,#863,#491,.T.);
#1057=EDGE_CURVE('',#863,#864,#492,.T.);
#1058=EDGE_CURVE('',#864,#865,#493,.F.);
#1059=EDGE_CURVE('',#865,#862,#494,.T.);
#1060=EDGE_CURVE('',#866,#862,#495,.T.);
#1061=EDGE_CURVE('',#867,#866,#496,.T.);
#1062=EDGE_CURVE('',#868,#867,#497,.T.);
#1063=EDGE_CURVE('',#869,#868,#498,.T.);
#1064=EDGE_CURVE('',#773,#869,#499,.T.);
#1065=EDGE_CURVE('',#773,#774,#500,.T.);
#1066=EDGE_CURVE('',#769,#773,#501,.T.);
#1067=EDGE_CURVE('',#769,#770,#502,.T.);
#1068=EDGE_CURVE('',#863,#769,#503,.T.);
#1069=EDGE_CURVE('',#861,#865,#504,.F.);
#1070=EDGE_CURVE('',#810,#845,#505,.T.);
#1071=EDGE_CURVE('',#870,#857,#506,.T.);
#1072=EDGE_CURVE('',#870,#871,#507,.T.);
#1073=EDGE_CURVE('',#866,#871,#508,.T.);
#1074=EDGE_CURVE('',#872,#870,#509,.T.);
#1075=EDGE_CURVE('',#856,#872,#510,.T.);
#1076=EDGE_CURVE('',#873,#872,#511,.T.);
#1077=EDGE_CURVE('',#873,#874,#512,.T.);
#1078=EDGE_CURVE('',#873,#874,#513,.T.);
#1079=EDGE_CURVE('',#875,#873,#514,.T.);
#1080=EDGE_CURVE('',#875,#876,#515,.T.);
#1081=EDGE_CURVE('',#875,#876,#516,.T.);
#1082=EDGE_CURVE('',#877,#875,#517,.T.);
#1083=EDGE_CURVE('',#878,#877,#518,.T.);
#1084=EDGE_CURVE('',#879,#878,#519,.T.);
#1085=EDGE_CURVE('',#871,#879,#520,.T.);
#1086=EDGE_CURVE('',#868,#880,#521,.T.);
#1087=EDGE_CURVE('',#880,#881,#522,.F.);
#1088=EDGE_CURVE('',#881,#869,#523,.T.);
#1089=EDGE_CURVE('',#877,#852,#524,.T.);
#1090=EDGE_CURVE('',#851,#878,#525,.T.);
#1091=EDGE_CURVE('',#879,#867,#526,.T.);
#1092=EDGE_CURVE('',#850,#844,#527,.T.);
#1093=EDGE_CURVE('',#846,#809,#528,.T.);
#1094=EDGE_CURVE('',#880,#788,#529,.F.);
#1095=EDGE_CURVE('',#772,#774,#360,.T.);
#1096=EDGE_CURVE('',#882,#882,#361,.T.);
#1097=EDGE_CURVE('',#771,#773,#362,.T.);
#1098=EDGE_CURVE('',#882,#883,#530,.T.);
#1099=EDGE_CURVE('',#883,#883,#363,.T.);
#1100=EDGE_CURVE('',#874,#874,#364,.T.);
#1101=EDGE_CURVE('',#884,#884,#365,.T.);
#1102=EDGE_CURVE('',#873,#873,#366,.T.);
#1103=EDGE_CURVE('',#884,#885,#531,.T.);
#1104=EDGE_CURVE('',#885,#885,#367,.T.);
#1105=EDGE_CURVE('',#876,#876,#368,.T.);
#1106=EDGE_CURVE('',#886,#886,#369,.T.);
#1107=EDGE_CURVE('',#875,#875,#370,.T.);
#1108=EDGE_CURVE('',#886,#887,#532,.T.);
#1109=EDGE_CURVE('',#887,#887,#371,.T.);
#1110=EDGE_CURVE('',#768,#770,#372,.T.);
#1111=EDGE_CURVE('',#888,#888,#373,.T.);
#1112=EDGE_CURVE('',#767,#769,#374,.T.);
#1113=EDGE_CURVE('',#888,#889,#533,.T.);
#1114=EDGE_CURVE('',#889,#889,#375,.T.);
#1115=EDGE_CURVE('',#834,#853,#534,.T.);
#1116=EDGE_CURVE('',#798,#890,#535,.T.);
#1117=EDGE_CURVE('',#890,#864,#536,.T.);
#1118=EDGE_CURVE('',#881,#792,#537,.T.);
#1119=EDGE_CURVE('',#891,#794,#538,.T.);
#1120=EDGE_CURVE('',#892,#891,#376,.T.);
#1121=EDGE_CURVE('',#793,#892,#539,.T.);
#1122=EDGE_CURVE('',#893,#830,#540,.T.);
#1123=EDGE_CURVE('',#894,#893,#377,.T.);
#1124=EDGE_CURVE('',#829,#894,#541,.T.);
#1125=EDGE_CURVE('',#895,#895,#378,.T.);
#1126=EDGE_CURVE('',#896,#897,#542,.T.);
#1127=EDGE_CURVE('',#898,#896,#543,.T.);
#1128=EDGE_CURVE('',#899,#898,#379,.T.);
#1129=EDGE_CURVE('',#897,#899,#544,.T.);
#1130=EDGE_CURVE('',#900,#901,#545,.T.);
#1131=EDGE_CURVE('',#902,#900,#546,.T.);
#1132=EDGE_CURVE('',#903,#902,#380,.T.);
#1133=EDGE_CURVE('',#901,#903,#547,.T.);
#1134=EDGE_CURVE('',#858,#904,#548,.T.);
#1135=EDGE_CURVE('',#904,#904,#381,.T.);
#1136=EDGE_CURVE('',#855,#905,#549,.T.);
#1137=EDGE_CURVE('',#905,#905,#382,.T.);
#1138=EDGE_CURVE('',#906,#906,#383,.T.);
#1139=EDGE_CURVE('',#906,#907,#550,.T.);
#1140=EDGE_CURVE('',#907,#907,#384,.T.);
#1141=EDGE_CURVE('',#908,#908,#385,.T.);
#1142=EDGE_CURVE('',#908,#909,#551,.T.);
#1143=EDGE_CURVE('',#909,#909,#386,.T.);
#1144=EDGE_CURVE('',#860,#910,#552,.T.);
#1145=EDGE_CURVE('',#802,#910,#553,.T.);
#1146=EDGE_CURVE('',#910,#911,#387,.T.);
#1147=EDGE_CURVE('',#911,#800,#554,.T.);
#1148=EDGE_CURVE('',#854,#836,#555,.T.);
#1149=EDGE_CURVE('',#890,#911,#556,.T.);
#1150=EDGE_CURVE('',#912,#912,#388,.T.);
#1151=EDGE_CURVE('',#912,#895,#557,.T.);
#1152=EDGE_CURVE('',#913,#832,#558,.T.);
#1153=EDGE_CURVE('',#893,#913,#559,.T.);
#1154=EDGE_CURVE('',#914,#913,#389,.T.);
#1155=EDGE_CURVE('',#894,#914,#560,.T.);
#1156=EDGE_CURVE('',#831,#914,#561,.T.);
#1157=EDGE_CURVE('',#896,#915,#562,.T.);
#1158=EDGE_CURVE('',#916,#915,#563,.T.);
#1159=EDGE_CURVE('',#898,#916,#564,.T.);
#1160=EDGE_CURVE('',#917,#916,#390,.T.);
#1161=EDGE_CURVE('',#899,#917,#565,.T.);
#1162=EDGE_CURVE('',#918,#917,#566,.T.);
#1163=EDGE_CURVE('',#897,#918,#567,.T.);
#1164=EDGE_CURVE('',#915,#918,#568,.T.);
#1165=EDGE_CURVE('',#900,#919,#569,.T.);
#1166=EDGE_CURVE('',#920,#919,#570,.T.);
#1167=EDGE_CURVE('',#902,#920,#571,.T.);
#1168=EDGE_CURVE('',#921,#920,#391,.T.);
#1169=EDGE_CURVE('',#903,#921,#572,.T.);
#1170=EDGE_CURVE('',#922,#921,#573,.T.);
#1171=EDGE_CURVE('',#901,#922,#574,.T.);
#1172=EDGE_CURVE('',#919,#922,#575,.T.);
#1173=EDGE_CURVE('',#891,#923,#576,.T.);
#1174=EDGE_CURVE('',#924,#923,#392,.T.);
#1175=EDGE_CURVE('',#892,#924,#577,.T.);
#1176=EDGE_CURVE('',#795,#924,#578,.T.);
#1177=EDGE_CURVE('',#923,#796,#579,.T.);
#1178=ORIENTED_EDGE('',*,*,#925,.F.);
#1179=ORIENTED_EDGE('',*,*,#926,.F.);
#1180=ORIENTED_EDGE('',*,*,#927,.T.);
#1181=ORIENTED_EDGE('',*,*,#928,.T.);
#1182=ORIENTED_EDGE('',*,*,#929,.F.);
#1183=ORIENTED_EDGE('',*,*,#930,.F.);
#1184=ORIENTED_EDGE('',*,*,#931,.T.);
#1185=ORIENTED_EDGE('',*,*,#932,.T.);
#1186=ORIENTED_EDGE('',*,*,#933,.T.);
#1187=ORIENTED_EDGE('',*,*,#934,.T.);
#1188=ORIENTED_EDGE('',*,*,#935,.T.);
#1189=ORIENTED_EDGE('',*,*,#936,.T.);
#1190=ORIENTED_EDGE('',*,*,#935,.F.);
#1191=ORIENTED_EDGE('',*,*,#937,.T.);
#1192=ORIENTED_EDGE('',*,*,#938,.T.);
#1193=ORIENTED_EDGE('',*,*,#939,.T.);
#1194=ORIENTED_EDGE('',*,*,#938,.F.);
#1195=ORIENTED_EDGE('',*,*,#940,.T.);
#1196=ORIENTED_EDGE('',*,*,#941,.T.);
#1197=ORIENTED_EDGE('',*,*,#942,.T.);
#1198=ORIENTED_EDGE('',*,*,#943,.F.);
#1199=ORIENTED_EDGE('',*,*,#944,.T.);
#1200=ORIENTED_EDGE('',*,*,#941,.F.);
#1201=ORIENTED_EDGE('',*,*,#945,.T.);
#1202=ORIENTED_EDGE('',*,*,#946,.T.);
#1203=ORIENTED_EDGE('',*,*,#947,.F.);
#1204=ORIENTED_EDGE('',*,*,#946,.F.);
#1205=ORIENTED_EDGE('',*,*,#948,.T.);
#1206=ORIENTED_EDGE('',*,*,#948,.F.);
#1207=ORIENTED_EDGE('',*,*,#949,.F.);
#1208=ORIENTED_EDGE('',*,*,#950,.F.);
#1209=ORIENTED_EDGE('',*,*,#951,.T.);
#1210=ORIENTED_EDGE('',*,*,#945,.F.);
#1211=ORIENTED_EDGE('',*,*,#952,.T.);
#1212=ORIENTED_EDGE('',*,*,#953,.T.);
#1213=ORIENTED_EDGE('',*,*,#949,.T.);
#1214=ORIENTED_EDGE('',*,*,#940,.F.);
#1215=ORIENTED_EDGE('',*,*,#954,.F.);
#1216=ORIENTED_EDGE('',*,*,#955,.T.);
#1217=ORIENTED_EDGE('',*,*,#952,.F.);
#1218=ORIENTED_EDGE('',*,*,#937,.F.);
#1219=ORIENTED_EDGE('',*,*,#956,.T.);
#1220=ORIENTED_EDGE('',*,*,#957,.T.);
#1221=ORIENTED_EDGE('',*,*,#954,.T.);
#1222=ORIENTED_EDGE('',*,*,#934,.F.);
#1223=ORIENTED_EDGE('',*,*,#958,.F.);
#1224=ORIENTED_EDGE('',*,*,#959,.T.);
#1225=ORIENTED_EDGE('',*,*,#956,.F.);
#1226=ORIENTED_EDGE('',*,*,#960,.F.);
#1227=ORIENTED_EDGE('',*,*,#961,.T.);
#1228=ORIENTED_EDGE('',*,*,#962,.F.);
#1229=ORIENTED_EDGE('',*,*,#963,.F.);
#1230=ORIENTED_EDGE('',*,*,#964,.F.);
#1231=ORIENTED_EDGE('',*,*,#965,.T.);
#1232=ORIENTED_EDGE('',*,*,#966,.T.);
#1233=ORIENTED_EDGE('',*,*,#967,.T.);
#1234=ORIENTED_EDGE('',*,*,#968,.T.);
#1235=ORIENTED_EDGE('',*,*,#969,.T.);
#1236=ORIENTED_EDGE('',*,*,#966,.F.);
#1237=ORIENTED_EDGE('',*,*,#970,.T.);
#1238=ORIENTED_EDGE('',*,*,#971,.T.);
#1239=ORIENTED_EDGE('',*,*,#972,.T.);
#1240=ORIENTED_EDGE('',*,*,#968,.F.);
#1241=ORIENTED_EDGE('',*,*,#973,.T.);
#1242=ORIENTED_EDGE('',*,*,#974,.T.);
#1243=ORIENTED_EDGE('',*,*,#975,.T.);
#1244=ORIENTED_EDGE('',*,*,#976,.T.);
#1245=ORIENTED_EDGE('',*,*,#971,.F.);
#1246=ORIENTED_EDGE('',*,*,#977,.T.);
#1247=ORIENTED_EDGE('',*,*,#978,.T.);
#1248=ORIENTED_EDGE('',*,*,#979,.T.);
#1249=ORIENTED_EDGE('',*,*,#975,.F.);
#1250=ORIENTED_EDGE('',*,*,#980,.F.);
#1251=ORIENTED_EDGE('',*,*,#981,.F.);
#1252=ORIENTED_EDGE('',*,*,#936,.F.);
#1253=ORIENTED_EDGE('',*,*,#939,.F.);
#1254=ORIENTED_EDGE('',*,*,#942,.F.);
#1255=ORIENTED_EDGE('',*,*,#944,.F.);
#1256=ORIENTED_EDGE('',*,*,#982,.F.);
#1257=ORIENTED_EDGE('',*,*,#977,.F.);
#1258=ORIENTED_EDGE('',*,*,#973,.F.);
#1259=ORIENTED_EDGE('',*,*,#970,.F.);
#1260=ORIENTED_EDGE('',*,*,#965,.F.);
#1261=ORIENTED_EDGE('',*,*,#983,.F.);
#1262=ORIENTED_EDGE('',*,*,#984,.F.);
#1263=ORIENTED_EDGE('',*,*,#985,.T.);
#1264=ORIENTED_EDGE('',*,*,#986,.T.);
#1265=ORIENTED_EDGE('',*,*,#987,.F.);
#1266=ORIENTED_EDGE('',*,*,#988,.T.);
#1267=ORIENTED_EDGE('',*,*,#989,.T.);
#1268=ORIENTED_EDGE('',*,*,#990,.T.);
#1269=ORIENTED_EDGE('',*,*,#985,.F.);
#1270=ORIENTED_EDGE('',*,*,#991,.T.);
#1271=ORIENTED_EDGE('',*,*,#992,.T.);
#1272=ORIENTED_EDGE('',*,*,#989,.F.);
#1273=ORIENTED_EDGE('',*,*,#993,.T.);
#1274=ORIENTED_EDGE('',*,*,#994,.T.);
#1275=ORIENTED_EDGE('',*,*,#995,.T.);
#1276=ORIENTED_EDGE('',*,*,#991,.F.);
#1277=ORIENTED_EDGE('',*,*,#996,.T.);
#1278=ORIENTED_EDGE('',*,*,#997,.T.);
#1279=ORIENTED_EDGE('',*,*,#998,.T.);
#1280=ORIENTED_EDGE('',*,*,#994,.F.);
#1281=ORIENTED_EDGE('',*,*,#999,.T.);
#1282=ORIENTED_EDGE('',*,*,#986,.F.);
#1283=ORIENTED_EDGE('',*,*,#1000,.F.);
#1284=ORIENTED_EDGE('',*,*,#1001,.T.);
#1285=ORIENTED_EDGE('',*,*,#1002,.T.);
#1286=ORIENTED_EDGE('',*,*,#990,.F.);
#1287=ORIENTED_EDGE('',*,*,#1003,.T.);
#1288=ORIENTED_EDGE('',*,*,#1004,.T.);
#1289=ORIENTED_EDGE('',*,*,#1000,.T.);
#1290=ORIENTED_EDGE('',*,*,#992,.F.);
#1291=ORIENTED_EDGE('',*,*,#1005,.F.);
#1292=ORIENTED_EDGE('',*,*,#1006,.T.);
#1293=ORIENTED_EDGE('',*,*,#1003,.F.);
#1294=ORIENTED_EDGE('',*,*,#995,.F.);
#1295=ORIENTED_EDGE('',*,*,#1007,.T.);
#1296=ORIENTED_EDGE('',*,*,#1008,.T.);
#1297=ORIENTED_EDGE('',*,*,#1005,.T.);
#1298=ORIENTED_EDGE('',*,*,#998,.F.);
#1299=ORIENTED_EDGE('',*,*,#1009,.F.);
#1300=ORIENTED_EDGE('',*,*,#1010,.T.);
#1301=ORIENTED_EDGE('',*,*,#1007,.F.);
#1302=ORIENTED_EDGE('',*,*,#1011,.F.);
#1303=ORIENTED_EDGE('',*,*,#1012,.T.);
#1304=ORIENTED_EDGE('',*,*,#1013,.F.);
#1305=ORIENTED_EDGE('',*,*,#1014,.F.);
#1306=ORIENTED_EDGE('',*,*,#1015,.F.);
#1307=ORIENTED_EDGE('',*,*,#1016,.T.);
#1308=ORIENTED_EDGE('',*,*,#1017,.T.);
#1309=ORIENTED_EDGE('',*,*,#1018,.T.);
#1310=ORIENTED_EDGE('',*,*,#1019,.T.);
#1311=ORIENTED_EDGE('',*,*,#1020,.T.);
#1312=ORIENTED_EDGE('',*,*,#1017,.F.);
#1313=ORIENTED_EDGE('',*,*,#1021,.T.);
#1314=ORIENTED_EDGE('',*,*,#1022,.T.);
#1315=ORIENTED_EDGE('',*,*,#1023,.T.);
#1316=ORIENTED_EDGE('',*,*,#1019,.F.);
#1317=ORIENTED_EDGE('',*,*,#1024,.T.);
#1318=ORIENTED_EDGE('',*,*,#1025,.T.);
#1319=ORIENTED_EDGE('',*,*,#1026,.T.);
#1320=ORIENTED_EDGE('',*,*,#1027,.T.);
#1321=ORIENTED_EDGE('',*,*,#1022,.F.);
#1322=ORIENTED_EDGE('',*,*,#1028,.T.);
#1323=ORIENTED_EDGE('',*,*,#1029,.T.);
#1324=ORIENTED_EDGE('',*,*,#1030,.T.);
#1325=ORIENTED_EDGE('',*,*,#1026,.F.);
#1326=ORIENTED_EDGE('',*,*,#1031,.F.);
#1327=ORIENTED_EDGE('',*,*,#1032,.F.);
#1328=ORIENTED_EDGE('',*,*,#999,.F.);
#1329=ORIENTED_EDGE('',*,*,#996,.F.);
#1330=ORIENTED_EDGE('',*,*,#993,.F.);
#1331=ORIENTED_EDGE('',*,*,#988,.F.);
#1332=ORIENTED_EDGE('',*,*,#1033,.F.);
#1333=ORIENTED_EDGE('',*,*,#1028,.F.);
#1334=ORIENTED_EDGE('',*,*,#1024,.F.);
#1335=ORIENTED_EDGE('',*,*,#1021,.F.);
#1336=ORIENTED_EDGE('',*,*,#1016,.F.);
#1337=ORIENTED_EDGE('',*,*,#1034,.F.);
#1338=ORIENTED_EDGE('',*,*,#1027,.F.);
#1339=ORIENTED_EDGE('',*,*,#1035,.T.);
#1340=ORIENTED_EDGE('',*,*,#1036,.T.);
#1341=ORIENTED_EDGE('',*,*,#1037,.T.);
#1342=ORIENTED_EDGE('',*,*,#1023,.F.);
#1343=ORIENTED_EDGE('',*,*,#1037,.F.);
#1344=ORIENTED_EDGE('',*,*,#1038,.T.);
#1345=ORIENTED_EDGE('',*,*,#1039,.F.);
#1346=ORIENTED_EDGE('',*,*,#1036,.F.);
#1347=ORIENTED_EDGE('',*,*,#1040,.T.);
#1348=ORIENTED_EDGE('',*,*,#1041,.T.);
#1349=ORIENTED_EDGE('',*,*,#1042,.F.);
#1350=ORIENTED_EDGE('',*,*,#1043,.F.);
#1351=ORIENTED_EDGE('',*,*,#1044,.T.);
#1352=ORIENTED_EDGE('',*,*,#1045,.F.);
#1353=ORIENTED_EDGE('',*,*,#1038,.F.);
#1354=ORIENTED_EDGE('',*,*,#1046,.T.);
#1355=ORIENTED_EDGE('',*,*,#1004,.F.);
#1356=ORIENTED_EDGE('',*,*,#1006,.F.);
#1357=ORIENTED_EDGE('',*,*,#1008,.F.);
#1358=ORIENTED_EDGE('',*,*,#1010,.F.);
#1359=ORIENTED_EDGE('',*,*,#1047,.F.);
#1360=ORIENTED_EDGE('',*,*,#1048,.F.);
#1361=ORIENTED_EDGE('',*,*,#1049,.T.);
#1362=ORIENTED_EDGE('',*,*,#1001,.F.);
#1363=ORIENTED_EDGE('',*,*,#1050,.T.);
#1364=ORIENTED_EDGE('',*,*,#976,.F.);
#1365=ORIENTED_EDGE('',*,*,#1051,.T.);
#1366=ORIENTED_EDGE('',*,*,#1052,.T.);
#1367=ORIENTED_EDGE('',*,*,#1053,.T.);
#1368=ORIENTED_EDGE('',*,*,#979,.F.);
#1369=ORIENTED_EDGE('',*,*,#1054,.F.);
#1370=ORIENTED_EDGE('',*,*,#1055,.T.);
#1371=ORIENTED_EDGE('',*,*,#1051,.F.);
#1372=ORIENTED_EDGE('',*,*,#1056,.T.);
#1373=ORIENTED_EDGE('',*,*,#1057,.T.);
#1374=ORIENTED_EDGE('',*,*,#1058,.T.);
#1375=ORIENTED_EDGE('',*,*,#1059,.T.);
#1376=ORIENTED_EDGE('',*,*,#1056,.F.);
#1377=ORIENTED_EDGE('',*,*,#1060,.F.);
#1378=ORIENTED_EDGE('',*,*,#1061,.F.);
#1379=ORIENTED_EDGE('',*,*,#1062,.F.);
#1380=ORIENTED_EDGE('',*,*,#1063,.F.);
#1381=ORIENTED_EDGE('',*,*,#1064,.F.);
#1382=ORIENTED_EDGE('',*,*,#1065,.T.);
#1383=ORIENTED_EDGE('',*,*,#931,.F.);
#1384=ORIENTED_EDGE('',*,*,#1066,.F.);
#1385=ORIENTED_EDGE('',*,*,#1067,.T.);
#1386=ORIENTED_EDGE('',*,*,#927,.F.);
#1387=ORIENTED_EDGE('',*,*,#1068,.F.);
#1388=ORIENTED_EDGE('',*,*,#1059,.F.);
#1389=ORIENTED_EDGE('',*,*,#1069,.F.);
#1390=ORIENTED_EDGE('',*,*,#1054,.T.);
#1391=ORIENTED_EDGE('',*,*,#978,.F.);
#1392=ORIENTED_EDGE('',*,*,#974,.F.);
#1393=ORIENTED_EDGE('',*,*,#982,.T.);
#1394=ORIENTED_EDGE('',*,*,#1070,.T.);
#1395=ORIENTED_EDGE('',*,*,#1031,.T.);
#1396=ORIENTED_EDGE('',*,*,#987,.T.);
#1397=ORIENTED_EDGE('',*,*,#984,.T.);
#1398=ORIENTED_EDGE('',*,*,#1002,.F.);
#1399=ORIENTED_EDGE('',*,*,#1049,.F.);
#1400=ORIENTED_EDGE('',*,*,#1071,.F.);
#1401=ORIENTED_EDGE('',*,*,#1072,.T.);
#1402=ORIENTED_EDGE('',*,*,#1073,.F.);
#1403=ORIENTED_EDGE('',*,*,#1060,.T.);
#1404=ORIENTED_EDGE('',*,*,#1074,.T.);
#1405=ORIENTED_EDGE('',*,*,#1071,.T.);
#1406=ORIENTED_EDGE('',*,*,#1048,.T.);
#1407=ORIENTED_EDGE('',*,*,#1075,.T.);
#1408=ORIENTED_EDGE('',*,*,#1074,.F.);
#1409=ORIENTED_EDGE('',*,*,#1076,.F.);
#1410=ORIENTED_EDGE('',*,*,#1077,.T.);
#1411=ORIENTED_EDGE('',*,*,#1078,.F.);
#1412=ORIENTED_EDGE('',*,*,#1079,.F.);
#1413=ORIENTED_EDGE('',*,*,#1080,.T.);
#1414=ORIENTED_EDGE('',*,*,#1081,.F.);
#1415=ORIENTED_EDGE('',*,*,#1082,.F.);
#1416=ORIENTED_EDGE('',*,*,#1083,.F.);
#1417=ORIENTED_EDGE('',*,*,#1084,.F.);
#1418=ORIENTED_EDGE('',*,*,#1085,.F.);
#1419=ORIENTED_EDGE('',*,*,#1072,.F.);
#1420=ORIENTED_EDGE('',*,*,#1063,.T.);
#1421=ORIENTED_EDGE('',*,*,#1086,.T.);
#1422=ORIENTED_EDGE('',*,*,#1087,.T.);
#1423=ORIENTED_EDGE('',*,*,#1088,.T.);
#1424=ORIENTED_EDGE('',*,*,#1083,.T.);
#1425=ORIENTED_EDGE('',*,*,#1089,.T.);
#1426=ORIENTED_EDGE('',*,*,#1042,.T.);
#1427=ORIENTED_EDGE('',*,*,#1090,.T.);
#1428=ORIENTED_EDGE('',*,*,#1086,.F.);
#1429=ORIENTED_EDGE('',*,*,#1062,.T.);
#1430=ORIENTED_EDGE('',*,*,#1091,.F.);
#1431=ORIENTED_EDGE('',*,*,#1084,.T.);
#1432=ORIENTED_EDGE('',*,*,#1090,.F.);
#1433=ORIENTED_EDGE('',*,*,#1041,.F.);
#1434=ORIENTED_EDGE('',*,*,#1092,.T.);
#1435=ORIENTED_EDGE('',*,*,#1029,.F.);
#1436=ORIENTED_EDGE('',*,*,#1025,.F.);
#1437=ORIENTED_EDGE('',*,*,#1033,.T.);
#1438=ORIENTED_EDGE('',*,*,#1093,.T.);
#1439=ORIENTED_EDGE('',*,*,#980,.T.);
#1440=ORIENTED_EDGE('',*,*,#943,.T.);
#1441=ORIENTED_EDGE('',*,*,#947,.T.);
#1442=ORIENTED_EDGE('',*,*,#951,.F.);
#1443=ORIENTED_EDGE('',*,*,#1094,.F.);
#1444=ORIENTED_EDGE('',*,*,#932,.F.);
#1445=ORIENTED_EDGE('',*,*,#1095,.F.);
#1446=ORIENTED_EDGE('',*,*,#1096,.T.);
#1447=ORIENTED_EDGE('',*,*,#929,.T.);
#1448=ORIENTED_EDGE('',*,*,#1095,.T.);
#1449=ORIENTED_EDGE('',*,*,#1065,.F.);
#1450=ORIENTED_EDGE('',*,*,#1097,.F.);
#1451=ORIENTED_EDGE('',*,*,#1096,.F.);
#1452=ORIENTED_EDGE('',*,*,#1098,.T.);
#1453=ORIENTED_EDGE('',*,*,#1099,.F.);
#1454=ORIENTED_EDGE('',*,*,#1098,.F.);
#1455=ORIENTED_EDGE('',*,*,#1100,.F.);
#1456=ORIENTED_EDGE('',*,*,#1101,.T.);
#1457=ORIENTED_EDGE('',*,*,#1102,.F.);
#1458=ORIENTED_EDGE('',*,*,#1078,.T.);
#1459=ORIENTED_EDGE('',*,*,#1100,.T.);
#1460=ORIENTED_EDGE('',*,*,#1077,.F.);
#1461=ORIENTED_EDGE('',*,*,#1101,.F.);
#1462=ORIENTED_EDGE('',*,*,#1103,.T.);
#1463=ORIENTED_EDGE('',*,*,#1104,.F.);
#1464=ORIENTED_EDGE('',*,*,#1103,.F.);
#1465=ORIENTED_EDGE('',*,*,#1105,.F.);
#1466=ORIENTED_EDGE('',*,*,#1106,.T.);
#1467=ORIENTED_EDGE('',*,*,#1107,.F.);
#1468=ORIENTED_EDGE('',*,*,#1081,.T.);
#1469=ORIENTED_EDGE('',*,*,#1105,.T.);
#1470=ORIENTED_EDGE('',*,*,#1080,.F.);
#1471=ORIENTED_EDGE('',*,*,#1106,.F.);
#1472=ORIENTED_EDGE('',*,*,#1108,.T.);
#1473=ORIENTED_EDGE('',*,*,#1109,.F.);
#1474=ORIENTED_EDGE('',*,*,#1108,.F.);
#1475=ORIENTED_EDGE('',*,*,#928,.F.);
#1476=ORIENTED_EDGE('',*,*,#1110,.F.);
#1477=ORIENTED_EDGE('',*,*,#1111,.T.);
#1478=ORIENTED_EDGE('',*,*,#925,.T.);
#1479=ORIENTED_EDGE('',*,*,#1110,.T.);
#1480=ORIENTED_EDGE('',*,*,#1067,.F.);
#1481=ORIENTED_EDGE('',*,*,#1112,.F.);
#1482=ORIENTED_EDGE('',*,*,#1111,.F.);
#1483=ORIENTED_EDGE('',*,*,#1113,.T.);
#1484=ORIENTED_EDGE('',*,*,#1114,.F.);
#1485=ORIENTED_EDGE('',*,*,#1113,.F.);
#1486=ORIENTED_EDGE('',*,*,#933,.F.);
#1487=ORIENTED_EDGE('',*,*,#981,.T.);
#1488=ORIENTED_EDGE('',*,*,#1093,.F.);
#1489=ORIENTED_EDGE('',*,*,#1034,.T.);
#1490=ORIENTED_EDGE('',*,*,#1015,.T.);
#1491=ORIENTED_EDGE('',*,*,#1115,.T.);
#1492=ORIENTED_EDGE('',*,*,#1043,.T.);
#1493=ORIENTED_EDGE('',*,*,#1089,.F.);
#1494=ORIENTED_EDGE('',*,*,#1082,.T.);
#1495=ORIENTED_EDGE('',*,*,#1107,.T.);
#1496=ORIENTED_EDGE('',*,*,#1079,.T.);
#1497=ORIENTED_EDGE('',*,*,#1102,.T.);
#1498=ORIENTED_EDGE('',*,*,#1076,.T.);
#1499=ORIENTED_EDGE('',*,*,#1075,.F.);
#1500=ORIENTED_EDGE('',*,*,#1047,.T.);
#1501=ORIENTED_EDGE('',*,*,#1009,.T.);
#1502=ORIENTED_EDGE('',*,*,#997,.F.);
#1503=ORIENTED_EDGE('',*,*,#1032,.T.);
#1504=ORIENTED_EDGE('',*,*,#1070,.F.);
#1505=ORIENTED_EDGE('',*,*,#983,.T.);
#1506=ORIENTED_EDGE('',*,*,#964,.T.);
#1507=ORIENTED_EDGE('',*,*,#1116,.T.);
#1508=ORIENTED_EDGE('',*,*,#1117,.T.);
#1509=ORIENTED_EDGE('',*,*,#1057,.F.);
#1510=ORIENTED_EDGE('',*,*,#1068,.T.);
#1511=ORIENTED_EDGE('',*,*,#926,.T.);
#1512=ORIENTED_EDGE('',*,*,#1112,.T.);
#1513=ORIENTED_EDGE('',*,*,#1066,.T.);
#1514=ORIENTED_EDGE('',*,*,#930,.T.);
#1515=ORIENTED_EDGE('',*,*,#1097,.T.);
#1516=ORIENTED_EDGE('',*,*,#1064,.T.);
#1517=ORIENTED_EDGE('',*,*,#1088,.F.);
#1518=ORIENTED_EDGE('',*,*,#1118,.T.);
#1519=ORIENTED_EDGE('',*,*,#958,.T.);
#1520=ORIENTED_EDGE('',*,*,#960,.T.);
#1521=ORIENTED_EDGE('',*,*,#1119,.F.);
#1522=ORIENTED_EDGE('',*,*,#1120,.F.);
#1523=ORIENTED_EDGE('',*,*,#1121,.F.);
#1524=ORIENTED_EDGE('',*,*,#1011,.T.);
#1525=ORIENTED_EDGE('',*,*,#1122,.F.);
#1526=ORIENTED_EDGE('',*,*,#1123,.F.);
#1527=ORIENTED_EDGE('',*,*,#1124,.F.);
#1528=ORIENTED_EDGE('',*,*,#1125,.F.);
#1529=ORIENTED_EDGE('',*,*,#1126,.F.);
#1530=ORIENTED_EDGE('',*,*,#1127,.F.);
#1531=ORIENTED_EDGE('',*,*,#1128,.F.);
#1532=ORIENTED_EDGE('',*,*,#1129,.F.);
#1533=ORIENTED_EDGE('',*,*,#1130,.F.);
#1534=ORIENTED_EDGE('',*,*,#1131,.F.);
#1535=ORIENTED_EDGE('',*,*,#1132,.F.);
#1536=ORIENTED_EDGE('',*,*,#1133,.F.);
#1537=ORIENTED_EDGE('',*,*,#1050,.F.);
#1538=ORIENTED_EDGE('',*,*,#1134,.T.);
#1539=ORIENTED_EDGE('',*,*,#1135,.T.);
#1540=ORIENTED_EDGE('',*,*,#1134,.F.);
#1541=ORIENTED_EDGE('',*,*,#1135,.F.);
#1542=ORIENTED_EDGE('',*,*,#1046,.F.);
#1543=ORIENTED_EDGE('',*,*,#1136,.T.);
#1544=ORIENTED_EDGE('',*,*,#1137,.T.);
#1545=ORIENTED_EDGE('',*,*,#1136,.F.);
#1546=ORIENTED_EDGE('',*,*,#1137,.F.);
#1547=ORIENTED_EDGE('',*,*,#1138,.T.);
#1548=ORIENTED_EDGE('',*,*,#1139,.T.);
#1549=ORIENTED_EDGE('',*,*,#1140,.F.);
#1550=ORIENTED_EDGE('',*,*,#1139,.F.);
#1551=ORIENTED_EDGE('',*,*,#1138,.F.);
#1552=ORIENTED_EDGE('',*,*,#1141,.T.);
#1553=ORIENTED_EDGE('',*,*,#1142,.T.);
#1554=ORIENTED_EDGE('',*,*,#1143,.F.);
#1555=ORIENTED_EDGE('',*,*,#1142,.F.);
#1556=ORIENTED_EDGE('',*,*,#1141,.F.);
#1557=ORIENTED_EDGE('',*,*,#972,.F.);
#1558=ORIENTED_EDGE('',*,*,#1053,.F.);
#1559=ORIENTED_EDGE('',*,*,#1144,.T.);
#1560=ORIENTED_EDGE('',*,*,#1145,.F.);
#1561=ORIENTED_EDGE('',*,*,#969,.F.);
#1562=ORIENTED_EDGE('',*,*,#1145,.T.);
#1563=ORIENTED_EDGE('',*,*,#1146,.T.);
#1564=ORIENTED_EDGE('',*,*,#1147,.T.);
#1565=ORIENTED_EDGE('',*,*,#1020,.F.);
#1566=ORIENTED_EDGE('',*,*,#1039,.T.);
#1567=ORIENTED_EDGE('',*,*,#1045,.T.);
#1568=ORIENTED_EDGE('',*,*,#1148,.T.);
#1569=ORIENTED_EDGE('',*,*,#1018,.F.);
#1570=ORIENTED_EDGE('',*,*,#1148,.F.);
#1571=ORIENTED_EDGE('',*,*,#1044,.F.);
#1572=ORIENTED_EDGE('',*,*,#1115,.F.);
#1573=ORIENTED_EDGE('',*,*,#1030,.F.);
#1574=ORIENTED_EDGE('',*,*,#1092,.F.);
#1575=ORIENTED_EDGE('',*,*,#1040,.F.);
#1576=ORIENTED_EDGE('',*,*,#1035,.F.);
#1577=ORIENTED_EDGE('',*,*,#953,.F.);
#1578=ORIENTED_EDGE('',*,*,#955,.F.);
#1579=ORIENTED_EDGE('',*,*,#957,.F.);
#1580=ORIENTED_EDGE('',*,*,#959,.F.);
#1581=ORIENTED_EDGE('',*,*,#1118,.F.);
#1582=ORIENTED_EDGE('',*,*,#1087,.F.);
#1583=ORIENTED_EDGE('',*,*,#1094,.T.);
#1584=ORIENTED_EDGE('',*,*,#950,.T.);
#1585=ORIENTED_EDGE('',*,*,#1143,.T.);
#1586=ORIENTED_EDGE('',*,*,#967,.F.);
#1587=ORIENTED_EDGE('',*,*,#1147,.F.);
#1588=ORIENTED_EDGE('',*,*,#1149,.F.);
#1589=ORIENTED_EDGE('',*,*,#1116,.F.);
#1590=ORIENTED_EDGE('',*,*,#1052,.F.);
#1591=ORIENTED_EDGE('',*,*,#1055,.F.);
#1592=ORIENTED_EDGE('',*,*,#1069,.T.);
#1593=ORIENTED_EDGE('',*,*,#1058,.F.);
#1594=ORIENTED_EDGE('',*,*,#1117,.F.);
#1595=ORIENTED_EDGE('',*,*,#1149,.T.);
#1596=ORIENTED_EDGE('',*,*,#1146,.F.);
#1597=ORIENTED_EDGE('',*,*,#1144,.F.);
#1598=ORIENTED_EDGE('',*,*,#1140,.T.);
#1599=ORIENTED_EDGE('',*,*,#1150,.F.);
#1600=ORIENTED_EDGE('',*,*,#1151,.T.);
#1601=ORIENTED_EDGE('',*,*,#1125,.T.);
#1602=ORIENTED_EDGE('',*,*,#1151,.F.);
#1603=ORIENTED_EDGE('',*,*,#1122,.T.);
#1604=ORIENTED_EDGE('',*,*,#1014,.T.);
#1605=ORIENTED_EDGE('',*,*,#1152,.F.);
#1606=ORIENTED_EDGE('',*,*,#1153,.F.);
#1607=ORIENTED_EDGE('',*,*,#1123,.T.);
#1608=ORIENTED_EDGE('',*,*,#1153,.T.);
#1609=ORIENTED_EDGE('',*,*,#1154,.F.);
#1610=ORIENTED_EDGE('',*,*,#1155,.F.);
#1611=ORIENTED_EDGE('',*,*,#1124,.T.);
#1612=ORIENTED_EDGE('',*,*,#1155,.T.);
#1613=ORIENTED_EDGE('',*,*,#1156,.F.);
#1614=ORIENTED_EDGE('',*,*,#1012,.F.);
#1615=ORIENTED_EDGE('',*,*,#1127,.T.);
#1616=ORIENTED_EDGE('',*,*,#1157,.T.);
#1617=ORIENTED_EDGE('',*,*,#1158,.F.);
#1618=ORIENTED_EDGE('',*,*,#1159,.F.);
#1619=ORIENTED_EDGE('',*,*,#1128,.T.);
#1620=ORIENTED_EDGE('',*,*,#1159,.T.);
#1621=ORIENTED_EDGE('',*,*,#1160,.F.);
#1622=ORIENTED_EDGE('',*,*,#1161,.F.);
#1623=ORIENTED_EDGE('',*,*,#1129,.T.);
#1624=ORIENTED_EDGE('',*,*,#1161,.T.);
#1625=ORIENTED_EDGE('',*,*,#1162,.F.);
#1626=ORIENTED_EDGE('',*,*,#1163,.F.);
#1627=ORIENTED_EDGE('',*,*,#1126,.T.);
#1628=ORIENTED_EDGE('',*,*,#1163,.T.);
#1629=ORIENTED_EDGE('',*,*,#1164,.F.);
#1630=ORIENTED_EDGE('',*,*,#1157,.F.);
#1631=ORIENTED_EDGE('',*,*,#1131,.T.);
#1632=ORIENTED_EDGE('',*,*,#1165,.T.);
#1633=ORIENTED_EDGE('',*,*,#1166,.F.);
#1634=ORIENTED_EDGE('',*,*,#1167,.F.);
#1635=ORIENTED_EDGE('',*,*,#1132,.T.);
#1636=ORIENTED_EDGE('',*,*,#1167,.T.);
#1637=ORIENTED_EDGE('',*,*,#1168,.F.);
#1638=ORIENTED_EDGE('',*,*,#1169,.F.);
#1639=ORIENTED_EDGE('',*,*,#1133,.T.);
#1640=ORIENTED_EDGE('',*,*,#1169,.T.);
#1641=ORIENTED_EDGE('',*,*,#1170,.F.);
#1642=ORIENTED_EDGE('',*,*,#1171,.F.);
#1643=ORIENTED_EDGE('',*,*,#1130,.T.);
#1644=ORIENTED_EDGE('',*,*,#1171,.T.);
#1645=ORIENTED_EDGE('',*,*,#1172,.F.);
#1646=ORIENTED_EDGE('',*,*,#1165,.F.);
#1647=ORIENTED_EDGE('',*,*,#1120,.T.);
#1648=ORIENTED_EDGE('',*,*,#1173,.T.);
#1649=ORIENTED_EDGE('',*,*,#1174,.F.);
#1650=ORIENTED_EDGE('',*,*,#1175,.F.);
#1651=ORIENTED_EDGE('',*,*,#1121,.T.);
#1652=ORIENTED_EDGE('',*,*,#1175,.T.);
#1653=ORIENTED_EDGE('',*,*,#1176,.F.);
#1654=ORIENTED_EDGE('',*,*,#961,.F.);
#1655=ORIENTED_EDGE('',*,*,#1119,.T.);
#1656=ORIENTED_EDGE('',*,*,#963,.T.);
#1657=ORIENTED_EDGE('',*,*,#1177,.F.);
#1658=ORIENTED_EDGE('',*,*,#1173,.F.);
#1659=ORIENTED_EDGE('',*,*,#1061,.T.);
#1660=ORIENTED_EDGE('',*,*,#1073,.T.);
#1661=ORIENTED_EDGE('',*,*,#1085,.T.);
#1662=ORIENTED_EDGE('',*,*,#1091,.T.);
#1663=ORIENTED_EDGE('',*,*,#1150,.T.);
#1664=ORIENTED_EDGE('',*,*,#1013,.T.);
#1665=ORIENTED_EDGE('',*,*,#1156,.T.);
#1666=ORIENTED_EDGE('',*,*,#1154,.T.);
#1667=ORIENTED_EDGE('',*,*,#1152,.T.);
#1668=ORIENTED_EDGE('',*,*,#1164,.T.);
#1669=ORIENTED_EDGE('',*,*,#1162,.T.);
#1670=ORIENTED_EDGE('',*,*,#1160,.T.);
#1671=ORIENTED_EDGE('',*,*,#1158,.T.);
#1672=ORIENTED_EDGE('',*,*,#1172,.T.);
#1673=ORIENTED_EDGE('',*,*,#1170,.T.);
#1674=ORIENTED_EDGE('',*,*,#1168,.T.);
#1675=ORIENTED_EDGE('',*,*,#1166,.T.);
#1676=ORIENTED_EDGE('',*,*,#1177,.T.);
#1677=ORIENTED_EDGE('',*,*,#962,.T.);
#1678=ORIENTED_EDGE('',*,*,#1176,.T.);
#1679=ORIENTED_EDGE('',*,*,#1174,.T.);
#1680=ORIENTED_EDGE('',*,*,#1114,.T.);
#1681=ORIENTED_EDGE('',*,*,#1109,.T.);
#1682=ORIENTED_EDGE('',*,*,#1104,.T.);
#1683=ORIENTED_EDGE('',*,*,#1099,.T.);
#1684=CYLINDRICAL_SURFACE('',#1818,2.);
#1685=CYLINDRICAL_SURFACE('',#1821,2.);
#1686=CYLINDRICAL_SURFACE('',#1834,5.);
#1687=CYLINDRICAL_SURFACE('',#1837,5.);
#1688=CYLINDRICAL_SURFACE('',#1862,5.);
#1689=CYLINDRICAL_SURFACE('',#1865,5.);
#1690=CYLINDRICAL_SURFACE('',#1880,5.);
#1691=CYLINDRICAL_SURFACE('',#1888,5.);
#1692=CYLINDRICAL_SURFACE('',#1902,2.);
#1693=CYLINDRICAL_SURFACE('',#1904,0.8);
#1694=CYLINDRICAL_SURFACE('',#1909,2.);
#1695=CYLINDRICAL_SURFACE('',#1911,0.8);
#1696=CYLINDRICAL_SURFACE('',#1916,2.);
#1697=CYLINDRICAL_SURFACE('',#1918,0.8);
#1698=CYLINDRICAL_SURFACE('',#1923,2.);
#1699=CYLINDRICAL_SURFACE('',#1925,0.8);
#1700=CYLINDRICAL_SURFACE('',#1948,5.);
#1701=CYLINDRICAL_SURFACE('',#1950,5.);
#1702=CYLINDRICAL_SURFACE('',#1956,35.);
#1703=CYLINDRICAL_SURFACE('',#1959,43.);
#1704=CYLINDRICAL_SURFACE('',#1963,43.);
#1705=CYLINDRICAL_SURFACE('',#1968,43.);
#1706=CYLINDRICAL_SURFACE('',#1972,43.);
#1707=ADVANCED_FACE('',(#115),#1684,.F.);
#1708=ADVANCED_FACE('',(#116),#1685,.F.);
#1709=ADVANCED_FACE('',(#117),#53,.T.);
#1710=ADVANCED_FACE('',(#118),#41,.T.);
#1711=ADVANCED_FACE('',(#119),#54,.T.);
#1712=ADVANCED_FACE('',(#120),#42,.T.);
#1713=ADVANCED_FACE('',(#121),#55,.T.);
#1714=ADVANCED_FACE('',(#122),#56,.T.);
#1715=ADVANCED_FACE('',(#123),#1686,.T.);
#1716=ADVANCED_FACE('',(#124),#57,.T.);
#1717=ADVANCED_FACE('',(#125),#1687,.T.);
#1718=ADVANCED_FACE('',(#126),#58,.T.);
#1719=ADVANCED_FACE('',(#127),#59,.T.);
#1720=ADVANCED_FACE('',(#128),#60,.T.);
#1721=ADVANCED_FACE('',(#129),#43,.T.);
#1722=ADVANCED_FACE('',(#130),#61,.T.);
#1723=ADVANCED_FACE('',(#131),#44,.T.);
#1724=ADVANCED_FACE('',(#132),#62,.T.);
#1725=ADVANCED_FACE('',(#133),#63,.T.);
#1726=ADVANCED_FACE('',(#134),#64,.T.);
#1727=ADVANCED_FACE('',(#135),#65,.T.);
#1728=ADVANCED_FACE('',(#136),#45,.T.);
#1729=ADVANCED_FACE('',(#137),#66,.T.);
#1730=ADVANCED_FACE('',(#138),#46,.T.);
#1731=ADVANCED_FACE('',(#139),#67,.T.);
#1732=ADVANCED_FACE('',(#140),#68,.T.);
#1733=ADVANCED_FACE('',(#141),#1688,.T.);
#1734=ADVANCED_FACE('',(#142),#69,.T.);
#1735=ADVANCED_FACE('',(#143),#1689,.T.);
#1736=ADVANCED_FACE('',(#144),#70,.T.);
#1737=ADVANCED_FACE('',(#145),#71,.T.);
#1738=ADVANCED_FACE('',(#146),#72,.T.);
#1739=ADVANCED_FACE('',(#147),#47,.T.);
#1740=ADVANCED_FACE('',(#148),#73,.T.);
#1741=ADVANCED_FACE('',(#149),#48,.T.);
#1742=ADVANCED_FACE('',(#150),#74,.T.);
#1743=ADVANCED_FACE('',(#151),#75,.T.);
#1744=ADVANCED_FACE('',(#152),#76,.T.);
#1745=ADVANCED_FACE('',(#153),#1690,.T.);
#1746=ADVANCED_FACE('',(#154),#77,.T.);
#1747=ADVANCED_FACE('',(#155,#15),#78,.T.);
#1748=ADVANCED_FACE('',(#156,#16),#79,.T.);
#1749=ADVANCED_FACE('',(#157),#1691,.T.);
#1750=ADVANCED_FACE('',(#158),#80,.T.);
#1751=ADVANCED_FACE('',(#159),#81,.T.);
#1752=ADVANCED_FACE('',(#160),#82,.T.);
#1753=ADVANCED_FACE('',(#161),#83,.T.);
#1754=ADVANCED_FACE('',(#162),#84,.T.);
#1755=ADVANCED_FACE('',(#163),#85,.T.);
#1756=ADVANCED_FACE('',(#164),#86,.T.);
#1757=ADVANCED_FACE('',(#165),#87,.T.);
#1758=ADVANCED_FACE('',(#166),#88,.T.);
#1759=ADVANCED_FACE('',(#167,#17),#89,.F.);
#1760=ADVANCED_FACE('',(#168),#1692,.F.);
#1761=ADVANCED_FACE('',(#169),#1693,.F.);
#1762=ADVANCED_FACE('',(#170,#18),#90,.F.);
#1763=ADVANCED_FACE('',(#171),#1694,.F.);
#1764=ADVANCED_FACE('',(#172),#1695,.F.);
#1765=ADVANCED_FACE('',(#173,#19),#91,.F.);
#1766=ADVANCED_FACE('',(#174),#1696,.F.);
#1767=ADVANCED_FACE('',(#175),#1697,.F.);
#1768=ADVANCED_FACE('',(#176,#20),#92,.F.);
#1769=ADVANCED_FACE('',(#177),#1698,.F.);
#1770=ADVANCED_FACE('',(#178),#1699,.F.);
#1771=ADVANCED_FACE('',(#179,#21,#22,#23,#24,#25),#93,.F.);
#1772=ADVANCED_FACE('',(#180),#49,.T.);
#1773=ADVANCED_FACE('',(#181),#94,.T.);
#1774=ADVANCED_FACE('',(#182),#50,.T.);
#1775=ADVANCED_FACE('',(#183),#95,.T.);
#1776=ADVANCED_FACE('',(#184),#51,.T.);
#1777=ADVANCED_FACE('',(#185),#96,.F.);
#1778=ADVANCED_FACE('',(#186),#52,.T.);
#1779=ADVANCED_FACE('',(#187),#97,.F.);
#1780=ADVANCED_FACE('',(#188),#98,.T.);
#1781=ADVANCED_FACE('',(#189),#1700,.T.);
#1782=ADVANCED_FACE('',(#190),#1701,.T.);
#1783=ADVANCED_FACE('',(#191),#99,.T.);
#1784=ADVANCED_FACE('',(#192),#100,.T.);
#1785=ADVANCED_FACE('',(#193,#26),#101,.T.);
#1786=ADVANCED_FACE('',(#194),#102,.T.);
#1787=ADVANCED_FACE('',(#195,#27),#103,.T.);
#1788=ADVANCED_FACE('',(#196),#1702,.F.);
#1789=ADVANCED_FACE('',(#197),#104,.T.);
#1790=ADVANCED_FACE('',(#198),#1703,.T.);
#1791=ADVANCED_FACE('',(#199),#105,.T.);
#1792=ADVANCED_FACE('',(#200),#106,.T.);
#1793=ADVANCED_FACE('',(#201),#1704,.T.);
#1794=ADVANCED_FACE('',(#202),#107,.T.);
#1795=ADVANCED_FACE('',(#203),#108,.T.);
#1796=ADVANCED_FACE('',(#204),#109,.T.);
#1797=ADVANCED_FACE('',(#205),#1705,.T.);
#1798=ADVANCED_FACE('',(#206),#110,.T.);
#1799=ADVANCED_FACE('',(#207),#111,.T.);
#1800=ADVANCED_FACE('',(#208),#1706,.T.);
#1801=ADVANCED_FACE('',(#209),#112,.T.);
#1802=ADVANCED_FACE('',(#210),#113,.T.);
#1803=ADVANCED_FACE('',(#211,#28,#29,#30,#31,#32,#33,#34,#35,#36),#114,
 .T.);
#1804=CLOSED_SHELL('',(#1707,#1708,#1709,#1710,#1711,#1712,#1713,#1714,
#1715,#1716,#1717,#1718,#1719,#1720,#1721,#1722,#1723,#1724,#1725,#1726,
#1727,#1728,#1729,#1730,#1731,#1732,#1733,#1734,#1735,#1736,#1737,#1738,
#1739,#1740,#1741,#1742,#1743,#1744,#1745,#1746,#1747,#1748,#1749,#1750,
#1751,#1752,#1753,#1754,#1755,#1756,#1757,#1758,#1759,#1760,#1761,#1762,
#1763,#1764,#1765,#1766,#1767,#1768,#1769,#1770,#1771,#1772,#1773,#1774,
#1775,#1776,#1777,#1778,#1779,#1780,#1781,#1782,#1783,#1784,#1785,#1786,
#1787,#1788,#1789,#1790,#1791,#1792,#1793,#1794,#1795,#1796,#1797,#1798,
#1799,#1800,#1801,#1802,#1803));
#1805=DERIVED_UNIT_ELEMENT(#1807,1.);
#1806=DERIVED_UNIT_ELEMENT(#3006,-3.);
#1807=(
MASS_UNIT()
NAMED_UNIT(*)
SI_UNIT(.KILO.,.GRAM.)
);
#1808=DERIVED_UNIT((#1805,#1806));
#1809=MEASURE_REPRESENTATION_ITEM('density measure',
POSITIVE_RATIO_MEASURE(7850.),#1808);
#1810=PROPERTY_DEFINITION_REPRESENTATION(#1815,#1812);
#1811=PROPERTY_DEFINITION_REPRESENTATION(#1816,#1813);
#1812=REPRESENTATION('material name',(#1814),#3003);
#1813=REPRESENTATION('density',(#1809),#3003);
#1814=DESCRIPTIVE_REPRESENTATION_ITEM('Steel','Steel');
#1815=PROPERTY_DEFINITION('material property','material name',#3013);
#1816=PROPERTY_DEFINITION('material property','density of part',#3013);
#1817=AXIS2_PLACEMENT_3D('',#2484,#1977,#1978);
#1818=AXIS2_PLACEMENT_3D('',#2485,#1979,#1980);
#1819=AXIS2_PLACEMENT_3D('',#2490,#1982,#1983);
#1820=AXIS2_PLACEMENT_3D('',#2493,#1985,#1986);
#1821=AXIS2_PLACEMENT_3D('',#2494,#1987,#1988);
#1822=AXIS2_PLACEMENT_3D('',#2499,#1990,#1991);
#1823=AXIS2_PLACEMENT_3D('',#2502,#1993,#1994);
#1824=AXIS2_PLACEMENT_3D('',#2503,#1995,#1996);
#1825=AXIS2_PLACEMENT_3D('',#2512,#2001,#2002);
#1826=AXIS2_PLACEMENT_3D('',#2514,#2003,#2004);
#1827=AXIS2_PLACEMENT_3D('',#2517,#2006,#2007);
#1828=AXIS2_PLACEMENT_3D('',#2518,#2008,#2009);
#1829=AXIS2_PLACEMENT_3D('',#2524,#2013,#2014);
#1830=AXIS2_PLACEMENT_3D('',#2530,#2015,#2016);
#1831=AXIS2_PLACEMENT_3D('',#2532,#2017,#2018);
#1832=AXIS2_PLACEMENT_3D('',#2534,#2020,#2021);
#1833=AXIS2_PLACEMENT_3D('',#2538,#2024,#2025);
#1834=AXIS2_PLACEMENT_3D('',#2544,#2029,#2030);
#1835=AXIS2_PLACEMENT_3D('',#2547,#2032,#2033);
#1836=AXIS2_PLACEMENT_3D('',#2548,#2034,#2035);
#1837=AXIS2_PLACEMENT_3D('',#2552,#2038,#2039);
#1838=AXIS2_PLACEMENT_3D('',#2555,#2041,#2042);
#1839=AXIS2_PLACEMENT_3D('',#2556,#2043,#2044);
#1840=AXIS2_PLACEMENT_3D('',#2560,#2047,#2048);
#1841=AXIS2_PLACEMENT_3D('',#2569,#2053,#2054);
#1842=AXIS2_PLACEMENT_3D('',#2578,#2059,#2060);
#1843=AXIS2_PLACEMENT_3D('',#2582,#2062,#2063);
#1844=AXIS2_PLACEMENT_3D('',#2583,#2064,#2065);
#1845=AXIS2_PLACEMENT_3D('',#2584,#2066,#2067);
#1846=AXIS2_PLACEMENT_3D('',#2590,#2071,#2072);
#1847=AXIS2_PLACEMENT_3D('',#2598,#2074,#2075);
#1848=AXIS2_PLACEMENT_3D('',#2599,#2076,#2077);
#1849=AXIS2_PLACEMENT_3D('',#2600,#2078,#2079);
#1850=AXIS2_PLACEMENT_3D('',#2604,#2082,#2083);
#1851=AXIS2_PLACEMENT_3D('',#2608,#2086,#2087);
#1852=AXIS2_PLACEMENT_3D('',#2612,#2090,#2091);
#1853=AXIS2_PLACEMENT_3D('',#2619,#2095,#2096);
#1854=AXIS2_PLACEMENT_3D('',#2625,#2097,#2098);
#1855=AXIS2_PLACEMENT_3D('',#2628,#2100,#2101);
#1856=AXIS2_PLACEMENT_3D('',#2629,#2102,#2103);
#1857=AXIS2_PLACEMENT_3D('',#2635,#2107,#2108);
#1858=AXIS2_PLACEMENT_3D('',#2639,#2110,#2111);
#1859=AXIS2_PLACEMENT_3D('',#2640,#2112,#2113);
#1860=AXIS2_PLACEMENT_3D('',#2641,#2114,#2115);
#1861=AXIS2_PLACEMENT_3D('',#2647,#2119,#2120);
#1862=AXIS2_PLACEMENT_3D('',#2653,#2124,#2125);
#1863=AXIS2_PLACEMENT_3D('',#2656,#2127,#2128);
#1864=AXIS2_PLACEMENT_3D('',#2657,#2129,#2130);
#1865=AXIS2_PLACEMENT_3D('',#2661,#2133,#2134);
#1866=AXIS2_PLACEMENT_3D('',#2664,#2136,#2137);
#1867=AXIS2_PLACEMENT_3D('',#2665,#2138,#2139);
#1868=AXIS2_PLACEMENT_3D('',#2669,#2142,#2143);
#1869=AXIS2_PLACEMENT_3D('',#2678,#2148,#2149);
#1870=AXIS2_PLACEMENT_3D('',#2687,#2154,#2155);
#1871=AXIS2_PLACEMENT_3D('',#2691,#2157,#2158);
#1872=AXIS2_PLACEMENT_3D('',#2692,#2159,#2160);
#1873=AXIS2_PLACEMENT_3D('',#2693,#2161,#2162);
#1874=AXIS2_PLACEMENT_3D('',#2699,#2166,#2167);
#1875=AXIS2_PLACEMENT_3D('',#2707,#2169,#2170);
#1876=AXIS2_PLACEMENT_3D('',#2708,#2171,#2172);
#1877=AXIS2_PLACEMENT_3D('',#2709,#2173,#2174);
#1878=AXIS2_PLACEMENT_3D('',#2713,#2177,#2178);
#1879=AXIS2_PLACEMENT_3D('',#2717,#2181,#2182);
#1880=AXIS2_PLACEMENT_3D('',#2721,#2185,#2186);
#1881=AXIS2_PLACEMENT_3D('',#2725,#2188,#2189);
#1882=AXIS2_PLACEMENT_3D('',#2727,#2191,#2192);
#1883=AXIS2_PLACEMENT_3D('',#2731,#2195,#2196);
#1884=AXIS2_PLACEMENT_3D('',#2742,#2202,#2203);
#1885=AXIS2_PLACEMENT_3D('',#2744,#2204,#2205);
#1886=AXIS2_PLACEMENT_3D('',#2745,#2206,#2207);
#1887=AXIS2_PLACEMENT_3D('',#2752,#2211,#2212);
#1888=AXIS2_PLACEMENT_3D('',#2753,#2213,#2214);
#1889=AXIS2_PLACEMENT_3D('',#2757,#2216,#2217);
#1890=AXIS2_PLACEMENT_3D('',#2759,#2219,#2220);
#1891=AXIS2_PLACEMENT_3D('',#2763,#2223,#2224);
#1892=AXIS2_PLACEMENT_3D('',#2772,#2229,#2230);
#1893=AXIS2_PLACEMENT_3D('',#2786,#2240,#2241);
#1894=AXIS2_PLACEMENT_3D('',#2794,#2247,#2248);
#1895=AXIS2_PLACEMENT_3D('',#2798,#2251,#2252);
#1896=AXIS2_PLACEMENT_3D('',#2816,#2263,#2264);
#1897=AXIS2_PLACEMENT_3D('',#2822,#2268,#2269);
#1898=AXIS2_PLACEMENT_3D('',#2825,#2272,#2273);
#1899=AXIS2_PLACEMENT_3D('',#2830,#2278,#2279);
#1900=AXIS2_PLACEMENT_3D('',#2831,#2280,#2281);
#1901=AXIS2_PLACEMENT_3D('',#2833,#2282,#2283);
#1902=AXIS2_PLACEMENT_3D('',#2834,#2284,#2285);
#1903=AXIS2_PLACEMENT_3D('',#2835,#2286,#2287);
#1904=AXIS2_PLACEMENT_3D('',#2836,#2288,#2289);
#1905=AXIS2_PLACEMENT_3D('',#2839,#2291,#2292);
#1906=AXIS2_PLACEMENT_3D('',#2840,#2293,#2294);
#1907=AXIS2_PLACEMENT_3D('',#2841,#2295,#2296);
#1908=AXIS2_PLACEMENT_3D('',#2843,#2297,#2298);
#1909=AXIS2_PLACEMENT_3D('',#2844,#2299,#2300);
#1910=AXIS2_PLACEMENT_3D('',#2845,#2301,#2302);
#1911=AXIS2_PLACEMENT_3D('',#2846,#2303,#2304);
#1912=AXIS2_PLACEMENT_3D('',#2849,#2306,#2307);
#1913=AXIS2_PLACEMENT_3D('',#2850,#2308,#2309);
#1914=AXIS2_PLACEMENT_3D('',#2851,#2310,#2311);
#1915=AXIS2_PLACEMENT_3D('',#2853,#2312,#2313);
#1916=AXIS2_PLACEMENT_3D('',#2854,#2314,#2315);
#1917=AXIS2_PLACEMENT_3D('',#2855,#2316,#2317);
#1918=AXIS2_PLACEMENT_3D('',#2856,#2318,#2319);
#1919=AXIS2_PLACEMENT_3D('',#2859,#2321,#2322);
#1920=AXIS2_PLACEMENT_3D('',#2860,#2323,#2324);
#1921=AXIS2_PLACEMENT_3D('',#2861,#2325,#2326);
#1922=AXIS2_PLACEMENT_3D('',#2863,#2327,#2328);
#1923=AXIS2_PLACEMENT_3D('',#2864,#2329,#2330);
#1924=AXIS2_PLACEMENT_3D('',#2865,#2331,#2332);
#1925=AXIS2_PLACEMENT_3D('',#2866,#2333,#2334);
#1926=AXIS2_PLACEMENT_3D('',#2869,#2336,#2337);
#1927=AXIS2_PLACEMENT_3D('',#2870,#2338,#2339);
#1928=AXIS2_PLACEMENT_3D('',#2879,#2345,#2346);
#1929=AXIS2_PLACEMENT_3D('',#2884,#2349,#2350);
#1930=AXIS2_PLACEMENT_3D('',#2887,#2352,#2353);
#1931=AXIS2_PLACEMENT_3D('',#2894,#2356,#2357);
#1932=AXIS2_PLACEMENT_3D('',#2902,#2361,#2362);
#1933=AXIS2_PLACEMENT_3D('',#2904,#2364,#2365);
#1934=AXIS2_PLACEMENT_3D('',#2907,#2367,#2368);
#1935=AXIS2_PLACEMENT_3D('',#2908,#2369,#2370);
#1936=AXIS2_PLACEMENT_3D('',#2909,#2371,#2372);
#1937=AXIS2_PLACEMENT_3D('',#2912,#2374,#2375);
#1938=AXIS2_PLACEMENT_3D('',#2913,#2376,#2377);
#1939=AXIS2_PLACEMENT_3D('',#2914,#2378,#2379);
#1940=AXIS2_PLACEMENT_3D('',#2916,#2380,#2381);
#1941=AXIS2_PLACEMENT_3D('',#2919,#2383,#2384);
#1942=AXIS2_PLACEMENT_3D('',#2920,#2385,#2386);
#1943=AXIS2_PLACEMENT_3D('',#2921,#2387,#2388);
#1944=AXIS2_PLACEMENT_3D('',#2923,#2389,#2390);
#1945=AXIS2_PLACEMENT_3D('',#2926,#2392,#2393);
#1946=AXIS2_PLACEMENT_3D('',#2927,#2394,#2395);
#1947=AXIS2_PLACEMENT_3D('',#2928,#2396,#2397);
#1948=AXIS2_PLACEMENT_3D('',#2932,#2400,#2401);
#1949=AXIS2_PLACEMENT_3D('',#2934,#2402,#2403);
#1950=AXIS2_PLACEMENT_3D('',#2936,#2405,#2406);
#1951=AXIS2_PLACEMENT_3D('',#2938,#2408,#2409);
#1952=AXIS2_PLACEMENT_3D('',#2939,#2410,#2411);
#1953=AXIS2_PLACEMENT_3D('',#2940,#2412,#2413);
#1954=AXIS2_PLACEMENT_3D('',#2941,#2414,#2415);
#1955=AXIS2_PLACEMENT_3D('',#2943,#2417,#2418);
#1956=AXIS2_PLACEMENT_3D('',#2944,#2419,#2420);
#1957=AXIS2_PLACEMENT_3D('',#2946,#2421,#2422);
#1958=AXIS2_PLACEMENT_3D('',#2948,#2424,#2425);
#1959=AXIS2_PLACEMENT_3D('',#2952,#2428,#2429);
#1960=AXIS2_PLACEMENT_3D('',#2954,#2430,#2431);
#1961=AXIS2_PLACEMENT_3D('',#2956,#2433,#2434);
#1962=AXIS2_PLACEMENT_3D('',#2958,#2436,#2437);
#1963=AXIS2_PLACEMENT_3D('',#2964,#2441,#2442);
#1964=AXIS2_PLACEMENT_3D('',#2966,#2443,#2444);
#1965=AXIS2_PLACEMENT_3D('',#2968,#2446,#2447);
#1966=AXIS2_PLACEMENT_3D('',#2972,#2450,#2451);
#1967=AXIS2_PLACEMENT_3D('',#2974,#2453,#2454);
#1968=AXIS2_PLACEMENT_3D('',#2980,#2458,#2459);
#1969=AXIS2_PLACEMENT_3D('',#2982,#2460,#2461);
#1970=AXIS2_PLACEMENT_3D('',#2984,#2463,#2464);
#1971=AXIS2_PLACEMENT_3D('',#2988,#2467,#2468);
#1972=AXIS2_PLACEMENT_3D('',#2990,#2470,#2471);
#1973=AXIS2_PLACEMENT_3D('',#2994,#2473,#2474);
#1974=AXIS2_PLACEMENT_3D('',#2996,#2476,#2477);
#1975=AXIS2_PLACEMENT_3D('',#2998,#2479,#2480);
#1976=AXIS2_PLACEMENT_3D('',#3000,#2482,#2483);
#1977=DIRECTION('axis',(0.,0.,1.));
#1978=DIRECTION('refdir',(1.,0.,0.));
#1979=DIRECTION('center_axis',(0.,0.,1.));
#1980=DIRECTION('ref_axis',(-1.,0.,0.));
#1981=DIRECTION('',(0.,0.,1.));
#1982=DIRECTION('center_axis',(0.,0.,1.));
#1983=DIRECTION('ref_axis',(-1.,0.,0.));
#1984=DIRECTION('',(0.,0.,1.));
#1985=DIRECTION('center_axis',(0.,0.,1.));
#1986=DIRECTION('ref_axis',(-1.,0.,0.));
#1987=DIRECTION('center_axis',(0.,0.,1.));
#1988=DIRECTION('ref_axis',(-1.,0.,0.));
#1989=DIRECTION('',(0.,0.,1.));
#1990=DIRECTION('center_axis',(0.,0.,1.));
#1991=DIRECTION('ref_axis',(-1.,0.,0.));
#1992=DIRECTION('',(0.,0.,1.));
#1993=DIRECTION('center_axis',(0.,0.,1.));
#1994=DIRECTION('ref_axis',(-1.,0.,0.));
#1995=DIRECTION('center_axis',(0.707106781186548,-0.707106781186548,0.));
#1996=DIRECTION('ref_axis',(0.,0.,-1.));
#1997=DIRECTION('',(0.707106781186548,0.707106781186548,0.));
#1998=DIRECTION('',(0.,0.,-1.));
#1999=DIRECTION('',(0.707106781186548,0.707106781186548,0.));
#2000=DIRECTION('',(0.,0.,1.));
#2001=DIRECTION('center_axis',(-1.,0.,0.));
#2002=DIRECTION('ref_axis',(0.,-0.707106781186548,-0.707106781186547));
#2003=DIRECTION('center_axis',(1.,0.,0.));
#2004=DIRECTION('ref_axis',(0.,-0.707106781186548,-0.707106781186547));
#2005=DIRECTION('',(0.707106781186547,0.,0.707106781186548));
#2006=DIRECTION('center_axis',(-1.,0.,0.));
#2007=DIRECTION('ref_axis',(0.,-0.707106781186548,-0.707106781186547));
#2008=DIRECTION('center_axis',(0.707106781186548,0.,-0.707106781186547));
#2009=DIRECTION('ref_axis',(-0.707106781186547,0.,-0.707106781186548));
#2010=DIRECTION('',(0.,1.,0.));
#2011=DIRECTION('',(0.707106781186547,0.,0.707106781186548));
#2012=DIRECTION('',(0.,-1.,0.));
#2013=DIRECTION('center_axis',(-1.,0.,0.));
#2014=DIRECTION('ref_axis',(0.,0.707106781186548,-0.707106781186547));
#2015=DIRECTION('center_axis',(-1.,0.,0.));
#2016=DIRECTION('ref_axis',(0.,0.707106781186548,-0.707106781186547));
#2017=DIRECTION('center_axis',(1.,0.,0.));
#2018=DIRECTION('ref_axis',(0.,0.707106781186548,-0.707106781186547));
#2019=DIRECTION('',(0.707106781186546,-0.707106781186549,0.));
#2020=DIRECTION('center_axis',(0.70710678118655,0.707106781186545,0.));
#2021=DIRECTION('ref_axis',(0.,0.,-1.));
#2022=DIRECTION('',(-0.577350269189624,0.577350269189627,0.577350269189626));
#2023=DIRECTION('',(0.,0.,1.));
#2024=DIRECTION('center_axis',(0.,1.,0.));
#2025=DIRECTION('ref_axis',(1.,0.,0.));
#2026=DIRECTION('',(1.,0.,0.));
#2027=DIRECTION('',(0.,0.,1.));
#2028=DIRECTION('',(-1.,0.,0.));
#2029=DIRECTION('center_axis',(1.,0.,0.));
#2030=DIRECTION('ref_axis',(0.,0.707106781186548,-0.707106781186547));
#2031=DIRECTION('',(-1.,0.,0.));
#2032=DIRECTION('center_axis',(1.,0.,0.));
#2033=DIRECTION('ref_axis',(0.,0.707106781186548,-0.707106781186547));
#2034=DIRECTION('center_axis',(0.,0.,-1.));
#2035=DIRECTION('ref_axis',(-1.,0.,0.));
#2036=DIRECTION('',(1.,0.,0.));
#2037=DIRECTION('',(0.,1.,0.));
#2038=DIRECTION('center_axis',(-1.,0.,0.));
#2039=DIRECTION('ref_axis',(0.,-0.707106781186548,-0.707106781186547));
#2040=DIRECTION('',(-1.,0.,0.));
#2041=DIRECTION('center_axis',(1.,0.,0.));
#2042=DIRECTION('ref_axis',(0.,-0.707106781186548,-0.707106781186547));
#2043=DIRECTION('center_axis',(0.,-1.,0.));
#2044=DIRECTION('ref_axis',(-1.,0.,0.));
#2045=DIRECTION('',(1.,0.,0.));
#2046=DIRECTION('',(0.,0.,-1.));
#2047=DIRECTION('center_axis',(1.,0.,0.));
#2048=DIRECTION('ref_axis',(0.,1.,0.));
#2049=DIRECTION('',(0.,-1.,0.));
#2050=DIRECTION('',(0.,0.,1.));
#2051=DIRECTION('',(0.,1.,0.));
#2052=DIRECTION('',(0.,0.,1.));
#2053=DIRECTION('center_axis',(0.707106781186549,0.707106781186546,0.));
#2054=DIRECTION('ref_axis',(0.,0.,-1.));
#2055=DIRECTION('',(-0.707106781186546,0.707106781186549,0.));
#2056=DIRECTION('',(0.,0.,-1.));
#2057=DIRECTION('',(-0.707106781186546,0.707106781186549,0.));
#2058=DIRECTION('',(0.,0.,1.));
#2059=DIRECTION('center_axis',(-1.,0.,0.));
#2060=DIRECTION('ref_axis',(0.,0.707106781186548,-0.707106781186547));
#2061=DIRECTION('',(-0.707106781186547,0.,-0.707106781186548));
#2062=DIRECTION('center_axis',(1.,0.,0.));
#2063=DIRECTION('ref_axis',(0.,0.707106781186548,-0.707106781186547));
#2064=DIRECTION('center_axis',(-1.,0.,0.));
#2065=DIRECTION('ref_axis',(0.,0.707106781186548,-0.707106781186547));
#2066=DIRECTION('center_axis',(0.707106781186548,0.,-0.707106781186547));
#2067=DIRECTION('ref_axis',(-0.707106781186547,0.,-0.707106781186548));
#2068=DIRECTION('',(-0.707106781186547,0.,-0.707106781186548));
#2069=DIRECTION('',(0.,1.,0.));
#2070=DIRECTION('',(0.,-1.,0.));
#2071=DIRECTION('center_axis',(-1.,0.,0.));
#2072=DIRECTION('ref_axis',(0.,-0.707106781186548,-0.707106781186547));
#2073=DIRECTION('',(-0.707106781186546,-0.707106781186549,0.));
#2074=DIRECTION('center_axis',(1.,0.,0.));
#2075=DIRECTION('ref_axis',(0.,-0.707106781186548,-0.707106781186547));
#2076=DIRECTION('center_axis',(-1.,0.,0.));
#2077=DIRECTION('ref_axis',(0.,-0.707106781186548,-0.707106781186547));
#2078=DIRECTION('center_axis',(0.707106781186546,-0.707106781186549,0.));
#2079=DIRECTION('ref_axis',(0.,0.,-1.));
#2080=DIRECTION('',(0.577350269189627,0.577350269189625,-0.577350269189625));
#2081=DIRECTION('',(0.,0.,-1.));
#2082=DIRECTION('center_axis',(1.,0.,0.));
#2083=DIRECTION('ref_axis',(0.,1.,0.));
#2084=DIRECTION('',(0.,-0.707106781186548,-0.707106781186547));
#2085=DIRECTION('',(0.,1.,0.));
#2086=DIRECTION('center_axis',(1.,0.,0.));
#2087=DIRECTION('ref_axis',(0.,1.,0.));
#2088=DIRECTION('',(0.,-0.707106781186548,0.707106781186547));
#2089=DIRECTION('',(0.,1.,0.));
#2090=DIRECTION('center_axis',(-0.70710678118655,-0.707106781186545,0.));
#2091=DIRECTION('ref_axis',(0.,0.,1.));
#2092=DIRECTION('',(0.577350269189624,-0.577350269189627,0.577350269189627));
#2093=DIRECTION('',(0.707106781186545,-0.70710678118655,0.));
#2094=DIRECTION('',(0.,0.,1.));
#2095=DIRECTION('center_axis',(1.,0.,0.));
#2096=DIRECTION('ref_axis',(0.,-0.707106781186548,-0.707106781186547));
#2097=DIRECTION('center_axis',(1.,0.,0.));
#2098=DIRECTION('ref_axis',(0.,-0.707106781186548,-0.707106781186547));
#2099=DIRECTION('',(0.707106781186546,0.,-0.707106781186549));
#2100=DIRECTION('center_axis',(-1.,0.,0.));
#2101=DIRECTION('ref_axis',(0.,-0.707106781186548,-0.707106781186547));
#2102=DIRECTION('center_axis',(-0.707106781186549,0.,-0.707106781186546));
#2103=DIRECTION('ref_axis',(-0.707106781186546,0.,0.707106781186549));
#2104=DIRECTION('',(0.707106781186546,0.,-0.707106781186549));
#2105=DIRECTION('',(0.,-1.,0.));
#2106=DIRECTION('',(0.,1.,0.));
#2107=DIRECTION('center_axis',(1.,0.,0.));
#2108=DIRECTION('ref_axis',(0.,0.707106781186548,-0.707106781186547));
#2109=DIRECTION('',(0.707106781186546,0.707106781186549,0.));
#2110=DIRECTION('center_axis',(-1.,0.,0.));
#2111=DIRECTION('ref_axis',(0.,0.707106781186548,-0.707106781186547));
#2112=DIRECTION('center_axis',(1.,0.,0.));
#2113=DIRECTION('ref_axis',(0.,0.707106781186548,-0.707106781186547));
#2114=DIRECTION('center_axis',(-0.707106781186548,0.707106781186548,0.));
#2115=DIRECTION('ref_axis',(0.,0.,1.));
#2116=DIRECTION('',(-0.707106781186548,-0.707106781186548,0.));
#2117=DIRECTION('',(0.,0.,-1.));
#2118=DIRECTION('',(0.,0.,1.));
#2119=DIRECTION('center_axis',(0.,-1.,0.));
#2120=DIRECTION('ref_axis',(-1.,0.,0.));
#2121=DIRECTION('',(-1.,0.,0.));
#2122=DIRECTION('',(0.,0.,1.));
#2123=DIRECTION('',(1.,0.,0.));
#2124=DIRECTION('center_axis',(-1.,0.,0.));
#2125=DIRECTION('ref_axis',(0.,-0.707106781186548,-0.707106781186547));
#2126=DIRECTION('',(1.,0.,0.));
#2127=DIRECTION('center_axis',(-1.,0.,0.));
#2128=DIRECTION('ref_axis',(0.,-0.707106781186548,-0.707106781186547));
#2129=DIRECTION('center_axis',(0.,0.,-1.));
#2130=DIRECTION('ref_axis',(-1.,0.,0.));
#2131=DIRECTION('',(-1.,0.,0.));
#2132=DIRECTION('',(0.,-1.,0.));
#2133=DIRECTION('center_axis',(1.,0.,0.));
#2134=DIRECTION('ref_axis',(0.,0.707106781186548,-0.707106781186547));
#2135=DIRECTION('',(1.,0.,0.));
#2136=DIRECTION('center_axis',(-1.,0.,0.));
#2137=DIRECTION('ref_axis',(0.,0.707106781186548,-0.707106781186547));
#2138=DIRECTION('center_axis',(0.,1.,0.));
#2139=DIRECTION('ref_axis',(1.,0.,0.));
#2140=DIRECTION('',(-1.,0.,0.));
#2141=DIRECTION('',(0.,0.,-1.));
#2142=DIRECTION('center_axis',(-1.,0.,0.));
#2143=DIRECTION('ref_axis',(0.,-1.,0.));
#2144=DIRECTION('',(0.,1.,0.));
#2145=DIRECTION('',(0.,0.,1.));
#2146=DIRECTION('',(0.,-1.,0.));
#2147=DIRECTION('',(0.,0.,1.));
#2148=DIRECTION('center_axis',(-0.707106781186549,-0.707106781186546,0.));
#2149=DIRECTION('ref_axis',(0.,0.,1.));
#2150=DIRECTION('',(0.707106781186546,-0.707106781186549,0.));
#2151=DIRECTION('',(0.,0.,-1.));
#2152=DIRECTION('',(0.707106781186546,-0.707106781186549,0.));
#2153=DIRECTION('',(0.,0.,1.));
#2154=DIRECTION('center_axis',(1.,0.,0.));
#2155=DIRECTION('ref_axis',(0.,-0.707106781186548,-0.707106781186547));
#2156=DIRECTION('',(0.707106781186547,0.,-0.707106781186548));
#2157=DIRECTION('center_axis',(-1.,0.,0.));
#2158=DIRECTION('ref_axis',(0.,-0.707106781186548,-0.707106781186547));
#2159=DIRECTION('center_axis',(1.,0.,0.));
#2160=DIRECTION('ref_axis',(0.,-0.707106781186548,-0.707106781186547));
#2161=DIRECTION('center_axis',(-0.707106781186549,0.,-0.707106781186546));
#2162=DIRECTION('ref_axis',(-0.707106781186546,0.,0.707106781186549));
#2163=DIRECTION('',(0.707106781186546,0.,-0.707106781186549));
#2164=DIRECTION('',(0.,-1.,0.));
#2165=DIRECTION('',(0.,1.,0.));
#2166=DIRECTION('center_axis',(1.,0.,0.));
#2167=DIRECTION('ref_axis',(0.,0.707106781186548,-0.707106781186547));
#2168=DIRECTION('',(0.707106781186546,0.707106781186549,0.));
#2169=DIRECTION('center_axis',(-1.,0.,0.));
#2170=DIRECTION('ref_axis',(0.,0.707106781186548,-0.707106781186547));
#2171=DIRECTION('center_axis',(1.,0.,0.));
#2172=DIRECTION('ref_axis',(0.,0.707106781186548,-0.707106781186547));
#2173=DIRECTION('center_axis',(-0.707106781186546,0.707106781186549,0.));
#2174=DIRECTION('ref_axis',(0.,0.,1.));
#2175=DIRECTION('',(-0.577350269189627,-0.577350269189625,-0.577350269189625));
#2176=DIRECTION('',(0.,0.,-1.));
#2177=DIRECTION('center_axis',(-1.,0.,0.));
#2178=DIRECTION('ref_axis',(0.,-1.,0.));
#2179=DIRECTION('',(0.,0.707106781186548,-0.707106781186547));
#2180=DIRECTION('',(0.,-1.,0.));
#2181=DIRECTION('center_axis',(-1.,0.,0.));
#2182=DIRECTION('ref_axis',(0.,-1.,0.));
#2183=DIRECTION('',(0.,0.707106781186548,0.707106781186547));
#2184=DIRECTION('',(0.,-1.,0.));
#2185=DIRECTION('center_axis',(1.,0.,0.));
#2186=DIRECTION('ref_axis',(0.,0.707106781186548,-0.707106781186547));
#2187=DIRECTION('',(1.,0.,0.));
#2188=DIRECTION('center_axis',(-1.,0.,0.));
#2189=DIRECTION('ref_axis',(0.,0.707106781186548,-0.707106781186547));
#2190=DIRECTION('',(-1.,0.,0.));
#2191=DIRECTION('center_axis',(0.,0.,-1.));
#2192=DIRECTION('ref_axis',(-1.,0.,0.));
#2193=DIRECTION('',(0.,-1.,0.));
#2194=DIRECTION('',(1.,0.,0.));
#2195=DIRECTION('center_axis',(1.,0.,0.));
#2196=DIRECTION('ref_axis',(0.,-1.,0.));
#2197=DIRECTION('',(0.,0.,-1.));
#2198=DIRECTION('',(0.,-0.707106781186548,-0.707106781186547));
#2199=DIRECTION('',(0.,-0.988904253734145,-0.148554289559449));
#2200=DIRECTION('',(0.,1.,0.));
#2201=DIRECTION('',(0.,0.,-1.));
#2202=DIRECTION('center_axis',(-1.,0.,0.));
#2203=DIRECTION('ref_axis',(0.,-0.707106781186548,-0.707106781186547));
#2204=DIRECTION('center_axis',(-1.,0.,0.));
#2205=DIRECTION('ref_axis',(0.,1.,0.));
#2206=DIRECTION('center_axis',(1.,0.,0.));
#2207=DIRECTION('ref_axis',(0.,-1.,0.));
#2208=DIRECTION('',(0.,1.,0.));
#2209=DIRECTION('',(0.,-0.988904253734145,0.148554289559449));
#2210=DIRECTION('',(0.,-0.707106781186548,0.707106781186547));
#2211=DIRECTION('center_axis',(-1.,0.,0.));
#2212=DIRECTION('ref_axis',(0.,1.,0.));
#2213=DIRECTION('center_axis',(-1.,0.,0.));
#2214=DIRECTION('ref_axis',(0.,-0.707106781186548,-0.707106781186547));
#2215=DIRECTION('',(-1.,0.,0.));
#2216=DIRECTION('center_axis',(1.,0.,0.));
#2217=DIRECTION('ref_axis',(0.,-0.707106781186548,-0.707106781186547));
#2218=DIRECTION('',(1.,0.,0.));
#2219=DIRECTION('center_axis',(0.,-1.,0.));
#2220=DIRECTION('ref_axis',(-1.,0.,0.));
#2221=DIRECTION('',(1.,0.,0.));
#2222=DIRECTION('',(0.,0.,-1.));
#2223=DIRECTION('center_axis',(0.,-0.148554289559449,-0.988904253734146));
#2224=DIRECTION('ref_axis',(-1.,0.,0.));
#2225=DIRECTION('',(0.,0.988904253734145,-0.148554289559449));
#2226=DIRECTION('',(1.,0.,0.));
#2227=DIRECTION('',(0.,0.988904253734145,-0.148554289559449));
#2228=DIRECTION('',(-1.,0.,0.));
#2229=DIRECTION('center_axis',(-1.,0.,0.));
#2230=DIRECTION('ref_axis',(0.,-1.,0.));
#2231=DIRECTION('',(0.,0.707106781186548,-0.707106781186547));
#2232=DIRECTION('',(0.,-1.,0.));
#2233=DIRECTION('',(0.,0.707106781186548,0.707106781186547));
#2234=DIRECTION('',(0.,0.988904253734145,0.148554289559449));
#2235=DIRECTION('',(0.,1.,0.));
#2236=DIRECTION('',(0.,0.,1.));
#2237=DIRECTION('',(0.,1.,0.));
#2238=DIRECTION('',(0.,0.,1.));
#2239=DIRECTION('',(0.,1.,0.));
#2240=DIRECTION('center_axis',(0.,-0.707106781186547,-0.707106781186548));
#2241=DIRECTION('ref_axis',(-1.,0.,0.));
#2242=DIRECTION('',(0.,0.707106781186548,-0.707106781186547));
#2243=DIRECTION('',(1.,0.,0.));
#2244=DIRECTION('',(-1.,0.,0.));
#2245=DIRECTION('',(0.,-0.707106781186548,0.707106781186547));
#2246=DIRECTION('',(1.,0.,0.));
#2247=DIRECTION('center_axis',(0.,-0.148554289559449,-0.988904253734146));
#2248=DIRECTION('ref_axis',(-1.,0.,0.));
#2249=DIRECTION('',(0.,-0.988904253734145,0.148554289559449));
#2250=DIRECTION('',(1.,0.,0.));
#2251=DIRECTION('center_axis',(1.,0.,0.));
#2252=DIRECTION('ref_axis',(0.,1.,0.));
#2253=DIRECTION('',(0.,-1.,0.));
#2254=DIRECTION('',(0.,0.,1.));
#2255=DIRECTION('',(0.,0.,1.));
#2256=DIRECTION('',(0.,-1.,0.));
#2257=DIRECTION('',(0.,0.,1.));
#2258=DIRECTION('',(0.,0.,1.));
#2259=DIRECTION('',(0.,-1.,0.));
#2260=DIRECTION('',(0.,-0.988904253734145,-0.148554289559449));
#2261=DIRECTION('',(0.,-0.707106781186548,-0.707106781186547));
#2262=DIRECTION('',(0.,1.,0.));
#2263=DIRECTION('center_axis',(0.,0.148554289559449,-0.988904253734146));
#2264=DIRECTION('ref_axis',(-1.,0.,0.));
#2265=DIRECTION('',(1.,0.,0.));
#2266=DIRECTION('',(0.,0.988904253734145,0.148554289559449));
#2267=DIRECTION('',(-1.,0.,0.));
#2268=DIRECTION('center_axis',(0.,0.148554289559449,-0.988904253734146));
#2269=DIRECTION('ref_axis',(-1.,0.,0.));
#2270=DIRECTION('',(-1.,0.,0.));
#2271=DIRECTION('',(1.,0.,0.));
#2272=DIRECTION('center_axis',(0.,0.707106781186547,-0.707106781186548));
#2273=DIRECTION('ref_axis',(-1.,0.,0.));
#2274=DIRECTION('',(-1.,0.,0.));
#2275=DIRECTION('',(-1.,0.,0.));
#2276=DIRECTION('',(-1.,0.,0.));
#2277=DIRECTION('',(0.,0.707106781186548,0.707106781186547));
#2278=DIRECTION('center_axis',(0.,0.,1.));
#2279=DIRECTION('ref_axis',(-1.,0.,0.));
#2280=DIRECTION('center_axis',(0.,0.,1.));
#2281=DIRECTION('ref_axis',(-1.,0.,0.));
#2282=DIRECTION('center_axis',(0.,0.,1.));
#2283=DIRECTION('ref_axis',(-1.,0.,0.));
#2284=DIRECTION('center_axis',(0.,0.,1.));
#2285=DIRECTION('ref_axis',(-1.,0.,0.));
#2286=DIRECTION('center_axis',(0.,0.,1.));
#2287=DIRECTION('ref_axis',(-1.,0.,0.));
#2288=DIRECTION('center_axis',(0.,0.,1.));
#2289=DIRECTION('ref_axis',(-1.,0.,0.));
#2290=DIRECTION('',(0.,0.,1.));
#2291=DIRECTION('center_axis',(0.,0.,-1.));
#2292=DIRECTION('ref_axis',(-1.,0.,0.));
#2293=DIRECTION('center_axis',(0.,0.,1.));
#2294=DIRECTION('ref_axis',(-1.,0.,0.));
#2295=DIRECTION('center_axis',(0.,0.,1.));
#2296=DIRECTION('ref_axis',(-1.,0.,0.));
#2297=DIRECTION('center_axis',(0.,0.,1.));
#2298=DIRECTION('ref_axis',(-1.,0.,0.));
#2299=DIRECTION('center_axis',(0.,0.,1.));
#2300=DIRECTION('ref_axis',(-1.,0.,0.));
#2301=DIRECTION('center_axis',(0.,0.,1.));
#2302=DIRECTION('ref_axis',(-1.,0.,0.));
#2303=DIRECTION('center_axis',(0.,0.,1.));
#2304=DIRECTION('ref_axis',(-1.,0.,0.));
#2305=DIRECTION('',(0.,0.,1.));
#2306=DIRECTION('center_axis',(0.,0.,-1.));
#2307=DIRECTION('ref_axis',(-1.,0.,0.));
#2308=DIRECTION('center_axis',(0.,0.,1.));
#2309=DIRECTION('ref_axis',(-1.,0.,0.));
#2310=DIRECTION('center_axis',(0.,0.,1.));
#2311=DIRECTION('ref_axis',(-1.,0.,0.));
#2312=DIRECTION('center_axis',(0.,0.,1.));
#2313=DIRECTION('ref_axis',(-1.,0.,0.));
#2314=DIRECTION('center_axis',(0.,0.,1.));
#2315=DIRECTION('ref_axis',(-1.,0.,0.));
#2316=DIRECTION('center_axis',(0.,0.,1.));
#2317=DIRECTION('ref_axis',(-1.,0.,0.));
#2318=DIRECTION('center_axis',(0.,0.,1.));
#2319=DIRECTION('ref_axis',(-1.,0.,0.));
#2320=DIRECTION('',(0.,0.,1.));
#2321=DIRECTION('center_axis',(0.,0.,-1.));
#2322=DIRECTION('ref_axis',(-1.,0.,0.));
#2323=DIRECTION('center_axis',(0.,0.,1.));
#2324=DIRECTION('ref_axis',(-1.,0.,0.));
#2325=DIRECTION('center_axis',(0.,0.,1.));
#2326=DIRECTION('ref_axis',(-1.,0.,0.));
#2327=DIRECTION('center_axis',(0.,0.,1.));
#2328=DIRECTION('ref_axis',(-1.,0.,0.));
#2329=DIRECTION('center_axis',(0.,0.,1.));
#2330=DIRECTION('ref_axis',(-1.,0.,0.));
#2331=DIRECTION('center_axis',(0.,0.,1.));
#2332=DIRECTION('ref_axis',(-1.,0.,0.));
#2333=DIRECTION('center_axis',(0.,0.,1.));
#2334=DIRECTION('ref_axis',(-1.,0.,0.));
#2335=DIRECTION('',(0.,0.,1.));
#2336=DIRECTION('center_axis',(0.,0.,-1.));
#2337=DIRECTION('ref_axis',(-1.,0.,0.));
#2338=DIRECTION('center_axis',(0.,0.,1.));
#2339=DIRECTION('ref_axis',(1.,0.,0.));
#2340=DIRECTION('',(1.,0.,0.));
#2341=DIRECTION('',(-1.,0.,0.));
#2342=DIRECTION('',(0.,-1.,0.));
#2343=DIRECTION('',(0.,-1.,0.));
#2344=DIRECTION('',(-0.707106781186547,-0.707106781186548,0.));
#2345=DIRECTION('center_axis',(0.,0.,1.));
#2346=DIRECTION('ref_axis',(1.,0.,0.));
#2347=DIRECTION('',(0.707106781186547,-0.707106781186548,0.));
#2348=DIRECTION('',(0.707106781186546,0.707106781186549,0.));
#2349=DIRECTION('center_axis',(0.,0.,1.));
#2350=DIRECTION('ref_axis',(1.,0.,0.));
#2351=DIRECTION('',(-0.707106781186547,0.707106781186548,0.));
#2352=DIRECTION('center_axis',(0.,0.,-1.));
#2353=DIRECTION('ref_axis',(1.,0.,0.));
#2354=DIRECTION('',(-1.,0.,0.));
#2355=DIRECTION('',(0.707106781186548,-0.707106781186547,0.));
#2356=DIRECTION('center_axis',(0.,0.,1.));
#2357=DIRECTION('ref_axis',(1.,0.,0.));
#2358=DIRECTION('',(0.707106781186548,0.707106781186547,0.));
#2359=DIRECTION('',(1.,0.,0.));
#2360=DIRECTION('',(-0.707106781186548,0.707106781186547,0.));
#2361=DIRECTION('center_axis',(0.,0.,1.));
#2362=DIRECTION('ref_axis',(1.,0.,0.));
#2363=DIRECTION('',(-0.707106781186548,-0.707106781186547,0.));
#2364=DIRECTION('center_axis',(-1.,0.,0.));
#2365=DIRECTION('ref_axis',(0.,1.,0.));
#2366=DIRECTION('',(0.707106781186548,0.707106781186548,-8.65956056235493E-17));
#2367=DIRECTION('center_axis',(-1.,0.,0.));
#2368=DIRECTION('ref_axis',(0.,1.,0.));
#2369=DIRECTION('center_axis',(1.,0.,0.));
#2370=DIRECTION('ref_axis',(0.,0.,-1.));
#2371=DIRECTION('center_axis',(-1.,0.,0.));
#2372=DIRECTION('ref_axis',(0.,1.,0.));
#2373=DIRECTION('',(0.707106781186548,0.707106781186548,-8.65956056235493E-17));
#2374=DIRECTION('center_axis',(-1.,0.,0.));
#2375=DIRECTION('ref_axis',(0.,1.,0.));
#2376=DIRECTION('center_axis',(1.,0.,0.));
#2377=DIRECTION('ref_axis',(0.,0.,-1.));
#2378=DIRECTION('center_axis',(1.,0.,0.));
#2379=DIRECTION('ref_axis',(0.,1.,0.));
#2380=DIRECTION('center_axis',(1.,0.,0.));
#2381=DIRECTION('ref_axis',(0.,1.,0.));
#2382=DIRECTION('',(0.707106781186548,-0.707106781186548,8.65956056235493E-17));
#2383=DIRECTION('center_axis',(1.,0.,0.));
#2384=DIRECTION('ref_axis',(0.,1.,0.));
#2385=DIRECTION('center_axis',(1.,0.,0.));
#2386=DIRECTION('ref_axis',(0.,0.,-1.));
#2387=DIRECTION('center_axis',(1.,0.,0.));
#2388=DIRECTION('ref_axis',(0.,1.,0.));
#2389=DIRECTION('center_axis',(1.,0.,0.));
#2390=DIRECTION('ref_axis',(0.,1.,0.));
#2391=DIRECTION('',(0.707106781186548,-0.707106781186548,8.65956056235493E-17));
#2392=DIRECTION('center_axis',(1.,0.,0.));
#2393=DIRECTION('ref_axis',(0.,1.,0.));
#2394=DIRECTION('center_axis',(1.,0.,0.));
#2395=DIRECTION('ref_axis',(0.,0.,-1.));
#2396=DIRECTION('center_axis',(0.,0.,-1.));
#2397=DIRECTION('ref_axis',(-1.,0.,0.));
#2398=DIRECTION('',(0.,1.,0.));
#2399=DIRECTION('',(-1.,0.,0.));
#2400=DIRECTION('center_axis',(1.,0.,0.));
#2401=DIRECTION('ref_axis',(0.,0.707106781186548,-0.707106781186547));
#2402=DIRECTION('center_axis',(1.,0.,0.));
#2403=DIRECTION('ref_axis',(0.,0.707106781186548,-0.707106781186547));
#2404=DIRECTION('',(1.,0.,0.));
#2405=DIRECTION('center_axis',(-1.,0.,0.));
#2406=DIRECTION('ref_axis',(0.,-0.707106781186548,-0.707106781186547));
#2407=DIRECTION('',(-1.,0.,0.));
#2408=DIRECTION('center_axis',(0.,-1.,0.));
#2409=DIRECTION('ref_axis',(-1.,0.,0.));
#2410=DIRECTION('center_axis',(0.,1.,0.));
#2411=DIRECTION('ref_axis',(1.,0.,0.));
#2412=DIRECTION('center_axis',(-1.,0.,0.));
#2413=DIRECTION('ref_axis',(0.,1.,0.));
#2414=DIRECTION('center_axis',(0.,1.,0.));
#2415=DIRECTION('ref_axis',(1.,0.,0.));
#2416=DIRECTION('',(0.,0.,-1.));
#2417=DIRECTION('center_axis',(-1.,0.,0.));
#2418=DIRECTION('ref_axis',(0.,1.,0.));
#2419=DIRECTION('center_axis',(0.,0.,1.));
#2420=DIRECTION('ref_axis',(1.,0.,0.));
#2421=DIRECTION('center_axis',(0.,0.,-1.));
#2422=DIRECTION('ref_axis',(1.,0.,0.));
#2423=DIRECTION('',(0.,0.,-1.));
#2424=DIRECTION('center_axis',(0.707106781186549,-0.707106781186546,0.));
#2425=DIRECTION('ref_axis',(0.707106781186546,0.707106781186549,0.));
#2426=DIRECTION('',(0.707106781186546,0.707106781186549,0.));
#2427=DIRECTION('',(0.,0.,1.));
#2428=DIRECTION('center_axis',(0.,0.,1.));
#2429=DIRECTION('ref_axis',(1.,0.,0.));
#2430=DIRECTION('center_axis',(0.,0.,1.));
#2431=DIRECTION('ref_axis',(1.,0.,0.));
#2432=DIRECTION('',(0.,0.,1.));
#2433=DIRECTION('center_axis',(0.707106781186548,0.707106781186547,0.));
#2434=DIRECTION('ref_axis',(-0.707106781186547,0.707106781186548,0.));
#2435=DIRECTION('',(-0.707106781186547,0.707106781186548,0.));
#2436=DIRECTION('center_axis',(-0.707106781186547,-0.707106781186548,0.));
#2437=DIRECTION('ref_axis',(0.707106781186548,-0.707106781186547,0.));
#2438=DIRECTION('',(0.,0.,1.));
#2439=DIRECTION('',(0.707106781186548,-0.707106781186547,0.));
#2440=DIRECTION('',(0.,0.,1.));
#2441=DIRECTION('center_axis',(0.,0.,1.));
#2442=DIRECTION('ref_axis',(1.,0.,0.));
#2443=DIRECTION('center_axis',(0.,0.,1.));
#2444=DIRECTION('ref_axis',(1.,0.,0.));
#2445=DIRECTION('',(0.,0.,1.));
#2446=DIRECTION('center_axis',(0.707106781186547,-0.707106781186548,0.));
#2447=DIRECTION('ref_axis',(0.707106781186548,0.707106781186547,0.));
#2448=DIRECTION('',(0.707106781186548,0.707106781186547,0.));
#2449=DIRECTION('',(0.,0.,1.));
#2450=DIRECTION('center_axis',(0.,1.,0.));
#2451=DIRECTION('ref_axis',(-1.,0.,0.));
#2452=DIRECTION('',(-1.,0.,0.));
#2453=DIRECTION('center_axis',(0.707106781186547,0.707106781186548,0.));
#2454=DIRECTION('ref_axis',(-0.707106781186548,0.707106781186547,0.));
#2455=DIRECTION('',(0.,0.,1.));
#2456=DIRECTION('',(-0.707106781186548,0.707106781186547,0.));
#2457=DIRECTION('',(0.,0.,1.));
#2458=DIRECTION('center_axis',(0.,0.,1.));
#2459=DIRECTION('ref_axis',(1.,0.,0.));
#2460=DIRECTION('center_axis',(0.,0.,1.));
#2461=DIRECTION('ref_axis',(1.,0.,0.));
#2462=DIRECTION('',(0.,0.,1.));
#2463=DIRECTION('center_axis',(-0.707106781186547,0.707106781186548,0.));
#2464=DIRECTION('ref_axis',(-0.707106781186548,-0.707106781186547,0.));
#2465=DIRECTION('',(-0.707106781186548,-0.707106781186547,0.));
#2466=DIRECTION('',(0.,0.,1.));
#2467=DIRECTION('center_axis',(0.,-1.,0.));
#2468=DIRECTION('ref_axis',(1.,0.,0.));
#2469=DIRECTION('',(1.,0.,0.));
#2470=DIRECTION('center_axis',(0.,0.,1.));
#2471=DIRECTION('ref_axis',(-1.,-3.21624529935327E-16,0.));
#2472=DIRECTION('',(0.,0.,1.));
#2473=DIRECTION('center_axis',(0.,0.,1.));
#2474=DIRECTION('ref_axis',(1.,0.,0.));
#2475=DIRECTION('',(0.,0.,1.));
#2476=DIRECTION('center_axis',(-0.707106781186548,-0.707106781186547,0.));
#2477=DIRECTION('ref_axis',(0.707106781186547,-0.707106781186548,0.));
#2478=DIRECTION('',(0.707106781186547,-0.707106781186548,0.));
#2479=DIRECTION('center_axis',(-0.707106781186548,0.707106781186547,0.));
#2480=DIRECTION('ref_axis',(-0.707106781186547,-0.707106781186548,0.));
#2481=DIRECTION('',(-0.707106781186547,-0.707106781186548,0.));
#2482=DIRECTION('center_axis',(0.,0.,1.));
#2483=DIRECTION('ref_axis',(1.,0.,0.));
#2484=CARTESIAN_POINT('',(0.,0.,0.));
#2485=CARTESIAN_POINT('Origin',(-59.85,-39.35,12.65));
#2486=CARTESIAN_POINT('',(-57.85,-39.35,12.15));
#2487=CARTESIAN_POINT('',(-57.85,-39.35,13.15));
#2488=CARTESIAN_POINT('',(-57.85,-39.35,12.65));
#2489=CARTESIAN_POINT('',(-61.85,-39.35,12.15));
#2490=CARTESIAN_POINT('Origin',(-59.85,-39.35,12.15));
#2491=CARTESIAN_POINT('',(-61.85,-39.35,13.15));
#2492=CARTESIAN_POINT('',(-61.85,-39.35,12.65));
#2493=CARTESIAN_POINT('Origin',(-59.85,-39.35,13.15));
#2494=CARTESIAN_POINT('Origin',(-59.85,39.35,12.65));
#2495=CARTESIAN_POINT('',(-57.85,39.35,12.15));
#2496=CARTESIAN_POINT('',(-57.85,39.35,13.15));
#2497=CARTESIAN_POINT('',(-57.85,39.35,12.65));
#2498=CARTESIAN_POINT('',(-61.85,39.35,12.15));
#2499=CARTESIAN_POINT('Origin',(-59.85,39.35,12.15));
#2500=CARTESIAN_POINT('',(-61.85,39.35,13.15));
#2501=CARTESIAN_POINT('',(-61.85,39.35,12.65));
#2502=CARTESIAN_POINT('Origin',(-59.85,39.35,13.15));
#2503=CARTESIAN_POINT('Origin',(-53.35,45.2,12.15));
#2504=CARTESIAN_POINT('',(-51.85,46.7,12.15));
#2505=CARTESIAN_POINT('',(-54.85,43.7,12.15));
#2506=CARTESIAN_POINT('',(-51.3125,47.2375,12.15));
#2507=CARTESIAN_POINT('',(-54.85,43.7,9.15));
#2508=CARTESIAN_POINT('',(-54.85,43.7,12.15));
#2509=CARTESIAN_POINT('',(-51.85,46.7,9.15));
#2510=CARTESIAN_POINT('',(-54.85,43.7,9.15));
#2511=CARTESIAN_POINT('',(-51.85,46.7,12.15));
#2512=CARTESIAN_POINT('Origin',(-53.35,48.7,9.15));
#2513=CARTESIAN_POINT('',(-54.85,48.7,4.15));
#2514=CARTESIAN_POINT('Origin',(-54.85,48.7,9.15));
#2515=CARTESIAN_POINT('',(-51.85,48.7,7.15));
#2516=CARTESIAN_POINT('',(-54.85,48.7,4.15));
#2517=CARTESIAN_POINT('Origin',(-51.85,48.7,9.15));
#2518=CARTESIAN_POINT('Origin',(-53.35,-48.6965728752538,5.65));
#2519=CARTESIAN_POINT('',(-54.85,52.7,4.15));
#2520=CARTESIAN_POINT('',(-54.85,-48.6965728752538,4.15));
#2521=CARTESIAN_POINT('',(-51.85,52.7,7.15));
#2522=CARTESIAN_POINT('',(-54.85,52.7,4.15));
#2523=CARTESIAN_POINT('',(-51.85,-48.6965728752538,7.15));
#2524=CARTESIAN_POINT('Origin',(-53.35,52.7,9.15));
#2525=CARTESIAN_POINT('',(-51.85,54.6938987974744,8.99389879747444));
#2526=CARTESIAN_POINT('',(-52.,54.85,9.15));
#2527=CARTESIAN_POINT('Ctrl Pts',(-51.85,54.6938987974744,8.99389879747443));
#2528=CARTESIAN_POINT('Ctrl Pts',(-51.9191282926676,54.7691282926676,9.06912829266757));
#2529=CARTESIAN_POINT('Ctrl Pts',(-52.0000000000002,54.8500000000002,9.15000000000021));
#2530=CARTESIAN_POINT('Origin',(-51.85,52.7,9.15));
#2531=CARTESIAN_POINT('',(-54.85,57.7,9.15));
#2532=CARTESIAN_POINT('Origin',(-54.85,52.7,9.15));
#2533=CARTESIAN_POINT('',(-54.85,57.7,9.15));
#2534=CARTESIAN_POINT('Origin',(-53.35,56.2,12.15));
#2535=CARTESIAN_POINT('',(-54.85,57.7,12.));
#2536=CARTESIAN_POINT('',(-40.4625000000001,43.3125,-2.38749999999997));
#2537=CARTESIAN_POINT('',(-54.85,57.7,12.15));
#2538=CARTESIAN_POINT('Origin',(51.85,57.7,12.15));
#2539=CARTESIAN_POINT('',(-58.7,57.7,9.15));
#2540=CARTESIAN_POINT('',(-1.71250000000001,57.7,9.15));
#2541=CARTESIAN_POINT('',(-58.7,57.7,12.));
#2542=CARTESIAN_POINT('',(-58.7,57.7,12.15));
#2543=CARTESIAN_POINT('',(41.3875,57.7,12.));
#2544=CARTESIAN_POINT('Origin',(-1.71250000000001,52.7,9.15));
#2545=CARTESIAN_POINT('',(-58.7,52.7,4.15));
#2546=CARTESIAN_POINT('',(-1.71250000000001,52.7,4.15));
#2547=CARTESIAN_POINT('Origin',(-58.7,52.7,9.15));
#2548=CARTESIAN_POINT('Origin',(-55.275,-51.2,4.15));
#2549=CARTESIAN_POINT('',(-58.7,48.7,4.15));
#2550=CARTESIAN_POINT('',(-53.5625,48.7,4.15));
#2551=CARTESIAN_POINT('',(-58.7,43.7,4.15));
#2552=CARTESIAN_POINT('Origin',(-53.5625,48.7,9.15));
#2553=CARTESIAN_POINT('',(-58.7,43.7,9.15));
#2554=CARTESIAN_POINT('',(-53.5625,43.7,9.15));
#2555=CARTESIAN_POINT('Origin',(-58.7,48.7,9.15));
#2556=CARTESIAN_POINT('Origin',(-51.85,43.7,12.15));
#2557=CARTESIAN_POINT('',(-58.7,43.7,12.15));
#2558=CARTESIAN_POINT('',(-25.925,43.7,12.15));
#2559=CARTESIAN_POINT('',(-58.7,43.7,12.15));
#2560=CARTESIAN_POINT('Origin',(-51.85,-46.1931457505077,12.15));
#2561=CARTESIAN_POINT('',(-51.85,46.1931457505076,12.15));
#2562=CARTESIAN_POINT('',(-51.85,-46.1931457505076,12.15));
#2563=CARTESIAN_POINT('',(-51.85,-23.0965728752538,12.15));
#2564=CARTESIAN_POINT('',(-51.85,46.1931457505076,14.15));
#2565=CARTESIAN_POINT('',(-51.85,46.1931457505076,12.15));
#2566=CARTESIAN_POINT('',(-51.85,-46.1931457505076,14.15));
#2567=CARTESIAN_POINT('',(-51.85,58.7,14.15));
#2568=CARTESIAN_POINT('',(-51.85,-46.1931457505076,12.15));
#2569=CARTESIAN_POINT('Origin',(-53.35,-45.2,12.15));
#2570=CARTESIAN_POINT('',(-51.85,-46.7,12.15));
#2571=CARTESIAN_POINT('',(-54.85,-43.7,12.15));
#2572=CARTESIAN_POINT('',(-51.3125,-47.2375,12.15));
#2573=CARTESIAN_POINT('',(-51.85,-46.7,9.15));
#2574=CARTESIAN_POINT('',(-51.85,-46.7,12.15));
#2575=CARTESIAN_POINT('',(-54.85,-43.7,9.15));
#2576=CARTESIAN_POINT('',(-51.85,-46.7,9.15));
#2577=CARTESIAN_POINT('',(-54.85,-43.7,12.15));
#2578=CARTESIAN_POINT('Origin',(-53.35,-48.7,9.15));
#2579=CARTESIAN_POINT('',(-51.85,-48.7,7.15));
#2580=CARTESIAN_POINT('',(-54.85,-48.7,4.15));
#2581=CARTESIAN_POINT('',(-51.85,-48.7,7.15));
#2582=CARTESIAN_POINT('Origin',(-54.85,-48.7,9.15));
#2583=CARTESIAN_POINT('Origin',(-51.85,-48.7,9.15));
#2584=CARTESIAN_POINT('Origin',(-53.35,-48.6965728752538,5.65));
#2585=CARTESIAN_POINT('',(-51.85,-52.7,7.15));
#2586=CARTESIAN_POINT('',(-54.85,-52.7,4.15));
#2587=CARTESIAN_POINT('',(-51.85,-52.7,7.15));
#2588=CARTESIAN_POINT('',(-54.85,-48.6965728752538,4.15));
#2589=CARTESIAN_POINT('',(-51.85,-48.6965728752538,7.15));
#2590=CARTESIAN_POINT('Origin',(-53.35,-52.7,9.15));
#2591=CARTESIAN_POINT('',(-51.85,-54.6938987974745,8.99389879747445));
#2592=CARTESIAN_POINT('',(-52.,-54.85,9.15));
#2593=CARTESIAN_POINT('Ctrl Pts',(-52.,-54.85,9.15000000000001));
#2594=CARTESIAN_POINT('Ctrl Pts',(-51.9191282926675,-54.7691282926675,9.06912829266748));
#2595=CARTESIAN_POINT('Ctrl Pts',(-51.85,-54.6938987974744,8.99389879747442));
#2596=CARTESIAN_POINT('',(-54.85,-57.7,9.15));
#2597=CARTESIAN_POINT('',(-51.85,-54.7,9.15));
#2598=CARTESIAN_POINT('Origin',(-54.85,-52.7,9.15));
#2599=CARTESIAN_POINT('Origin',(-51.85,-52.7,9.15));
#2600=CARTESIAN_POINT('Origin',(-53.35,-56.2,12.15));
#2601=CARTESIAN_POINT('',(-54.85,-57.7,12.));
#2602=CARTESIAN_POINT('',(-50.7708333333333,-53.6208333333333,7.92083333333333));
#2603=CARTESIAN_POINT('',(-54.85,-57.7,12.15));
#2604=CARTESIAN_POINT('Origin',(-51.85,-46.1931457505077,12.15));
#2605=CARTESIAN_POINT('',(-51.85,57.85,12.15));
#2606=CARTESIAN_POINT('',(-51.85,32.339213562373,-13.3607864376269));
#2607=CARTESIAN_POINT('',(-51.85,29.35,12.15));
#2608=CARTESIAN_POINT('Origin',(-51.85,-46.1931457505077,12.15));
#2609=CARTESIAN_POINT('',(-51.85,-57.85,12.15));
#2610=CARTESIAN_POINT('',(-51.85,-55.4357864376269,9.73578643762691));
#2611=CARTESIAN_POINT('',(-51.85,-21.85,12.15));
#2612=CARTESIAN_POINT('Origin',(53.35,-56.2,12.15));
#2613=CARTESIAN_POINT('',(52.,-54.85,9.15));
#2614=CARTESIAN_POINT('',(54.85,-57.7,12.));
#2615=CARTESIAN_POINT('',(40.4625000000001,-43.3125,-2.38749999999996));
#2616=CARTESIAN_POINT('',(54.85,-57.7,9.15));
#2617=CARTESIAN_POINT('',(51.85,-54.7,9.15));
#2618=CARTESIAN_POINT('',(54.85,-57.7,12.15));
#2619=CARTESIAN_POINT('Origin',(53.35,-52.7,9.15));
#2620=CARTESIAN_POINT('',(51.85,-54.6938987974745,8.99389879747445));
#2621=CARTESIAN_POINT('Ctrl Pts',(51.85,-54.6938987974745,8.99389879747448));
#2622=CARTESIAN_POINT('Ctrl Pts',(51.9191282926675,-54.7691282926676,9.06912829266754));
#2623=CARTESIAN_POINT('Ctrl Pts',(52.0000000000001,-54.8500000000001,9.15000000000008));
#2624=CARTESIAN_POINT('',(51.85,-52.7,7.15));
#2625=CARTESIAN_POINT('Origin',(51.85,-52.7,9.15));
#2626=CARTESIAN_POINT('',(54.85,-52.7,4.15));
#2627=CARTESIAN_POINT('',(51.85,-52.7,7.15));
#2628=CARTESIAN_POINT('Origin',(54.85,-52.7,9.15));
#2629=CARTESIAN_POINT('Origin',(53.35,-2.5034271247462,5.65));
#2630=CARTESIAN_POINT('',(51.85,-48.7,7.15));
#2631=CARTESIAN_POINT('',(54.85,-48.7,4.15));
#2632=CARTESIAN_POINT('',(51.85,-48.7,7.15));
#2633=CARTESIAN_POINT('',(54.85,-2.5034271247462,4.15));
#2634=CARTESIAN_POINT('',(51.85,-2.5034271247462,7.15));
#2635=CARTESIAN_POINT('Origin',(53.35,-48.7,9.15));
#2636=CARTESIAN_POINT('',(51.85,-46.7,9.15));
#2637=CARTESIAN_POINT('',(54.85,-43.7,9.15));
#2638=CARTESIAN_POINT('',(51.85,-46.7,9.15));
#2639=CARTESIAN_POINT('Origin',(54.85,-48.7,9.15));
#2640=CARTESIAN_POINT('Origin',(51.85,-48.7,9.15));
#2641=CARTESIAN_POINT('Origin',(53.35,-45.2,12.15));
#2642=CARTESIAN_POINT('',(51.85,-46.7,12.15));
#2643=CARTESIAN_POINT('',(54.85,-43.7,12.15));
#2644=CARTESIAN_POINT('',(51.3125,-47.2375,12.15));
#2645=CARTESIAN_POINT('',(54.85,-43.7,12.15));
#2646=CARTESIAN_POINT('',(51.85,-46.7,12.15));
#2647=CARTESIAN_POINT('Origin',(-51.85,-57.7,12.15));
#2648=CARTESIAN_POINT('',(58.7,-57.7,9.15));
#2649=CARTESIAN_POINT('',(-53.5625,-57.7,9.15));
#2650=CARTESIAN_POINT('',(58.7,-57.7,12.));
#2651=CARTESIAN_POINT('',(58.7,-57.7,12.15));
#2652=CARTESIAN_POINT('',(-41.3875,-57.7,12.));
#2653=CARTESIAN_POINT('Origin',(-53.5625,-52.7,9.15));
#2654=CARTESIAN_POINT('',(58.7,-52.7,4.15));
#2655=CARTESIAN_POINT('',(-53.5625,-52.7,4.15));
#2656=CARTESIAN_POINT('Origin',(58.7,-52.7,9.15));
#2657=CARTESIAN_POINT('Origin',(-55.275,-51.2,4.15));
#2658=CARTESIAN_POINT('',(58.7,-48.7,4.15));
#2659=CARTESIAN_POINT('',(53.5625,-48.7,4.15));
#2660=CARTESIAN_POINT('',(58.7,-47.45,4.15));
#2661=CARTESIAN_POINT('Origin',(53.5625,-48.7,9.15));
#2662=CARTESIAN_POINT('',(58.7,-43.7,9.15));
#2663=CARTESIAN_POINT('',(53.5625,-43.7,9.15));
#2664=CARTESIAN_POINT('Origin',(58.7,-48.7,9.15));
#2665=CARTESIAN_POINT('Origin',(51.85,-43.7,12.15));
#2666=CARTESIAN_POINT('',(58.7,-43.7,12.15));
#2667=CARTESIAN_POINT('',(25.925,-43.7,12.15));
#2668=CARTESIAN_POINT('',(58.7,-43.7,12.15));
#2669=CARTESIAN_POINT('Origin',(51.85,46.1931457505076,12.15));
#2670=CARTESIAN_POINT('',(51.85,-46.1931457505076,12.15));
#2671=CARTESIAN_POINT('',(51.85,46.1931457505076,12.15));
#2672=CARTESIAN_POINT('',(51.85,23.0965728752538,12.15));
#2673=CARTESIAN_POINT('',(51.85,-46.1931457505076,14.15));
#2674=CARTESIAN_POINT('',(51.85,-46.1931457505076,12.15));
#2675=CARTESIAN_POINT('',(51.85,46.1931457505076,14.15));
#2676=CARTESIAN_POINT('',(51.85,-58.7,14.15));
#2677=CARTESIAN_POINT('',(51.85,46.1931457505076,12.15));
#2678=CARTESIAN_POINT('Origin',(53.35,45.2,12.15));
#2679=CARTESIAN_POINT('',(51.85,46.7,12.15));
#2680=CARTESIAN_POINT('',(54.85,43.7,12.15));
#2681=CARTESIAN_POINT('',(51.3125,47.2374999999999,12.15));
#2682=CARTESIAN_POINT('',(51.85,46.7,9.15));
#2683=CARTESIAN_POINT('',(51.85,46.7,12.15));
#2684=CARTESIAN_POINT('',(54.85,43.7,9.15));
#2685=CARTESIAN_POINT('',(51.85,46.7,9.15));
#2686=CARTESIAN_POINT('',(54.85,43.7,12.15));
#2687=CARTESIAN_POINT('Origin',(53.35,48.7,9.15));
#2688=CARTESIAN_POINT('',(51.85,48.7,7.15));
#2689=CARTESIAN_POINT('',(54.85,48.7,4.15));
#2690=CARTESIAN_POINT('',(51.85,48.7,7.15));
#2691=CARTESIAN_POINT('Origin',(54.85,48.7,9.15));
#2692=CARTESIAN_POINT('Origin',(51.85,48.7,9.15));
#2693=CARTESIAN_POINT('Origin',(53.35,-2.5034271247462,5.65));
#2694=CARTESIAN_POINT('',(51.85,52.7,7.15));
#2695=CARTESIAN_POINT('',(54.85,52.7,4.15));
#2696=CARTESIAN_POINT('',(51.85,52.7,7.15));
#2697=CARTESIAN_POINT('',(54.85,-2.5034271247462,4.15));
#2698=CARTESIAN_POINT('',(51.85,-2.5034271247462,7.15));
#2699=CARTESIAN_POINT('Origin',(53.35,52.7,9.15));
#2700=CARTESIAN_POINT('',(51.85,54.6938987974744,8.99389879747444));
#2701=CARTESIAN_POINT('',(52.,54.85,9.15));
#2702=CARTESIAN_POINT('Ctrl Pts',(52.,54.85,9.15000000000001));
#2703=CARTESIAN_POINT('Ctrl Pts',(51.9191282926675,54.7691282926674,9.06912829266749));
#2704=CARTESIAN_POINT('Ctrl Pts',(51.85,54.6938987974744,8.99389879747444));
#2705=CARTESIAN_POINT('',(54.85,57.7,9.15));
#2706=CARTESIAN_POINT('',(51.85,54.7,9.15));
#2707=CARTESIAN_POINT('Origin',(54.85,52.7,9.15));
#2708=CARTESIAN_POINT('Origin',(51.85,52.7,9.15));
#2709=CARTESIAN_POINT('Origin',(53.35,56.2,12.15));
#2710=CARTESIAN_POINT('',(54.85,57.7,12.));
#2711=CARTESIAN_POINT('',(50.7708333333333,53.6208333333333,7.92083333333332));
#2712=CARTESIAN_POINT('',(54.85,57.7,12.15));
#2713=CARTESIAN_POINT('Origin',(51.85,46.1931457505076,12.15));
#2714=CARTESIAN_POINT('',(51.85,-57.85,12.15));
#2715=CARTESIAN_POINT('',(51.85,-32.3392135623731,-13.3607864376269));
#2716=CARTESIAN_POINT('',(51.85,-29.35,12.15));
#2717=CARTESIAN_POINT('Origin',(51.85,46.1931457505076,12.15));
#2718=CARTESIAN_POINT('',(51.85,57.85,12.15));
#2719=CARTESIAN_POINT('',(51.85,55.4357864376269,9.73578643762691));
#2720=CARTESIAN_POINT('',(51.85,21.85,12.15));
#2721=CARTESIAN_POINT('Origin',(-1.71250000000001,52.7,9.15));
#2722=CARTESIAN_POINT('',(58.7,57.7,9.15));
#2723=CARTESIAN_POINT('',(-1.71250000000001,57.7,9.15));
#2724=CARTESIAN_POINT('',(58.7,52.7,4.15));
#2725=CARTESIAN_POINT('Origin',(58.7,52.7,9.15));
#2726=CARTESIAN_POINT('',(-1.71250000000001,52.7,4.15));
#2727=CARTESIAN_POINT('Origin',(-55.275,-51.2,4.15));
#2728=CARTESIAN_POINT('',(58.7,48.7,4.15));
#2729=CARTESIAN_POINT('',(58.7,43.7,4.15));
#2730=CARTESIAN_POINT('',(56.9875,48.7,4.15));
#2731=CARTESIAN_POINT('Origin',(58.7,-43.7,12.15));
#2732=CARTESIAN_POINT('',(58.7,57.7,12.));
#2733=CARTESIAN_POINT('',(58.7,57.7,12.15));
#2734=CARTESIAN_POINT('',(58.7,58.5571067811865,12.8571067811865));
#2735=CARTESIAN_POINT('',(58.7,58.5625,12.8625));
#2736=CARTESIAN_POINT('',(58.7,53.85,12.15));
#2737=CARTESIAN_POINT('',(58.7,57.3982608812013,12.6830236697719));
#2738=CARTESIAN_POINT('',(58.7,43.7,12.15));
#2739=CARTESIAN_POINT('',(58.7,29.35,12.15));
#2740=CARTESIAN_POINT('',(58.7,43.7,9.15));
#2741=CARTESIAN_POINT('',(58.7,43.7,12.15));
#2742=CARTESIAN_POINT('Origin',(58.7,48.7,9.15));
#2743=CARTESIAN_POINT('',(58.7,51.45,7.00000010430812));
#2744=CARTESIAN_POINT('Origin',(58.7,53.85,7.00000010430812));
#2745=CARTESIAN_POINT('Origin',(58.7,-43.7,12.15));
#2746=CARTESIAN_POINT('',(58.7,-53.85,12.15));
#2747=CARTESIAN_POINT('',(58.7,-21.85,12.15));
#2748=CARTESIAN_POINT('',(58.7,-58.5571067811866,12.8571067811865));
#2749=CARTESIAN_POINT('',(58.7,-50.0637737083002,11.5812289033535));
#2750=CARTESIAN_POINT('',(58.7,-54.8125,9.1125));
#2751=CARTESIAN_POINT('',(58.7,-56.25,7.00000010430812));
#2752=CARTESIAN_POINT('Origin',(58.7,-53.85,7.00000010430812));
#2753=CARTESIAN_POINT('Origin',(-53.5625,-52.7,9.15));
#2754=CARTESIAN_POINT('',(-58.7,-57.7,9.15));
#2755=CARTESIAN_POINT('',(-53.5625,-57.7,9.15));
#2756=CARTESIAN_POINT('',(-58.7,-52.7,4.15));
#2757=CARTESIAN_POINT('Origin',(-58.7,-52.7,9.15));
#2758=CARTESIAN_POINT('',(-53.5625,-52.7,4.15));
#2759=CARTESIAN_POINT('Origin',(-51.85,-57.7,12.15));
#2760=CARTESIAN_POINT('',(-58.7,-57.7,12.));
#2761=CARTESIAN_POINT('',(-41.3875,-57.7,12.));
#2762=CARTESIAN_POINT('',(-58.7,-57.7,12.15));
#2763=CARTESIAN_POINT('Origin',(-15.4625,-56.2035533905933,12.5035533905933));
#2764=CARTESIAN_POINT('',(-61.85,-58.5571067811866,12.8571067811865));
#2765=CARTESIAN_POINT('',(-61.85,-53.85,12.15));
#2766=CARTESIAN_POINT('',(-61.85,0.568636075294095,3.97517236584479));
#2767=CARTESIAN_POINT('',(-58.7,-53.85,12.15));
#2768=CARTESIAN_POINT('',(-15.4625,-53.85,12.15));
#2769=CARTESIAN_POINT('',(-58.7,-58.5571067811866,12.8571067811865));
#2770=CARTESIAN_POINT('',(-58.7,-57.3982608812014,12.6830236697719));
#2771=CARTESIAN_POINT('',(-15.4625,-58.5571067811866,12.8571067811865));
#2772=CARTESIAN_POINT('Origin',(-61.85,59.85,12.15));
#2773=CARTESIAN_POINT('',(-61.85,-59.85,14.15));
#2774=CARTESIAN_POINT('',(-61.85,-28.925,-16.775));
#2775=CARTESIAN_POINT('',(-61.85,59.85,14.15));
#2776=CARTESIAN_POINT('',(-61.85,-61.85,14.15));
#2777=CARTESIAN_POINT('',(-61.85,58.5571067811865,12.8571067811866));
#2778=CARTESIAN_POINT('',(-61.85,58.85,13.15));
#2779=CARTESIAN_POINT('',(-61.85,53.85,12.15));
#2780=CARTESIAN_POINT('',(-61.85,57.9605715644571,12.767494601864));
#2781=CARTESIAN_POINT('',(-61.85,-61.85,12.15));
#2782=CARTESIAN_POINT('',(-61.85,39.35,12.65));
#2783=CARTESIAN_POINT('',(-61.85,-61.85,12.15));
#2784=CARTESIAN_POINT('',(-61.85,-39.35,12.65));
#2785=CARTESIAN_POINT('',(-61.85,-61.85,12.15));
#2786=CARTESIAN_POINT('Origin',(-30.925,-58.85,13.15));
#2787=CARTESIAN_POINT('',(-58.7,-58.5625,12.8625));
#2788=CARTESIAN_POINT('',(-30.925,-57.85,12.15));
#2789=CARTESIAN_POINT('',(61.85,-58.5571067811866,12.8571067811866));
#2790=CARTESIAN_POINT('',(-15.4625,-58.5571067811866,12.8571067811865));
#2791=CARTESIAN_POINT('',(61.85,-59.85,14.15));
#2792=CARTESIAN_POINT('',(61.85,-58.85,13.15));
#2793=CARTESIAN_POINT('',(61.85,-59.85,14.15));
#2794=CARTESIAN_POINT('Origin',(-15.4625,-56.2035533905933,12.5035533905933));
#2795=CARTESIAN_POINT('',(61.85,-53.85,12.15));
#2796=CARTESIAN_POINT('',(61.85,-57.9605715644571,12.767494601864));
#2797=CARTESIAN_POINT('',(-15.4625,-53.85,12.15));
#2798=CARTESIAN_POINT('Origin',(61.85,-59.85,12.15));
#2799=CARTESIAN_POINT('',(61.85,-39.35,12.15));
#2800=CARTESIAN_POINT('',(61.85,61.85,12.15));
#2801=CARTESIAN_POINT('',(61.85,-39.35,13.15));
#2802=CARTESIAN_POINT('',(61.85,-39.35,12.65));
#2803=CARTESIAN_POINT('',(61.85,-39.35,12.65));
#2804=CARTESIAN_POINT('',(61.85,39.35,12.15));
#2805=CARTESIAN_POINT('',(61.85,61.85,12.15));
#2806=CARTESIAN_POINT('',(61.85,39.35,13.15));
#2807=CARTESIAN_POINT('',(61.85,39.35,12.65));
#2808=CARTESIAN_POINT('',(61.85,39.35,12.65));
#2809=CARTESIAN_POINT('',(61.85,53.85,12.15));
#2810=CARTESIAN_POINT('',(61.85,61.85,12.15));
#2811=CARTESIAN_POINT('',(61.85,58.5571067811865,12.8571067811865));
#2812=CARTESIAN_POINT('',(61.85,-0.568636075294131,3.97517236584479));
#2813=CARTESIAN_POINT('',(61.85,59.85,14.15));
#2814=CARTESIAN_POINT('',(61.85,28.925,-16.775));
#2815=CARTESIAN_POINT('',(61.85,61.85,14.15));
#2816=CARTESIAN_POINT('Origin',(15.4625,56.2035533905933,12.5035533905933));
#2817=CARTESIAN_POINT('',(-58.7,58.5571067811865,12.8571067811865));
#2818=CARTESIAN_POINT('',(15.4625,58.5571067811865,12.8571067811865));
#2819=CARTESIAN_POINT('',(-58.7,53.85,12.15));
#2820=CARTESIAN_POINT('',(-58.7,50.0637737083002,11.5812289033535));
#2821=CARTESIAN_POINT('',(15.4625,53.85,12.15));
#2822=CARTESIAN_POINT('Origin',(15.4625,56.2035533905933,12.5035533905933));
#2823=CARTESIAN_POINT('',(15.4625,53.85,12.15));
#2824=CARTESIAN_POINT('',(15.4625,58.5571067811865,12.8571067811865));
#2825=CARTESIAN_POINT('Origin',(30.925,58.85,13.15));
#2826=CARTESIAN_POINT('',(-61.85,59.85,14.15));
#2827=CARTESIAN_POINT('',(41.3875,57.7,12.));
#2828=CARTESIAN_POINT('',(30.925,57.85,12.15));
#2829=CARTESIAN_POINT('',(-58.7,54.8125,9.1125));
#2830=CARTESIAN_POINT('Origin',(-59.85,39.35,13.15));
#2831=CARTESIAN_POINT('Origin',(-59.85,39.35,13.15));
#2832=CARTESIAN_POINT('',(-59.05,39.35,13.15));
#2833=CARTESIAN_POINT('Origin',(-59.85,39.35,13.15));
#2834=CARTESIAN_POINT('Origin',(-59.85,39.35,12.65));
#2835=CARTESIAN_POINT('Origin',(-59.85,39.35,12.15));
#2836=CARTESIAN_POINT('Origin',(-59.85,39.35,18.65));
#2837=CARTESIAN_POINT('',(-59.05,39.35,14.15));
#2838=CARTESIAN_POINT('',(-59.05,39.35,18.65));
#2839=CARTESIAN_POINT('Origin',(-59.85,39.35,14.15));
#2840=CARTESIAN_POINT('Origin',(59.85,-39.35,13.15));
#2841=CARTESIAN_POINT('Origin',(59.85,-39.35,13.15));
#2842=CARTESIAN_POINT('',(60.65,-39.35,13.15));
#2843=CARTESIAN_POINT('Origin',(59.85,-39.35,13.15));
#2844=CARTESIAN_POINT('Origin',(59.85,-39.35,12.65));
#2845=CARTESIAN_POINT('Origin',(59.85,-39.35,12.15));
#2846=CARTESIAN_POINT('Origin',(59.85,-39.35,18.65));
#2847=CARTESIAN_POINT('',(60.65,-39.35,14.15));
#2848=CARTESIAN_POINT('',(60.65,-39.35,18.65));
#2849=CARTESIAN_POINT('Origin',(59.85,-39.35,14.15));
#2850=CARTESIAN_POINT('Origin',(59.85,39.35,13.15));
#2851=CARTESIAN_POINT('Origin',(59.85,39.35,13.15));
#2852=CARTESIAN_POINT('',(60.65,39.35,13.15));
#2853=CARTESIAN_POINT('Origin',(59.85,39.35,13.15));
#2854=CARTESIAN_POINT('Origin',(59.85,39.35,12.65));
#2855=CARTESIAN_POINT('Origin',(59.85,39.35,12.15));
#2856=CARTESIAN_POINT('Origin',(59.85,39.35,18.65));
#2857=CARTESIAN_POINT('',(60.65,39.35,14.15));
#2858=CARTESIAN_POINT('',(60.65,39.35,18.65));
#2859=CARTESIAN_POINT('Origin',(59.85,39.35,14.15));
#2860=CARTESIAN_POINT('Origin',(-59.85,-39.35,13.15));
#2861=CARTESIAN_POINT('Origin',(-59.85,-39.35,13.15));
#2862=CARTESIAN_POINT('',(-59.05,-39.35,13.15));
#2863=CARTESIAN_POINT('Origin',(-59.85,-39.35,13.15));
#2864=CARTESIAN_POINT('Origin',(-59.85,-39.35,12.65));
#2865=CARTESIAN_POINT('Origin',(-59.85,-39.35,12.15));
#2866=CARTESIAN_POINT('Origin',(-59.85,-39.35,18.65));
#2867=CARTESIAN_POINT('',(-59.05,-39.35,14.15));
#2868=CARTESIAN_POINT('',(-59.05,-39.35,18.65));
#2869=CARTESIAN_POINT('Origin',(-59.85,-39.35,14.15));
#2870=CARTESIAN_POINT('Origin',(-8.88178419700125E-15,-1.77635683940025E-14,
12.15));
#2871=CARTESIAN_POINT('',(29.35,43.7,12.15));
#2872=CARTESIAN_POINT('',(-58.7,-43.7,12.15));
#2873=CARTESIAN_POINT('',(-29.35,-43.7,12.15));
#2874=CARTESIAN_POINT('',(-58.7,-29.35,12.15));
#2875=CARTESIAN_POINT('',(-58.7,21.85,12.15));
#2876=CARTESIAN_POINT('',(-33.1021781311874,-27.445323881695,12.15));
#2877=CARTESIAN_POINT('',(-51.85,-46.1931457505076,12.15));
#2878=CARTESIAN_POINT('',(-33.1021781311874,27.445323881695,12.15));
#2879=CARTESIAN_POINT('Origin',(0.,0.,12.15));
#2880=CARTESIAN_POINT('',(-51.85,46.1931457505076,12.15));
#2881=CARTESIAN_POINT('',(33.1021781311874,27.445323881695,12.15));
#2882=CARTESIAN_POINT('',(51.85,46.1931457505076,12.15));
#2883=CARTESIAN_POINT('',(33.1021781311874,-27.445323881695,12.15));
#2884=CARTESIAN_POINT('Origin',(0.,0.,12.15));
#2885=CARTESIAN_POINT('',(51.85,-46.1931457505076,12.15));
#2886=CARTESIAN_POINT('',(-35.,-4.28626379701574E-15,12.15));
#2887=CARTESIAN_POINT('Origin',(0.,0.,12.15));
#2888=CARTESIAN_POINT('',(44.1931457505076,-49.85,12.15));
#2889=CARTESIAN_POINT('',(-44.1931457505076,-49.85,12.15));
#2890=CARTESIAN_POINT('',(51.85,-49.85,12.15));
#2891=CARTESIAN_POINT('',(27.445323881695,-33.1021781311874,12.15));
#2892=CARTESIAN_POINT('',(46.1931457505076,-51.85,12.15));
#2893=CARTESIAN_POINT('',(-27.445323881695,-33.1021781311874,12.15));
#2894=CARTESIAN_POINT('Origin',(0.,0.,12.15));
#2895=CARTESIAN_POINT('',(-46.1931457505076,-51.85,12.15));
#2896=CARTESIAN_POINT('',(-44.1931457505076,49.85,12.15));
#2897=CARTESIAN_POINT('',(44.1931457505076,49.85,12.15));
#2898=CARTESIAN_POINT('',(-51.85,49.85,12.15));
#2899=CARTESIAN_POINT('',(-27.445323881695,33.1021781311874,12.15));
#2900=CARTESIAN_POINT('',(-46.1931457505076,51.85,12.15));
#2901=CARTESIAN_POINT('',(27.445323881695,33.1021781311874,12.15));
#2902=CARTESIAN_POINT('Origin',(0.,0.,12.15));
#2903=CARTESIAN_POINT('',(46.1931457505076,51.85,12.15));
#2904=CARTESIAN_POINT('Origin',(59.45,-53.85,7.00000010430812));
#2905=CARTESIAN_POINT('',(60.2,-54.75,7.00000010430812));
#2906=CARTESIAN_POINT('',(59.45,-55.5,7.00000010430812));
#2907=CARTESIAN_POINT('Origin',(60.2,-53.85,7.00000010430812));
#2908=CARTESIAN_POINT('Origin',(60.2,-3.10862446895044E-14,7.00000010430812));
#2909=CARTESIAN_POINT('Origin',(59.45,53.85,7.00000010430812));
#2910=CARTESIAN_POINT('',(60.2,52.95,7.00000010430812));
#2911=CARTESIAN_POINT('',(59.45,52.2,7.00000010430812));
#2912=CARTESIAN_POINT('Origin',(60.2,53.85,7.00000010430812));
#2913=CARTESIAN_POINT('Origin',(60.2,-3.10862446895044E-14,7.00000010430812));
#2914=CARTESIAN_POINT('Origin',(-59.45,-53.85,7.00000010430812));
#2915=CARTESIAN_POINT('',(-60.2,-54.75,7.00000010430812));
#2916=CARTESIAN_POINT('Origin',(-60.2,-53.85,7.00000010430812));
#2917=CARTESIAN_POINT('',(-58.7,-56.25,7.00000010430812));
#2918=CARTESIAN_POINT('',(-59.45,-55.5,7.00000010430812));
#2919=CARTESIAN_POINT('Origin',(-58.7,-53.85,7.00000010430812));
#2920=CARTESIAN_POINT('Origin',(-60.2,-3.10862446895044E-14,7.00000010430812));
#2921=CARTESIAN_POINT('Origin',(-59.45,53.85,7.00000010430812));
#2922=CARTESIAN_POINT('',(-60.2,52.95,7.00000010430812));
#2923=CARTESIAN_POINT('Origin',(-60.2,53.85,7.00000010430812));
#2924=CARTESIAN_POINT('',(-58.7,51.45,7.00000010430812));
#2925=CARTESIAN_POINT('',(-59.45,52.2,7.00000010430812));
#2926=CARTESIAN_POINT('Origin',(-58.7,53.85,7.00000010430812));
#2927=CARTESIAN_POINT('Origin',(-60.2,-3.10862446895044E-14,7.00000010430812));
#2928=CARTESIAN_POINT('Origin',(-55.275,-51.2,4.15));
#2929=CARTESIAN_POINT('',(-58.7,-48.7,4.15));
#2930=CARTESIAN_POINT('',(-58.7,-43.7,4.15));
#2931=CARTESIAN_POINT('',(-56.9875,-48.7,4.15));
#2932=CARTESIAN_POINT('Origin',(-56.9875,-48.7,9.15));
#2933=CARTESIAN_POINT('',(-58.7,-43.7,9.15));
#2934=CARTESIAN_POINT('Origin',(-58.7,-48.7,9.15));
#2935=CARTESIAN_POINT('',(-56.9875,-43.7,9.15));
#2936=CARTESIAN_POINT('Origin',(56.9875,48.7,9.15));
#2937=CARTESIAN_POINT('',(56.9875,43.7,9.15));
#2938=CARTESIAN_POINT('Origin',(58.7,43.7,12.15));
#2939=CARTESIAN_POINT('Origin',(51.85,57.7,12.15));
#2940=CARTESIAN_POINT('Origin',(-58.7,-58.7,12.15));
#2941=CARTESIAN_POINT('Origin',(-58.7,-43.7,12.15));
#2942=CARTESIAN_POINT('',(-58.7,-43.7,12.15));
#2943=CARTESIAN_POINT('Origin',(-58.7,-58.7,12.15));
#2944=CARTESIAN_POINT('Origin',(0.,0.,12.15));
#2945=CARTESIAN_POINT('',(-35.,-4.44089209850063E-15,14.15));
#2946=CARTESIAN_POINT('Origin',(0.,0.,14.15));
#2947=CARTESIAN_POINT('',(-35.,-4.28626379701574E-15,12.15));
#2948=CARTESIAN_POINT('Origin',(33.1021781311874,27.445323881695,12.15));
#2949=CARTESIAN_POINT('',(33.1021781311874,27.445323881695,14.15));
#2950=CARTESIAN_POINT('',(51.85,46.1931457505076,14.15));
#2951=CARTESIAN_POINT('',(33.1021781311874,27.445323881695,12.15));
#2952=CARTESIAN_POINT('Origin',(0.,0.,12.15));
#2953=CARTESIAN_POINT('',(33.1021781311874,-27.445323881695,14.15));
#2954=CARTESIAN_POINT('Origin',(0.,0.,14.15));
#2955=CARTESIAN_POINT('',(33.1021781311874,-27.445323881695,12.15));
#2956=CARTESIAN_POINT('Origin',(51.85,-46.1931457505076,12.15));
#2957=CARTESIAN_POINT('',(51.85,-46.1931457505076,14.15));
#2958=CARTESIAN_POINT('Origin',(27.445323881695,-33.1021781311874,12.15));
#2959=CARTESIAN_POINT('',(44.1931457505076,-49.85,14.15));
#2960=CARTESIAN_POINT('',(44.1931457505076,-49.85,12.15));
#2961=CARTESIAN_POINT('',(27.445323881695,-33.1021781311874,14.15));
#2962=CARTESIAN_POINT('',(46.1931457505076,-51.85,14.15));
#2963=CARTESIAN_POINT('',(27.445323881695,-33.1021781311874,12.15));
#2964=CARTESIAN_POINT('Origin',(0.,0.,12.15));
#2965=CARTESIAN_POINT('',(-27.445323881695,-33.1021781311874,14.15));
#2966=CARTESIAN_POINT('Origin',(0.,0.,14.15));
#2967=CARTESIAN_POINT('',(-27.445323881695,-33.1021781311874,12.15));
#2968=CARTESIAN_POINT('Origin',(-44.1931457505076,-49.85,12.15));
#2969=CARTESIAN_POINT('',(-44.1931457505076,-49.85,14.15));
#2970=CARTESIAN_POINT('',(-46.1931457505076,-51.85,14.15));
#2971=CARTESIAN_POINT('',(-44.1931457505076,-49.85,12.15));
#2972=CARTESIAN_POINT('Origin',(44.1931457505076,-49.85,12.15));
#2973=CARTESIAN_POINT('',(51.85,-49.85,14.15));
#2974=CARTESIAN_POINT('Origin',(-27.445323881695,33.1021781311874,12.15));
#2975=CARTESIAN_POINT('',(-44.1931457505076,49.85,14.15));
#2976=CARTESIAN_POINT('',(-44.1931457505076,49.85,12.15));
#2977=CARTESIAN_POINT('',(-27.445323881695,33.1021781311874,14.15));
#2978=CARTESIAN_POINT('',(-46.1931457505076,51.85,14.15));
#2979=CARTESIAN_POINT('',(-27.445323881695,33.1021781311874,12.15));
#2980=CARTESIAN_POINT('Origin',(0.,0.,12.15));
#2981=CARTESIAN_POINT('',(27.445323881695,33.1021781311874,14.15));
#2982=CARTESIAN_POINT('Origin',(0.,0.,14.15));
#2983=CARTESIAN_POINT('',(27.445323881695,33.1021781311874,12.15));
#2984=CARTESIAN_POINT('Origin',(44.1931457505076,49.85,12.15));
#2985=CARTESIAN_POINT('',(44.1931457505076,49.85,14.15));
#2986=CARTESIAN_POINT('',(46.1931457505076,51.85,14.15));
#2987=CARTESIAN_POINT('',(44.1931457505076,49.85,12.15));
#2988=CARTESIAN_POINT('Origin',(-44.1931457505076,49.85,12.15));
#2989=CARTESIAN_POINT('',(-51.85,49.85,14.15));
#2990=CARTESIAN_POINT('Origin',(0.,0.,12.15));
#2991=CARTESIAN_POINT('',(-33.1021781311874,-27.445323881695,14.15));
#2992=CARTESIAN_POINT('',(-33.1021781311874,-27.445323881695,12.15));
#2993=CARTESIAN_POINT('',(-33.1021781311874,27.445323881695,14.15));
#2994=CARTESIAN_POINT('Origin',(0.,0.,14.15));
#2995=CARTESIAN_POINT('',(-33.1021781311874,27.445323881695,12.15));
#2996=CARTESIAN_POINT('Origin',(-51.85,46.1931457505076,12.15));
#2997=CARTESIAN_POINT('',(-51.85,46.1931457505076,14.15));
#2998=CARTESIAN_POINT('Origin',(-33.1021781311874,-27.445323881695,12.15));
#2999=CARTESIAN_POINT('',(-51.85,-46.1931457505076,14.15));
#3000=CARTESIAN_POINT('Origin',(-8.88178419700125E-15,-1.77635683940025E-14,
14.15));
#3001=UNCERTAINTY_MEASURE_WITH_UNIT(LENGTH_MEASURE(0.01),#3005,
'DISTANCE_ACCURACY_VALUE',
'Maximum model space distance between geometric entities at asserted c
onnectivities');
#3002=UNCERTAINTY_MEASURE_WITH_UNIT(LENGTH_MEASURE(0.01),#3005,
'DISTANCE_ACCURACY_VALUE',
'Maximum model space distance between geometric entities at asserted c
onnectivities');
#3003=(
GEOMETRIC_REPRESENTATION_CONTEXT(3)
GLOBAL_UNCERTAINTY_ASSIGNED_CONTEXT((#3001))
GLOBAL_UNIT_ASSIGNED_CONTEXT((#3005,#3007,#3008))
REPRESENTATION_CONTEXT('','3D')
);
#3004=(
GEOMETRIC_REPRESENTATION_CONTEXT(3)
GLOBAL_UNCERTAINTY_ASSIGNED_CONTEXT((#3002))
GLOBAL_UNIT_ASSIGNED_CONTEXT((#3005,#3007,#3008))
REPRESENTATION_CONTEXT('','3D')
);
#3005=(
LENGTH_UNIT()
NAMED_UNIT(*)
SI_UNIT(.MILLI.,.METRE.)
);
#3006=(
LENGTH_UNIT()
NAMED_UNIT(*)
SI_UNIT($,.METRE.)
);
#3007=(
NAMED_UNIT(*)
PLANE_ANGLE_UNIT()
SI_UNIT($,.RADIAN.)
);
#3008=(
NAMED_UNIT(*)
SI_UNIT($,.STERADIAN.)
SOLID_ANGLE_UNIT()
);
#3009=SHAPE_DEFINITION_REPRESENTATION(#3010,#3011);
#3010=PRODUCT_DEFINITION_SHAPE('',$,#3013);
#3011=SHAPE_REPRESENTATION('',(#1817),#3003);
#3012=PRODUCT_DEFINITION_CONTEXT('part definition',#3017,'design');
#3013=PRODUCT_DEFINITION('2026-08-30-18-40-29-667',
'TurtleSquareSkinHolder',#3014,#3012);
#3014=PRODUCT_DEFINITION_FORMATION('',$,#3019);
#3015=PRODUCT_RELATED_PRODUCT_CATEGORY('TurtleSquareSkinHolder',
'TurtleSquareSkinHolder',(#3019));
#3016=APPLICATION_PROTOCOL_DEFINITION('international standard',
'automotive_design',2009,#3017);
#3017=APPLICATION_CONTEXT(
'Core Data for Automotive Mechanical Design Process');
#3018=PRODUCT_CONTEXT('part definition',#3017,'mechanical');
#3019=PRODUCT('2026-08-30-18-40-29-667','TurtleSquareSkinHolder',$,(#3018));
#3020=PRESENTATION_STYLE_ASSIGNMENT((#3021));
#3021=SURFACE_STYLE_USAGE(.BOTH.,#3022);
#3022=SURFACE_SIDE_STYLE('',(#3023));
#3023=SURFACE_STYLE_FILL_AREA(#3024);
#3024=FILL_AREA_STYLE('Steel - Satin',(#3025));
#3025=FILL_AREA_STYLE_COLOUR('Steel - Satin',#3026);
#3026=COLOUR_RGB('Steel - Satin',0.627450980392157,0.627450980392157,0.627450980392157);
ENDSEC;
END-ISO-10303-21;
