ISO-10303-21;
HEADER;
/* Generated by software containing ST-Developer
 * from STEP Tools, Inc. (www.steptools.com) 
 */

FILE_DESCRIPTION(
/* description */ (''),
/* implementation_level */ '2;1');

FILE_NAME(
/* name */ 'TurtleSquareAdapter.step',
/* time_stamp */ '2026-08-30T18:40:24+01:00',
/* author */ (''),
/* organization */ (''),
/* preprocessor_version */ 'ST-DEVELOPER v20.1',
/* originating_system */ 'Autodesk Translation Framework v15.8.0.0',
/* authorisation */ '');

FILE_SCHEMA (('AUTOMOTIVE_DESIGN { 1 0 10303 214 3 1 1 }'));
ENDSEC;

DATA;
#10=MECHANICAL_DESIGN_GEOMETRIC_PRESENTATION_REPRESENTATION('',(#13),#2616);
#11=SHAPE_REPRESENTATION_RELATIONSHIP('SRR','None',#2623,#12);
#12=ADVANCED_BREP_SHAPE_REPRESENTATION('',(#14),#2615);
#13=STYLED_ITEM('',(#2632),#14);
#14=MANIFOLD_SOLID_BREP('Body1',#1480);
#15=FACE_BOUND('',#231,.T.);
#16=FACE_BOUND('',#265,.T.);
#17=FACE_BOUND('',#266,.T.);
#18=FACE_BOUND('',#267,.T.);
#19=FACE_BOUND('',#268,.T.);
#20=FACE_BOUND('',#269,.T.);
#21=FACE_BOUND('',#270,.T.);
#22=FACE_BOUND('',#271,.T.);
#23=FACE_BOUND('',#272,.T.);
#24=FACE_BOUND('',#273,.T.);
#25=FACE_BOUND('',#274,.T.);
#26=FACE_BOUND('',#275,.T.);
#27=FACE_BOUND('',#276,.T.);
#28=FACE_BOUND('',#277,.T.);
#29=FACE_BOUND('',#278,.T.);
#30=FACE_BOUND('',#279,.T.);
#31=FACE_BOUND('',#280,.T.);
#32=FACE_BOUND('',#281,.T.);
#33=FACE_BOUND('',#282,.T.);
#34=FACE_BOUND('',#283,.T.);
#35=FACE_BOUND('',#284,.T.);
#36=FACE_BOUND('',#285,.T.);
#37=FACE_BOUND('',#286,.T.);
#38=FACE_BOUND('',#287,.T.);
#39=FACE_BOUND('',#288,.T.);
#40=FACE_BOUND('',#289,.T.);
#41=FACE_BOUND('',#291,.T.);
#42=FACE_BOUND('',#292,.T.);
#43=FACE_BOUND('',#293,.T.);
#44=FACE_BOUND('',#294,.T.);
#45=FACE_BOUND('',#295,.T.);
#46=FACE_BOUND('',#296,.T.);
#47=FACE_BOUND('',#297,.T.);
#48=FACE_BOUND('',#298,.T.);
#49=FACE_BOUND('',#299,.T.);
#50=FACE_BOUND('',#300,.T.);
#51=FACE_BOUND('',#301,.T.);
#52=FACE_BOUND('',#302,.T.);
#53=FACE_BOUND('',#303,.T.);
#54=FACE_BOUND('',#304,.T.);
#55=FACE_BOUND('',#305,.T.);
#56=FACE_BOUND('',#306,.T.);
#57=FACE_BOUND('',#307,.T.);
#58=FACE_BOUND('',#308,.T.);
#59=FACE_BOUND('',#309,.T.);
#60=FACE_BOUND('',#310,.T.);
#61=FACE_BOUND('',#311,.T.);
#62=FACE_BOUND('',#312,.T.);
#63=FACE_BOUND('',#313,.T.);
#64=FACE_BOUND('',#314,.T.);
#65=FACE_BOUND('',#315,.T.);
#66=TOROIDAL_SURFACE('',#1523,106.7,1.5);
#67=TOROIDAL_SURFACE('',#1526,108.7,1.5);
#68=TOROIDAL_SURFACE('',#1554,106.7,1.5);
#69=TOROIDAL_SURFACE('',#1556,108.7,1.5);
#70=B_SPLINE_CURVE_WITH_KNOTS('',3,(#2096,#2097,#2098,#2099,#2100,#2101,
#2102,#2103),.UNSPECIFIED.,.F.,.F.,(4,2,2,4),(0.67892052555305,0.700546254865279,
0.75924872247575,0.808589305384351),.UNSPECIFIED.);
#71=B_SPLINE_CURVE_WITH_KNOTS('',3,(#2107,#2108,#2109,#2110,#2111,#2112,
#2113,#2114),.UNSPECIFIED.,.F.,.F.,(4,2,2,4),(0.808618383077185,0.858398885221485,
0.918937550673883,0.940564726505742),.UNSPECIFIED.);
#72=B_SPLINE_CURVE_WITH_KNOTS('',3,(#2124,#2125,#2126,#2127,#2128,#2129,
#2130,#2131),.UNSPECIFIED.,.F.,.F.,(4,2,2,4),(0.268703482750468,0.318176060252915,
0.378244777928221,0.400301841400034),.UNSPECIFIED.);
#73=B_SPLINE_CURVE_WITH_KNOTS('',3,(#2134,#2135,#2136,#2137,#2138,#2139,
#2140,#2141),.UNSPECIFIED.,.F.,.F.,(4,2,2,4),(0.138711455395286,0.159964793637697,
0.219141276610604,0.268727774395848),.UNSPECIFIED.);
#74=B_SPLINE_CURVE_WITH_KNOTS('',3,(#2190,#2191,#2192,#2193,#2194,#2195,
#2196,#2197,#2198,#2199),.UNSPECIFIED.,.F.,.F.,(4,2,2,2,4),(-0.540234487456826,
-0.452661892396069,-0.37854136476721,-0.318773231733693,-0.269343734394182),
 .UNSPECIFIED.);
#75=B_SPLINE_CURVE_WITH_KNOTS('',3,(#2202,#2203,#2204,#2205,#2206,#2207,
#2208,#2209,#2210,#2211),.UNSPECIFIED.,.F.,.F.,(4,2,2,2,4),(0.444533151591415,
0.500049364737963,0.555597632276504,0.611184084542526,0.666801188742315),
 .UNSPECIFIED.);
#76=B_SPLINE_CURVE_WITH_KNOTS('',3,(#2214,#2215,#2216,#2217,#2218,#2219,
#2220,#2221,#2222,#2223),.UNSPECIFIED.,.F.,.F.,(4,2,2,2,4),(-0.26935704465875,
-0.219744471600947,-0.160292235509525,-0.0869654786505146,0.),
 .UNSPECIFIED.);
#77=B_SPLINE_CURVE_WITH_KNOTS('',3,(#2227,#2228,#2229,#2230,#2231,#2232,
#2233,#2234,#2235,#2236),.UNSPECIFIED.,.F.,.F.,(4,2,2,2,4),(0.666787719611064,
0.722401080199077,0.777983877060474,0.833530781893185,0.889048450187576),
 .UNSPECIFIED.);
#78=B_SPLINE_CURVE_WITH_KNOTS('',3,(#2289,#2290,#2291,#2292,#2293,#2294,
#2295,#2296),.UNSPECIFIED.,.F.,.F.,(4,2,2,4),(0.271949111789717,0.321289694698318,
0.37999216230879,0.401617891621019),.UNSPECIFIED.);
#79=B_SPLINE_CURVE_WITH_KNOTS('',3,(#2300,#2301,#2302,#2303,#2304,#2305,
#2306,#2307),.UNSPECIFIED.,.F.,.F.,(4,2,2,4),(0.139967383582351,0.16159455941421,
0.222133224866608,0.271913727010908),.UNSPECIFIED.);
#80=B_SPLINE_CURVE_WITH_KNOTS('',3,(#2312,#2313,#2314,#2315,#2316,#2317,
#2318,#2319),.UNSPECIFIED.,.F.,.F.,(4,2,2,4),(0.680507681411798,0.702564744883611,
0.762633462558918,0.812106040061365),.UNSPECIFIED.);
#81=B_SPLINE_CURVE_WITH_KNOTS('',3,(#2323,#2324,#2325,#2326,#2327,#2328,
#2329,#2330),.UNSPECIFIED.,.F.,.F.,(4,2,2,4),(0.812065539651378,0.861652037436621,
0.920828520409528,0.942081858651939),.UNSPECIFIED.);
#82=B_SPLINE_CURVE_WITH_KNOTS('',3,(#2363,#2364,#2365,#2366,#2367,#2368,
#2369,#2370,#2371,#2372),.UNSPECIFIED.,.F.,.F.,(4,2,2,2,4),(0.222265114440515,
0.277882218640304,0.333468670906325,0.389016938444866,0.444533151591415),
 .UNSPECIFIED.);
#83=B_SPLINE_CURVE_WITH_KNOTS('',3,(#2375,#2376,#2377,#2378,#2379,#2380,
#2381,#2382,#2383,#2384),.UNSPECIFIED.,.F.,.F.,(4,2,2,2,4),(0.269343734394182,
0.318773231733694,0.378541364767209,0.452661892396069,0.540234487456826),
 .UNSPECIFIED.);
#84=B_SPLINE_CURVE_WITH_KNOTS('',3,(#2387,#2388,#2389,#2390,#2391,#2392,
#2393,#2394,#2395,#2396),.UNSPECIFIED.,.F.,.F.,(4,2,2,2,4),(0.,0.0869654786505146,
0.160292235509525,0.219744471600947,0.26935704465875),.UNSPECIFIED.);
#85=B_SPLINE_CURVE_WITH_KNOTS('',3,(#2399,#2400,#2401,#2402,#2403,#2404,
#2405,#2406,#2407,#2408),.UNSPECIFIED.,.F.,.F.,(4,2,2,2,4),(0.,0.055517668294391,
0.111064573127102,0.166647369988499,0.222260730576512),.UNSPECIFIED.);
#86=PLANE('',#1497);
#87=PLANE('',#1498);
#88=PLANE('',#1499);
#89=PLANE('',#1500);
#90=PLANE('',#1503);
#91=PLANE('',#1504);
#92=PLANE('',#1507);
#93=PLANE('',#1510);
#94=PLANE('',#1516);
#95=PLANE('',#1519);
#96=PLANE('',#1520);
#97=PLANE('',#1525);
#98=PLANE('',#1528);
#99=PLANE('',#1532);
#100=PLANE('',#1536);
#101=PLANE('',#1537);
#102=PLANE('',#1538);
#103=PLANE('',#1539);
#104=PLANE('',#1540);
#105=PLANE('',#1543);
#106=PLANE('',#1546);
#107=PLANE('',#1551);
#108=PLANE('',#1559);
#109=PLANE('',#1560);
#110=PLANE('',#1561);
#111=PLANE('',#1563);
#112=PLANE('',#1564);
#113=PLANE('',#1565);
#114=PLANE('',#1566);
#115=PLANE('',#1567);
#116=PLANE('',#1568);
#117=PLANE('',#1569);
#118=PLANE('',#1570);
#119=PLANE('',#1646);
#120=PLANE('',#1647);
#121=FACE_OUTER_BOUND('',#193,.T.);
#122=FACE_OUTER_BOUND('',#194,.T.);
#123=FACE_OUTER_BOUND('',#195,.T.);
#124=FACE_OUTER_BOUND('',#196,.T.);
#125=FACE_OUTER_BOUND('',#197,.T.);
#126=FACE_OUTER_BOUND('',#198,.T.);
#127=FACE_OUTER_BOUND('',#199,.T.);
#128=FACE_OUTER_BOUND('',#200,.T.);
#129=FACE_OUTER_BOUND('',#201,.T.);
#130=FACE_OUTER_BOUND('',#202,.T.);
#131=FACE_OUTER_BOUND('',#203,.T.);
#132=FACE_OUTER_BOUND('',#204,.T.);
#133=FACE_OUTER_BOUND('',#205,.T.);
#134=FACE_OUTER_BOUND('',#206,.T.);
#135=FACE_OUTER_BOUND('',#207,.T.);
#136=FACE_OUTER_BOUND('',#208,.T.);
#137=FACE_OUTER_BOUND('',#209,.T.);
#138=FACE_OUTER_BOUND('',#210,.T.);
#139=FACE_OUTER_BOUND('',#211,.T.);
#140=FACE_OUTER_BOUND('',#212,.T.);
#141=FACE_OUTER_BOUND('',#213,.T.);
#142=FACE_OUTER_BOUND('',#214,.T.);
#143=FACE_OUTER_BOUND('',#215,.T.);
#144=FACE_OUTER_BOUND('',#216,.T.);
#145=FACE_OUTER_BOUND('',#217,.T.);
#146=FACE_OUTER_BOUND('',#218,.T.);
#147=FACE_OUTER_BOUND('',#219,.T.);
#148=FACE_OUTER_BOUND('',#220,.T.);
#149=FACE_OUTER_BOUND('',#221,.T.);
#150=FACE_OUTER_BOUND('',#222,.T.);
#151=FACE_OUTER_BOUND('',#223,.T.);
#152=FACE_OUTER_BOUND('',#224,.T.);
#153=FACE_OUTER_BOUND('',#225,.T.);
#154=FACE_OUTER_BOUND('',#226,.T.);
#155=FACE_OUTER_BOUND('',#227,.T.);
#156=FACE_OUTER_BOUND('',#228,.T.);
#157=FACE_OUTER_BOUND('',#229,.T.);
#158=FACE_OUTER_BOUND('',#230,.T.);
#159=FACE_OUTER_BOUND('',#232,.T.);
#160=FACE_OUTER_BOUND('',#233,.T.);
#161=FACE_OUTER_BOUND('',#234,.T.);
#162=FACE_OUTER_BOUND('',#235,.T.);
#163=FACE_OUTER_BOUND('',#236,.T.);
#164=FACE_OUTER_BOUND('',#237,.T.);
#165=FACE_OUTER_BOUND('',#238,.T.);
#166=FACE_OUTER_BOUND('',#239,.T.);
#167=FACE_OUTER_BOUND('',#240,.T.);
#168=FACE_OUTER_BOUND('',#241,.T.);
#169=FACE_OUTER_BOUND('',#242,.T.);
#170=FACE_OUTER_BOUND('',#243,.T.);
#171=FACE_OUTER_BOUND('',#244,.T.);
#172=FACE_OUTER_BOUND('',#245,.T.);
#173=FACE_OUTER_BOUND('',#246,.T.);
#174=FACE_OUTER_BOUND('',#247,.T.);
#175=FACE_OUTER_BOUND('',#248,.T.);
#176=FACE_OUTER_BOUND('',#249,.T.);
#177=FACE_OUTER_BOUND('',#250,.T.);
#178=FACE_OUTER_BOUND('',#251,.T.);
#179=FACE_OUTER_BOUND('',#252,.T.);
#180=FACE_OUTER_BOUND('',#253,.T.);
#181=FACE_OUTER_BOUND('',#254,.T.);
#182=FACE_OUTER_BOUND('',#255,.T.);
#183=FACE_OUTER_BOUND('',#256,.T.);
#184=FACE_OUTER_BOUND('',#257,.T.);
#185=FACE_OUTER_BOUND('',#258,.T.);
#186=FACE_OUTER_BOUND('',#259,.T.);
#187=FACE_OUTER_BOUND('',#260,.T.);
#188=FACE_OUTER_BOUND('',#261,.T.);
#189=FACE_OUTER_BOUND('',#262,.T.);
#190=FACE_OUTER_BOUND('',#263,.T.);
#191=FACE_OUTER_BOUND('',#264,.T.);
#192=FACE_OUTER_BOUND('',#290,.T.);
#193=EDGE_LOOP('',(#961,#962,#963,#964));
#194=EDGE_LOOP('',(#965,#966,#967,#968,#969,#970));
#195=EDGE_LOOP('',(#971,#972,#973,#974));
#196=EDGE_LOOP('',(#975,#976,#977,#978));
#197=EDGE_LOOP('',(#979,#980,#981,#982));
#198=EDGE_LOOP('',(#983,#984,#985,#986));
#199=EDGE_LOOP('',(#987,#988,#989,#990));
#200=EDGE_LOOP('',(#991,#992,#993,#994));
#201=EDGE_LOOP('',(#995,#996,#997,#998,#999,#1000,#1001,#1002));
#202=EDGE_LOOP('',(#1003,#1004,#1005,#1006));
#203=EDGE_LOOP('',(#1007,#1008,#1009,#1010));
#204=EDGE_LOOP('',(#1011,#1012,#1013,#1014));
#205=EDGE_LOOP('',(#1015,#1016,#1017,#1018));
#206=EDGE_LOOP('',(#1019,#1020,#1021,#1022,#1023,#1024,#1025,#1026));
#207=EDGE_LOOP('',(#1027,#1028,#1029,#1030));
#208=EDGE_LOOP('',(#1031,#1032,#1033,#1034,#1035,#1036,#1037,#1038));
#209=EDGE_LOOP('',(#1039,#1040,#1041,#1042));
#210=EDGE_LOOP('',(#1043,#1044,#1045,#1046,#1047,#1048,#1049,#1050));
#211=EDGE_LOOP('',(#1051,#1052,#1053,#1054,#1055,#1056,#1057,#1058,#1059,
#1060,#1061,#1062,#1063,#1064));
#212=EDGE_LOOP('',(#1065,#1066,#1067,#1068));
#213=EDGE_LOOP('',(#1069,#1070,#1071,#1072,#1073,#1074,#1075,#1076));
#214=EDGE_LOOP('',(#1077,#1078,#1079,#1080,#1081,#1082));
#215=EDGE_LOOP('',(#1083,#1084,#1085,#1086));
#216=EDGE_LOOP('',(#1087,#1088,#1089,#1090));
#217=EDGE_LOOP('',(#1091,#1092,#1093,#1094));
#218=EDGE_LOOP('',(#1095,#1096,#1097,#1098));
#219=EDGE_LOOP('',(#1099,#1100,#1101,#1102));
#220=EDGE_LOOP('',(#1103,#1104,#1105,#1106));
#221=EDGE_LOOP('',(#1107,#1108,#1109,#1110));
#222=EDGE_LOOP('',(#1111,#1112,#1113,#1114,#1115,#1116,#1117,#1118));
#223=EDGE_LOOP('',(#1119,#1120,#1121,#1122,#1123,#1124,#1125,#1126));
#224=EDGE_LOOP('',(#1127,#1128,#1129,#1130,#1131,#1132,#1133,#1134));
#225=EDGE_LOOP('',(#1135,#1136,#1137,#1138));
#226=EDGE_LOOP('',(#1139,#1140,#1141,#1142));
#227=EDGE_LOOP('',(#1143,#1144,#1145,#1146));
#228=EDGE_LOOP('',(#1147,#1148,#1149,#1150));
#229=EDGE_LOOP('',(#1151,#1152,#1153,#1154));
#230=EDGE_LOOP('',(#1155,#1156,#1157,#1158));
#231=EDGE_LOOP('',(#1159,#1160,#1161,#1162,#1163,#1164,#1165,#1166,#1167,
#1168,#1169,#1170,#1171,#1172,#1173,#1174,#1175,#1176,#1177,#1178));
#232=EDGE_LOOP('',(#1179,#1180,#1181,#1182));
#233=EDGE_LOOP('',(#1183,#1184,#1185,#1186,#1187,#1188,#1189,#1190,#1191,
#1192,#1193,#1194,#1195,#1196));
#234=EDGE_LOOP('',(#1197,#1198,#1199,#1200));
#235=EDGE_LOOP('',(#1201,#1202,#1203,#1204));
#236=EDGE_LOOP('',(#1205,#1206,#1207,#1208));
#237=EDGE_LOOP('',(#1209,#1210,#1211,#1212));
#238=EDGE_LOOP('',(#1213,#1214,#1215,#1216));
#239=EDGE_LOOP('',(#1217,#1218,#1219,#1220));
#240=EDGE_LOOP('',(#1221,#1222,#1223,#1224));
#241=EDGE_LOOP('',(#1225,#1226,#1227,#1228));
#242=EDGE_LOOP('',(#1229,#1230,#1231,#1232));
#243=EDGE_LOOP('',(#1233,#1234,#1235,#1236));
#244=EDGE_LOOP('',(#1237,#1238,#1239,#1240));
#245=EDGE_LOOP('',(#1241,#1242,#1243,#1244));
#246=EDGE_LOOP('',(#1245,#1246,#1247,#1248));
#247=EDGE_LOOP('',(#1249,#1250,#1251,#1252));
#248=EDGE_LOOP('',(#1253,#1254,#1255,#1256));
#249=EDGE_LOOP('',(#1257,#1258,#1259,#1260));
#250=EDGE_LOOP('',(#1261,#1262,#1263,#1264));
#251=EDGE_LOOP('',(#1265,#1266,#1267,#1268));
#252=EDGE_LOOP('',(#1269,#1270,#1271,#1272));
#253=EDGE_LOOP('',(#1273,#1274,#1275,#1276));
#254=EDGE_LOOP('',(#1277,#1278,#1279,#1280));
#255=EDGE_LOOP('',(#1281,#1282,#1283,#1284));
#256=EDGE_LOOP('',(#1285,#1286,#1287,#1288));
#257=EDGE_LOOP('',(#1289,#1290,#1291,#1292));
#258=EDGE_LOOP('',(#1293,#1294,#1295,#1296));
#259=EDGE_LOOP('',(#1297,#1298,#1299,#1300));
#260=EDGE_LOOP('',(#1301,#1302,#1303,#1304));
#261=EDGE_LOOP('',(#1305,#1306,#1307,#1308));
#262=EDGE_LOOP('',(#1309,#1310,#1311,#1312));
#263=EDGE_LOOP('',(#1313,#1314,#1315,#1316));
#264=EDGE_LOOP('',(#1317,#1318,#1319,#1320));
#265=EDGE_LOOP('',(#1321));
#266=EDGE_LOOP('',(#1322));
#267=EDGE_LOOP('',(#1323));
#268=EDGE_LOOP('',(#1324));
#269=EDGE_LOOP('',(#1325));
#270=EDGE_LOOP('',(#1326));
#271=EDGE_LOOP('',(#1327));
#272=EDGE_LOOP('',(#1328));
#273=EDGE_LOOP('',(#1329));
#274=EDGE_LOOP('',(#1330));
#275=EDGE_LOOP('',(#1331));
#276=EDGE_LOOP('',(#1332));
#277=EDGE_LOOP('',(#1333));
#278=EDGE_LOOP('',(#1334));
#279=EDGE_LOOP('',(#1335));
#280=EDGE_LOOP('',(#1336));
#281=EDGE_LOOP('',(#1337));
#282=EDGE_LOOP('',(#1338));
#283=EDGE_LOOP('',(#1339));
#284=EDGE_LOOP('',(#1340));
#285=EDGE_LOOP('',(#1341));
#286=EDGE_LOOP('',(#1342));
#287=EDGE_LOOP('',(#1343));
#288=EDGE_LOOP('',(#1344));
#289=EDGE_LOOP('',(#1345));
#290=EDGE_LOOP('',(#1346,#1347,#1348,#1349));
#291=EDGE_LOOP('',(#1350));
#292=EDGE_LOOP('',(#1351));
#293=EDGE_LOOP('',(#1352));
#294=EDGE_LOOP('',(#1353));
#295=EDGE_LOOP('',(#1354));
#296=EDGE_LOOP('',(#1355));
#297=EDGE_LOOP('',(#1356));
#298=EDGE_LOOP('',(#1357));
#299=EDGE_LOOP('',(#1358));
#300=EDGE_LOOP('',(#1359));
#301=EDGE_LOOP('',(#1360));
#302=EDGE_LOOP('',(#1361));
#303=EDGE_LOOP('',(#1362));
#304=EDGE_LOOP('',(#1363));
#305=EDGE_LOOP('',(#1364));
#306=EDGE_LOOP('',(#1365));
#307=EDGE_LOOP('',(#1366));
#308=EDGE_LOOP('',(#1367));
#309=EDGE_LOOP('',(#1368));
#310=EDGE_LOOP('',(#1369));
#311=EDGE_LOOP('',(#1370));
#312=EDGE_LOOP('',(#1371));
#313=EDGE_LOOP('',(#1372));
#314=EDGE_LOOP('',(#1373));
#315=EDGE_LOOP('',(#1374));
#316=CIRCLE('',#1496,1.5);
#317=CIRCLE('',#1501,105.58196601125);
#318=CIRCLE('',#1502,109.81803398875);
#319=CIRCLE('',#1505,106.7);
#320=CIRCLE('',#1506,108.7);
#321=CIRCLE('',#1508,108.7);
#322=CIRCLE('',#1509,106.7);
#323=CIRCLE('',#1524,105.2);
#324=CIRCLE('',#1527,110.2);
#325=CIRCLE('',#1531,1.5);
#326=CIRCLE('',#1541,109.81803398875);
#327=CIRCLE('',#1542,105.58196601125);
#328=CIRCLE('',#1544,106.7);
#329=CIRCLE('',#1545,108.7);
#330=CIRCLE('',#1547,108.7);
#331=CIRCLE('',#1548,106.7);
#332=CIRCLE('',#1555,105.2);
#333=CIRCLE('',#1557,110.2);
#334=CIRCLE('',#1572,5.0000002965721);
#335=CIRCLE('',#1573,5.0000002965721);
#336=CIRCLE('',#1575,5.0000002965721);
#337=CIRCLE('',#1576,5.0000002965721);
#338=CIRCLE('',#1578,5.0000002965721);
#339=CIRCLE('',#1579,5.0000002965721);
#340=CIRCLE('',#1581,5.0000002965721);
#341=CIRCLE('',#1582,5.0000002965721);
#342=CIRCLE('',#1584,5.0000002965721);
#343=CIRCLE('',#1585,5.0000002965721);
#344=CIRCLE('',#1587,5.0000002965721);
#345=CIRCLE('',#1588,5.0000002965721);
#346=CIRCLE('',#1590,5.0000002965721);
#347=CIRCLE('',#1591,5.0000002965721);
#348=CIRCLE('',#1593,5.0000002965721);
#349=CIRCLE('',#1594,5.0000002965721);
#350=CIRCLE('',#1596,5.0000002965721);
#351=CIRCLE('',#1597,5.0000002965721);
#352=CIRCLE('',#1599,5.0000002965721);
#353=CIRCLE('',#1600,5.0000002965721);
#354=CIRCLE('',#1602,5.0000002965721);
#355=CIRCLE('',#1603,5.0000002965721);
#356=CIRCLE('',#1605,5.0000002965721);
#357=CIRCLE('',#1606,5.0000002965721);
#358=CIRCLE('',#1608,5.0000002965721);
#359=CIRCLE('',#1609,5.0000002965721);
#360=CIRCLE('',#1611,5.0000002965721);
#361=CIRCLE('',#1612,5.0000002965721);
#362=CIRCLE('',#1614,5.0000002965721);
#363=CIRCLE('',#1615,5.0000002965721);
#364=CIRCLE('',#1617,5.0000002965721);
#365=CIRCLE('',#1618,5.0000002965721);
#366=CIRCLE('',#1620,5.0000002965721);
#367=CIRCLE('',#1621,5.0000002965721);
#368=CIRCLE('',#1623,5.0000002965721);
#369=CIRCLE('',#1624,5.0000002965721);
#370=CIRCLE('',#1626,5.0000002965721);
#371=CIRCLE('',#1627,5.0000002965721);
#372=CIRCLE('',#1629,5.0000002965721);
#373=CIRCLE('',#1630,5.0000002965721);
#374=CIRCLE('',#1632,5.0000002965721);
#375=CIRCLE('',#1633,5.0000002965721);
#376=CIRCLE('',#1635,5.0000002965721);
#377=CIRCLE('',#1636,5.0000002965721);
#378=CIRCLE('',#1638,5.0000002965721);
#379=CIRCLE('',#1639,5.0000002965721);
#380=CIRCLE('',#1641,5.0000002965721);
#381=CIRCLE('',#1642,5.0000002965721);
#382=CIRCLE('',#1644,5.0000002965721);
#383=CIRCLE('',#1645,5.0000002965721);
#384=LINE('',#2073,#493);
#385=LINE('',#2076,#494);
#386=LINE('',#2079,#495);
#387=LINE('',#2081,#496);
#388=LINE('',#2083,#497);
#389=LINE('',#2085,#498);
#390=LINE('',#2086,#499);
#391=LINE('',#2089,#500);
#392=LINE('',#2091,#501);
#393=LINE('',#2092,#502);
#394=LINE('',#2105,#503);
#395=LINE('',#2115,#504);
#396=LINE('',#2120,#505);
#397=LINE('',#2133,#506);
#398=LINE('',#2146,#507);
#399=LINE('',#2152,#508);
#400=LINE('',#2156,#509);
#401=LINE('',#2160,#510);
#402=LINE('',#2164,#511);
#403=LINE('',#2168,#512);
#404=LINE('',#2172,#513);
#405=LINE('',#2173,#514);
#406=LINE('',#2176,#515);
#407=LINE('',#2180,#516);
#408=LINE('',#2181,#517);
#409=LINE('',#2185,#518);
#410=LINE('',#2187,#519);
#411=LINE('',#2224,#520);
#412=LINE('',#2240,#521);
#413=LINE('',#2242,#522);
#414=LINE('',#2244,#523);
#415=LINE('',#2246,#524);
#416=LINE('',#2247,#525);
#417=LINE('',#2248,#526);
#418=LINE('',#2254,#527);
#419=LINE('',#2257,#528);
#420=LINE('',#2260,#529);
#421=LINE('',#2264,#530);
#422=LINE('',#2268,#531);
#423=LINE('',#2271,#532);
#424=LINE('',#2274,#533);
#425=LINE('',#2276,#534);
#426=LINE('',#2278,#535);
#427=LINE('',#2279,#536);
#428=LINE('',#2282,#537);
#429=LINE('',#2284,#538);
#430=LINE('',#2285,#539);
#431=LINE('',#2298,#540);
#432=LINE('',#2308,#541);
#433=LINE('',#2321,#542);
#434=LINE('',#2331,#543);
#435=LINE('',#2339,#544);
#436=LINE('',#2345,#545);
#437=LINE('',#2350,#546);
#438=LINE('',#2353,#547);
#439=LINE('',#2357,#548);
#440=LINE('',#2360,#549);
#441=LINE('',#2410,#550);
#442=LINE('',#2411,#551);
#443=LINE('',#2413,#552);
#444=LINE('',#2415,#553);
#445=LINE('',#2417,#554);
#446=LINE('',#2422,#555);
#447=LINE('',#2424,#556);
#448=LINE('',#2426,#557);
#449=LINE('',#2427,#558);
#450=LINE('',#2429,#559);
#451=LINE('',#2430,#560);
#452=LINE('',#2431,#561);
#453=LINE('',#2433,#562);
#454=LINE('',#2434,#563);
#455=LINE('',#2437,#564);
#456=LINE('',#2438,#565);
#457=LINE('',#2441,#566);
#458=LINE('',#2442,#567);
#459=LINE('',#2444,#568);
#460=LINE('',#2448,#569);
#461=LINE('',#2449,#570);
#462=LINE('',#2450,#571);
#463=LINE('',#2453,#572);
#464=LINE('',#2454,#573);
#465=LINE('',#2457,#574);
#466=LINE('',#2458,#575);
#467=LINE('',#2460,#576);
#468=LINE('',#2465,#577);
#469=LINE('',#2471,#578);
#470=LINE('',#2477,#579);
#471=LINE('',#2483,#580);
#472=LINE('',#2489,#581);
#473=LINE('',#2495,#582);
#474=LINE('',#2501,#583);
#475=LINE('',#2507,#584);
#476=LINE('',#2513,#585);
#477=LINE('',#2519,#586);
#478=LINE('',#2525,#587);
#479=LINE('',#2531,#588);
#480=LINE('',#2537,#589);
#481=LINE('',#2543,#590);
#482=LINE('',#2549,#591);
#483=LINE('',#2555,#592);
#484=LINE('',#2561,#593);
#485=LINE('',#2567,#594);
#486=LINE('',#2573,#595);
#487=LINE('',#2579,#596);
#488=LINE('',#2585,#597);
#489=LINE('',#2591,#598);
#490=LINE('',#2597,#599);
#491=LINE('',#2603,#600);
#492=LINE('',#2609,#601);
#493=VECTOR('',#1654,10.);
#494=VECTOR('',#1657,10.);
#495=VECTOR('',#1660,10.);
#496=VECTOR('',#1661,10.);
#497=VECTOR('',#1662,10.);
#498=VECTOR('',#1663,10.);
#499=VECTOR('',#1664,10.);
#500=VECTOR('',#1667,10.);
#501=VECTOR('',#1668,10.);
#502=VECTOR('',#1669,10.);
#503=VECTOR('',#1672,10.);
#504=VECTOR('',#1673,10.);
#505=VECTOR('',#1678,10.);
#506=VECTOR('',#1683,10.);
#507=VECTOR('',#1688,10.);
#508=VECTOR('',#1695,10.);
#509=VECTOR('',#1700,10.);
#510=VECTOR('',#1703,10.);
#511=VECTOR('',#1706,10.);
#512=VECTOR('',#1711,10.);
#513=VECTOR('',#1716,10.);
#514=VECTOR('',#1717,10.);
#515=VECTOR('',#1720,10.);
#516=VECTOR('',#1725,10.);
#517=VECTOR('',#1726,10.);
#518=VECTOR('',#1731,10.);
#519=VECTOR('',#1734,10.);
#520=VECTOR('',#1741,10.);
#521=VECTOR('',#1748,10.);
#522=VECTOR('',#1749,10.);
#523=VECTOR('',#1750,10.);
#524=VECTOR('',#1751,10.);
#525=VECTOR('',#1752,10.);
#526=VECTOR('',#1753,10.);
#527=VECTOR('',#1758,10.);
#528=VECTOR('',#1761,10.);
#529=VECTOR('',#1764,10.);
#530=VECTOR('',#1767,10.);
#531=VECTOR('',#1770,10.);
#532=VECTOR('',#1773,10.);
#533=VECTOR('',#1776,10.);
#534=VECTOR('',#1777,10.);
#535=VECTOR('',#1778,10.);
#536=VECTOR('',#1779,10.);
#537=VECTOR('',#1782,10.);
#538=VECTOR('',#1783,10.);
#539=VECTOR('',#1784,10.);
#540=VECTOR('',#1787,10.);
#541=VECTOR('',#1788,10.);
#542=VECTOR('',#1791,10.);
#543=VECTOR('',#1792,10.);
#544=VECTOR('',#1803,10.);
#545=VECTOR('',#1810,10.);
#546=VECTOR('',#1817,10.);
#547=VECTOR('',#1820,10.);
#548=VECTOR('',#1823,10.);
#549=VECTOR('',#1826,10.);
#550=VECTOR('',#1837,10.);
#551=VECTOR('',#1838,10.);
#552=VECTOR('',#1841,10.);
#553=VECTOR('',#1844,10.);
#554=VECTOR('',#1847,10.);
#555=VECTOR('',#1852,10.);
#556=VECTOR('',#1853,10.);
#557=VECTOR('',#1854,10.);
#558=VECTOR('',#1855,10.);
#559=VECTOR('',#1856,10.);
#560=VECTOR('',#1857,10.);
#561=VECTOR('',#1858,10.);
#562=VECTOR('',#1859,10.);
#563=VECTOR('',#1860,10.);
#564=VECTOR('',#1863,10.);
#565=VECTOR('',#1864,10.);
#566=VECTOR('',#1867,10.);
#567=VECTOR('',#1868,10.);
#568=VECTOR('',#1871,10.);
#569=VECTOR('',#1874,10.);
#570=VECTOR('',#1875,10.);
#571=VECTOR('',#1876,10.);
#572=VECTOR('',#1879,10.);
#573=VECTOR('',#1880,10.);
#574=VECTOR('',#1883,10.);
#575=VECTOR('',#1884,10.);
#576=VECTOR('',#1887,10.);
#577=VECTOR('',#1892,5.0000002965721);
#578=VECTOR('',#1899,5.0000002965721);
#579=VECTOR('',#1906,5.0000002965721);
#580=VECTOR('',#1913,5.0000002965721);
#581=VECTOR('',#1920,5.0000002965721);
#582=VECTOR('',#1927,5.0000002965721);
#583=VECTOR('',#1934,5.0000002965721);
#584=VECTOR('',#1941,5.0000002965721);
#585=VECTOR('',#1948,5.0000002965721);
#586=VECTOR('',#1955,5.0000002965721);
#587=VECTOR('',#1962,5.0000002965721);
#588=VECTOR('',#1969,5.0000002965721);
#589=VECTOR('',#1976,5.0000002965721);
#590=VECTOR('',#1983,5.0000002965721);
#591=VECTOR('',#1990,5.0000002965721);
#592=VECTOR('',#1997,5.0000002965721);
#593=VECTOR('',#2004,5.0000002965721);
#594=VECTOR('',#2011,5.0000002965721);
#595=VECTOR('',#2018,5.0000002965721);
#596=VECTOR('',#2025,5.0000002965721);
#597=VECTOR('',#2032,5.0000002965721);
#598=VECTOR('',#2039,5.0000002965721);
#599=VECTOR('',#2046,5.0000002965721);
#600=VECTOR('',#2053,5.0000002965721);
#601=VECTOR('',#2060,5.0000002965721);
#602=ELLIPSE('',#1495,2.12132034355964,1.5);
#603=ELLIPSE('',#1511,2.12132034355964,1.5);
#604=ELLIPSE('',#1512,0.707106781186544,0.499999999999998);
#605=ELLIPSE('',#1513,0.707106781186544,0.499999999999998);
#606=ELLIPSE('',#1515,0.707106781186544,0.499999999999998);
#607=ELLIPSE('',#1518,0.707106781186544,0.499999999999998);
#608=ELLIPSE('',#1521,2.12132034355964,1.5);
#609=ELLIPSE('',#1530,2.12132034355964,1.5);
#610=ELLIPSE('',#1533,0.707106781186544,0.499999999999998);
#611=ELLIPSE('',#1534,0.707106781186544,0.499999999999998);
#612=ELLIPSE('',#1535,2.12132034355964,1.5);
#613=ELLIPSE('',#1550,0.707106781186544,0.499999999999998);
#614=ELLIPSE('',#1552,2.12132034355964,1.5);
#615=ELLIPSE('',#1553,0.707106781186544,0.499999999999998);
#616=VERTEX_POINT('',#2069);
#617=VERTEX_POINT('',#2070);
#618=VERTEX_POINT('',#2072);
#619=VERTEX_POINT('',#2074);
#620=VERTEX_POINT('',#2078);
#621=VERTEX_POINT('',#2080);
#622=VERTEX_POINT('',#2082);
#623=VERTEX_POINT('',#2084);
#624=VERTEX_POINT('',#2088);
#625=VERTEX_POINT('',#2090);
#626=VERTEX_POINT('',#2094);
#627=VERTEX_POINT('',#2095);
#628=VERTEX_POINT('',#2104);
#629=VERTEX_POINT('',#2106);
#630=VERTEX_POINT('',#2117);
#631=VERTEX_POINT('',#2119);
#632=VERTEX_POINT('',#2123);
#633=VERTEX_POINT('',#2132);
#634=VERTEX_POINT('',#2143);
#635=VERTEX_POINT('',#2145);
#636=VERTEX_POINT('',#2149);
#637=VERTEX_POINT('',#2151);
#638=VERTEX_POINT('',#2155);
#639=VERTEX_POINT('',#2157);
#640=VERTEX_POINT('',#2159);
#641=VERTEX_POINT('',#2161);
#642=VERTEX_POINT('',#2163);
#643=VERTEX_POINT('',#2167);
#644=VERTEX_POINT('',#2171);
#645=VERTEX_POINT('',#2175);
#646=VERTEX_POINT('',#2179);
#647=VERTEX_POINT('',#2183);
#648=VERTEX_POINT('',#2189);
#649=VERTEX_POINT('',#2200);
#650=VERTEX_POINT('',#2213);
#651=VERTEX_POINT('',#2226);
#652=VERTEX_POINT('',#2239);
#653=VERTEX_POINT('',#2241);
#654=VERTEX_POINT('',#2243);
#655=VERTEX_POINT('',#2245);
#656=VERTEX_POINT('',#2250);
#657=VERTEX_POINT('',#2251);
#658=VERTEX_POINT('',#2253);
#659=VERTEX_POINT('',#2255);
#660=VERTEX_POINT('',#2259);
#661=VERTEX_POINT('',#2261);
#662=VERTEX_POINT('',#2263);
#663=VERTEX_POINT('',#2265);
#664=VERTEX_POINT('',#2267);
#665=VERTEX_POINT('',#2269);
#666=VERTEX_POINT('',#2273);
#667=VERTEX_POINT('',#2275);
#668=VERTEX_POINT('',#2277);
#669=VERTEX_POINT('',#2281);
#670=VERTEX_POINT('',#2283);
#671=VERTEX_POINT('',#2287);
#672=VERTEX_POINT('',#2288);
#673=VERTEX_POINT('',#2297);
#674=VERTEX_POINT('',#2299);
#675=VERTEX_POINT('',#2310);
#676=VERTEX_POINT('',#2311);
#677=VERTEX_POINT('',#2320);
#678=VERTEX_POINT('',#2322);
#679=VERTEX_POINT('',#2336);
#680=VERTEX_POINT('',#2338);
#681=VERTEX_POINT('',#2342);
#682=VERTEX_POINT('',#2344);
#683=VERTEX_POINT('',#2348);
#684=VERTEX_POINT('',#2352);
#685=VERTEX_POINT('',#2354);
#686=VERTEX_POINT('',#2356);
#687=VERTEX_POINT('',#2358);
#688=VERTEX_POINT('',#2362);
#689=VERTEX_POINT('',#2373);
#690=VERTEX_POINT('',#2386);
#691=VERTEX_POINT('',#2397);
#692=VERTEX_POINT('',#2420);
#693=VERTEX_POINT('',#2421);
#694=VERTEX_POINT('',#2423);
#695=VERTEX_POINT('',#2425);
#696=VERTEX_POINT('',#2428);
#697=VERTEX_POINT('',#2432);
#698=VERTEX_POINT('',#2436);
#699=VERTEX_POINT('',#2440);
#700=VERTEX_POINT('',#2446);
#701=VERTEX_POINT('',#2447);
#702=VERTEX_POINT('',#2452);
#703=VERTEX_POINT('',#2456);
#704=VERTEX_POINT('',#2462);
#705=VERTEX_POINT('',#2464);
#706=VERTEX_POINT('',#2468);
#707=VERTEX_POINT('',#2470);
#708=VERTEX_POINT('',#2474);
#709=VERTEX_POINT('',#2476);
#710=VERTEX_POINT('',#2480);
#711=VERTEX_POINT('',#2482);
#712=VERTEX_POINT('',#2486);
#713=VERTEX_POINT('',#2488);
#714=VERTEX_POINT('',#2492);
#715=VERTEX_POINT('',#2494);
#716=VERTEX_POINT('',#2498);
#717=VERTEX_POINT('',#2500);
#718=VERTEX_POINT('',#2504);
#719=VERTEX_POINT('',#2506);
#720=VERTEX_POINT('',#2510);
#721=VERTEX_POINT('',#2512);
#722=VERTEX_POINT('',#2516);
#723=VERTEX_POINT('',#2518);
#724=VERTEX_POINT('',#2522);
#725=VERTEX_POINT('',#2524);
#726=VERTEX_POINT('',#2528);
#727=VERTEX_POINT('',#2530);
#728=VERTEX_POINT('',#2534);
#729=VERTEX_POINT('',#2536);
#730=VERTEX_POINT('',#2540);
#731=VERTEX_POINT('',#2542);
#732=VERTEX_POINT('',#2546);
#733=VERTEX_POINT('',#2548);
#734=VERTEX_POINT('',#2552);
#735=VERTEX_POINT('',#2554);
#736=VERTEX_POINT('',#2558);
#737=VERTEX_POINT('',#2560);
#738=VERTEX_POINT('',#2564);
#739=VERTEX_POINT('',#2566);
#740=VERTEX_POINT('',#2570);
#741=VERTEX_POINT('',#2572);
#742=VERTEX_POINT('',#2576);
#743=VERTEX_POINT('',#2578);
#744=VERTEX_POINT('',#2582);
#745=VERTEX_POINT('',#2584);
#746=VERTEX_POINT('',#2588);
#747=VERTEX_POINT('',#2590);
#748=VERTEX_POINT('',#2594);
#749=VERTEX_POINT('',#2596);
#750=VERTEX_POINT('',#2600);
#751=VERTEX_POINT('',#2602);
#752=VERTEX_POINT('',#2606);
#753=VERTEX_POINT('',#2608);
#754=EDGE_CURVE('',#616,#617,#602,.T.);
#755=EDGE_CURVE('',#616,#618,#384,.T.);
#756=EDGE_CURVE('',#618,#619,#316,.T.);
#757=EDGE_CURVE('',#617,#619,#385,.T.);
#758=EDGE_CURVE('',#620,#616,#386,.T.);
#759=EDGE_CURVE('',#620,#621,#387,.T.);
#760=EDGE_CURVE('',#622,#621,#388,.T.);
#761=EDGE_CURVE('',#623,#622,#389,.T.);
#762=EDGE_CURVE('',#618,#623,#390,.T.);
#763=EDGE_CURVE('',#622,#624,#391,.T.);
#764=EDGE_CURVE('',#625,#624,#392,.T.);
#765=EDGE_CURVE('',#625,#623,#393,.T.);
#766=EDGE_CURVE('',#626,#627,#70,.F.);
#767=EDGE_CURVE('',#627,#628,#394,.T.);
#768=EDGE_CURVE('',#628,#629,#71,.F.);
#769=EDGE_CURVE('',#626,#629,#395,.T.);
#770=EDGE_CURVE('',#630,#627,#317,.T.);
#771=EDGE_CURVE('',#631,#630,#396,.T.);
#772=EDGE_CURVE('',#628,#631,#318,.T.);
#773=EDGE_CURVE('',#630,#632,#72,.F.);
#774=EDGE_CURVE('',#633,#632,#397,.T.);
#775=EDGE_CURVE('',#633,#631,#73,.F.);
#776=EDGE_CURVE('',#634,#632,#319,.T.);
#777=EDGE_CURVE('',#635,#634,#398,.T.);
#778=EDGE_CURVE('',#633,#635,#320,.T.);
#779=EDGE_CURVE('',#636,#629,#321,.T.);
#780=EDGE_CURVE('',#637,#636,#399,.T.);
#781=EDGE_CURVE('',#626,#637,#322,.T.);
#782=EDGE_CURVE('',#638,#617,#400,.T.);
#783=EDGE_CURVE('',#639,#638,#603,.T.);
#784=EDGE_CURVE('',#640,#639,#401,.T.);
#785=EDGE_CURVE('',#641,#640,#604,.T.);
#786=EDGE_CURVE('',#642,#641,#402,.T.);
#787=EDGE_CURVE('',#620,#642,#605,.T.);
#788=EDGE_CURVE('',#642,#643,#403,.T.);
#789=EDGE_CURVE('',#643,#621,#606,.T.);
#790=EDGE_CURVE('',#641,#644,#404,.T.);
#791=EDGE_CURVE('',#644,#643,#405,.T.);
#792=EDGE_CURVE('',#645,#640,#406,.T.);
#793=EDGE_CURVE('',#645,#644,#607,.T.);
#794=EDGE_CURVE('',#646,#639,#407,.T.);
#795=EDGE_CURVE('',#646,#645,#408,.T.);
#796=EDGE_CURVE('',#647,#646,#608,.T.);
#797=EDGE_CURVE('',#624,#647,#409,.T.);
#798=EDGE_CURVE('',#647,#638,#410,.T.);
#799=EDGE_CURVE('',#648,#637,#74,.T.);
#800=EDGE_CURVE('',#649,#648,#323,.T.);
#801=EDGE_CURVE('',#649,#634,#75,.T.);
#802=EDGE_CURVE('',#636,#650,#76,.T.);
#803=EDGE_CURVE('',#648,#650,#411,.T.);
#804=EDGE_CURVE('',#635,#651,#77,.T.);
#805=EDGE_CURVE('',#650,#651,#324,.T.);
#806=EDGE_CURVE('',#652,#651,#412,.T.);
#807=EDGE_CURVE('',#653,#652,#413,.T.);
#808=EDGE_CURVE('',#654,#653,#414,.T.);
#809=EDGE_CURVE('',#654,#655,#415,.T.);
#810=EDGE_CURVE('',#625,#655,#416,.T.);
#811=EDGE_CURVE('',#649,#619,#417,.T.);
#812=EDGE_CURVE('',#656,#657,#609,.T.);
#813=EDGE_CURVE('',#658,#656,#418,.T.);
#814=EDGE_CURVE('',#658,#659,#325,.T.);
#815=EDGE_CURVE('',#659,#657,#419,.T.);
#816=EDGE_CURVE('',#657,#660,#420,.T.);
#817=EDGE_CURVE('',#661,#660,#610,.T.);
#818=EDGE_CURVE('',#662,#661,#421,.T.);
#819=EDGE_CURVE('',#663,#662,#611,.T.);
#820=EDGE_CURVE('',#664,#663,#422,.T.);
#821=EDGE_CURVE('',#665,#664,#612,.T.);
#822=EDGE_CURVE('',#656,#665,#423,.T.);
#823=EDGE_CURVE('',#666,#659,#424,.T.);
#824=EDGE_CURVE('',#667,#666,#425,.T.);
#825=EDGE_CURVE('',#668,#667,#426,.T.);
#826=EDGE_CURVE('',#668,#660,#427,.T.);
#827=EDGE_CURVE('',#669,#667,#428,.T.);
#828=EDGE_CURVE('',#666,#670,#429,.T.);
#829=EDGE_CURVE('',#669,#670,#430,.T.);
#830=EDGE_CURVE('',#671,#672,#78,.F.);
#831=EDGE_CURVE('',#673,#672,#431,.T.);
#832=EDGE_CURVE('',#673,#674,#79,.F.);
#833=EDGE_CURVE('',#674,#671,#432,.T.);
#834=EDGE_CURVE('',#675,#676,#80,.F.);
#835=EDGE_CURVE('',#676,#677,#433,.T.);
#836=EDGE_CURVE('',#677,#678,#81,.F.);
#837=EDGE_CURVE('',#675,#678,#434,.T.);
#838=EDGE_CURVE('',#677,#674,#326,.T.);
#839=EDGE_CURVE('',#671,#676,#327,.T.);
#840=EDGE_CURVE('',#679,#672,#328,.T.);
#841=EDGE_CURVE('',#680,#679,#435,.T.);
#842=EDGE_CURVE('',#673,#680,#329,.T.);
#843=EDGE_CURVE('',#681,#678,#330,.T.);
#844=EDGE_CURVE('',#682,#681,#436,.T.);
#845=EDGE_CURVE('',#675,#682,#331,.T.);
#846=EDGE_CURVE('',#668,#683,#613,.T.);
#847=EDGE_CURVE('',#661,#683,#437,.T.);
#848=EDGE_CURVE('',#684,#669,#438,.T.);
#849=EDGE_CURVE('',#685,#684,#614,.T.);
#850=EDGE_CURVE('',#686,#685,#439,.T.);
#851=EDGE_CURVE('',#687,#686,#615,.T.);
#852=EDGE_CURVE('',#683,#687,#440,.T.);
#853=EDGE_CURVE('',#682,#688,#82,.T.);
#854=EDGE_CURVE('',#689,#688,#332,.T.);
#855=EDGE_CURVE('',#679,#689,#83,.T.);
#856=EDGE_CURVE('',#690,#680,#84,.T.);
#857=EDGE_CURVE('',#691,#690,#333,.T.);
#858=EDGE_CURVE('',#691,#681,#85,.T.);
#859=EDGE_CURVE('',#664,#685,#441,.T.);
#860=EDGE_CURVE('',#665,#684,#442,.T.);
#861=EDGE_CURVE('',#663,#686,#443,.T.);
#862=EDGE_CURVE('',#690,#689,#444,.T.);
#863=EDGE_CURVE('',#662,#687,#445,.T.);
#864=EDGE_CURVE('',#692,#693,#446,.T.);
#865=EDGE_CURVE('',#693,#694,#447,.T.);
#866=EDGE_CURVE('',#694,#695,#448,.T.);
#867=EDGE_CURVE('',#695,#692,#449,.T.);
#868=EDGE_CURVE('',#655,#696,#450,.T.);
#869=EDGE_CURVE('',#696,#670,#451,.T.);
#870=EDGE_CURVE('',#658,#688,#452,.T.);
#871=EDGE_CURVE('',#691,#697,#453,.T.);
#872=EDGE_CURVE('',#697,#652,#454,.T.);
#873=EDGE_CURVE('',#698,#654,#455,.T.);
#874=EDGE_CURVE('',#698,#696,#456,.T.);
#875=EDGE_CURVE('',#699,#698,#457,.T.);
#876=EDGE_CURVE('',#699,#697,#458,.T.);
#877=EDGE_CURVE('',#653,#699,#459,.T.);
#878=EDGE_CURVE('',#700,#701,#460,.T.);
#879=EDGE_CURVE('',#700,#692,#461,.T.);
#880=EDGE_CURVE('',#701,#695,#462,.T.);
#881=EDGE_CURVE('',#701,#702,#463,.T.);
#882=EDGE_CURVE('',#702,#694,#464,.T.);
#883=EDGE_CURVE('',#702,#703,#465,.T.);
#884=EDGE_CURVE('',#703,#693,#466,.T.);
#885=EDGE_CURVE('',#703,#700,#467,.T.);
#886=EDGE_CURVE('',#704,#704,#334,.T.);
#887=EDGE_CURVE('',#704,#705,#468,.T.);
#888=EDGE_CURVE('',#705,#705,#335,.T.);
#889=EDGE_CURVE('',#706,#706,#336,.T.);
#890=EDGE_CURVE('',#706,#707,#469,.T.);
#891=EDGE_CURVE('',#707,#707,#337,.T.);
#892=EDGE_CURVE('',#708,#708,#338,.T.);
#893=EDGE_CURVE('',#708,#709,#470,.T.);
#894=EDGE_CURVE('',#709,#709,#339,.T.);
#895=EDGE_CURVE('',#710,#710,#340,.T.);
#896=EDGE_CURVE('',#710,#711,#471,.T.);
#897=EDGE_CURVE('',#711,#711,#341,.T.);
#898=EDGE_CURVE('',#712,#712,#342,.T.);
#899=EDGE_CURVE('',#712,#713,#472,.T.);
#900=EDGE_CURVE('',#713,#713,#343,.T.);
#901=EDGE_CURVE('',#714,#714,#344,.T.);
#902=EDGE_CURVE('',#714,#715,#473,.T.);
#903=EDGE_CURVE('',#715,#715,#345,.T.);
#904=EDGE_CURVE('',#716,#716,#346,.T.);
#905=EDGE_CURVE('',#716,#717,#474,.T.);
#906=EDGE_CURVE('',#717,#717,#347,.T.);
#907=EDGE_CURVE('',#718,#718,#348,.T.);
#908=EDGE_CURVE('',#718,#719,#475,.T.);
#909=EDGE_CURVE('',#719,#719,#349,.T.);
#910=EDGE_CURVE('',#720,#720,#350,.T.);
#911=EDGE_CURVE('',#720,#721,#476,.T.);
#912=EDGE_CURVE('',#721,#721,#351,.T.);
#913=EDGE_CURVE('',#722,#722,#352,.T.);
#914=EDGE_CURVE('',#722,#723,#477,.T.);
#915=EDGE_CURVE('',#723,#723,#353,.T.);
#916=EDGE_CURVE('',#724,#724,#354,.T.);
#917=EDGE_CURVE('',#724,#725,#478,.T.);
#918=EDGE_CURVE('',#725,#725,#355,.T.);
#919=EDGE_CURVE('',#726,#726,#356,.T.);
#920=EDGE_CURVE('',#726,#727,#479,.T.);
#921=EDGE_CURVE('',#727,#727,#357,.T.);
#922=EDGE_CURVE('',#728,#728,#358,.T.);
#923=EDGE_CURVE('',#728,#729,#480,.T.);
#924=EDGE_CURVE('',#729,#729,#359,.T.);
#925=EDGE_CURVE('',#730,#730,#360,.T.);
#926=EDGE_CURVE('',#730,#731,#481,.T.);
#927=EDGE_CURVE('',#731,#731,#361,.T.);
#928=EDGE_CURVE('',#732,#732,#362,.T.);
#929=EDGE_CURVE('',#732,#733,#482,.T.);
#930=EDGE_CURVE('',#733,#733,#363,.T.);
#931=EDGE_CURVE('',#734,#734,#364,.T.);
#932=EDGE_CURVE('',#734,#735,#483,.T.);
#933=EDGE_CURVE('',#735,#735,#365,.T.);
#934=EDGE_CURVE('',#736,#736,#366,.T.);
#935=EDGE_CURVE('',#736,#737,#484,.T.);
#936=EDGE_CURVE('',#737,#737,#367,.T.);
#937=EDGE_CURVE('',#738,#738,#368,.T.);
#938=EDGE_CURVE('',#738,#739,#485,.T.);
#939=EDGE_CURVE('',#739,#739,#369,.T.);
#940=EDGE_CURVE('',#740,#740,#370,.T.);
#941=EDGE_CURVE('',#740,#741,#486,.T.);
#942=EDGE_CURVE('',#741,#741,#371,.T.);
#943=EDGE_CURVE('',#742,#742,#372,.T.);
#944=EDGE_CURVE('',#742,#743,#487,.T.);
#945=EDGE_CURVE('',#743,#743,#373,.T.);
#946=EDGE_CURVE('',#744,#744,#374,.T.);
#947=EDGE_CURVE('',#744,#745,#488,.T.);
#948=EDGE_CURVE('',#745,#745,#375,.T.);
#949=EDGE_CURVE('',#746,#746,#376,.T.);
#950=EDGE_CURVE('',#746,#747,#489,.T.);
#951=EDGE_CURVE('',#747,#747,#377,.T.);
#952=EDGE_CURVE('',#748,#748,#378,.T.);
#953=EDGE_CURVE('',#748,#749,#490,.T.);
#954=EDGE_CURVE('',#749,#749,#379,.T.);
#955=EDGE_CURVE('',#750,#750,#380,.T.);
#956=EDGE_CURVE('',#750,#751,#491,.T.);
#957=EDGE_CURVE('',#751,#751,#381,.T.);
#958=EDGE_CURVE('',#752,#752,#382,.T.);
#959=EDGE_CURVE('',#752,#753,#492,.T.);
#960=EDGE_CURVE('',#753,#753,#383,.T.);
#961=ORIENTED_EDGE('',*,*,#754,.F.);
#962=ORIENTED_EDGE('',*,*,#755,.T.);
#963=ORIENTED_EDGE('',*,*,#756,.T.);
#964=ORIENTED_EDGE('',*,*,#757,.F.);
#965=ORIENTED_EDGE('',*,*,#755,.F.);
#966=ORIENTED_EDGE('',*,*,#758,.F.);
#967=ORIENTED_EDGE('',*,*,#759,.T.);
#968=ORIENTED_EDGE('',*,*,#760,.F.);
#969=ORIENTED_EDGE('',*,*,#761,.F.);
#970=ORIENTED_EDGE('',*,*,#762,.F.);
#971=ORIENTED_EDGE('',*,*,#763,.T.);
#972=ORIENTED_EDGE('',*,*,#764,.F.);
#973=ORIENTED_EDGE('',*,*,#765,.T.);
#974=ORIENTED_EDGE('',*,*,#761,.T.);
#975=ORIENTED_EDGE('',*,*,#766,.T.);
#976=ORIENTED_EDGE('',*,*,#767,.T.);
#977=ORIENTED_EDGE('',*,*,#768,.T.);
#978=ORIENTED_EDGE('',*,*,#769,.F.);
#979=ORIENTED_EDGE('',*,*,#767,.F.);
#980=ORIENTED_EDGE('',*,*,#770,.F.);
#981=ORIENTED_EDGE('',*,*,#771,.F.);
#982=ORIENTED_EDGE('',*,*,#772,.F.);
#983=ORIENTED_EDGE('',*,*,#773,.T.);
#984=ORIENTED_EDGE('',*,*,#774,.F.);
#985=ORIENTED_EDGE('',*,*,#775,.T.);
#986=ORIENTED_EDGE('',*,*,#771,.T.);
#987=ORIENTED_EDGE('',*,*,#774,.T.);
#988=ORIENTED_EDGE('',*,*,#776,.F.);
#989=ORIENTED_EDGE('',*,*,#777,.F.);
#990=ORIENTED_EDGE('',*,*,#778,.F.);
#991=ORIENTED_EDGE('',*,*,#769,.T.);
#992=ORIENTED_EDGE('',*,*,#779,.F.);
#993=ORIENTED_EDGE('',*,*,#780,.F.);
#994=ORIENTED_EDGE('',*,*,#781,.F.);
#995=ORIENTED_EDGE('',*,*,#754,.T.);
#996=ORIENTED_EDGE('',*,*,#782,.F.);
#997=ORIENTED_EDGE('',*,*,#783,.F.);
#998=ORIENTED_EDGE('',*,*,#784,.F.);
#999=ORIENTED_EDGE('',*,*,#785,.F.);
#1000=ORIENTED_EDGE('',*,*,#786,.F.);
#1001=ORIENTED_EDGE('',*,*,#787,.F.);
#1002=ORIENTED_EDGE('',*,*,#758,.T.);
#1003=ORIENTED_EDGE('',*,*,#787,.T.);
#1004=ORIENTED_EDGE('',*,*,#788,.T.);
#1005=ORIENTED_EDGE('',*,*,#789,.T.);
#1006=ORIENTED_EDGE('',*,*,#759,.F.);
#1007=ORIENTED_EDGE('',*,*,#786,.T.);
#1008=ORIENTED_EDGE('',*,*,#790,.T.);
#1009=ORIENTED_EDGE('',*,*,#791,.T.);
#1010=ORIENTED_EDGE('',*,*,#788,.F.);
#1011=ORIENTED_EDGE('',*,*,#785,.T.);
#1012=ORIENTED_EDGE('',*,*,#792,.F.);
#1013=ORIENTED_EDGE('',*,*,#793,.T.);
#1014=ORIENTED_EDGE('',*,*,#790,.F.);
#1015=ORIENTED_EDGE('',*,*,#784,.T.);
#1016=ORIENTED_EDGE('',*,*,#794,.F.);
#1017=ORIENTED_EDGE('',*,*,#795,.T.);
#1018=ORIENTED_EDGE('',*,*,#792,.T.);
#1019=ORIENTED_EDGE('',*,*,#796,.F.);
#1020=ORIENTED_EDGE('',*,*,#797,.F.);
#1021=ORIENTED_EDGE('',*,*,#763,.F.);
#1022=ORIENTED_EDGE('',*,*,#760,.T.);
#1023=ORIENTED_EDGE('',*,*,#789,.F.);
#1024=ORIENTED_EDGE('',*,*,#791,.F.);
#1025=ORIENTED_EDGE('',*,*,#793,.F.);
#1026=ORIENTED_EDGE('',*,*,#795,.F.);
#1027=ORIENTED_EDGE('',*,*,#783,.T.);
#1028=ORIENTED_EDGE('',*,*,#798,.F.);
#1029=ORIENTED_EDGE('',*,*,#796,.T.);
#1030=ORIENTED_EDGE('',*,*,#794,.T.);
#1031=ORIENTED_EDGE('',*,*,#781,.T.);
#1032=ORIENTED_EDGE('',*,*,#799,.F.);
#1033=ORIENTED_EDGE('',*,*,#800,.F.);
#1034=ORIENTED_EDGE('',*,*,#801,.T.);
#1035=ORIENTED_EDGE('',*,*,#776,.T.);
#1036=ORIENTED_EDGE('',*,*,#773,.F.);
#1037=ORIENTED_EDGE('',*,*,#770,.T.);
#1038=ORIENTED_EDGE('',*,*,#766,.F.);
#1039=ORIENTED_EDGE('',*,*,#799,.T.);
#1040=ORIENTED_EDGE('',*,*,#780,.T.);
#1041=ORIENTED_EDGE('',*,*,#802,.T.);
#1042=ORIENTED_EDGE('',*,*,#803,.F.);
#1043=ORIENTED_EDGE('',*,*,#778,.T.);
#1044=ORIENTED_EDGE('',*,*,#804,.T.);
#1045=ORIENTED_EDGE('',*,*,#805,.F.);
#1046=ORIENTED_EDGE('',*,*,#802,.F.);
#1047=ORIENTED_EDGE('',*,*,#779,.T.);
#1048=ORIENTED_EDGE('',*,*,#768,.F.);
#1049=ORIENTED_EDGE('',*,*,#772,.T.);
#1050=ORIENTED_EDGE('',*,*,#775,.F.);
#1051=ORIENTED_EDGE('',*,*,#800,.T.);
#1052=ORIENTED_EDGE('',*,*,#803,.T.);
#1053=ORIENTED_EDGE('',*,*,#805,.T.);
#1054=ORIENTED_EDGE('',*,*,#806,.F.);
#1055=ORIENTED_EDGE('',*,*,#807,.F.);
#1056=ORIENTED_EDGE('',*,*,#808,.F.);
#1057=ORIENTED_EDGE('',*,*,#809,.T.);
#1058=ORIENTED_EDGE('',*,*,#810,.F.);
#1059=ORIENTED_EDGE('',*,*,#764,.T.);
#1060=ORIENTED_EDGE('',*,*,#797,.T.);
#1061=ORIENTED_EDGE('',*,*,#798,.T.);
#1062=ORIENTED_EDGE('',*,*,#782,.T.);
#1063=ORIENTED_EDGE('',*,*,#757,.T.);
#1064=ORIENTED_EDGE('',*,*,#811,.F.);
#1065=ORIENTED_EDGE('',*,*,#812,.F.);
#1066=ORIENTED_EDGE('',*,*,#813,.F.);
#1067=ORIENTED_EDGE('',*,*,#814,.T.);
#1068=ORIENTED_EDGE('',*,*,#815,.T.);
#1069=ORIENTED_EDGE('',*,*,#812,.T.);
#1070=ORIENTED_EDGE('',*,*,#816,.T.);
#1071=ORIENTED_EDGE('',*,*,#817,.F.);
#1072=ORIENTED_EDGE('',*,*,#818,.F.);
#1073=ORIENTED_EDGE('',*,*,#819,.F.);
#1074=ORIENTED_EDGE('',*,*,#820,.F.);
#1075=ORIENTED_EDGE('',*,*,#821,.F.);
#1076=ORIENTED_EDGE('',*,*,#822,.F.);
#1077=ORIENTED_EDGE('',*,*,#815,.F.);
#1078=ORIENTED_EDGE('',*,*,#823,.F.);
#1079=ORIENTED_EDGE('',*,*,#824,.F.);
#1080=ORIENTED_EDGE('',*,*,#825,.F.);
#1081=ORIENTED_EDGE('',*,*,#826,.T.);
#1082=ORIENTED_EDGE('',*,*,#816,.F.);
#1083=ORIENTED_EDGE('',*,*,#827,.T.);
#1084=ORIENTED_EDGE('',*,*,#824,.T.);
#1085=ORIENTED_EDGE('',*,*,#828,.T.);
#1086=ORIENTED_EDGE('',*,*,#829,.F.);
#1087=ORIENTED_EDGE('',*,*,#830,.T.);
#1088=ORIENTED_EDGE('',*,*,#831,.F.);
#1089=ORIENTED_EDGE('',*,*,#832,.T.);
#1090=ORIENTED_EDGE('',*,*,#833,.T.);
#1091=ORIENTED_EDGE('',*,*,#834,.T.);
#1092=ORIENTED_EDGE('',*,*,#835,.T.);
#1093=ORIENTED_EDGE('',*,*,#836,.T.);
#1094=ORIENTED_EDGE('',*,*,#837,.F.);
#1095=ORIENTED_EDGE('',*,*,#833,.F.);
#1096=ORIENTED_EDGE('',*,*,#838,.F.);
#1097=ORIENTED_EDGE('',*,*,#835,.F.);
#1098=ORIENTED_EDGE('',*,*,#839,.F.);
#1099=ORIENTED_EDGE('',*,*,#831,.T.);
#1100=ORIENTED_EDGE('',*,*,#840,.F.);
#1101=ORIENTED_EDGE('',*,*,#841,.F.);
#1102=ORIENTED_EDGE('',*,*,#842,.F.);
#1103=ORIENTED_EDGE('',*,*,#837,.T.);
#1104=ORIENTED_EDGE('',*,*,#843,.F.);
#1105=ORIENTED_EDGE('',*,*,#844,.F.);
#1106=ORIENTED_EDGE('',*,*,#845,.F.);
#1107=ORIENTED_EDGE('',*,*,#817,.T.);
#1108=ORIENTED_EDGE('',*,*,#826,.F.);
#1109=ORIENTED_EDGE('',*,*,#846,.T.);
#1110=ORIENTED_EDGE('',*,*,#847,.F.);
#1111=ORIENTED_EDGE('',*,*,#846,.F.);
#1112=ORIENTED_EDGE('',*,*,#825,.T.);
#1113=ORIENTED_EDGE('',*,*,#827,.F.);
#1114=ORIENTED_EDGE('',*,*,#848,.F.);
#1115=ORIENTED_EDGE('',*,*,#849,.F.);
#1116=ORIENTED_EDGE('',*,*,#850,.F.);
#1117=ORIENTED_EDGE('',*,*,#851,.F.);
#1118=ORIENTED_EDGE('',*,*,#852,.F.);
#1119=ORIENTED_EDGE('',*,*,#845,.T.);
#1120=ORIENTED_EDGE('',*,*,#853,.T.);
#1121=ORIENTED_EDGE('',*,*,#854,.F.);
#1122=ORIENTED_EDGE('',*,*,#855,.F.);
#1123=ORIENTED_EDGE('',*,*,#840,.T.);
#1124=ORIENTED_EDGE('',*,*,#830,.F.);
#1125=ORIENTED_EDGE('',*,*,#839,.T.);
#1126=ORIENTED_EDGE('',*,*,#834,.F.);
#1127=ORIENTED_EDGE('',*,*,#842,.T.);
#1128=ORIENTED_EDGE('',*,*,#856,.F.);
#1129=ORIENTED_EDGE('',*,*,#857,.F.);
#1130=ORIENTED_EDGE('',*,*,#858,.T.);
#1131=ORIENTED_EDGE('',*,*,#843,.T.);
#1132=ORIENTED_EDGE('',*,*,#836,.F.);
#1133=ORIENTED_EDGE('',*,*,#838,.T.);
#1134=ORIENTED_EDGE('',*,*,#832,.F.);
#1135=ORIENTED_EDGE('',*,*,#821,.T.);
#1136=ORIENTED_EDGE('',*,*,#859,.T.);
#1137=ORIENTED_EDGE('',*,*,#849,.T.);
#1138=ORIENTED_EDGE('',*,*,#860,.F.);
#1139=ORIENTED_EDGE('',*,*,#820,.T.);
#1140=ORIENTED_EDGE('',*,*,#861,.T.);
#1141=ORIENTED_EDGE('',*,*,#850,.T.);
#1142=ORIENTED_EDGE('',*,*,#859,.F.);
#1143=ORIENTED_EDGE('',*,*,#855,.T.);
#1144=ORIENTED_EDGE('',*,*,#862,.F.);
#1145=ORIENTED_EDGE('',*,*,#856,.T.);
#1146=ORIENTED_EDGE('',*,*,#841,.T.);
#1147=ORIENTED_EDGE('',*,*,#818,.T.);
#1148=ORIENTED_EDGE('',*,*,#847,.T.);
#1149=ORIENTED_EDGE('',*,*,#852,.T.);
#1150=ORIENTED_EDGE('',*,*,#863,.F.);
#1151=ORIENTED_EDGE('',*,*,#819,.T.);
#1152=ORIENTED_EDGE('',*,*,#863,.T.);
#1153=ORIENTED_EDGE('',*,*,#851,.T.);
#1154=ORIENTED_EDGE('',*,*,#861,.F.);
#1155=ORIENTED_EDGE('',*,*,#864,.T.);
#1156=ORIENTED_EDGE('',*,*,#865,.T.);
#1157=ORIENTED_EDGE('',*,*,#866,.T.);
#1158=ORIENTED_EDGE('',*,*,#867,.T.);
#1159=ORIENTED_EDGE('',*,*,#811,.T.);
#1160=ORIENTED_EDGE('',*,*,#756,.F.);
#1161=ORIENTED_EDGE('',*,*,#762,.T.);
#1162=ORIENTED_EDGE('',*,*,#765,.F.);
#1163=ORIENTED_EDGE('',*,*,#810,.T.);
#1164=ORIENTED_EDGE('',*,*,#868,.T.);
#1165=ORIENTED_EDGE('',*,*,#869,.T.);
#1166=ORIENTED_EDGE('',*,*,#828,.F.);
#1167=ORIENTED_EDGE('',*,*,#823,.T.);
#1168=ORIENTED_EDGE('',*,*,#814,.F.);
#1169=ORIENTED_EDGE('',*,*,#870,.T.);
#1170=ORIENTED_EDGE('',*,*,#853,.F.);
#1171=ORIENTED_EDGE('',*,*,#844,.T.);
#1172=ORIENTED_EDGE('',*,*,#858,.F.);
#1173=ORIENTED_EDGE('',*,*,#871,.T.);
#1174=ORIENTED_EDGE('',*,*,#872,.T.);
#1175=ORIENTED_EDGE('',*,*,#806,.T.);
#1176=ORIENTED_EDGE('',*,*,#804,.F.);
#1177=ORIENTED_EDGE('',*,*,#777,.T.);
#1178=ORIENTED_EDGE('',*,*,#801,.F.);
#1179=ORIENTED_EDGE('',*,*,#873,.F.);
#1180=ORIENTED_EDGE('',*,*,#874,.T.);
#1181=ORIENTED_EDGE('',*,*,#868,.F.);
#1182=ORIENTED_EDGE('',*,*,#809,.F.);
#1183=ORIENTED_EDGE('',*,*,#829,.T.);
#1184=ORIENTED_EDGE('',*,*,#869,.F.);
#1185=ORIENTED_EDGE('',*,*,#874,.F.);
#1186=ORIENTED_EDGE('',*,*,#875,.F.);
#1187=ORIENTED_EDGE('',*,*,#876,.T.);
#1188=ORIENTED_EDGE('',*,*,#871,.F.);
#1189=ORIENTED_EDGE('',*,*,#857,.T.);
#1190=ORIENTED_EDGE('',*,*,#862,.T.);
#1191=ORIENTED_EDGE('',*,*,#854,.T.);
#1192=ORIENTED_EDGE('',*,*,#870,.F.);
#1193=ORIENTED_EDGE('',*,*,#813,.T.);
#1194=ORIENTED_EDGE('',*,*,#822,.T.);
#1195=ORIENTED_EDGE('',*,*,#860,.T.);
#1196=ORIENTED_EDGE('',*,*,#848,.T.);
#1197=ORIENTED_EDGE('',*,*,#877,.F.);
#1198=ORIENTED_EDGE('',*,*,#807,.T.);
#1199=ORIENTED_EDGE('',*,*,#872,.F.);
#1200=ORIENTED_EDGE('',*,*,#876,.F.);
#1201=ORIENTED_EDGE('',*,*,#878,.F.);
#1202=ORIENTED_EDGE('',*,*,#879,.T.);
#1203=ORIENTED_EDGE('',*,*,#867,.F.);
#1204=ORIENTED_EDGE('',*,*,#880,.F.);
#1205=ORIENTED_EDGE('',*,*,#881,.F.);
#1206=ORIENTED_EDGE('',*,*,#880,.T.);
#1207=ORIENTED_EDGE('',*,*,#866,.F.);
#1208=ORIENTED_EDGE('',*,*,#882,.F.);
#1209=ORIENTED_EDGE('',*,*,#883,.F.);
#1210=ORIENTED_EDGE('',*,*,#882,.T.);
#1211=ORIENTED_EDGE('',*,*,#865,.F.);
#1212=ORIENTED_EDGE('',*,*,#884,.F.);
#1213=ORIENTED_EDGE('',*,*,#885,.F.);
#1214=ORIENTED_EDGE('',*,*,#884,.T.);
#1215=ORIENTED_EDGE('',*,*,#864,.F.);
#1216=ORIENTED_EDGE('',*,*,#879,.F.);
#1217=ORIENTED_EDGE('',*,*,#886,.F.);
#1218=ORIENTED_EDGE('',*,*,#887,.T.);
#1219=ORIENTED_EDGE('',*,*,#888,.T.);
#1220=ORIENTED_EDGE('',*,*,#887,.F.);
#1221=ORIENTED_EDGE('',*,*,#889,.F.);
#1222=ORIENTED_EDGE('',*,*,#890,.T.);
#1223=ORIENTED_EDGE('',*,*,#891,.T.);
#1224=ORIENTED_EDGE('',*,*,#890,.F.);
#1225=ORIENTED_EDGE('',*,*,#892,.F.);
#1226=ORIENTED_EDGE('',*,*,#893,.T.);
#1227=ORIENTED_EDGE('',*,*,#894,.T.);
#1228=ORIENTED_EDGE('',*,*,#893,.F.);
#1229=ORIENTED_EDGE('',*,*,#895,.F.);
#1230=ORIENTED_EDGE('',*,*,#896,.T.);
#1231=ORIENTED_EDGE('',*,*,#897,.T.);
#1232=ORIENTED_EDGE('',*,*,#896,.F.);
#1233=ORIENTED_EDGE('',*,*,#898,.F.);
#1234=ORIENTED_EDGE('',*,*,#899,.T.);
#1235=ORIENTED_EDGE('',*,*,#900,.T.);
#1236=ORIENTED_EDGE('',*,*,#899,.F.);
#1237=ORIENTED_EDGE('',*,*,#901,.F.);
#1238=ORIENTED_EDGE('',*,*,#902,.T.);
#1239=ORIENTED_EDGE('',*,*,#903,.T.);
#1240=ORIENTED_EDGE('',*,*,#902,.F.);
#1241=ORIENTED_EDGE('',*,*,#904,.F.);
#1242=ORIENTED_EDGE('',*,*,#905,.T.);
#1243=ORIENTED_EDGE('',*,*,#906,.T.);
#1244=ORIENTED_EDGE('',*,*,#905,.F.);
#1245=ORIENTED_EDGE('',*,*,#907,.F.);
#1246=ORIENTED_EDGE('',*,*,#908,.T.);
#1247=ORIENTED_EDGE('',*,*,#909,.T.);
#1248=ORIENTED_EDGE('',*,*,#908,.F.);
#1249=ORIENTED_EDGE('',*,*,#910,.F.);
#1250=ORIENTED_EDGE('',*,*,#911,.T.);
#1251=ORIENTED_EDGE('',*,*,#912,.T.);
#1252=ORIENTED_EDGE('',*,*,#911,.F.);
#1253=ORIENTED_EDGE('',*,*,#913,.F.);
#1254=ORIENTED_EDGE('',*,*,#914,.T.);
#1255=ORIENTED_EDGE('',*,*,#915,.T.);
#1256=ORIENTED_EDGE('',*,*,#914,.F.);
#1257=ORIENTED_EDGE('',*,*,#916,.F.);
#1258=ORIENTED_EDGE('',*,*,#917,.T.);
#1259=ORIENTED_EDGE('',*,*,#918,.T.);
#1260=ORIENTED_EDGE('',*,*,#917,.F.);
#1261=ORIENTED_EDGE('',*,*,#919,.F.);
#1262=ORIENTED_EDGE('',*,*,#920,.T.);
#1263=ORIENTED_EDGE('',*,*,#921,.T.);
#1264=ORIENTED_EDGE('',*,*,#920,.F.);
#1265=ORIENTED_EDGE('',*,*,#922,.F.);
#1266=ORIENTED_EDGE('',*,*,#923,.T.);
#1267=ORIENTED_EDGE('',*,*,#924,.T.);
#1268=ORIENTED_EDGE('',*,*,#923,.F.);
#1269=ORIENTED_EDGE('',*,*,#925,.F.);
#1270=ORIENTED_EDGE('',*,*,#926,.T.);
#1271=ORIENTED_EDGE('',*,*,#927,.T.);
#1272=ORIENTED_EDGE('',*,*,#926,.F.);
#1273=ORIENTED_EDGE('',*,*,#928,.F.);
#1274=ORIENTED_EDGE('',*,*,#929,.T.);
#1275=ORIENTED_EDGE('',*,*,#930,.T.);
#1276=ORIENTED_EDGE('',*,*,#929,.F.);
#1277=ORIENTED_EDGE('',*,*,#931,.F.);
#1278=ORIENTED_EDGE('',*,*,#932,.T.);
#1279=ORIENTED_EDGE('',*,*,#933,.T.);
#1280=ORIENTED_EDGE('',*,*,#932,.F.);
#1281=ORIENTED_EDGE('',*,*,#934,.F.);
#1282=ORIENTED_EDGE('',*,*,#935,.T.);
#1283=ORIENTED_EDGE('',*,*,#936,.T.);
#1284=ORIENTED_EDGE('',*,*,#935,.F.);
#1285=ORIENTED_EDGE('',*,*,#937,.F.);
#1286=ORIENTED_EDGE('',*,*,#938,.T.);
#1287=ORIENTED_EDGE('',*,*,#939,.T.);
#1288=ORIENTED_EDGE('',*,*,#938,.F.);
#1289=ORIENTED_EDGE('',*,*,#940,.F.);
#1290=ORIENTED_EDGE('',*,*,#941,.T.);
#1291=ORIENTED_EDGE('',*,*,#942,.T.);
#1292=ORIENTED_EDGE('',*,*,#941,.F.);
#1293=ORIENTED_EDGE('',*,*,#943,.F.);
#1294=ORIENTED_EDGE('',*,*,#944,.T.);
#1295=ORIENTED_EDGE('',*,*,#945,.T.);
#1296=ORIENTED_EDGE('',*,*,#944,.F.);
#1297=ORIENTED_EDGE('',*,*,#946,.F.);
#1298=ORIENTED_EDGE('',*,*,#947,.T.);
#1299=ORIENTED_EDGE('',*,*,#948,.T.);
#1300=ORIENTED_EDGE('',*,*,#947,.F.);
#1301=ORIENTED_EDGE('',*,*,#949,.F.);
#1302=ORIENTED_EDGE('',*,*,#950,.T.);
#1303=ORIENTED_EDGE('',*,*,#951,.T.);
#1304=ORIENTED_EDGE('',*,*,#950,.F.);
#1305=ORIENTED_EDGE('',*,*,#952,.F.);
#1306=ORIENTED_EDGE('',*,*,#953,.T.);
#1307=ORIENTED_EDGE('',*,*,#954,.T.);
#1308=ORIENTED_EDGE('',*,*,#953,.F.);
#1309=ORIENTED_EDGE('',*,*,#955,.F.);
#1310=ORIENTED_EDGE('',*,*,#956,.T.);
#1311=ORIENTED_EDGE('',*,*,#957,.T.);
#1312=ORIENTED_EDGE('',*,*,#956,.F.);
#1313=ORIENTED_EDGE('',*,*,#958,.F.);
#1314=ORIENTED_EDGE('',*,*,#959,.T.);
#1315=ORIENTED_EDGE('',*,*,#960,.T.);
#1316=ORIENTED_EDGE('',*,*,#959,.F.);
#1317=ORIENTED_EDGE('',*,*,#875,.T.);
#1318=ORIENTED_EDGE('',*,*,#873,.T.);
#1319=ORIENTED_EDGE('',*,*,#808,.T.);
#1320=ORIENTED_EDGE('',*,*,#877,.T.);
#1321=ORIENTED_EDGE('',*,*,#958,.T.);
#1322=ORIENTED_EDGE('',*,*,#955,.T.);
#1323=ORIENTED_EDGE('',*,*,#952,.T.);
#1324=ORIENTED_EDGE('',*,*,#949,.T.);
#1325=ORIENTED_EDGE('',*,*,#946,.T.);
#1326=ORIENTED_EDGE('',*,*,#943,.T.);
#1327=ORIENTED_EDGE('',*,*,#940,.T.);
#1328=ORIENTED_EDGE('',*,*,#937,.T.);
#1329=ORIENTED_EDGE('',*,*,#934,.T.);
#1330=ORIENTED_EDGE('',*,*,#931,.T.);
#1331=ORIENTED_EDGE('',*,*,#928,.T.);
#1332=ORIENTED_EDGE('',*,*,#925,.T.);
#1333=ORIENTED_EDGE('',*,*,#922,.T.);
#1334=ORIENTED_EDGE('',*,*,#919,.T.);
#1335=ORIENTED_EDGE('',*,*,#916,.T.);
#1336=ORIENTED_EDGE('',*,*,#913,.T.);
#1337=ORIENTED_EDGE('',*,*,#910,.T.);
#1338=ORIENTED_EDGE('',*,*,#907,.T.);
#1339=ORIENTED_EDGE('',*,*,#904,.T.);
#1340=ORIENTED_EDGE('',*,*,#901,.T.);
#1341=ORIENTED_EDGE('',*,*,#898,.T.);
#1342=ORIENTED_EDGE('',*,*,#895,.T.);
#1343=ORIENTED_EDGE('',*,*,#892,.T.);
#1344=ORIENTED_EDGE('',*,*,#889,.T.);
#1345=ORIENTED_EDGE('',*,*,#886,.T.);
#1346=ORIENTED_EDGE('',*,*,#885,.T.);
#1347=ORIENTED_EDGE('',*,*,#878,.T.);
#1348=ORIENTED_EDGE('',*,*,#881,.T.);
#1349=ORIENTED_EDGE('',*,*,#883,.T.);
#1350=ORIENTED_EDGE('',*,*,#960,.F.);
#1351=ORIENTED_EDGE('',*,*,#957,.F.);
#1352=ORIENTED_EDGE('',*,*,#954,.F.);
#1353=ORIENTED_EDGE('',*,*,#951,.F.);
#1354=ORIENTED_EDGE('',*,*,#948,.F.);
#1355=ORIENTED_EDGE('',*,*,#945,.F.);
#1356=ORIENTED_EDGE('',*,*,#942,.F.);
#1357=ORIENTED_EDGE('',*,*,#939,.F.);
#1358=ORIENTED_EDGE('',*,*,#936,.F.);
#1359=ORIENTED_EDGE('',*,*,#933,.F.);
#1360=ORIENTED_EDGE('',*,*,#930,.F.);
#1361=ORIENTED_EDGE('',*,*,#927,.F.);
#1362=ORIENTED_EDGE('',*,*,#924,.F.);
#1363=ORIENTED_EDGE('',*,*,#921,.F.);
#1364=ORIENTED_EDGE('',*,*,#918,.F.);
#1365=ORIENTED_EDGE('',*,*,#915,.F.);
#1366=ORIENTED_EDGE('',*,*,#912,.F.);
#1367=ORIENTED_EDGE('',*,*,#909,.F.);
#1368=ORIENTED_EDGE('',*,*,#906,.F.);
#1369=ORIENTED_EDGE('',*,*,#903,.F.);
#1370=ORIENTED_EDGE('',*,*,#900,.F.);
#1371=ORIENTED_EDGE('',*,*,#897,.F.);
#1372=ORIENTED_EDGE('',*,*,#894,.F.);
#1373=ORIENTED_EDGE('',*,*,#891,.F.);
#1374=ORIENTED_EDGE('',*,*,#888,.F.);
#1375=CYLINDRICAL_SURFACE('',#1494,1.5);
#1376=CYLINDRICAL_SURFACE('',#1514,0.499999999999998);
#1377=CYLINDRICAL_SURFACE('',#1517,0.499999999999998);
#1378=CYLINDRICAL_SURFACE('',#1522,1.5);
#1379=CYLINDRICAL_SURFACE('',#1529,1.5);
#1380=CYLINDRICAL_SURFACE('',#1549,0.499999999999998);
#1381=CYLINDRICAL_SURFACE('',#1558,1.5);
#1382=CYLINDRICAL_SURFACE('',#1562,0.499999999999998);
#1383=CYLINDRICAL_SURFACE('',#1571,5.0000002965721);
#1384=CYLINDRICAL_SURFACE('',#1574,5.0000002965721);
#1385=CYLINDRICAL_SURFACE('',#1577,5.0000002965721);
#1386=CYLINDRICAL_SURFACE('',#1580,5.0000002965721);
#1387=CYLINDRICAL_SURFACE('',#1583,5.0000002965721);
#1388=CYLINDRICAL_SURFACE('',#1586,5.0000002965721);
#1389=CYLINDRICAL_SURFACE('',#1589,5.0000002965721);
#1390=CYLINDRICAL_SURFACE('',#1592,5.0000002965721);
#1391=CYLINDRICAL_SURFACE('',#1595,5.0000002965721);
#1392=CYLINDRICAL_SURFACE('',#1598,5.0000002965721);
#1393=CYLINDRICAL_SURFACE('',#1601,5.0000002965721);
#1394=CYLINDRICAL_SURFACE('',#1604,5.0000002965721);
#1395=CYLINDRICAL_SURFACE('',#1607,5.0000002965721);
#1396=CYLINDRICAL_SURFACE('',#1610,5.0000002965721);
#1397=CYLINDRICAL_SURFACE('',#1613,5.0000002965721);
#1398=CYLINDRICAL_SURFACE('',#1616,5.0000002965721);
#1399=CYLINDRICAL_SURFACE('',#1619,5.0000002965721);
#1400=CYLINDRICAL_SURFACE('',#1622,5.0000002965721);
#1401=CYLINDRICAL_SURFACE('',#1625,5.0000002965721);
#1402=CYLINDRICAL_SURFACE('',#1628,5.0000002965721);
#1403=CYLINDRICAL_SURFACE('',#1631,5.0000002965721);
#1404=CYLINDRICAL_SURFACE('',#1634,5.0000002965721);
#1405=CYLINDRICAL_SURFACE('',#1637,5.0000002965721);
#1406=CYLINDRICAL_SURFACE('',#1640,5.0000002965721);
#1407=CYLINDRICAL_SURFACE('',#1643,5.0000002965721);
#1408=ADVANCED_FACE('',(#121),#1375,.F.);
#1409=ADVANCED_FACE('',(#122),#86,.T.);
#1410=ADVANCED_FACE('',(#123),#87,.T.);
#1411=ADVANCED_FACE('',(#124),#88,.T.);
#1412=ADVANCED_FACE('',(#125),#89,.F.);
#1413=ADVANCED_FACE('',(#126),#90,.T.);
#1414=ADVANCED_FACE('',(#127),#91,.F.);
#1415=ADVANCED_FACE('',(#128),#92,.F.);
#1416=ADVANCED_FACE('',(#129),#93,.T.);
#1417=ADVANCED_FACE('',(#130),#1376,.T.);
#1418=ADVANCED_FACE('',(#131),#94,.F.);
#1419=ADVANCED_FACE('',(#132),#1377,.T.);
#1420=ADVANCED_FACE('',(#133),#95,.T.);
#1421=ADVANCED_FACE('',(#134),#96,.T.);
#1422=ADVANCED_FACE('',(#135),#1378,.F.);
#1423=ADVANCED_FACE('',(#136),#66,.F.);
#1424=ADVANCED_FACE('',(#137),#97,.T.);
#1425=ADVANCED_FACE('',(#138),#67,.F.);
#1426=ADVANCED_FACE('',(#139),#98,.T.);
#1427=ADVANCED_FACE('',(#140),#1379,.F.);
#1428=ADVANCED_FACE('',(#141),#99,.T.);
#1429=ADVANCED_FACE('',(#142),#100,.F.);
#1430=ADVANCED_FACE('',(#143),#101,.T.);
#1431=ADVANCED_FACE('',(#144),#102,.T.);
#1432=ADVANCED_FACE('',(#145),#103,.T.);
#1433=ADVANCED_FACE('',(#146),#104,.T.);
#1434=ADVANCED_FACE('',(#147),#105,.T.);
#1435=ADVANCED_FACE('',(#148),#106,.T.);
#1436=ADVANCED_FACE('',(#149),#1380,.T.);
#1437=ADVANCED_FACE('',(#150),#107,.T.);
#1438=ADVANCED_FACE('',(#151),#68,.F.);
#1439=ADVANCED_FACE('',(#152),#69,.F.);
#1440=ADVANCED_FACE('',(#153),#1381,.F.);
#1441=ADVANCED_FACE('',(#154),#108,.F.);
#1442=ADVANCED_FACE('',(#155),#109,.T.);
#1443=ADVANCED_FACE('',(#156),#110,.T.);
#1444=ADVANCED_FACE('',(#157),#1382,.T.);
#1445=ADVANCED_FACE('',(#158,#15),#111,.T.);
#1446=ADVANCED_FACE('',(#159),#112,.T.);
#1447=ADVANCED_FACE('',(#160),#113,.T.);
#1448=ADVANCED_FACE('',(#161),#114,.T.);
#1449=ADVANCED_FACE('',(#162),#115,.T.);
#1450=ADVANCED_FACE('',(#163),#116,.T.);
#1451=ADVANCED_FACE('',(#164),#117,.T.);
#1452=ADVANCED_FACE('',(#165),#118,.T.);
#1453=ADVANCED_FACE('',(#166),#1383,.F.);
#1454=ADVANCED_FACE('',(#167),#1384,.F.);
#1455=ADVANCED_FACE('',(#168),#1385,.F.);
#1456=ADVANCED_FACE('',(#169),#1386,.F.);
#1457=ADVANCED_FACE('',(#170),#1387,.F.);
#1458=ADVANCED_FACE('',(#171),#1388,.F.);
#1459=ADVANCED_FACE('',(#172),#1389,.F.);
#1460=ADVANCED_FACE('',(#173),#1390,.F.);
#1461=ADVANCED_FACE('',(#174),#1391,.F.);
#1462=ADVANCED_FACE('',(#175),#1392,.F.);
#1463=ADVANCED_FACE('',(#176),#1393,.F.);
#1464=ADVANCED_FACE('',(#177),#1394,.F.);
#1465=ADVANCED_FACE('',(#178),#1395,.F.);
#1466=ADVANCED_FACE('',(#179),#1396,.F.);
#1467=ADVANCED_FACE('',(#180),#1397,.F.);
#1468=ADVANCED_FACE('',(#181),#1398,.F.);
#1469=ADVANCED_FACE('',(#182),#1399,.F.);
#1470=ADVANCED_FACE('',(#183),#1400,.F.);
#1471=ADVANCED_FACE('',(#184),#1401,.F.);
#1472=ADVANCED_FACE('',(#185),#1402,.F.);
#1473=ADVANCED_FACE('',(#186),#1403,.F.);
#1474=ADVANCED_FACE('',(#187),#1404,.F.);
#1475=ADVANCED_FACE('',(#188),#1405,.F.);
#1476=ADVANCED_FACE('',(#189),#1406,.F.);
#1477=ADVANCED_FACE('',(#190),#1407,.F.);
#1478=ADVANCED_FACE('',(#191,#16,#17,#18,#19,#20,#21,#22,#23,#24,#25,#26,
#27,#28,#29,#30,#31,#32,#33,#34,#35,#36,#37,#38,#39,#40),#119,.T.);
#1479=ADVANCED_FACE('',(#192,#41,#42,#43,#44,#45,#46,#47,#48,#49,#50,#51,
#52,#53,#54,#55,#56,#57,#58,#59,#60,#61,#62,#63,#64,#65),#120,.F.);
#1480=CLOSED_SHELL('',(#1408,#1409,#1410,#1411,#1412,#1413,#1414,#1415,
#1416,#1417,#1418,#1419,#1420,#1421,#1422,#1423,#1424,#1425,#1426,#1427,
#1428,#1429,#1430,#1431,#1432,#1433,#1434,#1435,#1436,#1437,#1438,#1439,
#1440,#1441,#1442,#1443,#1444,#1445,#1446,#1447,#1448,#1449,#1450,#1451,
#1452,#1453,#1454,#1455,#1456,#1457,#1458,#1459,#1460,#1461,#1462,#1463,
#1464,#1465,#1466,#1467,#1468,#1469,#1470,#1471,#1472,#1473,#1474,#1475,
#1476,#1477,#1478,#1479));
#1481=DERIVED_UNIT_ELEMENT(#1483,1.);
#1482=DERIVED_UNIT_ELEMENT(#2618,-3.);
#1483=(
MASS_UNIT()
NAMED_UNIT(*)
SI_UNIT(.KILO.,.GRAM.)
);
#1484=DERIVED_UNIT((#1481,#1482));
#1485=MEASURE_REPRESENTATION_ITEM('density measure',
POSITIVE_RATIO_MEASURE(7850.),#1484);
#1486=PROPERTY_DEFINITION_REPRESENTATION(#1491,#1488);
#1487=PROPERTY_DEFINITION_REPRESENTATION(#1492,#1489);
#1488=REPRESENTATION('material name',(#1490),#2615);
#1489=REPRESENTATION('density',(#1485),#2615);
#1490=DESCRIPTIVE_REPRESENTATION_ITEM('Steel','Steel');
#1491=PROPERTY_DEFINITION('material property','material name',#2625);
#1492=PROPERTY_DEFINITION('material property','density of part',#2625);
#1493=AXIS2_PLACEMENT_3D('',#2067,#1648,#1649);
#1494=AXIS2_PLACEMENT_3D('',#2068,#1650,#1651);
#1495=AXIS2_PLACEMENT_3D('',#2071,#1652,#1653);
#1496=AXIS2_PLACEMENT_3D('',#2075,#1655,#1656);
#1497=AXIS2_PLACEMENT_3D('',#2077,#1658,#1659);
#1498=AXIS2_PLACEMENT_3D('',#2087,#1665,#1666);
#1499=AXIS2_PLACEMENT_3D('',#2093,#1670,#1671);
#1500=AXIS2_PLACEMENT_3D('',#2116,#1674,#1675);
#1501=AXIS2_PLACEMENT_3D('',#2118,#1676,#1677);
#1502=AXIS2_PLACEMENT_3D('',#2121,#1679,#1680);
#1503=AXIS2_PLACEMENT_3D('',#2122,#1681,#1682);
#1504=AXIS2_PLACEMENT_3D('',#2142,#1684,#1685);
#1505=AXIS2_PLACEMENT_3D('',#2144,#1686,#1687);
#1506=AXIS2_PLACEMENT_3D('',#2147,#1689,#1690);
#1507=AXIS2_PLACEMENT_3D('',#2148,#1691,#1692);
#1508=AXIS2_PLACEMENT_3D('',#2150,#1693,#1694);
#1509=AXIS2_PLACEMENT_3D('',#2153,#1696,#1697);
#1510=AXIS2_PLACEMENT_3D('',#2154,#1698,#1699);
#1511=AXIS2_PLACEMENT_3D('',#2158,#1701,#1702);
#1512=AXIS2_PLACEMENT_3D('',#2162,#1704,#1705);
#1513=AXIS2_PLACEMENT_3D('',#2165,#1707,#1708);
#1514=AXIS2_PLACEMENT_3D('',#2166,#1709,#1710);
#1515=AXIS2_PLACEMENT_3D('',#2169,#1712,#1713);
#1516=AXIS2_PLACEMENT_3D('',#2170,#1714,#1715);
#1517=AXIS2_PLACEMENT_3D('',#2174,#1718,#1719);
#1518=AXIS2_PLACEMENT_3D('',#2177,#1721,#1722);
#1519=AXIS2_PLACEMENT_3D('',#2178,#1723,#1724);
#1520=AXIS2_PLACEMENT_3D('',#2182,#1727,#1728);
#1521=AXIS2_PLACEMENT_3D('',#2184,#1729,#1730);
#1522=AXIS2_PLACEMENT_3D('',#2186,#1732,#1733);
#1523=AXIS2_PLACEMENT_3D('',#2188,#1735,#1736);
#1524=AXIS2_PLACEMENT_3D('',#2201,#1737,#1738);
#1525=AXIS2_PLACEMENT_3D('',#2212,#1739,#1740);
#1526=AXIS2_PLACEMENT_3D('',#2225,#1742,#1743);
#1527=AXIS2_PLACEMENT_3D('',#2237,#1744,#1745);
#1528=AXIS2_PLACEMENT_3D('',#2238,#1746,#1747);
#1529=AXIS2_PLACEMENT_3D('',#2249,#1754,#1755);
#1530=AXIS2_PLACEMENT_3D('',#2252,#1756,#1757);
#1531=AXIS2_PLACEMENT_3D('',#2256,#1759,#1760);
#1532=AXIS2_PLACEMENT_3D('',#2258,#1762,#1763);
#1533=AXIS2_PLACEMENT_3D('',#2262,#1765,#1766);
#1534=AXIS2_PLACEMENT_3D('',#2266,#1768,#1769);
#1535=AXIS2_PLACEMENT_3D('',#2270,#1771,#1772);
#1536=AXIS2_PLACEMENT_3D('',#2272,#1774,#1775);
#1537=AXIS2_PLACEMENT_3D('',#2280,#1780,#1781);
#1538=AXIS2_PLACEMENT_3D('',#2286,#1785,#1786);
#1539=AXIS2_PLACEMENT_3D('',#2309,#1789,#1790);
#1540=AXIS2_PLACEMENT_3D('',#2332,#1793,#1794);
#1541=AXIS2_PLACEMENT_3D('',#2333,#1795,#1796);
#1542=AXIS2_PLACEMENT_3D('',#2334,#1797,#1798);
#1543=AXIS2_PLACEMENT_3D('',#2335,#1799,#1800);
#1544=AXIS2_PLACEMENT_3D('',#2337,#1801,#1802);
#1545=AXIS2_PLACEMENT_3D('',#2340,#1804,#1805);
#1546=AXIS2_PLACEMENT_3D('',#2341,#1806,#1807);
#1547=AXIS2_PLACEMENT_3D('',#2343,#1808,#1809);
#1548=AXIS2_PLACEMENT_3D('',#2346,#1811,#1812);
#1549=AXIS2_PLACEMENT_3D('',#2347,#1813,#1814);
#1550=AXIS2_PLACEMENT_3D('',#2349,#1815,#1816);
#1551=AXIS2_PLACEMENT_3D('',#2351,#1818,#1819);
#1552=AXIS2_PLACEMENT_3D('',#2355,#1821,#1822);
#1553=AXIS2_PLACEMENT_3D('',#2359,#1824,#1825);
#1554=AXIS2_PLACEMENT_3D('',#2361,#1827,#1828);
#1555=AXIS2_PLACEMENT_3D('',#2374,#1829,#1830);
#1556=AXIS2_PLACEMENT_3D('',#2385,#1831,#1832);
#1557=AXIS2_PLACEMENT_3D('',#2398,#1833,#1834);
#1558=AXIS2_PLACEMENT_3D('',#2409,#1835,#1836);
#1559=AXIS2_PLACEMENT_3D('',#2412,#1839,#1840);
#1560=AXIS2_PLACEMENT_3D('',#2414,#1842,#1843);
#1561=AXIS2_PLACEMENT_3D('',#2416,#1845,#1846);
#1562=AXIS2_PLACEMENT_3D('',#2418,#1848,#1849);
#1563=AXIS2_PLACEMENT_3D('',#2419,#1850,#1851);
#1564=AXIS2_PLACEMENT_3D('',#2435,#1861,#1862);
#1565=AXIS2_PLACEMENT_3D('',#2439,#1865,#1866);
#1566=AXIS2_PLACEMENT_3D('',#2443,#1869,#1870);
#1567=AXIS2_PLACEMENT_3D('',#2445,#1872,#1873);
#1568=AXIS2_PLACEMENT_3D('',#2451,#1877,#1878);
#1569=AXIS2_PLACEMENT_3D('',#2455,#1881,#1882);
#1570=AXIS2_PLACEMENT_3D('',#2459,#1885,#1886);
#1571=AXIS2_PLACEMENT_3D('',#2461,#1888,#1889);
#1572=AXIS2_PLACEMENT_3D('',#2463,#1890,#1891);
#1573=AXIS2_PLACEMENT_3D('',#2466,#1893,#1894);
#1574=AXIS2_PLACEMENT_3D('',#2467,#1895,#1896);
#1575=AXIS2_PLACEMENT_3D('',#2469,#1897,#1898);
#1576=AXIS2_PLACEMENT_3D('',#2472,#1900,#1901);
#1577=AXIS2_PLACEMENT_3D('',#2473,#1902,#1903);
#1578=AXIS2_PLACEMENT_3D('',#2475,#1904,#1905);
#1579=AXIS2_PLACEMENT_3D('',#2478,#1907,#1908);
#1580=AXIS2_PLACEMENT_3D('',#2479,#1909,#1910);
#1581=AXIS2_PLACEMENT_3D('',#2481,#1911,#1912);
#1582=AXIS2_PLACEMENT_3D('',#2484,#1914,#1915);
#1583=AXIS2_PLACEMENT_3D('',#2485,#1916,#1917);
#1584=AXIS2_PLACEMENT_3D('',#2487,#1918,#1919);
#1585=AXIS2_PLACEMENT_3D('',#2490,#1921,#1922);
#1586=AXIS2_PLACEMENT_3D('',#2491,#1923,#1924);
#1587=AXIS2_PLACEMENT_3D('',#2493,#1925,#1926);
#1588=AXIS2_PLACEMENT_3D('',#2496,#1928,#1929);
#1589=AXIS2_PLACEMENT_3D('',#2497,#1930,#1931);
#1590=AXIS2_PLACEMENT_3D('',#2499,#1932,#1933);
#1591=AXIS2_PLACEMENT_3D('',#2502,#1935,#1936);
#1592=AXIS2_PLACEMENT_3D('',#2503,#1937,#1938);
#1593=AXIS2_PLACEMENT_3D('',#2505,#1939,#1940);
#1594=AXIS2_PLACEMENT_3D('',#2508,#1942,#1943);
#1595=AXIS2_PLACEMENT_3D('',#2509,#1944,#1945);
#1596=AXIS2_PLACEMENT_3D('',#2511,#1946,#1947);
#1597=AXIS2_PLACEMENT_3D('',#2514,#1949,#1950);
#1598=AXIS2_PLACEMENT_3D('',#2515,#1951,#1952);
#1599=AXIS2_PLACEMENT_3D('',#2517,#1953,#1954);
#1600=AXIS2_PLACEMENT_3D('',#2520,#1956,#1957);
#1601=AXIS2_PLACEMENT_3D('',#2521,#1958,#1959);
#1602=AXIS2_PLACEMENT_3D('',#2523,#1960,#1961);
#1603=AXIS2_PLACEMENT_3D('',#2526,#1963,#1964);
#1604=AXIS2_PLACEMENT_3D('',#2527,#1965,#1966);
#1605=AXIS2_PLACEMENT_3D('',#2529,#1967,#1968);
#1606=AXIS2_PLACEMENT_3D('',#2532,#1970,#1971);
#1607=AXIS2_PLACEMENT_3D('',#2533,#1972,#1973);
#1608=AXIS2_PLACEMENT_3D('',#2535,#1974,#1975);
#1609=AXIS2_PLACEMENT_3D('',#2538,#1977,#1978);
#1610=AXIS2_PLACEMENT_3D('',#2539,#1979,#1980);
#1611=AXIS2_PLACEMENT_3D('',#2541,#1981,#1982);
#1612=AXIS2_PLACEMENT_3D('',#2544,#1984,#1985);
#1613=AXIS2_PLACEMENT_3D('',#2545,#1986,#1987);
#1614=AXIS2_PLACEMENT_3D('',#2547,#1988,#1989);
#1615=AXIS2_PLACEMENT_3D('',#2550,#1991,#1992);
#1616=AXIS2_PLACEMENT_3D('',#2551,#1993,#1994);
#1617=AXIS2_PLACEMENT_3D('',#2553,#1995,#1996);
#1618=AXIS2_PLACEMENT_3D('',#2556,#1998,#1999);
#1619=AXIS2_PLACEMENT_3D('',#2557,#2000,#2001);
#1620=AXIS2_PLACEMENT_3D('',#2559,#2002,#2003);
#1621=AXIS2_PLACEMENT_3D('',#2562,#2005,#2006);
#1622=AXIS2_PLACEMENT_3D('',#2563,#2007,#2008);
#1623=AXIS2_PLACEMENT_3D('',#2565,#2009,#2010);
#1624=AXIS2_PLACEMENT_3D('',#2568,#2012,#2013);
#1625=AXIS2_PLACEMENT_3D('',#2569,#2014,#2015);
#1626=AXIS2_PLACEMENT_3D('',#2571,#2016,#2017);
#1627=AXIS2_PLACEMENT_3D('',#2574,#2019,#2020);
#1628=AXIS2_PLACEMENT_3D('',#2575,#2021,#2022);
#1629=AXIS2_PLACEMENT_3D('',#2577,#2023,#2024);
#1630=AXIS2_PLACEMENT_3D('',#2580,#2026,#2027);
#1631=AXIS2_PLACEMENT_3D('',#2581,#2028,#2029);
#1632=AXIS2_PLACEMENT_3D('',#2583,#2030,#2031);
#1633=AXIS2_PLACEMENT_3D('',#2586,#2033,#2034);
#1634=AXIS2_PLACEMENT_3D('',#2587,#2035,#2036);
#1635=AXIS2_PLACEMENT_3D('',#2589,#2037,#2038);
#1636=AXIS2_PLACEMENT_3D('',#2592,#2040,#2041);
#1637=AXIS2_PLACEMENT_3D('',#2593,#2042,#2043);
#1638=AXIS2_PLACEMENT_3D('',#2595,#2044,#2045);
#1639=AXIS2_PLACEMENT_3D('',#2598,#2047,#2048);
#1640=AXIS2_PLACEMENT_3D('',#2599,#2049,#2050);
#1641=AXIS2_PLACEMENT_3D('',#2601,#2051,#2052);
#1642=AXIS2_PLACEMENT_3D('',#2604,#2054,#2055);
#1643=AXIS2_PLACEMENT_3D('',#2605,#2056,#2057);
#1644=AXIS2_PLACEMENT_3D('',#2607,#2058,#2059);
#1645=AXIS2_PLACEMENT_3D('',#2610,#2061,#2062);
#1646=AXIS2_PLACEMENT_3D('',#2611,#2063,#2064);
#1647=AXIS2_PLACEMENT_3D('',#2612,#2065,#2066);
#1648=DIRECTION('axis',(0.,0.,1.));
#1649=DIRECTION('refdir',(1.,0.,0.));
#1650=DIRECTION('center_axis',(0.,0.,-1.));
#1651=DIRECTION('ref_axis',(0.707106781186548,0.707106781186548,0.));
#1652=DIRECTION('center_axis',(-0.707106781186547,0.,0.707106781186548));
#1653=DIRECTION('ref_axis',(0.707106781186548,0.,0.707106781186547));
#1654=DIRECTION('',(0.,0.,1.));
#1655=DIRECTION('center_axis',(0.,0.,1.));
#1656=DIRECTION('ref_axis',(0.707106781186548,0.707106781186548,0.));
#1657=DIRECTION('',(0.,0.,1.));
#1658=DIRECTION('center_axis',(-1.,0.,0.));
#1659=DIRECTION('ref_axis',(0.,0.,1.));
#1660=DIRECTION('',(0.,1.,0.));
#1661=DIRECTION('',(0.,0.,1.));
#1662=DIRECTION('',(0.,-1.,-5.7633497709938E-15));
#1663=DIRECTION('',(0.,0.,-1.));
#1664=DIRECTION('',(0.,-1.,0.));
#1665=DIRECTION('center_axis',(-0.707106781186548,0.707106781186548,0.));
#1666=DIRECTION('ref_axis',(0.,0.,1.));
#1667=DIRECTION('',(-0.577350269189627,-0.577350269189627,0.577350269189623));
#1668=DIRECTION('',(0.,0.,-1.));
#1669=DIRECTION('',(0.707106781186547,0.707106781186547,0.));
#1670=DIRECTION('center_axis',(-0.707106781186539,0.0320828841395254,-0.70637857310744));
#1671=DIRECTION('ref_axis',(-0.706742395775004,0.,0.707470978920131));
#1672=DIRECTION('',(0.,0.998970158258283,0.0453720498701609));
#1673=DIRECTION('',(0.,0.998970158258283,0.0453720498701609));
#1674=DIRECTION('center_axis',(1.,0.,0.));
#1675=DIRECTION('ref_axis',(0.,-0.0453720498701603,0.998970158258283));
#1676=DIRECTION('center_axis',(-1.,0.,0.));
#1677=DIRECTION('ref_axis',(0.,0.,-1.));
#1678=DIRECTION('',(0.,-0.998970158258283,-0.0453720498701609));
#1679=DIRECTION('center_axis',(1.,0.,0.));
#1680=DIRECTION('ref_axis',(0.,0.,1.));
#1681=DIRECTION('center_axis',(-0.707106781186534,-0.0320828841395256,0.706378573107444));
#1682=DIRECTION('ref_axis',(0.706742395775008,0.,0.707470978920126));
#1683=DIRECTION('',(0.,-0.998970158258283,-0.0453720498701609));
#1684=DIRECTION('center_axis',(1.,0.,0.));
#1685=DIRECTION('ref_axis',(0.,1.,0.));
#1686=DIRECTION('center_axis',(-1.,0.,0.));
#1687=DIRECTION('ref_axis',(0.,0.999819119719105,0.0190191441477638));
#1688=DIRECTION('',(0.,-1.,0.));
#1689=DIRECTION('center_axis',(1.,0.,0.));
#1690=DIRECTION('ref_axis',(0.,0.999835174402066,0.0181555508974465));
#1691=DIRECTION('center_axis',(1.,0.,0.));
#1692=DIRECTION('ref_axis',(0.,1.,0.));
#1693=DIRECTION('center_axis',(1.,0.,0.));
#1694=DIRECTION('ref_axis',(0.,0.999835174402066,0.0181555508974465));
#1695=DIRECTION('',(0.,1.,-1.08475486688099E-16));
#1696=DIRECTION('center_axis',(-1.,0.,0.));
#1697=DIRECTION('ref_axis',(0.,0.999819119719105,0.0190191441477638));
#1698=DIRECTION('center_axis',(-0.707106781186547,0.,0.707106781186548));
#1699=DIRECTION('ref_axis',(0.707106781186548,0.,0.707106781186547));
#1700=DIRECTION('',(2.8720401607118E-16,1.,0.));
#1701=DIRECTION('center_axis',(0.707106781186547,0.,-0.707106781186548));
#1702=DIRECTION('ref_axis',(0.707106781186548,0.,0.707106781186547));
#1703=DIRECTION('',(0.,-1.,0.));
#1704=DIRECTION('center_axis',(-0.707106781186547,0.,0.707106781186548));
#1705=DIRECTION('ref_axis',(0.707106781186548,0.,0.707106781186547));
#1706=DIRECTION('',(-1.77635683940026E-14,-1.,-1.77635683940025E-14));
#1707=DIRECTION('center_axis',(-0.707106781186547,0.,0.707106781186548));
#1708=DIRECTION('ref_axis',(0.707106781186548,0.,0.707106781186547));
#1709=DIRECTION('center_axis',(0.,0.,-1.));
#1710=DIRECTION('ref_axis',(1.,0.,0.));
#1711=DIRECTION('',(0.,0.,1.));
#1712=DIRECTION('center_axis',(-0.707106781186547,4.07530370541966E-15,
-0.707106781186548));
#1713=DIRECTION('ref_axis',(0.707106781186548,0.,-0.707106781186547));
#1714=DIRECTION('center_axis',(1.,-1.77635683940026E-14,0.));
#1715=DIRECTION('ref_axis',(1.77635683940026E-14,1.,0.));
#1716=DIRECTION('',(0.,0.,1.));
#1717=DIRECTION('',(1.77635683940026E-14,1.,-1.20002186230087E-14));
#1718=DIRECTION('center_axis',(0.,0.,-1.));
#1719=DIRECTION('ref_axis',(1.,0.,0.));
#1720=DIRECTION('',(0.,0.,-1.));
#1721=DIRECTION('center_axis',(-0.707106781186547,4.07530370541966E-15,
-0.707106781186548));
#1722=DIRECTION('ref_axis',(0.707106781186548,0.,-0.707106781186547));
#1723=DIRECTION('center_axis',(-1.,0.,0.));
#1724=DIRECTION('ref_axis',(0.,0.,1.));
#1725=DIRECTION('',(0.,0.,-1.));
#1726=DIRECTION('',(0.,1.,5.7633497709938E-15));
#1727=DIRECTION('center_axis',(-0.707106781186547,4.07530370541966E-15,
-0.707106781186548));
#1728=DIRECTION('ref_axis',(-0.707106781186548,0.,0.707106781186547));
#1729=DIRECTION('center_axis',(0.707106781186547,-4.07530370541966E-15,
0.707106781186548));
#1730=DIRECTION('ref_axis',(0.707106781186548,-4.12149270404491E-15,-0.707106781186547));
#1731=DIRECTION('',(-2.8720401607118E-16,-1.,-5.7633497709938E-15));
#1732=DIRECTION('center_axis',(0.,0.,1.));
#1733=DIRECTION('ref_axis',(0.707106781186548,-0.707106781186548,0.));
#1734=DIRECTION('',(0.,0.,-1.));
#1735=DIRECTION('center_axis',(1.,0.,0.));
#1736=DIRECTION('ref_axis',(0.,0.,-1.));
#1737=DIRECTION('center_axis',(-1.,2.8720401607118E-16,0.));
#1738=DIRECTION('ref_axis',(0.,1.,0.));
#1739=DIRECTION('center_axis',(-0.707106781186547,7.67037522296663E-17,
0.707106781186548));
#1740=DIRECTION('ref_axis',(0.707106781186548,0.,0.707106781186547));
#1741=DIRECTION('',(2.8720401607118E-16,1.,-1.08475486688099E-16));
#1742=DIRECTION('center_axis',(-1.,0.,0.));
#1743=DIRECTION('ref_axis',(0.,0.,1.));
#1744=DIRECTION('center_axis',(1.,-2.8720401607118E-16,0.));
#1745=DIRECTION('ref_axis',(0.,1.,0.));
#1746=DIRECTION('center_axis',(-1.,2.8720401607118E-16,0.));
#1747=DIRECTION('ref_axis',(-2.8720401607118E-16,-1.,0.));
#1748=DIRECTION('',(-2.8720401607118E-16,-1.,0.));
#1749=DIRECTION('',(0.,0.,1.));
#1750=DIRECTION('',(2.8720401607118E-16,1.,0.));
#1751=DIRECTION('',(0.,0.,1.));
#1752=DIRECTION('',(-2.8720401607118E-16,-1.,0.));
#1753=DIRECTION('',(-2.8720401607118E-16,-1.,0.));
#1754=DIRECTION('center_axis',(0.,0.,-1.));
#1755=DIRECTION('ref_axis',(-0.707106781186548,0.707106781186548,0.));
#1756=DIRECTION('center_axis',(0.707106781186547,0.,0.707106781186548));
#1757=DIRECTION('ref_axis',(-0.707106781186548,0.,0.707106781186547));
#1758=DIRECTION('',(0.,0.,-1.));
#1759=DIRECTION('center_axis',(0.,0.,1.));
#1760=DIRECTION('ref_axis',(-0.707106781186548,0.707106781186548,0.));
#1761=DIRECTION('',(0.,0.,-1.));
#1762=DIRECTION('center_axis',(0.707106781186547,0.,0.707106781186548));
#1763=DIRECTION('ref_axis',(0.707106781186548,0.,-0.707106781186547));
#1764=DIRECTION('',(0.,-1.,0.));
#1765=DIRECTION('center_axis',(0.707106781186547,0.,0.707106781186548));
#1766=DIRECTION('ref_axis',(-0.707106781186548,0.,0.707106781186547));
#1767=DIRECTION('',(-1.77635683940026E-14,1.,1.77635683940025E-14));
#1768=DIRECTION('center_axis',(0.707106781186547,0.,0.707106781186548));
#1769=DIRECTION('ref_axis',(-0.707106781186548,0.,0.707106781186547));
#1770=DIRECTION('',(0.,1.,0.));
#1771=DIRECTION('center_axis',(-0.707106781186547,0.,-0.707106781186548));
#1772=DIRECTION('ref_axis',(-0.707106781186548,0.,0.707106781186547));
#1773=DIRECTION('',(0.,-1.,0.));
#1774=DIRECTION('center_axis',(-1.,0.,0.));
#1775=DIRECTION('ref_axis',(0.,0.,1.));
#1776=DIRECTION('',(0.,1.,0.));
#1777=DIRECTION('',(0.,0.,1.));
#1778=DIRECTION('',(0.,1.,5.7633497709938E-15));
#1779=DIRECTION('',(0.,0.,-1.));
#1780=DIRECTION('center_axis',(0.707106781186548,0.707106781186548,0.));
#1781=DIRECTION('ref_axis',(0.,0.,-1.));
#1782=DIRECTION('',(-0.577350269189627,0.577350269189627,-0.577350269189623));
#1783=DIRECTION('',(0.707106781186548,-0.707106781186548,0.));
#1784=DIRECTION('',(0.,0.,1.));
#1785=DIRECTION('center_axis',(0.707106781186539,0.0320828841395254,-0.70637857310744));
#1786=DIRECTION('ref_axis',(-0.706742395775004,0.,-0.707470978920131));
#1787=DIRECTION('',(0.,-0.998970158258283,-0.0453720498701609));
#1788=DIRECTION('',(0.,-0.998970158258283,-0.0453720498701609));
#1789=DIRECTION('center_axis',(0.707106781186534,-0.0320828841395256,0.706378573107444));
#1790=DIRECTION('ref_axis',(0.706742395775008,0.,-0.707470978920126));
#1791=DIRECTION('',(0.,0.998970158258283,0.0453720498701609));
#1792=DIRECTION('',(0.,0.998970158258283,0.0453720498701609));
#1793=DIRECTION('center_axis',(1.,0.,0.));
#1794=DIRECTION('ref_axis',(0.,-0.0453720498701603,0.998970158258283));
#1795=DIRECTION('center_axis',(-1.,0.,0.));
#1796=DIRECTION('ref_axis',(0.,0.,1.));
#1797=DIRECTION('center_axis',(1.,0.,0.));
#1798=DIRECTION('ref_axis',(0.,0.,-1.));
#1799=DIRECTION('center_axis',(1.,0.,0.));
#1800=DIRECTION('ref_axis',(0.,1.,0.));
#1801=DIRECTION('center_axis',(1.,0.,0.));
#1802=DIRECTION('ref_axis',(0.,0.999819119719105,0.0190191441477638));
#1803=DIRECTION('',(0.,-1.,1.08475486688099E-16));
#1804=DIRECTION('center_axis',(-1.,0.,0.));
#1805=DIRECTION('ref_axis',(0.,0.999835174402066,0.0181555508974465));
#1806=DIRECTION('center_axis',(1.,0.,0.));
#1807=DIRECTION('ref_axis',(0.,1.,0.));
#1808=DIRECTION('center_axis',(-1.,0.,0.));
#1809=DIRECTION('ref_axis',(0.,0.999835174402066,0.0181555508974465));
#1810=DIRECTION('',(0.,1.,0.));
#1811=DIRECTION('center_axis',(1.,0.,0.));
#1812=DIRECTION('ref_axis',(0.,0.999819119719105,0.0190191441477638));
#1813=DIRECTION('center_axis',(0.,0.,1.));
#1814=DIRECTION('ref_axis',(-1.,0.,0.));
#1815=DIRECTION('center_axis',(0.707106781186547,4.07530370541966E-15,-0.707106781186548));
#1816=DIRECTION('ref_axis',(-0.707106781186548,0.,-0.707106781186547));
#1817=DIRECTION('',(0.,0.,1.));
#1818=DIRECTION('center_axis',(0.707106781186547,4.07530370541966E-15,-0.707106781186548));
#1819=DIRECTION('ref_axis',(-0.707106781186548,0.,-0.707106781186547));
#1820=DIRECTION('',(0.,1.,5.7633497709938E-15));
#1821=DIRECTION('center_axis',(-0.707106781186547,-4.07530370541966E-15,
0.707106781186548));
#1822=DIRECTION('ref_axis',(-0.707106781186548,-4.12149270404491E-15,-0.707106781186547));
#1823=DIRECTION('',(0.,-1.,-5.7633497709938E-15));
#1824=DIRECTION('center_axis',(0.707106781186547,4.07530370541966E-15,-0.707106781186548));
#1825=DIRECTION('ref_axis',(-0.707106781186548,0.,-0.707106781186547));
#1826=DIRECTION('',(1.77635683940026E-14,-1.,1.20002186230087E-14));
#1827=DIRECTION('center_axis',(1.,0.,0.));
#1828=DIRECTION('ref_axis',(0.,0.,-1.));
#1829=DIRECTION('center_axis',(1.,0.,0.));
#1830=DIRECTION('ref_axis',(0.,1.,0.));
#1831=DIRECTION('center_axis',(-1.,0.,0.));
#1832=DIRECTION('ref_axis',(0.,0.,1.));
#1833=DIRECTION('center_axis',(-1.,0.,0.));
#1834=DIRECTION('ref_axis',(0.,1.,0.));
#1835=DIRECTION('center_axis',(0.,0.,1.));
#1836=DIRECTION('ref_axis',(-0.707106781186548,-0.707106781186548,0.));
#1837=DIRECTION('',(0.,0.,1.));
#1838=DIRECTION('',(0.,0.,1.));
#1839=DIRECTION('center_axis',(-1.,0.,0.));
#1840=DIRECTION('ref_axis',(0.,0.,1.));
#1841=DIRECTION('',(0.,0.,1.));
#1842=DIRECTION('center_axis',(0.707106781186547,7.67037522296663E-17,0.707106781186548));
#1843=DIRECTION('ref_axis',(0.707106781186548,0.,-0.707106781186547));
#1844=DIRECTION('',(0.,-1.,1.08475486688099E-16));
#1845=DIRECTION('center_axis',(1.,1.77635683940026E-14,0.));
#1846=DIRECTION('ref_axis',(-1.77635683940026E-14,1.,0.));
#1847=DIRECTION('',(0.,0.,1.));
#1848=DIRECTION('center_axis',(0.,0.,1.));
#1849=DIRECTION('ref_axis',(-1.,0.,0.));
#1850=DIRECTION('center_axis',(0.,0.,1.));
#1851=DIRECTION('ref_axis',(1.,0.,0.));
#1852=DIRECTION('',(-1.,-7.18010040177951E-17,0.));
#1853=DIRECTION('',(-7.18010040177951E-17,-1.,0.));
#1854=DIRECTION('',(1.,7.18010040177951E-17,0.));
#1855=DIRECTION('',(0.,1.,0.));
#1856=DIRECTION('',(-1.,0.,0.));
#1857=DIRECTION('',(0.,1.,0.));
#1858=DIRECTION('',(0.,1.,0.));
#1859=DIRECTION('',(0.,1.,0.));
#1860=DIRECTION('',(1.,0.,0.));
#1861=DIRECTION('center_axis',(0.,1.,0.));
#1862=DIRECTION('ref_axis',(-1.,0.,0.));
#1863=DIRECTION('',(1.,0.,0.));
#1864=DIRECTION('',(0.,0.,1.));
#1865=DIRECTION('center_axis',(1.,0.,0.));
#1866=DIRECTION('ref_axis',(0.,1.,0.));
#1867=DIRECTION('',(0.,-1.,0.));
#1868=DIRECTION('',(0.,0.,1.));
#1869=DIRECTION('center_axis',(0.,-1.,0.));
#1870=DIRECTION('ref_axis',(1.,0.,0.));
#1871=DIRECTION('',(-1.,0.,0.));
#1872=DIRECTION('center_axis',(1.,0.,0.));
#1873=DIRECTION('ref_axis',(0.,1.,0.));
#1874=DIRECTION('',(0.,-1.,0.));
#1875=DIRECTION('',(0.,0.,1.));
#1876=DIRECTION('',(0.,0.,1.));
#1877=DIRECTION('center_axis',(7.18010040177951E-17,-1.,0.));
#1878=DIRECTION('ref_axis',(1.,7.18010040177951E-17,0.));
#1879=DIRECTION('',(-1.,-7.18010040177951E-17,0.));
#1880=DIRECTION('',(0.,0.,1.));
#1881=DIRECTION('center_axis',(-1.,7.18010040177951E-17,0.));
#1882=DIRECTION('ref_axis',(-7.18010040177951E-17,-1.,0.));
#1883=DIRECTION('',(7.18010040177951E-17,1.,0.));
#1884=DIRECTION('',(0.,0.,1.));
#1885=DIRECTION('center_axis',(-7.18010040177951E-17,1.,0.));
#1886=DIRECTION('ref_axis',(-1.,-7.18010040177951E-17,0.));
#1887=DIRECTION('',(1.,7.18010040177951E-17,0.));
#1888=DIRECTION('center_axis',(0.,0.,1.));
#1889=DIRECTION('ref_axis',(1.,0.,0.));
#1890=DIRECTION('center_axis',(0.,0.,-1.));
#1891=DIRECTION('ref_axis',(1.,0.,0.));
#1892=DIRECTION('',(0.,0.,-1.));
#1893=DIRECTION('center_axis',(0.,0.,-1.));
#1894=DIRECTION('ref_axis',(1.,0.,0.));
#1895=DIRECTION('center_axis',(0.,0.,1.));
#1896=DIRECTION('ref_axis',(1.,0.,0.));
#1897=DIRECTION('center_axis',(0.,0.,-1.));
#1898=DIRECTION('ref_axis',(1.,0.,0.));
#1899=DIRECTION('',(0.,0.,-1.));
#1900=DIRECTION('center_axis',(0.,0.,-1.));
#1901=DIRECTION('ref_axis',(1.,0.,0.));
#1902=DIRECTION('center_axis',(0.,0.,1.));
#1903=DIRECTION('ref_axis',(1.,0.,0.));
#1904=DIRECTION('center_axis',(0.,0.,-1.));
#1905=DIRECTION('ref_axis',(1.,0.,0.));
#1906=DIRECTION('',(0.,0.,-1.));
#1907=DIRECTION('center_axis',(0.,0.,-1.));
#1908=DIRECTION('ref_axis',(1.,0.,0.));
#1909=DIRECTION('center_axis',(0.,0.,1.));
#1910=DIRECTION('ref_axis',(1.,0.,0.));
#1911=DIRECTION('center_axis',(0.,0.,-1.));
#1912=DIRECTION('ref_axis',(1.,0.,0.));
#1913=DIRECTION('',(0.,0.,-1.));
#1914=DIRECTION('center_axis',(0.,0.,-1.));
#1915=DIRECTION('ref_axis',(1.,0.,0.));
#1916=DIRECTION('center_axis',(0.,0.,1.));
#1917=DIRECTION('ref_axis',(1.,0.,0.));
#1918=DIRECTION('center_axis',(0.,0.,-1.));
#1919=DIRECTION('ref_axis',(1.,0.,0.));
#1920=DIRECTION('',(0.,0.,-1.));
#1921=DIRECTION('center_axis',(0.,0.,-1.));
#1922=DIRECTION('ref_axis',(1.,0.,0.));
#1923=DIRECTION('center_axis',(0.,0.,1.));
#1924=DIRECTION('ref_axis',(1.,0.,0.));
#1925=DIRECTION('center_axis',(0.,0.,-1.));
#1926=DIRECTION('ref_axis',(1.,0.,0.));
#1927=DIRECTION('',(0.,0.,-1.));
#1928=DIRECTION('center_axis',(0.,0.,-1.));
#1929=DIRECTION('ref_axis',(1.,0.,0.));
#1930=DIRECTION('center_axis',(0.,0.,1.));
#1931=DIRECTION('ref_axis',(1.,0.,0.));
#1932=DIRECTION('center_axis',(0.,0.,-1.));
#1933=DIRECTION('ref_axis',(1.,0.,0.));
#1934=DIRECTION('',(0.,0.,-1.));
#1935=DIRECTION('center_axis',(0.,0.,-1.));
#1936=DIRECTION('ref_axis',(1.,0.,0.));
#1937=DIRECTION('center_axis',(0.,0.,1.));
#1938=DIRECTION('ref_axis',(1.,0.,0.));
#1939=DIRECTION('center_axis',(0.,0.,-1.));
#1940=DIRECTION('ref_axis',(1.,0.,0.));
#1941=DIRECTION('',(0.,0.,-1.));
#1942=DIRECTION('center_axis',(0.,0.,-1.));
#1943=DIRECTION('ref_axis',(1.,0.,0.));
#1944=DIRECTION('center_axis',(0.,0.,1.));
#1945=DIRECTION('ref_axis',(1.,0.,0.));
#1946=DIRECTION('center_axis',(0.,0.,-1.));
#1947=DIRECTION('ref_axis',(1.,0.,0.));
#1948=DIRECTION('',(0.,0.,-1.));
#1949=DIRECTION('center_axis',(0.,0.,-1.));
#1950=DIRECTION('ref_axis',(1.,0.,0.));
#1951=DIRECTION('center_axis',(0.,0.,1.));
#1952=DIRECTION('ref_axis',(1.,0.,0.));
#1953=DIRECTION('center_axis',(0.,0.,-1.));
#1954=DIRECTION('ref_axis',(1.,0.,0.));
#1955=DIRECTION('',(0.,0.,-1.));
#1956=DIRECTION('center_axis',(0.,0.,-1.));
#1957=DIRECTION('ref_axis',(1.,0.,0.));
#1958=DIRECTION('center_axis',(0.,0.,1.));
#1959=DIRECTION('ref_axis',(1.,0.,0.));
#1960=DIRECTION('center_axis',(0.,0.,-1.));
#1961=DIRECTION('ref_axis',(1.,0.,0.));
#1962=DIRECTION('',(0.,0.,-1.));
#1963=DIRECTION('center_axis',(0.,0.,-1.));
#1964=DIRECTION('ref_axis',(1.,0.,0.));
#1965=DIRECTION('center_axis',(0.,0.,1.));
#1966=DIRECTION('ref_axis',(1.,0.,0.));
#1967=DIRECTION('center_axis',(0.,0.,-1.));
#1968=DIRECTION('ref_axis',(1.,0.,0.));
#1969=DIRECTION('',(0.,0.,-1.));
#1970=DIRECTION('center_axis',(0.,0.,-1.));
#1971=DIRECTION('ref_axis',(1.,0.,0.));
#1972=DIRECTION('center_axis',(0.,0.,1.));
#1973=DIRECTION('ref_axis',(1.,0.,0.));
#1974=DIRECTION('center_axis',(0.,0.,-1.));
#1975=DIRECTION('ref_axis',(1.,0.,0.));
#1976=DIRECTION('',(0.,0.,-1.));
#1977=DIRECTION('center_axis',(0.,0.,-1.));
#1978=DIRECTION('ref_axis',(1.,0.,0.));
#1979=DIRECTION('center_axis',(0.,0.,1.));
#1980=DIRECTION('ref_axis',(1.,0.,0.));
#1981=DIRECTION('center_axis',(0.,0.,-1.));
#1982=DIRECTION('ref_axis',(1.,0.,0.));
#1983=DIRECTION('',(0.,0.,-1.));
#1984=DIRECTION('center_axis',(0.,0.,-1.));
#1985=DIRECTION('ref_axis',(1.,0.,0.));
#1986=DIRECTION('center_axis',(0.,0.,1.));
#1987=DIRECTION('ref_axis',(1.,0.,0.));
#1988=DIRECTION('center_axis',(0.,0.,-1.));
#1989=DIRECTION('ref_axis',(1.,0.,0.));
#1990=DIRECTION('',(0.,0.,-1.));
#1991=DIRECTION('center_axis',(0.,0.,-1.));
#1992=DIRECTION('ref_axis',(1.,0.,0.));
#1993=DIRECTION('center_axis',(0.,0.,1.));
#1994=DIRECTION('ref_axis',(1.,0.,0.));
#1995=DIRECTION('center_axis',(0.,0.,-1.));
#1996=DIRECTION('ref_axis',(1.,0.,0.));
#1997=DIRECTION('',(0.,0.,-1.));
#1998=DIRECTION('center_axis',(0.,0.,-1.));
#1999=DIRECTION('ref_axis',(1.,0.,0.));
#2000=DIRECTION('center_axis',(0.,0.,1.));
#2001=DIRECTION('ref_axis',(1.,0.,0.));
#2002=DIRECTION('center_axis',(0.,0.,-1.));
#2003=DIRECTION('ref_axis',(1.,0.,0.));
#2004=DIRECTION('',(0.,0.,-1.));
#2005=DIRECTION('center_axis',(0.,0.,-1.));
#2006=DIRECTION('ref_axis',(1.,0.,0.));
#2007=DIRECTION('center_axis',(0.,0.,1.));
#2008=DIRECTION('ref_axis',(1.,0.,0.));
#2009=DIRECTION('center_axis',(0.,0.,-1.));
#2010=DIRECTION('ref_axis',(1.,0.,0.));
#2011=DIRECTION('',(0.,0.,-1.));
#2012=DIRECTION('center_axis',(0.,0.,-1.));
#2013=DIRECTION('ref_axis',(1.,0.,0.));
#2014=DIRECTION('center_axis',(0.,0.,1.));
#2015=DIRECTION('ref_axis',(1.,0.,0.));
#2016=DIRECTION('center_axis',(0.,0.,-1.));
#2017=DIRECTION('ref_axis',(1.,0.,0.));
#2018=DIRECTION('',(0.,0.,-1.));
#2019=DIRECTION('center_axis',(0.,0.,-1.));
#2020=DIRECTION('ref_axis',(1.,0.,0.));
#2021=DIRECTION('center_axis',(0.,0.,1.));
#2022=DIRECTION('ref_axis',(1.,0.,0.));
#2023=DIRECTION('center_axis',(0.,0.,-1.));
#2024=DIRECTION('ref_axis',(1.,0.,0.));
#2025=DIRECTION('',(0.,0.,-1.));
#2026=DIRECTION('center_axis',(0.,0.,-1.));
#2027=DIRECTION('ref_axis',(1.,0.,0.));
#2028=DIRECTION('center_axis',(0.,0.,1.));
#2029=DIRECTION('ref_axis',(1.,0.,0.));
#2030=DIRECTION('center_axis',(0.,0.,-1.));
#2031=DIRECTION('ref_axis',(1.,0.,0.));
#2032=DIRECTION('',(0.,0.,-1.));
#2033=DIRECTION('center_axis',(0.,0.,-1.));
#2034=DIRECTION('ref_axis',(1.,0.,0.));
#2035=DIRECTION('center_axis',(0.,0.,1.));
#2036=DIRECTION('ref_axis',(1.,0.,0.));
#2037=DIRECTION('center_axis',(0.,0.,-1.));
#2038=DIRECTION('ref_axis',(1.,0.,0.));
#2039=DIRECTION('',(0.,0.,-1.));
#2040=DIRECTION('center_axis',(0.,0.,-1.));
#2041=DIRECTION('ref_axis',(1.,0.,0.));
#2042=DIRECTION('center_axis',(0.,0.,1.));
#2043=DIRECTION('ref_axis',(1.,0.,0.));
#2044=DIRECTION('center_axis',(0.,0.,-1.));
#2045=DIRECTION('ref_axis',(1.,0.,0.));
#2046=DIRECTION('',(0.,0.,-1.));
#2047=DIRECTION('center_axis',(0.,0.,-1.));
#2048=DIRECTION('ref_axis',(1.,0.,0.));
#2049=DIRECTION('center_axis',(0.,0.,1.));
#2050=DIRECTION('ref_axis',(1.,0.,0.));
#2051=DIRECTION('center_axis',(0.,0.,-1.));
#2052=DIRECTION('ref_axis',(1.,0.,0.));
#2053=DIRECTION('',(0.,0.,-1.));
#2054=DIRECTION('center_axis',(0.,0.,-1.));
#2055=DIRECTION('ref_axis',(1.,0.,0.));
#2056=DIRECTION('center_axis',(0.,0.,1.));
#2057=DIRECTION('ref_axis',(1.,0.,0.));
#2058=DIRECTION('center_axis',(0.,0.,-1.));
#2059=DIRECTION('ref_axis',(1.,0.,0.));
#2060=DIRECTION('',(0.,0.,-1.));
#2061=DIRECTION('center_axis',(0.,0.,-1.));
#2062=DIRECTION('ref_axis',(1.,0.,0.));
#2063=DIRECTION('center_axis',(0.,0.,1.));
#2064=DIRECTION('ref_axis',(1.,0.,0.));
#2065=DIRECTION('center_axis',(0.,0.,1.));
#2066=DIRECTION('ref_axis',(1.,0.,0.));
#2067=CARTESIAN_POINT('',(0.,0.,0.));
#2068=CARTESIAN_POINT('Origin',(58.85,-42.85,10.125000026077));
#2069=CARTESIAN_POINT('',(60.35,-42.85,6.00000010430813));
#2070=CARTESIAN_POINT('',(58.85,-41.35,4.50000010430813));
#2071=CARTESIAN_POINT('Origin',(58.85,-42.85,4.50000010430813));
#2072=CARTESIAN_POINT('',(60.35,-42.85,12.));
#2073=CARTESIAN_POINT('',(60.35,-42.85,10.125000026077));
#2074=CARTESIAN_POINT('',(58.85,-41.35,12.));
#2075=CARTESIAN_POINT('Origin',(58.85,-42.85,12.));
#2076=CARTESIAN_POINT('',(58.85,-41.35,6.));
#2077=CARTESIAN_POINT('Origin',(60.35,-48.85,8.25000005215406));
#2078=CARTESIAN_POINT('',(60.35,-51.6,6.00000010430813));
#2079=CARTESIAN_POINT('',(60.35,-45.1,6.00000010430813));
#2080=CARTESIAN_POINT('',(60.35,-51.6,8.00000010430818));
#2081=CARTESIAN_POINT('',(60.35,-51.6,4.50000010430813));
#2082=CARTESIAN_POINT('',(60.35,-44.85,8.00000010430822));
#2083=CARTESIAN_POINT('',(60.35,-52.6,8.00000010430818));
#2084=CARTESIAN_POINT('',(60.35,-44.85,12.));
#2085=CARTESIAN_POINT('',(60.35,-44.85,8.87500007823114));
#2086=CARTESIAN_POINT('',(60.35,-24.425,12.));
#2087=CARTESIAN_POINT('Origin',(59.6,-45.6,8.87500007823114));
#2088=CARTESIAN_POINT('',(58.85,-46.35,9.50000010430822));
#2089=CARTESIAN_POINT('',(58.4125000043462,-46.7874999956538,9.93750009996203));
#2090=CARTESIAN_POINT('',(58.85,-46.35,12.));
#2091=CARTESIAN_POINT('',(58.85,-46.35,4.75000005215411));
#2092=CARTESIAN_POINT('',(56.1,-49.1,12.));
#2093=CARTESIAN_POINT('Origin',(60.1,51.401718602786,8.24909531999177));
#2094=CARTESIAN_POINT('',(60.35,52.8446910796219,8.06437570720428));
#2095=CARTESIAN_POINT('',(59.85,51.7211124144207,8.51385953718406));
#2096=CARTESIAN_POINT('Ctrl Pts',(59.85,51.7211124144207,8.51385953718406));
#2097=CARTESIAN_POINT('Ctrl Pts',(59.8967806529498,51.7636024433553,8.46896050504867));
#2098=CARTESIAN_POINT('Ctrl Pts',(59.9408958877429,51.8090359309681,8.42686332729042));
#2099=CARTESIAN_POINT('Ctrl Pts',(60.0895274517316,51.981479518214,8.285910723467));
#2100=CARTESIAN_POINT('Ctrl Pts',(60.1994703810026,52.1622434023354,8.18406453670677));
#2101=CARTESIAN_POINT('Ctrl Pts',(60.315445387643,52.4878042007445,8.08275655966402));
#2102=CARTESIAN_POINT('Ctrl Pts',(60.35,52.680391846566,8.05691342924313));
#2103=CARTESIAN_POINT('Ctrl Pts',(60.35,52.8446910796219,8.0643757072043));
#2104=CARTESIAN_POINT('',(59.85,55.9547797203806,8.70614772772881));
#2105=CARTESIAN_POINT('',(59.85,51.3903755903184,8.49883785955634));
#2106=CARTESIAN_POINT('',(60.35,54.8438616913421,8.15517568550601));
#2107=CARTESIAN_POINT('Ctrl Pts',(60.35,54.843861691342,8.15517568550603));
#2108=CARTESIAN_POINT('Ctrl Pts',(60.35,55.0096258116929,8.16270449692553));
#2109=CARTESIAN_POINT('Ctrl Pts',(60.3150968805206,55.2007505430421,8.20632425869856));
#2110=CARTESIAN_POINT('Ctrl Pts',(60.1991283872503,55.5242826310557,8.33710675127074));
#2111=CARTESIAN_POINT('Ctrl Pts',(60.0881162525743,55.7034237308133,8.45636970682865));
#2112=CARTESIAN_POINT('Ctrl Pts',(59.9390593010093,55.8713453382649,8.61320712365975));
#2113=CARTESIAN_POINT('Ctrl Pts',(59.8958565724702,55.9145010839357,8.65841447325924));
#2114=CARTESIAN_POINT('Ctrl Pts',(59.85,55.9547797203806,8.70614772772881));
#2115=CARTESIAN_POINT('',(60.35,52.6050418433319,8.05349112070246));
#2116=CARTESIAN_POINT('Origin',(59.85,51.4130616152535,7.9993527804272));
#2117=CARTESIAN_POINT('',(59.85,51.7127555988389,9.0139954321519));
#2118=CARTESIAN_POINT('Origin',(59.85,-53.85,7.00000010430812));
#2119=CARTESIAN_POINT('',(59.85,55.9458697449537,9.20625849882695));
#2120=CARTESIAN_POINT('',(59.85,51.3676895653833,8.99832293868548));
#2121=CARTESIAN_POINT('Origin',(59.85,-53.85,7.00000010430812));
#2122=CARTESIAN_POINT('Origin',(60.1,51.3563465529158,9.24806547825005));
#2123=CARTESIAN_POINT('',(60.35,52.8191707640784,9.56476295959599));
#2124=CARTESIAN_POINT('Ctrl Pts',(60.35,52.8191707640785,9.56476295959597));
#2125=CARTESIAN_POINT('Ctrl Pts',(60.35,52.6544320021549,9.55728071875048));
#2126=CARTESIAN_POINT('Ctrl Pts',(60.3154369097236,52.4644390821951,9.5140527422601));
#2127=CARTESIAN_POINT('Ctrl Pts',(60.2002542648702,52.1432121303107,9.38416160481088));
#2128=CARTESIAN_POINT('Ctrl Pts',(60.0899892635023,51.9656048853447,9.26571621866432));
#2129=CARTESIAN_POINT('Ctrl Pts',(59.9410145003967,51.7977485125599,9.10896403790291));
#2130=CARTESIAN_POINT('Ctrl Pts',(59.8968687477079,51.7537532697853,9.06277456301557));
#2131=CARTESIAN_POINT('Ctrl Pts',(59.85,51.7127555988389,9.0139954321519));
#2132=CARTESIAN_POINT('',(60.35,54.8175580612296,9.65552736067112));
#2133=CARTESIAN_POINT('',(60.35,52.5369837685267,9.55194635808988));
#2134=CARTESIAN_POINT('Ctrl Pts',(59.85,55.9458697449537,9.20625849882695));
#2135=CARTESIAN_POINT('Ctrl Pts',(59.8958527766713,55.9039654159114,9.25025529993346));
#2136=CARTESIAN_POINT('Ctrl Pts',(59.9391003659914,55.8592369031139,9.29151595688711));
#2137=CARTESIAN_POINT('Ctrl Pts',(60.0878197950064,55.6864005222389,9.43253867609241));
#2138=CARTESIAN_POINT('Ctrl Pts',(60.1984813792003,55.5039738255392,9.53502873564747));
#2139=CARTESIAN_POINT('Ctrl Pts',(60.3151350091444,55.176179956115,9.6369146121294));
#2140=CARTESIAN_POINT('Ctrl Pts',(60.35,54.9826761663629,9.66302683083909));
#2141=CARTESIAN_POINT('Ctrl Pts',(60.35,54.8175580612296,9.65552736067109));
#2142=CARTESIAN_POINT('Origin',(60.35,53.7905557665768,8.25000005215406));
#2143=CARTESIAN_POINT('',(60.35,52.7327847311332,12.));
#2144=CARTESIAN_POINT('Origin',(60.35,-53.85,7.00000010430812));
#2145=CARTESIAN_POINT('',(60.35,54.7349437124829,12.));
#2146=CARTESIAN_POINT('',(60.35,26.8952778832884,12.));
#2147=CARTESIAN_POINT('Origin',(60.35,-53.85,7.00000010430812));
#2148=CARTESIAN_POINT('Origin',(60.35,53.7905557665768,8.25000005215406));
#2149=CARTESIAN_POINT('',(60.35,54.8454000866642,6.00000010430813));
#2150=CARTESIAN_POINT('Origin',(60.35,-53.85,7.00000010430812));
#2151=CARTESIAN_POINT('',(60.35,52.8453138614812,6.00000010430813));
#2152=CARTESIAN_POINT('',(60.35,55.0560972926427,6.00000010430813));
#2153=CARTESIAN_POINT('Origin',(60.35,-53.85,7.00000010430812));
#2154=CARTESIAN_POINT('Origin',(59.6,-45.1,5.25000010430813));
#2155=CARTESIAN_POINT('',(58.85,-56.35,4.50000010430813));
#2156=CARTESIAN_POINT('',(58.85,8.74999999999998,4.50000010430813));
#2157=CARTESIAN_POINT('',(60.35,-54.85,6.00000010430813));
#2158=CARTESIAN_POINT('Origin',(58.85,-54.85,4.50000010430813));
#2159=CARTESIAN_POINT('',(60.35,-53.1,6.00000010430813));
#2160=CARTESIAN_POINT('',(60.35,-46.975,6.00000010430813));
#2161=CARTESIAN_POINT('',(59.85,-52.6,5.50000010430812));
#2162=CARTESIAN_POINT('Origin',(60.35,-52.6,6.00000010430813));
#2163=CARTESIAN_POINT('',(59.85,-52.1,5.50000010430813));
#2164=CARTESIAN_POINT('',(59.8500000000001,-48.85,5.50000010430818));
#2165=CARTESIAN_POINT('Origin',(60.35,-52.1,6.00000010430813));
#2166=CARTESIAN_POINT('Origin',(60.35,-52.1,4.50000010430813));
#2167=CARTESIAN_POINT('',(59.85,-52.1,8.50000010430818));
#2168=CARTESIAN_POINT('',(59.85,-52.1,4.50000010430813));
#2169=CARTESIAN_POINT('Origin',(60.35,-52.1,8.00000010430818));
#2170=CARTESIAN_POINT('Origin',(59.85,-52.6,4.50000010430813));
#2171=CARTESIAN_POINT('',(59.85,-52.6,8.50000010430818));
#2172=CARTESIAN_POINT('',(59.85,-52.6,4.50000010430813));
#2173=CARTESIAN_POINT('',(59.85,-52.6,8.50000010430819));
#2174=CARTESIAN_POINT('Origin',(60.35,-52.6,4.50000010430813));
#2175=CARTESIAN_POINT('',(60.35,-53.1,8.00000010430818));
#2176=CARTESIAN_POINT('',(60.35,-53.1,4.50000010430813));
#2177=CARTESIAN_POINT('Origin',(60.35,-52.6,8.00000010430818));
#2178=CARTESIAN_POINT('Origin',(60.35,-48.85,8.25000005215406));
#2179=CARTESIAN_POINT('',(60.35,-54.85,8.00000010430816));
#2180=CARTESIAN_POINT('',(60.35,-54.85,6.3750000782311));
#2181=CARTESIAN_POINT('',(60.35,-50.725,8.00000010430819));
#2182=CARTESIAN_POINT('Origin',(59.6,-52.6,8.75000010430818));
#2183=CARTESIAN_POINT('',(58.85,-56.35,9.50000010430816));
#2184=CARTESIAN_POINT('Origin',(58.85,-54.85,9.50000010430817));
#2185=CARTESIAN_POINT('',(58.85,1.24999999999995,9.50000010430849));
#2186=CARTESIAN_POINT('Origin',(58.85,-54.85,6.3750000782311));
#2187=CARTESIAN_POINT('',(58.85,-56.35,2.25000005215406));
#2188=CARTESIAN_POINT('Origin',(58.85,-53.85,7.00000010430812));
#2189=CARTESIAN_POINT('',(58.85,51.3202904816754,4.50000010430813));
#2190=CARTESIAN_POINT('Ctrl Pts',(58.85,51.3202904816754,4.50000010430813));
#2191=CARTESIAN_POINT('Ctrl Pts',(59.0563814336776,51.3251963688973,4.70638153798571));
#2192=CARTESIAN_POINT('Ctrl Pts',(59.3006392144283,51.3833308988798,4.95063931873641));
#2193=CARTESIAN_POINT('Ctrl Pts',(59.6604025874517,51.5611985994849,5.3104026917598));
#2194=CARTESIAN_POINT('Ctrl Pts',(59.8459942939852,51.6990865205935,5.49599439829331));
#2195=CARTESIAN_POINT('Ctrl Pts',(60.0899100377375,51.9822647770745,5.73991014204558));
#2196=CARTESIAN_POINT('Ctrl Pts',(60.2001032227872,52.1635672854912,5.8501033270953));
#2197=CARTESIAN_POINT('Ctrl Pts',(60.3154406021698,52.4889667747377,5.96544070647795));
#2198=CARTESIAN_POINT('Ctrl Pts',(60.35,52.6805488703495,6.00000010430813));
#2199=CARTESIAN_POINT('Ctrl Pts',(60.35,52.8453138614812,6.00000010430813));
#2200=CARTESIAN_POINT('',(58.85,51.2311115331536,12.));
#2201=CARTESIAN_POINT('Origin',(58.85,-53.85,7.00000010430812));
#2202=CARTESIAN_POINT('Ctrl Pts',(58.85,51.2311115331536,12.));
#2203=CARTESIAN_POINT('Ctrl Pts',(59.0350540438218,51.2311115331536,12.));
#2204=CARTESIAN_POINT('Ctrl Pts',(59.2528450141014,51.2744692547129,12.));
#2205=CARTESIAN_POINT('Ctrl Pts',(59.5948459008007,51.4162242971303,12.));
#2206=CARTESIAN_POINT('Ctrl Pts',(59.7795442036295,51.5397406821029,12.));
#2207=CARTESIAN_POINT('Ctrl Pts',(60.0414017056734,51.8017772427865,12.));
#2208=CARTESIAN_POINT('Ctrl Pts',(60.1648586148271,51.9866989840464,12.));
#2209=CARTESIAN_POINT('Ctrl Pts',(60.3066323145695,52.3291939247416,12.));
#2210=CARTESIAN_POINT('Ctrl Pts',(60.35,52.5473943838005,12.));
#2211=CARTESIAN_POINT('Ctrl Pts',(60.35,52.7327847311332,12.));
#2212=CARTESIAN_POINT('Origin',(59.6,55.0560972926427,5.25000010430813));
#2213=CARTESIAN_POINT('',(58.85,56.3216388187087,4.50000010430813));
#2214=CARTESIAN_POINT('Ctrl Pts',(60.35,54.8454000866642,6.00000010430813));
#2215=CARTESIAN_POINT('Ctrl Pts',(60.35,55.0107753301902,6.00000010430813));
#2216=CARTESIAN_POINT('Ctrl Pts',(60.3151290267379,55.2030005859038,5.96512913104601));
#2217=CARTESIAN_POINT('Ctrl Pts',(60.1986324818476,55.5270765800764,5.84863258615566));
#2218=CARTESIAN_POINT('Ctrl Pts',(60.0879009250516,55.7060462386206,5.73790102935976));
#2219=CARTESIAN_POINT('Ctrl Pts',(59.8433482762649,55.9822342044816,5.49334838057298));
#2220=CARTESIAN_POINT('Ctrl Pts',(59.6580235092991,56.1139098432367,5.30802361360725));
#2221=CARTESIAN_POINT('Ctrl Pts',(59.298606312173,56.2786004919098,4.94860641648108));
#2222=CARTESIAN_POINT('Ctrl Pts',(59.0549532169747,56.3262895895235,4.70495332128279));
#2223=CARTESIAN_POINT('Ctrl Pts',(58.85,56.3216388187087,4.50000010430813));
#2224=CARTESIAN_POINT('',(58.85,57.5858194093543,4.50000010430813));
#2225=CARTESIAN_POINT('Origin',(58.85,-53.85,7.00000010430812));
#2226=CARTESIAN_POINT('',(58.85,56.2365114400628,12.));
#2227=CARTESIAN_POINT('Ctrl Pts',(60.35,54.7349437124829,12.));
#2228=CARTESIAN_POINT('Ctrl Pts',(60.35,54.9203215811096,12.));
#2229=CARTESIAN_POINT('Ctrl Pts',(60.3066343425117,55.138507175879,12.));
#2230=CARTESIAN_POINT('Ctrl Pts',(60.1648649575911,55.4809772097091,12.));
#2231=CARTESIAN_POINT('Ctrl Pts',(60.0414113368181,55.6658835655463,12.));
#2232=CARTESIAN_POINT('Ctrl Pts',(59.7795584343506,55.9279010749456,12.));
#2233=CARTESIAN_POINT('Ctrl Pts',(59.5948604581708,56.0514081426746,12.));
#2234=CARTESIAN_POINT('Ctrl Pts',(59.2528562477628,56.1931559707822,12.));
#2235=CARTESIAN_POINT('Ctrl Pts',(59.0350588943147,56.2365114400628,12.));
#2236=CARTESIAN_POINT('Ctrl Pts',(58.85,56.2365114400628,12.));
#2237=CARTESIAN_POINT('Origin',(58.85,-53.85,7.00000010430812));
#2238=CARTESIAN_POINT('Origin',(58.85,58.85,0.));
#2239=CARTESIAN_POINT('',(58.85,58.85,12.));
#2240=CARTESIAN_POINT('',(58.85,61.85,12.));
#2241=CARTESIAN_POINT('',(58.85,58.85,2.));
#2242=CARTESIAN_POINT('',(58.85,58.85,0.));
#2243=CARTESIAN_POINT('',(58.85,-58.85,2.));
#2244=CARTESIAN_POINT('',(58.85,61.85,2.));
#2245=CARTESIAN_POINT('',(58.85,-58.85,12.));
#2246=CARTESIAN_POINT('',(58.85,-58.85,0.));
#2247=CARTESIAN_POINT('',(58.85,61.85,12.));
#2248=CARTESIAN_POINT('',(58.85,61.85,12.));
#2249=CARTESIAN_POINT('Origin',(-58.85,-42.85,10.125000026077));
#2250=CARTESIAN_POINT('',(-58.85,-41.35,4.50000010430813));
#2251=CARTESIAN_POINT('',(-60.35,-42.85,6.00000010430813));
#2252=CARTESIAN_POINT('Origin',(-58.85,-42.85,4.50000010430813));
#2253=CARTESIAN_POINT('',(-58.85,-41.35,12.));
#2254=CARTESIAN_POINT('',(-58.85,-41.35,6.));
#2255=CARTESIAN_POINT('',(-60.35,-42.85,12.));
#2256=CARTESIAN_POINT('Origin',(-58.85,-42.85,12.));
#2257=CARTESIAN_POINT('',(-60.35,-42.85,10.125000026077));
#2258=CARTESIAN_POINT('Origin',(-59.6,-45.1,5.25000010430813));
#2259=CARTESIAN_POINT('',(-60.35,-51.6,6.00000010430813));
#2260=CARTESIAN_POINT('',(-60.35,-45.1,6.00000010430813));
#2261=CARTESIAN_POINT('',(-59.85,-52.1,5.50000010430813));
#2262=CARTESIAN_POINT('Origin',(-60.35,-52.1,6.00000010430813));
#2263=CARTESIAN_POINT('',(-59.85,-52.6,5.50000010430812));
#2264=CARTESIAN_POINT('',(-59.8500000000001,-48.85,5.50000010430818));
#2265=CARTESIAN_POINT('',(-60.35,-53.1,6.00000010430813));
#2266=CARTESIAN_POINT('Origin',(-60.35,-52.6,6.00000010430813));
#2267=CARTESIAN_POINT('',(-60.35,-54.85,6.00000010430813));
#2268=CARTESIAN_POINT('',(-60.35,-46.975,6.00000010430813));
#2269=CARTESIAN_POINT('',(-58.85,-56.35,4.50000010430813));
#2270=CARTESIAN_POINT('Origin',(-58.85,-54.85,4.50000010430813));
#2271=CARTESIAN_POINT('',(-58.85,-50.1,4.50000010430813));
#2272=CARTESIAN_POINT('Origin',(-60.35,-48.85,8.25000005215406));
#2273=CARTESIAN_POINT('',(-60.35,-44.85,12.));
#2274=CARTESIAN_POINT('',(-60.35,-24.425,12.));
#2275=CARTESIAN_POINT('',(-60.35,-44.85,8.00000010430822));
#2276=CARTESIAN_POINT('',(-60.35,-44.85,8.87500007823114));
#2277=CARTESIAN_POINT('',(-60.35,-51.6,8.00000010430818));
#2278=CARTESIAN_POINT('',(-60.35,-52.6,8.00000010430818));
#2279=CARTESIAN_POINT('',(-60.35,-51.6,4.50000010430813));
#2280=CARTESIAN_POINT('Origin',(-59.6,-45.6,8.87500007823114));
#2281=CARTESIAN_POINT('',(-58.85,-46.35,9.50000010430822));
#2282=CARTESIAN_POINT('',(-58.4125000043462,-46.7874999956538,9.93750009996203));
#2283=CARTESIAN_POINT('',(-58.85,-46.35,12.));
#2284=CARTESIAN_POINT('',(-56.1,-49.1,12.));
#2285=CARTESIAN_POINT('',(-58.85,-46.35,4.75000005215411));
#2286=CARTESIAN_POINT('Origin',(-60.1,51.401718602786,8.24909531999177));
#2287=CARTESIAN_POINT('',(-59.85,51.7211124144207,8.51385953718406));
#2288=CARTESIAN_POINT('',(-60.35,52.8446910796219,8.06437570720428));
#2289=CARTESIAN_POINT('Ctrl Pts',(-60.35,52.8446910796219,8.0643757072043));
#2290=CARTESIAN_POINT('Ctrl Pts',(-60.35,52.680391846566,8.05691342924312));
#2291=CARTESIAN_POINT('Ctrl Pts',(-60.315445387643,52.4878042007445,8.08275655966402));
#2292=CARTESIAN_POINT('Ctrl Pts',(-60.1994703810026,52.1622434023354,8.18406453670677));
#2293=CARTESIAN_POINT('Ctrl Pts',(-60.0895274517316,51.981479518214,8.285910723467));
#2294=CARTESIAN_POINT('Ctrl Pts',(-59.9408958877429,51.8090359309681,8.42686332729042));
#2295=CARTESIAN_POINT('Ctrl Pts',(-59.8967806529498,51.7636024433553,8.46896050504867));
#2296=CARTESIAN_POINT('Ctrl Pts',(-59.85,51.7211124144207,8.51385953718406));
#2297=CARTESIAN_POINT('',(-60.35,54.8438616913421,8.15517568550601));
#2298=CARTESIAN_POINT('',(-60.35,52.6050418433319,8.05349112070246));
#2299=CARTESIAN_POINT('',(-59.85,55.9547797203806,8.70614772772881));
#2300=CARTESIAN_POINT('Ctrl Pts',(-59.85,55.9547797203806,8.70614772772881));
#2301=CARTESIAN_POINT('Ctrl Pts',(-59.8958565724702,55.9145010839357,8.65841447325924));
#2302=CARTESIAN_POINT('Ctrl Pts',(-59.9390593010093,55.8713453382649,8.61320712365975));
#2303=CARTESIAN_POINT('Ctrl Pts',(-60.0881162525743,55.7034237308133,8.45636970682865));
#2304=CARTESIAN_POINT('Ctrl Pts',(-60.1991283872503,55.5242826310557,8.33710675127074));
#2305=CARTESIAN_POINT('Ctrl Pts',(-60.3150968805206,55.2007505430421,8.20632425869856));
#2306=CARTESIAN_POINT('Ctrl Pts',(-60.35,55.0096258116929,8.16270449692553));
#2307=CARTESIAN_POINT('Ctrl Pts',(-60.35,54.843861691342,8.15517568550603));
#2308=CARTESIAN_POINT('',(-59.85,51.3903755903184,8.49883785955634));
#2309=CARTESIAN_POINT('Origin',(-60.1,51.3563465529158,9.24806547825005));
#2310=CARTESIAN_POINT('',(-60.35,52.8191707640785,9.56476295959599));
#2311=CARTESIAN_POINT('',(-59.85,51.7127555988389,9.0139954321519));
#2312=CARTESIAN_POINT('Ctrl Pts',(-59.85,51.7127555988389,9.0139954321519));
#2313=CARTESIAN_POINT('Ctrl Pts',(-59.8968687477079,51.7537532697853,9.06277456301557));
#2314=CARTESIAN_POINT('Ctrl Pts',(-59.9410145003967,51.7977485125599,9.10896403790291));
#2315=CARTESIAN_POINT('Ctrl Pts',(-60.0899892635023,51.9656048853447,9.26571621866432));
#2316=CARTESIAN_POINT('Ctrl Pts',(-60.2002542648702,52.1432121303107,9.38416160481088));
#2317=CARTESIAN_POINT('Ctrl Pts',(-60.3154369097236,52.4644390821951,9.5140527422601));
#2318=CARTESIAN_POINT('Ctrl Pts',(-60.35,52.6544320021549,9.55728071875048));
#2319=CARTESIAN_POINT('Ctrl Pts',(-60.35,52.8191707640785,9.56476295959597));
#2320=CARTESIAN_POINT('',(-59.85,55.9458697449537,9.20625849882695));
#2321=CARTESIAN_POINT('',(-59.85,51.3676895653833,8.99832293868548));
#2322=CARTESIAN_POINT('',(-60.35,54.8175580612296,9.65552736067112));
#2323=CARTESIAN_POINT('Ctrl Pts',(-60.35,54.8175580612296,9.65552736067109));
#2324=CARTESIAN_POINT('Ctrl Pts',(-60.35,54.9826761663629,9.66302683083909));
#2325=CARTESIAN_POINT('Ctrl Pts',(-60.3151350091444,55.176179956115,9.6369146121294));
#2326=CARTESIAN_POINT('Ctrl Pts',(-60.1984813792003,55.5039738255392,9.53502873564747));
#2327=CARTESIAN_POINT('Ctrl Pts',(-60.0878197950064,55.6864005222389,9.43253867609241));
#2328=CARTESIAN_POINT('Ctrl Pts',(-59.9391003659914,55.8592369031139,9.29151595688711));
#2329=CARTESIAN_POINT('Ctrl Pts',(-59.8958527766713,55.9039654159114,9.25025529993346));
#2330=CARTESIAN_POINT('Ctrl Pts',(-59.85,55.9458697449537,9.20625849882695));
#2331=CARTESIAN_POINT('',(-60.35,52.5369837685267,9.55194635808988));
#2332=CARTESIAN_POINT('Origin',(-59.85,51.4130616152535,7.9993527804272));
#2333=CARTESIAN_POINT('Origin',(-59.85,-53.85,7.00000010430812));
#2334=CARTESIAN_POINT('Origin',(-59.85,-53.85,7.00000010430812));
#2335=CARTESIAN_POINT('Origin',(-60.35,53.7905557665768,8.25000005215406));
#2336=CARTESIAN_POINT('',(-60.35,52.8453138614812,6.00000010430813));
#2337=CARTESIAN_POINT('Origin',(-60.35,-53.85,7.00000010430812));
#2338=CARTESIAN_POINT('',(-60.35,54.8454000866642,6.00000010430813));
#2339=CARTESIAN_POINT('',(-60.35,55.0560972926427,6.00000010430813));
#2340=CARTESIAN_POINT('Origin',(-60.35,-53.85,7.00000010430812));
#2341=CARTESIAN_POINT('Origin',(-60.35,53.7905557665768,8.25000005215406));
#2342=CARTESIAN_POINT('',(-60.35,54.7349437124829,12.));
#2343=CARTESIAN_POINT('Origin',(-60.35,-53.85,7.00000010430812));
#2344=CARTESIAN_POINT('',(-60.35,52.7327847311332,12.));
#2345=CARTESIAN_POINT('',(-60.35,26.8952778832884,12.));
#2346=CARTESIAN_POINT('Origin',(-60.35,-53.85,7.00000010430812));
#2347=CARTESIAN_POINT('Origin',(-60.35,-52.1,4.50000010430813));
#2348=CARTESIAN_POINT('',(-59.85,-52.1,8.50000010430818));
#2349=CARTESIAN_POINT('Origin',(-60.35,-52.1,8.00000010430818));
#2350=CARTESIAN_POINT('',(-59.85,-52.1,4.50000010430813));
#2351=CARTESIAN_POINT('Origin',(-59.6,-52.6,8.75000010430818));
#2352=CARTESIAN_POINT('',(-58.85,-56.35,9.50000010430816));
#2353=CARTESIAN_POINT('',(-58.85,-57.6000000000001,9.50000010430815));
#2354=CARTESIAN_POINT('',(-60.35,-54.85,8.00000010430816));
#2355=CARTESIAN_POINT('Origin',(-58.85,-54.85,9.50000010430817));
#2356=CARTESIAN_POINT('',(-60.35,-53.1,8.00000010430818));
#2357=CARTESIAN_POINT('',(-60.35,-50.725,8.00000010430819));
#2358=CARTESIAN_POINT('',(-59.85,-52.6,8.50000010430818));
#2359=CARTESIAN_POINT('Origin',(-60.35,-52.6,8.00000010430818));
#2360=CARTESIAN_POINT('',(-59.85,-52.6,8.50000010430819));
#2361=CARTESIAN_POINT('Origin',(-58.85,-53.85,7.00000010430812));
#2362=CARTESIAN_POINT('',(-58.85,51.2311115331536,12.));
#2363=CARTESIAN_POINT('Ctrl Pts',(-60.35,52.7327847311332,12.));
#2364=CARTESIAN_POINT('Ctrl Pts',(-60.35,52.5473943838005,12.));
#2365=CARTESIAN_POINT('Ctrl Pts',(-60.3066323145695,52.3291939247416,12.));
#2366=CARTESIAN_POINT('Ctrl Pts',(-60.1648586148271,51.9866989840464,12.));
#2367=CARTESIAN_POINT('Ctrl Pts',(-60.0414017056734,51.8017772427865,12.));
#2368=CARTESIAN_POINT('Ctrl Pts',(-59.7795442036295,51.5397406821029,12.));
#2369=CARTESIAN_POINT('Ctrl Pts',(-59.5948459008007,51.4162242971303,12.));
#2370=CARTESIAN_POINT('Ctrl Pts',(-59.2528450141014,51.2744692547129,12.));
#2371=CARTESIAN_POINT('Ctrl Pts',(-59.0350540438218,51.2311115331536,12.));
#2372=CARTESIAN_POINT('Ctrl Pts',(-58.85,51.2311115331536,12.));
#2373=CARTESIAN_POINT('',(-58.85,51.3202904816754,4.50000010430813));
#2374=CARTESIAN_POINT('Origin',(-58.85,-53.85,7.00000010430812));
#2375=CARTESIAN_POINT('Ctrl Pts',(-60.35,52.8453138614812,6.00000010430812));
#2376=CARTESIAN_POINT('Ctrl Pts',(-60.35,52.6805488703495,6.00000010430812));
#2377=CARTESIAN_POINT('Ctrl Pts',(-60.3154406021698,52.4889667747377,5.96544070647795));
#2378=CARTESIAN_POINT('Ctrl Pts',(-60.2001032227872,52.1635672854912,5.85010332709531));
#2379=CARTESIAN_POINT('Ctrl Pts',(-60.0899100377375,51.9822647770745,5.73991014204558));
#2380=CARTESIAN_POINT('Ctrl Pts',(-59.8459942939852,51.6990865205935,5.49599439829331));
#2381=CARTESIAN_POINT('Ctrl Pts',(-59.6604025874517,51.5611985994849,5.31040269175981));
#2382=CARTESIAN_POINT('Ctrl Pts',(-59.3006392144283,51.3833308988798,4.95063931873641));
#2383=CARTESIAN_POINT('Ctrl Pts',(-59.0563814336776,51.3251963688973,4.70638153798571));
#2384=CARTESIAN_POINT('Ctrl Pts',(-58.85,51.3202904816754,4.50000010430813));
#2385=CARTESIAN_POINT('Origin',(-58.85,-53.85,7.00000010430812));
#2386=CARTESIAN_POINT('',(-58.85,56.3216388187087,4.50000010430813));
#2387=CARTESIAN_POINT('Ctrl Pts',(-58.85,56.3216388187087,4.50000010430813));
#2388=CARTESIAN_POINT('Ctrl Pts',(-59.0549532169747,56.3262895895235,4.7049533212828));
#2389=CARTESIAN_POINT('Ctrl Pts',(-59.298606312173,56.2786004919098,4.94860641648108));
#2390=CARTESIAN_POINT('Ctrl Pts',(-59.6580235092991,56.1139098432367,5.30802361360725));
#2391=CARTESIAN_POINT('Ctrl Pts',(-59.8433482762649,55.9822342044816,5.49334838057298));
#2392=CARTESIAN_POINT('Ctrl Pts',(-60.0879009250516,55.7060462386206,5.73790102935976));
#2393=CARTESIAN_POINT('Ctrl Pts',(-60.1986324818476,55.5270765800764,5.84863258615566));
#2394=CARTESIAN_POINT('Ctrl Pts',(-60.3151290267379,55.2030005859038,5.96512913104601));
#2395=CARTESIAN_POINT('Ctrl Pts',(-60.35,55.0107753301902,6.00000010430813));
#2396=CARTESIAN_POINT('Ctrl Pts',(-60.35,54.8454000866642,6.00000010430813));
#2397=CARTESIAN_POINT('',(-58.85,56.2365114400628,12.));
#2398=CARTESIAN_POINT('Origin',(-58.85,-53.85,7.00000010430812));
#2399=CARTESIAN_POINT('Ctrl Pts',(-58.85,56.2365114400628,12.));
#2400=CARTESIAN_POINT('Ctrl Pts',(-59.0350588943147,56.2365114400628,12.));
#2401=CARTESIAN_POINT('Ctrl Pts',(-59.2528562477628,56.1931559707822,12.));
#2402=CARTESIAN_POINT('Ctrl Pts',(-59.5948604581708,56.0514081426746,12.));
#2403=CARTESIAN_POINT('Ctrl Pts',(-59.7795584343506,55.9279010749456,12.));
#2404=CARTESIAN_POINT('Ctrl Pts',(-60.0414113368181,55.6658835655463,12.));
#2405=CARTESIAN_POINT('Ctrl Pts',(-60.1648649575911,55.4809772097091,12.));
#2406=CARTESIAN_POINT('Ctrl Pts',(-60.3066343425117,55.138507175879,12.));
#2407=CARTESIAN_POINT('Ctrl Pts',(-60.35,54.9203215811096,12.));
#2408=CARTESIAN_POINT('Ctrl Pts',(-60.35,54.7349437124829,12.));
#2409=CARTESIAN_POINT('Origin',(-58.85,-54.85,6.3750000782311));
#2410=CARTESIAN_POINT('',(-60.35,-54.85,6.3750000782311));
#2411=CARTESIAN_POINT('',(-58.85,-56.35,2.25000005215406));
#2412=CARTESIAN_POINT('Origin',(-60.35,-48.85,8.25000005215406));
#2413=CARTESIAN_POINT('',(-60.35,-53.1,4.50000010430813));
#2414=CARTESIAN_POINT('Origin',(-59.6,55.0560972926427,5.25000010430813));
#2415=CARTESIAN_POINT('',(-58.85,-1.26418059064568,4.50000010430814));
#2416=CARTESIAN_POINT('Origin',(-59.85,-52.6,4.50000010430813));
#2417=CARTESIAN_POINT('',(-59.85,-52.6,4.50000010430813));
#2418=CARTESIAN_POINT('Origin',(-60.35,-52.6,4.50000010430813));
#2419=CARTESIAN_POINT('Origin',(-1.77635683940025E-14,-1.77635683940025E-14,
12.));
#2420=CARTESIAN_POINT('',(61.85,61.85,12.));
#2421=CARTESIAN_POINT('',(-61.85,61.85,12.));
#2422=CARTESIAN_POINT('',(-61.85,61.85,12.));
#2423=CARTESIAN_POINT('',(-61.85,-61.85,12.));
#2424=CARTESIAN_POINT('',(-61.85,-61.85,12.));
#2425=CARTESIAN_POINT('',(61.85,-61.85,12.));
#2426=CARTESIAN_POINT('',(61.85,-61.85,12.));
#2427=CARTESIAN_POINT('',(61.85,61.85,12.));
#2428=CARTESIAN_POINT('',(-58.85,-58.85,12.));
#2429=CARTESIAN_POINT('',(58.85,-58.85,12.));
#2430=CARTESIAN_POINT('',(-58.85,-61.85,12.));
#2431=CARTESIAN_POINT('',(-58.85,-61.85,12.));
#2432=CARTESIAN_POINT('',(-58.85,58.85,12.));
#2433=CARTESIAN_POINT('',(-58.85,-61.85,12.));
#2434=CARTESIAN_POINT('',(-58.85,58.85,12.));
#2435=CARTESIAN_POINT('Origin',(58.85,-58.85,0.));
#2436=CARTESIAN_POINT('',(-58.85,-58.85,2.));
#2437=CARTESIAN_POINT('',(58.85,-58.85,2.));
#2438=CARTESIAN_POINT('',(-58.85,-58.85,0.));
#2439=CARTESIAN_POINT('Origin',(-58.85,-58.85,0.));
#2440=CARTESIAN_POINT('',(-58.85,58.85,2.));
#2441=CARTESIAN_POINT('',(-58.85,-61.85,2.));
#2442=CARTESIAN_POINT('',(-58.85,58.85,0.));
#2443=CARTESIAN_POINT('Origin',(-58.85,58.85,0.));
#2444=CARTESIAN_POINT('',(-58.85,58.85,2.));
#2445=CARTESIAN_POINT('Origin',(61.85,-61.85,0.));
#2446=CARTESIAN_POINT('',(61.85,61.85,0.));
#2447=CARTESIAN_POINT('',(61.85,-61.85,0.));
#2448=CARTESIAN_POINT('',(61.85,61.85,0.));
#2449=CARTESIAN_POINT('',(61.85,61.85,0.));
#2450=CARTESIAN_POINT('',(61.85,-61.85,0.));
#2451=CARTESIAN_POINT('Origin',(-61.85,-61.85,0.));
#2452=CARTESIAN_POINT('',(-61.85,-61.85,0.));
#2453=CARTESIAN_POINT('',(61.85,-61.85,0.));
#2454=CARTESIAN_POINT('',(-61.85,-61.85,0.));
#2455=CARTESIAN_POINT('Origin',(-61.85,61.85,0.));
#2456=CARTESIAN_POINT('',(-61.85,61.85,0.));
#2457=CARTESIAN_POINT('',(-61.85,-61.85,0.));
#2458=CARTESIAN_POINT('',(-61.85,61.85,0.));
#2459=CARTESIAN_POINT('Origin',(61.85,61.85,0.));
#2460=CARTESIAN_POINT('',(-61.85,61.85,0.));
#2461=CARTESIAN_POINT('Origin',(-24.878000470011,49.8797704895423,0.));
#2462=CARTESIAN_POINT('',(-29.8780007665831,49.8797704895423,2.));
#2463=CARTESIAN_POINT('Origin',(-24.878000470011,49.8797704895423,2.));
#2464=CARTESIAN_POINT('',(-29.8780007665831,49.8797704895423,0.));
#2465=CARTESIAN_POINT('',(-29.8780007665831,49.8797704895423,0.));
#2466=CARTESIAN_POINT('Origin',(-24.878000470011,49.8797704895423,0.));
#2467=CARTESIAN_POINT('Origin',(-24.878000470011,24.8797704895423,0.));
#2468=CARTESIAN_POINT('',(-29.8780007665831,24.8797704895423,2.));
#2469=CARTESIAN_POINT('Origin',(-24.878000470011,24.8797704895423,2.));
#2470=CARTESIAN_POINT('',(-29.8780007665831,24.8797704895423,0.));
#2471=CARTESIAN_POINT('',(-29.8780007665831,24.8797704895423,0.));
#2472=CARTESIAN_POINT('Origin',(-24.878000470011,24.8797704895423,0.));
#2473=CARTESIAN_POINT('Origin',(0.121999529989012,49.8797704895423,0.));
#2474=CARTESIAN_POINT('',(-4.87800076658309,49.8797704895423,2.));
#2475=CARTESIAN_POINT('Origin',(0.121999529989012,49.8797704895423,2.));
#2476=CARTESIAN_POINT('',(-4.87800076658309,49.8797704895423,0.));
#2477=CARTESIAN_POINT('',(-4.87800076658309,49.8797704895423,0.));
#2478=CARTESIAN_POINT('Origin',(0.121999529989012,49.8797704895423,0.));
#2479=CARTESIAN_POINT('Origin',(-49.878000470011,24.8797704895423,0.));
#2480=CARTESIAN_POINT('',(-54.8780007665831,24.8797704895423,2.));
#2481=CARTESIAN_POINT('Origin',(-49.878000470011,24.8797704895423,2.));
#2482=CARTESIAN_POINT('',(-54.8780007665831,24.8797704895423,0.));
#2483=CARTESIAN_POINT('',(-54.8780007665831,24.8797704895423,0.));
#2484=CARTESIAN_POINT('Origin',(-49.878000470011,24.8797704895423,0.));
#2485=CARTESIAN_POINT('Origin',(0.121999529989012,24.8797704895423,0.));
#2486=CARTESIAN_POINT('',(-4.87800076658309,24.8797704895423,2.));
#2487=CARTESIAN_POINT('Origin',(0.121999529989012,24.8797704895423,2.));
#2488=CARTESIAN_POINT('',(-4.87800076658309,24.8797704895423,0.));
#2489=CARTESIAN_POINT('',(-4.87800076658309,24.8797704895423,0.));
#2490=CARTESIAN_POINT('Origin',(0.121999529989012,24.8797704895423,0.));
#2491=CARTESIAN_POINT('Origin',(-24.878000470011,-50.1202295104577,0.));
#2492=CARTESIAN_POINT('',(-29.8780007665831,-50.1202295104577,2.));
#2493=CARTESIAN_POINT('Origin',(-24.878000470011,-50.1202295104577,2.));
#2494=CARTESIAN_POINT('',(-29.8780007665831,-50.1202295104577,0.));
#2495=CARTESIAN_POINT('',(-29.8780007665831,-50.1202295104577,0.));
#2496=CARTESIAN_POINT('Origin',(-24.878000470011,-50.1202295104577,0.));
#2497=CARTESIAN_POINT('Origin',(0.121999529989012,-25.1202295104577,0.));
#2498=CARTESIAN_POINT('',(-4.87800076658309,-25.1202295104577,2.));
#2499=CARTESIAN_POINT('Origin',(0.121999529989012,-25.1202295104577,2.));
#2500=CARTESIAN_POINT('',(-4.87800076658309,-25.1202295104577,0.));
#2501=CARTESIAN_POINT('',(-4.87800076658309,-25.1202295104577,0.));
#2502=CARTESIAN_POINT('Origin',(0.121999529989012,-25.1202295104577,0.));
#2503=CARTESIAN_POINT('Origin',(25.121999529989,-0.120229510457729,0.));
#2504=CARTESIAN_POINT('',(20.1219992334169,-0.120229510457728,2.));
#2505=CARTESIAN_POINT('Origin',(25.121999529989,-0.120229510457729,2.));
#2506=CARTESIAN_POINT('',(20.1219992334169,-0.12022951045773,0.));
#2507=CARTESIAN_POINT('',(20.1219992334169,-0.12022951045773,0.));
#2508=CARTESIAN_POINT('Origin',(25.121999529989,-0.120229510457729,0.));
#2509=CARTESIAN_POINT('Origin',(50.121999529989,-50.1202295104577,0.));
#2510=CARTESIAN_POINT('',(45.1219992334169,-50.1202295104577,2.));
#2511=CARTESIAN_POINT('Origin',(50.121999529989,-50.1202295104577,2.));
#2512=CARTESIAN_POINT('',(45.1219992334169,-50.1202295104577,0.));
#2513=CARTESIAN_POINT('',(45.1219992334169,-50.1202295104577,0.));
#2514=CARTESIAN_POINT('Origin',(50.121999529989,-50.1202295104577,0.));
#2515=CARTESIAN_POINT('Origin',(25.121999529989,24.8797704895423,0.));
#2516=CARTESIAN_POINT('',(20.1219992334169,24.8797704895423,2.));
#2517=CARTESIAN_POINT('Origin',(25.121999529989,24.8797704895423,2.));
#2518=CARTESIAN_POINT('',(20.1219992334169,24.8797704895423,0.));
#2519=CARTESIAN_POINT('',(20.1219992334169,24.8797704895423,0.));
#2520=CARTESIAN_POINT('Origin',(25.121999529989,24.8797704895423,0.));
#2521=CARTESIAN_POINT('Origin',(0.121999529989012,-0.120229510457729,0.));
#2522=CARTESIAN_POINT('',(-4.87800076658309,-0.120229510457728,2.));
#2523=CARTESIAN_POINT('Origin',(0.121999529989012,-0.120229510457729,2.));
#2524=CARTESIAN_POINT('',(-4.87800076658309,-0.12022951045773,0.));
#2525=CARTESIAN_POINT('',(-4.87800076658309,-0.12022951045773,0.));
#2526=CARTESIAN_POINT('Origin',(0.121999529989012,-0.120229510457729,0.));
#2527=CARTESIAN_POINT('Origin',(-49.878000470011,-25.1202295104577,0.));
#2528=CARTESIAN_POINT('',(-54.8780007665831,-25.1202295104577,2.));
#2529=CARTESIAN_POINT('Origin',(-49.878000470011,-25.1202295104577,2.));
#2530=CARTESIAN_POINT('',(-54.8780007665831,-25.1202295104577,0.));
#2531=CARTESIAN_POINT('',(-54.8780007665831,-25.1202295104577,0.));
#2532=CARTESIAN_POINT('Origin',(-49.878000470011,-25.1202295104577,0.));
#2533=CARTESIAN_POINT('Origin',(25.121999529989,49.8797704895423,0.));
#2534=CARTESIAN_POINT('',(20.1219992334169,49.8797704895423,2.));
#2535=CARTESIAN_POINT('Origin',(25.121999529989,49.8797704895423,2.));
#2536=CARTESIAN_POINT('',(20.1219992334169,49.8797704895423,0.));
#2537=CARTESIAN_POINT('',(20.1219992334169,49.8797704895423,0.));
#2538=CARTESIAN_POINT('Origin',(25.121999529989,49.8797704895423,0.));
#2539=CARTESIAN_POINT('Origin',(50.121999529989,-25.1202295104577,0.));
#2540=CARTESIAN_POINT('',(45.1219992334169,-25.1202295104577,2.));
#2541=CARTESIAN_POINT('Origin',(50.121999529989,-25.1202295104577,2.));
#2542=CARTESIAN_POINT('',(45.1219992334169,-25.1202295104577,0.));
#2543=CARTESIAN_POINT('',(45.1219992334169,-25.1202295104577,0.));
#2544=CARTESIAN_POINT('Origin',(50.121999529989,-25.1202295104577,0.));
#2545=CARTESIAN_POINT('Origin',(50.121999529989,-0.120229510457729,0.));
#2546=CARTESIAN_POINT('',(45.1219992334169,-0.120229510457728,2.));
#2547=CARTESIAN_POINT('Origin',(50.121999529989,-0.120229510457729,2.));
#2548=CARTESIAN_POINT('',(45.1219992334169,-0.12022951045773,0.));
#2549=CARTESIAN_POINT('',(45.1219992334169,-0.12022951045773,0.));
#2550=CARTESIAN_POINT('Origin',(50.121999529989,-0.120229510457729,0.));
#2551=CARTESIAN_POINT('Origin',(-24.878000470011,-0.120229510457729,0.));
#2552=CARTESIAN_POINT('',(-29.8780007665831,-0.120229510457728,2.));
#2553=CARTESIAN_POINT('Origin',(-24.878000470011,-0.120229510457729,2.));
#2554=CARTESIAN_POINT('',(-29.8780007665831,-0.12022951045773,0.));
#2555=CARTESIAN_POINT('',(-29.8780007665831,-0.12022951045773,0.));
#2556=CARTESIAN_POINT('Origin',(-24.878000470011,-0.120229510457729,0.));
#2557=CARTESIAN_POINT('Origin',(-24.878000470011,-25.1202295104577,0.));
#2558=CARTESIAN_POINT('',(-29.8780007665831,-25.1202295104577,2.));
#2559=CARTESIAN_POINT('Origin',(-24.878000470011,-25.1202295104577,2.));
#2560=CARTESIAN_POINT('',(-29.8780007665831,-25.1202295104577,0.));
#2561=CARTESIAN_POINT('',(-29.8780007665831,-25.1202295104577,0.));
#2562=CARTESIAN_POINT('Origin',(-24.878000470011,-25.1202295104577,0.));
#2563=CARTESIAN_POINT('Origin',(25.121999529989,-25.1202295104577,0.));
#2564=CARTESIAN_POINT('',(20.1219992334169,-25.1202295104577,2.));
#2565=CARTESIAN_POINT('Origin',(25.121999529989,-25.1202295104577,2.));
#2566=CARTESIAN_POINT('',(20.1219992334169,-25.1202295104577,0.));
#2567=CARTESIAN_POINT('',(20.1219992334169,-25.1202295104577,0.));
#2568=CARTESIAN_POINT('Origin',(25.121999529989,-25.1202295104577,0.));
#2569=CARTESIAN_POINT('Origin',(-49.878000470011,49.8797704895423,0.));
#2570=CARTESIAN_POINT('',(-54.8780007665831,49.8797704895423,2.));
#2571=CARTESIAN_POINT('Origin',(-49.878000470011,49.8797704895423,2.));
#2572=CARTESIAN_POINT('',(-54.8780007665831,49.8797704895423,0.));
#2573=CARTESIAN_POINT('',(-54.8780007665831,49.8797704895423,0.));
#2574=CARTESIAN_POINT('Origin',(-49.878000470011,49.8797704895423,0.));
#2575=CARTESIAN_POINT('Origin',(-49.878000470011,-0.120229510457729,0.));
#2576=CARTESIAN_POINT('',(-54.8780007665831,-0.120229510457728,2.));
#2577=CARTESIAN_POINT('Origin',(-49.878000470011,-0.120229510457729,2.));
#2578=CARTESIAN_POINT('',(-54.8780007665831,-0.12022951045773,0.));
#2579=CARTESIAN_POINT('',(-54.8780007665831,-0.12022951045773,0.));
#2580=CARTESIAN_POINT('Origin',(-49.878000470011,-0.120229510457729,0.));
#2581=CARTESIAN_POINT('Origin',(50.121999529989,24.8797704895423,0.));
#2582=CARTESIAN_POINT('',(45.1219992334169,24.8797704895423,2.));
#2583=CARTESIAN_POINT('Origin',(50.121999529989,24.8797704895423,2.));
#2584=CARTESIAN_POINT('',(45.1219992334169,24.8797704895423,0.));
#2585=CARTESIAN_POINT('',(45.1219992334169,24.8797704895423,0.));
#2586=CARTESIAN_POINT('Origin',(50.121999529989,24.8797704895423,0.));
#2587=CARTESIAN_POINT('Origin',(-49.878000470011,-50.1202295104577,0.));
#2588=CARTESIAN_POINT('',(-54.8780007665831,-50.1202295104577,2.));
#2589=CARTESIAN_POINT('Origin',(-49.878000470011,-50.1202295104577,2.));
#2590=CARTESIAN_POINT('',(-54.8780007665831,-50.1202295104577,0.));
#2591=CARTESIAN_POINT('',(-54.8780007665831,-50.1202295104577,0.));
#2592=CARTESIAN_POINT('Origin',(-49.878000470011,-50.1202295104577,0.));
#2593=CARTESIAN_POINT('Origin',(25.121999529989,-50.1202295104577,0.));
#2594=CARTESIAN_POINT('',(20.1219992334169,-50.1202295104577,2.));
#2595=CARTESIAN_POINT('Origin',(25.121999529989,-50.1202295104577,2.));
#2596=CARTESIAN_POINT('',(20.1219992334169,-50.1202295104577,0.));
#2597=CARTESIAN_POINT('',(20.1219992334169,-50.1202295104577,0.));
#2598=CARTESIAN_POINT('Origin',(25.121999529989,-50.1202295104577,0.));
#2599=CARTESIAN_POINT('Origin',(0.121999529989012,-50.1202295104577,0.));
#2600=CARTESIAN_POINT('',(-4.87800076658309,-50.1202295104577,2.));
#2601=CARTESIAN_POINT('Origin',(0.121999529989012,-50.1202295104577,2.));
#2602=CARTESIAN_POINT('',(-4.87800076658309,-50.1202295104577,0.));
#2603=CARTESIAN_POINT('',(-4.87800076658309,-50.1202295104577,0.));
#2604=CARTESIAN_POINT('Origin',(0.121999529989012,-50.1202295104577,0.));
#2605=CARTESIAN_POINT('Origin',(50.121999529989,49.8797704895423,0.));
#2606=CARTESIAN_POINT('',(45.1219992334169,49.8797704895423,2.));
#2607=CARTESIAN_POINT('Origin',(50.121999529989,49.8797704895423,2.));
#2608=CARTESIAN_POINT('',(45.1219992334169,49.8797704895423,0.));
#2609=CARTESIAN_POINT('',(45.1219992334169,49.8797704895423,0.));
#2610=CARTESIAN_POINT('Origin',(50.121999529989,49.8797704895423,0.));
#2611=CARTESIAN_POINT('Origin',(-8.88178419700125E-15,-1.77635683940025E-14,
2.));
#2612=CARTESIAN_POINT('Origin',(-8.88178419700125E-15,-1.77635683940025E-14,
0.));
#2613=UNCERTAINTY_MEASURE_WITH_UNIT(LENGTH_MEASURE(0.01),#2617,
'DISTANCE_ACCURACY_VALUE',
'Maximum model space distance between geometric entities at asserted c
onnectivities');
#2614=UNCERTAINTY_MEASURE_WITH_UNIT(LENGTH_MEASURE(0.01),#2617,
'DISTANCE_ACCURACY_VALUE',
'Maximum model space distance between geometric entities at asserted c
onnectivities');
#2615=(
GEOMETRIC_REPRESENTATION_CONTEXT(3)
GLOBAL_UNCERTAINTY_ASSIGNED_CONTEXT((#2613))
GLOBAL_UNIT_ASSIGNED_CONTEXT((#2617,#2619,#2620))
REPRESENTATION_CONTEXT('','3D')
);
#2616=(
GEOMETRIC_REPRESENTATION_CONTEXT(3)
GLOBAL_UNCERTAINTY_ASSIGNED_CONTEXT((#2614))
GLOBAL_UNIT_ASSIGNED_CONTEXT((#2617,#2619,#2620))
REPRESENTATION_CONTEXT('','3D')
);
#2617=(
LENGTH_UNIT()
NAMED_UNIT(*)
SI_UNIT(.MILLI.,.METRE.)
);
#2618=(
LENGTH_UNIT()
NAMED_UNIT(*)
SI_UNIT($,.METRE.)
);
#2619=(
NAMED_UNIT(*)
PLANE_ANGLE_UNIT()
SI_UNIT($,.RADIAN.)
);
#2620=(
NAMED_UNIT(*)
SI_UNIT($,.STERADIAN.)
SOLID_ANGLE_UNIT()
);
#2621=SHAPE_DEFINITION_REPRESENTATION(#2622,#2623);
#2622=PRODUCT_DEFINITION_SHAPE('',$,#2625);
#2623=SHAPE_REPRESENTATION('',(#1493),#2615);
#2624=PRODUCT_DEFINITION_CONTEXT('part definition',#2629,'design');
#2625=PRODUCT_DEFINITION('2026-08-30-18-40-24-472',
'TurtleSquareAdapter',#2626,#2624);
#2626=PRODUCT_DEFINITION_FORMATION('',$,#2631);
#2627=PRODUCT_RELATED_PRODUCT_CATEGORY('TurtleSquareAdapter',
'TurtleSquareAdapter',(#2631));
#2628=APPLICATION_PROTOCOL_DEFINITION('international standard',
'automotive_design',2009,#2629);
#2629=APPLICATION_CONTEXT(
'Core Data for Automotive Mechanical Design Process');
#2630=PRODUCT_CONTEXT('part definition',#2629,'mechanical');
#2631=PRODUCT('2026-08-30-18-40-24-472','TurtleSquareAdapter',$,(#2630));
#2632=PRESENTATION_STYLE_ASSIGNMENT((#2633));
#2633=SURFACE_STYLE_USAGE(.BOTH.,#2634);
#2634=SURFACE_SIDE_STYLE('',(#2635));
#2635=SURFACE_STYLE_FILL_AREA(#2636);
#2636=FILL_AREA_STYLE('Steel - Satin',(#2637));
#2637=FILL_AREA_STYLE_COLOUR('Steel - Satin',#2638);
#2638=COLOUR_RGB('Steel - Satin',0.627450980392157,0.627450980392157,0.627450980392157);
ENDSEC;
END-ISO-10303-21;
