#VRML V2.0 utf8
# 3D model generated by easyeda2kicad.py (https://github.com/uPesy/easyeda2kicad.py)

Shape{
    appearance Appearance {
        material  Material 	{
            diffuseColor 0.9686274509803922 0.8784313725490196 0.6
            specularColor 0.6784313725490196 0.615686274509804 0.4196078431372549
            ambientIntensity 0.8737
            transparency 0.0
            shininess 0.5
        }
    }
    geometry IndexedFaceSet {
        ccw TRUE
        solid FALSE
        coord DEF co Coordinate {
            point [
                -0.1864 0.2205 1.0236, -0.1671 0.2347 1.0236, -0.1672 0.2348 0.3346, -0.1216 -0.2619 1.0236, -0.1672 -0.2348 0.3346, -0.1444 -0.2501 0.3346, -0.1199 -0.2626 1.0236, -0.2679 -0.1073 0.3346, -0.2668 -0.1105 0.3346, -0.2577 -0.1302 1.0236, -0.2501 -0.1444 0.3346, -0.2425 -0.1559 1.0236, -0.2425 -0.1558 0.3346, -0.2381 -0.1634 1.0236, -0.2291 -0.1758 0.3346, -0.2142 -0.1937 1.0236, -0.2087 -0.199 0.3346, -0.2087 -0.199 1.0236, -0.2042 -0.2042 0.3346, -0.1864 -0.2205 1.0236, -0.1758 -0.2291 0.3346, -0.1671 -0.2347 1.0236, -0.1554 -0.2434 1.0236, -0.1197 -0.2622 0.3346, -0.1105 -0.2668 0.3346, -0.0856 -0.2758 1.0236, -0.0747 -0.2789 0.3346, -0.0679 -0.28 1.0236, -0.068 -0.2803 0.3346, -0.048 -0.2848 1.0236, -0.0377 -0.2863 0.3346, -0.0137 -0.2882 1.0236, -0.0137 -0.2879 0.3346, -0.0096 -0.2886 1.0236, 0.0 -0.2888 0.3346, 0.0289 -0.2873 1.0236, 0.0377 -0.2863 0.3346, 0.041 -0.2853 1.0236, 0.0411 -0.2856 0.3346, 0.0669 -0.2809 1.0236, 0.0747 -0.2789 0.3346, 0.0943 -0.2724 1.0236, 0.0943 -0.2723 0.3346, 0.1038 -0.2695 1.0236, 0.1105 -0.2668 0.3346, 0.1388 -0.2532 1.0236, 0.1444 -0.2501 0.3346, 0.1442 -0.2498 1.0236, 0.1713 -0.2325 1.0236, 0.1758 -0.2291 0.3346, 0.1887 -0.2178 1.0236, 0.1887 -0.2178 0.3346, 0.2008 -0.2076 1.0236, 0.2266 -0.179 1.0236, 0.2042 -0.2042 0.3346, 0.227 -0.1785 1.0236, 0.2268 -0.1784 0.3346, 0.2485 -0.1472 1.0236, 0.2291 -0.1758 0.3346, 0.2501 -0.1444 0.3346, 0.2561 -0.132 1.0236, 0.2562 -0.1321 0.3346, 0.2659 -0.1127 1.0236, 0.2668 -0.1105 0.3346, 0.2768 -0.0813 1.0236, 0.2767 -0.0812 0.3346, 0.2785 -0.0763 1.0236, 0.2789 -0.0747 0.3346, 0.2862 -0.0385 1.0236, 0.2863 -0.0377 0.3346, 0.2869 -0.0274 1.0236, 0.287 -0.0274 0.3346, 0.2888 0.0 1.0236, 0.2888 0.0 0.3346, 0.2869 0.0274 1.0236, 0.287 0.0274 0.3346, 0.2862 0.0385 1.0236, 0.2863 0.0377 0.3346, 0.2785 0.0763 1.0236, 0.2789 0.0747 0.3346, 0.2768 0.0813 1.0236, 0.2767 0.0812 0.3346, 0.2659 0.1127 1.0236, 0.2668 0.1105 0.3346, 0.2561 0.132 1.0236, 0.2562 0.1321 0.3346, 0.2485 0.1472 1.0236, 0.2501 0.1444 0.3346, 0.2291 0.1758 0.3346, 0.227 0.1785 1.0236, 0.2268 0.1784 0.3346, 0.2266 0.179 1.0236, 0.2042 0.2042 0.3346, 0.2008 0.2076 1.0236, 0.1887 0.2178 1.0236, 0.1887 0.2178 0.3346, 0.1713 0.2325 1.0236, 0.1758 0.2291 0.3346, 0.1442 0.2498 1.0236, 0.1444 0.2501 0.3346, 0.1388 0.2532 1.0236, 0.1105 0.2668 0.3346, 0.1038 0.2695 1.0236, 0.0289 0.2873 1.0236, 0.0 0.2888 0.3346, -0.0096 0.2886 1.0236, -0.0137 0.2879 0.3346, -0.0137 0.2882 1.0236, 0.0943 0.2724 1.0236, 0.0943 0.2723 0.3346, 0.0669 0.2809 1.0236, 0.0747 0.2789 0.3346, 0.041 0.2853 1.0236, 0.0411 0.2856 0.3346, 0.0377 0.2863 0.3346, -0.048 0.2848 1.0236, -0.0377 0.2863 0.3346, -0.0679 0.28 1.0236, -0.068 0.2803 0.3346, -0.0856 0.2758 1.0236, -0.1444 0.2501 0.3346, -0.0747 0.2789 0.3346, -0.1105 0.2668 0.3346, -0.1199 0.2626 1.0236, -0.1197 0.2622 0.3346, -0.1216 0.2619 1.0236, -0.1554 0.2434 1.0236, -0.1758 0.2291 0.3346, -0.2042 0.2042 0.3346, -0.2087 0.199 1.0236, -0.2087 0.199 0.3346, -0.2142 0.1937 1.0236, -0.2291 0.1758 0.3346, -0.2381 0.1634 1.0236, -0.2425 0.1558 0.3346, -0.2425 0.1559 1.0236, -0.2679 0.1073 0.3346, -0.2676 0.1071 1.0236, -0.2668 0.1105 0.3346, -0.2577 0.1302 1.0236, -0.2501 0.1444 0.3346, -0.2676 -0.1071 1.0236, -0.2728 -0.0947 1.0236, -0.2789 -0.0747 0.3346, -0.283 -0.0575 1.0236, -0.283 -0.0545 0.3346, -0.2834 -0.0546 1.0236, -0.2863 -0.0377 0.3346, -0.2881 -0.0193 1.0236, -0.2888 0.0 0.3346, -0.2881 0.0 1.0236, -0.2863 0.0377 0.3346, -0.2881 0.0193 1.0236, -0.283 0.0545 0.3346, -0.2834 0.0546 1.0236, -0.2789 0.0747 0.3346, -0.283 0.0575 1.0236, -0.2728 0.0947 1.0236, -0.1557 0.0817 1.1024, -0.1984 0.0689 1.1024, -0.1707 0.0421 1.1024, -0.2058 0.0418 1.1024, -0.1758 0.0 1.1024, -0.1316 0.1166 1.1024, -0.1732 0.1189 1.1024, -0.1875 0.0947 1.1024, 0.0212 0.1745 1.1024, -0.007 0.2099 1.1024, -0.0212 0.1745 1.1024, -0.0349 0.2071 1.1024, -0.0623 0.1644 1.1024, 0.0999 0.1447 1.1024, 0.1316 0.1166 1.1024, 0.146 0.151 1.1024, 0.1758 0.0 1.1024, 0.1707 -0.0421 1.1024, 0.2082 -0.028 1.1024, 0.1557 -0.0817 1.1024, 0.1934 -0.082 1.1024, 0.2026 -0.0555 1.1024, -0.0999 0.1447 1.1024, -0.1356 0.1604 1.1024, -0.1558 0.1409 1.1024, -0.0622 0.2006 1.1024, -0.0884 0.1905 1.1024, -0.113 0.177 1.1024, 0.0623 0.1644 1.1024, 0.0487 0.2043 1.1024, 0.021 0.209 1.1024, 0.1707 0.0421 1.1024, 0.1934 0.082 1.1024, 0.1557 0.0817 1.1024, 0.1807 0.107 1.1024, 0.1648 0.1302 1.1024, 0.21 -0.0 1.1024, 0.2082 0.028 1.1024, 0.2026 0.0555 1.1024, 0.0999 -0.1447 1.1024, 0.146 -0.151 1.1024, 0.1316 -0.1166 1.1024, 0.1648 -0.1302 1.1024, 0.1807 -0.107 1.1024, 0.0623 -0.1644 1.1024, 0.1009 -0.1842 1.1024, 0.1246 -0.1691 1.1024, -0.0999 -0.1447 1.1024, -0.0884 -0.1905 1.1024, -0.0623 -0.1644 1.1024, -0.0622 -0.2006 1.1024, -0.0212 -0.1745 1.1024, 0.1246 0.1691 1.1024, 0.1009 0.1842 1.1024, 0.0755 0.196 1.1024, 0.0212 -0.1745 1.1024, 0.0487 -0.2043 1.1024, 0.0755 -0.196 1.1024, -0.0349 -0.2071 1.1024, -0.007 -0.2099 1.1024, 0.021 -0.209 1.1024, -0.1316 -0.1166 1.1024, -0.1356 -0.1604 1.1024, -0.113 -0.177 1.1024, -0.1557 -0.0817 1.1024, -0.1732 -0.1189 1.1024, -0.1558 -0.1409 1.1024, -0.1707 -0.0421 1.1024, -0.1984 -0.0689 1.1024, -0.1875 -0.0947 1.1024, -0.2096 0.014 1.1024, -0.2096 -0.014 1.1024, -0.2058 -0.0418 1.1024, -0.1731 -0.0305 1.3976, -0.1652 -0.0601 1.3976, -0.1701 -0.0419 1.3976, -0.1313 -0.1163 1.3976, -0.1347 -0.113 1.3976, -0.1522 -0.0879 1.3976, -0.1552 -0.0815 1.3976, -0.113 -0.1347 1.3976, -0.0995 -0.1441 1.3976, -0.0879 -0.1522 1.3976, -0.0623 -0.1642 1.3976, -0.0601 -0.1652 1.3976, -0.0305 -0.1731 1.3976, 0.0 -0.1758 1.3976, -0.0211 -0.1739 1.3976, 0.0623 -0.1642 1.3976, 0.0601 -0.1652 1.3976, 0.0305 -0.1731 1.3976, 0.0211 -0.1739 1.3976, 0.0879 -0.1522 1.3976, 0.0995 -0.1441 1.3976, 0.113 -0.1347 1.3976, 0.1313 -0.1163 1.3976, 0.1347 -0.113 1.3976, 0.1522 -0.0879 1.3976, 0.1652 -0.0601 1.3976, 0.1552 -0.0815 1.3976, 0.1731 -0.0305 1.3976, 0.1701 -0.0419 1.3976, 0.1731 0.0305 1.3976, 0.1758 0.0 1.3976, 0.1652 0.0601 1.3976, 0.1701 0.0419 1.3976, 0.1313 0.1163 1.3976, 0.1347 0.113 1.3976, 0.1522 0.0879 1.3976, 0.1552 0.0815 1.3976, 0.113 0.1347 1.3976, 0.0995 0.1441 1.3976, 0.0879 0.1522 1.3976, 0.0623 0.1642 1.3976, 0.0601 0.1652 1.3976, 0.0305 0.1731 1.3976, 0.0 0.1758 1.3976, 0.0211 0.1739 1.3976, -0.0623 0.1642 1.3976, -0.0601 0.1652 1.3976, -0.0305 0.1731 1.3976, -0.0211 0.1739 1.3976, -0.0879 0.1522 1.3976, -0.0995 0.1441 1.3976, -0.113 0.1347 1.3976, -0.1313 0.1163 1.3976, -0.1347 0.113 1.3976, -0.1522 0.0879 1.3976, -0.1652 0.0601 1.3976, -0.1552 0.0815 1.3976, -0.1758 0.0 1.3976, -0.1731 0.0305 1.3976, -0.1701 0.0419 1.3976, 0.0727 -0.0265 1.4961, 0.0762 -0.0134 1.4961, 0.0 0.0 1.4961, 0.0774 -0.0 1.4961, 0.0762 0.0134 1.4961, 0.0497 -0.0593 1.4961, 0.0593 -0.0497 1.4961, 0.067 -0.0387 1.4961, 0.0134 -0.0762 1.4961, 0.0265 -0.0727 1.4961, 0.0387 -0.067 1.4961, -0.0265 -0.0727 1.4961, -0.0134 -0.0762 1.4961, 0.0 -0.0774 1.4961, -0.0593 -0.0497 1.4961, -0.0497 -0.0593 1.4961, -0.0387 -0.067 1.4961, -0.0762 -0.0134 1.4961, -0.0727 -0.0265 1.4961, -0.067 -0.0387 1.4961, -0.0727 0.0265 1.4961, -0.0762 0.0134 1.4961, -0.0774 0.0 1.4961, -0.0497 0.0593 1.4961, -0.0593 0.0497 1.4961, -0.067 0.0387 1.4961, -0.0134 0.0762 1.4961, -0.0265 0.0727 1.4961, -0.0387 0.067 1.4961, 0.0265 0.0727 1.4961, 0.0134 0.0762 1.4961, 0.0 0.0774 1.4961, 0.0593 0.0497 1.4961, 0.0497 0.0593 1.4961, 0.0387 0.067 1.4961, 0.0727 0.0265 1.4961, 0.067 0.0387 1.4961, 0.1629 0.0593 1.4195, 0.1501 0.0867 1.4195, 0.1114 0.1328 1.4195, 0.0593 0.1629 1.4195, 0.0 0.1733 1.4195, -0.0301 0.1707 1.4195, -0.0867 0.1501 1.4195, -0.1114 0.1328 1.4195, -0.1328 0.1114 1.4195, -0.1629 0.0593 1.4195, -0.1707 0.0301 1.4195, -0.1629 -0.0593 1.4195, -0.1501 -0.0867 1.4195, -0.1114 -0.1328 1.4195, -0.0593 -0.1629 1.4195, 0.0 -0.1733 1.4195, 0.0301 -0.1707 1.4195, 0.0867 -0.1501 1.4195, 0.1114 -0.1328 1.4195, 0.1328 -0.1114 1.4195, 0.1629 -0.0593 1.4195, 0.1707 -0.0301 1.4195, -0.0496 -0.086 1.4936, -0.0638 -0.076 1.4936, -0.06 -0.104 1.4863, -0.0772 -0.092 1.4863, -0.0694 -0.1201 1.4746, -0.0892 -0.1063 1.4746, -0.0772 -0.1336 1.459, -0.0992 -0.1182 1.459, -0.083 -0.1438 1.4403, -0.1067 -0.1272 1.4403, -0.0867 -0.1501 1.4195, 0.0496 0.086 1.4936, 0.0638 0.076 1.4936, 0.06 0.104 1.4863, 0.0772 0.092 1.4863, 0.0694 0.1201 1.4746, 0.0892 0.1063 1.4746, 0.0772 0.1336 1.459, 0.0992 0.1182 1.459, 0.083 0.1438 1.4403, 0.1067 0.1272 1.4403, 0.0867 0.1501 1.4195, 0.0993 0.0 1.4936, 0.0978 -0.0172 1.4936, 0.1201 0.0 1.4863, 0.1182 -0.0208 1.4863, 0.1387 0.0 1.4746, 0.1366 -0.0241 1.4746, 0.1543 0.0 1.459, 0.152 -0.0268 1.459, 0.166 0.0 1.4403, 0.1635 -0.0288 1.4403, 0.1733 0.0 1.4195, 0.156 -0.0568 1.4403, 0.145 -0.0528 1.459, 0.1304 -0.0474 1.4746, 0.1128 -0.0411 1.4863, 0.0933 -0.034 1.4936, 0.1501 -0.0867 1.4195, 0.1438 -0.083 1.4403, 0.1336 -0.0772 1.459, 0.1201 -0.0694 1.4746, 0.104 -0.06 1.4863, 0.086 -0.0496 1.4936, 0.076 -0.0638 1.4936, 0.092 -0.0772 1.4863, 0.1063 -0.0892 1.4746, 0.1182 -0.0992 1.459, 0.1272 -0.1067 1.4403, 0.1067 -0.1272 1.4403, 0.0992 -0.1182 1.459, 0.0892 -0.1063 1.4746, 0.0772 -0.092 1.4863, 0.0638 -0.076 1.4936, 0.083 -0.1438 1.4403, 0.0772 -0.1336 1.459, 0.0694 -0.1201 1.4746, 0.06 -0.104 1.4863, 0.0496 -0.086 1.4936, 0.0593 -0.1629 1.4195, 0.0568 -0.156 1.4403, 0.0528 -0.145 1.459, 0.0474 -0.1304 1.4746, 0.0411 -0.1128 1.4863, 0.034 -0.0933 1.4936, 0.0172 -0.0978 1.4936, 0.0208 -0.1182 1.4863, 0.0241 -0.1366 1.4746, 0.0268 -0.152 1.459, 0.0288 -0.1635 1.4403, 0.0 -0.166 1.4403, 0.0 -0.1543 1.459, 0.0 -0.1387 1.4746, 0.0 -0.1201 1.4863, 0.0 -0.0993 1.4936, -0.0301 -0.1707 1.4195, -0.0288 -0.1635 1.4403, -0.0268 -0.152 1.459, -0.0241 -0.1366 1.4746, -0.0208 -0.1182 1.4863, -0.0172 -0.0978 1.4936, -0.034 -0.0933 1.4936, -0.0411 -0.1128 1.4863, -0.0474 -0.1304 1.4746, -0.0528 -0.145 1.459, -0.0568 -0.156 1.4403, -0.1328 -0.1114 1.4195, -0.1272 -0.1067 1.4403, -0.1182 -0.0992 1.459, -0.1063 -0.0892 1.4746, -0.092 -0.0772 1.4863, -0.076 -0.0638 1.4936, -0.086 -0.0496 1.4936, -0.104 -0.06 1.4863, -0.1201 -0.0694 1.4746, -0.1336 -0.0772 1.459, -0.1438 -0.083 1.4403, -0.156 -0.0568 1.4403, -0.145 -0.0528 1.459, -0.1304 -0.0474 1.4746, -0.1128 -0.0411 1.4863, -0.0933 -0.034 1.4936, -0.1707 -0.0301 1.4195, -0.1635 -0.0288 1.4403, -0.152 -0.0268 1.459, -0.1366 -0.0241 1.4746, -0.1182 -0.0208 1.4863, -0.0978 -0.0172 1.4936, -0.0993 0.0 1.4936, -0.1201 0.0 1.4863, -0.1387 0.0 1.4746, -0.1543 0.0 1.459, -0.166 0.0 1.4403, -0.1733 0.0 1.4195, -0.0978 0.0172 1.4936, -0.1182 0.0208 1.4863, -0.1366 0.0241 1.4746, -0.152 0.0268 1.459, -0.1635 0.0288 1.4403, -0.156 0.0568 1.4403, -0.145 0.0528 1.459, -0.1304 0.0474 1.4746, -0.1128 0.0411 1.4863, -0.0933 0.034 1.4936, -0.1501 0.0867 1.4195, -0.1438 0.083 1.4403, -0.1336 0.0772 1.459, -0.1201 0.0694 1.4746, -0.104 0.06 1.4863, -0.086 0.0496 1.4936, -0.076 0.0638 1.4936, -0.092 0.0772 1.4863, -0.1063 0.0892 1.4746, -0.1182 0.0992 1.459, -0.1272 0.1067 1.4403, -0.1067 0.1272 1.4403, -0.0992 0.1182 1.459, -0.0892 0.1063 1.4746, -0.0772 0.092 1.4863, -0.0638 0.076 1.4936, -0.083 0.1438 1.4403, -0.0772 0.1336 1.459, -0.0694 0.1201 1.4746, -0.06 0.104 1.4863, -0.0496 0.086 1.4936, -0.0593 0.1629 1.4195, -0.0568 0.156 1.4403, -0.0528 0.145 1.459, -0.0474 0.1304 1.4746, -0.0411 0.1128 1.4863, -0.034 0.0933 1.4936, -0.0172 0.0978 1.4936, -0.0208 0.1182 1.4863, -0.0241 0.1366 1.4746, -0.0268 0.152 1.459, -0.0288 0.1635 1.4403, 0.0 0.166 1.4403, 0.0 0.1543 1.459, 0.0 0.1387 1.4746, 0.0 0.1201 1.4863, 0.0 0.0993 1.4936, 0.0301 0.1707 1.4195, 0.0288 0.1635 1.4403, 0.0268 0.152 1.459, 0.0241 0.1366 1.4746, 0.0208 0.1182 1.4863, 0.0172 0.0978 1.4936, 0.034 0.0933 1.4936, 0.0411 0.1128 1.4863, 0.0474 0.1304 1.4746, 0.0528 0.145 1.459, 0.0568 0.156 1.4403, 0.1328 0.1114 1.4195, 0.1272 0.1067 1.4403, 0.1182 0.0992 1.459, 0.1063 0.0892 1.4746, 0.092 0.0772 1.4863, 0.076 0.0638 1.4936, 0.086 0.0496 1.4936, 0.104 0.06 1.4863, 0.1201 0.0694 1.4746, 0.1336 0.0772 1.459, 0.1438 0.083 1.4403, 0.156 0.0568 1.4403, 0.145 0.0528 1.459, 0.1304 0.0474 1.4746, 0.1128 0.0411 1.4863, 0.0933 0.034 1.4936, 0.1707 0.0301 1.4195, 0.1635 0.0288 1.4403, 0.152 0.0268 1.459, 0.1366 0.0241 1.4746, 0.1182 0.0208 1.4863, 0.0978 0.0172 1.4936, 0.2842 0.0382 1.0411, 0.264 0.112 1.0411, 0.2251 0.1777 1.0411, 0.1701 0.2309 1.0411, 0.1378 0.2515 1.0411, 0.0665 0.279 1.0411, -0.0477 0.2828 1.0411, -0.1207 0.2602 1.0411, -0.1852 0.219 1.0411, -0.2127 0.1924 1.0411, -0.256 0.1294 1.0411, -0.2862 0.0192 1.0411, -0.2811 -0.0571 1.0411, -0.256 -0.1294 1.0411, -0.2365 -0.1623 1.0411, -0.1852 -0.219 1.0411, -0.085 -0.2739 1.0411, -0.0477 -0.2828 1.0411, -0.0096 -0.2866 1.0411, 0.0665 -0.279 1.0411, 0.1031 -0.2676 1.0411, 0.1701 -0.2309 1.0411, 0.2468 -0.1462 1.0411, 0.264 -0.112 1.0411, 0.1958 -0.116 1.1004, 0.2095 -0.0888 1.1004, 0.2248 -0.0953 1.0946, 0.2195 -0.0601 1.1004, 0.2355 -0.0645 1.0946, 0.2499 -0.0685 1.0852, 0.2255 -0.0303 1.1004, 0.242 -0.0325 1.0946, 0.2568 -0.0345 1.0852, 0.2692 -0.0362 1.0727, 0.2276 0.0 1.1004, 0.2442 0.0 1.0946, 0.2591 0.0 1.0852, 0.2716 0.0 1.0727, 0.281 0.0 1.0578, 0.2255 0.0303 1.1004, 0.242 0.0325 1.0946, 0.2568 0.0345 1.0852, 0.2692 0.0362 1.0727, 0.2785 0.0375 1.0578, 0.2785 -0.0375 1.0578, 0.2842 -0.0382 1.0411, 0.2868 0.0 1.0411, 0.2766 -0.0758 1.0411, 0.271 -0.0742 1.0578, 0.262 -0.0718 1.0727, 0.1582 -0.1636 1.1004, 0.135 -0.1832 1.1004, 0.1698 -0.1755 1.0946, 0.1449 -0.1966 1.0946, 0.1801 -0.1863 1.0852, 0.1537 -0.2086 1.0852, 0.1888 -0.1952 1.0727, 0.1611 -0.2187 1.0727, 0.1953 -0.202 1.0578, 0.1667 -0.2262 1.0578, 0.1994 -0.2062 1.0411, -0.1224 -0.1918 1.1004, -0.1469 -0.1738 1.1004, -0.1314 -0.2058 1.0946, -0.1577 -0.1865 1.0946, -0.1394 -0.2184 1.0852, -0.1673 -0.1979 1.0852, -0.1461 -0.2289 1.0727, -0.1754 -0.2074 1.0727, -0.1512 -0.2368 1.0578, -0.1814 -0.2146 1.0578, -0.1543 -0.2417 1.0411, -0.2271 -0.0152 1.1004, -0.2271 0.0152 1.1004, -0.2437 -0.0163 1.0946, -0.2437 0.0163 1.0946, -0.2586 -0.0173 1.0852, -0.2586 0.0173 1.0852, -0.271 -0.0181 1.0727, -0.271 0.0181 1.0727, -0.2804 -0.0188 1.0578, -0.2804 0.0188 1.0578, -0.2862 -0.0192 1.0411, -0.215 0.0746 1.1004, -0.2031 0.1026 1.1004, -0.2307 0.0801 1.0946, -0.218 0.1101 1.0946, -0.2448 0.085 1.0852, -0.2313 0.1169 1.0852, -0.2566 0.0891 1.0727, -0.2424 0.1225 1.0727, -0.2654 0.0922 1.0578, -0.2508 0.1267 1.0578, -0.2709 0.0941 1.0411, -0.0674 0.2173 1.1004, -0.0379 0.2244 1.1004, -0.0724 0.2332 1.0946, -0.0406 0.2408 1.0946, -0.0768 0.2475 1.0852, -0.0431 0.2555 1.0852, -0.0805 0.2594 1.0727, -0.0452 0.2678 1.0727, -0.0832 0.2684 1.0578, -0.0467 0.2771 1.0578, -0.085 0.2739 1.0411, 0.0228 0.2264 1.1004, 0.0528 0.2214 1.1004, 0.0244 0.243 1.0946, 0.0566 0.2376 1.0946, 0.0259 0.2578 1.0852, 0.0601 0.2521 1.0852, 0.0272 0.2702 1.0727, 0.063 0.2642 1.0727, 0.0281 0.2796 1.0578, 0.0651 0.2733 1.0578, 0.0287 0.2854 1.0411, 0.1958 0.116 1.1004, 0.2095 0.0888 1.1004, 0.2101 0.1245 1.0946, 0.2248 0.0953 1.0946, 0.223 0.1321 1.0852, 0.2386 0.1012 1.0852, 0.2337 0.1384 1.0727, 0.25 0.106 1.0727, 0.2418 0.1432 1.0578, 0.2587 0.1097 1.0578, 0.2468 0.1462 1.0411, 0.2587 -0.1097 1.0578, 0.25 -0.106 1.0727, 0.2386 -0.1012 1.0852, 0.2418 -0.1432 1.0578, 0.2337 -0.1384 1.0727, 0.223 -0.1321 1.0852, 0.2101 -0.1245 1.0946, 0.2251 -0.1777 1.0411, 0.2205 -0.1741 1.0578, 0.2132 -0.1683 1.0727, 0.2034 -0.1606 1.0852, 0.1917 -0.1513 1.0946, 0.1786 -0.141 1.1004, 0.1378 -0.2515 1.0411, 0.135 -0.2464 1.0578, 0.1305 -0.2382 1.0727, 0.1245 -0.2272 1.0852, 0.1174 -0.2142 1.0946, 0.1094 -0.1996 1.1004, 0.0818 -0.2124 1.1004, 0.0878 -0.2279 1.0946, 0.0931 -0.2418 1.0852, 0.0976 -0.2535 1.0727, 0.101 -0.2622 1.0578, 0.0651 -0.2733 1.0578, 0.063 -0.2642 1.0727, 0.0601 -0.2521 1.0852, 0.0566 -0.2376 1.0946, 0.0528 -0.2214 1.1004, 0.0287 -0.2854 1.0411, 0.0281 -0.2796 1.0578, 0.0272 -0.2702 1.0727, 0.0259 -0.2578 1.0852, 0.0244 -0.243 1.0946, 0.0228 -0.2264 1.1004, -0.0076 -0.2274 1.1004, -0.0082 -0.2441 1.0946, -0.0087 -0.259 1.0852, -0.0091 -0.2714 1.0727, -0.0094 -0.2808 1.0578, -0.0467 -0.2771 1.0578, -0.0452 -0.2678 1.0727, -0.0431 -0.2555 1.0852, -0.0406 -0.2408 1.0946, -0.0379 -0.2244 1.1004, -0.0832 -0.2684 1.0578, -0.0805 -0.2594 1.0727, -0.0768 -0.2475 1.0852, -0.0724 -0.2332 1.0946, -0.0674 -0.2173 1.1004, -0.1207 -0.2602 1.0411, -0.1183 -0.2549 1.0578, -0.1143 -0.2464 1.0727, -0.1091 -0.2351 1.0852, -0.1028 -0.2215 1.0946, -0.0958 -0.2064 1.1004, -0.2127 -0.1924 1.0411, -0.2084 -0.1885 1.0578, -0.2014 -0.1822 1.0727, -0.1922 -0.1738 1.0852, -0.1811 -0.1638 1.0946, -0.1688 -0.1526 1.1004, -0.1876 -0.1288 1.1004, -0.2013 -0.1382 1.0946, -0.2136 -0.1467 1.0852, -0.2239 -0.1537 1.0727, -0.2317 -0.159 1.0578, -0.2508 -0.1267 1.0578, -0.2424 -0.1225 1.0727, -0.2313 -0.1169 1.0852, -0.218 -0.1101 1.0946, -0.2031 -0.1026 1.1004, -0.2709 -0.0941 1.0411, -0.2654 -0.0922 1.0578, -0.2566 -0.0891 1.0727, -0.2448 -0.085 1.0852, -0.2307 -0.0801 1.0946, -0.215 -0.0746 1.1004, -0.223 -0.0453 1.1004, -0.2393 -0.0486 1.0946, -0.2539 -0.0516 1.0852, -0.2662 -0.0541 1.0727, -0.2754 -0.056 1.0578, -0.2811 0.0571 1.0411, -0.2754 0.056 1.0578, -0.2662 0.0541 1.0727, -0.2539 0.0516 1.0852, -0.2393 0.0486 1.0946, -0.223 0.0453 1.1004, -0.2365 0.1623 1.0411, -0.2317 0.159 1.0578, -0.2239 0.1537 1.0727, -0.2136 0.1467 1.0852, -0.2013 0.1382 1.0946, -0.1876 0.1288 1.1004, -0.1688 0.1526 1.1004, -0.1811 0.1638 1.0946, -0.1922 0.1738 1.0852, -0.2014 0.1822 1.0727, -0.2084 0.1885 1.0578, -0.1814 0.2146 1.0578, -0.1754 0.2074 1.0727, -0.1673 0.1979 1.0852, -0.1577 0.1865 1.0946, -0.1469 0.1738 1.1004, -0.1543 0.2417 1.0411, -0.1512 0.2368 1.0578, -0.1461 0.2289 1.0727, -0.1394 0.2184 1.0852, -0.1314 0.2058 1.0946, -0.1224 0.1918 1.1004, -0.0958 0.2064 1.1004, -0.1028 0.2215 1.0946, -0.1091 0.2351 1.0852, -0.1143 0.2464 1.0727, -0.1183 0.2549 1.0578, -0.0096 0.2866 1.0411, -0.0094 0.2808 1.0578, -0.0091 0.2714 1.0727, -0.0087 0.259 1.0852, -0.0082 0.2441 1.0946, -0.0076 0.2274 1.1004, 0.1031 0.2676 1.0411, 0.101 0.2622 1.0578, 0.0976 0.2535 1.0727, 0.0931 0.2418 1.0852, 0.0878 0.2279 1.0946, 0.0818 0.2124 1.1004, 0.1094 0.1996 1.1004, 0.1174 0.2142 1.0946, 0.1245 0.2272 1.0852, 0.1305 0.2382 1.0727, 0.135 0.2464 1.0578, 0.1667 0.2262 1.0578, 0.1611 0.2187 1.0727, 0.1537 0.2086 1.0852, 0.1449 0.1966 1.0946, 0.135 0.1832 1.1004, 0.1994 0.2062 1.0411, 0.1953 0.202 1.0578, 0.1888 0.1952 1.0727, 0.1801 0.1863 1.0852, 0.1698 0.1755 1.0946, 0.1582 0.1636 1.1004, 0.1786 0.141 1.1004, 0.1917 0.1513 1.0946, 0.2034 0.1606 1.0852, 0.2132 0.1683 1.0727, 0.2205 0.1741 1.0578, 0.2766 0.0758 1.0411, 0.271 0.0742 1.0578, 0.262 0.0718 1.0727, 0.2499 0.0685 1.0852, 0.2355 0.0645 1.0946, 0.2195 0.0601 1.1004, 0.287 0.0274 0.2953, 0.2863 0.0377 0.2953, 0.2914 0.0384 0.2959, 0.2767 0.0812 0.2953, 0.2668 0.1105 0.2953, 0.2715 0.1125 0.2959, 0.2268 0.1784 0.2953, 0.2042 0.2042 0.2953, 0.2078 0.2078 0.2959, 0.1887 0.2178 0.2953, 0.1758 0.2291 0.2953, 0.1789 0.2331 0.2959, 0.0943 0.2723 0.2953, 0.0747 0.2789 0.2953, 0.0761 0.2839 0.2959, -0.0137 0.2879 0.2953, -0.0377 0.2863 0.2953, -0.0384 0.2914 0.2959, -0.1197 0.2622 0.2953, -0.1444 0.2501 0.2953, -0.1469 0.2545 0.2959, -0.2087 0.199 0.2953, -0.2291 0.1758 0.2953, -0.2331 0.1789 0.2959, -0.2679 0.1073 0.2953, -0.2789 0.0747 0.2953, -0.2839 0.0761 0.2959, -0.283 0.0545 0.2953, -0.2863 0.0377 0.2953, -0.2914 0.0384 0.2959, -0.283 -0.0545 0.2953, -0.2789 -0.0747 0.2953, -0.2839 -0.0761 0.2959, -0.2425 -0.1558 0.2953, -0.2291 -0.1758 0.2953, -0.2331 -0.1789 0.2959, -0.1672 -0.2348 0.2953, -0.1444 -0.2501 0.2953, -0.1469 -0.2545 0.2959, -0.068 -0.2803 0.2953, -0.0377 -0.2863 0.2953, -0.0384 -0.2914 0.2959, 0.0411 -0.2856 0.2953, 0.0747 -0.2789 0.2953, 0.0761 -0.2839 0.2959, 0.0943 -0.2723 0.2953, 0.1105 -0.2668 0.2953, 0.1125 -0.2715 0.2959, 0.1887 -0.2178 0.2953, 0.2042 -0.2042 0.2953, 0.2078 -0.2078 0.2959, 0.2562 -0.1321 0.2953, 0.2668 -0.1105 0.2953, 0.2715 -0.1125 0.2959, 0.1493 -0.2586 0.332, 0.1469 -0.2545 0.334, 0.1125 -0.2715 0.334, 0.2839 0.0761 0.334, 0.2331 0.1789 0.334, 0.1125 0.2715 0.334, 0.0761 0.2839 0.334, 0.0 0.2939 0.334, -0.1125 0.2715 0.334, -0.2078 0.2078 0.334, -0.2715 0.1125 0.334, -0.2914 -0.0384 0.334, -0.2839 -0.0761 0.334, -0.2545 -0.1469 0.334, -0.1789 -0.2331 0.334, -0.0761 -0.2839 0.334, 0.0384 -0.2914 0.334, 0.1789 -0.2331 0.334, 0.2078 -0.2078 0.334, 0.2545 -0.1469 0.334, 0.2914 -0.0384 0.334, 0.1818 -0.2369 0.332, 0.1843 -0.2401 0.3289, 0.2112 -0.2112 0.332, 0.214 -0.214 0.3289, 0.2163 -0.2163 0.3248, 0.2331 -0.1789 0.334, 0.2369 -0.1818 0.332, 0.2401 -0.1843 0.3289, 0.2426 -0.1862 0.3248, 0.2442 -0.1874 0.3201, 0.2586 -0.1493 0.332, 0.2621 -0.1513 0.3289, 0.2649 -0.1529 0.3248, 0.2666 -0.1539 0.3201, 0.2671 -0.1542 0.315, 0.2715 -0.1125 0.334, 0.2759 -0.1143 0.332, 0.2797 -0.1158 0.3289, 0.2825 -0.117 0.3248, 0.2844 -0.1178 0.3201, 0.285 -0.118 0.315, 0.2844 -0.1178 0.3099, 0.2839 -0.0761 0.334, 0.2884 -0.0773 0.332, 0.2924 -0.0783 0.3289, 0.2954 -0.0792 0.3248, 0.2973 -0.0797 0.3201, 0.298 -0.0798 0.315, 0.2973 -0.0797 0.3099, 0.2954 -0.0792 0.3051, 0.2961 -0.039 0.332, 0.3001 -0.0395 0.3289, 0.3032 -0.0399 0.3248, 0.3052 -0.0402 0.3201, 0.3058 -0.0403 0.315, 0.3052 -0.0402 0.3099, 0.3032 -0.0399 0.3051, 0.3001 -0.0395 0.301, 0.2939 0.0 0.334, 0.2986 0.0 0.332, 0.3027 0.0 0.3289, 0.3058 0.0 0.3248, 0.3078 0.0 0.3201, 0.3085 0.0 0.315, 0.3078 0.0 0.3099, 0.3058 0.0 0.3051, 0.3027 0.0 0.301, 0.2986 0.0 0.2979, 0.2914 0.0384 0.334, 0.2961 0.039 0.332, 0.3001 0.0395 0.3289, 0.3032 0.0399 0.3248, 0.3052 0.0402 0.3201, 0.3058 0.0403 0.315, 0.3052 0.0402 0.3099, 0.3032 0.0399 0.3051, 0.3001 0.0395 0.301, 0.2961 0.039 0.2979, 0.2961 -0.039 0.2979, 0.2914 -0.0384 0.2959, 0.2939 0.0 0.2959, 0.2839 -0.0761 0.2959, 0.2759 -0.1143 0.2979, 0.2884 -0.0773 0.2979, 0.2797 -0.1158 0.301, 0.2924 -0.0783 0.301, 0.2825 -0.117 0.3051, 0.2331 -0.1789 0.2959, 0.2112 -0.2112 0.2979, 0.2369 -0.1818 0.2979, 0.214 -0.214 0.301, 0.2401 -0.1843 0.301, 0.2163 -0.2163 0.3051, 0.2426 -0.1862 0.3051, 0.2176 -0.2176 0.3099, 0.2442 -0.1874 0.3099, 0.2181 -0.2181 0.315, 0.2447 -0.1878 0.315, 0.2176 -0.2176 0.3201, 0.0 -0.2939 0.334, -0.0384 -0.2914 0.334, 0.0 -0.2986 0.332, -0.039 -0.2961 0.332, 0.0 -0.3027 0.3289, -0.0395 -0.3001 0.3289, 0.0 -0.3058 0.3248, -0.0399 -0.3032 0.3248, 0.0 -0.3078 0.3201, -0.0402 -0.3052 0.3201, 0.0 -0.3085 0.315, -0.0403 -0.3058 0.315, 0.0 -0.3078 0.3099, -0.0402 -0.3052 0.3099, 0.0 -0.3058 0.3051, -0.0399 -0.3032 0.3051, 0.0 -0.3027 0.301, -0.0395 -0.3001 0.301, 0.0 -0.2986 0.2979, -0.039 -0.2961 0.2979, 0.0 -0.2939 0.2959, -0.1125 -0.2715 0.334, -0.1469 -0.2545 0.334, -0.1143 -0.2759 0.332, -0.1493 -0.2586 0.332, -0.1158 -0.2797 0.3289, -0.1513 -0.2621 0.3289, -0.117 -0.2825 0.3248, -0.1529 -0.2649 0.3248, -0.1178 -0.2844 0.3201, -0.1539 -0.2666 0.3201, -0.118 -0.285 0.315, -0.1542 -0.2671 0.315, -0.1178 -0.2844 0.3099, -0.1539 -0.2666 0.3099, -0.117 -0.2825 0.3051, -0.1529 -0.2649 0.3051, -0.1158 -0.2797 0.301, -0.1513 -0.2621 0.301, -0.1143 -0.2759 0.2979, -0.1493 -0.2586 0.2979, -0.1125 -0.2715 0.2959, -0.2078 -0.2078 0.334, -0.2331 -0.1789 0.334, -0.2112 -0.2112 0.332, -0.2369 -0.1818 0.332, -0.214 -0.214 0.3289, -0.2401 -0.1843 0.3289, -0.2163 -0.2163 0.3248, -0.2426 -0.1862 0.3248, -0.2176 -0.2176 0.3201, -0.2442 -0.1874 0.3201, -0.2181 -0.2181 0.315, -0.2447 -0.1878 0.315, -0.2176 -0.2176 0.3099, -0.2442 -0.1874 0.3099, -0.2163 -0.2163 0.3051, -0.2426 -0.1862 0.3051, -0.214 -0.214 0.301, -0.2401 -0.1843 0.301, -0.2112 -0.2112 0.2979, -0.2369 -0.1818 0.2979, -0.2078 -0.2078 0.2959, -0.2715 -0.1125 0.334, -0.2759 -0.1143 0.332, -0.2884 -0.0773 0.332, -0.2797 -0.1158 0.3289, -0.2924 -0.0783 0.3289, -0.2825 -0.117 0.3248, -0.2954 -0.0792 0.3248, -0.2844 -0.1178 0.3201, -0.2973 -0.0797 0.3201, -0.285 -0.118 0.315, -0.298 -0.0798 0.315, -0.2844 -0.1178 0.3099, -0.2973 -0.0797 0.3099, -0.2825 -0.117 0.3051, -0.2954 -0.0792 0.3051, -0.2797 -0.1158 0.301, -0.2924 -0.0783 0.301, -0.2759 -0.1143 0.2979, -0.2884 -0.0773 0.2979, -0.2715 -0.1125 0.2959, -0.2545 0.1469 0.334, -0.2331 0.1789 0.334, -0.2586 0.1493 0.332, -0.2369 0.1818 0.332, -0.2621 0.1513 0.3289, -0.2401 0.1843 0.3289, -0.2649 0.1529 0.3248, -0.2426 0.1862 0.3248, -0.2666 0.1539 0.3201, -0.2442 0.1874 0.3201, -0.2671 0.1542 0.315, -0.2447 0.1878 0.315, -0.2666 0.1539 0.3099, -0.2442 0.1874 0.3099, -0.2649 0.1529 0.3051, -0.2426 0.1862 0.3051, -0.2621 0.1513 0.301, -0.2401 0.1843 0.301, -0.2586 0.1493 0.2979, -0.2369 0.1818 0.2979, -0.2545 0.1469 0.2959, -0.1789 0.2331 0.334, -0.1469 0.2545 0.334, -0.1818 0.2369 0.332, -0.1493 0.2586 0.332, -0.1843 0.2401 0.3289, -0.1513 0.2621 0.3289, -0.1862 0.2426 0.3248, -0.1529 0.2649 0.3248, -0.1874 0.2442 0.3201, -0.1539 0.2666 0.3201, -0.1878 0.2447 0.315, -0.1542 0.2671 0.315, -0.1874 0.2442 0.3099, -0.1539 0.2666 0.3099, -0.1862 0.2426 0.3051, -0.1529 0.2649 0.3051, -0.1843 0.2401 0.301, -0.1513 0.2621 0.301, -0.1818 0.2369 0.2979, -0.1493 0.2586 0.2979, -0.1789 0.2331 0.2959, -0.0761 0.2839 0.334, -0.0384 0.2914 0.334, -0.0773 0.2884 0.332, -0.039 0.2961 0.332, -0.0783 0.2924 0.3289, -0.0395 0.3001 0.3289, -0.0792 0.2954 0.3248, -0.0399 0.3032 0.3248, -0.0797 0.2973 0.3201, -0.0402 0.3052 0.3201, -0.0798 0.298 0.315, -0.0403 0.3058 0.315, -0.0797 0.2973 0.3099, -0.0402 0.3052 0.3099, -0.0792 0.2954 0.3051, -0.0399 0.3032 0.3051, -0.0783 0.2924 0.301, -0.0395 0.3001 0.301, -0.0773 0.2884 0.2979, -0.039 0.2961 0.2979, -0.0761 0.2839 0.2959, 0.0384 0.2914 0.334, 0.039 0.2961 0.332, 0.0773 0.2884 0.332, 0.0395 0.3001 0.3289, 0.0783 0.2924 0.3289, 0.0399 0.3032 0.3248, 0.0792 0.2954 0.3248, 0.0402 0.3052 0.3201, 0.0797 0.2973 0.3201, 0.0403 0.3058 0.315, 0.0798 0.298 0.315, 0.0402 0.3052 0.3099, 0.0797 0.2973 0.3099, 0.0399 0.3032 0.3051, 0.0792 0.2954 0.3051, 0.0395 0.3001 0.301, 0.0783 0.2924 0.301, 0.039 0.2961 0.2979, 0.0773 0.2884 0.2979, 0.0384 0.2914 0.2959, 0.2545 0.1469 0.334, 0.2715 0.1125 0.334, 0.2586 0.1493 0.332, 0.2759 0.1143 0.332, 0.2621 0.1513 0.3289, 0.2797 0.1158 0.3289, 0.2649 0.1529 0.3248, 0.2825 0.117 0.3248, 0.2666 0.1539 0.3201, 0.2844 0.1178 0.3201, 0.2671 0.1542 0.315, 0.285 0.118 0.315, 0.2666 0.1539 0.3099, 0.2844 0.1178 0.3099, 0.2649 0.1529 0.3051, 0.2825 0.117 0.3051, 0.2621 0.1513 0.301, 0.2797 0.1158 0.301, 0.2586 0.1493 0.2979, 0.2759 0.1143 0.2979, 0.2545 0.1469 0.2959, 0.2888 0.0 0.2953, 0.287 -0.0274 0.2953, 0.2863 -0.0377 0.2953, 0.2789 -0.0747 0.2953, 0.2767 -0.0812 0.2953, 0.2501 -0.1444 0.2953, 0.2545 -0.1469 0.2959, 0.2586 -0.1493 0.2979, 0.2621 -0.1513 0.301, 0.2649 -0.1529 0.3051, 0.2666 -0.1539 0.3099, 0.2291 -0.1758 0.2953, 0.2268 -0.1784 0.2953, 0.1758 -0.2291 0.2953, 0.1789 -0.2331 0.2959, 0.1818 -0.2369 0.2979, 0.1843 -0.2401 0.301, 0.1862 -0.2426 0.3051, 0.1874 -0.2442 0.3099, 0.1878 -0.2447 0.315, 0.1874 -0.2442 0.3201, 0.1862 -0.2426 0.3248, 0.1444 -0.2501 0.2953, 0.1469 -0.2545 0.2959, 0.1493 -0.2586 0.2979, 0.1513 -0.2621 0.301, 0.1529 -0.2649 0.3051, 0.1539 -0.2666 0.3099, 0.1542 -0.2671 0.315, 0.1539 -0.2666 0.3201, 0.1529 -0.2649 0.3248, 0.1513 -0.2621 0.3289, 0.1143 -0.2759 0.2979, 0.1158 -0.2797 0.301, 0.117 -0.2825 0.3051, 0.1178 -0.2844 0.3099, 0.118 -0.285 0.315, 0.1178 -0.2844 0.3201, 0.117 -0.2825 0.3248, 0.1158 -0.2797 0.3289, 0.1143 -0.2759 0.332, 0.0773 -0.2884 0.2979, 0.0783 -0.2924 0.301, 0.0792 -0.2954 0.3051, 0.0797 -0.2973 0.3099, 0.0798 -0.298 0.315, 0.0797 -0.2973 0.3201, 0.0792 -0.2954 0.3248, 0.0783 -0.2924 0.3289, 0.0773 -0.2884 0.332, 0.0761 -0.2839 0.334, 0.0377 -0.2863 0.2953, 0.0384 -0.2914 0.2959, 0.039 -0.2961 0.2979, 0.0395 -0.3001 0.301, 0.0399 -0.3032 0.3051, 0.0402 -0.3052 0.3099, 0.0403 -0.3058 0.315, 0.0402 -0.3052 0.3201, 0.0399 -0.3032 0.3248, 0.0395 -0.3001 0.3289, 0.039 -0.2961 0.332, 0.0 -0.2888 0.2953, -0.0137 -0.2879 0.2953, -0.0747 -0.2789 0.2953, -0.0761 -0.2839 0.2959, -0.0773 -0.2884 0.2979, -0.0783 -0.2924 0.301, -0.0792 -0.2954 0.3051, -0.0797 -0.2973 0.3099, -0.0798 -0.298 0.315, -0.0797 -0.2973 0.3201, -0.0792 -0.2954 0.3248, -0.0783 -0.2924 0.3289, -0.0773 -0.2884 0.332, -0.1105 -0.2668 0.2953, -0.1197 -0.2622 0.2953, -0.1758 -0.2291 0.2953, -0.1789 -0.2331 0.2959, -0.1818 -0.2369 0.2979, -0.1843 -0.2401 0.301, -0.1862 -0.2426 0.3051, -0.1874 -0.2442 0.3099, -0.1878 -0.2447 0.315, -0.1874 -0.2442 0.3201, -0.1862 -0.2426 0.3248, -0.1843 -0.2401 0.3289, -0.1818 -0.2369 0.332, -0.2042 -0.2042 0.2953, -0.2087 -0.199 0.2953, -0.2501 -0.1444 0.2953, -0.2545 -0.1469 0.2959, -0.2586 -0.1493 0.2979, -0.2621 -0.1513 0.301, -0.2649 -0.1529 0.3051, -0.2666 -0.1539 0.3099, -0.2671 -0.1542 0.315, -0.2666 -0.1539 0.3201, -0.2649 -0.1529 0.3248, -0.2621 -0.1513 0.3289, -0.2586 -0.1493 0.332, -0.2668 -0.1105 0.2953, -0.2679 -0.1073 0.2953, -0.2863 -0.0377 0.2953, -0.2914 -0.0384 0.2959, -0.2961 -0.039 0.2979, -0.3001 -0.0395 0.301, -0.3032 -0.0399 0.3051, -0.3052 -0.0402 0.3099, -0.3058 -0.0403 0.315, -0.3052 -0.0402 0.3201, -0.3032 -0.0399 0.3248, -0.3001 -0.0395 0.3289, -0.2961 -0.039 0.332, -0.2939 0.0 0.334, -0.2986 0.0 0.332, -0.3027 0.0 0.3289, -0.3058 0.0 0.3248, -0.3078 0.0 0.3201, -0.3085 0.0 0.315, -0.3078 0.0 0.3099, -0.3058 0.0 0.3051, -0.3027 0.0 0.301, -0.2986 0.0 0.2979, -0.2939 0.0 0.2959, -0.2888 0.0 0.2953, -0.2914 0.0384 0.334, -0.2961 0.039 0.332, -0.3001 0.0395 0.3289, -0.3032 0.0399 0.3248, -0.3052 0.0402 0.3201, -0.3058 0.0403 0.315, -0.3052 0.0402 0.3099, -0.3032 0.0399 0.3051, -0.3001 0.0395 0.301, -0.2961 0.039 0.2979, -0.2839 0.0761 0.334, -0.2884 0.0773 0.332, -0.2924 0.0783 0.3289, -0.2954 0.0792 0.3248, -0.2973 0.0797 0.3201, -0.298 0.0798 0.315, -0.2973 0.0797 0.3099, -0.2954 0.0792 0.3051, -0.2924 0.0783 0.301, -0.2884 0.0773 0.2979, -0.2668 0.1105 0.2953, -0.2715 0.1125 0.2959, -0.2759 0.1143 0.2979, -0.2797 0.1158 0.301, -0.2825 0.117 0.3051, -0.2844 0.1178 0.3099, -0.285 0.118 0.315, -0.2844 0.1178 0.3201, -0.2825 0.117 0.3248, -0.2797 0.1158 0.3289, -0.2759 0.1143 0.332, -0.2501 0.1444 0.2953, -0.2425 0.1558 0.2953, -0.2042 0.2042 0.2953, -0.2078 0.2078 0.2959, -0.2112 0.2112 0.2979, -0.214 0.214 0.301, -0.2163 0.2163 0.3051, -0.2176 0.2176 0.3099, -0.2181 0.2181 0.315, -0.2176 0.2176 0.3201, -0.2163 0.2163 0.3248, -0.214 0.214 0.3289, -0.2112 0.2112 0.332, -0.1758 0.2291 0.2953, -0.1672 0.2348 0.2953, -0.1105 0.2668 0.2953, -0.1125 0.2715 0.2959, -0.1143 0.2759 0.2979, -0.1158 0.2797 0.301, -0.117 0.2825 0.3051, -0.1178 0.2844 0.3099, -0.118 0.285 0.315, -0.1178 0.2844 0.3201, -0.117 0.2825 0.3248, -0.1158 0.2797 0.3289, -0.1143 0.2759 0.332, -0.0747 0.2789 0.2953, -0.068 0.2803 0.2953, 0.0 0.2888 0.2953, 0.0 0.2939 0.2959, 0.0 0.2986 0.2979, 0.0 0.3027 0.301, 0.0 0.3058 0.3051, 0.0 0.3078 0.3099, 0.0 0.3085 0.315, 0.0 0.3078 0.3201, 0.0 0.3058 0.3248, 0.0 0.3027 0.3289, 0.0 0.2986 0.332, 0.0377 0.2863 0.2953, 0.0411 0.2856 0.2953, 0.1105 0.2668 0.2953, 0.1125 0.2715 0.2959, 0.1143 0.2759 0.2979, 0.1158 0.2797 0.301, 0.117 0.2825 0.3051, 0.1178 0.2844 0.3099, 0.118 0.285 0.315, 0.1178 0.2844 0.3201, 0.117 0.2825 0.3248, 0.1158 0.2797 0.3289, 0.1143 0.2759 0.332, 0.1469 0.2545 0.334, 0.1493 0.2586 0.332, 0.1513 0.2621 0.3289, 0.1529 0.2649 0.3248, 0.1539 0.2666 0.3201, 0.1542 0.2671 0.315, 0.1539 0.2666 0.3099, 0.1529 0.2649 0.3051, 0.1513 0.2621 0.301, 0.1493 0.2586 0.2979, 0.1469 0.2545 0.2959, 0.1444 0.2501 0.2953, 0.1789 0.2331 0.334, 0.1818 0.2369 0.332, 0.1843 0.2401 0.3289, 0.1862 0.2426 0.3248, 0.1874 0.2442 0.3201, 0.1878 0.2447 0.315, 0.1874 0.2442 0.3099, 0.1862 0.2426 0.3051, 0.1843 0.2401 0.301, 0.1818 0.2369 0.2979, 0.2078 0.2078 0.334, 0.2112 0.2112 0.332, 0.214 0.214 0.3289, 0.2163 0.2163 0.3248, 0.2176 0.2176 0.3201, 0.2181 0.2181 0.315, 0.2176 0.2176 0.3099, 0.2163 0.2163 0.3051, 0.214 0.214 0.301, 0.2112 0.2112 0.2979, 0.2291 0.1758 0.2953, 0.2331 0.1789 0.2959, 0.2369 0.1818 0.2979, 0.2401 0.1843 0.301, 0.2426 0.1862 0.3051, 0.2442 0.1874 0.3099, 0.2447 0.1878 0.315, 0.2442 0.1874 0.3201, 0.2426 0.1862 0.3248, 0.2401 0.1843 0.3289, 0.2369 0.1818 0.332, 0.2501 0.1444 0.2953, 0.2562 0.1321 0.2953, 0.2789 0.0747 0.2953, 0.2839 0.0761 0.2959, 0.2884 0.0773 0.2979, 0.2924 0.0783 0.301, 0.2954 0.0792 0.3051, 0.2973 0.0797 0.3099, 0.298 0.0798 0.315, 0.2973 0.0797 0.3201, 0.2954 0.0792 0.3248, 0.2924 0.0783 0.3289, 0.2884 0.0773 0.332, 0.1715 0.0 -0.3937, 0.1665 -0.041 -0.3937, 0.0 0.0 -0.3937, 0.1665 0.041 -0.3937, 0.0974 0.1411 -0.3937, 0.1283 0.1137 -0.3937, 0.1518 0.0797 -0.3937, -0.0207 0.1702 -0.3937, 0.0207 0.1702 -0.3937, 0.0608 0.1603 -0.3937, -0.1283 0.1137 -0.3937, -0.0974 0.1411 -0.3937, -0.0608 0.1603 -0.3937, -0.1715 0.0 -0.3937, -0.1665 0.041 -0.3937, -0.1518 0.0797 -0.3937, -0.1283 -0.1137 -0.3937, -0.1518 -0.0797 -0.3937, -0.1665 -0.041 -0.3937, -0.0207 -0.1702 -0.3937, -0.0608 -0.1603 -0.3937, -0.0974 -0.1411 -0.3937, 0.0974 -0.1411 -0.3937, 0.0608 -0.1603 -0.3937, 0.0207 -0.1702 -0.3937, 0.1518 -0.0797 -0.3937, 0.1283 -0.1137 -0.3937, -0.1665 0.041 -0.0787, -0.1518 0.0797 -0.0787, -0.1283 0.1137 -0.0787, -0.0974 0.1411 -0.0787, -0.0608 0.1603 -0.0787, -0.0207 0.1702 -0.0787, 0.0207 0.1702 -0.0787, 0.0608 0.1603 -0.0787, 0.0974 0.1411 -0.0787, 0.1283 0.1137 -0.0787, 0.1518 0.0797 -0.0787, 0.1665 0.041 -0.0787, 0.1715 0.0 -0.0787, 0.1665 -0.041 -0.0787, 0.1518 -0.0797 -0.0787, 0.1283 -0.1137 -0.0787, 0.0974 -0.1411 -0.0787, 0.0608 -0.1603 -0.0787, 0.0207 -0.1702 -0.0787, -0.0207 -0.1702 -0.0787, -0.0608 -0.1603 -0.0787, -0.0974 -0.1411 -0.0787, -0.1283 -0.1137 -0.0787, -0.1518 -0.0797 -0.0787, -0.1665 -0.041 -0.0787, -0.1715 0.0 -0.0787, -0.361 -0.1239 -0.0787, -0.3765 -0.0628 -0.0787, -0.3817 0.0 -0.0787, -0.2585 -0.2808 -0.0787, -0.3012 -0.2344 -0.0787, -0.3357 -0.1817 -0.0787, 0.0937 -0.37 -0.0787, 0.0315 -0.3804 -0.0787, -0.0315 -0.3804 -0.0787, -0.0937 -0.37 -0.0787, -0.1533 -0.3495 -0.0787, -0.2088 -0.3195 -0.0787, 0.2585 -0.2808 -0.0787, 0.2088 -0.3195 -0.0787, 0.1533 -0.3495 -0.0787, 0.2585 0.2808 -0.0787, 0.3012 0.2344 -0.0787, 0.3357 0.1817 -0.0787, 0.361 0.1239 -0.0787, 0.3765 0.0628 -0.0787, 0.3817 0.0 -0.0787, 0.3765 -0.0628 -0.0787, 0.361 -0.1239 -0.0787, 0.3357 -0.1817 -0.0787, 0.3012 -0.2344 -0.0787, 0.0937 0.37 -0.0787, 0.1533 0.3495 -0.0787, 0.2088 0.3195 -0.0787, -0.3765 0.0628 -0.0787, -0.361 0.1239 -0.0787, -0.3357 0.1817 -0.0787, -0.0937 0.37 -0.0787, -0.0315 0.3804 -0.0787, 0.0315 0.3804 -0.0787, -0.3012 0.2344 -0.0787, -0.2585 0.2808 -0.0787, -0.2088 0.3195 -0.0787, -0.1533 0.3495 -0.0787, -0.3765 0.0628 0.0787, -0.361 0.1239 0.0787, -0.3357 0.1817 0.0787, -0.3012 0.2344 0.0787, -0.2585 0.2808 0.0787, -0.2088 0.3195 0.0787, -0.1533 0.3495 0.0787, -0.0937 0.37 0.0787, -0.0315 0.3804 0.0787, 0.0315 0.3804 0.0787, 0.0937 0.37 0.0787, 0.1533 0.3495 0.0787, 0.2088 0.3195 0.0787, 0.2585 0.2808 0.0787, 0.3012 0.2344 0.0787, 0.3357 0.1817 0.0787, 0.361 0.1239 0.0787, 0.3765 0.0628 0.0787, 0.3817 0.0 0.0787, 0.3765 -0.0628 0.0787, 0.361 -0.1239 0.0787, 0.3357 -0.1817 0.0787, 0.3012 -0.2344 0.0787, 0.2585 -0.2808 0.0787, 0.2088 -0.3195 0.0787, 0.1533 -0.3495 0.0787, 0.0937 -0.37 0.0787, 0.0315 -0.3804 0.0787, -0.0315 -0.3804 0.0787, -0.0937 -0.37 0.0787, -0.1533 -0.3495 0.0787, -0.2088 -0.3195 0.0787, -0.2585 -0.2808 0.0787, -0.3012 -0.2344 0.0787, -0.3357 -0.1817 0.0787, -0.361 -0.1239 0.0787, -0.3765 -0.0628 0.0787, -0.3817 0.0 0.0787, -0.2429 -0.1561 0.0787, -0.209 -0.1993 0.0787, -0.1675 -0.2352 0.0787, -0.12 -0.2627 0.0787, -0.0681 -0.2806 0.0787, -0.0137 -0.2885 0.0787, 0.0411 -0.2858 0.0787, -0.209 0.1993 0.0787, -0.2429 0.1561 0.0787, -0.2681 0.1073 0.0787, -0.2836 0.0547 0.0787, -0.2888 0.0 0.0787, -0.2836 -0.0547 0.0787, -0.2681 -0.1073 0.0787, 0.0945 0.2729 0.0787, 0.0411 0.2858 0.0787, -0.0137 0.2885 0.0787, -0.0681 0.2806 0.0787, -0.12 0.2627 0.0787, -0.1675 0.2352 0.0787, 0.0945 -0.2729 0.0787, 0.1444 -0.2501 0.0787, 0.1891 -0.2182 0.0787, 0.227 -0.1785 0.0787, 0.2567 -0.1323 0.0787, 0.2771 -0.0814 0.0787, 0.2875 -0.0275 0.0787, 0.2888 0.0 0.0787, 0.2875 0.0275 0.0787, 0.2771 0.0814 0.0787, 0.2567 0.1323 0.0787, 0.227 0.1785 0.0787, 0.1891 0.2182 0.0787, 0.1444 0.2501 0.0787, 0.1427 0.2511 0.1318, 0.1444 0.2501 0.1332, 0.0993 0.2712 0.2517, 0.0944 0.2728 0.251, 0.0945 0.2729 0.2953, -0.1097 0.2671 0.1626, -0.1097 0.2671 0.1501, -0.12 0.2627 0.1501, -0.1097 0.2671 0.1787, -0.1097 0.2671 0.1668, -0.12 0.2627 0.1668, -0.0688 0.2805 0.1545, -0.0683 0.2806 0.1552, -0.0681 0.2806 0.1553, -0.0668 0.2809 0.1609, -0.0681 0.2806 0.1603, -0.0681 0.2806 0.1689, -0.0099 0.2886 0.1626, -0.0099 0.2886 0.1501, -0.0137 0.2885 0.1501, -0.0099 0.2886 0.1787, -0.0099 0.2886 0.1668, -0.0137 0.2885 0.1668, -0.0656 0.2812 0.2214, -0.0656 0.2812 0.2089, -0.0681 0.2806 0.2089, -0.0656 0.2812 0.2375, -0.0656 0.2812 0.2256, -0.0681 0.2806 0.2256, -0.0051 0.2887 0.1459, -0.0051 0.2887 0.183, 0.0279 0.2874 0.1699, 0.0292 0.2873 0.166, 0.0306 0.2871 0.164, 0.0349 0.2867 0.1576, -0.0051 0.2887 0.2418, 0.0352 0.2867 0.207, 0.0318 0.287 0.2025, 0.0305 0.2872 0.2008, 0.0287 0.2874 0.1966, -0.0051 0.2887 0.2047, 0.0268 0.2876 0.1923, 0.0264 0.2876 0.1899, 0.0252 0.2877 0.1827, 0.0259 0.2876 0.1765, 0.0261 0.2876 0.1751, -0.0099 0.2886 0.2089, -0.0137 0.2885 0.2089, -0.0099 0.2886 0.2418, -0.0137 0.2885 0.2953, 0.0411 0.2858 0.2953, -0.0679 0.2807 0.1459, -0.0668 0.2809 0.1457, -0.0637 0.2817 0.1453, -0.0626 0.2819 0.1454, -0.0601 0.2825 0.1457, -0.0594 0.2826 0.1459, -0.0567 0.2832 0.1516, -0.0505 0.2843 0.1629, -0.0567 0.2832 0.1468, -0.0505 0.2843 0.1459, -0.0459 0.2851 0.1459, -0.0357 0.2866 0.1455, -0.0346 0.2867 0.1459, -0.0335 0.2868 0.1462, -0.0331 0.2869 0.1465, -0.025 0.2877 0.1459, -0.0317 0.287 0.1473, -0.031 0.2871 0.1484, -0.0298 0.2872 0.1508, -0.025 0.2877 0.1501, -0.0302 0.2872 0.1498, -0.0306 0.2872 0.1489, -0.0297 0.2872 0.1513, -0.0295 0.2873 0.153, -0.0297 0.2872 0.1547, -0.0299 0.2872 0.1556, -0.0302 0.2872 0.1565, -0.0305 0.2872 0.1572, -0.0307 0.2871 0.1576, -0.032 0.287 0.166, -0.0314 0.2871 0.1586, -0.0314 0.2871 0.1586, -0.0321 0.287 0.1592, -0.0324 0.287 0.1595, -0.0331 0.2869 0.1599, -0.0341 0.2868 0.1605, -0.0345 0.2867 0.1606, -0.0346 0.2867 0.1675, -0.0382 0.2862 0.1616, -0.0357 0.2866 0.1681, -0.0406 0.2859 0.1692, -0.0398 0.286 0.1691, -0.0421 0.2857 0.1622, -0.0391 0.2861 0.169, -0.0371 0.2864 0.1685, -0.0459 0.2851 0.1627, -0.0458 0.2851 0.1642, -0.0458 0.2851 0.1644, -0.0455 0.2852 0.1658, -0.0454 0.2852 0.1663, -0.0451 0.2852 0.1668, -0.0449 0.2853 0.1671, -0.0448 0.2853 0.1674, -0.0444 0.2854 0.1678, -0.0444 0.2854 0.1679, -0.0438 0.2854 0.1682, -0.0436 0.2855 0.1684, -0.0432 0.2855 0.1686, -0.0426 0.2856 0.1688, -0.0422 0.2857 0.1689, -0.0459 0.2851 0.15, -0.045 0.2852 0.1489, -0.0439 0.2854 0.1476, -0.0438 0.2854 0.1474, -0.0428 0.2856 0.1466, -0.0425 0.2856 0.1464, -0.0417 0.2858 0.1461, -0.0409 0.2859 0.1458, -0.0404 0.2859 0.1457, -0.0378 0.2863 0.1453, -0.0365 0.2865 0.1454, 0.039 0.2861 0.1541, -0.0137 0.2885 0.1459, -0.0231 0.2879 0.1668, -0.0231 0.2879 0.1626, -0.032 0.287 0.1705, -0.0567 0.2832 0.1652, -0.047 0.2849 0.1714, -0.0476 0.2848 0.171, -0.0479 0.2848 0.1707, -0.0483 0.2847 0.1703, -0.0484 0.2847 0.1702, -0.049 0.2846 0.1693, -0.0493 0.2846 0.1688, -0.0496 0.2845 0.1681, -0.05 0.2844 0.1669, -0.0501 0.2844 0.1664, -0.057 0.2831 0.1635, -0.0571 0.2831 0.163, -0.0339 0.2868 0.1713, -0.0609 0.2823 0.2047, -0.0362 0.2865 0.1723, -0.037 0.2864 0.1724, -0.0463 0.2851 0.1718, -0.057 0.2831 0.1673, -0.0571 0.2831 0.1673, -0.0411 0.2858 0.173, -0.0413 0.2858 0.1729, -0.0442 0.2854 0.1726, -0.0573 0.283 0.1681, -0.0575 0.283 0.1684, -0.0459 0.2851 0.172, -0.0577 0.283 0.1688, -0.0442 0.2854 0.1726, -0.0581 0.2829 0.1695, -0.0584 0.2828 0.1697, -0.0596 0.2826 0.1709, -0.0613 0.2822 0.1716, -0.0668 0.2809 0.173, -0.0681 0.2806 0.2047, -0.064 0.2816 0.1725, -0.0631 0.2818 0.1724, -0.0609 0.2823 0.2418, -0.0681 0.2806 0.2418, -0.0681 0.2806 0.2953, -0.0496 0.2845 0.242, -0.0536 0.2838 0.2409, -0.0246 0.2877 0.2089, -0.0283 0.2874 0.2128, -0.0278 0.2874 0.2305, -0.0286 0.2874 0.2329, -0.0276 0.2875 0.2147, -0.0269 0.2875 0.2166, -0.0267 0.2875 0.2175, -0.0262 0.2876 0.2225, -0.0267 0.2875 0.2268, -0.0269 0.2875 0.2281, -0.0293 0.2873 0.2339, -0.0315 0.2871 0.2369, -0.0315 0.2871 0.237, -0.035 0.2866 0.2396, -0.036 0.2865 0.2403, -0.0377 0.2863 0.241, -0.0394 0.2861 0.2417, -0.0403 0.286 0.2418, -0.045 0.2853 0.2424, -0.0435 0.2855 0.2041, -0.0421 0.2857 0.2041, -0.0246 0.2877 0.2047, -0.042 0.2857 0.2042, -0.0382 0.2862 0.2048, -0.0374 0.2864 0.2049, -0.0358 0.2866 0.2057, -0.0344 0.2867 0.2063, -0.0336 0.2868 0.2069, -0.0309 0.2871 0.2091, -0.029 0.2873 0.2118, -0.0525 0.284 0.2059, -0.049 0.2846 0.2047, -0.0242 0.2878 0.183, -0.0137 0.2885 0.2047, -0.0137 0.2885 0.183, -0.0536 0.2838 0.2108, -0.0536 0.2838 0.2062, -0.0242 0.2878 0.1787, -0.0536 0.2838 0.2359, -0.0396 0.2861 0.237, -0.0397 0.286 0.2369, -0.0407 0.2859 0.2375, -0.0415 0.2858 0.2376, -0.035 0.2866 0.234, -0.0338 0.2868 0.2323, -0.0379 0.2863 0.2362, -0.0383 0.2862 0.2365, -0.0334 0.2868 0.2317, -0.0326 0.2869 0.2298, -0.0319 0.287 0.2281, -0.0318 0.287 0.2269, -0.0312 0.2871 0.2228, -0.0315 0.2871 0.2193, -0.0316 0.287 0.2183, -0.0321 0.287 0.2171, -0.0327 0.2869 0.2154, -0.0329 0.2869 0.215, -0.0348 0.2867 0.2122, -0.0368 0.2864 0.2106, -0.0372 0.2864 0.2103, -0.0389 0.2861 0.2096, -0.0401 0.286 0.209, -0.0413 0.2858 0.2088, -0.0442 0.2854 0.2083, -0.0466 0.285 0.2087, -0.0492 0.2846 0.209, -0.0502 0.2844 0.2095, -0.0523 0.284 0.2364, -0.0514 0.2842 0.2367, -0.0495 0.2845 0.2374, -0.0491 0.2846 0.2375, -0.045 0.2852 0.2381, -0.059 0.2827 0.1504, -0.0612 0.2822 0.1495, -0.0636 0.2817 0.1575, -0.0615 0.2821 0.1495, -0.0642 0.2816 0.1491, -0.065 0.2814 0.1491, -0.0659 0.2812 0.1492, -0.0667 0.281 0.1494, -0.0673 0.2808 0.1495, -0.0675 0.2808 0.1496, -0.068 0.2806 0.1499, -0.0681 0.2806 0.1499, -0.0679 0.2807 0.1498, -0.0663 0.2811 0.1563, -0.0578 0.2829 0.1509, -0.0605 0.2824 0.1591, -0.058 0.2829 0.161, -0.0575 0.283 0.1621, -0.0729 0.2794 0.1673, -0.0774 0.2782 0.1338, -0.0774 0.2782 0.1379, -0.0764 0.2785 0.1724, -0.0681 0.2806 0.1728, -0.07 0.2802 0.1726, -0.0812 0.2771 0.1377, -0.0821 0.2769 0.138, -0.0729 0.2794 0.1718, -0.0808 0.2772 0.1376, -0.0799 0.2775 0.1374, -0.0821 0.2769 0.138, -0.0826 0.2767 0.1383, -0.0814 0.2771 0.1592, -0.0828 0.2767 0.1385, -0.083 0.2766 0.1387, -0.0834 0.2765 0.1391, -0.0835 0.2765 0.1393, -0.0845 0.2762 0.1411, -0.0864 0.2755 0.1459, -0.0702 0.2801 0.1726, -0.12 0.2627 0.183, -0.12 0.2627 0.2047, -0.1053 0.2689 0.183, -0.1171 0.264 0.2047, -0.0814 0.2771 0.1724, -0.067 0.2809 0.173, -0.0802 0.2774 0.2047, -0.0869 0.2754 0.2047, -0.0869 0.2754 0.2418, -0.0794 0.2776 0.2375, -0.0794 0.2776 0.2418, -0.1152 0.2648 0.2237, -0.115 0.2649 0.2224, -0.12 0.2627 0.213, -0.1145 0.2651 0.2187, -0.1144 0.2651 0.218, -0.1134 0.2656 0.2154, -0.1127 0.2659 0.2137, -0.1118 0.2663 0.2124, -0.11 0.267 0.2099, -0.1079 0.2679 0.2082, -0.1029 0.2698 0.2057, -0.105 0.269 0.2067, -0.1071 0.2682 0.2076, -0.1015 0.2703 0.2055, -0.0966 0.2721 0.2047, -0.12 0.2627 0.2953, -0.097 0.272 0.2418, -0.0997 0.271 0.2414, -0.1011 0.2705 0.2413, -0.1035 0.2696 0.2405, -0.1059 0.2687 0.2397, -0.1069 0.2683 0.239, -0.11 0.267 0.2369, -0.1114 0.2664 0.2353, -0.1117 0.2663 0.2349, -0.1131 0.2657 0.2327, -0.1134 0.2656 0.2322, -0.1141 0.2653 0.2305, -0.1146 0.2651 0.2291, -0.1147 0.265 0.228, -0.095 0.2727 0.1571, -0.1053 0.2689 0.1459, -0.1006 0.2707 0.1724, -0.0961 0.2723 0.1724, -0.0927 0.2735 0.1624, -0.0848 0.2761 0.1624, -0.0893 0.2746 0.1524, -0.0881 0.275 0.1525, -0.0886 0.2748 0.1503, -0.0893 0.2746 0.1419, -0.0887 0.2748 0.1406, -0.0876 0.2752 0.1382, -0.0871 0.2753 0.1376, -0.0859 0.2757 0.136, -0.0848 0.2761 0.135, -0.0845 0.2762 0.1348, -0.0835 0.2764 0.1343, -0.0828 0.2767 0.1339, -0.0821 0.2769 0.1338, -0.0802 0.2774 0.1334, -0.0712 0.2799 0.1586, -0.0726 0.2795 0.1575, -0.0689 0.2804 0.1688, -0.0693 0.2803 0.1687, -0.0682 0.2806 0.1602, -0.0715 0.2798 0.1679, -0.0707 0.28 0.159, -0.0727 0.2795 0.1573, -0.0733 0.2793 0.1561, -0.0737 0.2792 0.1552, -0.0738 0.2792 0.1547, -0.0741 0.2791 0.1531, -0.0738 0.2792 0.1509, -0.0738 0.2792 0.1508, -0.0735 0.2793 0.15, -0.0734 0.2793 0.1498, -0.0731 0.2794 0.1493, -0.0727 0.2795 0.1488, -0.0725 0.2795 0.1485, -0.0712 0.2799 0.1474, -0.071 0.2799 0.1473, -0.0691 0.2804 0.1464, -0.0681 0.2806 0.146, -0.0784 0.2779 0.2214, -0.0784 0.2779 0.2256, -0.0681 0.2806 0.2375, -0.0802 0.2774 0.2089, -0.0681 0.2806 0.2214, -0.1406 0.2522 0.2232, -0.1467 0.2487 0.2047, -0.1675 0.2352 0.1767, -0.1235 0.261 0.2232, -0.1298 0.2579 0.2418, -0.1675 0.2352 0.2953, -0.1344 0.2556 0.2418, -0.1578 0.2418 0.1459, -0.1622 0.2389 0.1459, -0.1637 0.2379 0.151, -0.1675 0.2352 0.156, -0.1651 0.2369 0.156, -0.1299 0.2579 0.1459, -0.1299 0.2579 0.183, -0.1228 0.2614 0.1787, -0.1228 0.2614 0.183, -0.1559 0.2431 0.1636, -0.1555 0.2434 0.1599, -0.1637 0.2379 0.1644, -0.1554 0.2434 0.1592, -0.1544 0.244 0.1566, -0.1538 0.2444 0.1549, -0.153 0.2449 0.1535, -0.1514 0.2459 0.1511, -0.1494 0.2471 0.1494, -0.1487 0.2476 0.1488, -0.1467 0.2488 0.1478, -0.1448 0.2499 0.1469, -0.1435 0.2506 0.1467, -0.1389 0.2532 0.1459, -0.1453 0.2496 0.1817, -0.1475 0.2483 0.1809, -0.1484 0.2477 0.1802, -0.1514 0.2459 0.178, -0.1526 0.2451 0.1765, -0.1529 0.245 0.1761, -0.1542 0.2442 0.1739, -0.1545 0.244 0.1734, -0.155 0.2436 0.1717, -0.1555 0.2433 0.1703, -0.1556 0.2433 0.1692, -0.1561 0.243 0.1649, -0.1421 0.2514 0.2047, -0.1405 0.2523 0.2098, -0.1219 0.2618 0.2047, -0.1235 0.261 0.2098, -0.1388 0.2532 0.2148, -0.1251 0.2603 0.2148, -0.1392 0.253 0.183, -0.1418 0.2515 0.1826, -0.1431 0.2508 0.1825, -0.0137 0.2885 0.1787, -0.0137 0.2885 0.1626, -0.0664 0.2811 0.1692, -0.0657 0.2812 0.1691, -0.0646 0.2815 0.1689, -0.0642 0.2816 0.1688, -0.0628 0.2819 0.1682, -0.0627 0.2819 0.1681, -0.0623 0.282 0.1676, -0.0621 0.282 0.1674, -0.0619 0.2821 0.167, -0.0615 0.2821 0.1652, -0.0617 0.2821 0.1645, -0.0614 0.2822 0.1656, -0.0616 0.2821 0.1664, -0.0617 0.2821 0.1666, -0.0618 0.2821 0.164, -0.062 0.2821 0.1638, -0.0643 0.2815 0.1621, -0.0624 0.282 0.1632, -0.0684 0.2806 0.1502, -0.0685 0.2805 0.1502, -0.0688 0.2805 0.1506, -0.0689 0.2804 0.1507, -0.0691 0.2804 0.1511, -0.0692 0.2804 0.1515, -0.0693 0.2803 0.1517, -0.0695 0.2803 0.1526, -0.0694 0.2803 0.1532, -0.069 0.2804 0.1543, -0.0692 0.2804 0.1539, -0.0693 0.2803 0.1534, -0.1219 0.2618 0.1626, -0.1219 0.2618 0.1668, -0.12 0.2627 0.1787, -0.12 0.2627 0.1459, -0.1236 0.261 0.1459, -0.1236 0.261 0.1501, -0.12 0.2627 0.1626, -0.1694 0.2338 0.183, -0.209 0.1993 0.2953, -0.1736 0.2308 0.183, -0.1791 0.2265 0.1644, -0.1846 0.222 0.1459, 0.1266 0.2595 0.2426, 0.1225 0.2615 0.2454, 0.1413 0.2518 0.2301, 0.1387 0.2533 0.2298, 0.1337 0.256 0.2363, 0.1439 0.2503 0.2304, 0.1284 0.2587 0.2414, 0.1182 0.2634 0.2471, 0.1107 0.2667 0.2502, 0.1092 0.2673 0.2504, 0.1455 0.2494 0.1341, 0.1467 0.2488 0.1351, 0.1485 0.2477 0.1374, 0.1501 0.2467 0.1396, 0.1508 0.2463 0.1412, 0.1588 0.2411 0.1492, 0.1554 0.2434 0.1472, 0.153 0.2449 0.1463, 0.1634 0.2381 0.1518, 0.1649 0.237 0.1533, 0.1704 0.2331 0.1589, 0.1737 0.2307 0.1647, 0.1746 0.23 0.1662, 0.1765 0.2286 0.1718, 0.178 0.2274 0.1766, 0.1783 0.2272 0.1789, 0.1793 0.2264 0.1877, 0.1891 0.2182 0.2953, 0.1792 0.2264 0.189, 0.1782 0.2272 0.1967, 0.1779 0.2275 0.1997, 0.1764 0.2287 0.2041, 0.1748 0.2299 0.2088, 0.1737 0.2307 0.2106, 0.1694 0.2339 0.2177, 0.1684 0.2346 0.2188, 0.1633 0.2382 0.2233, 0.1611 0.2397 0.2252, 0.1575 0.242 0.2269, 0.1534 0.2447 0.2288, 0.1515 0.2458 0.2291, 0.1444 0.2501 0.2303, 0.1072 0.2681 0.1574, 0.1072 0.2681 0.1547, 0.0944 0.2728 0.1646, 0.1073 0.2681 0.154, 0.1081 0.2678 0.1488, 0.1084 0.2677 0.1471, 0.1096 0.2672 0.1441, 0.1108 0.2667 0.1412, 0.1117 0.2663 0.1399, 0.1144 0.2652 0.1361, 0.1176 0.2638 0.1334, 0.1188 0.2632 0.1323, 0.1216 0.2619 0.131, 0.1339 0.2558 0.1288, 0.1376 0.2539 0.1294, 0.1246 0.2605 0.1295, 0.1262 0.2598 0.1293, 0.1312 0.2573 0.1284, 0.1383 0.2535 0.1298, 0.1422 0.2514 0.1315, 0.0756 0.2787 0.2264, 0.0797 0.2775 0.2295, 0.0944 0.2728 0.1829, 0.0816 0.277 0.2309, 0.0856 0.2758 0.2326, 0.0899 0.2744 0.2345, 0.0422 0.2857 0.1778, 0.0414 0.2858 0.1824, 0.0415 0.2858 0.1829, 0.0722 0.2796 0.1769, 0.0452 0.2852 0.1707, 0.0443 0.2854 0.1718, 0.0433 0.2855 0.1741, 0.0424 0.2857 0.1763, 0.0422 0.2857 0.1871, 0.0424 0.2857 0.1884, 0.0434 0.2855 0.1908, 0.0444 0.2854 0.193, 0.0452 0.2852 0.194, 0.0474 0.2849 0.1969, 0.0474 0.2849 0.1969, 0.0502 0.2844 0.1991, 0.0514 0.2842 0.2, 0.0536 0.2838 0.201, 0.0559 0.2833 0.202, 0.0657 0.2812 0.2112, 0.0671 0.2809 0.214, 0.08 0.2775 0.1908, 0.0572 0.283 0.2022, 0.0617 0.2821 0.203, 0.0761 0.2786 0.1838, 0.0637 0.2817 0.203, 0.0647 0.2814 0.2072, 0.0698 0.2802 0.2195, 0.0703 0.2801 0.2201, 0.0746 0.279 0.2252, 0.0408 0.2859 0.1525, 0.0411 0.2858 0.1523, 0.0448 0.2853 0.1504, 0.0491 0.2846 0.148, 0.0513 0.2842 0.1475, 0.0586 0.2828 0.1458, 0.0593 0.2826 0.1458, 0.0601 0.2825 0.1458, 0.0737 0.2792 0.1458, 0.0749 0.2789 0.1461, 0.0754 0.2788 0.1462, 0.0765 0.2785 0.1467, 0.0772 0.2783 0.147, 0.0777 0.2781 0.1474, 0.0786 0.2779 0.1481, 0.0787 0.2778 0.1482, 0.0795 0.2776 0.1492, 0.0797 0.2776 0.1495, 0.0802 0.2774 0.1504, 0.0805 0.2773 0.1512, 0.0807 0.2773 0.1519, 0.0811 0.2772 0.1539, 0.0806 0.2773 0.156, 0.0798 0.2775 0.1583, 0.0899 0.2744 0.1671, 0.0801 0.2774 0.1575, 0.0805 0.2773 0.1566, 0.0795 0.2776 0.1587, 0.0787 0.2778 0.1597, 0.0778 0.2781 0.1605, 0.0759 0.2786 0.1615, 0.0767 0.2784 0.1611, 0.0775 0.2782 0.1607, 0.0752 0.2788 0.1617, 0.0732 0.2794 0.1621, 0.0717 0.2797 0.1618, 0.0601 0.2825 0.1618, 0.057 0.2831 0.1626, 0.0549 0.2835 0.163, 0.0533 0.2838 0.1638, 0.0505 0.2843 0.1652, 0.0501 0.2844 0.1655, 0.0474 0.2849 0.1679, 0.0468 0.285 0.1684, 0.0991 0.2712 0.2359, 0.1033 0.2696 0.2353, 0.1184 0.2634 0.1771, 0.1085 0.2676 0.2345, 0.1097 0.2671 0.2339, 0.1155 0.2647 0.2314, 0.1161 0.2644 0.2311, 0.1203 0.2625 0.2278, 0.1221 0.2617 0.2264, 0.1247 0.2604 0.223, 0.1314 0.2571 0.2106, 0.1208 0.2623 0.1784, 0.1282 0.2587 0.2176, 0.1272 0.2593 0.2199, 0.0944 0.2729 0.2352, 0.1172 0.2639 0.176, 0.1133 0.2656 0.1724, 0.0921 0.2737 0.2348, 0.0969 0.2721 0.1816, 0.1375 0.254 0.2134, 0.1389 0.2532 0.2137, 0.1378 0.2538 0.1802, 0.1427 0.251 0.1778, 0.1402 0.2524 0.179, 0.1444 0.2501 0.2144, 0.1443 0.2502 0.2144, 0.1437 0.2505 0.2145, 0.1292 0.2583 0.1812, 0.1291 0.2583 0.1812, 0.1342 0.2557 0.2119, 0.1363 0.2546 0.1804, 0.1312 0.2573 0.1813, 0.1248 0.2604 0.1801, 0.1233 0.2611 0.1798, 0.1506 0.2464 0.169, 0.1653 0.2368 0.1821, 0.1641 0.2376 0.1779, 0.1637 0.2379 0.1763, 0.1625 0.2388 0.1738, 0.1509 0.2462 0.1682, 0.162 0.2391 0.173, 0.1603 0.2402 0.1707, 0.1587 0.2413 0.1686, 0.1574 0.2421 0.1675, 0.1528 0.2451 0.1639, 0.1659 0.2363 0.1882, 0.1654 0.2368 0.1823, 0.1471 0.2485 0.174, 0.1483 0.2478 0.1722, 0.1488 0.2475 0.2136, 0.1444 0.2501 0.1763, 0.144 0.2503 0.1767, 0.1502 0.2466 0.2133, 0.1528 0.245 0.212, 0.1553 0.2435 0.2107, 0.1564 0.2428 0.2097, 0.1595 0.2407 0.2068, 0.1619 0.2392 0.2032, 0.1627 0.2386 0.202, 0.1638 0.2378 0.1988, 0.1454 0.2495 0.1754, 0.165 0.237 0.1956, 0.1652 0.2369 0.1938, 0.0918 0.2737 0.2506, 0.0867 0.2755 0.2499, 0.0825 0.2767 0.2482, 0.0754 0.2788 0.2453, 0.074 0.2791 0.2443, 0.065 0.2814 0.238, 0.0616 0.2821 0.234, 0.0565 0.2832 0.2278, 0.0556 0.2834 0.226, 0.0511 0.2842 0.2172, 0.0476 0.2848 0.2155, 0.0422 0.2857 0.2128, 0.0413 0.2858 0.2121, 0.0411 0.2858 0.212, 0.0361 0.2865 0.2077, 0.2875 0.0275 0.2953, 0.2771 0.0814 0.2953, 0.2567 0.1323 0.2953, 0.227 0.1785 0.2953, 0.2875 -0.0275 0.2953, 0.2771 -0.0814 0.2953, 0.2567 -0.1323 0.2953, 0.227 -0.1785 0.2953, 0.1891 -0.2182 0.2953, 0.0945 -0.2729 0.2953, 0.0411 -0.2858 0.2953, -0.0137 -0.2885 0.2953, -0.0681 -0.2806 0.2953, -0.12 -0.2627 0.2953, -0.1675 -0.2352 0.2953, -0.209 -0.1993 0.2953, -0.2429 -0.1561 0.2953, -0.2681 -0.1073 0.2953, -0.2836 -0.0547 0.2953, -0.2836 0.0547 0.2953, -0.2681 0.1073 0.2953, -0.2429 0.1561 0.2953, -0.1805 0.2254 0.1459, -0.1791 0.2266 0.151, -0.1776 0.2277 0.156
            ]
        }
        coordIndex [
            0,1,2,-1,3,4,5,-1,3,5,6,-1,7,8,9,-1,9,8,10,-1,9,10,11,-1,11,10,12,-1,11,12,13,-1,13,12,14,-1,13,14,15,-1,15,14,16,-1,15,16,17,-1,17,16,18,-1,17,18,19,-1,19,18,20,-1,19,20,21,-1,21,20,4,-1,21,4,22,-1,22,4,3,-1,5,23,6,-1,6,23,24,-1,6,24,25,-1,25,24,26,-1,25,26,27,-1,27,26,28,-1,27,28,29,-1,29,28,30,-1,29,30,31,-1,31,30,32,-1,31,32,33,-1,33,32,34,-1,33,34,35,-1,35,34,36,-1,35,36,37,-1,37,36,38,-1,37,38,39,-1,39,38,40,-1,39,40,41,-1,41,40,42,-1,41,42,43,-1,43,42,44,-1,43,44,45,-1,45,44,46,-1,45,46,47,-1,47,46,48,-1,48,46,49,-1,48,49,50,-1,50,49,51,-1,50,51,52,-1,52,51,53,-1,53,51,54,-1,53,54,55,-1,55,54,56,-1,55,56,57,-1,56,58,57,-1,57,58,59,-1,57,59,60,-1,60,59,61,-1,60,61,62,-1,62,61,63,-1,62,63,64,-1,64,63,65,-1,64,65,66,-1,66,65,67,-1,66,67,68,-1,68,67,69,-1,68,69,70,-1,70,69,71,-1,70,71,72,-1,72,71,73,-1,72,73,74,-1,74,73,75,-1,74,75,76,-1,76,75,77,-1,76,77,78,-1,78,77,79,-1,78,79,80,-1,80,79,81,-1,80,81,82,-1,82,81,83,-1,82,83,84,-1,84,83,85,-1,84,85,86,-1,85,87,86,-1,86,87,88,-1,86,88,89,-1,89,88,90,-1,89,90,91,-1,91,90,92,-1,91,92,93,-1,93,92,94,-1,94,92,95,-1,94,95,96,-1,96,95,97,-1,96,97,98,-1,98,97,99,-1,98,99,100,-1,100,99,101,-1,100,101,102,-1,103,104,105,-1,105,104,106,-1,105,106,107,-1,102,101,108,-1,108,101,109,-1,108,109,110,-1,110,109,111,-1,110,111,112,-1,112,111,113,-1,112,113,103,-1,103,113,114,-1,103,114,104,-1,107,106,115,-1,115,106,116,-1,115,116,117,-1,117,116,118,-1,117,118,119,-1,2,1,120,-1,118,121,119,-1,119,121,122,-1,119,122,123,-1,123,122,124,-1,123,124,125,-1,125,124,120,-1,125,120,126,-1,126,120,1,-1,2,127,0,-1,0,127,128,-1,0,128,129,-1,129,128,130,-1,129,130,131,-1,131,130,132,-1,131,132,133,-1,133,132,134,-1,133,134,135,-1,136,137,138,-1,138,137,139,-1,135,134,139,-1,139,134,140,-1,139,140,138,-1,9,141,7,-1,7,141,142,-1,7,142,143,-1,143,142,144,-1,143,144,145,-1,145,144,146,-1,145,146,147,-1,147,146,148,-1,147,148,149,-1,149,148,150,-1,149,150,151,-1,151,150,152,-1,151,152,153,-1,153,152,154,-1,153,154,155,-1,155,154,156,-1,155,156,136,-1,136,156,157,-1,136,157,137,-1,158,159,160,-1,160,159,161,-1,160,161,162,-1,163,164,158,-1,158,164,165,-1,158,165,159,-1,166,167,168,-1,168,167,169,-1,168,169,170,-1,171,172,173,-1,174,175,176,-1,177,178,175,-1,175,178,179,-1,175,179,176,-1,180,181,163,-1,163,181,182,-1,163,182,164,-1,169,183,170,-1,170,183,184,-1,170,184,180,-1,180,184,185,-1,180,185,181,-1,186,187,166,-1,166,187,188,-1,166,188,167,-1,189,190,191,-1,191,190,192,-1,191,192,172,-1,172,192,193,-1,172,193,173,-1,176,194,174,-1,174,194,195,-1,174,195,189,-1,189,195,196,-1,189,196,190,-1,197,198,199,-1,199,198,200,-1,199,200,177,-1,177,200,201,-1,177,201,178,-1,202,203,197,-1,197,203,204,-1,197,204,198,-1,205,206,207,-1,207,206,208,-1,207,208,209,-1,173,210,171,-1,171,210,211,-1,171,211,186,-1,186,211,212,-1,186,212,187,-1,213,214,202,-1,202,214,215,-1,202,215,203,-1,208,216,209,-1,209,216,217,-1,209,217,213,-1,213,217,218,-1,213,218,214,-1,219,220,205,-1,205,220,221,-1,205,221,206,-1,222,223,219,-1,219,223,224,-1,219,224,220,-1,225,226,222,-1,222,226,227,-1,222,227,223,-1,161,228,162,-1,162,228,229,-1,162,229,225,-1,225,229,230,-1,225,230,226,-1,162,225,231,-1,222,232,225,-1,225,232,233,-1,225,233,231,-1,234,235,219,-1,219,235,236,-1,219,236,222,-1,222,236,237,-1,222,237,232,-1,234,219,238,-1,238,219,205,-1,238,205,239,-1,239,205,240,-1,240,205,207,-1,240,207,241,-1,241,207,242,-1,242,207,209,-1,242,209,243,-1,213,244,209,-1,209,244,245,-1,209,245,243,-1,246,247,202,-1,202,247,248,-1,202,248,213,-1,213,248,249,-1,213,249,244,-1,246,202,250,-1,250,202,197,-1,250,197,251,-1,251,197,252,-1,252,197,199,-1,252,199,253,-1,253,199,254,-1,254,199,177,-1,254,177,255,-1,175,256,177,-1,177,256,257,-1,177,257,255,-1,174,258,175,-1,175,258,259,-1,175,259,256,-1,189,260,174,-1,174,260,261,-1,174,261,258,-1,191,262,189,-1,189,262,263,-1,189,263,260,-1,264,265,172,-1,172,265,266,-1,172,266,191,-1,191,266,267,-1,191,267,262,-1,264,172,268,-1,268,172,171,-1,268,171,269,-1,269,171,270,-1,270,171,186,-1,270,186,271,-1,271,186,272,-1,272,186,166,-1,272,166,273,-1,168,274,166,-1,166,274,275,-1,166,275,273,-1,276,277,170,-1,170,277,278,-1,170,278,168,-1,168,278,279,-1,168,279,274,-1,276,170,280,-1,280,170,180,-1,280,180,281,-1,281,180,282,-1,282,180,163,-1,282,163,283,-1,283,163,284,-1,284,163,158,-1,284,158,285,-1,160,286,158,-1,158,286,287,-1,158,287,285,-1,231,288,162,-1,162,288,289,-1,162,289,160,-1,160,289,290,-1,160,290,286,-1,291,292,293,-1,293,292,294,-1,293,294,295,-1,296,297,293,-1,293,297,298,-1,293,298,291,-1,299,300,293,-1,293,300,301,-1,293,301,296,-1,302,303,293,-1,293,303,304,-1,293,304,299,-1,305,306,293,-1,293,306,307,-1,293,307,302,-1,308,309,293,-1,293,309,310,-1,293,310,305,-1,311,312,293,-1,293,312,313,-1,293,313,308,-1,314,315,293,-1,293,315,316,-1,293,316,311,-1,317,318,293,-1,293,318,319,-1,293,319,314,-1,320,321,293,-1,293,321,322,-1,293,322,317,-1,323,324,293,-1,293,324,325,-1,293,325,320,-1,295,326,293,-1,293,326,327,-1,293,327,323,-1,263,262,328,-1,267,266,329,-1,264,268,330,-1,271,272,331,-1,275,274,332,-1,279,278,333,-1,276,280,334,-1,281,282,335,-1,283,284,336,-1,287,286,337,-1,290,289,338,-1,233,232,339,-1,237,236,340,-1,234,238,341,-1,241,242,342,-1,245,244,343,-1,249,248,344,-1,246,250,345,-1,251,252,346,-1,253,254,347,-1,257,256,348,-1,259,258,349,-1,307,306,350,-1,350,306,351,-1,350,351,352,-1,352,351,353,-1,352,353,354,-1,354,353,355,-1,354,355,356,-1,356,355,357,-1,356,357,358,-1,358,357,359,-1,358,359,360,-1,360,359,341,-1,325,324,361,-1,361,324,362,-1,361,362,363,-1,363,362,364,-1,363,364,365,-1,365,364,366,-1,365,366,367,-1,367,366,368,-1,367,368,369,-1,369,368,370,-1,369,370,371,-1,371,370,330,-1,294,292,372,-1,372,292,373,-1,372,373,374,-1,374,373,375,-1,374,375,376,-1,376,375,377,-1,376,377,378,-1,378,377,379,-1,378,379,380,-1,380,379,381,-1,380,381,382,-1,382,381,349,-1,382,349,261,-1,261,349,258,-1,256,259,348,-1,348,259,349,-1,348,349,383,-1,383,349,381,-1,383,381,384,-1,384,381,379,-1,384,379,385,-1,385,379,377,-1,385,377,386,-1,386,377,375,-1,386,375,387,-1,387,375,373,-1,387,373,291,-1,291,373,292,-1,255,257,388,-1,388,257,348,-1,388,348,389,-1,389,348,383,-1,389,383,390,-1,390,383,384,-1,390,384,391,-1,391,384,385,-1,391,385,392,-1,392,385,386,-1,392,386,393,-1,393,386,387,-1,393,387,298,-1,298,387,291,-1,298,297,393,-1,393,297,394,-1,393,394,392,-1,392,394,395,-1,392,395,391,-1,391,395,396,-1,391,396,390,-1,390,396,397,-1,390,397,389,-1,389,397,398,-1,389,398,388,-1,388,398,347,-1,388,347,255,-1,255,347,254,-1,252,253,346,-1,346,253,347,-1,346,347,399,-1,399,347,398,-1,399,398,400,-1,400,398,397,-1,400,397,401,-1,401,397,396,-1,401,396,402,-1,402,396,395,-1,402,395,403,-1,403,395,394,-1,403,394,296,-1,296,394,297,-1,250,251,345,-1,345,251,346,-1,345,346,404,-1,404,346,399,-1,404,399,405,-1,405,399,400,-1,405,400,406,-1,406,400,401,-1,406,401,407,-1,407,401,402,-1,407,402,408,-1,408,402,403,-1,408,403,301,-1,301,403,296,-1,247,246,409,-1,409,246,345,-1,409,345,410,-1,410,345,404,-1,410,404,411,-1,411,404,405,-1,411,405,412,-1,412,405,406,-1,412,406,413,-1,413,406,407,-1,413,407,414,-1,414,407,408,-1,414,408,300,-1,300,408,301,-1,300,299,414,-1,414,299,415,-1,414,415,413,-1,413,415,416,-1,413,416,412,-1,412,416,417,-1,412,417,411,-1,411,417,418,-1,411,418,410,-1,410,418,419,-1,410,419,409,-1,409,419,344,-1,409,344,247,-1,247,344,248,-1,244,249,343,-1,343,249,344,-1,343,344,420,-1,420,344,419,-1,420,419,421,-1,421,419,418,-1,421,418,422,-1,422,418,417,-1,422,417,423,-1,423,417,416,-1,423,416,424,-1,424,416,415,-1,424,415,304,-1,304,415,299,-1,243,245,425,-1,425,245,343,-1,425,343,426,-1,426,343,420,-1,426,420,427,-1,427,420,421,-1,427,421,428,-1,428,421,422,-1,428,422,429,-1,429,422,423,-1,429,423,430,-1,430,423,424,-1,430,424,303,-1,303,424,304,-1,303,302,430,-1,430,302,431,-1,430,431,429,-1,429,431,432,-1,429,432,428,-1,428,432,433,-1,428,433,427,-1,427,433,434,-1,427,434,426,-1,426,434,435,-1,426,435,425,-1,425,435,342,-1,425,342,243,-1,243,342,242,-1,240,241,360,-1,360,241,342,-1,360,342,358,-1,358,342,435,-1,358,435,356,-1,356,435,434,-1,356,434,354,-1,354,434,433,-1,354,433,352,-1,352,433,432,-1,352,432,350,-1,350,432,431,-1,350,431,307,-1,307,431,302,-1,341,238,360,-1,360,238,239,-1,360,239,240,-1,235,234,436,-1,436,234,341,-1,436,341,437,-1,437,341,359,-1,437,359,438,-1,438,359,357,-1,438,357,439,-1,439,357,355,-1,439,355,440,-1,440,355,353,-1,440,353,441,-1,441,353,351,-1,441,351,305,-1,305,351,306,-1,305,310,441,-1,441,310,442,-1,441,442,440,-1,440,442,443,-1,440,443,439,-1,439,443,444,-1,439,444,438,-1,438,444,445,-1,438,445,437,-1,437,445,446,-1,437,446,436,-1,436,446,340,-1,436,340,235,-1,235,340,236,-1,232,237,339,-1,339,237,340,-1,339,340,447,-1,447,340,446,-1,447,446,448,-1,448,446,445,-1,448,445,449,-1,449,445,444,-1,449,444,450,-1,450,444,443,-1,450,443,451,-1,451,443,442,-1,451,442,309,-1,309,442,310,-1,231,233,452,-1,452,233,339,-1,452,339,453,-1,453,339,447,-1,453,447,454,-1,454,447,448,-1,454,448,455,-1,455,448,449,-1,455,449,456,-1,456,449,450,-1,456,450,457,-1,457,450,451,-1,457,451,308,-1,308,451,309,-1,308,313,457,-1,457,313,458,-1,457,458,456,-1,456,458,459,-1,456,459,455,-1,455,459,460,-1,455,460,454,-1,454,460,461,-1,454,461,453,-1,453,461,462,-1,453,462,452,-1,452,462,463,-1,452,463,231,-1,231,463,288,-1,313,312,458,-1,458,312,464,-1,458,464,459,-1,459,464,465,-1,459,465,460,-1,460,465,466,-1,460,466,461,-1,461,466,467,-1,461,467,462,-1,462,467,468,-1,462,468,463,-1,463,468,338,-1,463,338,288,-1,288,338,289,-1,286,290,337,-1,337,290,338,-1,337,338,469,-1,469,338,468,-1,469,468,470,-1,470,468,467,-1,470,467,471,-1,471,467,466,-1,471,466,472,-1,472,466,465,-1,472,465,473,-1,473,465,464,-1,473,464,311,-1,311,464,312,-1,285,287,474,-1,474,287,337,-1,474,337,475,-1,475,337,469,-1,475,469,476,-1,476,469,470,-1,476,470,477,-1,477,470,471,-1,477,471,478,-1,478,471,472,-1,478,472,479,-1,479,472,473,-1,479,473,316,-1,316,473,311,-1,316,315,479,-1,479,315,480,-1,479,480,478,-1,478,480,481,-1,478,481,477,-1,477,481,482,-1,477,482,476,-1,476,482,483,-1,476,483,475,-1,475,483,484,-1,475,484,474,-1,474,484,336,-1,474,336,285,-1,285,336,284,-1,282,283,335,-1,335,283,336,-1,335,336,485,-1,485,336,484,-1,485,484,486,-1,486,484,483,-1,486,483,487,-1,487,483,482,-1,487,482,488,-1,488,482,481,-1,488,481,489,-1,489,481,480,-1,489,480,314,-1,314,480,315,-1,280,281,334,-1,334,281,335,-1,334,335,490,-1,490,335,485,-1,490,485,491,-1,491,485,486,-1,491,486,492,-1,492,486,487,-1,492,487,493,-1,493,487,488,-1,493,488,494,-1,494,488,489,-1,494,489,319,-1,319,489,314,-1,277,276,495,-1,495,276,334,-1,495,334,496,-1,496,334,490,-1,496,490,497,-1,497,490,491,-1,497,491,498,-1,498,491,492,-1,498,492,499,-1,499,492,493,-1,499,493,500,-1,500,493,494,-1,500,494,318,-1,318,494,319,-1,318,317,500,-1,500,317,501,-1,500,501,499,-1,499,501,502,-1,499,502,498,-1,498,502,503,-1,498,503,497,-1,497,503,504,-1,497,504,496,-1,496,504,505,-1,496,505,495,-1,495,505,333,-1,495,333,277,-1,277,333,278,-1,274,279,332,-1,332,279,333,-1,332,333,506,-1,506,333,505,-1,506,505,507,-1,507,505,504,-1,507,504,508,-1,508,504,503,-1,508,503,509,-1,509,503,502,-1,509,502,510,-1,510,502,501,-1,510,501,322,-1,322,501,317,-1,273,275,511,-1,511,275,332,-1,511,332,512,-1,512,332,506,-1,512,506,513,-1,513,506,507,-1,513,507,514,-1,514,507,508,-1,514,508,515,-1,515,508,509,-1,515,509,516,-1,516,509,510,-1,516,510,321,-1,321,510,322,-1,321,320,516,-1,516,320,517,-1,516,517,515,-1,515,517,518,-1,515,518,514,-1,514,518,519,-1,514,519,513,-1,513,519,520,-1,513,520,512,-1,512,520,521,-1,512,521,511,-1,511,521,331,-1,511,331,273,-1,273,331,272,-1,270,271,371,-1,371,271,331,-1,371,331,369,-1,369,331,521,-1,369,521,367,-1,367,521,520,-1,367,520,365,-1,365,520,519,-1,365,519,363,-1,363,519,518,-1,363,518,361,-1,361,518,517,-1,361,517,325,-1,325,517,320,-1,330,268,371,-1,371,268,269,-1,371,269,270,-1,265,264,522,-1,522,264,330,-1,522,330,523,-1,523,330,370,-1,523,370,524,-1,524,370,368,-1,524,368,525,-1,525,368,366,-1,525,366,526,-1,526,366,364,-1,526,364,527,-1,527,364,362,-1,527,362,323,-1,323,362,324,-1,323,327,527,-1,527,327,528,-1,527,528,526,-1,526,528,529,-1,526,529,525,-1,525,529,530,-1,525,530,524,-1,524,530,531,-1,524,531,523,-1,523,531,532,-1,523,532,522,-1,522,532,329,-1,522,329,265,-1,265,329,266,-1,262,267,328,-1,328,267,329,-1,328,329,533,-1,533,329,532,-1,533,532,534,-1,534,532,531,-1,534,531,535,-1,535,531,530,-1,535,530,536,-1,536,530,529,-1,536,529,537,-1,537,529,528,-1,537,528,326,-1,326,528,327,-1,260,263,538,-1,538,263,328,-1,538,328,539,-1,539,328,533,-1,539,533,540,-1,540,533,534,-1,540,534,541,-1,541,534,535,-1,541,535,542,-1,542,535,536,-1,542,536,543,-1,543,536,537,-1,543,537,295,-1,295,537,326,-1,295,294,543,-1,543,294,372,-1,543,372,542,-1,542,372,374,-1,542,374,541,-1,541,374,376,-1,541,376,540,-1,540,376,378,-1,540,378,539,-1,539,378,380,-1,539,380,538,-1,538,380,382,-1,538,382,260,-1,260,382,261,-1,74,76,544,-1,80,82,545,-1,89,91,546,-1,94,96,547,-1,98,100,548,-1,108,110,549,-1,107,115,550,-1,123,125,551,-1,1,0,552,-1,129,131,553,-1,135,139,554,-1,154,152,555,-1,146,144,556,-1,141,9,557,-1,11,13,558,-1,17,19,559,-1,6,25,560,-1,27,29,561,-1,31,33,562,-1,37,39,563,-1,41,43,564,-1,47,48,565,-1,55,57,566,-1,60,62,567,-1,568,201,200,-1,178,201,569,-1,569,201,568,-1,569,568,570,-1,179,178,571,-1,571,178,569,-1,571,569,572,-1,572,569,570,-1,572,570,573,-1,176,179,574,-1,574,179,571,-1,574,571,575,-1,575,571,572,-1,575,572,576,-1,576,572,573,-1,576,573,577,-1,194,176,578,-1,578,176,574,-1,578,574,579,-1,579,574,575,-1,579,575,580,-1,580,575,576,-1,580,576,581,-1,581,576,577,-1,581,577,582,-1,195,194,583,-1,583,194,578,-1,583,578,584,-1,584,578,579,-1,584,579,585,-1,585,579,580,-1,585,580,586,-1,586,580,581,-1,586,581,587,-1,587,581,582,-1,587,582,544,-1,588,589,590,-1,591,589,592,-1,592,589,588,-1,592,588,593,-1,198,204,594,-1,594,204,595,-1,594,595,596,-1,596,595,597,-1,596,597,598,-1,598,597,599,-1,598,599,600,-1,600,599,601,-1,600,601,602,-1,602,601,603,-1,602,603,604,-1,604,603,565,-1,221,220,605,-1,605,220,606,-1,605,606,607,-1,607,606,608,-1,607,608,609,-1,609,608,610,-1,609,610,611,-1,611,610,612,-1,611,612,613,-1,613,612,614,-1,613,614,615,-1,615,614,559,-1,229,228,616,-1,616,228,617,-1,616,617,618,-1,618,617,619,-1,618,619,620,-1,620,619,621,-1,620,621,622,-1,622,621,623,-1,622,623,624,-1,624,623,625,-1,624,625,626,-1,626,625,555,-1,159,165,627,-1,627,165,628,-1,627,628,629,-1,629,628,630,-1,629,630,631,-1,631,630,632,-1,631,632,633,-1,633,632,634,-1,633,634,635,-1,635,634,636,-1,635,636,637,-1,637,636,554,-1,183,169,638,-1,638,169,639,-1,638,639,640,-1,640,639,641,-1,640,641,642,-1,642,641,643,-1,642,643,644,-1,644,643,645,-1,644,645,646,-1,646,645,647,-1,646,647,648,-1,648,647,550,-1,188,187,649,-1,649,187,650,-1,649,650,651,-1,651,650,652,-1,651,652,653,-1,653,652,654,-1,653,654,655,-1,655,654,656,-1,655,656,657,-1,657,656,658,-1,657,658,659,-1,659,658,549,-1,192,190,660,-1,660,190,661,-1,660,661,662,-1,662,661,663,-1,662,663,664,-1,664,663,665,-1,664,665,666,-1,666,665,667,-1,666,667,668,-1,668,667,669,-1,668,669,670,-1,670,669,545,-1,64,66,591,-1,591,66,68,-1,591,68,589,-1,589,68,70,-1,589,70,590,-1,590,70,72,-1,62,64,567,-1,567,64,591,-1,567,591,671,-1,671,591,592,-1,671,592,672,-1,672,592,593,-1,672,593,673,-1,57,60,566,-1,566,60,567,-1,566,567,674,-1,674,567,671,-1,674,671,675,-1,675,671,672,-1,675,672,676,-1,676,672,673,-1,676,673,677,-1,53,55,678,-1,678,55,566,-1,678,566,679,-1,679,566,674,-1,679,674,680,-1,680,674,675,-1,680,675,681,-1,681,675,676,-1,681,676,682,-1,682,676,677,-1,682,677,683,-1,200,198,683,-1,683,198,594,-1,683,594,682,-1,682,594,596,-1,682,596,681,-1,681,596,598,-1,681,598,680,-1,680,598,600,-1,680,600,679,-1,679,600,602,-1,679,602,678,-1,678,602,604,-1,678,604,53,-1,53,604,52,-1,565,48,604,-1,604,48,50,-1,604,50,52,-1,45,47,684,-1,684,47,565,-1,684,565,685,-1,685,565,603,-1,685,603,686,-1,686,603,601,-1,686,601,687,-1,687,601,599,-1,687,599,688,-1,688,599,597,-1,688,597,689,-1,689,597,595,-1,689,595,203,-1,203,595,204,-1,203,215,689,-1,689,215,690,-1,689,690,688,-1,688,690,691,-1,688,691,687,-1,687,691,692,-1,687,692,686,-1,686,692,693,-1,686,693,685,-1,685,693,694,-1,685,694,684,-1,684,694,564,-1,684,564,45,-1,45,564,43,-1,39,41,563,-1,563,41,564,-1,563,564,695,-1,695,564,694,-1,695,694,696,-1,696,694,693,-1,696,693,697,-1,697,693,692,-1,697,692,698,-1,698,692,691,-1,698,691,699,-1,699,691,690,-1,699,690,214,-1,214,690,215,-1,35,37,700,-1,700,37,563,-1,700,563,701,-1,701,563,695,-1,701,695,702,-1,702,695,696,-1,702,696,703,-1,703,696,697,-1,703,697,704,-1,704,697,698,-1,704,698,705,-1,705,698,699,-1,705,699,218,-1,218,699,214,-1,218,217,705,-1,705,217,706,-1,705,706,704,-1,704,706,707,-1,704,707,703,-1,703,707,708,-1,703,708,702,-1,702,708,709,-1,702,709,701,-1,701,709,710,-1,701,710,700,-1,700,710,562,-1,700,562,35,-1,35,562,33,-1,29,31,561,-1,561,31,562,-1,561,562,711,-1,711,562,710,-1,711,710,712,-1,712,710,709,-1,712,709,713,-1,713,709,708,-1,713,708,714,-1,714,708,707,-1,714,707,715,-1,715,707,706,-1,715,706,216,-1,216,706,217,-1,25,27,560,-1,560,27,561,-1,560,561,716,-1,716,561,711,-1,716,711,717,-1,717,711,712,-1,717,712,718,-1,718,712,713,-1,718,713,719,-1,719,713,714,-1,719,714,720,-1,720,714,715,-1,720,715,208,-1,208,715,216,-1,3,6,721,-1,721,6,560,-1,721,560,722,-1,722,560,716,-1,722,716,723,-1,723,716,717,-1,723,717,724,-1,724,717,718,-1,724,718,725,-1,725,718,719,-1,725,719,726,-1,726,719,720,-1,726,720,206,-1,206,720,208,-1,206,221,726,-1,726,221,605,-1,726,605,725,-1,725,605,607,-1,725,607,724,-1,724,607,609,-1,724,609,723,-1,723,609,611,-1,723,611,722,-1,722,611,613,-1,722,613,721,-1,721,613,615,-1,721,615,3,-1,3,615,22,-1,559,19,615,-1,615,19,21,-1,615,21,22,-1,15,17,727,-1,727,17,559,-1,727,559,728,-1,728,559,614,-1,728,614,729,-1,729,614,612,-1,729,612,730,-1,730,612,610,-1,730,610,731,-1,731,610,608,-1,731,608,732,-1,732,608,606,-1,732,606,224,-1,224,606,220,-1,224,223,732,-1,732,223,733,-1,732,733,731,-1,731,733,734,-1,731,734,730,-1,730,734,735,-1,730,735,729,-1,729,735,736,-1,729,736,728,-1,728,736,737,-1,728,737,727,-1,727,737,558,-1,727,558,15,-1,15,558,13,-1,9,11,557,-1,557,11,558,-1,557,558,738,-1,738,558,737,-1,738,737,739,-1,739,737,736,-1,739,736,740,-1,740,736,735,-1,740,735,741,-1,741,735,734,-1,741,734,742,-1,742,734,733,-1,742,733,227,-1,227,733,223,-1,142,141,743,-1,743,141,557,-1,743,557,744,-1,744,557,738,-1,744,738,745,-1,745,738,739,-1,745,739,746,-1,746,739,740,-1,746,740,747,-1,747,740,741,-1,747,741,748,-1,748,741,742,-1,748,742,226,-1,226,742,227,-1,226,230,748,-1,748,230,749,-1,748,749,747,-1,747,749,750,-1,747,750,746,-1,746,750,751,-1,746,751,745,-1,745,751,752,-1,745,752,744,-1,744,752,753,-1,744,753,743,-1,743,753,556,-1,743,556,142,-1,142,556,144,-1,148,146,626,-1,626,146,556,-1,626,556,624,-1,624,556,753,-1,624,753,622,-1,622,753,752,-1,622,752,620,-1,620,752,751,-1,620,751,618,-1,618,751,750,-1,618,750,616,-1,616,750,749,-1,616,749,229,-1,229,749,230,-1,555,152,626,-1,626,152,150,-1,626,150,148,-1,156,154,754,-1,754,154,555,-1,754,555,755,-1,755,555,625,-1,755,625,756,-1,756,625,623,-1,756,623,757,-1,757,623,621,-1,757,621,758,-1,758,621,619,-1,758,619,759,-1,759,619,617,-1,759,617,161,-1,161,617,228,-1,161,159,759,-1,759,159,627,-1,759,627,758,-1,758,627,629,-1,758,629,757,-1,757,629,631,-1,757,631,756,-1,756,631,633,-1,756,633,755,-1,755,633,635,-1,755,635,754,-1,754,635,637,-1,754,637,156,-1,156,637,157,-1,554,139,637,-1,637,139,137,-1,637,137,157,-1,133,135,760,-1,760,135,554,-1,760,554,761,-1,761,554,636,-1,761,636,762,-1,762,636,634,-1,762,634,763,-1,763,634,632,-1,763,632,764,-1,764,632,630,-1,764,630,765,-1,765,630,628,-1,765,628,164,-1,164,628,165,-1,164,182,765,-1,765,182,766,-1,765,766,764,-1,764,766,767,-1,764,767,763,-1,763,767,768,-1,763,768,762,-1,762,768,769,-1,762,769,761,-1,761,769,770,-1,761,770,760,-1,760,770,553,-1,760,553,133,-1,133,553,131,-1,0,129,552,-1,552,129,553,-1,552,553,771,-1,771,553,770,-1,771,770,772,-1,772,770,769,-1,772,769,773,-1,773,769,768,-1,773,768,774,-1,774,768,767,-1,774,767,775,-1,775,767,766,-1,775,766,181,-1,181,766,182,-1,126,1,776,-1,776,1,552,-1,776,552,777,-1,777,552,771,-1,777,771,778,-1,778,771,772,-1,778,772,779,-1,779,772,773,-1,779,773,780,-1,780,773,774,-1,780,774,781,-1,781,774,775,-1,781,775,185,-1,185,775,181,-1,185,184,781,-1,781,184,782,-1,781,782,780,-1,780,782,783,-1,780,783,779,-1,779,783,784,-1,779,784,778,-1,778,784,785,-1,778,785,777,-1,777,785,786,-1,777,786,776,-1,776,786,551,-1,776,551,126,-1,126,551,125,-1,119,123,648,-1,648,123,551,-1,648,551,646,-1,646,551,786,-1,646,786,644,-1,644,786,785,-1,644,785,642,-1,642,785,784,-1,642,784,640,-1,640,784,783,-1,640,783,638,-1,638,783,782,-1,638,782,183,-1,183,782,184,-1,550,115,648,-1,648,115,117,-1,648,117,119,-1,105,107,787,-1,787,107,550,-1,787,550,788,-1,788,550,647,-1,788,647,789,-1,789,647,645,-1,789,645,790,-1,790,645,643,-1,790,643,791,-1,791,643,641,-1,791,641,792,-1,792,641,639,-1,792,639,167,-1,167,639,169,-1,167,188,792,-1,792,188,649,-1,792,649,791,-1,791,649,651,-1,791,651,790,-1,790,651,653,-1,790,653,789,-1,789,653,655,-1,789,655,788,-1,788,655,657,-1,788,657,787,-1,787,657,659,-1,787,659,105,-1,105,659,103,-1,549,110,659,-1,659,110,112,-1,659,112,103,-1,102,108,793,-1,793,108,549,-1,793,549,794,-1,794,549,658,-1,794,658,795,-1,795,658,656,-1,795,656,796,-1,796,656,654,-1,796,654,797,-1,797,654,652,-1,797,652,798,-1,798,652,650,-1,798,650,212,-1,212,650,187,-1,212,211,798,-1,798,211,799,-1,798,799,797,-1,797,799,800,-1,797,800,796,-1,796,800,801,-1,796,801,795,-1,795,801,802,-1,795,802,794,-1,794,802,803,-1,794,803,793,-1,793,803,548,-1,793,548,102,-1,102,548,100,-1,96,98,547,-1,547,98,548,-1,547,548,804,-1,804,548,803,-1,804,803,805,-1,805,803,802,-1,805,802,806,-1,806,802,801,-1,806,801,807,-1,807,801,800,-1,807,800,808,-1,808,800,799,-1,808,799,210,-1,210,799,211,-1,93,94,809,-1,809,94,547,-1,809,547,810,-1,810,547,804,-1,810,804,811,-1,811,804,805,-1,811,805,812,-1,812,805,806,-1,812,806,813,-1,813,806,807,-1,813,807,814,-1,814,807,808,-1,814,808,173,-1,173,808,210,-1,173,193,814,-1,814,193,815,-1,814,815,813,-1,813,815,816,-1,813,816,812,-1,812,816,817,-1,812,817,811,-1,811,817,818,-1,811,818,810,-1,810,818,819,-1,810,819,809,-1,809,819,546,-1,809,546,93,-1,93,546,91,-1,86,89,670,-1,670,89,546,-1,670,546,668,-1,668,546,819,-1,668,819,666,-1,666,819,818,-1,666,818,664,-1,664,818,817,-1,664,817,662,-1,662,817,816,-1,662,816,660,-1,660,816,815,-1,660,815,192,-1,192,815,193,-1,545,82,670,-1,670,82,84,-1,670,84,86,-1,78,80,820,-1,820,80,545,-1,820,545,821,-1,821,545,669,-1,821,669,822,-1,822,669,667,-1,822,667,823,-1,823,667,665,-1,823,665,824,-1,824,665,663,-1,824,663,825,-1,825,663,661,-1,825,661,196,-1,196,661,190,-1,196,195,825,-1,825,195,583,-1,825,583,824,-1,824,583,584,-1,824,584,823,-1,823,584,585,-1,823,585,822,-1,822,585,586,-1,822,586,821,-1,821,586,587,-1,821,587,820,-1,820,587,544,-1,820,544,78,-1,78,544,76,-1,200,683,568,-1,568,683,677,-1,568,677,570,-1,570,677,673,-1,570,673,573,-1,573,673,593,-1,573,593,577,-1,577,593,588,-1,577,588,582,-1,582,588,590,-1,582,590,544,-1,544,590,72,-1,544,72,74,-1,826,827,828,-1,829,830,831,-1,832,833,834,-1,835,836,837,-1,838,839,840,-1,841,842,843,-1,844,845,846,-1,847,848,849,-1,850,851,852,-1,853,854,855,-1,856,857,858,-1,859,860,861,-1,862,863,864,-1,865,866,867,-1,868,869,870,-1,871,872,873,-1,874,875,876,-1,877,878,879,-1,880,881,882,-1,81,79,883,-1,90,88,884,-1,109,101,885,-1,113,111,886,-1,106,104,887,-1,124,122,888,-1,130,128,889,-1,136,138,890,-1,145,147,891,-1,7,143,892,-1,12,10,893,-1,4,20,894,-1,28,26,895,-1,38,36,896,-1,51,49,897,-1,56,54,898,-1,61,59,899,-1,71,69,900,-1,71,900,73,-1,61,899,63,-1,42,882,44,-1,44,882,881,-1,44,881,46,-1,38,896,40,-1,28,895,30,-1,4,894,5,-1,12,893,14,-1,136,890,155,-1,130,889,132,-1,124,888,120,-1,106,887,116,-1,90,884,92,-1,81,883,83,-1,49,46,897,-1,897,46,881,-1,897,881,901,-1,901,881,880,-1,901,880,902,-1,54,51,898,-1,898,51,897,-1,898,897,903,-1,903,897,901,-1,903,901,904,-1,904,901,902,-1,904,902,905,-1,58,56,906,-1,906,56,898,-1,906,898,907,-1,907,898,903,-1,907,903,908,-1,908,903,904,-1,908,904,909,-1,909,904,905,-1,909,905,910,-1,59,58,899,-1,899,58,906,-1,899,906,911,-1,911,906,907,-1,911,907,912,-1,912,907,908,-1,912,908,913,-1,913,908,909,-1,913,909,914,-1,914,909,910,-1,914,910,915,-1,65,63,916,-1,916,63,899,-1,916,899,917,-1,917,899,911,-1,917,911,918,-1,918,911,912,-1,918,912,919,-1,919,912,913,-1,919,913,920,-1,920,913,914,-1,920,914,921,-1,921,914,915,-1,921,915,922,-1,67,65,923,-1,923,65,916,-1,923,916,924,-1,924,916,917,-1,924,917,925,-1,925,917,918,-1,925,918,926,-1,926,918,919,-1,926,919,927,-1,927,919,920,-1,927,920,928,-1,928,920,921,-1,928,921,929,-1,929,921,922,-1,929,922,930,-1,69,67,900,-1,900,67,923,-1,900,923,931,-1,931,923,924,-1,931,924,932,-1,932,924,925,-1,932,925,933,-1,933,925,926,-1,933,926,934,-1,934,926,927,-1,934,927,935,-1,935,927,928,-1,935,928,936,-1,936,928,929,-1,936,929,937,-1,937,929,930,-1,937,930,938,-1,75,73,939,-1,939,73,900,-1,939,900,940,-1,940,900,931,-1,940,931,941,-1,941,931,932,-1,941,932,942,-1,942,932,933,-1,942,933,943,-1,943,933,934,-1,943,934,944,-1,944,934,935,-1,944,935,945,-1,945,935,936,-1,945,936,946,-1,946,936,937,-1,946,937,947,-1,947,937,938,-1,947,938,948,-1,77,75,949,-1,949,75,939,-1,949,939,950,-1,950,939,940,-1,950,940,951,-1,951,940,941,-1,951,941,952,-1,952,941,942,-1,952,942,953,-1,953,942,943,-1,953,943,954,-1,954,943,944,-1,954,944,955,-1,955,944,945,-1,955,945,956,-1,956,945,946,-1,956,946,957,-1,957,946,947,-1,957,947,958,-1,958,947,948,-1,958,948,828,-1,959,960,961,-1,879,962,963,-1,963,962,964,-1,963,964,965,-1,965,964,966,-1,965,966,967,-1,876,968,969,-1,969,968,970,-1,969,970,971,-1,971,970,972,-1,971,972,973,-1,973,972,974,-1,973,974,975,-1,975,974,976,-1,975,976,977,-1,977,976,978,-1,977,978,979,-1,34,32,980,-1,980,32,981,-1,980,981,982,-1,982,981,983,-1,982,983,984,-1,984,983,985,-1,984,985,986,-1,986,985,987,-1,986,987,988,-1,988,987,989,-1,988,989,990,-1,990,989,991,-1,990,991,992,-1,992,991,993,-1,992,993,994,-1,994,993,995,-1,994,995,996,-1,996,995,997,-1,996,997,998,-1,998,997,999,-1,998,999,1000,-1,1000,999,867,-1,24,23,1001,-1,1001,23,1002,-1,1001,1002,1003,-1,1003,1002,1004,-1,1003,1004,1005,-1,1005,1004,1006,-1,1005,1006,1007,-1,1007,1006,1008,-1,1007,1008,1009,-1,1009,1008,1010,-1,1009,1010,1011,-1,1011,1010,1012,-1,1011,1012,1013,-1,1013,1012,1014,-1,1013,1014,1015,-1,1015,1014,1016,-1,1015,1016,1017,-1,1017,1016,1018,-1,1017,1018,1019,-1,1019,1018,1020,-1,1019,1020,1021,-1,1021,1020,864,-1,18,16,1022,-1,1022,16,1023,-1,1022,1023,1024,-1,1024,1023,1025,-1,1024,1025,1026,-1,1026,1025,1027,-1,1026,1027,1028,-1,1028,1027,1029,-1,1028,1029,1030,-1,1030,1029,1031,-1,1030,1031,1032,-1,1032,1031,1033,-1,1032,1033,1034,-1,1034,1033,1035,-1,1034,1035,1036,-1,1036,1035,1037,-1,1036,1037,1038,-1,1038,1037,1039,-1,1038,1039,1040,-1,1040,1039,1041,-1,1040,1041,1042,-1,1042,1041,861,-1,8,7,1043,-1,1043,7,892,-1,1043,892,1044,-1,1044,892,1045,-1,1044,1045,1046,-1,1046,1045,1047,-1,1046,1047,1048,-1,1048,1047,1049,-1,1048,1049,1050,-1,1050,1049,1051,-1,1050,1051,1052,-1,1052,1051,1053,-1,1052,1053,1054,-1,1054,1053,1055,-1,1054,1055,1056,-1,1056,1055,1057,-1,1056,1057,1058,-1,1058,1057,1059,-1,1058,1059,1060,-1,1060,1059,1061,-1,1060,1061,1062,-1,1062,1061,858,-1,140,134,1063,-1,1063,134,1064,-1,1063,1064,1065,-1,1065,1064,1066,-1,1065,1066,1067,-1,1067,1066,1068,-1,1067,1068,1069,-1,1069,1068,1070,-1,1069,1070,1071,-1,1071,1070,1072,-1,1071,1072,1073,-1,1073,1072,1074,-1,1073,1074,1075,-1,1075,1074,1076,-1,1075,1076,1077,-1,1077,1076,1078,-1,1077,1078,1079,-1,1079,1078,1080,-1,1079,1080,1081,-1,1081,1080,1082,-1,1081,1082,1083,-1,1083,1082,849,-1,127,2,1084,-1,1084,2,1085,-1,1084,1085,1086,-1,1086,1085,1087,-1,1086,1087,1088,-1,1088,1087,1089,-1,1088,1089,1090,-1,1090,1089,1091,-1,1090,1091,1092,-1,1092,1091,1093,-1,1092,1093,1094,-1,1094,1093,1095,-1,1094,1095,1096,-1,1096,1095,1097,-1,1096,1097,1098,-1,1098,1097,1099,-1,1098,1099,1100,-1,1100,1099,1101,-1,1100,1101,1102,-1,1102,1101,1103,-1,1102,1103,1104,-1,1104,1103,846,-1,121,118,1105,-1,1105,118,1106,-1,1105,1106,1107,-1,1107,1106,1108,-1,1107,1108,1109,-1,1109,1108,1110,-1,1109,1110,1111,-1,1111,1110,1112,-1,1111,1112,1113,-1,1113,1112,1114,-1,1113,1114,1115,-1,1115,1114,1116,-1,1115,1116,1117,-1,1117,1116,1118,-1,1117,1118,1119,-1,1119,1118,1120,-1,1119,1120,1121,-1,1121,1120,1122,-1,1121,1122,1123,-1,1123,1122,1124,-1,1123,1124,1125,-1,1125,1124,843,-1,114,113,1126,-1,1126,113,886,-1,1126,886,1127,-1,1127,886,1128,-1,1127,1128,1129,-1,1129,1128,1130,-1,1129,1130,1131,-1,1131,1130,1132,-1,1131,1132,1133,-1,1133,1132,1134,-1,1133,1134,1135,-1,1135,1134,1136,-1,1135,1136,1137,-1,1137,1136,1138,-1,1137,1138,1139,-1,1139,1138,1140,-1,1139,1140,1141,-1,1141,1140,1142,-1,1141,1142,1143,-1,1143,1142,1144,-1,1143,1144,1145,-1,1145,1144,840,-1,87,85,1146,-1,1146,85,1147,-1,1146,1147,1148,-1,1148,1147,1149,-1,1148,1149,1150,-1,1150,1149,1151,-1,1150,1151,1152,-1,1152,1151,1153,-1,1152,1153,1154,-1,1154,1153,1155,-1,1154,1155,1156,-1,1156,1155,1157,-1,1156,1157,1158,-1,1158,1157,1159,-1,1158,1159,1160,-1,1160,1159,1161,-1,1160,1161,1162,-1,1162,1161,1163,-1,1162,1163,1164,-1,1164,1163,1165,-1,1164,1165,1166,-1,1166,1165,831,-1,1167,961,1168,-1,1168,961,960,-1,1168,960,1169,-1,1170,1169,962,-1,962,1169,960,-1,962,960,964,-1,964,960,959,-1,964,959,966,-1,879,878,962,-1,962,878,1171,-1,962,1171,1170,-1,1172,877,1173,-1,1173,877,879,-1,1173,879,1174,-1,1174,879,963,-1,1174,963,1175,-1,1175,963,965,-1,1175,965,1176,-1,1176,965,967,-1,1176,967,1177,-1,1178,1172,968,-1,968,1172,1173,-1,968,1173,970,-1,970,1173,1174,-1,970,1174,972,-1,972,1174,1175,-1,972,1175,974,-1,974,1175,1176,-1,974,1176,976,-1,976,1176,1177,-1,976,1177,978,-1,876,875,968,-1,968,875,1179,-1,968,1179,1178,-1,1180,874,1181,-1,1181,874,876,-1,1181,876,1182,-1,1182,876,969,-1,1182,969,1183,-1,1183,969,971,-1,1183,971,1184,-1,1184,971,973,-1,1184,973,1185,-1,1185,973,975,-1,1185,975,1186,-1,1186,975,977,-1,1186,977,1187,-1,1187,977,979,-1,1187,979,1188,-1,1189,1180,1190,-1,1190,1180,1181,-1,1190,1181,1191,-1,1191,1181,1182,-1,1191,1182,1192,-1,1192,1182,1183,-1,1192,1183,1193,-1,1193,1183,1184,-1,1193,1184,1194,-1,1194,1184,1185,-1,1194,1185,1195,-1,1195,1185,1186,-1,1195,1186,1196,-1,1196,1186,1187,-1,1196,1187,1197,-1,1197,1187,1188,-1,1197,1188,1198,-1,872,1189,873,-1,873,1189,1190,-1,873,1190,1199,-1,1199,1190,1191,-1,1199,1191,1200,-1,1200,1191,1192,-1,1200,1192,1201,-1,1201,1192,1193,-1,1201,1193,1202,-1,1202,1193,1194,-1,1202,1194,1203,-1,1203,1194,1195,-1,1203,1195,1204,-1,1204,1195,1196,-1,1204,1196,1205,-1,1205,1196,1197,-1,1205,1197,1206,-1,1206,1197,1198,-1,1206,1198,1207,-1,869,871,870,-1,870,871,873,-1,870,873,1208,-1,1208,873,1199,-1,1208,1199,1209,-1,1209,1199,1200,-1,1209,1200,1210,-1,1210,1200,1201,-1,1210,1201,1211,-1,1211,1201,1202,-1,1211,1202,1212,-1,1212,1202,1203,-1,1212,1203,1213,-1,1213,1203,1204,-1,1213,1204,1214,-1,1214,1204,1205,-1,1214,1205,1215,-1,1215,1205,1206,-1,1215,1206,1216,-1,1216,1206,1207,-1,1216,1207,1217,-1,1218,868,1219,-1,1219,868,870,-1,1219,870,1220,-1,1220,870,1208,-1,1220,1208,1221,-1,1221,1208,1209,-1,1221,1209,1222,-1,1222,1209,1210,-1,1222,1210,1223,-1,1223,1210,1211,-1,1223,1211,1224,-1,1224,1211,1212,-1,1224,1212,1225,-1,1225,1212,1213,-1,1225,1213,1226,-1,1226,1213,1214,-1,1226,1214,1227,-1,1227,1214,1215,-1,1227,1215,1228,-1,1228,1215,1216,-1,1228,1216,896,-1,896,1216,1217,-1,896,1217,40,-1,40,1217,42,-1,36,34,896,-1,896,34,980,-1,896,980,1228,-1,1228,980,982,-1,1228,982,1227,-1,1227,982,984,-1,1227,984,1226,-1,1226,984,986,-1,1226,986,1225,-1,1225,986,988,-1,1225,988,1224,-1,1224,988,990,-1,1224,990,1223,-1,1223,990,992,-1,1223,992,1222,-1,1222,992,994,-1,1222,994,1221,-1,1221,994,996,-1,1221,996,1220,-1,1220,996,998,-1,1220,998,1219,-1,1219,998,1000,-1,1219,1000,1218,-1,1218,1000,1229,-1,867,866,1000,-1,1000,866,1230,-1,1000,1230,1229,-1,1231,865,1232,-1,1232,865,867,-1,1232,867,1233,-1,1233,867,999,-1,1233,999,1234,-1,1234,999,997,-1,1234,997,1235,-1,1235,997,995,-1,1235,995,1236,-1,1236,995,993,-1,1236,993,1237,-1,1237,993,991,-1,1237,991,1238,-1,1238,991,989,-1,1238,989,1239,-1,1239,989,987,-1,1239,987,1240,-1,1240,987,985,-1,1240,985,1241,-1,1241,985,983,-1,1241,983,895,-1,895,983,981,-1,895,981,30,-1,30,981,32,-1,26,24,895,-1,895,24,1001,-1,895,1001,1241,-1,1241,1001,1003,-1,1241,1003,1240,-1,1240,1003,1005,-1,1240,1005,1239,-1,1239,1005,1007,-1,1239,1007,1238,-1,1238,1007,1009,-1,1238,1009,1237,-1,1237,1009,1011,-1,1237,1011,1236,-1,1236,1011,1013,-1,1236,1013,1235,-1,1235,1013,1015,-1,1235,1015,1234,-1,1234,1015,1017,-1,1234,1017,1233,-1,1233,1017,1019,-1,1233,1019,1232,-1,1232,1019,1021,-1,1232,1021,1231,-1,1231,1021,1242,-1,864,863,1021,-1,1021,863,1243,-1,1021,1243,1242,-1,1244,862,1245,-1,1245,862,864,-1,1245,864,1246,-1,1246,864,1020,-1,1246,1020,1247,-1,1247,1020,1018,-1,1247,1018,1248,-1,1248,1018,1016,-1,1248,1016,1249,-1,1249,1016,1014,-1,1249,1014,1250,-1,1250,1014,1012,-1,1250,1012,1251,-1,1251,1012,1010,-1,1251,1010,1252,-1,1252,1010,1008,-1,1252,1008,1253,-1,1253,1008,1006,-1,1253,1006,1254,-1,1254,1006,1004,-1,1254,1004,894,-1,894,1004,1002,-1,894,1002,5,-1,5,1002,23,-1,20,18,894,-1,894,18,1022,-1,894,1022,1254,-1,1254,1022,1024,-1,1254,1024,1253,-1,1253,1024,1026,-1,1253,1026,1252,-1,1252,1026,1028,-1,1252,1028,1251,-1,1251,1028,1030,-1,1251,1030,1250,-1,1250,1030,1032,-1,1250,1032,1249,-1,1249,1032,1034,-1,1249,1034,1248,-1,1248,1034,1036,-1,1248,1036,1247,-1,1247,1036,1038,-1,1247,1038,1246,-1,1246,1038,1040,-1,1246,1040,1245,-1,1245,1040,1042,-1,1245,1042,1244,-1,1244,1042,1255,-1,861,860,1042,-1,1042,860,1256,-1,1042,1256,1255,-1,1257,859,1258,-1,1258,859,861,-1,1258,861,1259,-1,1259,861,1041,-1,1259,1041,1260,-1,1260,1041,1039,-1,1260,1039,1261,-1,1261,1039,1037,-1,1261,1037,1262,-1,1262,1037,1035,-1,1262,1035,1263,-1,1263,1035,1033,-1,1263,1033,1264,-1,1264,1033,1031,-1,1264,1031,1265,-1,1265,1031,1029,-1,1265,1029,1266,-1,1266,1029,1027,-1,1266,1027,1267,-1,1267,1027,1025,-1,1267,1025,893,-1,893,1025,1023,-1,893,1023,14,-1,14,1023,16,-1,10,8,893,-1,893,8,1043,-1,893,1043,1267,-1,1267,1043,1044,-1,1267,1044,1266,-1,1266,1044,1046,-1,1266,1046,1265,-1,1265,1046,1048,-1,1265,1048,1264,-1,1264,1048,1050,-1,1264,1050,1263,-1,1263,1050,1052,-1,1263,1052,1262,-1,1262,1052,1054,-1,1262,1054,1261,-1,1261,1054,1056,-1,1261,1056,1260,-1,1260,1056,1058,-1,1260,1058,1259,-1,1259,1058,1060,-1,1259,1060,1258,-1,1258,1060,1062,-1,1258,1062,1257,-1,1257,1062,1268,-1,858,857,1062,-1,1062,857,1269,-1,1062,1269,1268,-1,1270,856,1271,-1,1271,856,858,-1,1271,858,1272,-1,1272,858,1061,-1,1272,1061,1273,-1,1273,1061,1059,-1,1273,1059,1274,-1,1274,1059,1057,-1,1274,1057,1275,-1,1275,1057,1055,-1,1275,1055,1276,-1,1276,1055,1053,-1,1276,1053,1277,-1,1277,1053,1051,-1,1277,1051,1278,-1,1278,1051,1049,-1,1278,1049,1279,-1,1279,1049,1047,-1,1279,1047,1280,-1,1280,1047,1045,-1,1280,1045,891,-1,891,1045,892,-1,891,892,145,-1,145,892,143,-1,147,149,891,-1,891,149,1281,-1,891,1281,1280,-1,1280,1281,1282,-1,1280,1282,1279,-1,1279,1282,1283,-1,1279,1283,1278,-1,1278,1283,1284,-1,1278,1284,1277,-1,1277,1284,1285,-1,1277,1285,1276,-1,1276,1285,1286,-1,1276,1286,1275,-1,1275,1286,1287,-1,1275,1287,1274,-1,1274,1287,1288,-1,1274,1288,1273,-1,1273,1288,1289,-1,1273,1289,1272,-1,1272,1289,1290,-1,1272,1290,1271,-1,1271,1290,1291,-1,1271,1291,1270,-1,1270,1291,1292,-1,149,151,1281,-1,1281,151,1293,-1,1281,1293,1282,-1,1282,1293,1294,-1,1282,1294,1283,-1,1283,1294,1295,-1,1283,1295,1284,-1,1284,1295,1296,-1,1284,1296,1285,-1,1285,1296,1297,-1,1285,1297,1286,-1,1286,1297,1298,-1,1286,1298,1287,-1,1287,1298,1299,-1,1287,1299,1288,-1,1288,1299,1300,-1,1288,1300,1289,-1,1289,1300,1301,-1,1289,1301,1290,-1,1290,1301,1302,-1,1290,1302,1291,-1,1291,1302,855,-1,1291,855,1292,-1,1292,855,854,-1,151,153,1293,-1,1293,153,1303,-1,1293,1303,1294,-1,1294,1303,1304,-1,1294,1304,1295,-1,1295,1304,1305,-1,1295,1305,1296,-1,1296,1305,1306,-1,1296,1306,1297,-1,1297,1306,1307,-1,1297,1307,1298,-1,1298,1307,1308,-1,1298,1308,1299,-1,1299,1308,1309,-1,1299,1309,1300,-1,1300,1309,1310,-1,1300,1310,1301,-1,1301,1310,1311,-1,1301,1311,1302,-1,1302,1311,1312,-1,1302,1312,855,-1,855,1312,852,-1,855,852,853,-1,853,852,851,-1,1313,850,1314,-1,1314,850,852,-1,1314,852,1315,-1,1315,852,1312,-1,1315,1312,1316,-1,1316,1312,1311,-1,1316,1311,1317,-1,1317,1311,1310,-1,1317,1310,1318,-1,1318,1310,1309,-1,1318,1309,1319,-1,1319,1309,1308,-1,1319,1308,1320,-1,1320,1308,1307,-1,1320,1307,1321,-1,1321,1307,1306,-1,1321,1306,1322,-1,1322,1306,1305,-1,1322,1305,1323,-1,1323,1305,1304,-1,1323,1304,890,-1,890,1304,1303,-1,890,1303,155,-1,155,1303,153,-1,138,140,890,-1,890,140,1063,-1,890,1063,1323,-1,1323,1063,1065,-1,1323,1065,1322,-1,1322,1065,1067,-1,1322,1067,1321,-1,1321,1067,1069,-1,1321,1069,1320,-1,1320,1069,1071,-1,1320,1071,1319,-1,1319,1071,1073,-1,1319,1073,1318,-1,1318,1073,1075,-1,1318,1075,1317,-1,1317,1075,1077,-1,1317,1077,1316,-1,1316,1077,1079,-1,1316,1079,1315,-1,1315,1079,1081,-1,1315,1081,1314,-1,1314,1081,1083,-1,1314,1083,1313,-1,1313,1083,1324,-1,849,848,1083,-1,1083,848,1325,-1,1083,1325,1324,-1,1326,847,1327,-1,1327,847,849,-1,1327,849,1328,-1,1328,849,1082,-1,1328,1082,1329,-1,1329,1082,1080,-1,1329,1080,1330,-1,1330,1080,1078,-1,1330,1078,1331,-1,1331,1078,1076,-1,1331,1076,1332,-1,1332,1076,1074,-1,1332,1074,1333,-1,1333,1074,1072,-1,1333,1072,1334,-1,1334,1072,1070,-1,1334,1070,1335,-1,1335,1070,1068,-1,1335,1068,1336,-1,1336,1068,1066,-1,1336,1066,889,-1,889,1066,1064,-1,889,1064,132,-1,132,1064,134,-1,128,127,889,-1,889,127,1084,-1,889,1084,1336,-1,1336,1084,1086,-1,1336,1086,1335,-1,1335,1086,1088,-1,1335,1088,1334,-1,1334,1088,1090,-1,1334,1090,1333,-1,1333,1090,1092,-1,1333,1092,1332,-1,1332,1092,1094,-1,1332,1094,1331,-1,1331,1094,1096,-1,1331,1096,1330,-1,1330,1096,1098,-1,1330,1098,1329,-1,1329,1098,1100,-1,1329,1100,1328,-1,1328,1100,1102,-1,1328,1102,1327,-1,1327,1102,1104,-1,1327,1104,1326,-1,1326,1104,1337,-1,846,845,1104,-1,1104,845,1338,-1,1104,1338,1337,-1,1339,844,1340,-1,1340,844,846,-1,1340,846,1341,-1,1341,846,1103,-1,1341,1103,1342,-1,1342,1103,1101,-1,1342,1101,1343,-1,1343,1101,1099,-1,1343,1099,1344,-1,1344,1099,1097,-1,1344,1097,1345,-1,1345,1097,1095,-1,1345,1095,1346,-1,1346,1095,1093,-1,1346,1093,1347,-1,1347,1093,1091,-1,1347,1091,1348,-1,1348,1091,1089,-1,1348,1089,1349,-1,1349,1089,1087,-1,1349,1087,888,-1,888,1087,1085,-1,888,1085,120,-1,120,1085,2,-1,122,121,888,-1,888,121,1105,-1,888,1105,1349,-1,1349,1105,1107,-1,1349,1107,1348,-1,1348,1107,1109,-1,1348,1109,1347,-1,1347,1109,1111,-1,1347,1111,1346,-1,1346,1111,1113,-1,1346,1113,1345,-1,1345,1113,1115,-1,1345,1115,1344,-1,1344,1115,1117,-1,1344,1117,1343,-1,1343,1117,1119,-1,1343,1119,1342,-1,1342,1119,1121,-1,1342,1121,1341,-1,1341,1121,1123,-1,1341,1123,1340,-1,1340,1123,1125,-1,1340,1125,1339,-1,1339,1125,1350,-1,843,842,1125,-1,1125,842,1351,-1,1125,1351,1350,-1,1352,841,1353,-1,1353,841,843,-1,1353,843,1354,-1,1354,843,1124,-1,1354,1124,1355,-1,1355,1124,1122,-1,1355,1122,1356,-1,1356,1122,1120,-1,1356,1120,1357,-1,1357,1120,1118,-1,1357,1118,1358,-1,1358,1118,1116,-1,1358,1116,1359,-1,1359,1116,1114,-1,1359,1114,1360,-1,1360,1114,1112,-1,1360,1112,1361,-1,1361,1112,1110,-1,1361,1110,1362,-1,1362,1110,1108,-1,1362,1108,887,-1,887,1108,1106,-1,887,1106,116,-1,116,1106,118,-1,104,114,887,-1,887,114,1126,-1,887,1126,1362,-1,1362,1126,1127,-1,1362,1127,1361,-1,1361,1127,1129,-1,1361,1129,1360,-1,1360,1129,1131,-1,1360,1131,1359,-1,1359,1131,1133,-1,1359,1133,1358,-1,1358,1133,1135,-1,1358,1135,1357,-1,1357,1135,1137,-1,1357,1137,1356,-1,1356,1137,1139,-1,1356,1139,1355,-1,1355,1139,1141,-1,1355,1141,1354,-1,1354,1141,1143,-1,1354,1143,1353,-1,1353,1143,1145,-1,1353,1145,1352,-1,1352,1145,1363,-1,840,839,1145,-1,1145,839,1364,-1,1145,1364,1363,-1,1365,838,1366,-1,1366,838,840,-1,1366,840,1367,-1,1367,840,1144,-1,1367,1144,1368,-1,1368,1144,1142,-1,1368,1142,1369,-1,1369,1142,1140,-1,1369,1140,1370,-1,1370,1140,1138,-1,1370,1138,1371,-1,1371,1138,1136,-1,1371,1136,1372,-1,1372,1136,1134,-1,1372,1134,1373,-1,1373,1134,1132,-1,1373,1132,1374,-1,1374,1132,1130,-1,1374,1130,1375,-1,1375,1130,1128,-1,1375,1128,885,-1,885,1128,886,-1,885,886,109,-1,109,886,111,-1,101,99,885,-1,885,99,1376,-1,885,1376,1375,-1,1375,1376,1377,-1,1375,1377,1374,-1,1374,1377,1378,-1,1374,1378,1373,-1,1373,1378,1379,-1,1373,1379,1372,-1,1372,1379,1380,-1,1372,1380,1371,-1,1371,1380,1381,-1,1371,1381,1370,-1,1370,1381,1382,-1,1370,1382,1369,-1,1369,1382,1383,-1,1369,1383,1368,-1,1368,1383,1384,-1,1368,1384,1367,-1,1367,1384,1385,-1,1367,1385,1366,-1,1366,1385,1386,-1,1366,1386,1365,-1,1365,1386,1387,-1,99,97,1376,-1,1376,97,1388,-1,1376,1388,1377,-1,1377,1388,1389,-1,1377,1389,1378,-1,1378,1389,1390,-1,1378,1390,1379,-1,1379,1390,1391,-1,1379,1391,1380,-1,1380,1391,1392,-1,1380,1392,1381,-1,1381,1392,1393,-1,1381,1393,1382,-1,1382,1393,1394,-1,1382,1394,1383,-1,1383,1394,1395,-1,1383,1395,1384,-1,1384,1395,1396,-1,1384,1396,1385,-1,1385,1396,1397,-1,1385,1397,1386,-1,1386,1397,837,-1,1386,837,1387,-1,1387,837,836,-1,97,95,1388,-1,1388,95,1398,-1,1388,1398,1389,-1,1389,1398,1399,-1,1389,1399,1390,-1,1390,1399,1400,-1,1390,1400,1391,-1,1391,1400,1401,-1,1391,1401,1392,-1,1392,1401,1402,-1,1392,1402,1393,-1,1393,1402,1403,-1,1393,1403,1394,-1,1394,1403,1404,-1,1394,1404,1395,-1,1395,1404,1405,-1,1395,1405,1396,-1,1396,1405,1406,-1,1396,1406,1397,-1,1397,1406,1407,-1,1397,1407,837,-1,837,1407,834,-1,837,834,835,-1,835,834,833,-1,1408,832,1409,-1,1409,832,834,-1,1409,834,1410,-1,1410,834,1407,-1,1410,1407,1411,-1,1411,1407,1406,-1,1411,1406,1412,-1,1412,1406,1405,-1,1412,1405,1413,-1,1413,1405,1404,-1,1413,1404,1414,-1,1414,1404,1403,-1,1414,1403,1415,-1,1415,1403,1402,-1,1415,1402,1416,-1,1416,1402,1401,-1,1416,1401,1417,-1,1417,1401,1400,-1,1417,1400,1418,-1,1418,1400,1399,-1,1418,1399,884,-1,884,1399,1398,-1,884,1398,92,-1,92,1398,95,-1,88,87,884,-1,884,87,1146,-1,884,1146,1418,-1,1418,1146,1148,-1,1418,1148,1417,-1,1417,1148,1150,-1,1417,1150,1416,-1,1416,1150,1152,-1,1416,1152,1415,-1,1415,1152,1154,-1,1415,1154,1414,-1,1414,1154,1156,-1,1414,1156,1413,-1,1413,1156,1158,-1,1413,1158,1412,-1,1412,1158,1160,-1,1412,1160,1411,-1,1411,1160,1162,-1,1411,1162,1410,-1,1410,1162,1164,-1,1410,1164,1409,-1,1409,1164,1166,-1,1409,1166,1408,-1,1408,1166,1419,-1,831,830,1166,-1,1166,830,1420,-1,1166,1420,1419,-1,1421,829,1422,-1,1422,829,831,-1,1422,831,1423,-1,1423,831,1165,-1,1423,1165,1424,-1,1424,1165,1163,-1,1424,1163,1425,-1,1425,1163,1161,-1,1425,1161,1426,-1,1426,1161,1159,-1,1426,1159,1427,-1,1427,1159,1157,-1,1427,1157,1428,-1,1428,1157,1155,-1,1428,1155,1429,-1,1429,1155,1153,-1,1429,1153,1430,-1,1430,1153,1151,-1,1430,1151,1431,-1,1431,1151,1149,-1,1431,1149,883,-1,883,1149,1147,-1,883,1147,83,-1,83,1147,85,-1,79,77,883,-1,883,77,949,-1,883,949,1431,-1,1431,949,950,-1,1431,950,1430,-1,1430,950,951,-1,1430,951,1429,-1,1429,951,952,-1,1429,952,1428,-1,1428,952,953,-1,1428,953,1427,-1,1427,953,954,-1,1427,954,1426,-1,1426,954,955,-1,1426,955,1425,-1,1425,955,956,-1,1425,956,1424,-1,1424,956,957,-1,1424,957,1423,-1,1423,957,958,-1,1423,958,1422,-1,1422,958,828,-1,1422,828,1421,-1,1421,828,827,-1,42,1217,882,-1,882,1217,1207,-1,882,1207,880,-1,880,1207,1198,-1,880,1198,902,-1,902,1198,1188,-1,902,1188,905,-1,905,1188,979,-1,905,979,910,-1,910,979,978,-1,910,978,915,-1,915,978,1177,-1,915,1177,922,-1,922,1177,967,-1,922,967,930,-1,930,967,966,-1,930,966,938,-1,938,966,959,-1,938,959,948,-1,948,959,961,-1,948,961,828,-1,828,961,1167,-1,828,1167,826,-1,1432,1433,1434,-1,1432,1434,1435,-1,1436,1437,1434,-1,1434,1437,1438,-1,1434,1438,1435,-1,1439,1440,1434,-1,1434,1440,1441,-1,1434,1441,1436,-1,1442,1443,1434,-1,1434,1443,1444,-1,1434,1444,1439,-1,1445,1446,1434,-1,1434,1446,1447,-1,1434,1447,1442,-1,1448,1449,1434,-1,1434,1449,1450,-1,1434,1450,1445,-1,1451,1452,1434,-1,1434,1452,1453,-1,1434,1453,1448,-1,1454,1455,1434,-1,1434,1455,1456,-1,1434,1456,1451,-1,1433,1457,1434,-1,1434,1457,1458,-1,1434,1458,1454,-1,1445,1459,1446,-1,1446,1459,1460,-1,1446,1460,1447,-1,1447,1460,1461,-1,1447,1461,1442,-1,1442,1461,1462,-1,1442,1462,1443,-1,1443,1462,1463,-1,1443,1463,1444,-1,1444,1463,1464,-1,1444,1464,1439,-1,1439,1464,1465,-1,1439,1465,1440,-1,1440,1465,1466,-1,1440,1466,1441,-1,1441,1466,1467,-1,1441,1467,1436,-1,1436,1467,1468,-1,1436,1468,1437,-1,1437,1468,1469,-1,1437,1469,1438,-1,1438,1469,1470,-1,1438,1470,1435,-1,1435,1470,1471,-1,1435,1471,1432,-1,1432,1471,1472,-1,1432,1472,1433,-1,1433,1472,1473,-1,1433,1473,1457,-1,1457,1473,1474,-1,1457,1474,1458,-1,1458,1474,1475,-1,1458,1475,1454,-1,1454,1475,1476,-1,1454,1476,1455,-1,1455,1476,1477,-1,1455,1477,1456,-1,1456,1477,1478,-1,1456,1478,1451,-1,1451,1478,1479,-1,1451,1479,1452,-1,1452,1479,1480,-1,1452,1480,1453,-1,1453,1480,1481,-1,1453,1481,1448,-1,1448,1481,1482,-1,1448,1482,1449,-1,1449,1482,1483,-1,1449,1483,1450,-1,1450,1483,1484,-1,1450,1484,1445,-1,1445,1484,1459,-1,1482,1485,1483,-1,1483,1485,1486,-1,1483,1486,1484,-1,1484,1486,1487,-1,1484,1487,1459,-1,1480,1488,1481,-1,1481,1488,1489,-1,1481,1489,1482,-1,1482,1489,1490,-1,1482,1490,1485,-1,1476,1491,1477,-1,1477,1491,1492,-1,1477,1492,1478,-1,1492,1493,1478,-1,1478,1493,1494,-1,1478,1494,1479,-1,1479,1494,1495,-1,1479,1495,1480,-1,1480,1495,1496,-1,1480,1496,1488,-1,1474,1497,1475,-1,1475,1497,1498,-1,1475,1498,1476,-1,1476,1498,1499,-1,1476,1499,1491,-1,1467,1500,1468,-1,1468,1500,1501,-1,1468,1501,1469,-1,1501,1502,1469,-1,1469,1502,1503,-1,1469,1503,1470,-1,1470,1503,1504,-1,1470,1504,1471,-1,1471,1504,1505,-1,1471,1505,1472,-1,1505,1506,1472,-1,1472,1506,1507,-1,1472,1507,1473,-1,1473,1507,1508,-1,1473,1508,1474,-1,1474,1508,1509,-1,1474,1509,1497,-1,1465,1510,1466,-1,1466,1510,1511,-1,1466,1511,1467,-1,1467,1511,1512,-1,1467,1512,1500,-1,1487,1513,1459,-1,1459,1513,1514,-1,1459,1514,1460,-1,1460,1514,1515,-1,1460,1515,1461,-1,1463,1516,1464,-1,1464,1516,1517,-1,1464,1517,1465,-1,1465,1517,1518,-1,1465,1518,1510,-1,1515,1519,1461,-1,1461,1519,1520,-1,1461,1520,1462,-1,1462,1520,1521,-1,1462,1521,1463,-1,1463,1521,1522,-1,1463,1522,1516,-1,1487,1523,1513,-1,1513,1523,1524,-1,1513,1524,1514,-1,1514,1524,1525,-1,1514,1525,1515,-1,1515,1525,1526,-1,1515,1526,1519,-1,1519,1526,1527,-1,1519,1527,1520,-1,1520,1527,1528,-1,1520,1528,1521,-1,1521,1528,1529,-1,1521,1529,1522,-1,1522,1529,1530,-1,1522,1530,1516,-1,1516,1530,1531,-1,1516,1531,1517,-1,1517,1531,1532,-1,1517,1532,1518,-1,1518,1532,1533,-1,1518,1533,1510,-1,1510,1533,1534,-1,1510,1534,1511,-1,1511,1534,1535,-1,1511,1535,1512,-1,1512,1535,1536,-1,1512,1536,1500,-1,1500,1536,1537,-1,1500,1537,1501,-1,1501,1537,1538,-1,1501,1538,1502,-1,1502,1538,1539,-1,1502,1539,1503,-1,1503,1539,1540,-1,1503,1540,1504,-1,1504,1540,1541,-1,1504,1541,1505,-1,1505,1541,1542,-1,1505,1542,1506,-1,1506,1542,1543,-1,1506,1543,1507,-1,1507,1543,1544,-1,1507,1544,1508,-1,1508,1544,1545,-1,1508,1545,1509,-1,1509,1545,1546,-1,1509,1546,1497,-1,1497,1546,1547,-1,1497,1547,1498,-1,1498,1547,1548,-1,1498,1548,1499,-1,1499,1548,1549,-1,1499,1549,1491,-1,1491,1549,1550,-1,1491,1550,1492,-1,1492,1550,1551,-1,1492,1551,1493,-1,1493,1551,1552,-1,1493,1552,1494,-1,1494,1552,1553,-1,1494,1553,1495,-1,1495,1553,1554,-1,1495,1554,1496,-1,1496,1554,1555,-1,1496,1555,1488,-1,1488,1555,1556,-1,1488,1556,1489,-1,1489,1556,1557,-1,1489,1557,1490,-1,1490,1557,1558,-1,1490,1558,1485,-1,1485,1558,1559,-1,1485,1559,1486,-1,1486,1559,1560,-1,1486,1560,1487,-1,1487,1560,1523,-1,1561,1556,1562,-1,1562,1556,1555,-1,1562,1555,1563,-1,1563,1555,1554,-1,1563,1554,1564,-1,1564,1554,1553,-1,1564,1553,1565,-1,1565,1553,1552,-1,1565,1552,1566,-1,1566,1552,1551,-1,1566,1551,1567,-1,1568,1526,1569,-1,1569,1526,1525,-1,1569,1525,1570,-1,1570,1525,1524,-1,1570,1524,1571,-1,1571,1524,1523,-1,1571,1523,1572,-1,1572,1523,1560,-1,1572,1560,1573,-1,1573,1560,1559,-1,1573,1559,1574,-1,1574,1559,1558,-1,1574,1558,1561,-1,1561,1558,1557,-1,1561,1557,1556,-1,1575,1533,1576,-1,1576,1533,1532,-1,1576,1532,1577,-1,1577,1532,1531,-1,1577,1531,1578,-1,1578,1531,1530,-1,1578,1530,1579,-1,1579,1530,1529,-1,1579,1529,1580,-1,1580,1529,1528,-1,1580,1528,1568,-1,1568,1528,1527,-1,1568,1527,1526,-1,1551,1550,1567,-1,1567,1550,1549,-1,1567,1549,1581,-1,1581,1549,1548,-1,1581,1548,1582,-1,1582,1548,1547,-1,1582,1547,1583,-1,1583,1547,1546,-1,1583,1546,1584,-1,1584,1546,1545,-1,1584,1545,1585,-1,1585,1545,1544,-1,1585,1544,1586,-1,1586,1544,1543,-1,1586,1543,1587,-1,1587,1543,1542,-1,1587,1542,1588,-1,1588,1542,1541,-1,1588,1541,1589,-1,1589,1541,1540,-1,1589,1540,1590,-1,1590,1540,1539,-1,1590,1539,1591,-1,1591,1539,1538,-1,1591,1538,1592,-1,1592,1538,1537,-1,1592,1537,1593,-1,1593,1537,1536,-1,1593,1536,1594,-1,1594,1536,1535,-1,1594,1535,1575,-1,1575,1535,1534,-1,1575,1534,1533,-1,1595,1596,1594,-1,1597,1598,1599,-1,1600,1601,1602,-1,1603,1604,1605,-1,1606,1607,1608,-1,1609,1610,1611,-1,1612,1613,1614,-1,1615,1616,1617,-1,1618,1619,1620,-1,1621,1622,1623,-1,1624,1625,1626,-1,1626,1627,1624,-1,1624,1627,1628,-1,1624,1628,1629,-1,1630,1631,1632,-1,1632,1633,1630,-1,1630,1633,1634,-1,1630,1634,1635,-1,1635,1634,1636,-1,1635,1636,1637,-1,1637,1638,1635,-1,1635,1638,1639,-1,1635,1639,1640,-1,1641,1642,1643,-1,1643,1642,1644,-1,1643,1644,1630,-1,1630,1644,1645,-1,1646,1647,1578,-1,1578,1647,1648,-1,1648,1649,1578,-1,1578,1649,1650,-1,1578,1650,1651,-1,1652,1653,1654,-1,1654,1653,1655,-1,1656,1578,1655,-1,1655,1578,1651,-1,1655,1651,1654,-1,1578,1657,1658,-1,1659,1660,1661,-1,1661,1660,1662,-1,1661,1662,1663,-1,1664,1665,1666,-1,1666,1665,1661,-1,1666,1661,1667,-1,1667,1661,1663,-1,1664,1668,1665,-1,1665,1668,1669,-1,1665,1669,1670,-1,1670,1671,1665,-1,1665,1671,1672,-1,1665,1672,1673,-1,1673,1674,1675,-1,1675,1674,1676,-1,1675,1676,1677,-1,1677,1678,1675,-1,1675,1678,1679,-1,1675,1679,1680,-1,1680,1681,1675,-1,1675,1681,1682,-1,1675,1682,1683,-1,1683,1682,1684,-1,1683,1684,1685,-1,1686,1687,1688,-1,1688,1687,1689,-1,1688,1689,1684,-1,1684,1689,1690,-1,1684,1690,1685,-1,1691,1692,1688,-1,1688,1692,1693,-1,1688,1693,1694,-1,1694,1695,1688,-1,1688,1695,1696,-1,1688,1696,1697,-1,1697,1698,1688,-1,1688,1698,1699,-1,1688,1699,1700,-1,1700,1701,1688,-1,1688,1701,1702,-1,1688,1702,1703,-1,1703,1704,1688,-1,1688,1704,1705,-1,1688,1705,1686,-1,1656,1706,1707,-1,1707,1708,1656,-1,1656,1708,1709,-1,1656,1709,1710,-1,1710,1711,1656,-1,1656,1711,1712,-1,1656,1712,1713,-1,1713,1714,1656,-1,1656,1714,1715,-1,1656,1715,1578,-1,1578,1715,1716,-1,1578,1716,1657,-1,1629,1717,1624,-1,1624,1717,1576,-1,1624,1576,1718,-1,1718,1576,1577,-1,1718,1577,1661,-1,1661,1577,1578,-1,1661,1578,1659,-1,1659,1578,1658,-1,1719,1720,1721,-1,1721,1720,1675,-1,1722,1723,1724,-1,1724,1725,1722,-1,1722,1725,1726,-1,1722,1726,1727,-1,1727,1728,1722,-1,1722,1728,1729,-1,1722,1729,1730,-1,1730,1731,1722,-1,1722,1731,1732,-1,1722,1732,1733,-1,1733,1732,1653,-1,1733,1653,1734,-1,1721,1735,1736,-1,1736,1735,1737,-1,1736,1737,1738,-1,1723,1722,1739,-1,1739,1722,1740,-1,1739,1740,1741,-1,1738,1742,1736,-1,1736,1742,1743,-1,1736,1743,1744,-1,1741,1745,1739,-1,1739,1745,1746,-1,1739,1746,1747,-1,1747,1746,1748,-1,1747,1748,1749,-1,1749,1748,1750,-1,1749,1750,1744,-1,1744,1750,1751,-1,1744,1751,1736,-1,1736,1751,1752,-1,1736,1752,1753,-1,1754,1755,1756,-1,1756,1755,1736,-1,1756,1736,1757,-1,1757,1736,1753,-1,1758,1759,1760,-1,1761,1762,1760,-1,1642,1763,1764,-1,1765,1766,1644,-1,1764,1767,1642,-1,1642,1767,1768,-1,1642,1768,1769,-1,1769,1770,1642,-1,1642,1770,1771,-1,1642,1771,1644,-1,1644,1771,1772,-1,1644,1772,1765,-1,1766,1773,1644,-1,1644,1773,1774,-1,1644,1774,1775,-1,1775,1776,1644,-1,1644,1776,1777,-1,1644,1777,1778,-1,1778,1779,1644,-1,1644,1779,1780,-1,1644,1780,1760,-1,1760,1780,1781,-1,1760,1781,1761,-1,1782,1783,1784,-1,1784,1783,1785,-1,1784,1785,1786,-1,1786,1787,1784,-1,1784,1787,1788,-1,1784,1788,1789,-1,1789,1790,1784,-1,1784,1790,1791,-1,1784,1791,1763,-1,1763,1791,1792,-1,1763,1792,1764,-1,1793,1794,1795,-1,1640,1626,1635,-1,1635,1626,1625,-1,1635,1625,1796,-1,1796,1625,1797,-1,1796,1797,1784,-1,1784,1797,1795,-1,1784,1795,1782,-1,1782,1795,1794,-1,1798,1799,1736,-1,1800,1736,1795,-1,1795,1736,1799,-1,1795,1799,1793,-1,1762,1801,1760,-1,1760,1801,1798,-1,1760,1798,1758,-1,1758,1798,1736,-1,1802,1803,1804,-1,1804,1803,1805,-1,1806,1807,1808,-1,1808,1807,1803,-1,1808,1803,1809,-1,1809,1803,1802,-1,1807,1810,1803,-1,1803,1810,1811,-1,1803,1811,1805,-1,1805,1811,1812,-1,1805,1812,1813,-1,1813,1814,1805,-1,1805,1814,1815,-1,1805,1815,1816,-1,1816,1817,1805,-1,1805,1817,1818,-1,1805,1818,1819,-1,1820,1821,1801,-1,1821,1822,1801,-1,1801,1822,1823,-1,1801,1823,1824,-1,1824,1825,1801,-1,1801,1825,1826,-1,1801,1826,1827,-1,1827,1828,1801,-1,1801,1828,1829,-1,1801,1829,1798,-1,1830,1831,1801,-1,1801,1831,1819,-1,1801,1819,1820,-1,1830,1832,1831,-1,1831,1832,1833,-1,1831,1833,1819,-1,1819,1833,1834,-1,1819,1834,1805,-1,1835,1836,1837,-1,1837,1836,1838,-1,1838,1839,1837,-1,1837,1839,1840,-1,1837,1840,1841,-1,1841,1842,1837,-1,1837,1842,1843,-1,1837,1843,1844,-1,1845,1846,1608,-1,1844,1847,1837,-1,1837,1847,1845,-1,1837,1845,1848,-1,1848,1845,1608,-1,1835,1837,1849,-1,1849,1837,1850,-1,1849,1850,1652,-1,1652,1850,1851,-1,1652,1851,1653,-1,1653,1851,1852,-1,1653,1852,1734,-1,1853,1854,1855,-1,1856,1857,1858,-1,1859,1860,1861,-1,1859,1861,1862,-1,1853,1855,1861,-1,1861,1855,1863,-1,1861,1863,1862,-1,1864,1865,1866,-1,1865,1867,1866,-1,1866,1867,1868,-1,1866,1868,1869,-1,1869,1870,1866,-1,1866,1870,1871,-1,1866,1871,1872,-1,1858,1873,1856,-1,1856,1873,1861,-1,1856,1861,1866,-1,1866,1861,1860,-1,1866,1860,1864,-1,1874,1875,1876,-1,1876,1875,1877,-1,1876,1877,1878,-1,1878,1877,1856,-1,1754,1879,1755,-1,1755,1879,1857,-1,1755,1857,1880,-1,1881,1882,1883,-1,1883,1882,1884,-1,1885,1886,1887,-1,1887,1886,1888,-1,1887,1888,1889,-1,1889,1890,1887,-1,1887,1890,1891,-1,1887,1891,1877,-1,1891,1892,1877,-1,1877,1892,1893,-1,1877,1893,1894,-1,1895,1856,1896,-1,1896,1856,1877,-1,1896,1877,1897,-1,1897,1877,1894,-1,1895,1898,1856,-1,1856,1898,1899,-1,1856,1899,1881,-1,1759,1884,1760,-1,1760,1884,1882,-1,1760,1882,1900,-1,1900,1882,1901,-1,1900,1901,1902,-1,1902,1903,1900,-1,1900,1903,1904,-1,1900,1904,1905,-1,1905,1906,1900,-1,1900,1906,1907,-1,1900,1907,1908,-1,1908,1909,1900,-1,1900,1909,1910,-1,1900,1910,1911,-1,1911,1912,1900,-1,1900,1912,1913,-1,1900,1913,1887,-1,1887,1913,1914,-1,1887,1914,1885,-1,1915,1916,1917,-1,1917,1916,1876,-1,1917,1876,1918,-1,1918,1876,1878,-1,1918,1878,1919,-1,1919,1878,1920,-1,1919,1920,1921,-1,1921,1920,1922,-1,1921,1922,1923,-1,1915,1924,1916,-1,1916,1924,1925,-1,1916,1925,1926,-1,1927,1928,1578,-1,1578,1928,1929,-1,1929,1930,1578,-1,1578,1930,1931,-1,1578,1931,1932,-1,1932,1933,1578,-1,1578,1933,1934,-1,1578,1934,1854,-1,1935,1936,1853,-1,1611,1610,1937,-1,1937,1610,1938,-1,1938,1610,1939,-1,1938,1939,1940,-1,1940,1939,1853,-1,1853,1939,1941,-1,1853,1941,1935,-1,1936,1942,1853,-1,1853,1942,1943,-1,1853,1943,1944,-1,1944,1945,1853,-1,1853,1945,1946,-1,1853,1946,1854,-1,1854,1946,1947,-1,1854,1947,1948,-1,1948,1949,1854,-1,1854,1949,1950,-1,1854,1950,1951,-1,1951,1952,1854,-1,1854,1952,1953,-1,1854,1953,1954,-1,1954,1955,1854,-1,1854,1955,1956,-1,1854,1956,1578,-1,1578,1956,1957,-1,1578,1957,1646,-1,1958,1881,1959,-1,1959,1881,1883,-1,1959,1883,1623,-1,1623,1883,1960,-1,1623,1960,1621,-1,1857,1856,1880,-1,1880,1856,1881,-1,1880,1881,1961,-1,1961,1881,1958,-1,1961,1958,1620,-1,1620,1958,1962,-1,1620,1962,1618,-1,1963,1964,1965,-1,1887,1966,1900,-1,1900,1966,1967,-1,1900,1967,1968,-1,1968,1967,1969,-1,1968,1969,1963,-1,1970,1579,1971,-1,1971,1579,1580,-1,1971,1580,1972,-1,1972,1580,1973,-1,1972,1973,1974,-1,1975,1976,1977,-1,1977,1976,1978,-1,1979,1980,1981,-1,1981,1980,1982,-1,1981,1982,1970,-1,1970,1982,1983,-1,1983,1984,1970,-1,1970,1984,1985,-1,1970,1985,1986,-1,1986,1987,1970,-1,1970,1987,1988,-1,1970,1988,1579,-1,1579,1988,1989,-1,1579,1989,1990,-1,1990,1991,1579,-1,1579,1991,1992,-1,1579,1992,1975,-1,1993,1994,1964,-1,1994,1995,1964,-1,1964,1995,1996,-1,1964,1996,1965,-1,1965,1996,1997,-1,1965,1997,1998,-1,1998,1999,1965,-1,1965,1999,2000,-1,1965,2000,2001,-1,2001,2002,1965,-1,1965,2002,2003,-1,1965,2003,1981,-1,1981,2003,2004,-1,1981,2004,1979,-1,2005,2006,2007,-1,2007,2006,2008,-1,2008,2006,2009,-1,2008,2009,2010,-1,1874,1978,1875,-1,1875,1978,1976,-1,1875,1976,2007,-1,2007,1976,2011,-1,2007,2011,2005,-1,2005,2011,2012,-1,2005,2012,1964,-1,1964,2012,2013,-1,1964,2013,1993,-1,1721,1736,1719,-1,1719,1736,1800,-1,1719,1800,1617,-1,1617,1800,2014,-1,1617,2014,1615,-1,1673,1675,1665,-1,1665,1675,1720,-1,1665,1720,1614,-1,1614,1720,2015,-1,1614,2015,1612,-1,1611,2016,1609,-1,1609,2016,2017,-1,1609,2017,2018,-1,2018,2019,1609,-1,1609,2019,2020,-1,1609,2020,2021,-1,2021,2022,1609,-1,1609,2022,2023,-1,1609,2023,2024,-1,2025,2026,1609,-1,2027,2025,2028,-1,2028,2025,1609,-1,2028,1609,2029,-1,2029,1609,2024,-1,2026,2030,1609,-1,1609,2030,2031,-1,1609,2031,2032,-1,2032,2031,2033,-1,1846,2034,1608,-1,1608,2034,2035,-1,1608,2035,2036,-1,2036,2037,1608,-1,1608,2037,2038,-1,1608,2038,2039,-1,2039,2040,1608,-1,1608,2040,2041,-1,1608,2041,2042,-1,2043,1606,2044,-1,2044,1606,1608,-1,2044,1608,2045,-1,2045,1608,2042,-1,2046,1975,2047,-1,2047,1975,1977,-1,2047,1977,1605,-1,1605,1977,2048,-1,1605,2048,1603,-1,1926,1927,1916,-1,1916,1927,1578,-1,1916,1578,2049,-1,2049,1578,1579,-1,2049,1579,2050,-1,2050,1579,1975,-1,2050,1975,2051,-1,2051,1975,2046,-1,2051,2046,1602,-1,1602,2046,2052,-1,1602,2052,1600,-1,1963,1965,1968,-1,1968,1965,2053,-1,1968,2053,2054,-1,2053,2055,2054,-1,2054,2055,2056,-1,2054,2056,2057,-1,2058,2059,1387,-1,2060,2061,2062,-1,1387,2063,2060,-1,2060,2062,1387,-1,1387,2062,2064,-1,1387,2064,2058,-1,2059,2065,1387,-1,1387,2065,2066,-1,1387,2066,1599,-1,1599,2066,2067,-1,1599,2067,1597,-1,1594,1596,1593,-1,1593,1596,2068,-1,1593,2068,2069,-1,2069,2070,1593,-1,1593,2070,2071,-1,1593,2071,2072,-1,2073,1593,2074,-1,2074,1593,2072,-1,2074,2072,2075,-1,2073,2076,1593,-1,1593,2076,2077,-1,1593,2077,2078,-1,2078,2079,1593,-1,1593,2079,2080,-1,1593,2080,2081,-1,2081,2082,1593,-1,1593,2082,2083,-1,1593,2083,2084,-1,2085,2086,2087,-1,2087,2088,2085,-1,2085,2088,2089,-1,2085,2089,2090,-1,2090,2091,2085,-1,2085,2091,2092,-1,2085,2092,2093,-1,2093,2094,2085,-1,2085,2094,2095,-1,2085,2095,2096,-1,2096,2097,2085,-1,2085,2097,2098,-1,2085,2098,1387,-1,1387,2098,2099,-1,1387,2099,2063,-1,2100,2101,2102,-1,2102,2101,2103,-1,2104,2105,1575,-1,1575,2105,2106,-1,2106,2107,1575,-1,1575,2107,2108,-1,1575,2108,2109,-1,2109,2110,1575,-1,1575,2110,2111,-1,1575,2111,2112,-1,2113,2114,1594,-1,2112,2115,1575,-1,1575,2115,2116,-1,1575,2116,1594,-1,1594,2116,2117,-1,1594,2117,2113,-1,2114,2118,1594,-1,1594,2118,2119,-1,1594,2119,1595,-1,2120,2121,2122,-1,2121,2123,2122,-1,2122,2123,2124,-1,2122,2124,2125,-1,2126,2127,2128,-1,2129,2130,2131,-1,2131,2132,2129,-1,2129,2132,2133,-1,2129,2133,2126,-1,2126,2128,2129,-1,2129,2128,2134,-1,2129,2134,2135,-1,2135,2136,2129,-1,2129,2136,2137,-1,2129,2137,2138,-1,2138,2139,2129,-1,2129,2139,2140,-1,2129,2140,2141,-1,2141,2142,2129,-1,2129,2142,2143,-1,2129,2143,2144,-1,2145,2146,2147,-1,2144,2148,2129,-1,2129,2148,2149,-1,2129,2149,2150,-1,2150,2149,2151,-1,2150,2151,2147,-1,2147,2151,2152,-1,2147,2152,2145,-1,2146,2153,2147,-1,2147,2153,2154,-1,2147,2154,2122,-1,2122,2154,2155,-1,2122,2155,2120,-1,1717,2156,1576,-1,1576,2156,2157,-1,1576,2157,2158,-1,2158,2159,1576,-1,1576,2159,2160,-1,1576,2160,2161,-1,2161,2162,1576,-1,1576,2162,2163,-1,1576,2163,1575,-1,1575,2163,2164,-1,1575,2164,2165,-1,2165,2166,1575,-1,1575,2166,2167,-1,1575,2167,2168,-1,2168,2169,1575,-1,1575,2169,2170,-1,1575,2170,2171,-1,2171,2172,1575,-1,1575,2172,2173,-1,1575,2173,2174,-1,2174,2175,1575,-1,1575,2175,2102,-1,1575,2102,2104,-1,2104,2102,2103,-1,2175,2176,2102,-1,2102,2176,2177,-1,2102,2177,2178,-1,2179,2180,2181,-1,2181,2180,2102,-1,2181,2102,2182,-1,2182,2102,2178,-1,2179,2183,2180,-1,2180,2183,2184,-1,2180,2184,2185,-1,2186,2129,2187,-1,2187,2129,2180,-1,2187,2180,2188,-1,2188,2180,2185,-1,2186,2189,2129,-1,2129,2189,2190,-1,2129,2190,2191,-1,2191,2192,2129,-1,2129,2192,2193,-1,2129,2193,2194,-1,2194,2195,2129,-1,2129,2195,2196,-1,2129,2196,2197,-1,2197,2198,2129,-1,2129,2198,2199,-1,2129,2199,2130,-1,2200,2201,2202,-1,2202,2201,2203,-1,2203,2204,2202,-1,2202,2204,2205,-1,2202,2205,2206,-1,2206,2207,2202,-1,2202,2207,2208,-1,2202,2208,2209,-1,2210,2211,2212,-1,2212,2211,2202,-1,2212,2202,2213,-1,2213,2202,2209,-1,2200,2202,2214,-1,2214,2202,2215,-1,2214,2215,2216,-1,2125,2217,2122,-1,2122,2217,2214,-1,2122,2214,2218,-1,2218,2214,2216,-1,2219,2220,2221,-1,2222,2223,2224,-1,2224,2223,2221,-1,2224,2221,2225,-1,2225,2221,2220,-1,2225,2220,2226,-1,2227,2228,2210,-1,2219,2221,2229,-1,2229,2221,2230,-1,2229,2230,2210,-1,2210,2230,2231,-1,2210,2231,2227,-1,2228,2232,2210,-1,2210,2232,2233,-1,2210,2233,2211,-1,2234,2235,2236,-1,2236,2237,2234,-1,2234,2237,2238,-1,2234,2238,2239,-1,2239,2238,2240,-1,2239,2240,2241,-1,2241,2242,2239,-1,2239,2242,2243,-1,2239,2243,2244,-1,2245,2246,2247,-1,2235,2234,2246,-1,2246,2234,2248,-1,2246,2248,2247,-1,2249,2250,2224,-1,2224,2250,2251,-1,2224,2251,2222,-1,2249,2252,2250,-1,2250,2252,2253,-1,2250,2253,2254,-1,2254,2255,2250,-1,2250,2255,2256,-1,2250,2256,2257,-1,2257,2258,2250,-1,2250,2258,2259,-1,2250,2259,2260,-1,2260,2259,2261,-1,2260,2261,2247,-1,2247,2261,2262,-1,2247,2262,2245,-1,1598,2263,1599,-1,1599,2263,2264,-1,1599,2264,1645,-1,1645,2264,2265,-1,2265,2266,1645,-1,1645,2266,2267,-1,1645,2267,2268,-1,2268,2269,1645,-1,1645,2269,2270,-1,1645,2270,2271,-1,2271,2272,1645,-1,1645,2272,2273,-1,1645,2273,2274,-1,2274,2275,1645,-1,1645,2275,2276,-1,1645,2276,1630,-1,1630,2276,2277,-1,1630,2277,1631,-1,2278,1167,1588,-1,1588,1167,1587,-1,1588,1589,2278,-1,2278,1589,1590,-1,2278,1590,2279,-1,2279,1590,1591,-1,2279,1591,2280,-1,2280,1591,1592,-1,2280,1592,2281,-1,2281,1592,1593,-1,2281,1593,2085,-1,2085,1593,2084,-1,2085,2084,2086,-1,1167,2282,1587,-1,1587,2282,2283,-1,1587,2283,1586,-1,1586,2283,2284,-1,1586,2284,1585,-1,1585,2284,2285,-1,1585,2285,1584,-1,1584,2285,2286,-1,1584,2286,1583,-1,1583,2286,1189,-1,1583,1189,1582,-1,1582,1189,2287,-1,1582,2287,1581,-1,1581,2287,2288,-1,1581,2288,1567,-1,1567,2288,2289,-1,1567,2289,1566,-1,1566,2289,2290,-1,1566,2290,1565,-1,1565,2290,2291,-1,1565,2291,1564,-1,1564,2291,2292,-1,1564,2292,1563,-1,1563,2292,2293,-1,1563,2293,1562,-1,1562,2293,2294,-1,1562,2294,1561,-1,1561,2294,2295,-1,1561,2295,1574,-1,1574,2295,2296,-1,1574,2296,1573,-1,1573,2296,1292,-1,1573,1292,1572,-1,1572,1292,2297,-1,1572,2297,1571,-1,1571,2297,2298,-1,1571,2298,1570,-1,1570,2298,2299,-1,1570,2299,1569,-1,1569,2299,2054,-1,1569,2054,1568,-1,1568,2054,2057,-1,1568,2057,1580,-1,1580,2057,2300,-1,1580,2300,1973,-1,1973,2300,2301,-1,1973,2301,2302,-1,
        ]
    }
}
Shape{
    appearance Appearance {
        material  Material 	{
            diffuseColor 0.0 0.0 0.0
            specularColor 0.0 0.0 0.0
            ambientIntensity 0.0
            transparency 0.0
            shininess 0.5
        }
    }
    geometry IndexedFaceSet {
        ccw TRUE
        solid FALSE
        coord DEF co Coordinate {
            point [
                -0.0099 0.2886 0.2418, -0.01 0.2925 0.2418, -0.0099 0.2886 0.2089, -0.01 0.2925 0.2089, -0.0051 0.2887 0.2418, -0.0052 0.2927 0.2418, -0.0051 0.2887 0.2047, -0.0052 0.2927 0.2047, -0.0246 0.2877 0.2047, -0.025 0.2916 0.2047, -0.0137 0.2885 0.2047, -0.0246 0.2877 0.2089, -0.025 0.2916 0.2089, -0.0137 0.2885 0.2089, -0.0442 0.2854 0.2083, -0.0448 0.2893 0.2083, -0.0466 0.285 0.2087, -0.0472 0.2889 0.2087, -0.0492 0.2846 0.209, -0.0498 0.2885 0.209, -0.0502 0.2844 0.2095, -0.0509 0.2882 0.2095, -0.0536 0.2838 0.2108, -0.0544 0.2876 0.2108, -0.0348 0.2867 0.2122, -0.0352 0.2906 0.2122, -0.0368 0.2864 0.2106, -0.0373 0.2903 0.2106, -0.0372 0.2864 0.2103, -0.0377 0.2903 0.2104, -0.0389 0.2861 0.2096, -0.0394 0.29 0.2096, -0.0401 0.286 0.209, -0.0406 0.2899 0.2091, -0.0413 0.2858 0.2088, -0.0419 0.2897 0.2088, -0.0312 0.2871 0.2228, -0.0316 0.291 0.2228, -0.0315 0.2871 0.2193, -0.0319 0.291 0.2193, -0.0316 0.287 0.2183, -0.0319 0.291 0.2189, -0.0321 0.287 0.2171, -0.0334 0.2908 0.2151, -0.0327 0.2869 0.2154, -0.0329 0.2909 0.216, -0.0325 0.2909 0.2171, -0.0329 0.2869 0.215, -0.035 0.2866 0.234, -0.0355 0.2906 0.234, -0.0338 0.2868 0.2323, -0.0343 0.2907 0.2323, -0.0334 0.2868 0.2317, -0.0339 0.2908 0.2316, -0.0326 0.2869 0.2298, -0.0331 0.2908 0.2298, -0.0319 0.287 0.2281, -0.0324 0.2909 0.2281, -0.0318 0.287 0.2269, -0.0322 0.2909 0.2269, -0.045 0.2852 0.2381, -0.0456 0.2891 0.2381, -0.0415 0.2858 0.2376, -0.0421 0.2897 0.2376, -0.0407 0.2859 0.2375, -0.0412 0.2898 0.2375, -0.0396 0.2861 0.237, -0.0401 0.29 0.237, -0.0383 0.2862 0.2365, -0.0388 0.2901 0.2364, -0.0379 0.2863 0.2362, -0.0384 0.2902 0.2362, -0.0523 0.284 0.2364, -0.0536 0.2838 0.2359, -0.0544 0.2876 0.2359, -0.0498 0.2884 0.2374, -0.0495 0.2845 0.2374, -0.0511 0.2882 0.2372, -0.0531 0.2879 0.2364, -0.0491 0.2846 0.2375, -0.0536 0.2838 0.2409, -0.0544 0.2876 0.2409, -0.0503 0.2884 0.2419, -0.0496 0.2845 0.242, -0.049 0.2886 0.2422, -0.045 0.2853 0.2424, -0.0456 0.2891 0.2424, -0.0315 0.2871 0.2369, -0.0319 0.291 0.2369, -0.0315 0.2871 0.237, -0.032 0.291 0.237, -0.035 0.2866 0.2396, -0.0355 0.2905 0.2396, -0.036 0.2865 0.2403, -0.0364 0.2905 0.2402, -0.0377 0.2863 0.241, -0.0382 0.2902 0.2409, -0.0394 0.2861 0.2417, -0.0398 0.29 0.2416, -0.0403 0.286 0.2418, -0.0408 0.2898 0.2417, -0.0262 0.2876 0.2225, -0.0265 0.2915 0.2225, -0.0267 0.2875 0.2268, -0.0271 0.2915 0.2268, -0.0269 0.2875 0.2281, -0.0272 0.2914 0.2282, -0.0278 0.2874 0.2305, -0.0281 0.2914 0.2305, -0.0286 0.2874 0.2329, -0.029 0.2913 0.2329, -0.0293 0.2873 0.2339, -0.0297 0.2912 0.2339, -0.0309 0.2871 0.2091, -0.0313 0.291 0.2091, -0.029 0.2873 0.2118, -0.0294 0.2912 0.2119, -0.0283 0.2874 0.2128, -0.0286 0.2913 0.2131, -0.0276 0.2875 0.2147, -0.028 0.2914 0.2147, -0.0269 0.2875 0.2166, -0.0271 0.2915 0.2169, -0.0267 0.2875 0.2175, -0.0271 0.2915 0.2175, -0.0435 0.2855 0.2041, -0.0441 0.2894 0.2041, -0.0421 0.2857 0.2041, -0.0426 0.2896 0.2043, -0.0341 0.2907 0.207, -0.0336 0.2868 0.2069, -0.0353 0.2906 0.2061, -0.0344 0.2867 0.2063, -0.0363 0.2905 0.2057, -0.0358 0.2866 0.2057, -0.0384 0.2902 0.2048, -0.0374 0.2864 0.2049, -0.0387 0.2901 0.2048, -0.0382 0.2862 0.2048, -0.042 0.2857 0.2042, -0.0525 0.284 0.2059, -0.0536 0.2838 0.2062, -0.0544 0.2876 0.2062, -0.0533 0.2878 0.2058, -0.0509 0.2883 0.205, -0.049 0.2846 0.2047, -0.0497 0.2885 0.2048, -0.0656 0.2812 0.2214, -0.0665 0.2851 0.2214, -0.0656 0.2812 0.2089, -0.0665 0.2851 0.2089, -0.0784 0.2779 0.2214, -0.0795 0.2817 0.2214, -0.0681 0.2806 0.2214, -0.0784 0.2779 0.2256, -0.0795 0.2817 0.2256, -0.0665 0.2851 0.2256, -0.0681 0.2806 0.2256, -0.0656 0.2812 0.2256, -0.0656 0.2812 0.2375, -0.0665 0.2851 0.2375, -0.0794 0.2776 0.2375, -0.0805 0.2814 0.2375, -0.0681 0.2806 0.2375, -0.0794 0.2776 0.2418, -0.0805 0.2814 0.2418, -0.0617 0.2861 0.2418, -0.0681 0.2806 0.2418, -0.0609 0.2823 0.2418, -0.0609 0.2823 0.2047, -0.0617 0.2861 0.2047, -0.0802 0.2774 0.2047, -0.0813 0.2812 0.2047, -0.0681 0.2806 0.2047, -0.0802 0.2774 0.2089, -0.0813 0.2812 0.2089, -0.0681 0.2806 0.2089, -0.0983 0.2757 0.2418, -0.097 0.272 0.2418, -0.0881 0.2791 0.2418, -0.0869 0.2754 0.2418, -0.0997 0.271 0.2414, -0.1011 0.2747 0.2415, -0.1011 0.2705 0.2413, -0.1024 0.2742 0.2413, -0.1035 0.2696 0.2405, -0.1049 0.2733 0.2405, -0.1059 0.2687 0.2397, -0.1073 0.2723 0.2397, -0.1069 0.2683 0.239, -0.1083 0.2719 0.239, -0.11 0.267 0.2369, -0.1115 0.2706 0.2369, -0.1131 0.27 0.2348, -0.1114 0.2664 0.2353, -0.1123 0.2703 0.236, -0.1168 0.2684 0.2237, -0.1152 0.2648 0.2237, -0.1162 0.2687 0.228, -0.1147 0.265 0.228, -0.1161 0.2687 0.2291, -0.1146 0.2651 0.2291, -0.1156 0.2689 0.2305, -0.1141 0.2653 0.2305, -0.1149 0.2692 0.2324, -0.1134 0.2656 0.2322, -0.1147 0.2693 0.2327, -0.1131 0.2657 0.2327, -0.1117 0.2663 0.2349, -0.115 0.2649 0.2224, -0.1166 0.2685 0.2224, -0.1145 0.2651 0.2187, -0.1161 0.2687 0.2187, -0.1144 0.2651 0.218, -0.116 0.2688 0.218, -0.1134 0.2656 0.2154, -0.1149 0.2692 0.2154, -0.1127 0.2659 0.2137, -0.1143 0.2695 0.2137, -0.1118 0.2663 0.2124, -0.1133 0.2699 0.2124, -0.11 0.267 0.2099, -0.1115 0.2706 0.2099, -0.1079 0.2679 0.2082, -0.1094 0.2715 0.2082, -0.1071 0.2682 0.2076, -0.1087 0.2718 0.2077, -0.105 0.269 0.2067, -0.1064 0.2727 0.2067, -0.1029 0.2698 0.2057, -0.1044 0.2735 0.2057, -0.1015 0.2703 0.2055, -0.1029 0.274 0.2055, -0.0966 0.2721 0.2047, -0.0979 0.2759 0.2047, -0.0881 0.2791 0.2047, -0.0869 0.2754 0.2047, -0.1121 0.2704 0.2233, -0.112 0.2704 0.2226, -0.1116 0.2706 0.2194, -0.1115 0.2707 0.2184, -0.1111 0.2708 0.2174, -0.1105 0.2711 0.2159, -0.1102 0.2712 0.2155, -0.1083 0.2719 0.2128, -0.1067 0.2726 0.2116, -0.1062 0.2728 0.2112, -0.1045 0.2734 0.2104, -0.103 0.274 0.2097, -0.1018 0.2744 0.2095, -0.0979 0.2759 0.2089, -0.0927 0.2776 0.2089, -0.0927 0.2776 0.2375, -0.0981 0.2758 0.2375, -0.1001 0.2751 0.2373, -0.101 0.2747 0.2372, -0.1032 0.2739 0.2365, -0.1049 0.2733 0.236, -0.1059 0.2729 0.2354, -0.1082 0.272 0.234, -0.1087 0.2718 0.2334, -0.1101 0.2712 0.2315, -0.1103 0.2712 0.2312, -0.111 0.2709 0.2294, -0.1114 0.2707 0.2283, -0.1116 0.2706 0.2268, -0.1121 0.2704 0.2236, -0.0966 0.2722 0.2089, -0.0915 0.2739 0.2089, -0.1069 0.2683 0.2128, -0.1053 0.2689 0.2116, -0.1048 0.2691 0.2112, -0.1031 0.2697 0.2104, -0.1016 0.2703 0.2097, -0.1005 0.2707 0.2095, -0.1106 0.2668 0.2236, -0.1105 0.2668 0.2233, -0.1101 0.267 0.2194, -0.1101 0.267 0.219, -0.1096 0.2672 0.2174, -0.1087 0.2675 0.2156, -0.1093 0.2673 0.2164, -0.1068 0.2683 0.234, -0.1073 0.2681 0.2334, -0.1086 0.2676 0.2315, -0.1095 0.2672 0.2294, -0.1101 0.267 0.2268, -0.1099 0.2671 0.2283, -0.0968 0.2721 0.2375, -0.0987 0.2714 0.2373, -0.0997 0.271 0.2372, -0.1018 0.2702 0.2365, -0.1035 0.2696 0.236, -0.1045 0.2692 0.2354, -0.0915 0.2739 0.2375
            ]
        }
        coordIndex [
            0,1,2,-1,2,1,3,-1,4,5,0,-1,0,5,1,-1,6,7,4,-1,4,7,5,-1,8,9,10,-1,10,9,7,-1,10,7,6,-1,11,12,8,-1,8,12,9,-1,12,11,3,-1,3,11,13,-1,3,13,2,-1,1,5,3,-1,3,5,7,-1,3,7,12,-1,12,7,9,-1,14,15,16,-1,16,15,17,-1,16,17,18,-1,18,17,19,-1,18,19,20,-1,20,19,21,-1,20,21,22,-1,22,21,23,-1,24,25,26,-1,26,25,27,-1,26,27,28,-1,28,27,29,-1,28,29,30,-1,30,29,31,-1,30,31,32,-1,32,31,33,-1,32,33,34,-1,34,33,35,-1,34,35,14,-1,14,35,15,-1,36,37,38,-1,38,37,39,-1,38,39,40,-1,40,39,41,-1,40,41,42,-1,43,44,45,-1,45,44,42,-1,45,42,46,-1,46,42,41,-1,25,24,43,-1,43,24,47,-1,43,47,44,-1,48,49,50,-1,50,49,51,-1,50,51,52,-1,52,51,53,-1,52,53,54,-1,54,53,55,-1,54,55,56,-1,56,55,57,-1,56,57,58,-1,58,57,59,-1,58,59,36,-1,36,59,37,-1,60,61,62,-1,62,61,63,-1,62,63,64,-1,64,63,65,-1,64,65,66,-1,66,65,67,-1,66,67,68,-1,68,67,69,-1,68,69,70,-1,70,69,71,-1,70,71,48,-1,48,71,49,-1,72,73,74,-1,75,76,77,-1,77,76,72,-1,77,72,78,-1,78,72,74,-1,61,60,75,-1,75,60,79,-1,75,79,76,-1,80,81,73,-1,73,81,74,-1,81,80,82,-1,82,80,83,-1,82,83,84,-1,84,83,85,-1,84,85,86,-1,87,88,89,-1,89,88,90,-1,89,90,91,-1,91,90,92,-1,91,92,93,-1,93,92,94,-1,93,94,95,-1,95,94,96,-1,95,96,97,-1,97,96,98,-1,97,98,99,-1,99,98,100,-1,99,100,85,-1,85,100,86,-1,101,102,103,-1,103,102,104,-1,103,104,105,-1,105,104,106,-1,105,106,107,-1,107,106,108,-1,107,108,109,-1,109,108,110,-1,109,110,111,-1,111,110,112,-1,111,112,87,-1,87,112,88,-1,113,114,115,-1,115,114,116,-1,115,116,117,-1,117,116,118,-1,117,118,119,-1,119,118,120,-1,119,120,121,-1,121,120,122,-1,121,122,123,-1,123,122,124,-1,123,124,101,-1,101,124,102,-1,125,126,127,-1,127,126,128,-1,114,113,129,-1,129,113,130,-1,129,130,131,-1,131,130,132,-1,131,132,133,-1,133,132,134,-1,133,134,135,-1,135,134,136,-1,135,136,137,-1,137,136,138,-1,137,138,128,-1,128,138,139,-1,128,139,127,-1,140,141,142,-1,142,143,140,-1,140,143,144,-1,140,144,145,-1,145,144,146,-1,145,146,125,-1,125,146,126,-1,23,142,22,-1,22,142,141,-1,142,23,143,-1,143,23,21,-1,143,21,144,-1,144,21,19,-1,144,19,146,-1,146,19,17,-1,146,17,126,-1,126,17,15,-1,126,15,128,-1,128,15,35,-1,128,35,137,-1,137,35,33,-1,137,33,135,-1,135,33,31,-1,135,31,133,-1,133,31,29,-1,133,29,131,-1,131,29,129,-1,129,29,27,-1,129,27,114,-1,114,27,25,-1,114,25,116,-1,116,25,43,-1,116,43,118,-1,118,43,45,-1,118,45,120,-1,120,45,46,-1,120,46,122,-1,122,46,41,-1,122,41,124,-1,124,41,39,-1,124,39,102,-1,102,39,37,-1,102,37,104,-1,104,37,59,-1,104,59,106,-1,106,59,108,-1,108,59,57,-1,108,57,110,-1,110,57,55,-1,110,55,112,-1,55,53,112,-1,112,53,51,-1,112,51,88,-1,88,51,49,-1,88,49,90,-1,90,49,92,-1,92,49,71,-1,92,71,94,-1,94,71,69,-1,94,69,96,-1,96,69,67,-1,96,67,98,-1,98,67,65,-1,98,65,100,-1,100,65,63,-1,100,63,86,-1,86,63,61,-1,86,61,84,-1,84,61,75,-1,84,75,82,-1,82,75,77,-1,82,77,81,-1,81,77,78,-1,81,78,74,-1,147,148,149,-1,149,148,150,-1,151,152,153,-1,153,152,148,-1,153,148,147,-1,154,155,151,-1,151,155,152,-1,155,154,156,-1,156,154,157,-1,156,157,158,-1,159,160,158,-1,158,160,156,-1,161,162,163,-1,163,162,160,-1,163,160,159,-1,164,165,161,-1,161,165,162,-1,165,164,166,-1,166,164,167,-1,166,167,168,-1,169,170,168,-1,168,170,166,-1,171,172,173,-1,173,172,170,-1,173,170,169,-1,174,175,171,-1,171,175,172,-1,175,174,150,-1,150,174,176,-1,150,176,149,-1,170,172,175,-1,175,150,170,-1,170,150,148,-1,170,148,166,-1,162,165,160,-1,160,165,166,-1,160,166,156,-1,156,166,148,-1,156,148,155,-1,155,148,152,-1,177,178,179,-1,179,178,180,-1,178,177,181,-1,181,177,182,-1,181,182,183,-1,183,182,184,-1,183,184,185,-1,185,184,186,-1,185,186,187,-1,187,186,188,-1,187,188,189,-1,189,188,190,-1,189,190,191,-1,191,190,192,-1,193,194,195,-1,195,194,191,-1,195,191,192,-1,196,197,198,-1,198,197,199,-1,198,199,200,-1,200,199,201,-1,200,201,202,-1,202,201,203,-1,202,203,204,-1,204,203,205,-1,204,205,206,-1,206,205,207,-1,206,207,193,-1,193,207,208,-1,193,208,194,-1,197,196,209,-1,209,196,210,-1,209,210,211,-1,211,210,212,-1,211,212,213,-1,213,212,214,-1,213,214,215,-1,215,214,216,-1,215,216,217,-1,217,216,218,-1,217,218,219,-1,219,218,220,-1,219,220,221,-1,221,220,222,-1,221,222,223,-1,223,222,224,-1,223,224,225,-1,225,224,226,-1,225,226,227,-1,227,226,228,-1,227,228,229,-1,229,228,230,-1,229,230,231,-1,231,230,232,-1,231,232,233,-1,233,232,234,-1,235,236,234,-1,234,236,233,-1,180,236,179,-1,179,236,235,-1,196,237,210,-1,210,237,238,-1,210,238,212,-1,212,238,239,-1,212,239,214,-1,214,239,240,-1,214,240,216,-1,216,240,241,-1,216,241,218,-1,218,241,242,-1,218,242,220,-1,220,242,243,-1,220,243,222,-1,222,243,244,-1,222,244,224,-1,224,244,245,-1,224,245,226,-1,226,245,246,-1,226,246,228,-1,228,246,247,-1,228,247,230,-1,230,247,248,-1,230,248,232,-1,232,248,249,-1,232,249,234,-1,234,249,250,-1,234,250,235,-1,235,250,251,-1,235,251,179,-1,179,251,252,-1,179,252,177,-1,252,253,177,-1,177,253,254,-1,177,254,182,-1,182,254,255,-1,182,255,184,-1,184,255,256,-1,184,256,186,-1,186,256,188,-1,188,256,257,-1,188,257,190,-1,190,257,258,-1,190,258,192,-1,192,258,259,-1,192,259,195,-1,195,259,260,-1,195,260,193,-1,193,260,261,-1,193,261,206,-1,206,261,262,-1,206,262,204,-1,204,262,263,-1,204,263,202,-1,202,263,200,-1,200,263,264,-1,200,264,198,-1,198,264,265,-1,198,265,196,-1,196,265,266,-1,196,266,237,-1,250,267,251,-1,251,267,268,-1,244,269,245,-1,245,269,270,-1,245,270,246,-1,246,270,271,-1,246,271,247,-1,247,271,272,-1,247,272,248,-1,248,272,273,-1,248,273,249,-1,249,273,274,-1,249,274,250,-1,250,274,267,-1,266,275,237,-1,237,275,276,-1,237,276,238,-1,238,276,239,-1,276,277,239,-1,239,277,278,-1,239,278,240,-1,240,278,279,-1,269,244,280,-1,280,244,243,-1,280,243,281,-1,281,243,242,-1,281,242,279,-1,279,242,241,-1,279,241,240,-1,259,282,260,-1,260,282,283,-1,260,283,261,-1,261,283,284,-1,261,284,262,-1,262,284,285,-1,275,266,286,-1,286,266,265,-1,286,265,287,-1,287,265,264,-1,287,264,285,-1,285,264,263,-1,285,263,262,-1,253,288,254,-1,254,288,289,-1,254,289,255,-1,255,289,290,-1,255,290,256,-1,256,290,291,-1,256,291,257,-1,257,291,292,-1,257,292,258,-1,258,292,293,-1,258,293,259,-1,259,293,282,-1,252,294,253,-1,253,294,288,-1,252,251,294,-1,294,251,268,-1,
        ]
    }
}
Shape{
    appearance Appearance {
        material  Material 	{
            diffuseColor 0.9686274509803922 0.8784313725490196 0.6
            specularColor 0.6784313725490196 0.615686274509804 0.4196078431372549
            ambientIntensity 0.8737
            transparency 0.0
            shininess 0.5
        }
    }
    geometry IndexedFaceSet {
        ccw TRUE
        solid FALSE
        coord DEF co Coordinate {
            point [
                -0.1005 0.2707 0.2095, -0.0915 0.2739 0.2375, -0.0966 0.2722 0.2089, -0.0915 0.2739 0.2089, -0.1016 0.2703 0.2097, -0.1031 0.2697 0.2104, -0.1048 0.2691 0.2112, -0.1053 0.2689 0.2116, -0.1069 0.2683 0.2128, -0.1087 0.2675 0.2156, -0.1093 0.2673 0.2164, -0.1096 0.2672 0.2174, -0.1101 0.267 0.219, -0.1045 0.2692 0.2354, -0.1035 0.2696 0.236, -0.1018 0.2702 0.2365, -0.1106 0.2668 0.2236, -0.1101 0.267 0.2268, -0.1099 0.2671 0.2283, -0.1095 0.2672 0.2294, -0.1086 0.2676 0.2315, -0.1073 0.2681 0.2334, -0.1068 0.2683 0.234, -0.1105 0.2668 0.2233, -0.0997 0.271 0.2372, -0.0987 0.2714 0.2373, -0.1101 0.267 0.2194, -0.0968 0.2721 0.2375
            ]
        }
        coordIndex [
            0,1,2,-1,2,1,3,-1,0,4,1,-1,1,4,5,-1,1,5,6,-1,6,7,1,-1,1,7,8,-1,1,8,9,-1,9,10,1,-1,1,10,11,-1,1,11,12,-1,13,14,15,-1,16,17,15,-1,15,17,18,-1,15,18,19,-1,19,20,15,-1,15,20,21,-1,15,21,13,-1,13,21,22,-1,16,15,23,-1,23,15,24,-1,23,24,25,-1,12,26,1,-1,1,26,23,-1,1,23,27,-1,27,23,25,-1,
        ]
    }
}
Shape{
    appearance Appearance {
        material  Material 	{
            diffuseColor 0.0 0.0 0.0
            specularColor 0.0 0.0 0.0
            ambientIntensity 0.0
            transparency 0.0
            shininess 0.5
        }
    }
    geometry IndexedFaceSet {
        ccw TRUE
        solid FALSE
        coord DEF co Coordinate {
            point [
                -0.1316 0.2615 0.2418, -0.1298 0.2579 0.2418, -0.1235 0.261 0.2232, -0.1187 0.2676 0.2047, -0.12 0.2627 0.213, -0.1171 0.264 0.2047, -0.1235 0.2654 0.2047, -0.12 0.2627 0.2047, -0.1219 0.2618 0.2047, -0.1251 0.2603 0.2148, -0.1268 0.2638 0.2148, -0.1235 0.261 0.2098, -0.1388 0.2532 0.2148, -0.1407 0.2567 0.2148, -0.1441 0.2548 0.2047, -0.1405 0.2523 0.2098, -0.1421 0.2514 0.2047, -0.1467 0.2487 0.2047, -0.1487 0.2521 0.2047, -0.1344 0.2556 0.2418, -0.1362 0.2591 0.2418, -0.1406 0.2522 0.2232, -0.1282 0.2632 0.219, -0.1394 0.2574 0.219, -0.1307 0.2619 0.2267, -0.1332 0.2606 0.2344, -0.1338 0.2603 0.237, -0.1344 0.26 0.2344, -0.1369 0.2587 0.2267, -0.1314 0.2571 0.2344, -0.1321 0.2568 0.237, -0.1326 0.2565 0.2344, -0.1375 0.2539 0.219, -0.1265 0.2596 0.219
            ]
        }
        coordIndex [
            0,1,2,-1,0,2,3,-1,3,2,4,-1,3,4,5,-1,3,5,6,-1,6,5,7,-1,6,7,8,-1,9,10,11,-1,11,10,6,-1,11,6,8,-1,12,13,9,-1,9,13,10,-1,13,12,14,-1,14,12,15,-1,14,15,16,-1,17,18,16,-1,16,18,14,-1,19,20,21,-1,21,20,18,-1,21,18,17,-1,0,20,1,-1,1,20,19,-1,22,10,23,-1,23,10,13,-1,24,0,22,-1,22,0,3,-1,22,3,10,-1,10,3,6,-1,24,25,0,-1,0,25,26,-1,0,26,20,-1,20,26,27,-1,27,28,20,-1,20,28,23,-1,20,23,18,-1,18,23,13,-1,18,13,14,-1,25,29,26,-1,26,29,30,-1,26,30,27,-1,27,30,31,-1,32,23,31,-1,31,23,28,-1,31,28,27,-1,33,22,32,-1,32,22,23,-1,22,33,24,-1,24,33,29,-1,24,29,25,-1,
        ]
    }
}
Shape{
    appearance Appearance {
        material  Material 	{
            diffuseColor 0.9686274509803922 0.8784313725490196 0.6
            specularColor 0.6784313725490196 0.615686274509804 0.4196078431372549
            ambientIntensity 0.8737
            transparency 0.0
            shininess 0.5
        }
    }
    geometry IndexedFaceSet {
        ccw TRUE
        solid FALSE
        coord DEF co Coordinate {
            point [
                -0.1265 0.2596 0.219, -0.1375 0.2539 0.219, -0.1314 0.2571 0.2344, -0.1326 0.2565 0.2344, -0.1321 0.2568 0.237
            ]
        }
        coordIndex [
            0,1,2,-1,2,1,3,-1,2,3,4,-1,
        ]
    }
}
Shape{
    appearance Appearance {
        material  Material 	{
            diffuseColor 0.0 0.0 0.0
            specularColor 0.0 0.0 0.0
            ambientIntensity 0.0
            transparency 0.0
            shininess 0.5
        }
    }
    geometry IndexedFaceSet {
        ccw TRUE
        solid FALSE
        coord DEF co Coordinate {
            point [
                -0.0099 0.2886 0.1626, -0.01 0.2925 0.1626, -0.0099 0.2886 0.1501, -0.01 0.2925 0.1501, -0.0231 0.2879 0.1626, -0.0235 0.2918 0.1626, -0.0137 0.2885 0.1626, -0.0231 0.2879 0.1668, -0.0235 0.2918 0.1668, -0.01 0.2925 0.1668, -0.0137 0.2885 0.1668, -0.0099 0.2886 0.1668, -0.0099 0.2886 0.1787, -0.01 0.2925 0.1787, -0.0242 0.2878 0.1787, -0.0245 0.2917 0.1787, -0.0137 0.2885 0.1787, -0.0242 0.2878 0.183, -0.0245 0.2917 0.183, -0.0052 0.2927 0.183, -0.0137 0.2885 0.183, -0.0051 0.2887 0.183, -0.0051 0.2887 0.1459, -0.0052 0.2927 0.1459, -0.025 0.2877 0.1459, -0.0254 0.2916 0.1459, -0.0137 0.2885 0.1459, -0.025 0.2877 0.1501, -0.0254 0.2916 0.1501, -0.0137 0.2885 0.1501, -0.0406 0.2859 0.1692, -0.0412 0.2898 0.1692, -0.0398 0.286 0.1691, -0.0404 0.2899 0.1691, -0.0391 0.2861 0.169, -0.0398 0.29 0.1691, -0.0371 0.2864 0.1685, -0.0376 0.2903 0.1685, -0.0357 0.2866 0.1681, -0.0363 0.2905 0.1681, -0.0346 0.2867 0.1675, -0.0351 0.2906 0.1675, -0.032 0.287 0.166, -0.0325 0.2909 0.166, -0.0459 0.2851 0.1627, -0.0466 0.289 0.1627, -0.0465 0.289 0.1638, -0.0458 0.2851 0.1642, -0.0464 0.289 0.1642, -0.0458 0.2851 0.1644, -0.0461 0.2891 0.1658, -0.0455 0.2852 0.1658, -0.0454 0.2852 0.1663, -0.046 0.2891 0.1661, -0.0451 0.2852 0.1668, -0.0457 0.2891 0.1668, -0.0449 0.2853 0.1671, -0.0456 0.2892 0.1671, -0.0448 0.2853 0.1674, -0.045 0.2892 0.1678, -0.0444 0.2854 0.1678, -0.045 0.2892 0.1678, -0.0454 0.2892 0.1674, -0.0428 0.2896 0.1689, -0.0422 0.2857 0.1689, -0.0431 0.2895 0.1688, -0.0426 0.2856 0.1688, -0.0437 0.2894 0.1686, -0.0432 0.2855 0.1686, -0.0443 0.2893 0.1683, -0.0436 0.2855 0.1684, -0.0444 0.2893 0.1682, -0.0438 0.2854 0.1682, -0.0444 0.2854 0.1679, -0.0382 0.2862 0.1616, -0.0387 0.2901 0.1616, -0.0421 0.2857 0.1622, -0.0295 0.2873 0.153, -0.0299 0.2912 0.153, -0.0297 0.2872 0.1547, -0.0302 0.2912 0.1547, -0.0299 0.2872 0.1556, -0.0303 0.2911 0.1557, -0.0302 0.2872 0.1565, -0.0306 0.2911 0.1565, -0.0305 0.2872 0.1572, -0.031 0.2911 0.1574, -0.0307 0.2871 0.1576, -0.0311 0.2911 0.1576, -0.0314 0.2871 0.1586, -0.0318 0.291 0.1586, -0.0314 0.2871 0.1586, -0.0319 0.291 0.1586, -0.0321 0.287 0.1592, -0.0325 0.2909 0.1592, -0.0324 0.287 0.1595, -0.0328 0.2909 0.1595, -0.0331 0.2869 0.1599, -0.0336 0.2908 0.1599, -0.0341 0.2868 0.1605, -0.0346 0.2907 0.1605, -0.0345 0.2867 0.1606, -0.035 0.2906 0.1606, -0.0317 0.287 0.1473, -0.0321 0.2909 0.1473, -0.031 0.2871 0.1484, -0.0314 0.291 0.1484, -0.0306 0.2872 0.1489, -0.0311 0.2911 0.1487, -0.0302 0.2872 0.1498, -0.0306 0.2911 0.1498, -0.0298 0.2872 0.1508, -0.0302 0.2912 0.1508, -0.0297 0.2872 0.1513, -0.0301 0.2912 0.1513, -0.0378 0.2863 0.1453, -0.0383 0.2902 0.1453, -0.0365 0.2865 0.1454, -0.037 0.2904 0.1454, -0.0357 0.2866 0.1455, -0.0362 0.2905 0.1455, -0.0346 0.2867 0.1459, -0.0351 0.2906 0.1459, -0.0335 0.2868 0.1462, -0.034 0.2907 0.1462, -0.0331 0.2869 0.1465, -0.0335 0.2908 0.1465, -0.0459 0.2851 0.15, -0.0464 0.289 0.15, -0.045 0.2852 0.1489, -0.0456 0.2891 0.149, -0.0439 0.2854 0.1476, -0.0445 0.2893 0.1476, -0.0438 0.2854 0.1474, -0.0444 0.2893 0.1475, -0.0428 0.2856 0.1466, -0.0433 0.2895 0.1467, -0.0425 0.2856 0.1464, -0.0431 0.2895 0.1465, -0.0417 0.2858 0.1461, -0.0423 0.2897 0.1461, -0.0409 0.2859 0.1458, -0.0415 0.2898 0.1458, -0.0404 0.2859 0.1457, -0.0409 0.2898 0.1457, -0.0459 0.2851 0.1459, -0.0466 0.289 0.1459, -0.0505 0.2843 0.1459, -0.0512 0.2882 0.1459, -0.0505 0.2843 0.1629, -0.0512 0.2882 0.1629, -0.0413 0.2858 0.1729, -0.0411 0.2858 0.173, -0.0416 0.2897 0.173, -0.0419 0.2897 0.1729, -0.0432 0.2895 0.1729, -0.0442 0.2854 0.1726, -0.0448 0.2893 0.1725, -0.0442 0.2854 0.1726, -0.0461 0.2891 0.1722, -0.0459 0.2851 0.172, -0.0465 0.289 0.172, -0.0463 0.2851 0.1718, -0.047 0.2849 0.1714, -0.049 0.2886 0.1703, -0.0483 0.2847 0.1703, -0.0489 0.2886 0.1704, -0.0479 0.2848 0.1707, -0.0486 0.2887 0.1706, -0.0476 0.2848 0.171, -0.0478 0.2888 0.1713, -0.0477 0.2888 0.1714, -0.0507 0.2883 0.1664, -0.0501 0.2844 0.1664, -0.0506 0.2883 0.167, -0.05 0.2844 0.1669, -0.0502 0.2884 0.1681, -0.0496 0.2845 0.1681, -0.0498 0.2884 0.1691, -0.0493 0.2846 0.1688, -0.0496 0.2885 0.1693, -0.049 0.2846 0.1693, -0.0484 0.2847 0.1702, -0.032 0.287 0.1705, -0.0325 0.2909 0.1705, -0.0339 0.2868 0.1713, -0.0344 0.2907 0.1713, -0.0362 0.2865 0.1723, -0.0362 0.2905 0.1721, -0.037 0.2864 0.1724, -0.0375 0.2903 0.1723, -0.0376 0.2903 0.1576, -0.0367 0.2904 0.1571, -0.0382 0.2902 0.1578, -0.0404 0.2899 0.1583, -0.0435 0.2895 0.1588, -0.0461 0.2891 0.1545, -0.0459 0.2891 0.1536, -0.0466 0.289 0.1592, -0.0466 0.289 0.1566, -0.0465 0.289 0.1562, -0.0465 0.289 0.1558, -0.0455 0.2892 0.1529, -0.0446 0.2893 0.1512, -0.044 0.2894 0.1508, -0.0437 0.2894 0.1505, -0.0426 0.2896 0.15, -0.042 0.2897 0.1496, -0.0395 0.29 0.1491, -0.0412 0.2898 0.1495, -0.0382 0.2902 0.1493, -0.036 0.2905 0.1503, -0.0371 0.2904 0.1497, -0.0375 0.2903 0.1495, -0.0356 0.2905 0.1507, -0.0354 0.2906 0.151, -0.0351 0.2906 0.1515, -0.0349 0.2906 0.152, -0.0348 0.2906 0.1523, -0.0346 0.2907 0.1534, -0.0346 0.2907 0.1537, -0.0347 0.2907 0.1541, -0.0349 0.2906 0.1548, -0.0358 0.2905 0.1567, -0.0353 0.2906 0.1557, -0.0351 0.2906 0.1554, -0.0355 0.2866 0.1503, -0.0351 0.2866 0.1507, -0.035 0.2867 0.1509, -0.0347 0.2867 0.1515, -0.0344 0.2867 0.152, -0.0344 0.2867 0.1523, -0.0341 0.2868 0.1534, -0.039 0.2861 0.1491, -0.0377 0.2863 0.1493, -0.037 0.2864 0.1495, -0.0366 0.2864 0.1497, -0.044 0.2854 0.1512, -0.0434 0.2855 0.1508, -0.0429 0.2856 0.1504, -0.0421 0.2857 0.15, -0.0412 0.2858 0.1495, -0.0407 0.2859 0.1494, -0.0459 0.2851 0.1566, -0.0459 0.2851 0.1562, -0.0459 0.2851 0.1559, -0.0455 0.2852 0.1545, -0.0453 0.2852 0.1536, -0.0449 0.2853 0.1529, -0.0459 0.2851 0.1592, -0.0398 0.286 0.1583, -0.0354 0.2866 0.1567, -0.0362 0.2865 0.1572, -0.0369 0.2864 0.1576, -0.0377 0.2863 0.1578, -0.0342 0.2867 0.1537, -0.0342 0.2867 0.1543, -0.0344 0.2867 0.1548, -0.0346 0.2867 0.1554, -0.0348 0.2867 0.1557
            ]
        }
        coordIndex [
            0,1,2,-1,2,1,3,-1,4,5,6,-1,6,5,1,-1,6,1,0,-1,7,8,4,-1,4,8,5,-1,8,7,9,-1,9,7,10,-1,9,10,11,-1,12,13,11,-1,11,13,9,-1,14,15,16,-1,16,15,13,-1,16,13,12,-1,17,18,14,-1,14,18,15,-1,18,17,19,-1,19,17,20,-1,19,20,21,-1,22,23,21,-1,21,23,19,-1,24,25,26,-1,26,25,23,-1,26,23,22,-1,27,28,24,-1,24,28,25,-1,28,27,3,-1,3,27,29,-1,3,29,2,-1,23,25,28,-1,28,3,23,-1,23,3,1,-1,23,1,19,-1,15,18,13,-1,13,18,19,-1,13,19,9,-1,9,19,1,-1,9,1,8,-1,8,1,5,-1,30,31,32,-1,32,31,33,-1,32,33,34,-1,34,33,35,-1,34,35,36,-1,36,35,37,-1,36,37,38,-1,38,37,39,-1,38,39,40,-1,40,39,41,-1,40,41,42,-1,42,41,43,-1,44,45,46,-1,44,46,47,-1,47,46,48,-1,47,48,49,-1,49,48,50,-1,49,50,51,-1,51,50,52,-1,52,50,53,-1,52,53,54,-1,54,53,55,-1,54,55,56,-1,56,55,57,-1,56,57,58,-1,59,60,61,-1,61,60,58,-1,61,58,62,-1,62,58,57,-1,31,30,63,-1,63,30,64,-1,63,64,65,-1,65,64,66,-1,65,66,67,-1,67,66,68,-1,67,68,69,-1,69,68,70,-1,69,70,71,-1,71,70,72,-1,71,72,59,-1,59,72,73,-1,59,73,60,-1,74,75,76,-1,76,75,45,-1,76,45,44,-1,77,78,79,-1,79,78,80,-1,79,80,81,-1,81,80,82,-1,81,82,83,-1,83,82,84,-1,83,84,85,-1,85,84,86,-1,85,86,87,-1,87,86,88,-1,87,88,89,-1,89,88,90,-1,89,90,91,-1,91,90,92,-1,91,92,93,-1,93,92,94,-1,93,94,95,-1,95,94,96,-1,95,96,97,-1,97,96,98,-1,97,98,99,-1,99,98,100,-1,99,100,101,-1,101,100,102,-1,101,102,74,-1,74,102,75,-1,103,104,105,-1,105,104,106,-1,105,106,107,-1,107,106,108,-1,107,108,109,-1,109,108,110,-1,109,110,111,-1,111,110,112,-1,111,112,113,-1,113,112,114,-1,113,114,77,-1,77,114,78,-1,115,116,117,-1,117,116,118,-1,117,118,119,-1,119,118,120,-1,119,120,121,-1,121,120,122,-1,121,122,123,-1,123,122,124,-1,123,124,125,-1,125,124,126,-1,125,126,103,-1,103,126,104,-1,127,128,129,-1,129,128,130,-1,129,130,131,-1,131,130,132,-1,131,132,133,-1,133,132,134,-1,133,134,135,-1,135,134,136,-1,135,136,137,-1,137,136,138,-1,137,138,139,-1,139,138,140,-1,139,140,141,-1,141,140,142,-1,141,142,143,-1,143,142,144,-1,143,144,115,-1,115,144,116,-1,145,146,127,-1,127,146,128,-1,147,148,145,-1,145,148,146,-1,149,150,147,-1,147,150,148,-1,151,152,153,-1,153,154,151,-1,151,154,155,-1,151,155,156,-1,156,155,157,-1,156,157,158,-1,158,157,159,-1,158,159,160,-1,160,159,161,-1,160,161,162,-1,162,161,163,-1,164,165,166,-1,166,165,167,-1,166,167,168,-1,168,167,169,-1,168,169,170,-1,170,169,163,-1,170,163,171,-1,171,163,161,-1,150,149,172,-1,172,149,173,-1,172,173,174,-1,174,173,175,-1,174,175,176,-1,176,175,177,-1,176,177,178,-1,178,177,179,-1,178,179,180,-1,180,179,181,-1,180,181,164,-1,164,181,182,-1,164,182,165,-1,183,184,185,-1,185,184,186,-1,185,186,187,-1,187,186,188,-1,187,188,189,-1,189,188,190,-1,189,190,152,-1,152,190,153,-1,43,184,42,-1,42,184,183,-1,184,43,41,-1,184,41,186,-1,186,41,39,-1,186,39,188,-1,188,39,37,-1,188,37,190,-1,190,37,35,-1,190,35,153,-1,35,33,153,-1,153,33,31,-1,153,31,154,-1,154,31,155,-1,155,31,63,-1,155,63,157,-1,63,65,157,-1,157,65,67,-1,157,67,159,-1,159,67,69,-1,159,69,161,-1,161,69,71,-1,161,71,171,-1,171,71,59,-1,171,59,170,-1,170,59,61,-1,170,61,168,-1,168,61,62,-1,168,62,166,-1,53,174,176,-1,53,176,55,-1,55,176,178,-1,55,178,57,-1,57,178,180,-1,57,180,62,-1,62,180,164,-1,62,164,166,-1,150,172,48,-1,174,53,172,-1,172,53,50,-1,172,50,48,-1,48,46,150,-1,150,46,45,-1,150,45,191,-1,191,45,192,-1,191,193,150,-1,150,193,194,-1,150,194,195,-1,196,197,128,-1,195,198,150,-1,150,198,199,-1,150,199,200,-1,196,128,201,-1,197,202,128,-1,128,202,203,-1,128,203,130,-1,130,203,204,-1,130,204,132,-1,132,204,205,-1,132,205,134,-1,134,205,206,-1,134,206,136,-1,136,206,207,-1,116,144,208,-1,208,144,142,-1,208,142,209,-1,209,142,140,-1,209,140,207,-1,207,140,138,-1,207,138,136,-1,116,208,118,-1,118,208,210,-1,118,210,120,-1,126,124,211,-1,211,124,122,-1,211,122,212,-1,212,122,120,-1,212,120,213,-1,213,120,210,-1,126,211,104,-1,104,211,214,-1,104,214,106,-1,106,214,215,-1,106,215,108,-1,108,215,216,-1,108,216,110,-1,110,216,217,-1,110,217,112,-1,112,217,114,-1,114,217,218,-1,114,218,78,-1,218,219,78,-1,78,219,220,-1,78,220,80,-1,80,220,221,-1,80,221,82,-1,82,221,222,-1,223,96,224,-1,224,96,94,-1,224,94,92,-1,92,90,224,-1,224,90,88,-1,224,88,225,-1,225,88,86,-1,225,86,222,-1,222,86,84,-1,222,84,82,-1,192,45,223,-1,223,45,75,-1,223,75,102,-1,102,100,223,-1,223,100,98,-1,223,98,96,-1,146,148,128,-1,128,148,150,-1,128,150,201,-1,201,150,200,-1,211,226,214,-1,214,226,227,-1,214,227,215,-1,215,227,228,-1,215,228,216,-1,216,228,229,-1,216,229,217,-1,217,229,230,-1,217,230,218,-1,218,230,231,-1,218,231,219,-1,219,231,232,-1,208,233,210,-1,210,233,234,-1,210,234,213,-1,213,234,235,-1,213,235,212,-1,212,235,236,-1,212,236,211,-1,211,236,226,-1,203,237,204,-1,204,237,238,-1,204,238,205,-1,205,238,239,-1,205,239,206,-1,206,239,240,-1,206,240,207,-1,207,240,241,-1,207,241,209,-1,209,241,242,-1,209,242,208,-1,208,242,233,-1,199,243,200,-1,200,243,244,-1,200,244,201,-1,201,244,245,-1,201,245,196,-1,196,245,246,-1,196,246,197,-1,197,246,247,-1,197,247,202,-1,202,247,248,-1,202,248,203,-1,203,248,237,-1,198,249,199,-1,199,249,243,-1,194,250,195,-1,195,250,249,-1,195,249,198,-1,223,251,192,-1,192,251,252,-1,192,252,191,-1,191,252,253,-1,191,253,193,-1,193,253,254,-1,193,254,194,-1,194,254,250,-1,219,232,220,-1,220,232,255,-1,220,255,221,-1,221,255,256,-1,221,256,222,-1,222,256,257,-1,222,257,225,-1,225,257,258,-1,225,258,224,-1,224,258,259,-1,224,259,223,-1,223,259,251,-1,
        ]
    }
}
Shape{
    appearance Appearance {
        material  Material 	{
            diffuseColor 0.9686274509803922 0.8784313725490196 0.6
            specularColor 0.6784313725490196 0.615686274509804 0.4196078431372549
            ambientIntensity 0.8737
            transparency 0.0
            shininess 0.5
        }
    }
    geometry IndexedFaceSet {
        ccw TRUE
        solid FALSE
        coord DEF co Coordinate {
            point [
                -0.0455 0.2852 0.1545, -0.0459 0.2851 0.1559, -0.0344 0.2867 0.1523, -0.0377 0.2863 0.1578, -0.0459 0.2851 0.1562, -0.0459 0.2851 0.1566, -0.0398 0.286 0.1583, -0.0459 0.2851 0.1592, -0.0362 0.2865 0.1572, -0.0354 0.2866 0.1567, -0.0348 0.2867 0.1557, -0.0369 0.2864 0.1576, -0.0344 0.2867 0.1548, -0.0346 0.2867 0.1554, -0.0341 0.2868 0.1534, -0.0342 0.2867 0.1537, -0.0342 0.2867 0.1543, -0.0344 0.2867 0.152, -0.0347 0.2867 0.1515, -0.035 0.2867 0.1509, -0.0351 0.2866 0.1507, -0.0355 0.2866 0.1503, -0.0366 0.2864 0.1497, -0.0449 0.2853 0.1529, -0.0377 0.2863 0.1493, -0.039 0.2861 0.1491, -0.0407 0.2859 0.1494, -0.0412 0.2858 0.1495, -0.0421 0.2857 0.15, -0.0429 0.2856 0.1504, -0.0434 0.2855 0.1508, -0.044 0.2854 0.1512, -0.037 0.2864 0.1495, -0.0453 0.2852 0.1536
            ]
        }
        coordIndex [
            0,1,2,-1,2,1,3,-1,1,4,3,-1,3,4,5,-1,3,5,6,-1,6,5,7,-1,8,9,10,-1,3,11,12,-1,12,11,8,-1,12,8,13,-1,13,8,10,-1,14,2,15,-1,15,2,3,-1,15,3,16,-1,16,3,12,-1,2,17,0,-1,0,17,18,-1,0,18,19,-1,19,20,0,-1,0,20,21,-1,0,21,22,-1,23,24,25,-1,25,26,23,-1,23,26,27,-1,23,27,28,-1,28,29,23,-1,23,29,30,-1,23,30,31,-1,22,32,0,-1,0,32,24,-1,0,24,33,-1,33,24,23,-1,
        ]
    }
}
Shape{
    appearance Appearance {
        material  Material 	{
            diffuseColor 0.0 0.0 0.0
            specularColor 0.0 0.0 0.0
            ambientIntensity 0.0
            transparency 0.0
            shininess 0.5
        }
    }
    geometry IndexedFaceSet {
        ccw TRUE
        solid FALSE
        coord DEF co Coordinate {
            point [
                -0.0626 0.2819 0.1454, -0.0637 0.2817 0.1453, -0.0646 0.2855 0.1453, -0.0602 0.2865 0.146, -0.0601 0.2825 0.1457, -0.0616 0.2862 0.1456, -0.0634 0.2858 0.1454, -0.0575 0.287 0.1468, -0.0567 0.2832 0.1468, -0.0594 0.2826 0.1459, -0.0712 0.2799 0.1474, -0.0722 0.2837 0.1474, -0.071 0.2799 0.1473, -0.072 0.2837 0.1473, -0.0691 0.2804 0.1464, -0.0701 0.2842 0.1464, -0.0681 0.2806 0.146, -0.0692 0.2844 0.146, -0.0677 0.2848 0.1457, -0.0668 0.2809 0.1457, -0.0679 0.2807 0.1459, -0.0741 0.2791 0.1531, -0.0751 0.2829 0.1531, -0.0738 0.2792 0.1509, -0.0748 0.283 0.1509, -0.0738 0.2792 0.1508, -0.0747 0.283 0.1508, -0.0735 0.2793 0.15, -0.0745 0.2831 0.15, -0.0734 0.2793 0.1498, -0.0744 0.2831 0.1498, -0.0731 0.2794 0.1493, -0.0741 0.2832 0.1493, -0.0727 0.2795 0.1488, -0.0738 0.2833 0.149, -0.0725 0.2795 0.1485, -0.0734 0.2834 0.1486, -0.0726 0.2795 0.1575, -0.0736 0.2833 0.1575, -0.0727 0.2795 0.1573, -0.0737 0.2833 0.1573, -0.0733 0.2793 0.1561, -0.0743 0.2831 0.1561, -0.0737 0.2792 0.1552, -0.0747 0.283 0.1552, -0.0738 0.2792 0.1547, -0.0748 0.283 0.1547, -0.0668 0.2809 0.1609, -0.0677 0.2848 0.1609, -0.0681 0.2806 0.1603, -0.0692 0.2844 0.1602, -0.0722 0.2837 0.1586, -0.0712 0.2799 0.1586, -0.0716 0.2838 0.159, -0.0707 0.28 0.159, -0.0682 0.2806 0.1602, -0.0633 0.2858 0.1632, -0.0643 0.2815 0.1621, -0.0624 0.282 0.1632, -0.0614 0.2822 0.1656, -0.0622 0.286 0.1656, -0.0615 0.2821 0.1652, -0.0624 0.286 0.1652, -0.0617 0.2821 0.1645, -0.0626 0.286 0.1645, -0.0618 0.2821 0.164, -0.0627 0.2859 0.164, -0.062 0.2821 0.1638, -0.0628 0.2859 0.1638, -0.0628 0.2819 0.1682, -0.0636 0.2857 0.1682, -0.0627 0.2819 0.1681, -0.0636 0.2857 0.1681, -0.0623 0.282 0.1676, -0.0631 0.2858 0.1676, -0.0621 0.282 0.1674, -0.0629 0.2859 0.1674, -0.0619 0.2821 0.167, -0.0627 0.2859 0.167, -0.0617 0.2821 0.1666, -0.0625 0.286 0.1666, -0.0616 0.2821 0.1664, -0.0624 0.286 0.1664, -0.0664 0.2811 0.1692, -0.0673 0.2849 0.1692, -0.0657 0.2812 0.1691, -0.0666 0.285 0.1691, -0.0646 0.2815 0.1689, -0.0654 0.2853 0.1689, -0.0642 0.2816 0.1688, -0.0651 0.2854 0.1688, -0.0715 0.2798 0.1679, -0.0729 0.2794 0.1673, -0.0739 0.2832 0.1673, -0.0725 0.2836 0.1679, -0.0709 0.284 0.1686, -0.0693 0.2803 0.1687, -0.0699 0.2843 0.1687, -0.0689 0.2804 0.1688, -0.0681 0.2806 0.1689, -0.0729 0.2794 0.1718, -0.0739 0.2832 0.1718, -0.0668 0.2809 0.173, -0.0677 0.2848 0.173, -0.067 0.2809 0.173, -0.0679 0.2847 0.173, -0.0681 0.2806 0.1728, -0.0694 0.2844 0.1728, -0.07 0.2802 0.1726, -0.0711 0.2839 0.1724, -0.0702 0.2801 0.1726, -0.0596 0.2826 0.1709, -0.0605 0.2864 0.1709, -0.0613 0.2822 0.1716, -0.0621 0.286 0.1716, -0.0631 0.2818 0.1724, -0.0638 0.2857 0.1723, -0.064 0.2816 0.1725, -0.0649 0.2854 0.1725, -0.0579 0.2869 0.1673, -0.057 0.2831 0.1673, -0.0577 0.287 0.1667, -0.0567 0.2832 0.1652, -0.0575 0.287 0.1652, -0.0592 0.2867 0.1696, -0.0584 0.2828 0.1697, -0.0588 0.2868 0.1692, -0.0581 0.2829 0.1695, -0.0585 0.2868 0.1688, -0.0577 0.283 0.1688, -0.0582 0.2869 0.1682, -0.0575 0.283 0.1684, -0.0581 0.2869 0.1681, -0.0573 0.283 0.1681, -0.0571 0.2831 0.1673, -0.058 0.2829 0.161, -0.0588 0.2867 0.161, -0.0575 0.283 0.1621, -0.0583 0.2869 0.1621, -0.0571 0.2831 0.163, -0.0579 0.2869 0.163, -0.057 0.2831 0.1635, -0.0578 0.287 0.1635, -0.0614 0.2862 0.1592, -0.0605 0.2824 0.1591, -0.0623 0.286 0.1586, -0.0636 0.2817 0.1575, -0.0645 0.2855 0.1575, -0.0693 0.2844 0.1552, -0.0663 0.2811 0.1563, -0.0681 0.2806 0.1553, -0.0683 0.2806 0.1552, -0.0695 0.2803 0.1526, -0.0704 0.2841 0.1526, -0.0694 0.2803 0.1532, -0.0703 0.2841 0.1532, -0.0693 0.2803 0.1534, -0.0703 0.2842 0.1535, -0.0692 0.2804 0.1539, -0.0701 0.2842 0.1539, -0.069 0.2804 0.1543, -0.0699 0.2842 0.1543, -0.0688 0.2805 0.1545, -0.0698 0.2843 0.1545, -0.069 0.2845 0.1499, -0.0679 0.2807 0.1498, -0.0687 0.2845 0.1497, -0.0675 0.2808 0.1496, -0.0684 0.2846 0.1496, -0.0673 0.2808 0.1495, -0.0678 0.2847 0.1494, -0.0667 0.281 0.1494, -0.0676 0.2848 0.1494, -0.0659 0.2812 0.1492, -0.0658 0.2852 0.1491, -0.065 0.2814 0.1491, -0.065 0.2854 0.1491, -0.0642 0.2816 0.1491, -0.0694 0.2844 0.1502, -0.0684 0.2806 0.1502, -0.0693 0.2844 0.1501, -0.0681 0.2806 0.1499, -0.068 0.2806 0.1499, -0.0702 0.2842 0.1517, -0.0693 0.2803 0.1517, -0.0702 0.2842 0.1514, -0.0692 0.2804 0.1515, -0.07 0.2842 0.1511, -0.0691 0.2804 0.1511, -0.0698 0.2843 0.1506, -0.0689 0.2804 0.1507, -0.0697 0.2843 0.1506, -0.0688 0.2805 0.1506, -0.0685 0.2805 0.1502, -0.0567 0.2832 0.1516, -0.0575 0.287 0.1516, -0.0578 0.2829 0.1509, -0.0581 0.2869 0.1512, -0.059 0.2827 0.1504, -0.0624 0.286 0.1495, -0.0612 0.2822 0.1495, -0.0614 0.2862 0.1497, -0.0598 0.2865 0.1504, -0.0615 0.2821 0.1495, -0.0905 0.2784 0.1524, -0.0893 0.2746 0.1524, -0.0899 0.2786 0.1503, -0.0886 0.2748 0.1503, -0.0881 0.275 0.1525, -0.0893 0.2788 0.1525, -0.0814 0.2771 0.1724, -0.0825 0.2808 0.1724, -0.0848 0.2761 0.1624, -0.0764 0.2785 0.1724, -0.0775 0.2823 0.1724, -0.0864 0.2755 0.1459, -0.0876 0.2793 0.1459, -0.0814 0.2771 0.1592, -0.0845 0.2762 0.1411, -0.0856 0.2799 0.1411, -0.0799 0.2775 0.1374, -0.081 0.2813 0.1374, -0.0808 0.2772 0.1376, -0.0819 0.281 0.1376, -0.0812 0.2771 0.1377, -0.0823 0.2809 0.1377, -0.0821 0.2769 0.138, -0.0832 0.2807 0.138, -0.0821 0.2769 0.138, -0.0833 0.2806 0.1381, -0.0826 0.2767 0.1383, -0.0837 0.2805 0.1384, -0.0828 0.2767 0.1385, -0.0839 0.2804 0.1385, -0.083 0.2766 0.1387, -0.0841 0.2804 0.1388, -0.0834 0.2765 0.1391, -0.0845 0.2803 0.1392, -0.0835 0.2765 0.1393, -0.0846 0.2802 0.1393, -0.0774 0.2782 0.1379, -0.0784 0.282 0.1379, -0.0774 0.2782 0.1338, -0.0784 0.282 0.1338, -0.0802 0.2774 0.1334, -0.0813 0.2812 0.1334, -0.0893 0.2746 0.1419, -0.0905 0.2784 0.1419, -0.0887 0.2748 0.1406, -0.0899 0.2786 0.1406, -0.0876 0.2752 0.1382, -0.0889 0.2789 0.1385, -0.0871 0.2753 0.1376, -0.0882 0.2791 0.1376, -0.0872 0.2794 0.1361, -0.0859 0.2757 0.136, -0.087 0.2795 0.136, -0.0848 0.2761 0.135, -0.0859 0.2798 0.1351, -0.0845 0.2762 0.1348, -0.0856 0.2799 0.1348, -0.0835 0.2764 0.1343, -0.0846 0.2802 0.1343, -0.0828 0.2767 0.1339, -0.0839 0.2804 0.1339, -0.0821 0.2769 0.1338, -0.0832 0.2806 0.1338, -0.1006 0.2707 0.1724, -0.102 0.2744 0.1724, -0.095 0.2727 0.1571, -0.0961 0.2723 0.1724, -0.0974 0.276 0.1724, -0.0927 0.2735 0.1624, -0.1097 0.2671 0.1626, -0.1112 0.2708 0.1626, -0.1097 0.2671 0.1501, -0.1112 0.2708 0.1501, -0.1235 0.2654 0.1626, -0.12 0.2627 0.1626, -0.1219 0.2618 0.1626, -0.1219 0.2618 0.1668, -0.1235 0.2654 0.1668, -0.1097 0.2671 0.1668, -0.1112 0.2708 0.1668, -0.12 0.2627 0.1668, -0.1097 0.2671 0.1787, -0.1112 0.2708 0.1787, -0.1245 0.2649 0.1787, -0.12 0.2627 0.1787, -0.1228 0.2614 0.1787, -0.1228 0.2614 0.183, -0.1245 0.2649 0.183, -0.1053 0.2689 0.183, -0.1067 0.2726 0.183, -0.12 0.2627 0.183, -0.1053 0.2689 0.1459, -0.1067 0.2726 0.1459, -0.1253 0.2646 0.1459, -0.12 0.2627 0.1459, -0.1236 0.261 0.1459, -0.1236 0.261 0.1501, -0.1253 0.2646 0.1501, -0.12 0.2627 0.1501, -0.1411 0.2564 0.183, -0.1392 0.253 0.183, -0.1317 0.2614 0.183, -0.1299 0.2579 0.183, -0.1418 0.2515 0.1826, -0.1438 0.255 0.1826, -0.1431 0.2508 0.1825, -0.145 0.2543 0.1825, -0.1453 0.2496 0.1817, -0.1473 0.253 0.1817, -0.1475 0.2483 0.1809, -0.1495 0.2517 0.1809, -0.1484 0.2477 0.1802, -0.1505 0.2511 0.1802, -0.1514 0.2459 0.178, -0.1534 0.2493 0.178, -0.1549 0.2484 0.176, -0.1526 0.2451 0.1765, -0.1541 0.2488 0.1772, -0.1582 0.2463 0.1649, -0.1561 0.243 0.1649, -0.1577 0.2466 0.1692, -0.1556 0.2433 0.1692, -0.1576 0.2467 0.1703, -0.1555 0.2433 0.1703, -0.1571 0.247 0.1717, -0.155 0.2436 0.1717, -0.1565 0.2474 0.1736, -0.1545 0.244 0.1734, -0.1563 0.2475 0.1739, -0.1542 0.2442 0.1739, -0.1529 0.245 0.1761, -0.1559 0.2431 0.1636, -0.1581 0.2464 0.1636, -0.1555 0.2434 0.1599, -0.1576 0.2467 0.1599, -0.1554 0.2434 0.1592, -0.1575 0.2467 0.1592, -0.1544 0.244 0.1566, -0.1566 0.2473 0.1566, -0.1538 0.2444 0.1549, -0.1559 0.2477 0.1549, -0.153 0.2449 0.1535, -0.1551 0.2483 0.1535, -0.1514 0.2459 0.1511, -0.1534 0.2493 0.1511, -0.1494 0.2471 0.1494, -0.1514 0.2505 0.1494, -0.1487 0.2476 0.1488, -0.1508 0.2509 0.1489, -0.1467 0.2488 0.1478, -0.1487 0.2521 0.1479, -0.1448 0.2499 0.1469, -0.1468 0.2532 0.1469, -0.1435 0.2506 0.1467, -0.1454 0.254 0.1467, -0.1389 0.2532 0.1459, -0.1408 0.2566 0.1459, -0.1317 0.2614 0.1459, -0.1299 0.2579 0.1459, -0.1539 0.249 0.1648, -0.1539 0.249 0.1645, -0.1539 0.249 0.1638, -0.1535 0.2493 0.1606, -0.1534 0.2493 0.1596, -0.153 0.2496 0.1586, -0.1524 0.2499 0.1571, -0.1522 0.25 0.1567, -0.1505 0.2511 0.154, -0.149 0.252 0.1528, -0.1485 0.2523 0.1524, -0.1469 0.2532 0.1516, -0.1455 0.254 0.1509, -0.1444 0.2546 0.1507, -0.1408 0.2566 0.1501, -0.136 0.2592 0.1501, -0.136 0.2592 0.1787, -0.141 0.2565 0.1787, -0.1428 0.2555 0.1785, -0.1437 0.255 0.1784, -0.1457 0.2539 0.1777, -0.1529 0.2496 0.1706, -0.1522 0.25 0.1724, -0.1521 0.2501 0.1727, -0.1508 0.2509 0.1746, -0.1504 0.2511 0.1752, -0.1482 0.2524 0.1766, -0.1473 0.253 0.1772, -0.1535 0.2492 0.168, -0.1533 0.2494 0.1695, -0.1389 0.2532 0.1501, -0.1341 0.2557 0.1501, -0.1484 0.2477 0.154, -0.147 0.2486 0.1528, -0.1465 0.2489 0.1524, -0.1449 0.2498 0.1516, -0.1435 0.2506 0.1509, -0.1425 0.2512 0.1507, -0.1518 0.2456 0.1648, -0.1518 0.2457 0.1645, -0.1514 0.2459 0.1606, -0.1514 0.2459 0.1602, -0.1509 0.2462 0.1585, -0.1501 0.2467 0.1567, -0.1506 0.2464 0.1576, -0.1484 0.2478 0.1752, -0.1488 0.2475 0.1746, -0.1501 0.2467 0.1727, -0.1508 0.2463 0.1706, -0.1514 0.2459 0.168, -0.1512 0.246 0.1695, -0.1391 0.2531 0.1787, -0.1409 0.2521 0.1785, -0.1418 0.2516 0.1784, -0.1438 0.2504 0.1777, -0.1453 0.2496 0.1772, -0.1462 0.249 0.1766, -0.1341 0.2557 0.1787
            ]
        }
        coordIndex [
            0,1,2,-1,3,4,5,-1,5,4,0,-1,5,0,6,-1,6,0,2,-1,7,8,3,-1,3,8,9,-1,3,9,4,-1,10,11,12,-1,12,11,13,-1,12,13,14,-1,14,13,15,-1,14,15,16,-1,16,15,17,-1,2,1,18,-1,18,1,19,-1,18,19,17,-1,17,19,20,-1,17,20,16,-1,21,22,23,-1,23,22,24,-1,23,24,25,-1,25,24,26,-1,25,26,27,-1,27,26,28,-1,27,28,29,-1,29,28,30,-1,29,30,31,-1,31,30,32,-1,31,32,33,-1,33,32,34,-1,33,34,35,-1,35,34,36,-1,35,36,10,-1,10,36,11,-1,37,38,39,-1,39,38,40,-1,39,40,41,-1,41,40,42,-1,41,42,43,-1,43,42,44,-1,43,44,45,-1,45,44,46,-1,45,46,21,-1,21,46,22,-1,47,48,49,-1,49,48,50,-1,38,37,51,-1,51,37,52,-1,51,52,53,-1,53,52,54,-1,53,54,50,-1,50,54,55,-1,50,55,49,-1,48,47,56,-1,56,47,57,-1,56,57,58,-1,59,60,61,-1,61,60,62,-1,61,62,63,-1,63,62,64,-1,63,64,65,-1,65,64,66,-1,65,66,67,-1,67,66,68,-1,67,68,58,-1,58,68,56,-1,69,70,71,-1,71,70,72,-1,71,72,73,-1,73,72,74,-1,73,74,75,-1,75,74,76,-1,75,76,77,-1,77,76,78,-1,77,78,79,-1,79,78,80,-1,79,80,81,-1,81,80,82,-1,81,82,59,-1,59,82,60,-1,83,84,85,-1,85,84,86,-1,85,86,87,-1,87,86,88,-1,87,88,89,-1,89,88,90,-1,89,90,69,-1,69,90,70,-1,91,92,93,-1,93,94,91,-1,91,94,95,-1,91,95,96,-1,96,95,97,-1,96,97,98,-1,98,97,99,-1,99,97,84,-1,99,84,83,-1,100,101,92,-1,92,101,93,-1,102,103,104,-1,104,103,105,-1,104,105,106,-1,106,105,107,-1,106,107,108,-1,108,107,109,-1,101,100,109,-1,109,100,110,-1,109,110,108,-1,111,112,113,-1,113,112,114,-1,113,114,115,-1,115,114,116,-1,115,116,117,-1,117,116,118,-1,117,118,102,-1,102,118,103,-1,119,120,121,-1,121,120,122,-1,121,122,123,-1,112,111,124,-1,124,111,125,-1,124,125,126,-1,126,125,127,-1,126,127,128,-1,128,127,129,-1,128,129,130,-1,130,129,131,-1,130,131,132,-1,132,131,133,-1,132,133,119,-1,119,133,134,-1,119,134,120,-1,135,136,137,-1,137,136,138,-1,137,138,139,-1,139,138,140,-1,139,140,141,-1,141,140,142,-1,141,142,122,-1,122,142,123,-1,136,135,143,-1,143,135,144,-1,143,144,145,-1,145,144,146,-1,145,146,147,-1,148,147,146,-1,146,149,148,-1,148,149,150,-1,148,150,151,-1,152,153,154,-1,154,153,155,-1,154,155,156,-1,156,155,157,-1,156,157,158,-1,158,157,159,-1,158,159,160,-1,160,159,161,-1,160,161,162,-1,162,161,163,-1,162,163,151,-1,151,163,148,-1,164,165,166,-1,166,165,167,-1,166,167,168,-1,168,167,169,-1,168,169,170,-1,170,169,171,-1,170,171,172,-1,172,171,173,-1,172,173,174,-1,174,173,175,-1,174,175,176,-1,176,175,177,-1,178,179,180,-1,180,179,181,-1,180,181,164,-1,164,181,182,-1,164,182,165,-1,153,152,183,-1,183,152,184,-1,183,184,185,-1,185,184,186,-1,185,186,187,-1,187,186,188,-1,187,188,189,-1,189,188,190,-1,189,190,191,-1,191,190,192,-1,191,192,178,-1,178,192,193,-1,178,193,179,-1,194,195,196,-1,196,195,197,-1,196,197,198,-1,199,200,201,-1,201,200,198,-1,201,198,202,-1,202,198,197,-1,176,177,199,-1,199,177,203,-1,199,203,200,-1,7,195,8,-1,8,195,194,-1,56,145,48,-1,48,145,147,-1,48,147,50,-1,50,147,148,-1,50,148,53,-1,26,24,153,-1,153,24,22,-1,153,22,155,-1,155,22,46,-1,155,46,157,-1,157,46,44,-1,157,44,159,-1,159,44,42,-1,159,42,161,-1,161,42,40,-1,161,40,163,-1,163,40,38,-1,163,38,148,-1,148,38,51,-1,148,51,53,-1,26,153,28,-1,28,153,183,-1,28,183,30,-1,30,183,185,-1,30,185,32,-1,32,185,34,-1,34,185,187,-1,34,187,36,-1,36,187,189,-1,36,189,11,-1,189,191,11,-1,11,191,178,-1,11,178,13,-1,178,180,13,-1,13,180,164,-1,13,164,15,-1,164,166,15,-1,15,166,168,-1,15,168,17,-1,17,168,170,-1,17,170,18,-1,170,172,18,-1,18,172,174,-1,18,174,2,-1,2,174,176,-1,2,176,6,-1,6,176,5,-1,5,176,199,-1,5,199,3,-1,199,201,3,-1,3,201,202,-1,3,202,7,-1,7,202,197,-1,7,197,195,-1,128,130,80,-1,80,130,132,-1,80,132,82,-1,82,132,119,-1,82,119,60,-1,119,121,60,-1,60,121,123,-1,60,123,62,-1,62,123,142,-1,62,142,64,-1,64,142,140,-1,64,140,66,-1,66,140,138,-1,66,138,68,-1,68,138,136,-1,68,136,56,-1,56,136,143,-1,56,143,145,-1,128,80,126,-1,126,80,78,-1,126,78,124,-1,124,78,76,-1,124,76,112,-1,76,74,112,-1,112,74,72,-1,112,72,114,-1,114,72,70,-1,114,70,116,-1,116,70,90,-1,116,90,118,-1,90,88,118,-1,118,88,86,-1,118,86,103,-1,103,86,84,-1,103,84,105,-1,105,84,107,-1,107,84,97,-1,107,97,109,-1,93,101,94,-1,94,101,109,-1,94,109,95,-1,95,109,97,-1,204,205,206,-1,206,205,207,-1,208,209,207,-1,207,209,206,-1,210,211,212,-1,212,211,209,-1,212,209,208,-1,213,214,210,-1,210,214,211,-1,215,216,217,-1,217,216,214,-1,217,214,213,-1,218,219,215,-1,215,219,216,-1,220,221,222,-1,222,221,223,-1,222,223,224,-1,224,223,225,-1,224,225,226,-1,226,225,227,-1,226,227,228,-1,228,227,229,-1,228,229,230,-1,230,229,231,-1,230,231,232,-1,232,231,233,-1,232,233,234,-1,234,233,235,-1,234,235,236,-1,236,235,237,-1,236,237,238,-1,238,237,239,-1,238,239,218,-1,218,239,219,-1,240,241,220,-1,220,241,221,-1,242,243,240,-1,240,243,241,-1,244,245,242,-1,242,245,243,-1,246,247,248,-1,248,247,249,-1,248,249,250,-1,250,249,251,-1,250,251,252,-1,251,253,252,-1,252,253,254,-1,252,254,255,-1,255,254,256,-1,255,256,257,-1,257,256,258,-1,257,258,259,-1,259,258,260,-1,259,260,261,-1,261,260,262,-1,261,262,263,-1,263,262,264,-1,263,264,265,-1,265,264,266,-1,265,266,244,-1,244,266,245,-1,267,268,269,-1,269,268,247,-1,269,247,246,-1,270,271,267,-1,267,271,268,-1,271,270,204,-1,204,270,272,-1,204,272,205,-1,247,268,271,-1,211,214,209,-1,209,214,216,-1,209,216,206,-1,271,204,247,-1,247,204,206,-1,247,206,249,-1,249,206,216,-1,249,216,251,-1,251,216,219,-1,251,219,253,-1,253,219,239,-1,253,239,254,-1,254,239,237,-1,254,237,256,-1,256,237,235,-1,256,235,258,-1,241,243,221,-1,221,243,245,-1,221,245,223,-1,223,245,266,-1,223,266,225,-1,225,266,264,-1,225,264,227,-1,227,264,262,-1,227,262,229,-1,229,262,260,-1,229,260,231,-1,231,260,258,-1,231,258,233,-1,233,258,235,-1,273,274,275,-1,275,274,276,-1,274,273,277,-1,277,273,278,-1,277,278,279,-1,280,281,279,-1,279,281,277,-1,282,283,284,-1,284,283,281,-1,284,281,280,-1,285,286,282,-1,282,286,283,-1,286,285,287,-1,287,285,288,-1,287,288,289,-1,290,291,289,-1,289,291,287,-1,292,293,294,-1,294,293,291,-1,294,291,290,-1,295,296,292,-1,292,296,293,-1,296,295,297,-1,297,295,298,-1,297,298,299,-1,300,301,299,-1,299,301,297,-1,275,276,302,-1,302,276,301,-1,302,301,300,-1,296,297,301,-1,301,276,296,-1,296,276,274,-1,296,274,293,-1,287,291,286,-1,286,291,293,-1,286,293,283,-1,283,293,274,-1,283,274,281,-1,281,274,277,-1,303,304,305,-1,305,304,306,-1,304,303,307,-1,307,303,308,-1,307,308,309,-1,309,308,310,-1,309,310,311,-1,311,310,312,-1,311,312,313,-1,313,312,314,-1,313,314,315,-1,315,314,316,-1,315,316,317,-1,317,316,318,-1,319,320,321,-1,321,320,317,-1,321,317,318,-1,322,323,324,-1,324,323,325,-1,324,325,326,-1,326,325,327,-1,326,327,328,-1,328,327,329,-1,328,329,330,-1,330,329,331,-1,330,331,332,-1,332,331,333,-1,332,333,319,-1,319,333,334,-1,319,334,320,-1,323,322,335,-1,335,322,336,-1,335,336,337,-1,337,336,338,-1,337,338,339,-1,339,338,340,-1,339,340,341,-1,341,340,342,-1,341,342,343,-1,343,342,344,-1,343,344,345,-1,345,344,346,-1,345,346,347,-1,347,346,348,-1,347,348,349,-1,349,348,350,-1,349,350,351,-1,351,350,352,-1,351,352,353,-1,353,352,354,-1,353,354,355,-1,355,354,356,-1,355,356,357,-1,357,356,358,-1,357,358,359,-1,359,358,360,-1,361,362,360,-1,360,362,359,-1,306,362,305,-1,305,362,361,-1,322,363,364,-1,322,364,336,-1,336,364,365,-1,336,365,338,-1,338,365,366,-1,338,366,340,-1,340,366,367,-1,340,367,342,-1,342,367,368,-1,342,368,344,-1,344,368,369,-1,344,369,346,-1,346,369,370,-1,346,370,348,-1,348,370,371,-1,348,371,350,-1,350,371,372,-1,350,372,352,-1,352,372,373,-1,352,373,354,-1,354,373,374,-1,354,374,356,-1,356,374,375,-1,356,375,358,-1,358,375,376,-1,358,376,360,-1,360,376,377,-1,360,377,361,-1,361,377,378,-1,361,378,305,-1,305,378,379,-1,305,379,303,-1,379,380,303,-1,303,380,381,-1,303,381,308,-1,308,381,382,-1,308,382,310,-1,310,382,383,-1,384,330,385,-1,385,330,332,-1,385,332,386,-1,386,332,319,-1,386,319,387,-1,387,319,321,-1,387,321,388,-1,388,321,318,-1,388,318,389,-1,389,318,316,-1,389,316,390,-1,390,316,314,-1,390,314,383,-1,383,314,312,-1,383,312,310,-1,363,322,391,-1,391,322,324,-1,391,324,392,-1,392,324,326,-1,392,326,384,-1,384,326,328,-1,384,328,330,-1,377,393,378,-1,378,393,394,-1,371,395,372,-1,372,395,396,-1,372,396,373,-1,373,396,397,-1,373,397,374,-1,374,397,398,-1,374,398,375,-1,375,398,399,-1,375,399,376,-1,376,399,400,-1,376,400,377,-1,377,400,393,-1,363,401,364,-1,364,401,402,-1,364,402,365,-1,365,402,366,-1,402,403,366,-1,366,403,404,-1,366,404,367,-1,367,404,405,-1,395,371,406,-1,406,371,370,-1,406,370,407,-1,407,370,369,-1,407,369,405,-1,405,369,368,-1,405,368,367,-1,388,408,387,-1,387,408,409,-1,387,409,386,-1,386,409,410,-1,386,410,385,-1,385,410,411,-1,401,363,412,-1,412,363,391,-1,412,391,413,-1,413,391,392,-1,413,392,411,-1,411,392,384,-1,411,384,385,-1,380,414,381,-1,381,414,415,-1,381,415,382,-1,382,415,416,-1,382,416,383,-1,383,416,417,-1,383,417,390,-1,390,417,418,-1,390,418,389,-1,389,418,419,-1,389,419,388,-1,388,419,408,-1,379,420,380,-1,380,420,414,-1,379,378,420,-1,420,378,394,-1,
        ]
    }
}
Shape{
    appearance Appearance {
        material  Material 	{
            diffuseColor 0.9686274509803922 0.8784313725490196 0.6
            specularColor 0.6784313725490196 0.615686274509804 0.4196078431372549
            ambientIntensity 0.8737
            transparency 0.0
            shininess 0.5
        }
    }
    geometry IndexedFaceSet {
        ccw TRUE
        solid FALSE
        coord DEF co Coordinate {
            point [
                -0.1389 0.2532 0.1501, -0.1425 0.2512 0.1507, -0.1488 0.2475 0.1746, -0.1435 0.2506 0.1509, -0.1449 0.2498 0.1516, -0.1465 0.2489 0.1524, -0.147 0.2486 0.1528, -0.1484 0.2477 0.154, -0.1501 0.2467 0.1567, -0.1506 0.2464 0.1576, -0.1509 0.2462 0.1585, -0.1501 0.2467 0.1727, -0.1514 0.2459 0.168, -0.1512 0.246 0.1695, -0.1508 0.2463 0.1706, -0.1518 0.2457 0.1645, -0.1518 0.2456 0.1648, -0.1512 0.246 0.1596, -0.1514 0.2459 0.1602, -0.1514 0.2459 0.1606, -0.1341 0.2557 0.1501, -0.1484 0.2478 0.1752, -0.1462 0.249 0.1766, -0.1453 0.2496 0.1772, -0.1438 0.2504 0.1777, -0.1418 0.2516 0.1784, -0.1409 0.2521 0.1785, -0.1391 0.2531 0.1787, -0.1341 0.2557 0.1787
            ]
        }
        coordIndex [
            0,1,2,-1,1,3,2,-1,2,3,4,-1,2,4,5,-1,5,6,2,-1,2,6,7,-1,2,7,8,-1,8,9,2,-1,2,9,10,-1,2,10,11,-1,12,13,14,-1,15,16,12,-1,17,10,18,-1,15,12,19,-1,18,19,17,-1,17,19,12,-1,17,12,10,-1,10,12,14,-1,10,14,11,-1,0,2,20,-1,20,2,21,-1,20,21,22,-1,22,23,20,-1,20,23,24,-1,20,24,25,-1,25,26,20,-1,20,26,27,-1,20,27,28,-1,
        ]
    }
}
Shape{
    appearance Appearance {
        material  Material 	{
            diffuseColor 0.0 0.0 0.0
            specularColor 0.0 0.0 0.0
            ambientIntensity 0.0
            transparency 0.0
            shininess 0.5
        }
    }
    geometry IndexedFaceSet {
        ccw TRUE
        solid FALSE
        coord DEF co Coordinate {
            point [
                -0.1578 0.2418 0.1459, -0.16 0.2451 0.1459, -0.1637 0.2379 0.1644, -0.1718 0.237 0.183, -0.1675 0.2352 0.1767, -0.1694 0.2338 0.183, -0.1622 0.2389 0.1459, -0.1644 0.2422 0.1459, -0.1651 0.2369 0.156, -0.1674 0.2401 0.156, -0.1637 0.2379 0.151, -0.1776 0.2277 0.156, -0.18 0.2308 0.156, -0.1675 0.2352 0.156, -0.183 0.2285 0.1459, -0.1791 0.2266 0.151, -0.1805 0.2254 0.1459, -0.1846 0.222 0.1459, -0.1871 0.2251 0.1459, -0.1736 0.2308 0.183, -0.1759 0.234 0.183, -0.1791 0.2265 0.1644, -0.1687 0.2392 0.1602, -0.1788 0.2318 0.1602, -0.1709 0.2376 0.1679, -0.1732 0.236 0.1756, -0.1738 0.2355 0.1782, -0.1743 0.2352 0.1756, -0.1766 0.2335 0.1679, -0.1709 0.2328 0.1756, -0.1715 0.2324 0.1782, -0.1719 0.232 0.1756, -0.1764 0.2286 0.1602, -0.1664 0.236 0.1602
            ]
        }
        coordIndex [
            0,1,2,-1,2,1,3,-1,2,3,4,-1,4,3,5,-1,6,7,0,-1,0,7,1,-1,8,9,10,-1,10,9,7,-1,10,7,6,-1,11,12,13,-1,13,12,9,-1,13,9,8,-1,12,11,14,-1,14,11,15,-1,14,15,16,-1,17,18,16,-1,16,18,14,-1,19,20,21,-1,21,20,18,-1,21,18,17,-1,3,20,5,-1,5,20,19,-1,22,9,23,-1,23,9,12,-1,24,3,22,-1,22,3,1,-1,22,1,9,-1,9,1,7,-1,24,25,3,-1,3,25,26,-1,3,26,20,-1,20,26,27,-1,27,28,20,-1,20,28,23,-1,20,23,18,-1,18,23,12,-1,18,12,14,-1,25,29,26,-1,26,29,30,-1,26,30,27,-1,27,30,31,-1,32,23,31,-1,31,23,28,-1,31,28,27,-1,33,22,32,-1,32,22,23,-1,29,25,33,-1,33,25,24,-1,33,24,22,-1,
        ]
    }
}
Shape{
    appearance Appearance {
        material  Material 	{
            diffuseColor 0.9686274509803922 0.8784313725490196 0.6
            specularColor 0.6784313725490196 0.615686274509804 0.4196078431372549
            ambientIntensity 0.8737
            transparency 0.0
            shininess 0.5
        }
    }
    geometry IndexedFaceSet {
        ccw TRUE
        solid FALSE
        coord DEF co Coordinate {
            point [
                -0.1664 0.236 0.1602, -0.1764 0.2286 0.1602, -0.1709 0.2328 0.1756, -0.1719 0.232 0.1756, -0.1715 0.2324 0.1782
            ]
        }
        coordIndex [
            0,1,2,-1,2,1,3,-1,2,3,4,-1,
        ]
    }
}
Shape{
    appearance Appearance {
        material  Material 	{
            diffuseColor 0.0 0.0 0.0
            specularColor 0.0 0.0 0.0
            ambientIntensity 0.0
            transparency 0.0
            shininess 0.5
        }
    }
    geometry IndexedFaceSet {
        ccw TRUE
        solid FALSE
        coord DEF co Coordinate {
            point [
                0.0993 0.2712 0.2517, 0.1007 0.2749 0.2517, 0.0944 0.2728 0.251, 0.0971 0.2761 0.2515, 0.0918 0.2737 0.2506, 0.093 0.2775 0.2507, 0.0867 0.2755 0.2499, 0.0863 0.2797 0.2495, 0.0825 0.2767 0.2482, 0.0836 0.2805 0.2483, 0.0754 0.2788 0.2453, 0.0758 0.2827 0.245, 0.074 0.2791 0.2443, 0.075 0.2829 0.2444, 0.065 0.2814 0.238, 0.0659 0.2852 0.238, 0.1284 0.2587 0.2414, 0.1301 0.2622 0.2414, 0.1266 0.2595 0.2426, 0.1283 0.2631 0.2426, 0.1225 0.2615 0.2454, 0.1218 0.2662 0.2466, 0.1182 0.2634 0.2471, 0.1199 0.267 0.2473, 0.1107 0.2667 0.2502, 0.1117 0.2706 0.2503, 0.1092 0.2673 0.2504, 0.1082 0.2719 0.2508, 0.1107 0.271 0.2505, 0.1337 0.256 0.2363, 0.1387 0.2533 0.2298, 0.1405 0.2568 0.2298, 0.1353 0.2595 0.2361, 0.1377 0.2583 0.2337, 0.1459 0.2538 0.2304, 0.1413 0.2518 0.2301, 0.1439 0.2503 0.2304, 0.1694 0.2339 0.2177, 0.1717 0.2371 0.2177, 0.1684 0.2346 0.2188, 0.17 0.2383 0.2196, 0.1633 0.2382 0.2233, 0.1655 0.2414 0.2233, 0.1611 0.2397 0.2252, 0.1631 0.243 0.2253, 0.1575 0.242 0.2269, 0.1596 0.2453 0.2269, 0.1534 0.2447 0.2288, 0.155 0.2483 0.229, 0.1515 0.2458 0.2291, 0.1535 0.2492 0.2292, 0.1506 0.2509 0.2296, 0.1444 0.2501 0.2303, 0.1793 0.2264 0.1877, 0.1817 0.2295 0.1877, 0.1792 0.2264 0.189, 0.1816 0.2296 0.1902, 0.1782 0.2272 0.1967, 0.1807 0.2303 0.1967, 0.1779 0.2275 0.1997, 0.1802 0.2307 0.2, 0.1764 0.2287 0.2041, 0.1788 0.2318 0.2041, 0.1748 0.2299 0.2088, 0.1769 0.2332 0.2093, 0.1737 0.2307 0.2106, 0.1761 0.2338 0.2107, 0.1704 0.2331 0.1589, 0.1728 0.2363 0.1589, 0.1737 0.2307 0.1647, 0.176 0.2339 0.1647, 0.1746 0.23 0.1662, 0.1776 0.2327 0.1676, 0.1765 0.2286 0.1718, 0.1789 0.2317 0.1718, 0.178 0.2274 0.1766, 0.1806 0.2304 0.1772, 0.1783 0.2272 0.1789, 0.1808 0.2302 0.1789, 0.153 0.2449 0.1463, 0.1551 0.2483 0.1463, 0.1554 0.2434 0.1472, 0.1583 0.2462 0.1475, 0.1588 0.2411 0.1492, 0.161 0.2444 0.1491, 0.1634 0.2381 0.1518, 0.1661 0.241 0.1521, 0.1649 0.237 0.1533, 0.1672 0.2402 0.1533, 0.1339 0.2558 0.1288, 0.1312 0.2573 0.1284, 0.133 0.2608 0.1284, 0.1357 0.2593 0.1288, 0.1386 0.2578 0.1292, 0.1376 0.2539 0.1294, 0.1402 0.2569 0.1298, 0.1383 0.2535 0.1298, 0.144 0.2549 0.1314, 0.1422 0.2514 0.1315, 0.1441 0.2548 0.1315, 0.1427 0.2511 0.1318, 0.1444 0.2501 0.1332, 0.1475 0.2528 0.1341, 0.1455 0.2494 0.1341, 0.1467 0.2488 0.1351, 0.1485 0.2522 0.1349, 0.1485 0.2477 0.1374, 0.1505 0.2511 0.1374, 0.1506 0.251 0.1376, 0.1501 0.2467 0.1396, 0.1521 0.2501 0.1396, 0.1508 0.2463 0.1412, 0.1528 0.2496 0.1412, 0.1072 0.2681 0.1547, 0.1087 0.2718 0.1547, 0.1073 0.2681 0.154, 0.1088 0.2718 0.154, 0.1081 0.2678 0.1488, 0.1095 0.2714 0.1488, 0.1084 0.2677 0.1471, 0.1098 0.2713 0.147, 0.1096 0.2672 0.1441, 0.111 0.2708 0.1441, 0.1108 0.2667 0.1412, 0.1122 0.2703 0.1411, 0.1117 0.2663 0.1399, 0.1132 0.27 0.1399, 0.1144 0.2652 0.1361, 0.1159 0.2688 0.1361, 0.116 0.2688 0.136, 0.1176 0.2638 0.1334, 0.1192 0.2674 0.1334, 0.1188 0.2632 0.1323, 0.1207 0.2667 0.1321, 0.1216 0.2619 0.131, 0.1232 0.2655 0.1309, 0.1246 0.2605 0.1295, 0.1258 0.2643 0.1296, 0.1262 0.2598 0.1293, 0.1279 0.2633 0.1293, 0.1072 0.2681 0.1574, 0.1087 0.2718 0.1574, 0.0722 0.2796 0.1769, 0.0731 0.2834 0.1769, 0.0899 0.2744 0.1671, 0.0835 0.2806 0.1712, 0.0944 0.2728 0.1646, 0.1082 0.272 0.1576, 0.0811 0.2812 0.1908, 0.0761 0.2786 0.1838, 0.08 0.2775 0.1908, 0.0944 0.2728 0.1829, 0.1064 0.2727 0.1771, 0.0969 0.2721 0.1816, 0.1082 0.272 0.1761, 0.1133 0.2656 0.1724, 0.1148 0.2692 0.1724, 0.131 0.2618 0.1812, 0.1292 0.2583 0.1812, 0.1312 0.2617 0.1812, 0.1312 0.2573 0.1813, 0.133 0.2608 0.1813, 0.1188 0.2675 0.176, 0.1172 0.2639 0.176, 0.12 0.267 0.1771, 0.1184 0.2634 0.1771, 0.1224 0.2659 0.1784, 0.1208 0.2623 0.1784, 0.1253 0.2645 0.1799, 0.1233 0.2611 0.1798, 0.1265 0.2639 0.1802, 0.1248 0.2604 0.1801, 0.1291 0.2583 0.1812, 0.1528 0.2451 0.1639, 0.1548 0.2484 0.1639, 0.1509 0.2462 0.1682, 0.153 0.2496 0.1682, 0.1506 0.2464 0.169, 0.1526 0.2498 0.169, 0.1506 0.251 0.1718, 0.1483 0.2478 0.1722, 0.1504 0.2511 0.1722, 0.1471 0.2485 0.174, 0.1491 0.2519 0.174, 0.1454 0.2495 0.1754, 0.1474 0.2529 0.1755, 0.1444 0.2501 0.1763, 0.146 0.2537 0.1767, 0.1381 0.2581 0.1804, 0.1363 0.2546 0.1804, 0.1399 0.2571 0.1801, 0.1378 0.2538 0.1802, 0.1421 0.2559 0.179, 0.1402 0.2524 0.179, 0.1451 0.2542 0.1775, 0.1427 0.251 0.1778, 0.144 0.2503 0.1767, 0.1664 0.2408 0.1778, 0.1641 0.2376 0.1779, 0.1666 0.2407 0.1782, 0.1653 0.2368 0.1821, 0.1675 0.2401 0.1823, 0.1654 0.2368 0.1823, 0.1679 0.2398 0.1842, 0.1659 0.2363 0.1882, 0.1682 0.2396 0.1882, 0.1595 0.2454 0.1675, 0.1574 0.2421 0.1675, 0.1609 0.2445 0.1686, 0.1587 0.2413 0.1686, 0.1625 0.2435 0.1707, 0.1603 0.2402 0.1707, 0.1643 0.2423 0.173, 0.162 0.2391 0.173, 0.1646 0.242 0.1738, 0.1625 0.2388 0.1738, 0.1637 0.2379 0.1763, 0.1437 0.2505 0.2145, 0.1457 0.2539 0.2145, 0.1443 0.2502 0.2144, 0.1462 0.2536 0.2145, 0.1444 0.2501 0.2144, 0.1464 0.2535 0.2145, 0.1488 0.2475 0.2136, 0.1506 0.251 0.2137, 0.1508 0.2509 0.2136, 0.1502 0.2466 0.2133, 0.1526 0.2498 0.2133, 0.1528 0.245 0.212, 0.1549 0.2483 0.212, 0.1553 0.2435 0.2107, 0.1577 0.2466 0.2106, 0.1564 0.2428 0.2097, 0.1585 0.2461 0.2098, 0.1595 0.2407 0.2068, 0.1617 0.244 0.2068, 0.162 0.2438 0.2065, 0.1619 0.2392 0.2032, 0.1641 0.2424 0.2032, 0.1627 0.2386 0.202, 0.1652 0.2416 0.2014, 0.1638 0.2378 0.1988, 0.1661 0.241 0.1989, 0.165 0.237 0.1956, 0.1672 0.2403 0.1959, 0.1652 0.2369 0.1938, 0.1675 0.2401 0.1938, 0.1314 0.2571 0.2106, 0.1332 0.2606 0.2106, 0.1342 0.2557 0.2119, 0.1361 0.2592 0.2119, 0.1375 0.254 0.2134, 0.1392 0.2575 0.2134, 0.1389 0.2532 0.2137, 0.1408 0.2566 0.2137, 0.1033 0.2696 0.2353, 0.0991 0.2712 0.2359, 0.1004 0.2749 0.2359, 0.1047 0.2733 0.2353, 0.1082 0.272 0.2349, 0.1085 0.2676 0.2345, 0.1091 0.2716 0.2347, 0.1097 0.2671 0.2339, 0.1171 0.2683 0.2315, 0.1155 0.2647 0.2314, 0.1169 0.2683 0.2316, 0.1112 0.2707 0.2339, 0.13 0.2623 0.2177, 0.1282 0.2587 0.2176, 0.1291 0.2627 0.2196, 0.1272 0.2593 0.2199, 0.1264 0.264 0.223, 0.1247 0.2604 0.223, 0.1237 0.2653 0.2264, 0.1221 0.2617 0.2264, 0.1219 0.2661 0.2278, 0.1203 0.2625 0.2278, 0.1161 0.2644 0.2311, 0.0933 0.2774 0.2349, 0.0637 0.2817 0.203, 0.0646 0.2855 0.203, 0.0647 0.2814 0.2072, 0.0656 0.2853 0.2072, 0.0657 0.2812 0.2112, 0.0666 0.285 0.2113, 0.0671 0.2809 0.214, 0.0679 0.2847 0.214, 0.0698 0.2802 0.2195, 0.0706 0.2841 0.2195, 0.0703 0.2801 0.2201, 0.0712 0.2839 0.2201, 0.0746 0.279 0.2252, 0.0756 0.2828 0.2253, 0.0756 0.2787 0.2264, 0.0766 0.2825 0.2264, 0.0797 0.2775 0.2295, 0.0808 0.2813 0.2295, 0.0816 0.277 0.2309, 0.0833 0.2806 0.2313, 0.0856 0.2758 0.2326, 0.0867 0.2795 0.2327, 0.0899 0.2744 0.2345, 0.0909 0.2782 0.2345, 0.0921 0.2737 0.2348, 0.0944 0.2729 0.2352, 0.0629 0.2859 0.203, 0.0617 0.2821 0.203, 0.0625 0.286 0.203, 0.0414 0.2858 0.1824, 0.042 0.2897 0.1824, 0.0415 0.2858 0.1829, 0.0421 0.2897 0.1829, 0.0422 0.2857 0.1871, 0.0428 0.2896 0.1871, 0.0424 0.2857 0.1884, 0.043 0.2895 0.1884, 0.0434 0.2855 0.1908, 0.044 0.2894 0.1908, 0.0444 0.2854 0.193, 0.045 0.2892 0.193, 0.0452 0.2852 0.194, 0.0458 0.2891 0.194, 0.0474 0.2849 0.1969, 0.048 0.2887 0.1969, 0.0474 0.2849 0.1969, 0.048 0.2887 0.1969, 0.0502 0.2844 0.1991, 0.0509 0.2883 0.1991, 0.0514 0.2842 0.2, 0.0519 0.2881 0.2, 0.0536 0.2838 0.201, 0.0543 0.2876 0.201, 0.0559 0.2833 0.202, 0.0563 0.2873 0.2019, 0.0572 0.283 0.2022, 0.058 0.2869 0.2022, 0.0601 0.2825 0.1618, 0.0609 0.2863 0.1618, 0.057 0.2831 0.1626, 0.0578 0.2869 0.1625, 0.0549 0.2835 0.163, 0.0556 0.2874 0.163, 0.0533 0.2838 0.1638, 0.054 0.2877 0.1638, 0.0505 0.2843 0.1652, 0.0512 0.2882 0.1652, 0.0501 0.2844 0.1655, 0.0508 0.2883 0.1655, 0.0474 0.2849 0.1679, 0.048 0.2887 0.1679, 0.0468 0.285 0.1684, 0.0474 0.2888 0.1684, 0.0452 0.2852 0.1707, 0.0457 0.2891 0.1706, 0.0443 0.2854 0.1718, 0.0449 0.2893 0.1718, 0.0433 0.2855 0.1741, 0.0439 0.2894 0.1741, 0.0424 0.2857 0.1763, 0.043 0.2895 0.1762, 0.0422 0.2857 0.1778, 0.0427 0.2896 0.1778, 0.0629 0.2859 0.1618, 0.0717 0.2797 0.1618, 0.0726 0.2836 0.1618, 0.0732 0.2794 0.1621, 0.0742 0.2832 0.1621, 0.0811 0.2772 0.1539, 0.0822 0.2809 0.1539, 0.0806 0.2773 0.156, 0.0818 0.2811 0.156, 0.0805 0.2773 0.1566, 0.0817 0.2811 0.1563, 0.0801 0.2774 0.1575, 0.0812 0.2812 0.1575, 0.0798 0.2775 0.1583, 0.081 0.2813 0.1581, 0.0795 0.2776 0.1587, 0.0806 0.2814 0.1587, 0.0799 0.2816 0.1596, 0.0787 0.2778 0.1597, 0.0798 0.2816 0.1597, 0.0778 0.2781 0.1605, 0.0789 0.2819 0.1605, 0.0775 0.2782 0.1607, 0.0787 0.2819 0.1606, 0.0767 0.2784 0.1611, 0.0777 0.2822 0.1611, 0.0759 0.2786 0.1615, 0.0769 0.2824 0.1615, 0.0752 0.2788 0.1617, 0.0762 0.2826 0.1617, 0.0737 0.2792 0.1458, 0.0747 0.283 0.1458, 0.0749 0.2789 0.1461, 0.0759 0.2827 0.1461, 0.0754 0.2788 0.1462, 0.0766 0.2825 0.1462, 0.0765 0.2785 0.1467, 0.0775 0.2823 0.1467, 0.0772 0.2783 0.147, 0.0784 0.282 0.1471, 0.0777 0.2781 0.1474, 0.0787 0.2819 0.1473, 0.0786 0.2779 0.1481, 0.0798 0.2816 0.1482, 0.0787 0.2778 0.1482, 0.0798 0.2816 0.1482, 0.0795 0.2776 0.1492, 0.0806 0.2814 0.1492, 0.0797 0.2776 0.1495, 0.0808 0.2813 0.1495, 0.0802 0.2774 0.1504, 0.0813 0.2812 0.1504, 0.0805 0.2773 0.1512, 0.0816 0.2811 0.1512, 0.0807 0.2773 0.1519, 0.0818 0.2811 0.1519, 0.0629 0.2859 0.1458, 0.0601 0.2825 0.1458, 0.0609 0.2863 0.1458, 0.0593 0.2826 0.1458, 0.0601 0.2865 0.1458, 0.0586 0.2828 0.1458, 0.0594 0.2866 0.1458, 0.0349 0.2867 0.1576, 0.0354 0.2906 0.1576, 0.039 0.2861 0.1541, 0.0395 0.29 0.1541, 0.0408 0.2859 0.1525, 0.0414 0.2898 0.1525, 0.0411 0.2858 0.1523, 0.0454 0.2891 0.1504, 0.052 0.288 0.1475, 0.0513 0.2842 0.1475, 0.0499 0.2884 0.148, 0.0491 0.2846 0.148, 0.0448 0.2853 0.1504, 0.0252 0.2877 0.1827, 0.0255 0.2916 0.1827, 0.0259 0.2876 0.1765, 0.0263 0.2915 0.1765, 0.0261 0.2876 0.1751, 0.0265 0.2915 0.1748, 0.0279 0.2874 0.1699, 0.0283 0.2913 0.1699, 0.0292 0.2873 0.166, 0.0298 0.2912 0.1658, 0.0306 0.2871 0.164, 0.031 0.2911 0.164, 0.0418 0.2897 0.2122, 0.0422 0.2857 0.2128, 0.0482 0.2887 0.2156, 0.0476 0.2848 0.2155, 0.0495 0.2885 0.2164, 0.0511 0.2842 0.2172, 0.0518 0.2881 0.2172, 0.0267 0.2915 0.1899, 0.0264 0.2876 0.1899, 0.0271 0.2915 0.1924, 0.0268 0.2876 0.1923, 0.0289 0.2913 0.1966, 0.0287 0.2874 0.1966, 0.03 0.2912 0.1993, 0.0305 0.2872 0.2008, 0.0323 0.2909 0.2025, 0.0318 0.287 0.2025, 0.0352 0.2906 0.2065, 0.0352 0.2867 0.207, 0.0366 0.2904 0.2077, 0.0361 0.2865 0.2077, 0.0413 0.2898 0.2119, 0.0411 0.2858 0.212, 0.0413 0.2858 0.2121, 0.0643 0.2856 0.2364, 0.0616 0.2821 0.234, 0.0629 0.2859 0.2347, 0.0624 0.286 0.2341, 0.0565 0.2832 0.2278, 0.0569 0.2871 0.2273, 0.0556 0.2834 0.226, 0.0563 0.2873 0.226, 0.0808 0.2813 0.15, 0.1319 0.2613 0.1645, 0.1316 0.2615 0.1645, 0.1298 0.2623 0.1639, 0.1292 0.2627 0.1636, 0.1284 0.263 0.1631, 0.1274 0.2635 0.1625, 0.1271 0.2637 0.1621, 0.1259 0.2642 0.1608, 0.1258 0.2643 0.1607, 0.125 0.2647 0.1592, 0.1246 0.2649 0.1585, 0.1243 0.265 0.1574, 0.1357 0.2594 0.1642, 0.1332 0.2606 0.1647, 0.124 0.2652 0.1562, 0.124 0.2652 0.1557, 0.1239 0.2652 0.1538, 0.1239 0.2652 0.1538, 0.1242 0.265 0.1519, 0.1243 0.265 0.1513, 0.1248 0.2648 0.1501, 0.1253 0.2645 0.149, 0.1257 0.2644 0.1485, 0.1266 0.2639 0.1472, 0.1277 0.2634 0.1463, 0.1283 0.2631 0.1458, 0.1291 0.2627 0.1454, 0.1304 0.2621 0.1448, 0.1308 0.2619 0.1447, 0.1332 0.2606 0.1442, 0.1345 0.26 0.1444, 0.1352 0.2596 0.1445, 0.1364 0.259 0.1449, 0.1374 0.2585 0.1453, 0.1379 0.2582 0.1457, 0.1392 0.2575 0.1466, 0.1392 0.2575 0.1466, 0.1402 0.2569 0.1479, 0.1407 0.2567 0.1484, 0.1411 0.2565 0.1493, 0.1417 0.2561 0.1506, 0.1418 0.2561 0.1508, 0.1423 0.2558 0.1528, 0.1423 0.2558 0.1529, 0.1424 0.2558 0.1545, 0.1424 0.2557 0.1551, 0.1422 0.2559 0.1564, 0.142 0.256 0.1576, 0.1418 0.2561 0.1581, 0.1412 0.2564 0.1596, 0.1364 0.259 0.1641, 0.1411 0.2565 0.1598, 0.1401 0.257 0.1612, 0.1397 0.2572 0.1617, 0.1396 0.2573 0.1619, 0.1384 0.2579 0.163, 0.1381 0.2581 0.1632, 0.1371 0.2586 0.1637, 0.1314 0.2571 0.1647, 0.1298 0.2579 0.1645, 0.1295 0.2581 0.1644, 0.1281 0.2588 0.1639, 0.1273 0.2592 0.1636, 0.1267 0.2595 0.1631, 0.1255 0.2601 0.1623, 0.1254 0.2601 0.1622, 0.1242 0.2607 0.1608, 0.1239 0.2608 0.1605, 0.1233 0.2611 0.1592, 0.1229 0.2613 0.1584, 0.1226 0.2614 0.1574, 0.1223 0.2616 0.1562, 0.1223 0.2616 0.1557, 0.1222 0.2616 0.1538, 0.1222 0.2616 0.1536, 0.1225 0.2615 0.1519, 0.1226 0.2614 0.1512, 0.1231 0.2612 0.1501, 0.1235 0.261 0.1492, 0.124 0.2608 0.1485, 0.1249 0.2604 0.1472, 0.1249 0.2604 0.1472, 0.126 0.2598 0.1463, 0.1266 0.2595 0.1457, 0.1273 0.2592 0.1454, 0.1287 0.2585 0.1447, 0.129 0.2584 0.1447, 0.1314 0.2571 0.1442, 0.1327 0.2565 0.1444, 0.1334 0.2561 0.1445, 0.1345 0.2555 0.1449, 0.1355 0.255 0.1453, 0.136 0.2547 0.1457, 0.1373 0.254 0.1466, 0.1373 0.254 0.1466, 0.1383 0.2535 0.1479, 0.1388 0.2532 0.1484, 0.1392 0.253 0.1493, 0.1398 0.2527 0.1505, 0.1399 0.2526 0.1507, 0.1404 0.2524 0.1527, 0.1404 0.2523 0.1545, 0.1339 0.2559 0.1642, 0.1342 0.2557 0.1642, 0.1353 0.2551 0.1636, 0.1362 0.2546 0.1632, 0.1365 0.2545 0.1629, 0.1377 0.2538 0.1618, 0.1379 0.2537 0.1617, 0.1382 0.2536 0.1612, 0.1392 0.253 0.1598, 0.1393 0.253 0.1597, 0.1399 0.2526 0.1581, 0.1401 0.2525 0.1577, 0.1403 0.2524 0.1564, 0.1405 0.2523 0.1553
            ]
        }
        coordIndex [
            0,1,2,-1,2,1,3,-1,2,3,4,-1,4,3,5,-1,4,5,6,-1,6,5,7,-1,6,7,8,-1,8,7,9,-1,8,9,10,-1,10,9,11,-1,10,11,12,-1,12,11,13,-1,12,13,14,-1,14,13,15,-1,16,17,18,-1,18,17,19,-1,18,19,20,-1,20,19,21,-1,20,21,22,-1,22,21,23,-1,22,23,24,-1,24,23,25,-1,24,25,26,-1,1,0,27,-1,27,0,26,-1,27,26,28,-1,28,26,25,-1,29,30,31,-1,17,16,32,-1,32,16,29,-1,32,29,33,-1,33,29,31,-1,31,30,34,-1,34,30,35,-1,34,35,36,-1,37,38,39,-1,39,38,40,-1,39,40,41,-1,41,40,42,-1,41,42,43,-1,43,42,44,-1,43,44,45,-1,45,44,46,-1,45,46,47,-1,47,46,48,-1,47,48,49,-1,48,50,49,-1,49,50,51,-1,49,51,52,-1,52,51,34,-1,52,34,36,-1,53,54,55,-1,55,54,56,-1,55,56,57,-1,57,56,58,-1,57,58,59,-1,59,58,60,-1,59,60,61,-1,61,60,62,-1,61,62,63,-1,63,62,64,-1,63,64,65,-1,65,64,66,-1,65,66,37,-1,37,66,38,-1,67,68,69,-1,69,68,70,-1,69,70,71,-1,71,70,72,-1,71,72,73,-1,73,72,74,-1,73,74,75,-1,75,74,76,-1,75,76,77,-1,77,76,78,-1,77,78,53,-1,53,78,54,-1,79,80,81,-1,81,80,82,-1,81,82,83,-1,83,82,84,-1,83,84,85,-1,85,84,86,-1,85,86,87,-1,87,86,88,-1,87,88,67,-1,67,88,68,-1,89,90,91,-1,91,92,89,-1,89,92,93,-1,89,93,94,-1,94,93,95,-1,94,95,96,-1,96,95,97,-1,96,97,98,-1,98,97,99,-1,98,99,100,-1,100,99,101,-1,101,99,102,-1,101,102,103,-1,103,102,104,-1,104,102,105,-1,104,105,106,-1,105,107,106,-1,106,107,108,-1,106,108,109,-1,109,108,110,-1,109,110,111,-1,111,110,112,-1,111,112,79,-1,79,112,80,-1,113,114,115,-1,115,114,116,-1,115,116,117,-1,117,116,118,-1,117,118,119,-1,119,118,120,-1,119,120,121,-1,121,120,122,-1,121,122,123,-1,123,122,124,-1,123,124,125,-1,125,124,126,-1,125,126,127,-1,126,128,127,-1,127,128,129,-1,127,129,130,-1,130,129,131,-1,130,131,132,-1,132,131,133,-1,132,133,134,-1,134,133,135,-1,134,135,136,-1,136,135,137,-1,136,137,138,-1,138,137,139,-1,138,139,90,-1,90,139,91,-1,140,141,113,-1,113,141,114,-1,142,143,144,-1,144,143,145,-1,144,145,146,-1,146,145,147,-1,146,147,140,-1,140,147,141,-1,143,142,148,-1,148,142,149,-1,148,149,150,-1,148,150,151,-1,148,151,152,-1,152,151,153,-1,152,153,154,-1,154,153,155,-1,154,155,156,-1,157,158,159,-1,159,158,160,-1,159,160,161,-1,156,155,162,-1,162,155,163,-1,162,163,164,-1,164,163,165,-1,164,165,166,-1,166,165,167,-1,166,167,168,-1,168,167,169,-1,168,169,170,-1,170,169,171,-1,170,171,157,-1,157,171,172,-1,157,172,158,-1,173,174,175,-1,175,174,176,-1,175,176,177,-1,176,178,177,-1,177,178,179,-1,177,179,180,-1,180,179,181,-1,180,181,182,-1,182,181,183,-1,182,183,184,-1,184,183,185,-1,184,185,186,-1,186,185,187,-1,161,160,188,-1,188,160,189,-1,188,189,190,-1,190,189,191,-1,190,191,192,-1,192,191,193,-1,192,193,194,-1,194,193,195,-1,194,195,187,-1,187,195,196,-1,187,196,186,-1,197,198,199,-1,199,198,200,-1,199,200,201,-1,201,200,202,-1,201,202,203,-1,203,202,204,-1,203,204,205,-1,174,173,206,-1,206,173,207,-1,206,207,208,-1,208,207,209,-1,208,209,210,-1,210,209,211,-1,210,211,212,-1,212,211,213,-1,212,213,214,-1,214,213,215,-1,214,215,197,-1,197,215,216,-1,197,216,198,-1,217,218,219,-1,219,218,220,-1,219,220,221,-1,221,220,222,-1,221,222,223,-1,222,224,223,-1,223,224,225,-1,223,225,226,-1,226,225,227,-1,226,227,228,-1,228,227,229,-1,228,229,230,-1,230,229,231,-1,230,231,232,-1,232,231,233,-1,232,233,234,-1,233,235,234,-1,234,235,236,-1,234,236,237,-1,237,236,238,-1,237,238,239,-1,239,238,240,-1,239,240,241,-1,241,240,242,-1,241,242,243,-1,243,242,244,-1,243,244,245,-1,245,244,246,-1,245,246,204,-1,204,246,205,-1,247,248,249,-1,249,248,250,-1,249,250,251,-1,251,250,252,-1,251,252,253,-1,253,252,254,-1,253,254,217,-1,217,254,218,-1,255,256,257,-1,257,258,255,-1,255,258,259,-1,255,259,260,-1,260,259,261,-1,260,261,262,-1,263,264,265,-1,265,264,262,-1,265,262,266,-1,266,262,261,-1,248,247,267,-1,267,247,268,-1,267,268,269,-1,269,268,270,-1,269,270,271,-1,271,270,272,-1,271,272,273,-1,273,272,274,-1,273,274,275,-1,275,274,276,-1,275,276,263,-1,263,276,277,-1,263,277,264,-1,278,257,256,-1,279,280,281,-1,281,280,282,-1,281,282,283,-1,283,282,284,-1,283,284,285,-1,285,284,286,-1,285,286,287,-1,287,286,288,-1,287,288,289,-1,289,288,290,-1,289,290,291,-1,291,290,292,-1,291,292,293,-1,293,292,294,-1,293,294,295,-1,295,294,296,-1,295,296,297,-1,297,296,298,-1,297,298,299,-1,299,298,300,-1,299,300,301,-1,301,300,302,-1,301,302,303,-1,303,302,278,-1,303,278,304,-1,304,278,256,-1,280,279,305,-1,305,279,306,-1,305,306,307,-1,308,309,310,-1,310,309,311,-1,310,311,312,-1,312,311,313,-1,312,313,314,-1,314,313,315,-1,314,315,316,-1,316,315,317,-1,316,317,318,-1,318,317,319,-1,318,319,320,-1,320,319,321,-1,320,321,322,-1,322,321,323,-1,322,323,324,-1,324,323,325,-1,324,325,326,-1,326,325,327,-1,326,327,328,-1,328,327,329,-1,328,329,330,-1,330,329,331,-1,330,331,332,-1,332,331,333,-1,332,333,334,-1,334,333,335,-1,334,335,306,-1,306,335,307,-1,336,337,338,-1,338,337,339,-1,338,339,340,-1,340,339,341,-1,340,341,342,-1,342,341,343,-1,342,343,344,-1,344,343,345,-1,344,345,346,-1,346,345,347,-1,346,347,348,-1,348,347,349,-1,348,349,350,-1,350,349,351,-1,350,351,352,-1,352,351,353,-1,352,353,354,-1,354,353,355,-1,354,355,356,-1,356,355,357,-1,356,357,358,-1,358,357,359,-1,358,359,360,-1,360,359,361,-1,360,361,308,-1,308,361,309,-1,337,336,362,-1,362,336,363,-1,362,363,364,-1,365,366,363,-1,363,366,364,-1,367,368,369,-1,369,368,370,-1,369,370,371,-1,371,370,372,-1,371,372,373,-1,373,372,374,-1,373,374,375,-1,375,374,376,-1,375,376,377,-1,376,378,377,-1,377,378,379,-1,377,379,380,-1,380,379,381,-1,380,381,382,-1,382,381,383,-1,382,383,384,-1,384,383,385,-1,384,385,386,-1,386,385,387,-1,386,387,388,-1,388,387,389,-1,388,389,390,-1,390,389,391,-1,390,391,365,-1,365,391,366,-1,392,393,394,-1,394,393,395,-1,394,395,396,-1,396,395,397,-1,396,397,398,-1,398,397,399,-1,398,399,400,-1,400,399,401,-1,400,401,402,-1,402,401,403,-1,402,403,404,-1,404,403,405,-1,404,405,406,-1,406,405,407,-1,406,407,408,-1,408,407,409,-1,408,409,410,-1,410,409,411,-1,410,411,412,-1,412,411,413,-1,412,413,414,-1,414,413,415,-1,414,415,416,-1,416,415,417,-1,416,417,367,-1,367,417,368,-1,393,392,418,-1,418,392,419,-1,418,419,420,-1,421,422,419,-1,419,422,420,-1,423,424,421,-1,421,424,422,-1,425,426,427,-1,427,426,428,-1,427,428,429,-1,429,428,430,-1,429,430,431,-1,431,430,432,-1,424,423,433,-1,433,423,434,-1,433,434,435,-1,435,434,436,-1,435,436,432,-1,432,436,437,-1,432,437,431,-1,438,439,440,-1,440,439,441,-1,440,441,442,-1,442,441,443,-1,442,443,444,-1,444,443,445,-1,444,445,446,-1,446,445,447,-1,446,447,448,-1,448,447,449,-1,448,449,425,-1,425,449,426,-1,450,451,452,-1,452,451,453,-1,452,453,454,-1,454,453,455,-1,454,455,456,-1,439,438,457,-1,457,438,458,-1,457,458,459,-1,459,458,460,-1,459,460,461,-1,461,460,462,-1,461,462,463,-1,463,462,464,-1,463,464,465,-1,465,464,466,-1,465,466,467,-1,467,466,468,-1,467,468,469,-1,469,468,470,-1,469,470,471,-1,471,470,472,-1,471,472,450,-1,450,472,473,-1,450,473,451,-1,14,15,474,-1,14,474,475,-1,474,476,475,-1,475,476,477,-1,475,477,478,-1,478,477,479,-1,478,479,480,-1,480,479,481,-1,480,481,455,-1,455,481,456,-1,145,143,148,-1,250,248,31,-1,477,476,305,-1,307,335,456,-1,456,335,333,-1,456,333,454,-1,454,333,452,-1,452,333,331,-1,452,331,450,-1,450,331,329,-1,450,329,471,-1,471,329,327,-1,471,327,469,-1,469,327,325,-1,469,325,467,-1,325,323,467,-1,467,323,321,-1,467,321,465,-1,465,321,319,-1,465,319,463,-1,463,319,317,-1,463,317,461,-1,461,317,459,-1,459,317,315,-1,459,315,457,-1,457,315,313,-1,457,313,439,-1,313,311,439,-1,439,311,309,-1,439,309,441,-1,441,309,361,-1,441,361,443,-1,443,361,359,-1,443,359,445,-1,445,359,447,-1,447,359,357,-1,447,357,449,-1,357,355,449,-1,449,355,353,-1,449,353,426,-1,337,424,339,-1,339,424,433,-1,339,433,341,-1,341,433,435,-1,341,435,343,-1,343,435,432,-1,343,432,345,-1,345,432,430,-1,345,430,347,-1,347,430,428,-1,347,428,349,-1,349,428,426,-1,349,426,351,-1,351,426,353,-1,362,420,337,-1,337,420,422,-1,337,422,424,-1,477,305,479,-1,307,456,305,-1,305,456,481,-1,305,481,479,-1,364,393,362,-1,362,393,418,-1,362,418,420,-1,391,389,407,-1,407,389,387,-1,407,387,385,-1,385,383,407,-1,407,383,381,-1,407,381,379,-1,379,378,407,-1,407,378,376,-1,407,376,374,-1,370,368,417,-1,415,413,482,-1,374,372,407,-1,407,372,370,-1,407,370,482,-1,482,370,417,-1,482,417,415,-1,413,411,482,-1,482,411,409,-1,482,409,407,-1,405,364,407,-1,407,364,366,-1,407,366,391,-1,405,403,364,-1,364,403,401,-1,364,401,399,-1,399,397,364,-1,364,397,395,-1,364,395,393,-1,278,302,7,-1,7,302,9,-1,9,302,300,-1,9,300,11,-1,11,300,298,-1,11,298,13,-1,13,298,296,-1,13,296,15,-1,15,296,294,-1,15,294,474,-1,294,292,474,-1,474,292,290,-1,474,290,476,-1,476,290,288,-1,476,288,286,-1,280,305,282,-1,282,305,476,-1,282,476,284,-1,284,476,286,-1,248,267,31,-1,31,267,269,-1,31,269,33,-1,33,269,271,-1,33,271,32,-1,32,271,273,-1,32,273,17,-1,17,273,275,-1,17,275,19,-1,19,275,263,-1,19,263,21,-1,21,263,265,-1,21,265,23,-1,23,265,266,-1,23,266,25,-1,25,266,261,-1,25,261,28,-1,28,261,259,-1,28,259,27,-1,27,259,258,-1,27,258,1,-1,1,258,257,-1,1,257,3,-1,3,257,278,-1,3,278,5,-1,5,278,7,-1,34,222,220,-1,220,218,34,-1,34,218,254,-1,34,254,31,-1,31,254,252,-1,31,252,250,-1,108,179,178,-1,84,174,86,-1,86,174,206,-1,86,206,88,-1,88,206,208,-1,88,208,68,-1,68,208,210,-1,68,210,70,-1,210,212,70,-1,70,212,214,-1,70,214,72,-1,72,214,197,-1,72,197,74,-1,74,197,199,-1,74,199,76,-1,76,199,201,-1,76,201,78,-1,78,201,203,-1,78,203,54,-1,54,203,205,-1,54,205,56,-1,56,205,246,-1,56,246,58,-1,58,246,60,-1,60,246,244,-1,60,244,62,-1,62,244,242,-1,62,242,64,-1,64,242,240,-1,64,240,66,-1,66,240,238,-1,66,238,38,-1,38,238,236,-1,38,236,40,-1,236,235,40,-1,40,235,233,-1,40,233,42,-1,42,233,231,-1,42,231,44,-1,44,231,229,-1,222,34,224,-1,224,34,51,-1,224,51,225,-1,225,51,50,-1,225,50,227,-1,227,50,48,-1,227,48,229,-1,229,48,46,-1,229,46,44,-1,84,82,174,-1,174,82,80,-1,174,80,112,-1,178,176,108,-1,108,176,174,-1,108,174,110,-1,110,174,112,-1,483,484,141,-1,141,484,485,-1,485,486,141,-1,141,486,487,-1,141,487,488,-1,488,489,141,-1,141,489,490,-1,141,490,491,-1,491,492,141,-1,141,492,493,-1,141,493,494,-1,495,496,156,-1,494,497,141,-1,141,497,498,-1,141,498,114,-1,114,498,499,-1,114,499,116,-1,499,500,116,-1,116,500,501,-1,116,501,118,-1,118,501,502,-1,118,502,120,-1,120,502,122,-1,122,502,503,-1,122,503,124,-1,124,503,504,-1,124,504,126,-1,126,504,505,-1,126,505,128,-1,128,505,506,-1,128,506,129,-1,129,506,131,-1,131,506,507,-1,131,507,133,-1,133,507,508,-1,133,508,135,-1,135,508,509,-1,135,509,137,-1,137,509,510,-1,137,510,139,-1,139,510,511,-1,139,511,91,-1,91,511,512,-1,91,512,92,-1,92,512,513,-1,92,513,93,-1,93,513,514,-1,93,514,95,-1,95,514,515,-1,95,515,97,-1,97,515,516,-1,97,516,99,-1,99,516,517,-1,99,517,102,-1,102,517,518,-1,102,518,105,-1,105,518,519,-1,105,519,107,-1,107,519,520,-1,107,520,108,-1,108,520,521,-1,108,521,522,-1,522,523,108,-1,108,523,524,-1,108,524,525,-1,525,526,108,-1,108,526,527,-1,108,527,179,-1,179,527,528,-1,179,528,529,-1,529,530,179,-1,179,530,531,-1,179,531,532,-1,164,166,533,-1,495,156,533,-1,533,156,162,-1,533,162,164,-1,166,168,533,-1,533,168,170,-1,533,170,157,-1,157,159,533,-1,533,159,161,-1,533,161,188,-1,532,534,179,-1,179,534,535,-1,179,535,181,-1,181,535,536,-1,181,536,183,-1,183,536,537,-1,183,537,185,-1,185,537,538,-1,185,538,187,-1,187,538,539,-1,187,539,194,-1,194,539,540,-1,194,540,192,-1,192,540,533,-1,192,533,190,-1,190,533,188,-1,145,148,147,-1,496,483,156,-1,156,483,141,-1,156,141,154,-1,154,141,147,-1,154,147,152,-1,152,147,148,-1,496,541,483,-1,483,541,542,-1,483,542,484,-1,484,542,543,-1,484,543,485,-1,485,543,544,-1,485,544,486,-1,486,544,545,-1,486,545,487,-1,487,545,546,-1,487,546,488,-1,488,546,547,-1,488,547,489,-1,489,547,548,-1,489,548,490,-1,490,548,549,-1,490,549,491,-1,491,549,550,-1,491,550,492,-1,492,550,551,-1,492,551,493,-1,493,551,552,-1,493,552,494,-1,494,552,553,-1,494,553,497,-1,497,553,554,-1,497,554,498,-1,498,554,555,-1,498,555,499,-1,499,555,556,-1,499,556,500,-1,500,556,557,-1,500,557,501,-1,501,557,558,-1,501,558,502,-1,502,558,559,-1,502,559,503,-1,503,559,560,-1,503,560,504,-1,504,560,561,-1,504,561,505,-1,505,561,562,-1,505,562,506,-1,562,563,506,-1,506,563,564,-1,506,564,507,-1,507,564,565,-1,507,565,508,-1,508,565,566,-1,508,566,509,-1,509,566,567,-1,509,567,510,-1,510,567,568,-1,510,568,511,-1,511,568,569,-1,511,569,512,-1,512,569,570,-1,512,570,513,-1,513,570,571,-1,513,571,514,-1,514,571,572,-1,514,572,515,-1,515,572,573,-1,515,573,516,-1,516,573,574,-1,516,574,517,-1,517,574,575,-1,517,575,518,-1,518,575,576,-1,518,576,519,-1,519,576,577,-1,519,577,520,-1,520,577,578,-1,520,578,521,-1,521,578,579,-1,521,579,522,-1,522,579,580,-1,522,580,523,-1,523,580,581,-1,523,581,524,-1,524,581,582,-1,524,582,525,-1,525,582,583,-1,525,583,526,-1,526,583,584,-1,541,496,585,-1,585,496,495,-1,585,495,586,-1,586,495,533,-1,586,533,587,-1,587,533,540,-1,587,540,588,-1,588,540,539,-1,588,539,589,-1,589,539,538,-1,589,538,590,-1,590,538,537,-1,590,537,591,-1,591,537,536,-1,591,536,592,-1,592,536,535,-1,592,535,593,-1,593,535,534,-1,593,534,594,-1,594,534,532,-1,594,532,595,-1,595,532,531,-1,595,531,596,-1,596,531,530,-1,596,530,597,-1,597,530,529,-1,597,529,598,-1,598,529,528,-1,598,528,584,-1,584,528,527,-1,584,527,526,-1,
        ]
    }
}
Shape{
    appearance Appearance {
        material  Material 	{
            diffuseColor 0.9686274509803922 0.8784313725490196 0.6
            specularColor 0.6784313725490196 0.615686274509804 0.4196078431372549
            ambientIntensity 0.8737
            transparency 0.0
            shininess 0.5
        }
    }
    geometry IndexedFaceSet {
        ccw TRUE
        solid FALSE
        coord DEF co Coordinate {
            point [
                0.1353 0.2551 0.1636, 0.1362 0.2546 0.1632, 0.1249 0.2604 0.1472, 0.126 0.2598 0.1463, 0.1373 0.254 0.1466, 0.1365 0.2545 0.1629, 0.1377 0.2538 0.1618, 0.1379 0.2537 0.1617, 0.1382 0.2536 0.1612, 0.1392 0.253 0.1598, 0.1393 0.253 0.1597, 0.1399 0.2526 0.1581, 0.1401 0.2525 0.1577, 0.1403 0.2524 0.1564, 0.1405 0.2523 0.1553, 0.1404 0.2523 0.1545, 0.1404 0.2524 0.1527, 0.1399 0.2526 0.1507, 0.1398 0.2527 0.1505, 0.1392 0.253 0.1493, 0.1388 0.2532 0.1484, 0.1383 0.2535 0.1479, 0.129 0.2584 0.1447, 0.1287 0.2585 0.1447, 0.1273 0.2592 0.1454, 0.1373 0.254 0.1466, 0.136 0.2547 0.1457, 0.1355 0.255 0.1453, 0.1345 0.2555 0.1449, 0.1334 0.2561 0.1445, 0.1327 0.2565 0.1444, 0.1314 0.2571 0.1442, 0.1266 0.2595 0.1457, 0.1249 0.2604 0.1472, 0.124 0.2608 0.1485, 0.1246 0.2605 0.154, 0.1235 0.261 0.1492, 0.1231 0.2612 0.1501, 0.1226 0.2614 0.1512, 0.1225 0.2615 0.1519, 0.1222 0.2616 0.1536, 0.1222 0.2616 0.1538, 0.1223 0.2616 0.1557, 0.1223 0.2616 0.1562, 0.1226 0.2614 0.1574, 0.1229 0.2613 0.1584, 0.1233 0.2611 0.1592, 0.1239 0.2608 0.1605, 0.1242 0.2607 0.1608, 0.1254 0.2601 0.1622, 0.1298 0.2579 0.1645, 0.1314 0.2571 0.1647, 0.1339 0.2559 0.1642, 0.1255 0.2601 0.1623, 0.1267 0.2595 0.1631, 0.1273 0.2592 0.1636, 0.1281 0.2588 0.1639, 0.1295 0.2581 0.1644, 0.1342 0.2557 0.1642
            ]
        }
        coordIndex [
            0,1,2,-1,3,2,4,-1,1,5,2,-1,2,5,6,-1,2,6,7,-1,7,8,2,-1,2,8,9,-1,2,9,10,-1,10,11,2,-1,2,11,12,-1,2,12,13,-1,13,14,2,-1,2,14,15,-1,2,15,16,-1,16,17,2,-1,2,17,18,-1,2,18,19,-1,19,20,2,-1,2,20,21,-1,2,21,4,-1,22,23,24,-1,25,26,24,-1,24,26,27,-1,24,27,28,-1,28,29,24,-1,24,29,30,-1,24,30,22,-1,22,30,31,-1,25,24,4,-1,4,24,32,-1,4,32,3,-1,33,34,35,-1,35,34,36,-1,36,37,35,-1,35,37,38,-1,35,38,39,-1,39,40,35,-1,35,40,41,-1,35,41,42,-1,42,43,35,-1,35,43,44,-1,35,44,45,-1,45,46,35,-1,35,46,47,-1,35,47,48,-1,48,49,35,-1,35,49,2,-1,35,2,33,-1,50,51,52,-1,49,53,2,-1,2,53,54,-1,2,54,55,-1,55,56,2,-1,2,56,57,-1,2,57,50,-1,50,52,2,-1,2,52,58,-1,2,58,0,-1,
        ]
    }
}