ISO-10303-21;
HEADER;
/* Generated by software containing ST-Developer
 * from STEP Tools, Inc. (www.steptools.com) 
 */

FILE_DESCRIPTION(
/* description */ (''),
/* implementation_level */ '2;1');

FILE_NAME(
/* name */ 'ThymioPipeChambers.step',
/* time_stamp */ '2026-08-24T20:28:41+01:00',
/* author */ (''),
/* organization */ (''),
/* preprocessor_version */ 'ST-DEVELOPER v20.1',
/* originating_system */ 'Autodesk Translation Framework v15.8.0.0',
/* authorisation */ '');

FILE_SCHEMA (('AUTOMOTIVE_DESIGN { 1 0 10303 214 3 1 1 }'));
ENDSEC;

DATA;
#10=MECHANICAL_DESIGN_GEOMETRIC_PRESENTATION_REPRESENTATION('',(#13),#4443);
#11=SHAPE_REPRESENTATION_RELATIONSHIP('SRR','None',#4450,#12);
#12=ADVANCED_BREP_SHAPE_REPRESENTATION('',(#14),#4442);
#13=STYLED_ITEM('',(#4459),#14);
#14=MANIFOLD_SOLID_BREP('Body56',#2441);
#15=FACE_BOUND('',#258,.T.);
#16=FACE_BOUND('',#260,.T.);
#17=FACE_BOUND('',#263,.T.);
#18=FACE_BOUND('',#266,.T.);
#19=FACE_BOUND('',#281,.T.);
#20=FACE_BOUND('',#285,.T.);
#21=FACE_BOUND('',#289,.T.);
#22=FACE_BOUND('',#304,.T.);
#23=FACE_BOUND('',#313,.T.);
#24=FACE_BOUND('',#320,.T.);
#25=FACE_BOUND('',#321,.T.);
#26=FACE_BOUND('',#324,.T.);
#27=FACE_BOUND('',#326,.T.);
#28=FACE_BOUND('',#332,.T.);
#29=FACE_BOUND('',#336,.T.);
#30=FACE_BOUND('',#340,.T.);
#31=FACE_BOUND('',#342,.T.);
#32=FACE_BOUND('',#345,.T.);
#33=FACE_BOUND('',#350,.T.);
#34=FACE_BOUND('',#382,.T.);
#35=PLANE('',#2475);
#36=PLANE('',#2476);
#37=PLANE('',#2480);
#38=PLANE('',#2485);
#39=PLANE('',#2493);
#40=PLANE('',#2504);
#41=PLANE('',#2506);
#42=PLANE('',#2507);
#43=PLANE('',#2508);
#44=PLANE('',#2521);
#45=PLANE('',#2523);
#46=PLANE('',#2527);
#47=PLANE('',#2529);
#48=PLANE('',#2532);
#49=PLANE('',#2534);
#50=PLANE('',#2537);
#51=PLANE('',#2540);
#52=PLANE('',#2543);
#53=PLANE('',#2546);
#54=PLANE('',#2548);
#55=PLANE('',#2576);
#56=PLANE('',#2579);
#57=PLANE('',#2615);
#58=PLANE('',#2617);
#59=PLANE('',#2623);
#60=PLANE('',#2625);
#61=PLANE('',#2631);
#62=PLANE('',#2632);
#63=PLANE('',#2633);
#64=PLANE('',#2636);
#65=PLANE('',#2645);
#66=PLANE('',#2646);
#67=PLANE('',#2647);
#68=PLANE('',#2649);
#69=PLANE('',#2656);
#70=PLANE('',#2657);
#71=PLANE('',#2658);
#72=PLANE('',#2659);
#73=PLANE('',#2660);
#74=PLANE('',#2661);
#75=PLANE('',#2662);
#76=PLANE('',#2663);
#77=PLANE('',#2664);
#78=PLANE('',#2665);
#79=PLANE('',#2666);
#80=PLANE('',#2667);
#81=PLANE('',#2668);
#82=PLANE('',#2669);
#83=PLANE('',#2670);
#84=PLANE('',#2671);
#85=PLANE('',#2672);
#86=PLANE('',#2673);
#87=PLANE('',#2674);
#88=PLANE('',#2675);
#89=PLANE('',#2676);
#90=PLANE('',#2677);
#91=PLANE('',#2678);
#92=PLANE('',#2679);
#93=PLANE('',#2680);
#94=PLANE('',#2681);
#95=PLANE('',#2682);
#96=PLANE('',#2683);
#97=PLANE('',#2684);
#98=PLANE('',#2685);
#99=PLANE('',#2686);
#100=PLANE('',#2687);
#101=PLANE('',#2691);
#102=PLANE('',#2692);
#103=PLANE('',#2693);
#104=PLANE('',#2694);
#105=PLANE('',#2695);
#106=PLANE('',#2696);
#107=PLANE('',#2697);
#108=PLANE('',#2698);
#109=PLANE('',#2699);
#110=PLANE('',#2700);
#111=PLANE('',#2701);
#112=B_SPLINE_CURVE_WITH_KNOTS('',3,(#3448,#3449,#3450,#3451,#3452,#3453,
#3454,#3455,#3456,#3457,#3458,#3459,#3460,#3461,#3462,#3463),
 .UNSPECIFIED.,.F.,.F.,(4,2,2,2,2,2,2,4),(0.,0.0246541576015977,0.0493083152031954,
0.0986166304063908,0.197233260812782,0.279502620958356,0.320637301031144,
0.361771981103931),.UNSPECIFIED.);
#113=B_SPLINE_CURVE_WITH_KNOTS('',3,(#3465,#3466,#3467,#3468,#3469,#3470,
#3471,#3472,#3473,#3474,#3475,#3476,#3477,#3478,#3479,#3480),
 .UNSPECIFIED.,.F.,.F.,(4,2,2,2,2,2,2,4),(1.08531595464323,1.12645063619547,
1.1675853177477,1.24985468085217,1.34847131396539,1.397779630522,1.4224337888003,
1.4470879470786),.UNSPECIFIED.);
#114=B_SPLINE_CURVE_WITH_KNOTS('',3,(#3482,#3483,#3484,#3485,#3486,#3487,
#3488,#3489,#3490,#3491,#3492,#3493,#3494,#3495,#3496,#3497,#3498,#3499,
#3500,#3501,#3502,#3503,#3504,#3505,#3506,#3507,#3508,#3509,#3510,#3511),
 .UNSPECIFIED.,.F.,.F.,(4,2,2,2,2,2,2,2,2,2,2,2,2,2,4),(0.361771981103931,
0.402906661176719,0.444041341249506,0.526310701395081,0.624927331801472,
0.674235647004667,0.698889804606265,0.723543962207863,0.748198120486166,
0.77285227876447,0.822160595321077,0.920777228434291,1.00304659153876,1.044181273091,
1.08531595464323),.UNSPECIFIED.);
#115=B_SPLINE_CURVE_WITH_KNOTS('',3,(#3559,#3560,#3561,#3562,#3563,#3564,
#3565,#3566,#3567,#3568,#3569,#3570,#3571,#3572,#3573,#3574,#3575,#3576,
#3577,#3578,#3579,#3580,#3581,#3582,#3583,#3584,#3585,#3586,#3587,#3588,
#3589,#3590),.UNSPECIFIED.,.F.,.F.,(4,2,2,2,2,2,2,2,2,2,2,2,2,2,2,4),(0.,
0.0392350234893174,0.0784700469786348,0.15694009395727,0.229758612753531,
0.302577131549792,0.375395650346054,0.448214169142315,0.52668421612095,
0.565919239610268,0.605154263099585,0.644389286588903,0.68362431007822,
0.762094357056856,0.834912875853117,0.907731394649378),.UNSPECIFIED.);
#116=B_SPLINE_CURVE_WITH_KNOTS('',3,(#3591,#3592,#3593,#3594,#3595,#3596,
#3597,#3598,#3599,#3600,#3601,#3602),.UNSPECIFIED.,.F.,.F.,(4,2,2,2,2,4),
(0.907731394649378,0.98054991344564,1.0533684322419,1.13183847922054,1.17107350270985,
1.21030852619917),.UNSPECIFIED.);
#117=B_SPLINE_CURVE_WITH_KNOTS('',3,(#3621,#3622,#3623,#3624,#3625,#3626,
#3627,#3628,#3629,#3630,#3631,#3632,#3633,#3634,#3635,#3636,#3637,#3638,
#3639,#3640,#3641,#3642,#3643,#3644,#3645,#3646,#3647,#3648,#3649,#3650,
#3651,#3652,#3653,#3654,#3655,#3656,#3657,#3658,#3659,#3660,#3661,#3662),
 .UNSPECIFIED.,.T.,.F.,(4,2,2,2,2,2,2,2,2,2,2,2,2,2,2,2,2,2,2,2,4),(0.,
0.0385340730205405,0.077068146041081,0.154136292082162,0.226643494130139,
0.299150696178117,0.371657898226094,0.444165100274071,0.521233246315152,
0.559767319335692,0.598301392356233,0.636835465376774,0.675369538397314,
0.752437684438395,0.824944886486372,0.89745208853435,0.969959290582327,
1.0424664926303,1.11953463867138,1.15806871169193,1.19660278471247),
 .UNSPECIFIED.);
#118=B_SPLINE_CURVE_WITH_KNOTS('',3,(#3669,#3670,#3671,#3672,#3673,#3674,
#3675,#3676,#3677,#3678,#3679,#3680),.UNSPECIFIED.,.F.,.F.,(4,2,2,2,2,4),
(0.,0.0385340730205405,0.077068146041081,0.154136292082162,0.226643494130139,
0.299150696178117),.UNSPECIFIED.);
#119=B_SPLINE_CURVE_WITH_KNOTS('',3,(#3687,#3688,#3689,#3690,#3691,#3692,
#3693,#3694,#3695,#3696,#3697,#3698),.UNSPECIFIED.,.F.,.F.,(4,2,2,2,2,4),
(-0.299150696178117,-0.22664349413014,-0.154136292082163,-0.0770681460410814,
-0.0385340730205408,0.),.UNSPECIFIED.);
#120=B_SPLINE_CURVE_WITH_KNOTS('',3,(#3699,#3700,#3701,#3702,#3703,#3704,
#3705,#3706,#3707,#3708,#3709,#3710),.UNSPECIFIED.,.F.,.F.,(4,2,2,2,2,4),
(-0.598301392356233,-0.559767319335693,-0.521233246315152,-0.444165100274071,
-0.371657898226094,-0.299150696178117),.UNSPECIFIED.);
#121=B_SPLINE_CURVE_WITH_KNOTS('',3,(#3712,#3713,#3714,#3715,#3716,#3717,
#3718,#3719,#3720,#3721,#3722,#3723),.UNSPECIFIED.,.F.,.F.,(4,2,2,2,2,4),
(0.89745208853435,0.969959290582327,1.0424664926303,1.11953463867138,1.15806871169193,
1.19660278471247),.UNSPECIFIED.);
#122=B_SPLINE_CURVE_WITH_KNOTS('',3,(#3724,#3725,#3726,#3727,#3728,#3729,
#3730,#3731,#3732,#3733,#3734,#3735,#3736,#3737,#3738,#3739,#3740,#3741,
#3742,#3743,#3744,#3745),.UNSPECIFIED.,.F.,.F.,(4,2,2,2,2,2,2,2,2,2,4),
(0.299150696178117,0.371657898226094,0.444165100274071,0.521233246315152,
0.559767319335692,0.598301392356233,0.636835465376774,0.675369538397314,
0.752437684438395,0.824944886486372,0.89745208853435),.UNSPECIFIED.);
#123=B_SPLINE_CURVE_WITH_KNOTS('',3,(#3878,#3879,#3880,#3881,#3882,#3883,
#3884,#3885,#3886,#3887),.UNSPECIFIED.,.F.,.F.,(4,2,2,2,4),(-0.215939468064056,
-0.162262934093464,-0.108586400122873,-0.0542932000614367,0.),
 .UNSPECIFIED.);
#124=B_SPLINE_CURVE_WITH_KNOTS('',3,(#3890,#3891,#3892,#3893,#3894,#3895,
#3896,#3897,#3898,#3899),.UNSPECIFIED.,.F.,.F.,(4,2,2,2,4),(-0.431878936128111,
-0.377585736066674,-0.323292536005238,-0.269616002034647,-0.215939468064056),
 .UNSPECIFIED.);
#125=B_SPLINE_CURVE_WITH_KNOTS('',3,(#3914,#3915,#3916,#3917,#3918,#3919,
#3920,#3921,#3922,#3923,#3924,#3925,#3926,#3927,#3928,#3929,#3930,#3931),
 .UNSPECIFIED.,.F.,.F.,(4,2,2,2,2,2,2,2,4),(0.,0.0544913112510912,0.108982622502182,
0.162768312934284,0.216554003366386,0.270339693798488,0.32412538423059,
0.378616695481681,0.433108006732772),.UNSPECIFIED.);
#126=B_SPLINE_CURVE_WITH_KNOTS('',3,(#4007,#4008,#4009,#4010,#4011,#4012,
#4013,#4014,#4015,#4016,#4017,#4018,#4019,#4020,#4021,#4022,#4023,#4024),
 .UNSPECIFIED.,.F.,.F.,(4,2,2,2,2,2,2,2,4),(-0.431878936128111,-0.377585736066674,
-0.323292536005238,-0.269616002034647,-0.215939468064056,-0.162262934093464,
-0.108586400122873,-0.0542932000614367,0.),.UNSPECIFIED.);
#127=B_SPLINE_CURVE_WITH_KNOTS('',3,(#4058,#4059,#4060,#4061,#4062,#4063,
#4064,#4065,#4066,#4067,#4068,#4069,#4070,#4071,#4072,#4073,#4074,#4075,
#4076,#4077,#4078,#4079,#4080,#4081,#4082,#4083,#4084,#4085,#4086,#4087,
#4088,#4089),.UNSPECIFIED.,.F.,.F.,(4,2,2,2,2,2,2,2,2,2,2,2,2,2,2,4),(0.,
0.0404160335979987,0.0808320671959973,0.161664134391995,0.236542083808876,
0.311420033225757,0.386297982642638,0.461175932059519,0.542007999255516,
0.582424032853515,0.622840066451513,0.663256100049512,0.70367213364751,
0.784504200843507,0.859382150260388,0.934260099677269),.UNSPECIFIED.);
#128=B_SPLINE_CURVE_WITH_KNOTS('',3,(#4090,#4091,#4092,#4093,#4094,#4095,
#4096,#4097,#4098,#4099,#4100,#4101),.UNSPECIFIED.,.F.,.F.,(4,2,2,2,2,4),
(0.934260099677269,1.00913804909415,1.08401599851103,1.16484806570703,1.20526409930503,
1.24568013290303),.UNSPECIFIED.);
#129=FACE_OUTER_BOUND('',#251,.T.);
#130=FACE_OUTER_BOUND('',#252,.T.);
#131=FACE_OUTER_BOUND('',#253,.T.);
#132=FACE_OUTER_BOUND('',#254,.T.);
#133=FACE_OUTER_BOUND('',#255,.T.);
#134=FACE_OUTER_BOUND('',#256,.T.);
#135=FACE_OUTER_BOUND('',#257,.T.);
#136=FACE_OUTER_BOUND('',#259,.T.);
#137=FACE_OUTER_BOUND('',#261,.T.);
#138=FACE_OUTER_BOUND('',#262,.T.);
#139=FACE_OUTER_BOUND('',#264,.T.);
#140=FACE_OUTER_BOUND('',#265,.T.);
#141=FACE_OUTER_BOUND('',#267,.T.);
#142=FACE_OUTER_BOUND('',#268,.T.);
#143=FACE_OUTER_BOUND('',#269,.T.);
#144=FACE_OUTER_BOUND('',#270,.T.);
#145=FACE_OUTER_BOUND('',#271,.T.);
#146=FACE_OUTER_BOUND('',#272,.T.);
#147=FACE_OUTER_BOUND('',#273,.T.);
#148=FACE_OUTER_BOUND('',#274,.T.);
#149=FACE_OUTER_BOUND('',#275,.T.);
#150=FACE_OUTER_BOUND('',#276,.T.);
#151=FACE_OUTER_BOUND('',#277,.T.);
#152=FACE_OUTER_BOUND('',#278,.T.);
#153=FACE_OUTER_BOUND('',#279,.T.);
#154=FACE_OUTER_BOUND('',#280,.T.);
#155=FACE_OUTER_BOUND('',#282,.T.);
#156=FACE_OUTER_BOUND('',#283,.T.);
#157=FACE_OUTER_BOUND('',#284,.T.);
#158=FACE_OUTER_BOUND('',#286,.T.);
#159=FACE_OUTER_BOUND('',#287,.T.);
#160=FACE_OUTER_BOUND('',#288,.T.);
#161=FACE_OUTER_BOUND('',#290,.T.);
#162=FACE_OUTER_BOUND('',#291,.T.);
#163=FACE_OUTER_BOUND('',#292,.T.);
#164=FACE_OUTER_BOUND('',#293,.T.);
#165=FACE_OUTER_BOUND('',#294,.T.);
#166=FACE_OUTER_BOUND('',#295,.T.);
#167=FACE_OUTER_BOUND('',#296,.T.);
#168=FACE_OUTER_BOUND('',#297,.T.);
#169=FACE_OUTER_BOUND('',#298,.T.);
#170=FACE_OUTER_BOUND('',#299,.T.);
#171=FACE_OUTER_BOUND('',#300,.T.);
#172=FACE_OUTER_BOUND('',#301,.T.);
#173=FACE_OUTER_BOUND('',#302,.T.);
#174=FACE_OUTER_BOUND('',#303,.T.);
#175=FACE_OUTER_BOUND('',#305,.T.);
#176=FACE_OUTER_BOUND('',#306,.T.);
#177=FACE_OUTER_BOUND('',#307,.T.);
#178=FACE_OUTER_BOUND('',#308,.T.);
#179=FACE_OUTER_BOUND('',#309,.T.);
#180=FACE_OUTER_BOUND('',#310,.T.);
#181=FACE_OUTER_BOUND('',#311,.T.);
#182=FACE_OUTER_BOUND('',#312,.T.);
#183=FACE_OUTER_BOUND('',#314,.T.);
#184=FACE_OUTER_BOUND('',#315,.T.);
#185=FACE_OUTER_BOUND('',#316,.T.);
#186=FACE_OUTER_BOUND('',#317,.T.);
#187=FACE_OUTER_BOUND('',#318,.T.);
#188=FACE_OUTER_BOUND('',#319,.T.);
#189=FACE_OUTER_BOUND('',#322,.T.);
#190=FACE_OUTER_BOUND('',#323,.T.);
#191=FACE_OUTER_BOUND('',#325,.T.);
#192=FACE_OUTER_BOUND('',#327,.T.);
#193=FACE_OUTER_BOUND('',#328,.T.);
#194=FACE_OUTER_BOUND('',#329,.T.);
#195=FACE_OUTER_BOUND('',#330,.T.);
#196=FACE_OUTER_BOUND('',#331,.T.);
#197=FACE_OUTER_BOUND('',#333,.T.);
#198=FACE_OUTER_BOUND('',#334,.T.);
#199=FACE_OUTER_BOUND('',#335,.T.);
#200=FACE_OUTER_BOUND('',#337,.T.);
#201=FACE_OUTER_BOUND('',#338,.T.);
#202=FACE_OUTER_BOUND('',#339,.T.);
#203=FACE_OUTER_BOUND('',#341,.T.);
#204=FACE_OUTER_BOUND('',#343,.T.);
#205=FACE_OUTER_BOUND('',#344,.T.);
#206=FACE_OUTER_BOUND('',#346,.T.);
#207=FACE_OUTER_BOUND('',#347,.T.);
#208=FACE_OUTER_BOUND('',#348,.T.);
#209=FACE_OUTER_BOUND('',#349,.T.);
#210=FACE_OUTER_BOUND('',#351,.T.);
#211=FACE_OUTER_BOUND('',#352,.T.);
#212=FACE_OUTER_BOUND('',#353,.T.);
#213=FACE_OUTER_BOUND('',#354,.T.);
#214=FACE_OUTER_BOUND('',#355,.T.);
#215=FACE_OUTER_BOUND('',#356,.T.);
#216=FACE_OUTER_BOUND('',#357,.T.);
#217=FACE_OUTER_BOUND('',#358,.T.);
#218=FACE_OUTER_BOUND('',#359,.T.);
#219=FACE_OUTER_BOUND('',#360,.T.);
#220=FACE_OUTER_BOUND('',#361,.T.);
#221=FACE_OUTER_BOUND('',#362,.T.);
#222=FACE_OUTER_BOUND('',#363,.T.);
#223=FACE_OUTER_BOUND('',#364,.T.);
#224=FACE_OUTER_BOUND('',#365,.T.);
#225=FACE_OUTER_BOUND('',#366,.T.);
#226=FACE_OUTER_BOUND('',#367,.T.);
#227=FACE_OUTER_BOUND('',#368,.T.);
#228=FACE_OUTER_BOUND('',#369,.T.);
#229=FACE_OUTER_BOUND('',#370,.T.);
#230=FACE_OUTER_BOUND('',#371,.T.);
#231=FACE_OUTER_BOUND('',#372,.T.);
#232=FACE_OUTER_BOUND('',#373,.T.);
#233=FACE_OUTER_BOUND('',#374,.T.);
#234=FACE_OUTER_BOUND('',#375,.T.);
#235=FACE_OUTER_BOUND('',#376,.T.);
#236=FACE_OUTER_BOUND('',#377,.T.);
#237=FACE_OUTER_BOUND('',#378,.T.);
#238=FACE_OUTER_BOUND('',#379,.T.);
#239=FACE_OUTER_BOUND('',#380,.T.);
#240=FACE_OUTER_BOUND('',#381,.T.);
#241=FACE_OUTER_BOUND('',#383,.T.);
#242=FACE_OUTER_BOUND('',#384,.T.);
#243=FACE_OUTER_BOUND('',#385,.T.);
#244=FACE_OUTER_BOUND('',#386,.T.);
#245=FACE_OUTER_BOUND('',#387,.T.);
#246=FACE_OUTER_BOUND('',#388,.T.);
#247=FACE_OUTER_BOUND('',#389,.T.);
#248=FACE_OUTER_BOUND('',#390,.T.);
#249=FACE_OUTER_BOUND('',#391,.T.);
#250=FACE_OUTER_BOUND('',#392,.T.);
#251=EDGE_LOOP('',(#1554,#1555,#1556));
#252=EDGE_LOOP('',(#1557,#1558,#1559,#1560,#1561,#1562));
#253=EDGE_LOOP('',(#1563,#1564,#1565,#1566,#1567,#1568,#1569,#1570));
#254=EDGE_LOOP('',(#1571,#1572,#1573,#1574,#1575,#1576,#1577,#1578,#1579,
#1580,#1581));
#255=EDGE_LOOP('',(#1582,#1583,#1584,#1585));
#256=EDGE_LOOP('',(#1586,#1587,#1588,#1589));
#257=EDGE_LOOP('',(#1590));
#258=EDGE_LOOP('',(#1591));
#259=EDGE_LOOP('',(#1592,#1593,#1594,#1595));
#260=EDGE_LOOP('',(#1596));
#261=EDGE_LOOP('',(#1597,#1598,#1599,#1600));
#262=EDGE_LOOP('',(#1601));
#263=EDGE_LOOP('',(#1602));
#264=EDGE_LOOP('',(#1603,#1604,#1605,#1606));
#265=EDGE_LOOP('',(#1607));
#266=EDGE_LOOP('',(#1608));
#267=EDGE_LOOP('',(#1609,#1610,#1611,#1612,#1613,#1614,#1615));
#268=EDGE_LOOP('',(#1616,#1617,#1618,#1619,#1620,#1621));
#269=EDGE_LOOP('',(#1622,#1623));
#270=EDGE_LOOP('',(#1624,#1625,#1626,#1627,#1628,#1629));
#271=EDGE_LOOP('',(#1630,#1631,#1632,#1633,#1634,#1635,#1636,#1637,#1638,
#1639));
#272=EDGE_LOOP('',(#1640,#1641,#1642,#1643,#1644,#1645,#1646));
#273=EDGE_LOOP('',(#1647,#1648,#1649,#1650,#1651));
#274=EDGE_LOOP('',(#1652,#1653,#1654,#1655));
#275=EDGE_LOOP('',(#1656,#1657,#1658,#1659));
#276=EDGE_LOOP('',(#1660,#1661,#1662,#1663));
#277=EDGE_LOOP('',(#1664,#1665,#1666,#1667,#1668,#1669,#1670,#1671,#1672,
#1673,#1674,#1675,#1676,#1677,#1678,#1679,#1680,#1681,#1682,#1683,#1684,
#1685));
#278=EDGE_LOOP('',(#1686,#1687,#1688,#1689,#1690,#1691));
#279=EDGE_LOOP('',(#1692,#1693,#1694,#1695,#1696));
#280=EDGE_LOOP('',(#1697));
#281=EDGE_LOOP('',(#1698));
#282=EDGE_LOOP('',(#1699,#1700,#1701,#1702));
#283=EDGE_LOOP('',(#1703,#1704,#1705,#1706,#1707));
#284=EDGE_LOOP('',(#1708));
#285=EDGE_LOOP('',(#1709));
#286=EDGE_LOOP('',(#1710,#1711,#1712,#1713,#1714,#1715,#1716,#1717,#1718,
#1719));
#287=EDGE_LOOP('',(#1720,#1721,#1722,#1723,#1724));
#288=EDGE_LOOP('',(#1725));
#289=EDGE_LOOP('',(#1726));
#290=EDGE_LOOP('',(#1727,#1728));
#291=EDGE_LOOP('',(#1729,#1730,#1731,#1732,#1733,#1734,#1735,#1736));
#292=EDGE_LOOP('',(#1737,#1738,#1739,#1740,#1741));
#293=EDGE_LOOP('',(#1742,#1743));
#294=EDGE_LOOP('',(#1744,#1745,#1746,#1747,#1748,#1749,#1750));
#295=EDGE_LOOP('',(#1751,#1752,#1753,#1754,#1755));
#296=EDGE_LOOP('',(#1756,#1757,#1758));
#297=EDGE_LOOP('',(#1759,#1760));
#298=EDGE_LOOP('',(#1761,#1762,#1763,#1764,#1765,#1766,#1767,#1768));
#299=EDGE_LOOP('',(#1769,#1770,#1771,#1772,#1773,#1774,#1775));
#300=EDGE_LOOP('',(#1776,#1777,#1778,#1779,#1780,#1781,#1782,#1783));
#301=EDGE_LOOP('',(#1784,#1785,#1786,#1787,#1788,#1789,#1790,#1791));
#302=EDGE_LOOP('',(#1792,#1793,#1794,#1795,#1796,#1797,#1798,#1799,#1800,
#1801,#1802));
#303=EDGE_LOOP('',(#1803,#1804,#1805,#1806,#1807,#1808,#1809,#1810,#1811,
#1812));
#304=EDGE_LOOP('',(#1813,#1814));
#305=EDGE_LOOP('',(#1815,#1816,#1817,#1818,#1819,#1820,#1821,#1822,#1823,
#1824,#1825,#1826));
#306=EDGE_LOOP('',(#1827,#1828));
#307=EDGE_LOOP('',(#1829,#1830,#1831,#1832,#1833,#1834,#1835));
#308=EDGE_LOOP('',(#1836,#1837,#1838,#1839,#1840));
#309=EDGE_LOOP('',(#1841,#1842,#1843,#1844,#1845,#1846));
#310=EDGE_LOOP('',(#1847,#1848,#1849,#1850,#1851,#1852,#1853,#1854,#1855,
#1856,#1857,#1858,#1859));
#311=EDGE_LOOP('',(#1860,#1861,#1862,#1863,#1864,#1865,#1866,#1867));
#312=EDGE_LOOP('',(#1868,#1869,#1870,#1871,#1872,#1873));
#313=EDGE_LOOP('',(#1874));
#314=EDGE_LOOP('',(#1875,#1876,#1877,#1878,#1879));
#315=EDGE_LOOP('',(#1880,#1881,#1882,#1883,#1884,#1885,#1886,#1887));
#316=EDGE_LOOP('',(#1888,#1889,#1890,#1891,#1892,#1893,#1894));
#317=EDGE_LOOP('',(#1895,#1896,#1897,#1898,#1899,#1900,#1901,#1902));
#318=EDGE_LOOP('',(#1903,#1904,#1905,#1906,#1907,#1908,#1909));
#319=EDGE_LOOP('',(#1910,#1911,#1912,#1913,#1914,#1915,#1916));
#320=EDGE_LOOP('',(#1917,#1918,#1919));
#321=EDGE_LOOP('',(#1920,#1921));
#322=EDGE_LOOP('',(#1922,#1923,#1924,#1925,#1926,#1927));
#323=EDGE_LOOP('',(#1928));
#324=EDGE_LOOP('',(#1929));
#325=EDGE_LOOP('',(#1930));
#326=EDGE_LOOP('',(#1931));
#327=EDGE_LOOP('',(#1932,#1933,#1934,#1935,#1936,#1937));
#328=EDGE_LOOP('',(#1938,#1939,#1940,#1941,#1942));
#329=EDGE_LOOP('',(#1943,#1944,#1945,#1946,#1947,#1948));
#330=EDGE_LOOP('',(#1949,#1950,#1951,#1952,#1953,#1954));
#331=EDGE_LOOP('',(#1955));
#332=EDGE_LOOP('',(#1956));
#333=EDGE_LOOP('',(#1957,#1958,#1959,#1960,#1961,#1962,#1963,#1964,#1965));
#334=EDGE_LOOP('',(#1966,#1967,#1968,#1969,#1970));
#335=EDGE_LOOP('',(#1971));
#336=EDGE_LOOP('',(#1972));
#337=EDGE_LOOP('',(#1973,#1974,#1975,#1976,#1977,#1978,#1979,#1980));
#338=EDGE_LOOP('',(#1981,#1982,#1983,#1984,#1985,#1986));
#339=EDGE_LOOP('',(#1987));
#340=EDGE_LOOP('',(#1988));
#341=EDGE_LOOP('',(#1989,#1990,#1991,#1992,#1993,#1994));
#342=EDGE_LOOP('',(#1995));
#343=EDGE_LOOP('',(#1996,#1997,#1998,#1999,#2000));
#344=EDGE_LOOP('',(#2001));
#345=EDGE_LOOP('',(#2002));
#346=EDGE_LOOP('',(#2003,#2004,#2005,#2006,#2007,#2008,#2009,#2010,#2011,
#2012,#2013,#2014));
#347=EDGE_LOOP('',(#2015,#2016,#2017,#2018));
#348=EDGE_LOOP('',(#2019,#2020,#2021,#2022));
#349=EDGE_LOOP('',(#2023));
#350=EDGE_LOOP('',(#2024));
#351=EDGE_LOOP('',(#2025,#2026,#2027,#2028,#2029,#2030,#2031,#2032));
#352=EDGE_LOOP('',(#2033,#2034,#2035,#2036,#2037,#2038));
#353=EDGE_LOOP('',(#2039,#2040,#2041,#2042));
#354=EDGE_LOOP('',(#2043,#2044,#2045,#2046,#2047));
#355=EDGE_LOOP('',(#2048,#2049,#2050,#2051,#2052));
#356=EDGE_LOOP('',(#2053,#2054,#2055,#2056,#2057,#2058,#2059,#2060,#2061,
#2062,#2063,#2064,#2065,#2066));
#357=EDGE_LOOP('',(#2067,#2068,#2069,#2070,#2071,#2072,#2073,#2074));
#358=EDGE_LOOP('',(#2075,#2076,#2077,#2078,#2079,#2080));
#359=EDGE_LOOP('',(#2081,#2082,#2083,#2084,#2085,#2086,#2087,#2088));
#360=EDGE_LOOP('',(#2089,#2090,#2091,#2092));
#361=EDGE_LOOP('',(#2093,#2094,#2095,#2096,#2097,#2098));
#362=EDGE_LOOP('',(#2099,#2100,#2101,#2102));
#363=EDGE_LOOP('',(#2103,#2104,#2105,#2106,#2107,#2108));
#364=EDGE_LOOP('',(#2109,#2110,#2111,#2112));
#365=EDGE_LOOP('',(#2113,#2114,#2115,#2116));
#366=EDGE_LOOP('',(#2117,#2118,#2119,#2120,#2121,#2122));
#367=EDGE_LOOP('',(#2123,#2124,#2125,#2126));
#368=EDGE_LOOP('',(#2127,#2128,#2129,#2130,#2131));
#369=EDGE_LOOP('',(#2132,#2133,#2134,#2135));
#370=EDGE_LOOP('',(#2136,#2137,#2138,#2139,#2140));
#371=EDGE_LOOP('',(#2141,#2142,#2143,#2144,#2145,#2146,#2147,#2148,#2149,
#2150));
#372=EDGE_LOOP('',(#2151,#2152,#2153,#2154,#2155));
#373=EDGE_LOOP('',(#2156,#2157,#2158,#2159,#2160,#2161));
#374=EDGE_LOOP('',(#2162,#2163,#2164,#2165,#2166,#2167,#2168,#2169));
#375=EDGE_LOOP('',(#2170,#2171,#2172,#2173));
#376=EDGE_LOOP('',(#2174,#2175,#2176,#2177));
#377=EDGE_LOOP('',(#2178,#2179,#2180,#2181));
#378=EDGE_LOOP('',(#2182,#2183,#2184,#2185,#2186));
#379=EDGE_LOOP('',(#2187,#2188,#2189,#2190,#2191,#2192,#2193));
#380=EDGE_LOOP('',(#2194,#2195,#2196,#2197,#2198,#2199,#2200,#2201));
#381=EDGE_LOOP('',(#2202,#2203,#2204,#2205,#2206));
#382=EDGE_LOOP('',(#2207));
#383=EDGE_LOOP('',(#2208,#2209,#2210,#2211,#2212,#2213,#2214));
#384=EDGE_LOOP('',(#2215,#2216,#2217,#2218));
#385=EDGE_LOOP('',(#2219,#2220,#2221,#2222));
#386=EDGE_LOOP('',(#2223,#2224,#2225,#2226));
#387=EDGE_LOOP('',(#2227,#2228,#2229,#2230));
#388=EDGE_LOOP('',(#2231,#2232,#2233,#2234));
#389=EDGE_LOOP('',(#2235,#2236,#2237,#2238));
#390=EDGE_LOOP('',(#2239,#2240,#2241,#2242));
#391=EDGE_LOOP('',(#2243,#2244,#2245,#2246,#2247,#2248,#2249,#2250,#2251,
#2252,#2253,#2254,#2255,#2256,#2257,#2258,#2259,#2260,#2261,#2262,#2263,
#2264,#2265,#2266,#2267,#2268,#2269));
#392=EDGE_LOOP('',(#2270,#2271,#2272,#2273));
#393=CIRCLE('',#2457,2.);
#394=CIRCLE('',#2460,2.05);
#395=CIRCLE('',#2468,2.05000000000001);
#396=CIRCLE('',#2470,1.85);
#397=CIRCLE('',#2471,1.85);
#398=CIRCLE('',#2473,3.85000000000001);
#399=CIRCLE('',#2474,3.85000000000001);
#400=CIRCLE('',#2478,3.85);
#401=CIRCLE('',#2479,3.85);
#402=CIRCLE('',#2481,1.85);
#403=CIRCLE('',#2483,3.8);
#404=CIRCLE('',#2484,3.8);
#405=CIRCLE('',#2486,1.8);
#406=CIRCLE('',#2492,1.8);
#407=CIRCLE('',#2494,1.8);
#408=CIRCLE('',#2505,2.05);
#409=CIRCLE('',#2509,3.375);
#410=CIRCLE('',#2510,3.375);
#411=CIRCLE('',#2511,3.375);
#412=CIRCLE('',#2512,3.375);
#413=CIRCLE('',#2517,2.05);
#414=CIRCLE('',#2519,3.375);
#415=CIRCLE('',#2520,3.375);
#416=CIRCLE('',#2522,1.375);
#417=CIRCLE('',#2525,3.375);
#418=CIRCLE('',#2526,3.375);
#419=CIRCLE('',#2528,1.375);
#420=CIRCLE('',#2531,3.375);
#421=CIRCLE('',#2533,1.375);
#422=CIRCLE('',#2535,1.375);
#423=CIRCLE('',#2538,2.05);
#424=CIRCLE('',#2539,2.05);
#425=CIRCLE('',#2541,1.375);
#426=CIRCLE('',#2544,2.);
#427=CIRCLE('',#2545,2.);
#428=CIRCLE('',#2547,2.);
#429=CIRCLE('',#2549,2.);
#430=CIRCLE('',#2577,1.375);
#431=CIRCLE('',#2580,2.05);
#432=CIRCLE('',#2581,2.05);
#433=CIRCLE('',#2583,2.05);
#434=CIRCLE('',#2593,2.05);
#435=CIRCLE('',#2614,2.05);
#436=CIRCLE('',#2616,4.05);
#437=CIRCLE('',#2618,4.05);
#438=CIRCLE('',#2620,4.05);
#439=CIRCLE('',#2621,4.05);
#440=CIRCLE('',#2622,4.05);
#441=CIRCLE('',#2624,4.05);
#442=CIRCLE('',#2627,4.05);
#443=CIRCLE('',#2628,4.05);
#444=CIRCLE('',#2629,4.05);
#445=CIRCLE('',#2630,4.05);
#446=CIRCLE('',#2634,4.05);
#447=CIRCLE('',#2635,4.05);
#448=CIRCLE('',#2637,4.05);
#449=CIRCLE('',#2639,4.05);
#450=CIRCLE('',#2641,4.05);
#451=CIRCLE('',#2642,4.05);
#452=CIRCLE('',#2643,4.05);
#453=CIRCLE('',#2644,4.05);
#454=CIRCLE('',#2648,4.05);
#455=CIRCLE('',#2650,4.05);
#456=CIRCLE('',#2652,4.05);
#457=CIRCLE('',#2653,4.05);
#458=CIRCLE('',#2654,4.05);
#459=CIRCLE('',#2655,4.05);
#460=CIRCLE('',#2688,4.05);
#461=CIRCLE('',#2689,4.05);
#462=ELLIPSE('',#2456,2.82842712474619,2.);
#463=ELLIPSE('',#2459,2.89913780286485,2.05);
#464=ELLIPSE('',#2461,2.89913780286485,2.05);
#465=ELLIPSE('',#2462,2.89913780286485,2.05);
#466=ELLIPSE('',#2464,2.89913789961992,2.05);
#467=ELLIPSE('',#2465,2.89913789961992,2.05);
#468=ELLIPSE('',#2466,2.89913789961992,2.05);
#469=ELLIPSE('',#2488,2.54558441227157,1.8);
#470=ELLIPSE('',#2489,2.54558441227157,1.8);
#471=ELLIPSE('',#2490,2.54558441227157,1.8);
#472=ELLIPSE('',#2496,2.54558441227157,1.8);
#473=ELLIPSE('',#2497,2.54558441227157,1.8);
#474=ELLIPSE('',#2498,2.54558441227157,1.8);
#475=ELLIPSE('',#2501,2.54558441227157,1.8);
#476=ELLIPSE('',#2502,2.54558441227157,1.8);
#477=ELLIPSE('',#2514,2.89913780286485,2.05);
#478=ELLIPSE('',#2515,2.89913780286485,2.05);
#479=ELLIPSE('',#2516,2.89913780286485,2.05);
#480=ELLIPSE('',#2551,2.82842712474619,2.);
#481=ELLIPSE('',#2552,2.82842712474619,2.);
#482=ELLIPSE('',#2553,2.82842712474619,2.);
#483=ELLIPSE('',#2554,2.82842712474619,2.);
#484=ELLIPSE('',#2555,2.82842712474619,2.);
#485=ELLIPSE('',#2556,2.82842712474619,2.);
#486=ELLIPSE('',#2558,2.82141746774638,2.);
#487=ELLIPSE('',#2559,2.82141746774638,2.);
#488=ELLIPSE('',#2560,2.82141746774638,2.);
#489=ELLIPSE('',#2562,2.82842712474619,2.);
#490=ELLIPSE('',#2563,2.82842712474619,2.);
#491=ELLIPSE('',#2564,2.82842712474619,2.);
#492=ELLIPSE('',#2567,2.82842712474619,2.);
#493=ELLIPSE('',#2568,2.82842712474619,2.);
#494=ELLIPSE('',#2569,2.82842712474619,2.);
#495=ELLIPSE('',#2571,2.82842712474619,2.);
#496=ELLIPSE('',#2572,2.82842712474619,2.);
#497=ELLIPSE('',#2573,2.82842712474619,2.);
#498=ELLIPSE('',#2574,2.82842712474619,2.);
#499=ELLIPSE('',#2585,2.89913780286485,2.05);
#500=ELLIPSE('',#2586,2.89913780286485,2.05);
#501=ELLIPSE('',#2587,2.89913780286485,2.05);
#502=ELLIPSE('',#2589,2.89913780286485,2.05);
#503=ELLIPSE('',#2590,2.89913780286485,2.05);
#504=ELLIPSE('',#2591,2.89913780286485,2.05);
#505=ELLIPSE('',#2596,2.89913780286485,2.05);
#506=ELLIPSE('',#2597,2.89913780286485,2.05);
#507=ELLIPSE('',#2599,2.89913780286485,2.05);
#508=ELLIPSE('',#2600,2.89913780286485,2.05);
#509=ELLIPSE('',#2601,2.89913780286485,2.05);
#510=ELLIPSE('',#2603,2.89913780286485,2.05);
#511=ELLIPSE('',#2604,2.89913780286485,2.05);
#512=ELLIPSE('',#2605,2.89913780286485,2.05);
#513=ELLIPSE('',#2607,2.89913780286484,2.05);
#514=ELLIPSE('',#2608,2.89913780286484,2.05);
#515=ELLIPSE('',#2610,2.89913780286485,2.05);
#516=ELLIPSE('',#2611,2.89913780286485,2.05);
#517=ELLIPSE('',#2612,2.89913780286485,2.05);
#518=LINE('',#3420,#736);
#519=LINE('',#3429,#737);
#520=LINE('',#3438,#738);
#521=LINE('',#3446,#739);
#522=LINE('',#3481,#740);
#523=LINE('',#3516,#741);
#524=LINE('',#3522,#742);
#525=LINE('',#3528,#743);
#526=LINE('',#3530,#744);
#527=LINE('',#3532,#745);
#528=LINE('',#3533,#746);
#529=LINE('',#3538,#747);
#530=LINE('',#3547,#748);
#531=LINE('',#3557,#749);
#532=LINE('',#3609,#750);
#533=LINE('',#3613,#751);
#534=LINE('',#3620,#752);
#535=LINE('',#3682,#753);
#536=LINE('',#3683,#754);
#537=LINE('',#3685,#755);
#538=LINE('',#3750,#756);
#539=LINE('',#3753,#757);
#540=LINE('',#3759,#758);
#541=LINE('',#3761,#759);
#542=LINE('',#3763,#760);
#543=LINE('',#3764,#761);
#544=LINE('',#3767,#762);
#545=LINE('',#3769,#763);
#546=LINE('',#3770,#764);
#547=LINE('',#3773,#765);
#548=LINE('',#3775,#766);
#549=LINE('',#3777,#767);
#550=LINE('',#3779,#768);
#551=LINE('',#3781,#769);
#552=LINE('',#3783,#770);
#553=LINE('',#3788,#771);
#554=LINE('',#3790,#772);
#555=LINE('',#3792,#773);
#556=LINE('',#3796,#774);
#557=LINE('',#3798,#775);
#558=LINE('',#3800,#776);
#559=LINE('',#3804,#777);
#560=LINE('',#3806,#778);
#561=LINE('',#3808,#779);
#562=LINE('',#3810,#780);
#563=LINE('',#3811,#781);
#564=LINE('',#3820,#782);
#565=LINE('',#3825,#783);
#566=LINE('',#3832,#784);
#567=LINE('',#3834,#785);
#568=LINE('',#3835,#786);
#569=LINE('',#3839,#787);
#570=LINE('',#3846,#788);
#571=LINE('',#3848,#789);
#572=LINE('',#3850,#790);
#573=LINE('',#3852,#791);
#574=LINE('',#3854,#792);
#575=LINE('',#3856,#793);
#576=LINE('',#3858,#794);
#577=LINE('',#3860,#795);
#578=LINE('',#3861,#796);
#579=LINE('',#3865,#797);
#580=LINE('',#3872,#798);
#581=LINE('',#3876,#799);
#582=LINE('',#3888,#800);
#583=LINE('',#3900,#801);
#584=LINE('',#3908,#802);
#585=LINE('',#3912,#803);
#586=LINE('',#3932,#804);
#587=LINE('',#3933,#805);
#588=LINE('',#3940,#806);
#589=LINE('',#3945,#807);
#590=LINE('',#3952,#808);
#591=LINE('',#3965,#809);
#592=LINE('',#3973,#810);
#593=LINE('',#3978,#811);
#594=LINE('',#3980,#812);
#595=LINE('',#3989,#813);
#596=LINE('',#3996,#814);
#597=LINE('',#4000,#815);
#598=LINE('',#4004,#816);
#599=LINE('',#4005,#817);
#600=LINE('',#4025,#818);
#601=LINE('',#4032,#819);
#602=LINE('',#4038,#820);
#603=LINE('',#4039,#821);
#604=LINE('',#4047,#822);
#605=LINE('',#4054,#823);
#606=LINE('',#4102,#824);
#607=LINE('',#4107,#825);
#608=LINE('',#4113,#826);
#609=LINE('',#4121,#827);
#610=LINE('',#4129,#828);
#611=LINE('',#4135,#829);
#612=LINE('',#4142,#830);
#613=LINE('',#4151,#831);
#614=LINE('',#4161,#832);
#615=LINE('',#4162,#833);
#616=LINE('',#4165,#834);
#617=LINE('',#4167,#835);
#618=LINE('',#4169,#836);
#619=LINE('',#4171,#837);
#620=LINE('',#4172,#838);
#621=LINE('',#4177,#839);
#622=LINE('',#4186,#840);
#623=LINE('',#4188,#841);
#624=LINE('',#4190,#842);
#625=LINE('',#4192,#843);
#626=LINE('',#4194,#844);
#627=LINE('',#4196,#845);
#628=LINE('',#4197,#846);
#629=LINE('',#4200,#847);
#630=LINE('',#4205,#848);
#631=LINE('',#4210,#849);
#632=LINE('',#4212,#850);
#633=LINE('',#4215,#851);
#634=LINE('',#4220,#852);
#635=LINE('',#4228,#853);
#636=LINE('',#4229,#854);
#637=LINE('',#4233,#855);
#638=LINE('',#4239,#856);
#639=LINE('',#4243,#857);
#640=LINE('',#4246,#858);
#641=LINE('',#4250,#859);
#642=LINE('',#4255,#860);
#643=LINE('',#4257,#861);
#644=LINE('',#4259,#862);
#645=LINE('',#4260,#863);
#646=LINE('',#4262,#864);
#647=LINE('',#4263,#865);
#648=LINE('',#4266,#866);
#649=LINE('',#4268,#867);
#650=LINE('',#4270,#868);
#651=LINE('',#4271,#869);
#652=LINE('',#4274,#870);
#653=LINE('',#4276,#871);
#654=LINE('',#4277,#872);
#655=LINE('',#4280,#873);
#656=LINE('',#4282,#874);
#657=LINE('',#4283,#875);
#658=LINE('',#4286,#876);
#659=LINE('',#4287,#877);
#660=LINE('',#4289,#878);
#661=LINE('',#4292,#879);
#662=LINE('',#4294,#880);
#663=LINE('',#4295,#881);
#664=LINE('',#4296,#882);
#665=LINE('',#4298,#883);
#666=LINE('',#4300,#884);
#667=LINE('',#4301,#885);
#668=LINE('',#4302,#886);
#669=LINE('',#4304,#887);
#670=LINE('',#4305,#888);
#671=LINE('',#4308,#889);
#672=LINE('',#4310,#890);
#673=LINE('',#4312,#891);
#674=LINE('',#4313,#892);
#675=LINE('',#4315,#893);
#676=LINE('',#4319,#894);
#677=LINE('',#4320,#895);
#678=LINE('',#4323,#896);
#679=LINE('',#4324,#897);
#680=LINE('',#4327,#898);
#681=LINE('',#4329,#899);
#682=LINE('',#4330,#900);
#683=LINE('',#4333,#901);
#684=LINE('',#4335,#902);
#685=LINE('',#4336,#903);
#686=LINE('',#4339,#904);
#687=LINE('',#4341,#905);
#688=LINE('',#4342,#906);
#689=LINE('',#4345,#907);
#690=LINE('',#4346,#908);
#691=LINE('',#4348,#909);
#692=LINE('',#4351,#910);
#693=LINE('',#4352,#911);
#694=LINE('',#4355,#912);
#695=LINE('',#4356,#913);
#696=LINE('',#4358,#914);
#697=LINE('',#4361,#915);
#698=LINE('',#4363,#916);
#699=LINE('',#4364,#917);
#700=LINE('',#4366,#918);
#701=LINE('',#4368,#919);
#702=LINE('',#4370,#920);
#703=LINE('',#4371,#921);
#704=LINE('',#4374,#922);
#705=LINE('',#4375,#923);
#706=LINE('',#4378,#924);
#707=LINE('',#4379,#925);
#708=LINE('',#4380,#926);
#709=LINE('',#4383,#927);
#710=LINE('',#4385,#928);
#711=LINE('',#4387,#929);
#712=LINE('',#4388,#930);
#713=LINE('',#4389,#931);
#714=LINE('',#4391,#932);
#715=LINE('',#4392,#933);
#716=LINE('',#4397,#934);
#717=LINE('',#4398,#935);
#718=LINE('',#4401,#936);
#719=LINE('',#4406,#937);
#720=LINE('',#4407,#938);
#721=LINE('',#4410,#939);
#722=LINE('',#4413,#940);
#723=LINE('',#4414,#941);
#724=LINE('',#4417,#942);
#725=LINE('',#4418,#943);
#726=LINE('',#4421,#944);
#727=LINE('',#4423,#945);
#728=LINE('',#4424,#946);
#729=LINE('',#4427,#947);
#730=LINE('',#4428,#948);
#731=LINE('',#4431,#949);
#732=LINE('',#4432,#950);
#733=LINE('',#4434,#951);
#734=LINE('',#4436,#952);
#735=LINE('',#4438,#953);
#736=VECTOR('',#2706,2.);
#737=VECTOR('',#2715,2.05);
#738=VECTOR('',#2726,2.05);
#739=VECTOR('',#2735,2.05);
#740=VECTOR('',#2736,2.05);
#741=VECTOR('',#2741,1.85);
#742=VECTOR('',#2748,3.85000000000001);
#743=VECTOR('',#2755,10.);
#744=VECTOR('',#2756,10.);
#745=VECTOR('',#2757,10.);
#746=VECTOR('',#2758,10.);
#747=VECTOR('',#2763,3.85);
#748=VECTOR('',#2774,3.8);
#749=VECTOR('',#2785,1.8);
#750=VECTOR('',#2794,1.8);
#751=VECTOR('',#2797,10.);
#752=VECTOR('',#2804,1.8);
#753=VECTOR('',#2811,1.8);
#754=VECTOR('',#2812,10.);
#755=VECTOR('',#2813,10.);
#756=VECTOR('',#2818,1.8);
#757=VECTOR('',#2823,1.8);
#758=VECTOR('',#2830,10.);
#759=VECTOR('',#2831,10.);
#760=VECTOR('',#2832,10.);
#761=VECTOR('',#2833,10.);
#762=VECTOR('',#2836,10.);
#763=VECTOR('',#2837,10.);
#764=VECTOR('',#2838,10.);
#765=VECTOR('',#2841,10.);
#766=VECTOR('',#2842,10.);
#767=VECTOR('',#2843,10.);
#768=VECTOR('',#2844,10.);
#769=VECTOR('',#2845,10.);
#770=VECTOR('',#2846,10.);
#771=VECTOR('',#2851,10.);
#772=VECTOR('',#2852,10.);
#773=VECTOR('',#2853,10.);
#774=VECTOR('',#2856,10.);
#775=VECTOR('',#2857,10.);
#776=VECTOR('',#2858,10.);
#777=VECTOR('',#2861,10.);
#778=VECTOR('',#2862,10.);
#779=VECTOR('',#2863,10.);
#780=VECTOR('',#2864,10.);
#781=VECTOR('',#2865,10.);
#782=VECTOR('',#2874,2.05);
#783=VECTOR('',#2881,3.375);
#784=VECTOR('',#2890,10.);
#785=VECTOR('',#2891,10.);
#786=VECTOR('',#2892,10.);
#787=VECTOR('',#2897,3.375);
#788=VECTOR('',#2906,10.);
#789=VECTOR('',#2907,10.);
#790=VECTOR('',#2908,10.);
#791=VECTOR('',#2909,10.);
#792=VECTOR('',#2910,10.);
#793=VECTOR('',#2911,10.);
#794=VECTOR('',#2912,10.);
#795=VECTOR('',#2913,10.);
#796=VECTOR('',#2914,10.);
#797=VECTOR('',#2919,3.375);
#798=VECTOR('',#2926,10.);
#799=VECTOR('',#2931,10.);
#800=VECTOR('',#2932,1.375);
#801=VECTOR('',#2933,10.);
#802=VECTOR('',#2942,10.);
#803=VECTOR('',#2947,10.);
#804=VECTOR('',#2948,1.375);
#805=VECTOR('',#2949,10.);
#806=VECTOR('',#2958,10.);
#807=VECTOR('',#2963,10.);
#808=VECTOR('',#2970,2.);
#809=VECTOR('',#2985,2.);
#810=VECTOR('',#2994,2.);
#811=VECTOR('',#3001,2.);
#812=VECTOR('',#3004,2.);
#813=VECTOR('',#3015,2.);
#814=VECTOR('',#3024,2.);
#815=VECTOR('',#3027,10.);
#816=VECTOR('',#3032,10.);
#817=VECTOR('',#3033,1.375);
#818=VECTOR('',#3034,10.);
#819=VECTOR('',#3043,2.05);
#820=VECTOR('',#3050,2.05);
#821=VECTOR('',#3051,2.05);
#822=VECTOR('',#3060,2.05);
#823=VECTOR('',#3069,2.05);
#824=VECTOR('',#3072,1.85);
#825=VECTOR('',#3077,2.05);
#826=VECTOR('',#3084,2.05);
#827=VECTOR('',#3093,2.05);
#828=VECTOR('',#3102,2.05);
#829=VECTOR('',#3109,2.05);
#830=VECTOR('',#3118,2.05);
#831=VECTOR('',#3129,4.05);
#832=VECTOR('',#3140,10.);
#833=VECTOR('',#3141,10.);
#834=VECTOR('',#3144,10.);
#835=VECTOR('',#3145,10.);
#836=VECTOR('',#3146,10.);
#837=VECTOR('',#3147,10.);
#838=VECTOR('',#3148,10.);
#839=VECTOR('',#3153,4.05);
#840=VECTOR('',#3164,10.);
#841=VECTOR('',#3165,10.);
#842=VECTOR('',#3166,10.);
#843=VECTOR('',#3167,10.);
#844=VECTOR('',#3168,10.);
#845=VECTOR('',#3169,10.);
#846=VECTOR('',#3170,10.);
#847=VECTOR('',#3173,10.);
#848=VECTOR('',#3178,10.);
#849=VECTOR('',#3185,4.05);
#850=VECTOR('',#3186,10.);
#851=VECTOR('',#3189,10.);
#852=VECTOR('',#3194,4.05);
#853=VECTOR('',#3205,10.);
#854=VECTOR('',#3206,10.);
#855=VECTOR('',#3211,10.);
#856=VECTOR('',#3218,4.05);
#857=VECTOR('',#3221,10.);
#858=VECTOR('',#3224,10.);
#859=VECTOR('',#3227,10.);
#860=VECTOR('',#3232,10.);
#861=VECTOR('',#3233,10.);
#862=VECTOR('',#3234,10.);
#863=VECTOR('',#3235,10.);
#864=VECTOR('',#3238,10.);
#865=VECTOR('',#3239,10.);
#866=VECTOR('',#3244,10.);
#867=VECTOR('',#3245,10.);
#868=VECTOR('',#3246,10.);
#869=VECTOR('',#3247,10.);
#870=VECTOR('',#3250,10.);
#871=VECTOR('',#3251,10.);
#872=VECTOR('',#3252,10.);
#873=VECTOR('',#3255,10.);
#874=VECTOR('',#3256,10.);
#875=VECTOR('',#3257,10.);
#876=VECTOR('',#3260,10.);
#877=VECTOR('',#3261,10.);
#878=VECTOR('',#3264,10.);
#879=VECTOR('',#3267,10.);
#880=VECTOR('',#3268,10.);
#881=VECTOR('',#3269,10.);
#882=VECTOR('',#3270,10.);
#883=VECTOR('',#3271,10.);
#884=VECTOR('',#3272,10.);
#885=VECTOR('',#3273,10.);
#886=VECTOR('',#3274,10.);
#887=VECTOR('',#3277,10.);
#888=VECTOR('',#3278,10.);
#889=VECTOR('',#3281,10.);
#890=VECTOR('',#3282,10.);
#891=VECTOR('',#3283,10.);
#892=VECTOR('',#3284,10.);
#893=VECTOR('',#3287,10.);
#894=VECTOR('',#3292,10.);
#895=VECTOR('',#3293,10.);
#896=VECTOR('',#3296,10.);
#897=VECTOR('',#3297,10.);
#898=VECTOR('',#3300,10.);
#899=VECTOR('',#3301,10.);
#900=VECTOR('',#3302,10.);
#901=VECTOR('',#3305,10.);
#902=VECTOR('',#3306,10.);
#903=VECTOR('',#3307,10.);
#904=VECTOR('',#3310,10.);
#905=VECTOR('',#3311,10.);
#906=VECTOR('',#3312,10.);
#907=VECTOR('',#3315,10.);
#908=VECTOR('',#3316,10.);
#909=VECTOR('',#3319,10.);
#910=VECTOR('',#3322,10.);
#911=VECTOR('',#3323,10.);
#912=VECTOR('',#3326,10.);
#913=VECTOR('',#3327,10.);
#914=VECTOR('',#3330,10.);
#915=VECTOR('',#3333,10.);
#916=VECTOR('',#3334,10.);
#917=VECTOR('',#3335,10.);
#918=VECTOR('',#3336,10.);
#919=VECTOR('',#3337,10.);
#920=VECTOR('',#3338,10.);
#921=VECTOR('',#3339,10.);
#922=VECTOR('',#3342,10.);
#923=VECTOR('',#3343,10.);
#924=VECTOR('',#3346,10.);
#925=VECTOR('',#3347,10.);
#926=VECTOR('',#3348,10.);
#927=VECTOR('',#3351,10.);
#928=VECTOR('',#3352,10.);
#929=VECTOR('',#3353,10.);
#930=VECTOR('',#3354,10.);
#931=VECTOR('',#3355,10.);
#932=VECTOR('',#3358,10.);
#933=VECTOR('',#3359,10.);
#934=VECTOR('',#3366,10.);
#935=VECTOR('',#3367,10.);
#936=VECTOR('',#3370,10.);
#937=VECTOR('',#3377,4.05);
#938=VECTOR('',#3378,10.);
#939=VECTOR('',#3383,10.);
#940=VECTOR('',#3386,10.);
#941=VECTOR('',#3387,10.);
#942=VECTOR('',#3390,10.);
#943=VECTOR('',#3391,10.);
#944=VECTOR('',#3394,10.);
#945=VECTOR('',#3395,10.);
#946=VECTOR('',#3396,10.);
#947=VECTOR('',#3399,10.);
#948=VECTOR('',#3400,10.);
#949=VECTOR('',#3403,10.);
#950=VECTOR('',#3404,10.);
#951=VECTOR('',#3407,10.);
#952=VECTOR('',#3410,10.);
#953=VECTOR('',#3413,10.);
#954=VERTEX_POINT('',#3418);
#955=VERTEX_POINT('',#3419);
#956=VERTEX_POINT('',#3421);
#957=VERTEX_POINT('',#3425);
#958=VERTEX_POINT('',#3426);
#959=VERTEX_POINT('',#3428);
#960=VERTEX_POINT('',#3431);
#961=VERTEX_POINT('',#3435);
#962=VERTEX_POINT('',#3436);
#963=VERTEX_POINT('',#3439);
#964=VERTEX_POINT('',#3443);
#965=VERTEX_POINT('',#3445);
#966=VERTEX_POINT('',#3447);
#967=VERTEX_POINT('',#3464);
#968=VERTEX_POINT('',#3513);
#969=VERTEX_POINT('',#3515);
#970=VERTEX_POINT('',#3519);
#971=VERTEX_POINT('',#3521);
#972=VERTEX_POINT('',#3526);
#973=VERTEX_POINT('',#3527);
#974=VERTEX_POINT('',#3529);
#975=VERTEX_POINT('',#3531);
#976=VERTEX_POINT('',#3535);
#977=VERTEX_POINT('',#3537);
#978=VERTEX_POINT('',#3541);
#979=VERTEX_POINT('',#3544);
#980=VERTEX_POINT('',#3546);
#981=VERTEX_POINT('',#3550);
#982=VERTEX_POINT('',#3553);
#983=VERTEX_POINT('',#3554);
#984=VERTEX_POINT('',#3556);
#985=VERTEX_POINT('',#3558);
#986=VERTEX_POINT('',#3603);
#987=VERTEX_POINT('',#3607);
#988=VERTEX_POINT('',#3611);
#989=VERTEX_POINT('',#3612);
#990=VERTEX_POINT('',#3616);
#991=VERTEX_POINT('',#3617);
#992=VERTEX_POINT('',#3619);
#993=VERTEX_POINT('',#3663);
#994=VERTEX_POINT('',#3667);
#995=VERTEX_POINT('',#3668);
#996=VERTEX_POINT('',#3681);
#997=VERTEX_POINT('',#3684);
#998=VERTEX_POINT('',#3686);
#999=VERTEX_POINT('',#3711);
#1000=VERTEX_POINT('',#3747);
#1001=VERTEX_POINT('',#3748);
#1002=VERTEX_POINT('',#3757);
#1003=VERTEX_POINT('',#3758);
#1004=VERTEX_POINT('',#3760);
#1005=VERTEX_POINT('',#3762);
#1006=VERTEX_POINT('',#3766);
#1007=VERTEX_POINT('',#3768);
#1008=VERTEX_POINT('',#3772);
#1009=VERTEX_POINT('',#3774);
#1010=VERTEX_POINT('',#3776);
#1011=VERTEX_POINT('',#3778);
#1012=VERTEX_POINT('',#3780);
#1013=VERTEX_POINT('',#3782);
#1014=VERTEX_POINT('',#3784);
#1015=VERTEX_POINT('',#3787);
#1016=VERTEX_POINT('',#3789);
#1017=VERTEX_POINT('',#3791);
#1018=VERTEX_POINT('',#3793);
#1019=VERTEX_POINT('',#3795);
#1020=VERTEX_POINT('',#3797);
#1021=VERTEX_POINT('',#3799);
#1022=VERTEX_POINT('',#3801);
#1023=VERTEX_POINT('',#3803);
#1024=VERTEX_POINT('',#3805);
#1025=VERTEX_POINT('',#3807);
#1026=VERTEX_POINT('',#3809);
#1027=VERTEX_POINT('',#3813);
#1028=VERTEX_POINT('',#3814);
#1029=VERTEX_POINT('',#3816);
#1030=VERTEX_POINT('',#3819);
#1031=VERTEX_POINT('',#3823);
#1032=VERTEX_POINT('',#3828);
#1033=VERTEX_POINT('',#3831);
#1034=VERTEX_POINT('',#3833);
#1035=VERTEX_POINT('',#3837);
#1036=VERTEX_POINT('',#3842);
#1037=VERTEX_POINT('',#3845);
#1038=VERTEX_POINT('',#3847);
#1039=VERTEX_POINT('',#3849);
#1040=VERTEX_POINT('',#3851);
#1041=VERTEX_POINT('',#3853);
#1042=VERTEX_POINT('',#3855);
#1043=VERTEX_POINT('',#3857);
#1044=VERTEX_POINT('',#3859);
#1045=VERTEX_POINT('',#3863);
#1046=VERTEX_POINT('',#3867);
#1047=VERTEX_POINT('',#3870);
#1048=VERTEX_POINT('',#3871);
#1049=VERTEX_POINT('',#3875);
#1050=VERTEX_POINT('',#3877);
#1051=VERTEX_POINT('',#3889);
#1052=VERTEX_POINT('',#3902);
#1053=VERTEX_POINT('',#3906);
#1054=VERTEX_POINT('',#3907);
#1055=VERTEX_POINT('',#3911);
#1056=VERTEX_POINT('',#3913);
#1057=VERTEX_POINT('',#3935);
#1058=VERTEX_POINT('',#3939);
#1059=VERTEX_POINT('',#3943);
#1060=VERTEX_POINT('',#3944);
#1061=VERTEX_POINT('',#3948);
#1062=VERTEX_POINT('',#3949);
#1063=VERTEX_POINT('',#3951);
#1064=VERTEX_POINT('',#3953);
#1065=VERTEX_POINT('',#3955);
#1066=VERTEX_POINT('',#3957);
#1067=VERTEX_POINT('',#3962);
#1068=VERTEX_POINT('',#3963);
#1069=VERTEX_POINT('',#3966);
#1070=VERTEX_POINT('',#3970);
#1071=VERTEX_POINT('',#3971);
#1072=VERTEX_POINT('',#3974);
#1073=VERTEX_POINT('',#3981);
#1074=VERTEX_POINT('',#3986);
#1075=VERTEX_POINT('',#3987);
#1076=VERTEX_POINT('',#3990);
#1077=VERTEX_POINT('',#3992);
#1078=VERTEX_POINT('',#3998);
#1079=VERTEX_POINT('',#3999);
#1080=VERTEX_POINT('',#4003);
#1081=VERTEX_POINT('',#4006);
#1082=VERTEX_POINT('',#4027);
#1083=VERTEX_POINT('',#4031);
#1084=VERTEX_POINT('',#4035);
#1085=VERTEX_POINT('',#4036);
#1086=VERTEX_POINT('',#4040);
#1087=VERTEX_POINT('',#4044);
#1088=VERTEX_POINT('',#4045);
#1089=VERTEX_POINT('',#4048);
#1090=VERTEX_POINT('',#4052);
#1091=VERTEX_POINT('',#4056);
#1092=VERTEX_POINT('',#4057);
#1093=VERTEX_POINT('',#4104);
#1094=VERTEX_POINT('',#4105);
#1095=VERTEX_POINT('',#4110);
#1096=VERTEX_POINT('',#4111);
#1097=VERTEX_POINT('',#4114);
#1098=VERTEX_POINT('',#4118);
#1099=VERTEX_POINT('',#4119);
#1100=VERTEX_POINT('',#4122);
#1101=VERTEX_POINT('',#4126);
#1102=VERTEX_POINT('',#4127);
#1103=VERTEX_POINT('',#4132);
#1104=VERTEX_POINT('',#4133);
#1105=VERTEX_POINT('',#4136);
#1106=VERTEX_POINT('',#4140);
#1107=VERTEX_POINT('',#4144);
#1108=VERTEX_POINT('',#4147);
#1109=VERTEX_POINT('',#4150);
#1110=VERTEX_POINT('',#4152);
#1111=VERTEX_POINT('',#4154);
#1112=VERTEX_POINT('',#4158);
#1113=VERTEX_POINT('',#4159);
#1114=VERTEX_POINT('',#4164);
#1115=VERTEX_POINT('',#4166);
#1116=VERTEX_POINT('',#4168);
#1117=VERTEX_POINT('',#4170);
#1118=VERTEX_POINT('',#4174);
#1119=VERTEX_POINT('',#4176);
#1120=VERTEX_POINT('',#4178);
#1121=VERTEX_POINT('',#4180);
#1122=VERTEX_POINT('',#4185);
#1123=VERTEX_POINT('',#4187);
#1124=VERTEX_POINT('',#4189);
#1125=VERTEX_POINT('',#4191);
#1126=VERTEX_POINT('',#4193);
#1127=VERTEX_POINT('',#4195);
#1128=VERTEX_POINT('',#4199);
#1129=VERTEX_POINT('',#4201);
#1130=VERTEX_POINT('',#4203);
#1131=VERTEX_POINT('',#4207);
#1132=VERTEX_POINT('',#4211);
#1133=VERTEX_POINT('',#4213);
#1134=VERTEX_POINT('',#4217);
#1135=VERTEX_POINT('',#4219);
#1136=VERTEX_POINT('',#4221);
#1137=VERTEX_POINT('',#4227);
#1138=VERTEX_POINT('',#4231);
#1139=VERTEX_POINT('',#4235);
#1140=VERTEX_POINT('',#4238);
#1141=VERTEX_POINT('',#4240);
#1142=VERTEX_POINT('',#4242);
#1143=VERTEX_POINT('',#4244);
#1144=VERTEX_POINT('',#4247);
#1145=VERTEX_POINT('',#4249);
#1146=VERTEX_POINT('',#4253);
#1147=VERTEX_POINT('',#4254);
#1148=VERTEX_POINT('',#4256);
#1149=VERTEX_POINT('',#4258);
#1150=VERTEX_POINT('',#4267);
#1151=VERTEX_POINT('',#4269);
#1152=VERTEX_POINT('',#4273);
#1153=VERTEX_POINT('',#4275);
#1154=VERTEX_POINT('',#4279);
#1155=VERTEX_POINT('',#4281);
#1156=VERTEX_POINT('',#4285);
#1157=VERTEX_POINT('',#4291);
#1158=VERTEX_POINT('',#4293);
#1159=VERTEX_POINT('',#4297);
#1160=VERTEX_POINT('',#4299);
#1161=VERTEX_POINT('',#4307);
#1162=VERTEX_POINT('',#4309);
#1163=VERTEX_POINT('',#4311);
#1164=VERTEX_POINT('',#4318);
#1165=VERTEX_POINT('',#4322);
#1166=VERTEX_POINT('',#4326);
#1167=VERTEX_POINT('',#4328);
#1168=VERTEX_POINT('',#4332);
#1169=VERTEX_POINT('',#4334);
#1170=VERTEX_POINT('',#4338);
#1171=VERTEX_POINT('',#4340);
#1172=VERTEX_POINT('',#4344);
#1173=VERTEX_POINT('',#4350);
#1174=VERTEX_POINT('',#4354);
#1175=VERTEX_POINT('',#4360);
#1176=VERTEX_POINT('',#4362);
#1177=VERTEX_POINT('',#4365);
#1178=VERTEX_POINT('',#4367);
#1179=VERTEX_POINT('',#4369);
#1180=VERTEX_POINT('',#4373);
#1181=VERTEX_POINT('',#4377);
#1182=VERTEX_POINT('',#4382);
#1183=VERTEX_POINT('',#4384);
#1184=VERTEX_POINT('',#4386);
#1185=VERTEX_POINT('',#4396);
#1186=VERTEX_POINT('',#4400);
#1187=VERTEX_POINT('',#4402);
#1188=VERTEX_POINT('',#4412);
#1189=VERTEX_POINT('',#4416);
#1190=VERTEX_POINT('',#4420);
#1191=VERTEX_POINT('',#4422);
#1192=VERTEX_POINT('',#4426);
#1193=VERTEX_POINT('',#4430);
#1194=EDGE_CURVE('',#954,#955,#518,.T.);
#1195=EDGE_CURVE('',#956,#955,#462,.T.);
#1196=EDGE_CURVE('',#956,#954,#393,.T.);
#1197=EDGE_CURVE('',#957,#958,#463,.T.);
#1198=EDGE_CURVE('',#958,#959,#519,.T.);
#1199=EDGE_CURVE('',#959,#959,#394,.T.);
#1200=EDGE_CURVE('',#958,#960,#464,.T.);
#1201=EDGE_CURVE('',#960,#957,#465,.T.);
#1202=EDGE_CURVE('',#961,#962,#466,.T.);
#1203=EDGE_CURVE('',#962,#958,#520,.T.);
#1204=EDGE_CURVE('',#962,#963,#467,.T.);
#1205=EDGE_CURVE('',#963,#961,#468,.T.);
#1206=EDGE_CURVE('',#964,#964,#395,.T.);
#1207=EDGE_CURVE('',#964,#965,#521,.T.);
#1208=EDGE_CURVE('',#966,#965,#112,.T.);
#1209=EDGE_CURVE('',#967,#966,#113,.T.);
#1210=EDGE_CURVE('',#967,#962,#522,.T.);
#1211=EDGE_CURVE('',#965,#967,#114,.T.);
#1212=EDGE_CURVE('',#968,#968,#396,.T.);
#1213=EDGE_CURVE('',#968,#969,#523,.T.);
#1214=EDGE_CURVE('',#969,#969,#397,.T.);
#1215=EDGE_CURVE('',#970,#970,#398,.T.);
#1216=EDGE_CURVE('',#970,#971,#524,.T.);
#1217=EDGE_CURVE('',#971,#971,#399,.T.);
#1218=EDGE_CURVE('',#972,#973,#525,.T.);
#1219=EDGE_CURVE('',#972,#974,#526,.T.);
#1220=EDGE_CURVE('',#974,#975,#527,.T.);
#1221=EDGE_CURVE('',#975,#973,#528,.T.);
#1222=EDGE_CURVE('',#976,#976,#400,.T.);
#1223=EDGE_CURVE('',#976,#977,#529,.T.);
#1224=EDGE_CURVE('',#977,#977,#401,.T.);
#1225=EDGE_CURVE('',#978,#978,#402,.T.);
#1226=EDGE_CURVE('',#979,#979,#403,.T.);
#1227=EDGE_CURVE('',#979,#980,#530,.T.);
#1228=EDGE_CURVE('',#980,#980,#404,.T.);
#1229=EDGE_CURVE('',#981,#981,#405,.T.);
#1230=EDGE_CURVE('',#982,#983,#469,.T.);
#1231=EDGE_CURVE('',#983,#984,#531,.T.);
#1232=EDGE_CURVE('',#985,#984,#115,.T.);
#1233=EDGE_CURVE('',#984,#985,#116,.T.);
#1234=EDGE_CURVE('',#983,#986,#470,.T.);
#1235=EDGE_CURVE('',#986,#982,#471,.T.);
#1236=EDGE_CURVE('',#987,#987,#406,.T.);
#1237=EDGE_CURVE('',#987,#983,#532,.T.);
#1238=EDGE_CURVE('',#988,#989,#533,.T.);
#1239=EDGE_CURVE('',#989,#988,#407,.T.);
#1240=EDGE_CURVE('',#990,#991,#472,.T.);
#1241=EDGE_CURVE('',#991,#992,#534,.T.);
#1242=EDGE_CURVE('',#992,#992,#117,.T.);
#1243=EDGE_CURVE('',#991,#993,#473,.T.);
#1244=EDGE_CURVE('',#993,#990,#474,.T.);
#1245=EDGE_CURVE('',#994,#995,#118,.T.);
#1246=EDGE_CURVE('',#994,#996,#535,.T.);
#1247=EDGE_CURVE('',#989,#996,#536,.T.);
#1248=EDGE_CURVE('',#997,#988,#537,.T.);
#1249=EDGE_CURVE('',#998,#997,#119,.T.);
#1250=EDGE_CURVE('',#996,#998,#120,.T.);
#1251=EDGE_CURVE('',#999,#994,#121,.T.);
#1252=EDGE_CURVE('',#995,#999,#122,.T.);
#1253=EDGE_CURVE('',#1000,#1001,#475,.T.);
#1254=EDGE_CURVE('',#1001,#991,#538,.T.);
#1255=EDGE_CURVE('',#1001,#1000,#476,.T.);
#1256=EDGE_CURVE('',#981,#1001,#539,.T.);
#1257=EDGE_CURVE('',#996,#997,#408,.T.);
#1258=EDGE_CURVE('',#1002,#1003,#540,.T.);
#1259=EDGE_CURVE('',#1004,#1002,#541,.T.);
#1260=EDGE_CURVE('',#1005,#1004,#542,.T.);
#1261=EDGE_CURVE('',#1003,#1005,#543,.T.);
#1262=EDGE_CURVE('',#1006,#1004,#544,.T.);
#1263=EDGE_CURVE('',#1006,#1007,#545,.T.);
#1264=EDGE_CURVE('',#1005,#1007,#546,.T.);
#1265=EDGE_CURVE('',#1008,#1003,#547,.T.);
#1266=EDGE_CURVE('',#1009,#1008,#548,.T.);
#1267=EDGE_CURVE('',#1010,#1009,#549,.T.);
#1268=EDGE_CURVE('',#1011,#1010,#550,.T.);
#1269=EDGE_CURVE('',#1011,#1012,#551,.T.);
#1270=EDGE_CURVE('',#1012,#1013,#552,.T.);
#1271=EDGE_CURVE('',#1013,#1014,#409,.T.);
#1272=EDGE_CURVE('',#1014,#1013,#410,.T.);
#1273=EDGE_CURVE('',#1013,#1015,#553,.T.);
#1274=EDGE_CURVE('',#1016,#1015,#554,.T.);
#1275=EDGE_CURVE('',#1016,#1017,#555,.T.);
#1276=EDGE_CURVE('',#1017,#1018,#411,.T.);
#1277=EDGE_CURVE('',#1018,#1019,#556,.T.);
#1278=EDGE_CURVE('',#1020,#1019,#557,.T.);
#1279=EDGE_CURVE('',#1020,#1021,#558,.T.);
#1280=EDGE_CURVE('',#1021,#1022,#412,.T.);
#1281=EDGE_CURVE('',#1022,#1023,#559,.T.);
#1282=EDGE_CURVE('',#1024,#1023,#560,.T.);
#1283=EDGE_CURVE('',#1024,#1025,#561,.T.);
#1284=EDGE_CURVE('',#1026,#1025,#562,.T.);
#1285=EDGE_CURVE('',#1002,#1026,#563,.T.);
#1286=EDGE_CURVE('',#1027,#1028,#477,.T.);
#1287=EDGE_CURVE('',#1029,#1027,#478,.T.);
#1288=EDGE_CURVE('',#1028,#1029,#479,.T.);
#1289=EDGE_CURVE('',#1028,#1030,#564,.T.);
#1290=EDGE_CURVE('',#1030,#1030,#413,.T.);
#1291=EDGE_CURVE('',#1031,#1031,#414,.T.);
#1292=EDGE_CURVE('',#1031,#1021,#565,.T.);
#1293=EDGE_CURVE('',#1022,#1021,#415,.T.);
#1294=EDGE_CURVE('',#1032,#1032,#416,.T.);
#1295=EDGE_CURVE('',#1021,#1033,#566,.T.);
#1296=EDGE_CURVE('',#1034,#1033,#567,.T.);
#1297=EDGE_CURVE('',#1034,#1022,#568,.T.);
#1298=EDGE_CURVE('',#1035,#1035,#417,.T.);
#1299=EDGE_CURVE('',#1035,#1017,#569,.T.);
#1300=EDGE_CURVE('',#1018,#1017,#418,.T.);
#1301=EDGE_CURVE('',#1036,#1036,#419,.T.);
#1302=EDGE_CURVE('',#1017,#1037,#570,.T.);
#1303=EDGE_CURVE('',#1037,#1038,#571,.T.);
#1304=EDGE_CURVE('',#1038,#1039,#572,.T.);
#1305=EDGE_CURVE('',#1039,#1040,#573,.T.);
#1306=EDGE_CURVE('',#1040,#1041,#574,.T.);
#1307=EDGE_CURVE('',#1041,#1042,#575,.T.);
#1308=EDGE_CURVE('',#1042,#1043,#576,.T.);
#1309=EDGE_CURVE('',#1043,#1044,#577,.T.);
#1310=EDGE_CURVE('',#1044,#1018,#578,.T.);
#1311=EDGE_CURVE('',#1045,#1045,#420,.T.);
#1312=EDGE_CURVE('',#1045,#1014,#579,.T.);
#1313=EDGE_CURVE('',#1046,#1046,#421,.T.);
#1314=EDGE_CURVE('',#1047,#1048,#580,.T.);
#1315=EDGE_CURVE('',#1047,#1048,#422,.T.);
#1316=EDGE_CURVE('',#1049,#1047,#581,.T.);
#1317=EDGE_CURVE('',#1050,#1049,#123,.T.);
#1318=EDGE_CURVE('',#1050,#1046,#582,.T.);
#1319=EDGE_CURVE('',#1051,#1050,#124,.T.);
#1320=EDGE_CURVE('',#1048,#1051,#583,.T.);
#1321=EDGE_CURVE('',#1052,#1051,#423,.T.);
#1322=EDGE_CURVE('',#1049,#1052,#424,.T.);
#1323=EDGE_CURVE('',#1053,#1054,#584,.T.);
#1324=EDGE_CURVE('',#1053,#1054,#425,.T.);
#1325=EDGE_CURVE('',#1055,#1053,#585,.T.);
#1326=EDGE_CURVE('',#1056,#1055,#125,.T.);
#1327=EDGE_CURVE('',#1056,#1036,#586,.T.);
#1328=EDGE_CURVE('',#1054,#1056,#587,.T.);
#1329=EDGE_CURVE('',#1056,#1057,#426,.T.);
#1330=EDGE_CURVE('',#1057,#1055,#427,.T.);
#1331=EDGE_CURVE('',#1058,#956,#588,.T.);
#1332=EDGE_CURVE('',#954,#1058,#428,.T.);
#1333=EDGE_CURVE('',#1059,#1060,#589,.T.);
#1334=EDGE_CURVE('',#1060,#1059,#429,.T.);
#1335=EDGE_CURVE('',#1061,#1062,#480,.T.);
#1336=EDGE_CURVE('',#1062,#1063,#590,.T.);
#1337=EDGE_CURVE('',#1064,#1063,#481,.T.);
#1338=EDGE_CURVE('',#1065,#1064,#482,.T.);
#1339=EDGE_CURVE('',#1066,#1065,#483,.T.);
#1340=EDGE_CURVE('',#1063,#1066,#484,.T.);
#1341=EDGE_CURVE('',#1062,#1061,#485,.T.);
#1342=EDGE_CURVE('',#1067,#1068,#486,.T.);
#1343=EDGE_CURVE('',#1068,#1062,#591,.T.);
#1344=EDGE_CURVE('',#1068,#1069,#487,.T.);
#1345=EDGE_CURVE('',#1069,#1067,#488,.T.);
#1346=EDGE_CURVE('',#1070,#1071,#489,.T.);
#1347=EDGE_CURVE('',#1071,#1068,#592,.T.);
#1348=EDGE_CURVE('',#1071,#1072,#490,.T.);
#1349=EDGE_CURVE('',#1072,#1070,#491,.T.);
#1350=EDGE_CURVE('',#1057,#1071,#593,.T.);
#1351=EDGE_CURVE('',#965,#955,#594,.T.);
#1352=EDGE_CURVE('',#1073,#955,#492,.T.);
#1353=EDGE_CURVE('',#1073,#1059,#493,.T.);
#1354=EDGE_CURVE('',#1058,#1060,#494,.T.);
#1355=EDGE_CURVE('',#1074,#1075,#495,.T.);
#1356=EDGE_CURVE('',#1075,#1065,#595,.T.);
#1357=EDGE_CURVE('',#1075,#1076,#496,.T.);
#1358=EDGE_CURVE('',#1076,#1077,#497,.T.);
#1359=EDGE_CURVE('',#1077,#1074,#498,.T.);
#1360=EDGE_CURVE('',#955,#1075,#596,.T.);
#1361=EDGE_CURVE('',#1078,#1079,#597,.T.);
#1362=EDGE_CURVE('',#1078,#1079,#430,.T.);
#1363=EDGE_CURVE('',#1080,#1078,#598,.T.);
#1364=EDGE_CURVE('',#1080,#1032,#599,.T.);
#1365=EDGE_CURVE('',#1081,#1080,#126,.T.);
#1366=EDGE_CURVE('',#1079,#1081,#600,.T.);
#1367=EDGE_CURVE('',#1082,#1081,#431,.T.);
#1368=EDGE_CURVE('',#1080,#1082,#432,.T.);
#1369=EDGE_CURVE('',#998,#1083,#601,.T.);
#1370=EDGE_CURVE('',#1083,#1083,#433,.T.);
#1371=EDGE_CURVE('',#1084,#1085,#499,.T.);
#1372=EDGE_CURVE('',#1085,#999,#602,.T.);
#1373=EDGE_CURVE('',#995,#1082,#603,.T.);
#1374=EDGE_CURVE('',#1085,#1086,#500,.T.);
#1375=EDGE_CURVE('',#1086,#1084,#501,.T.);
#1376=EDGE_CURVE('',#1087,#1088,#502,.T.);
#1377=EDGE_CURVE('',#1088,#1085,#604,.T.);
#1378=EDGE_CURVE('',#1088,#1089,#503,.T.);
#1379=EDGE_CURVE('',#1089,#1087,#504,.T.);
#1380=EDGE_CURVE('',#1090,#1090,#434,.T.);
#1381=EDGE_CURVE('',#1090,#1088,#605,.T.);
#1382=EDGE_CURVE('',#1091,#1092,#127,.T.);
#1383=EDGE_CURVE('',#1092,#1091,#128,.T.);
#1384=EDGE_CURVE('',#1092,#978,#606,.T.);
#1385=EDGE_CURVE('',#1093,#1094,#505,.T.);
#1386=EDGE_CURVE('',#1094,#1052,#607,.T.);
#1387=EDGE_CURVE('',#1094,#1093,#506,.T.);
#1388=EDGE_CURVE('',#1095,#1096,#507,.T.);
#1389=EDGE_CURVE('',#1096,#1094,#608,.T.);
#1390=EDGE_CURVE('',#1096,#1097,#508,.T.);
#1391=EDGE_CURVE('',#1097,#1095,#509,.T.);
#1392=EDGE_CURVE('',#1098,#1099,#510,.T.);
#1393=EDGE_CURVE('',#1099,#1096,#609,.T.);
#1394=EDGE_CURVE('',#1099,#1100,#511,.T.);
#1395=EDGE_CURVE('',#1100,#1098,#512,.T.);
#1396=EDGE_CURVE('',#1101,#1102,#513,.T.);
#1397=EDGE_CURVE('',#1102,#1099,#610,.T.);
#1398=EDGE_CURVE('',#1102,#1101,#514,.T.);
#1399=EDGE_CURVE('',#1103,#1104,#515,.T.);
#1400=EDGE_CURVE('',#1104,#1102,#611,.T.);
#1401=EDGE_CURVE('',#1104,#1105,#516,.T.);
#1402=EDGE_CURVE('',#1105,#1103,#517,.T.);
#1403=EDGE_CURVE('',#1106,#1106,#435,.T.);
#1404=EDGE_CURVE('',#1106,#1104,#612,.T.);
#1405=EDGE_CURVE('',#1107,#1107,#436,.T.);
#1406=EDGE_CURVE('',#1108,#1108,#437,.T.);
#1407=EDGE_CURVE('',#1108,#1109,#613,.T.);
#1408=EDGE_CURVE('',#1110,#1109,#438,.T.);
#1409=EDGE_CURVE('',#1111,#1110,#439,.T.);
#1410=EDGE_CURVE('',#1109,#1111,#440,.T.);
#1411=EDGE_CURVE('',#1112,#1113,#441,.T.);
#1412=EDGE_CURVE('',#1113,#1110,#614,.T.);
#1413=EDGE_CURVE('',#1111,#1112,#615,.T.);
#1414=EDGE_CURVE('',#1110,#1114,#616,.T.);
#1415=EDGE_CURVE('',#1114,#1115,#617,.T.);
#1416=EDGE_CURVE('',#1116,#1115,#618,.T.);
#1417=EDGE_CURVE('',#1117,#1116,#619,.T.);
#1418=EDGE_CURVE('',#1117,#1111,#620,.T.);
#1419=EDGE_CURVE('',#1118,#1118,#442,.T.);
#1420=EDGE_CURVE('',#1118,#1119,#621,.T.);
#1421=EDGE_CURVE('',#1120,#1119,#443,.T.);
#1422=EDGE_CURVE('',#1121,#1120,#444,.T.);
#1423=EDGE_CURVE('',#1119,#1121,#445,.T.);
#1424=EDGE_CURVE('',#1121,#1122,#622,.T.);
#1425=EDGE_CURVE('',#1123,#1122,#623,.T.);
#1426=EDGE_CURVE('',#1124,#1123,#624,.T.);
#1427=EDGE_CURVE('',#1125,#1124,#625,.T.);
#1428=EDGE_CURVE('',#1125,#1126,#626,.T.);
#1429=EDGE_CURVE('',#1126,#1127,#627,.T.);
#1430=EDGE_CURVE('',#1127,#1120,#628,.T.);
#1431=EDGE_CURVE('',#1120,#1128,#629,.T.);
#1432=EDGE_CURVE('',#1128,#1129,#446,.T.);
#1433=EDGE_CURVE('',#1129,#1130,#447,.T.);
#1434=EDGE_CURVE('',#1130,#1121,#630,.T.);
#1435=EDGE_CURVE('',#1131,#1131,#448,.T.);
#1436=EDGE_CURVE('',#1131,#1129,#631,.T.);
#1437=EDGE_CURVE('',#1132,#1128,#632,.T.);
#1438=EDGE_CURVE('',#1133,#1132,#449,.T.);
#1439=EDGE_CURVE('',#1133,#1130,#633,.T.);
#1440=EDGE_CURVE('',#1134,#1134,#450,.T.);
#1441=EDGE_CURVE('',#1134,#1135,#634,.T.);
#1442=EDGE_CURVE('',#1136,#1135,#451,.T.);
#1443=EDGE_CURVE('',#1026,#1136,#452,.T.);
#1444=EDGE_CURVE('',#1135,#1026,#453,.T.);
#1445=EDGE_CURVE('',#1136,#1137,#635,.T.);
#1446=EDGE_CURVE('',#1137,#1006,#636,.T.);
#1447=EDGE_CURVE('',#1025,#1138,#454,.T.);
#1448=EDGE_CURVE('',#1138,#1136,#637,.T.);
#1449=EDGE_CURVE('',#1139,#1139,#455,.T.);
#1450=EDGE_CURVE('',#1139,#1140,#638,.T.);
#1451=EDGE_CURVE('',#1141,#1140,#456,.T.);
#1452=EDGE_CURVE('',#1142,#1141,#639,.T.);
#1453=EDGE_CURVE('',#1143,#1142,#457,.T.);
#1454=EDGE_CURVE('',#1143,#1138,#640,.T.);
#1455=EDGE_CURVE('',#1144,#1024,#458,.T.);
#1456=EDGE_CURVE('',#1145,#1144,#641,.T.);
#1457=EDGE_CURVE('',#1140,#1145,#459,.T.);
#1458=EDGE_CURVE('',#1146,#1147,#642,.T.);
#1459=EDGE_CURVE('',#1146,#1148,#643,.T.);
#1460=EDGE_CURVE('',#1148,#1149,#644,.T.);
#1461=EDGE_CURVE('',#1149,#1147,#645,.T.);
#1462=EDGE_CURVE('',#1148,#975,#646,.T.);
#1463=EDGE_CURVE('',#1149,#974,#647,.T.);
#1464=EDGE_CURVE('',#1124,#972,#648,.T.);
#1465=EDGE_CURVE('',#1150,#1123,#649,.T.);
#1466=EDGE_CURVE('',#1151,#1150,#650,.T.);
#1467=EDGE_CURVE('',#1147,#1151,#651,.T.);
#1468=EDGE_CURVE('',#973,#1152,#652,.T.);
#1469=EDGE_CURVE('',#1152,#1153,#653,.T.);
#1470=EDGE_CURVE('',#1153,#1125,#654,.T.);
#1471=EDGE_CURVE('',#1154,#1126,#655,.T.);
#1472=EDGE_CURVE('',#1155,#1154,#656,.T.);
#1473=EDGE_CURVE('',#1155,#1127,#657,.T.);
#1474=EDGE_CURVE('',#1122,#1156,#658,.T.);
#1475=EDGE_CURVE('',#1156,#1133,#659,.T.);
#1476=EDGE_CURVE('',#1132,#1155,#660,.T.);
#1477=EDGE_CURVE('',#1156,#1157,#661,.T.);
#1478=EDGE_CURVE('',#1157,#1158,#662,.T.);
#1479=EDGE_CURVE('',#1158,#1145,#663,.T.);
#1480=EDGE_CURVE('',#1144,#1142,#664,.T.);
#1481=EDGE_CURVE('',#1141,#1159,#665,.T.);
#1482=EDGE_CURVE('',#1160,#1159,#666,.T.);
#1483=EDGE_CURVE('',#1042,#1160,#667,.T.);
#1484=EDGE_CURVE('',#1041,#1150,#668,.T.);
#1485=EDGE_CURVE('',#1153,#1154,#669,.T.);
#1486=EDGE_CURVE('',#1152,#1157,#670,.T.);
#1487=EDGE_CURVE('',#1151,#1161,#671,.T.);
#1488=EDGE_CURVE('',#1161,#1162,#672,.T.);
#1489=EDGE_CURVE('',#1162,#1163,#673,.T.);
#1490=EDGE_CURVE('',#1163,#1146,#674,.T.);
#1491=EDGE_CURVE('',#1158,#1163,#675,.T.);
#1492=EDGE_CURVE('',#1164,#1040,#676,.T.);
#1493=EDGE_CURVE('',#1161,#1164,#677,.T.);
#1494=EDGE_CURVE('',#1039,#1165,#678,.T.);
#1495=EDGE_CURVE('',#1164,#1165,#679,.T.);
#1496=EDGE_CURVE('',#1008,#1166,#680,.T.);
#1497=EDGE_CURVE('',#1007,#1167,#681,.T.);
#1498=EDGE_CURVE('',#1167,#1166,#682,.T.);
#1499=EDGE_CURVE('',#1016,#1168,#683,.T.);
#1500=EDGE_CURVE('',#1169,#1015,#684,.T.);
#1501=EDGE_CURVE('',#1169,#1168,#685,.T.);
#1502=EDGE_CURVE('',#1170,#1019,#686,.T.);
#1503=EDGE_CURVE('',#1170,#1171,#687,.T.);
#1504=EDGE_CURVE('',#1020,#1171,#688,.T.);
#1505=EDGE_CURVE('',#1172,#1023,#689,.T.);
#1506=EDGE_CURVE('',#1172,#1143,#690,.T.);
#1507=EDGE_CURVE('',#1167,#1137,#691,.T.);
#1508=EDGE_CURVE('',#1173,#1034,#692,.T.);
#1509=EDGE_CURVE('',#1173,#1172,#693,.T.);
#1510=EDGE_CURVE('',#1033,#1174,#694,.T.);
#1511=EDGE_CURVE('',#1174,#1173,#695,.T.);
#1512=EDGE_CURVE('',#1174,#1171,#696,.T.);
#1513=EDGE_CURVE('',#1166,#1175,#697,.T.);
#1514=EDGE_CURVE('',#1175,#1176,#698,.T.);
#1515=EDGE_CURVE('',#1176,#1115,#699,.T.);
#1516=EDGE_CURVE('',#1114,#1177,#700,.T.);
#1517=EDGE_CURVE('',#1177,#1178,#701,.T.);
#1518=EDGE_CURVE('',#1178,#1179,#702,.T.);
#1519=EDGE_CURVE('',#1179,#1009,#703,.T.);
#1520=EDGE_CURVE('',#1180,#1012,#704,.T.);
#1521=EDGE_CURVE('',#1180,#1169,#705,.T.);
#1522=EDGE_CURVE('',#1181,#1011,#706,.T.);
#1523=EDGE_CURVE('',#1181,#1176,#707,.T.);
#1524=EDGE_CURVE('',#1175,#1180,#708,.T.);
#1525=EDGE_CURVE('',#1010,#1182,#709,.T.);
#1526=EDGE_CURVE('',#1182,#1183,#710,.T.);
#1527=EDGE_CURVE('',#1183,#1184,#711,.T.);
#1528=EDGE_CURVE('',#1117,#1184,#712,.T.);
#1529=EDGE_CURVE('',#1116,#1181,#713,.T.);
#1530=EDGE_CURVE('',#1179,#1182,#714,.T.);
#1531=EDGE_CURVE('',#1183,#1178,#715,.T.);
#1532=EDGE_CURVE('',#1185,#1184,#716,.T.);
#1533=EDGE_CURVE('',#1185,#1112,#717,.T.);
#1534=EDGE_CURVE('',#1177,#1186,#718,.T.);
#1535=EDGE_CURVE('',#1186,#1187,#460,.T.);
#1536=EDGE_CURVE('',#1187,#1185,#461,.T.);
#1537=EDGE_CURVE('',#1107,#1187,#719,.T.);
#1538=EDGE_CURVE('',#1186,#1113,#720,.T.);
#1539=EDGE_CURVE('',#1159,#1162,#721,.T.);
#1540=EDGE_CURVE('',#1188,#1168,#722,.T.);
#1541=EDGE_CURVE('',#1188,#1017,#723,.T.);
#1542=EDGE_CURVE('',#1189,#1188,#724,.T.);
#1543=EDGE_CURVE('',#1037,#1189,#725,.T.);
#1544=EDGE_CURVE('',#1018,#1190,#726,.T.);
#1545=EDGE_CURVE('',#1044,#1191,#727,.T.);
#1546=EDGE_CURVE('',#1190,#1191,#728,.T.);
#1547=EDGE_CURVE('',#1038,#1192,#729,.T.);
#1548=EDGE_CURVE('',#1165,#1192,#730,.T.);
#1549=EDGE_CURVE('',#1193,#1160,#731,.T.);
#1550=EDGE_CURVE('',#1043,#1193,#732,.T.);
#1551=EDGE_CURVE('',#1191,#1193,#733,.T.);
#1552=EDGE_CURVE('',#1192,#1189,#734,.T.);
#1553=EDGE_CURVE('',#1190,#1170,#735,.T.);
#1554=ORIENTED_EDGE('',*,*,#1194,.T.);
#1555=ORIENTED_EDGE('',*,*,#1195,.F.);
#1556=ORIENTED_EDGE('',*,*,#1196,.T.);
#1557=ORIENTED_EDGE('',*,*,#1197,.T.);
#1558=ORIENTED_EDGE('',*,*,#1198,.T.);
#1559=ORIENTED_EDGE('',*,*,#1199,.F.);
#1560=ORIENTED_EDGE('',*,*,#1198,.F.);
#1561=ORIENTED_EDGE('',*,*,#1200,.T.);
#1562=ORIENTED_EDGE('',*,*,#1201,.T.);
#1563=ORIENTED_EDGE('',*,*,#1202,.T.);
#1564=ORIENTED_EDGE('',*,*,#1203,.T.);
#1565=ORIENTED_EDGE('',*,*,#1197,.F.);
#1566=ORIENTED_EDGE('',*,*,#1201,.F.);
#1567=ORIENTED_EDGE('',*,*,#1200,.F.);
#1568=ORIENTED_EDGE('',*,*,#1203,.F.);
#1569=ORIENTED_EDGE('',*,*,#1204,.T.);
#1570=ORIENTED_EDGE('',*,*,#1205,.T.);
#1571=ORIENTED_EDGE('',*,*,#1206,.F.);
#1572=ORIENTED_EDGE('',*,*,#1207,.T.);
#1573=ORIENTED_EDGE('',*,*,#1208,.F.);
#1574=ORIENTED_EDGE('',*,*,#1209,.F.);
#1575=ORIENTED_EDGE('',*,*,#1210,.T.);
#1576=ORIENTED_EDGE('',*,*,#1202,.F.);
#1577=ORIENTED_EDGE('',*,*,#1205,.F.);
#1578=ORIENTED_EDGE('',*,*,#1204,.F.);
#1579=ORIENTED_EDGE('',*,*,#1210,.F.);
#1580=ORIENTED_EDGE('',*,*,#1211,.F.);
#1581=ORIENTED_EDGE('',*,*,#1207,.F.);
#1582=ORIENTED_EDGE('',*,*,#1212,.F.);
#1583=ORIENTED_EDGE('',*,*,#1213,.T.);
#1584=ORIENTED_EDGE('',*,*,#1214,.F.);
#1585=ORIENTED_EDGE('',*,*,#1213,.F.);
#1586=ORIENTED_EDGE('',*,*,#1215,.F.);
#1587=ORIENTED_EDGE('',*,*,#1216,.T.);
#1588=ORIENTED_EDGE('',*,*,#1217,.F.);
#1589=ORIENTED_EDGE('',*,*,#1216,.F.);
#1590=ORIENTED_EDGE('',*,*,#1215,.T.);
#1591=ORIENTED_EDGE('',*,*,#1212,.T.);
#1592=ORIENTED_EDGE('',*,*,#1218,.F.);
#1593=ORIENTED_EDGE('',*,*,#1219,.T.);
#1594=ORIENTED_EDGE('',*,*,#1220,.T.);
#1595=ORIENTED_EDGE('',*,*,#1221,.T.);
#1596=ORIENTED_EDGE('',*,*,#1217,.T.);
#1597=ORIENTED_EDGE('',*,*,#1222,.F.);
#1598=ORIENTED_EDGE('',*,*,#1223,.T.);
#1599=ORIENTED_EDGE('',*,*,#1224,.F.);
#1600=ORIENTED_EDGE('',*,*,#1223,.F.);
#1601=ORIENTED_EDGE('',*,*,#1222,.T.);
#1602=ORIENTED_EDGE('',*,*,#1225,.T.);
#1603=ORIENTED_EDGE('',*,*,#1226,.F.);
#1604=ORIENTED_EDGE('',*,*,#1227,.T.);
#1605=ORIENTED_EDGE('',*,*,#1228,.F.);
#1606=ORIENTED_EDGE('',*,*,#1227,.F.);
#1607=ORIENTED_EDGE('',*,*,#1226,.T.);
#1608=ORIENTED_EDGE('',*,*,#1229,.T.);
#1609=ORIENTED_EDGE('',*,*,#1230,.T.);
#1610=ORIENTED_EDGE('',*,*,#1231,.T.);
#1611=ORIENTED_EDGE('',*,*,#1232,.F.);
#1612=ORIENTED_EDGE('',*,*,#1233,.F.);
#1613=ORIENTED_EDGE('',*,*,#1231,.F.);
#1614=ORIENTED_EDGE('',*,*,#1234,.T.);
#1615=ORIENTED_EDGE('',*,*,#1235,.T.);
#1616=ORIENTED_EDGE('',*,*,#1236,.F.);
#1617=ORIENTED_EDGE('',*,*,#1237,.T.);
#1618=ORIENTED_EDGE('',*,*,#1230,.F.);
#1619=ORIENTED_EDGE('',*,*,#1235,.F.);
#1620=ORIENTED_EDGE('',*,*,#1234,.F.);
#1621=ORIENTED_EDGE('',*,*,#1237,.F.);
#1622=ORIENTED_EDGE('',*,*,#1238,.F.);
#1623=ORIENTED_EDGE('',*,*,#1239,.F.);
#1624=ORIENTED_EDGE('',*,*,#1240,.T.);
#1625=ORIENTED_EDGE('',*,*,#1241,.T.);
#1626=ORIENTED_EDGE('',*,*,#1242,.F.);
#1627=ORIENTED_EDGE('',*,*,#1241,.F.);
#1628=ORIENTED_EDGE('',*,*,#1243,.T.);
#1629=ORIENTED_EDGE('',*,*,#1244,.T.);
#1630=ORIENTED_EDGE('',*,*,#1245,.F.);
#1631=ORIENTED_EDGE('',*,*,#1246,.T.);
#1632=ORIENTED_EDGE('',*,*,#1247,.F.);
#1633=ORIENTED_EDGE('',*,*,#1239,.T.);
#1634=ORIENTED_EDGE('',*,*,#1248,.F.);
#1635=ORIENTED_EDGE('',*,*,#1249,.F.);
#1636=ORIENTED_EDGE('',*,*,#1250,.F.);
#1637=ORIENTED_EDGE('',*,*,#1246,.F.);
#1638=ORIENTED_EDGE('',*,*,#1251,.F.);
#1639=ORIENTED_EDGE('',*,*,#1252,.F.);
#1640=ORIENTED_EDGE('',*,*,#1253,.T.);
#1641=ORIENTED_EDGE('',*,*,#1254,.T.);
#1642=ORIENTED_EDGE('',*,*,#1240,.F.);
#1643=ORIENTED_EDGE('',*,*,#1244,.F.);
#1644=ORIENTED_EDGE('',*,*,#1243,.F.);
#1645=ORIENTED_EDGE('',*,*,#1254,.F.);
#1646=ORIENTED_EDGE('',*,*,#1255,.T.);
#1647=ORIENTED_EDGE('',*,*,#1229,.F.);
#1648=ORIENTED_EDGE('',*,*,#1256,.T.);
#1649=ORIENTED_EDGE('',*,*,#1253,.F.);
#1650=ORIENTED_EDGE('',*,*,#1255,.F.);
#1651=ORIENTED_EDGE('',*,*,#1256,.F.);
#1652=ORIENTED_EDGE('',*,*,#1248,.T.);
#1653=ORIENTED_EDGE('',*,*,#1238,.T.);
#1654=ORIENTED_EDGE('',*,*,#1247,.T.);
#1655=ORIENTED_EDGE('',*,*,#1257,.T.);
#1656=ORIENTED_EDGE('',*,*,#1258,.F.);
#1657=ORIENTED_EDGE('',*,*,#1259,.F.);
#1658=ORIENTED_EDGE('',*,*,#1260,.F.);
#1659=ORIENTED_EDGE('',*,*,#1261,.F.);
#1660=ORIENTED_EDGE('',*,*,#1260,.T.);
#1661=ORIENTED_EDGE('',*,*,#1262,.F.);
#1662=ORIENTED_EDGE('',*,*,#1263,.T.);
#1663=ORIENTED_EDGE('',*,*,#1264,.F.);
#1664=ORIENTED_EDGE('',*,*,#1258,.T.);
#1665=ORIENTED_EDGE('',*,*,#1265,.F.);
#1666=ORIENTED_EDGE('',*,*,#1266,.F.);
#1667=ORIENTED_EDGE('',*,*,#1267,.F.);
#1668=ORIENTED_EDGE('',*,*,#1268,.F.);
#1669=ORIENTED_EDGE('',*,*,#1269,.T.);
#1670=ORIENTED_EDGE('',*,*,#1270,.T.);
#1671=ORIENTED_EDGE('',*,*,#1271,.T.);
#1672=ORIENTED_EDGE('',*,*,#1272,.T.);
#1673=ORIENTED_EDGE('',*,*,#1273,.T.);
#1674=ORIENTED_EDGE('',*,*,#1274,.F.);
#1675=ORIENTED_EDGE('',*,*,#1275,.T.);
#1676=ORIENTED_EDGE('',*,*,#1276,.T.);
#1677=ORIENTED_EDGE('',*,*,#1277,.T.);
#1678=ORIENTED_EDGE('',*,*,#1278,.F.);
#1679=ORIENTED_EDGE('',*,*,#1279,.T.);
#1680=ORIENTED_EDGE('',*,*,#1280,.T.);
#1681=ORIENTED_EDGE('',*,*,#1281,.T.);
#1682=ORIENTED_EDGE('',*,*,#1282,.F.);
#1683=ORIENTED_EDGE('',*,*,#1283,.T.);
#1684=ORIENTED_EDGE('',*,*,#1284,.F.);
#1685=ORIENTED_EDGE('',*,*,#1285,.F.);
#1686=ORIENTED_EDGE('',*,*,#1286,.F.);
#1687=ORIENTED_EDGE('',*,*,#1287,.F.);
#1688=ORIENTED_EDGE('',*,*,#1288,.F.);
#1689=ORIENTED_EDGE('',*,*,#1289,.T.);
#1690=ORIENTED_EDGE('',*,*,#1290,.F.);
#1691=ORIENTED_EDGE('',*,*,#1289,.F.);
#1692=ORIENTED_EDGE('',*,*,#1291,.F.);
#1693=ORIENTED_EDGE('',*,*,#1292,.T.);
#1694=ORIENTED_EDGE('',*,*,#1293,.F.);
#1695=ORIENTED_EDGE('',*,*,#1280,.F.);
#1696=ORIENTED_EDGE('',*,*,#1292,.F.);
#1697=ORIENTED_EDGE('',*,*,#1291,.T.);
#1698=ORIENTED_EDGE('',*,*,#1294,.T.);
#1699=ORIENTED_EDGE('',*,*,#1293,.T.);
#1700=ORIENTED_EDGE('',*,*,#1295,.T.);
#1701=ORIENTED_EDGE('',*,*,#1296,.F.);
#1702=ORIENTED_EDGE('',*,*,#1297,.T.);
#1703=ORIENTED_EDGE('',*,*,#1298,.F.);
#1704=ORIENTED_EDGE('',*,*,#1299,.T.);
#1705=ORIENTED_EDGE('',*,*,#1300,.F.);
#1706=ORIENTED_EDGE('',*,*,#1276,.F.);
#1707=ORIENTED_EDGE('',*,*,#1299,.F.);
#1708=ORIENTED_EDGE('',*,*,#1298,.T.);
#1709=ORIENTED_EDGE('',*,*,#1301,.T.);
#1710=ORIENTED_EDGE('',*,*,#1300,.T.);
#1711=ORIENTED_EDGE('',*,*,#1302,.T.);
#1712=ORIENTED_EDGE('',*,*,#1303,.T.);
#1713=ORIENTED_EDGE('',*,*,#1304,.T.);
#1714=ORIENTED_EDGE('',*,*,#1305,.T.);
#1715=ORIENTED_EDGE('',*,*,#1306,.T.);
#1716=ORIENTED_EDGE('',*,*,#1307,.T.);
#1717=ORIENTED_EDGE('',*,*,#1308,.T.);
#1718=ORIENTED_EDGE('',*,*,#1309,.T.);
#1719=ORIENTED_EDGE('',*,*,#1310,.T.);
#1720=ORIENTED_EDGE('',*,*,#1311,.F.);
#1721=ORIENTED_EDGE('',*,*,#1312,.T.);
#1722=ORIENTED_EDGE('',*,*,#1271,.F.);
#1723=ORIENTED_EDGE('',*,*,#1272,.F.);
#1724=ORIENTED_EDGE('',*,*,#1312,.F.);
#1725=ORIENTED_EDGE('',*,*,#1311,.T.);
#1726=ORIENTED_EDGE('',*,*,#1313,.T.);
#1727=ORIENTED_EDGE('',*,*,#1314,.F.);
#1728=ORIENTED_EDGE('',*,*,#1315,.T.);
#1729=ORIENTED_EDGE('',*,*,#1316,.F.);
#1730=ORIENTED_EDGE('',*,*,#1317,.F.);
#1731=ORIENTED_EDGE('',*,*,#1318,.T.);
#1732=ORIENTED_EDGE('',*,*,#1313,.F.);
#1733=ORIENTED_EDGE('',*,*,#1318,.F.);
#1734=ORIENTED_EDGE('',*,*,#1319,.F.);
#1735=ORIENTED_EDGE('',*,*,#1320,.F.);
#1736=ORIENTED_EDGE('',*,*,#1315,.F.);
#1737=ORIENTED_EDGE('',*,*,#1316,.T.);
#1738=ORIENTED_EDGE('',*,*,#1314,.T.);
#1739=ORIENTED_EDGE('',*,*,#1320,.T.);
#1740=ORIENTED_EDGE('',*,*,#1321,.F.);
#1741=ORIENTED_EDGE('',*,*,#1322,.F.);
#1742=ORIENTED_EDGE('',*,*,#1323,.F.);
#1743=ORIENTED_EDGE('',*,*,#1324,.T.);
#1744=ORIENTED_EDGE('',*,*,#1325,.F.);
#1745=ORIENTED_EDGE('',*,*,#1326,.F.);
#1746=ORIENTED_EDGE('',*,*,#1327,.T.);
#1747=ORIENTED_EDGE('',*,*,#1301,.F.);
#1748=ORIENTED_EDGE('',*,*,#1327,.F.);
#1749=ORIENTED_EDGE('',*,*,#1328,.F.);
#1750=ORIENTED_EDGE('',*,*,#1324,.F.);
#1751=ORIENTED_EDGE('',*,*,#1325,.T.);
#1752=ORIENTED_EDGE('',*,*,#1323,.T.);
#1753=ORIENTED_EDGE('',*,*,#1328,.T.);
#1754=ORIENTED_EDGE('',*,*,#1329,.T.);
#1755=ORIENTED_EDGE('',*,*,#1330,.T.);
#1756=ORIENTED_EDGE('',*,*,#1331,.F.);
#1757=ORIENTED_EDGE('',*,*,#1332,.F.);
#1758=ORIENTED_EDGE('',*,*,#1196,.F.);
#1759=ORIENTED_EDGE('',*,*,#1333,.F.);
#1760=ORIENTED_EDGE('',*,*,#1334,.F.);
#1761=ORIENTED_EDGE('',*,*,#1335,.T.);
#1762=ORIENTED_EDGE('',*,*,#1336,.T.);
#1763=ORIENTED_EDGE('',*,*,#1337,.F.);
#1764=ORIENTED_EDGE('',*,*,#1338,.F.);
#1765=ORIENTED_EDGE('',*,*,#1339,.F.);
#1766=ORIENTED_EDGE('',*,*,#1340,.F.);
#1767=ORIENTED_EDGE('',*,*,#1336,.F.);
#1768=ORIENTED_EDGE('',*,*,#1341,.T.);
#1769=ORIENTED_EDGE('',*,*,#1342,.T.);
#1770=ORIENTED_EDGE('',*,*,#1343,.T.);
#1771=ORIENTED_EDGE('',*,*,#1335,.F.);
#1772=ORIENTED_EDGE('',*,*,#1341,.F.);
#1773=ORIENTED_EDGE('',*,*,#1343,.F.);
#1774=ORIENTED_EDGE('',*,*,#1344,.T.);
#1775=ORIENTED_EDGE('',*,*,#1345,.T.);
#1776=ORIENTED_EDGE('',*,*,#1346,.T.);
#1777=ORIENTED_EDGE('',*,*,#1347,.T.);
#1778=ORIENTED_EDGE('',*,*,#1342,.F.);
#1779=ORIENTED_EDGE('',*,*,#1345,.F.);
#1780=ORIENTED_EDGE('',*,*,#1344,.F.);
#1781=ORIENTED_EDGE('',*,*,#1347,.F.);
#1782=ORIENTED_EDGE('',*,*,#1348,.T.);
#1783=ORIENTED_EDGE('',*,*,#1349,.T.);
#1784=ORIENTED_EDGE('',*,*,#1326,.T.);
#1785=ORIENTED_EDGE('',*,*,#1330,.F.);
#1786=ORIENTED_EDGE('',*,*,#1350,.T.);
#1787=ORIENTED_EDGE('',*,*,#1346,.F.);
#1788=ORIENTED_EDGE('',*,*,#1349,.F.);
#1789=ORIENTED_EDGE('',*,*,#1348,.F.);
#1790=ORIENTED_EDGE('',*,*,#1350,.F.);
#1791=ORIENTED_EDGE('',*,*,#1329,.F.);
#1792=ORIENTED_EDGE('',*,*,#1208,.T.);
#1793=ORIENTED_EDGE('',*,*,#1351,.T.);
#1794=ORIENTED_EDGE('',*,*,#1352,.F.);
#1795=ORIENTED_EDGE('',*,*,#1353,.T.);
#1796=ORIENTED_EDGE('',*,*,#1333,.T.);
#1797=ORIENTED_EDGE('',*,*,#1354,.F.);
#1798=ORIENTED_EDGE('',*,*,#1331,.T.);
#1799=ORIENTED_EDGE('',*,*,#1195,.T.);
#1800=ORIENTED_EDGE('',*,*,#1351,.F.);
#1801=ORIENTED_EDGE('',*,*,#1211,.T.);
#1802=ORIENTED_EDGE('',*,*,#1209,.T.);
#1803=ORIENTED_EDGE('',*,*,#1355,.T.);
#1804=ORIENTED_EDGE('',*,*,#1356,.T.);
#1805=ORIENTED_EDGE('',*,*,#1338,.T.);
#1806=ORIENTED_EDGE('',*,*,#1337,.T.);
#1807=ORIENTED_EDGE('',*,*,#1340,.T.);
#1808=ORIENTED_EDGE('',*,*,#1339,.T.);
#1809=ORIENTED_EDGE('',*,*,#1356,.F.);
#1810=ORIENTED_EDGE('',*,*,#1357,.T.);
#1811=ORIENTED_EDGE('',*,*,#1358,.T.);
#1812=ORIENTED_EDGE('',*,*,#1359,.T.);
#1813=ORIENTED_EDGE('',*,*,#1232,.T.);
#1814=ORIENTED_EDGE('',*,*,#1233,.T.);
#1815=ORIENTED_EDGE('',*,*,#1360,.T.);
#1816=ORIENTED_EDGE('',*,*,#1355,.F.);
#1817=ORIENTED_EDGE('',*,*,#1359,.F.);
#1818=ORIENTED_EDGE('',*,*,#1358,.F.);
#1819=ORIENTED_EDGE('',*,*,#1357,.F.);
#1820=ORIENTED_EDGE('',*,*,#1360,.F.);
#1821=ORIENTED_EDGE('',*,*,#1194,.F.);
#1822=ORIENTED_EDGE('',*,*,#1332,.T.);
#1823=ORIENTED_EDGE('',*,*,#1354,.T.);
#1824=ORIENTED_EDGE('',*,*,#1334,.T.);
#1825=ORIENTED_EDGE('',*,*,#1353,.F.);
#1826=ORIENTED_EDGE('',*,*,#1352,.T.);
#1827=ORIENTED_EDGE('',*,*,#1361,.F.);
#1828=ORIENTED_EDGE('',*,*,#1362,.T.);
#1829=ORIENTED_EDGE('',*,*,#1363,.F.);
#1830=ORIENTED_EDGE('',*,*,#1364,.T.);
#1831=ORIENTED_EDGE('',*,*,#1294,.F.);
#1832=ORIENTED_EDGE('',*,*,#1364,.F.);
#1833=ORIENTED_EDGE('',*,*,#1365,.F.);
#1834=ORIENTED_EDGE('',*,*,#1366,.F.);
#1835=ORIENTED_EDGE('',*,*,#1362,.F.);
#1836=ORIENTED_EDGE('',*,*,#1363,.T.);
#1837=ORIENTED_EDGE('',*,*,#1361,.T.);
#1838=ORIENTED_EDGE('',*,*,#1366,.T.);
#1839=ORIENTED_EDGE('',*,*,#1367,.F.);
#1840=ORIENTED_EDGE('',*,*,#1368,.F.);
#1841=ORIENTED_EDGE('',*,*,#1250,.T.);
#1842=ORIENTED_EDGE('',*,*,#1369,.T.);
#1843=ORIENTED_EDGE('',*,*,#1370,.F.);
#1844=ORIENTED_EDGE('',*,*,#1369,.F.);
#1845=ORIENTED_EDGE('',*,*,#1249,.T.);
#1846=ORIENTED_EDGE('',*,*,#1257,.F.);
#1847=ORIENTED_EDGE('',*,*,#1371,.T.);
#1848=ORIENTED_EDGE('',*,*,#1372,.T.);
#1849=ORIENTED_EDGE('',*,*,#1251,.T.);
#1850=ORIENTED_EDGE('',*,*,#1245,.T.);
#1851=ORIENTED_EDGE('',*,*,#1373,.T.);
#1852=ORIENTED_EDGE('',*,*,#1367,.T.);
#1853=ORIENTED_EDGE('',*,*,#1365,.T.);
#1854=ORIENTED_EDGE('',*,*,#1368,.T.);
#1855=ORIENTED_EDGE('',*,*,#1373,.F.);
#1856=ORIENTED_EDGE('',*,*,#1252,.T.);
#1857=ORIENTED_EDGE('',*,*,#1372,.F.);
#1858=ORIENTED_EDGE('',*,*,#1374,.T.);
#1859=ORIENTED_EDGE('',*,*,#1375,.T.);
#1860=ORIENTED_EDGE('',*,*,#1376,.T.);
#1861=ORIENTED_EDGE('',*,*,#1377,.T.);
#1862=ORIENTED_EDGE('',*,*,#1371,.F.);
#1863=ORIENTED_EDGE('',*,*,#1375,.F.);
#1864=ORIENTED_EDGE('',*,*,#1374,.F.);
#1865=ORIENTED_EDGE('',*,*,#1377,.F.);
#1866=ORIENTED_EDGE('',*,*,#1378,.T.);
#1867=ORIENTED_EDGE('',*,*,#1379,.T.);
#1868=ORIENTED_EDGE('',*,*,#1380,.F.);
#1869=ORIENTED_EDGE('',*,*,#1381,.T.);
#1870=ORIENTED_EDGE('',*,*,#1376,.F.);
#1871=ORIENTED_EDGE('',*,*,#1379,.F.);
#1872=ORIENTED_EDGE('',*,*,#1378,.F.);
#1873=ORIENTED_EDGE('',*,*,#1381,.F.);
#1874=ORIENTED_EDGE('',*,*,#1242,.T.);
#1875=ORIENTED_EDGE('',*,*,#1382,.F.);
#1876=ORIENTED_EDGE('',*,*,#1383,.F.);
#1877=ORIENTED_EDGE('',*,*,#1384,.T.);
#1878=ORIENTED_EDGE('',*,*,#1225,.F.);
#1879=ORIENTED_EDGE('',*,*,#1384,.F.);
#1880=ORIENTED_EDGE('',*,*,#1385,.T.);
#1881=ORIENTED_EDGE('',*,*,#1386,.T.);
#1882=ORIENTED_EDGE('',*,*,#1321,.T.);
#1883=ORIENTED_EDGE('',*,*,#1319,.T.);
#1884=ORIENTED_EDGE('',*,*,#1317,.T.);
#1885=ORIENTED_EDGE('',*,*,#1322,.T.);
#1886=ORIENTED_EDGE('',*,*,#1386,.F.);
#1887=ORIENTED_EDGE('',*,*,#1387,.T.);
#1888=ORIENTED_EDGE('',*,*,#1388,.T.);
#1889=ORIENTED_EDGE('',*,*,#1389,.T.);
#1890=ORIENTED_EDGE('',*,*,#1385,.F.);
#1891=ORIENTED_EDGE('',*,*,#1387,.F.);
#1892=ORIENTED_EDGE('',*,*,#1389,.F.);
#1893=ORIENTED_EDGE('',*,*,#1390,.T.);
#1894=ORIENTED_EDGE('',*,*,#1391,.T.);
#1895=ORIENTED_EDGE('',*,*,#1392,.T.);
#1896=ORIENTED_EDGE('',*,*,#1393,.T.);
#1897=ORIENTED_EDGE('',*,*,#1388,.F.);
#1898=ORIENTED_EDGE('',*,*,#1391,.F.);
#1899=ORIENTED_EDGE('',*,*,#1390,.F.);
#1900=ORIENTED_EDGE('',*,*,#1393,.F.);
#1901=ORIENTED_EDGE('',*,*,#1394,.T.);
#1902=ORIENTED_EDGE('',*,*,#1395,.T.);
#1903=ORIENTED_EDGE('',*,*,#1396,.T.);
#1904=ORIENTED_EDGE('',*,*,#1397,.T.);
#1905=ORIENTED_EDGE('',*,*,#1392,.F.);
#1906=ORIENTED_EDGE('',*,*,#1395,.F.);
#1907=ORIENTED_EDGE('',*,*,#1394,.F.);
#1908=ORIENTED_EDGE('',*,*,#1397,.F.);
#1909=ORIENTED_EDGE('',*,*,#1398,.T.);
#1910=ORIENTED_EDGE('',*,*,#1399,.T.);
#1911=ORIENTED_EDGE('',*,*,#1400,.T.);
#1912=ORIENTED_EDGE('',*,*,#1396,.F.);
#1913=ORIENTED_EDGE('',*,*,#1398,.F.);
#1914=ORIENTED_EDGE('',*,*,#1400,.F.);
#1915=ORIENTED_EDGE('',*,*,#1401,.T.);
#1916=ORIENTED_EDGE('',*,*,#1402,.T.);
#1917=ORIENTED_EDGE('',*,*,#1286,.T.);
#1918=ORIENTED_EDGE('',*,*,#1288,.T.);
#1919=ORIENTED_EDGE('',*,*,#1287,.T.);
#1920=ORIENTED_EDGE('',*,*,#1382,.T.);
#1921=ORIENTED_EDGE('',*,*,#1383,.T.);
#1922=ORIENTED_EDGE('',*,*,#1403,.F.);
#1923=ORIENTED_EDGE('',*,*,#1404,.T.);
#1924=ORIENTED_EDGE('',*,*,#1399,.F.);
#1925=ORIENTED_EDGE('',*,*,#1402,.F.);
#1926=ORIENTED_EDGE('',*,*,#1401,.F.);
#1927=ORIENTED_EDGE('',*,*,#1404,.F.);
#1928=ORIENTED_EDGE('',*,*,#1405,.T.);
#1929=ORIENTED_EDGE('',*,*,#1403,.T.);
#1930=ORIENTED_EDGE('',*,*,#1406,.T.);
#1931=ORIENTED_EDGE('',*,*,#1290,.T.);
#1932=ORIENTED_EDGE('',*,*,#1406,.F.);
#1933=ORIENTED_EDGE('',*,*,#1407,.T.);
#1934=ORIENTED_EDGE('',*,*,#1408,.F.);
#1935=ORIENTED_EDGE('',*,*,#1409,.F.);
#1936=ORIENTED_EDGE('',*,*,#1410,.F.);
#1937=ORIENTED_EDGE('',*,*,#1407,.F.);
#1938=ORIENTED_EDGE('',*,*,#1411,.T.);
#1939=ORIENTED_EDGE('',*,*,#1412,.T.);
#1940=ORIENTED_EDGE('',*,*,#1408,.T.);
#1941=ORIENTED_EDGE('',*,*,#1410,.T.);
#1942=ORIENTED_EDGE('',*,*,#1413,.T.);
#1943=ORIENTED_EDGE('',*,*,#1409,.T.);
#1944=ORIENTED_EDGE('',*,*,#1414,.T.);
#1945=ORIENTED_EDGE('',*,*,#1415,.T.);
#1946=ORIENTED_EDGE('',*,*,#1416,.F.);
#1947=ORIENTED_EDGE('',*,*,#1417,.F.);
#1948=ORIENTED_EDGE('',*,*,#1418,.T.);
#1949=ORIENTED_EDGE('',*,*,#1419,.F.);
#1950=ORIENTED_EDGE('',*,*,#1420,.T.);
#1951=ORIENTED_EDGE('',*,*,#1421,.F.);
#1952=ORIENTED_EDGE('',*,*,#1422,.F.);
#1953=ORIENTED_EDGE('',*,*,#1423,.F.);
#1954=ORIENTED_EDGE('',*,*,#1420,.F.);
#1955=ORIENTED_EDGE('',*,*,#1419,.T.);
#1956=ORIENTED_EDGE('',*,*,#1206,.T.);
#1957=ORIENTED_EDGE('',*,*,#1421,.T.);
#1958=ORIENTED_EDGE('',*,*,#1423,.T.);
#1959=ORIENTED_EDGE('',*,*,#1424,.T.);
#1960=ORIENTED_EDGE('',*,*,#1425,.F.);
#1961=ORIENTED_EDGE('',*,*,#1426,.F.);
#1962=ORIENTED_EDGE('',*,*,#1427,.F.);
#1963=ORIENTED_EDGE('',*,*,#1428,.T.);
#1964=ORIENTED_EDGE('',*,*,#1429,.T.);
#1965=ORIENTED_EDGE('',*,*,#1430,.T.);
#1966=ORIENTED_EDGE('',*,*,#1422,.T.);
#1967=ORIENTED_EDGE('',*,*,#1431,.T.);
#1968=ORIENTED_EDGE('',*,*,#1432,.T.);
#1969=ORIENTED_EDGE('',*,*,#1433,.T.);
#1970=ORIENTED_EDGE('',*,*,#1434,.T.);
#1971=ORIENTED_EDGE('',*,*,#1435,.T.);
#1972=ORIENTED_EDGE('',*,*,#1199,.T.);
#1973=ORIENTED_EDGE('',*,*,#1435,.F.);
#1974=ORIENTED_EDGE('',*,*,#1436,.T.);
#1975=ORIENTED_EDGE('',*,*,#1432,.F.);
#1976=ORIENTED_EDGE('',*,*,#1437,.F.);
#1977=ORIENTED_EDGE('',*,*,#1438,.F.);
#1978=ORIENTED_EDGE('',*,*,#1439,.T.);
#1979=ORIENTED_EDGE('',*,*,#1433,.F.);
#1980=ORIENTED_EDGE('',*,*,#1436,.F.);
#1981=ORIENTED_EDGE('',*,*,#1440,.F.);
#1982=ORIENTED_EDGE('',*,*,#1441,.T.);
#1983=ORIENTED_EDGE('',*,*,#1442,.F.);
#1984=ORIENTED_EDGE('',*,*,#1443,.F.);
#1985=ORIENTED_EDGE('',*,*,#1444,.F.);
#1986=ORIENTED_EDGE('',*,*,#1441,.F.);
#1987=ORIENTED_EDGE('',*,*,#1440,.T.);
#1988=ORIENTED_EDGE('',*,*,#1380,.T.);
#1989=ORIENTED_EDGE('',*,*,#1443,.T.);
#1990=ORIENTED_EDGE('',*,*,#1445,.T.);
#1991=ORIENTED_EDGE('',*,*,#1446,.T.);
#1992=ORIENTED_EDGE('',*,*,#1262,.T.);
#1993=ORIENTED_EDGE('',*,*,#1259,.T.);
#1994=ORIENTED_EDGE('',*,*,#1285,.T.);
#1995=ORIENTED_EDGE('',*,*,#1228,.T.);
#1996=ORIENTED_EDGE('',*,*,#1442,.T.);
#1997=ORIENTED_EDGE('',*,*,#1444,.T.);
#1998=ORIENTED_EDGE('',*,*,#1284,.T.);
#1999=ORIENTED_EDGE('',*,*,#1447,.T.);
#2000=ORIENTED_EDGE('',*,*,#1448,.T.);
#2001=ORIENTED_EDGE('',*,*,#1449,.T.);
#2002=ORIENTED_EDGE('',*,*,#1370,.T.);
#2003=ORIENTED_EDGE('',*,*,#1449,.F.);
#2004=ORIENTED_EDGE('',*,*,#1450,.T.);
#2005=ORIENTED_EDGE('',*,*,#1451,.F.);
#2006=ORIENTED_EDGE('',*,*,#1452,.F.);
#2007=ORIENTED_EDGE('',*,*,#1453,.F.);
#2008=ORIENTED_EDGE('',*,*,#1454,.T.);
#2009=ORIENTED_EDGE('',*,*,#1447,.F.);
#2010=ORIENTED_EDGE('',*,*,#1283,.F.);
#2011=ORIENTED_EDGE('',*,*,#1455,.F.);
#2012=ORIENTED_EDGE('',*,*,#1456,.F.);
#2013=ORIENTED_EDGE('',*,*,#1457,.F.);
#2014=ORIENTED_EDGE('',*,*,#1450,.F.);
#2015=ORIENTED_EDGE('',*,*,#1458,.F.);
#2016=ORIENTED_EDGE('',*,*,#1459,.T.);
#2017=ORIENTED_EDGE('',*,*,#1460,.T.);
#2018=ORIENTED_EDGE('',*,*,#1461,.T.);
#2019=ORIENTED_EDGE('',*,*,#1462,.T.);
#2020=ORIENTED_EDGE('',*,*,#1220,.F.);
#2021=ORIENTED_EDGE('',*,*,#1463,.F.);
#2022=ORIENTED_EDGE('',*,*,#1460,.F.);
#2023=ORIENTED_EDGE('',*,*,#1214,.T.);
#2024=ORIENTED_EDGE('',*,*,#1236,.T.);
#2025=ORIENTED_EDGE('',*,*,#1464,.F.);
#2026=ORIENTED_EDGE('',*,*,#1426,.T.);
#2027=ORIENTED_EDGE('',*,*,#1465,.F.);
#2028=ORIENTED_EDGE('',*,*,#1466,.F.);
#2029=ORIENTED_EDGE('',*,*,#1467,.F.);
#2030=ORIENTED_EDGE('',*,*,#1461,.F.);
#2031=ORIENTED_EDGE('',*,*,#1463,.T.);
#2032=ORIENTED_EDGE('',*,*,#1219,.F.);
#2033=ORIENTED_EDGE('',*,*,#1218,.T.);
#2034=ORIENTED_EDGE('',*,*,#1468,.T.);
#2035=ORIENTED_EDGE('',*,*,#1469,.T.);
#2036=ORIENTED_EDGE('',*,*,#1470,.T.);
#2037=ORIENTED_EDGE('',*,*,#1427,.T.);
#2038=ORIENTED_EDGE('',*,*,#1464,.T.);
#2039=ORIENTED_EDGE('',*,*,#1471,.F.);
#2040=ORIENTED_EDGE('',*,*,#1472,.F.);
#2041=ORIENTED_EDGE('',*,*,#1473,.T.);
#2042=ORIENTED_EDGE('',*,*,#1429,.F.);
#2043=ORIENTED_EDGE('',*,*,#1474,.F.);
#2044=ORIENTED_EDGE('',*,*,#1424,.F.);
#2045=ORIENTED_EDGE('',*,*,#1434,.F.);
#2046=ORIENTED_EDGE('',*,*,#1439,.F.);
#2047=ORIENTED_EDGE('',*,*,#1475,.F.);
#2048=ORIENTED_EDGE('',*,*,#1437,.T.);
#2049=ORIENTED_EDGE('',*,*,#1431,.F.);
#2050=ORIENTED_EDGE('',*,*,#1430,.F.);
#2051=ORIENTED_EDGE('',*,*,#1473,.F.);
#2052=ORIENTED_EDGE('',*,*,#1476,.F.);
#2053=ORIENTED_EDGE('',*,*,#1474,.T.);
#2054=ORIENTED_EDGE('',*,*,#1477,.T.);
#2055=ORIENTED_EDGE('',*,*,#1478,.T.);
#2056=ORIENTED_EDGE('',*,*,#1479,.T.);
#2057=ORIENTED_EDGE('',*,*,#1456,.T.);
#2058=ORIENTED_EDGE('',*,*,#1480,.T.);
#2059=ORIENTED_EDGE('',*,*,#1452,.T.);
#2060=ORIENTED_EDGE('',*,*,#1481,.T.);
#2061=ORIENTED_EDGE('',*,*,#1482,.F.);
#2062=ORIENTED_EDGE('',*,*,#1483,.F.);
#2063=ORIENTED_EDGE('',*,*,#1307,.F.);
#2064=ORIENTED_EDGE('',*,*,#1484,.T.);
#2065=ORIENTED_EDGE('',*,*,#1465,.T.);
#2066=ORIENTED_EDGE('',*,*,#1425,.T.);
#2067=ORIENTED_EDGE('',*,*,#1475,.T.);
#2068=ORIENTED_EDGE('',*,*,#1438,.T.);
#2069=ORIENTED_EDGE('',*,*,#1476,.T.);
#2070=ORIENTED_EDGE('',*,*,#1472,.T.);
#2071=ORIENTED_EDGE('',*,*,#1485,.F.);
#2072=ORIENTED_EDGE('',*,*,#1469,.F.);
#2073=ORIENTED_EDGE('',*,*,#1486,.T.);
#2074=ORIENTED_EDGE('',*,*,#1477,.F.);
#2075=ORIENTED_EDGE('',*,*,#1458,.T.);
#2076=ORIENTED_EDGE('',*,*,#1467,.T.);
#2077=ORIENTED_EDGE('',*,*,#1487,.T.);
#2078=ORIENTED_EDGE('',*,*,#1488,.T.);
#2079=ORIENTED_EDGE('',*,*,#1489,.T.);
#2080=ORIENTED_EDGE('',*,*,#1490,.T.);
#2081=ORIENTED_EDGE('',*,*,#1491,.F.);
#2082=ORIENTED_EDGE('',*,*,#1478,.F.);
#2083=ORIENTED_EDGE('',*,*,#1486,.F.);
#2084=ORIENTED_EDGE('',*,*,#1468,.F.);
#2085=ORIENTED_EDGE('',*,*,#1221,.F.);
#2086=ORIENTED_EDGE('',*,*,#1462,.F.);
#2087=ORIENTED_EDGE('',*,*,#1459,.F.);
#2088=ORIENTED_EDGE('',*,*,#1490,.F.);
#2089=ORIENTED_EDGE('',*,*,#1471,.T.);
#2090=ORIENTED_EDGE('',*,*,#1428,.F.);
#2091=ORIENTED_EDGE('',*,*,#1470,.F.);
#2092=ORIENTED_EDGE('',*,*,#1485,.T.);
#2093=ORIENTED_EDGE('',*,*,#1492,.F.);
#2094=ORIENTED_EDGE('',*,*,#1493,.F.);
#2095=ORIENTED_EDGE('',*,*,#1487,.F.);
#2096=ORIENTED_EDGE('',*,*,#1466,.T.);
#2097=ORIENTED_EDGE('',*,*,#1484,.F.);
#2098=ORIENTED_EDGE('',*,*,#1306,.F.);
#2099=ORIENTED_EDGE('',*,*,#1492,.T.);
#2100=ORIENTED_EDGE('',*,*,#1305,.F.);
#2101=ORIENTED_EDGE('',*,*,#1494,.T.);
#2102=ORIENTED_EDGE('',*,*,#1495,.F.);
#2103=ORIENTED_EDGE('',*,*,#1496,.F.);
#2104=ORIENTED_EDGE('',*,*,#1265,.T.);
#2105=ORIENTED_EDGE('',*,*,#1261,.T.);
#2106=ORIENTED_EDGE('',*,*,#1264,.T.);
#2107=ORIENTED_EDGE('',*,*,#1497,.T.);
#2108=ORIENTED_EDGE('',*,*,#1498,.T.);
#2109=ORIENTED_EDGE('',*,*,#1499,.F.);
#2110=ORIENTED_EDGE('',*,*,#1274,.T.);
#2111=ORIENTED_EDGE('',*,*,#1500,.F.);
#2112=ORIENTED_EDGE('',*,*,#1501,.T.);
#2113=ORIENTED_EDGE('',*,*,#1502,.F.);
#2114=ORIENTED_EDGE('',*,*,#1503,.T.);
#2115=ORIENTED_EDGE('',*,*,#1504,.F.);
#2116=ORIENTED_EDGE('',*,*,#1278,.T.);
#2117=ORIENTED_EDGE('',*,*,#1480,.F.);
#2118=ORIENTED_EDGE('',*,*,#1455,.T.);
#2119=ORIENTED_EDGE('',*,*,#1282,.T.);
#2120=ORIENTED_EDGE('',*,*,#1505,.F.);
#2121=ORIENTED_EDGE('',*,*,#1506,.T.);
#2122=ORIENTED_EDGE('',*,*,#1453,.T.);
#2123=ORIENTED_EDGE('',*,*,#1446,.F.);
#2124=ORIENTED_EDGE('',*,*,#1507,.F.);
#2125=ORIENTED_EDGE('',*,*,#1497,.F.);
#2126=ORIENTED_EDGE('',*,*,#1263,.F.);
#2127=ORIENTED_EDGE('',*,*,#1505,.T.);
#2128=ORIENTED_EDGE('',*,*,#1281,.F.);
#2129=ORIENTED_EDGE('',*,*,#1297,.F.);
#2130=ORIENTED_EDGE('',*,*,#1508,.F.);
#2131=ORIENTED_EDGE('',*,*,#1509,.T.);
#2132=ORIENTED_EDGE('',*,*,#1296,.T.);
#2133=ORIENTED_EDGE('',*,*,#1510,.T.);
#2134=ORIENTED_EDGE('',*,*,#1511,.T.);
#2135=ORIENTED_EDGE('',*,*,#1508,.T.);
#2136=ORIENTED_EDGE('',*,*,#1504,.T.);
#2137=ORIENTED_EDGE('',*,*,#1512,.F.);
#2138=ORIENTED_EDGE('',*,*,#1510,.F.);
#2139=ORIENTED_EDGE('',*,*,#1295,.F.);
#2140=ORIENTED_EDGE('',*,*,#1279,.F.);
#2141=ORIENTED_EDGE('',*,*,#1266,.T.);
#2142=ORIENTED_EDGE('',*,*,#1496,.T.);
#2143=ORIENTED_EDGE('',*,*,#1513,.T.);
#2144=ORIENTED_EDGE('',*,*,#1514,.T.);
#2145=ORIENTED_EDGE('',*,*,#1515,.T.);
#2146=ORIENTED_EDGE('',*,*,#1415,.F.);
#2147=ORIENTED_EDGE('',*,*,#1516,.T.);
#2148=ORIENTED_EDGE('',*,*,#1517,.T.);
#2149=ORIENTED_EDGE('',*,*,#1518,.T.);
#2150=ORIENTED_EDGE('',*,*,#1519,.T.);
#2151=ORIENTED_EDGE('',*,*,#1500,.T.);
#2152=ORIENTED_EDGE('',*,*,#1273,.F.);
#2153=ORIENTED_EDGE('',*,*,#1270,.F.);
#2154=ORIENTED_EDGE('',*,*,#1520,.F.);
#2155=ORIENTED_EDGE('',*,*,#1521,.T.);
#2156=ORIENTED_EDGE('',*,*,#1269,.F.);
#2157=ORIENTED_EDGE('',*,*,#1522,.F.);
#2158=ORIENTED_EDGE('',*,*,#1523,.T.);
#2159=ORIENTED_EDGE('',*,*,#1514,.F.);
#2160=ORIENTED_EDGE('',*,*,#1524,.T.);
#2161=ORIENTED_EDGE('',*,*,#1520,.T.);
#2162=ORIENTED_EDGE('',*,*,#1268,.T.);
#2163=ORIENTED_EDGE('',*,*,#1525,.T.);
#2164=ORIENTED_EDGE('',*,*,#1526,.T.);
#2165=ORIENTED_EDGE('',*,*,#1527,.T.);
#2166=ORIENTED_EDGE('',*,*,#1528,.F.);
#2167=ORIENTED_EDGE('',*,*,#1417,.T.);
#2168=ORIENTED_EDGE('',*,*,#1529,.T.);
#2169=ORIENTED_EDGE('',*,*,#1522,.T.);
#2170=ORIENTED_EDGE('',*,*,#1530,.F.);
#2171=ORIENTED_EDGE('',*,*,#1518,.F.);
#2172=ORIENTED_EDGE('',*,*,#1531,.F.);
#2173=ORIENTED_EDGE('',*,*,#1526,.F.);
#2174=ORIENTED_EDGE('',*,*,#1267,.T.);
#2175=ORIENTED_EDGE('',*,*,#1519,.F.);
#2176=ORIENTED_EDGE('',*,*,#1530,.T.);
#2177=ORIENTED_EDGE('',*,*,#1525,.F.);
#2178=ORIENTED_EDGE('',*,*,#1416,.T.);
#2179=ORIENTED_EDGE('',*,*,#1515,.F.);
#2180=ORIENTED_EDGE('',*,*,#1523,.F.);
#2181=ORIENTED_EDGE('',*,*,#1529,.F.);
#2182=ORIENTED_EDGE('',*,*,#1528,.T.);
#2183=ORIENTED_EDGE('',*,*,#1532,.F.);
#2184=ORIENTED_EDGE('',*,*,#1533,.T.);
#2185=ORIENTED_EDGE('',*,*,#1413,.F.);
#2186=ORIENTED_EDGE('',*,*,#1418,.F.);
#2187=ORIENTED_EDGE('',*,*,#1531,.T.);
#2188=ORIENTED_EDGE('',*,*,#1517,.F.);
#2189=ORIENTED_EDGE('',*,*,#1534,.T.);
#2190=ORIENTED_EDGE('',*,*,#1535,.T.);
#2191=ORIENTED_EDGE('',*,*,#1536,.T.);
#2192=ORIENTED_EDGE('',*,*,#1532,.T.);
#2193=ORIENTED_EDGE('',*,*,#1527,.F.);
#2194=ORIENTED_EDGE('',*,*,#1405,.F.);
#2195=ORIENTED_EDGE('',*,*,#1537,.T.);
#2196=ORIENTED_EDGE('',*,*,#1535,.F.);
#2197=ORIENTED_EDGE('',*,*,#1538,.T.);
#2198=ORIENTED_EDGE('',*,*,#1411,.F.);
#2199=ORIENTED_EDGE('',*,*,#1533,.F.);
#2200=ORIENTED_EDGE('',*,*,#1536,.F.);
#2201=ORIENTED_EDGE('',*,*,#1537,.F.);
#2202=ORIENTED_EDGE('',*,*,#1412,.F.);
#2203=ORIENTED_EDGE('',*,*,#1538,.F.);
#2204=ORIENTED_EDGE('',*,*,#1534,.F.);
#2205=ORIENTED_EDGE('',*,*,#1516,.F.);
#2206=ORIENTED_EDGE('',*,*,#1414,.F.);
#2207=ORIENTED_EDGE('',*,*,#1224,.T.);
#2208=ORIENTED_EDGE('',*,*,#1451,.T.);
#2209=ORIENTED_EDGE('',*,*,#1457,.T.);
#2210=ORIENTED_EDGE('',*,*,#1479,.F.);
#2211=ORIENTED_EDGE('',*,*,#1491,.T.);
#2212=ORIENTED_EDGE('',*,*,#1489,.F.);
#2213=ORIENTED_EDGE('',*,*,#1539,.F.);
#2214=ORIENTED_EDGE('',*,*,#1481,.F.);
#2215=ORIENTED_EDGE('',*,*,#1499,.T.);
#2216=ORIENTED_EDGE('',*,*,#1540,.F.);
#2217=ORIENTED_EDGE('',*,*,#1541,.T.);
#2218=ORIENTED_EDGE('',*,*,#1275,.F.);
#2219=ORIENTED_EDGE('',*,*,#1541,.F.);
#2220=ORIENTED_EDGE('',*,*,#1542,.F.);
#2221=ORIENTED_EDGE('',*,*,#1543,.F.);
#2222=ORIENTED_EDGE('',*,*,#1302,.F.);
#2223=ORIENTED_EDGE('',*,*,#1544,.F.);
#2224=ORIENTED_EDGE('',*,*,#1310,.F.);
#2225=ORIENTED_EDGE('',*,*,#1545,.T.);
#2226=ORIENTED_EDGE('',*,*,#1546,.F.);
#2227=ORIENTED_EDGE('',*,*,#1304,.F.);
#2228=ORIENTED_EDGE('',*,*,#1547,.T.);
#2229=ORIENTED_EDGE('',*,*,#1548,.F.);
#2230=ORIENTED_EDGE('',*,*,#1494,.F.);
#2231=ORIENTED_EDGE('',*,*,#1483,.T.);
#2232=ORIENTED_EDGE('',*,*,#1549,.F.);
#2233=ORIENTED_EDGE('',*,*,#1550,.F.);
#2234=ORIENTED_EDGE('',*,*,#1308,.F.);
#2235=ORIENTED_EDGE('',*,*,#1550,.T.);
#2236=ORIENTED_EDGE('',*,*,#1551,.F.);
#2237=ORIENTED_EDGE('',*,*,#1545,.F.);
#2238=ORIENTED_EDGE('',*,*,#1309,.F.);
#2239=ORIENTED_EDGE('',*,*,#1543,.T.);
#2240=ORIENTED_EDGE('',*,*,#1552,.F.);
#2241=ORIENTED_EDGE('',*,*,#1547,.F.);
#2242=ORIENTED_EDGE('',*,*,#1303,.F.);
#2243=ORIENTED_EDGE('',*,*,#1495,.T.);
#2244=ORIENTED_EDGE('',*,*,#1548,.T.);
#2245=ORIENTED_EDGE('',*,*,#1552,.T.);
#2246=ORIENTED_EDGE('',*,*,#1542,.T.);
#2247=ORIENTED_EDGE('',*,*,#1540,.T.);
#2248=ORIENTED_EDGE('',*,*,#1501,.F.);
#2249=ORIENTED_EDGE('',*,*,#1521,.F.);
#2250=ORIENTED_EDGE('',*,*,#1524,.F.);
#2251=ORIENTED_EDGE('',*,*,#1513,.F.);
#2252=ORIENTED_EDGE('',*,*,#1498,.F.);
#2253=ORIENTED_EDGE('',*,*,#1507,.T.);
#2254=ORIENTED_EDGE('',*,*,#1445,.F.);
#2255=ORIENTED_EDGE('',*,*,#1448,.F.);
#2256=ORIENTED_EDGE('',*,*,#1454,.F.);
#2257=ORIENTED_EDGE('',*,*,#1506,.F.);
#2258=ORIENTED_EDGE('',*,*,#1509,.F.);
#2259=ORIENTED_EDGE('',*,*,#1511,.F.);
#2260=ORIENTED_EDGE('',*,*,#1512,.T.);
#2261=ORIENTED_EDGE('',*,*,#1503,.F.);
#2262=ORIENTED_EDGE('',*,*,#1553,.F.);
#2263=ORIENTED_EDGE('',*,*,#1546,.T.);
#2264=ORIENTED_EDGE('',*,*,#1551,.T.);
#2265=ORIENTED_EDGE('',*,*,#1549,.T.);
#2266=ORIENTED_EDGE('',*,*,#1482,.T.);
#2267=ORIENTED_EDGE('',*,*,#1539,.T.);
#2268=ORIENTED_EDGE('',*,*,#1488,.F.);
#2269=ORIENTED_EDGE('',*,*,#1493,.T.);
#2270=ORIENTED_EDGE('',*,*,#1502,.T.);
#2271=ORIENTED_EDGE('',*,*,#1277,.F.);
#2272=ORIENTED_EDGE('',*,*,#1544,.T.);
#2273=ORIENTED_EDGE('',*,*,#1553,.T.);
#2274=CYLINDRICAL_SURFACE('',#2455,2.);
#2275=CYLINDRICAL_SURFACE('',#2458,2.05);
#2276=CYLINDRICAL_SURFACE('',#2463,2.05);
#2277=CYLINDRICAL_SURFACE('',#2467,2.05);
#2278=CYLINDRICAL_SURFACE('',#2469,1.85);
#2279=CYLINDRICAL_SURFACE('',#2472,3.85000000000001);
#2280=CYLINDRICAL_SURFACE('',#2477,3.85);
#2281=CYLINDRICAL_SURFACE('',#2482,3.8);
#2282=CYLINDRICAL_SURFACE('',#2487,1.8);
#2283=CYLINDRICAL_SURFACE('',#2491,1.8);
#2284=CYLINDRICAL_SURFACE('',#2495,1.8);
#2285=CYLINDRICAL_SURFACE('',#2499,1.8);
#2286=CYLINDRICAL_SURFACE('',#2500,1.8);
#2287=CYLINDRICAL_SURFACE('',#2503,1.8);
#2288=CYLINDRICAL_SURFACE('',#2513,2.05);
#2289=CYLINDRICAL_SURFACE('',#2518,3.375);
#2290=CYLINDRICAL_SURFACE('',#2524,3.375);
#2291=CYLINDRICAL_SURFACE('',#2530,3.375);
#2292=CYLINDRICAL_SURFACE('',#2536,1.375);
#2293=CYLINDRICAL_SURFACE('',#2542,1.375);
#2294=CYLINDRICAL_SURFACE('',#2550,2.);
#2295=CYLINDRICAL_SURFACE('',#2557,2.);
#2296=CYLINDRICAL_SURFACE('',#2561,2.);
#2297=CYLINDRICAL_SURFACE('',#2565,2.);
#2298=CYLINDRICAL_SURFACE('',#2566,2.);
#2299=CYLINDRICAL_SURFACE('',#2570,2.);
#2300=CYLINDRICAL_SURFACE('',#2575,2.);
#2301=CYLINDRICAL_SURFACE('',#2578,1.375);
#2302=CYLINDRICAL_SURFACE('',#2582,2.05);
#2303=CYLINDRICAL_SURFACE('',#2584,2.05);
#2304=CYLINDRICAL_SURFACE('',#2588,2.05);
#2305=CYLINDRICAL_SURFACE('',#2592,2.05);
#2306=CYLINDRICAL_SURFACE('',#2594,1.85);
#2307=CYLINDRICAL_SURFACE('',#2595,2.05);
#2308=CYLINDRICAL_SURFACE('',#2598,2.05);
#2309=CYLINDRICAL_SURFACE('',#2602,2.05);
#2310=CYLINDRICAL_SURFACE('',#2606,2.05);
#2311=CYLINDRICAL_SURFACE('',#2609,2.05);
#2312=CYLINDRICAL_SURFACE('',#2613,2.05);
#2313=CYLINDRICAL_SURFACE('',#2619,4.05);
#2314=CYLINDRICAL_SURFACE('',#2626,4.05);
#2315=CYLINDRICAL_SURFACE('',#2638,4.05);
#2316=CYLINDRICAL_SURFACE('',#2640,4.05);
#2317=CYLINDRICAL_SURFACE('',#2651,4.05);
#2318=CYLINDRICAL_SURFACE('',#2690,4.05);
#2319=ADVANCED_FACE('',(#129),#2274,.F.);
#2320=ADVANCED_FACE('',(#130),#2275,.F.);
#2321=ADVANCED_FACE('',(#131),#2276,.F.);
#2322=ADVANCED_FACE('',(#132),#2277,.F.);
#2323=ADVANCED_FACE('',(#133),#2278,.F.);
#2324=ADVANCED_FACE('',(#134),#2279,.T.);
#2325=ADVANCED_FACE('',(#135,#15),#35,.T.);
#2326=ADVANCED_FACE('',(#136,#16),#36,.T.);
#2327=ADVANCED_FACE('',(#137),#2280,.T.);
#2328=ADVANCED_FACE('',(#138,#17),#37,.T.);
#2329=ADVANCED_FACE('',(#139),#2281,.T.);
#2330=ADVANCED_FACE('',(#140,#18),#38,.T.);
#2331=ADVANCED_FACE('',(#141),#2282,.F.);
#2332=ADVANCED_FACE('',(#142),#2283,.F.);
#2333=ADVANCED_FACE('',(#143),#39,.F.);
#2334=ADVANCED_FACE('',(#144),#2284,.F.);
#2335=ADVANCED_FACE('',(#145),#2285,.F.);
#2336=ADVANCED_FACE('',(#146),#2286,.F.);
#2337=ADVANCED_FACE('',(#147),#2287,.F.);
#2338=ADVANCED_FACE('',(#148),#40,.T.);
#2339=ADVANCED_FACE('',(#149),#41,.T.);
#2340=ADVANCED_FACE('',(#150),#42,.T.);
#2341=ADVANCED_FACE('',(#151),#43,.T.);
#2342=ADVANCED_FACE('',(#152),#2288,.F.);
#2343=ADVANCED_FACE('',(#153),#2289,.T.);
#2344=ADVANCED_FACE('',(#154,#19),#44,.F.);
#2345=ADVANCED_FACE('',(#155),#45,.T.);
#2346=ADVANCED_FACE('',(#156),#2290,.T.);
#2347=ADVANCED_FACE('',(#157,#20),#46,.F.);
#2348=ADVANCED_FACE('',(#158),#47,.T.);
#2349=ADVANCED_FACE('',(#159),#2291,.T.);
#2350=ADVANCED_FACE('',(#160,#21),#48,.F.);
#2351=ADVANCED_FACE('',(#161),#49,.T.);
#2352=ADVANCED_FACE('',(#162),#2292,.F.);
#2353=ADVANCED_FACE('',(#163),#50,.F.);
#2354=ADVANCED_FACE('',(#164),#51,.T.);
#2355=ADVANCED_FACE('',(#165),#2293,.F.);
#2356=ADVANCED_FACE('',(#166),#52,.T.);
#2357=ADVANCED_FACE('',(#167),#53,.F.);
#2358=ADVANCED_FACE('',(#168),#54,.F.);
#2359=ADVANCED_FACE('',(#169),#2294,.F.);
#2360=ADVANCED_FACE('',(#170),#2295,.F.);
#2361=ADVANCED_FACE('',(#171),#2296,.F.);
#2362=ADVANCED_FACE('',(#172),#2297,.F.);
#2363=ADVANCED_FACE('',(#173),#2298,.F.);
#2364=ADVANCED_FACE('',(#174,#22),#2299,.F.);
#2365=ADVANCED_FACE('',(#175),#2300,.F.);
#2366=ADVANCED_FACE('',(#176),#55,.T.);
#2367=ADVANCED_FACE('',(#177),#2301,.F.);
#2368=ADVANCED_FACE('',(#178),#56,.F.);
#2369=ADVANCED_FACE('',(#179),#2302,.F.);
#2370=ADVANCED_FACE('',(#180),#2303,.F.);
#2371=ADVANCED_FACE('',(#181),#2304,.F.);
#2372=ADVANCED_FACE('',(#182,#23),#2305,.F.);
#2373=ADVANCED_FACE('',(#183),#2306,.F.);
#2374=ADVANCED_FACE('',(#184),#2307,.F.);
#2375=ADVANCED_FACE('',(#185),#2308,.F.);
#2376=ADVANCED_FACE('',(#186),#2309,.F.);
#2377=ADVANCED_FACE('',(#187),#2310,.F.);
#2378=ADVANCED_FACE('',(#188,#24,#25),#2311,.F.);
#2379=ADVANCED_FACE('',(#189),#2312,.F.);
#2380=ADVANCED_FACE('',(#190,#26),#57,.T.);
#2381=ADVANCED_FACE('',(#191,#27),#58,.T.);
#2382=ADVANCED_FACE('',(#192),#2313,.T.);
#2383=ADVANCED_FACE('',(#193),#59,.T.);
#2384=ADVANCED_FACE('',(#194),#60,.T.);
#2385=ADVANCED_FACE('',(#195),#2314,.T.);
#2386=ADVANCED_FACE('',(#196,#28),#61,.T.);
#2387=ADVANCED_FACE('',(#197),#62,.T.);
#2388=ADVANCED_FACE('',(#198),#63,.T.);
#2389=ADVANCED_FACE('',(#199,#29),#64,.T.);
#2390=ADVANCED_FACE('',(#200),#2315,.T.);
#2391=ADVANCED_FACE('',(#201),#2316,.T.);
#2392=ADVANCED_FACE('',(#202,#30),#65,.T.);
#2393=ADVANCED_FACE('',(#203,#31),#66,.T.);
#2394=ADVANCED_FACE('',(#204),#67,.T.);
#2395=ADVANCED_FACE('',(#205,#32),#68,.T.);
#2396=ADVANCED_FACE('',(#206),#2317,.T.);
#2397=ADVANCED_FACE('',(#207),#69,.T.);
#2398=ADVANCED_FACE('',(#208),#70,.T.);
#2399=ADVANCED_FACE('',(#209,#33),#71,.T.);
#2400=ADVANCED_FACE('',(#210),#72,.T.);
#2401=ADVANCED_FACE('',(#211),#73,.T.);
#2402=ADVANCED_FACE('',(#212),#74,.T.);
#2403=ADVANCED_FACE('',(#213),#75,.T.);
#2404=ADVANCED_FACE('',(#214),#76,.T.);
#2405=ADVANCED_FACE('',(#215),#77,.T.);
#2406=ADVANCED_FACE('',(#216),#78,.T.);
#2407=ADVANCED_FACE('',(#217),#79,.T.);
#2408=ADVANCED_FACE('',(#218),#80,.T.);
#2409=ADVANCED_FACE('',(#219),#81,.T.);
#2410=ADVANCED_FACE('',(#220),#82,.T.);
#2411=ADVANCED_FACE('',(#221),#83,.T.);
#2412=ADVANCED_FACE('',(#222),#84,.F.);
#2413=ADVANCED_FACE('',(#223),#85,.F.);
#2414=ADVANCED_FACE('',(#224),#86,.F.);
#2415=ADVANCED_FACE('',(#225),#87,.F.);
#2416=ADVANCED_FACE('',(#226),#88,.T.);
#2417=ADVANCED_FACE('',(#227),#89,.T.);
#2418=ADVANCED_FACE('',(#228),#90,.T.);
#2419=ADVANCED_FACE('',(#229),#91,.T.);
#2420=ADVANCED_FACE('',(#230),#92,.T.);
#2421=ADVANCED_FACE('',(#231),#93,.T.);
#2422=ADVANCED_FACE('',(#232),#94,.T.);
#2423=ADVANCED_FACE('',(#233),#95,.T.);
#2424=ADVANCED_FACE('',(#234),#96,.T.);
#2425=ADVANCED_FACE('',(#235),#97,.T.);
#2426=ADVANCED_FACE('',(#236),#98,.T.);
#2427=ADVANCED_FACE('',(#237),#99,.T.);
#2428=ADVANCED_FACE('',(#238),#100,.F.);
#2429=ADVANCED_FACE('',(#239),#2318,.T.);
#2430=ADVANCED_FACE('',(#240,#34),#101,.T.);
#2431=ADVANCED_FACE('',(#241),#102,.T.);
#2432=ADVANCED_FACE('',(#242),#103,.T.);
#2433=ADVANCED_FACE('',(#243),#104,.T.);
#2434=ADVANCED_FACE('',(#244),#105,.T.);
#2435=ADVANCED_FACE('',(#245),#106,.T.);
#2436=ADVANCED_FACE('',(#246),#107,.T.);
#2437=ADVANCED_FACE('',(#247),#108,.T.);
#2438=ADVANCED_FACE('',(#248),#109,.T.);
#2439=ADVANCED_FACE('',(#249),#110,.T.);
#2440=ADVANCED_FACE('',(#250),#111,.T.);
#2441=CLOSED_SHELL('',(#2319,#2320,#2321,#2322,#2323,#2324,#2325,#2326,
#2327,#2328,#2329,#2330,#2331,#2332,#2333,#2334,#2335,#2336,#2337,#2338,
#2339,#2340,#2341,#2342,#2343,#2344,#2345,#2346,#2347,#2348,#2349,#2350,
#2351,#2352,#2353,#2354,#2355,#2356,#2357,#2358,#2359,#2360,#2361,#2362,
#2363,#2364,#2365,#2366,#2367,#2368,#2369,#2370,#2371,#2372,#2373,#2374,
#2375,#2376,#2377,#2378,#2379,#2380,#2381,#2382,#2383,#2384,#2385,#2386,
#2387,#2388,#2389,#2390,#2391,#2392,#2393,#2394,#2395,#2396,#2397,#2398,
#2399,#2400,#2401,#2402,#2403,#2404,#2405,#2406,#2407,#2408,#2409,#2410,
#2411,#2412,#2413,#2414,#2415,#2416,#2417,#2418,#2419,#2420,#2421,#2422,
#2423,#2424,#2425,#2426,#2427,#2428,#2429,#2430,#2431,#2432,#2433,#2434,
#2435,#2436,#2437,#2438,#2439,#2440));
#2442=DERIVED_UNIT_ELEMENT(#2444,1.);
#2443=DERIVED_UNIT_ELEMENT(#4445,-3.);
#2444=(
MASS_UNIT()
NAMED_UNIT(*)
SI_UNIT(.KILO.,.GRAM.)
);
#2445=DERIVED_UNIT((#2442,#2443));
#2446=MEASURE_REPRESENTATION_ITEM('density measure',
POSITIVE_RATIO_MEASURE(7850.),#2445);
#2447=PROPERTY_DEFINITION_REPRESENTATION(#2452,#2449);
#2448=PROPERTY_DEFINITION_REPRESENTATION(#2453,#2450);
#2449=REPRESENTATION('material name',(#2451),#4442);
#2450=REPRESENTATION('density',(#2446),#4442);
#2451=DESCRIPTIVE_REPRESENTATION_ITEM('Steel','Steel');
#2452=PROPERTY_DEFINITION('material property','material name',#4452);
#2453=PROPERTY_DEFINITION('material property','density of part',#4452);
#2454=AXIS2_PLACEMENT_3D('',#3416,#2702,#2703);
#2455=AXIS2_PLACEMENT_3D('',#3417,#2704,#2705);
#2456=AXIS2_PLACEMENT_3D('',#3422,#2707,#2708);
#2457=AXIS2_PLACEMENT_3D('',#3423,#2709,#2710);
#2458=AXIS2_PLACEMENT_3D('',#3424,#2711,#2712);
#2459=AXIS2_PLACEMENT_3D('',#3427,#2713,#2714);
#2460=AXIS2_PLACEMENT_3D('',#3430,#2716,#2717);
#2461=AXIS2_PLACEMENT_3D('',#3432,#2718,#2719);
#2462=AXIS2_PLACEMENT_3D('',#3433,#2720,#2721);
#2463=AXIS2_PLACEMENT_3D('',#3434,#2722,#2723);
#2464=AXIS2_PLACEMENT_3D('',#3437,#2724,#2725);
#2465=AXIS2_PLACEMENT_3D('',#3440,#2727,#2728);
#2466=AXIS2_PLACEMENT_3D('',#3441,#2729,#2730);
#2467=AXIS2_PLACEMENT_3D('',#3442,#2731,#2732);
#2468=AXIS2_PLACEMENT_3D('',#3444,#2733,#2734);
#2469=AXIS2_PLACEMENT_3D('',#3512,#2737,#2738);
#2470=AXIS2_PLACEMENT_3D('',#3514,#2739,#2740);
#2471=AXIS2_PLACEMENT_3D('',#3517,#2742,#2743);
#2472=AXIS2_PLACEMENT_3D('',#3518,#2744,#2745);
#2473=AXIS2_PLACEMENT_3D('',#3520,#2746,#2747);
#2474=AXIS2_PLACEMENT_3D('',#3523,#2749,#2750);
#2475=AXIS2_PLACEMENT_3D('',#3524,#2751,#2752);
#2476=AXIS2_PLACEMENT_3D('',#3525,#2753,#2754);
#2477=AXIS2_PLACEMENT_3D('',#3534,#2759,#2760);
#2478=AXIS2_PLACEMENT_3D('',#3536,#2761,#2762);
#2479=AXIS2_PLACEMENT_3D('',#3539,#2764,#2765);
#2480=AXIS2_PLACEMENT_3D('',#3540,#2766,#2767);
#2481=AXIS2_PLACEMENT_3D('',#3542,#2768,#2769);
#2482=AXIS2_PLACEMENT_3D('',#3543,#2770,#2771);
#2483=AXIS2_PLACEMENT_3D('',#3545,#2772,#2773);
#2484=AXIS2_PLACEMENT_3D('',#3548,#2775,#2776);
#2485=AXIS2_PLACEMENT_3D('',#3549,#2777,#2778);
#2486=AXIS2_PLACEMENT_3D('',#3551,#2779,#2780);
#2487=AXIS2_PLACEMENT_3D('',#3552,#2781,#2782);
#2488=AXIS2_PLACEMENT_3D('',#3555,#2783,#2784);
#2489=AXIS2_PLACEMENT_3D('',#3604,#2786,#2787);
#2490=AXIS2_PLACEMENT_3D('',#3605,#2788,#2789);
#2491=AXIS2_PLACEMENT_3D('',#3606,#2790,#2791);
#2492=AXIS2_PLACEMENT_3D('',#3608,#2792,#2793);
#2493=AXIS2_PLACEMENT_3D('',#3610,#2795,#2796);
#2494=AXIS2_PLACEMENT_3D('',#3614,#2798,#2799);
#2495=AXIS2_PLACEMENT_3D('',#3615,#2800,#2801);
#2496=AXIS2_PLACEMENT_3D('',#3618,#2802,#2803);
#2497=AXIS2_PLACEMENT_3D('',#3664,#2805,#2806);
#2498=AXIS2_PLACEMENT_3D('',#3665,#2807,#2808);
#2499=AXIS2_PLACEMENT_3D('',#3666,#2809,#2810);
#2500=AXIS2_PLACEMENT_3D('',#3746,#2814,#2815);
#2501=AXIS2_PLACEMENT_3D('',#3749,#2816,#2817);
#2502=AXIS2_PLACEMENT_3D('',#3751,#2819,#2820);
#2503=AXIS2_PLACEMENT_3D('',#3752,#2821,#2822);
#2504=AXIS2_PLACEMENT_3D('',#3754,#2824,#2825);
#2505=AXIS2_PLACEMENT_3D('',#3755,#2826,#2827);
#2506=AXIS2_PLACEMENT_3D('',#3756,#2828,#2829);
#2507=AXIS2_PLACEMENT_3D('',#3765,#2834,#2835);
#2508=AXIS2_PLACEMENT_3D('',#3771,#2839,#2840);
#2509=AXIS2_PLACEMENT_3D('',#3785,#2847,#2848);
#2510=AXIS2_PLACEMENT_3D('',#3786,#2849,#2850);
#2511=AXIS2_PLACEMENT_3D('',#3794,#2854,#2855);
#2512=AXIS2_PLACEMENT_3D('',#3802,#2859,#2860);
#2513=AXIS2_PLACEMENT_3D('',#3812,#2866,#2867);
#2514=AXIS2_PLACEMENT_3D('',#3815,#2868,#2869);
#2515=AXIS2_PLACEMENT_3D('',#3817,#2870,#2871);
#2516=AXIS2_PLACEMENT_3D('',#3818,#2872,#2873);
#2517=AXIS2_PLACEMENT_3D('',#3821,#2875,#2876);
#2518=AXIS2_PLACEMENT_3D('',#3822,#2877,#2878);
#2519=AXIS2_PLACEMENT_3D('',#3824,#2879,#2880);
#2520=AXIS2_PLACEMENT_3D('',#3826,#2882,#2883);
#2521=AXIS2_PLACEMENT_3D('',#3827,#2884,#2885);
#2522=AXIS2_PLACEMENT_3D('',#3829,#2886,#2887);
#2523=AXIS2_PLACEMENT_3D('',#3830,#2888,#2889);
#2524=AXIS2_PLACEMENT_3D('',#3836,#2893,#2894);
#2525=AXIS2_PLACEMENT_3D('',#3838,#2895,#2896);
#2526=AXIS2_PLACEMENT_3D('',#3840,#2898,#2899);
#2527=AXIS2_PLACEMENT_3D('',#3841,#2900,#2901);
#2528=AXIS2_PLACEMENT_3D('',#3843,#2902,#2903);
#2529=AXIS2_PLACEMENT_3D('',#3844,#2904,#2905);
#2530=AXIS2_PLACEMENT_3D('',#3862,#2915,#2916);
#2531=AXIS2_PLACEMENT_3D('',#3864,#2917,#2918);
#2532=AXIS2_PLACEMENT_3D('',#3866,#2920,#2921);
#2533=AXIS2_PLACEMENT_3D('',#3868,#2922,#2923);
#2534=AXIS2_PLACEMENT_3D('',#3869,#2924,#2925);
#2535=AXIS2_PLACEMENT_3D('',#3873,#2927,#2928);
#2536=AXIS2_PLACEMENT_3D('',#3874,#2929,#2930);
#2537=AXIS2_PLACEMENT_3D('',#3901,#2934,#2935);
#2538=AXIS2_PLACEMENT_3D('',#3903,#2936,#2937);
#2539=AXIS2_PLACEMENT_3D('',#3904,#2938,#2939);
#2540=AXIS2_PLACEMENT_3D('',#3905,#2940,#2941);
#2541=AXIS2_PLACEMENT_3D('',#3909,#2943,#2944);
#2542=AXIS2_PLACEMENT_3D('',#3910,#2945,#2946);
#2543=AXIS2_PLACEMENT_3D('',#3934,#2950,#2951);
#2544=AXIS2_PLACEMENT_3D('',#3936,#2952,#2953);
#2545=AXIS2_PLACEMENT_3D('',#3937,#2954,#2955);
#2546=AXIS2_PLACEMENT_3D('',#3938,#2956,#2957);
#2547=AXIS2_PLACEMENT_3D('',#3941,#2959,#2960);
#2548=AXIS2_PLACEMENT_3D('',#3942,#2961,#2962);
#2549=AXIS2_PLACEMENT_3D('',#3946,#2964,#2965);
#2550=AXIS2_PLACEMENT_3D('',#3947,#2966,#2967);
#2551=AXIS2_PLACEMENT_3D('',#3950,#2968,#2969);
#2552=AXIS2_PLACEMENT_3D('',#3954,#2971,#2972);
#2553=AXIS2_PLACEMENT_3D('',#3956,#2973,#2974);
#2554=AXIS2_PLACEMENT_3D('',#3958,#2975,#2976);
#2555=AXIS2_PLACEMENT_3D('',#3959,#2977,#2978);
#2556=AXIS2_PLACEMENT_3D('',#3960,#2979,#2980);
#2557=AXIS2_PLACEMENT_3D('',#3961,#2981,#2982);
#2558=AXIS2_PLACEMENT_3D('',#3964,#2983,#2984);
#2559=AXIS2_PLACEMENT_3D('',#3967,#2986,#2987);
#2560=AXIS2_PLACEMENT_3D('',#3968,#2988,#2989);
#2561=AXIS2_PLACEMENT_3D('',#3969,#2990,#2991);
#2562=AXIS2_PLACEMENT_3D('',#3972,#2992,#2993);
#2563=AXIS2_PLACEMENT_3D('',#3975,#2995,#2996);
#2564=AXIS2_PLACEMENT_3D('',#3976,#2997,#2998);
#2565=AXIS2_PLACEMENT_3D('',#3977,#2999,#3000);
#2566=AXIS2_PLACEMENT_3D('',#3979,#3002,#3003);
#2567=AXIS2_PLACEMENT_3D('',#3982,#3005,#3006);
#2568=AXIS2_PLACEMENT_3D('',#3983,#3007,#3008);
#2569=AXIS2_PLACEMENT_3D('',#3984,#3009,#3010);
#2570=AXIS2_PLACEMENT_3D('',#3985,#3011,#3012);
#2571=AXIS2_PLACEMENT_3D('',#3988,#3013,#3014);
#2572=AXIS2_PLACEMENT_3D('',#3991,#3016,#3017);
#2573=AXIS2_PLACEMENT_3D('',#3993,#3018,#3019);
#2574=AXIS2_PLACEMENT_3D('',#3994,#3020,#3021);
#2575=AXIS2_PLACEMENT_3D('',#3995,#3022,#3023);
#2576=AXIS2_PLACEMENT_3D('',#3997,#3025,#3026);
#2577=AXIS2_PLACEMENT_3D('',#4001,#3028,#3029);
#2578=AXIS2_PLACEMENT_3D('',#4002,#3030,#3031);
#2579=AXIS2_PLACEMENT_3D('',#4026,#3035,#3036);
#2580=AXIS2_PLACEMENT_3D('',#4028,#3037,#3038);
#2581=AXIS2_PLACEMENT_3D('',#4029,#3039,#3040);
#2582=AXIS2_PLACEMENT_3D('',#4030,#3041,#3042);
#2583=AXIS2_PLACEMENT_3D('',#4033,#3044,#3045);
#2584=AXIS2_PLACEMENT_3D('',#4034,#3046,#3047);
#2585=AXIS2_PLACEMENT_3D('',#4037,#3048,#3049);
#2586=AXIS2_PLACEMENT_3D('',#4041,#3052,#3053);
#2587=AXIS2_PLACEMENT_3D('',#4042,#3054,#3055);
#2588=AXIS2_PLACEMENT_3D('',#4043,#3056,#3057);
#2589=AXIS2_PLACEMENT_3D('',#4046,#3058,#3059);
#2590=AXIS2_PLACEMENT_3D('',#4049,#3061,#3062);
#2591=AXIS2_PLACEMENT_3D('',#4050,#3063,#3064);
#2592=AXIS2_PLACEMENT_3D('',#4051,#3065,#3066);
#2593=AXIS2_PLACEMENT_3D('',#4053,#3067,#3068);
#2594=AXIS2_PLACEMENT_3D('',#4055,#3070,#3071);
#2595=AXIS2_PLACEMENT_3D('',#4103,#3073,#3074);
#2596=AXIS2_PLACEMENT_3D('',#4106,#3075,#3076);
#2597=AXIS2_PLACEMENT_3D('',#4108,#3078,#3079);
#2598=AXIS2_PLACEMENT_3D('',#4109,#3080,#3081);
#2599=AXIS2_PLACEMENT_3D('',#4112,#3082,#3083);
#2600=AXIS2_PLACEMENT_3D('',#4115,#3085,#3086);
#2601=AXIS2_PLACEMENT_3D('',#4116,#3087,#3088);
#2602=AXIS2_PLACEMENT_3D('',#4117,#3089,#3090);
#2603=AXIS2_PLACEMENT_3D('',#4120,#3091,#3092);
#2604=AXIS2_PLACEMENT_3D('',#4123,#3094,#3095);
#2605=AXIS2_PLACEMENT_3D('',#4124,#3096,#3097);
#2606=AXIS2_PLACEMENT_3D('',#4125,#3098,#3099);
#2607=AXIS2_PLACEMENT_3D('',#4128,#3100,#3101);
#2608=AXIS2_PLACEMENT_3D('',#4130,#3103,#3104);
#2609=AXIS2_PLACEMENT_3D('',#4131,#3105,#3106);
#2610=AXIS2_PLACEMENT_3D('',#4134,#3107,#3108);
#2611=AXIS2_PLACEMENT_3D('',#4137,#3110,#3111);
#2612=AXIS2_PLACEMENT_3D('',#4138,#3112,#3113);
#2613=AXIS2_PLACEMENT_3D('',#4139,#3114,#3115);
#2614=AXIS2_PLACEMENT_3D('',#4141,#3116,#3117);
#2615=AXIS2_PLACEMENT_3D('',#4143,#3119,#3120);
#2616=AXIS2_PLACEMENT_3D('',#4145,#3121,#3122);
#2617=AXIS2_PLACEMENT_3D('',#4146,#3123,#3124);
#2618=AXIS2_PLACEMENT_3D('',#4148,#3125,#3126);
#2619=AXIS2_PLACEMENT_3D('',#4149,#3127,#3128);
#2620=AXIS2_PLACEMENT_3D('',#4153,#3130,#3131);
#2621=AXIS2_PLACEMENT_3D('',#4155,#3132,#3133);
#2622=AXIS2_PLACEMENT_3D('',#4156,#3134,#3135);
#2623=AXIS2_PLACEMENT_3D('',#4157,#3136,#3137);
#2624=AXIS2_PLACEMENT_3D('',#4160,#3138,#3139);
#2625=AXIS2_PLACEMENT_3D('',#4163,#3142,#3143);
#2626=AXIS2_PLACEMENT_3D('',#4173,#3149,#3150);
#2627=AXIS2_PLACEMENT_3D('',#4175,#3151,#3152);
#2628=AXIS2_PLACEMENT_3D('',#4179,#3154,#3155);
#2629=AXIS2_PLACEMENT_3D('',#4181,#3156,#3157);
#2630=AXIS2_PLACEMENT_3D('',#4182,#3158,#3159);
#2631=AXIS2_PLACEMENT_3D('',#4183,#3160,#3161);
#2632=AXIS2_PLACEMENT_3D('',#4184,#3162,#3163);
#2633=AXIS2_PLACEMENT_3D('',#4198,#3171,#3172);
#2634=AXIS2_PLACEMENT_3D('',#4202,#3174,#3175);
#2635=AXIS2_PLACEMENT_3D('',#4204,#3176,#3177);
#2636=AXIS2_PLACEMENT_3D('',#4206,#3179,#3180);
#2637=AXIS2_PLACEMENT_3D('',#4208,#3181,#3182);
#2638=AXIS2_PLACEMENT_3D('',#4209,#3183,#3184);
#2639=AXIS2_PLACEMENT_3D('',#4214,#3187,#3188);
#2640=AXIS2_PLACEMENT_3D('',#4216,#3190,#3191);
#2641=AXIS2_PLACEMENT_3D('',#4218,#3192,#3193);
#2642=AXIS2_PLACEMENT_3D('',#4222,#3195,#3196);
#2643=AXIS2_PLACEMENT_3D('',#4223,#3197,#3198);
#2644=AXIS2_PLACEMENT_3D('',#4224,#3199,#3200);
#2645=AXIS2_PLACEMENT_3D('',#4225,#3201,#3202);
#2646=AXIS2_PLACEMENT_3D('',#4226,#3203,#3204);
#2647=AXIS2_PLACEMENT_3D('',#4230,#3207,#3208);
#2648=AXIS2_PLACEMENT_3D('',#4232,#3209,#3210);
#2649=AXIS2_PLACEMENT_3D('',#4234,#3212,#3213);
#2650=AXIS2_PLACEMENT_3D('',#4236,#3214,#3215);
#2651=AXIS2_PLACEMENT_3D('',#4237,#3216,#3217);
#2652=AXIS2_PLACEMENT_3D('',#4241,#3219,#3220);
#2653=AXIS2_PLACEMENT_3D('',#4245,#3222,#3223);
#2654=AXIS2_PLACEMENT_3D('',#4248,#3225,#3226);
#2655=AXIS2_PLACEMENT_3D('',#4251,#3228,#3229);
#2656=AXIS2_PLACEMENT_3D('',#4252,#3230,#3231);
#2657=AXIS2_PLACEMENT_3D('',#4261,#3236,#3237);
#2658=AXIS2_PLACEMENT_3D('',#4264,#3240,#3241);
#2659=AXIS2_PLACEMENT_3D('',#4265,#3242,#3243);
#2660=AXIS2_PLACEMENT_3D('',#4272,#3248,#3249);
#2661=AXIS2_PLACEMENT_3D('',#4278,#3253,#3254);
#2662=AXIS2_PLACEMENT_3D('',#4284,#3258,#3259);
#2663=AXIS2_PLACEMENT_3D('',#4288,#3262,#3263);
#2664=AXIS2_PLACEMENT_3D('',#4290,#3265,#3266);
#2665=AXIS2_PLACEMENT_3D('',#4303,#3275,#3276);
#2666=AXIS2_PLACEMENT_3D('',#4306,#3279,#3280);
#2667=AXIS2_PLACEMENT_3D('',#4314,#3285,#3286);
#2668=AXIS2_PLACEMENT_3D('',#4316,#3288,#3289);
#2669=AXIS2_PLACEMENT_3D('',#4317,#3290,#3291);
#2670=AXIS2_PLACEMENT_3D('',#4321,#3294,#3295);
#2671=AXIS2_PLACEMENT_3D('',#4325,#3298,#3299);
#2672=AXIS2_PLACEMENT_3D('',#4331,#3303,#3304);
#2673=AXIS2_PLACEMENT_3D('',#4337,#3308,#3309);
#2674=AXIS2_PLACEMENT_3D('',#4343,#3313,#3314);
#2675=AXIS2_PLACEMENT_3D('',#4347,#3317,#3318);
#2676=AXIS2_PLACEMENT_3D('',#4349,#3320,#3321);
#2677=AXIS2_PLACEMENT_3D('',#4353,#3324,#3325);
#2678=AXIS2_PLACEMENT_3D('',#4357,#3328,#3329);
#2679=AXIS2_PLACEMENT_3D('',#4359,#3331,#3332);
#2680=AXIS2_PLACEMENT_3D('',#4372,#3340,#3341);
#2681=AXIS2_PLACEMENT_3D('',#4376,#3344,#3345);
#2682=AXIS2_PLACEMENT_3D('',#4381,#3349,#3350);
#2683=AXIS2_PLACEMENT_3D('',#4390,#3356,#3357);
#2684=AXIS2_PLACEMENT_3D('',#4393,#3360,#3361);
#2685=AXIS2_PLACEMENT_3D('',#4394,#3362,#3363);
#2686=AXIS2_PLACEMENT_3D('',#4395,#3364,#3365);
#2687=AXIS2_PLACEMENT_3D('',#4399,#3368,#3369);
#2688=AXIS2_PLACEMENT_3D('',#4403,#3371,#3372);
#2689=AXIS2_PLACEMENT_3D('',#4404,#3373,#3374);
#2690=AXIS2_PLACEMENT_3D('',#4405,#3375,#3376);
#2691=AXIS2_PLACEMENT_3D('',#4408,#3379,#3380);
#2692=AXIS2_PLACEMENT_3D('',#4409,#3381,#3382);
#2693=AXIS2_PLACEMENT_3D('',#4411,#3384,#3385);
#2694=AXIS2_PLACEMENT_3D('',#4415,#3388,#3389);
#2695=AXIS2_PLACEMENT_3D('',#4419,#3392,#3393);
#2696=AXIS2_PLACEMENT_3D('',#4425,#3397,#3398);
#2697=AXIS2_PLACEMENT_3D('',#4429,#3401,#3402);
#2698=AXIS2_PLACEMENT_3D('',#4433,#3405,#3406);
#2699=AXIS2_PLACEMENT_3D('',#4435,#3408,#3409);
#2700=AXIS2_PLACEMENT_3D('',#4437,#3411,#3412);
#2701=AXIS2_PLACEMENT_3D('',#4439,#3414,#3415);
#2702=DIRECTION('axis',(0.,0.,1.));
#2703=DIRECTION('refdir',(1.,0.,0.));
#2704=DIRECTION('center_axis',(1.71056941445901E-49,1.26601099898547E-50,
-1.));
#2705=DIRECTION('ref_axis',(-5.8741958974876E-17,-1.,-2.7285161705923E-84));
#2706=DIRECTION('',(1.71056941445901E-49,1.26601099898547E-50,-1.));
#2707=DIRECTION('center_axis',(-0.707106781186548,-3.92523114670943E-16,
0.707106781186548));
#2708=DIRECTION('ref_axis',(-0.707106781186548,2.25394132252456E-16,-0.707106781186548));
#2709=DIRECTION('center_axis',(8.2438732823883E-21,-4.44085357041257E-16,
1.));
#2710=DIRECTION('ref_axis',(-0.999987624298452,0.00497506280745488,6.68343186486211E-16));
#2711=DIRECTION('center_axis',(-1.11532284520974E-29,1.,0.));
#2712=DIRECTION('ref_axis',(-1.,1.42118422748282E-46,3.33964507044496E-15));
#2713=DIRECTION('center_axis',(-0.707106781186548,-0.707106781186548,0.));
#2714=DIRECTION('ref_axis',(-0.707106781186547,0.707106781186547,2.36148567606785E-15));
#2715=DIRECTION('',(-1.11532284520974E-29,1.,0.));
#2716=DIRECTION('center_axis',(0.,-1.,0.));
#2717=DIRECTION('ref_axis',(-1.,1.42118422748282E-46,3.33964507044496E-15));
#2718=DIRECTION('center_axis',(-0.707106781186548,-0.707106781186548,0.));
#2719=DIRECTION('ref_axis',(-0.707106781186547,0.707106781186547,2.36148567606785E-15));
#2720=DIRECTION('center_axis',(-0.707106781186548,-0.707106781186547,0.));
#2721=DIRECTION('ref_axis',(-0.707106781186547,0.707106781186548,2.36148567606785E-15));
#2722=DIRECTION('center_axis',(1.,1.11532284520974E-29,0.));
#2723=DIRECTION('ref_axis',(1.42118422748282E-46,1.,3.33964507044496E-15));
#2724=DIRECTION('center_axis',(-0.707106757587749,0.707106804785345,2.36148559725625E-15));
#2725=DIRECTION('ref_axis',(0.707106804785346,0.707106757587749,2.36148559725624E-15));
#2726=DIRECTION('',(1.,1.11532284520974E-29,0.));
#2727=DIRECTION('center_axis',(-0.707106757587749,0.707106804785345,2.36148559725625E-15));
#2728=DIRECTION('ref_axis',(0.707106804785346,0.707106757587749,2.36148559725624E-15));
#2729=DIRECTION('center_axis',(-0.707106757587749,0.707106804785345,3.06359514357782E-15));
#2730=DIRECTION('ref_axis',(0.707106804785345,0.707106757587749,2.36148559725624E-15));
#2731=DIRECTION('center_axis',(-6.67474812676046E-8,-0.999999999999998,
-3.33964484753207E-15));
#2732=DIRECTION('ref_axis',(0.999999999999998,-6.67474812676046E-8,-4.25549509712999E-32));
#2733=DIRECTION('center_axis',(0.,-1.,0.));
#2734=DIRECTION('ref_axis',(1.,0.,2.22912881858544E-22));
#2735=DIRECTION('',(-6.67474812676046E-8,-0.999999999999998,-3.33964484753207E-15));
#2736=DIRECTION('',(-6.67474812676046E-8,-0.999999999999998,-3.33964484753207E-15));
#2737=DIRECTION('center_axis',(0.,1.,0.));
#2738=DIRECTION('ref_axis',(-1.,0.,0.));
#2739=DIRECTION('center_axis',(0.,-1.,0.));
#2740=DIRECTION('ref_axis',(-1.,0.,0.));
#2741=DIRECTION('',(0.,-1.,0.));
#2742=DIRECTION('center_axis',(0.,1.,2.74129141882755E-16));
#2743=DIRECTION('ref_axis',(-1.,0.,0.));
#2744=DIRECTION('center_axis',(0.,1.,0.));
#2745=DIRECTION('ref_axis',(-1.,0.,0.));
#2746=DIRECTION('center_axis',(0.,1.,0.));
#2747=DIRECTION('ref_axis',(-1.,0.,0.));
#2748=DIRECTION('',(0.,-1.,0.));
#2749=DIRECTION('center_axis',(0.,-1.,-2.74129141882755E-16));
#2750=DIRECTION('ref_axis',(-1.,0.,0.));
#2751=DIRECTION('center_axis',(0.,1.,0.));
#2752=DIRECTION('ref_axis',(-1.,0.,0.));
#2753=DIRECTION('center_axis',(0.,1.,2.74129141882755E-16));
#2754=DIRECTION('ref_axis',(0.,-2.74129141882755E-16,1.));
#2755=DIRECTION('',(0.,-2.74129141882755E-16,1.));
#2756=DIRECTION('',(-1.,-9.23262390540671E-17,2.76978717162201E-16));
#2757=DIRECTION('',(0.,-2.74129141882755E-16,1.));
#2758=DIRECTION('',(1.,2.30815597635168E-16,1.84652478108134E-16));
#2759=DIRECTION('center_axis',(-5.55111512312578E-17,0.,1.));
#2760=DIRECTION('ref_axis',(-1.,0.,-5.55111512312578E-17));
#2761=DIRECTION('center_axis',(-3.13622323340445E-17,0.,1.));
#2762=DIRECTION('ref_axis',(-1.,0.,-3.13622323340445E-17));
#2763=DIRECTION('',(5.55111512312578E-17,0.,-1.));
#2764=DIRECTION('center_axis',(3.75922017367434E-17,0.,-1.));
#2765=DIRECTION('ref_axis',(-1.,0.,-5.55111512312578E-17));
#2766=DIRECTION('center_axis',(-3.13622323340445E-17,0.,1.));
#2767=DIRECTION('ref_axis',(-1.,0.,-3.13622323340445E-17));
#2768=DIRECTION('center_axis',(3.13622323340445E-17,0.,-1.));
#2769=DIRECTION('ref_axis',(-1.,0.,-3.13622323340445E-17));
#2770=DIRECTION('center_axis',(0.,1.,0.));
#2771=DIRECTION('ref_axis',(-1.,0.,0.));
#2772=DIRECTION('center_axis',(0.,1.,0.));
#2773=DIRECTION('ref_axis',(-1.,0.,0.));
#2774=DIRECTION('',(0.,-1.,0.));
#2775=DIRECTION('center_axis',(0.,-1.,0.));
#2776=DIRECTION('ref_axis',(-1.,0.,0.));
#2777=DIRECTION('center_axis',(0.,1.,0.));
#2778=DIRECTION('ref_axis',(-1.,0.,0.));
#2779=DIRECTION('center_axis',(0.,-1.,0.));
#2780=DIRECTION('ref_axis',(-1.,0.,0.));
#2781=DIRECTION('center_axis',(1.,0.,0.));
#2782=DIRECTION('ref_axis',(0.,1.,-2.74129141882755E-16));
#2783=DIRECTION('center_axis',(-0.707106781186548,0.707106781186548,-1.93838575146145E-16));
#2784=DIRECTION('ref_axis',(0.707106781186548,0.707106781186548,-1.93838575146145E-16));
#2785=DIRECTION('',(1.,0.,0.));
#2786=DIRECTION('center_axis',(-0.707106781186548,0.707106781186548,-1.93838575146145E-16));
#2787=DIRECTION('ref_axis',(0.707106781186548,0.707106781186548,-1.93838575146145E-16));
#2788=DIRECTION('center_axis',(-0.707106781186548,0.707106781186548,0.));
#2789=DIRECTION('ref_axis',(0.707106781186548,0.707106781186548,-1.93838575146145E-16));
#2790=DIRECTION('center_axis',(0.,-1.,2.74129141882755E-16));
#2791=DIRECTION('ref_axis',(1.,0.,0.));
#2792=DIRECTION('center_axis',(0.,-1.,-2.74129141882755E-16));
#2793=DIRECTION('ref_axis',(1.,0.,0.));
#2794=DIRECTION('',(0.,-1.,2.74129141882755E-16));
#2795=DIRECTION('center_axis',(-1.,0.,-5.48258283765509E-16));
#2796=DIRECTION('ref_axis',(0.,-1.,0.));
#2797=DIRECTION('',(5.48258283765509E-16,0.,-1.));
#2798=DIRECTION('center_axis',(-1.,0.,-5.48258283765509E-16));
#2799=DIRECTION('ref_axis',(2.86393535375395E-32,0.,1.));
#2800=DIRECTION('center_axis',(-1.,0.,2.86393535375395E-32));
#2801=DIRECTION('ref_axis',(2.86393535375395E-32,0.,1.));
#2802=DIRECTION('center_axis',(0.707106781186548,0.,-0.707106781186548));
#2803=DIRECTION('ref_axis',(0.707106781186548,0.,0.707106781186548));
#2804=DIRECTION('',(-1.,0.,2.86393535375395E-32));
#2805=DIRECTION('center_axis',(0.707106781186548,0.,-0.707106781186548));
#2806=DIRECTION('ref_axis',(0.707106781186548,0.,0.707106781186548));
#2807=DIRECTION('center_axis',(0.707106781186548,0.,-0.707106781186548));
#2808=DIRECTION('ref_axis',(0.707106781186548,0.,0.707106781186548));
#2809=DIRECTION('center_axis',(-1.,0.,2.86393535375395E-32));
#2810=DIRECTION('ref_axis',(2.86393535375395E-32,0.,1.));
#2811=DIRECTION('',(-1.,0.,2.86393535375395E-32));
#2812=DIRECTION('',(1.,0.,-2.86393535375395E-32));
#2813=DIRECTION('',(-1.,0.,2.86393535375395E-32));
#2814=DIRECTION('center_axis',(0.,0.,1.));
#2815=DIRECTION('ref_axis',(1.,0.,0.));
#2816=DIRECTION('center_axis',(0.,0.707106781186548,-0.707106781186547));
#2817=DIRECTION('ref_axis',(0.,-0.707106781186547,-0.707106781186548));
#2818=DIRECTION('',(0.,0.,1.));
#2819=DIRECTION('center_axis',(0.,0.707106781186548,-0.707106781186548));
#2820=DIRECTION('ref_axis',(0.,0.707106781186548,0.707106781186548));
#2821=DIRECTION('center_axis',(0.,-1.,-5.48258283765509E-16));
#2822=DIRECTION('ref_axis',(1.,0.,0.));
#2823=DIRECTION('',(0.,-1.,-5.48258283765509E-16));
#2824=DIRECTION('center_axis',(0.,1.,0.));
#2825=DIRECTION('ref_axis',(0.,0.,1.));
#2826=DIRECTION('center_axis',(0.,1.,0.));
#2827=DIRECTION('ref_axis',(-1.,0.,0.));
#2828=DIRECTION('center_axis',(-1.,0.,0.));
#2829=DIRECTION('ref_axis',(0.,0.,1.));
#2830=DIRECTION('',(0.,-1.,0.));
#2831=DIRECTION('',(0.,0.,1.));
#2832=DIRECTION('',(0.,1.,0.));
#2833=DIRECTION('',(0.,0.,-1.));
#2834=DIRECTION('center_axis',(0.,0.,-1.));
#2835=DIRECTION('ref_axis',(-1.,0.,0.));
#2836=DIRECTION('',(-1.,0.,0.));
#2837=DIRECTION('',(0.,-1.,0.));
#2838=DIRECTION('',(1.,0.,0.));
#2839=DIRECTION('center_axis',(6.40451701543211E-17,0.,-1.));
#2840=DIRECTION('ref_axis',(-1.,0.,-6.40451701543211E-17));
#2841=DIRECTION('',(1.,0.,1.11022302462516E-16));
#2842=DIRECTION('',(0.,-1.,0.));
#2843=DIRECTION('',(1.,0.,1.11022302462516E-16));
#2844=DIRECTION('',(0.,1.,0.));
#2845=DIRECTION('',(-1.,0.,0.));
#2846=DIRECTION('',(0.,1.,0.));
#2847=DIRECTION('center_axis',(-6.40451701543211E-17,0.,1.));
#2848=DIRECTION('ref_axis',(-1.,0.,0.));
#2849=DIRECTION('center_axis',(-6.40451701543211E-17,0.,1.));
#2850=DIRECTION('ref_axis',(-1.,0.,0.));
#2851=DIRECTION('',(0.,1.,0.));
#2852=DIRECTION('',(1.,0.,1.11022302462516E-16));
#2853=DIRECTION('',(0.,-1.,0.));
#2854=DIRECTION('center_axis',(-6.40451701543211E-17,0.,1.));
#2855=DIRECTION('ref_axis',(-1.,0.,0.));
#2856=DIRECTION('',(0.,1.,0.));
#2857=DIRECTION('',(1.,0.,1.11022302462516E-16));
#2858=DIRECTION('',(0.,-1.,0.));
#2859=DIRECTION('center_axis',(-6.40451701543211E-17,0.,1.));
#2860=DIRECTION('ref_axis',(-1.,0.,0.));
#2861=DIRECTION('',(0.,1.,0.));
#2862=DIRECTION('',(1.,0.,1.11022302462516E-16));
#2863=DIRECTION('',(0.,1.,0.));
#2864=DIRECTION('',(-1.,0.,-1.11022302462516E-16));
#2865=DIRECTION('',(-1.,0.,-1.11022302462516E-16));
#2866=DIRECTION('center_axis',(0.,1.,-1.75412637622859E-16));
#2867=DIRECTION('ref_axis',(-1.,0.,0.));
#2868=DIRECTION('center_axis',(-0.707106781186548,0.707106781186548,-1.24035465568942E-16));
#2869=DIRECTION('ref_axis',(-0.707106781186548,-0.707106781186548,1.24035465568942E-16));
#2870=DIRECTION('center_axis',(0.707106781186548,0.707106781186548,-1.24035465568942E-16));
#2871=DIRECTION('ref_axis',(-0.707106781186548,0.707106781186548,-1.24035465568942E-16));
#2872=DIRECTION('center_axis',(-0.707106781186548,0.707106781186548,-1.24035465568942E-16));
#2873=DIRECTION('ref_axis',(-0.707106781186548,-0.707106781186548,1.24035465568942E-16));
#2874=DIRECTION('',(0.,1.,-1.75412637622859E-16));
#2875=DIRECTION('center_axis',(0.,-1.,0.));
#2876=DIRECTION('ref_axis',(-1.,0.,0.));
#2877=DIRECTION('center_axis',(0.,0.,-1.));
#2878=DIRECTION('ref_axis',(-1.,0.,0.));
#2879=DIRECTION('center_axis',(0.,0.,-1.));
#2880=DIRECTION('ref_axis',(-1.,0.,0.));
#2881=DIRECTION('',(0.,0.,1.));
#2882=DIRECTION('center_axis',(-6.40451701543211E-17,0.,1.));
#2883=DIRECTION('ref_axis',(-1.,0.,0.));
#2884=DIRECTION('center_axis',(0.,0.,1.));
#2885=DIRECTION('ref_axis',(-1.,0.,0.));
#2886=DIRECTION('center_axis',(0.,0.,1.));
#2887=DIRECTION('ref_axis',(-1.,0.,0.));
#2888=DIRECTION('center_axis',(6.40451701543211E-17,0.,-1.));
#2889=DIRECTION('ref_axis',(-1.,0.,-6.40451701543211E-17));
#2890=DIRECTION('',(0.,-1.,0.));
#2891=DIRECTION('',(1.,0.,6.40451701543211E-17));
#2892=DIRECTION('',(0.,1.,0.));
#2893=DIRECTION('center_axis',(0.,0.,-1.));
#2894=DIRECTION('ref_axis',(-1.,0.,0.));
#2895=DIRECTION('center_axis',(0.,0.,-1.));
#2896=DIRECTION('ref_axis',(-1.,0.,0.));
#2897=DIRECTION('',(0.,0.,1.));
#2898=DIRECTION('center_axis',(-6.40451701543211E-17,0.,1.));
#2899=DIRECTION('ref_axis',(-1.,0.,0.));
#2900=DIRECTION('center_axis',(0.,0.,1.));
#2901=DIRECTION('ref_axis',(-1.,0.,0.));
#2902=DIRECTION('center_axis',(0.,0.,1.));
#2903=DIRECTION('ref_axis',(-1.,0.,0.));
#2904=DIRECTION('center_axis',(6.40451701543211E-17,0.,-1.));
#2905=DIRECTION('ref_axis',(-1.,0.,-6.40451701543211E-17));
#2906=DIRECTION('',(1.,0.,0.));
#2907=DIRECTION('',(-6.32155458861299E-16,-1.,0.));
#2908=DIRECTION('',(-1.,0.,0.));
#2909=DIRECTION('',(0.,1.,0.));
#2910=DIRECTION('',(1.,0.,6.40451701543211E-17));
#2911=DIRECTION('',(0.,-1.,0.));
#2912=DIRECTION('',(1.,0.,0.));
#2913=DIRECTION('',(6.32155458861299E-16,1.,0.));
#2914=DIRECTION('',(1.,0.,0.));
#2915=DIRECTION('center_axis',(0.,0.,-1.));
#2916=DIRECTION('ref_axis',(-1.,0.,0.));
#2917=DIRECTION('center_axis',(0.,0.,-1.));
#2918=DIRECTION('ref_axis',(-1.,0.,0.));
#2919=DIRECTION('',(0.,0.,1.));
#2920=DIRECTION('center_axis',(0.,0.,1.));
#2921=DIRECTION('ref_axis',(-1.,0.,0.));
#2922=DIRECTION('center_axis',(0.,0.,1.));
#2923=DIRECTION('ref_axis',(-1.,0.,0.));
#2924=DIRECTION('center_axis',(5.55111512312578E-17,0.,-1.));
#2925=DIRECTION('ref_axis',(-1.,0.,-5.55111512312578E-17));
#2926=DIRECTION('',(-4.95960649035426E-33,1.,-2.75313465933583E-49));
#2927=DIRECTION('center_axis',(5.55111512312578E-17,0.,-1.));
#2928=DIRECTION('ref_axis',(-1.,0.,-5.55111512312578E-17));
#2929=DIRECTION('center_axis',(5.55111512312578E-17,0.,-1.));
#2930=DIRECTION('ref_axis',(-1.,0.,-5.55111512312578E-17));
#2931=DIRECTION('',(-5.55111512312578E-17,0.,1.));
#2932=DIRECTION('',(5.55111512312578E-17,0.,-1.));
#2933=DIRECTION('',(5.55111512312578E-17,0.,-1.));
#2934=DIRECTION('center_axis',(-1.,-4.95960649035426E-33,2.95822839457879E-31));
#2935=DIRECTION('ref_axis',(-4.93038065763132E-32,-1.71994679766748E-15,
-1.));
#2936=DIRECTION('center_axis',(-1.,-4.95960649035426E-33,2.95822839457879E-31));
#2937=DIRECTION('ref_axis',(-1.23259516440783E-32,-1.,1.71994679766748E-15));
#2938=DIRECTION('center_axis',(-1.,-4.95960649035426E-33,2.95822839457879E-31));
#2939=DIRECTION('ref_axis',(-1.23259516440783E-32,-1.,1.71994679766748E-15));
#2940=DIRECTION('center_axis',(0.,0.,-1.));
#2941=DIRECTION('ref_axis',(-1.,0.,0.));
#2942=DIRECTION('',(1.,6.66133814775094E-16,0.));
#2943=DIRECTION('center_axis',(0.,0.,-1.));
#2944=DIRECTION('ref_axis',(-1.,0.,0.));
#2945=DIRECTION('center_axis',(0.,0.,-1.));
#2946=DIRECTION('ref_axis',(-1.,0.,0.));
#2947=DIRECTION('',(0.,0.,1.));
#2948=DIRECTION('',(0.,0.,-1.));
#2949=DIRECTION('',(0.,0.,-1.));
#2950=DIRECTION('center_axis',(6.66133814775094E-16,-1.,0.));
#2951=DIRECTION('ref_axis',(0.,0.,-1.));
#2952=DIRECTION('center_axis',(6.66133814775094E-16,-1.,0.));
#2953=DIRECTION('ref_axis',(1.,0.,0.));
#2954=DIRECTION('center_axis',(6.66133814775094E-16,-1.,0.));
#2955=DIRECTION('ref_axis',(1.,0.,0.));
#2956=DIRECTION('center_axis',(8.2438732823883E-21,-4.44085357041257E-16,
1.));
#2957=DIRECTION('ref_axis',(0.00497506280745488,0.999987624298452,4.44083713934541E-16));
#2958=DIRECTION('',(1.,-5.8741958974876E-17,-2.15520731871905E-34));
#2959=DIRECTION('center_axis',(8.2438732823883E-21,-4.44085357041257E-16,
1.));
#2960=DIRECTION('ref_axis',(-0.999987624298452,0.00497506280745488,6.68343186486211E-16));
#2961=DIRECTION('center_axis',(8.2438732823883E-21,-4.44085357041257E-16,
1.));
#2962=DIRECTION('ref_axis',(0.00497506280745488,0.999987624298452,4.44083713934541E-16));
#2963=DIRECTION('',(-1.,5.8741958974876E-17,2.15520731871905E-34));
#2964=DIRECTION('center_axis',(8.2438732823883E-21,-4.44085357041257E-16,
1.));
#2965=DIRECTION('ref_axis',(-0.999987624298452,0.00497506280745488,6.68343186486211E-16));
#2966=DIRECTION('center_axis',(8.24387328278273E-21,-3.85280880580103E-21,
-1.));
#2967=DIRECTION('ref_axis',(-0.999987624298452,-0.00497506280745488,1.23259516440783E-31));
#2968=DIRECTION('center_axis',(0.00351790064798054,-0.707098030244061,0.707106781186548));
#2969=DIRECTION('ref_axis',(-0.00351790064798033,0.707098030244061,0.707106781186547));
#2970=DIRECTION('',(8.24387328278273E-21,-3.85280880580103E-21,-1.));
#2971=DIRECTION('center_axis',(0.,-0.707106781186548,0.707106781186548));
#2972=DIRECTION('ref_axis',(-2.37660479585923E-17,-0.707106781186547,-0.707106781186548));
#2973=DIRECTION('center_axis',(-1.16585974029965E-20,-0.707106781186548,
0.707106781186548));
#2974=DIRECTION('ref_axis',(-2.60659880836174E-17,-0.707106781186548,-0.707106781186548));
#2975=DIRECTION('center_axis',(-1.16585974029965E-20,-0.707106781186548,
0.707106781186548));
#2976=DIRECTION('ref_axis',(-2.60659880836174E-17,-0.707106781186548,-0.707106781186548));
#2977=DIRECTION('center_axis',(0.,-0.707106781186548,0.707106781186548));
#2978=DIRECTION('ref_axis',(-2.37660479585923E-17,-0.707106781186548,-0.707106781186547));
#2979=DIRECTION('center_axis',(0.00351790064798033,-0.707098030244061,0.707106781186548));
#2980=DIRECTION('ref_axis',(0.00351790064798033,-0.707098030244061,-0.707106781186547));
#2981=DIRECTION('center_axis',(-0.00497506280745488,0.999987624298452,0.));
#2982=DIRECTION('ref_axis',(-0.999987624298452,-0.00497506280745488,0.));
#2983=DIRECTION('center_axis',(0.708863549213618,-0.705345637681465,0.));
#2984=DIRECTION('ref_axis',(-0.705345637681465,-0.708863549213618,0.));
#2985=DIRECTION('',(-0.00497506280745488,0.999987624298452,0.));
#2986=DIRECTION('center_axis',(0.708863549213618,-0.705345637681465,0.));
#2987=DIRECTION('ref_axis',(-0.705345637681465,-0.708863549213618,0.));
#2988=DIRECTION('center_axis',(0.708863549213618,-0.705345637681465,0.));
#2989=DIRECTION('ref_axis',(-0.705345637681465,-0.708863549213618,0.));
#2990=DIRECTION('center_axis',(-1.,0.,0.));
#2991=DIRECTION('ref_axis',(0.,-1.,0.));
#2992=DIRECTION('center_axis',(0.707106781186548,0.707106781186548,0.));
#2993=DIRECTION('ref_axis',(0.707106781186547,-0.707106781186548,0.));
#2994=DIRECTION('',(-1.,0.,0.));
#2995=DIRECTION('center_axis',(0.707106781186548,0.707106781186548,0.));
#2996=DIRECTION('ref_axis',(0.707106781186547,-0.707106781186548,0.));
#2997=DIRECTION('center_axis',(0.707106781186547,0.707106781186548,0.));
#2998=DIRECTION('ref_axis',(0.707106781186548,-0.707106781186547,0.));
#2999=DIRECTION('center_axis',(6.66133814775094E-16,-1.,0.));
#3000=DIRECTION('ref_axis',(1.,6.66133814775094E-16,0.));
#3001=DIRECTION('',(6.66133814775094E-16,-1.,0.));
#3002=DIRECTION('center_axis',(-1.,5.8741958974876E-17,2.15520731871905E-34));
#3003=DIRECTION('ref_axis',(-5.8741958974876E-17,-1.,1.26601099898547E-50));
#3004=DIRECTION('',(-1.,5.8741958974876E-17,2.15520731871905E-34));
#3005=DIRECTION('center_axis',(0.707106781186548,-8.95204962439382E-51,
0.707106781186548));
#3006=DIRECTION('ref_axis',(-0.707106781186548,4.15368375313168E-17,0.707106781186548));
#3007=DIRECTION('center_axis',(-0.707106781186548,-3.92523114670943E-16,
0.707106781186548));
#3008=DIRECTION('ref_axis',(-0.707106781186548,2.25394132252456E-16,-0.707106781186548));
#3009=DIRECTION('center_axis',(0.707106781186548,-4.15368375313168E-17,
0.707106781186548));
#3010=DIRECTION('ref_axis',(0.707106781186548,-4.15368375313168E-17,-0.707106781186548));
#3011=DIRECTION('center_axis',(0.,-1.,6.09175870850566E-17));
#3012=DIRECTION('ref_axis',(-5.8741958974876E-17,6.09175870850566E-17,1.));
#3013=DIRECTION('center_axis',(-1.20955523265426E-49,0.707106781186548,
0.707106781186547));
#3014=DIRECTION('ref_axis',(-4.15368375313168E-17,-0.707106781186547,0.707106781186548));
#3015=DIRECTION('',(0.,-1.,6.09175870850566E-17));
#3016=DIRECTION('center_axis',(-1.20955523265426E-49,0.707106781186548,
0.707106781186547));
#3017=DIRECTION('ref_axis',(-4.15368375313168E-17,-0.707106781186547,0.707106781186548));
#3018=DIRECTION('center_axis',(0.,0.707106781186548,0.707106781186548));
#3019=DIRECTION('ref_axis',(-4.15368375313168E-17,-0.707106781186548,0.707106781186548));
#3020=DIRECTION('center_axis',(0.,0.707106781186548,0.707106781186548));
#3021=DIRECTION('ref_axis',(-4.15368375313168E-17,-0.707106781186548,0.707106781186548));
#3022=DIRECTION('center_axis',(1.71056941445901E-49,1.26601099898547E-50,
-1.));
#3023=DIRECTION('ref_axis',(-5.8741958974876E-17,-1.,-2.7285161705923E-84));
#3024=DIRECTION('',(1.71056941445901E-49,1.26601099898547E-50,-1.));
#3025=DIRECTION('center_axis',(0.,0.,-1.));
#3026=DIRECTION('ref_axis',(-1.,0.,0.));
#3027=DIRECTION('',(-1.,1.97666211435572E-82,0.));
#3028=DIRECTION('center_axis',(0.,0.,-1.));
#3029=DIRECTION('ref_axis',(-1.,0.,0.));
#3030=DIRECTION('center_axis',(0.,0.,-1.));
#3031=DIRECTION('ref_axis',(-1.,0.,0.));
#3032=DIRECTION('',(0.,0.,1.));
#3033=DIRECTION('',(0.,0.,-1.));
#3034=DIRECTION('',(0.,0.,-1.));
#3035=DIRECTION('center_axis',(-1.97666211435572E-82,-1.,-2.13333778455201E-33));
#3036=DIRECTION('ref_axis',(2.1647103990307E-34,2.13333778455201E-33,-1.));
#3037=DIRECTION('center_axis',(-1.97666211435572E-82,-1.,-2.13333778455201E-33));
#3038=DIRECTION('ref_axis',(1.,-4.61805848686486E-67,2.1647103990307E-34));
#3039=DIRECTION('center_axis',(-1.97666211435572E-82,-1.,-2.13333778455201E-33));
#3040=DIRECTION('ref_axis',(1.,-4.61805848686486E-67,2.1647103990307E-34));
#3041=DIRECTION('center_axis',(0.,1.,0.));
#3042=DIRECTION('ref_axis',(-1.,0.,0.));
#3043=DIRECTION('',(0.,1.,0.));
#3044=DIRECTION('center_axis',(0.,-1.,0.));
#3045=DIRECTION('ref_axis',(-1.,0.,0.));
#3046=DIRECTION('center_axis',(3.29443685725954E-82,-1.,-2.13333778455201E-33));
#3047=DIRECTION('ref_axis',(1.,-4.61805848686485E-67,2.1647103990307E-34));
#3048=DIRECTION('center_axis',(0.707106781186548,0.707106781186548,1.18165646431427E-33));
#3049=DIRECTION('ref_axis',(0.707106781186548,-0.707106781186548,-1.35542947377225E-33));
#3050=DIRECTION('',(3.29443685725954E-82,-1.,-2.13333778455201E-33));
#3051=DIRECTION('',(3.29443685725954E-82,-1.,-2.13333778455201E-33));
#3052=DIRECTION('center_axis',(0.707106781186548,0.707106781186548,1.18165646431427E-33));
#3053=DIRECTION('ref_axis',(0.707106781186548,-0.707106781186548,-1.35542947377225E-33));
#3054=DIRECTION('center_axis',(0.707106781186548,0.707106781186548,0.));
#3055=DIRECTION('ref_axis',(0.707106781186548,-0.707106781186548,-1.35542947377225E-33));
#3056=DIRECTION('center_axis',(-1.,5.27109897161526E-82,4.62223186652937E-34));
#3057=DIRECTION('ref_axis',(-6.72369980821081E-67,-1.,-1.45464355799601E-33));
#3058=DIRECTION('center_axis',(0.707106781186548,0.707106781186548,0.));
#3059=DIRECTION('ref_axis',(0.707106781186548,-0.707106781186548,-1.35542947377225E-33));
#3060=DIRECTION('',(-1.,5.27109897161526E-82,4.62223186652937E-34));
#3061=DIRECTION('center_axis',(0.707106781186548,0.707106781186548,0.));
#3062=DIRECTION('ref_axis',(0.707106781186548,-0.707106781186548,-1.35542947377225E-33));
#3063=DIRECTION('center_axis',(0.707106781186548,0.707106781186548,1.0285883240683E-33));
#3064=DIRECTION('ref_axis',(0.707106781186548,-0.707106781186548,-1.35542947377225E-33));
#3065=DIRECTION('center_axis',(0.,-1.,-1.91686674464894E-33));
#3066=DIRECTION('ref_axis',(1.,0.,0.));
#3067=DIRECTION('center_axis',(0.,-1.,0.));
#3068=DIRECTION('ref_axis',(1.,0.,0.));
#3069=DIRECTION('',(0.,-1.,-1.91686674464894E-33));
#3070=DIRECTION('center_axis',(2.98095255510961E-15,0.,1.));
#3071=DIRECTION('ref_axis',(1.,0.,-2.98095255510961E-15));
#3072=DIRECTION('',(2.98095255510961E-15,0.,1.));
#3073=DIRECTION('center_axis',(-1.,-1.72855581344327E-32,2.46519032881566E-31));
#3074=DIRECTION('ref_axis',(5.47262967611882E-64,-1.,1.71994679766748E-15));
#3075=DIRECTION('center_axis',(0.707106781186547,0.,-0.707106781186548));
#3076=DIRECTION('ref_axis',(0.707106781186548,1.21618604391076E-15,0.707106781186547));
#3077=DIRECTION('',(-1.,-1.72855581344327E-32,2.46519032881566E-31));
#3078=DIRECTION('center_axis',(0.707106781186548,2.44454707469032E-32,-0.707106781186548));
#3079=DIRECTION('ref_axis',(-0.707106781186548,-1.21618604391077E-15,-0.707106781186548));
#3080=DIRECTION('center_axis',(2.46519032881566E-31,-1.72855581344327E-32,
1.));
#3081=DIRECTION('ref_axis',(1.71994679766748E-15,-1.,-5.47262967611882E-64));
#3082=DIRECTION('center_axis',(0.,0.707106781186548,-0.707106781186547));
#3083=DIRECTION('ref_axis',(1.21618604391076E-15,-0.707106781186547,-0.707106781186548));
#3084=DIRECTION('',(2.46519032881566E-31,-1.72855581344327E-32,1.));
#3085=DIRECTION('center_axis',(0.,0.707106781186548,-0.707106781186547));
#3086=DIRECTION('ref_axis',(1.21618604391076E-15,-0.707106781186547,-0.707106781186548));
#3087=DIRECTION('center_axis',(9.44416516501515E-17,0.707106781186548,-0.707106781186547));
#3088=DIRECTION('ref_axis',(1.21618604391076E-15,-0.707106781186547,-0.707106781186548));
#3089=DIRECTION('center_axis',(-1.3356066461656E-16,-1.,-8.34754153853501E-17));
#3090=DIRECTION('ref_axis',(1.85350746228404E-15,8.34754153853499E-17,-1.));
#3091=DIRECTION('center_axis',(-1.05440648885017E-15,0.707106781186548,
0.707106781186548));
#3092=DIRECTION('ref_axis',(1.40506934721107E-15,0.707106781186548,-0.707106781186547));
#3093=DIRECTION('',(-1.3356066461656E-16,-1.,-8.34754153853501E-17));
#3094=DIRECTION('center_axis',(-1.05440648885017E-15,0.707106781186548,
0.707106781186548));
#3095=DIRECTION('ref_axis',(1.40506934721107E-15,0.707106781186548,-0.707106781186547));
#3096=DIRECTION('center_axis',(-1.16163231529687E-15,0.707106781186548,
0.707106781186548));
#3097=DIRECTION('ref_axis',(1.31062769556092E-15,0.707106781186548,-0.707106781186547));
#3098=DIRECTION('center_axis',(1.77635683940025E-15,1.64214663788065E-47,
-1.));
#3099=DIRECTION('ref_axis',(2.10711287500353E-16,1.,3.74298436690085E-31));
#3100=DIRECTION('center_axis',(-0.707106781186548,0.,0.707106781186548));
#3101=DIRECTION('ref_axis',(0.707106781186547,-1.48995380264048E-16,0.707106781186547));
#3102=DIRECTION('',(1.77635683940025E-15,1.64214663788065E-47,-1.));
#3103=DIRECTION('center_axis',(-0.707106781186548,-1.16117302334809E-47,
0.707106781186547));
#3104=DIRECTION('ref_axis',(-0.707106781186547,1.48995380264048E-16,-0.707106781186548));
#3105=DIRECTION('center_axis',(1.,0.,0.));
#3106=DIRECTION('ref_axis',(9.73956427721565E-50,1.,2.10711287500353E-16));
#3107=DIRECTION('center_axis',(-0.707106781186548,0.707106781186548,1.48995380264048E-16));
#3108=DIRECTION('ref_axis',(0.707106781186548,0.707106781186548,1.48995380264048E-16));
#3109=DIRECTION('',(1.,0.,0.));
#3110=DIRECTION('center_axis',(-0.707106781186548,0.707106781186548,1.48995380264048E-16));
#3111=DIRECTION('ref_axis',(0.707106781186548,0.707106781186548,1.48995380264048E-16));
#3112=DIRECTION('center_axis',(-0.707106781186548,0.707106781186548,1.48995380264048E-16));
#3113=DIRECTION('ref_axis',(0.707106781186548,0.707106781186548,1.48995380264048E-16));
#3114=DIRECTION('center_axis',(0.,-1.,-2.10711287500353E-16));
#3115=DIRECTION('ref_axis',(1.,0.,0.));
#3116=DIRECTION('center_axis',(0.,-1.,0.));
#3117=DIRECTION('ref_axis',(1.,0.,0.));
#3118=DIRECTION('',(0.,-1.,-2.10711287500353E-16));
#3119=DIRECTION('center_axis',(0.,1.,0.));
#3120=DIRECTION('ref_axis',(1.,0.,0.));
#3121=DIRECTION('center_axis',(0.,1.,0.));
#3122=DIRECTION('ref_axis',(1.,0.,0.));
#3123=DIRECTION('center_axis',(0.,1.,0.));
#3124=DIRECTION('ref_axis',(1.,0.,0.));
#3125=DIRECTION('center_axis',(0.,1.,0.));
#3126=DIRECTION('ref_axis',(1.,0.,0.));
#3127=DIRECTION('center_axis',(0.,1.,0.));
#3128=DIRECTION('ref_axis',(1.,0.,0.));
#3129=DIRECTION('',(0.,-1.,0.));
#3130=DIRECTION('center_axis',(0.,-1.,0.));
#3131=DIRECTION('ref_axis',(1.,0.,0.));
#3132=DIRECTION('center_axis',(0.,-1.,0.));
#3133=DIRECTION('ref_axis',(1.,0.,0.));
#3134=DIRECTION('center_axis',(0.,-1.,0.));
#3135=DIRECTION('ref_axis',(1.,0.,0.));
#3136=DIRECTION('center_axis',(0.,1.,0.));
#3137=DIRECTION('ref_axis',(1.,0.,0.));
#3138=DIRECTION('center_axis',(0.,-1.,0.));
#3139=DIRECTION('ref_axis',(1.,0.,0.));
#3140=DIRECTION('',(1.,0.,3.75922017367434E-17));
#3141=DIRECTION('',(-1.,0.,4.38575686928674E-17));
#3142=DIRECTION('center_axis',(0.,1.,0.));
#3143=DIRECTION('ref_axis',(1.,0.,0.));
#3144=DIRECTION('',(1.,0.,3.75922017367434E-17));
#3145=DIRECTION('',(-4.38606627012407E-15,0.,-1.));
#3146=DIRECTION('',(1.,0.,0.));
#3147=DIRECTION('',(0.,3.06691443266618E-17,-1.));
#3148=DIRECTION('',(-1.,0.,4.38575686928674E-17));
#3149=DIRECTION('center_axis',(0.,1.,0.));
#3150=DIRECTION('ref_axis',(1.,0.,0.));
#3151=DIRECTION('center_axis',(0.,1.,0.));
#3152=DIRECTION('ref_axis',(1.,0.,0.));
#3153=DIRECTION('',(0.,-1.,0.));
#3154=DIRECTION('center_axis',(0.,-1.,0.));
#3155=DIRECTION('ref_axis',(1.,0.,0.));
#3156=DIRECTION('center_axis',(0.,-1.,0.));
#3157=DIRECTION('ref_axis',(1.,0.,0.));
#3158=DIRECTION('center_axis',(0.,-1.,0.));
#3159=DIRECTION('ref_axis',(1.,0.,0.));
#3160=DIRECTION('center_axis',(0.,1.,0.));
#3161=DIRECTION('ref_axis',(1.,0.,0.));
#3162=DIRECTION('center_axis',(0.,1.,0.));
#3163=DIRECTION('ref_axis',(-6.73555739531044E-16,0.,1.));
#3164=DIRECTION('',(-1.,0.,-4.23749246040135E-17));
#3165=DIRECTION('',(-6.73555739531044E-16,0.,1.));
#3166=DIRECTION('',(1.,0.,0.));
#3167=DIRECTION('',(6.73555739531044E-16,0.,-1.));
#3168=DIRECTION('',(1.,0.,0.));
#3169=DIRECTION('',(-5.48258283765509E-15,0.,1.));
#3170=DIRECTION('',(1.,0.,4.38575686928673E-17));
#3171=DIRECTION('center_axis',(0.,1.,0.));
#3172=DIRECTION('ref_axis',(-6.73555739531044E-16,0.,1.));
#3173=DIRECTION('',(1.,0.,4.38575686928673E-17));
#3174=DIRECTION('center_axis',(0.,-1.,0.));
#3175=DIRECTION('ref_axis',(1.,0.,0.));
#3176=DIRECTION('center_axis',(0.,-1.,0.));
#3177=DIRECTION('ref_axis',(1.,0.,0.));
#3178=DIRECTION('',(-1.,0.,-4.23749246040135E-17));
#3179=DIRECTION('center_axis',(0.,1.,0.));
#3180=DIRECTION('ref_axis',(1.,0.,0.));
#3181=DIRECTION('center_axis',(0.,1.,0.));
#3182=DIRECTION('ref_axis',(1.,0.,0.));
#3183=DIRECTION('center_axis',(0.,1.,0.));
#3184=DIRECTION('ref_axis',(1.,0.,0.));
#3185=DIRECTION('',(0.,-1.,0.));
#3186=DIRECTION('',(0.,1.,0.));
#3187=DIRECTION('center_axis',(0.,-1.,0.));
#3188=DIRECTION('ref_axis',(1.,0.,0.));
#3189=DIRECTION('',(0.,1.,0.));
#3190=DIRECTION('center_axis',(0.,1.,0.));
#3191=DIRECTION('ref_axis',(1.,0.,0.));
#3192=DIRECTION('center_axis',(0.,1.,0.));
#3193=DIRECTION('ref_axis',(1.,0.,0.));
#3194=DIRECTION('',(0.,-1.,0.));
#3195=DIRECTION('center_axis',(0.,-1.,0.));
#3196=DIRECTION('ref_axis',(1.,0.,0.));
#3197=DIRECTION('center_axis',(0.,-1.,0.));
#3198=DIRECTION('ref_axis',(1.,0.,0.));
#3199=DIRECTION('center_axis',(0.,-1.,0.));
#3200=DIRECTION('ref_axis',(1.,0.,0.));
#3201=DIRECTION('center_axis',(0.,1.,0.));
#3202=DIRECTION('ref_axis',(0.,0.,1.));
#3203=DIRECTION('center_axis',(0.,1.,0.));
#3204=DIRECTION('ref_axis',(1.,0.,0.));
#3205=DIRECTION('',(1.,0.,0.));
#3206=DIRECTION('',(0.,0.,-1.));
#3207=DIRECTION('center_axis',(0.,1.,0.));
#3208=DIRECTION('ref_axis',(1.,0.,0.));
#3209=DIRECTION('center_axis',(0.,-1.,0.));
#3210=DIRECTION('ref_axis',(1.,0.,0.));
#3211=DIRECTION('',(1.,0.,0.));
#3212=DIRECTION('center_axis',(0.,1.,0.));
#3213=DIRECTION('ref_axis',(0.,0.,1.));
#3214=DIRECTION('center_axis',(0.,1.,0.));
#3215=DIRECTION('ref_axis',(1.,0.,0.));
#3216=DIRECTION('center_axis',(0.,1.,0.));
#3217=DIRECTION('ref_axis',(1.,0.,0.));
#3218=DIRECTION('',(0.,-1.,0.));
#3219=DIRECTION('center_axis',(0.,-1.,0.));
#3220=DIRECTION('ref_axis',(1.,0.,0.));
#3221=DIRECTION('',(0.,1.,0.));
#3222=DIRECTION('center_axis',(0.,-1.,0.));
#3223=DIRECTION('ref_axis',(1.,0.,0.));
#3224=DIRECTION('',(0.,1.,0.));
#3225=DIRECTION('center_axis',(0.,-1.,0.));
#3226=DIRECTION('ref_axis',(1.,0.,0.));
#3227=DIRECTION('',(0.,-1.,0.));
#3228=DIRECTION('center_axis',(0.,-1.,0.));
#3229=DIRECTION('ref_axis',(1.,0.,0.));
#3230=DIRECTION('center_axis',(0.,-1.,-2.74129141882755E-16));
#3231=DIRECTION('ref_axis',(0.,2.74129141882755E-16,-1.));
#3232=DIRECTION('',(0.,2.74129141882755E-16,-1.));
#3233=DIRECTION('',(-1.,-2.30815597635168E-16,-1.84652478108134E-16));
#3234=DIRECTION('',(0.,2.74129141882755E-16,-1.));
#3235=DIRECTION('',(1.,9.23262390540671E-17,-2.76978717162201E-16));
#3236=DIRECTION('center_axis',(-1.,0.,0.));
#3237=DIRECTION('ref_axis',(0.,-2.74129141882755E-16,1.));
#3238=DIRECTION('',(0.,1.,2.74129141882755E-16));
#3239=DIRECTION('',(0.,1.,2.74129141882755E-16));
#3240=DIRECTION('center_axis',(0.,1.,2.74129141882755E-16));
#3241=DIRECTION('ref_axis',(0.,-2.74129141882755E-16,1.));
#3242=DIRECTION('center_axis',(0.,0.,-1.));
#3243=DIRECTION('ref_axis',(0.,1.,0.));
#3244=DIRECTION('',(0.,-1.,0.));
#3245=DIRECTION('',(0.,1.,0.));
#3246=DIRECTION('',(1.,0.,0.));
#3247=DIRECTION('',(0.,-1.,0.));
#3248=DIRECTION('center_axis',(-1.,0.,0.));
#3249=DIRECTION('ref_axis',(0.,0.,1.));
#3250=DIRECTION('',(0.,1.,7.47624932407513E-17));
#3251=DIRECTION('',(1.22464679914735E-16,0.,1.));
#3252=DIRECTION('',(1.22464679914735E-16,1.,0.));
#3253=DIRECTION('center_axis',(-1.,0.,-5.48258283765509E-15));
#3254=DIRECTION('ref_axis',(-5.48258283765509E-15,0.,1.));
#3255=DIRECTION('',(0.,1.,0.));
#3256=DIRECTION('',(5.48258283765509E-15,0.,-1.));
#3257=DIRECTION('',(0.,1.,0.));
#3258=DIRECTION('center_axis',(4.23749246040135E-17,0.,-1.));
#3259=DIRECTION('ref_axis',(-1.,0.,-4.23749246040135E-17));
#3260=DIRECTION('',(0.,-1.,0.));
#3261=DIRECTION('',(1.,0.,-4.38575686928674E-17));
#3262=DIRECTION('center_axis',(-4.38575686928673E-17,0.,1.));
#3263=DIRECTION('ref_axis',(1.,0.,4.38575686928673E-17));
#3264=DIRECTION('',(-1.,0.,-4.38575686928673E-17));
#3265=DIRECTION('center_axis',(1.,0.,0.));
#3266=DIRECTION('ref_axis',(0.,1.,0.));
#3267=DIRECTION('',(-1.22464679914735E-16,0.,-1.));
#3268=DIRECTION('',(0.,-1.,-7.47624932407513E-17));
#3269=DIRECTION('',(0.,0.,1.));
#3270=DIRECTION('',(0.,0.,1.));
#3271=DIRECTION('',(0.,0.,1.));
#3272=DIRECTION('',(0.,1.,0.));
#3273=DIRECTION('',(0.,0.,1.));
#3274=DIRECTION('',(-9.59552325080215E-16,0.,-1.));
#3275=DIRECTION('center_axis',(0.,-1.,0.));
#3276=DIRECTION('ref_axis',(-1.22464679914735E-16,0.,-1.));
#3277=DIRECTION('',(1.,0.,0.));
#3278=DIRECTION('',(1.,0.,0.));
#3279=DIRECTION('center_axis',(-1.,0.,0.));
#3280=DIRECTION('ref_axis',(0.,0.,1.));
#3281=DIRECTION('',(9.59552325080215E-16,0.,1.));
#3282=DIRECTION('',(-2.13826166267875E-15,1.,-6.85322854706887E-17));
#3283=DIRECTION('',(0.,4.92065606482064E-16,-1.));
#3284=DIRECTION('',(0.,-1.,-2.74129141882755E-16));
#3285=DIRECTION('center_axis',(0.,-7.47624932407513E-17,1.));
#3286=DIRECTION('ref_axis',(0.,-1.,-7.47624932407513E-17));
#3287=DIRECTION('',(-1.,0.,0.));
#3288=DIRECTION('center_axis',(0.,0.,1.));
#3289=DIRECTION('ref_axis',(-1.22464679914735E-16,-1.,0.));
#3290=DIRECTION('center_axis',(0.,-1.,0.));
#3291=DIRECTION('ref_axis',(-9.59552325080215E-16,0.,-1.));
#3292=DIRECTION('',(0.,0.,-1.));
#3293=DIRECTION('',(1.,0.,0.));
#3294=DIRECTION('center_axis',(-1.,0.,0.));
#3295=DIRECTION('ref_axis',(0.,-1.,0.));
#3296=DIRECTION('',(0.,0.,1.));
#3297=DIRECTION('',(0.,-1.,0.));
#3298=DIRECTION('center_axis',(0.,1.,0.));
#3299=DIRECTION('ref_axis',(1.,0.,0.));
#3300=DIRECTION('',(4.38606627012407E-15,0.,1.));
#3301=DIRECTION('',(0.,0.,1.));
#3302=DIRECTION('',(-1.,0.,0.));
#3303=DIRECTION('center_axis',(0.,1.,0.));
#3304=DIRECTION('ref_axis',(1.,0.,0.));
#3305=DIRECTION('',(0.,0.,1.));
#3306=DIRECTION('',(2.57620812343959E-15,0.,-1.));
#3307=DIRECTION('',(-1.,0.,0.));
#3308=DIRECTION('center_axis',(0.,1.,0.));
#3309=DIRECTION('ref_axis',(1.,0.,0.));
#3310=DIRECTION('',(-2.45353154613294E-16,0.,-1.));
#3311=DIRECTION('',(-1.,0.,0.));
#3312=DIRECTION('',(-2.45353154613294E-15,0.,1.));
#3313=DIRECTION('center_axis',(0.,1.,0.));
#3314=DIRECTION('ref_axis',(1.,0.,0.));
#3315=DIRECTION('',(2.45353154613294E-15,0.,-1.));
#3316=DIRECTION('',(-1.,0.,0.));
#3317=DIRECTION('center_axis',(1.,0.,0.));
#3318=DIRECTION('ref_axis',(0.,0.,-1.));
#3319=DIRECTION('',(0.,1.,0.));
#3320=DIRECTION('center_axis',(-1.,0.,-2.45353154613294E-15));
#3321=DIRECTION('ref_axis',(-2.45353154613294E-15,0.,1.));
#3322=DIRECTION('',(2.45353154613294E-15,0.,-1.));
#3323=DIRECTION('',(0.,1.,0.));
#3324=DIRECTION('center_axis',(0.,-1.,0.));
#3325=DIRECTION('ref_axis',(0.,0.,-1.));
#3326=DIRECTION('',(-2.45353154613294E-15,0.,1.));
#3327=DIRECTION('',(-1.,0.,-5.75671197953784E-16));
#3328=DIRECTION('center_axis',(1.,0.,2.45353154613294E-15));
#3329=DIRECTION('ref_axis',(2.45353154613294E-15,0.,-1.));
#3330=DIRECTION('',(0.,1.,0.));
#3331=DIRECTION('center_axis',(1.,0.,-4.38606627012407E-15));
#3332=DIRECTION('ref_axis',(-4.38606627012407E-15,0.,-1.));
#3333=DIRECTION('',(0.,-1.,0.));
#3334=DIRECTION('',(0.,0.,-1.));
#3335=DIRECTION('',(0.,1.,0.));
#3336=DIRECTION('',(0.,-1.,0.));
#3337=DIRECTION('',(0.,0.,-1.));
#3338=DIRECTION('',(5.23265651091007E-17,-1.,-5.95293846983998E-17));
#3339=DIRECTION('',(0.,0.,1.));
#3340=DIRECTION('center_axis',(-1.,0.,-2.57620812343959E-15));
#3341=DIRECTION('ref_axis',(-2.57620812343959E-15,0.,1.));
#3342=DIRECTION('',(2.57620812343959E-15,0.,-1.));
#3343=DIRECTION('',(0.,1.,0.));
#3344=DIRECTION('center_axis',(0.,-1.,0.));
#3345=DIRECTION('ref_axis',(0.,0.,-1.));
#3346=DIRECTION('',(0.,0.,1.));
#3347=DIRECTION('',(1.,0.,0.));
#3348=DIRECTION('',(-1.,0.,0.));
#3349=DIRECTION('center_axis',(-1.,0.,0.));
#3350=DIRECTION('ref_axis',(0.,0.,1.));
#3351=DIRECTION('',(0.,0.,-1.));
#3352=DIRECTION('',(-5.23265651091007E-17,1.,5.95293846983998E-17));
#3353=DIRECTION('',(0.,0.,1.));
#3354=DIRECTION('',(0.,-1.,0.));
#3355=DIRECTION('',(-5.58087981547498E-18,-1.,-2.97646923491999E-17));
#3356=DIRECTION('center_axis',(0.,-5.95293846983998E-17,1.));
#3357=DIRECTION('ref_axis',(5.23265651091007E-17,-1.,-5.95293846983998E-17));
#3358=DIRECTION('',(-1.,0.,0.));
#3359=DIRECTION('',(1.,0.,0.));
#3360=DIRECTION('center_axis',(0.,1.,0.));
#3361=DIRECTION('ref_axis',(0.,0.,1.));
#3362=DIRECTION('center_axis',(0.,2.97646923491999E-17,-1.));
#3363=DIRECTION('ref_axis',(5.58087981547498E-18,1.,2.97646923491999E-17));
#3364=DIRECTION('center_axis',(-4.38575686928674E-17,0.,-1.));
#3365=DIRECTION('ref_axis',(-1.,0.,4.38575686928674E-17));
#3366=DIRECTION('',(1.,0.,-4.38575686928674E-17));
#3367=DIRECTION('',(0.,1.,0.));
#3368=DIRECTION('center_axis',(0.,1.,0.));
#3369=DIRECTION('ref_axis',(1.,0.,0.));
#3370=DIRECTION('',(-1.,0.,-3.75922017367434E-17));
#3371=DIRECTION('center_axis',(0.,-1.,0.));
#3372=DIRECTION('ref_axis',(1.,0.,0.));
#3373=DIRECTION('center_axis',(0.,-1.,0.));
#3374=DIRECTION('ref_axis',(1.,0.,0.));
#3375=DIRECTION('center_axis',(0.,1.,0.));
#3376=DIRECTION('ref_axis',(1.,0.,0.));
#3377=DIRECTION('',(0.,-1.,0.));
#3378=DIRECTION('',(0.,1.,0.));
#3379=DIRECTION('center_axis',(-3.75922017367434E-17,0.,1.));
#3380=DIRECTION('ref_axis',(1.,0.,3.75922017367434E-17));
#3381=DIRECTION('center_axis',(0.,1.,0.));
#3382=DIRECTION('ref_axis',(-1.,0.,0.));
#3383=DIRECTION('',(-1.,0.,0.));
#3384=DIRECTION('center_axis',(1.,0.,0.));
#3385=DIRECTION('ref_axis',(0.,0.,-1.));
#3386=DIRECTION('',(0.,1.,0.));
#3387=DIRECTION('',(0.,0.,-1.));
#3388=DIRECTION('center_axis',(0.,1.,0.));
#3389=DIRECTION('ref_axis',(-1.,0.,0.));
#3390=DIRECTION('',(-1.,0.,0.));
#3391=DIRECTION('',(0.,0.,1.));
#3392=DIRECTION('center_axis',(0.,1.,0.));
#3393=DIRECTION('ref_axis',(-1.,0.,0.));
#3394=DIRECTION('',(2.45353154613294E-16,0.,1.));
#3395=DIRECTION('',(0.,0.,1.));
#3396=DIRECTION('',(-1.,0.,0.));
#3397=DIRECTION('center_axis',(0.,-1.,0.));
#3398=DIRECTION('ref_axis',(1.,0.,0.));
#3399=DIRECTION('',(0.,0.,1.));
#3400=DIRECTION('',(1.,0.,0.));
#3401=DIRECTION('center_axis',(0.,1.,0.));
#3402=DIRECTION('ref_axis',(-1.,0.,0.));
#3403=DIRECTION('',(-1.,0.,0.));
#3404=DIRECTION('',(0.,0.,1.));
#3405=DIRECTION('center_axis',(-1.,6.32155458861299E-16,0.));
#3406=DIRECTION('ref_axis',(-6.32155458861299E-16,-1.,0.));
#3407=DIRECTION('',(-6.32155458861299E-16,-1.,0.));
#3408=DIRECTION('center_axis',(1.,-6.32155458861299E-16,0.));
#3409=DIRECTION('ref_axis',(6.32155458861299E-16,1.,0.));
#3410=DIRECTION('',(6.32155458861299E-16,1.,0.));
#3411=DIRECTION('center_axis',(0.,0.,1.));
#3412=DIRECTION('ref_axis',(1.,0.,0.));
#3413=DIRECTION('',(0.,1.,0.));
#3414=DIRECTION('center_axis',(-1.,0.,2.45353154613294E-16));
#3415=DIRECTION('ref_axis',(2.45353154613294E-16,0.,1.));
#3416=CARTESIAN_POINT('',(0.,0.,0.));
#3417=CARTESIAN_POINT('Origin',(-40.35,-30.,0.));
#3418=CARTESIAN_POINT('',(-40.35,-28.,0.0499999999999998));
#3419=CARTESIAN_POINT('',(-40.35,-28.,-2.44929359829471E-16));
#3420=CARTESIAN_POINT('',(-40.35,-28.,4.18968671627317E-65));
#3421=CARTESIAN_POINT('',(-40.3,-28.0006250976868,0.0499999999999998));
#3422=CARTESIAN_POINT('Origin',(-40.35,-30.,0.));
#3423=CARTESIAN_POINT('Origin',(-40.35,-30.,0.0499999999999989));
#3424=CARTESIAN_POINT('Origin',(35.25,-30.,0.));
#3425=CARTESIAN_POINT('',(35.25,-30.,-2.05));
#3426=CARTESIAN_POINT('',(37.3,-32.05,-7.09732498823738E-15));
#3427=CARTESIAN_POINT('Origin',(35.25,-30.,0.));
#3428=CARTESIAN_POINT('',(37.3,-21.5,-7.09732498823737E-15));
#3429=CARTESIAN_POINT('',(37.3,-30.,-7.09732498823737E-15));
#3430=CARTESIAN_POINT('Origin',(35.25,-21.5,0.));
#3431=CARTESIAN_POINT('',(35.25,-30.,2.05));
#3432=CARTESIAN_POINT('Origin',(35.25,-30.,0.));
#3433=CARTESIAN_POINT('Origin',(35.25,-30.,0.));
#3434=CARTESIAN_POINT('Origin',(-35.25,-30.,0.));
#3435=CARTESIAN_POINT('',(-35.25,-30.,-2.05));
#3436=CARTESIAN_POINT('',(-37.3000001368324,-32.05,-7.09732498823737E-15));
#3437=CARTESIAN_POINT('Origin',(-35.25,-30.,0.));
#3438=CARTESIAN_POINT('',(-35.25,-32.05,-7.09732498823737E-15));
#3439=CARTESIAN_POINT('',(-35.25,-30.,2.05));
#3440=CARTESIAN_POINT('Origin',(-35.25,-30.,0.));
#3441=CARTESIAN_POINT('Origin',(-35.25,-30.,0.));
#3442=CARTESIAN_POINT('Origin',(-35.2499994326464,-21.5,2.83869812040228E-14));
#3443=CARTESIAN_POINT('',(-37.2999994326464,-21.4999998631676,2.81359286101976E-14));
#3444=CARTESIAN_POINT('Origin',(-35.2499994326464,-21.5,2.83869812040226E-14));
#3445=CARTESIAN_POINT('',(-37.299999866505,-28.,7.6550104206344E-15));
#3446=CARTESIAN_POINT('',(-37.2999994326464,-21.4999998631676,2.81359286101976E-14));
#3447=CARTESIAN_POINT('',(-35.7,-30.,-2.));
#3448=CARTESIAN_POINT('Ctrl Pts',(-35.7,-30.,-2.));
#3449=CARTESIAN_POINT('Ctrl Pts',(-35.6999999945147,-29.9178194746613,-2.));
#3450=CARTESIAN_POINT('Ctrl Pts',(-35.7212147347545,-29.8483084692711,-1.9953232034202));
#3451=CARTESIAN_POINT('Ctrl Pts',(-35.7780235839962,-29.7175518348835,-1.98104734326027));
#3452=CARTESIAN_POINT('Ctrl Pts',(-35.8142763499742,-29.6566138075821,-1.97126176839248));
#3453=CARTESIAN_POINT('Ctrl Pts',(-35.9350845197925,-29.4756653506146,-1.933973699627));
#3454=CARTESIAN_POINT('Ctrl Pts',(-36.0306746906005,-29.3592779030444,-1.89880685524393));
#3455=CARTESIAN_POINT('Ctrl Pts',(-36.3328292635666,-29.0078607827858,-1.75493692789549));
#3456=CARTESIAN_POINT('Ctrl Pts',(-36.5503926342554,-28.7785510342645,-1.60697816249531));
#3457=CARTESIAN_POINT('Ctrl Pts',(-36.8873221712538,-28.4249756061181,-1.25340272795729));
#3458=CARTESIAN_POINT('Ctrl Pts',(-37.0351162548208,-28.2723474546021,-1.04230182882765));
#3459=CARTESIAN_POINT('Ctrl Pts',(-37.1901220321352,-28.1127441353208,-0.675321848919945));
#3460=CARTESIAN_POINT('Ctrl Pts',(-37.2310826638328,-28.0706922061738,-0.544703185007211));
#3461=CARTESIAN_POINT('Ctrl Pts',(-37.2860186015061,-28.0143231611388,-0.275598819237372));
#3462=CARTESIAN_POINT('Ctrl Pts',(-37.299999866505,-28.,-0.137115600242615));
#3463=CARTESIAN_POINT('Ctrl Pts',(-37.299999866505,-28.,9.40220123979429E-15));
#3464=CARTESIAN_POINT('',(-37.300000133495,-32.,-7.78463282811263E-15));
#3465=CARTESIAN_POINT('Ctrl Pts',(-37.300000133495,-32.,-8.56953397132543E-15));
#3466=CARTESIAN_POINT('Ctrl Pts',(-37.300000133495,-32.,-0.137115605174126));
#3467=CARTESIAN_POINT('Ctrl Pts',(-37.2860188656004,-31.9856768378537,-0.275598827940143));
#3468=CARTESIAN_POINT('Ctrl Pts',(-37.2310829177129,-31.9293077900559,-0.544703199107185));
#3469=CARTESIAN_POINT('Ctrl Pts',(-37.19012227869,-31.8872558591468,-0.675321864642806));
#3470=CARTESIAN_POINT('Ctrl Pts',(-37.0351164753622,-31.7276525349835,-1.04230184676935));
#3471=CARTESIAN_POINT('Ctrl Pts',(-36.8873223690041,-31.5750243808901,-1.2534027438561));
#3472=CARTESIAN_POINT('Ctrl Pts',(-36.5503927870886,-31.2214489548461,-1.60697816990007));
#3473=CARTESIAN_POINT('Ctrl Pts',(-36.3328293906232,-30.9921392111251,-1.75493693071718));
#3474=CARTESIAN_POINT('Ctrl Pts',(-36.0306747759972,-30.6407220967078,-1.8988068551812));
#3475=CARTESIAN_POINT('Ctrl Pts',(-35.9350845908083,-30.5243346505777,-1.93397369925194));
#3476=CARTESIAN_POINT('Ctrl Pts',(-35.814276397325,-30.3433861948471,-1.9712617679565));
#3477=CARTESIAN_POINT('Ctrl Pts',(-35.7780236231337,-30.2824481677836,-1.98104734288339));
#3478=CARTESIAN_POINT('Ctrl Pts',(-35.7212147558106,-30.1516915332133,-1.99532320323464));
#3479=CARTESIAN_POINT('Ctrl Pts',(-35.7000000054853,-30.0821805275943,-2.));
#3480=CARTESIAN_POINT('Ctrl Pts',(-35.7,-30.,-2.));
#3481=CARTESIAN_POINT('',(-37.2999994326464,-21.4999998631676,2.81359286101976E-14));
#3482=CARTESIAN_POINT('Ctrl Pts',(-37.299999866505,-28.,8.98586760555986E-15));
#3483=CARTESIAN_POINT('Ctrl Pts',(-37.299999866505,-28.,0.137115600242634));
#3484=CARTESIAN_POINT('Ctrl Pts',(-37.2860186015061,-28.0143231611388,0.275598819237392));
#3485=CARTESIAN_POINT('Ctrl Pts',(-37.2310826638328,-28.0706922061738,0.54470318500723));
#3486=CARTESIAN_POINT('Ctrl Pts',(-37.1901220321352,-28.1127441353208,0.675321848919964));
#3487=CARTESIAN_POINT('Ctrl Pts',(-37.0351162548208,-28.2723474546021,1.04230182882766));
#3488=CARTESIAN_POINT('Ctrl Pts',(-36.8873221712538,-28.4249756061181,1.2534027279573));
#3489=CARTESIAN_POINT('Ctrl Pts',(-36.5503926342554,-28.7785510342645,1.60697816249532));
#3490=CARTESIAN_POINT('Ctrl Pts',(-36.3328292635666,-29.0078607827858,1.7549369278955));
#3491=CARTESIAN_POINT('Ctrl Pts',(-36.0306746906005,-29.3592779030444,1.89880685524393));
#3492=CARTESIAN_POINT('Ctrl Pts',(-35.9350845197925,-29.4756653506146,1.933973699627));
#3493=CARTESIAN_POINT('Ctrl Pts',(-35.8142763499742,-29.6566138075821,1.97126176839248));
#3494=CARTESIAN_POINT('Ctrl Pts',(-35.7780235839962,-29.7175518348835,1.98104734326027));
#3495=CARTESIAN_POINT('Ctrl Pts',(-35.7212147347545,-29.8483084692711,1.9953232034202));
#3496=CARTESIAN_POINT('Ctrl Pts',(-35.6999999945146,-29.9178194746613,2.));
#3497=CARTESIAN_POINT('Ctrl Pts',(-35.7000000054853,-30.0821805275944,2.));
#3498=CARTESIAN_POINT('Ctrl Pts',(-35.7212147558106,-30.1516915332133,1.99532320323464));
#3499=CARTESIAN_POINT('Ctrl Pts',(-35.7780236231337,-30.2824481677836,1.98104734288339));
#3500=CARTESIAN_POINT('Ctrl Pts',(-35.814276397325,-30.3433861948471,1.97126176795649));
#3501=CARTESIAN_POINT('Ctrl Pts',(-35.9350845908083,-30.5243346505777,1.93397369925194));
#3502=CARTESIAN_POINT('Ctrl Pts',(-36.0306747759972,-30.6407220967079,1.8988068551812));
#3503=CARTESIAN_POINT('Ctrl Pts',(-36.3328293906232,-30.9921392111251,1.75493693071717));
#3504=CARTESIAN_POINT('Ctrl Pts',(-36.5503927870887,-31.2214489548461,1.60697816990006));
#3505=CARTESIAN_POINT('Ctrl Pts',(-36.8873223690041,-31.5750243808901,1.25340274385609));
#3506=CARTESIAN_POINT('Ctrl Pts',(-37.0351164753622,-31.7276525349835,1.04230184676934));
#3507=CARTESIAN_POINT('Ctrl Pts',(-37.19012227869,-31.8872558591468,0.675321864642789));
#3508=CARTESIAN_POINT('Ctrl Pts',(-37.2310829177129,-31.9293077900559,0.544703199107168));
#3509=CARTESIAN_POINT('Ctrl Pts',(-37.2860188656004,-31.9856768378537,0.275598827940125));
#3510=CARTESIAN_POINT('Ctrl Pts',(-37.300000133495,-32.,0.137115605174108));
#3511=CARTESIAN_POINT('Ctrl Pts',(-37.300000133495,-32.,-9.19403442267708E-15));
#3512=CARTESIAN_POINT('Origin',(-60.35,-56.45,-9.94999999999999));
#3513=CARTESIAN_POINT('',(-58.5,-51.45,-9.94999999999999));
#3514=CARTESIAN_POINT('Origin',(-60.35,-51.45,-9.94999999999999));
#3515=CARTESIAN_POINT('',(-58.5,-56.45,-9.94999999999999));
#3516=CARTESIAN_POINT('',(-58.5,-56.45,-9.94999999999999));
#3517=CARTESIAN_POINT('Origin',(-60.35,-56.45,-9.94999999999999));
#3518=CARTESIAN_POINT('Origin',(-60.35,-56.45,-9.94999999999999));
#3519=CARTESIAN_POINT('',(-56.5,-51.45,-9.94999999999999));
#3520=CARTESIAN_POINT('Origin',(-60.35,-51.45,-9.94999999999999));
#3521=CARTESIAN_POINT('',(-56.5,-56.45,-9.94999999999999));
#3522=CARTESIAN_POINT('',(-56.5,-56.45,-9.94999999999999));
#3523=CARTESIAN_POINT('Origin',(-60.35,-56.45,-9.94999999999999));
#3524=CARTESIAN_POINT('Origin',(-60.35,-51.45,-9.94999999999998));
#3525=CARTESIAN_POINT('Origin',(-52.375,-56.45,-9.95));
#3526=CARTESIAN_POINT('',(-44.4,-56.45,-14.));
#3527=CARTESIAN_POINT('',(-44.4,-56.45,-5.9));
#3528=CARTESIAN_POINT('',(-44.4,-56.45,-7.4625));
#3529=CARTESIAN_POINT('',(-64.4,-56.45,-14.));
#3530=CARTESIAN_POINT('',(-40.35,-56.45,-14.));
#3531=CARTESIAN_POINT('',(-64.4,-56.45,-5.9));
#3532=CARTESIAN_POINT('',(-64.4,-56.45,-14.));
#3533=CARTESIAN_POINT('',(-64.4,-56.45,-5.9));
#3534=CARTESIAN_POINT('Origin',(1.92290120317262E-14,0.,4.05));
#3535=CARTESIAN_POINT('',(3.85000000000002,4.71489017671731E-16,9.05));
#3536=CARTESIAN_POINT('Origin',(1.895145627557E-14,0.,9.05));
#3537=CARTESIAN_POINT('',(3.85000000000002,4.71489017671731E-16,4.05));
#3538=CARTESIAN_POINT('',(3.85000000000002,4.71489017671731E-16,4.05));
#3539=CARTESIAN_POINT('Origin',(1.92290120317262E-14,0.,4.05000000000001));
#3540=CARTESIAN_POINT('Origin',(1.90240186353609E-14,0.,9.05));
#3541=CARTESIAN_POINT('',(-1.84999999999997,-2.2655965784226E-16,9.05000000000001));
#3542=CARTESIAN_POINT('Origin',(1.895145627557E-14,0.,9.05));
#3543=CARTESIAN_POINT('Origin',(60.25,-55.95,-10.));
#3544=CARTESIAN_POINT('',(64.05,-51.45,-10.));
#3545=CARTESIAN_POINT('Origin',(60.25,-51.45,-10.));
#3546=CARTESIAN_POINT('',(64.05,-55.95,-10.));
#3547=CARTESIAN_POINT('',(64.05,-55.95,-10.));
#3548=CARTESIAN_POINT('Origin',(60.25,-55.95,-10.));
#3549=CARTESIAN_POINT('Origin',(60.25,-51.45,-10.));
#3550=CARTESIAN_POINT('',(58.45,-51.45,-10.));
#3551=CARTESIAN_POINT('Origin',(60.25,-51.45,-10.));
#3552=CARTESIAN_POINT('Origin',(-60.35,-60.5,-9.95));
#3553=CARTESIAN_POINT('',(-60.35,-60.5,-11.75));
#3554=CARTESIAN_POINT('',(-62.15,-62.3,-9.95));
#3555=CARTESIAN_POINT('Origin',(-60.35,-60.5,-9.95));
#3556=CARTESIAN_POINT('',(-42.35,-62.3,-9.95));
#3557=CARTESIAN_POINT('',(-60.35,-62.3,-9.95));
#3558=CARTESIAN_POINT('',(-41.2217797887081,-60.5,-8.15));
#3559=CARTESIAN_POINT('Ctrl Pts',(-41.2217797887081,-60.5,-8.15));
#3560=CARTESIAN_POINT('Ctrl Pts',(-41.2217797887081,-60.3692165883689,-8.15));
#3561=CARTESIAN_POINT('Ctrl Pts',(-41.2513833699585,-60.2469286899645,-8.16389023964297));
#3562=CARTESIAN_POINT('Ctrl Pts',(-41.3425791799414,-60.0134131860195,-8.21291435567431));
#3563=CARTESIAN_POINT('Ctrl Pts',(-41.4038454752609,-59.9020989453412,-8.24824110406243));
#3564=CARTESIAN_POINT('Ctrl Pts',(-41.6052652944089,-59.5816888894989,-8.38456163438538));
#3565=CARTESIAN_POINT('Ctrl Pts',(-41.7609204871411,-59.3869651251282,-8.51745046260019));
#3566=CARTESIAN_POINT('Ctrl Pts',(-42.0150364920529,-59.0789564205388,-8.8254591671896));
#3567=CARTESIAN_POINT('Ctrl Pts',(-42.1350790246403,-58.9416465157866,-9.01775610222465));
#3568=CARTESIAN_POINT('Ctrl Pts',(-42.3029261015654,-58.7518927898243,-9.45840483507878));
#3569=CARTESIAN_POINT('Ctrl Pts',(-42.35,-58.7,-9.70727160401246));
#3570=CARTESIAN_POINT('Ctrl Pts',(-42.35,-58.7,-10.1927283959875));
#3571=CARTESIAN_POINT('Ctrl Pts',(-42.3029261015654,-58.7518927898243,-10.4415951649212));
#3572=CARTESIAN_POINT('Ctrl Pts',(-42.1350790246403,-58.9416465157866,-10.8822438977753));
#3573=CARTESIAN_POINT('Ctrl Pts',(-42.0150364920529,-59.0789564205388,-11.0745408328104));
#3574=CARTESIAN_POINT('Ctrl Pts',(-41.7609204871411,-59.3869651251282,-11.3825495373998));
#3575=CARTESIAN_POINT('Ctrl Pts',(-41.6052652944089,-59.5816888894989,-11.5154383656146));
#3576=CARTESIAN_POINT('Ctrl Pts',(-41.4038454752609,-59.9020989453412,-11.6517588959376));
#3577=CARTESIAN_POINT('Ctrl Pts',(-41.3425791799414,-60.0134131860196,-11.6870856443257));
#3578=CARTESIAN_POINT('Ctrl Pts',(-41.2513833699585,-60.2469286899645,-11.736109760357));
#3579=CARTESIAN_POINT('Ctrl Pts',(-41.2217797887081,-60.3692165883689,-11.75));
#3580=CARTESIAN_POINT('Ctrl Pts',(-41.2217797887081,-60.630783411631,-11.75));
#3581=CARTESIAN_POINT('Ctrl Pts',(-41.2513833699585,-60.7530713100354,-11.736109760357));
#3582=CARTESIAN_POINT('Ctrl Pts',(-41.3425791799414,-60.9865868139804,-11.6870856443257));
#3583=CARTESIAN_POINT('Ctrl Pts',(-41.4038454752609,-61.0979010546587,-11.6517588959376));
#3584=CARTESIAN_POINT('Ctrl Pts',(-41.6052652944089,-61.4183111105011,-11.5154383656146));
#3585=CARTESIAN_POINT('Ctrl Pts',(-41.7609204871411,-61.6130348748717,-11.3825495373998));
#3586=CARTESIAN_POINT('Ctrl Pts',(-42.0150364920529,-61.9210435794611,-11.0745408328104));
#3587=CARTESIAN_POINT('Ctrl Pts',(-42.1350790246403,-62.0583534842134,-10.8822438977753));
#3588=CARTESIAN_POINT('Ctrl Pts',(-42.3029261015654,-62.2481072101756,-10.4415951649212));
#3589=CARTESIAN_POINT('Ctrl Pts',(-42.35,-62.3,-10.1927283959875));
#3590=CARTESIAN_POINT('Ctrl Pts',(-42.35,-62.3,-9.95));
#3591=CARTESIAN_POINT('Ctrl Pts',(-42.35,-62.3,-9.95));
#3592=CARTESIAN_POINT('Ctrl Pts',(-42.35,-62.3,-9.70727160401247));
#3593=CARTESIAN_POINT('Ctrl Pts',(-42.3029261015654,-62.2481072101756,-9.45840483507878));
#3594=CARTESIAN_POINT('Ctrl Pts',(-42.1350790246403,-62.0583534842134,-9.01775610222466));
#3595=CARTESIAN_POINT('Ctrl Pts',(-42.0150364920529,-61.9210435794611,-8.8254591671896));
#3596=CARTESIAN_POINT('Ctrl Pts',(-41.7609204871411,-61.6130348748717,-8.51745046260019));
#3597=CARTESIAN_POINT('Ctrl Pts',(-41.6052652944089,-61.4183111105011,-8.38456163438538));
#3598=CARTESIAN_POINT('Ctrl Pts',(-41.4038454752609,-61.0979010546587,-8.24824110406243));
#3599=CARTESIAN_POINT('Ctrl Pts',(-41.3425791799414,-60.9865868139804,-8.21291435567431));
#3600=CARTESIAN_POINT('Ctrl Pts',(-41.2513833699585,-60.7530713100354,-8.16389023964297));
#3601=CARTESIAN_POINT('Ctrl Pts',(-41.2217797887081,-60.630783411631,-8.15));
#3602=CARTESIAN_POINT('Ctrl Pts',(-41.2217797887081,-60.5,-8.15));
#3603=CARTESIAN_POINT('',(-60.35,-60.5,-8.15));
#3604=CARTESIAN_POINT('Origin',(-60.35,-60.5,-9.95));
#3605=CARTESIAN_POINT('Origin',(-60.35,-60.5,-9.95));
#3606=CARTESIAN_POINT('Origin',(-60.35,-56.45,-9.95));
#3607=CARTESIAN_POINT('',(-62.15,-56.45,-9.95));
#3608=CARTESIAN_POINT('Origin',(-60.35,-56.45,-9.95));
#3609=CARTESIAN_POINT('',(-62.15,-56.45,-9.95));
#3610=CARTESIAN_POINT('Origin',(-35.25,-60.,0.));
#3611=CARTESIAN_POINT('',(-35.25,-60.,1.8));
#3612=CARTESIAN_POINT('',(-35.25,-60.,-1.8));
#3613=CARTESIAN_POINT('',(-35.25,-60.,4.87765844428828E-30));
#3614=CARTESIAN_POINT('Origin',(-35.25,-60.,3.25867346590321E-32));
#3615=CARTESIAN_POINT('Origin',(60.25,-60.,0.));
#3616=CARTESIAN_POINT('',(60.25,-61.8,0.));
#3617=CARTESIAN_POINT('',(58.45,-60.,-1.8));
#3618=CARTESIAN_POINT('Origin',(60.25,-60.,0.));
#3619=CARTESIAN_POINT('',(36.2310708435174,-60.,-1.8));
#3620=CARTESIAN_POINT('',(60.25,-60.,-1.8));
#3621=CARTESIAN_POINT('Ctrl Pts',(36.2310708435174,-60.,-1.8));
#3622=CARTESIAN_POINT('Ctrl Pts',(36.2310708435174,-59.8715530899315,-1.8));
#3623=CARTESIAN_POINT('Ctrl Pts',(36.2566759200403,-59.7489456908096,-1.78644197084057));
#3624=CARTESIAN_POINT('Ctrl Pts',(36.3392776514532,-59.5141548676407,-1.73733146638828));
#3625=CARTESIAN_POINT('Ctrl Pts',(36.3957528498525,-59.4018060391052,-1.70169426096861));
#3626=CARTESIAN_POINT('Ctrl Pts',(36.5836658687745,-59.0799359613081,-1.56457193474136));
#3627=CARTESIAN_POINT('Ctrl Pts',(36.7314891314282,-58.885696710244,-1.43128112251557));
#3628=CARTESIAN_POINT('Ctrl Pts',(36.9751138490518,-58.5780983566632,-1.12368276893473));
#3629=CARTESIAN_POINT('Ctrl Pts',(37.0915550589849,-58.4407831074039,-0.930787647773193));
#3630=CARTESIAN_POINT('Ctrl Pts',(37.2543810903787,-58.2514646550514,-0.490048421243474));
#3631=CARTESIAN_POINT('Ctrl Pts',(37.3,-58.2,-0.241690673493257));
#3632=CARTESIAN_POINT('Ctrl Pts',(37.3,-58.2,0.241690673493257));
#3633=CARTESIAN_POINT('Ctrl Pts',(37.2543810903787,-58.2514646550514,0.490048421243473));
#3634=CARTESIAN_POINT('Ctrl Pts',(37.0915550589849,-58.4407831074039,0.930787647773193));
#3635=CARTESIAN_POINT('Ctrl Pts',(36.9751138490518,-58.5780983566632,1.12368276893473));
#3636=CARTESIAN_POINT('Ctrl Pts',(36.7314891314282,-58.885696710244,1.43128112251557));
#3637=CARTESIAN_POINT('Ctrl Pts',(36.5836658687745,-59.0799359613081,1.56457193474136));
#3638=CARTESIAN_POINT('Ctrl Pts',(36.3957528498525,-59.4018060391052,1.70169426096861));
#3639=CARTESIAN_POINT('Ctrl Pts',(36.3392776514532,-59.5141548676407,1.73733146638828));
#3640=CARTESIAN_POINT('Ctrl Pts',(36.2566759200403,-59.7489456908096,1.78644197084057));
#3641=CARTESIAN_POINT('Ctrl Pts',(36.2310708435174,-59.8715530899315,1.8));
#3642=CARTESIAN_POINT('Ctrl Pts',(36.2310708435174,-60.1284469100685,1.8));
#3643=CARTESIAN_POINT('Ctrl Pts',(36.2566759200403,-60.2510543091904,1.78644197084057));
#3644=CARTESIAN_POINT('Ctrl Pts',(36.3392776514532,-60.4858451323593,1.73733146638828));
#3645=CARTESIAN_POINT('Ctrl Pts',(36.3957528498525,-60.5981939608948,1.70169426096861));
#3646=CARTESIAN_POINT('Ctrl Pts',(36.5836658687745,-60.9200640386919,1.56457193474136));
#3647=CARTESIAN_POINT('Ctrl Pts',(36.7314891314282,-61.114303289756,1.43128112251557));
#3648=CARTESIAN_POINT('Ctrl Pts',(36.9751138490518,-61.4219016433368,1.12368276893473));
#3649=CARTESIAN_POINT('Ctrl Pts',(37.0915550589849,-61.5592168925961,0.930787647773193));
#3650=CARTESIAN_POINT('Ctrl Pts',(37.2543810903787,-61.7485353449486,0.490048421243473));
#3651=CARTESIAN_POINT('Ctrl Pts',(37.3,-61.8,0.241690673493257));
#3652=CARTESIAN_POINT('Ctrl Pts',(37.3,-61.8,-0.241690673493257));
#3653=CARTESIAN_POINT('Ctrl Pts',(37.2543810903787,-61.7485353449486,-0.490048421243474));
#3654=CARTESIAN_POINT('Ctrl Pts',(37.0915550589849,-61.5592168925961,-0.930787647773193));
#3655=CARTESIAN_POINT('Ctrl Pts',(36.9751138490518,-61.4219016433368,-1.12368276893473));
#3656=CARTESIAN_POINT('Ctrl Pts',(36.7314891314282,-61.114303289756,-1.43128112251557));
#3657=CARTESIAN_POINT('Ctrl Pts',(36.5836658687745,-60.9200640386919,-1.56457193474136));
#3658=CARTESIAN_POINT('Ctrl Pts',(36.3957528498525,-60.5981939608948,-1.70169426096861));
#3659=CARTESIAN_POINT('Ctrl Pts',(36.3392776514532,-60.4858451323593,-1.73733146638828));
#3660=CARTESIAN_POINT('Ctrl Pts',(36.2566759200403,-60.2510543091904,-1.78644197084057));
#3661=CARTESIAN_POINT('Ctrl Pts',(36.2310708435174,-60.1284469100685,-1.8));
#3662=CARTESIAN_POINT('Ctrl Pts',(36.2310708435174,-60.,-1.8));
#3663=CARTESIAN_POINT('',(60.25,-58.2,0.));
#3664=CARTESIAN_POINT('Origin',(60.25,-60.,0.));
#3665=CARTESIAN_POINT('Origin',(60.25,-60.,1.07516020680379E-46));
#3666=CARTESIAN_POINT('Origin',(60.25,-60.,0.));
#3667=CARTESIAN_POINT('',(-30.9810708435174,-60.,-1.8));
#3668=CARTESIAN_POINT('',(-32.05,-61.8,-2.12262470711444E-16));
#3669=CARTESIAN_POINT('Ctrl Pts',(-30.9810708435174,-60.,-1.8));
#3670=CARTESIAN_POINT('Ctrl Pts',(-30.9810708435174,-60.1284469100685,-1.8));
#3671=CARTESIAN_POINT('Ctrl Pts',(-31.0066759200403,-60.2510543091904,-1.78644197084057));
#3672=CARTESIAN_POINT('Ctrl Pts',(-31.0892776514532,-60.4858451323593,-1.73733146638828));
#3673=CARTESIAN_POINT('Ctrl Pts',(-31.1457528498525,-60.5981939608948,-1.70169426096861));
#3674=CARTESIAN_POINT('Ctrl Pts',(-31.3336658687745,-60.9200640386919,-1.56457193474135));
#3675=CARTESIAN_POINT('Ctrl Pts',(-31.4814891314282,-61.114303289756,-1.43128112251557));
#3676=CARTESIAN_POINT('Ctrl Pts',(-31.7251138490518,-61.4219016433368,-1.12368276893473));
#3677=CARTESIAN_POINT('Ctrl Pts',(-31.8415550589849,-61.5592168925961,-0.930787647773194));
#3678=CARTESIAN_POINT('Ctrl Pts',(-32.0043810903787,-61.7485353449486,-0.490048421243475));
#3679=CARTESIAN_POINT('Ctrl Pts',(-32.05,-61.8,-0.241690673493258));
#3680=CARTESIAN_POINT('Ctrl Pts',(-32.05,-61.8,-1.73472347597681E-16));
#3681=CARTESIAN_POINT('',(-34.2689291564826,-60.,-1.8));
#3682=CARTESIAN_POINT('',(60.25,-60.,-1.8));
#3683=CARTESIAN_POINT('',(60.25,-60.,-1.8));
#3684=CARTESIAN_POINT('',(-34.2689291564826,-60.,1.8));
#3685=CARTESIAN_POINT('',(60.25,-60.,1.8));
#3686=CARTESIAN_POINT('',(-33.2,-58.2,8.26405202046131E-17));
#3687=CARTESIAN_POINT('Ctrl Pts',(-33.2,-58.2,3.81639164714898E-16));
#3688=CARTESIAN_POINT('Ctrl Pts',(-33.2,-58.2,0.241690673493257));
#3689=CARTESIAN_POINT('Ctrl Pts',(-33.2456189096213,-58.2514646550514,0.490048421243471));
#3690=CARTESIAN_POINT('Ctrl Pts',(-33.4084449410151,-58.4407831074039,0.93078764777319));
#3691=CARTESIAN_POINT('Ctrl Pts',(-33.5248861509482,-58.5780983566632,1.12368276893473));
#3692=CARTESIAN_POINT('Ctrl Pts',(-33.7685108685718,-58.885696710244,1.43128112251557));
#3693=CARTESIAN_POINT('Ctrl Pts',(-33.9163341312255,-59.0799359613081,1.56457193474135));
#3694=CARTESIAN_POINT('Ctrl Pts',(-34.1042471501475,-59.4018060391051,1.70169426096861));
#3695=CARTESIAN_POINT('Ctrl Pts',(-34.1607223485469,-59.5141548676407,1.73733146638828));
#3696=CARTESIAN_POINT('Ctrl Pts',(-34.2433240799597,-59.7489456908096,1.78644197084056));
#3697=CARTESIAN_POINT('Ctrl Pts',(-34.2689291564826,-59.8715530899315,1.8));
#3698=CARTESIAN_POINT('Ctrl Pts',(-34.2689291564826,-60.,1.8));
#3699=CARTESIAN_POINT('Ctrl Pts',(-34.2689291564826,-60.,-1.8));
#3700=CARTESIAN_POINT('Ctrl Pts',(-34.2689291564826,-59.8715530899315,-1.8));
#3701=CARTESIAN_POINT('Ctrl Pts',(-34.2433240799597,-59.7489456908096,-1.78644197084056));
#3702=CARTESIAN_POINT('Ctrl Pts',(-34.1607223485469,-59.5141548676407,-1.73733146638828));
#3703=CARTESIAN_POINT('Ctrl Pts',(-34.1042471501475,-59.4018060391052,-1.70169426096861));
#3704=CARTESIAN_POINT('Ctrl Pts',(-33.9163341312255,-59.0799359613081,-1.56457193474136));
#3705=CARTESIAN_POINT('Ctrl Pts',(-33.7685108685718,-58.885696710244,-1.43128112251557));
#3706=CARTESIAN_POINT('Ctrl Pts',(-33.5248861509482,-58.5780983566632,-1.12368276893473));
#3707=CARTESIAN_POINT('Ctrl Pts',(-33.4084449410151,-58.4407831074039,-0.930787647773192));
#3708=CARTESIAN_POINT('Ctrl Pts',(-33.2456189096213,-58.2514646550514,-0.490048421243472));
#3709=CARTESIAN_POINT('Ctrl Pts',(-33.2,-58.2,-0.241690673493257));
#3710=CARTESIAN_POINT('Ctrl Pts',(-33.2,-58.2,3.46944695195361E-17));
#3711=CARTESIAN_POINT('',(-32.05,-58.2,6.5293285444845E-17));
#3712=CARTESIAN_POINT('Ctrl Pts',(-32.05,-58.2,3.12250225675825E-16));
#3713=CARTESIAN_POINT('Ctrl Pts',(-32.05,-58.2,-0.241690673493257));
#3714=CARTESIAN_POINT('Ctrl Pts',(-32.0043810903787,-58.2514646550514,-0.490048421243475));
#3715=CARTESIAN_POINT('Ctrl Pts',(-31.8415550589849,-58.4407831074039,-0.930787647773194));
#3716=CARTESIAN_POINT('Ctrl Pts',(-31.7251138490518,-58.5780983566632,-1.12368276893473));
#3717=CARTESIAN_POINT('Ctrl Pts',(-31.4814891314282,-58.885696710244,-1.43128112251557));
#3718=CARTESIAN_POINT('Ctrl Pts',(-31.3336658687745,-59.0799359613081,-1.56457193474135));
#3719=CARTESIAN_POINT('Ctrl Pts',(-31.1457528498525,-59.4018060391051,-1.70169426096861));
#3720=CARTESIAN_POINT('Ctrl Pts',(-31.0892776514532,-59.5141548676407,-1.73733146638828));
#3721=CARTESIAN_POINT('Ctrl Pts',(-31.0066759200403,-59.7489456908096,-1.78644197084056));
#3722=CARTESIAN_POINT('Ctrl Pts',(-30.9810708435174,-59.8715530899315,-1.8));
#3723=CARTESIAN_POINT('Ctrl Pts',(-30.9810708435174,-60.,-1.8));
#3724=CARTESIAN_POINT('Ctrl Pts',(-32.05,-61.8,-2.77555756156289E-16));
#3725=CARTESIAN_POINT('Ctrl Pts',(-32.05,-61.8,0.241690673493257));
#3726=CARTESIAN_POINT('Ctrl Pts',(-32.0043810903787,-61.7485353449486,0.490048421243475));
#3727=CARTESIAN_POINT('Ctrl Pts',(-31.8415550589849,-61.5592168925961,0.930787647773194));
#3728=CARTESIAN_POINT('Ctrl Pts',(-31.7251138490518,-61.4219016433368,1.12368276893473));
#3729=CARTESIAN_POINT('Ctrl Pts',(-31.4814891314282,-61.114303289756,1.43128112251557));
#3730=CARTESIAN_POINT('Ctrl Pts',(-31.3336658687745,-60.9200640386919,1.56457193474135));
#3731=CARTESIAN_POINT('Ctrl Pts',(-31.1457528498525,-60.5981939608948,1.70169426096861));
#3732=CARTESIAN_POINT('Ctrl Pts',(-31.0892776514532,-60.4858451323593,1.73733146638828));
#3733=CARTESIAN_POINT('Ctrl Pts',(-31.0066759200403,-60.2510543091904,1.78644197084057));
#3734=CARTESIAN_POINT('Ctrl Pts',(-30.9810708435174,-60.1284469100685,1.8));
#3735=CARTESIAN_POINT('Ctrl Pts',(-30.9810708435174,-59.8715530899315,1.8));
#3736=CARTESIAN_POINT('Ctrl Pts',(-31.0066759200403,-59.7489456908096,1.78644197084057));
#3737=CARTESIAN_POINT('Ctrl Pts',(-31.0892776514532,-59.5141548676407,1.73733146638828));
#3738=CARTESIAN_POINT('Ctrl Pts',(-31.1457528498525,-59.4018060391052,1.70169426096861));
#3739=CARTESIAN_POINT('Ctrl Pts',(-31.3336658687745,-59.0799359613081,1.56457193474135));
#3740=CARTESIAN_POINT('Ctrl Pts',(-31.4814891314282,-58.885696710244,1.43128112251557));
#3741=CARTESIAN_POINT('Ctrl Pts',(-31.7251138490518,-58.5780983566632,1.12368276893473));
#3742=CARTESIAN_POINT('Ctrl Pts',(-31.8415550589849,-58.4407831074039,0.930787647773194));
#3743=CARTESIAN_POINT('Ctrl Pts',(-32.0043810903787,-58.2514646550514,0.490048421243475));
#3744=CARTESIAN_POINT('Ctrl Pts',(-32.05,-58.2,0.241690673493258));
#3745=CARTESIAN_POINT('Ctrl Pts',(-32.05,-58.2,7.97972798949331E-16));
#3746=CARTESIAN_POINT('Origin',(60.25,-60.,-10.));
#3747=CARTESIAN_POINT('',(62.05,-60.,-10.));
#3748=CARTESIAN_POINT('',(58.45,-60.,-10.));
#3749=CARTESIAN_POINT('Origin',(60.25,-60.,-9.99999999999999));
#3750=CARTESIAN_POINT('',(58.45,-60.,-10.));
#3751=CARTESIAN_POINT('Origin',(60.25,-60.,-10.));
#3752=CARTESIAN_POINT('Origin',(60.25,-55.95,-10.));
#3753=CARTESIAN_POINT('',(58.45,-55.95,-10.));
#3754=CARTESIAN_POINT('Origin',(-35.25,-60.,1.6293367329516E-32));
#3755=CARTESIAN_POINT('Origin',(-35.25,-60.,1.6293367329516E-32));
#3756=CARTESIAN_POINT('Origin',(56.2,-60.,-14.05));
#3757=CARTESIAN_POINT('',(56.2,-55.95,-4.05));
#3758=CARTESIAN_POINT('',(56.2,-64.05,-4.05));
#3759=CARTESIAN_POINT('',(56.2,-63.25,-4.04999999999999));
#3760=CARTESIAN_POINT('',(56.2,-55.95,-14.05));
#3761=CARTESIAN_POINT('',(56.2,-55.95,-4.05));
#3762=CARTESIAN_POINT('',(56.2,-64.05,-14.05));
#3763=CARTESIAN_POINT('',(56.2,-60.,-14.05));
#3764=CARTESIAN_POINT('',(56.2,-64.05,-4.05));
#3765=CARTESIAN_POINT('Origin',(64.3,-60.,-14.05));
#3766=CARTESIAN_POINT('',(64.3,-55.95,-14.05));
#3767=CARTESIAN_POINT('',(56.2,-55.95,-14.05));
#3768=CARTESIAN_POINT('',(64.3,-64.05,-14.05));
#3769=CARTESIAN_POINT('',(64.3,-60.,-14.05));
#3770=CARTESIAN_POINT('',(56.2,-64.05,-14.05));
#3771=CARTESIAN_POINT('Origin',(-12.665,-66.5,-4.05));
#3772=CARTESIAN_POINT('',(44.3,-64.05,-4.05));
#3773=CARTESIAN_POINT('',(64.3,-64.05,-4.05));
#3774=CARTESIAN_POINT('',(44.3,-62.45,-4.05));
#3775=CARTESIAN_POINT('',(44.3,-30.,-4.05));
#3776=CARTESIAN_POINT('',(36.2,-62.45,-4.05));
#3777=CARTESIAN_POINT('',(52.275,-62.45,-4.05));
#3778=CARTESIAN_POINT('',(36.2,-70.55,-4.05));
#3779=CARTESIAN_POINT('',(36.2,-33.25,-4.05));
#3780=CARTESIAN_POINT('',(-5.45499999999997,-70.55,-4.05));
#3781=CARTESIAN_POINT('',(35.25,-70.55,-4.05));
#3782=CARTESIAN_POINT('',(-5.45499999999997,-66.5,-4.05));
#3783=CARTESIAN_POINT('',(-5.45499999999997,-66.5,-4.05));
#3784=CARTESIAN_POINT('',(1.29500000000001,-66.5,-4.05));
#3785=CARTESIAN_POINT('Origin',(-2.07999999999999,-66.5,-4.05));
#3786=CARTESIAN_POINT('Origin',(-2.07999999999999,-66.5,-4.05));
#3787=CARTESIAN_POINT('',(-5.45499999999997,-64.05,-4.05000000000001));
#3788=CARTESIAN_POINT('',(-5.45499999999997,-66.5,-4.05));
#3789=CARTESIAN_POINT('',(-12.665,-64.05,-4.05000000000001));
#3790=CARTESIAN_POINT('',(64.3,-64.05,-4.05));
#3791=CARTESIAN_POINT('',(-12.665,-66.5,-4.05));
#3792=CARTESIAN_POINT('',(-12.665,-66.5,-4.05));
#3793=CARTESIAN_POINT('',(-19.415,-66.5,-4.05));
#3794=CARTESIAN_POINT('Origin',(-16.04,-66.5,-4.05));
#3795=CARTESIAN_POINT('',(-19.415,-64.05,-4.05000000000001));
#3796=CARTESIAN_POINT('',(-19.415,-66.5,-4.05));
#3797=CARTESIAN_POINT('',(-26.625,-64.05,-4.05000000000001));
#3798=CARTESIAN_POINT('',(64.3,-64.05,-4.05));
#3799=CARTESIAN_POINT('',(-26.625,-66.5,-4.05));
#3800=CARTESIAN_POINT('',(-26.625,-66.5,-4.05));
#3801=CARTESIAN_POINT('',(-33.375,-66.5,-4.05));
#3802=CARTESIAN_POINT('Origin',(-30.,-66.5,-4.05));
#3803=CARTESIAN_POINT('',(-33.375,-64.05,-4.05000000000001));
#3804=CARTESIAN_POINT('',(-33.375,-66.5,-4.05));
#3805=CARTESIAN_POINT('',(-35.2500000936312,-64.05,-4.05));
#3806=CARTESIAN_POINT('',(64.3,-64.05,-4.05));
#3807=CARTESIAN_POINT('',(-35.2500000936312,-55.95,-4.05));
#3808=CARTESIAN_POINT('',(-35.2500000936312,-60.,-4.05));
#3809=CARTESIAN_POINT('',(35.25,-55.95,-4.05));
#3810=CARTESIAN_POINT('',(64.3,-55.95,-4.05));
#3811=CARTESIAN_POINT('',(64.3,-55.95,-4.05));
#3812=CARTESIAN_POINT('Origin',(35.25,0.,-1.6293367329516E-32));
#3813=CARTESIAN_POINT('',(35.25,3.59595907126861E-16,2.05));
#3814=CARTESIAN_POINT('',(37.3,2.05,-6.10648500952069E-16));
#3815=CARTESIAN_POINT('Origin',(35.25,-2.85806253902852E-48,-1.6293367329516E-32));
#3816=CARTESIAN_POINT('',(35.25,-3.59595907126861E-16,-2.05));
#3817=CARTESIAN_POINT('Origin',(35.25,-2.85806253902852E-48,-1.6293367329516E-32));
#3818=CARTESIAN_POINT('Origin',(35.25,-2.85806253902852E-48,-1.6293367329516E-32));
#3819=CARTESIAN_POINT('',(37.3,8.5,-1.74206001361951E-15));
#3820=CARTESIAN_POINT('',(37.3,-4.40377976649399E-32,-2.51052593825208E-16));
#3821=CARTESIAN_POINT('Origin',(35.25,8.5,-1.4910074197943E-15));
#3822=CARTESIAN_POINT('Origin',(-30.,-66.5,-4.05));
#3823=CARTESIAN_POINT('',(-26.625,-66.5,-14.05));
#3824=CARTESIAN_POINT('Origin',(-30.,-66.5,-14.05));
#3825=CARTESIAN_POINT('',(-26.625,-66.5,-4.05));
#3826=CARTESIAN_POINT('Origin',(-30.,-66.5,-4.05));
#3827=CARTESIAN_POINT('Origin',(-30.,-66.5,-14.05));
#3828=CARTESIAN_POINT('',(-28.625,-66.5,-14.05));
#3829=CARTESIAN_POINT('Origin',(-30.,-66.5,-14.05));
#3830=CARTESIAN_POINT('Origin',(-12.665,-66.5,-4.05));
#3831=CARTESIAN_POINT('',(-26.625,-70.55,-4.05));
#3832=CARTESIAN_POINT('',(-26.625,-66.5,-4.05));
#3833=CARTESIAN_POINT('',(-33.375,-70.55,-4.05));
#3834=CARTESIAN_POINT('',(1.295,-70.55,-4.05));
#3835=CARTESIAN_POINT('',(-33.375,-66.5,-4.05));
#3836=CARTESIAN_POINT('Origin',(-16.04,-66.5,-4.05));
#3837=CARTESIAN_POINT('',(-12.665,-66.5,-14.05));
#3838=CARTESIAN_POINT('Origin',(-16.04,-66.5,-14.05));
#3839=CARTESIAN_POINT('',(-12.665,-66.5,-4.05));
#3840=CARTESIAN_POINT('Origin',(-16.04,-66.5,-4.05));
#3841=CARTESIAN_POINT('Origin',(-16.04,-66.5,-14.05));
#3842=CARTESIAN_POINT('',(-14.665,-66.5,-14.05));
#3843=CARTESIAN_POINT('Origin',(-16.04,-66.5,-14.05));
#3844=CARTESIAN_POINT('Origin',(-12.665,-66.5,-4.05));
#3845=CARTESIAN_POINT('',(-11.99,-66.5,-4.05));
#3846=CARTESIAN_POINT('',(-30.,-66.5,-4.05));
#3847=CARTESIAN_POINT('',(-11.99,-80.55,-4.05));
#3848=CARTESIAN_POINT('',(-11.99,-80.55,-4.05));
#3849=CARTESIAN_POINT('',(-44.35,-80.55,-4.05));
#3850=CARTESIAN_POINT('',(-11.99,-80.55,-4.05));
#3851=CARTESIAN_POINT('',(-44.35,-70.5,-4.05));
#3852=CARTESIAN_POINT('',(-44.35,-80.55,-4.05));
#3853=CARTESIAN_POINT('',(-36.3,-70.5,-4.05));
#3854=CARTESIAN_POINT('',(-26.5075,-70.5,-4.05));
#3855=CARTESIAN_POINT('',(-36.3,-72.45,-4.05));
#3856=CARTESIAN_POINT('',(-36.3,-80.55,-4.05));
#3857=CARTESIAN_POINT('',(-20.09,-72.45,-4.05));
#3858=CARTESIAN_POINT('',(-44.35,-72.45,-4.05));
#3859=CARTESIAN_POINT('',(-20.09,-66.5,-4.05));
#3860=CARTESIAN_POINT('',(-20.09,-66.5,-4.05));
#3861=CARTESIAN_POINT('',(-30.,-66.5,-4.05));
#3862=CARTESIAN_POINT('Origin',(-2.07999999999999,-66.5,-4.05));
#3863=CARTESIAN_POINT('',(1.29500000000001,-66.5,-14.05));
#3864=CARTESIAN_POINT('Origin',(-2.07999999999999,-66.5,-14.05));
#3865=CARTESIAN_POINT('',(1.29500000000001,-66.5,-4.05));
#3866=CARTESIAN_POINT('Origin',(-2.07999999999999,-66.5,-14.05));
#3867=CARTESIAN_POINT('',(-0.704999999999993,-66.5,-14.05));
#3868=CARTESIAN_POINT('Origin',(-2.07999999999999,-66.5,-14.05));
#3869=CARTESIAN_POINT('Origin',(-2.07999999999999,-66.5,0.));
#3870=CARTESIAN_POINT('',(-2.08000000000002,-67.875,-1.23259516440783E-30));
#3871=CARTESIAN_POINT('',(-2.08000000000002,-65.125,-1.23259516440783E-30));
#3872=CARTESIAN_POINT('',(-2.08000000000002,-66.5,-1.23259516440783E-30));
#3873=CARTESIAN_POINT('Origin',(-2.07999999999999,-66.5,0.));
#3874=CARTESIAN_POINT('Origin',(-2.07999999999999,-66.5,0.));
#3875=CARTESIAN_POINT('',(-2.08000000000002,-67.875,-1.52048511995349));
#3876=CARTESIAN_POINT('',(-2.08000000000002,-67.875,-1.23259516440783E-30));
#3877=CARTESIAN_POINT('',(-0.704999999999992,-66.5,-2.05));
#3878=CARTESIAN_POINT('Ctrl Pts',(-0.704999999999992,-66.5,-2.05));
#3879=CARTESIAN_POINT('Ctrl Pts',(-0.704999999999992,-66.678921779902,-2.05));
#3880=CARTESIAN_POINT('Ctrl Pts',(-0.741991493707066,-66.8659055058653,
-2.02463576867823));
#3881=CARTESIAN_POINT('Ctrl Pts',(-0.884378055609157,-67.2033076344244,
-1.93349298878178));
#3882=CARTESIAN_POINT('Ctrl Pts',(-0.989499106155282,-67.3540427544183,
-1.86846082753255));
#3883=CARTESIAN_POINT('Ctrl Pts',(-1.22731552736427,-67.5918591756273,-1.74034341473609));
#3884=CARTESIAN_POINT('Ctrl Pts',(-1.37776002638198,-67.6960859898401,-1.66732704978959));
#3885=CARTESIAN_POINT('Ctrl Pts',(-1.71319645189425,-67.8376160346038,-1.55608016174239));
#3886=CARTESIAN_POINT('Ctrl Pts',(-1.89902266646187,-67.875,-1.5204851199535));
#3887=CARTESIAN_POINT('Ctrl Pts',(-2.07999999999999,-67.875,-1.5204851199535));
#3888=CARTESIAN_POINT('',(-0.704999999999993,-66.5,7.63278329429795E-17));
#3889=CARTESIAN_POINT('',(-2.08000000000002,-65.125,-1.5204851199535));
#3890=CARTESIAN_POINT('Ctrl Pts',(-2.07999999999999,-65.125,-1.5204851199535));
#3891=CARTESIAN_POINT('Ctrl Pts',(-1.89902266646187,-65.125,-1.5204851199535));
#3892=CARTESIAN_POINT('Ctrl Pts',(-1.71319645189425,-65.1623839653962,-1.55608016174239));
#3893=CARTESIAN_POINT('Ctrl Pts',(-1.37776002638198,-65.3039140101599,-1.66732704978959));
#3894=CARTESIAN_POINT('Ctrl Pts',(-1.22731552736427,-65.4081408243727,-1.74034341473609));
#3895=CARTESIAN_POINT('Ctrl Pts',(-0.989499106155282,-65.6459572455817,
-1.86846082753255));
#3896=CARTESIAN_POINT('Ctrl Pts',(-0.884378055609165,-65.7966923655756,
-1.93349298878178));
#3897=CARTESIAN_POINT('Ctrl Pts',(-0.74199149370707,-66.1340944941347,-2.02463576867822));
#3898=CARTESIAN_POINT('Ctrl Pts',(-0.704999999999993,-66.321078220098,-2.05));
#3899=CARTESIAN_POINT('Ctrl Pts',(-0.704999999999993,-66.5,-2.05));
#3900=CARTESIAN_POINT('',(-2.08000000000002,-65.125,-1.23259516440783E-30));
#3901=CARTESIAN_POINT('Origin',(-2.08000000000002,-66.5,1.54436476122994E-15));
#3902=CARTESIAN_POINT('',(-2.08000000000002,-64.45,-2.23257876781361E-15));
#3903=CARTESIAN_POINT('Origin',(-2.08000000000002,-66.5,1.54436476122994E-15));
#3904=CARTESIAN_POINT('Origin',(-2.08000000000002,-66.5,1.54436476122994E-15));
#3905=CARTESIAN_POINT('Origin',(-16.04,-66.5,0.));
#3906=CARTESIAN_POINT('',(-17.415,-66.5,0.));
#3907=CARTESIAN_POINT('',(-14.665,-66.5,0.));
#3908=CARTESIAN_POINT('',(-16.04,-66.5,0.));
#3909=CARTESIAN_POINT('Origin',(-16.04,-66.5,0.));
#3910=CARTESIAN_POINT('Origin',(-16.04,-66.5,0.));
#3911=CARTESIAN_POINT('',(-17.415,-66.5,-1.45236875482778));
#3912=CARTESIAN_POINT('',(-17.415,-66.5,0.));
#3913=CARTESIAN_POINT('',(-14.665,-66.5,-1.45236875482778));
#3914=CARTESIAN_POINT('Ctrl Pts',(-14.665,-66.5,-1.45236875482778));
#3915=CARTESIAN_POINT('Ctrl Pts',(-14.665,-66.6816377041703,-1.45236875482778));
#3916=CARTESIAN_POINT('Ctrl Pts',(-14.7025754254574,-66.8674274882809,-1.48985175738382));
#3917=CARTESIAN_POINT('Ctrl Pts',(-14.8441120180472,-67.2025386285249,-1.60568171701562));
#3918=CARTESIAN_POINT('Ctrl Pts',(-14.9482054449727,-67.3527490932357,-1.68127666432035));
#3919=CARTESIAN_POINT('Ctrl Pts',(-15.1857031787812,-67.5902468270442,-1.81339520755387));
#3920=CARTESIAN_POINT('Ctrl Pts',(-15.3362176606757,-67.6953423377341,-1.88024839503498));
#3921=CARTESIAN_POINT('Ctrl Pts',(-15.6735601597176,-67.8378620532059,-1.97392135813856));
#3922=CARTESIAN_POINT('Ctrl Pts',(-15.8607143652263,-67.875,-2.));
#3923=CARTESIAN_POINT('Ctrl Pts',(-16.2192856347737,-67.875,-2.));
#3924=CARTESIAN_POINT('Ctrl Pts',(-16.4064398402824,-67.8378620532059,-1.97392135813856));
#3925=CARTESIAN_POINT('Ctrl Pts',(-16.7437823393243,-67.6953423377341,-1.88024839503498));
#3926=CARTESIAN_POINT('Ctrl Pts',(-16.8942968212188,-67.5902468270442,-1.81339520755387));
#3927=CARTESIAN_POINT('Ctrl Pts',(-17.1317945550273,-67.3527490932357,-1.68127666432035));
#3928=CARTESIAN_POINT('Ctrl Pts',(-17.2358879819528,-67.2025386285249,-1.60568171701561));
#3929=CARTESIAN_POINT('Ctrl Pts',(-17.3774245745426,-66.8674274882809,-1.48985175738382));
#3930=CARTESIAN_POINT('Ctrl Pts',(-17.415,-66.6816377041703,-1.45236875482778));
#3931=CARTESIAN_POINT('Ctrl Pts',(-17.415,-66.5,-1.45236875482778));
#3932=CARTESIAN_POINT('',(-14.665,-66.5,0.));
#3933=CARTESIAN_POINT('',(-14.665,-66.5,0.));
#3934=CARTESIAN_POINT('Origin',(-16.04,-66.5,0.));
#3935=CARTESIAN_POINT('',(-18.04,-66.5,-2.44929359829471E-16));
#3936=CARTESIAN_POINT('Origin',(-16.04,-66.5,0.));
#3937=CARTESIAN_POINT('Origin',(-16.04,-66.5,0.));
#3938=CARTESIAN_POINT('Origin',(-40.35,-30.,0.0499999999999989));
#3939=CARTESIAN_POINT('',(-40.4,-28.0006250976868,0.0499999999999999));
#3940=CARTESIAN_POINT('',(35.25,-28.0006250976868,0.0499999999999998));
#3941=CARTESIAN_POINT('Origin',(-40.35,-30.,0.0499999999999989));
#3942=CARTESIAN_POINT('Origin',(-40.35,-30.,0.0499999999999989));
#3943=CARTESIAN_POINT('',(-40.2999999999997,-31.9993749023132,0.049999999999998));
#3944=CARTESIAN_POINT('',(-40.4,-31.9993749023132,0.0499999999999981));
#3945=CARTESIAN_POINT('',(35.25,-31.9993749023132,0.049999999999998));
#3946=CARTESIAN_POINT('Origin',(-40.35,-30.,0.0499999999999989));
#3947=CARTESIAN_POINT('Origin',(-40.35,-66.45,0.));
#3948=CARTESIAN_POINT('',(-42.3499752485969,-66.4599501256149,-1.33226762955019E-15));
#3949=CARTESIAN_POINT('',(-38.3500247514031,-66.4400498743851,-2.44929359829471E-16));
#3950=CARTESIAN_POINT('Origin',(-40.35,-66.45,0.));
#3951=CARTESIAN_POINT('',(-38.3500247514031,-66.4400498743836,-9.94004987438508));
#3952=CARTESIAN_POINT('',(-38.3500247514031,-66.4400498743851,-2.4651807918177E-31));
#3953=CARTESIAN_POINT('',(-38.35,-66.45,-9.94999999999999));
#3954=CARTESIAN_POINT('Origin',(-40.35,-66.45,-9.95));
#3955=CARTESIAN_POINT('',(-40.35,-68.4499999999999,-11.95));
#3956=CARTESIAN_POINT('Origin',(-40.35,-66.4499999999999,-9.94999999999999));
#3957=CARTESIAN_POINT('',(-42.35,-66.45,-9.94999999999999));
#3958=CARTESIAN_POINT('Origin',(-40.35,-66.4499999999999,-9.94999999999999));
#3959=CARTESIAN_POINT('Origin',(-40.35,-66.45,-9.94999999999999));
#3960=CARTESIAN_POINT('Origin',(-40.35,-66.45,-4.42321712481169E-14));
#3961=CARTESIAN_POINT('Origin',(-40.3,-76.5,0.));
#3962=CARTESIAN_POINT('',(-40.3,-76.5,-2.));
#3963=CARTESIAN_POINT('',(-38.3099254970468,-74.5,-2.44929359829471E-16));
#3964=CARTESIAN_POINT('Origin',(-40.3,-76.5,0.));
#3965=CARTESIAN_POINT('',(-38.3000247514031,-76.4900498743851,-2.44929359829471E-16));
#3966=CARTESIAN_POINT('',(-40.3,-76.5,2.));
#3967=CARTESIAN_POINT('Origin',(-40.3,-76.5,0.));
#3968=CARTESIAN_POINT('Origin',(-40.3,-76.5,0.));
#3969=CARTESIAN_POINT('Origin',(-16.04,-76.5,0.));
#3970=CARTESIAN_POINT('',(-16.04,-76.5,-2.));
#3971=CARTESIAN_POINT('',(-18.04,-74.5,-2.4492935982947E-16));
#3972=CARTESIAN_POINT('Origin',(-16.04,-76.5,0.));
#3973=CARTESIAN_POINT('',(-16.04,-74.5,-2.44929359829471E-16));
#3974=CARTESIAN_POINT('',(-16.04,-76.5,2.));
#3975=CARTESIAN_POINT('Origin',(-16.04,-76.5,0.));
#3976=CARTESIAN_POINT('Origin',(-16.04,-76.5,0.));
#3977=CARTESIAN_POINT('Origin',(-16.04,-66.5,0.));
#3978=CARTESIAN_POINT('',(-18.04,-66.5,-2.44929359829471E-16));
#3979=CARTESIAN_POINT('Origin',(35.25,-30.,-1.6293367329516E-32));
#3980=CARTESIAN_POINT('',(35.25,-28.,-2.44929359829471E-16));
#3981=CARTESIAN_POINT('',(-40.35,-32.,1.17483917949752E-16));
#3982=CARTESIAN_POINT('Origin',(-40.35,-30.,0.));
#3983=CARTESIAN_POINT('Origin',(-40.35,-30.,0.));
#3984=CARTESIAN_POINT('Origin',(-40.35,-30.,2.60866701461975E-31));
#3985=CARTESIAN_POINT('Origin',(-40.35,-30.,-9.95));
#3986=CARTESIAN_POINT('',(-38.35,-30.,-9.95));
#3987=CARTESIAN_POINT('',(-40.35,-28.,-11.95));
#3988=CARTESIAN_POINT('Origin',(-40.35,-30.,-9.95));
#3989=CARTESIAN_POINT('',(-40.35,-30.,-11.95));
#3990=CARTESIAN_POINT('',(-42.35,-30.,-9.95));
#3991=CARTESIAN_POINT('Origin',(-40.35,-30.,-9.95));
#3992=CARTESIAN_POINT('',(-38.3500247514031,-30.0099501256149,-9.94004987438355));
#3993=CARTESIAN_POINT('Origin',(-40.35,-30.,-9.95));
#3994=CARTESIAN_POINT('Origin',(-40.35,-30.,-9.95));
#3995=CARTESIAN_POINT('Origin',(-40.35,-30.,0.));
#3996=CARTESIAN_POINT('',(-40.35,-28.,4.18968671627317E-65));
#3997=CARTESIAN_POINT('Origin',(-30.,-66.5,0.));
#3998=CARTESIAN_POINT('',(-28.625,-66.5,0.));
#3999=CARTESIAN_POINT('',(-31.375,-66.5,0.));
#4000=CARTESIAN_POINT('',(-30.,-66.5,0.));
#4001=CARTESIAN_POINT('Origin',(-30.,-66.5,0.));
#4002=CARTESIAN_POINT('Origin',(-30.,-66.5,0.));
#4003=CARTESIAN_POINT('',(-28.625,-66.5,-1.5204851199535));
#4004=CARTESIAN_POINT('',(-28.625,-66.5,0.));
#4005=CARTESIAN_POINT('',(-28.625,-66.5,0.));
#4006=CARTESIAN_POINT('',(-31.375,-66.5,-1.5204851199535));
#4007=CARTESIAN_POINT('Ctrl Pts',(-31.375,-66.5,-1.5204851199535));
#4008=CARTESIAN_POINT('Ctrl Pts',(-31.375,-66.3190226664619,-1.5204851199535));
#4009=CARTESIAN_POINT('Ctrl Pts',(-31.3376160346038,-66.1331964518943,-1.55608016174238));
#4010=CARTESIAN_POINT('Ctrl Pts',(-31.1960859898401,-65.797760026382,-1.66732704978959));
#4011=CARTESIAN_POINT('Ctrl Pts',(-31.0918591756273,-65.6473155273643,-1.74034341473609));
#4012=CARTESIAN_POINT('Ctrl Pts',(-30.8540427544183,-65.4094991061553,-1.86846082753256));
#4013=CARTESIAN_POINT('Ctrl Pts',(-30.7033076344244,-65.3043780556092,-1.93349298878178));
#4014=CARTESIAN_POINT('Ctrl Pts',(-30.3659055058653,-65.1619914937071,-2.02463576867822));
#4015=CARTESIAN_POINT('Ctrl Pts',(-30.178921779902,-65.125,-2.05));
#4016=CARTESIAN_POINT('Ctrl Pts',(-29.821078220098,-65.125,-2.05));
#4017=CARTESIAN_POINT('Ctrl Pts',(-29.6340944941347,-65.1619914937071,-2.02463576867822));
#4018=CARTESIAN_POINT('Ctrl Pts',(-29.2966923655756,-65.3043780556092,-1.93349298878178));
#4019=CARTESIAN_POINT('Ctrl Pts',(-29.1459572455817,-65.4094991061553,-1.86846082753256));
#4020=CARTESIAN_POINT('Ctrl Pts',(-28.9081408243727,-65.6473155273643,-1.74034341473609));
#4021=CARTESIAN_POINT('Ctrl Pts',(-28.8039140101599,-65.797760026382,-1.66732704978959));
#4022=CARTESIAN_POINT('Ctrl Pts',(-28.6623839653962,-66.1331964518943,-1.55608016174238));
#4023=CARTESIAN_POINT('Ctrl Pts',(-28.625,-66.3190226664619,-1.5204851199535));
#4024=CARTESIAN_POINT('Ctrl Pts',(-28.625,-66.5,-1.5204851199535));
#4025=CARTESIAN_POINT('',(-31.375,-66.5,0.));
#4026=CARTESIAN_POINT('Origin',(-30.,-66.5,-1.3684555315672E-47));
#4027=CARTESIAN_POINT('',(-32.05,-66.5,-2.51052593825208E-16));
#4028=CARTESIAN_POINT('Origin',(-30.,-66.5,-1.3684555315672E-47));
#4029=CARTESIAN_POINT('Origin',(-30.,-66.5,-1.3684555315672E-47));
#4030=CARTESIAN_POINT('Origin',(-35.25,-60.,1.6293367329516E-32));
#4031=CARTESIAN_POINT('',(-33.2,-51.5,-2.51052593825207E-16));
#4032=CARTESIAN_POINT('',(-33.2,-60.,-2.51052593825207E-16));
#4033=CARTESIAN_POINT('Origin',(-35.25,-51.5,1.6293367329516E-32));
#4034=CARTESIAN_POINT('Origin',(-30.,-60.,1.38666955995881E-32));
#4035=CARTESIAN_POINT('',(-30.,-60.,-2.05));
#4036=CARTESIAN_POINT('',(-32.05,-57.95,-2.51052593825207E-16));
#4037=CARTESIAN_POINT('Origin',(-30.,-60.,1.38666955995881E-32));
#4038=CARTESIAN_POINT('',(-32.05,-60.,-2.51052593825208E-16));
#4039=CARTESIAN_POINT('',(-32.05,-60.,-2.51052593825208E-16));
#4040=CARTESIAN_POINT('',(-30.,-60.,2.05));
#4041=CARTESIAN_POINT('Origin',(-30.,-60.,1.38666955995881E-32));
#4042=CARTESIAN_POINT('Origin',(-30.,-60.,1.38666955995881E-32));
#4043=CARTESIAN_POINT('Origin',(35.25,-60.,-1.6293367329516E-32));
#4044=CARTESIAN_POINT('',(35.25,-60.,-2.05));
#4045=CARTESIAN_POINT('',(33.2,-57.95,-2.51052593825207E-16));
#4046=CARTESIAN_POINT('Origin',(35.25,-60.,-1.6293367329516E-32));
#4047=CARTESIAN_POINT('',(35.25,-57.95,-2.51052593825208E-16));
#4048=CARTESIAN_POINT('',(35.25,-60.,2.05));
#4049=CARTESIAN_POINT('Origin',(35.25,-60.,-1.6293367329516E-32));
#4050=CARTESIAN_POINT('Origin',(35.25,-60.,-1.6293367329516E-32));
#4051=CARTESIAN_POINT('Origin',(35.25,-51.5,0.));
#4052=CARTESIAN_POINT('',(33.2,-51.5,-2.51052593825208E-16));
#4053=CARTESIAN_POINT('Origin',(35.25,-51.5,7.44061568640062E-66));
#4054=CARTESIAN_POINT('',(33.2,-51.5,-2.51052593825208E-16));
#4055=CARTESIAN_POINT('Origin',(0.,0.,0.));
#4056=CARTESIAN_POINT('',(0.,-1.85,0.883176086632786));
#4057=CARTESIAN_POINT('',(-1.84999999999999,-1.82668767960202E-16,2.05));
#4058=CARTESIAN_POINT('Ctrl Pts',(0.,-1.85,0.883176086632786));
#4059=CARTESIAN_POINT('Ctrl Pts',(0.134720111993329,-1.85,0.883176086632785));
#4060=CARTESIAN_POINT('Ctrl Pts',(0.26033760367239,-1.83568394396465,0.914137255610053));
#4061=CARTESIAN_POINT('Ctrl Pts',(0.50014686723371,-1.78531914489222,1.00896872963628));
#4062=CARTESIAN_POINT('Ctrl Pts',(0.614417092410722,-1.74905766584214,1.07252726703275));
#4063=CARTESIAN_POINT('Ctrl Pts',(0.943551535919117,-1.60906004047354,1.28120577690165));
#4064=CARTESIAN_POINT('Ctrl Pts',(1.14377232688994,-1.47252276350029,1.44213575397137));
#4065=CARTESIAN_POINT('Ctrl Pts',(1.46041482857165,-1.15588026181858,1.70456805162708));
#4066=CARTESIAN_POINT('Ctrl Pts',(1.60153880495568,-0.958311948704056,1.82836069454003));
#4067=CARTESIAN_POINT('Ctrl Pts',(1.79661519284546,-0.505433045216952,2.00145008313187));
#4068=CARTESIAN_POINT('Ctrl Pts',(1.85,-0.249593164722936,2.05));
#4069=CARTESIAN_POINT('Ctrl Pts',(1.85,0.249593164722937,2.05));
#4070=CARTESIAN_POINT('Ctrl Pts',(1.79661519284546,0.505433045216953,2.00145008313187));
#4071=CARTESIAN_POINT('Ctrl Pts',(1.60153880495568,0.958311948704057,1.82836069454003));
#4072=CARTESIAN_POINT('Ctrl Pts',(1.46041482857165,1.15588026181858,1.70456805162708));
#4073=CARTESIAN_POINT('Ctrl Pts',(1.14377232688994,1.47252276350029,1.44213575397137));
#4074=CARTESIAN_POINT('Ctrl Pts',(0.943551535919116,1.60906004047355,1.28120577690165));
#4075=CARTESIAN_POINT('Ctrl Pts',(0.61441709241072,1.74905766584214,1.07252726703275));
#4076=CARTESIAN_POINT('Ctrl Pts',(0.500146867233709,1.78531914489222,1.00896872963628));
#4077=CARTESIAN_POINT('Ctrl Pts',(0.26033760367239,1.83568394396465,0.914137255610053));
#4078=CARTESIAN_POINT('Ctrl Pts',(0.134720111993329,1.85,0.883176086632785));
#4079=CARTESIAN_POINT('Ctrl Pts',(-0.134720111993328,1.85,0.883176086632786));
#4080=CARTESIAN_POINT('Ctrl Pts',(-0.260337603672387,1.83568394396465,0.914137255610054));
#4081=CARTESIAN_POINT('Ctrl Pts',(-0.500146867233706,1.78531914489222,1.00896872963628));
#4082=CARTESIAN_POINT('Ctrl Pts',(-0.614417092410718,1.74905766584214,1.07252726703275));
#4083=CARTESIAN_POINT('Ctrl Pts',(-0.943551535919111,1.60906004047354,1.28120577690165));
#4084=CARTESIAN_POINT('Ctrl Pts',(-1.14377232688993,1.47252276350029,1.44213575397137));
#4085=CARTESIAN_POINT('Ctrl Pts',(-1.46041482857164,1.15588026181858,1.70456805162709));
#4086=CARTESIAN_POINT('Ctrl Pts',(-1.60153880495567,0.958311948704054,1.82836069454003));
#4087=CARTESIAN_POINT('Ctrl Pts',(-1.79661519284545,0.505433045216949,2.00145008313187));
#4088=CARTESIAN_POINT('Ctrl Pts',(-1.84999999999999,0.249593164722937,2.05));
#4089=CARTESIAN_POINT('Ctrl Pts',(-1.84999999999999,-1.73472347597681E-16,
2.05));
#4090=CARTESIAN_POINT('Ctrl Pts',(-1.84999999999999,-1.38777878078145E-16,
2.05));
#4091=CARTESIAN_POINT('Ctrl Pts',(-1.84999999999999,-0.249593164722937,
2.05));
#4092=CARTESIAN_POINT('Ctrl Pts',(-1.79661519284545,-0.505433045216949,
2.00145008313187));
#4093=CARTESIAN_POINT('Ctrl Pts',(-1.60153880495567,-0.958311948704054,
1.82836069454003));
#4094=CARTESIAN_POINT('Ctrl Pts',(-1.46041482857164,-1.15588026181858,1.70456805162709));
#4095=CARTESIAN_POINT('Ctrl Pts',(-1.14377232688993,-1.47252276350029,1.44213575397137));
#4096=CARTESIAN_POINT('Ctrl Pts',(-0.943551535919111,-1.60906004047354,
1.28120577690165));
#4097=CARTESIAN_POINT('Ctrl Pts',(-0.614417092410718,-1.74905766584214,
1.07252726703275));
#4098=CARTESIAN_POINT('Ctrl Pts',(-0.500146867233706,-1.78531914489222,
1.00896872963628));
#4099=CARTESIAN_POINT('Ctrl Pts',(-0.260337603672387,-1.83568394396465,
0.914137255610054));
#4100=CARTESIAN_POINT('Ctrl Pts',(-0.134720111993328,-1.85,0.883176086632786));
#4101=CARTESIAN_POINT('Ctrl Pts',(-4.5102810375397E-16,-1.85,0.883176086632786));
#4102=CARTESIAN_POINT('',(-1.85,-2.2655965784226E-16,5.51476222695277E-15));
#4103=CARTESIAN_POINT('Origin',(40.25,-66.5,1.54436476122993E-15));
#4104=CARTESIAN_POINT('',(40.25,-68.55,1.54436476122993E-15));
#4105=CARTESIAN_POINT('',(40.25,-64.45,4.44089209850063E-15));
#4106=CARTESIAN_POINT('Origin',(40.25,-66.5,1.54436476122993E-15));
#4107=CARTESIAN_POINT('',(40.25,-64.45,-2.23257876781362E-15));
#4108=CARTESIAN_POINT('Origin',(40.25,-66.5,1.54436476122993E-15));
#4109=CARTESIAN_POINT('Origin',(40.25,-66.5,-9.99999999999999));
#4110=CARTESIAN_POINT('',(38.2,-66.5,-9.99999999999999));
#4111=CARTESIAN_POINT('',(40.25,-64.45,-7.95));
#4112=CARTESIAN_POINT('Origin',(40.25,-66.5,-10.));
#4113=CARTESIAN_POINT('',(40.25,-64.45,-9.99999999999999));
#4114=CARTESIAN_POINT('',(42.3,-66.5,-9.99999999999999));
#4115=CARTESIAN_POINT('Origin',(40.25,-66.5,-10.));
#4116=CARTESIAN_POINT('Origin',(40.25,-66.5,-10.));
#4117=CARTESIAN_POINT('Origin',(40.25,-1.11022302462516E-15,-9.99999999999999));
#4118=CARTESIAN_POINT('',(38.2,-8.36423662161208E-16,-9.99999999999999));
#4119=CARTESIAN_POINT('',(40.25,-2.05,-7.94999999999999));
#4120=CARTESIAN_POINT('Origin',(40.25,-1.35585468084861E-30,-9.99999999999999));
#4121=CARTESIAN_POINT('',(40.25,-1.28134762616512E-15,-7.94999999999999));
#4122=CARTESIAN_POINT('',(42.3,-1.3840223870891E-15,-9.99999999999999));
#4123=CARTESIAN_POINT('Origin',(40.25,-1.35585468084861E-30,-9.99999999999999));
#4124=CARTESIAN_POINT('Origin',(40.25,-4.44089209850063E-15,-9.99999999999999));
#4125=CARTESIAN_POINT('Origin',(40.25,0.,0.));
#4126=CARTESIAN_POINT('',(40.25,2.05,1.09476442525376E-46));
#4127=CARTESIAN_POINT('',(40.25,-2.05,-6.83010733200931E-16));
#4128=CARTESIAN_POINT('Origin',(40.25,1.61928160408021E-77,-9.86076131526263E-31));
#4129=CARTESIAN_POINT('',(40.25,-2.05,-1.21327078730526E-30));
#4130=CARTESIAN_POINT('Origin',(40.25,1.4585192057487E-61,-8.88178419700125E-15));
#4131=CARTESIAN_POINT('Origin',(-35.25,0.,-9.86076131526265E-31));
#4132=CARTESIAN_POINT('',(-35.25,4.31958139375724E-16,-2.05));
#4133=CARTESIAN_POINT('',(-37.3,-2.05,-6.83010733200933E-16));
#4134=CARTESIAN_POINT('Origin',(-35.25,0.,-9.86076131526265E-31));
#4135=CARTESIAN_POINT('',(-35.25,-2.05,-6.83010733200933E-16));
#4136=CARTESIAN_POINT('',(-35.25,-4.31958139375724E-16,2.05));
#4137=CARTESIAN_POINT('Origin',(-35.25,0.,-9.86076131526265E-31));
#4138=CARTESIAN_POINT('Origin',(-35.25,0.,-9.86076131526265E-31));
#4139=CARTESIAN_POINT('Origin',(-35.25,8.5,1.791045943753E-15));
#4140=CARTESIAN_POINT('',(-37.3,8.5,1.5399933499278E-15));
#4141=CARTESIAN_POINT('Origin',(-35.25,8.5,1.791045943753E-15));
#4142=CARTESIAN_POINT('',(-37.3,8.5,1.5399933499278E-15));
#4143=CARTESIAN_POINT('Origin',(-35.25,8.5,0.));
#4144=CARTESIAN_POINT('',(-39.3,8.5,4.95981953654678E-16));
#4145=CARTESIAN_POINT('Origin',(-35.25,8.5,1.6293367329516E-32));
#4146=CARTESIAN_POINT('Origin',(35.25,8.5,1.));
#4147=CARTESIAN_POINT('',(31.2,8.5,-1.44213634235716E-32));
#4148=CARTESIAN_POINT('Origin',(35.25,8.5,-1.6293367329516E-32));
#4149=CARTESIAN_POINT('Origin',(35.25,0.,-1.6293367329516E-32));
#4150=CARTESIAN_POINT('',(31.2,4.05,4.95981953654678E-16));
#4151=CARTESIAN_POINT('',(31.2,0.,4.95981953654678E-16));
#4152=CARTESIAN_POINT('',(35.25,4.05,4.05000000000001));
#4153=CARTESIAN_POINT('Origin',(35.25,4.05,-1.6293367329516E-32));
#4154=CARTESIAN_POINT('',(35.25,4.05,-4.05));
#4155=CARTESIAN_POINT('Origin',(35.25,4.05,-1.6293367329516E-32));
#4156=CARTESIAN_POINT('Origin',(35.25,4.05,-1.6293367329516E-32));
#4157=CARTESIAN_POINT('Origin',(35.25,4.05,1.025));
#4158=CARTESIAN_POINT('',(-35.250000093386,4.05,-4.05));
#4159=CARTESIAN_POINT('',(-35.25,4.05,4.05));
#4160=CARTESIAN_POINT('Origin',(-35.25,4.05,1.6293367329516E-32));
#4161=CARTESIAN_POINT('',(-44.3,4.05,4.05));
#4162=CARTESIAN_POINT('',(44.3,4.05,-4.05));
#4163=CARTESIAN_POINT('Origin',(35.25,4.05,1.025));
#4164=CARTESIAN_POINT('',(44.3,4.05,4.05000000000001));
#4165=CARTESIAN_POINT('',(-44.3,4.05,4.05));
#4166=CARTESIAN_POINT('',(44.3,4.05,-14.05));
#4167=CARTESIAN_POINT('',(44.3,4.05,4.05000000000001));
#4168=CARTESIAN_POINT('',(36.2,4.05,-14.05));
#4169=CARTESIAN_POINT('',(40.25,4.05,-14.05));
#4170=CARTESIAN_POINT('',(36.2,4.05,-4.05));
#4171=CARTESIAN_POINT('',(36.2,4.05,4.05000000000001));
#4172=CARTESIAN_POINT('',(44.3,4.05,-4.05));
#4173=CARTESIAN_POINT('Origin',(-35.25,-30.,1.6293367329516E-32));
#4174=CARTESIAN_POINT('',(-39.3,-21.5,4.95981953654678E-16));
#4175=CARTESIAN_POINT('Origin',(-35.25,-21.5,1.6293367329516E-32));
#4176=CARTESIAN_POINT('',(-39.3,-25.95,4.95981953654678E-16));
#4177=CARTESIAN_POINT('',(-39.3,-30.,4.95981953654678E-16));
#4178=CARTESIAN_POINT('',(-35.25,-25.95,4.05));
#4179=CARTESIAN_POINT('Origin',(-35.25,-25.95,1.6293367329516E-32));
#4180=CARTESIAN_POINT('',(-35.25,-25.95,-4.05));
#4181=CARTESIAN_POINT('Origin',(-35.25,-25.95,1.6293367329516E-32));
#4182=CARTESIAN_POINT('Origin',(-35.25,-25.95,1.6293367329516E-32));
#4183=CARTESIAN_POINT('Origin',(-35.25,-21.5,0.));
#4184=CARTESIAN_POINT('Origin',(-40.35,-25.95,-14.));
#4185=CARTESIAN_POINT('',(-36.3,-25.95,-4.05));
#4186=CARTESIAN_POINT('',(31.2,-25.95,-4.05));
#4187=CARTESIAN_POINT('',(-36.3,-25.95,-14.));
#4188=CARTESIAN_POINT('',(-36.3,-25.95,-5.9));
#4189=CARTESIAN_POINT('',(-44.4,-25.95,-14.));
#4190=CARTESIAN_POINT('',(-40.35,-25.95,-14.));
#4191=CARTESIAN_POINT('',(-44.4,-25.95,0.));
#4192=CARTESIAN_POINT('',(-44.4,-25.95,-5.9));
#4193=CARTESIAN_POINT('',(-44.3,-25.95,0.));
#4194=CARTESIAN_POINT('',(-40.35,-25.95,0.));
#4195=CARTESIAN_POINT('',(-44.3,-25.95,4.05));
#4196=CARTESIAN_POINT('',(-44.3,-25.95,-4.05));
#4197=CARTESIAN_POINT('',(-44.3,-25.95,4.05));
#4198=CARTESIAN_POINT('Origin',(-40.35,-25.95,-14.));
#4199=CARTESIAN_POINT('',(35.25,-25.95,4.05));
#4200=CARTESIAN_POINT('',(-44.3,-25.95,4.05));
#4201=CARTESIAN_POINT('',(31.2,-25.95,4.95981953654678E-16));
#4202=CARTESIAN_POINT('Origin',(35.25,-25.95,-1.6293367329516E-32));
#4203=CARTESIAN_POINT('',(35.2500000471773,-25.95,-4.05));
#4204=CARTESIAN_POINT('Origin',(35.25,-25.95,-1.6293367329516E-32));
#4205=CARTESIAN_POINT('',(31.2,-25.95,-4.05));
#4206=CARTESIAN_POINT('Origin',(35.25,-21.5,0.));
#4207=CARTESIAN_POINT('',(31.2,-21.5,4.95981953654678E-16));
#4208=CARTESIAN_POINT('Origin',(35.25,-21.5,-1.6293367329516E-32));
#4209=CARTESIAN_POINT('Origin',(35.25,-30.,-1.6293367329516E-32));
#4210=CARTESIAN_POINT('',(31.2,-30.,4.95981953654678E-16));
#4211=CARTESIAN_POINT('',(35.25,-34.05,4.05));
#4212=CARTESIAN_POINT('',(35.25,-30.,4.05));
#4213=CARTESIAN_POINT('',(35.2500000471773,-34.05,-4.05));
#4214=CARTESIAN_POINT('Origin',(35.25,-34.05,-1.6293367329516E-32));
#4215=CARTESIAN_POINT('',(35.2500000471773,-30.,-4.05));
#4216=CARTESIAN_POINT('Origin',(35.25,-60.,-1.6293367329516E-32));
#4217=CARTESIAN_POINT('',(31.2,-51.5,4.95981953654678E-16));
#4218=CARTESIAN_POINT('Origin',(35.25,-51.5,-1.6293367329516E-32));
#4219=CARTESIAN_POINT('',(31.2,-55.95,4.95981953654678E-16));
#4220=CARTESIAN_POINT('',(31.2,-60.,4.95981953654678E-16));
#4221=CARTESIAN_POINT('',(35.25,-55.95,4.05));
#4222=CARTESIAN_POINT('Origin',(35.25,-55.95,-1.6293367329516E-32));
#4223=CARTESIAN_POINT('Origin',(35.25,-55.95,-1.6293367329516E-32));
#4224=CARTESIAN_POINT('Origin',(35.25,-55.95,-1.6293367329516E-32));
#4225=CARTESIAN_POINT('Origin',(35.25,-51.5,2.025));
#4226=CARTESIAN_POINT('Origin',(12.5,-55.95,1.66533453693773E-15));
#4227=CARTESIAN_POINT('',(64.3,-55.95,4.05000000000001));
#4228=CARTESIAN_POINT('',(-44.3,-55.95,4.05));
#4229=CARTESIAN_POINT('',(64.3,-55.95,4.05000000000001));
#4230=CARTESIAN_POINT('Origin',(12.5,-55.95,1.66533453693773E-15));
#4231=CARTESIAN_POINT('',(-35.2499999592933,-55.95,4.05));
#4232=CARTESIAN_POINT('Origin',(-35.25,-55.95,1.6293367329516E-32));
#4233=CARTESIAN_POINT('',(-44.3,-55.95,4.05));
#4234=CARTESIAN_POINT('Origin',(-35.25,-51.5,2.025));
#4235=CARTESIAN_POINT('',(-39.3,-51.5,4.95981953654678E-16));
#4236=CARTESIAN_POINT('Origin',(-35.25,-51.5,1.6293367329516E-32));
#4237=CARTESIAN_POINT('Origin',(-35.25,-60.,1.6293367329516E-32));
#4238=CARTESIAN_POINT('',(-39.3,-62.4,4.95981953654678E-16));
#4239=CARTESIAN_POINT('',(-39.3,-60.,4.95981953654678E-16));
#4240=CARTESIAN_POINT('',(-36.3,-62.4,3.91152144312159));
#4241=CARTESIAN_POINT('Origin',(-35.25,-62.4,1.6293367329516E-32));
#4242=CARTESIAN_POINT('',(-36.3,-64.05,3.91152144312159));
#4243=CARTESIAN_POINT('',(-36.3,-60.,3.91152144312159));
#4244=CARTESIAN_POINT('',(-35.2499999592933,-64.05,4.05));
#4245=CARTESIAN_POINT('Origin',(-35.25,-64.05,1.6293367329516E-32));
#4246=CARTESIAN_POINT('',(-35.2499999592933,-60.,4.05));
#4247=CARTESIAN_POINT('',(-36.3,-64.05,-3.91152144312159));
#4248=CARTESIAN_POINT('Origin',(-35.25,-64.05,1.6293367329516E-32));
#4249=CARTESIAN_POINT('',(-36.3,-62.4,-3.91152144312159));
#4250=CARTESIAN_POINT('',(-36.3,-60.,-3.91152144312159));
#4251=CARTESIAN_POINT('Origin',(-35.25,-62.4,1.6293367329516E-32));
#4252=CARTESIAN_POINT('Origin',(-52.375,-64.55,-9.95));
#4253=CARTESIAN_POINT('',(-44.4,-64.55,-5.9));
#4254=CARTESIAN_POINT('',(-44.4,-64.55,-14.));
#4255=CARTESIAN_POINT('',(-44.4,-64.55,-7.4625));
#4256=CARTESIAN_POINT('',(-64.4,-64.55,-5.90000000000001));
#4257=CARTESIAN_POINT('',(-64.4,-64.55,-5.90000000000001));
#4258=CARTESIAN_POINT('',(-64.4,-64.55,-14.));
#4259=CARTESIAN_POINT('',(-64.4,-64.55,-14.));
#4260=CARTESIAN_POINT('',(-40.35,-64.55,-14.));
#4261=CARTESIAN_POINT('Origin',(-64.4,-60.5,-14.));
#4262=CARTESIAN_POINT('',(-64.4,-60.5,-5.9));
#4263=CARTESIAN_POINT('',(-64.4,-60.5,-14.));
#4264=CARTESIAN_POINT('Origin',(-52.375,-56.45,-9.95));
#4265=CARTESIAN_POINT('Origin',(-40.35,-70.5,-14.));
#4266=CARTESIAN_POINT('',(-44.4,-70.5,-14.));
#4267=CARTESIAN_POINT('',(-36.3,-70.5,-14.));
#4268=CARTESIAN_POINT('',(-36.3,-70.5,-14.));
#4269=CARTESIAN_POINT('',(-44.4,-70.5,-14.));
#4270=CARTESIAN_POINT('',(-40.35,-70.5,-14.));
#4271=CARTESIAN_POINT('',(-44.4,-70.5,-14.));
#4272=CARTESIAN_POINT('Origin',(-44.4,-48.225,-4.975));
#4273=CARTESIAN_POINT('',(-44.4,-34.05,-5.9));
#4274=CARTESIAN_POINT('',(-44.4,-70.5,-5.9));
#4275=CARTESIAN_POINT('',(-44.4,-34.05,0.));
#4276=CARTESIAN_POINT('',(-44.4,-34.05,0.));
#4277=CARTESIAN_POINT('',(-44.4,-25.95,0.));
#4278=CARTESIAN_POINT('Origin',(-44.3,-30.,-4.05));
#4279=CARTESIAN_POINT('',(-44.3,-34.05,0.));
#4280=CARTESIAN_POINT('',(-44.3,-27.975,0.));
#4281=CARTESIAN_POINT('',(-44.3,-34.05,4.05));
#4282=CARTESIAN_POINT('',(-44.3,-34.05,-4.05));
#4283=CARTESIAN_POINT('',(-44.3,-30.,4.05));
#4284=CARTESIAN_POINT('Origin',(35.2500000471773,-30.,-4.05));
#4285=CARTESIAN_POINT('',(-36.3,-34.05,-4.05));
#4286=CARTESIAN_POINT('',(-36.3,-55.275,-4.05));
#4287=CARTESIAN_POINT('',(44.3,-34.05,-4.05));
#4288=CARTESIAN_POINT('Origin',(-35.25,-30.,4.05));
#4289=CARTESIAN_POINT('',(-44.3,-34.05,4.05));
#4290=CARTESIAN_POINT('Origin',(-36.3,-80.55,0.));
#4291=CARTESIAN_POINT('',(-36.3,-34.05,-5.9));
#4292=CARTESIAN_POINT('',(-36.3,-34.05,0.));
#4293=CARTESIAN_POINT('',(-36.3,-62.4,-5.9));
#4294=CARTESIAN_POINT('',(-36.3,-70.5,-5.9));
#4295=CARTESIAN_POINT('',(-36.3,-62.4,0.));
#4296=CARTESIAN_POINT('',(-36.3,-64.05,8.32667268468867E-16));
#4297=CARTESIAN_POINT('',(-36.3,-62.4,4.05));
#4298=CARTESIAN_POINT('',(-36.3,-62.4,0.));
#4299=CARTESIAN_POINT('',(-36.3,-72.45,4.05));
#4300=CARTESIAN_POINT('',(-36.3,-80.55,4.05));
#4301=CARTESIAN_POINT('',(-36.3,-72.45,0.));
#4302=CARTESIAN_POINT('',(-36.3,-70.5,4.05));
#4303=CARTESIAN_POINT('Origin',(-40.35,-34.05,0.));
#4304=CARTESIAN_POINT('',(-40.35,-34.05,0.));
#4305=CARTESIAN_POINT('',(-40.35,-34.05,-5.9));
#4306=CARTESIAN_POINT('Origin',(-44.4,-48.225,-4.975));
#4307=CARTESIAN_POINT('',(-44.4,-70.5,4.05));
#4308=CARTESIAN_POINT('',(-44.4,-70.5,4.05));
#4309=CARTESIAN_POINT('',(-44.4,-62.4,4.05));
#4310=CARTESIAN_POINT('',(-44.4,-62.4,4.05));
#4311=CARTESIAN_POINT('',(-44.4,-62.4,-5.9));
#4312=CARTESIAN_POINT('',(-44.4,-62.4,-14.));
#4313=CARTESIAN_POINT('',(-44.4,-54.3625,-5.9));
#4314=CARTESIAN_POINT('Origin',(-40.35,-34.05,-5.9));
#4315=CARTESIAN_POINT('',(-40.35,-62.4,-5.9));
#4316=CARTESIAN_POINT('Origin',(-40.35,-25.95,0.));
#4317=CARTESIAN_POINT('Origin',(-40.35,-70.5,4.05));
#4318=CARTESIAN_POINT('',(-44.35,-70.5,4.05));
#4319=CARTESIAN_POINT('',(-44.35,-70.5,2.025));
#4320=CARTESIAN_POINT('',(-40.35,-70.5,4.05));
#4321=CARTESIAN_POINT('Origin',(-44.35,-72.45,0.));
#4322=CARTESIAN_POINT('',(-44.35,-80.55,4.05));
#4323=CARTESIAN_POINT('',(-44.35,-80.55,0.));
#4324=CARTESIAN_POINT('',(-44.35,-62.4,4.05));
#4325=CARTESIAN_POINT('Origin',(12.5,-64.05,1.66533453693773E-15));
#4326=CARTESIAN_POINT('',(44.3,-64.05,4.05));
#4327=CARTESIAN_POINT('',(44.3,-64.05,2.02499999999993));
#4328=CARTESIAN_POINT('',(64.3,-64.05,4.05000000000001));
#4329=CARTESIAN_POINT('',(64.3,-64.05,-14.05));
#4330=CARTESIAN_POINT('',(-44.3,-64.05,4.05));
#4331=CARTESIAN_POINT('Origin',(12.5,-64.05,1.66533453693773E-15));
#4332=CARTESIAN_POINT('',(-12.665,-64.05,4.05));
#4333=CARTESIAN_POINT('',(-12.665,-64.05,2.025));
#4334=CARTESIAN_POINT('',(-5.45499999999999,-64.05,4.05));
#4335=CARTESIAN_POINT('',(-5.45499999999998,-64.05,-2.02500000000002));
#4336=CARTESIAN_POINT('',(-44.3,-64.05,4.05));
#4337=CARTESIAN_POINT('Origin',(12.5,-64.05,1.66533453693773E-15));
#4338=CARTESIAN_POINT('',(-19.415,-64.05,4.05));
#4339=CARTESIAN_POINT('',(-19.415,-64.05,-2.025));
#4340=CARTESIAN_POINT('',(-26.625,-64.05,4.05));
#4341=CARTESIAN_POINT('',(-44.3,-64.05,4.05));
#4342=CARTESIAN_POINT('',(-26.625,-64.05,2.02499999999996));
#4343=CARTESIAN_POINT('Origin',(12.5,-64.05,1.66533453693773E-15));
#4344=CARTESIAN_POINT('',(-33.375,-64.05,4.05));
#4345=CARTESIAN_POINT('',(-33.375,-64.05,-2.02500000000006));
#4346=CARTESIAN_POINT('',(-44.3,-64.05,4.05));
#4347=CARTESIAN_POINT('Origin',(64.3,-60.,4.05000000000001));
#4348=CARTESIAN_POINT('',(64.3,-60.,4.05000000000001));
#4349=CARTESIAN_POINT('Origin',(-33.375,-66.5,-4.05));
#4350=CARTESIAN_POINT('',(-33.375,-70.55,4.05));
#4351=CARTESIAN_POINT('',(-33.375,-70.55,-5.));
#4352=CARTESIAN_POINT('',(-33.375,-66.5,4.05));
#4353=CARTESIAN_POINT('Origin',(-30.,-70.55,1.66533453693773E-15));
#4354=CARTESIAN_POINT('',(-26.625,-70.55,4.05));
#4355=CARTESIAN_POINT('',(-26.625,-70.55,4.05));
#4356=CARTESIAN_POINT('',(-33.375,-70.55,4.05));
#4357=CARTESIAN_POINT('Origin',(-26.625,-66.5,4.05));
#4358=CARTESIAN_POINT('',(-26.625,-66.5,4.05));
#4359=CARTESIAN_POINT('Origin',(44.3,0.,4.05000000000001));
#4360=CARTESIAN_POINT('',(44.3,-70.55,4.05));
#4361=CARTESIAN_POINT('',(44.3,-62.45,4.05));
#4362=CARTESIAN_POINT('',(44.3,-70.55,-14.05));
#4363=CARTESIAN_POINT('',(44.3,-70.55,4.05));
#4364=CARTESIAN_POINT('',(44.3,-70.55,-14.05));
#4365=CARTESIAN_POINT('',(44.3,-4.05,4.05000000000001));
#4366=CARTESIAN_POINT('',(44.3,0.,4.05000000000001));
#4367=CARTESIAN_POINT('',(44.3,-4.05,-5.95));
#4368=CARTESIAN_POINT('',(44.3,-4.05,-14.05));
#4369=CARTESIAN_POINT('',(44.3,-62.45,-5.95));
#4370=CARTESIAN_POINT('',(44.3,-70.55,-5.95));
#4371=CARTESIAN_POINT('',(44.3,-62.45,-14.05));
#4372=CARTESIAN_POINT('Origin',(-5.45499999999997,-66.5,-4.05));
#4373=CARTESIAN_POINT('',(-5.45499999999999,-70.55,4.05));
#4374=CARTESIAN_POINT('',(-5.45499999999999,-70.55,4.05));
#4375=CARTESIAN_POINT('',(-5.45499999999999,-66.5,4.05));
#4376=CARTESIAN_POINT('Origin',(40.25,-70.55,4.05));
#4377=CARTESIAN_POINT('',(36.2,-70.55,-14.05));
#4378=CARTESIAN_POINT('',(36.2,-70.55,4.05));
#4379=CARTESIAN_POINT('',(40.25,-70.55,-14.05));
#4380=CARTESIAN_POINT('',(1.29500000000001,-70.55,4.05));
#4381=CARTESIAN_POINT('Origin',(36.2,0.,-5.));
#4382=CARTESIAN_POINT('',(36.2,-62.45,-5.95));
#4383=CARTESIAN_POINT('',(36.2,-62.45,-14.05));
#4384=CARTESIAN_POINT('',(36.2,-4.05,-5.95));
#4385=CARTESIAN_POINT('',(36.2,-70.55,-5.95));
#4386=CARTESIAN_POINT('',(36.2,-4.05,-4.05));
#4387=CARTESIAN_POINT('',(36.2,-4.05,-14.05));
#4388=CARTESIAN_POINT('',(36.2,0.,-4.05));
#4389=CARTESIAN_POINT('',(36.2,4.05,-14.05));
#4390=CARTESIAN_POINT('Origin',(40.25,-4.05,-5.95));
#4391=CARTESIAN_POINT('',(40.25,-62.45,-5.95));
#4392=CARTESIAN_POINT('',(37.75,-4.05,-5.95));
#4393=CARTESIAN_POINT('Origin',(40.25,-62.45,-5.95));
#4394=CARTESIAN_POINT('Origin',(40.25,-4.05,-14.05));
#4395=CARTESIAN_POINT('Origin',(35.2499999592933,0.,-4.05));
#4396=CARTESIAN_POINT('',(-35.250000093386,-4.05,-4.05));
#4397=CARTESIAN_POINT('',(44.3,-4.05,-4.05));
#4398=CARTESIAN_POINT('',(-35.250000093386,0.,-4.05));
#4399=CARTESIAN_POINT('Origin',(35.25,-4.05,1.025));
#4400=CARTESIAN_POINT('',(-35.25,-4.05,4.05));
#4401=CARTESIAN_POINT('',(-44.3,-4.05,4.05));
#4402=CARTESIAN_POINT('',(-39.3,-4.05,4.95981953654678E-16));
#4403=CARTESIAN_POINT('Origin',(-35.25,-4.05,1.6293367329516E-32));
#4404=CARTESIAN_POINT('Origin',(-35.25,-4.05,1.6293367329516E-32));
#4405=CARTESIAN_POINT('Origin',(-35.25,0.,1.6293367329516E-32));
#4406=CARTESIAN_POINT('',(-39.3,0.,4.95981953654678E-16));
#4407=CARTESIAN_POINT('',(-35.25,0.,4.05));
#4408=CARTESIAN_POINT('Origin',(-35.25,0.,4.05));
#4409=CARTESIAN_POINT('Origin',(-36.3,-62.4,0.));
#4410=CARTESIAN_POINT('',(-36.3,-62.4,4.05));
#4411=CARTESIAN_POINT('Origin',(-12.665,-66.5,4.05));
#4412=CARTESIAN_POINT('',(-12.665,-66.5,4.05));
#4413=CARTESIAN_POINT('',(-12.665,-66.5,4.05));
#4414=CARTESIAN_POINT('',(-12.665,-66.5,2.025));
#4415=CARTESIAN_POINT('Origin',(-11.99,-66.5,0.));
#4416=CARTESIAN_POINT('',(-11.99,-66.5,4.05));
#4417=CARTESIAN_POINT('',(-30.,-66.5,4.05));
#4418=CARTESIAN_POINT('',(-11.99,-66.5,0.));
#4419=CARTESIAN_POINT('Origin',(-11.99,-66.5,0.));
#4420=CARTESIAN_POINT('',(-19.415,-66.5,4.05));
#4421=CARTESIAN_POINT('',(-19.415,-66.5,-2.025));
#4422=CARTESIAN_POINT('',(-20.09,-66.5,4.05));
#4423=CARTESIAN_POINT('',(-20.09,-66.5,0.));
#4424=CARTESIAN_POINT('',(-30.,-66.5,4.05));
#4425=CARTESIAN_POINT('Origin',(-44.35,-80.55,0.));
#4426=CARTESIAN_POINT('',(-11.99,-80.55,4.05));
#4427=CARTESIAN_POINT('',(-11.99,-80.55,0.));
#4428=CARTESIAN_POINT('',(-11.99,-80.55,4.05));
#4429=CARTESIAN_POINT('Origin',(-20.09,-72.45,0.));
#4430=CARTESIAN_POINT('',(-20.09,-72.45,4.05));
#4431=CARTESIAN_POINT('',(-44.35,-72.45,4.05));
#4432=CARTESIAN_POINT('',(-20.09,-72.45,0.));
#4433=CARTESIAN_POINT('Origin',(-20.09,-66.5,0.));
#4434=CARTESIAN_POINT('',(-20.09,-66.5,4.05));
#4435=CARTESIAN_POINT('Origin',(-11.99,-80.55,0.));
#4436=CARTESIAN_POINT('',(-11.99,-80.55,4.05));
#4437=CARTESIAN_POINT('Origin',(-19.415,-66.5,4.05));
#4438=CARTESIAN_POINT('',(-19.415,-66.5,4.05));
#4439=CARTESIAN_POINT('Origin',(-19.415,-66.5,-4.05));
#4440=UNCERTAINTY_MEASURE_WITH_UNIT(LENGTH_MEASURE(0.01),#4444,
'DISTANCE_ACCURACY_VALUE',
'Maximum model space distance between geometric entities at asserted c
onnectivities');
#4441=UNCERTAINTY_MEASURE_WITH_UNIT(LENGTH_MEASURE(0.01),#4444,
'DISTANCE_ACCURACY_VALUE',
'Maximum model space distance between geometric entities at asserted c
onnectivities');
#4442=(
GEOMETRIC_REPRESENTATION_CONTEXT(3)
GLOBAL_UNCERTAINTY_ASSIGNED_CONTEXT((#4440))
GLOBAL_UNIT_ASSIGNED_CONTEXT((#4444,#4446,#4447))
REPRESENTATION_CONTEXT('','3D')
);
#4443=(
GEOMETRIC_REPRESENTATION_CONTEXT(3)
GLOBAL_UNCERTAINTY_ASSIGNED_CONTEXT((#4441))
GLOBAL_UNIT_ASSIGNED_CONTEXT((#4444,#4446,#4447))
REPRESENTATION_CONTEXT('','3D')
);
#4444=(
LENGTH_UNIT()
NAMED_UNIT(*)
SI_UNIT(.MILLI.,.METRE.)
);
#4445=(
LENGTH_UNIT()
NAMED_UNIT(*)
SI_UNIT($,.METRE.)
);
#4446=(
NAMED_UNIT(*)
PLANE_ANGLE_UNIT()
SI_UNIT($,.RADIAN.)
);
#4447=(
NAMED_UNIT(*)
SI_UNIT($,.STERADIAN.)
SOLID_ANGLE_UNIT()
);
#4448=SHAPE_DEFINITION_REPRESENTATION(#4449,#4450);
#4449=PRODUCT_DEFINITION_SHAPE('',$,#4452);
#4450=SHAPE_REPRESENTATION('',(#2454),#4442);
#4451=PRODUCT_DEFINITION_CONTEXT('part definition',#4456,'design');
#4452=PRODUCT_DEFINITION('2026-07-26-10-19-07-653','ThymioPipeChambers',
#4453,#4451);
#4453=PRODUCT_DEFINITION_FORMATION('',$,#4458);
#4454=PRODUCT_RELATED_PRODUCT_CATEGORY('ThymioPipeChambers',
'ThymioPipeChambers',(#4458));
#4455=APPLICATION_PROTOCOL_DEFINITION('international standard',
'automotive_design',2009,#4456);
#4456=APPLICATION_CONTEXT(
'Core Data for Automotive Mechanical Design Process');
#4457=PRODUCT_CONTEXT('part definition',#4456,'mechanical');
#4458=PRODUCT('2026-07-26-10-19-07-653','ThymioPipeChambers',$,(#4457));
#4459=PRESENTATION_STYLE_ASSIGNMENT((#4460));
#4460=SURFACE_STYLE_USAGE(.BOTH.,#4461);
#4461=SURFACE_SIDE_STYLE('',(#4462));
#4462=SURFACE_STYLE_FILL_AREA(#4463);
#4463=FILL_AREA_STYLE('Steel - Satin',(#4464));
#4464=FILL_AREA_STYLE_COLOUR('Steel - Satin',#4465);
#4465=COLOUR_RGB('Steel - Satin',0.627450980392157,0.627450980392157,0.627450980392157);
ENDSEC;
END-ISO-10303-21;
