ISO-10303-21;
HEADER;
/* Generated by software containing ST-Developer
 * from STEP Tools, Inc. (www.steptools.com) 
 */

FILE_DESCRIPTION(
/* description */ (''),
/* implementation_level */ '2;1');

FILE_NAME(
/* name */ 'ThymioLEDGuard.step',
/* time_stamp */ '2026-08-24T20:33:48+01:00',
/* author */ (''),
/* organization */ (''),
/* preprocessor_version */ 'ST-DEVELOPER v20.1',
/* originating_system */ 'Autodesk Translation Framework v15.8.0.0',
/* authorisation */ '');

FILE_SCHEMA (('AUTOMOTIVE_DESIGN { 1 0 10303 214 3 1 1 }'));
ENDSEC;

DATA;
#10=MECHANICAL_DESIGN_GEOMETRIC_PRESENTATION_REPRESENTATION('',(#13),#3255);
#11=SHAPE_REPRESENTATION_RELATIONSHIP('SRR','None',#3262,#12);
#12=ADVANCED_BREP_SHAPE_REPRESENTATION('',(#14),#3254);
#13=STYLED_ITEM('',(#3271),#14);
#14=MANIFOLD_SOLID_BREP('Body1',#409);
#15=B_SPLINE_SURFACE_WITH_KNOTS('',3,3,((#2065,#2066,#2067,#2068,#2069,
#2070,#2071,#2072,#2073,#2074,#2075,#2076,#2077,#2078,#2079,#2080,#2081,
#2082,#2083,#2084,#2085,#2086,#2087,#2088,#2089,#2090,#2091,#2092,#2093,
#2094,#2095,#2096,#2097,#2098,#2099,#2100,#2101,#2102,#2103,#2104,#2105,
#2106,#2107,#2108,#2109,#2110,#2111,#2112,#2113,#2114,#2115,#2116,#2117,
#2118,#2119,#2120,#2121,#2122,#2123,#2124,#2125,#2126,#2127,#2128,#2129,
#2130,#2131,#2132,#2133,#2134,#2135,#2136,#2137,#2138,#2139,#2140,#2141,
#2142,#2143,#2144,#2145,#2146,#2147,#2148,#2149,#2150,#2151,#2152,#2153,
#2154,#2155,#2156,#2157,#2158,#2159,#2160,#2161,#2162,#2163,#2164,#2165,
#2166,#2167,#2168,#2169,#2170,#2171,#2172,#2173,#2174,#2175,#2176,#2177),
(#2178,#2179,#2180,#2181,#2182,#2183,#2184,#2185,#2186,#2187,#2188,#2189,
#2190,#2191,#2192,#2193,#2194,#2195,#2196,#2197,#2198,#2199,#2200,#2201,
#2202,#2203,#2204,#2205,#2206,#2207,#2208,#2209,#2210,#2211,#2212,#2213,
#2214,#2215,#2216,#2217,#2218,#2219,#2220,#2221,#2222,#2223,#2224,#2225,
#2226,#2227,#2228,#2229,#2230,#2231,#2232,#2233,#2234,#2235,#2236,#2237,
#2238,#2239,#2240,#2241,#2242,#2243,#2244,#2245,#2246,#2247,#2248,#2249,
#2250,#2251,#2252,#2253,#2254,#2255,#2256,#2257,#2258,#2259,#2260,#2261,
#2262,#2263,#2264,#2265,#2266,#2267,#2268,#2269,#2270,#2271,#2272,#2273,
#2274,#2275,#2276,#2277,#2278,#2279,#2280,#2281,#2282,#2283,#2284,#2285,
#2286,#2287,#2288,#2289,#2290),(#2291,#2292,#2293,#2294,#2295,#2296,#2297,
#2298,#2299,#2300,#2301,#2302,#2303,#2304,#2305,#2306,#2307,#2308,#2309,
#2310,#2311,#2312,#2313,#2314,#2315,#2316,#2317,#2318,#2319,#2320,#2321,
#2322,#2323,#2324,#2325,#2326,#2327,#2328,#2329,#2330,#2331,#2332,#2333,
#2334,#2335,#2336,#2337,#2338,#2339,#2340,#2341,#2342,#2343,#2344,#2345,
#2346,#2347,#2348,#2349,#2350,#2351,#2352,#2353,#2354,#2355,#2356,#2357,
#2358,#2359,#2360,#2361,#2362,#2363,#2364,#2365,#2366,#2367,#2368,#2369,
#2370,#2371,#2372,#2373,#2374,#2375,#2376,#2377,#2378,#2379,#2380,#2381,
#2382,#2383,#2384,#2385,#2386,#2387,#2388,#2389,#2390,#2391,#2392,#2393,
#2394,#2395,#2396,#2397,#2398,#2399,#2400,#2401,#2402,#2403),(#2404,#2405,
#2406,#2407,#2408,#2409,#2410,#2411,#2412,#2413,#2414,#2415,#2416,#2417,
#2418,#2419,#2420,#2421,#2422,#2423,#2424,#2425,#2426,#2427,#2428,#2429,
#2430,#2431,#2432,#2433,#2434,#2435,#2436,#2437,#2438,#2439,#2440,#2441,
#2442,#2443,#2444,#2445,#2446,#2447,#2448,#2449,#2450,#2451,#2452,#2453,
#2454,#2455,#2456,#2457,#2458,#2459,#2460,#2461,#2462,#2463,#2464,#2465,
#2466,#2467,#2468,#2469,#2470,#2471,#2472,#2473,#2474,#2475,#2476,#2477,
#2478,#2479,#2480,#2481,#2482,#2483,#2484,#2485,#2486,#2487,#2488,#2489,
#2490,#2491,#2492,#2493,#2494,#2495,#2496,#2497,#2498,#2499,#2500,#2501,
#2502,#2503,#2504,#2505,#2506,#2507,#2508,#2509,#2510,#2511,#2512,#2513,
#2514,#2515,#2516)),.UNSPECIFIED.,.F.,.F.,.F.,(4,4),(4,1,1,1,1,1,1,1,1,
1,1,1,1,1,1,1,1,1,1,1,1,1,1,1,1,1,1,1,1,1,1,1,1,1,1,1,1,1,1,1,1,1,1,1,1,
1,1,1,1,1,1,1,1,1,1,1,1,1,1,1,1,1,1,1,1,1,1,1,1,1,1,1,1,1,1,1,1,1,1,1,1,
1,1,1,1,1,1,1,1,1,1,1,1,1,1,1,1,1,1,1,1,1,1,1,1,1,1,1,1,1,4),(0.0115477475154327,
0.11777437052977),(11.4812216722251,11.8832089931737,12.2851963141224,12.6871836350711,
13.0891709560198,13.4911582769684,13.8931455979171,14.2951329188658,14.6971202398145,
15.0991075607631,15.5010948817118,15.9030822026605,16.3050695236092,16.7070568445579,
17.1090441655065,17.5110314864552,17.9130188074039,18.4490019020021,18.9849849966004,
19.5209680911986,20.0569511857968,20.5929342803951,21.1289173749933,21.6649004695915,
21.9328920168907,22.2008835641898,22.736866658788,23.2728497533862,23.8088328479845,
24.3448159425827,24.880799037181,25.4167821317792,25.9527652263774,26.4887483209757,
27.0247314155739,27.5607145101721,27.9180365732376,28.2753586363031,28.6326806993686,
29.1686637939668,29.7046468885651,30.2406299831633,30.7766130777616,31.3125961723598,
31.848579266958,32.3845623615563,32.6525539088554,32.9205454561545,33.27786751922,
33.6351895822855,33.992511645351,34.5284947399492,35.0644778345474,35.4217998976129,
35.7791219606784,36.1364440237439,36.4937660868094,36.8510881498749,37.2084102129404,
37.5657322760059,37.9230543390714,38.2803764021369,38.6376984652023,38.9950205282678,
39.3523425913333,39.7096646543988,40.0669867174643,40.4243087805298,40.7816308435953,
41.1389529066608,41.4962749697263,41.6302707433758,42.0322580643245,42.5682411589227,
43.104224253521,43.6402073481192,44.1761904427174,44.310186216367,44.7121735373157,
44.9801650846148,45.2481566319139,45.3821524055635,45.7841397265122,46.1414617895776,
46.4987838526431,46.8561059157086,47.2134279787741,47.5707500418396,47.9280721049051,
48.2853941679706,48.6427162310361,49.0000382941016,49.3573603571671,49.7146824202325,
50.072004483298,50.4739918042467,50.8759791251954,51.2779664461441,51.6799537670928,
52.0819410880414,52.4839284089901,52.8859157299388,53.2879030508875,53.6898903718361,
54.0918776927848,54.4938650137335,54.8958523346822,55.2978396556309,55.6998269765795,
56.1018142975282,56.5038016184769),.UNSPECIFIED.);
#16=B_SPLINE_SURFACE_WITH_KNOTS('',3,3,((#2684,#2685,#2686,#2687,#2688,
#2689,#2690,#2691,#2692,#2693,#2694,#2695,#2696,#2697,#2698,#2699,#2700,
#2701,#2702,#2703,#2704,#2705,#2706,#2707,#2708,#2709,#2710,#2711,#2712,
#2713,#2714,#2715,#2716,#2717,#2718,#2719,#2720,#2721,#2722,#2723,#2724,
#2725,#2726,#2727,#2728,#2729,#2730,#2731,#2732,#2733,#2734,#2735,#2736,
#2737,#2738,#2739,#2740,#2741,#2742,#2743,#2744,#2745,#2746,#2747,#2748,
#2749,#2750,#2751,#2752,#2753,#2754,#2755,#2756,#2757,#2758,#2759,#2760,
#2761,#2762,#2763,#2764,#2765,#2766,#2767,#2768,#2769,#2770,#2771,#2772,
#2773,#2774,#2775,#2776,#2777,#2778,#2779,#2780,#2781,#2782,#2783,#2784),
(#2785,#2786,#2787,#2788,#2789,#2790,#2791,#2792,#2793,#2794,#2795,#2796,
#2797,#2798,#2799,#2800,#2801,#2802,#2803,#2804,#2805,#2806,#2807,#2808,
#2809,#2810,#2811,#2812,#2813,#2814,#2815,#2816,#2817,#2818,#2819,#2820,
#2821,#2822,#2823,#2824,#2825,#2826,#2827,#2828,#2829,#2830,#2831,#2832,
#2833,#2834,#2835,#2836,#2837,#2838,#2839,#2840,#2841,#2842,#2843,#2844,
#2845,#2846,#2847,#2848,#2849,#2850,#2851,#2852,#2853,#2854,#2855,#2856,
#2857,#2858,#2859,#2860,#2861,#2862,#2863,#2864,#2865,#2866,#2867,#2868,
#2869,#2870,#2871,#2872,#2873,#2874,#2875,#2876,#2877,#2878,#2879,#2880,
#2881,#2882,#2883,#2884,#2885),(#2886,#2887,#2888,#2889,#2890,#2891,#2892,
#2893,#2894,#2895,#2896,#2897,#2898,#2899,#2900,#2901,#2902,#2903,#2904,
#2905,#2906,#2907,#2908,#2909,#2910,#2911,#2912,#2913,#2914,#2915,#2916,
#2917,#2918,#2919,#2920,#2921,#2922,#2923,#2924,#2925,#2926,#2927,#2928,
#2929,#2930,#2931,#2932,#2933,#2934,#2935,#2936,#2937,#2938,#2939,#2940,
#2941,#2942,#2943,#2944,#2945,#2946,#2947,#2948,#2949,#2950,#2951,#2952,
#2953,#2954,#2955,#2956,#2957,#2958,#2959,#2960,#2961,#2962,#2963,#2964,
#2965,#2966,#2967,#2968,#2969,#2970,#2971,#2972,#2973,#2974,#2975,#2976,
#2977,#2978,#2979,#2980,#2981,#2982,#2983,#2984,#2985,#2986),(#2987,#2988,
#2989,#2990,#2991,#2992,#2993,#2994,#2995,#2996,#2997,#2998,#2999,#3000,
#3001,#3002,#3003,#3004,#3005,#3006,#3007,#3008,#3009,#3010,#3011,#3012,
#3013,#3014,#3015,#3016,#3017,#3018,#3019,#3020,#3021,#3022,#3023,#3024,
#3025,#3026,#3027,#3028,#3029,#3030,#3031,#3032,#3033,#3034,#3035,#3036,
#3037,#3038,#3039,#3040,#3041,#3042,#3043,#3044,#3045,#3046,#3047,#3048,
#3049,#3050,#3051,#3052,#3053,#3054,#3055,#3056,#3057,#3058,#3059,#3060,
#3061,#3062,#3063,#3064,#3065,#3066,#3067,#3068,#3069,#3070,#3071,#3072,
#3073,#3074,#3075,#3076,#3077,#3078,#3079,#3080,#3081,#3082,#3083,#3084,
#3085,#3086,#3087)),.UNSPECIFIED.,.F.,.F.,.F.,(4,4),(4,1,1,1,1,1,1,1,1,
1,1,1,1,1,1,1,1,1,1,1,1,1,1,1,1,1,1,1,1,1,1,1,1,1,1,1,1,1,1,1,1,1,1,1,1,
1,1,1,1,1,1,1,1,1,1,1,1,1,1,1,1,1,1,1,1,1,1,1,1,1,1,1,1,1,1,1,1,1,1,1,1,
1,1,1,1,1,1,1,1,1,1,1,1,1,1,1,1,1,4),(0.0115463163639322,0.117772939275598),
(15.1245108849085,15.5264982058434,15.9284855267783,16.3304728477133,16.7324601686482,
17.1344474895832,17.5364348105181,17.9384221314531,18.340409452388,18.742396773323,
19.1443840942579,19.5463714151928,19.9483587361278,20.3503460570627,20.7523333779977,
21.1543206989326,21.5563080198676,22.0922911144475,22.6282742090274,23.1642573036073,
23.7002403981873,24.2362234927672,24.7722065873471,25.308189681927,25.844172776507,
26.3801558710869,26.9161389656668,27.4521220602467,27.9881051548267,28.5240882494066,
29.0600713439865,29.5960544385664,30.1320375331464,30.6680206277263,31.2040037223062,
31.5613257853595,31.9186478484128,32.2759699114661,32.811953006046,33.3479361006259,
33.8839191952058,34.4199022897858,34.9558853843657,35.4918684789456,36.0278515735255,
36.5638346681055,37.0998177626854,37.6358008572653,38.1717839518452,38.7077670464252,
39.2437501410051,39.779733235585,40.3157163301649,40.8516994247449,41.3876825193248,
41.9236656139047,42.280987676958,42.6383097400113,42.9956318030646,43.3529538661179,
43.7102759291711,44.0675979922244,44.4249200552777,44.782242118331,45.1395641813843,
45.6755472759642,46.2115303705441,46.7475134651241,47.283496559704,47.8194796542839,
48.3554627488638,48.8914458434438,49.4274289380237,49.9634120326036,50.4993951271835,
51.0353782217635,51.5713613163434,51.9286833793967,52.2860054424499,52.6433275055032,
53.0006495685565,53.3579716316098,53.7152936946631,54.117281015598,54.519268336533,
54.9212556574679,55.3232429784029,55.7252302993378,56.1272176202727,56.5292049412077,
56.9311922621426,57.3331795830776,57.7351669040125,58.1371542249475,58.5391415458824,
58.9411288668174,59.3431161877523,59.7451035086872,60.1470908296222),
 .UNSPECIFIED.);
#17=FACE_BOUND('',#61,.T.);
#18=FACE_BOUND('',#64,.T.);
#19=FACE_BOUND('',#71,.T.);
#20=PLANE('',#441);
#21=PLANE('',#445);
#22=PLANE('',#451);
#23=FACE_OUTER_BOUND('',#46,.T.);
#24=FACE_OUTER_BOUND('',#47,.T.);
#25=FACE_OUTER_BOUND('',#48,.T.);
#26=FACE_OUTER_BOUND('',#49,.T.);
#27=FACE_OUTER_BOUND('',#50,.T.);
#28=FACE_OUTER_BOUND('',#51,.T.);
#29=FACE_OUTER_BOUND('',#52,.T.);
#30=FACE_OUTER_BOUND('',#53,.T.);
#31=FACE_OUTER_BOUND('',#54,.T.);
#32=FACE_OUTER_BOUND('',#55,.T.);
#33=FACE_OUTER_BOUND('',#56,.T.);
#34=FACE_OUTER_BOUND('',#57,.T.);
#35=FACE_OUTER_BOUND('',#58,.T.);
#36=FACE_OUTER_BOUND('',#59,.T.);
#37=FACE_OUTER_BOUND('',#60,.T.);
#38=FACE_OUTER_BOUND('',#62,.T.);
#39=FACE_OUTER_BOUND('',#63,.T.);
#40=FACE_OUTER_BOUND('',#65,.T.);
#41=FACE_OUTER_BOUND('',#66,.T.);
#42=FACE_OUTER_BOUND('',#67,.T.);
#43=FACE_OUTER_BOUND('',#68,.T.);
#44=FACE_OUTER_BOUND('',#69,.T.);
#45=FACE_OUTER_BOUND('',#70,.T.);
#46=EDGE_LOOP('',(#248,#249,#250,#251));
#47=EDGE_LOOP('',(#252,#253,#254,#255));
#48=EDGE_LOOP('',(#256,#257,#258,#259));
#49=EDGE_LOOP('',(#260,#261,#262,#263));
#50=EDGE_LOOP('',(#264,#265,#266,#267));
#51=EDGE_LOOP('',(#268,#269,#270,#271));
#52=EDGE_LOOP('',(#272,#273,#274,#275));
#53=EDGE_LOOP('',(#276,#277,#278,#279));
#54=EDGE_LOOP('',(#280,#281,#282,#283));
#55=EDGE_LOOP('',(#284,#285,#286,#287));
#56=EDGE_LOOP('',(#288,#289,#290,#291));
#57=EDGE_LOOP('',(#292,#293,#294,#295));
#58=EDGE_LOOP('',(#296,#297,#298,#299));
#59=EDGE_LOOP('',(#300,#301,#302,#303));
#60=EDGE_LOOP('',(#304,#305,#306,#307));
#61=EDGE_LOOP('',(#308));
#62=EDGE_LOOP('',(#309,#310,#311,#312));
#63=EDGE_LOOP('',(#313));
#64=EDGE_LOOP('',(#314));
#65=EDGE_LOOP('',(#315,#316,#317,#318));
#66=EDGE_LOOP('',(#319,#320,#321,#322,#323,#324,#325,#326,#327,#328,#329,
#330,#331,#332,#333,#334,#335,#336));
#67=EDGE_LOOP('',(#337,#338,#339,#340,#341,#342,#343,#344,#345,#346,#347,
#348,#349,#350,#351,#352,#353,#354));
#68=EDGE_LOOP('',(#355,#356,#357,#358));
#69=EDGE_LOOP('',(#359,#360,#361,#362));
#70=EDGE_LOOP('',(#363));
#71=EDGE_LOOP('',(#364,#365,#366,#367));
#72=CIRCLE('',#424,24.2112);
#73=CIRCLE('',#431,24.2112);
#74=CIRCLE('',#433,25.13115);
#75=CIRCLE('',#440,25.13115);
#76=CIRCLE('',#442,21.5);
#77=CIRCLE('',#444,21.5);
#78=CIRCLE('',#446,26.);
#79=CIRCLE('',#450,26.);
#80=B_SPLINE_CURVE_WITH_KNOTS('',3,(#534,#535,#536,#537,#538,#539,#540),
 .UNSPECIFIED.,.F.,.F.,(4,3,4),(8.53840662041556,9.51462905662143,9.64804432948568),
 .UNSPECIFIED.);
#81=B_SPLINE_CURVE_WITH_KNOTS('',3,(#543,#544,#545,#546,#547,#548,#549,
#550,#551,#552,#553,#554,#555),.UNSPECIFIED.,.F.,.F.,(4,3,3,3,4),(108.848377180271,
109.535178164241,110.511707890386,111.488237616532,112.317428061625),
 .UNSPECIFIED.);
#82=B_SPLINE_CURVE_WITH_KNOTS('',3,(#560,#561,#562,#563,#564,#565,#566,
#567,#568,#569,#570,#571,#572,#573,#574,#575,#576,#577,#578,#579,#580,#581,
#582,#583,#584,#585,#586,#587,#588,#589,#590,#591,#592,#593,#594,#595,#596,
#597,#598,#599,#600,#601,#602,#603,#604,#605,#606,#607,#608),
 .UNSPECIFIED.,.F.,.F.,(4,3,3,3,3,3,3,3,3,3,3,3,3,3,3,3,4),(9.64804432948568,
10.4910160238979,11.4674290362279,12.4438420485579,13.4202550608879,14.3966680732179,
15.3730810855479,16.3494940978779,17.3259071102079,18.3023201225378,19.2787331348678,
20.2551461471978,21.2315591595278,22.2079721718578,23.1843851841878,24.1607981965178,
24.9096796431408),.UNSPECIFIED.);
#83=B_SPLINE_CURVE_WITH_KNOTS('',3,(#609,#610,#611,#612,#613,#614,#615,
#616,#617,#618,#619,#620,#621,#622,#623,#624,#625,#626,#627,#628,#629,#630,
#631,#632,#633,#634,#635,#636,#637,#638,#639,#640,#641,#642,#643,#644,#645,
#646,#647,#648,#649,#650,#651,#652,#653,#654,#655,#656,#657,#658,#659,#660,
#661,#662,#663),.UNSPECIFIED.,.F.,.F.,(4,3,3,3,3,3,3,3,3,3,3,3,3,3,3,3,
3,3,4),(93.5871264575732,93.8043766622798,94.6722774684053,95.5401782745309,
96.4080790806565,97.275979886782,98.1438806929076,99.0117814990331,99.8796823051587,
100.747583111284,101.723971518176,102.700359925067,103.676748331958,104.653136738849,
105.629525145741,106.605913552632,107.582301959523,108.558690366414,108.848377180271),
 .UNSPECIFIED.);
#84=B_SPLINE_CURVE_WITH_KNOTS('',3,(#668,#669,#670,#671,#672,#673,#674,
#675,#676,#677,#678,#679,#680,#681,#682,#683,#684,#685,#686,#687,#688,#689,
#690,#691,#692,#693,#694,#695,#696,#697,#698,#699,#700,#701,#702,#703,#704,
#705,#706,#707,#708,#709,#710,#711,#712,#713),.UNSPECIFIED.,.F.,.F.,(4,
3,3,3,3,3,3,3,3,3,3,3,3,3,3,4),(24.9096796431408,25.0287216920576,25.8966503330417,
26.7645789740258,27.6325076150098,28.5004362559939,29.3683648969779,30.670257858454,
31.9721508199301,33.2740437814061,34.5759367428822,35.8778297043583,37.1797226658344,
38.4816156273105,39.7835085887865,40.1714198167202),.UNSPECIFIED.);
#85=B_SPLINE_CURVE_WITH_KNOTS('',3,(#714,#715,#716,#717,#718,#719,#720,
#721,#722,#723,#724,#725,#726,#727,#728,#729,#730,#731,#732,#733,#734,#735,
#736,#737,#738,#739,#740,#741,#742,#743,#744,#745,#746,#747,#748,#749,#750,
#751,#752,#753,#754,#755,#756,#757,#758,#759,#760,#761,#762,#763,#764,#765,
#766,#767,#768),.UNSPECIFIED.,.F.,.F.,(4,3,3,3,3,3,3,3,3,3,3,3,3,3,3,3,
3,3,4),(78.3256796161176,79.0498761458688,79.9177881051771,80.2432550899177,
81.2196560441395,82.5215239831019,83.8233919220643,85.1252598610267,86.4271277999891,
86.7525947847297,87.7289957389515,88.3799297084328,89.0308636779139,89.3563306626546,
90.3327316168764,91.2006435761846,92.0685555354929,92.9364674948012,93.5871264575732),
 .UNSPECIFIED.);
#86=B_SPLINE_CURVE_WITH_KNOTS('',3,(#773,#774,#775,#776,#777,#778,#779,
#780,#781,#782,#783,#784,#785,#786,#787,#788,#789,#790,#791,#792,#793,#794,
#795,#796,#797,#798,#799,#800,#801,#802,#803,#804,#805,#806,#807,#808,#809,
#810,#811,#812,#813,#814,#815,#816,#817,#818,#819,#820,#821),
 .UNSPECIFIED.,.F.,.F.,(4,3,3,3,3,3,3,3,3,3,3,3,3,3,3,3,4),(40.1714198167202,
41.085402813445,42.3872975742222,43.6891923349994,44.9910870957766,45.8590169362947,
46.7269467768128,47.5948766173309,48.462806457849,49.3307362983671,50.1986661388852,
51.0665959794034,51.9345258199215,52.8024556604396,54.1043504212168,55.4062451819939,
55.4331810829406),.UNSPECIFIED.);
#87=B_SPLINE_CURVE_WITH_KNOTS('',3,(#822,#823,#824,#825,#826,#827,#828,
#829,#830,#831,#832,#833,#834,#835,#836,#837,#838,#839,#840,#841,#842,#843,
#844,#845,#846,#847,#848,#849,#850,#851,#852,#853,#854,#855,#856,#857,#858,
#859,#860,#861,#862,#863,#864,#865,#866,#867,#868,#869,#870,#871,#872,#873,
#874,#875,#876),.UNSPECIFIED.,.F.,.F.,(4,3,3,3,3,3,3,3,3,3,3,3,3,3,3,3,
3,3,4),(63.0640435322138,64.29519886112,65.1631215825801,66.0310443040402,
66.8989670255004,67.7668897469605,68.6348124684206,69.5027351898807,70.3706579113409,
71.238580632801,72.1065033542611,72.9744260757212,73.8423487971814,74.7102715186415,
75.5781942401016,76.4461169615617,77.3140396830219,78.181962404482,78.3256796161176),
 .UNSPECIFIED.);
#88=B_SPLINE_CURVE_WITH_KNOTS('',3,(#881,#882,#883,#884,#885,#886,#887,
#888,#889,#890,#891,#892,#893,#894,#895,#896,#897,#898,#899,#900,#901,#902,
#903,#904,#905,#906,#907,#908,#909,#910,#911,#912,#913,#914,#915,#916,#917),
 .UNSPECIFIED.,.F.,.F.,(4,3,3,3,3,3,3,3,3,3,3,3,4),(55.4331810829406,56.7081347252535,
58.0100241582832,59.311913591313,60.6138030243427,61.9156924573724,63.2175818904021,
64.5194713234318,65.8213607564615,67.1232501894912,68.425139622521,69.7270290555507,
70.6948798936373),.UNSPECIFIED.);
#89=B_SPLINE_CURVE_WITH_KNOTS('',3,(#918,#919,#920,#921,#922,#923,#924,
#925,#926,#927,#928,#929,#930,#931,#932,#933,#934,#935,#936,#937,#938,#939,
#940,#941,#942,#943,#944,#945,#946,#947,#948,#949,#950,#951,#952,#953,#954,
#955,#956,#957,#958,#959,#960,#961,#962,#963,#964,#965,#966),
 .UNSPECIFIED.,.F.,.F.,(4,3,3,3,3,3,3,3,3,3,3,3,3,3,3,3,4),(47.8023030299448,
47.8045627501515,48.6724914098577,49.974384399417,51.2762773889764,52.5781703785357,
53.880063368095,55.1819563576543,56.4838493472137,57.785742336773,58.4366888315527,
59.0876353263323,59.9555639860385,60.8234926457448,61.691421305451,62.9933142950103,
63.0640435322138),.UNSPECIFIED.);
#90=B_SPLINE_CURVE_WITH_KNOTS('',3,(#971,#972,#973,#974,#975,#976,#977,
#978,#979,#980,#981,#982,#983,#984,#985,#986,#987,#988,#989,#990,#991,#992,
#993,#994,#995,#996,#997,#998,#999,#1000,#1001,#1002,#1003,#1004,#1005,
#1006,#1007,#1008,#1009,#1010,#1011,#1012,#1013),.UNSPECIFIED.,.F.,.F.,
(4,3,3,3,3,3,3,3,3,3,3,3,3,3,4),(70.6948798936373,71.0289152788408,72.3307922021603,
73.6326691254798,74.9345460487993,76.2364229721188,77.1043409209984,77.9722588698781,
78.8401768187577,80.1420537420772,81.4439306653966,82.7458075887161,84.0476845120356,
85.3495614353551,85.9564320567167),.UNSPECIFIED.);
#91=B_SPLINE_CURVE_WITH_KNOTS('',3,(#1014,#1015,#1016,#1017,#1018,#1019,
#1020,#1021,#1022,#1023,#1024,#1025,#1026,#1027,#1028,#1029,#1030,#1031,
#1032,#1033,#1034,#1035,#1036,#1037,#1038,#1039,#1040,#1041,#1042,#1043,
#1044,#1045,#1046,#1047,#1048,#1049,#1050,#1051,#1052,#1053),
 .UNSPECIFIED.,.F.,.F.,(4,3,3,3,3,3,3,3,3,3,3,3,3,4),(32.5405418731921,
33.0497555697296,34.3516503212131,35.6535450726967,36.9554398241802,38.2573345756638,
39.5592293271473,40.8611240786308,42.1630188301144,43.4649135815979,44.7668083330815,
46.068703084565,46.9366329188874,47.8023030299448),.UNSPECIFIED.);
#92=B_SPLINE_CURVE_WITH_KNOTS('',3,(#1059,#1060,#1061,#1062,#1063,#1064,
#1065,#1066,#1067,#1068,#1069,#1070,#1071,#1072,#1073,#1074,#1075,#1076,
#1077,#1078,#1079,#1080,#1081,#1082,#1083,#1084,#1085,#1086,#1087,#1088,
#1089,#1090,#1091,#1092),.UNSPECIFIED.,.F.,.F.,(4,3,3,3,3,3,3,3,3,3,3,4),
(7.01219687050472,7.98859192942675,8.96498698834878,9.94138204727082,10.9177771061929,
11.8941721651149,12.8705672240369,13.8469622829589,14.823357341881,15.799752400803,
16.776147459725,17.278843611262),.UNSPECIFIED.);
#93=B_SPLINE_CURVE_WITH_KNOTS('',3,(#1095,#1096,#1097,#1098,#1099,#1100,
#1101,#1102,#1103,#1104,#1105,#1106,#1107,#1108,#1109,#1110,#1111,#1112,
#1113,#1114,#1115,#1116,#1117,#1118,#1119,#1120,#1121,#1122,#1123,#1124,
#1125,#1126,#1127,#1128,#1129,#1130,#1131,#1132,#1133,#1134),
 .UNSPECIFIED.,.F.,.F.,(4,3,3,3,3,3,3,3,3,3,3,3,3,4),(101.217751925332,
102.273713256074,103.250106257813,104.226499259552,105.202892261292,106.179285263031,
107.155678264771,108.13207126651,109.10846426825,110.084857269989,111.061250271729,
112.037643273468,113.014036275208,113.843110628537),.UNSPECIFIED.);
#94=B_SPLINE_CURVE_WITH_KNOTS('',3,(#1140,#1141,#1142,#1143,#1144,#1145,
#1146,#1147,#1148,#1149,#1150,#1151,#1152,#1153,#1154,#1155,#1156,#1157,
#1158,#1159,#1160,#1161,#1162,#1163,#1164),.UNSPECIFIED.,.F.,.F.,(4,3,3,
3,3,3,3,3,4),(112.983551077354,113.696383129466,114.709900817732,115.723418505998,
116.736936194264,117.75045388253,118.763971570796,119.777489259061,120.791006943449),
 .UNSPECIFIED.);
#95=B_SPLINE_CURVE_WITH_KNOTS('',3,(#1167,#1168,#1169,#1170,#1171,#1172,
#1173,#1174,#1175,#1176,#1177,#1178,#1179,#1180,#1181,#1182,#1183,#1184,
#1185,#1186,#1187,#1188,#1189,#1190,#1191,#1192,#1193,#1194,#1195,#1196,
#1197,#1198,#1199,#1200,#1201,#1202,#1203,#1204,#1205,#1206),
 .UNSPECIFIED.,.F.,.F.,(4,3,3,3,3,3,3,3,3,3,3,3,3,4),(13.0695401926384,
13.9301268141047,14.9436315151197,15.9571362161346,16.9706409171495,17.9841456181644,
18.9976503191793,20.0111550201942,21.0246597212092,22.0381644222241,23.051669123239,
24.065173824254,25.0786785252689,25.8559911134845),.UNSPECIFIED.);
#96=B_SPLINE_CURVE_WITH_KNOTS('',3,(#1211,#1212,#1213,#1214,#1215,#1216,
#1217,#1218,#1219,#1220,#1221,#1222,#1223,#1224,#1225,#1226,#1227,#1228,
#1229,#1230,#1231,#1232,#1233,#1234,#1235,#1236,#1237,#1238,#1239,#1240,
#1241,#1242,#1243,#1244,#1245,#1246,#1247,#1248,#1249,#1250,#1251,#1252,
#1253,#1254,#1255,#1256,#1257,#1258,#1259,#1260,#1261,#1262,#1263,#1264,
#1265),.UNSPECIFIED.,.F.,.F.,(4,3,3,3,3,3,3,3,3,3,3,3,3,3,3,3,3,3,4),(97.1425196587451,
97.3680404258775,98.2689131123889,99.1697857989003,100.070658485412,100.971531171923,
101.872403858434,102.773276544946,103.674149231457,104.575021917969,105.588503690294,
106.601985462619,107.615467234945,108.62894900727,109.642430779595,110.655912551921,
111.669394324246,112.682876096571,112.983551077354),.UNSPECIFIED.);
#97=B_SPLINE_CURVE_WITH_KNOTS('',3,(#1266,#1267,#1268,#1269,#1270,#1271,
#1272,#1273,#1274,#1275,#1276,#1277,#1278,#1279,#1280,#1281,#1282,#1283,
#1284,#1285,#1286,#1287,#1288,#1289,#1290,#1291,#1292,#1293,#1294,#1295,
#1296,#1297,#1298,#1299,#1300,#1301,#1302,#1303,#1304,#1305,#1306,#1307,
#1308,#1309,#1310,#1311),.UNSPECIFIED.,.F.,.F.,(4,3,3,3,3,3,3,3,3,3,3,3,
3,3,3,4),(25.8559911134845,25.9795727635042,26.8804743651502,27.7813759667962,
28.6822775684422,29.5831791700882,30.4840807717342,31.8354331742032,33.1867855766722,
34.5381379791412,35.8894903816102,37.2408427840792,38.5921951865482,39.9435475890172,
41.2948999914862,41.6975309786887),.UNSPECIFIED.);
#98=B_SPLINE_CURVE_WITH_KNOTS('',3,(#1316,#1317,#1318,#1319,#1320,#1321,
#1322,#1323,#1324,#1325,#1326,#1327,#1328,#1329,#1330,#1331,#1332,#1333,
#1334,#1335,#1336,#1337,#1338,#1339,#1340,#1341,#1342,#1343,#1344,#1345,
#1346,#1347,#1348,#1349,#1350,#1351,#1352,#1353,#1354,#1355,#1356,#1357,
#1358,#1359,#1360,#1361,#1362,#1363,#1364,#1365,#1366,#1367,#1368,#1369,
#1370),.UNSPECIFIED.,.F.,.F.,(4,3,3,3,3,3,3,3,3,3,3,3,3,3,3,3,3,3,4),(81.3012855781987,
82.0530117104338,82.953895922236,83.2917275016619,84.3052222399394,85.6565485576427,
87.007874875346,88.3592011930493,89.7105275107526,90.0483590901785,91.061853828456,
91.7375169873076,92.4131801461593,92.7510117255851,93.7645064638626,94.6653906756648,
95.566274887467,96.4671590992692,97.1425196587451),.UNSPECIFIED.);
#99=B_SPLINE_CURVE_WITH_KNOTS('',3,(#1371,#1372,#1373,#1374,#1375,#1376,
#1377,#1378,#1379,#1380,#1381,#1382,#1383,#1384,#1385,#1386,#1387,#1388,
#1389,#1390,#1391,#1392,#1393,#1394,#1395,#1396,#1397,#1398,#1399,#1400,
#1401,#1402,#1403,#1404,#1405,#1406,#1407,#1408,#1409,#1410,#1411,#1412,
#1413,#1414,#1415,#1416,#1417,#1418,#1419),.UNSPECIFIED.,.F.,.F.,(4,3,3,
3,3,3,3,3,3,3,3,3,3,3,3,3,4),(41.6975309786887,42.6462536974995,43.9976079567281,
45.3489622159568,46.7003164751854,47.6012193146711,48.5021221541569,49.4030249936427,
50.3039278331285,51.2048306726142,52.1057335121,53.0066363515857,53.9075391910715,
54.8084420305572,56.1597962897859,57.5111505490145,57.5390926101083),
 .UNSPECIFIED.);
#100=B_SPLINE_CURVE_WITH_KNOTS('',3,(#1424,#1425,#1426,#1427,#1428,#1429,
#1430,#1431,#1432,#1433,#1434,#1435,#1436,#1437,#1438,#1439,#1440,#1441,
#1442,#1443,#1444,#1445,#1446,#1447,#1448,#1449,#1450,#1451,#1452,#1453,
#1454,#1455,#1456,#1457,#1458,#1459,#1460,#1461,#1462,#1463,#1464,#1465,
#1466,#1467,#1468,#1469,#1470,#1471,#1472,#1473,#1474,#1475,#1476,#1477,
#1478),.UNSPECIFIED.,.F.,.F.,(4,3,3,3,3,3,3,3,3,3,3,3,3,3,3,3,3,3,4),(65.4598544425765,
66.7377989511272,67.6386943693815,68.5395897876358,69.4404852058901,70.3413806241443,
71.2422760423986,72.1431714606529,73.0440668789072,73.9449622971615,74.8458577154158,
75.7467531336701,76.6476485519243,77.5485439701786,78.4494393884329,79.3503348066872,
80.2512302249415,81.1521256431957,81.3012855781987),.UNSPECIFIED.);
#101=B_SPLINE_CURVE_WITH_KNOTS('',3,(#1479,#1480,#1481,#1482,#1483,#1484,
#1485,#1486,#1487,#1488,#1489,#1490,#1491,#1492,#1493,#1494,#1495,#1496,
#1497,#1498,#1499,#1500,#1501,#1502,#1503,#1504,#1505,#1506,#1507,#1508,
#1509,#1510,#1511,#1512,#1513,#1514,#1515),.UNSPECIFIED.,.F.,.F.,(4,3,3,
3,3,3,3,3,3,3,3,3,4),(57.5390926101083,58.8624993655102,60.2138480670899,
61.5651967686697,62.9165454702494,64.2678941718291,65.6192428734089,66.9705915749886,
68.3219402765683,69.673288978148,71.0246376797278,72.3759863813075,73.3805890909241),
 .UNSPECIFIED.);
#102=B_SPLINE_CURVE_WITH_KNOTS('',3,(#1520,#1521,#1522,#1523,#1524,#1525,
#1526,#1527,#1528,#1529,#1530,#1531,#1532,#1533,#1534,#1535,#1536,#1537,
#1538,#1539,#1540,#1541,#1542,#1543,#1544,#1545,#1546,#1547,#1548,#1549,
#1550,#1551,#1552,#1553,#1554,#1555,#1556,#1557,#1558,#1559,#1560,#1561,
#1562,#1563,#1564,#1565,#1566,#1567,#1568),.UNSPECIFIED.,.F.,.F.,(4,3,3,
3,3,3,3,3,3,3,3,3,3,3,3,3,4),(49.618314500602,49.6206772138613,50.521578819904,
51.872931228968,53.224283638032,54.5756360470961,55.9269884561601,57.2783408652241,
58.6296932742882,59.9810456833522,60.6567218878842,61.3323980924162,62.2332996984589,
63.1342013045016,64.0351029105443,65.3864553196083,65.4598544425765),
 .UNSPECIFIED.);
#103=B_SPLINE_CURVE_WITH_KNOTS('',3,(#1569,#1570,#1571,#1572,#1573,#1574,
#1575,#1576,#1577,#1578,#1579,#1580,#1581,#1582,#1583,#1584,#1585,#1586,
#1587,#1588,#1589,#1590,#1591,#1592,#1593,#1594,#1595,#1596,#1597,#1598,
#1599,#1600,#1601,#1602,#1603,#1604,#1605,#1606,#1607,#1608,#1609,#1610,
#1611),.UNSPECIFIED.,.F.,.F.,(4,3,3,3,3,3,3,3,3,3,3,3,3,3,4),(73.3805890909241,
73.7273317396345,75.078667411791,76.4300030839475,77.781338756104,79.1326744282605,
80.0335648763648,80.9344553244692,81.8353457725735,83.18668144473,84.5380171168865,
85.889352789043,87.2406884611995,88.592024133356,89.2219328316553),
 .UNSPECIFIED.);
#104=B_SPLINE_CURVE_WITH_KNOTS('',3,(#1616,#1617,#1618,#1619,#1620,#1621,
#1622,#1623,#1624,#1625,#1626,#1627,#1628,#1629,#1630,#1631,#1632,#1633,
#1634,#1635,#1636,#1637,#1638,#1639,#1640,#1641,#1642,#1643,#1644,#1645,
#1646,#1647,#1648,#1649,#1650,#1651,#1652,#1653,#1654,#1655),
 .UNSPECIFIED.,.F.,.F.,(4,3,3,3,3,3,3,3,3,3,3,3,3,4),(33.7767528947498,
34.3053289700295,35.6566832271233,37.0080374842171,38.3593917413108,39.7107459984046,
41.0621002554984,42.4134545125922,43.764808769686,45.1161630267798,46.4675172838735,
47.8188715409673,48.7197743790299,49.618314500602),.UNSPECIFIED.);
#105=B_SPLINE_CURVE_WITH_KNOTS('',3,(#1656,#1657,#1658,#1659,#1660,#1661,
#1662,#1663,#1664,#1665,#1666,#1667,#1668,#1669,#1670,#1671,#1672,#1673,
#1674,#1675,#1676,#1677,#1678,#1679,#1680,#1681,#1682,#1683,#1684,#1685,
#1686,#1687,#1688,#1689,#1690,#1691,#1692,#1693,#1694,#1695),
 .UNSPECIFIED.,.F.,.F.,(4,3,3,3,3,3,3,3,3,3,3,3,3,4),(89.2219328316553,
89.9433487918848,91.2946638339447,92.6459788760046,93.9972939180646,95.3486089601245,
96.6999240021844,98.0512390442444,99.4025540863043,100.753869128364,102.105184170424,
103.456499212484,104.807814254544,105.063034731363),.UNSPECIFIED.);
#106=B_SPLINE_CURVE_WITH_KNOTS('',3,(#1701,#1702,#1703,#1704,#1705,#1706,
#1707),.UNSPECIFIED.,.F.,.F.,(4,3,4),(120.904138994916,121.361573060477,
122.375385530521),.UNSPECIFIED.);
#107=B_SPLINE_CURVE_WITH_KNOTS('',3,(#1710,#1711,#1712,#1713,#1714,#1715,
#1716,#1717,#1718,#1719,#1720,#1721,#1722,#1723,#1724,#1725,#1726,#1727,
#1728,#1729,#1730,#1731),.UNSPECIFIED.,.F.,.F.,(4,3,3,3,3,3,3,4),(11.4859075587787,
12.3464213273102,13.3598402299457,14.3732591325812,15.3866780352168,16.4000969378523,
17.4135158404878,17.9352565421065),.UNSPECIFIED.);
#108=B_SPLINE_CURVE_WITH_KNOTS('',3,(#1733,#1734,#1735,#1736,#1737,#1738,
#1739,#1740,#1741,#1742,#1743,#1744,#1745,#1746,#1747,#1748,#1749,#1750,
#1751,#1752,#1753,#1754,#1755,#1756,#1757,#1758,#1759,#1760,#1761,#1762,
#1763,#1764,#1765,#1766,#1767,#1768,#1769,#1770,#1771,#1772,#1773,#1774,
#1775,#1776,#1777,#1778,#1779,#1780,#1781,#1782,#1783,#1784,#1785,#1786,
#1787,#1788,#1789,#1790,#1791,#1792,#1793,#1794,#1795,#1796,#1797,#1798,
#1799,#1800,#1801,#1802,#1803,#1804,#1805,#1806,#1807,#1808,#1809,#1810,
#1811,#1812,#1813,#1814,#1815,#1816,#1817,#1818,#1819,#1820,#1821,#1822,
#1823,#1824,#1825,#1826,#1827,#1828,#1829,#1830,#1831,#1832,#1833,#1834,
#1835,#1836,#1837,#1838,#1839,#1840,#1841),.UNSPECIFIED.,.F.,.F.,(4,3,3,
3,3,3,3,3,3,3,3,3,3,3,3,3,3,3,3,3,3,3,3,3,3,3,3,3,3,3,3,3,3,3,3,3,4),(1.844562464207,
1.97789831006959,2.12543403519081,2.27414241642991,2.42337905179471,2.57219618639964,
2.71934261248608,2.85418940157363,2.91674308778328,2.95225895365243,2.9651440877677,
3.11169956866521,3.25944753322046,3.40834774514736,3.55621507598191,3.70563172845498,
3.85504838092805,3.9222684124158,3.93567089982829,4.0812691280871,4.22806527973401,
4.38283425022733,4.52973962834516,4.67572982632809,4.81981135884599,4.84714116170728,
4.86781712119073,4.88132829733106,4.89418039730093,5.03888502564208,5.18475648886198,
5.3311427214261,5.47709406948397,5.62131599353277,5.76355681051301,5.82986211050569,
5.97732386777341),.UNSPECIFIED.);
#109=B_SPLINE_CURVE_WITH_KNOTS('',3,(#1842,#1843,#1844,#1845,#1846,#1847,
#1848,#1849,#1850,#1851,#1852,#1853,#1854,#1855,#1856,#1857,#1858,#1859,
#1860,#1861,#1862,#1863,#1864,#1865,#1866,#1867,#1868,#1869,#1870,#1871,
#1872,#1873,#1874,#1875,#1876,#1877,#1878,#1879,#1880,#1881,#1882,#1883,
#1884,#1885,#1886,#1887,#1888,#1889,#1890,#1891,#1892,#1893,#1894,#1895,
#1896,#1897,#1898,#1899,#1900,#1901,#1902,#1903,#1904,#1905,#1906,#1907,
#1908,#1909,#1910,#1911,#1912,#1913,#1914,#1915,#1916,#1917,#1918,#1919,
#1920,#1921,#1922,#1923,#1924,#1925,#1926,#1927,#1928,#1929,#1930,#1931,
#1932,#1933,#1934,#1935,#1936,#1937,#1938,#1939,#1940,#1941,#1942,#1943,
#1944,#1945,#1946,#1947,#1948,#1949,#1950,#1951,#1952,#1953,#1954,#1955,
#1956,#1957,#1958,#1959),.UNSPECIFIED.,.F.,.F.,(4,3,3,3,3,3,3,3,3,3,3,3,
3,3,3,3,3,3,3,3,3,3,3,3,3,3,3,3,3,3,3,3,3,3,3,3,3,3,3,4),(0.65910092699595,
0.804383911253428,0.908831884938923,0.935949868304058,0.952000989261415,
1.09637117175193,1.24245756683202,1.388866912578,1.53474312887862,1.63996770073739,
1.7861399420211,1.89156916548781,1.90437407127149,2.04949355322839,2.19646152900472,
2.3437982442264,2.49060559031036,2.62957372975475,2.75436565113726,2.8089621167421,
2.84156531475578,2.85543816516158,2.86851379271299,3.0145536924993,3.16789254457818,
3.31617884914674,3.47204397498077,3.61906925329821,3.6279091008148,3.75379178944436,
3.80886546571979,3.82391735694051,3.83706914817079,3.98393389534748,4.13218863880714,
4.28140389911624,4.43048550812977,4.57846399732827,4.63497060985125,4.78742993594806),
 .UNSPECIFIED.);
#110=B_SPLINE_CURVE_WITH_KNOTS('',3,(#1970,#1971,#1972,#1973,#1974,#1975,
#1976,#1977,#1978,#1979,#1980,#1981,#1982,#1983,#1984,#1985,#1986,#1987,
#1988,#1989,#1990,#1991,#1992,#1993,#1994,#1995,#1996,#1997,#1998,#1999,
#2000,#2001,#2002,#2003,#2004,#2005,#2006,#2007,#2008,#2009,#2010,#2011,
#2012,#2013,#2014,#2015),.UNSPECIFIED.,.F.,.F.,(4,3,3,3,3,3,3,3,3,3,3,3,
3,3,3,4),(17.9352565421065,18.4269796771235,19.4404911951427,20.4540027131618,
21.467514231181,22.4810257492001,23.4945372672193,24.8458859579115,26.1972346486037,
27.5485833392958,28.899932029988,30.2512807206802,31.6026294113724,32.9539781020646,
33.6296524474107,33.7767528947498),.UNSPECIFIED.);
#111=B_SPLINE_CURVE_WITH_KNOTS('',3,(#2016,#2017,#2018,#2019,#2020,#2021,
#2022,#2023,#2024,#2025,#2026,#2027,#2028,#2029,#2030,#2031,#2032,#2033,
#2034,#2035,#2036,#2037,#2038,#2039,#2040,#2041,#2042,#2043,#2044,#2045,
#2046,#2047,#2048,#2049,#2050,#2051,#2052,#2053,#2054,#2055,#2056,#2057,
#2058,#2059,#2060,#2061,#2062,#2063,#2064),.UNSPECIFIED.,.F.,.F.,(4,3,3,
3,3,3,3,3,3,3,3,3,3,3,3,3,4),(105.063034731363,106.159129460166,107.172615892945,
108.186102325725,109.199588758504,110.213075191284,111.226561624063,112.240048056843,
113.253534489623,114.267020922402,115.280507355182,116.293993787961,117.307480220741,
118.32096665352,119.3344530863,120.34793951908,120.904138994916),
 .UNSPECIFIED.);
#112=B_SPLINE_CURVE_WITH_KNOTS('',3,(#2517,#2518,#2519,#2520,#2521,#2522,
#2523,#2524,#2525,#2526,#2527,#2528,#2529,#2530,#2531,#2532,#2533,#2534,
#2535,#2536,#2537,#2538,#2539,#2540,#2541,#2542,#2543,#2544,#2545,#2546,
#2547,#2548,#2549,#2550,#2551,#2552,#2553,#2554,#2555,#2556,#2557,#2558,
#2559,#2560,#2561,#2562,#2563,#2564,#2565,#2566,#2567,#2568,#2569,#2570,
#2571,#2572,#2573,#2574,#2575,#2576,#2577,#2578,#2579,#2580,#2581,#2582,
#2583,#2584,#2585,#2586,#2587,#2588,#2589,#2590,#2591,#2592,#2593,#2594,
#2595,#2596,#2597,#2598,#2599,#2600,#2601,#2602,#2603,#2604,#2605,#2606,
#2607,#2608,#2609,#2610,#2611,#2612,#2613,#2614,#2615,#2616,#2617,#2618,
#2619,#2620,#2621,#2622,#2623,#2624,#2625,#2626,#2627,#2628,#2629,#2630,
#2631,#2632,#2633,#2634,#2635,#2636,#2637),.UNSPECIFIED.,.F.,.F.,(4,3,3,
3,3,3,3,3,3,3,3,3,3,3,3,3,3,3,3,3,3,3,3,3,3,3,3,3,3,3,3,3,3,3,3,3,3,3,3,
3,4),(-4.78742993981193,-4.64020011503069,-4.49169568358931,-4.34253285353585,
-4.19371408734827,-4.04576027828042,-3.91244338516753,-3.84578493861109,
-3.82810679420763,-3.81544243245454,-3.77912649205465,-3.63266275558051,
-3.48498625550218,-3.33673117889085,-3.18895878526356,-3.04212509389324,
-2.91083331024765,-2.87801036433626,-2.86066005660187,-2.84760176004195,
-2.77954152660207,-2.63374204293776,-2.48684352719266,-2.33949221967271,
-2.19280457404961,-2.04713528410609,-1.91790683195169,-1.90193236087793,
-1.88681137223329,-1.78867837979728,-1.6435996748718,-1.49752067032294,
-1.35110235047965,-1.20551821286058,-1.06103194546129,-0.997409863934326,
-0.970298739057499,-0.951668728428299,-0.934514924354658,-0.806543619353426,
-0.659100926995976),.UNSPECIFIED.);
#113=B_SPLINE_CURVE_WITH_KNOTS('',3,(#2638,#2639,#2640,#2641,#2642,#2643,
#2644,#2645,#2646,#2647,#2648,#2649,#2650,#2651,#2652,#2653,#2654,#2655,
#2656,#2657,#2658,#2659,#2660,#2661,#2662,#2663,#2664,#2665,#2666,#2667,
#2668,#2669,#2670,#2671,#2672,#2673,#2674,#2675,#2676,#2677,#2678,#2679,
#2680,#2681,#2682,#2683),.UNSPECIFIED.,.F.,.F.,(4,3,3,3,3,3,3,3,3,3,3,3,
3,3,3,4),(17.278843611262,17.7525531826388,18.7289702223352,19.7053872620316,
20.681804301728,21.6582213414244,22.6346383811207,23.9365277673826,25.2384171536445,
26.5403065399063,27.8421959261682,29.14408531243,30.4459746986919,31.7478640849538,
32.3988087780847,32.5405418731921),.UNSPECIFIED.);
#114=B_SPLINE_CURVE_WITH_KNOTS('',3,(#3088,#3089,#3090,#3091,#3092,#3093,
#3094,#3095,#3096,#3097,#3098,#3099,#3100,#3101,#3102,#3103,#3104,#3105,
#3106,#3107,#3108,#3109,#3110,#3111,#3112,#3113,#3114,#3115,#3116,#3117,
#3118,#3119,#3120,#3121,#3122,#3123,#3124,#3125,#3126,#3127,#3128,#3129,
#3130,#3131,#3132,#3133,#3134,#3135,#3136,#3137,#3138,#3139,#3140,#3141,
#3142,#3143,#3144,#3145,#3146,#3147,#3148,#3149,#3150,#3151,#3152,#3153,
#3154,#3155,#3156,#3157,#3158,#3159,#3160,#3161,#3162,#3163,#3164,#3165,
#3166,#3167,#3168,#3169,#3170,#3171,#3172,#3173,#3174,#3175,#3176,#3177,
#3178,#3179,#3180,#3181,#3182,#3183,#3184,#3185,#3186,#3187,#3188,#3189,
#3190,#3191,#3192,#3193,#3194,#3195,#3196,#3197,#3198,#3199,#3200,#3201,
#3202,#3203,#3204,#3205),.UNSPECIFIED.,.F.,.F.,(4,3,3,3,3,3,3,3,3,3,3,3,
3,3,3,3,3,3,3,3,3,3,3,3,3,3,3,3,3,3,3,3,3,3,3,3,3,3,3,4),(-8.08793916504928,
-7.94252191634189,-7.8550689421586,-7.71075230202822,-7.55944141639652,
-7.41284755087929,-7.25917815519036,-7.11378383849089,-7.10550875950143,
-6.9816075232898,-6.92740073244722,-6.90644972121176,-6.89346483282837,
-6.74831345522791,-6.60176587007176,-6.45424495637392,-6.30684346955571,
-6.16050245647675,-6.11429886980841,-5.98930499196472,-5.9586145438612,
-5.94163322273057,-5.92810413288579,-5.78203275587238,-5.63455948287076,
-5.48609165215279,-5.33774632035664,-5.19053553835102,-5.11434784705893,
-4.988261736178,-4.97386863941843,-4.96130083104424,-4.81444027029792,-4.6661303040399,
-4.51673308708829,-4.36742962560005,-4.21931864206006,-4.10565896001149,
-3.99323108245568,-3.95305783721501),.UNSPECIFIED.);
#115=B_SPLINE_CURVE_WITH_KNOTS('',3,(#3206,#3207,#3208,#3209,#3210,#3211,
#3212,#3213,#3214,#3215,#3216,#3217,#3218,#3219,#3220,#3221,#3222,#3223,
#3224,#3225,#3226,#3227,#3228,#3229,#3230,#3231,#3232,#3233,#3234,#3235,
#3236,#3237,#3238,#3239,#3240,#3241,#3242,#3243,#3244,#3245),
 .UNSPECIFIED.,.F.,.F.,(4,3,3,3,3,3,3,3,3,3,3,3,3,4),(85.9564320567167,
86.6514277800556,87.9532848876414,89.2551419952271,90.5569991028128,91.8588562103985,
93.1607133179842,94.4625704255699,95.7644275331556,97.0662846407413,98.368141748327,
99.6699988559127,100.971855963498,101.217751925332),.UNSPECIFIED.);
#116=LINE('',#532,#132);
#117=LINE('',#559,#133);
#118=LINE('',#667,#134);
#119=LINE('',#772,#135);
#120=LINE('',#880,#136);
#121=LINE('',#970,#137);
#122=LINE('',#1057,#138);
#123=LINE('',#1138,#139);
#124=LINE('',#1210,#140);
#125=LINE('',#1315,#141);
#126=LINE('',#1423,#142);
#127=LINE('',#1519,#143);
#128=LINE('',#1615,#144);
#129=LINE('',#1699,#145);
#130=LINE('',#1965,#146);
#131=LINE('',#3249,#147);
#132=VECTOR('',#456,24.011);
#133=VECTOR('',#461,24.011);
#134=VECTOR('',#464,24.011);
#135=VECTOR('',#467,24.011);
#136=VECTOR('',#470,24.011);
#137=VECTOR('',#473,24.011);
#138=VECTOR('',#476,24.011);
#139=VECTOR('',#481,25.13115);
#140=VECTOR('',#486,25.13115);
#141=VECTOR('',#489,25.13115);
#142=VECTOR('',#492,25.13115);
#143=VECTOR('',#495,25.13115);
#144=VECTOR('',#498,25.13115);
#145=VECTOR('',#501,25.13115);
#146=VECTOR('',#512,21.5);
#147=VECTOR('',#523,26.);
#148=VERTEX_POINT('',#530);
#149=VERTEX_POINT('',#531);
#150=VERTEX_POINT('',#533);
#151=VERTEX_POINT('',#541);
#152=VERTEX_POINT('',#557);
#153=VERTEX_POINT('',#558);
#154=VERTEX_POINT('',#665);
#155=VERTEX_POINT('',#666);
#156=VERTEX_POINT('',#770);
#157=VERTEX_POINT('',#771);
#158=VERTEX_POINT('',#878);
#159=VERTEX_POINT('',#879);
#160=VERTEX_POINT('',#968);
#161=VERTEX_POINT('',#969);
#162=VERTEX_POINT('',#1055);
#163=VERTEX_POINT('',#1056);
#164=VERTEX_POINT('',#1058);
#165=VERTEX_POINT('',#1093);
#166=VERTEX_POINT('',#1136);
#167=VERTEX_POINT('',#1137);
#168=VERTEX_POINT('',#1139);
#169=VERTEX_POINT('',#1165);
#170=VERTEX_POINT('',#1208);
#171=VERTEX_POINT('',#1209);
#172=VERTEX_POINT('',#1313);
#173=VERTEX_POINT('',#1314);
#174=VERTEX_POINT('',#1421);
#175=VERTEX_POINT('',#1422);
#176=VERTEX_POINT('',#1517);
#177=VERTEX_POINT('',#1518);
#178=VERTEX_POINT('',#1613);
#179=VERTEX_POINT('',#1614);
#180=VERTEX_POINT('',#1697);
#181=VERTEX_POINT('',#1698);
#182=VERTEX_POINT('',#1700);
#183=VERTEX_POINT('',#1708);
#184=VERTEX_POINT('',#1960);
#185=VERTEX_POINT('',#1963);
#186=VERTEX_POINT('',#1967);
#187=VERTEX_POINT('',#3248);
#188=EDGE_CURVE('',#148,#149,#116,.T.);
#189=EDGE_CURVE('',#149,#150,#80,.F.);
#190=EDGE_CURVE('',#151,#150,#72,.T.);
#191=EDGE_CURVE('',#151,#148,#81,.F.);
#192=EDGE_CURVE('',#152,#153,#117,.T.);
#193=EDGE_CURVE('',#153,#149,#82,.F.);
#194=EDGE_CURVE('',#148,#152,#83,.F.);
#195=EDGE_CURVE('',#154,#155,#118,.T.);
#196=EDGE_CURVE('',#155,#153,#84,.F.);
#197=EDGE_CURVE('',#152,#154,#85,.F.);
#198=EDGE_CURVE('',#156,#157,#119,.T.);
#199=EDGE_CURVE('',#157,#155,#86,.F.);
#200=EDGE_CURVE('',#154,#156,#87,.F.);
#201=EDGE_CURVE('',#158,#159,#120,.T.);
#202=EDGE_CURVE('',#159,#157,#88,.F.);
#203=EDGE_CURVE('',#156,#158,#89,.F.);
#204=EDGE_CURVE('',#160,#161,#121,.T.);
#205=EDGE_CURVE('',#161,#159,#90,.F.);
#206=EDGE_CURVE('',#158,#160,#91,.F.);
#207=EDGE_CURVE('',#162,#163,#122,.T.);
#208=EDGE_CURVE('',#162,#164,#92,.F.);
#209=EDGE_CURVE('',#165,#164,#73,.T.);
#210=EDGE_CURVE('',#165,#163,#93,.F.);
#211=EDGE_CURVE('',#166,#167,#123,.T.);
#212=EDGE_CURVE('',#167,#168,#94,.T.);
#213=EDGE_CURVE('',#169,#168,#74,.T.);
#214=EDGE_CURVE('',#166,#169,#95,.F.);
#215=EDGE_CURVE('',#170,#171,#124,.T.);
#216=EDGE_CURVE('',#171,#167,#96,.T.);
#217=EDGE_CURVE('',#170,#166,#97,.F.);
#218=EDGE_CURVE('',#172,#173,#125,.T.);
#219=EDGE_CURVE('',#173,#171,#98,.T.);
#220=EDGE_CURVE('',#172,#170,#99,.F.);
#221=EDGE_CURVE('',#174,#175,#126,.T.);
#222=EDGE_CURVE('',#175,#173,#100,.T.);
#223=EDGE_CURVE('',#174,#172,#101,.F.);
#224=EDGE_CURVE('',#176,#177,#127,.T.);
#225=EDGE_CURVE('',#177,#175,#102,.T.);
#226=EDGE_CURVE('',#176,#174,#103,.F.);
#227=EDGE_CURVE('',#178,#179,#128,.T.);
#228=EDGE_CURVE('',#179,#177,#104,.T.);
#229=EDGE_CURVE('',#178,#176,#105,.F.);
#230=EDGE_CURVE('',#180,#181,#129,.T.);
#231=EDGE_CURVE('',#182,#180,#106,.F.);
#232=EDGE_CURVE('',#183,#182,#75,.T.);
#233=EDGE_CURVE('',#183,#181,#107,.T.);
#234=EDGE_CURVE('',#182,#165,#108,.T.);
#235=EDGE_CURVE('',#164,#183,#109,.T.);
#236=EDGE_CURVE('',#184,#184,#76,.T.);
#237=EDGE_CURVE('',#185,#185,#77,.T.);
#238=EDGE_CURVE('',#185,#184,#130,.T.);
#239=EDGE_CURVE('',#186,#186,#78,.T.);
#240=EDGE_CURVE('',#181,#179,#110,.T.);
#241=EDGE_CURVE('',#180,#178,#111,.F.);
#242=EDGE_CURVE('',#168,#151,#112,.T.);
#243=EDGE_CURVE('',#160,#162,#113,.F.);
#244=EDGE_CURVE('',#150,#169,#114,.T.);
#245=EDGE_CURVE('',#163,#161,#115,.F.);
#246=EDGE_CURVE('',#186,#187,#131,.T.);
#247=EDGE_CURVE('',#187,#187,#79,.T.);
#248=ORIENTED_EDGE('',*,*,#188,.T.);
#249=ORIENTED_EDGE('',*,*,#189,.T.);
#250=ORIENTED_EDGE('',*,*,#190,.F.);
#251=ORIENTED_EDGE('',*,*,#191,.T.);
#252=ORIENTED_EDGE('',*,*,#192,.T.);
#253=ORIENTED_EDGE('',*,*,#193,.T.);
#254=ORIENTED_EDGE('',*,*,#188,.F.);
#255=ORIENTED_EDGE('',*,*,#194,.T.);
#256=ORIENTED_EDGE('',*,*,#195,.T.);
#257=ORIENTED_EDGE('',*,*,#196,.T.);
#258=ORIENTED_EDGE('',*,*,#192,.F.);
#259=ORIENTED_EDGE('',*,*,#197,.T.);
#260=ORIENTED_EDGE('',*,*,#198,.T.);
#261=ORIENTED_EDGE('',*,*,#199,.T.);
#262=ORIENTED_EDGE('',*,*,#195,.F.);
#263=ORIENTED_EDGE('',*,*,#200,.T.);
#264=ORIENTED_EDGE('',*,*,#201,.T.);
#265=ORIENTED_EDGE('',*,*,#202,.T.);
#266=ORIENTED_EDGE('',*,*,#198,.F.);
#267=ORIENTED_EDGE('',*,*,#203,.T.);
#268=ORIENTED_EDGE('',*,*,#204,.T.);
#269=ORIENTED_EDGE('',*,*,#205,.T.);
#270=ORIENTED_EDGE('',*,*,#201,.F.);
#271=ORIENTED_EDGE('',*,*,#206,.T.);
#272=ORIENTED_EDGE('',*,*,#207,.F.);
#273=ORIENTED_EDGE('',*,*,#208,.T.);
#274=ORIENTED_EDGE('',*,*,#209,.F.);
#275=ORIENTED_EDGE('',*,*,#210,.T.);
#276=ORIENTED_EDGE('',*,*,#211,.T.);
#277=ORIENTED_EDGE('',*,*,#212,.T.);
#278=ORIENTED_EDGE('',*,*,#213,.F.);
#279=ORIENTED_EDGE('',*,*,#214,.F.);
#280=ORIENTED_EDGE('',*,*,#215,.T.);
#281=ORIENTED_EDGE('',*,*,#216,.T.);
#282=ORIENTED_EDGE('',*,*,#211,.F.);
#283=ORIENTED_EDGE('',*,*,#217,.F.);
#284=ORIENTED_EDGE('',*,*,#218,.T.);
#285=ORIENTED_EDGE('',*,*,#219,.T.);
#286=ORIENTED_EDGE('',*,*,#215,.F.);
#287=ORIENTED_EDGE('',*,*,#220,.F.);
#288=ORIENTED_EDGE('',*,*,#221,.T.);
#289=ORIENTED_EDGE('',*,*,#222,.T.);
#290=ORIENTED_EDGE('',*,*,#218,.F.);
#291=ORIENTED_EDGE('',*,*,#223,.F.);
#292=ORIENTED_EDGE('',*,*,#224,.T.);
#293=ORIENTED_EDGE('',*,*,#225,.T.);
#294=ORIENTED_EDGE('',*,*,#221,.F.);
#295=ORIENTED_EDGE('',*,*,#226,.F.);
#296=ORIENTED_EDGE('',*,*,#227,.T.);
#297=ORIENTED_EDGE('',*,*,#228,.T.);
#298=ORIENTED_EDGE('',*,*,#224,.F.);
#299=ORIENTED_EDGE('',*,*,#229,.F.);
#300=ORIENTED_EDGE('',*,*,#230,.F.);
#301=ORIENTED_EDGE('',*,*,#231,.F.);
#302=ORIENTED_EDGE('',*,*,#232,.F.);
#303=ORIENTED_EDGE('',*,*,#233,.T.);
#304=ORIENTED_EDGE('',*,*,#232,.T.);
#305=ORIENTED_EDGE('',*,*,#234,.T.);
#306=ORIENTED_EDGE('',*,*,#209,.T.);
#307=ORIENTED_EDGE('',*,*,#235,.T.);
#308=ORIENTED_EDGE('',*,*,#236,.F.);
#309=ORIENTED_EDGE('',*,*,#237,.F.);
#310=ORIENTED_EDGE('',*,*,#238,.T.);
#311=ORIENTED_EDGE('',*,*,#236,.T.);
#312=ORIENTED_EDGE('',*,*,#238,.F.);
#313=ORIENTED_EDGE('',*,*,#239,.T.);
#314=ORIENTED_EDGE('',*,*,#237,.T.);
#315=ORIENTED_EDGE('',*,*,#230,.T.);
#316=ORIENTED_EDGE('',*,*,#240,.T.);
#317=ORIENTED_EDGE('',*,*,#227,.F.);
#318=ORIENTED_EDGE('',*,*,#241,.F.);
#319=ORIENTED_EDGE('',*,*,#242,.F.);
#320=ORIENTED_EDGE('',*,*,#212,.F.);
#321=ORIENTED_EDGE('',*,*,#216,.F.);
#322=ORIENTED_EDGE('',*,*,#219,.F.);
#323=ORIENTED_EDGE('',*,*,#222,.F.);
#324=ORIENTED_EDGE('',*,*,#225,.F.);
#325=ORIENTED_EDGE('',*,*,#228,.F.);
#326=ORIENTED_EDGE('',*,*,#240,.F.);
#327=ORIENTED_EDGE('',*,*,#233,.F.);
#328=ORIENTED_EDGE('',*,*,#235,.F.);
#329=ORIENTED_EDGE('',*,*,#208,.F.);
#330=ORIENTED_EDGE('',*,*,#243,.F.);
#331=ORIENTED_EDGE('',*,*,#206,.F.);
#332=ORIENTED_EDGE('',*,*,#203,.F.);
#333=ORIENTED_EDGE('',*,*,#200,.F.);
#334=ORIENTED_EDGE('',*,*,#197,.F.);
#335=ORIENTED_EDGE('',*,*,#194,.F.);
#336=ORIENTED_EDGE('',*,*,#191,.F.);
#337=ORIENTED_EDGE('',*,*,#244,.F.);
#338=ORIENTED_EDGE('',*,*,#189,.F.);
#339=ORIENTED_EDGE('',*,*,#193,.F.);
#340=ORIENTED_EDGE('',*,*,#196,.F.);
#341=ORIENTED_EDGE('',*,*,#199,.F.);
#342=ORIENTED_EDGE('',*,*,#202,.F.);
#343=ORIENTED_EDGE('',*,*,#205,.F.);
#344=ORIENTED_EDGE('',*,*,#245,.F.);
#345=ORIENTED_EDGE('',*,*,#210,.F.);
#346=ORIENTED_EDGE('',*,*,#234,.F.);
#347=ORIENTED_EDGE('',*,*,#231,.T.);
#348=ORIENTED_EDGE('',*,*,#241,.T.);
#349=ORIENTED_EDGE('',*,*,#229,.T.);
#350=ORIENTED_EDGE('',*,*,#226,.T.);
#351=ORIENTED_EDGE('',*,*,#223,.T.);
#352=ORIENTED_EDGE('',*,*,#220,.T.);
#353=ORIENTED_EDGE('',*,*,#217,.T.);
#354=ORIENTED_EDGE('',*,*,#214,.T.);
#355=ORIENTED_EDGE('',*,*,#207,.T.);
#356=ORIENTED_EDGE('',*,*,#245,.T.);
#357=ORIENTED_EDGE('',*,*,#204,.F.);
#358=ORIENTED_EDGE('',*,*,#243,.T.);
#359=ORIENTED_EDGE('',*,*,#239,.F.);
#360=ORIENTED_EDGE('',*,*,#246,.T.);
#361=ORIENTED_EDGE('',*,*,#247,.T.);
#362=ORIENTED_EDGE('',*,*,#246,.F.);
#363=ORIENTED_EDGE('',*,*,#247,.F.);
#364=ORIENTED_EDGE('',*,*,#242,.T.);
#365=ORIENTED_EDGE('',*,*,#190,.T.);
#366=ORIENTED_EDGE('',*,*,#244,.T.);
#367=ORIENTED_EDGE('',*,*,#213,.T.);
#368=CYLINDRICAL_SURFACE('',#423,24.2112);
#369=CYLINDRICAL_SURFACE('',#425,24.2112);
#370=CYLINDRICAL_SURFACE('',#426,24.2112);
#371=CYLINDRICAL_SURFACE('',#427,24.2112);
#372=CYLINDRICAL_SURFACE('',#428,24.2112);
#373=CYLINDRICAL_SURFACE('',#429,24.2112);
#374=CYLINDRICAL_SURFACE('',#430,24.2112);
#375=CYLINDRICAL_SURFACE('',#432,25.13115);
#376=CYLINDRICAL_SURFACE('',#434,25.13115);
#377=CYLINDRICAL_SURFACE('',#435,25.13115);
#378=CYLINDRICAL_SURFACE('',#436,25.13115);
#379=CYLINDRICAL_SURFACE('',#437,25.13115);
#380=CYLINDRICAL_SURFACE('',#438,25.13115);
#381=CYLINDRICAL_SURFACE('',#439,25.13115);
#382=CYLINDRICAL_SURFACE('',#443,21.5);
#383=CYLINDRICAL_SURFACE('',#447,25.13115);
#384=CYLINDRICAL_SURFACE('',#448,24.2112);
#385=CYLINDRICAL_SURFACE('',#449,26.);
#386=ADVANCED_FACE('',(#23),#368,.F.);
#387=ADVANCED_FACE('',(#24),#369,.F.);
#388=ADVANCED_FACE('',(#25),#370,.F.);
#389=ADVANCED_FACE('',(#26),#371,.F.);
#390=ADVANCED_FACE('',(#27),#372,.F.);
#391=ADVANCED_FACE('',(#28),#373,.F.);
#392=ADVANCED_FACE('',(#29),#374,.F.);
#393=ADVANCED_FACE('',(#30),#375,.F.);
#394=ADVANCED_FACE('',(#31),#376,.F.);
#395=ADVANCED_FACE('',(#32),#377,.F.);
#396=ADVANCED_FACE('',(#33),#378,.F.);
#397=ADVANCED_FACE('',(#34),#379,.F.);
#398=ADVANCED_FACE('',(#35),#380,.F.);
#399=ADVANCED_FACE('',(#36),#381,.F.);
#400=ADVANCED_FACE('',(#37,#17),#20,.F.);
#401=ADVANCED_FACE('',(#38),#382,.F.);
#402=ADVANCED_FACE('',(#39,#18),#21,.T.);
#403=ADVANCED_FACE('',(#40),#383,.F.);
#404=ADVANCED_FACE('',(#41),#15,.F.);
#405=ADVANCED_FACE('',(#42),#16,.F.);
#406=ADVANCED_FACE('',(#43),#384,.F.);
#407=ADVANCED_FACE('',(#44),#385,.T.);
#408=ADVANCED_FACE('',(#45,#19),#22,.F.);
#409=CLOSED_SHELL('',(#386,#387,#388,#389,#390,#391,#392,#393,#394,#395,
#396,#397,#398,#399,#400,#401,#402,#403,#404,#405,#406,#407,#408));
#410=DERIVED_UNIT_ELEMENT(#412,1.);
#411=DERIVED_UNIT_ELEMENT(#3257,-3.);
#412=(
MASS_UNIT()
NAMED_UNIT(*)
SI_UNIT(.KILO.,.GRAM.)
);
#413=DERIVED_UNIT((#410,#411));
#414=MEASURE_REPRESENTATION_ITEM('density measure',
POSITIVE_RATIO_MEASURE(7850.),#413);
#415=PROPERTY_DEFINITION_REPRESENTATION(#420,#417);
#416=PROPERTY_DEFINITION_REPRESENTATION(#421,#418);
#417=REPRESENTATION('material name',(#419),#3254);
#418=REPRESENTATION('density',(#414),#3254);
#419=DESCRIPTIVE_REPRESENTATION_ITEM('Steel','Steel');
#420=PROPERTY_DEFINITION('material property','material name',#3264);
#421=PROPERTY_DEFINITION('material property','density of part',#3264);
#422=AXIS2_PLACEMENT_3D('',#528,#452,#453);
#423=AXIS2_PLACEMENT_3D('',#529,#454,#455);
#424=AXIS2_PLACEMENT_3D('',#542,#457,#458);
#425=AXIS2_PLACEMENT_3D('',#556,#459,#460);
#426=AXIS2_PLACEMENT_3D('',#664,#462,#463);
#427=AXIS2_PLACEMENT_3D('',#769,#465,#466);
#428=AXIS2_PLACEMENT_3D('',#877,#468,#469);
#429=AXIS2_PLACEMENT_3D('',#967,#471,#472);
#430=AXIS2_PLACEMENT_3D('',#1054,#474,#475);
#431=AXIS2_PLACEMENT_3D('',#1094,#477,#478);
#432=AXIS2_PLACEMENT_3D('',#1135,#479,#480);
#433=AXIS2_PLACEMENT_3D('',#1166,#482,#483);
#434=AXIS2_PLACEMENT_3D('',#1207,#484,#485);
#435=AXIS2_PLACEMENT_3D('',#1312,#487,#488);
#436=AXIS2_PLACEMENT_3D('',#1420,#490,#491);
#437=AXIS2_PLACEMENT_3D('',#1516,#493,#494);
#438=AXIS2_PLACEMENT_3D('',#1612,#496,#497);
#439=AXIS2_PLACEMENT_3D('',#1696,#499,#500);
#440=AXIS2_PLACEMENT_3D('',#1709,#502,#503);
#441=AXIS2_PLACEMENT_3D('',#1732,#504,#505);
#442=AXIS2_PLACEMENT_3D('',#1961,#506,#507);
#443=AXIS2_PLACEMENT_3D('',#1962,#508,#509);
#444=AXIS2_PLACEMENT_3D('',#1964,#510,#511);
#445=AXIS2_PLACEMENT_3D('',#1966,#513,#514);
#446=AXIS2_PLACEMENT_3D('',#1968,#515,#516);
#447=AXIS2_PLACEMENT_3D('',#1969,#517,#518);
#448=AXIS2_PLACEMENT_3D('',#3246,#519,#520);
#449=AXIS2_PLACEMENT_3D('',#3247,#521,#522);
#450=AXIS2_PLACEMENT_3D('',#3250,#524,#525);
#451=AXIS2_PLACEMENT_3D('',#3251,#526,#527);
#452=DIRECTION('axis',(0.,0.,1.));
#453=DIRECTION('refdir',(1.,0.,0.));
#454=DIRECTION('center_axis',(0.,0.,-1.));
#455=DIRECTION('ref_axis',(1.,0.,0.));
#456=DIRECTION('',(0.,0.,-1.));
#457=DIRECTION('center_axis',(0.,0.,1.));
#458=DIRECTION('ref_axis',(1.,0.,0.));
#459=DIRECTION('center_axis',(0.,0.,-1.));
#460=DIRECTION('ref_axis',(1.,0.,0.));
#461=DIRECTION('',(0.,0.,-1.));
#462=DIRECTION('center_axis',(0.,0.,-1.));
#463=DIRECTION('ref_axis',(1.,0.,0.));
#464=DIRECTION('',(0.,0.,-1.));
#465=DIRECTION('center_axis',(0.,0.,-1.));
#466=DIRECTION('ref_axis',(1.,0.,0.));
#467=DIRECTION('',(0.,0.,-1.));
#468=DIRECTION('center_axis',(0.,0.,-1.));
#469=DIRECTION('ref_axis',(1.,0.,0.));
#470=DIRECTION('',(0.,0.,-1.));
#471=DIRECTION('center_axis',(0.,0.,-1.));
#472=DIRECTION('ref_axis',(1.,0.,0.));
#473=DIRECTION('',(0.,0.,-1.));
#474=DIRECTION('center_axis',(0.,0.,-1.));
#475=DIRECTION('ref_axis',(1.,0.,0.));
#476=DIRECTION('',(0.,0.,-1.));
#477=DIRECTION('center_axis',(0.,0.,-1.));
#478=DIRECTION('ref_axis',(1.,0.,0.));
#479=DIRECTION('center_axis',(0.,0.,-1.));
#480=DIRECTION('ref_axis',(1.,-7.47144086085883E-15,0.));
#481=DIRECTION('',(1.22464679914735E-16,-9.2998521135357E-31,-1.));
#482=DIRECTION('center_axis',(0.,0.,1.));
#483=DIRECTION('ref_axis',(1.,-7.47144086085884E-15,0.));
#484=DIRECTION('center_axis',(0.,0.,-1.));
#485=DIRECTION('ref_axis',(1.,-7.47144086085883E-15,0.));
#486=DIRECTION('',(1.22464679914735E-16,-9.2998521135357E-31,-1.));
#487=DIRECTION('center_axis',(0.,0.,-1.));
#488=DIRECTION('ref_axis',(1.,-7.47144086085883E-15,0.));
#489=DIRECTION('',(1.22464679914735E-16,-9.2998521135357E-31,-1.));
#490=DIRECTION('center_axis',(0.,0.,-1.));
#491=DIRECTION('ref_axis',(1.,-7.47144086085883E-15,0.));
#492=DIRECTION('',(1.22464679914735E-16,-9.2998521135357E-31,-1.));
#493=DIRECTION('center_axis',(0.,0.,-1.));
#494=DIRECTION('ref_axis',(1.,-7.47144086085883E-15,0.));
#495=DIRECTION('',(1.22464679914735E-16,-9.2998521135357E-31,-1.));
#496=DIRECTION('center_axis',(0.,0.,-1.));
#497=DIRECTION('ref_axis',(1.,-7.47144086085883E-15,0.));
#498=DIRECTION('',(1.22464679914735E-16,-9.2998521135357E-31,-1.));
#499=DIRECTION('center_axis',(0.,0.,-1.));
#500=DIRECTION('ref_axis',(1.,-7.47144086085883E-15,0.));
#501=DIRECTION('',(1.22464679914735E-16,-9.2998521135357E-31,-1.));
#502=DIRECTION('center_axis',(0.,0.,-1.));
#503=DIRECTION('ref_axis',(1.,-7.47144086085883E-15,0.));
#504=DIRECTION('center_axis',(0.,0.,1.));
#505=DIRECTION('ref_axis',(-1.,0.,0.));
#506=DIRECTION('center_axis',(0.,0.,-1.));
#507=DIRECTION('ref_axis',(-1.,0.,0.));
#508=DIRECTION('center_axis',(0.,0.,1.));
#509=DIRECTION('ref_axis',(-1.,0.,0.));
#510=DIRECTION('center_axis',(0.,0.,-1.));
#511=DIRECTION('ref_axis',(-1.,0.,0.));
#512=DIRECTION('',(0.,0.,-1.));
#513=DIRECTION('center_axis',(0.,0.,1.));
#514=DIRECTION('ref_axis',(-1.,0.,0.));
#515=DIRECTION('center_axis',(0.,0.,1.));
#516=DIRECTION('ref_axis',(-1.,0.,0.));
#517=DIRECTION('center_axis',(0.,0.,-1.));
#518=DIRECTION('ref_axis',(1.,-7.47144086085883E-15,0.));
#519=DIRECTION('center_axis',(0.,0.,-1.));
#520=DIRECTION('ref_axis',(1.,0.,0.));
#521=DIRECTION('center_axis',(0.,0.,1.));
#522=DIRECTION('ref_axis',(-1.,0.,0.));
#523=DIRECTION('',(0.,0.,-1.));
#524=DIRECTION('center_axis',(0.,0.,1.));
#525=DIRECTION('ref_axis',(-1.,0.,0.));
#526=DIRECTION('center_axis',(0.,0.,1.));
#527=DIRECTION('ref_axis',(-1.,0.,0.));
#528=CARTESIAN_POINT('',(0.,0.,0.));
#529=CARTESIAN_POINT('Origin',(0.,0.,6.5));
#530=CARTESIAN_POINT('',(-24.2108673983641,-0.000199411354618515,2.65455630315423));
#531=CARTESIAN_POINT('',(-24.2117508979283,0.000284507320078033,2.34544369688311));
#532=CARTESIAN_POINT('',(-24.2112,2.96501685835164E-15,6.5));
#533=CARTESIAN_POINT('',(-21.7274569041994,10.6817518186933,2.2));
#534=CARTESIAN_POINT('Ctrl Pts',(-21.7274569041994,10.6817518186933,2.20000000000001));
#535=CARTESIAN_POINT('Ctrl Pts',(-23.1587665030289,7.77036442147706,2.24265217945805));
#536=CARTESIAN_POINT('Ctrl Pts',(-23.9972822802068,4.5683091427377,2.28530435891609));
#537=CARTESIAN_POINT('Ctrl Pts',(-24.1755553427931,1.32954765085056,2.32795653837414));
#538=CARTESIAN_POINT('Ctrl Pts',(-24.199919000508,0.886922863551368,2.33378559121046));
#539=CARTESIAN_POINT('Ctrl Pts',(-24.2119511230526,0.443612504191474,2.33961464404679));
#540=CARTESIAN_POINT('Ctrl Pts',(-24.2117508979283,0.000284507320078034,
2.34544369688311));
#541=CARTESIAN_POINT('',(-3.44479624466923,23.9648823129327,2.2));
#542=CARTESIAN_POINT('Origin',(0.,0.,2.2));
#543=CARTESIAN_POINT('Ctrl Pts',(-24.2108673983641,-0.000199411354618515,
2.65455630315423));
#544=CARTESIAN_POINT('Ctrl Pts',(-24.209789695083,2.28154188847617,2.62455869218864));
#545=CARTESIAN_POINT('Ctrl Pts',(-23.8872791695354,4.56358218927917,2.59456108122306));
#546=CARTESIAN_POINT('Ctrl Pts',(-23.2508356284571,6.75442436370639,2.56456347025747));
#547=CARTESIAN_POINT('Ctrl Pts',(-22.3459067605864,9.86947888249172,2.52191129079797));
#548=CARTESIAN_POINT('Ctrl Pts',(-20.8063106107637,12.80016137246,2.47925911133847));
#549=CARTESIAN_POINT('Ctrl Pts',(-18.7547537652047,15.3128447184229,2.43660693187897));
#550=CARTESIAN_POINT('Ctrl Pts',(-16.7031969196458,17.8255280643858,2.39395475241947));
#551=CARTESIAN_POINT('Ctrl Pts',(-14.1396793783506,19.9202122663433,2.35130257295997));
#552=CARTESIAN_POINT('Ctrl Pts',(-11.2685907531644,21.4299377150297,2.30865039350047));
#553=CARTESIAN_POINT('Ctrl Pts',(-8.83069337914779,22.7118750521608,2.27243359566698));
#554=CARTESIAN_POINT('Ctrl Pts',(-6.17103603976765,23.5720548195509,2.23621679783349));
#555=CARTESIAN_POINT('Ctrl Pts',(-3.4447000663587,23.9653245273739,2.19999999999999));
#556=CARTESIAN_POINT('Origin',(0.,0.,6.5));
#557=CARTESIAN_POINT('',(-24.2112784586764,0.000138415621532489,4.65455630317501));
#558=CARTESIAN_POINT('',(-24.211443609201,-1.26380820674841E-5,4.34544369688689));
#559=CARTESIAN_POINT('',(-24.2112,2.96501685835164E-15,6.5));
#560=CARTESIAN_POINT('Ctrl Pts',(-24.2117508979283,0.000284507320078033,
2.34544369688311));
#561=CARTESIAN_POINT('Ctrl Pts',(-24.2104860414735,-2.80029449275657,2.38226682350482));
#562=CARTESIAN_POINT('Ctrl Pts',(-23.7210690928899,-5.60157734694047,2.41908995012654));
#563=CARTESIAN_POINT('Ctrl Pts',(-22.7685049427334,-8.23517963096802,2.45591307674826));
#564=CARTESIAN_POINT('Ctrl Pts',(-21.6651511320928,-11.2856777158647,2.49856525620631));
#565=CARTESIAN_POINT('Ctrl Pts',(-19.9404131628172,-14.111206180623,2.54121743566435));
#566=CARTESIAN_POINT('Ctrl Pts',(-17.7315970071274,-16.4867825972621,2.58386961512239));
#567=CARTESIAN_POINT('Ctrl Pts',(-15.5227808514376,-18.8623590139012,2.62652179458043));
#568=CARTESIAN_POINT('Ctrl Pts',(-12.8298865093338,-20.7879833824209,2.66917397403847));
#569=CARTESIAN_POINT('Ctrl Pts',(-9.86766619334014,-22.1100290997662,2.71182615349652));
#570=CARTESIAN_POINT('Ctrl Pts',(-6.90544587734651,-23.4320748171115,2.75447833295456));
#571=CARTESIAN_POINT('Ctrl Pts',(-3.67389958746308,-24.1505418832823,2.79713051241261));
#572=CARTESIAN_POINT('Ctrl Pts',(-0.430583836225383,-24.2082218261319,2.83978269187065));
#573=CARTESIAN_POINT('Ctrl Pts',(2.81273191501237,-24.2659017689815,2.88243487132869));
#574=CARTESIAN_POINT('Ctrl Pts',(6.06781712760439,-23.6627945885099,2.92508705078673));
#575=CARTESIAN_POINT('Ctrl Pts',(9.07516975558259,-22.4469440238813,2.96773923024477));
#576=CARTESIAN_POINT('Ctrl Pts',(12.0825223835607,-21.2310934592528,3.01039140970282));
#577=CARTESIAN_POINT('Ctrl Pts',(14.842142426925,-19.4024995104673,3.05304358916086));
#578=CARTESIAN_POINT('Ctrl Pts',(17.1340612623572,-17.1069453018042,3.0956957686189));
#579=CARTESIAN_POINT('Ctrl Pts',(19.4259800977895,-14.8113910931409,3.13834794807695));
#580=CARTESIAN_POINT('Ctrl Pts',(21.2501977252896,-12.0488766246,3.18100012753499));
#581=CARTESIAN_POINT('Ctrl Pts',(22.46128698953,-9.03960502036093,3.22365230699303));
#582=CARTESIAN_POINT('Ctrl Pts',(23.6723762537703,-6.0303334161219,3.26630448645108));
#583=CARTESIAN_POINT('Ctrl Pts',(24.270337154751,-2.77430467618473,3.30895666590912));
#584=CARTESIAN_POINT('Ctrl Pts',(24.2075148075386,0.468920394523227,3.35160884536716));
#585=CARTESIAN_POINT('Ctrl Pts',(24.1446924603263,3.71214546523119,3.3942610248252));
#586=CARTESIAN_POINT('Ctrl Pts',(23.421086864921,6.94256686670991,3.43691320428325));
#587=CARTESIAN_POINT('Ctrl Pts',(22.0943619665932,9.90268075019976,3.47956538374129));
#588=CARTESIAN_POINT('Ctrl Pts',(20.7676370682654,12.8627946336896,3.52221756319933));
#589=CARTESIAN_POINT('Ctrl Pts',(18.8377928670152,15.5526009991906,3.56486974265738));
#590=CARTESIAN_POINT('Ctrl Pts',(16.4586996985863,17.7576695040829,3.60752192211542));
#591=CARTESIAN_POINT('Ctrl Pts',(14.0796065301576,19.9627380089753,3.65017410157346));
#592=CARTESIAN_POINT('Ctrl Pts',(11.2512643945503,21.6830686532591,3.69282628103151));
#593=CARTESIAN_POINT('Ctrl Pts',(8.19906934317271,22.7815500608988,3.73547846048955));
#594=CARTESIAN_POINT('Ctrl Pts',(5.14687429179505,23.8800314685385,3.77813063994759));
#595=CARTESIAN_POINT('Ctrl Pts',(1.87082632464706,24.3566636395342,3.82078281940563));
#596=CARTESIAN_POINT('Ctrl Pts',(-1.36779895966799,24.1734049628581,3.86343499886368));
#597=CARTESIAN_POINT('Ctrl Pts',(-4.60642424398309,23.990146286182,3.90608717832172));
#598=CARTESIAN_POINT('Ctrl Pts',(-7.80762684546527,23.1469967618342,3.94873935777976));
#599=CARTESIAN_POINT('Ctrl Pts',(-10.7164734115456,21.7112600659007,3.99139153723781));
#600=CARTESIAN_POINT('Ctrl Pts',(-13.6253199776259,20.2755233699672,4.03404371669585));
#601=CARTESIAN_POINT('Ctrl Pts',(-16.2418105083044,18.2471995024482,4.07669589615389));
#602=CARTESIAN_POINT('Ctrl Pts',(-18.3568651366034,15.7877921858524,4.11934807561194));
#603=CARTESIAN_POINT('Ctrl Pts',(-20.4719197649024,13.3283848692567,4.16200025506998));
#604=CARTESIAN_POINT('Ctrl Pts',(-22.0855384908218,10.4378941035843,4.20465243452802));
#605=CARTESIAN_POINT('Ctrl Pts',(-23.070246139927,7.34710495267346,4.24730461398607));
#606=CARTESIAN_POINT('Ctrl Pts',(-23.8254893407554,4.97655619788214,4.28001764161967));
#607=CARTESIAN_POINT('Ctrl Pts',(-24.2107780799496,2.48818270759333,4.31273066925328));
#608=CARTESIAN_POINT('Ctrl Pts',(-24.211443609201,-1.26380820674841E-5,
4.34544369688689));
#609=CARTESIAN_POINT('Ctrl Pts',(-24.2112784586764,0.000138415621532489,
4.65455630317501));
#610=CARTESIAN_POINT('Ctrl Pts',(-24.2115537141628,0.721970565739391,4.64506602793889));
#611=CARTESIAN_POINT('Ctrl Pts',(-24.1795844198569,1.44378007962106,4.63557575270276));
#612=CARTESIAN_POINT('Ctrl Pts',(-24.115108619673,2.16267972154699,4.62608547746664));
#613=CARTESIAN_POINT('Ctrl Pts',(-23.8575318821469,5.03463825246578,4.5881724290582));
#614=CARTESIAN_POINT('Ctrl Pts',(-23.0811669503776,7.86015662697173,4.55025938064975));
#615=CARTESIAN_POINT('Ctrl Pts',(-21.8352930797013,10.4606802324791,4.51234633224131));
#616=CARTESIAN_POINT('Ctrl Pts',(-20.589419209025,13.0612038379865,4.47443328383286));
#617=CARTESIAN_POINT('Ctrl Pts',(-18.8740363994418,15.4367326744953,4.43652023542442));
#618=CARTESIAN_POINT('Ctrl Pts',(-16.7973337421632,17.4372243986307,4.39860718701597));
#619=CARTESIAN_POINT('Ctrl Pts',(-14.7206310848846,19.437716122766,4.36069413860753));
#620=CARTESIAN_POINT('Ctrl Pts',(-12.2826085799104,21.0631707345279,4.32278109019909));
#621=CARTESIAN_POINT('Ctrl Pts',(-9.63735370580786,22.2109828286087,4.28486804179064));
#622=CARTESIAN_POINT('Ctrl Pts',(-6.99209883170529,23.3587949226895,4.2469549933822));
#623=CARTESIAN_POINT('Ctrl Pts',(-4.13961158847416,24.0289644990891,4.20904194497375));
#624=CARTESIAN_POINT('Ctrl Pts',(-1.26001418929195,24.179004272449,4.17112889656531));
#625=CARTESIAN_POINT('Ctrl Pts',(1.61958320989026,24.3290440458089,4.13321584815686));
#626=CARTESIAN_POINT('Ctrl Pts',(4.52629076502351,23.9589540161291,4.09530279974842));
#627=CARTESIAN_POINT('Ctrl Pts',(7.27656639428291,23.0923494274895,4.05738975133998));
#628=CARTESIAN_POINT('Ctrl Pts',(10.0268420235423,22.2257448388499,4.01947670293153));
#629=CARTESIAN_POINT('Ctrl Pts',(12.6206857269277,20.8626256912506,3.98156365452309));
#630=CARTESIAN_POINT('Ctrl Pts',(14.8940097154186,19.088820526935,3.94365060611464));
#631=CARTESIAN_POINT('Ctrl Pts',(17.1673337039097,17.3150153626193,3.9057375577062));
#632=CARTESIAN_POINT('Ctrl Pts',(19.1201379775062,15.1305241815872,3.86782450929775));
#633=CARTESIAN_POINT('Ctrl Pts',(20.6296400406378,12.6735763741796,3.82991146088931));
#634=CARTESIAN_POINT('Ctrl Pts',(22.1391421037693,10.2166285667721,3.79199841248086));
#635=CARTESIAN_POINT('Ctrl Pts',(23.2053419564359,7.48722413298897,3.75408536407242));
#636=CARTESIAN_POINT('Ctrl Pts',(23.759715360006,4.65756058802669,3.71617231566397));
#637=CARTESIAN_POINT('Ctrl Pts',(24.3833854390223,1.47418909994417,3.67352013620447));
#638=CARTESIAN_POINT('Ctrl Pts',(24.3592751684007,-1.83607282572449,3.63086795674497));
#639=CARTESIAN_POINT('Ctrl Pts',(23.6882136429068,-5.00967690839202,3.58821577728547));
#640=CARTESIAN_POINT('Ctrl Pts',(23.0171521174128,-8.18328099105955,3.54556359782597));
#641=CARTESIAN_POINT('Ctrl Pts',(21.6991393370465,-11.2202272307259,3.50291141836647));
#642=CARTESIAN_POINT('Ctrl Pts',(19.8397287585303,-13.8782958367589,3.46025923890697));
#643=CARTESIAN_POINT('Ctrl Pts',(17.980318180014,-16.5363644427919,3.41760705944747));
#644=CARTESIAN_POINT('Ctrl Pts',(15.5795098033478,-18.8155554151915,3.37495487998797));
#645=CARTESIAN_POINT('Ctrl Pts',(12.828440748382,-20.534246985566,3.33230270052847));
#646=CARTESIAN_POINT('Ctrl Pts',(10.0773716934163,-22.2529385559404,3.28965052106897));
#647=CARTESIAN_POINT('Ctrl Pts',(6.97604196015096,-23.4111307242897,3.24699834160947));
#648=CARTESIAN_POINT('Ctrl Pts',(3.77179706683327,-23.9164665319027,3.20434616214997));
#649=CARTESIAN_POINT('Ctrl Pts',(0.567552173515486,-24.4218023395157,3.16169398269047));
#650=CARTESIAN_POINT('Ctrl Pts',(-2.73960787985469,-24.2742817863924,3.11904180323097));
#651=CARTESIAN_POINT('Ctrl Pts',(-5.88611766724361,-23.4856805562802,3.07638962377147));
#652=CARTESIAN_POINT('Ctrl Pts',(-9.03262745463247,-22.697079326168,3.03373744431197));
#653=CARTESIAN_POINT('Ctrl Pts',(-12.0184869760401,-21.2673974190669,2.99108526485247));
#654=CARTESIAN_POINT('Ctrl Pts',(-14.6056455139861,-19.3105937386782,2.94843308539297));
#655=CARTESIAN_POINT('Ctrl Pts',(-17.1928040519321,-17.3537900582896,2.90578090593347));
#656=CARTESIAN_POINT('Ctrl Pts',(-19.3812616064164,-14.8698646046135,2.86312872647397));
#657=CARTESIAN_POINT('Ctrl Pts',(-20.9965851348692,-12.0568258943332,2.82047654701447));
#658=CARTESIAN_POINT('Ctrl Pts',(-22.6119086633221,-9.24378718405284,2.77782436755497));
#659=CARTESIAN_POINT('Ctrl Pts',(-23.6540981657435,-6.10163521716821,2.73517218809547));
#660=CARTESIAN_POINT('Ctrl Pts',(-24.0400621239949,-2.88084595992472,2.69252000863597));
#661=CARTESIAN_POINT('Ctrl Pts',(-24.1545746156839,-1.92526294454911,2.67986544014205));
#662=CARTESIAN_POINT('Ctrl Pts',(-24.2113220302347,-0.962757782993873,2.66721087164814));
#663=CARTESIAN_POINT('Ctrl Pts',(-24.2108673983641,-0.000199411354618515,
2.65455630315423));
#664=CARTESIAN_POINT('Origin',(0.,0.,6.5));
#665=CARTESIAN_POINT('',(-24.2115268558747,-0.000153175931015335,6.65455630321243));
#666=CARTESIAN_POINT('',(-24.2100819698337,0.000832913012959559,6.34544369684846));
#667=CARTESIAN_POINT('',(-24.2112,2.96501685835164E-15,6.5));
#668=CARTESIAN_POINT('Ctrl Pts',(-24.211443609201,-1.26380820674847E-5,
4.34544369688689));
#669=CARTESIAN_POINT('Ctrl Pts',(-24.2115494008743,-0.395532968118752,4.35064371766043));
#670=CARTESIAN_POINT('Ctrl Pts',(-24.2019365823323,-0.791048796820073,4.35584373843397));
#671=CARTESIAN_POINT('Ctrl Pts',(-24.182546235836,-1.1860861598962,4.36104375920751));
#672=CARTESIAN_POINT('Ctrl Pts',(-24.0411723495842,-4.06628055164589,4.39895680761466));
#673=CARTESIAN_POINT('Ctrl Pts',(-23.3800462830134,-6.92104074846803,4.43686985602181));
#674=CARTESIAN_POINT('Ctrl Pts',(-22.2404430422303,-9.56966476404959,4.47478290442896));
#675=CARTESIAN_POINT('Ctrl Pts',(-21.1008398014473,-12.218288779631,4.51269595283611));
#676=CARTESIAN_POINT('Ctrl Pts',(-19.4827593864521,-14.6607766139718,4.55060900124326));
#677=CARTESIAN_POINT('Ctrl Pts',(-17.4884890976809,-16.7437925979014,4.58852204965041));
#678=CARTESIAN_POINT('Ctrl Pts',(-15.4942188089097,-18.826808581831,4.62643509805756));
#679=CARTESIAN_POINT('Ctrl Pts',(-13.1237586463625,-20.5503527153493,4.66434814646471));
#680=CARTESIAN_POINT('Ctrl Pts',(-10.5272236417248,-21.8038180491746,4.70226119487186));
#681=CARTESIAN_POINT('Ctrl Pts',(-7.93068863708693,-23.057283383,4.740174243279));
#682=CARTESIAN_POINT('Ctrl Pts',(-5.10807879035851,-23.8406699171325,4.77808729168615));
#683=CARTESIAN_POINT('Ctrl Pts',(-2.23657550144303,-24.107666752808,4.81600034009331));
#684=CARTESIAN_POINT('Ctrl Pts',(0.634927787472432,-24.3746635884835,4.85391338850046));
#685=CARTESIAN_POINT('Ctrl Pts',(3.55532451857497,-24.1252707257021,4.89182643690761));
#686=CARTESIAN_POINT('Ctrl Pts',(6.33755935077057,-23.3690755000568,4.92973948531476));
#687=CARTESIAN_POINT('Ctrl Pts',(10.5109115990639,-22.2347826615891,4.98660905792548));
#688=CARTESIAN_POINT('Ctrl Pts',(14.3733995748166,-19.9601845066779,5.0434786305362));
#689=CARTESIAN_POINT('Ctrl Pts',(17.3835918749477,-16.8566909135142,5.10034820314692));
#690=CARTESIAN_POINT('Ctrl Pts',(20.3937841750788,-13.7531973203505,5.15721777575765));
#691=CARTESIAN_POINT('Ctrl Pts',(22.5516807995882,-9.82080828893431,5.21408734836837));
#692=CARTESIAN_POINT('Ctrl Pts',(23.5543418979709,-5.61433500379397,5.2709569209791));
#693=CARTESIAN_POINT('Ctrl Pts',(24.5570029963536,-1.40786171865352,5.32782649358982));
#694=CARTESIAN_POINT('Ctrl Pts',(24.4044285686096,3.07269582021097,5.38469606620054));
#695=CARTESIAN_POINT('Ctrl Pts',(23.1183265698834,7.20092854760861,5.44156563881126));
#696=CARTESIAN_POINT('Ctrl Pts',(21.8322245711571,11.3291612750062,5.49843521142199));
#697=CARTESIAN_POINT('Ctrl Pts',(19.4125950014486,15.1050691909369,5.55530478403272));
#698=CARTESIAN_POINT('Ctrl Pts',(16.1986533044492,17.9979287289002,5.61217435664344));
#699=CARTESIAN_POINT('Ctrl Pts',(12.9847116074498,20.8907882668635,5.66904392925417));
#700=CARTESIAN_POINT('Ctrl Pts',(8.97645778315944,22.9005994268594,5.72591350186488));
#701=CARTESIAN_POINT('Ctrl Pts',(4.73592227137083,23.7462503146976,5.7827830744756));
#702=CARTESIAN_POINT('Ctrl Pts',(0.495386759582125,24.5919012025358,5.83965264708633));
#703=CARTESIAN_POINT('Ctrl Pts',(-3.97743043970491,24.2733918182163,5.89652221969706));
#704=CARTESIAN_POINT('Ctrl Pts',(-8.05518980179487,22.8349501043607,5.95339179230779));
#705=CARTESIAN_POINT('Ctrl Pts',(-12.1329491638848,21.3965083905052,6.01026136491851));
#706=CARTESIAN_POINT('Ctrl Pts',(-15.8156506887777,18.8381343471136,6.06713093752923));
#707=CARTESIAN_POINT('Ctrl Pts',(-18.5870027720442,15.5189491179918,6.12400051013995));
#708=CARTESIAN_POINT('Ctrl Pts',(-21.3583548553107,12.1997638888699,6.18087008275068));
#709=CARTESIAN_POINT('Ctrl Pts',(-23.2183574969509,8.11976747401767,6.2377396553614));
#710=CARTESIAN_POINT('Ctrl Pts',(-23.905929730645,3.85068139053293,6.29460922797212));
#711=CARTESIAN_POINT('Ctrl Pts',(-24.1107983314884,2.57866712069493,6.3115540509309));
#712=CARTESIAN_POINT('Ctrl Pts',(-24.2115787999699,1.28986550866291,6.32849887388968));
#713=CARTESIAN_POINT('Ctrl Pts',(-24.2100819698337,0.000832913012959559,
6.34544369684846));
#714=CARTESIAN_POINT('Ctrl Pts',(-24.2115268558747,-0.000153175931015335,
6.65455630321243));
#715=CARTESIAN_POINT('Ctrl Pts',(-24.2107457117616,2.40603017995705,6.62292118424073));
#716=CARTESIAN_POINT('Ctrl Pts',(-23.850587494795,4.8125203348312,6.59128606526902));
#717=CARTESIAN_POINT('Ctrl Pts',(-23.143544211719,7.11234409276414,6.55965094629731));
#718=CARTESIAN_POINT('Ctrl Pts',(-22.2961895283969,9.86856351913599,6.52173789788887));
#719=CARTESIAN_POINT('Ctrl Pts',(-20.9506115038596,12.47158036093,6.48382484948042));
#720=CARTESIAN_POINT('Ctrl Pts',(-19.1938129496788,14.7579136392398,6.44591180107198));
#721=CARTESIAN_POINT('Ctrl Pts',(-18.5350134918609,15.615288618606,6.43169440791881));
#722=CARTESIAN_POINT('Ctrl Pts',(-17.818386147062,16.4281299718571,6.41747701476564));
#723=CARTESIAN_POINT('Ctrl Pts',(-17.0503612233213,17.1893612504028,6.40325962161248));
#724=CARTESIAN_POINT('Ctrl Pts',(-14.7462864520993,19.4730550860396,6.36060744215298));
#725=CARTESIAN_POINT('Ctrl Pts',(-11.979633470402,21.2922582493266,6.31795526269348));
#726=CARTESIAN_POINT('Ctrl Pts',(-8.9664727464152,22.4924027532861,6.27530308323398));
#727=CARTESIAN_POINT('Ctrl Pts',(-4.94892511443281,24.0925954252321,6.21843351062131));
#728=CARTESIAN_POINT('Ctrl Pts',(-0.493141496157861,24.592239369485,6.16156393800864));
#729=CARTESIAN_POINT('Ctrl Pts',(3.77754412480349,23.9180714515892,6.10469436539598));
#730=CARTESIAN_POINT('Ctrl Pts',(8.04822974576489,23.2439035336934,6.04782479278331));
#731=CARTESIAN_POINT('Ctrl Pts',(12.1338173694127,21.3959237536489,5.99095522017064));
#732=CARTESIAN_POINT('Ctrl Pts',(15.4618951276063,18.6342924475983,5.93408564755798));
#733=CARTESIAN_POINT('Ctrl Pts',(18.7899728857998,15.8726611415477,5.87721607494531));
#734=CARTESIAN_POINT('Ctrl Pts',(21.3605407785389,12.1973783094911,5.82034650233264));
#735=CARTESIAN_POINT('Ctrl Pts',(22.8108725302104,8.12468550794678,5.76347692971998));
#736=CARTESIAN_POINT('Ctrl Pts',(24.2612042818818,4.05199270640241,5.70660735710731));
#737=CARTESIAN_POINT('Ctrl Pts',(24.5912998924854,-0.418110064629721,5.64973778449465));
#738=CARTESIAN_POINT('Ctrl Pts',(23.7601245704353,-4.66324654920807,5.59286821188198));
#739=CARTESIAN_POINT('Ctrl Pts',(23.5523307399227,-5.72453067035259,5.57865081872881));
#740=CARTESIAN_POINT('Ctrl Pts',(23.2719574761193,-6.77175439859376,5.56443342557564));
#741=CARTESIAN_POINT('Ctrl Pts',(22.9227828685273,-7.79532181904907,5.55021603242247));
#742=CARTESIAN_POINT('Ctrl Pts',(21.8752590457513,-10.8660240804152,5.50756385296297));
#743=CARTESIAN_POINT('Ctrl Pts',(20.2085231288776,-13.7238195717084,5.46491167350348));
#744=CARTESIAN_POINT('Ctrl Pts',(18.0465788096979,-16.1423442472915,5.42225949404398));
#745=CARTESIAN_POINT('Ctrl Pts',(16.6052825969114,-17.7546940310135,5.39382470773765));
#746=CARTESIAN_POINT('Ctrl Pts',(14.9438937608777,-19.1718123410867,5.36538992143131));
#747=CARTESIAN_POINT('Ctrl Pts',(13.1261052852777,-20.3438929904911,5.33695513512497));
#748=CARTESIAN_POINT('Ctrl Pts',(11.3083168096777,-21.5159736398954,5.30852034881864));
#749=CARTESIAN_POINT('Ctrl Pts',(9.33412869451126,-22.4430166286311,5.28008556251231));
#750=CARTESIAN_POINT('Ctrl Pts',(7.27146054564817,-23.093496054046,5.25165077620598));
#751=CARTESIAN_POINT('Ctrl Pts',(6.24012647121656,-23.4187357667536,5.23743338305281));
#752=CARTESIAN_POINT('Ctrl Pts',(5.18667238836088,-23.6748345886309,5.22321598989964));
#753=CARTESIAN_POINT('Ctrl Pts',(4.12091695559296,-23.858679678266,5.20899859674648));
#754=CARTESIAN_POINT('Ctrl Pts',(0.923650657289321,-24.4102149471715,5.16634641728698));
#755=CARTESIAN_POINT('Ctrl Pts',(-2.38432779022361,-24.3114666258977,5.12369423782747));
#756=CARTESIAN_POINT('Ctrl Pts',(-5.54200597264429,-23.5693940846031,5.08104205836797));
#757=CARTESIAN_POINT('Ctrl Pts',(-8.34883102368496,-22.9097740478969,5.04312900995953));
#758=CARTESIAN_POINT('Ctrl Pts',(-11.0369003097145,-21.7418484546311,5.00521596155109));
#759=CARTESIAN_POINT('Ctrl Pts',(-13.4357914422104,-20.1414684532823,4.96730291314264));
#760=CARTESIAN_POINT('Ctrl Pts',(-15.8346825747063,-18.5410884519334,4.9293898647342));
#761=CARTESIAN_POINT('Ctrl Pts',(-17.9443955536685,-16.5082540425016,4.89147681632576));
#762=CARTESIAN_POINT('Ctrl Pts',(-19.6319443616719,-14.1702795962799,4.85356376791731));
#763=CARTESIAN_POINT('Ctrl Pts',(-21.3194931696752,-11.8323051500582,4.81565071950887));
#764=CARTESIAN_POINT('Ctrl Pts',(-22.5848778067198,-9.18919066704663,4.77773767110042));
#765=CARTESIAN_POINT('Ctrl Pts',(-23.3481758536007,-6.40843408187511,4.73982462269198));
#766=CARTESIAN_POINT('Ctrl Pts',(-23.9204075300317,-4.32374775393087,4.71140184951966));
#767=CARTESIAN_POINT('Ctrl Pts',(-24.2104540859306,-2.16170314964697,4.68297907634733));
#768=CARTESIAN_POINT('Ctrl Pts',(-24.2112784586764,0.000138415621532489,
4.65455630317501));
#769=CARTESIAN_POINT('Origin',(0.,0.,6.5));
#770=CARTESIAN_POINT('',(-24.2146304045536,-0.000495442722370999,8.65455630321598));
#771=CARTESIAN_POINT('',(-24.2138205777686,-0.00026135495191631,8.34544369679947));
#772=CARTESIAN_POINT('',(-24.2112,2.96501685835164E-15,6.5));
#773=CARTESIAN_POINT('Ctrl Pts',(-24.2100819698337,0.000832913012959559,
6.34544369684846));
#774=CARTESIAN_POINT('Ctrl Pts',(-24.2065551953961,-3.03633683492259,6.3853684465004));
#775=CARTESIAN_POINT('Ctrl Pts',(-23.6352360137454,-6.07478888837675,6.42529319615235));
#776=CARTESIAN_POINT('Ctrl Pts',(-22.5198105531362,-8.89796221077093,6.4652179458043));
#777=CARTESIAN_POINT('Ctrl Pts',(-20.9309773161851,-12.919343976473,6.52208751841502));
#778=CARTESIAN_POINT('Ctrl Pts',(-18.2381690165346,-16.5039317557598,6.57895709102575));
#779=CARTESIAN_POINT('Ctrl Pts',(-14.8181097473759,-19.1503492955469,6.63582666363647));
#780=CARTESIAN_POINT('Ctrl Pts',(-11.3980504782171,-21.796766835334,6.69269623624719));
#781=CARTESIAN_POINT('Ctrl Pts',(-7.25074023954992,-23.5050141356215,6.74956580885791));
#782=CARTESIAN_POINT('Ctrl Pts',(-2.95960270393461,-24.0329284333175,6.80643538146864));
#783=CARTESIAN_POINT('Ctrl Pts',(1.33153483168072,-24.5608427310136,6.86330495407936));
#784=CARTESIAN_POINT('Ctrl Pts',(5.76649966424424,-23.9084240261182,6.92017452669009));
#785=CARTESIAN_POINT('Ctrl Pts',(9.72784104952473,-22.1731212008625,6.97704409930082));
#786=CARTESIAN_POINT('Ctrl Pts',(12.3687353063784,-21.016252650692,7.01495714770797));
#787=CARTESIAN_POINT('Ctrl Pts',(14.7991302533284,-19.3781022692502,7.05287019611511));
#788=CARTESIAN_POINT('Ctrl Pts',(16.8675625278234,-17.3685321048791,7.09078324452226));
#789=CARTESIAN_POINT('Ctrl Pts',(18.9359948023184,-15.358961940508,7.12869629292941));
#790=CARTESIAN_POINT('Ctrl Pts',(20.6424644043583,-12.9779719932074,7.16660934133656));
#791=CARTESIAN_POINT('Ctrl Pts',(21.8778455878339,-10.3727484451899,7.20452238974371));
#792=CARTESIAN_POINT('Ctrl Pts',(23.1132267713096,-7.76752489717234,7.24243543815086));
#793=CARTESIAN_POINT('Ctrl Pts',(23.877519536221,-4.93806774843781,7.28034848655801));
#794=CARTESIAN_POINT('Ctrl Pts',(24.1233603584076,-2.06486192497429,7.31826153496516));
#795=CARTESIAN_POINT('Ctrl Pts',(24.3692011805941,0.808343898489151,7.35617458337231));
#796=CARTESIAN_POINT('Ctrl Pts',(24.0965900600559,3.72529839668154,7.39408763177946));
#797=CARTESIAN_POINT('Ctrl Pts',(23.3221412976398,6.50282505212377,7.4320006801866));
#798=CARTESIAN_POINT('Ctrl Pts',(22.5476925352236,9.280351707566,7.46991372859375));
#799=CARTESIAN_POINT('Ctrl Pts',(21.2714061309296,11.9184505202581,7.5078267770009));
#800=CARTESIAN_POINT('Ctrl Pts',(19.5743724158854,14.2496603696289,7.54573982540805));
#801=CARTESIAN_POINT('Ctrl Pts',(17.8773387008412,16.5808702189998,7.5836528738152));
#802=CARTESIAN_POINT('Ctrl Pts',(15.7595576750469,18.6051911050494,7.62156592222235));
#803=CARTESIAN_POINT('Ctrl Pts',(13.3541945293726,20.1957321901549,7.6594789706295));
#804=CARTESIAN_POINT('Ctrl Pts',(10.9488313836982,21.7862732752605,7.69739201903665));
#805=CARTESIAN_POINT('Ctrl Pts',(8.25588611814376,22.9430345594219,7.7353050674438));
#806=CARTESIAN_POINT('Ctrl Pts',(5.44645073940297,23.5914399342109,7.77321811585095));
#807=CARTESIAN_POINT('Ctrl Pts',(2.63701536066218,24.2398453089998,7.8111311642581));
#808=CARTESIAN_POINT('Ctrl Pts',(-0.288910131265004,24.3798947744164,7.84904421266525));
#809=CARTESIAN_POINT('Ctrl Pts',(-3.14834955548187,24.0055125421105,7.8869572610724));
#810=CARTESIAN_POINT('Ctrl Pts',(-6.00778897969869,23.6311303098046,7.92487030947955));
#811=CARTESIAN_POINT('Ctrl Pts',(-8.80074233620524,22.7423163797764,7.96278335788669));
#812=CARTESIAN_POINT('Ctrl Pts',(-11.3469936842071,21.3897555018762,8.00069640629384));
#813=CARTESIAN_POINT('Ctrl Pts',(-15.1663707062099,19.3609141850258,8.05756597890457));
#814=CARTESIAN_POINT('Ctrl Pts',(-18.4306682090772,16.2886422354635,8.11443555151529));
#815=CARTESIAN_POINT('Ctrl Pts',(-20.6801988983389,12.5964812081634,8.17130512412602));
#816=CARTESIAN_POINT('Ctrl Pts',(-22.9297295876006,8.9043201808634,8.22817469673674));
#817=CARTESIAN_POINT('Ctrl Pts',(-24.1644934632568,4.59227007582572,8.28504426934747));
#818=CARTESIAN_POINT('Ctrl Pts',(-24.2123716047425,0.26814426408347,8.34191384195819));
#819=CARTESIAN_POINT('Ctrl Pts',(-24.2133621923963,0.178679102954399,8.34309046023862));
#820=CARTESIAN_POINT('Ctrl Pts',(-24.2138447140135,0.089208772619663,8.34426707851904));
#821=CARTESIAN_POINT('Ctrl Pts',(-24.2138205777686,-0.00026135495191631,
8.34544369679947));
#822=CARTESIAN_POINT('Ctrl Pts',(-24.2146304045536,-0.000495442722370998,
8.65455630321598));
#823=CARTESIAN_POINT('Ctrl Pts',(-24.2118704281499,4.0879985396556,8.60077634051998));
#824=CARTESIAN_POINT('Ctrl Pts',(-23.1529865350219,8.17794331725822,8.54699637782398));
#825=CARTESIAN_POINT('Ctrl Pts',(-21.1693212281195,11.7546257805053,8.49321641512799));
#826=CARTESIAN_POINT('Ctrl Pts',(-19.7709045123648,14.2760655244718,8.45530336671954));
#827=CARTESIAN_POINT('Ctrl Pts',(-17.9128925691555,16.5424256284318,8.4173903183111));
#828=CARTESIAN_POINT('Ctrl Pts',(-15.7190619373012,18.4141929168149,8.37947726990266));
#829=CARTESIAN_POINT('Ctrl Pts',(-13.5252313054469,20.2859602051982,8.34156422149421));
#830=CARTESIAN_POINT('Ctrl Pts',(-10.9955819849475,21.7631346780045,8.30365117308576));
#831=CARTESIAN_POINT('Ctrl Pts',(-8.28651323817306,22.7501679591639,8.26573812467732));
#832=CARTESIAN_POINT('Ctrl Pts',(-5.57744449139867,23.7372012403233,8.22782507626887));
#833=CARTESIAN_POINT('Ctrl Pts',(-2.68895631834907,24.2340933298358,8.18991202786043));
#834=CARTESIAN_POINT('Ctrl Pts',(0.194701267998781,24.2108020402067,8.15199897945199));
#835=CARTESIAN_POINT('Ctrl Pts',(3.07835885434668,24.1875107505775,8.11408593104354));
#836=CARTESIAN_POINT('Ctrl Pts',(5.95718585399275,23.6440360818068,8.0761728826351));
#837=CARTESIAN_POINT('Ctrl Pts',(8.65029067199307,22.6138690115794,8.03825983422665));
#838=CARTESIAN_POINT('Ctrl Pts',(11.3433954899934,21.5837019413519,8.00034678581821));
#839=CARTESIAN_POINT('Ctrl Pts',(13.8507781263479,20.0668424696677,7.96243373740976));
#840=CARTESIAN_POINT('Ctrl Pts',(16.0135931826469,18.1596222636063,7.92452068900131));
#841=CARTESIAN_POINT('Ctrl Pts',(18.1764082389459,16.2524020575449,7.88660764059287));
#842=CARTESIAN_POINT('Ctrl Pts',(19.9946557151896,13.9548211171062,7.84869459218443));
#843=CARTESIAN_POINT('Ctrl Pts',(21.3537067931898,11.4117053625332,7.81078154377598));
#844=CARTESIAN_POINT('Ctrl Pts',(22.71275787119,8.86858960796011,7.77286849536754));
#845=CARTESIAN_POINT('Ctrl Pts',(23.6126125509468,6.07993903925265,7.7349554469591));
#846=CARTESIAN_POINT('Ctrl Pts',(23.9963792236037,3.22203358699833,7.69704239855065));
#847=CARTESIAN_POINT('Ctrl Pts',(24.3801458962606,0.364128134744018,7.65912935014221));
#848=CARTESIAN_POINT('Ctrl Pts',(24.2478245618178,-2.56303220105704,7.62121630173377));
#849=CARTESIAN_POINT('Ctrl Pts',(23.6077051042139,-5.37459414741281,7.58330325332532));
#850=CARTESIAN_POINT('Ctrl Pts',(22.9675856466099,-8.18615609376863,7.54539020491688));
#851=CARTESIAN_POINT('Ctrl Pts',(21.8196680658449,-10.8821196506791,7.50747715650843));
#852=CARTESIAN_POINT('Ctrl Pts',(20.2366127175366,-13.2922727821532,7.46956410809998));
#853=CARTESIAN_POINT('Ctrl Pts',(18.6535573692283,-15.7024259136273,7.43165105969154));
#854=CARTESIAN_POINT('Ctrl Pts',(16.6353642533766,-17.8267686196652,7.39373801128309));
#855=CARTESIAN_POINT('Ctrl Pts',(14.3093269530325,-19.5309384062351,7.35582496287465));
#856=CARTESIAN_POINT('Ctrl Pts',(11.9832896526883,-21.235108192805,7.31791191446621));
#857=CARTESIAN_POINT('Ctrl Pts',(9.34940816785178,-22.5191050599069,7.27999886605776));
#858=CARTESIAN_POINT('Ctrl Pts',(6.57418829038955,-23.3020499788213,7.24208581764931));
#859=CARTESIAN_POINT('Ctrl Pts',(3.79896841292736,-24.0849948977357,7.20417276924087));
#860=CARTESIAN_POINT('Ctrl Pts',(0.882410142839541,-24.3668878684625,7.16625972083243));
#861=CARTESIAN_POINT('Ctrl Pts',(-1.99135012967674,-24.1297501626653,7.12834667242398));
#862=CARTESIAN_POINT('Ctrl Pts',(-4.86511040219307,-23.892612456868,7.09043362401554));
#863=CARTESIAN_POINT('Ctrl Pts',(-7.69607267713796,-23.1364440745467,7.0525205756071));
#864=CARTESIAN_POINT('Ctrl Pts',(-10.3053604945469,-21.9091159615209,7.01460752719865));
#865=CARTESIAN_POINT('Ctrl Pts',(-12.9146483119557,-20.6817878484953,6.97669447879021));
#866=CARTESIAN_POINT('Ctrl Pts',(-15.3022616718287,-18.9833000047652,6.93878143038176));
#867=CARTESIAN_POINT('Ctrl Pts',(-17.3174558923132,-16.9208207636034,6.90086838197332));
#868=CARTESIAN_POINT('Ctrl Pts',(-19.3326501127976,-14.8583415224416,6.86295533356487));
#869=CARTESIAN_POINT('Ctrl Pts',(-20.9754251938935,-12.4318708838479,6.82504228515643));
#870=CARTESIAN_POINT('Ctrl Pts',(-22.1419729518191,-9.79485541625989,6.78712923674798));
#871=CARTESIAN_POINT('Ctrl Pts',(-23.3085207097446,-7.15783994867179,6.74921618833954));
#872=CARTESIAN_POINT('Ctrl Pts',(-23.9988411444997,-4.31027965208937,6.71130313993109));
#873=CARTESIAN_POINT('Ctrl Pts',(-24.1694356908238,-1.43178849832328,6.67339009152265));
#874=CARTESIAN_POINT('Ctrl Pts',(-24.1976840266626,-0.955146152054192,6.66711216208591));
#875=CARTESIAN_POINT('Ctrl Pts',(-24.2116818724444,-0.477655705117834,6.66083423264917));
#876=CARTESIAN_POINT('Ctrl Pts',(-24.2115268558747,-0.000153175931015334,
6.65455630321244));
#877=CARTESIAN_POINT('Origin',(0.,0.,6.5));
#878=CARTESIAN_POINT('',(-24.2113856405658,-0.000638822816205545,10.6545563031774));
#879=CARTESIAN_POINT('',(-24.2108820346035,-0.000830637276206703,10.3454436967797));
#880=CARTESIAN_POINT('',(-24.2112,2.96501685835164E-15,6.5));
#881=CARTESIAN_POINT('Ctrl Pts',(-24.2138205777686,-0.00026135495191631,
8.34544369679947));
#882=CARTESIAN_POINT('Ctrl Pts',(-24.2126781352222,-4.23515708253141,8.40113665112977));
#883=CARTESIAN_POINT('Ctrl Pts',(-23.0764095754574,-8.46959853563119,8.45682960546006));
#884=CARTESIAN_POINT('Ctrl Pts',(-20.9543460605657,-12.1339103013686,8.51252255979036));
#885=CARTESIAN_POINT('Ctrl Pts',(-18.7874499675881,-15.8756375366316,8.56939213240109));
#886=CARTESIAN_POINT('Ctrl Pts',(-15.5926653743178,-19.0228904887109,8.62626170501181));
#887=CARTESIAN_POINT('Ctrl Pts',(-11.8186960639268,-21.1336849195197,8.68313127762254));
#888=CARTESIAN_POINT('Ctrl Pts',(-8.04472675353597,-23.2444793503285,8.74000085023326));
#889=CARTESIAN_POINT('Ctrl Pts',(-3.69157272602461,-24.3188152598668,8.79687042284398));
#890=CARTESIAN_POINT('Ctrl Pts',(0.630939348514602,-24.2060368313415,8.85373999545471));
#891=CARTESIAN_POINT('Ctrl Pts',(4.95345142305386,-24.0932584028162,8.91060956806543));
#892=CARTESIAN_POINT('Ctrl Pts',(9.24532154462089,-22.7933656362272,8.96747914067616));
#893=CARTESIAN_POINT('Ctrl Pts',(12.9041834840118,-20.4889762928423,9.02434871328688));
#894=CARTESIAN_POINT('Ctrl Pts',(16.5630454234027,-18.1845869494575,9.08121828589761));
#895=CARTESIAN_POINT('Ctrl Pts',(19.5888991806174,-14.8757010292769,9.13808785850833));
#896=CARTESIAN_POINT('Ctrl Pts',(21.5578997784381,-11.0259410780466,9.19495743111905));
#897=CARTESIAN_POINT('Ctrl Pts',(23.5269003762588,-7.17618112681635,9.25182700372977));
#898=CARTESIAN_POINT('Ctrl Pts',(24.4390478146854,-2.78554714453636,9.30869657634049));
#899=CARTESIAN_POINT('Ctrl Pts',(24.1659424674986,1.52980498168775,9.36556614895122));
#900=CARTESIAN_POINT('Ctrl Pts',(23.8928371203117,5.84515710791191,9.42243572156194));
#901=CARTESIAN_POINT('Ctrl Pts',(22.4344789875113,10.0852273780801,9.47930529417267));
#902=CARTESIAN_POINT('Ctrl Pts',(19.995681287137,13.6559511411034,9.53617486678339));
#903=CARTESIAN_POINT('Ctrl Pts',(17.5568835867628,17.2266749041266,9.59304443939412));
#904=CARTESIAN_POINT('Ctrl Pts',(14.1376463188148,20.1280521600049,9.64991401200484));
#905=CARTESIAN_POINT('Ctrl Pts',(10.2174377256026,21.9527319399367,9.70678358461557));
#906=CARTESIAN_POINT('Ctrl Pts',(6.29722913239047,23.7774117198685,9.76365315722629));
#907=CARTESIAN_POINT('Ctrl Pts',(1.87604921391427,24.5253940238539,9.82052272983702));
#908=CARTESIAN_POINT('Ctrl Pts',(-2.42623583530181,24.0920966771589,9.87739230244774));
#909=CARTESIAN_POINT('Ctrl Pts',(-6.72852088451794,23.6587993304639,9.93426187505846));
#910=CARTESIAN_POINT('Ctrl Pts',(-10.9119110644739,22.0442223330884,9.99113144766918));
#911=CARTESIAN_POINT('Ctrl Pts',(-14.3895883703664,19.4745900198173,10.0480010202799));
#912=CARTESIAN_POINT('Ctrl Pts',(-17.8672656762588,16.9049577065462,10.1048705928906));
#913=CARTESIAN_POINT('Ctrl Pts',(-20.6392301080878,13.3802700773795,10.1617401655014));
#914=CARTESIAN_POINT('Ctrl Pts',(-22.317002508768,9.39499346831507,10.2186097381121));
#915=CARTESIAN_POINT('Ctrl Pts',(-23.5642923191923,6.4322585322816,10.2608877243346));
#916=CARTESIAN_POINT('Ctrl Pts',(-24.2068511682085,3.21496826345602,10.3031657105572));
#917=CARTESIAN_POINT('Ctrl Pts',(-24.2108820346035,-0.000830637276206703,
10.3454436967797));
#918=CARTESIAN_POINT('Ctrl Pts',(-24.2113856405658,-0.000638822816205545,
10.6545563031774));
#919=CARTESIAN_POINT('Ctrl Pts',(-24.2113889593731,0.00686878200877041,
10.654457593588));
#920=CARTESIAN_POINT('Ctrl Pts',(-24.2113887583241,0.0143764006555224,10.6543588839987));
#921=CARTESIAN_POINT('Ctrl Pts',(-24.2113850368494,0.0218840299894545,10.6542601744093));
#922=CARTESIAN_POINT('Ctrl Pts',(-24.2099556675984,2.90546521226261,10.6163471260009));
#923=CARTESIAN_POINT('Ctrl Pts',(-23.689183742787,5.79062299887956,10.5784340775924));
#924=CARTESIAN_POINT('Ctrl Pts',(-22.6766080029224,8.49048094434521,10.540521029184));
#925=CARTESIAN_POINT('Ctrl Pts',(-21.1577443931254,12.5402678625436,10.4836514565713));
#926=CARTESIAN_POINT('Ctrl Pts',(-18.5323221994587,16.1731301381515,10.4267818839587));
#927=CARTESIAN_POINT('Ctrl Pts',(-15.1613481092681,18.8804243186034,10.369912311346));
#928=CARTESIAN_POINT('Ctrl Pts',(-11.7903740190775,21.5877184990553,10.3130427387333));
#929=CARTESIAN_POINT('Ctrl Pts',(-7.67384803236292,23.3694445843512,10.2561731661207));
#930=CARTESIAN_POINT('Ctrl Pts',(-3.39215689425554,23.9753568608704,10.199303593508));
#931=CARTESIAN_POINT('Ctrl Pts',(0.889534243851811,24.5812691373897,10.1424340208953));
#932=CARTESIAN_POINT('Ctrl Pts',(5.33639053335201,24.0113676051323,10.0855644482826));
#933=CARTESIAN_POINT('Ctrl Pts',(9.32655274824685,22.3456633175322,10.02869487567));
#934=CARTESIAN_POINT('Ctrl Pts',(13.3167149631417,20.6799590299321,9.97182530305732));
#935=CARTESIAN_POINT('Ctrl Pts',(16.8501831034312,17.9184519869893,9.91495573044466));
#936=CARTESIAN_POINT('Ctrl Pts',(19.4305866978975,14.4488261962207,9.85808615783199));
#937=CARTESIAN_POINT('Ctrl Pts',(22.0109902923637,10.9792004054522,9.80121658521932));
#938=CARTESIAN_POINT('Ctrl Pts',(23.6383293410067,6.80145586685791,9.74434701260664));
#939=CARTESIAN_POINT('Ctrl Pts',(24.084719073141,2.50031465775409,9.68747743999398));
#940=CARTESIAN_POINT('Ctrl Pts',(24.5311088052753,-1.80082655134975,9.63060786738131));
#941=CARTESIAN_POINT('Ctrl Pts',(23.7965492209009,-6.22536443096314,9.57373829476866));
#942=CARTESIAN_POINT('Ctrl Pts',(21.9839186079901,-10.1507541540422,9.516868722156));
#943=CARTESIAN_POINT('Ctrl Pts',(20.1712879950793,-14.0761438771213,9.45999914954333));
#944=CARTESIAN_POINT('Ctrl Pts',(17.280586353632,-17.5023854436661,9.40312957693064));
#945=CARTESIAN_POINT('Ctrl Pts',(13.7172834672294,-19.9537473114905,9.34626000431798));
#946=CARTESIAN_POINT('Ctrl Pts',(11.935632024028,-21.1794282454026,9.31782521801165));
#947=CARTESIAN_POINT('Ctrl Pts',(9.98583026958785,-22.1613892546346,9.28939043170532));
#948=CARTESIAN_POINT('Ctrl Pts',(7.9423159429797,-22.8702923936904,9.26095564539899));
#949=CARTESIAN_POINT('Ctrl Pts',(5.89880161637157,-23.5791955327461,9.23252085909266));
#950=CARTESIAN_POINT('Ctrl Pts',(3.76157471759548,-24.0150408016254,9.20408607278632));
#951=CARTESIAN_POINT('Ctrl Pts',(1.60389033832569,-24.1585732576138,9.17565128647998));
#952=CARTESIAN_POINT('Ctrl Pts',(-1.27302216736735,-24.3499498655983,9.13773823807154));
#953=CARTESIAN_POINT('Ctrl Pts',(-4.18630352727145,-24.0216592506655,9.0998251896631));
#954=CARTESIAN_POINT('Ctrl Pts',(-6.94845233024887,-23.1938653382147,9.06191214125466));
#955=CARTESIAN_POINT('Ctrl Pts',(-9.71060113322636,-22.3660714257638,9.02399909284621));
#956=CARTESIAN_POINT('Ctrl Pts',(-12.3216173792772,-21.0387742157949,8.98608604443776));
#957=CARTESIAN_POINT('Ctrl Pts',(-14.6205607974736,-19.2979074588734,8.94817299602932));
#958=CARTESIAN_POINT('Ctrl Pts',(-16.91950421567,-17.557040701952,8.91025994762087));
#959=CARTESIAN_POINT('Ctrl Pts',(-18.906374806012,-15.4026043980781,8.87234689921242));
#960=CARTESIAN_POINT('Ctrl Pts',(-20.4492308836116,-12.9668187662643,8.83443385080398));
#961=CARTESIAN_POINT('Ctrl Pts',(-22.763515000011,-9.31314031854355,8.77756427819131));
#962=CARTESIAN_POINT('Ctrl Pts',(-24.07876646274,-5.02642588295807,8.72069470557865));
#963=CARTESIAN_POINT('Ctrl Pts',(-24.2046242881751,-0.705024262183273,8.66382513296599));
#964=CARTESIAN_POINT('Ctrl Pts',(-24.2114618916191,-0.470251171968678,8.66073552304931));
#965=CARTESIAN_POINT('Ctrl Pts',(-24.2147889626864,-0.235375701446324,8.65764591313265));
#966=CARTESIAN_POINT('Ctrl Pts',(-24.2146304045536,-0.000495442722370999,
8.65455630321598));
#967=CARTESIAN_POINT('Origin',(0.,0.,6.5));
#968=CARTESIAN_POINT('',(-24.2097501006051,0.000602304615550267,12.6545563031285));
#969=CARTESIAN_POINT('',(-24.2083788810028,7.11253770626473E-5,12.345443696805));
#970=CARTESIAN_POINT('',(-24.2112,2.96501685835164E-15,6.5));
#971=CARTESIAN_POINT('Ctrl Pts',(-24.2108820346035,-0.000830637276206703,
10.3454436967797));
#972=CARTESIAN_POINT('Ctrl Pts',(-24.2122732251609,-1.11071338381996,10.3600352831679));
#973=CARTESIAN_POINT('Ctrl Pts',(-24.1376044071552,-2.2204184819708,10.3746268695561));
#974=CARTESIAN_POINT('Ctrl Pts',(-23.9854861300916,-3.31941943553444,10.3892184559443));
#975=CARTESIAN_POINT('Ctrl Pts',(-23.3926169812034,-7.60269014135722,10.446088028555));
#976=CARTESIAN_POINT('Ctrl Pts',(-21.6232983138955,-11.7233659640407,10.5029576011657));
#977=CARTESIAN_POINT('Ctrl Pts',(-18.9264373977471,-15.1031094897093,10.5598271737764));
#978=CARTESIAN_POINT('Ctrl Pts',(-16.2295764815987,-18.482853015378,10.6166967463872));
#979=CARTESIAN_POINT('Ctrl Pts',(-12.6051733166096,-21.1216642440319,10.6735663189979));
#980=CARTESIAN_POINT('Ctrl Pts',(-8.5599544361468,-22.6504137415005,10.7304358916086));
#981=CARTESIAN_POINT('Ctrl Pts',(-4.51473555568412,-24.1791632389691,10.7873054642193));
#982=CARTESIAN_POINT('Ctrl Pts',(-0.0487009597477833,-24.5978510052526,
10.8441750368301));
#983=CARTESIAN_POINT('Ctrl Pts',(4.2087353830156,-23.845911169479,10.9010446094408));
#984=CARTESIAN_POINT('Ctrl Pts',(8.46617172577902,-23.0939713337053,10.9579141820515));
#985=CARTESIAN_POINT('Ctrl Pts',(12.5150098153694,-21.1714038958745,11.0147837546622));
#986=CARTESIAN_POINT('Ctrl Pts',(15.7948929711422,-18.3519722809849,11.0716533272729));
#987=CARTESIAN_POINT('Ctrl Pts',(17.9814817416574,-16.4723512043918,11.1095663756801));
#988=CARTESIAN_POINT('Ctrl Pts',(19.8263127638093,-14.1941238268836,11.1474794240872));
#989=CARTESIAN_POINT('Ctrl Pts',(21.2150518715788,-11.6669572007517,11.1853924724944));
#990=CARTESIAN_POINT('Ctrl Pts',(22.6037909793483,-9.13979057461977,11.2233055209015));
#991=CARTESIAN_POINT('Ctrl Pts',(23.5364381727354,-6.36368469986414,11.2612185693087));
#992=CARTESIAN_POINT('Ctrl Pts',(23.9554223572824,-3.51066327683361,11.2991316177158));
#993=CARTESIAN_POINT('Ctrl Pts',(24.3744065418294,-0.657641853803133,11.337044666123));
#994=CARTESIAN_POINT('Ctrl Pts',(24.2797277175363,2.27229511750217,11.3749577145301));
#995=CARTESIAN_POINT('Ctrl Pts',(23.6718337271444,5.09088261165429,11.4128707629373));
#996=CARTESIAN_POINT('Ctrl Pts',(22.7599927415566,9.31876385288249,11.469740335548));
#997=CARTESIAN_POINT('Ctrl Pts',(20.6934176322464,13.2961087705162,11.5266099081587));
#998=CARTESIAN_POINT('Ctrl Pts',(17.7538623815686,16.4663106067025,11.5834794807695));
#999=CARTESIAN_POINT('Ctrl Pts',(14.8143071308907,19.6365124428888,11.6403490533802));
#1000=CARTESIAN_POINT('Ctrl Pts',(11.0017717388451,21.9995711976279,11.6972186259909));
#1001=CARTESIAN_POINT('Ctrl Pts',(6.85412818981296,23.2235982085246,11.7540881986016));
#1002=CARTESIAN_POINT('Ctrl Pts',(2.70648464078076,24.4476252194213,11.8109577712124));
#1003=CARTESIAN_POINT('Ctrl Pts',(-1.77626706523801,24.5326204864756,11.8678273438231));
#1004=CARTESIAN_POINT('Ctrl Pts',(-5.96685653938132,23.4671561490402,11.9246969164338));
#1005=CARTESIAN_POINT('Ctrl Pts',(-10.1574460135247,22.4016918116049,11.9815664890445));
#1006=CARTESIAN_POINT('Ctrl Pts',(-14.0558732557925,20.1857678696799,12.0384360616552));
#1007=CARTESIAN_POINT('Ctrl Pts',(-17.1147545078802,17.129570810684,12.095305634266));
#1008=CARTESIAN_POINT('Ctrl Pts',(-20.1736357599679,14.0733737516881,12.1521752068767));
#1009=CARTESIAN_POINT('Ctrl Pts',(-22.3929710218754,10.1769035756213,12.2090447794874));
#1010=CARTESIAN_POINT('Ctrl Pts',(-23.4620480714877,5.98702178527576,12.2659143520982));
#1011=CARTESIAN_POINT('Ctrl Pts',(-23.9603989077,4.03390615660693,12.2924241336671));
#1012=CARTESIAN_POINT('Ctrl Pts',(-24.2088028682857,2.01703326415374,12.318933915236));
#1013=CARTESIAN_POINT('Ctrl Pts',(-24.2083788810028,7.11253770626473E-5,
12.345443696805));
#1014=CARTESIAN_POINT('Ctrl Pts',(-24.2097501006051,0.000602304615550267,
12.6545563031285));
#1015=CARTESIAN_POINT('Ctrl Pts',(-24.2107351230326,1.69292681186464,12.6323127498323));
#1016=CARTESIAN_POINT('Ctrl Pts',(-24.0359726628688,3.38497443485101,12.6100691965361));
#1017=CARTESIAN_POINT('Ctrl Pts',(-23.6837567156592,5.03921463921987,12.58782564324));
#1018=CARTESIAN_POINT('Ctrl Pts',(-22.7832544389553,9.26857189022245,12.5309560706273));
#1019=CARTESIAN_POINT('Ctrl Pts',(-20.7228105277434,13.2507973452946,12.4740864980147));
#1020=CARTESIAN_POINT('Ctrl Pts',(-17.789401471753,16.4275648917095,12.417216925402));
#1021=CARTESIAN_POINT('Ctrl Pts',(-14.8559924157627,19.6043324381244,12.3603473527893));
#1022=CARTESIAN_POINT('Ctrl Pts',(-11.049618214994,21.975642075882,12.3034777801767));
#1023=CARTESIAN_POINT('Ctrl Pts',(-6.9050327683368,23.2087366024945,12.246608207564));
#1024=CARTESIAN_POINT('Ctrl Pts',(-2.76044732167955,24.4418311291071,12.1897386349513));
#1025=CARTESIAN_POINT('Ctrl Pts',(1.72234937086631,24.5367105445745,12.1328690623387));
#1026=CARTESIAN_POINT('Ctrl Pts',(5.9152941419625,23.4802870873123,12.075999489726));
#1027=CARTESIAN_POINT('Ctrl Pts',(10.1082389130587,22.4238636300501,12.0191299171133));
#1028=CARTESIAN_POINT('Ctrl Pts',(14.0113317627053,20.2161373000583,11.9622603445007));
#1029=CARTESIAN_POINT('Ctrl Pts',(17.0769571088636,17.166675999865,11.905390771888));
#1030=CARTESIAN_POINT('Ctrl Pts',(20.1425824550219,14.1172146996717,11.8485211992753));
#1031=CARTESIAN_POINT('Ctrl Pts',(22.370740297692,10.2260184292769,11.7916516266627));
#1032=CARTESIAN_POINT('Ctrl Pts',(23.4490876825426,6.03857573848059,11.73478205405));
#1033=CARTESIAN_POINT('Ctrl Pts',(24.5274350673931,1.85113304768425,11.6779124814373));
#1034=CARTESIAN_POINT('Ctrl Pts',(24.4559719944241,-2.63255606351367,11.6210429088247));
#1035=CARTESIAN_POINT('Ctrl Pts',(23.2445574216873,-6.78349228133318,11.564173336212));
#1036=CARTESIAN_POINT('Ctrl Pts',(22.0331428489506,-10.9344284991527,11.5073037635993));
#1037=CARTESIAN_POINT('Ctrl Pts',(19.6817767764462,-14.7526118235938,11.4504341909867));
#1038=CARTESIAN_POINT('Ctrl Pts',(16.5206671575129,-17.7027442484839,11.393564618374));
#1039=CARTESIAN_POINT('Ctrl Pts',(13.3595575385796,-20.6528766733739,11.3366950457613));
#1040=CARTESIAN_POINT('Ctrl Pts',(9.38870437321751,-22.7349581987129,11.2798254731487));
#1041=CARTESIAN_POINT('Ctrl Pts',(5.16375210455171,-23.657112903748,11.222955900536));
#1042=CARTESIAN_POINT('Ctrl Pts',(0.938799835885821,-24.5792676087832,11.1660863279233));
#1043=CARTESIAN_POINT('Ctrl Pts',(-3.54025153608385,-24.3414954935145,11.1092167553107));
#1044=CARTESIAN_POINT('Ctrl Pts',(-7.64267956304773,-22.9766163098296,11.052347182698));
#1045=CARTESIAN_POINT('Ctrl Pts',(-11.7451075900116,-21.6117371261448,10.9954776100853));
#1046=CARTESIAN_POINT('Ctrl Pts',(-15.4709122719696,-19.1197508740437,10.9386080374727));
#1047=CARTESIAN_POINT('Ctrl Pts',(-18.3040871093774,-15.8516854137603,10.88173846486));
#1048=CARTESIAN_POINT('Ctrl Pts',(-20.1928703343158,-13.6729751069046,10.8438254164515));
#1049=CARTESIAN_POINT('Ctrl Pts',(-21.6849291838986,-11.1493407075234,10.8059123680431));
#1050=CARTESIAN_POINT('Ctrl Pts',(-22.6899152018448,-8.44652121886817,10.7679993196347));
#1051=CARTESIAN_POINT('Ctrl Pts',(-23.6922846600232,-5.75073873232758,10.7301849808156));
#1052=CARTESIAN_POINT('Ctrl Pts',(-24.2101142493735,-2.87670298669829,10.6923706419965));
#1053=CARTESIAN_POINT('Ctrl Pts',(-24.2113856405658,-0.000638822816205545,
10.6545563031774));
#1054=CARTESIAN_POINT('Origin',(0.,0.,6.5));
#1055=CARTESIAN_POINT('',(-24.2103838779933,-2.28212540478691E-5,14.6545563031089));
#1056=CARTESIAN_POINT('',(-24.2119389499514,0.000868521234805401,14.3454436968354));
#1057=CARTESIAN_POINT('',(-24.2112,2.96501685835164E-15,6.5));
#1058=CARTESIAN_POINT('',(11.2993056923698,21.4127974891274,16.));
#1059=CARTESIAN_POINT('Ctrl Pts',(11.2993056923683,21.4127974891247,15.9999999999982));
#1060=CARTESIAN_POINT('Ctrl Pts',(14.1685300579249,19.8987382811729,15.9573478205387));
#1061=CARTESIAN_POINT('Ctrl Pts',(16.7290303759171,17.8011008637922,15.9146956410792));
#1062=CARTESIAN_POINT('Ctrl Pts',(18.7769525506361,15.2856739930462,15.8720434616197));
#1063=CARTESIAN_POINT('Ctrl Pts',(20.8248747253551,12.7702471223002,15.8293912821602));
#1064=CARTESIAN_POINT('Ctrl Pts',(22.360218756801,9.83703079818896,15.7867391027007));
#1065=CARTESIAN_POINT('Ctrl Pts',(23.260622878026,6.72058783939677,15.7440869232412));
#1066=CARTESIAN_POINT('Ctrl Pts',(24.161026999251,3.60414488060458,15.7014347437817));
#1067=CARTESIAN_POINT('Ctrl Pts',(24.4264912102551,0.304475287131445,15.6587825643222));
#1068=CARTESIAN_POINT('Ctrl Pts',(24.0358511668408,-2.91571418557373,15.6161303848627));
#1069=CARTESIAN_POINT('Ctrl Pts',(23.6452111234266,-6.1359036582789,15.5734782054032));
#1070=CARTESIAN_POINT('Ctrl Pts',(22.5984668255939,-9.27661301021611,15.5308260259437));
#1071=CARTESIAN_POINT('Ctrl Pts',(20.9790584402639,-12.0873211815577,15.4881738464842));
#1072=CARTESIAN_POINT('Ctrl Pts',(19.359650054934,-14.8980293528992,15.4455216670247));
#1073=CARTESIAN_POINT('Ctrl Pts',(17.1675775821067,-17.3787363436451,15.4028694875652));
#1074=CARTESIAN_POINT('Ctrl Pts',(14.5775845087031,-19.3317720668077,15.3602173081057));
#1075=CARTESIAN_POINT('Ctrl Pts',(11.9875914352994,-21.2848077899702,15.3175651286462));
#1076=CARTESIAN_POINT('Ctrl Pts',(8.99967776131934,-22.7101722455493,15.2749129491867));
#1077=CARTESIAN_POINT('Ctrl Pts',(5.85201765525911,-23.4942081776176,15.2322607697272));
#1078=CARTESIAN_POINT('Ctrl Pts',(2.70435754919885,-24.278244109686,15.1896085902677));
#1079=CARTESIAN_POINT('Ctrl Pts',(-0.603048988941572,-24.4209515182437,
15.1469564108082));
#1080=CARTESIAN_POINT('Ctrl Pts',(-3.80653988974027,-23.9109613717005,15.1043042313487));
#1081=CARTESIAN_POINT('Ctrl Pts',(-7.01003079053895,-23.4009712251573,15.0616520518892));
#1082=CARTESIAN_POINT('Ctrl Pts',(-10.1096060539959,-22.2382835235133,15.0189998724297));
#1083=CARTESIAN_POINT('Ctrl Pts',(-12.8582095554526,-20.5155994324396,14.9763476929702));
#1084=CARTESIAN_POINT('Ctrl Pts',(-15.6068130569093,-18.7929153413659,14.9336955135107));
#1085=CARTESIAN_POINT('Ctrl Pts',(-18.0044447963656,-16.5102348608624,14.8910433340512));
#1086=CARTESIAN_POINT('Ctrl Pts',(-19.8599280706318,-13.8494704378283,14.8483911545917));
#1087=CARTESIAN_POINT('Ctrl Pts',(-21.7154113448979,-11.1887060147942,14.8057389751322));
#1088=CARTESIAN_POINT('Ctrl Pts',(-23.0287461539738,-8.1498576492295,14.7630867956727));
#1089=CARTESIAN_POINT('Ctrl Pts',(-23.6953382818794,-4.97527361529346,14.7204346162132));
#1090=CARTESIAN_POINT('Ctrl Pts',(-24.0385326623517,-3.34084177133037,14.6984751785112));
#1091=CARTESIAN_POINT('Ctrl Pts',(-24.210295198428,-1.67043052372389,14.6765157408092));
#1092=CARTESIAN_POINT('Ctrl Pts',(-24.2103838779903,-2.28212540484479E-5,
14.6545563031072));
#1093=CARTESIAN_POINT('',(-11.2993056923706,21.412797489127,16.));
#1094=CARTESIAN_POINT('Origin',(0.,0.,16.));
#1095=CARTESIAN_POINT('Ctrl Pts',(-24.2119389499514,0.000868521234805401,
14.3454436968354));
#1096=CARTESIAN_POINT('Ctrl Pts',(-24.2066648898528,-3.50672729024735,14.3915716925291));
#1097=CARTESIAN_POINT('Ctrl Pts',(-23.4367728744652,-7.01595824932463,14.4376996882227));
#1098=CARTESIAN_POINT('Ctrl Pts',(-21.9608601561762,-10.1981589366306,14.4838276839164));
#1099=CARTESIAN_POINT('Ctrl Pts',(-20.5961597572485,-13.1405758516829,14.5264798633744));
#1100=CARTESIAN_POINT('Ctrl Pts',(-18.6278294874725,-15.8033901433255,14.5691320428325));
#1101=CARTESIAN_POINT('Ctrl Pts',(-16.2187658892278,-17.9761957959039,14.6117842222905));
#1102=CARTESIAN_POINT('Ctrl Pts',(-13.8097022909831,-20.1490014484822,14.6544364017486));
#1103=CARTESIAN_POINT('Ctrl Pts',(-10.9599053642696,-21.8317984619963,14.6970885812066));
#1104=CARTESIAN_POINT('Ctrl Pts',(-7.89362303170381,-22.8894248093548,14.7397407606646));
#1105=CARTESIAN_POINT('Ctrl Pts',(-4.8273406991379,-23.9470511567133,14.7823929401227));
#1106=CARTESIAN_POINT('Ctrl Pts',(-1.54457296071969,-24.3795068379161,14.8250451195807));
#1107=CARTESIAN_POINT('Ctrl Pts',(1.69150625100466,-24.1528488823622,14.8676972990388));
#1108=CARTESIAN_POINT('Ctrl Pts',(4.92758546272891,-23.9261909268084,14.9103494784968));
#1109=CARTESIAN_POINT('Ctrl Pts',(8.11697614775922,-23.040419334498,14.9530016579549));
#1110=CARTESIAN_POINT('Ctrl Pts',(11.0061939989103,-21.5658727877917,14.9956538374129));
#1111=CARTESIAN_POINT('Ctrl Pts',(13.8954118500615,-20.0913262410854,15.0383060168709));
#1112=CARTESIAN_POINT('Ctrl Pts',(16.4844568673334,-18.0280047399831,15.080958196329));
#1113=CARTESIAN_POINT('Ctrl Pts',(18.5665593498196,-15.5405224859498,15.123610375787));
#1114=CARTESIAN_POINT('Ctrl Pts',(20.6486618323058,-13.0530402319164,15.1662625552451));
#1115=CARTESIAN_POINT('Ctrl Pts',(22.2238217800062,-10.141397224952,15.2089147347031));
#1116=CARTESIAN_POINT('Ctrl Pts',(23.1666708721308,-7.03762545260489,15.2515669141612));
#1117=CARTESIAN_POINT('Ctrl Pts',(24.1095199642555,-3.9338536802578,15.2942190936192));
#1118=CARTESIAN_POINT('Ctrl Pts',(24.4200582008044,-0.637953142528085,15.3368712730772));
#1119=CARTESIAN_POINT('Ctrl Pts',(24.0734328254276,2.58731109844033,15.3795234525353));
#1120=CARTESIAN_POINT('Ctrl Pts',(23.7268074500509,5.81257533940879,15.4221756319933));
#1121=CARTESIAN_POINT('Ctrl Pts',(22.7230184627485,8.96720328361593,15.4648278114514));
#1122=CARTESIAN_POINT('Ctrl Pts',(21.142130797163,11.7997381393711,15.5074799909094));
#1123=CARTESIAN_POINT('Ctrl Pts',(19.5612431315776,14.6322729951262,15.5501321703675));
#1124=CARTESIAN_POINT('Ctrl Pts',(17.4032567877091,17.1427147624293,15.5927843498255));
#1125=CARTESIAN_POINT('Ctrl Pts',(14.8401740958121,19.1309441081363,15.6354365292835));
#1126=CARTESIAN_POINT('Ctrl Pts',(12.2770914039152,21.1191734538433,15.6780887087416));
#1127=CARTESIAN_POINT('Ctrl Pts',(9.30891236398992,22.5851903779542,15.7207408881996));
#1128=CARTESIAN_POINT('Ctrl Pts',(6.17224824462909,23.4121186436301,15.7633930676577));
#1129=CARTESIAN_POINT('Ctrl Pts',(3.03558412526822,24.2390469093059,15.8060452471157));
#1130=CARTESIAN_POINT('Ctrl Pts',(-0.269565073528157,24.4268865165466,15.8486974265738));
#1131=CARTESIAN_POINT('Ctrl Pts',(-3.47971848985522,23.9606964834504,15.8913496060318));
#1132=CARTESIAN_POINT('Ctrl Pts',(-6.20552240588879,23.5648454280564,15.9275664040212));
#1133=CARTESIAN_POINT('Ctrl Pts',(-8.86283398725167,22.6974364166556,15.9637832020106));
#1134=CARTESIAN_POINT('Ctrl Pts',(-11.299644906588,21.4130979263863,16.));
#1135=CARTESIAN_POINT('Origin',(0.,0.,20.4166448217607));
#1136=CARTESIAN_POINT('',(-25.1314028197879,-1.31206805820079E-5,3.81430923436641));
#1137=CARTESIAN_POINT('',(-25.1308048426716,-0.000206996086130456,3.18569076567154));
#1138=CARTESIAN_POINT('',(-25.13115,1.90843579231012E-13,20.4166448217607));
#1139=CARTESIAN_POINT('',(25.105761226097,1.12935981955055,2.2));
#1140=CARTESIAN_POINT('Ctrl Pts',(-25.1308048426716,-0.000206996086130457,
3.18569076567154));
#1141=CARTESIAN_POINT('Ctrl Pts',(-25.1296861074513,2.36829029436297,3.15569243316766));
#1142=CARTESIAN_POINT('Ctrl Pts',(-24.7949048663147,4.73709797733221,3.12569410066378));
#1143=CARTESIAN_POINT('Ctrl Pts',(-24.1342471028947,7.01123551985211,3.09569576815989));
#1144=CARTESIAN_POINT('Ctrl Pts',(-23.1949117754043,10.2446459958041,3.05304358870039));
#1145=CARTESIAN_POINT('Ctrl Pts',(-21.5967950924573,13.2866744016104,3.01039140924089));
#1146=CARTESIAN_POINT('Ctrl Pts',(-19.467267756499,15.8948173873693,2.96773922978139));
#1147=CARTESIAN_POINT('Ctrl Pts',(-17.3377404205408,18.5029603731282,2.92508705032189));
#1148=CARTESIAN_POINT('Ctrl Pts',(-14.6768024315713,20.6772179388397,2.88243487086239));
#1149=CARTESIAN_POINT('Ctrl Pts',(-11.6966107469926,22.2442879741556,2.83978269140289));
#1150=CARTESIAN_POINT('Ctrl Pts',(-8.7164190624138,23.8113580094715,2.79713051194339));
#1151=CARTESIAN_POINT('Ctrl Pts',(-5.41697368222577,24.7712405143918,2.75447833248389));
#1152=CARTESIAN_POINT('Ctrl Pts',(-2.0612105536433,25.0473826776915,2.71182615302439));
#1153=CARTESIAN_POINT('Ctrl Pts',(1.29455257493918,25.3235248409912,2.66917397356489));
#1154=CARTESIAN_POINT('Ctrl Pts',(4.70663345191609,24.9159266626702,2.62652179410539));
#1155=CARTESIAN_POINT('Ctrl Pts',(7.90288586619641,23.8571505265013,2.58386961464589));
#1156=CARTESIAN_POINT('Ctrl Pts',(11.0991382804767,22.7983743903323,2.54121743518639));
#1157=CARTESIAN_POINT('Ctrl Pts',(14.0795622320605,21.0884202963154,2.49856525572689));
#1158=CARTESIAN_POINT('Ctrl Pts',(16.6068824887934,18.8634558769795,2.45591307626739));
#1159=CARTESIAN_POINT('Ctrl Pts',(19.1342027455263,16.6384914576435,2.41326089680789));
#1160=CARTESIAN_POINT('Ctrl Pts',(21.2084193074083,13.8985167129887,2.37060871734839));
#1161=CARTESIAN_POINT('Ctrl Pts',(22.6634765667584,10.8622502780844,2.32795653788889));
#1162=CARTESIAN_POINT('Ctrl Pts',(24.1185338205409,7.82598385479805,2.28530435859259));
#1163=CARTESIAN_POINT('Ctrl Pts',(24.9544317765297,4.49342574352989,2.2426521792963));
#1164=CARTESIAN_POINT('Ctrl Pts',(25.1057612239363,1.12935985814797,2.2));
#1165=CARTESIAN_POINT('',(-8.83219192724928,-23.5280064196424,2.2));
#1166=CARTESIAN_POINT('Origin',(0.,0.,2.2));
#1167=CARTESIAN_POINT('Ctrl Pts',(-8.83250169347882,-23.5283602328678,2.20000000000527));
#1168=CARTESIAN_POINT('Ctrl Pts',(-6.15517895973185,-24.5318912484906,2.23621679799468));
#1169=CARTESIAN_POINT('Ctrl Pts',(-3.30537882905236,-25.0772429985678,2.27243359598409));
#1170=CARTESIAN_POINT('Ctrl Pts',(-0.44677379823074,-25.1280617036083,2.3086503939735));
#1171=CARTESIAN_POINT('Ctrl Pts',(2.91977823129779,-25.1879104104942,2.35130257343154));
#1172=CARTESIAN_POINT('Ctrl Pts',(6.29854226064477,-24.5618640636336,2.39395475288959));
#1173=CARTESIAN_POINT('Ctrl Pts',(9.42015631553019,-23.2997937460146,2.43660693234763));
#1174=CARTESIAN_POINT('Ctrl Pts',(12.5417703704157,-22.0377234283954,2.47925911180567));
#1175=CARTESIAN_POINT('Ctrl Pts',(15.4062344508396,-20.1396291400178,2.52191129126372));
#1176=CARTESIAN_POINT('Ctrl Pts',(17.7852228417031,-17.7568348613677,2.56456347072176));
#1177=CARTESIAN_POINT('Ctrl Pts',(20.1642112325665,-15.3740405827178,2.6072156501798));
#1178=CARTESIAN_POINT('Ctrl Pts',(22.0577239338695,-12.5065463137954,2.64986782963784));
#1179=CARTESIAN_POINT('Ctrl Pts',(23.3148095668391,-9.38292323643519,2.69252000909589));
#1180=CARTESIAN_POINT('Ctrl Pts',(24.5718951998087,-6.25930015907501,2.73517218855393));
#1181=CARTESIAN_POINT('Ctrl Pts',(25.1925537644448,-2.87954827327706,2.77782436801197));
#1182=CARTESIAN_POINT('Ctrl Pts',(25.1273214711605,0.486908779551805,2.82047654747001));
#1183=CARTESIAN_POINT('Ctrl Pts',(25.0620891778762,3.85336583238079,2.86312872692806));
#1184=CARTESIAN_POINT('Ctrl Pts',(24.3109660266715,7.20652805224067,2.9057809063861));
#1185=CARTESIAN_POINT('Ctrl Pts',(22.9338088303282,10.2791076552207,2.94843308584414));
#1186=CARTESIAN_POINT('Ctrl Pts',(21.5566516339851,13.3516872582006,2.99108526530219));
#1187=CARTESIAN_POINT('Ctrl Pts',(19.5534603925035,16.1436842443006,3.03373744476023));
#1188=CARTESIAN_POINT('Ctrl Pts',(17.0839535475239,18.4325216735791,3.07638962421827));
#1189=CARTESIAN_POINT('Ctrl Pts',(14.6144467025443,20.7213591028576,3.11904180367631));
#1190=CARTESIAN_POINT('Ctrl Pts',(11.6786242540667,22.5070369753146,3.16169398313436));
#1191=CARTESIAN_POINT('Ctrl Pts',(8.51044756747521,23.647235701771,3.2043461625924));
#1192=CARTESIAN_POINT('Ctrl Pts',(5.34227088088375,24.7874344282275,3.24699834205044));
#1193=CARTESIAN_POINT('Ctrl Pts',(1.94173995617837,25.2821540086835,3.28965052150849));
#1194=CARTESIAN_POINT('Ctrl Pts',(-1.41994168261048,25.0919092139524,3.33230270096653));
#1195=CARTESIAN_POINT('Ctrl Pts',(-4.78162332139932,24.9016644192213,3.37495488042457));
#1196=CARTESIAN_POINT('Ctrl Pts',(-8.10445567427161,24.0264552493032,3.41760705988261));
#1197=CARTESIAN_POINT('Ctrl Pts',(-11.1238191923804,22.5361445093217,3.46025923934066));
#1198=CARTESIAN_POINT('Ctrl Pts',(-14.1431827104892,21.0458337693403,3.5029114187987));
#1199=CARTESIAN_POINT('Ctrl Pts',(-16.8590773938345,18.9404214592954,3.54556359825675));
#1200=CARTESIAN_POINT('Ctrl Pts',(-19.0544801333658,16.3875494146867,3.58821577771479));
#1201=CARTESIAN_POINT('Ctrl Pts',(-21.2498828728971,13.8346773700779,3.63086795717283));
#1202=CARTESIAN_POINT('Ctrl Pts',(-22.9247936686145,10.8343455909052,3.67352013663087));
#1203=CARTESIAN_POINT('Ctrl Pts',(-23.9468953165506,7.62610915260805,3.71617231608892));
#1204=CARTESIAN_POINT('Ctrl Pts',(-24.7308013769576,5.16553588939271,3.74888462218318));
#1205=CARTESIAN_POINT('Ctrl Pts',(-25.1307119695527,2.5826689250059,3.78159692827743));
#1206=CARTESIAN_POINT('Ctrl Pts',(-25.1314028197787,-1.31206805803962E-5,
3.81430923437169));
#1207=CARTESIAN_POINT('Origin',(0.,0.,20.4166448217607));
#1208=CARTESIAN_POINT('',(-25.1299896925395,0.000864592955449609,5.81430923433068));
#1209=CARTESIAN_POINT('',(-25.1312313737168,0.00014367906002779,5.18569076569085));
#1210=CARTESIAN_POINT('',(-25.13115,1.90843579231012E-13,20.4166448217607));
#1211=CARTESIAN_POINT('Ctrl Pts',(-25.1312313737168,0.00014367906002779,
5.18569076569085));
#1212=CARTESIAN_POINT('Ctrl Pts',(-25.1315171039098,0.749460168045623,5.17619976891692));
#1213=CARTESIAN_POINT('Ctrl Pts',(-25.0983280233906,1.49875315736536,5.16670877214299));
#1214=CARTESIAN_POINT('Ctrl Pts',(-25.0313921809213,2.2450250198916,5.15721777536906));
#1215=CARTESIAN_POINT('Ctrl Pts',(-24.7640080592904,5.22610718899907,5.11930472696062));
#1216=CARTESIAN_POINT('Ctrl Pts',(-23.9581237397832,8.15898095877686,5.08139167855218));
#1217=CARTESIAN_POINT('Ctrl Pts',(-22.6648921959307,10.8583075467547,5.04347863014374));
#1218=CARTESIAN_POINT('Ctrl Pts',(-21.3716606520781,13.5576341347324,5.00556558173529));
#1219=CARTESIAN_POINT('Ctrl Pts',(-19.5910818838802,16.0234135409104,4.96765253332684));
#1220=CARTESIAN_POINT('Ctrl Pts',(-17.4354568892973,18.0999030450566,4.92973948491839));
#1221=CARTESIAN_POINT('Ctrl Pts',(-15.2798318947143,20.1763925492029,4.89182643650995));
#1222=CARTESIAN_POINT('Ctrl Pts',(-12.7491606737462,21.8635921513175,4.85391338810151));
#1223=CARTESIAN_POINT('Ctrl Pts',(-10.0033862722638,23.0549988487429,4.81600033969307));
#1224=CARTESIAN_POINT('Ctrl Pts',(-7.25761187078156,24.2464055461682,4.77808729128463));
#1225=CARTESIAN_POINT('Ctrl Pts',(-4.29673428878493,24.9420193389044,4.74017424287617));
#1226=CARTESIAN_POINT('Ctrl Pts',(-1.30772012101867,25.0977398288511,4.70226119446773));
#1227=CARTESIAN_POINT('Ctrl Pts',(1.68129404674764,25.2534603187978,4.66434814605929));
#1228=CARTESIAN_POINT('Ctrl Pts',(4.69844480028359,24.8692875059552,4.62643509765084));
#1229=CARTESIAN_POINT('Ctrl Pts',(7.55321619846714,23.9697352355122,4.5885220492424));
#1230=CARTESIAN_POINT('Ctrl Pts',(10.4079875966506,23.0701829650693,4.55060900083396));
#1231=CARTESIAN_POINT('Ctrl Pts',(13.1003796394816,21.6552512370261,4.51269595242551));
#1232=CARTESIAN_POINT('Ctrl Pts',(15.4600703201688,19.8140309684786,4.47478290401707));
#1233=CARTESIAN_POINT('Ctrl Pts',(17.819761000856,17.9728106999312,4.43686985560862));
#1234=CARTESIAN_POINT('Ctrl Pts',(19.8467503193994,15.7053018908794,4.39895680720018));
#1235=CARTESIAN_POINT('Ctrl Pts',(21.4135914045143,13.154987083558,4.36104375879173));
#1236=CARTESIAN_POINT('Ctrl Pts',(22.9804324896293,10.6046722762365,4.32313071038329));
#1237=CARTESIAN_POINT('Ctrl Pts',(24.0871253413158,7.77155147064532,4.28521766197484));
#1238=CARTESIAN_POINT('Ctrl Pts',(24.6625432293399,4.83436563355744,4.2473046135664));
#1239=CARTESIAN_POINT('Ctrl Pts',(25.309888353367,1.53003156683367,4.2046524341069));
#1240=CARTESIAN_POINT('Ctrl Pts',(25.2848386015087,-1.90600980537811,4.1620002546474));
#1241=CARTESIAN_POINT('Ctrl Pts',(24.5882564318584,-5.20019619662208,4.1193480751879));
#1242=CARTESIAN_POINT('Ctrl Pts',(23.891674262208,-8.49438258786609,4.0766958957284));
#1243=CARTESIAN_POINT('Ctrl Pts',(22.5235596747656,-11.6467139981423,4.0340437162689));
#1244=CARTESIAN_POINT('Ctrl Pts',(20.5934785377772,-14.4057677861901,3.9913915368094));
#1245=CARTESIAN_POINT('Ctrl Pts',(18.6633974007887,-17.1648215742379,3.9487393573499));
#1246=CARTESIAN_POINT('Ctrl Pts',(16.1713497142543,-19.5305977400571,3.9060871778904));
#1247=CARTESIAN_POINT('Ctrl Pts',(13.3157364937626,-21.3145748043645,3.8634349984309));
#1248=CARTESIAN_POINT('Ctrl Pts',(10.4601232732709,-23.0985518686718,3.8207828189714));
#1249=CARTESIAN_POINT('Ctrl Pts',(7.24094451882199,-24.3007298314673,3.7781306395119));
#1250=CARTESIAN_POINT('Ctrl Pts',(3.9149447579316,-24.8252442039422,3.7354784600524));
#1251=CARTESIAN_POINT('Ctrl Pts',(0.588944997041257,-25.3497585764172,3.6928262805929));
#1252=CARTESIAN_POINT('Ctrl Pts',(-2.84387577029054,-25.1966093585716,3.6501741011334));
#1253=CARTESIAN_POINT('Ctrl Pts',(-6.10993753795763,-24.3780215338019,3.6075219216739));
#1254=CARTESIAN_POINT('Ctrl Pts',(-9.37599930562477,-23.5594337090322,3.56486974221439));
#1255=CARTESIAN_POINT('Ctrl Pts',(-12.475302073627,-22.0754072773383,3.5222175627549));
#1256=CARTESIAN_POINT('Ctrl Pts',(-15.160750744949,-20.0442329052556,3.4795653832954));
#1257=CARTESIAN_POINT('Ctrl Pts',(-17.846199416271,-18.0130585331729,3.4369132038359));
#1258=CARTESIAN_POINT('Ctrl Pts',(-20.1177939909126,-15.4347362207015,3.3942610243764));
#1259=CARTESIAN_POINT('Ctrl Pts',(-21.7944749130499,-12.5147994211433,3.3516088449169));
#1260=CARTESIAN_POINT('Ctrl Pts',(-23.4711558351871,-9.59486262158508,3.3089566654574));
#1261=CARTESIAN_POINT('Ctrl Pts',(-24.55292310482,-6.33331133494018,3.2663044859979));
#1262=CARTESIAN_POINT('Ctrl Pts',(-24.9535297536195,-2.99013941856886,3.2236523065384));
#1263=CARTESIAN_POINT('Ctrl Pts',(-25.0723798402399,-1.99830297991162,3.21099845958278));
#1264=CARTESIAN_POINT('Ctrl Pts',(-25.1312767457102,-0.999282602180498,
3.19834461262716));
#1265=CARTESIAN_POINT('Ctrl Pts',(-25.1308048426716,-0.000206996086130456,
3.18569076567154));
#1266=CARTESIAN_POINT('Ctrl Pts',(-25.1314028197879,-1.31206805820078E-5,
3.81430923436641));
#1267=CARTESIAN_POINT('Ctrl Pts',(-25.1315126541111,-0.410618956816083,
3.8195099766793));
#1268=CARTESIAN_POINT('Ctrl Pts',(-25.1215318101728,-0.821220118946494,
3.82471071899219));
#1269=CARTESIAN_POINT('Ctrl Pts',(-25.1013991094298,-1.23132442838018,3.82991146130508));
#1270=CARTESIAN_POINT('Ctrl Pts',(-24.9546331264381,-4.2209562155575,3.86782450971223));
#1271=CARTESIAN_POINT('Ctrl Pts',(-24.2683661827583,-7.18418371903018,3.90573755811938));
#1272=CARTESIAN_POINT('Ctrl Pts',(-23.0854428813724,-9.93343913260463,3.94365060652653));
#1273=CARTESIAN_POINT('Ctrl Pts',(-21.9025195799864,-12.6826945461791,3.98156365493368));
#1274=CARTESIAN_POINT('Ctrl Pts',(-20.2229399208943,-15.2179778698553,4.01947670334083));
#1275=CARTESIAN_POINT('Ctrl Pts',(-18.1528788849069,-17.3801278798498,4.05738975174798));
#1276=CARTESIAN_POINT('Ctrl Pts',(-16.0828178489195,-19.5422778898444,4.09530280015513));
#1277=CARTESIAN_POINT('Ctrl Pts',(-13.6222754360367,-21.3312945861573,4.13321584856227));
#1278=CARTESIAN_POINT('Ctrl Pts',(-10.9270713611514,-22.6323693604308,4.17112889696942));
#1279=CARTESIAN_POINT('Ctrl Pts',(-8.23186728626596,-23.9334441347043,4.20904194537658));
#1280=CARTESIAN_POINT('Ctrl Pts',(-5.30200154937795,-24.7465769869384,4.24695499378373));
#1281=CARTESIAN_POINT('Ctrl Pts',(-2.3213882172262,-25.0236985994991,4.28486804219088));
#1282=CARTESIAN_POINT('Ctrl Pts',(0.659225114925473,-25.3008202120597,4.32278109059803));
#1283=CARTESIAN_POINT('Ctrl Pts',(3.69058604234088,-25.0419305849471,4.36069413900518));
#1284=CARTESIAN_POINT('Ctrl Pts',(6.57853177272774,-24.2569826629427,4.39860718741232));
#1285=CARTESIAN_POINT('Ctrl Pts',(10.9104503683081,-23.0795607799361,4.45547676002304));
#1286=CARTESIAN_POINT('Ctrl Pts',(14.9196847705742,-20.7185077334232,4.51234633263377));
#1287=CARTESIAN_POINT('Ctrl Pts',(18.0442330719298,-17.4970698263915,4.56921590524449));
#1288=CARTESIAN_POINT('Ctrl Pts',(21.1687813732854,-14.2756319193599,4.62608547785522));
#1289=CARTESIAN_POINT('Ctrl Pts',(23.4086435737306,-10.1938091518095,4.68295505046595));
#1290=CARTESIAN_POINT('Ctrl Pts',(24.4493729706459,-5.82749593922734,4.73982462307667));
#1291=CARTESIAN_POINT('Ctrl Pts',(25.4901023675612,-1.46118272664522,4.79669419568739));
#1292=CARTESIAN_POINT('Ctrl Pts',(25.3316989609466,3.18962093096859,4.85356376829811));
#1293=CARTESIAN_POINT('Ctrl Pts',(23.9966999621093,7.47470453316727,4.91043334090883));
#1294=CARTESIAN_POINT('Ctrl Pts',(22.661700963272,11.7597881353661,4.96730291351955));
#1295=CARTESIAN_POINT('Ctrl Pts',(20.1501063722118,15.6791516821498,5.02417248613028));
#1296=CARTESIAN_POINT('Ctrl Pts',(16.8140245064979,18.681908163129,5.08104205874101));
#1297=CARTESIAN_POINT('Ctrl Pts',(13.477942640784,21.6846646441083,5.13791163135174));
#1298=CARTESIAN_POINT('Ctrl Pts',(9.31737350041647,23.7708140592832,5.19478120396246));
#1299=CARTESIAN_POINT('Ctrl Pts',(4.91570491122663,24.6485671074889,5.25165077657318));
#1300=CARTESIAN_POINT('Ctrl Pts',(0.514036322036781,25.5263201556945,5.30852034918391));
#1301=CARTESIAN_POINT('Ctrl Pts',(-4.12873171597534,25.195676836931,5.36538992179463));
#1302=CARTESIAN_POINT('Ctrl Pts',(-8.36142304726549,23.7025500457549,5.42225949440536));
#1303=CARTESIAN_POINT('Ctrl Pts',(-12.5941143785556,22.2094232545788,5.47912906701608));
#1304=CARTESIAN_POINT('Ctrl Pts',(-16.4167290031238,19.5538129909903,5.5359986396268));
#1305=CARTESIAN_POINT('Ctrl Pts',(-19.2933603826549,16.1084895252491,5.59286821223752));
#1306=CARTESIAN_POINT('Ctrl Pts',(-22.169991762186,12.663166059508,5.64973778484825));
#1307=CARTESIAN_POINT('Ctrl Pts',(-24.1006398966801,8.42812939161439,5.70660735745897));
#1308=CARTESIAN_POINT('Ctrl Pts',(-24.8143075939614,3.9968265139887,5.7634769300697));
#1309=CARTESIAN_POINT('Ctrl Pts',(-25.0269425283914,2.67653445031103,5.78042103149003));
#1310=CARTESIAN_POINT('Ctrl Pts',(-25.1315433890776,1.33881939647896,5.79736513291035));
#1311=CARTESIAN_POINT('Ctrl Pts',(-25.1299896925395,0.00086459295544961,
5.81430923433068));
#1312=CARTESIAN_POINT('Origin',(0.,0.,20.4166448217607));
#1313=CARTESIAN_POINT('',(-25.133870195774,-0.000271352997964763,7.81430923428522));
#1314=CARTESIAN_POINT('',(-25.1314893319376,-0.00015899081928971,7.18569076572564));
#1315=CARTESIAN_POINT('',(-25.13115,1.90843579231012E-13,20.4166448217607));
#1316=CARTESIAN_POINT('Ctrl Pts',(-25.1314893319376,-0.00015899081928971,
7.18569076572564));
#1317=CARTESIAN_POINT('Ctrl Pts',(-25.1306785200221,2.49750876494645,7.15405492521701));
#1318=CARTESIAN_POINT('Ctrl Pts',(-24.7568181142062,4.9954949874436,7.12241908470838));
#1319=CARTESIAN_POINT('Ctrl Pts',(-24.022876420885,7.38275432365237,7.09078324419974));
#1320=CARTESIAN_POINT('Ctrl Pts',(-23.1433054500972,10.2436955005587,7.05287019579129));
#1321=CARTESIAN_POINT('Ctrl Pts',(-21.7465812882688,12.9456093562323,7.01495714738284));
#1322=CARTESIAN_POINT('Ctrl Pts',(-19.9230137361082,15.3188037591743,6.9770440989744));
#1323=CARTESIAN_POINT('Ctrl Pts',(-19.239175904048,16.2087516602776,6.96282670582124));
#1324=CARTESIAN_POINT('Ctrl Pts',(-18.4953132202224,17.0524733883404,6.94860931266807));
#1325=CARTESIAN_POINT('Ctrl Pts',(-17.6981003742481,17.8426236572122,6.9343919195149));
#1326=CARTESIAN_POINT('Ctrl Pts',(-15.306461836325,20.2130744638276,6.89173974005541));
#1327=CARTESIAN_POINT('Ctrl Pts',(-12.4346718390637,22.1013821377234,6.8490875605959));
#1328=CARTESIAN_POINT('Ctrl Pts',(-9.3070119448041,23.3471071162452,6.8064353811364));
#1329=CARTESIAN_POINT('Ctrl Pts',(-5.13679875245809,25.0080737542743,6.74956580852373));
#1330=CARTESIAN_POINT('Ctrl Pts',(-0.511705743226439,25.5266711560831,6.69269623591107));
#1331=CARTESIAN_POINT('Ctrl Pts',(3.921247837152,24.8268568168193,6.6358266632984));
#1332=CARTESIAN_POINT('Ctrl Pts',(8.35420141753049,24.1270424775555,6.57895709068574));
#1333=CARTESIAN_POINT('Ctrl Pts',(12.5950155690558,22.2088163972192,6.52208751807307));
#1334=CARTESIAN_POINT('Ctrl Pts',(16.0495303963813,19.3422282328633,6.4652179454604));
#1335=CARTESIAN_POINT('Ctrl Pts',(19.5040452237066,16.4756400685074,6.40834837284773));
#1336=CARTESIAN_POINT('Ctrl Pts',(22.1722607268321,12.6606898201319,6.35147880023507));
#1337=CARTESIAN_POINT('Ctrl Pts',(23.677671808309,8.43323717180139,6.2946092276224));
#1338=CARTESIAN_POINT('Ctrl Pts',(25.1830828897859,4.20578452347088,6.23773965500973));
#1339=CARTESIAN_POINT('Ctrl Pts',(25.5256895496143,-0.434170524814678,6.18087008239707));
#1340=CARTESIAN_POINT('Ctrl Pts',(24.6629021954455,-4.8406030731333,6.1240005097844));
#1341=CARTESIAN_POINT('Ctrl Pts',(24.4472053569033,-5.94221121021295,6.10978311663124));
#1342=CARTESIAN_POINT('Ctrl Pts',(24.1561713924862,-7.02922419104471,6.09556572347807));
#1343=CARTESIAN_POINT('Ctrl Pts',(23.7937220150354,-8.09168151261262,6.0813483303249));
#1344=CARTESIAN_POINT('Ctrl Pts',(22.706373882683,-11.2790534773164,6.0386961508654));
#1345=CARTESIAN_POINT('Ctrl Pts',(20.9762870330264,-14.245424508646,5.9960439714059));
#1346=CARTESIAN_POINT('Ctrl Pts',(18.7321785087802,-16.7558303093702,5.9533917919464));
#1347=CARTESIAN_POINT('Ctrl Pts',(17.2361061592827,-18.4294341765197,5.92495700564007));
#1348=CARTESIAN_POINT('Ctrl Pts',(15.5115797321899,-19.9003868300668,5.89652221933373));
#1349=CARTESIAN_POINT('Ctrl Pts',(13.6247126972463,-21.1169900529987,5.8680874330274));
#1350=CARTESIAN_POINT('Ctrl Pts',(11.7378456623028,-22.3335932759305,5.83965264672107));
#1351=CARTESIAN_POINT('Ctrl Pts',(9.68863801950855,-23.295847068247,5.81121786041474));
#1352=CARTESIAN_POINT('Ctrl Pts',(7.54759033020705,-23.9710281208626,5.7827830741084));
#1353=CARTESIAN_POINT('Ctrl Pts',(6.47706648555632,-24.3086186471704,5.76856568095524));
#1354=CARTESIAN_POINT('Ctrl Pts',(5.38358262927872,-24.5744409885529,5.75434828780207));
#1355=CARTESIAN_POINT('Ctrl Pts',(4.27733052022335,-24.7652640946518,5.7401308946489));
#1356=CARTESIAN_POINT('Ctrl Pts',(0.958574193057201,-25.3377334129484,5.6974787151894));
#1357=CARTESIAN_POINT('Ctrl Pts',(-2.47509640910925,-25.2352096136923,5.6548265357299));
#1358=CARTESIAN_POINT('Ctrl Pts',(-5.75275126437893,-24.4649183437927,5.6121743562704));
#1359=CARTESIAN_POINT('Ctrl Pts',(-8.66622224684091,-23.7802149927708,5.57426130786196));
#1360=CARTESIAN_POINT('Ctrl Pts',(-11.4564215280511,-22.5678928995122,5.53634825945351));
#1361=CARTESIAN_POINT('Ctrl Pts',(-13.9464517362873,-20.906686522252,5.49843521104507));
#1362=CARTESIAN_POINT('Ctrl Pts',(-16.4364819445234,-19.2454801449918,5.46052216263662));
#1363=CARTESIAN_POINT('Ctrl Pts',(-18.6263430797857,-17.1353894837299,5.42260911422818));
#1364=CARTESIAN_POINT('Ctrl Pts',(-20.3779969699191,-14.7085673970361,5.38469606581973));
#1365=CARTESIAN_POINT('Ctrl Pts',(-22.1296508600525,-12.2817453103423,5.34678301741129));
#1366=CARTESIAN_POINT('Ctrl Pts',(-23.443097505057,-9.53819179821639,5.30886996900285));
#1367=CARTESIAN_POINT('Ctrl Pts',(-24.235378865682,-6.65176975793485,5.27095692059441));
#1368=CARTESIAN_POINT('Ctrl Pts',(-24.8293237655527,-4.4879227524375,5.24253486895989));
#1369=CARTESIAN_POINT('Ctrl Pts',(-25.1303757166671,-2.24378416622636,5.21411281732537));
#1370=CARTESIAN_POINT('Ctrl Pts',(-25.1312313737168,0.00014367906002779,
5.18569076569085));
#1371=CARTESIAN_POINT('Ctrl Pts',(-25.1299896925395,0.00086459295544961,
5.81430923433068));
#1372=CARTESIAN_POINT('Ctrl Pts',(-25.1263287095914,-3.15176502351068,5.85423470552108));
#1373=CARTESIAN_POINT('Ctrl Pts',(-24.5332792246799,-6.3057257718208,5.89416017671147));
#1374=CARTESIAN_POINT('Ctrl Pts',(-23.3754302267203,-9.23621595170314,5.93408564790187));
#1375=CARTESIAN_POINT('Ctrl Pts',(-21.7261979021294,-13.4103864524114,5.99095522051259));
#1376=CARTESIAN_POINT('Ctrl Pts',(-18.9310459928794,-17.1311583664702,6.04782479312332));
#1377=CARTESIAN_POINT('Ctrl Pts',(-15.3810164704427,-19.8781073679411,6.10469436573405));
#1378=CARTESIAN_POINT('Ctrl Pts',(-11.830986948006,-22.6250563694119,6.16156393834477));
#1379=CARTESIAN_POINT('Ctrl Pts',(-7.52607981238276,-24.3981824582949,6.21843351095549));
#1380=CARTESIAN_POINT('Ctrl Pts',(-3.07188872328419,-24.9461255608941,6.27530308356621));
#1381=CARTESIAN_POINT('Ctrl Pts',(1.38230236581442,-25.4940686634933,6.33217265617694));
#1382=CARTESIAN_POINT('Ctrl Pts',(5.98577740838834,-24.8168287798088,6.38904222878766));
#1383=CARTESIAN_POINT('Ctrl Pts',(10.0976251478089,-23.0155619037246,6.44591180139839));
#1384=CARTESIAN_POINT('Ctrl Pts',(12.8388569740892,-21.8147173196684,6.48382484980553));
#1385=CARTESIAN_POINT('Ctrl Pts',(15.3615877767458,-20.1143051834346,6.52173789821268));
#1386=CARTESIAN_POINT('Ctrl Pts',(17.5085998338878,-18.0283630272916,6.55965094661983));
#1387=CARTESIAN_POINT('Ctrl Pts',(19.6556118910299,-15.9424208711484,6.59756399502698));
#1388=CARTESIAN_POINT('Ctrl Pts',(21.4269052026574,-13.4709486950959,6.63547704343413));
#1389=CARTESIAN_POINT('Ctrl Pts',(22.7092086240064,-10.7667260669638,6.67339009184128));
#1390=CARTESIAN_POINT('Ctrl Pts',(23.9915120453554,-8.06250343883173,6.71130314024843));
#1391=CARTESIAN_POINT('Ctrl Pts',(24.7848255764259,-5.12553035862025,6.74921618865558));
#1392=CARTESIAN_POINT('Ctrl Pts',(25.0399873010279,-2.14314995025845,6.78712923706273));
#1393=CARTESIAN_POINT('Ctrl Pts',(25.29514902563,0.839230458103384,6.82504228546988));
#1394=CARTESIAN_POINT('Ctrl Pts',(25.0121589437636,3.86701819461549,6.86295533387703));
#1395=CARTESIAN_POINT('Ctrl Pts',(24.2082639408222,6.75007672338721,6.90086838228418));
#1396=CARTESIAN_POINT('Ctrl Pts',(23.4043689378808,9.63313525215881,6.93878143069133));
#1397=CARTESIAN_POINT('Ctrl Pts',(22.0795690138645,12.3714645731902,6.97669447909848));
#1398=CARTESIAN_POINT('Ctrl Pts',(20.3180368613379,14.7912411386281,7.01460752750562));
#1399=CARTESIAN_POINT('Ctrl Pts',(18.5565047088114,17.2110177040661,7.05252057591277));
#1400=CARTESIAN_POINT('Ctrl Pts',(16.3582403277745,19.3122415139108,7.09043362431992));
#1401=CARTESIAN_POINT('Ctrl Pts',(13.8614696662243,20.9632012149088,7.12834667272707));
#1402=CARTESIAN_POINT('Ctrl Pts',(11.364699004674,22.6141609159067,7.16625972113422));
#1403=CARTESIAN_POINT('Ctrl Pts',(8.56942206261025,23.814856508058,7.20417276954137));
#1404=CARTESIAN_POINT('Ctrl Pts',(5.65323233515084,24.4878794313733,7.24208581794852));
#1405=CARTESIAN_POINT('Ctrl Pts',(2.73704260769139,25.1609023546886,7.27999886635567));
#1406=CARTESIAN_POINT('Ctrl Pts',(-0.300059905163712,25.3062526091679,7.31791191476282));
#1407=CARTESIAN_POINT('Ctrl Pts',(-3.26814645610789,24.917624837055,7.35582496316997));
#1408=CARTESIAN_POINT('Ctrl Pts',(-6.23623300705203,24.5289970649421,7.39373801157712));
#1409=CARTESIAN_POINT('Ctrl Pts',(-9.13530359608523,23.6063912662369,7.43165105998427));
#1410=CARTESIAN_POINT('Ctrl Pts',(-11.7782949971654,22.2024193251141,7.46956410839142));
#1411=CARTESIAN_POINT('Ctrl Pts',(-15.7427820987856,20.0964614134299,7.52643368100214));
#1412=CARTESIAN_POINT('Ctrl Pts',(-19.1310910275113,16.9074296813059,7.58330325361286));
#1413=CARTESIAN_POINT('Ctrl Pts',(-21.4660707967419,13.0749621850851,7.64017282622359));
#1414=CARTESIAN_POINT('Ctrl Pts',(-23.8010505659726,9.24249468886439,7.69704239883431));
#1415=CARTESIAN_POINT('Ctrl Pts',(-25.0827011757081,4.76659142854691,7.75391197144504));
#1416=CARTESIAN_POINT('Ctrl Pts',(-25.1323680142406,0.27816200028062,7.81078154405577));
#1417=CARTESIAN_POINT('Ctrl Pts',(-25.1333949794699,0.185354382704831,7.81195744079892));
#1418=CARTESIAN_POINT('Ctrl Pts',(-25.1338952203039,0.0925414096703409,
7.81313333754207));
#1419=CARTESIAN_POINT('Ctrl Pts',(-25.133870195774,-0.000271352997964763,
7.81430923428522));
#1420=CARTESIAN_POINT('Origin',(0.,0.,20.4166448217607));
#1421=CARTESIAN_POINT('',(-25.1308197328301,-0.000862193662248261,9.814309234267));
#1422=CARTESIAN_POINT('',(-25.1347108680091,-0.00051415563786443,9.18569076572907));
#1423=CARTESIAN_POINT('',(-25.13115,1.90843579231012E-13,20.4166448217607));
#1424=CARTESIAN_POINT('Ctrl Pts',(-25.1347108680091,-0.00051415563786443,
9.18569076572907));
#1425=CARTESIAN_POINT('Ctrl Pts',(-25.1318465388344,4.24338670915035,9.13191008149619));
#1426=CARTESIAN_POINT('Ctrl Pts',(-24.0326976265658,8.48879324837032,9.0781293972633));
#1427=CARTESIAN_POINT('Ctrl Pts',(-21.9736063599066,12.2014142842874,9.02434871303041));
#1428=CARTESIAN_POINT('Ctrl Pts',(-20.5220363774163,14.8186509941703,8.98643566462196));
#1429=CARTESIAN_POINT('Ctrl Pts',(-18.5934097844728,17.1711125900667,8.94852261621352));
#1430=CARTESIAN_POINT('Ctrl Pts',(-16.3162072266485,19.1139857050757,8.91060956780508));
#1431=CARTESIAN_POINT('Ctrl Pts',(-14.0390046688242,21.0568588200846,8.87269651939663));
#1432=CARTESIAN_POINT('Ctrl Pts',(-11.413226146119,22.5901434542061,8.83478347098819));
#1433=CARTESIAN_POINT('Ctrl Pts',(-8.60121427895897,23.6146617954135,8.79687042257974));
#1434=CARTESIAN_POINT('Ctrl Pts',(-5.78920241179891,24.6391801366209,8.75895737417129));
#1435=CARTESIAN_POINT('Ctrl Pts',(-2.7909572001839,25.1549321849142,8.72104432576285));
#1436=CARTESIAN_POINT('Ctrl Pts',(0.202270205685431,25.1307355440528,8.6831312773544));
#1437=CARTESIAN_POINT('Ctrl Pts',(3.19549761155467,25.1065389031913,8.64521822894596));
#1438=CARTESIAN_POINT('Ctrl Pts',(6.18370721167825,24.5423935731751,8.60730518053752));
#1439=CARTESIAN_POINT('Ctrl Pts',(8.97913433175019,23.4730643611285,8.56939213212907));
#1440=CARTESIAN_POINT('Ctrl Pts',(11.7745614518223,22.4037351490819,8.53147908372063));
#1441=CARTESIAN_POINT('Ctrl Pts',(14.3772060918426,20.829222055005,8.49356603531218));
#1442=CARTESIAN_POINT('Ctrl Pts',(16.6221879042433,18.8495181697725,8.45565298690373));
#1443=CARTESIAN_POINT('Ctrl Pts',(18.8671697166439,16.86981428454,8.41773993849529));
#1444=CARTESIAN_POINT('Ctrl Pts',(20.7544887014248,14.4849196081521,8.37982689008685));
#1445=CARTESIAN_POINT('Ctrl Pts',(22.1651615255274,11.8451638027289,8.34191384167841));
#1446=CARTESIAN_POINT('Ctrl Pts',(23.57583434963,9.20540799730556,8.30400079326996));
#1447=CARTESIAN_POINT('Ctrl Pts',(24.5098610130543,6.31079106284689,8.26608774486152));
#1448=CARTESIAN_POINT('Ctrl Pts',(24.9081894477659,3.34429141844299,8.22817469645308));
#1449=CARTESIAN_POINT('Ctrl Pts',(25.3065178824776,0.377791774039184,8.19026164804463));
#1450=CARTESIAN_POINT('Ctrl Pts',(25.1691480884767,-2.66059058030985,8.15234859963618));
#1451=CARTESIAN_POINT('Ctrl Pts',(24.5046862442352,-5.57897858296699,8.11443555122774));
#1452=CARTESIAN_POINT('Ctrl Pts',(23.8402243999936,-8.49736658562423,8.07652250281929));
#1453=CARTESIAN_POINT('Ctrl Pts',(22.6486705055114,-11.2957602365896,8.03860945441085));
#1454=CARTESIAN_POINT('Ctrl Pts',(21.0054469845148,-13.7974804868891,8.0006964060024));
#1455=CARTESIAN_POINT('Ctrl Pts',(19.3622234635182,-16.2992007371886,7.96278335759396));
#1456=CARTESIAN_POINT('Ctrl Pts',(17.2673303160073,-18.5042475868223,7.92487030918552));
#1457=CARTESIAN_POINT('Ctrl Pts',(14.8528988321371,-20.273154085069,7.88695726077707));
#1458=CARTESIAN_POINT('Ctrl Pts',(12.4384673482669,-22.0420605833157,7.84904421236863));
#1459=CARTESIAN_POINT('Ctrl Pts',(9.70449752803751,-23.3748267301754,7.81113116396018));
#1460=CARTESIAN_POINT('Ctrl Pts',(6.82382243438773,-24.1875015217049,7.77321811555173));
#1461=CARTESIAN_POINT('Ctrl Pts',(3.94314734073795,-25.0001763132344,7.73530506714329));
#1462=CARTESIAN_POINT('Ctrl Pts',(0.915766973667806,-25.2927597494337,7.69739201873485));
#1463=CARTESIAN_POINT('Ctrl Pts',(-2.06718554186545,-25.0465912661974,7.65947897032641));
#1464=CARTESIAN_POINT('Ctrl Pts',(-5.05013805739875,-24.8004227829611,7.62156592191796));
#1465=CARTESIAN_POINT('Ctrl Pts',(-7.98866272139519,-24.0155023802893,7.58365287350951));
#1466=CARTESIAN_POINT('Ctrl Pts',(-10.6970866648696,-22.7415212131039,7.54573982510107));
#1467=CARTESIAN_POINT('Ctrl Pts',(-13.405510608344,-21.4675400459185,7.50782677669262));
#1468=CARTESIAN_POINT('Ctrl Pts',(-15.8838338312964,-19.7044981142196,7.46991372828418));
#1469=CARTESIAN_POINT('Ctrl Pts',(-17.975584581143,-17.5636368773717,7.43200067987574));
#1470=CARTESIAN_POINT('Ctrl Pts',(-20.0673353309896,-15.4227756405238,7.39408763146729));
#1471=CARTESIAN_POINT('Ctrl Pts',(-21.7725136077304,-12.9040950985269,7.35617458305885));
#1472=CARTESIAN_POINT('Ctrl Pts',(-22.9833679238834,-10.1668730430289,7.31826153465041));
#1473=CARTESIAN_POINT('Ctrl Pts',(-24.1942222400364,-7.42965098753069,7.28034848624196));
#1474=CARTESIAN_POINT('Ctrl Pts',(-24.9107525956015,-4.47388741853127,7.24243543783351));
#1475=CARTESIAN_POINT('Ctrl Pts',(-25.0878088835106,-1.48602138496206,7.20452238942507));
#1476=CARTESIAN_POINT('Ctrl Pts',(-25.1171238337937,-0.991324781633427,
7.19824518152526));
#1477=CARTESIAN_POINT('Ctrl Pts',(-25.1316502138639,-0.495748155371796,
7.19196797362545));
#1478=CARTESIAN_POINT('Ctrl Pts',(-25.1314893319376,-0.00015899081928971,
7.18569076572564));
#1479=CARTESIAN_POINT('Ctrl Pts',(-25.133870195774,-0.000271352997964763,
7.81430923428522));
#1480=CARTESIAN_POINT('Ctrl Pts',(-25.1326849658033,-4.39613684929831,7.87000291015279));
#1481=CARTESIAN_POINT('Ctrl Pts',(-23.9532098352256,-8.79153044625939,7.92569658602036));
#1482=CARTESIAN_POINT('Ctrl Pts',(-21.7504601299894,-12.595108915159,7.98139026188793));
#1483=CARTESIAN_POINT('Ctrl Pts',(-19.5012023398762,-16.4789948061172,8.03825983449865));
#1484=CARTESIAN_POINT('Ctrl Pts',(-16.1850036923204,-19.7458109918185,8.09512940710938));
#1485=CARTESIAN_POINT('Ctrl Pts',(-12.267620433003,-21.9367823805229,8.15199897972011));
#1486=CARTESIAN_POINT('Ctrl Pts',(-8.35023717368553,-24.1277537692273,8.20886855233083));
#1487=CARTESIAN_POINT('Ctrl Pts',(-3.83166930260656,-25.2428803609349,8.26573812494155));
#1488=CARTESIAN_POINT('Ctrl Pts',(0.65508393745097,-25.1257861928444,8.32260769755228));
#1489=CARTESIAN_POINT('Ctrl Pts',(5.14183717750848,-25.0086920247539,8.379477270163));
#1490=CARTESIAN_POINT('Ctrl Pts',(9.59677578654459,-23.6593770968654,8.43634684277373));
#1491=CARTESIAN_POINT('Ctrl Pts',(13.3946467886107,-21.2674023270821,8.49321641538445));
#1492=CARTESIAN_POINT('Ctrl Pts',(17.1925177906769,-18.8754275572987,8.55008598799518));
#1493=CARTESIAN_POINT('Ctrl Pts',(20.3333211857731,-15.4407929456205,8.60695556060589));
#1494=CARTESIAN_POINT('Ctrl Pts',(22.3771104836081,-11.4447402386556,8.66382513321662));
#1495=CARTESIAN_POINT('Ctrl Pts',(24.4208997814431,-7.44868753169073,8.72069470582734));
#1496=CARTESIAN_POINT('Ctrl Pts',(25.3676749820168,-2.89121672943922,8.77756427843807));
#1497=CARTESIAN_POINT('Ctrl Pts',(25.0841620235239,1.58810337492038,8.8344338510488));
#1498=CARTESIAN_POINT('Ctrl Pts',(24.800649065031,6.06742347927998,8.89130342365952));
#1499=CARTESIAN_POINT('Ctrl Pts',(23.2868479474715,10.4685928857476,8.94817299627024));
#1500=CARTESIAN_POINT('Ctrl Pts',(20.7553583449728,14.1749757872076,9.00504256888096));
#1501=CARTESIAN_POINT('Ctrl Pts',(18.2238687424741,17.8813586886676,9.06191214149168));
#1502=CARTESIAN_POINT('Ctrl Pts',(14.6746906550362,20.89295508512,9.11878171410242));
#1503=CARTESIAN_POINT('Ctrl Pts',(10.6055134963947,22.7869393273569,9.17565128671314));
#1504=CARTESIAN_POINT('Ctrl Pts',(6.53633633775308,24.6809235695938,9.23252085932387));
#1505=CARTESIAN_POINT('Ctrl Pts',(1.94716010790788,25.4572956576151,9.28939043193459));
#1506=CARTESIAN_POINT('Ctrl Pts',(-2.5185952805682,25.0075039960766,9.34626000454531));
#1507=CARTESIAN_POINT('Ctrl Pts',(-6.98435066904424,24.557712334538,9.40312957715603));
#1508=CARTESIAN_POINT('Ctrl Pts',(-11.3266852161511,22.8817569234396,9.45999914976676));
#1509=CARTESIAN_POINT('Ctrl Pts',(-14.9364852621252,20.2144620580806,9.51686872237748));
#1510=CARTESIAN_POINT('Ctrl Pts',(-18.5462853080993,17.5471671927217,9.57373829498821));
#1511=CARTESIAN_POINT('Ctrl Pts',(-21.4235508529406,13.8885328731023,9.63060786759892));
#1512=CARTESIAN_POINT('Ctrl Pts',(-23.165045234942,9.75181635416318,9.68747744020965));
#1513=CARTESIAN_POINT('Ctrl Pts',(-24.4596851549682,6.67655042244319,9.72975470489543));
#1514=CARTESIAN_POINT('Ctrl Pts',(-25.1266358539666,3.3370701374304,9.77203196958122));
#1515=CARTESIAN_POINT('Ctrl Pts',(-25.1308197328301,-0.000862193662248261,
9.814309234267));
#1516=CARTESIAN_POINT('Origin',(0.,0.,20.4166448217607));
#1517=CARTESIAN_POINT('',(-25.1282217237349,7.38970044622584E-5,11.8143092342905));
#1518=CARTESIAN_POINT('',(-25.1313426232885,-0.000663085217330966,11.1856907656933));
#1519=CARTESIAN_POINT('',(-25.13115,1.90843579231012E-13,20.4166448217607));
#1520=CARTESIAN_POINT('Ctrl Pts',(-25.1313426232885,-0.000663085217330966,
11.1856907656933));
#1521=CARTESIAN_POINT('Ctrl Pts',(-25.1313460938037,0.00718674853276559,
11.1855913345661));
#1522=CARTESIAN_POINT('Ctrl Pts',(-25.1313458571147,0.0150365968392264,
11.1854919034389));
#1523=CARTESIAN_POINT('Ctrl Pts',(-25.1313419126174,0.0228864563765308,
11.1853924723118));
#1524=CARTESIAN_POINT('Ctrl Pts',(-25.1298378773829,3.0160347093722,11.1474794239033));
#1525=CARTESIAN_POINT('Ctrl Pts',(-24.5892578800188,6.01081580685588,11.1095663754949));
#1526=CARTESIAN_POINT('Ctrl Pts',(-23.5381883662906,8.81325277632238,11.0716533270864));
#1527=CARTESIAN_POINT('Ctrl Pts',(-21.9615840956982,13.0169082305221,11.0147837544738));
#1528=CARTESIAN_POINT('Ctrl Pts',(-19.2363784132866,16.7877893966832,10.9579141818611));
#1529=CARTESIAN_POINT('Ctrl Pts',(-15.7372987236365,19.5979285075529,10.9010446092484));
#1530=CARTESIAN_POINT('Ctrl Pts',(-12.2382190339865,22.4080676184227,10.8441750366357));
#1531=CARTESIAN_POINT('Ctrl Pts',(-7.96526533709802,24.2574646740012,10.7873054640231));
#1532=CARTESIAN_POINT('Ctrl Pts',(-3.52087902854936,24.8863695017462,10.7304358914104));
#1533=CARTESIAN_POINT('Ctrl Pts',(0.923507279999338,25.5152743294913,10.6735663187978));
#1534=CARTESIAN_POINT('Ctrl Pts',(5.53932620020818,24.9236869294028,10.6166967461851));
#1535=CARTESIAN_POINT('Ctrl Pts',(9.68109036205126,23.1946629146421,10.5598271735724));
#1536=CARTESIAN_POINT('Ctrl Pts',(13.8228545238943,21.4656388998814,10.5029576009597));
#1537=CARTESIAN_POINT('Ctrl Pts',(17.4905639273716,18.5991782704485,10.4460880283471));
#1538=CARTESIAN_POINT('Ctrl Pts',(20.1689903098545,14.9976993193291,10.3892184557344));
#1539=CARTESIAN_POINT('Ctrl Pts',(22.8474166923373,11.3962203682098,10.3323488831217));
#1540=CARTESIAN_POINT('Ctrl Pts',(24.5365600538256,7.05972309540394,10.2754793105091));
#1541=CARTESIAN_POINT('Ctrl Pts',(24.9998808413228,2.59514879992093,10.2186097378964));
#1542=CARTESIAN_POINT('Ctrl Pts',(25.46320162882,-1.86942549556209,10.1617401652837));
#1543=CARTESIAN_POINT('Ctrl Pts',(24.7006998423259,-6.46207681372231,10.1048705926711));
#1544=CARTESIAN_POINT('Ctrl Pts',(22.8191672178883,-10.5366062942027,10.0480010200584));
#1545=CARTESIAN_POINT('Ctrl Pts',(20.9376345934507,-14.6111357746832,9.99113144744575));
#1546=CARTESIAN_POINT('Ctrl Pts',(17.9370711310695,-18.1675434174838,9.93426187483307));
#1547=CARTESIAN_POINT('Ctrl Pts',(14.2383565580633,-20.7120242294099,9.8773923022204));
#1548=CARTESIAN_POINT('Ctrl Pts',(12.3889992715603,-21.9842646353729,9.84895751591407));
#1549=CARTESIAN_POINT('Ctrl Pts',(10.365104207401,-23.0035233336173,9.82052272960775));
#1550=CARTESIAN_POINT('Ctrl Pts',(8.24393771339439,-23.7393481537628,9.79208794330141));
#1551=CARTESIAN_POINT('Ctrl Pts',(6.12277121938781,-24.4751729739083,9.76365315699508));
#1552=CARTESIAN_POINT('Ctrl Pts',(3.90433329553393,-24.9275639159549,9.73521837068874));
#1553=CARTESIAN_POINT('Ctrl Pts',(1.66466263416363,-25.0765349265771,9.70678358438241));
#1554=CARTESIAN_POINT('Ctrl Pts',(-1.32156491433009,-25.2751629407399,9.66887053597396));
#1555=CARTESIAN_POINT('Ctrl Pts',(-4.34553955174185,-24.9343777434815,9.63095748756552));
#1556=CARTESIAN_POINT('Ctrl Pts',(-7.2126355411242,-24.0751107499248,9.59304443915708));
#1557=CARTESIAN_POINT('Ctrl Pts',(-10.0797315305066,-23.2158437563682,9.55513139074863));
#1558=CARTESIAN_POINT('Ctrl Pts',(-12.7899488718595,-21.8380949665132,9.51721834234019));
#1559=CARTESIAN_POINT('Ctrl Pts',(-15.1762326730864,-20.0310644811487,9.47930529393174));
#1560=CARTESIAN_POINT('Ctrl Pts',(-17.5625164743132,-18.2240339957842,9.44139224552329));
#1561=CARTESIAN_POINT('Ctrl Pts',(-19.6248667354138,-15.9877218149101,9.40347919711485));
#1562=CARTESIAN_POINT('Ctrl Pts',(-21.2263293327752,-13.4593730443382,9.36556614870641));
#1563=CARTESIAN_POINT('Ctrl Pts',(-23.6285232288173,-9.66684988848038,9.30869657609374));
#1564=CARTESIAN_POINT('Ctrl Pts',(-24.9937198814459,-5.21724440580262,9.25182700348108));
#1565=CARTESIAN_POINT('Ctrl Pts',(-25.1243294076521,-0.731642128816784,
9.19495743086841));
#1566=CARTESIAN_POINT('Ctrl Pts',(-25.1314235043589,-0.488005257408221,
9.19186854248863));
#1567=CARTESIAN_POINT('Ctrl Pts',(-25.1348753804773,-0.244262189958381,
9.18877965410885));
#1568=CARTESIAN_POINT('Ctrl Pts',(-25.1347108680091,-0.00051415563786443,
9.18569076572907));
#1569=CARTESIAN_POINT('Ctrl Pts',(-25.1308197328301,-0.000862193662248261,
9.814309234267));
#1570=CARTESIAN_POINT('Ctrl Pts',(-25.1322638293001,-1.15297401475421,9.82890154219194));
#1571=CARTESIAN_POINT('Ctrl Pts',(-25.05475013879,-2.30490142254692,9.84349385011688));
#1572=CARTESIAN_POINT('Ctrl Pts',(-24.896836276377,-3.44571631606775,9.85808615804183));
#1573=CARTESIAN_POINT('Ctrl Pts',(-24.2814097166493,-7.89173374910083,9.91495573065255));
#1574=CARTESIAN_POINT('Ctrl Pts',(-22.4448333780325,-12.1689698969082,9.97182530326327));
#1575=CARTESIAN_POINT('Ctrl Pts',(-19.6454763114519,-15.6771140867407,10.028694875874));
#1576=CARTESIAN_POINT('Ctrl Pts',(-16.8461192448713,-19.1852582765731,10.0855644484847));
#1577=CARTESIAN_POINT('Ctrl Pts',(-13.083981450327,-21.9243105084307,10.1424340210954));
#1578=CARTESIAN_POINT('Ctrl Pts',(-8.88504609276112,-23.511119159113,10.1993035937062));
#1579=CARTESIAN_POINT('Ctrl Pts',(-4.68611073519522,-25.0979278097954,10.2561731663169));
#1580=CARTESIAN_POINT('Ctrl Pts',(-0.0503778146077277,-25.5324928793025,
10.3130427389276));
#1581=CARTESIAN_POINT('Ctrl Pts',(4.3688225074019,-24.7519516256509,10.3699123115384));
#1582=CARTESIAN_POINT('Ctrl Pts',(8.78802282941153,-23.9714103719994,10.4267818841491));
#1583=CARTESIAN_POINT('Ctrl Pts',(12.9906905528433,-21.9757627951891,10.4836514567598));
#1584=CARTESIAN_POINT('Ctrl Pts',(16.3951791253493,-19.049178430935,10.5405210293705));
#1585=CARTESIAN_POINT('Ctrl Pts',(18.6648381736866,-17.0981221880989,10.5784340777777));
#1586=CARTESIAN_POINT('Ctrl Pts',(20.5797509327235,-14.7333162619544,10.6163471261848));
#1587=CARTESIAN_POINT('Ctrl Pts',(22.0212399516049,-12.1101153924914,10.654260174592));
#1588=CARTESIAN_POINT('Ctrl Pts',(23.4627289704864,-9.48691452302845,10.6921732229991));
#1589=CARTESIAN_POINT('Ctrl Pts',(24.4307942492123,-6.60531871024697,10.7300862714063));
#1590=CARTESIAN_POINT('Ctrl Pts',(24.8656783857726,-3.64388842433605,10.7679993198134));
#1591=CARTESIAN_POINT('Ctrl Pts',(25.3005625223329,-0.682458138425074,10.8059123682206));
#1592=CARTESIAN_POINT('Ctrl Pts',(25.2022655167275,2.35880662061538,10.8438254166277));
#1593=CARTESIAN_POINT('Ctrl Pts',(24.5712535572351,5.28448734741842,10.8817384650349));
#1594=CARTESIAN_POINT('Ctrl Pts',(23.6247356179965,9.67300843762297,10.9386080376456));
#1595=CARTESIAN_POINT('Ctrl Pts',(21.4796090325122,13.8014654552933,10.9954776102563));
#1596=CARTESIAN_POINT('Ctrl Pts',(18.428337483612,17.0921043126334,11.052347182867));
#1597=CARTESIAN_POINT('Ctrl Pts',(15.3770659347119,20.3827431699733,11.1092167554778));
#1598=CARTESIAN_POINT('Ctrl Pts',(11.419649422396,22.835563866983,11.1660863280885));
#1599=CARTESIAN_POINT('Ctrl Pts',(7.11439972963387,24.1060708051258,11.2229559006992));
#1600=CARTESIAN_POINT('Ctrl Pts',(2.80915003687164,25.3765777432685,11.2798254733099));
#1601=CARTESIAN_POINT('Ctrl Pts',(-1.84393283633683,25.4647709225443,11.3366950459206));
#1602=CARTESIAN_POINT('Ctrl Pts',(-6.1937441043671,24.3587926870164,11.3935646185314));
#1603=CARTESIAN_POINT('Ctrl Pts',(-10.5435553723973,23.2528144514884,11.4504341911421));
#1604=CARTESIAN_POINT('Ctrl Pts',(-14.5900950352493,20.9526648011567,11.5073037637528));
#1605=CARTESIAN_POINT('Ctrl Pts',(-17.7651826505557,17.7803202052236,11.5641733363636));
#1606=CARTESIAN_POINT('Ctrl Pts',(-20.9402702658621,14.6079756092905,11.6210429089743));
#1607=CARTESIAN_POINT('Ctrl Pts',(-23.243905833623,10.563436067756,11.677912481585));
#1608=CARTESIAN_POINT('Ctrl Pts',(-24.3535748976426,6.21434430615109,11.7347820541957));
#1609=CARTESIAN_POINT('Ctrl Pts',(-24.8708336439792,4.18706804401815,11.7612911142273));
#1610=CARTESIAN_POINT('Ctrl Pts',(-25.1286619866553,2.0936173078602,11.7878001742589));
#1611=CARTESIAN_POINT('Ctrl Pts',(-25.1282217237349,7.38970044622584E-5,
11.8143092342905));
#1612=CARTESIAN_POINT('Origin',(0.,0.,20.4166448217607));
#1613=CARTESIAN_POINT('',(-25.1319172907668,0.000901469412206706,13.8143092343187));
#1614=CARTESIAN_POINT('',(-25.1296449052104,0.000625135277780353,13.1856907656479));
#1615=CARTESIAN_POINT('',(-25.13115,1.90843579231012E-13,20.4166448217607));
#1616=CARTESIAN_POINT('Ctrl Pts',(-25.1296449052104,0.000625135277780353,
13.1856907656479));
#1617=CARTESIAN_POINT('Ctrl Pts',(-25.1306672779858,1.75730969677118,13.1634464908127));
#1618=CARTESIAN_POINT('Ctrl Pts',(-24.949252536742,3.51370685774461,13.1412022159776));
#1619=CARTESIAN_POINT('Ctrl Pts',(-24.5836299467936,5.23085623752824,13.1189579411424));
#1620=CARTESIAN_POINT('Ctrl Pts',(-23.6488815415521,9.62090950130651,13.0620883685297));
#1621=CARTESIAN_POINT('Ctrl Pts',(-21.5101190860982,13.7544325448769,13.0052187959171));
#1622=CARTESIAN_POINT('Ctrl Pts',(-18.4652272217464,17.0518866323167,12.9483492233044));
#1623=CARTESIAN_POINT('Ctrl Pts',(-15.4203353573946,20.3493407197566,12.8914796506918));
#1624=CARTESIAN_POINT('Ctrl Pts',(-11.4693140841448,22.810725851066,12.8346100780791));
#1625=CARTESIAN_POINT('Ctrl Pts',(-7.1672386280936,24.0906448637943,12.7777405054664));
#1626=CARTESIAN_POINT('Ctrl Pts',(-2.86516317204244,25.3705638765226,12.7208709328537));
#1627=CARTESIAN_POINT('Ctrl Pts',(1.78796646681006,25.4690167706699,12.6640013602411));
#1628=CARTESIAN_POINT('Ctrl Pts',(6.14022258953994,24.3724229239057,12.6071317876284));
#1629=CARTESIAN_POINT('Ctrl Pts',(10.4924787122698,23.2758290771416,12.5502622150157));
#1630=CARTESIAN_POINT('Ctrl Pts',(14.5438613188771,20.984188489466,12.4933926424031));
#1631=CARTESIAN_POINT('Ctrl Pts',(17.725949330316,17.8188355425325,12.4365230697904));
#1632=CARTESIAN_POINT('Ctrl Pts',(20.9080373417549,14.653482595599,12.3796534971777));
#1633=CARTESIAN_POINT('Ctrl Pts',(23.2208307580255,10.6144172894076,12.3227839245651));
#1634=CARTESIAN_POINT('Ctrl Pts',(24.3401224182923,6.26785724008179,12.2659143519524));
#1635=CARTESIAN_POINT('Ctrl Pts',(25.4594140785591,1.92129719075592,12.2090447793397));
#1636=CARTESIAN_POINT('Ctrl Pts',(25.3852039828221,-2.73275760170444,12.1521752067271));
#1637=CARTESIAN_POINT('Ctrl Pts',(24.1277301386892,-7.04140788326665,12.0953056341144));
#1638=CARTESIAN_POINT('Ctrl Pts',(22.8702562945563,-11.3500581648288,12.0384360615018));
#1639=CARTESIAN_POINT('Ctrl Pts',(20.4295187020275,-15.3133039354929,11.9815664888891));
#1640=CARTESIAN_POINT('Ctrl Pts',(17.148275964102,-18.3755098671921,11.9246969162764));
#1641=CARTESIAN_POINT('Ctrl Pts',(13.8670332261765,-21.4377157988914,11.8678273436637));
#1642=CARTESIAN_POINT('Ctrl Pts',(9.74528534285433,-23.5988818916259,11.8109577710511));
#1643=CARTESIAN_POINT('Ctrl Pts',(5.35979157134695,-24.5560457731933,11.7540881984384));
#1644=CARTESIAN_POINT('Ctrl Pts',(0.974297799839565,-25.5132096547606,11.6972186258258));
#1645=CARTESIAN_POINT('Ctrl Pts',(-3.67494185985307,-25.2663713251607,11.6403490532131));
#1646=CARTESIAN_POINT('Ctrl Pts',(-7.93323970751118,-23.84960203647,11.5834794806004));
#1647=CARTESIAN_POINT('Ctrl Pts',(-12.1915375551693,-22.4328327477794,11.5266099079877));
#1648=CARTESIAN_POINT('Ctrl Pts',(-16.0588935907929,-19.8461324999979,11.4697403353751));
#1649=CARTESIAN_POINT('Ctrl Pts',(-18.9996971569187,-16.4538707582972,11.4128707627624));
#1650=CARTESIAN_POINT('Ctrl Pts',(-20.9602328676693,-14.1923629304968,11.374957714354));
#1651=CARTESIAN_POINT('Ctrl Pts',(-22.5089674808654,-11.5728277720655,11.3370446659455));
#1652=CARTESIAN_POINT('Ctrl Pts',(-23.552120750911,-8.7673024885961,11.2991316175371));
#1653=CARTESIAN_POINT('Ctrl Pts',(-24.5925382371085,-5.96913500285073,11.2613180002558));
#1654=CARTESIAN_POINT('Ctrl Pts',(-25.1300227877599,-2.98595167181101,11.2235043829746));
#1655=CARTESIAN_POINT('Ctrl Pts',(-25.1313426232885,-0.000663085217330966,
11.1856907656933));
#1656=CARTESIAN_POINT('Ctrl Pts',(-25.1282217237349,7.38970044622588E-5,
11.8143092342905));
#1657=CARTESIAN_POINT('Ctrl Pts',(-25.1277174958249,-2.39763658327721,11.8446697468697));
#1658=CARTESIAN_POINT('Ctrl Pts',(-24.7884462200514,-4.79546862356692,11.8750302594488));
#1659=CARTESIAN_POINT('Ctrl Pts',(-24.112153215995,-7.09415036080828,11.9053907720279));
#1660=CARTESIAN_POINT('Ctrl Pts',(-22.8453599100492,-11.3999092844873,11.9622603446386));
#1661=CARTESIAN_POINT('Ctrl Pts',(-20.396070737879,-15.3577831501702,12.0191299172493));
#1662=CARTESIAN_POINT('Ctrl Pts',(-17.1078949445402,-18.4129529444534,12.0759994898601));
#1663=CARTESIAN_POINT('Ctrl Pts',(-13.8197191512014,-21.4681227387366,12.1328690624708));
#1664=CARTESIAN_POINT('Ctrl Pts',(-9.69265673669373,-23.6205884616202,12.1897386350815));
#1665=CARTESIAN_POINT('Ctrl Pts',(-5.30554430440539,-24.5680387280239,12.2466082076922));
#1666=CARTESIAN_POINT('Ctrl Pts',(-0.918431872117005,-25.5154889944277,
12.303477780303));
#1667=CARTESIAN_POINT('Ctrl Pts',(3.72873057795202,-25.2579238043517,12.3603473529137));
#1668=CARTESIAN_POINT('Ctrl Pts',(7.98457954166444,-23.8319387983322,12.4172169255244));
#1669=CARTESIAN_POINT('Ctrl Pts',(12.2404285053767,-22.4059537923128,12.4740864981351));
#1670=CARTESIAN_POINT('Ctrl Pts',(16.1049639827323,-19.8115489703499,12.5309560707459));
#1671=CARTESIAN_POINT('Ctrl Pts',(19.0358127834417,-16.4121678820722,12.5878256433566));
#1672=CARTESIAN_POINT('Ctrl Pts',(21.9666615841512,-13.0127867937943,12.6446952159673));
#1673=CARTESIAN_POINT('Ctrl Pts',(23.9638237082145,-8.80842943920155,12.701564788578));
#1674=CARTESIAN_POINT('Ctrl Pts',(24.747737144091,-4.38902178180496,12.7584343611888));
#1675=CARTESIAN_POINT('Ctrl Pts',(25.5316505799675,0.0303858755916248,12.8153039337995));
#1676=CARTESIAN_POINT('Ctrl Pts',(25.1023153276573,4.664843835792,12.8721735064102));
#1677=CARTESIAN_POINT('Ctrl Pts',(23.5192821795412,8.86466728116838,12.9290430790209));
#1678=CARTESIAN_POINT('Ctrl Pts',(21.9362490314252,13.0644907265448,12.9859126516316));
#1679=CARTESIAN_POINT('Ctrl Pts',(19.1995179875032,16.8296796570971,13.0427822242424));
#1680=CARTESIAN_POINT('Ctrl Pts',(15.6936125738953,19.6322457023228,13.0996517968531));
#1681=CARTESIAN_POINT('Ctrl Pts',(12.1877071602873,22.4348117475485,13.1565213694638));
#1682=CARTESIAN_POINT('Ctrl Pts',(7.91262737699332,24.2747549074475,13.2133909420745));
#1683=CARTESIAN_POINT('Ctrl Pts',(3.46716803101019,24.8938361924847,13.2702605146853));
#1684=CARTESIAN_POINT('Ctrl Pts',(-0.97829131497294,25.5129174775219,13.327130087296));
#1685=CARTESIAN_POINT('Ctrl Pts',(-5.59413022364519,24.9111368876973,13.3839996599067));
#1686=CARTESIAN_POINT('Ctrl Pts',(-9.73224462300483,23.1733161802054,13.4408692325174));
#1687=CARTESIAN_POINT('Ctrl Pts',(-13.8703590223644,21.4354954727136,13.4977388051282));
#1688=CARTESIAN_POINT('Ctrl Pts',(-17.5307489124115,18.5616346475545,13.5546083777389));
#1689=CARTESIAN_POINT('Ctrl Pts',(-20.2013792983471,14.9539018858471,13.6114779503496));
#1690=CARTESIAN_POINT('Ctrl Pts',(-22.8720096842827,11.3461691241396,13.6683475229603));
#1691=CARTESIAN_POINT('Ctrl Pts',(-24.5528805661069,7.00456442588391,13.7252170955711));
#1692=CARTESIAN_POINT('Ctrl Pts',(-25.0058780564311,2.53963908689457,13.7820866681818));
#1693=CARTESIAN_POINT('Ctrl Pts',(-25.0914348895009,1.69635655209885,13.7928275235608));
#1694=CARTESIAN_POINT('Ctrl Pts',(-25.1331919962013,0.848675021154773,13.8035683789397));
#1695=CARTESIAN_POINT('Ctrl Pts',(-25.1319172907668,0.000901469412206706,
13.8143092343187));
#1696=CARTESIAN_POINT('Origin',(0.,0.,20.4166448217607));
#1697=CARTESIAN_POINT('',(-25.1303612329482,-0.000184292857063888,15.8143092343471));
#1698=CARTESIAN_POINT('',(-25.130302858997,-2.37082719588341E-5,15.1856907656297));
#1699=CARTESIAN_POINT('',(-25.13115,1.90843579231012E-13,20.4166448217607));
#1700=CARTESIAN_POINT('',(-20.9748085560341,-13.8431248770002,16.));
#1701=CARTESIAN_POINT('Ctrl Pts',(-25.1303612329482,-0.000184292857063889,
15.8143092343471));
#1702=CARTESIAN_POINT('Ctrl Pts',(-25.1305831529526,-1.51976759073869,15.8335539767733));
#1703=CARTESIAN_POINT('Ctrl Pts',(-24.9939045959922,-3.03928011640628,15.8527987191996));
#1704=CARTESIAN_POINT('Ctrl Pts',(-24.719796420354,-4.53350374352109,15.8720434616259));
#1705=CARTESIAN_POINT('Ctrl Pts',(-24.1122896614029,-7.84515597988089,15.9146956410839));
#1706=CARTESIAN_POINT('Ctrl Pts',(-22.8297287835915,-11.0325891774794,15.957347820542));
#1707=CARTESIAN_POINT('Ctrl Pts',(-20.9748085560341,-13.8431248770002,16.));
#1708=CARTESIAN_POINT('',(20.9748085560344,-13.8431248769996,16.));
#1709=CARTESIAN_POINT('Origin',(0.,0.,16.));
#1710=CARTESIAN_POINT('Ctrl Pts',(20.9752665100544,-13.8432301168032,15.9999999999946));
#1711=CARTESIAN_POINT('Ctrl Pts',(19.3991269582383,-16.2287953058915,15.9637832019979));
#1712=CARTESIAN_POINT('Ctrl Pts',(17.4141393672201,-18.3450641849135,15.9275664040012));
#1713=CARTESIAN_POINT('Ctrl Pts',(15.131350743134,-20.0664219402014,15.8913496060045));
#1714=CARTESIAN_POINT('Ctrl Pts',(12.4429322343657,-22.0936486403435,15.848697426545));
#1715=CARTESIAN_POINT('Ctrl Pts',(9.34147710941245,-23.5731514035986,15.8060452470855));
#1716=CARTESIAN_POINT('Ctrl Pts',(6.07421021373918,-24.3869560344207,15.763393067626));
#1717=CARTESIAN_POINT('Ctrl Pts',(2.80694331806595,-25.2007606652428,15.7207408881665));
#1718=CARTESIAN_POINT('Ctrl Pts',(-0.62613534832729,-25.3488671636321,15.678088708707));
#1719=CARTESIAN_POINT('Ctrl Pts',(-3.95134530042667,-24.8194763714171,15.6354365292475));
#1720=CARTESIAN_POINT('Ctrl Pts',(-7.2765552525261,-24.2900855792021,15.592784349788));
#1721=CARTESIAN_POINT('Ctrl Pts',(-10.4938964903317,-23.0831974963829,15.5501321703285));
#1722=CARTESIAN_POINT('Ctrl Pts',(-13.3469261822442,-21.2950373873643,15.507479990869));
#1723=CARTESIAN_POINT('Ctrl Pts',(-16.1999558741568,-19.5068772783457,15.4648278114095));
#1724=CARTESIAN_POINT('Ctrl Pts',(-18.6886740201763,-17.1374451431278,15.42217563195));
#1725=CARTESIAN_POINT('Ctrl Pts',(-20.6146410834203,-14.3755668830261,15.3795234524905));
#1726=CARTESIAN_POINT('Ctrl Pts',(-22.5406081466642,-11.6136886229245,15.336871273031));
#1727=CARTESIAN_POINT('Ctrl Pts',(-23.9038241271325,-8.45936423793911,15.2942190935715));
#1728=CARTESIAN_POINT('Ctrl Pts',(-24.5957222659087,-5.16415121820588,15.251566914112));
#1729=CARTESIAN_POINT('Ctrl Pts',(-24.9519337194694,-3.46766938978575,15.2296081979494));
#1730=CARTESIAN_POINT('Ctrl Pts',(-25.1302108935265,-1.73384471695244,15.2076494817869));
#1731=CARTESIAN_POINT('Ctrl Pts',(-25.1303028589876,-2.37082719604716E-5,
15.1856907656243));
#1732=CARTESIAN_POINT('Origin',(0.,-3.5527136788005E-14,16.));
#1733=CARTESIAN_POINT('Ctrl Pts',(-20.9748085560113,-13.8431248769868,16.0000000000152));
#1734=CARTESIAN_POINT('Ctrl Pts',(-21.2108233508478,-13.4678690629585,15.999999999993));
#1735=CARTESIAN_POINT('Ctrl Pts',(-21.4369983972439,-13.0859499697392,15.9999999999496));
#1736=CARTESIAN_POINT('Ctrl Pts',(-21.6531086404482,-12.6977761545128,15.9999999999496));
#1737=CARTESIAN_POINT('Ctrl Pts',(-21.8922415286408,-12.2682494269523,15.9999999999497));
#1738=CARTESIAN_POINT('Ctrl Pts',(-22.1183680296342,-11.8322933365748,15.999999999949));
#1739=CARTESIAN_POINT('Ctrl Pts',(-22.3313628194984,-11.3905519278557,15.9999999999478));
#1740=CARTESIAN_POINT('Ctrl Pts',(-22.5460505528392,-10.9452994321438,15.9999999999466));
#1741=CARTESIAN_POINT('Ctrl Pts',(-22.7473972110468,-10.49416883337,15.9999999999449));
#1742=CARTESIAN_POINT('Ctrl Pts',(-22.9352303173879,-10.0377903114287,15.9999999999431));
#1743=CARTESIAN_POINT('Ctrl Pts',(-23.1237306599167,-9.57979060421795,15.9999999999413));
#1744=CARTESIAN_POINT('Ctrl Pts',(-23.2986214655058,-9.11650514240249,15.9999999999393));
#1745=CARTESIAN_POINT('Ctrl Pts',(-23.4596811026497,-8.6485484844443,15.9999999999374));
#1746=CARTESIAN_POINT('Ctrl Pts',(-23.6202880048468,-8.18190724192092,15.9999999999355));
#1747=CARTESIAN_POINT('Ctrl Pts',(-23.7671415347942,-7.71062053449953,15.9999999999337));
#1748=CARTESIAN_POINT('Ctrl Pts',(-23.8999724870104,-7.23528289022107,15.9999999999322));
#1749=CARTESIAN_POINT('Ctrl Pts',(-24.0313122009766,-6.76528166539162,15.9999999999306));
#1750=CARTESIAN_POINT('Ctrl Pts',(-24.1489424964566,-6.29131947304223,15.9999999999293));
#1751=CARTESIAN_POINT('Ctrl Pts',(-24.2525531873434,-5.81396371404874,15.9999999999284));
#1752=CARTESIAN_POINT('Ctrl Pts',(-24.3475032948847,-5.37650904345478,15.9999999999275));
#1753=CARTESIAN_POINT('Ctrl Pts',(-24.4306791219284,-4.93620407381877,15.9999999999269));
#1754=CARTESIAN_POINT('Ctrl Pts',(-24.5018034772288,-4.49348503203859,15.9999999999267));
#1755=CARTESIAN_POINT('Ctrl Pts',(-24.5347971482938,-4.28811337872785,15.9999999999266));
#1756=CARTESIAN_POINT('Ctrl Pts',(-24.5651969031705,-4.08222225784757,15.9999999999265));
#1757=CARTESIAN_POINT('Ctrl Pts',(-24.5929983800927,-3.87586072479499,15.9999999999265));
#1758=CARTESIAN_POINT('Ctrl Pts',(-24.6087831177343,-3.7586956307367,15.9999999999265));
#1759=CARTESIAN_POINT('Ctrl Pts',(-24.6237302493839,-3.64137890004052,15.9999999999266));
#1760=CARTESIAN_POINT('Ctrl Pts',(-24.637838746386,-3.52391955638685,15.9999999999266));
#1761=CARTESIAN_POINT('Ctrl Pts',(-24.6429573003502,-3.48130537934144,15.9999999999266));
#1762=CARTESIAN_POINT('Ctrl Pts',(-24.6479649538699,-3.43867658141429,15.9999999999267));
#1763=CARTESIAN_POINT('Ctrl Pts',(-24.6528606919228,-3.3960429613976,15.9999999999267));
#1764=CARTESIAN_POINT('Ctrl Pts',(-24.7085448034165,-2.9111282815773,15.9999999999268));
#1765=CARTESIAN_POINT('Ctrl Pts',(-24.7497983669587,-2.42523083072095,15.999999999926));
#1766=CARTESIAN_POINT('Ctrl Pts',(-24.7767610415578,-1.93899652416585,15.9999999999248));
#1767=CARTESIAN_POINT('Ctrl Pts',(-24.8039431043956,-1.448805856096,15.9999999999235));
#1768=CARTESIAN_POINT('Ctrl Pts',(-24.8166007896058,-0.958272324360606,
15.9999999999218));
#1769=CARTESIAN_POINT('Ctrl Pts',(-24.8148250630848,-0.468047837279604,
15.9999999999199));
#1770=CARTESIAN_POINT('Ctrl Pts',(-24.8130354881414,0.025999781161989,15.9999999999179));
#1771=CARTESIAN_POINT('Ctrl Pts',(-24.7965865232147,0.519734044553453,15.9999999999158));
#1772=CARTESIAN_POINT('Ctrl Pts',(-24.7655182167417,1.012489872976,15.9999999999137));
#1773=CARTESIAN_POINT('Ctrl Pts',(-24.7346654228319,1.50182758552258,15.9999999999117));
#1774=CARTESIAN_POINT('Ctrl Pts',(-24.6893953092289,1.99020090553461,15.9999999999097));
#1775=CARTESIAN_POINT('Ctrl Pts',(-24.6296957023492,2.47695284088996,15.999999999908));
#1776=CARTESIAN_POINT('Ctrl Pts',(-24.5693705760109,2.96880485684988,15.9999999999063));
#1777=CARTESIAN_POINT('Ctrl Pts',(-24.4943120559725,3.45900189299952,15.9999999999048));
#1778=CARTESIAN_POINT('Ctrl Pts',(-24.404454958822,3.94685216764738,15.9999999999037));
#1779=CARTESIAN_POINT('Ctrl Pts',(-24.3145978616716,4.43470244229524,15.9999999999026));
#1780=CARTESIAN_POINT('Ctrl Pts',(-24.2099421653887,4.9202065032629,15.9999999999018));
#1781=CARTESIAN_POINT('Ctrl Pts',(-24.0903701742453,5.40265041351902,15.9999999999015));
#1782=CARTESIAN_POINT('Ctrl Pts',(-24.0365767524501,5.61969379055716,15.9999999999013));
#1783=CARTESIAN_POINT('Ctrl Pts',(-23.9797636220282,5.83611745537268,15.9999999999012));
#1784=CARTESIAN_POINT('Ctrl Pts',(-23.9199489509598,6.05186206596598,15.9999999999012));
#1785=CARTESIAN_POINT('Ctrl Pts',(-23.9080229616626,6.09487773203743,15.9999999999012));
#1786=CARTESIAN_POINT('Ctrl Pts',(-23.8959801624599,6.13785729677827,15.9999999999012));
#1787=CARTESIAN_POINT('Ctrl Pts',(-23.8838217962099,6.18079701028683,15.9999999999012));
#1788=CARTESIAN_POINT('Ctrl Pts',(-23.7517391066284,6.6472735691799,15.999999999901));
#1789=CARTESIAN_POINT('Ctrl Pts',(-23.6059866441409,7.10917517309564,15.9999999999));
#1790=CARTESIAN_POINT('Ctrl Pts',(-23.4469443859394,7.56596555919482,15.9999999998984));
#1791=CARTESIAN_POINT('Ctrl Pts',(-23.2865935923039,8.02651423200882,15.9999999998968));
#1792=CARTESIAN_POINT('Ctrl Pts',(-23.1127332402467,8.4818677056125,15.9999999998947));
#1793=CARTESIAN_POINT('Ctrl Pts',(-22.9257007628829,8.931465493521,15.9999999998924));
#1794=CARTESIAN_POINT('Ctrl Pts',(-22.728510144153,9.40548191690819,15.99999999989));
#1795=CARTESIAN_POINT('Ctrl Pts',(-22.5166779420409,9.87310120664335,15.9999999998873));
#1796=CARTESIAN_POINT('Ctrl Pts',(-22.2905412541777,10.3336449340455,15.9999999998848));
#1797=CARTESIAN_POINT('Ctrl Pts',(-22.0758942514163,10.7707890863788,15.9999999998824));
#1798=CARTESIAN_POINT('Ctrl Pts',(-21.8483587523297,11.201558678947,15.9999999998801));
#1799=CARTESIAN_POINT('Ctrl Pts',(-21.6081768505396,11.6253478333765,15.999999999878));
#1800=CARTESIAN_POINT('Ctrl Pts',(-21.3694912159937,12.0464968978346,15.999999999876));
#1801=CARTESIAN_POINT('Ctrl Pts',(-21.1183159910263,12.460752646899,15.9999999998742));
#1802=CARTESIAN_POINT('Ctrl Pts',(-20.8548481842187,12.8674890918502,15.9999999998728));
#1803=CARTESIAN_POINT('Ctrl Pts',(-20.5948249367785,13.2689078934488,15.9999999998715));
#1804=CARTESIAN_POINT('Ctrl Pts',(-20.3228281475365,13.6630030741642,15.9999999998705));
#1805=CARTESIAN_POINT('Ctrl Pts',(-20.0390116609115,14.0491365515596,15.9999999998699));
#1806=CARTESIAN_POINT('Ctrl Pts',(-19.985176526785,14.1223794691698,15.9999999998698));
#1807=CARTESIAN_POINT('Ctrl Pts',(-19.9309160276924,14.1953358126775,15.9999999998697));
#1808=CARTESIAN_POINT('Ctrl Pts',(-19.8762310795158,14.2680010609835,15.9999999998696));
#1809=CARTESIAN_POINT('Ctrl Pts',(-19.8348599880889,14.322974883424,15.9999999998695));
#1810=CARTESIAN_POINT('Ctrl Pts',(-19.7932459640598,14.3777820975672,15.9999999998695));
#1811=CARTESIAN_POINT('Ctrl Pts',(-19.7513901907405,14.4324212947706,15.9999999998694));
#1812=CARTESIAN_POINT('Ctrl Pts',(-19.7240385833696,14.4681265213248,15.9999999998694));
#1813=CARTESIAN_POINT('Ctrl Pts',(-19.6965837423812,14.5037599998211,15.9999999998694));
#1814=CARTESIAN_POINT('Ctrl Pts',(-19.6690259954234,14.5393213331755,15.9999999998694));
#1815=CARTESIAN_POINT('Ctrl Pts',(-19.6428125173985,14.5731479820612,15.9999999998693));
#1816=CARTESIAN_POINT('Ctrl Pts',(-19.6165090544351,14.6069052958936,15.9999999998693));
#1817=CARTESIAN_POINT('Ctrl Pts',(-19.5901207577843,14.6405869117915,15.9999999998693));
#1818=CARTESIAN_POINT('Ctrl Pts',(-19.2930091053417,15.0198156543209,15.9999999998689));
#1819=CARTESIAN_POINT('Ctrl Pts',(-18.9849632098536,15.3896876165469,15.9999999998677));
#1820=CARTESIAN_POINT('Ctrl Pts',(-18.6665392761218,15.7498521203662,15.9999999998661));
#1821=CARTESIAN_POINT('Ctrl Pts',(-18.3455477109578,16.1129208333319,15.9999999998644));
#1822=CARTESIAN_POINT('Ctrl Pts',(-18.0140097155903,16.4661252695584,15.9999999998622));
#1823=CARTESIAN_POINT('Ctrl Pts',(-17.672451772639,16.8090755552295,15.99999999986));
#1824=CARTESIAN_POINT('Ctrl Pts',(-17.3296884975795,17.1532360864809,15.9999999998577));
#1825=CARTESIAN_POINT('Ctrl Pts',(-16.9768340457888,17.4870703235841,15.9999999998554));
#1826=CARTESIAN_POINT('Ctrl Pts',(-16.6143826652951,17.8101480962085,15.9999999998531));
#1827=CARTESIAN_POINT('Ctrl Pts',(-16.253008056072,18.1322660687536,15.9999999998509));
#1828=CARTESIAN_POINT('Ctrl Pts',(-15.8820930409063,18.4436917094871,15.9999999998488));
#1829=CARTESIAN_POINT('Ctrl Pts',(-15.5020959838503,18.743957809257,15.999999999847));
#1830=CARTESIAN_POINT('Ctrl Pts',(-15.1266016329536,19.0406659603751,15.9999999998453));
#1831=CARTESIAN_POINT('Ctrl Pts',(-14.7422387723011,19.3264777092352,15.9999999998439));
#1832=CARTESIAN_POINT('Ctrl Pts',(-14.3494251546174,19.6008982678614,15.9999999998429));
#1833=CARTESIAN_POINT('Ctrl Pts',(-13.9620074282988,19.8715492435199,15.9999999998419));
#1834=CARTESIAN_POINT('Ctrl Pts',(-13.5663691268883,20.1311200360763,15.9999999998413));
#1835=CARTESIAN_POINT('Ctrl Pts',(-13.1628930654663,20.3790896594018,15.9999999998412));
#1836=CARTESIAN_POINT('Ctrl Pts',(-12.974810299233,20.4946821744386,15.9999999998412));
#1837=CARTESIAN_POINT('Ctrl Pts',(-12.7852553607736,20.607610951658,15.9999999998514));
#1838=CARTESIAN_POINT('Ctrl Pts',(-12.5942764174868,20.7178395129388,15.9999999998675));
#1839=CARTESIAN_POINT('Ctrl Pts',(-12.1695427901399,20.9629857885661,15.9999999999033));
#1840=CARTESIAN_POINT('Ctrl Pts',(-11.73776810804,21.1947797819003,15.9999999999677));
#1841=CARTESIAN_POINT('Ctrl Pts',(-11.2996449065799,21.4130979263686,16.0000000000113));
#1842=CARTESIAN_POINT('Ctrl Pts',(11.2993056923407,21.4127974890642,15.9999999999599));
#1843=CARTESIAN_POINT('Ctrl Pts',(11.7309721824946,21.1974293397647,15.9999999999602));
#1844=CARTESIAN_POINT('Ctrl Pts',(12.1563616998851,20.9688799035569,15.9999999999621));
#1845=CARTESIAN_POINT('Ctrl Pts',(12.5749626007937,20.7275277946011,15.9999999999639));
#1846=CARTESIAN_POINT('Ctrl Pts',(12.8759064181739,20.5540130581439,15.9999999999652));
#1847=CARTESIAN_POINT('Ctrl Pts',(13.173340975702,20.3738802068079,15.9999999999664));
#1848=CARTESIAN_POINT('Ctrl Pts',(13.4670660867053,20.1872566612787,15.9999999999668));
#1849=CARTESIAN_POINT('Ctrl Pts',(13.5433263758526,20.1388033114947,15.9999999999669));
#1850=CARTESIAN_POINT('Ctrl Pts',(13.6193365681673,20.0899123785873,15.999999999967));
#1851=CARTESIAN_POINT('Ctrl Pts',(13.6950930549564,20.0405859787046,15.999999999967));
#1852=CARTESIAN_POINT('Ctrl Pts',(13.7399332820626,20.0113897069816,15.999999999967));
#1853=CARTESIAN_POINT('Ctrl Pts',(13.7846874907647,19.982038936548,15.999999999967));
#1854=CARTESIAN_POINT('Ctrl Pts',(13.8293335060309,19.952548368299,15.999999999967));
#1855=CARTESIAN_POINT('Ctrl Pts',(14.2308975705331,19.6872984377068,15.9999999999668));
#1856=CARTESIAN_POINT('Ctrl Pts',(14.6240542739391,19.4105212860528,15.9999999999661));
#1857=CARTESIAN_POINT('Ctrl Pts',(15.0083716722629,19.1227157366307,15.9999999999649));
#1858=CARTESIAN_POINT('Ctrl Pts',(15.3972576757239,18.8314888747274,15.9999999999638));
#1859=CARTESIAN_POINT('Ctrl Pts',(15.7770934124987,18.5289696318429,15.9999999999621));
#1860=CARTESIAN_POINT('Ctrl Pts',(16.147411440865,18.2156253382056,15.9999999999601));
#1861=CARTESIAN_POINT('Ctrl Pts',(16.5185481248891,17.9015883397602,15.9999999999581));
#1862=CARTESIAN_POINT('Ctrl Pts',(16.8801253991794,17.5766780727504,15.9999999999557));
#1863=CARTESIAN_POINT('Ctrl Pts',(17.2316463154276,17.2413196438984,15.9999999999532));
#1864=CARTESIAN_POINT('Ctrl Pts',(17.5818872167276,16.9071823765252,15.9999999999506));
#1865=CARTESIAN_POINT('Ctrl Pts',(17.9221452619287,16.5626725642962,15.9999999999478));
#1866=CARTESIAN_POINT('Ctrl Pts',(18.2518966058102,16.2081705841525,15.9999999999451));
#1867=CARTESIAN_POINT('Ctrl Pts',(18.4897554210422,15.9524584466315,15.9999999999432));
#1868=CARTESIAN_POINT('Ctrl Pts',(18.7221468038789,15.6915464001892,15.9999999999413));
#1869=CARTESIAN_POINT('Ctrl Pts',(18.9488618721473,15.4255656433125,15.9999999999395));
#1870=CARTESIAN_POINT('Ctrl Pts',(19.2638020907311,15.0560796697968,15.9999999999371));
#1871=CARTESIAN_POINT('Ctrl Pts',(19.5677904194139,14.67681339353,15.999999999935));
#1872=CARTESIAN_POINT('Ctrl Pts',(19.86049828033,14.2883182085389,15.9999999999335));
#1873=CARTESIAN_POINT('Ctrl Pts',(20.0716188200985,14.008109426663,15.9999999999324));
#1874=CARTESIAN_POINT('Ctrl Pts',(20.2768701060977,13.7230988571719,15.9999999999317));
#1875=CARTESIAN_POINT('Ctrl Pts',(20.4761140696261,13.4334853167071,15.9999999999315));
#1876=CARTESIAN_POINT('Ctrl Pts',(20.5003132441723,13.3983103056676,15.9999999999315));
#1877=CARTESIAN_POINT('Ctrl Pts',(20.5244237638427,13.3630673770155,15.9999999999315));
#1878=CARTESIAN_POINT('Ctrl Pts',(20.5484372859397,13.3277688961253,15.9999999999314));
#1879=CARTESIAN_POINT('Ctrl Pts',(20.8205853161981,12.9277271193892,15.9999999999312));
#1880=CARTESIAN_POINT('Ctrl Pts',(21.080541948315,12.5201710751435,15.9999999999305));
#1881=CARTESIAN_POINT('Ctrl Pts',(21.3281079175746,12.1057376197081,15.9999999999294));
#1882=CARTESIAN_POINT('Ctrl Pts',(21.5788273170829,11.686025219843,15.9999999999283));
#1883=CARTESIAN_POINT('Ctrl Pts',(21.8168387084636,11.2592587137055,15.9999999999268));
#1884=CARTESIAN_POINT('Ctrl Pts',(22.041897797242,10.8260612254078,15.999999999925));
#1885=CARTESIAN_POINT('Ctrl Pts',(22.2675215543648,10.3917768540615,15.9999999999231));
#1886=CARTESIAN_POINT('Ctrl Pts',(22.4801282071123,9.95102874247313,15.999999999921));
#1887=CARTESIAN_POINT('Ctrl Pts',(22.6794299340313,9.50441268778058,15.9999999999186));
#1888=CARTESIAN_POINT('Ctrl Pts',(22.878015585645,9.05940128916723,15.9999999999163));
#1889=CARTESIAN_POINT('Ctrl Pts',(23.0633919802142,8.60856357015412,15.9999999999138));
#1890=CARTESIAN_POINT('Ctrl Pts',(23.2352293222598,8.15246406539611,15.9999999999114));
#1891=CARTESIAN_POINT('Ctrl Pts',(23.397890907992,7.72071932462899,15.9999999999092));
#1892=CARTESIAN_POINT('Ctrl Pts',(23.5484205924609,7.28425921958259,15.999999999907));
#1893=CARTESIAN_POINT('Ctrl Pts',(23.6864982962602,6.84354758775739,15.9999999999051));
#1894=CARTESIAN_POINT('Ctrl Pts',(23.8104906158386,6.44779319735558,15.9999999999034));
#1895=CARTESIAN_POINT('Ctrl Pts',(23.9244412972875,6.04861003988206,15.999999999902));
#1896=CARTESIAN_POINT('Ctrl Pts',(24.0282940618413,5.64638432750457,15.9999999999011));
#1897=CARTESIAN_POINT('Ctrl Pts',(24.0737296463335,5.47041057833942,15.9999999999007));
#1898=CARTESIAN_POINT('Ctrl Pts',(24.1172320829639,5.29385441084128,15.9999999999003));
#1899=CARTESIAN_POINT('Ctrl Pts',(24.1587950439413,5.11674798804573,15.9999999999001));
#1900=CARTESIAN_POINT('Ctrl Pts',(24.1836150653798,5.01098590788308,15.9999999999));
#1901=CARTESIAN_POINT('Ctrl Pts',(24.2077434349627,4.90502760073883,15.9999999999));
#1902=CARTESIAN_POINT('Ctrl Pts',(24.2311786360377,4.79887990912733,15.9999999998999));
#1903=CARTESIAN_POINT('Ctrl Pts',(24.2411504504164,4.75371344889144,15.9999999998999));
#1904=CARTESIAN_POINT('Ctrl Pts',(24.2509967614635,4.70851269958521,15.9999999998999));
#1905=CARTESIAN_POINT('Ctrl Pts',(24.2607174453517,4.66327818831433,15.9999999998999));
#1906=CARTESIAN_POINT('Ctrl Pts',(24.2698795164725,4.62064314183527,15.9999999998999));
#1907=CARTESIAN_POINT('Ctrl Pts',(24.2789280504716,4.57798707531221,15.9999999998999));
#1908=CARTESIAN_POINT('Ctrl Pts',(24.2878624747174,4.53531344313424,15.9999999998999));
#1909=CARTESIAN_POINT('Ctrl Pts',(24.3876498399023,4.05869746869771,15.9999999998999));
#1910=CARTESIAN_POINT('Ctrl Pts',(24.4732325003684,3.57977195723456,15.9999999998995));
#1911=CARTESIAN_POINT('Ctrl Pts',(24.544676548836,3.09920004089703,15.9999999998987));
#1912=CARTESIAN_POINT('Ctrl Pts',(24.6196913112121,2.59460954131185,15.9999999998979));
#1913=CARTESIAN_POINT('Ctrl Pts',(24.6791193709535,2.08820356161084,15.9999999998966));
#1914=CARTESIAN_POINT('Ctrl Pts',(24.7229812943606,1.58072589031977,15.9999999998951));
#1915=CARTESIAN_POINT('Ctrl Pts',(24.7653979581423,1.08996971530872,15.9999999998936));
#1916=CARTESIAN_POINT('Ctrl Pts',(24.7932571656806,0.598210682614268,15.9999999998917));
#1917=CARTESIAN_POINT('Ctrl Pts',(24.8065257278209,0.106107823921496,15.9999999998898));
#1918=CARTESIAN_POINT('Ctrl Pts',(24.8204724379614,-0.411146107360937,15.9999999998877));
#1919=CARTESIAN_POINT('Ctrl Pts',(24.8182995288709,-0.928780478408614,15.9999999998855));
#1920=CARTESIAN_POINT('Ctrl Pts',(24.7999067040094,-1.44603634971263,15.9999999998833));
#1921=CARTESIAN_POINT('Ctrl Pts',(24.7825570231245,-1.9339561972915,15.9999999998813));
#1922=CARTESIAN_POINT('Ctrl Pts',(24.7507746183248,-2.42153978364147,15.9999999998794));
#1923=CARTESIAN_POINT('Ctrl Pts',(24.7044226537176,-2.90814750916916,15.9999999998779));
#1924=CARTESIAN_POINT('Ctrl Pts',(24.7016357567709,-2.93740464197849,15.9999999998778));
#1925=CARTESIAN_POINT('Ctrl Pts',(24.6987961756612,-2.96665824491759,15.9999999998777));
#1926=CARTESIAN_POINT('Ctrl Pts',(24.6959038746669,-2.99590817803771,15.9999999998776));
#1927=CARTESIAN_POINT('Ctrl Pts',(24.6547164418731,-3.41243801257209,15.9999999998763));
#1928=CARTESIAN_POINT('Ctrl Pts',(24.6028402268969,-3.82822422584,15.9999999998754));
#1929=CARTESIAN_POINT('Ctrl Pts',(24.5403705974215,-4.24288396802314,15.9999999998749));
#1930=CARTESIAN_POINT('Ctrl Pts',(24.513040134526,-4.42429760522827,15.9999999998747));
#1931=CARTESIAN_POINT('Ctrl Pts',(24.4836816869059,-4.60549553683399,15.9999999998746));
#1932=CARTESIAN_POINT('Ctrl Pts',(24.4523016769217,-4.78644519877627,15.9999999998746));
#1933=CARTESIAN_POINT('Ctrl Pts',(24.4437253746167,-4.83589958083641,15.9999999998746));
#1934=CARTESIAN_POINT('Ctrl Pts',(24.4349980654391,-4.88533541622504,15.9999999998746));
#1935=CARTESIAN_POINT('Ctrl Pts',(24.4261198683259,-4.93475203534532,15.9999999998747));
#1936=CARTESIAN_POINT('Ctrl Pts',(24.4183624248776,-4.97793046710821,15.9999999998747));
#1937=CARTESIAN_POINT('Ctrl Pts',(24.4104914410875,-5.02108497737438,15.9999999998747));
#1938=CARTESIAN_POINT('Ctrl Pts',(24.4025076596257,-5.06421241627457,15.9999999998748));
#1939=CARTESIAN_POINT('Ctrl Pts',(24.3133535645391,-5.5458122454955,15.9999999998753));
#1940=CARTESIAN_POINT('Ctrl Pts',(24.2101181002979,-6.02414666424345,15.9999999998778));
#1941=CARTESIAN_POINT('Ctrl Pts',(24.0931249962746,-6.49862898520084,15.9999999998816));
#1942=CARTESIAN_POINT('Ctrl Pts',(23.9750246150941,-6.97760202755427,15.9999999998854));
#1943=CARTESIAN_POINT('Ctrl Pts',(23.8429048738974,-7.45265019111318,15.9999999998907));
#1944=CARTESIAN_POINT('Ctrl Pts',(23.697045742335,-7.92317073118693,15.9999999998968));
#1945=CARTESIAN_POINT('Ctrl Pts',(23.5502416146784,-8.39673969248617,15.999999999903));
#1946=CARTESIAN_POINT('Ctrl Pts',(23.3895193944611,-8.86572267808839,15.9999999999101));
#1947=CARTESIAN_POINT('Ctrl Pts',(23.2151123454925,-9.32949846107996,15.9999999999177));
#1948=CARTESIAN_POINT('Ctrl Pts',(23.0408615119673,-9.79285884262989,15.9999999999253));
#1949=CARTESIAN_POINT('Ctrl Pts',(22.8529502011014,-10.2510218464518,15.9999999999334));
#1950=CARTESIAN_POINT('Ctrl Pts',(22.6515610862915,-10.7033537087623,15.9999999999416));
#1951=CARTESIAN_POINT('Ctrl Pts',(22.4516621373347,-11.1523385704362,15.9999999999498));
#1952=CARTESIAN_POINT('Ctrl Pts',(22.2384839100168,-11.5955787335455,15.9999999999582));
#1953=CARTESIAN_POINT('Ctrl Pts',(22.0121584570141,-12.0324332043677,15.9999999999664));
#1954=CARTESIAN_POINT('Ctrl Pts',(21.9257345129247,-12.1992491142029,15.9999999999696));
#1955=CARTESIAN_POINT('Ctrl Pts',(21.8373930384652,-12.3651336382443,15.9999999999727));
#1956=CARTESIAN_POINT('Ctrl Pts',(21.747139662365,-12.530050041808,15.9999999999758));
#1957=CARTESIAN_POINT('Ctrl Pts',(21.5036288893099,-12.9750075897305,15.9999999999841));
#1958=CARTESIAN_POINT('Ctrl Pts',(21.2462032870394,-13.4129202187279,15.9999999999923));
#1959=CARTESIAN_POINT('Ctrl Pts',(20.9752665100622,-13.8432301168084,16.));
#1960=CARTESIAN_POINT('',(21.5,-3.28941461698382E-14,16.));
#1961=CARTESIAN_POINT('Origin',(8.32667268468867E-16,-3.5527136788005E-14,
16.));
#1962=CARTESIAN_POINT('Origin',(8.32667268468867E-16,-3.5527136788005E-14,
16.));
#1963=CARTESIAN_POINT('',(21.5,-3.28941461698382E-14,17.));
#1964=CARTESIAN_POINT('Origin',(8.32667268468867E-16,-3.5527136788005E-14,
17.));
#1965=CARTESIAN_POINT('',(21.5,-3.28941461698382E-14,16.));
#1966=CARTESIAN_POINT('Origin',(0.,-3.5527136788005E-14,17.));
#1967=CARTESIAN_POINT('',(26.,-3.23430551102219E-14,17.));
#1968=CARTESIAN_POINT('Origin',(8.32667268468867E-16,-3.5527136788005E-14,
17.));
#1969=CARTESIAN_POINT('Origin',(0.,0.,20.4166448217607));
#1970=CARTESIAN_POINT('Ctrl Pts',(-25.130302858997,-2.37082719588341E-5,
15.1856907656297));
#1971=CARTESIAN_POINT('Ctrl Pts',(-25.1303895254432,1.63389519395044,15.1649973023328));
#1972=CARTESIAN_POINT('Ctrl Pts',(-24.9722333325121,3.26781084210913,15.1443038390358));
#1973=CARTESIAN_POINT('Ctrl Pts',(-24.655624275161,4.87046757325451,15.1236103757389));
#1974=CARTESIAN_POINT('Ctrl Pts',(-24.0030478485434,8.17377169050001,15.0809581962794));
#1975=CARTESIAN_POINT('Ctrl Pts',(-22.6773146982243,11.3442782705086,15.0383060168199));
#1976=CARTESIAN_POINT('Ctrl Pts',(-20.7844922675433,14.1288164546681,14.9956538373604));
#1977=CARTESIAN_POINT('Ctrl Pts',(-18.8916698368623,16.9133546388276,14.9530016579009));
#1978=CARTESIAN_POINT('Ctrl Pts',(-16.4317581258194,19.311924427138,14.9103494784414));
#1979=CARTESIAN_POINT('Ctrl Pts',(-13.6000935141984,21.1341731159844,14.8676972989819));
#1980=CARTESIAN_POINT('Ctrl Pts',(-10.7684289025774,22.9564218048308,14.8250451195224));
#1981=CARTESIAN_POINT('Ctrl Pts',(-7.56501139037804,24.2023493942131,14.7823929400629));
#1982=CARTESIAN_POINT('Ctrl Pts',(-4.24666951685216,24.7709909206069,14.7397407606034));
#1983=CARTESIAN_POINT('Ctrl Pts',(-0.928327643326275,25.3396324470007,14.6970885811439));
#1984=CARTESIAN_POINT('Ctrl Pts',(2.5049385915262,25.2309879104059,14.6544364016844));
#1985=CARTESIAN_POINT('Ctrl Pts',(5.78227222497878,24.4568201365277,14.6117842222249));
#1986=CARTESIAN_POINT('Ctrl Pts',(9.05960585843136,23.6826523626495,14.5691320427654));
#1987=CARTESIAN_POINT('Ctrl Pts',(12.181006890484,22.2429613514878,14.5264798633059));
#1988=CARTESIAN_POINT('Ctrl Pts',(14.8922932513352,20.2469902683347,14.4838276838464));
#1989=CARTESIAN_POINT('Ctrl Pts',(18.50734173247,17.5856954907972,14.4269581112338));
#1990=CARTESIAN_POINT('Ctrl Pts',(21.3932974648021,13.9354583630527,14.3700885386211));
#1991=CARTESIAN_POINT('Ctrl Pts',(23.1439383115653,9.80295085944672,14.3132189660084));
#1992=CARTESIAN_POINT('Ctrl Pts',(24.8945791583286,5.67044335584069,14.2563493933958));
#1993=CARTESIAN_POINT('Ctrl Pts',(25.5099051195229,1.05566547637311,14.1994798207831));
#1994=CARTESIAN_POINT('Ctrl Pts',(24.9042458083328,-3.39183222913419,14.1426102481704));
#1995=CARTESIAN_POINT('Ctrl Pts',(24.2985864971426,-7.83932993464149,14.0857406755578));
#1996=CARTESIAN_POINT('Ctrl Pts',(22.4719419135679,-12.1195474661885,14.0288711029451));
#1997=CARTESIAN_POINT('Ctrl Pts',(19.6800078163705,-15.6337405262805,13.9720015303324));
#1998=CARTESIAN_POINT('Ctrl Pts',(16.8880737191731,-19.1479335863724,13.9151319577198));
#1999=CARTESIAN_POINT('Ctrl Pts',(13.130850108353,-21.8961021750093,13.8582623851071));
#2000=CARTESIAN_POINT('Ctrl Pts',(8.9359147166494,-23.4919747358545,13.8013928124944));
#2001=CARTESIAN_POINT('Ctrl Pts',(4.74097932494581,-25.0878472966997,13.7445232398817));
#2002=CARTESIAN_POINT('Ctrl Pts',(0.108332152358698,-25.5314238297533,13.6876536672691));
#2003=CARTESIAN_POINT('Ctrl Pts',(-4.31364720527544,-24.7609460131062,13.6307840946564));
#2004=CARTESIAN_POINT('Ctrl Pts',(-8.73562656290959,-23.9904681964591,13.5739145220438));
#2005=CARTESIAN_POINT('Ctrl Pts',(-12.9469381055908,-22.0059360301112,13.5170449494311));
#2006=CARTESIAN_POINT('Ctrl Pts',(-16.3551018988414,-19.0856181689233,13.4601753768184));
#2007=CARTESIAN_POINT('Ctrl Pts',(-19.763265692092,-16.1653003077353,13.4033058042058));
#2008=CARTESIAN_POINT('Ctrl Pts',(-22.3682817359119,-12.3091967517071,13.3464362315931));
#2009=CARTESIAN_POINT('Ctrl Pts',(-23.8076056744278,-8.05761016454776,13.2895666589804));
#2010=CARTESIAN_POINT('Ctrl Pts',(-24.5272676436858,-5.93181687096813,13.2611318726741));
#2011=CARTESIAN_POINT('Ctrl Pts',(-24.9555065866177,-3.70715281960559,13.2326970863678));
#2012=CARTESIAN_POINT('Ctrl Pts',(-25.0864407130498,-1.46524120045383,13.2042623000614));
#2013=CARTESIAN_POINT('Ctrl Pts',(-25.1149462626579,-0.977156660403534,
13.1980717885902));
#2014=CARTESIAN_POINT('Ctrl Pts',(-25.1293603820942,-0.488254633102349,
13.191881277119));
#2015=CARTESIAN_POINT('Ctrl Pts',(-25.1296449052104,0.000625135277780353,
13.1856907656479));
#2016=CARTESIAN_POINT('Ctrl Pts',(-25.1319172907668,0.000901469412206706,
13.8143092343187));
#2017=CARTESIAN_POINT('Ctrl Pts',(-25.1264428174153,-3.64002889089442,13.8604379515504));
#2018=CARTESIAN_POINT('Ctrl Pts',(-24.3272715014725,-7.28265652151421,13.9065666687822));
#2019=CARTESIAN_POINT('Ctrl Pts',(-22.7952322822891,-10.5858121477425,13.952695386014));
#2020=CARTESIAN_POINT('Ctrl Pts',(-21.378656759821,-13.6400220846862,13.995347565472));
#2021=CARTESIAN_POINT('Ctrl Pts',(-19.3355172899132,-16.4040011107437,14.03799974493));
#2022=CARTESIAN_POINT('Ctrl Pts',(-16.8349014601025,-18.6593495885102,14.0806519243881));
#2023=CARTESIAN_POINT('Ctrl Pts',(-14.3342856302918,-20.9146980662767,14.1233041038461));
#2024=CARTESIAN_POINT('Ctrl Pts',(-11.3761934405783,-22.6614159957523,14.1659562833042));
#2025=CARTESIAN_POINT('Ctrl Pts',(-8.19339448848525,-23.7592071977707,14.2086084627622));
#2026=CARTESIAN_POINT('Ctrl Pts',(-5.01059553639221,-24.8569983997891,14.2512606422203));
#2027=CARTESIAN_POINT('Ctrl Pts',(-1.60308982191975,-25.3058628743504,14.2939128216783));
#2028=CARTESIAN_POINT('Ctrl Pts',(1.75594869512765,-25.0705697816324,14.3365650011363));
#2029=CARTESIAN_POINT('Ctrl Pts',(5.11498721217495,-24.8352766889145,14.3792171805944));
#2030=CARTESIAN_POINT('Ctrl Pts',(8.42555853179722,-23.9158260289174,14.4218693600524));
#2031=CARTESIAN_POINT('Ctrl Pts',(11.424547231154,-22.3852309235724,14.4645215395105));
#2032=CARTESIAN_POINT('Ctrl Pts',(14.4235359305108,-20.8546358182275,14.5071737189685));
#2033=CARTESIAN_POINT('Ctrl Pts',(17.1109420096021,-18.7128962675347,14.5498258984266));
#2034=CARTESIAN_POINT('Ctrl Pts',(19.2721403265018,-16.1308827581303,14.5924780778846));
#2035=CARTESIAN_POINT('Ctrl Pts',(21.4333386434014,-13.5488692487259,14.6351302573426));
#2036=CARTESIAN_POINT('Ctrl Pts',(23.0683291981093,-10.5265817806098,14.6777824368007));
#2037=CARTESIAN_POINT('Ctrl Pts',(24.0469817029645,-7.30486971726786,14.7204346162587));
#2038=CARTESIAN_POINT('Ctrl Pts',(25.0256342078197,-4.08315765392579,14.7630867957168));
#2039=CARTESIAN_POINT('Ctrl Pts',(25.3479486628222,-0.662020995357833,14.8057389751748));
#2040=CARTESIAN_POINT('Ctrl Pts',(24.9881298392718,2.68579076899786,14.8483911546329));
#2041=CARTESIAN_POINT('Ctrl Pts',(24.6283110157214,6.03360253335355,14.8910433340909));
#2042=CARTESIAN_POINT('Ctrl Pts',(23.586358913618,9.30808940349693,14.933695513549));
#2043=CARTESIAN_POINT('Ctrl Pts',(21.9453824590413,12.2482405799949,14.976347693007));
#2044=CARTESIAN_POINT('Ctrl Pts',(20.3044060044647,15.1883917564928,15.018999872465));
#2045=CARTESIAN_POINT('Ctrl Pts',(18.0644051974148,17.7942072393454,15.0616520519231));
#2046=CARTESIAN_POINT('Ctrl Pts',(15.4039193321987,19.8579649997485,15.1043042313811));
#2047=CARTESIAN_POINT('Ctrl Pts',(12.7434334669828,21.9217227601516,15.1469564108392));
#2048=CARTESIAN_POINT('Ctrl Pts',(9.66246254360063,23.4434227981052,15.1896085902972));
#2049=CARTESIAN_POINT('Ctrl Pts',(6.40660914501982,24.3017496148965,15.2322607697553));
#2050=CARTESIAN_POINT('Ctrl Pts',(3.15075574643896,25.1600764316878,15.2749129492133));
#2051=CARTESIAN_POINT('Ctrl Pts',(-0.279980127340569,25.3550300273167,15.3175651286713));
#2052=CARTESIAN_POINT('Ctrl Pts',(-3.61210605892829,24.8711035690628,15.3602173081294));
#2053=CARTESIAN_POINT('Ctrl Pts',(-6.94423199051602,24.3871771108089,15.4028694875874));
#2054=CARTESIAN_POINT('Ctrl Pts',(-10.1777479799119,23.2243705986721,15.4455216670455));
#2055=CARTESIAN_POINT('Ctrl Pts',(-13.0549294134561,21.475306616104,15.4881738465035));
#2056=CARTESIAN_POINT('Ctrl Pts',(-15.9321108470003,19.7262426335358,15.5308260259615));
#2057=CARTESIAN_POINT('Ctrl Pts',(-18.4529577246929,17.3909211805362,15.5734782054196));
#2058=CARTESIAN_POINT('Ctrl Pts',(-20.4164484730561,14.6556423399607,15.6161303848776));
#2059=CARTESIAN_POINT('Ctrl Pts',(-22.3799392214192,11.9203634993852,15.6587825643357));
#2060=CARTESIAN_POINT('Ctrl Pts',(-23.7860738404531,8.78512727123381,15.7014347437937));
#2061=CARTESIAN_POINT('Ctrl Pts',(-24.5229148299246,5.4995735195973,15.7440869232518));
#2062=CARTESIAN_POINT('Ctrl Pts',(-24.9272917992292,3.69646771039532,15.7674943602835));
#2063=CARTESIAN_POINT('Ctrl Pts',(-25.1300913109918,1.84808935881464,15.7909017973153));
#2064=CARTESIAN_POINT('Ctrl Pts',(-25.1303612329482,-0.000184292857063888,
15.8143092343471));
#2065=CARTESIAN_POINT('Ctrl Pts',(11.2993056923373,21.412797489066,15.9999999999599));
#2066=CARTESIAN_POINT('Ctrl Pts',(14.1685300578861,19.8987382811184,15.9573478205004));
#2067=CARTESIAN_POINT('Ctrl Pts',(19.2895306938564,15.7034634463684,15.8720434615814));
#2068=CARTESIAN_POINT('Ctrl Pts',(23.8955627881814,6.90381447405881,15.7440869232029));
#2069=CARTESIAN_POINT('Ctrl Pts',(24.6919554211915,-2.99519430633348,15.6161303848244));
#2070=CARTESIAN_POINT('Ctrl Pts',(21.5517225277021,-12.4173223621193,15.4881738464459));
#2071=CARTESIAN_POINT('Ctrl Pts',(14.9755051092385,-19.8594433343366,15.3602173080674));
#2072=CARTESIAN_POINT('Ctrl Pts',(6.01176408732275,-24.1355367010622,15.2322607696889));
#2073=CARTESIAN_POINT('Ctrl Pts',(-3.91045552707127,-24.563658926734,15.1043042313104));
#2074=CARTESIAN_POINT('Ctrl Pts',(-13.2091813174167,-21.0755958218116,14.9763476929319));
#2075=CARTESIAN_POINT('Ctrl Pts',(-20.4020765357661,-14.22755438032,14.8483911545534));
#2076=CARTESIAN_POINT('Ctrl Pts',(-24.3420809629829,-5.11100928365075,14.7204346161749));
#2077=CARTESIAN_POINT('Ctrl Pts',(-24.4016293031889,4.81994982324399,14.5924780777964));
#2078=CARTESIAN_POINT('Ctrl Pts',(-20.5700813904608,13.983317259552,14.4645215394179));
#2079=CARTESIAN_POINT('Ctrl Pts',(-13.4605357262957,20.9156690859928,14.3365650010394));
#2080=CARTESIAN_POINT('Ctrl Pts',(-4.20210024668642,24.5166896691006,14.2086084626609));
#2081=CARTESIAN_POINT('Ctrl Pts',(5.72066652094711,24.2027546518093,14.0806519242824));
#2082=CARTESIAN_POINT('Ctrl Pts',(15.7444950766368,19.5795237096485,13.9384779927507));
#2083=CARTESIAN_POINT('Ctrl Pts',(23.3904203185317,9.90887984857874,13.7820866680659));
#2084=CARTESIAN_POINT('Ctrl Pts',(25.1689150998905,-3.42865650163352,13.6114779502279));
#2085=CARTESIAN_POINT('Ctrl Pts',(19.8896637372689,-15.7993005163795,13.4408692323899));
#2086=CARTESIAN_POINT('Ctrl Pts',(9.03065730736643,-23.7420820369563,13.2702605145519));
#2087=CARTESIAN_POINT('Ctrl Pts',(-4.35852792964133,-25.0241900458337,13.0996517967139));
#2088=CARTESIAN_POINT('Ctrl Pts',(-16.5300241916231,-19.2886134626489,12.9290430788759));
#2089=CARTESIAN_POINT('Ctrl Pts',(-22.8042296422279,-10.0012882196513,12.7868691473442));
#2090=CARTESIAN_POINT('Ctrl Pts',(-24.454539313391,-1.42838713524512,12.6731300021189));
#2091=CARTESIAN_POINT('Ctrl Pts',(-23.813476394493,7.27745916266545,12.5593908568936));
#2092=CARTESIAN_POINT('Ctrl Pts',(-18.6623666164779,17.2330228003174,12.4172169253619));
#2093=CARTESIAN_POINT('Ctrl Pts',(-7.24324401420462,24.3469517135698,12.2466082075239));
#2094=CARTESIAN_POINT('Ctrl Pts',(6.20514606339433,24.6315899599712,12.0759994896859));
#2095=CARTESIAN_POINT('Ctrl Pts',(17.9144246123004,18.0084109700149,11.9053907718479));
#2096=CARTESIAN_POINT('Ctrl Pts',(24.5988981402916,6.33482215886399,11.7347820540099));
#2097=CARTESIAN_POINT('Ctrl Pts',(24.3845089213851,-7.11624517469115,11.5641733361719));
#2098=CARTESIAN_POINT('Ctrl Pts',(17.330410703892,-18.5707951479816,11.3935646183339));
#2099=CARTESIAN_POINT('Ctrl Pts',(5.41785120783978,-24.8170397239807,11.2229559004959));
#2100=CARTESIAN_POINT('Ctrl Pts',(-8.01930290803035,-24.1037233781767,11.0523471826579));
#2101=CARTESIAN_POINT('Ctrl Pts',(-17.9547820598902,-17.4584267059263,10.9006949890241));
#2102=CARTESIAN_POINT('Ctrl Pts',(-23.1769880334149,-8.62570630811754,10.7679993195946));
#2103=CARTESIAN_POINT('Ctrl Pts',(-24.7307275923389,0.0203074256455824,
10.6542601743692));
#2104=CARTESIAN_POINT('Ctrl Pts',(-22.9080258555042,10.118359678776,10.5215645049397));
#2105=CARTESIAN_POINT('Ctrl Pts',(-15.9069000057464,19.8059924137027,10.3699123113059));
#2106=CARTESIAN_POINT('Ctrl Pts',(-3.55732204563816,25.1511706695749,10.1993035934679));
#2107=CARTESIAN_POINT('Ctrl Pts',(9.7832468228241,23.4414660728077,10.0286948756299));
#2108=CARTESIAN_POINT('Ctrl Pts',(20.3836512436623,15.156944944003,9.85808615779191));
#2109=CARTESIAN_POINT('Ctrl Pts',(25.2656683895771,2.62371132825615,9.68747743995388));
#2110=CARTESIAN_POINT('Ctrl Pts',(23.0619896364605,-10.649902310546,9.51686872211592));
#2111=CARTESIAN_POINT('Ctrl Pts',(15.835235532863,-19.2155062268834,9.37469479058421));
#2112=CARTESIAN_POINT('Ctrl Pts',(8.03602851512461,-23.1433502638003,9.26095564535891));
#2113=CARTESIAN_POINT('Ctrl Pts',(0.911938852558131,-24.5961678267274,9.16617302433778));
#2114=CARTESIAN_POINT('Ctrl Pts',(-7.09958488715522,-23.6933686356648,9.06191214121457));
#2115=CARTESIAN_POINT('Ctrl Pts',(-14.9326336252851,-19.7114770057694,8.94817299598922));
#2116=CARTESIAN_POINT('Ctrl Pts',(-21.8866806914622,-12.1709499422323,8.81547732655966));
#2117=CARTESIAN_POINT('Ctrl Pts',(-25.3940179253961,-0.739711447370567,
8.6638251329259));
#2118=CARTESIAN_POINT('Ctrl Pts',(-22.5579224271142,10.8765253685004,8.51217293929211));
#2119=CARTESIAN_POINT('Ctrl Pts',(-16.0548806258999,18.8087857323381,8.37947726986256));
#2120=CARTESIAN_POINT('Ctrl Pts',(-8.46593266442403,23.2403091507441,8.26573812463722));
#2121=CARTESIAN_POINT('Ctrl Pts',(0.199531854699914,24.7309854192773,8.15199897941189));
#2122=CARTESIAN_POINT('Ctrl Pts',(8.83601285361363,23.1005614129698,8.03825983418656));
#2123=CARTESIAN_POINT('Ctrl Pts',(16.3581607626553,18.5499829979304,7.92452068896122));
#2124=CARTESIAN_POINT('Ctrl Pts',(21.8129031913706,11.6572401766341,7.81078154373589));
#2125=CARTESIAN_POINT('Ctrl Pts',(24.5124672306332,3.29128847053579,7.69704239851056));
#2126=CARTESIAN_POINT('Ctrl Pts',(24.1155032273057,-5.49019253684265,7.58330325328523));
#2127=CARTESIAN_POINT('Ctrl Pts',(20.6717504850206,-13.5780832075505,7.46956410805988));
#2128=CARTESIAN_POINT('Ctrl Pts',(14.6171711374831,-19.9511113256459,7.35582496283456));
#2129=CARTESIAN_POINT('Ctrl Pts',(6.7155266829959,-23.8031019269405,7.24208581760922));
#2130=CARTESIAN_POINT('Ctrl Pts',(-2.03414812724246,-24.6487808391187,7.12834667238389));
#2131=CARTESIAN_POINT('Ctrl Pts',(-10.5270349520525,-22.3802756921611,7.01460752715856));
#2132=CARTESIAN_POINT('Ctrl Pts',(-17.689875031651,-17.2848121609856,6.90086838193322));
#2133=CARTESIAN_POINT('Ctrl Pts',(-22.6182002749246,-10.0054002452256,6.78712923670789));
#2134=CARTESIAN_POINT('Ctrl Pts',(-24.689161579184,-1.46271935550265,6.67339009148255));
#2135=CARTESIAN_POINT('Ctrl Pts',(-23.6417675528663,7.26554667732114,6.55965094625722));
#2136=CARTESIAN_POINT('Ctrl Pts',(-20.4460197445995,13.4477116765642,6.46960745628716));
#2137=CARTESIAN_POINT('Ctrl Pts',(-15.6685041126202,18.8666540315565,6.37482483526606));
#2138=CARTESIAN_POINT('Ctrl Pts',(-8.29076282811518,23.7178624669745,6.26108569004072));
#2139=CARTESIAN_POINT('Ctrl Pts',(3.96264212210561,25.0918833136658,6.10469436535589));
#2140=CARTESIAN_POINT('Ctrl Pts',(16.2194049930141,19.5479439735484,5.93408564751789));
#2141=CARTESIAN_POINT('Ctrl Pts',(23.9311086712095,8.52209547740994,5.76347692967988));
#2142=CARTESIAN_POINT('Ctrl Pts',(24.6738237950656,-1.53563575738314,5.63552039130139));
#2143=CARTESIAN_POINT('Ctrl Pts',(22.4308376846448,-9.91342558328895,5.52178124607605));
#2144=CARTESIAN_POINT('Ctrl Pts',(19.0973658509071,-15.6290165658591,5.43647688715706));
#2145=CARTESIAN_POINT('Ctrl Pts',(13.2825049248061,-20.5889306511006,5.33695513508488));
#2146=CARTESIAN_POINT('Ctrl Pts',(8.34703463690417,-22.9065381229332,5.26586816931905));
#2147=CARTESIAN_POINT('Ctrl Pts',(2.02631013978779,-24.4431310541927,5.18056381040005));
#2148=CARTESIAN_POINT('Ctrl Pts',(-5.3247530768864,-24.2236903402514,5.08578118937894));
#2149=CARTESIAN_POINT('Ctrl Pts',(-13.7249695957045,-20.5739228613064,4.96730291310256));
#2150=CARTESIAN_POINT('Ctrl Pts',(-20.0541085325732,-14.4754196330282,4.85356376787722));
#2151=CARTESIAN_POINT('Ctrl Pts',(-23.850262443696,-6.54607618401634,4.73982462265189));
#2152=CARTESIAN_POINT('Ctrl Pts',(-24.6338968138457,2.2091198779534,4.62608547742655));
#2153=CARTESIAN_POINT('Ctrl Pts',(-22.3048020185443,10.685675001447,4.51234633220122));
#2154=CARTESIAN_POINT('Ctrl Pts',(-17.1586535898093,17.8122615109531,4.39860718697588));
#2155=CARTESIAN_POINT('Ctrl Pts',(-9.84458607490827,22.6886253462247,4.28486804175055));
#2156=CARTESIAN_POINT('Ctrl Pts',(-1.28712434523933,24.699134075418,4.17112889652521));
#2157=CARTESIAN_POINT('Ctrl Pts',(7.43299832013546,23.5888639863815,4.05738975129989));
#2158=CARTESIAN_POINT('Ctrl Pts',(15.2145294302697,19.4995065435953,3.94365060607455));
#2159=CARTESIAN_POINT('Ctrl Pts',(21.0729422510423,12.946033000518,3.82991146084922));
#2160=CARTESIAN_POINT('Ctrl Pts',(24.4048167906159,4.41664414497037,3.71143318457282));
#2161=CARTESIAN_POINT('Ctrl Pts',(24.3351648977094,-5.14633475137838,3.58821577724538));
#2162=CARTESIAN_POINT('Ctrl Pts',(20.3811265566218,-14.2571734703515,3.46025923886688));
#2163=CARTESIAN_POINT('Ctrl Pts',(13.1787014266438,-21.0947463875306,3.33230270048838));
#2164=CARTESIAN_POINT('Ctrl Pts',(3.87471222687435,-24.5693228925685,3.20434616210988));
#2165=CARTESIAN_POINT('Ctrl Pts',(-6.04676793320747,-24.1267612331999,3.07638962373138));
#2166=CARTESIAN_POINT('Ctrl Pts',(-15.0043464974047,-19.8377155119089,2.94843308535288));
#2167=CARTESIAN_POINT('Ctrl Pts',(-21.5697191608389,-12.3859391509018,2.82047654697438));
#2168=CARTESIAN_POINT('Ctrl Pts',(-24.6962876680941,-2.95948325027513,2.69252000859588));
#2169=CARTESIAN_POINT('Ctrl Pts',(-23.8855029103406,6.9387963925035,2.56456347021738));
#2170=CARTESIAN_POINT('Ctrl Pts',(-19.2667144608857,15.7308438623832,2.43660693183888));
#2171=CARTESIAN_POINT('Ctrl Pts',(-11.5761618370222,22.0148964682377,2.30865039346038));
#2172=CARTESIAN_POINT('Ctrl Pts',(-2.04018270981823,24.7891965544753,2.18069385508188));
#2173=CARTESIAN_POINT('Ctrl Pts',(7.82136039130151,23.6112306553794,2.05273731670338));
#2174=CARTESIAN_POINT('Ctrl Pts',(16.4353619680993,18.6692105110382,1.92478077832488));
#2175=CARTESIAN_POINT('Ctrl Pts',(22.4302794083644,10.7502253040596,1.79682423994638));
#2176=CARTESIAN_POINT('Ctrl Pts',(24.0409212849444,4.32910301942243,1.71151988102738));
#2177=CARTESIAN_POINT('Ctrl Pts',(24.18673320674,1.08818299132989,1.66886770156788));
#2178=CARTESIAN_POINT('Ctrl Pts',(11.44246980184,21.6839768931058,16.1770440837629));
#2179=CARTESIAN_POINT('Ctrl Pts',(14.3480310614503,20.1507342995848,16.1343919043034));
#2180=CARTESIAN_POINT('Ctrl Pts',(19.5338823209822,15.9023114066783,16.0490875453844));
#2181=CARTESIAN_POINT('Ctrl Pts',(24.1982316030118,6.99119832899482,15.9211310070059));
#2182=CARTESIAN_POINT('Ctrl Pts',(25.0046873191156,-3.03318950536379,15.7931744686274));
#2183=CARTESIAN_POINT('Ctrl Pts',(21.8246588244257,-12.5746471858513,15.6652179302489));
#2184=CARTESIAN_POINT('Ctrl Pts',(15.1651316552821,-20.111011517005,15.5372613918704));
#2185=CARTESIAN_POINT('Ctrl Pts',(6.08784899027117,-24.4412427974857,15.4093048534919));
#2186=CARTESIAN_POINT('Ctrl Pts',(-3.96004277506213,-24.8747636753045,15.2813483151134));
#2187=CARTESIAN_POINT('Ctrl Pts',(-13.3765343893891,-21.3424997775369,15.1533917767349));
#2188=CARTESIAN_POINT('Ctrl Pts',(-20.6605157148603,-14.4077063613036,15.0254352383564));
#2189=CARTESIAN_POINT('Ctrl Pts',(-24.6504009126794,-5.17568506786288,14.8974786999779));
#2190=CARTESIAN_POINT('Ctrl Pts',(-24.7106796650218,4.88105599763021,14.7695221615994));
#2191=CARTESIAN_POINT('Ctrl Pts',(-20.8305808337271,14.1604740362588,14.6415656232209));
#2192=CARTESIAN_POINT('Ctrl Pts',(-13.6309717046178,21.1806113977751,14.5136090848424));
#2193=CARTESIAN_POINT('Ctrl Pts',(-4.25526371024304,24.8272189687109,14.3856525464639));
#2194=CARTESIAN_POINT('Ctrl Pts',(5.79318035962962,24.5092839825961,14.2576960080854));
#2195=CARTESIAN_POINT('Ctrl Pts',(15.9439558988409,19.8274728979882,14.1155220765537));
#2196=CARTESIAN_POINT('Ctrl Pts',(23.6866983909135,10.0343259490913,13.9591307518689));
#2197=CARTESIAN_POINT('Ctrl Pts',(25.4876869517982,-3.47214291408587,13.7885220340309));
#2198=CARTESIAN_POINT('Ctrl Pts',(20.1415409118977,-15.9994562272174,13.6179133161929));
#2199=CARTESIAN_POINT('Ctrl Pts',(9.14497932650581,-24.042812020077,13.4473045983549));
#2200=CARTESIAN_POINT('Ctrl Pts',(-4.41379139910695,-25.3411266353686,13.2766958805169));
#2201=CARTESIAN_POINT('Ctrl Pts',(-16.7394335346398,-19.5328762075943,13.1060871626789));
#2202=CARTESIAN_POINT('Ctrl Pts',(-23.0930834641312,-10.1279061351741,12.9639132311472));
#2203=CARTESIAN_POINT('Ctrl Pts',(-24.7642747911318,-1.44641993431976,12.8501740859219));
#2204=CARTESIAN_POINT('Ctrl Pts',(-24.1150715406943,7.3696898219025,12.7364349406966));
#2205=CARTESIAN_POINT('Ctrl Pts',(-18.898695867854,17.4513345598023,12.5942610091649));
#2206=CARTESIAN_POINT('Ctrl Pts',(-7.33492587481165,24.6553384654213,12.4236522913269));
#2207=CARTESIAN_POINT('Ctrl Pts',(6.28379716679723,24.9435495971549,12.2530435734889));
#2208=CARTESIAN_POINT('Ctrl Pts',(18.1413651848711,18.2364558302768,12.0824348556509));
#2209=CARTESIAN_POINT('Ctrl Pts',(24.9104737738814,6.41499768389078,11.9118261378129));
#2210=CARTESIAN_POINT('Ctrl Pts',(24.6933369385532,-7.20643532660389,11.7412174199749));
#2211=CARTESIAN_POINT('Ctrl Pts',(17.5498666928774,-18.8060474392182,11.5706087021369));
#2212=CARTESIAN_POINT('Ctrl Pts',(5.48641219867102,-25.1313760593123,11.3999999842989));
#2213=CARTESIAN_POINT('Ctrl Pts',(-8.12093017857901,-24.408992905951,11.2293912664609));
#2214=CARTESIAN_POINT('Ctrl Pts',(-18.1822324664737,-17.679505574344,11.0777390728271));
#2215=CARTESIAN_POINT('Ctrl Pts',(-23.4705597764353,-8.73490072382013,10.9450434033975));
#2216=CARTESIAN_POINT('Ctrl Pts',(-25.043957695012,0.0206239123898679,10.8313042581722));
#2217=CARTESIAN_POINT('Ctrl Pts',(-23.1981460938871,10.2465699516236,10.6986085887427));
#2218=CARTESIAN_POINT('Ctrl Pts',(-16.1083233795207,20.0568858395787,10.5469563951089));
#2219=CARTESIAN_POINT('Ctrl Pts',(-3.60231746864304,25.4697345228133,10.3763476772709));
#2220=CARTESIAN_POINT('Ctrl Pts',(9.90721396018042,23.738343468863,10.2057389594329));
#2221=CARTESIAN_POINT('Ctrl Pts',(20.6418592826796,15.348868282627,10.0351302415949));
#2222=CARTESIAN_POINT('Ctrl Pts',(25.585680190233,2.65688171244253,9.86452152375686));
#2223=CARTESIAN_POINT('Ctrl Pts',(23.3540586484157,-10.7848452727348,9.6939128059189));
#2224=CARTESIAN_POINT('Ctrl Pts',(16.0357526466281,-19.4589206036581,9.5517388743872));
#2225=CARTESIAN_POINT('Ctrl Pts',(8.13775437295404,-23.4364945499251,9.43799972916188));
#2226=CARTESIAN_POINT('Ctrl Pts',(0.923430171244272,-24.9076958803388,9.34321710814077));
#2227=CARTESIAN_POINT('Ctrl Pts',(-7.1895623694035,-23.9934429682531,9.23895622501754));
#2228=CARTESIAN_POINT('Ctrl Pts',(-15.1218120301207,-19.9610994112999,9.12521707979222));
#2229=CARTESIAN_POINT('Ctrl Pts',(-22.1639183820907,-12.3250501815094,8.99252141036264));
#2230=CARTESIAN_POINT('Ctrl Pts',(-25.7156508372782,-0.749019485646002,
8.84086921672887));
#2231=CARTESIAN_POINT('Ctrl Pts',(-22.8436065689961,11.014337445364,8.6892170230951));
#2232=CARTESIAN_POINT('Ctrl Pts',(-16.2581806572301,19.0470492658538,8.55652135366554));
#2233=CARTESIAN_POINT('Ctrl Pts',(-8.57310329510048,23.534682512392,8.44278220844022));
#2234=CARTESIAN_POINT('Ctrl Pts',(0.202118331688586,25.0442183578715,8.32904306321487));
#2235=CARTESIAN_POINT('Ctrl Pts',(8.94798186243015,23.3931233085987,8.21530391798955));
#2236=CARTESIAN_POINT('Ctrl Pts',(16.5653915772061,18.7848909374752,8.1015647727642));
#2237=CARTESIAN_POINT('Ctrl Pts',(22.0892052123772,11.8048341368952,7.98782562753888));
#2238=CARTESIAN_POINT('Ctrl Pts',(24.8229408671692,3.33291594271467,7.87408648231354));
#2239=CARTESIAN_POINT('Ctrl Pts',(24.4209280166138,-5.55978706904378,7.7603473370882));
#2240=CARTESIAN_POINT('Ctrl Pts',(20.9335386023929,-13.7501076849363,7.64660819186288));
#2241=CARTESIAN_POINT('Ctrl Pts',(14.8022589396569,-20.2038396818838,7.53286904663753));
#2242=CARTESIAN_POINT('Ctrl Pts',(6.80052597677203,-24.1045992157279,7.41912990141221));
#2243=CARTESIAN_POINT('Ctrl Pts',(-2.05997097110933,-24.9609682075925,7.30539075618687));
#2244=CARTESIAN_POINT('Ctrl Pts',(-10.6604200881131,-22.6637106646384,7.19165161096155));
#2245=CARTESIAN_POINT('Ctrl Pts',(-17.9139698086782,-17.5036927274717,7.0779124657362));
#2246=CARTESIAN_POINT('Ctrl Pts',(-22.9046979282501,-10.1320706880369,6.96417332051088));
#2247=CARTESIAN_POINT('Ctrl Pts',(-25.001868777137,-1.48118643125528,6.85043417528553));
#2248=CARTESIAN_POINT('Ctrl Pts',(-23.9411879276234,7.35762604588766,6.73669503006021));
#2249=CARTESIAN_POINT('Ctrl Pts',(-20.704949153292,13.6180843757773,6.64665154009015));
#2250=CARTESIAN_POINT('Ctrl Pts',(-15.866910304756,19.1056495771684,6.55186891906903));
#2251=CARTESIAN_POINT('Ctrl Pts',(-8.39571367840514,24.0182839205217,6.43812977384371));
#2252=CARTESIAN_POINT('Ctrl Pts',(4.01289161217523,25.4096782297804,6.28173844915887));
#2253=CARTESIAN_POINT('Ctrl Pts',(16.4248807710011,19.7954920463795,6.11112973132087));
#2254=CARTESIAN_POINT('Ctrl Pts',(24.234231575985,8.62997578940474,5.94052101348287));
#2255=CARTESIAN_POINT('Ctrl Pts',(24.9863295432,-1.55514468994513,5.81256447510437));
#2256=CARTESIAN_POINT('Ctrl Pts',(22.7149145272717,-10.0390390936534,5.69882532987903));
#2257=CARTESIAN_POINT('Ctrl Pts',(19.3392084848466,-15.8270136246617,5.61352097096004));
#2258=CARTESIAN_POINT('Ctrl Pts',(13.4506868147497,-20.8497341892582,5.51399921888787));
#2259=CARTESIAN_POINT('Ctrl Pts',(8.45270014966308,-23.1966837804882,5.44291225312204));
#2260=CARTESIAN_POINT('Ctrl Pts',(2.05191603548339,-24.7527234724394,5.35760789420304));
#2261=CARTESIAN_POINT('Ctrl Pts',(-5.39225247406228,-24.5304857836624,5.26282527318192));
#2262=CARTESIAN_POINT('Ctrl Pts',(-13.8988542466797,-20.8344715784746,5.14434699690554));
#2263=CARTESIAN_POINT('Ctrl Pts',(-20.3081410731509,-14.6587118167442,5.0306078516802));
#2264=CARTESIAN_POINT('Ctrl Pts',(-24.1523566437768,-6.6289291680656,4.91686870645487));
#2265=CARTESIAN_POINT('Ctrl Pts',(-24.9458952474048,2.23715881293054,4.80312956122953));
#2266=CARTESIAN_POINT('Ctrl Pts',(-22.5872806894204,10.8210692321634,4.68939041600421));
#2267=CARTESIAN_POINT('Ctrl Pts',(-17.3759359856218,18.0379060869696,4.57565127077886));
#2268=CARTESIAN_POINT('Ctrl Pts',(-9.96921953674135,22.9760145916976,4.46191212555354));
#2269=CARTESIAN_POINT('Ctrl Pts',(-1.30336737632124,25.0119671603815,4.3481729803282));
#2270=CARTESIAN_POINT('Ctrl Pts',(7.52719844179782,23.8876139029406,4.23443383510287));
#2271=CARTESIAN_POINT('Ctrl Pts',(15.407277713898,19.7464435347778,4.12069468987754));
#2272=CARTESIAN_POINT('Ctrl Pts',(21.3398752926606,13.1099521026428,4.0069555446522));
#2273=CARTESIAN_POINT('Ctrl Pts',(24.7139296644369,4.47252520951176,3.88847726837581));
#2274=CARTESIAN_POINT('Ctrl Pts',(24.6433726638692,-5.21157463594535,3.76525986104837));
#2275=CARTESIAN_POINT('Ctrl Pts',(20.6392321121506,-14.4377983545245,3.63730332266986));
#2276=CARTESIAN_POINT('Ctrl Pts',(13.3455673678212,-21.361956149908,3.50934678429137));
#2277=CARTESIAN_POINT('Ctrl Pts',(3.92372898998547,-24.8805180401516,3.38139024591286));
#2278=CARTESIAN_POINT('Ctrl Pts',(-6.12341186832126,-24.4323272780751,3.25343370753437));
#2279=CARTESIAN_POINT('Ctrl Pts',(-15.1944334932694,-20.0889366352701,3.12547716915587));
#2280=CARTESIAN_POINT('Ctrl Pts',(-21.842942850537,-12.5427631229015,2.99752063077736));
#2281=CARTESIAN_POINT('Ctrl Pts',(-25.0090887102268,-2.99690776094152,2.86956409239886));
#2282=CARTESIAN_POINT('Ctrl Pts',(-24.1880111292545,7.02673784833755,2.74160755402036));
#2283=CARTESIAN_POINT('Ctrl Pts',(-19.5107017569341,15.9301310335971,2.61365101564186));
#2284=CARTESIAN_POINT('Ctrl Pts',(-11.7227284051504,22.2937566662379,2.48569447726336));
#2285=CARTESIAN_POINT('Ctrl Pts',(-2.06596348077065,25.1031721422352,2.35773793888486));
#2286=CARTESIAN_POINT('Ctrl Pts',(7.92047941540781,23.9102629288969,2.22978140050636));
#2287=CARTESIAN_POINT('Ctrl Pts',(16.6435708700394,18.9056283566461,2.10182486212786));
#2288=CARTESIAN_POINT('Ctrl Pts',(22.7143987116406,10.886329873112,1.97386832374936));
#2289=CARTESIAN_POINT('Ctrl Pts',(24.3454249844312,4.38387619305508,1.88856396483036));
#2290=CARTESIAN_POINT('Ctrl Pts',(24.4930759369595,1.10190753382739,1.84591178537086));
#2291=CARTESIAN_POINT('Ctrl Pts',(11.5856329273345,21.9551568057841,16.3540881840035));
#2292=CARTESIAN_POINT('Ctrl Pts',(14.5275311491418,20.4027309585032,16.311436004544));
#2293=CARTESIAN_POINT('Ctrl Pts',(19.7782332222173,16.1011602434132,16.226131645625));
#2294=CARTESIAN_POINT('Ctrl Pts',(24.5009000927259,7.07858327445482,16.0981751072465));
#2295=CARTESIAN_POINT('Ctrl Pts',(25.3174193444997,-3.07118357358062,15.970218568868));
#2296=CARTESIAN_POINT('Ctrl Pts',(22.0975956808802,-12.7319710187905,15.8422620304895));
#2297=CARTESIAN_POINT('Ctrl Pts',(15.3547591040823,-20.3625790068503,15.714305492111));
#2298=CARTESIAN_POINT('Ctrl Pts',(6.16393499507926,-24.746948609518,15.5863489537325));
#2299=CARTESIAN_POINT('Ctrl Pts',(-4.00962889775985,-25.185868593254,15.458392415354));
#2300=CARTESIAN_POINT('Ctrl Pts',(-13.5438864920414,-21.6094043294068,15.3304358769755));
#2301=CARTESIAN_POINT('Ctrl Pts',(-20.918954235141,-14.5878592701581,15.202479338597));
#2302=CARTESIAN_POINT('Ctrl Pts',(-24.9587206191131,-5.24036196373368,15.0745228002185));
#2303=CARTESIAN_POINT('Ctrl Pts',(-25.019730237906,4.94216105378374,14.94656626184));
#2304=CARTESIAN_POINT('Ctrl Pts',(-21.0910809087501,14.3376298664723,14.8186097234615));
#2305=CARTESIAN_POINT('Ctrl Pts',(-13.8014086346052,21.4455530856354,14.690653185083));
#2306=CARTESIAN_POINT('Ctrl Pts',(-4.30842829379852,25.137748066573,14.5626966467045));
#2307=CARTESIAN_POINT('Ctrl Pts',(5.86569308882791,24.815813565718,14.434740108326));
#2308=CARTESIAN_POINT('Ctrl Pts',(16.143415819189,20.075422799044,14.2925661767943));
#2309=CARTESIAN_POINT('Ctrl Pts',(23.9829760008989,10.1597731158632,14.1361748521095));
#2310=CARTESIAN_POINT('Ctrl Pts',(25.8064589508059,-3.51562817374201,13.9655661342715));
#2311=CARTESIAN_POINT('Ctrl Pts',(20.3934188016296,-16.1996110219862,13.7949574164335));
#2312=CARTESIAN_POINT('Ctrl Pts',(9.25930242833256,-24.3435415808467,13.6243486985955));
#2313=CARTESIAN_POINT('Ctrl Pts',(-4.46905372203376,-25.6580634146004,13.4537399807575));
#2314=CARTESIAN_POINT('Ctrl Pts',(-16.9488419888097,-19.7771397013116,13.2831312629195));
#2315=CARTESIAN_POINT('Ctrl Pts',(-23.3819368196342,-10.254525090099,13.1409573313878));
#2316=CARTESIAN_POINT('Ctrl Pts',(-25.0740101940463,-1.46445385162743,13.0272181861625));
#2317=CARTESIAN_POINT('Ctrl Pts',(-24.4166670106042,7.46191938886352,12.9134790409371));
#2318=CARTESIAN_POINT('Ctrl Pts',(-19.135025900399,17.6696454588098,12.7713051094055));
#2319=CARTESIAN_POINT('Ctrl Pts',(-7.42660884647184,24.9637248764571,12.6006963915675));
#2320=CARTESIAN_POINT('Ctrl Pts',(6.36244714090933,25.2555095086744,12.4300876737295));
#2321=CARTESIAN_POINT('Ctrl Pts',(18.3683049266194,18.4645015031337,12.2594789558915));
#2322=CARTESIAN_POINT('Ctrl Pts',(25.2220491081216,6.49517433185266,12.0888702380535));
#2323=CARTESIAN_POINT('Ctrl Pts',(25.0021652718362,-7.29662436017935,11.9182615202154));
#2324=CARTESIAN_POINT('Ctrl Pts',(17.7693235247466,-19.0412989303919,11.7476528023775));
#2325=CARTESIAN_POINT('Ctrl Pts',(5.55497432277246,-25.4457121371629,11.5770440845395));
#2326=CARTESIAN_POINT('Ctrl Pts',(-8.2225563432845,-24.7142627912613,11.4064353667015));
#2327=CARTESIAN_POINT('Ctrl Pts',(-18.4096820673805,-17.9005852574171,11.2547831730677));
#2328=CARTESIAN_POINT('Ctrl Pts',(-23.7641311158508,-8.84409619651671,11.1220875036381));
#2329=CARTESIAN_POINT('Ctrl Pts',(-25.3571877890233,0.0209392677055283,
11.0083483584128));
#2330=CARTESIAN_POINT('Ctrl Pts',(-23.4882667863033,10.3747791725178,10.8756526889832));
#2331=CARTESIAN_POINT('Ctrl Pts',(-16.3097476532423,20.3077785300415,10.7240004953495));
#2332=CARTESIAN_POINT('Ctrl Pts',(-3.64731404092435,25.7882982035534,10.5533917775115));
#2333=CARTESIAN_POINT('Ctrl Pts',(10.0311800213077,24.0352213034118,10.3827830596735));
#2334=CARTESIAN_POINT('Ctrl Pts',(20.9000666203698,15.5407925479181,10.2121743418355));
#2335=CARTESIAN_POINT('Ctrl Pts',(25.9056918610637,2.69005325150568,10.0415656239975));
#2336=CARTESIAN_POINT('Ctrl Pts',(23.6461281386605,-10.9197871757196,9.87095690615947));
#2337=CARTESIAN_POINT('Ctrl Pts',(16.2362706333552,-19.7023342485272,9.72878297462779));
#2338=CARTESIAN_POINT('Ctrl Pts',(8.2394812864666,-23.7296384594352,9.61504382940247));
#2339=CARTESIAN_POINT('Ctrl Pts',(0.934922614842379,-25.2192238826888,9.52026120838134));
#2340=CARTESIAN_POINT('Ctrl Pts',(-7.27953876494132,-24.2935176164663,9.41600032525813));
#2341=CARTESIAN_POINT('Ctrl Pts',(-15.3109895273743,-20.2107224923491,9.3022611800328));
#2342=CARTESIAN_POINT('Ctrl Pts',(-22.4411555074182,-12.4791514173746,9.16956551060323));
#2343=CARTESIAN_POINT('Ctrl Pts',(-26.0372837054766,-0.758328685399985,
9.01791331696947));
#2344=CARTESIAN_POINT('Ctrl Pts',(-23.1292911997267,11.1521484859942,8.86626112333568));
#2345=CARTESIAN_POINT('Ctrl Pts',(-16.4614815428344,19.2853120575776,8.73356545390612));
#2346=CARTESIAN_POINT('Ctrl Pts',(-8.68027498572499,23.8290554777115,8.61982630868081));
#2347=CARTESIAN_POINT('Ctrl Pts',(0.204703677165305,25.3574512960143,8.50608716345544));
#2348=CARTESIAN_POINT('Ctrl Pts',(9.05994981098128,23.6856855995077,8.39234801823014));
#2349=CARTESIAN_POINT('Ctrl Pts',(16.7726215367607,19.0197996182128,8.27860887300479));
#2350=CARTESIAN_POINT('Ctrl Pts',(22.3655066916155,11.952429090565,8.16486972777946));
#2351=CARTESIAN_POINT('Ctrl Pts',(25.1334143436249,3.37454453505589,8.05113058255412));
#2352=CARTESIAN_POINT('Ctrl Pts',(24.7263530477522,-5.62938049584676,7.9373914373288));
#2353=CARTESIAN_POINT('Ctrl Pts',(21.1953273329463,-13.9221312113339,7.82365229210345));
#2354=CARTESIAN_POINT('Ctrl Pts',(14.987347648917,-20.4565673616598,7.70991314687813));
#2355=CARTESIAN_POINT('Ctrl Pts',(6.88552635692777,-24.4060961880525,7.59617400165278));
#2356=CARTESIAN_POINT('Ctrl Pts',(-2.08579268651739,-25.2731556595717,7.48243485642746));
#2357=CARTESIAN_POINT('Ctrl Pts',(-10.793804196205,-22.9471461100499,7.36869571120212));
#2358=CARTESIAN_POINT('Ctrl Pts',(-18.1380637880724,-17.7225740965555,7.25495656597678));
#2359=CARTESIAN_POINT('Ctrl Pts',(-23.1911951150656,-10.258742161748,7.14121742075146));
#2360=CARTESIAN_POINT('Ctrl Pts',(-25.3145758986023,-1.49965463595331,7.02747827552612));
#2361=CARTESIAN_POINT('Ctrl Pts',(-24.2406086256062,7.44970433002964,6.91373913030079));
#2362=CARTESIAN_POINT('Ctrl Pts',(-20.9638791692939,13.7884561343892,6.82369564033073));
#2363=CARTESIAN_POINT('Ctrl Pts',(-16.0653173539549,19.3446443986339,6.72891301930962));
#2364=CARTESIAN_POINT('Ctrl Pts',(-8.50066561056409,24.3187049855757,6.61517387408428));
#2365=CARTESIAN_POINT('Ctrl Pts',(4.06313995276571,25.7274733174541,6.45878254939946));
#2366=CARTESIAN_POINT('Ctrl Pts',(16.6303556483917,20.0430408536646,6.28817383156145));
#2367=CARTESIAN_POINT('Ctrl Pts',(24.5373540815973,8.73785719293471,6.11756511372346));
#2368=CARTESIAN_POINT('Ctrl Pts',(25.2988353520349,-1.5746524930968,5.98960857534495));
#2369=CARTESIAN_POINT('Ctrl Pts',(22.9989918147325,-10.164651573971,5.87586943011962));
#2370=CARTESIAN_POINT('Ctrl Pts',(19.5810518264041,-16.0250098037109,5.79056507120063));
#2371=CARTESIAN_POINT('Ctrl Pts',(13.6188696414784,-21.1105371117618,5.69104331912845));
#2372=CARTESIAN_POINT('Ctrl Pts',(8.55836670715315,-23.4868290472993,5.61995635336263));
#2373=CARTESIAN_POINT('Ctrl Pts',(2.07752304865541,-25.0623157885006,5.53465199444362));
#2374=CARTESIAN_POINT('Ctrl Pts',(-5.45975076094972,-24.8372814612867,5.43986937342251));
#2375=CARTESIAN_POINT('Ctrl Pts',(-14.0727379510858,-21.0950209155796,5.32139109714612));
#2376=CARTESIAN_POINT('Ctrl Pts',(-20.5621729437109,-14.8420049123144,5.20765195192079));
#2377=CARTESIAN_POINT('Ctrl Pts',(-24.4544505351329,-6.7117832407196,5.09391280669545));
#2378=CARTESIAN_POINT('Ctrl Pts',(-25.2578937724803,2.26519662006434,4.98017366147011));
#2379=CARTESIAN_POINT('Ctrl Pts',(-22.8697598405147,10.9564624382993,4.86643451624479));
#2380=CARTESIAN_POINT('Ctrl Pts',(-17.5932191896843,18.2635498710801,4.75269537101944));
#2381=CARTESIAN_POINT('Ctrl Pts',(-10.0938540327561,23.2634033779936,4.63895622579412));
#2382=CARTESIAN_POINT('Ctrl Pts',(-1.3196115368766,25.3248001768778,4.52521708056879));
#2383=CARTESIAN_POINT('Ctrl Pts',(7.62139748139809,24.1863641504194,4.41147793534345));
#2384=CARTESIAN_POINT('Ctrl Pts',(15.6000250995322,19.9933812144514,4.29773879011812));
#2385=CARTESIAN_POINT('Ctrl Pts',(21.6068077338358,13.2738721638314,4.18399964489278));
#2386=CARTESIAN_POINT('Ctrl Pts',(25.023042326736,4.52840738884858,4.06552136861639));
#2387=CARTESIAN_POINT('Ctrl Pts',(24.9515806560388,-5.27681340519252,3.94230396128895));
#2388=CARTESIAN_POINT('Ctrl Pts',(20.8973383120379,-14.6184223007433,3.81434742291045));
#2389=CARTESIAN_POINT('Ctrl Pts',(13.5124342689656,-21.6291653011875,3.68639088453195));
#2390=CARTESIAN_POINT('Ctrl Pts',(3.9727468756306,-25.191713000944,3.55843434615345));
#2391=CARTESIAN_POINT('Ctrl Pts',(-6.20005469730182,-24.7378935902344,3.43047780777495));
#2392=CARTESIAN_POINT('Ctrl Pts',(-15.3845195757504,-20.3401584373836,3.30252126939645));
#2393=CARTESIAN_POINT('Ctrl Pts',(-22.1161659652221,-12.6995880769052,3.17456473101794));
#2394=CARTESIAN_POINT('Ctrl Pts',(-25.3218896073905,-3.03433340030536,3.04660819263945));
#2395=CARTESIAN_POINT('Ctrl Pts',(-24.4905196563565,7.11467820873004,2.91865165426094));
#2396=CARTESIAN_POINT('Ctrl Pts',(-19.7546897651923,16.129417317269,2.79069511588245));
#2397=CARTESIAN_POINT('Ctrl Pts',(-11.8692959759649,22.5726163260991,2.66273857750394));
#2398=CARTESIAN_POINT('Ctrl Pts',(-2.09174538502403,25.4171476270482,2.53478203912545));
#2399=CARTESIAN_POINT('Ctrl Pts',(8.01959735627159,24.2092955510847,2.40682550074694));
#2400=CARTESIAN_POINT('Ctrl Pts',(16.851778911513,19.142046946929,2.27886896236845));
#2401=CARTESIAN_POINT('Ctrl Pts',(22.9985175143751,11.02243546417,2.15091242398994));
#2402=CARTESIAN_POINT('Ctrl Pts',(24.6499284765874,4.4386504648758,2.06560806507094));
#2403=CARTESIAN_POINT('Ctrl Pts',(24.7994186080188,1.11563318243755,2.02295588561144));
#2404=CARTESIAN_POINT('Ctrl Pts',(11.7287951735892,22.2263371732977,16.531132298392));
#2405=CARTESIAN_POINT('Ctrl Pts',(14.7070304185212,20.6547281900354,16.4884801189325));
#2406=CARTESIAN_POINT('Ctrl Pts',(20.02258347499,16.3000098635928,16.4031757600135));
#2407=CARTESIAN_POINT('Ctrl Pts',(24.8035682921995,7.16596919458028,16.2752192216351));
#2408=CARTESIAN_POINT('Ctrl Pts',(25.6301514841114,-3.10917663125371,16.1472626832565));
#2409=CARTESIAN_POINT('Ctrl Pts',(22.3705330378319,-12.8892939664411,16.0193061448781));
#2410=CARTESIAN_POINT('Ctrl Pts',(15.5443873598492,-20.6141458777918,15.8913496064995));
#2411=CARTESIAN_POINT('Ctrl Pts',(6.24002198467198,-25.0526541677084,15.763393068121));
#2412=CARTESIAN_POINT('Ctrl Pts',(-4.05921401485918,-25.4969736628912,15.6354365297425));
#2413=CARTESIAN_POINT('Ctrl Pts',(-13.7112377286051,-21.8763094143099,15.507479991364));
#2414=CARTESIAN_POINT('Ctrl Pts',(-21.1773921669185,-14.7680130084136,15.3795234529855));
#2415=CARTESIAN_POINT('Ctrl Pts',(-25.2670401084628,-5.30503985313458,15.251566914607));
#2416=CARTESIAN_POINT('Ctrl Pts',(-25.3287809997173,5.00326511066039,15.1236103762285));
#2417=CARTESIAN_POINT('Ctrl Pts',(-21.3515815486255,14.5147848510071,14.99565383785));
#2418=CARTESIAN_POINT('Ctrl Pts',(-13.971846415248,21.7104942161811,14.8676972994715));
#2419=CARTESIAN_POINT('Ctrl Pts',(-4.36159387832578,25.4482769844542,14.739740761093));
#2420=CARTESIAN_POINT('Ctrl Pts',(5.93820482657921,25.1223433746588,14.6117842227145));
#2421=CARTESIAN_POINT('Ctrl Pts',(16.3428749337725,20.3233733372913,14.4696102911829));
#2422=CARTESIAN_POINT('Ctrl Pts',(24.2792531979535,10.2852212356552,14.313218966498));
#2423=CARTESIAN_POINT('Ctrl Pts',(26.1252310815989,-3.55911240321471,14.14261024866));
#2424=CARTESIAN_POINT('Ctrl Pts',(20.6452973306898,-16.3997649982891,13.972001530822));
#2425=CARTESIAN_POINT('Ctrl Pts',(9.37362649784912,-24.6442707644778,13.801392812984));
#2426=CARTESIAN_POINT('Ctrl Pts',(-4.52431502038122,-25.9750003636834,13.630784095146));
#2427=CARTESIAN_POINT('Ctrl Pts',(-17.1582496488512,-20.0214038644388,13.460175377308));
#2428=CARTESIAN_POINT('Ctrl Pts',(-23.6707897586207,-10.3811449740432,13.3180014457763));
#2429=CARTESIAN_POINT('Ctrl Pts',(-25.3837455304062,-1.48248876829303,13.204262300551));
#2430=CARTESIAN_POINT('Ctrl Pts',(-24.718262770113,7.55414797977636,13.0905231553257));
#2431=CARTESIAN_POINT('Ctrl Pts',(-19.371356631298,17.887955589051,12.948349223794));
#2432=CARTESIAN_POINT('Ctrl Pts',(-7.51829281114862,25.2721109832281,12.777740505956));
#2433=CARTESIAN_POINT('Ctrl Pts',(6.44109610588011,25.5674696656799,12.607131788118));
#2434=CARTESIAN_POINT('Ctrl Pts',(18.5952439261119,18.692547902421,12.43652307028));
#2435=CARTESIAN_POINT('Ctrl Pts',(25.5336241751578,6.57535198343804,12.265914352442));
#2436=CARTESIAN_POINT('Ctrl Pts',(25.3109938879392,-7.38681239441424,12.095305634604));
#2437=CARTESIAN_POINT('Ctrl Pts',(17.9887811101056,-19.2765497068074,11.924696916766));
#2438=CARTESIAN_POINT('Ctrl Pts',(5.62353745972174,-25.7600479852297,11.754088198928));
#2439=CARTESIAN_POINT('Ctrl Pts',(-8.3241815198267,-25.0195329964051,11.58347948109));
#2440=CARTESIAN_POINT('Ctrl Pts',(-18.6371309485044,-18.1216656687549,11.4318272874562));
#2441=CARTESIAN_POINT('Ctrl Pts',(-24.0577020948733,-8.95329261393631,11.2991316180267));
#2442=CARTESIAN_POINT('Ctrl Pts',(-25.6704178756133,0.021253611889398,11.1853924728014));
#2443=CARTESIAN_POINT('Ctrl Pts',(-23.7783878847749,10.5029874534359,11.0526968033718));
#2444=CARTESIAN_POINT('Ctrl Pts',(-16.5111727314321,20.558670563538,10.901044609738));
#2445=CARTESIAN_POINT('Ctrl Pts',(-3.69231164033383,26.1068617304607,10.7304358919));
#2446=CARTESIAN_POINT('Ctrl Pts',(10.1551451207598,24.3320995301354,10.559827174062));
#2447=CARTESIAN_POINT('Ctrl Pts',(21.158273331563,15.7327176415463,10.389218456224));
#2448=CARTESIAN_POINT('Ctrl Pts',(26.2257034161989,2.72322582268986,10.218609738386));
#2449=CARTESIAN_POINT('Ctrl Pts',(23.9381980566396,-11.0547281322557,10.048001020548));
#2450=CARTESIAN_POINT('Ctrl Pts',(16.4367894004334,-19.9457472395573,9.90582708901633));
#2451=CARTESIAN_POINT('Ctrl Pts',(8.34120914352302,-24.0227820326724,9.79208794379102));
#2452=CARTESIAN_POINT('Ctrl Pts',(0.946416063760563,-25.5307518395453,9.6973053227699));
#2453=CARTESIAN_POINT('Ctrl Pts',(-7.36951418940253,-24.5935925470529,9.59304443964669));
#2454=CARTESIAN_POINT('Ctrl Pts',(-15.5001662137356,-20.4603461773487,9.47930529442135));
#2455=CARTESIAN_POINT('Ctrl Pts',(-22.7183921278316,-12.633253544025,9.34660962499179));
#2456=CARTESIAN_POINT('Ctrl Pts',(-26.358916534964,-0.767638923150453,9.19495743135802));
#2457=CARTESIAN_POINT('Ctrl Pts',(-23.4149762676215,11.2899586007068,9.04330523772424));
#2458=CARTESIAN_POINT('Ctrl Pts',(-16.6647831920915,19.5235741866221,8.91060956829468));
#2459=CARTESIAN_POINT('Ctrl Pts',(-8.78744762371031,24.1234280891416,8.79687042306935));
#2460=CARTESIAN_POINT('Ctrl Pts',(0.207288011438025,25.6706842340738,8.68313127784401));
#2461=CARTESIAN_POINT('Ctrl Pts',(9.17191681211156,23.978248243968,8.56939213261868));
#2462=CARTESIAN_POINT('Ctrl Pts',(16.979850732436,19.2547089615776,8.45565298739334));
#2463=CARTESIAN_POINT('Ctrl Pts',(22.6418076869699,12.1000249321722,8.34191384216801));
#2464=CARTESIAN_POINT('Ctrl Pts',(25.4438876773371,3.41617412850338,8.22817469694269));
#2465=CARTESIAN_POINT('Ctrl Pts',(25.0317782953204,-5.69897293485155,8.11443555171734));
#2466=CARTESIAN_POINT('Ctrl Pts',(21.457116611753,-14.0941538880307,8.00069640649201));
#2467=CARTESIAN_POINT('Ctrl Pts',(15.1724371690083,-20.7092944371548,7.88695726126669));
#2468=CARTESIAN_POINT('Ctrl Pts',(6.97052770804316,-24.7075928778689,7.77321811604134));
#2469=CARTESIAN_POINT('Ctrl Pts',(-2.1116133934738,-25.5853431864963,7.65947897081602));
#2470=CARTESIAN_POINT('Ctrl Pts',(-10.9271873857604,-23.2305819784013,7.54573982559067));
#2471=CARTESIAN_POINT('Ctrl Pts',(-18.3621570548685,-17.941456183126,7.43200068036535));
#2472=CARTESIAN_POINT('Ctrl Pts',(-23.4776918852636,-10.3854145568802,7.31826153514001));
#2473=CARTESIAN_POINT('Ctrl Pts',(-25.6272829520314,-1.51812384958295,7.20452238991468));
#2474=CARTESIAN_POINT('Ctrl Pts',(-24.5400296127537,7.54178164513977,7.09078324468935));
#2475=CARTESIAN_POINT('Ctrl Pts',(-21.2228097282991,13.9588270525811,7.00073975471928));
#2476=CARTESIAN_POINT('Ctrl Pts',(-16.2637251692942,19.5836385731899,6.90595713369818));
#2477=CARTESIAN_POINT('Ctrl Pts',(-8.60561850967199,24.6191257037485,6.79221798847284));
#2478=CARTESIAN_POINT('Ctrl Pts',(4.11338726614406,26.0452685587707,6.63582666378801));
#2479=CARTESIAN_POINT('Ctrl Pts',(16.8358297211494,20.2905903175674,6.46521794595001));
#2480=CARTESIAN_POINT('Ctrl Pts',(24.8404762307958,8.84573957205496,6.29460922811201));
#2481=CARTESIAN_POINT('Ctrl Pts',(25.6113412154356,-1.59415928694,6.16665268973351));
#2482=CARTESIAN_POINT('Ctrl Pts',(23.2830695000208,-10.2902631338872,6.05291354450817));
#2483=CARTESIAN_POINT('Ctrl Pts',(19.8228958005908,-16.2230051967466,5.96760918558918));
#2484=CARTESIAN_POINT('Ctrl Pts',(13.7870533055621,-21.3713394843352,5.868087433517));
#2485=CARTESIAN_POINT('Ctrl Pts',(8.66403419840364,-23.7769739652077,5.79700046775118));
#2486=CARTESIAN_POINT('Ctrl Pts',(2.10313106051687,-25.3719080135567,5.71169610883217));
#2487=CARTESIAN_POINT('Ctrl Pts',(-5.52724805566637,-25.1440773485352,5.61691348781106));
#2488=CARTESIAN_POINT('Ctrl Pts',(-14.246620809742,-21.3555708069741,5.49843521153468));
#2489=CARTESIAN_POINT('Ctrl Pts',(-20.8162042157505,-15.025298822975,5.38469606630934));
#2490=CARTESIAN_POINT('Ctrl Pts',(-24.756544150897,-6.79463828631961,5.27095692108402));
#2491=CARTESIAN_POINT('Ctrl Pts',(-25.5698923796604,2.29323341929882,5.15721777585866));
#2492=CARTESIAN_POINT('Ctrl Pts',(-23.1522394210572,11.091854728929,5.04347863063335));
#2493=CARTESIAN_POINT('Ctrl Pts',(-17.8105031162832,18.4891929477123,4.92973948540799));
#2494=CARTESIAN_POINT('Ctrl Pts',(-10.2184894531228,23.5507917542269,4.81600034018268));
#2495=CARTESIAN_POINT('Ctrl Pts',(-1.3358567068333,25.6376331325056,4.70226119495733));
#2496=CARTESIAN_POINT('Ctrl Pts',(7.7155955540801,24.4851146939387,4.58852204973201));
#2497=CARTESIAN_POINT('Ctrl Pts',(15.7927716828459,20.2403195096656,4.47478290450667));
#2498=CARTESIAN_POINT('Ctrl Pts',(21.8737396386809,13.437793082281,4.36104375928134));
#2499=CARTESIAN_POINT('Ctrl Pts',(25.3321548003181,4.58429056450976,4.24256548300495));
#2500=CARTESIAN_POINT('Ctrl Pts',(25.2597888505027,-5.34205117777022,4.11934807567751));
#2501=CARTESIAN_POINT('Ctrl Pts',(21.155445088037,-14.7990454089181,3.991391537299));
#2502=CARTESIAN_POINT('Ctrl Pts',(13.6793020281812,-21.8963739066153,3.8634349989205));
#2503=CARTESIAN_POINT('Ctrl Pts',(4.0217657645089,-25.5029077951233,3.73547846054201));
#2504=CARTESIAN_POINT('Ctrl Pts',(-6.2766965378344,-25.0434601415711,3.6075219221635));
#2505=CARTESIAN_POINT('Ctrl Pts',(-15.574604842155,-20.5913808463391,3.479565383785));
#2506=CARTESIAN_POINT('Ctrl Pts',(-22.3893885663098,-12.8564139086637,3.3516088454065));
#2507=CARTESIAN_POINT('Ctrl Pts',(-25.6346903753179,-3.07176004839873,3.223652307028));
#2508=CARTESIAN_POINT('Ctrl Pts',(-24.7930284591879,7.20261759024098,3.0956957686495));
#2509=CARTESIAN_POINT('Ctrl Pts',(-19.998678410185,16.3287028079678,2.967739230271));
#2510=CARTESIAN_POINT('Ctrl Pts',(-12.0158644430072,22.8514755053224,2.8397826918925));
#2511=CARTESIAN_POINT('Ctrl Pts',(-2.11752830210903,25.7311230201804,2.711826153514));
#2512=CARTESIAN_POINT('Ctrl Pts',(8.1187143291671,24.5083284851762,2.5838696151355));
#2513=CARTESIAN_POINT('Ctrl Pts',(17.05998618422,19.3784662029523,2.455913076757));
#2514=CARTESIAN_POINT('Ctrl Pts',(23.2826358700761,11.1585419687101,2.3279565383785));
#2515=CARTESIAN_POINT('Ctrl Pts',(24.9544317837687,4.49342571817825,2.2426521794595));
#2516=CARTESIAN_POINT('Ctrl Pts',(25.1057612265206,1.12935981956957,2.2));
#2517=CARTESIAN_POINT('Ctrl Pts',(25.1057612265206,1.12935981956957,2.2));
#2518=CARTESIAN_POINT('Ctrl Pts',(25.0729373845932,1.61935402636884,2.19999999999255));
#2519=CARTESIAN_POINT('Ctrl Pts',(25.0256194606436,2.10767017252812,2.19999999998469));
#2520=CARTESIAN_POINT('Ctrl Pts',(24.9640923811288,2.5937122821872,2.19999999997663));
#2521=CARTESIAN_POINT('Ctrl Pts',(24.9020326457785,3.08396218405825,2.1999999999685));
#2522=CARTESIAN_POINT('Ctrl Pts',(24.8255165811914,3.57189899295259,2.19999999996015));
#2523=CARTESIAN_POINT('Ctrl Pts',(24.7347832197964,4.05691119671849,2.19999999995184));
#2524=CARTESIAN_POINT('Ctrl Pts',(24.6436475894682,4.54407371585682,2.19999999994349));
#2525=CARTESIAN_POINT('Ctrl Pts',(24.538168199717,5.02828614261099,2.19999999993518));
#2526=CARTESIAN_POINT('Ctrl Pts',(24.4185352541154,5.5089213904257,2.19999999992723));
#2527=CARTESIAN_POINT('Ctrl Pts',(24.2991782577817,5.98844798924666,2.19999999991929));
#2528=CARTESIAN_POINT('Ctrl Pts',(24.1657327579171,6.46441438211059,2.19999999991172));
#2529=CARTESIAN_POINT('Ctrl Pts',(24.0183381946787,6.93618302880414,2.19999999990488));
#2530=CARTESIAN_POINT('Ctrl Pts',(23.8718003108776,7.40520968495258,2.19999999989807));
#2531=CARTESIAN_POINT('Ctrl Pts',(23.7114748585952,7.87008771291565,2.199999999892));
#2532=CARTESIAN_POINT('Ctrl Pts',(23.5374525682813,8.33016890228318,2.1999999998871));
#2533=CARTESIAN_POINT('Ctrl Pts',(23.380646121572,8.74473473963875,2.19999999988268));
#2534=CARTESIAN_POINT('Ctrl Pts',(23.212718161243,9.15540585754461,2.19999999987922));
#2535=CARTESIAN_POINT('Ctrl Pts',(23.0337043136294,9.56168806451819,2.19999999987708));
#2536=CARTESIAN_POINT('Ctrl Pts',(22.9441973898226,9.76482916800498,2.19999999987601));
#2537=CARTESIAN_POINT('Ctrl Pts',(22.8519185465354,9.9668727189639,2.19999999987526));
#2538=CARTESIAN_POINT('Ctrl Pts',(22.7568695983585,10.1677548103869,2.1999999998749));
#2539=CARTESIAN_POINT('Ctrl Pts',(22.7316621547701,10.2210297185748,2.19999999987481));
#2540=CARTESIAN_POINT('Ctrl Pts',(22.7062598702518,10.2742229287174,2.19999999987475));
#2541=CARTESIAN_POINT('Ctrl Pts',(22.6806627583365,10.3273332302425,2.19999999987471));
#2542=CARTESIAN_POINT('Ctrl Pts',(22.6623253651277,10.3653806664427,2.19999999987468));
#2543=CARTESIAN_POINT('Ctrl Pts',(22.643888421701,10.4033845960459,2.19999999987466));
#2544=CARTESIAN_POINT('Ctrl Pts',(22.6253576208077,10.4413331053196,2.19999999987465));
#2545=CARTESIAN_POINT('Ctrl Pts',(22.5722192571123,10.5501531017725,2.19999999987461));
#2546=CARTESIAN_POINT('Ctrl Pts',(22.5182969699985,10.6585426777452,2.19999999987463));
#2547=CARTESIAN_POINT('Ctrl Pts',(22.4635940350584,10.7664930582679,2.1999999998747));
#2548=CARTESIAN_POINT('Ctrl Pts',(22.2429747654151,11.2018615469002,2.19999999987498));
#2549=CARTESIAN_POINT('Ctrl Pts',(22.0096618688972,11.6300877308947,2.19999999987602));
#2550=CARTESIAN_POINT('Ctrl Pts',(21.7641506236846,12.0507286093296,2.19999999987748));
#2551=CARTESIAN_POINT('Ctrl Pts',(21.5166064718305,12.4748525202207,2.19999999987894));
#2552=CARTESIAN_POINT('Ctrl Pts',(21.2566608466437,12.8912654076936,2.19999999988082));
#2553=CARTESIAN_POINT('Ctrl Pts',(20.9847727193819,13.2994915580908,2.19999999988281));
#2554=CARTESIAN_POINT('Ctrl Pts',(20.7118193712492,13.7093170832744,2.19999999988482));
#2555=CARTESIAN_POINT('Ctrl Pts',(20.4268294462752,14.1108920148306,2.19999999988694));
#2556=CARTESIAN_POINT('Ctrl Pts',(20.1302229414866,14.5037070303388,2.19999999988895));
#2557=CARTESIAN_POINT('Ctrl Pts',(19.8345821163637,14.8952431343372,2.19999999989094));
#2558=CARTESIAN_POINT('Ctrl Pts',(19.5273998762306,15.2780766515098,2.19999999989281));
#2559=CARTESIAN_POINT('Ctrl Pts',(19.2090531893752,15.6516695177949,2.19999999989441));
#2560=CARTESIAN_POINT('Ctrl Pts',(18.8927287527258,16.0228891906969,2.19999999989599));
#2561=CARTESIAN_POINT('Ctrl Pts',(18.5653809063939,16.3849855921657,2.19999999989729));
#2562=CARTESIAN_POINT('Ctrl Pts',(18.227346266785,16.7373920773238,2.19999999989822));
#2563=CARTESIAN_POINT('Ctrl Pts',(17.925091584266,17.052497388461,2.19999999989906));
#2564=CARTESIAN_POINT('Ctrl Pts',(17.6142921152939,17.3598551955825,2.19999999989959));
#2565=CARTESIAN_POINT('Ctrl Pts',(17.2951691722618,17.6590303734566,2.19999999989981));
#2566=CARTESIAN_POINT('Ctrl Pts',(17.2153884365038,17.7338241679251,2.19999999989986));
#2567=CARTESIAN_POINT('Ctrl Pts',(17.1350874023558,17.8081063995468,2.1999999998999));
#2568=CARTESIAN_POINT('Ctrl Pts',(17.0542693707152,17.8818699654275,2.19999999989991));
#2569=CARTESIAN_POINT('Ctrl Pts',(17.011548716596,17.9208616077703,2.19999999989992));
#2570=CARTESIAN_POINT('Ctrl Pts',(16.9686836014522,17.9597083218315,2.19999999989992));
#2571=CARTESIAN_POINT('Ctrl Pts',(16.9256745062564,17.9984090440915,2.19999999989992));
#2572=CARTESIAN_POINT('Ctrl Pts',(16.8933047334294,18.0275362224731,2.19999999989992));
#2573=CARTESIAN_POINT('Ctrl Pts',(16.8608530760424,18.056580962175,2.19999999989991));
#2574=CARTESIAN_POINT('Ctrl Pts',(16.8283312379232,18.0855326686431,2.19999999989991));
#2575=CARTESIAN_POINT('Ctrl Pts',(16.6588264419397,18.236429831352,2.19999999989994));
#2576=CARTESIAN_POINT('Ctrl Pts',(16.4873403149489,18.384867603086,2.19999999990017));
#2577=CARTESIAN_POINT('Ctrl Pts',(16.3139165574298,18.530800072079,2.19999999990057));
#2578=CARTESIAN_POINT('Ctrl Pts',(15.9424060141441,18.8434184331051,2.19999999990141));
#2579=CARTESIAN_POINT('Ctrl Pts',(15.5620060436742,19.1445422570463,2.19999999990299));
#2580=CARTESIAN_POINT('Ctrl Pts',(15.1733384456,19.4339510363537,2.19999999990493));
#2581=CARTESIAN_POINT('Ctrl Pts',(14.781741082973,19.7255413702518,2.19999999990689));
#2582=CARTESIAN_POINT('Ctrl Pts',(14.3817505565836,20.0052396549114,2.19999999990922));
#2583=CARTESIAN_POINT('Ctrl Pts',(13.973967351362,20.2727807548752,2.19999999991163));
#2584=CARTESIAN_POINT('Ctrl Pts',(13.5649272179793,20.5411465085728,2.19999999991404));
#2585=CARTESIAN_POINT('Ctrl Pts',(13.1480458369684,20.7972802752606,2.19999999991653));
#2586=CARTESIAN_POINT('Ctrl Pts',(12.7239003664883,21.0408707725401,2.19999999991885));
#2587=CARTESIAN_POINT('Ctrl Pts',(12.3016652230505,21.2833641520932,2.19999999992115));
#2588=CARTESIAN_POINT('Ctrl Pts',(11.8722308013923,21.5134271998682,2.1999999999233));
#2589=CARTESIAN_POINT('Ctrl Pts',(11.4361449210692,21.7307062184629,2.19999999992511));
#2590=CARTESIAN_POINT('Ctrl Pts',(11.0030864977015,21.9464768119841,2.19999999992692));
#2591=CARTESIAN_POINT('Ctrl Pts',(10.5634681893323,22.149640443549,2.19999999992841));
#2592=CARTESIAN_POINT('Ctrl Pts',(10.1178121261277,22.3398018352242,2.19999999992948));
#2593=CARTESIAN_POINT('Ctrl Pts',(9.72245464711824,22.5085008267223,2.19999999993044));
#2594=CARTESIAN_POINT('Ctrl Pts',(9.32234499384584,22.6669663563301,2.19999999993106));
#2595=CARTESIAN_POINT('Ctrl Pts',(8.91784247041653,22.8148880577249,2.19999999993136));
#2596=CARTESIAN_POINT('Ctrl Pts',(8.86784021663993,22.8331732797539,2.1999999999314));
#2597=CARTESIAN_POINT('Ctrl Pts',(8.81777083442703,22.8512973450011,2.19999999993144));
#2598=CARTESIAN_POINT('Ctrl Pts',(8.7676350002066,22.8692596312439,2.19999999993146));
#2599=CARTESIAN_POINT('Ctrl Pts',(8.72017781827948,22.8862622302692,2.19999999993149));
#2600=CARTESIAN_POINT('Ctrl Pts',(8.67265929703958,22.9031204716525,2.1999999999315));
#2601=CARTESIAN_POINT('Ctrl Pts',(8.62510066303837,22.9198266726767,2.19999999993154));
#2602=CARTESIAN_POINT('Ctrl Pts',(8.31645212289401,23.0282474603162,2.19999999993176));
#2603=CARTESIAN_POINT('Ctrl Pts',(8.00592338759818,23.1303345017165,2.19999999993243));
#2604=CARTESIAN_POINT('Ctrl Pts',(7.69369057469131,23.2260103410084,2.19999999993341));
#2605=CARTESIAN_POINT('Ctrl Pts',(7.23208911928574,23.3674564185463,2.19999999993485));
#2606=CARTESIAN_POINT('Ctrl Pts',(6.76676395479952,23.4948923543217,2.19999999993696));
#2607=CARTESIAN_POINT('Ctrl Pts',(6.2983739193208,23.6083501763758,2.19999999993937));
#2608=CARTESIAN_POINT('Ctrl Pts',(5.82675439281288,23.7225902759993,2.19999999994179));
#2609=CARTESIAN_POINT('Ctrl Pts',(5.35202708084354,23.822658927714,2.19999999994451));
#2610=CARTESIAN_POINT('Ctrl Pts',(4.87484837874202,23.9085382780769,2.19999999994722));
#2611=CARTESIAN_POINT('Ctrl Pts',(4.39656127620811,23.9946171107482,2.19999999994994));
#2612=CARTESIAN_POINT('Ctrl Pts',(3.9158108579946,24.0664407020842,2.19999999995265));
#2613=CARTESIAN_POINT('Ctrl Pts',(3.43324969071316,24.1239394672034,2.19999999995512));
#2614=CARTESIAN_POINT('Ctrl Pts',(2.95343779653007,24.1811106473057,2.19999999995757));
#2615=CARTESIAN_POINT('Ctrl Pts',(2.47183521044181,24.2241197533527,2.19999999995977));
#2616=CARTESIAN_POINT('Ctrl Pts',(1.98908289185987,24.2528471693546,2.19999999996158));
#2617=CARTESIAN_POINT('Ctrl Pts',(1.50997107562088,24.2813579479189,2.19999999996337));
#2618=CARTESIAN_POINT('Ctrl Pts',(1.02972631187002,24.295801608266,2.19999999996476));
#2619=CARTESIAN_POINT('Ctrl Pts',(0.548982139842283,24.2960108306367,2.19999999996569));
#2620=CARTESIAN_POINT('Ctrl Pts',(0.337294583253684,24.2961029581652,2.19999999996609));
#2621=CARTESIAN_POINT('Ctrl Pts',(0.125510329938363,24.293434466701,2.1999999999664));
#2622=CARTESIAN_POINT('Ctrl Pts',(-0.0863157224680746,24.2879879462098,
2.19999999996663));
#2623=CARTESIAN_POINT('Ctrl Pts',(-0.176580649693412,24.2856670335072,2.19999999996672));
#2624=CARTESIAN_POINT('Ctrl Pts',(-0.266853159575214,24.28284164935,2.1999999999668));
#2625=CARTESIAN_POINT('Ctrl Pts',(-0.35712896874795,24.279510340265,2.19999999996686));
#2626=CARTESIAN_POINT('Ctrl Pts',(-0.419163992823448,24.2772211573578,2.1999999999669));
#2627=CARTESIAN_POINT('Ctrl Pts',(-0.481200574388165,24.2746930725468,2.19999999996694));
#2628=CARTESIAN_POINT('Ctrl Pts',(-0.543237317117477,24.2719255967367,2.19999999996696));
#2629=CARTESIAN_POINT('Ctrl Pts',(-0.600358386521352,24.2693774104382,2.19999999996699));
#2630=CARTESIAN_POINT('Ctrl Pts',(-0.657484406891667,24.2666259828139,2.19999999996701));
#2631=CARTESIAN_POINT('Ctrl Pts',(-0.7145847274034,24.2636725577719,2.199999999967));
#2632=CARTESIAN_POINT('Ctrl Pts',(-1.14056618903753,24.2416393309016,2.19999999996693));
#2633=CARTESIAN_POINT('Ctrl Pts',(-1.56540265125785,24.2083556292242,2.19999999996554));
#2634=CARTESIAN_POINT('Ctrl Pts',(-1.98865860037956,24.1638138926532,2.19999999996399));
#2635=CARTESIAN_POINT('Ctrl Pts',(-2.47631477216129,24.1124949382811,2.19999999996221));
#2636=CARTESIAN_POINT('Ctrl Pts',(-2.96187331860788,24.0462327452076,2.19999999996022));
#2637=CARTESIAN_POINT('Ctrl Pts',(-3.44470006634542,23.9653245273056,2.19999999995986));
#2638=CARTESIAN_POINT('Ctrl Pts',(-24.2103838779933,-2.28212540478691E-5,
14.6545563031089));
#2639=CARTESIAN_POINT('Ctrl Pts',(-24.2104674422132,1.5740300158889,14.6338635613515));
#2640=CARTESIAN_POINT('Ctrl Pts',(-24.0581114036459,3.14807970509061,14.613170819594));
#2641=CARTESIAN_POINT('Ctrl Pts',(-23.7531132611013,4.69201787815965,14.5924780778365));
#2642=CARTESIAN_POINT('Ctrl Pts',(-23.1244466656792,7.87440563536924,14.549825898377));
#2643=CARTESIAN_POINT('Ctrl Pts',(-21.8472640280995,10.9288614474807,14.5071737189175));
#2644=CARTESIAN_POINT('Ctrl Pts',(-20.0237484319454,13.6114813246132,14.464521539458));
#2645=CARTESIAN_POINT('Ctrl Pts',(-18.2002328357913,16.2941012017457,14.4218693599985));
#2646=CARTESIAN_POINT('Ctrl Pts',(-15.8303842810628,18.6048851438992,14.379217180539));
#2647=CARTESIAN_POINT('Ctrl Pts',(-13.1023874237592,20.3604472121624,14.3365650010795));
#2648=CARTESIAN_POINT('Ctrl Pts',(-10.3743905664557,22.1160092804255,14.29391282162));
#2649=CARTESIAN_POINT('Ctrl Pts',(-7.28824540657705,23.3163494747983,14.2512606421605));
#2650=CARTESIAN_POINT('Ctrl Pts',(-4.09137836536076,23.8641970691026,14.208608462701));
#2651=CARTESIAN_POINT('Ctrl Pts',(-0.894511324144455,24.4120446634069,14.1659562832415));
#2652=CARTESIAN_POINT('Ctrl Pts',(2.41307759840953,24.3073996576428,14.123304103782));
#2653=CARTESIAN_POINT('Ctrl Pts',(5.5704463430443,23.5615925134347,14.0806519243225));
#2654=CARTESIAN_POINT('Ctrl Pts',(8.72781508767906,22.8157853692265,14.037999744863));
#2655=CARTESIAN_POINT('Ctrl Pts',(11.7349636543946,21.4288160865743,13.9953475654035));
#2656=CARTESIAN_POINT('Ctrl Pts',(14.3470138376769,19.5059272140214,13.952695385944));
#2657=CARTESIAN_POINT('Ctrl Pts',(17.8297474153866,16.9420753839508,13.8958258133313));
#2658=CARTESIAN_POINT('Ctrl Pts',(20.6100838669927,13.425477616279,13.8389562407187));
#2659=CARTESIAN_POINT('Ctrl Pts',(22.2966678896897,9.44425600740131,13.782086668106));
#2660=CARTESIAN_POINT('Ctrl Pts',(23.9832519123868,5.46303439852364,13.7252170954933));
#2661=CARTESIAN_POINT('Ctrl Pts',(24.5760835061747,1.01718894844014,13.6683475228807));
#2662=CARTESIAN_POINT('Ctrl Pts',(23.9926240759626,-3.26750777906519,13.611477950268));
#2663=CARTESIAN_POINT('Ctrl Pts',(23.4091646457504,-7.55220450657052,13.5546083776553));
#2664=CARTESIAN_POINT('Ctrl Pts',(21.6494141915382,-11.6757525114977,13.4977388050427));
#2665=CARTESIAN_POINT('Ctrl Pts',(18.9597045594431,-15.0613234340612,13.44086923243));
#2666=CARTESIAN_POINT('Ctrl Pts',(16.269994927348,-18.4468943566247,13.3839996598173));
#2667=CARTESIAN_POINT('Ctrl Pts',(12.6503261173702,-21.0944881968245,13.3271300872047));
#2668=CARTESIAN_POINT('Ctrl Pts',(8.60896083954025,-22.6319697850713,13.270260514592));
#2669=CARTESIAN_POINT('Ctrl Pts',(4.56759556171031,-24.1694513733181,13.2133909419793));
#2670=CARTESIAN_POINT('Ctrl Pts',(0.104533816028283,-24.5968207096117,13.1565213693667));
#2671=CARTESIAN_POINT('Ctrl Pts',(-4.15557976714884,-23.8545759472251,13.099651796754));
#2672=CARTESIAN_POINT('Ctrl Pts',(-8.41569335032601,-23.1123311848384,13.0427822241413));
#2673=CARTESIAN_POINT('Ctrl Pts',(-12.4728587709983,-21.2004723237713,12.9859126515287));
#2674=CARTESIAN_POINT('Ctrl Pts',(-15.756282571459,-18.3870778446329,12.929043078916));
#2675=CARTESIAN_POINT('Ctrl Pts',(-19.0397063719196,-15.5736833654945,12.8721735063033));
#2676=CARTESIAN_POINT('Ctrl Pts',(-21.5493885521687,-11.8587532682848,12.8153039336907));
#2677=CARTESIAN_POINT('Ctrl Pts',(-22.9360525026411,-7.76280954107134,12.758434361078));
#2678=CARTESIAN_POINT('Ctrl Pts',(-23.6293844778772,-5.7148376774646,12.7299995747717));
#2679=CARTESIAN_POINT('Ctrl Pts',(-24.0419618956692,-3.57161240635689,12.7015647884653));
#2680=CARTESIAN_POINT('Ctrl Pts',(-24.1681177397027,-1.4117689835611,12.673130002159));
#2681=CARTESIAN_POINT('Ctrl Pts',(-24.195586215027,-0.941496629411017,12.6669387691488));
#2682=CARTESIAN_POINT('Ctrl Pts',(-24.2094759311283,-0.470436436979284,
12.6607475361386));
#2683=CARTESIAN_POINT('Ctrl Pts',(-24.2097501006051,0.000602304615550267,
12.6545563031285));
#2684=CARTESIAN_POINT('Ctrl Pts',(-20.9748085560333,-13.8431248770013,16.));
#2685=CARTESIAN_POINT('Ctrl Pts',(-22.8297287835912,-11.0325891774802,15.957347820542));
#2686=CARTESIAN_POINT('Ctrl Pts',(-25.3948505392145,-4.65772278228242,15.8720434616259));
#2687=CARTESIAN_POINT('Ctrl Pts',(-25.192208459487,5.64989104308241,15.7440869232517));
#2688=CARTESIAN_POINT('Ctrl Pts',(-20.9738046023854,15.0555997275366,15.6161303848776));
#2689=CARTESIAN_POINT('Ctrl Pts',(-13.4112639693079,22.0615640865354,15.4881738465035));
#2690=CARTESIAN_POINT('Ctrl Pts',(-3.71071600112016,25.5499836229457,15.3602173081294));
#2691=CARTESIAN_POINT('Ctrl Pts',(6.58149162021853,24.9651228360589,15.2322607697552));
#2692=CARTESIAN_POINT('Ctrl Pts',(15.824404390365,20.4000227221979,15.1043042313811));
#2693=CARTESIAN_POINT('Ctrl Pts',(22.5444068115147,12.5825762736402,14.976347693007));
#2694=CARTESIAN_POINT('Ctrl Pts',(25.6702631178248,2.75911566321023,14.8483911546328));
#2695=CARTESIAN_POINT('Ctrl Pts',(24.7033197528173,-7.50429431249374,14.7204346162587));
#2696=CARTESIAN_POINT('Ctrl Pts',(19.7983480886935,-16.5711567168419,14.5924780778846));
#2697=CARTESIAN_POINT('Ctrl Pts',(11.7361298514194,-22.9963753689203,14.4645215395105));
#2698=CARTESIAN_POINT('Ctrl Pts',(1.80441589255276,-25.7547273489117,14.3365650011363));
#2699=CARTESIAN_POINT('Ctrl Pts',(-8.41810125086476,-24.4081339252278,14.2086084627622));
#2700=CARTESIAN_POINT('Ctrl Pts',(-17.2923778200053,-19.1679801368012,14.0806519243881));
#2701=CARTESIAN_POINT('Ctrl Pts',(-24.1028427196981,-9.95471671660969,13.9384779928612));
#2702=CARTESIAN_POINT('Ctrl Pts',(-26.233751447931,2.66295972762812,13.7820866681818));
#2703=CARTESIAN_POINT('Ctrl Pts',(-21.1911388024586,15.6877738223954,13.6114779503496));
#2704=CARTESIAN_POINT('Ctrl Pts',(-10.2099691323175,24.3093562978727,13.4408692325174));
#2705=CARTESIAN_POINT('Ctrl Pts',(3.63754759369925,26.1146980673466,13.2702605146852));
#2706=CARTESIAN_POINT('Ctrl Pts',(16.4627869435813,20.5948685876496,13.0996517968531));
#2707=CARTESIAN_POINT('Ctrl Pts',(24.6729800753471,9.29930179599248,12.9290430790209));
#2708=CARTESIAN_POINT('Ctrl Pts',(25.9609858322778,-4.60407208460867,12.7584343611887));
#2709=CARTESIAN_POINT('Ctrl Pts',(19.969499460088,-17.217144148387,12.5878256433566));
#2710=CARTESIAN_POINT('Ctrl Pts',(8.37589302802118,-25.0003586142757,12.4172169255244));
#2711=CARTESIAN_POINT('Ctrl Pts',(-5.56559432218619,-25.7730541845037,12.2466082076922));
#2712=CARTESIAN_POINT('Ctrl Pts',(-17.9467815657089,-19.3156570158532,12.07599948986));
#2713=CARTESIAN_POINT('Ctrl Pts',(-25.2946490822194,-7.44203541880447,11.9053907720279));
#2714=CARTESIAN_POINT('Ctrl Pts',(-25.5475414013839,6.51889652622136,11.7347820541957));
#2715=CARTESIAN_POINT('Ctrl Pts',(-18.6366346981013,18.6525151508251,11.5641733363635));
#2716=CARTESIAN_POINT('Ctrl Pts',(-6.49701570954526,25.5529641018202,11.3935646185313));
#2717=CARTESIAN_POINT('Ctrl Pts',(7.46223291008005,25.2883845639927,11.2229559006992));
#2718=CARTESIAN_POINT('Ctrl Pts',(19.3344824470278,17.9299224729638,11.052347182867));
#2719=CARTESIAN_POINT('Ctrl Pts',(25.0548200083194,6.92070375917599,10.9006949892384));
#2720=CARTESIAN_POINT('Ctrl Pts',(25.3988595279383,-3.72372289746537,10.7679993198134));
#2721=CARTESIAN_POINT('Ctrl Pts',(22.4946636917605,-12.3685103358099,10.654260174592));
#2722=CARTESIAN_POINT('Ctrl Pts',(15.7924690351312,-20.6453310773156,10.5215645051669));
#2723=CARTESIAN_POINT('Ctrl Pts',(4.58535510597976,-25.9670579488097,10.3699123115383));
#2724=CARTESIAN_POINT('Ctrl Pts',(-9.32184365578271,-24.6633627402882,10.1993035937062));
#2725=CARTESIAN_POINT('Ctrl Pts',(-20.6082570394156,-16.4462060447156,10.028694875874));
#2726=CARTESIAN_POINT('Ctrl Pts',(-26.1179860552661,-3.61449760129367,9.85808615804182));
#2727=CARTESIAN_POINT('Ctrl Pts',(-24.3008163977821,10.2298985534827,9.68747744020963));
#2728=CARTESIAN_POINT('Ctrl Pts',(-15.669019763258,21.2058015123412,9.51686872237747));
#2729=CARTESIAN_POINT('Ctrl Pts',(-2.6420161219374,26.2336677456365,9.34626000454529));
#2730=CARTESIAN_POINT('Ctrl Pts',(11.1255125675984,23.9045514815724,9.17565128671313));
#2731=CARTESIAN_POINT('Ctrl Pts',(21.773046829912,14.8697622922152,9.00504256888093));
#2732=CARTESIAN_POINT('Ctrl Pts',(26.3144501825905,1.66625407281246,8.83443385104879));
#2733=CARTESIAN_POINT('Ctrl Pts',(23.4741245808693,-12.0061583339424,8.66382513321659));
#2734=CARTESIAN_POINT('Ctrl Pts',(14.0517143955807,-22.3100621689769,8.49321641538444));
#2735=CARTESIAN_POINT('Ctrl Pts',(0.686898568472425,-26.3580069526425,8.32260769755225));
#2736=CARTESIAN_POINT('Ctrl Pts',(-12.8688050447645,-23.0126271775198,8.1519989797201));
#2737=CARTESIAN_POINT('Ctrl Pts',(-22.8174009874321,-13.2121786204159,7.98139026188791));
#2738=CARTESIAN_POINT('Ctrl Pts',(-26.3643517854437,0.290688168229448,7.81078154405576));
#2739=CARTESIAN_POINT('Ctrl Pts',(-22.519399956237,13.7183979491819,7.64017282622356));
#2740=CARTESIAN_POINT('Ctrl Pts',(-13.4839094796351,22.2224825681792,7.48852063259498));
#2741=CARTESIAN_POINT('Ctrl Pts',(-3.33716241801874,25.4516028636472,7.35582496316995));
#2742=CARTESIAN_POINT('Ctrl Pts',(5.77414512054643,25.0155521002093,7.2420858179485));
#2743=CARTESIAN_POINT('Ctrl Pts',(14.1599759467378,21.4134653237554,7.12834667272705));
#2744=CARTESIAN_POINT('Ctrl Pts',(20.7547690898482,15.1097938942215,7.01460752750561));
#2745=CARTESIAN_POINT('Ctrl Pts',(24.7291688618973,6.89480593112729,6.90086838228417));
#2746=CARTESIAN_POINT('Ctrl Pts',(25.5781391074964,-2.18855727840848,6.78712923706271));
#2747=CARTESIAN_POINT('Ctrl Pts',(23.1981985142849,-10.9994765190433,6.67339009184127));
#2748=CARTESIAN_POINT('Ctrl Pts',(17.8843185794025,-18.4138930472008,6.55965094661982));
#2749=CARTESIAN_POINT('Ctrl Pts',(9.05476077010427,-24.3653355240192,6.42695527719479));
#2750=CARTESIAN_POINT('Ctrl Pts',(-3.22117267675949,-26.1713085471779,6.2753030835662));
#2751=CARTESIAN_POINT('Ctrl Pts',(-16.1358940836295,-20.8519302805289,6.10469436573403));
#2752=CARTESIAN_POINT('Ctrl Pts',(-24.5213498113796,-9.68961453835244,5.93408564790185));
#2753=CARTESIAN_POINT('Ctrl Pts',(-26.0312880311742,4.19309272372074,5.76347693006968));
#2754=CARTESIAN_POINT('Ctrl Pts',(-20.239343627692,16.8982027274017,5.59286821223751));
#2755=CARTESIAN_POINT('Ctrl Pts',(-8.77149975398749,24.8650335181675,5.42225949440534));
#2756=CARTESIAN_POINT('Ctrl Pts',(5.15680436004892,25.8569634744581,5.25165077657316));
#2757=CARTESIAN_POINT('Ctrl Pts',(17.6385117811516,19.5985152289334,5.081042058741));
#2758=CARTESIAN_POINT('Ctrl Pts',(25.1732955543321,7.84042458858259,4.91043334090881));
#2759=CARTESIAN_POINT('Ctrl Pts',(25.6485057741758,-6.11198638425897,4.73982462307666));
#2760=CARTESIAN_POINT('Ctrl Pts',(18.9289191728402,-18.3574546869104,4.56921590524448));
#2761=CARTESIAN_POINT('Ctrl Pts',(8.23762743346402,-24.6535961442781,4.41756371161588));
#2762=CARTESIAN_POINT('Ctrl Pts',(-2.37213581248999,-25.5597098391724,4.28486804219087));
#2763=CARTESIAN_POINT('Ctrl Pts',(-11.1617330231539,-23.1203112824703,4.17112889696941));
#2764=CARTESIAN_POINT('Ctrl Pts',(-18.5433602618022,-17.7532611935315,4.05738975174796));
#2765=CARTESIAN_POINT('Ctrl Pts',(-23.5820992390786,-10.1474112225028,3.94365060652651));
#2766=CARTESIAN_POINT('Ctrl Pts',(-25.6409000701179,-1.25772871208468,3.82991146130507));
#2767=CARTESIAN_POINT('Ctrl Pts',(-24.4136032648165,8.16738400942144,3.71143318503272));
#2768=CARTESIAN_POINT('Ctrl Pts',(-19.5749720771869,16.8350091492568,3.58821577770949));
#2769=CARTESIAN_POINT('Ctrl Pts',(-11.4272880271481,23.1512460793935,3.46025923933536));
#2770=CARTESIAN_POINT('Ctrl Pts',(-1.45879096852756,25.7768735891489,3.33230270096123));
#2771=CARTESIAN_POINT('Ctrl Pts',(8.74280180559233,24.2927148477804,3.2043461625871));
#2772=CARTESIAN_POINT('Ctrl Pts',(17.5502691510281,18.9356812304077,3.07638962421297));
#2773=CARTESIAN_POINT('Ctrl Pts',(23.5598428754753,10.5596902721044,2.94843308583884));
#2774=CARTESIAN_POINT('Ctrl Pts',(25.8132123290904,0.500203612521266,2.82047654746472));
#2775=CARTESIAN_POINT('Ctrl Pts',(23.9512366351813,-9.6390520448765,2.69252000909059));
#2776=CARTESIAN_POINT('Ctrl Pts',(18.27069853127,-18.2415348516469,2.56456347071646));
#2777=CARTESIAN_POINT('Ctrl Pts',(9.67730628999525,-23.9358177167818,2.43660693234233));
#2778=CARTESIAN_POINT('Ctrl Pts',(-0.458985798049497,-25.8139567573643,
2.3086503939682));
#2779=CARTESIAN_POINT('Ctrl Pts',(-10.5220058871834,-23.5767254754662,2.18069385559407));
#2780=CARTESIAN_POINT('Ctrl Pts',(-18.9076944198128,-17.5804062556725,2.05273731721994));
#2781=CARTESIAN_POINT('Ctrl Pts',(-24.2785721333281,-8.78177360830963,1.92478077884581));
#2782=CARTESIAN_POINT('Ctrl Pts',(-25.7794904766627,1.41799193549716,1.79682424047168));
#2783=CARTESIAN_POINT('Ctrl Pts',(-24.0387821647236,8.06545053474095,1.7115198815556));
#2784=CARTESIAN_POINT('Ctrl Pts',(-22.5531078211601,11.087471665336,1.66886770209756));
#2785=CARTESIAN_POINT('Ctrl Pts',(-20.7189038566818,-13.6741662869696,16.1770441142174));
#2786=CARTESIAN_POINT('Ctrl Pts',(-22.5511843472193,-10.8979207355951,16.1343919347594));
#2787=CARTESIAN_POINT('Ctrl Pts',(-25.0849928575382,-4.60083488725558,16.0490875758433));
#2788=CARTESIAN_POINT('Ctrl Pts',(-24.8848013263352,5.58100512330087,15.9211310374692));
#2789=CARTESIAN_POINT('Ctrl Pts',(-20.7178502276257,14.8719364234822,15.793174499095));
#2790=CARTESIAN_POINT('Ctrl Pts',(-13.2475726121468,21.7923978837899,15.6652179607209));
#2791=CARTESIAN_POINT('Ctrl Pts',(-3.66538313907018,25.23823097992,15.5372614223468));
#2792=CARTESIAN_POINT('Ctrl Pts',(6.50123783472278,24.6604846026982,15.4093048839727));
#2793=CARTESIAN_POINT('Ctrl Pts',(15.6313589114852,20.1510679796376,15.2813483455985));
#2794=CARTESIAN_POINT('Ctrl Pts',(22.2693471918596,12.4289955191719,15.1533918072244));
#2795=CARTESIAN_POINT('Ctrl Pts',(25.3570407867049,2.72539395935783,15.0254352688503));
#2796=CARTESIAN_POINT('Ctrl Pts',(24.401874060118,-7.41277993857997,14.8974787304761));
#2797=CARTESIAN_POINT('Ctrl Pts',(19.5567333726356,-16.3689980857089,14.769522192102));
#2798=CARTESIAN_POINT('Ctrl Pts',(11.5928764575687,-22.715799020526,14.6415656537279));
#2799=CARTESIAN_POINT('Ctrl Pts',(1.78234324288729,-25.4404723404758,14.5136091153538));
#2800=CARTESIAN_POINT('Ctrl Pts',(-8.31543598308061,-24.1102881283138,14.3856525769796));
#2801=CARTESIAN_POINT('Ctrl Pts',(-17.0814175068154,-18.9340556174832,14.2576960386055));
#2802=CARTESIAN_POINT('Ctrl Pts',(-23.8087614526208,-9.83319773352495,14.1155221070787));
#2803=CARTESIAN_POINT('Ctrl Pts',(-25.9136418202527,2.6305225398918,13.9591307823992));
#2804=CARTESIAN_POINT('Ctrl Pts',(-20.9325311637284,15.4963972033156,13.788522064567));
#2805=CARTESIAN_POINT('Ctrl Pts',(-10.0853351197844,24.0127557015551,13.6179133467349));
#2806=CARTESIAN_POINT('Ctrl Pts',(3.59321824136824,25.7960390391964,13.4473046289027));
#2807=CARTESIAN_POINT('Ctrl Pts',(16.261952345946,20.3435349702118,13.2766959110705));
#2808=CARTESIAN_POINT('Ctrl Pts',(24.3719405946289,9.18577895621087,13.1060871932383));
#2809=CARTESIAN_POINT('Ctrl Pts',(25.6442003278597,-4.54794888261593,12.9354784754062));
#2810=CARTESIAN_POINT('Ctrl Pts',(19.7257949727894,-17.0071035530931,12.764869757574));
#2811=CARTESIAN_POINT('Ctrl Pts',(8.27363690945903,-24.6953224858126,12.5942610397418));
#2812=CARTESIAN_POINT('Ctrl Pts',(-5.49773823464519,-25.4585597594029,12.4236523219097));
#2813=CARTESIAN_POINT('Ctrl Pts',(-17.7278365422898,-19.079929142738,12.2530436040775));
#2814=CARTESIAN_POINT('Ctrl Pts',(-24.9860200238664,-7.35117358899339,12.0824348862453));
#2815=CARTESIAN_POINT('Ctrl Pts',(-25.2357966377864,6.43940777334472,11.9118261684131));
#2816=CARTESIAN_POINT('Ctrl Pts',(-18.4091907349007,18.4249573196065,11.741217450581));
#2817=CARTESIAN_POINT('Ctrl Pts',(-6.41768444539551,25.2411810616463,11.5706087327488));
#2818=CARTESIAN_POINT('Ctrl Pts',(7.37123302260403,24.9798000075991,11.4000000149166));
#2819=CARTESIAN_POINT('Ctrl Pts',(19.0986017446293,17.7111003425233,11.2293912970844));
#2820=CARTESIAN_POINT('Ctrl Pts',(24.7491162243286,6.8362037259626,11.0777391034559));
#2821=CARTESIAN_POINT('Ctrl Pts',(25.0889349684216,-3.67834050117274,10.9450434340308));
#2822=CARTESIAN_POINT('Ctrl Pts',(22.2201575706088,-12.2176381233449,10.8313042888094));
#2823=CARTESIAN_POINT('Ctrl Pts',(15.5997252770168,-20.3934508353698,10.6986086193844));
#2824=CARTESIAN_POINT('Ctrl Pts',(4.52934901430703,-25.6502180440717,10.5469564257558));
#2825=CARTESIAN_POINT('Ctrl Pts',(-9.2081514809028,-24.3624007078408,10.3763477079236));
#2826=CARTESIAN_POINT('Ctrl Pts',(-20.3568305752995,-16.2454854748775,10.2057389900914));
#2827=CARTESIAN_POINT('Ctrl Pts',(-25.7993024471751,-3.57033757786164,10.0351302722592));
#2828=CARTESIAN_POINT('Ctrl Pts',(-24.0042762056437,10.10512552672,9.86452155442707));
#2829=CARTESIAN_POINT('Ctrl Pts',(-15.4777811306808,20.9470821523206,9.6939128365949));
#2830=CARTESIAN_POINT('Ctrl Pts',(-2.60972205799487,25.9135705070612,9.52330411876272));
#2831=CARTESIAN_POINT('Ctrl Pts',(10.9898104202119,23.612844590034,9.35269540093057));
#2832=CARTESIAN_POINT('Ctrl Pts',(21.5074042366261,14.6882749742194,9.18208668309838));
#2833=CARTESIAN_POINT('Ctrl Pts',(25.993365146768,1.64586607261472,9.01147796526621));
#2834=CARTESIAN_POINT('Ctrl Pts',(23.1876678661355,-11.8597096351098,8.84086924743405));
#2835=CARTESIAN_POINT('Ctrl Pts',(13.8802077374874,-22.0378651679874,8.67026052960186));
#2836=CARTESIAN_POINT('Ctrl Pts',(0.678460559088251,-26.0363883390315,8.49965181176971));
#2837=CARTESIAN_POINT('Ctrl Pts',(-12.7118293521633,-22.7317998000518,8.32904309393752));
#2838=CARTESIAN_POINT('Ctrl Pts',(-22.5390116452518,-13.0509148806593,8.15843437610535));
#2839=CARTESIAN_POINT('Ctrl Pts',(-26.0426536574317,0.287197689543012,7.98782565827318));
#2840=CARTESIAN_POINT('Ctrl Pts',(-22.2445891108744,13.55105447721,7.81721694044101));
#2841=CARTESIAN_POINT('Ctrl Pts',(-13.3193313580083,21.9513529957194,7.66556474681241));
#2842=CARTESIAN_POINT('Ctrl Pts',(-3.29638786313388,25.141049861001,7.53286907738739));
#2843=CARTESIAN_POINT('Ctrl Pts',(5.70374267544198,24.7103002595905,7.41912993216594));
#2844=CARTESIAN_POINT('Ctrl Pts',(13.987241975474,21.1521481333147,7.30539078694449));
#2845=CARTESIAN_POINT('Ctrl Pts',(20.5015520237136,14.9253798955048,7.19165164172305));
#2846=CARTESIAN_POINT('Ctrl Pts',(24.4274386137973,6.81062260072019,7.07791249650159));
#2847=CARTESIAN_POINT('Ctrl Pts',(25.2660302703279,-2.16190733880164,6.96417335128015));
#2848=CARTESIAN_POINT('Ctrl Pts',(22.9151108032791,-10.8653107484085,6.8504342060587));
#2849=CARTESIAN_POINT('Ctrl Pts',(17.6660548798135,-18.1892452679262,6.73669506083726));
#2850=CARTESIAN_POINT('Ctrl Pts',(8.94422247622865,-24.0680493944123,6.60399939141223));
#2851=CARTESIAN_POINT('Ctrl Pts',(-3.18192404748835,-25.8519596508607,6.45234719778363));
#2852=CARTESIAN_POINT('Ctrl Pts',(-15.9390487796101,-20.5974606998713,6.28173847995146));
#2853=CARTESIAN_POINT('Ctrl Pts',(-24.2221613577037,-9.57132943207909,6.11112976211929));
#2854=CARTESIAN_POINT('Ctrl Pts',(-25.7136455808378,4.14198443762169,5.94052104428711));
#2855=CARTESIAN_POINT('Ctrl Pts',(-19.9923471885315,16.6920544297474,5.76991232645495));
#2856=CARTESIAN_POINT('Ctrl Pts',(-8.6644167368674,24.5616494726302,5.59930360862277));
#2857=CARTESIAN_POINT('Ctrl Pts',(5.09393650254021,25.5414460651877,5.4286948907906));
#2858=CARTESIAN_POINT('Ctrl Pts',(17.4233288680788,19.3593365838567,5.25808617295843));
#2859=CARTESIAN_POINT('Ctrl Pts',(24.8661481039665,7.74470187893556,5.08747745512625));
#2860=CARTESIAN_POINT('Ctrl Pts',(25.3355299164518,-6.03746296042445,4.91686873729409));
#2861=CARTESIAN_POINT('Ctrl Pts',(18.6979093902473,-18.1334978062567,4.74626001946191));
#2862=CARTESIAN_POINT('Ctrl Pts',(8.13705917309027,-24.3527909110418,4.59460782583332));
#2863=CARTESIAN_POINT('Ctrl Pts',(-2.34324581031725,-25.2478254823363,4.46191215640829));
#2864=CARTESIAN_POINT('Ctrl Pts',(-11.0255872336914,-22.8381736028381,4.34817301118685));
#2865=CARTESIAN_POINT('Ctrl Pts',(-18.3171324442944,-17.5365963771747,4.2344338659654));
#2866=CARTESIAN_POINT('Ctrl Pts',(-23.2943724906339,-10.0235420992323,4.12069472074395));
#2867=CARTESIAN_POINT('Ctrl Pts',(-25.3280328093111,-1.24232697677401,4.0069555755225));
#2868=CARTESIAN_POINT('Ctrl Pts',(-24.1156912683329,8.06777800214002,3.88847729925017));
#2869=CARTESIAN_POINT('Ctrl Pts',(-19.3360824271545,16.6296305152376,3.76525989192692));
#2870=CARTESIAN_POINT('Ctrl Pts',(-11.2878027856771,22.8687793386411,3.6373033535528));
#2871=CARTESIAN_POINT('Ctrl Pts',(-1.44093558259513,25.4623476119318,3.50934681517866));
#2872=CARTESIAN_POINT('Ctrl Pts',(8.63617429819829,23.9962766972843,3.38139027680454));
#2873=CARTESIAN_POINT('Ctrl Pts',(17.3361615531193,18.7045906669437,3.25343373843041));
#2874=CARTESIAN_POINT('Ctrl Pts',(23.2723885823722,10.430790572501,3.12547720005628));
#2875=CARTESIAN_POINT('Ctrl Pts',(25.4982408928941,0.494044820171147,2.99752066168215));
#2876=CARTESIAN_POINT('Ctrl Pts',(23.6589632772201,-9.52148777104678,2.86956412330802));
#2877=CARTESIAN_POINT('Ctrl Pts',(18.0477205974676,-18.0189910129699,2.74160758493389));
#2878=CARTESIAN_POINT('Ctrl Pts',(9.55917262352772,-23.6437738923454,2.61365104655976));
#2879=CARTESIAN_POINT('Ctrl Pts',(-0.453440574279487,-25.4989741822642,
2.48569450818564));
#2880=CARTESIAN_POINT('Ctrl Pts',(-10.3936670186134,-23.2890200061567,2.35773796981151));
#2881=CARTESIAN_POINT('Ctrl Pts',(-18.6770206308548,-17.3658498324814,2.22978143143738));
#2882=CARTESIAN_POINT('Ctrl Pts',(-23.98234410462,-8.67456648643578,2.10182489306325));
#2883=CARTESIAN_POINT('Ctrl Pts',(-25.4649264036762,1.40074485644446,1.97386835468912));
#2884=CARTESIAN_POINT('Ctrl Pts',(-23.7454439492888,7.96708751532823,1.88856399577303));
#2885=CARTESIAN_POINT('Ctrl Pts',(-22.2778913105174,10.9522307966409,1.84591181631499));
#2886=CARTESIAN_POINT('Ctrl Pts',(-20.4629996958488,-13.5052068663144,16.3540882142869));
#2887=CARTESIAN_POINT('Ctrl Pts',(-22.2726403381,-10.763251390949,16.3114360348289));
#2888=CARTESIAN_POINT('Ctrl Pts',(-24.775135351135,-4.54394599044844,16.2261316759128));
#2889=CARTESIAN_POINT('Ctrl Pts',(-24.5773939625508,5.51212019398458,16.0981751375387));
#2890=CARTESIAN_POINT('Ctrl Pts',(-20.4618952530958,14.6882739407198,15.9702185991645));
#2891=CARTESIAN_POINT('Ctrl Pts',(-13.0838803816996,21.5232322022005,15.8422620607904));
#2892=CARTESIAN_POINT('Ctrl Pts',(-3.62004926944526,24.9264784748391,15.7143055224163));
#2893=CARTESIAN_POINT('Ctrl Pts',(6.42098503045336,24.3558461020725,15.5863489840421));
#2894=CARTESIAN_POINT('Ctrl Pts',(15.4383142310472,19.9021126072149,15.458392445668));
#2895=CARTESIAN_POINT('Ctrl Pts',(21.9942880605659,12.2754138726626,15.3304359072939));
#2896=CARTESIAN_POINT('Ctrl Pts',(25.0438185560081,2.69167124350024,15.2024793689198));
#2897=CARTESIAN_POINT('Ctrl Pts',(24.1004280638904,-7.32126653528441,15.0745228305456));
#2898=CARTESIAN_POINT('Ctrl Pts',(19.3151179974948,-16.1668402290779,14.9465662921715));
#2899=CARTESIAN_POINT('Ctrl Pts',(11.4496221541467,-22.4352231270074,14.8186097537973));
#2900=CARTESIAN_POINT('Ctrl Pts',(1.76026957819684,-25.1262173948314,14.6906532154232));
#2901=CARTESIAN_POINT('Ctrl Pts',(-8.21277167399421,-23.812441991973,14.5626966770491));
#2902=CARTESIAN_POINT('Ctrl Pts',(-16.8704579430655,-18.7001304108768,14.434740138675));
#2903=CARTESIAN_POINT('Ctrl Pts',(-23.5146805698984,-9.71167779786084,14.2925662071482));
#2904=CARTESIAN_POINT('Ctrl Pts',(-25.5935320792462,2.59808638461276,14.1361748824687));
#2905=CARTESIAN_POINT('Ctrl Pts',(-20.6739229002639,15.305021413882,13.9655661646365));
#2906=CARTESIAN_POINT('Ctrl Pts',(-9.96070014645318,23.7161554995777,13.7949574468043));
#2907=CARTESIAN_POINT('Ctrl Pts',(3.54888991648929,25.4773798593702,13.6243487289721));
#2908=CARTESIAN_POINT('Ctrl Pts',(16.0611185542249,20.0922006977035,13.45374001114));
#2909=CARTESIAN_POINT('Ctrl Pts',(24.0709014722578,9.07225514160271,13.2831312933078));
#2910=CARTESIAN_POINT('Ctrl Pts',(25.3274146337487,-4.49182670171287,13.1125225754756));
#2911=CARTESIAN_POINT('Ctrl Pts',(19.4820898009082,-16.7970637388352,12.9419138576435));
#2912=CARTESIAN_POINT('Ctrl Pts',(8.17137980347043,-24.3902866792216,12.7713051398113));
#2913=CARTESIAN_POINT('Ctrl Pts',(-5.42988316048015,-25.1440651067989,12.6006964219791));
#2914=CARTESIAN_POINT('Ctrl Pts',(-17.5088922739186,-18.844200556507,12.4300877041469));
#2915=CARTESIAN_POINT('Ctrl Pts',(-24.6773912505106,-7.26031076046948,12.2594789863148));
#2916=CARTESIAN_POINT('Ctrl Pts',(-24.9240516092037,6.35992002466005,12.0888702684826));
#2917=CARTESIAN_POINT('Ctrl Pts',(-18.1817460310072,18.1974002164561,11.9182615506504));
#2918=CARTESIAN_POINT('Ctrl Pts',(-6.33835217265836,24.929398269169,11.7476528328183));
#2919=CARTESIAN_POINT('Ctrl Pts',(7.2802341288025,24.6712151491441,11.5770441149861));
#2920=CARTESIAN_POINT('Ctrl Pts',(18.8627217422536,17.4922774447586,11.4064353971539));
#2921=CARTESIAN_POINT('Ctrl Pts',(24.4434127048706,6.75170270364544,11.2547832035253));
#2922=CARTESIAN_POINT('Ctrl Pts',(24.7790102540653,-3.63295910410947,11.1220875341003));
#2923=CARTESIAN_POINT('Ctrl Pts',(21.9456509550456,-12.0667667929394,11.0083483888789));
#2924=CARTESIAN_POINT('Ctrl Pts',(15.4069807006341,-20.1415712088319,10.8756527194538));
#2925=CARTESIAN_POINT('Ctrl Pts',(4.47334189835,-25.3333783115933,10.7240005258252));
#2926=CARTESIAN_POINT('Ctrl Pts',(-9.09446027448203,-24.0614383002876,10.5533918079931));
#2927=CARTESIAN_POINT('Ctrl Pts',(-20.105404752351,-16.0447640880182,10.3827830901609));
#2928=CARTESIAN_POINT('Ctrl Pts',(-25.4806189730554,-3.5261765245142,10.2121743723287));
#2929=CARTESIAN_POINT('Ctrl Pts',(-23.7077356027486,9.98035345384494,10.0415656544965));
#2930=CARTESIAN_POINT('Ctrl Pts',(-15.286541657796,20.688363402663,9.87095693666437));
#2931=CARTESIAN_POINT('Ctrl Pts',(-2.57742695989315,25.593473364115,9.7003482188322));
#2932=CARTESIAN_POINT('Ctrl Pts',(10.8541092108172,23.3211372525897,9.52973950100002));
#2933=CARTESIAN_POINT('Ctrl Pts',(21.2417622220357,14.5067867938276,9.35913078316785));
#2934=CARTESIAN_POINT('Ctrl Pts',(25.6722801681202,1.62547703539135,9.18852206533568));
#2935=CARTESIAN_POINT('Ctrl Pts',(22.9012106709436,-11.713261857031,9.0179133475035));
#2936=CARTESIAN_POINT('Ctrl Pts',(13.7087001961119,-21.7656687133046,8.84730462967135));
#2937=CARTESIAN_POINT('Ctrl Pts',(0.670021511277271,-25.7147697439949,8.67669591183915));
#2938=CARTESIAN_POINT('Ctrl Pts',(-12.554854561863,-22.4509719083019,8.506087194007));
#2939=CARTESIAN_POINT('Ctrl Pts',(-22.2606228161442,-12.8896502379051,8.33547847617481));
#2940=CARTESIAN_POINT('Ctrl Pts',(-25.720955509491,0.283708249218385,8.16486975834265));
#2941=CARTESIAN_POINT('Ctrl Pts',(-21.9697777179224,13.38371188784,7.99426104051047));
#2942=CARTESIAN_POINT('Ctrl Pts',(-13.1547523567273,21.6802239472203,7.84260884688188));
#2943=CARTESIAN_POINT('Ctrl Pts',(-3.25561230467184,24.8304969816166,7.70991317745685));
#2944=CARTESIAN_POINT('Ctrl Pts',(5.63334121381222,24.4050481834937,7.59617403223541));
#2945=CARTESIAN_POINT('Ctrl Pts',(13.8145088431043,20.8908303782456,7.48243488701395));
#2946=CARTESIAN_POINT('Ctrl Pts',(20.2483355460603,14.7409650744249,7.36869574179252));
#2947=CARTESIAN_POINT('Ctrl Pts',(24.1257086293216,6.72643829404795,7.25495659657106));
#2948=CARTESIAN_POINT('Ctrl Pts',(24.9539213387274,-2.13525840598268,7.14121745134961));
#2949=CARTESIAN_POINT('Ctrl Pts',(22.63202265156,-10.7311458879802,7.02747830612817));
#2950=CARTESIAN_POINT('Ctrl Pts',(17.4477904491734,-17.9645981871725,6.91373916090672));
#2951=CARTESIAN_POINT('Ctrl Pts',(8.83368321972566,-23.7707636136281,6.7810434914817));
#2952=CARTESIAN_POINT('Ctrl Pts',(-3.14267644803654,-25.5326106192482,6.6293912978531));
#2953=CARTESIAN_POINT('Ctrl Pts',(-15.7422042917312,-20.3429904769373,6.45878258002093));
#2954=CARTESIAN_POINT('Ctrl Pts',(-23.922973277804,-9.45304335682562,6.28817386218875));
#2955=CARTESIAN_POINT('Ctrl Pts',(-25.3960029569697,4.09087717551238,6.11756514435659));
#2956=CARTESIAN_POINT('Ctrl Pts',(-19.7453500772648,16.4859069238603,5.94695642652441));
#2957=CARTESIAN_POINT('Ctrl Pts',(-8.55733273752532,24.258265764595,5.77634770869224));
#2958=CARTESIAN_POINT('Ctrl Pts',(5.03106966184472,25.2259284444821,5.60573899086006));
#2959=CARTESIAN_POINT('Ctrl Pts',(17.2081467212946,19.1201572377206,5.4351302730279));
#2960=CARTESIAN_POINT('Ctrl Pts',(24.5590009543258,7.64897817522208,5.26452155519572));
#2961=CARTESIAN_POINT('Ctrl Pts',(25.0225538097427,-5.96294054488392,5.09391283736355));
#2962=CARTESIAN_POINT('Ctrl Pts',(18.4668988784879,-17.9095416652866,4.92330411953138));
#2963=CARTESIAN_POINT('Ctrl Pts',(8.03648993899553,-24.0519859943446,4.77165192590279));
#2964=CARTESIAN_POINT('Ctrl Pts',(-2.31435681414538,-24.9359410238411,4.63895625647776));
#2965=CARTESIAN_POINT('Ctrl Pts',(-10.88944235132,-22.5560354761323,4.52521711125631));
#2966=CARTESIAN_POINT('Ctrl Pts',(-18.0909053200968,-17.3199308247032,4.41147796603487));
#2967=CARTESIAN_POINT('Ctrl Pts',(-23.0066461343057,-9.89967204383695,4.29773882081341));
#2968=CARTESIAN_POINT('Ctrl Pts',(-25.0151655897954,-1.22692423109434,4.18399967559197));
#2969=CARTESIAN_POINT('Ctrl Pts',(-23.817778942299,7.96817295385071,4.06552139931963));
#2970=CARTESIAN_POINT('Ctrl Pts',(-19.0971921077169,16.4242526468377,3.94230399199639));
#2971=CARTESIAN_POINT('Ctrl Pts',(-11.1483166286349,22.5863130405495,3.81434745362226));
#2972=CARTESIAN_POINT('Ctrl Pts',(-1.42307918087597,25.1478216838855,3.68639091524813));
#2973=CARTESIAN_POINT('Ctrl Pts',(8.52954774485079,23.6998381946087,3.558434376874));
#2974=CARTESIAN_POINT('Ctrl Pts',(17.1220546954184,18.4734994061084,3.43047783849988));
#2975=CARTESIAN_POINT('Ctrl Pts',(22.9849346976253,10.3018899415106,3.30252130012574));
#2976=CARTESIAN_POINT('Ctrl Pts',(25.1832694680992,0.487885010911648,3.17456476175162));
#2977=CARTESIAN_POINT('Ctrl Pts',(23.3666895318873,-9.40392443752531,3.04660822337749));
#2978=CARTESIAN_POINT('Ctrl Pts',(17.8247419392793,-17.7964478880855,2.91865168500336));
#2979=CARTESIAN_POINT('Ctrl Pts',(9.44103801114848,-23.3517304413886,2.79069514662923));
#2980=CARTESIAN_POINT('Ctrl Pts',(-0.447896367141212,-25.1839915807835,
2.6627386082551));
#2981=CARTESIAN_POINT('Ctrl Pts',(-10.2653290753134,-23.0013141148187,2.53478206988097));
#2982=CARTESIAN_POINT('Ctrl Pts',(-18.4463475282912,-17.1512926588852,2.40682553150684));
#2983=CARTESIAN_POINT('Ctrl Pts',(-23.6861164139962,-8.56735840544171,2.27886899313272));
#2984=CARTESIAN_POINT('Ctrl Pts',(-25.15036226657,1.38349879236648,2.15091245475858));
#2985=CARTESIAN_POINT('Ctrl Pts',(-23.4521054083995,7.86872544016157,2.0656080958425));
#2986=CARTESIAN_POINT('Ctrl Pts',(-22.0026743559003,10.8169908127196,2.02295591638446));
#2987=CARTESIAN_POINT('Ctrl Pts',(-20.207096137311,-13.3362465160217,16.5311322979188));
#2988=CARTESIAN_POINT('Ctrl Pts',(-21.9940968067455,-10.6285810359842,16.4884801184607));
#2989=CARTESIAN_POINT('Ctrl Pts',(-24.4652780405046,-4.4870559726125,16.4031757595446));
#2990=CARTESIAN_POINT('Ctrl Pts',(-24.2699863403436,5.44323637289283,16.2752192211705));
#2991=CARTESIAN_POINT('Ctrl Pts',(-20.2059396071478,14.5046123767507,16.1472626827964));
#2992=CARTESIAN_POINT('Ctrl Pts',(-12.9201871738825,21.254067103463,16.0193061444223));
#2993=CARTESIAN_POINT('Ctrl Pts',(-3.57471427232032,24.6147261237586,15.8913496060481));
#2994=CARTESIAN_POINT('Ctrl Pts',(6.34073332405722,24.0512073020371,15.763393067674));
#2995=CARTESIAN_POINT('Ctrl Pts',(15.2452704438228,19.6531565297094,15.6354365292999));
#2996=CARTESIAN_POINT('Ctrl Pts',(21.7192294754207,12.1218312278089,15.5074799909257));
#2997=CARTESIAN_POINT('Ctrl Pts',(24.7305964373244,2.65794739519853,15.3795234525516));
#2998=CARTESIAN_POINT('Ctrl Pts',(23.7989817276788,-7.22975421797907,15.2515669141775));
#2999=CARTESIAN_POINT('Ctrl Pts',(19.0735018845831,-15.9646832388623,15.1236103758034));
#3000=CARTESIAN_POINT('Ctrl Pts',(11.3063668327763,-22.1546477421618,14.9956538374292));
#3001=CARTESIAN_POINT('Ctrl Pts',(1.73819477769655,-24.8119625190899,14.8676972990551));
#3002=CARTESIAN_POINT('Ctrl Pts',(-8.11010843754666,-23.514595475483,14.739740760681));
#3003=CARTESIAN_POINT('Ctrl Pts',(-16.659499217677,-18.4662044349466,14.6117842223068));
#3004=CARTESIAN_POINT('Ctrl Pts',(-23.2206001169228,-9.59015679614822,14.46961029078));
#3005=CARTESIAN_POINT('Ctrl Pts',(-25.2734222110633,2.56565138458756,14.3132189661005));
#3006=CARTESIAN_POINT('Ctrl Pts',(-20.4153139374439,15.1136465525807,14.1426102482683));
#3007=CARTESIAN_POINT('Ctrl Pts',(-9.83606409787335,23.4195557385173,13.9720015304362));
#3008=CARTESIAN_POINT('Ctrl Pts',(3.50456274124999,25.1587205094588,13.801392812604));
#3009=CARTESIAN_POINT('Ctrl Pts',(15.86028566407,19.8408656919028,13.6307840947719));
#3010=CARTESIAN_POINT('Ctrl Pts',(23.7698627505236,8.95873023606119,13.4601753769397));
#3011=CARTESIAN_POINT('Ctrl Pts',(25.010628727015,-4.43570566331656,13.2895666591075));
#3012=CARTESIAN_POINT('Ctrl Pts',(19.2383838627199,-16.5870247982952,13.1189579412753));
#3013=CARTESIAN_POINT('Ctrl Pts',(8.06912159246248,-24.0852512324482,12.9483492234432));
#3014=CARTESIAN_POINT('Ctrl Pts',(-5.3620292201771,-24.8295701992661,12.777740505611));
#3015=CARTESIAN_POINT('Ctrl Pts',(-17.289948850175,-18.6084711720504,12.6071317877788));
#3016=CARTESIAN_POINT('Ctrl Pts',(-24.3687627957061,-7.16944681430993,12.4365230699466));
#3017=CARTESIAN_POINT('Ctrl Pts',(-24.6123062837541,6.28043339954731,12.2659143521145));
#3018=CARTESIAN_POINT('Ctrl Pts',(-17.9543004980394,17.9698439277338,12.0953056342823));
#3019=CARTESIAN_POINT('Ctrl Pts',(-6.2590187712495,24.6176157535012,11.9246969164501));
#3020=CARTESIAN_POINT('Ctrl Pts',(7.18923634679115,24.3626299523385,11.754088198618));
#3021=CARTESIAN_POINT('Ctrl Pts',(18.6268425229147,17.2734536881295,11.5834794807858));
#3022=CARTESIAN_POINT('Ctrl Pts',(24.1377094810684,6.66720057445226,11.4318272871572));
#3023=CARTESIAN_POINT('Ctrl Pts',(24.469085366094,-3.58757882510419,11.2991316177322));
#3024=CARTESIAN_POINT('Ctrl Pts',(21.6711437859359,-11.9158964493615,11.1853924725107));
#3025=CARTESIAN_POINT('Ctrl Pts',(15.2142352084119,-19.8896922706308,11.0526968030857));
#3026=CARTESIAN_POINT('Ctrl Pts',(4.41733363618347,-25.0165387715069,10.9010446094571));
#3027=CARTESIAN_POINT('Ctrl Pts',(-8.98077015161023,-23.7604754726578,10.7304358916249));
#3028=CARTESIAN_POINT('Ctrl Pts',(-19.8539796465643,-15.8440417867058,10.5598271737928));
#3029=CARTESIAN_POINT('Ctrl Pts',(-25.1619356484819,-3.48201431866964,10.3892184559606));
#3030=CARTESIAN_POINT('Ctrl Pts',(-23.4111945398895,9.85558244820104,10.2186097381284));
#3031=CARTESIAN_POINT('Ctrl Pts',(-15.0953012444122,20.4296453356891,10.0480010202962));
#3032=CARTESIAN_POINT('Ctrl Pts',(-2.54513070455924,25.2733763278097,9.87739230246406));
#3033=CARTESIAN_POINT('Ctrl Pts',(10.7184090508543,23.0294294158562,9.70678358463189));
#3034=CARTESIAN_POINT('Ctrl Pts',(20.9761208546863,14.3252976482317,9.53617486679972));
#3035=CARTESIAN_POINT('Ctrl Pts',(25.3511952530825,1.60508683774184,9.36556614896754));
#3036=CARTESIAN_POINT('Ctrl Pts',(22.6147529378057,-11.5668151090829,9.19495743113537));
#3037=CARTESIAN_POINT('Ctrl Pts',(13.5371916661721,-21.493472869613,9.02434871330321));
#3038=CARTESIAN_POINT('Ctrl Pts',(0.661581301486026,-25.3931511693756,8.85373999547102));
#3039=CARTESIAN_POINT('Ctrl Pts',(-12.3978807810331,-22.1701434407642,8.68313127763886));
#3040=CARTESIAN_POINT('Ctrl Pts',(-21.9822345608328,-12.7283845845375,8.51252255980668));
#3041=CARTESIAN_POINT('Ctrl Pts',(-25.3992573388833,0.280219970787697,8.34191384197451));
#3042=CARTESIAN_POINT('Ctrl Pts',(-21.6949657119191,13.2163702858857,8.17130512414234));
#3043=CARTESIAN_POINT('Ctrl Pts',(-12.9901723709499,21.409095484709,8.01965293051374));
#3044=CARTESIAN_POINT('Ctrl Pts',(-3.21483562318834,24.5199442398043,7.88695726108872));
#3045=CARTESIAN_POINT('Ctrl Pts',(5.56294085258278,24.0997958435551,7.77321811586727));
#3046=CARTESIAN_POINT('Ctrl Pts',(13.6417766492366,20.629511991075,7.65947897064582));
#3047=CARTESIAN_POINT('Ctrl Pts',(19.9951197266122,14.5565493329331,7.54573982542437));
#3048=CARTESIAN_POINT('Ctrl Pts',(23.8239789394899,6.64225289486617,7.43200068020292));
#3049=CARTESIAN_POINT('Ctrl Pts',(24.6418123011036,-2.10861059970084,7.31826153498148));
#3050=CARTESIAN_POINT('Ctrl Pts',(22.3489340063721,-10.5969820458945,7.20452238976003));
#3051=CARTESIAN_POINT('Ctrl Pts',(17.2295252002585,-17.7399518877876,7.09078324453858));
#3052=CARTESIAN_POINT('Ctrl Pts',(8.72314288594323,-23.4734782228272,6.95808757511357));
#3053=CARTESIAN_POINT('Ctrl Pts',(-3.10343000087902,-25.2132614358795,6.80643538148496));
#3054=CARTESIAN_POINT('Ctrl Pts',(-15.5453607168659,-20.0885195350232,6.63582666365279));
#3055=CARTESIAN_POINT('Ctrl Pts',(-23.6237856158079,-9.33475619717542,6.46521794582062));
#3056=CARTESIAN_POINT('Ctrl Pts',(-25.0783601385617,4.03977105916074,6.29460922798844));
#3057=CARTESIAN_POINT('Ctrl Pts',(-19.4983522136478,16.2797603037031,6.12400051015627));
#3058=CARTESIAN_POINT('Ctrl Pts',(-8.45024763898202,23.9548824338687,5.95339179232412));
#3059=CARTESIAN_POINT('Ctrl Pts',(4.96820395886313,24.9104105868263,5.78278307449192));
#3060=CARTESIAN_POINT('Ctrl Pts',(16.9929654317203,18.8809771068455,5.61217435665977));
#3061=CARTESIAN_POINT('Ctrl Pts',(24.2518541408373,7.55325335906674,5.44156563882758));
#3062=CARTESIAN_POINT('Ctrl Pts',(24.7095774240688,-5.8884192575112,5.27095692099542));
#3063=CARTESIAN_POINT('Ctrl Pts',(18.235887550548,-17.6855863517461,5.10034820316324));
#3064=CARTESIAN_POINT('Ctrl Pts',(7.93591961521931,-23.7511814315022,4.94869600953465));
#3065=CARTESIAN_POINT('Ctrl Pts',(-2.28546894362748,-24.6240564512362,4.81600034010962));
#3066=CARTESIAN_POINT('Ctrl Pts',(-10.7532984838027,-22.2738968488416,4.70226119488818));
#3067=CARTESIAN_POINT('Ctrl Pts',(-17.864678971436,-17.1032644482927,4.58852204966673));
#3068=CARTESIAN_POINT('Ctrl Pts',(-22.7189202164161,-9.77580094527853,4.47478290444527));
#3069=CARTESIAN_POINT('Ctrl Pts',(-24.7022984161262,-1.21152035482238,4.36104375922384));
#3070=CARTESIAN_POINT('Ctrl Pts',(-23.5198662471672,7.86856897853304,4.24256548295149));
#3071=CARTESIAN_POINT('Ctrl Pts',(-18.8583010389609,16.2188756349102,4.11934807562826));
#3072=CARTESIAN_POINT('Ctrl Pts',(-11.0088294469346,22.3038472374602,3.99139153725413));
#3073=CARTESIAN_POINT('Ctrl Pts',(-1.40522164249946,24.8332958105009,3.86343499888));
#3074=CARTESIAN_POINT('Ctrl Pts',(8.42292225893305,23.4033992975156,3.73547846050587));
#3075=CARTESIAN_POINT('Ctrl Pts',(16.9079486657451,18.2424073646702,3.60752192213174));
#3076=CARTESIAN_POINT('Ctrl Pts',(22.6974812694892,10.1729882681768,3.47956538375761));
#3077=CARTESIAN_POINT('Ctrl Pts',(24.8682980557026,0.48172406375188,3.35160884538348));
#3078=CARTESIAN_POINT('Ctrl Pts',(23.0744153527628,-9.28636215604824,3.22365230700935));
#3079=CARTESIAN_POINT('Ctrl Pts',(17.6017624702689,-17.5739055616612,3.09569576863523));
#3080=CARTESIAN_POINT('Ctrl Pts',(9.32290234018545,-23.0596874080114,2.96773923026109));
#3081=CARTESIAN_POINT('Ctrl Pts',(-0.442353297579076,-24.869008949424,2.83978269188697));
#3082=CARTESIAN_POINT('Ctrl Pts',(-10.1369921672181,-22.7136077509142,2.71182615351283));
#3083=CARTESIAN_POINT('Ctrl Pts',(-18.2156751935202,-16.9367346453616,2.58386961513871));
#3084=CARTESIAN_POINT('Ctrl Pts',(-23.3898891013413,-8.46014925109628,2.45591307676458));
#3085=CARTESIAN_POINT('Ctrl Pts',(-24.8357980573558,1.36625386399693,2.32795653839045));
#3086=CARTESIAN_POINT('Ctrl Pts',(-23.1587665030019,7.77036442146805,2.24265217947436));
#3087=CARTESIAN_POINT('Ctrl Pts',(-21.727456904174,10.6817518186808,2.20000000001632));
#3088=CARTESIAN_POINT('Ctrl Pts',(-21.7274569041747,10.6817518186794,2.20000000001634));
#3089=CARTESIAN_POINT('Ctrl Pts',(-21.9500965985883,10.2537796905883,2.19999999996323));
#3090=CARTESIAN_POINT('Ctrl Pts',(-22.1599274685407,9.81879834526814,2.19999999988783));
#3091=CARTESIAN_POINT('Ctrl Pts',(-22.3567518465826,9.37741203106867,2.19999999983875));
#3092=CARTESIAN_POINT('Ctrl Pts',(-22.4751207292602,9.11196521314533,2.19999999980923));
#3093=CARTESIAN_POINT('Ctrl Pts',(-22.5887845704209,8.84420151294076,2.19999999978922));
#3094=CARTESIAN_POINT('Ctrl Pts',(-22.6976916523949,8.57424982612751,2.1999999997893));
#3095=CARTESIAN_POINT('Ctrl Pts',(-22.8774089779697,8.12877838102827,2.19999999978942));
#3096=CARTESIAN_POINT('Ctrl Pts',(-23.0436706536213,7.67860127101387,2.19999999979002));
#3097=CARTESIAN_POINT('Ctrl Pts',(-23.1964267088234,7.22437801219982,2.19999999979107));
#3098=CARTESIAN_POINT('Ctrl Pts',(-23.3565860222425,6.74814101344778,2.19999999979217));
#3099=CARTESIAN_POINT('Ctrl Pts',(-23.5018994489081,6.26745587215761,2.19999999979378));
#3100=CARTESIAN_POINT('Ctrl Pts',(-23.6322590222156,5.78304924673175,2.19999999979578));
#3101=CARTESIAN_POINT('Ctrl Pts',(-23.7585547191745,5.31374368813377,2.19999999979772));
#3102=CARTESIAN_POINT('Ctrl Pts',(-23.8708142805686,4.84094440565529,2.19999999980004));
#3103=CARTESIAN_POINT('Ctrl Pts',(-23.9688911207249,4.36528933087536,2.19999999980256));
#3104=CARTESIAN_POINT('Ctrl Pts',(-24.07170175816,3.86667618877763,2.19999999980519));
#3105=CARTESIAN_POINT('Ctrl Pts',(-24.1589281787838,3.36492446489169,2.19999999980805));
#3106=CARTESIAN_POINT('Ctrl Pts',(-24.2303425626123,2.86075158011097,2.19999999981083));
#3107=CARTESIAN_POINT('Ctrl Pts',(-24.2979112902221,2.38372834622331,2.19999999981346));
#3108=CARTESIAN_POINT('Ctrl Pts',(-24.3513247588784,1.90453709621919,2.19999999981603));
#3109=CARTESIAN_POINT('Ctrl Pts',(-24.3903378228249,1.42377842872339,2.19999999981822));
#3110=CARTESIAN_POINT('Ctrl Pts',(-24.3925582410166,1.39641617661682,2.19999999981834));
#3111=CARTESIAN_POINT('Ctrl Pts',(-24.3947319981137,1.36904884655272,2.19999999981847));
#3112=CARTESIAN_POINT('Ctrl Pts',(-24.3968590438043,1.34167654911112,2.19999999981859));
#3113=CARTESIAN_POINT('Ctrl Pts',(-24.4287069078397,0.931836172325787,2.19999999982041));
#3114=CARTESIAN_POINT('Ctrl Pts',(-24.4500849781156,0.520882019730967,2.19999999982194));
#3115=CARTESIAN_POINT('Ctrl Pts',(-24.4610223894699,0.109201503029323,2.19999999982293));
#3116=CARTESIAN_POINT('Ctrl Pts',(-24.4658075069374,-0.0709087230276459,
2.19999999982336));
#3117=CARTESIAN_POINT('Ctrl Pts',(-24.4685938730749,-0.251157951662022,
2.19999999982369));
#3118=CARTESIAN_POINT('Ctrl Pts',(-24.4693823273664,-0.431513534438324,
2.1999999998239));
#3119=CARTESIAN_POINT('Ctrl Pts',(-24.4696870662094,-0.501221255231021,
2.19999999982398));
#3120=CARTESIAN_POINT('Ctrl Pts',(-24.4696933397368,-0.570944861729288,
2.19999999982404));
#3121=CARTESIAN_POINT('Ctrl Pts',(-24.4694011575924,-0.640682461236915,
2.19999999982408));
#3122=CARTESIAN_POINT('Ctrl Pts',(-24.469220070747,-0.683904000071274,2.19999999982411));
#3123=CARTESIAN_POINT('Ctrl Pts',(-24.4689243126841,-0.727131231333528,
2.19999999982412));
#3124=CARTESIAN_POINT('Ctrl Pts',(-24.4685141007623,-0.770348542168752,
2.19999999982415));
#3125=CARTESIAN_POINT('Ctrl Pts',(-24.4639285530241,-1.25345259502629,2.19999999982441));
#3126=CARTESIAN_POINT('Ctrl Pts',(-24.4450441866849,-1.73577869649484,2.19999999982508));
#3127=CARTESIAN_POINT('Ctrl Pts',(-24.4120780452472,-2.21669466948286,2.19999999982615));
#3128=CARTESIAN_POINT('Ctrl Pts',(-24.3787948033002,-2.70223656146829,2.19999999982723));
#3129=CARTESIAN_POINT('Ctrl Pts',(-24.3311575937655,-3.18634155375061,2.19999999982872));
#3130=CARTESIAN_POINT('Ctrl Pts',(-24.2693377107377,-3.66836913418041,2.19999999983052));
#3131=CARTESIAN_POINT('Ctrl Pts',(-24.2071072371394,-4.15359820852369,2.19999999983233));
#3132=CARTESIAN_POINT('Ctrl Pts',(-24.1305050646586,-4.63672270115288,2.19999999983447));
#3133=CARTESIAN_POINT('Ctrl Pts',(-24.0396533712488,-5.11709181504848,2.19999999983677));
#3134=CARTESIAN_POINT('Ctrl Pts',(-23.9488752276429,-5.59707204181677,2.19999999983906));
#3135=CARTESIAN_POINT('Ctrl Pts',(-23.8438705626874,-6.07430187256698,2.19999999984151));
#3136=CARTESIAN_POINT('Ctrl Pts',(-23.7247095711298,-6.54812681802696,2.1999999998439));
#3137=CARTESIAN_POINT('Ctrl Pts',(-23.6064058782673,-7.01854285003227,2.19999999984626));
#3138=CARTESIAN_POINT('Ctrl Pts',(-23.4741487130152,-7.48560331153996,2.19999999984855));
#3139=CARTESIAN_POINT('Ctrl Pts',(-23.3279571495606,-7.9486549368035,2.19999999985047));
#3140=CARTESIAN_POINT('Ctrl Pts',(-23.2818007479467,-8.09485213367705,2.19999999985108));
#3141=CARTESIAN_POINT('Ctrl Pts',(-23.2342549626403,-8.24064959295616,2.19999999985166));
#3142=CARTESIAN_POINT('Ctrl Pts',(-23.185319381375,-8.38602636443356,2.19999999985218));
#3143=CARTESIAN_POINT('Ctrl Pts',(-23.0529346790617,-8.77931198846514,2.19999999985359));
#3144=CARTESIAN_POINT('Ctrl Pts',(-22.910380347064,-9.16951971880296,2.19999999985465));
#3145=CARTESIAN_POINT('Ctrl Pts',(-22.7578300625119,-9.55630033276884,2.19999999985512));
#3146=CARTESIAN_POINT('Ctrl Pts',(-22.7203735352644,-9.6512687469436,2.19999999985523));
#3147=CARTESIAN_POINT('Ctrl Pts',(-22.682314263649,-9.74603048490576,2.19999999985532));
#3148=CARTESIAN_POINT('Ctrl Pts',(-22.643654604709,-9.84058024806806,2.19999999985536));
#3149=CARTESIAN_POINT('Ctrl Pts',(-22.6222638423113,-9.89289554452993,2.19999999985538));
#3150=CARTESIAN_POINT('Ctrl Pts',(-22.6006892689295,-9.94514594361146,2.19999999985539));
#3151=CARTESIAN_POINT('Ctrl Pts',(-22.5789312730677,-9.99733054040321,2.19999999985538));
#3152=CARTESIAN_POINT('Ctrl Pts',(-22.5615965864086,-10.0389062277763,2.19999999985538));
#3153=CARTESIAN_POINT('Ctrl Pts',(-22.5441487260234,-10.0804323247799,2.19999999985538));
#3154=CARTESIAN_POINT('Ctrl Pts',(-22.5265900556996,-10.1219036742208,2.19999999985538));
#3155=CARTESIAN_POINT('Ctrl Pts',(-22.337011955314,-10.5696630718545,2.19999999985541));
#3156=CARTESIAN_POINT('Ctrl Pts',(-22.134446993602,-11.0112183659646,2.19999999985582));
#3157=CARTESIAN_POINT('Ctrl Pts',(-21.9193420554272,-11.4460735645495,2.1999999998566));
#3158=CARTESIAN_POINT('Ctrl Pts',(-21.7021726830283,-11.8851022142979,2.19999999985738));
#3159=CARTESIAN_POINT('Ctrl Pts',(-21.4722213038342,-12.3173019964899,2.19999999985854));
#3160=CARTESIAN_POINT('Ctrl Pts',(-21.2298957956041,-12.7421517330481,2.19999999986));
#3161=CARTESIAN_POINT('Ctrl Pts',(-20.9859360474933,-13.169866650362,2.19999999986147));
#3162=CARTESIAN_POINT('Ctrl Pts',(-20.7294345021272,-13.5901325218476,2.19999999986324));
#3163=CARTESIAN_POINT('Ctrl Pts',(-20.4607577932135,-14.0023997177061,2.19999999986516));
#3164=CARTESIAN_POINT('Ctrl Pts',(-20.1923027660406,-14.4143267571365,2.19999999986709));
#3165=CARTESIAN_POINT('Ctrl Pts',(-19.9116923978374,-14.8182687692597,2.19999999986916));
#3166=CARTESIAN_POINT('Ctrl Pts',(-19.6192466909119,-15.213652813029,2.19999999987117));
#3167=CARTESIAN_POINT('Ctrl Pts',(-19.3290376180046,-15.6060129471234,2.19999999987317));
#3168=CARTESIAN_POINT('Ctrl Pts',(-19.0271732537438,-15.9899459273159,2.19999999987509));
#3169=CARTESIAN_POINT('Ctrl Pts',(-18.7139254785696,-16.3648611438137,2.19999999987667));
#3170=CARTESIAN_POINT('Ctrl Pts',(-18.5518067501195,-16.5588953333349,2.19999999987749));
#3171=CARTESIAN_POINT('Ctrl Pts',(-18.3866383414818,-16.7505135804433,2.19999999987822));
#3172=CARTESIAN_POINT('Ctrl Pts',(-18.2184539844493,-16.939630186893,2.1999999998788));
#3173=CARTESIAN_POINT('Ctrl Pts',(-17.9401188475051,-17.2526069552641,2.19999999987977));
#3174=CARTESIAN_POINT('Ctrl Pts',(-17.6535243384515,-17.5587333196388,2.19999999988036));
#3175=CARTESIAN_POINT('Ctrl Pts',(-17.3589668937359,-17.8577490285428,2.19999999988033));
#3176=CARTESIAN_POINT('Ctrl Pts',(-17.3253423035775,-17.8918825425423,2.19999999988032));
#3177=CARTESIAN_POINT('Ctrl Pts',(-17.2916139320586,-17.9259233746709,2.19999999988031));
#3178=CARTESIAN_POINT('Ctrl Pts',(-17.2577822071091,-17.9598711191974,2.19999999988029));
#3179=CARTESIAN_POINT('Ctrl Pts',(-17.2282409177511,-17.9895137148856,2.19999999988027));
#3180=CARTESIAN_POINT('Ctrl Pts',(-17.1986225934907,-18.0190835372927,2.19999999988025));
#3181=CARTESIAN_POINT('Ctrl Pts',(-17.1689352560504,-18.0485727581174,2.19999999988024));
#3182=CARTESIAN_POINT('Ctrl Pts',(-16.8220252066816,-18.3931677246664,2.19999999988005));
#3183=CARTESIAN_POINT('Ctrl Pts',(-16.4653993111503,-18.7270561771531,2.19999999988024));
#3184=CARTESIAN_POINT('Ctrl Pts',(-16.0996674441935,-19.049957414879,2.1999999998808));
#3185=CARTESIAN_POINT('Ctrl Pts',(-15.730326073221,-19.3760454498724,2.19999999988136));
#3186=CARTESIAN_POINT('Ctrl Pts',(-15.3516977724249,-19.690928674476,2.19999999988231));
#3187=CARTESIAN_POINT('Ctrl Pts',(-14.9643664850329,-19.9942883152201,2.19999999988357));
#3188=CARTESIAN_POINT('Ctrl Pts',(-14.5741956972252,-20.2998718657131,2.19999999988484));
#3189=CARTESIAN_POINT('Ctrl Pts',(-14.1751934863943,-20.5937626118496,2.19999999988642));
#3190=CARTESIAN_POINT('Ctrl Pts',(-13.7679174608175,-20.875599451548,2.19999999988819));
#3191=CARTESIAN_POINT('Ctrl Pts',(-13.3608970246907,-21.1572594221987,2.19999999988996));
#3192=CARTESIAN_POINT('Ctrl Pts',(-12.9456127387401,-21.4268809281016,2.19999999989191));
#3193=CARTESIAN_POINT('Ctrl Pts',(-12.5225880477235,-21.6840634600367,2.19999999989384));
#3194=CARTESIAN_POINT('Ctrl Pts',(-12.1029420299847,-21.9391918902453,2.19999999989576));
#3195=CARTESIAN_POINT('Ctrl Pts',(-11.6756783238216,-22.1820795127731,2.19999999989765));
#3196=CARTESIAN_POINT('Ctrl Pts',(-11.2412817272873,-22.4122916450638,2.19999999989926));
#3197=CARTESIAN_POINT('Ctrl Pts',(-10.9079277931968,-22.5889553679998,2.1999999999005));
#3198=CARTESIAN_POINT('Ctrl Pts',(-10.5703727555588,-22.7581537134855,2.19999999990156));
#3199=CARTESIAN_POINT('Ctrl Pts',(-10.2288274793545,-22.9196710753101,2.19999999990232));
#3200=CARTESIAN_POINT('Ctrl Pts',(-9.89098375323474,-23.0794379675895,2.19999999990307));
#3201=CARTESIAN_POINT('Ctrl Pts',(-9.54923564614561,-23.2316893971126,2.19999999990352));
#3202=CARTESIAN_POINT('Ctrl Pts',(-9.20384318171765,-23.3763370754667,2.1999999999035));
#3203=CARTESIAN_POINT('Ctrl Pts',(-9.08042752389233,-23.4280225932922,2.1999999999035));
#3204=CARTESIAN_POINT('Ctrl Pts',(-8.95664241816278,-23.4786969726943,2.19999999996795));
#3205=CARTESIAN_POINT('Ctrl Pts',(-8.83250169348256,-23.5283602328757,2.20000000000022));
#3206=CARTESIAN_POINT('Ctrl Pts',(-24.2083788810028,7.11253770626476E-5,
12.345443696805));
#3207=CARTESIAN_POINT('Ctrl Pts',(-24.2078933181444,-2.3098139603685,12.3758034878467));
#3208=CARTESIAN_POINT('Ctrl Pts',(-23.881057155326,-4.61981609723897,12.4061632788885));
#3209=CARTESIAN_POINT('Ctrl Pts',(-23.2295510528194,-6.83430417163178,12.4365230699303));
#3210=CARTESIAN_POINT('Ctrl Pts',(-22.0091581472214,-10.9824549335696,12.493392642541));
#3211=CARTESIAN_POINT('Ctrl Pts',(-19.6495534987083,-14.7954630528208,12.5502622151518));
#3212=CARTESIAN_POINT('Ctrl Pts',(-16.4817645694497,-17.738816950317,12.6071317877625));
#3213=CARTESIAN_POINT('Ctrl Pts',(-13.3139756401912,-20.6821708478131,12.6640013603732));
#3214=CARTESIAN_POINT('Ctrl Pts',(-9.33800243018726,-22.7558705235541,12.7208709329839));
#3215=CARTESIAN_POINT('Ctrl Pts',(-5.11149068974277,-23.6686672002881,12.7777405055947));
#3216=CARTESIAN_POINT('Ctrl Pts',(-0.884978949298235,-24.5814638770221,
12.8346100782054));
#3217=CARTESIAN_POINT('Ctrl Pts',(3.59207132158681,-24.3333575547492,12.8914796508161));
#3218=CARTESIAN_POINT('Ctrl Pts',(7.69214016874113,-22.9595999879191,12.9483492234268));
#3219=CARTESIAN_POINT('Ctrl Pts',(11.7922090158954,-21.5858424210891,13.0052187960376));
#3220=CARTESIAN_POINT('Ctrl Pts',(15.5152964393188,-19.0864336097019,13.0620883686483));
#3221=CARTESIAN_POINT('Ctrl Pts',(18.3388809617475,-15.8115093481761,13.118957941259));
#3222=CARTESIAN_POINT('Ctrl Pts',(21.1624654841763,-12.5365850866504,13.1758275138697));
#3223=CARTESIAN_POINT('Ctrl Pts',(23.0865471056103,-8.48614537498605,13.2326970864805));
#3224=CARTESIAN_POINT('Ctrl Pts',(23.8417935869118,-4.22851953592165,13.2895666590912));
#3225=CARTESIAN_POINT('Ctrl Pts',(24.5970400682133,0.0291063031427063,13.3464362317019));
#3226=CARTESIAN_POINT('Ctrl Pts',(24.1834514093823,4.49391826960713,13.4033058043126));
#3227=CARTESIAN_POINT('Ctrl Pts',(22.658394232223,8.54001349548173,13.4601753769233));
#3228=CARTESIAN_POINT('Ctrl Pts',(21.1333370550637,12.5861087213564,13.5170449495341));
#3229=CARTESIAN_POINT('Ctrl Pts',(18.4968113595761,16.2134872066412,13.5739145221448));
#3230=CARTESIAN_POINT('Ctrl Pts',(15.1192613580265,18.913485585544,13.6307840947555));
#3231=CARTESIAN_POINT('Ctrl Pts',(11.741711356477,21.6134839644467,13.6876536673663));
#3232=CARTESIAN_POINT('Ctrl Pts',(7.62313704886547,23.3861022369674,13.744523239977));
#3233=CARTESIAN_POINT('Ctrl Pts',(3.34041208853663,23.9825505780705,13.8013928125877));
#3234=CARTESIAN_POINT('Ctrl Pts',(-0.942312871792297,24.5789989191736,13.8582623851984));
#3235=CARTESIAN_POINT('Ctrl Pts',(-5.38918848483856,23.9992773288591,13.9151319578091));
#3236=CARTESIAN_POINT('Ctrl Pts',(-9.37583459795889,22.3250983360441,13.9720015304199));
#3237=CARTESIAN_POINT('Ctrl Pts',(-13.3624807110792,20.6509193432292,14.0288711030306));
#3238=CARTESIAN_POINT('Ctrl Pts',(-16.8888973242734,17.8822829479137,14.0857406756413));
#3239=CARTESIAN_POINT('Ctrl Pts',(-19.4617903431414,14.4066322222547,14.142610248252));
#3240=CARTESIAN_POINT('Ctrl Pts',(-22.0346833620094,10.9309814965957,14.1994798208628));
#3241=CARTESIAN_POINT('Ctrl Pts',(-23.6540527865511,6.74831644059308,14.2563493934735));
#3242=CARTESIAN_POINT('Ctrl Pts',(-24.0904971180687,2.44683697063722,14.3132189660842));
#3243=CARTESIAN_POINT('Ctrl Pts',(-24.1729331228037,1.63436959199215,14.3239605430013));
#3244=CARTESIAN_POINT('Ctrl Pts',(-24.2131670918067,0.817663390303519,14.3347021199183));
#3245=CARTESIAN_POINT('Ctrl Pts',(-24.2119389499514,0.000868521234805401,
14.3454436968354));
#3246=CARTESIAN_POINT('Origin',(0.,0.,6.5));
#3247=CARTESIAN_POINT('Origin',(0.,0.,2.));
#3248=CARTESIAN_POINT('',(26.,3.18408167778312E-15,2.2));
#3249=CARTESIAN_POINT('',(26.,3.18408167778312E-15,2.));
#3250=CARTESIAN_POINT('Origin',(0.,0.,2.2));
#3251=CARTESIAN_POINT('Origin',(0.,0.,2.2));
#3252=UNCERTAINTY_MEASURE_WITH_UNIT(LENGTH_MEASURE(0.01),#3256,
'DISTANCE_ACCURACY_VALUE',
'Maximum model space distance between geometric entities at asserted c
onnectivities');
#3253=UNCERTAINTY_MEASURE_WITH_UNIT(LENGTH_MEASURE(0.01),#3256,
'DISTANCE_ACCURACY_VALUE',
'Maximum model space distance between geometric entities at asserted c
onnectivities');
#3254=(
GEOMETRIC_REPRESENTATION_CONTEXT(3)
GLOBAL_UNCERTAINTY_ASSIGNED_CONTEXT((#3252))
GLOBAL_UNIT_ASSIGNED_CONTEXT((#3256,#3258,#3259))
REPRESENTATION_CONTEXT('','3D')
);
#3255=(
GEOMETRIC_REPRESENTATION_CONTEXT(3)
GLOBAL_UNCERTAINTY_ASSIGNED_CONTEXT((#3253))
GLOBAL_UNIT_ASSIGNED_CONTEXT((#3256,#3258,#3259))
REPRESENTATION_CONTEXT('','3D')
);
#3256=(
LENGTH_UNIT()
NAMED_UNIT(*)
SI_UNIT(.MILLI.,.METRE.)
);
#3257=(
LENGTH_UNIT()
NAMED_UNIT(*)
SI_UNIT($,.METRE.)
);
#3258=(
NAMED_UNIT(*)
PLANE_ANGLE_UNIT()
SI_UNIT($,.RADIAN.)
);
#3259=(
NAMED_UNIT(*)
SI_UNIT($,.STERADIAN.)
SOLID_ANGLE_UNIT()
);
#3260=SHAPE_DEFINITION_REPRESENTATION(#3261,#3262);
#3261=PRODUCT_DEFINITION_SHAPE('',$,#3264);
#3262=SHAPE_REPRESENTATION('',(#422),#3254);
#3263=PRODUCT_DEFINITION_CONTEXT('part definition',#3268,'design');
#3264=PRODUCT_DEFINITION('2026-08-24-20-33-48-212','ThymioLEDGuard',#3265,
#3263);
#3265=PRODUCT_DEFINITION_FORMATION('',$,#3270);
#3266=PRODUCT_RELATED_PRODUCT_CATEGORY('ThymioLEDGuard',
'ThymioLEDGuard',(#3270));
#3267=APPLICATION_PROTOCOL_DEFINITION('international standard',
'automotive_design',2009,#3268);
#3268=APPLICATION_CONTEXT(
'Core Data for Automotive Mechanical Design Process');
#3269=PRODUCT_CONTEXT('part definition',#3268,'mechanical');
#3270=PRODUCT('2026-08-24-20-33-48-212','ThymioLEDGuard',$,(#3269));
#3271=PRESENTATION_STYLE_ASSIGNMENT((#3272));
#3272=SURFACE_STYLE_USAGE(.BOTH.,#3273);
#3273=SURFACE_SIDE_STYLE('',(#3274));
#3274=SURFACE_STYLE_FILL_AREA(#3275);
#3275=FILL_AREA_STYLE('Steel - Satin',(#3276));
#3276=FILL_AREA_STYLE_COLOUR('Steel - Satin',#3277);
#3277=COLOUR_RGB('Steel - Satin',0.627450980392157,0.627450980392157,0.627450980392157);
ENDSEC;
END-ISO-10303-21;
