ISO-10303-21;
HEADER;
/* Generated by software containing ST-Developer
 * from STEP Tools, Inc. (www.steptools.com) 
 */

FILE_DESCRIPTION(
/* description */ (''),
/* implementation_level */ '2;1');

FILE_NAME(
/* name */ 'ThymioPipeLeft.step',
/* time_stamp */ '2026-08-24T20:25:39+01:00',
/* author */ (''),
/* organization */ (''),
/* preprocessor_version */ 'ST-DEVELOPER v20.1',
/* originating_system */ 'Autodesk Translation Framework v15.8.0.0',
/* authorisation */ '');

FILE_SCHEMA (('AUTOMOTIVE_DESIGN { 1 0 10303 214 3 1 1 }'));
ENDSEC;

DATA;
#10=MECHANICAL_DESIGN_GEOMETRIC_PRESENTATION_REPRESENTATION('',(#13),#2311);
#11=SHAPE_REPRESENTATION_RELATIONSHIP('SRR','None',#2318,#12);
#12=ADVANCED_BREP_SHAPE_REPRESENTATION('',(#14),#2310);
#13=STYLED_ITEM('',(#2327),#14);
#14=MANIFOLD_SOLID_BREP('Body1',#826);
#15=CIRCLE('',#855,3.625);
#16=CIRCLE('',#856,3.625);
#17=CIRCLE('',#857,3.625);
#18=CIRCLE('',#858,3.625);
#19=CIRCLE('',#867,3.625);
#20=CIRCLE('',#870,3.625);
#21=CIRCLE('',#872,1.625);
#22=CIRCLE('',#874,3.625);
#23=CIRCLE('',#877,2.1);
#24=CIRCLE('',#879,1.625);
#25=CIRCLE('',#881,2.1);
#26=FACE_BOUND('',#174,.T.);
#27=FACE_BOUND('',#178,.T.);
#28=FACE_BOUND('',#192,.T.);
#29=FACE_BOUND('',#196,.T.);
#30=FACE_BOUND('',#200,.T.);
#31=ELLIPSE('',#849,2.9698484809835,2.1);
#32=ELLIPSE('',#850,2.9698484809835,2.1);
#33=ELLIPSE('',#851,2.9698484809835,2.1);
#34=ELLIPSE('',#865,2.29809703885628,1.625);
#35=CYLINDRICAL_SURFACE('',#848,2.1);
#36=CYLINDRICAL_SURFACE('',#864,1.625);
#37=CYLINDRICAL_SURFACE('',#868,1.625);
#38=CYLINDRICAL_SURFACE('',#871,1.625);
#39=CYLINDRICAL_SURFACE('',#878,1.625);
#40=CYLINDRICAL_SURFACE('',#882,2.1);
#41=CYLINDRICAL_SURFACE('',#883,3.625);
#42=CYLINDRICAL_SURFACE('',#884,3.625);
#43=CYLINDRICAL_SURFACE('',#885,3.625);
#44=B_SPLINE_CURVE_WITH_KNOTS('',3,(#1074,#1075,#1076,#1077,#1078,#1079),
 .UNSPECIFIED.,.F.,.F.,(4,1,1,4),(-0.491604188799568,-0.280916679314039,
-0.14045833965702,0.),.UNSPECIFIED.);
#45=B_SPLINE_CURVE_WITH_KNOTS('',3,(#1082,#1083,#1084,#1085,#1086,#1087),
 .UNSPECIFIED.,.F.,.F.,(4,1,1,4),(0.,0.14045833965702,0.280916679314039,
0.491604188799568),.UNSPECIFIED.);
#46=B_SPLINE_CURVE_WITH_KNOTS('',3,(#1143,#1144,#1145,#1146,#1147,#1148,
#1149,#1150,#1151,#1152,#1153,#1154),.UNSPECIFIED.,.F.,.F.,(4,2,2,2,2,4),
(-0.491604188799536,-0.422599423454427,-0.349482158665685,-0.227674281078399,
-0.111233384395081,0.),.UNSPECIFIED.);
#47=B_SPLINE_CURVE_WITH_KNOTS('',3,(#1157,#1158,#1159,#1160,#1161,#1162,
#1163,#1164,#1165,#1166,#1167,#1168),.UNSPECIFIED.,.F.,.F.,(4,2,2,2,2,4),
(0.,0.111233384395081,0.227674281078399,0.349482158665685,0.422599423454427,
0.491604188799536),.UNSPECIFIED.);
#48=B_SPLINE_CURVE_WITH_KNOTS('',3,(#1224,#1225,#1226,#1227,#1228,#1229,
#1230,#1231,#1232,#1233,#1234,#1235),.UNSPECIFIED.,.F.,.F.,(4,2,2,2,2,4),
(-0.491604188799575,-0.422599423454425,-0.349482158665679,-0.227674281078397,
-0.11123338439508,0.),.UNSPECIFIED.);
#49=B_SPLINE_CURVE_WITH_KNOTS('',3,(#1238,#1239,#1240,#1241,#1242,#1243,
#1244,#1245,#1246,#1247,#1248,#1249),.UNSPECIFIED.,.F.,.F.,(4,2,2,2,2,4),
(0.,0.11123338439508,0.227674281078397,0.349482158665679,0.422599423454425,
0.491604188799575),.UNSPECIFIED.);
#50=B_SPLINE_CURVE_WITH_KNOTS('',3,(#1305,#1306,#1307,#1308,#1309,#1310,
#1311,#1312,#1313,#1314,#1315,#1316),.UNSPECIFIED.,.F.,.F.,(4,2,2,2,2,4),
(-0.491604188799621,-0.422599423454487,-0.349482158665732,-0.227674281078434,
-0.11123338439509,0.),.UNSPECIFIED.);
#51=B_SPLINE_CURVE_WITH_KNOTS('',3,(#1319,#1320,#1321,#1322,#1323,#1324,
#1325,#1326,#1327,#1328,#1329,#1330),.UNSPECIFIED.,.F.,.F.,(4,2,2,2,2,4),
(0.,0.11123338439509,0.227674281078434,0.349482158665732,0.422599423454487,
0.491604188799621),.UNSPECIFIED.);
#52=B_SPLINE_CURVE_WITH_KNOTS('',3,(#1386,#1387,#1388,#1389,#1390,#1391,
#1392,#1393,#1394,#1395,#1396,#1397),.UNSPECIFIED.,.F.,.F.,(4,2,2,2,2,4),
(-0.491604188799507,-0.422599423454383,-0.349482158665649,-0.227674281078375,
-0.111233384395074,0.),.UNSPECIFIED.);
#53=B_SPLINE_CURVE_WITH_KNOTS('',3,(#1400,#1401,#1402,#1403,#1404,#1405,
#1406,#1407,#1408,#1409,#1410,#1411),.UNSPECIFIED.,.F.,.F.,(4,2,2,2,2,4),
(0.,0.111233384395074,0.227674281078375,0.349482158665649,0.422599423454383,
0.491604188799507),.UNSPECIFIED.);
#54=B_SPLINE_CURVE_WITH_KNOTS('',3,(#1443,#1444,#1445,#1446,#1447,#1448),
 .UNSPECIFIED.,.F.,.F.,(4,1,1,4),(-0.491604188799574,-0.210687509485532,
-0.140458339657021,0.),.UNSPECIFIED.);
#55=B_SPLINE_CURVE_WITH_KNOTS('',3,(#1451,#1452,#1453,#1454,#1455,#1456),
 .UNSPECIFIED.,.F.,.F.,(4,1,1,4),(0.,0.140458339657021,0.210687509485532,
0.491604188799574),.UNSPECIFIED.);
#56=B_SPLINE_CURVE_WITH_KNOTS('',3,(#1527,#1528,#1529,#1530,#1531,#1532),
 .UNSPECIFIED.,.F.,.F.,(4,1,1,4),(0.,0.285714285714286,0.571428571428571,
1.),.UNSPECIFIED.);
#57=B_SPLINE_CURVE_WITH_KNOTS('',3,(#1533,#1534,#1535,#1536,#1537,#1538,
#1539,#1540,#1541,#1542),.UNSPECIFIED.,.T.,.F.,(4,1,1,1,1,1,1,4),(-3.14159265358979,
-2.24399475256414,-1.34639685153848,-0.448798950512828,0.448798950512828,
1.34639685153848,2.24399475256414,3.14159265358979),.UNSPECIFIED.);
#58=B_SPLINE_CURVE_WITH_KNOTS('',3,(#1543,#1544,#1545,#1546,#1547,#1548,
#1549,#1550,#1551,#1552),.UNSPECIFIED.,.T.,.F.,(4,1,1,1,1,1,1,4),(-3.14159265358979,
-2.24399475256414,-1.34639685153848,-0.448798950512828,0.448798950512828,
1.34639685153848,2.24399475256414,3.14159265358979),.UNSPECIFIED.);
#59=B_SPLINE_CURVE_WITH_KNOTS('',3,(#1596,#1597,#1598,#1599),
 .UNSPECIFIED.,.F.,.F.,(4,4),(-0.21,0.41),.UNSPECIFIED.);
#60=B_SPLINE_CURVE_WITH_KNOTS('',3,(#1601,#1602,#1603,#1604,#1605,#1606,
#1607,#1608,#1609,#1610,#1611,#1612,#1613),.UNSPECIFIED.,.F.,.F.,(4,3,3,
3,4),(0.,0.140978910780027,0.281957821560053,0.387692004645073,0.493426187730093),
 .UNSPECIFIED.);
#61=B_SPLINE_CURVE_WITH_KNOTS('',3,(#1614,#1615,#1616,#1617),
 .UNSPECIFIED.,.F.,.F.,(4,4),(-0.41,0.21),.UNSPECIFIED.);
#62=B_SPLINE_CURVE_WITH_KNOTS('',3,(#1623,#1624,#1625,#1626),
 .UNSPECIFIED.,.F.,.F.,(4,4),(-0.21,0.41),.UNSPECIFIED.);
#63=B_SPLINE_CURVE_WITH_KNOTS('',3,(#1631,#1632,#1633,#1634,#1635,#1636,
#1637,#1638,#1639,#1640,#1641,#1642,#1643),.UNSPECIFIED.,.F.,.F.,(4,3,3,
3,4),(0.,0.140978910780018,0.281957821560036,0.38769200464505,0.493426187730064),
 .UNSPECIFIED.);
#64=B_SPLINE_CURVE_WITH_KNOTS('',3,(#1650,#1651,#1652,#1653,#1654,#1655,
#1656,#1657,#1658,#1659,#1660,#1661,#1662),.UNSPECIFIED.,.F.,.F.,(4,3,3,
3,4),(0.,0.140978910780027,0.281957821560054,0.387692004645074,0.493426187730094),
 .UNSPECIFIED.);
#65=B_SPLINE_CURVE_WITH_KNOTS('',3,(#1666,#1667,#1668,#1669,#1670,#1671,
#1672,#1673,#1674,#1675,#1676,#1677,#1678),.UNSPECIFIED.,.F.,.F.,(4,3,3,
3,4),(0.,0.140978910780021,0.281957821560043,0.387692004645059,0.493426187730075),
 .UNSPECIFIED.);
#66=B_SPLINE_CURVE_WITH_KNOTS('',3,(#1683,#1684,#1685,#1686,#1687,#1688,
#1689,#1690,#1691,#1692,#1693,#1694,#1695),.UNSPECIFIED.,.F.,.F.,(4,3,3,
3,4),(0.,0.14097891078002,0.281957821560039,0.387692004645054,0.493426187730069),
 .UNSPECIFIED.);
#67=B_SPLINE_CURVE_WITH_KNOTS('',3,(#1698,#1699,#1700,#1701,#1702,#1703,
#1704,#1705,#1706,#1707,#1708,#1709,#1710),.UNSPECIFIED.,.F.,.F.,(4,3,3,
3,4),(0.,0.14097891078001,0.28195782156002,0.387692004645028,0.493426187730036),
 .UNSPECIFIED.);
#68=B_SPLINE_CURVE_WITH_KNOTS('',3,(#1744,#1745,#1746,#1747),
 .UNSPECIFIED.,.F.,.F.,(4,4),(-0.41,0.21),.UNSPECIFIED.);
#69=B_SPLINE_CURVE_WITH_KNOTS('',3,(#1749,#1750,#1751,#1752),
 .UNSPECIFIED.,.F.,.F.,(4,4),(-0.21,0.41),.UNSPECIFIED.);
#70=B_SPLINE_CURVE_WITH_KNOTS('',3,(#1781,#1782,#1783,#1784),
 .UNSPECIFIED.,.F.,.F.,(4,4),(-0.41,0.21),.UNSPECIFIED.);
#71=B_SPLINE_CURVE_WITH_KNOTS('',3,(#1814,#1815,#1816,#1817),
 .UNSPECIFIED.,.F.,.F.,(4,4),(-0.21,0.41),.UNSPECIFIED.);
#72=B_SPLINE_CURVE_WITH_KNOTS('',3,(#1818,#1819,#1820,#1821),
 .UNSPECIFIED.,.F.,.F.,(4,4),(-0.41,0.21),.UNSPECIFIED.);
#73=B_SPLINE_CURVE_WITH_KNOTS('',3,(#1823,#1824,#1825,#1826),
 .UNSPECIFIED.,.F.,.F.,(4,4),(-0.21,0.41),.UNSPECIFIED.);
#74=B_SPLINE_CURVE_WITH_KNOTS('',3,(#1855,#1856,#1857,#1858),
 .UNSPECIFIED.,.F.,.F.,(4,4),(-0.41,0.21),.UNSPECIFIED.);
#75=B_SPLINE_CURVE_WITH_KNOTS('',3,(#1860,#1861,#1862,#1863),
 .UNSPECIFIED.,.F.,.F.,(4,4),(-0.21,0.41),.UNSPECIFIED.);
#76=B_SPLINE_CURVE_WITH_KNOTS('',3,(#1892,#1893,#1894,#1895),
 .UNSPECIFIED.,.F.,.F.,(4,4),(-0.41,0.21),.UNSPECIFIED.);
#77=B_SPLINE_CURVE_WITH_KNOTS('',3,(#1959,#1960,#1961,#1962,#1963,#1964),
 .UNSPECIFIED.,.F.,.F.,(4,1,1,4),(0.,0.285714285714286,0.571428571428571,
1.),.UNSPECIFIED.);
#78=B_SPLINE_CURVE_WITH_KNOTS('',3,(#1965,#1966,#1967,#1968,#1969,#1970,
#1971,#1972,#1973,#1974),.UNSPECIFIED.,.T.,.F.,(4,1,1,1,1,1,1,4),(-3.14159265358979,
-2.24399475256414,-1.34639685153848,-0.448798950512828,0.448798950512828,
1.34639685153848,2.24399475256414,3.14159265358979),.UNSPECIFIED.);
#79=B_SPLINE_CURVE_WITH_KNOTS('',3,(#1975,#1976,#1977,#1978,#1979,#1980,
#1981,#1982,#1983,#1984),.UNSPECIFIED.,.T.,.F.,(4,1,1,1,1,1,1,4),(-3.14159265358979,
-2.24399475256414,-1.34639685153848,-0.448798950512828,0.448798950512828,
1.34639685153848,2.24399475256414,3.14159265358979),.UNSPECIFIED.);
#80=B_SPLINE_CURVE_WITH_KNOTS('',3,(#1989,#1990,#1991,#1992,#1993,#1994,
#1995,#1996,#1997,#1998,#1999,#2000),.UNSPECIFIED.,.F.,.F.,(4,2,2,2,2,4),
(-0.52120879481764,-0.488215627717105,-0.45522246061657,-0.3892361264155,
-0.32492026191216,-0.260604397408819),.UNSPECIFIED.);
#81=B_SPLINE_CURVE_WITH_KNOTS('',3,(#2007,#2008,#2009,#2010,#2011,#2012,
#2013,#2014,#2015,#2016,#2017,#2018),.UNSPECIFIED.,.F.,.F.,(4,2,2,2,2,4),
(-0.260604397408819,-0.19628853290548,-0.131972668402141,-0.0659863342010703,
-0.0329931671005352,0.),.UNSPECIFIED.);
#82=B_SPLINE_CURVE_WITH_KNOTS('',3,(#2084,#2085,#2086,#2087,#2088,#2089),
 .UNSPECIFIED.,.F.,.F.,(4,1,1,4),(0.,0.285714285714286,0.571428571428571,
1.),.UNSPECIFIED.);
#83=B_SPLINE_CURVE_WITH_KNOTS('',3,(#2090,#2091,#2092,#2093,#2094,#2095,
#2096,#2097,#2098,#2099),.UNSPECIFIED.,.T.,.F.,(4,1,1,1,1,1,1,4),(-3.14159265358979,
-2.24399475256414,-1.34639685153848,-0.448798950512828,0.448798950512828,
1.34639685153848,2.24399475256414,3.14159265358979),.UNSPECIFIED.);
#84=B_SPLINE_CURVE_WITH_KNOTS('',3,(#2100,#2101,#2102,#2103,#2104,#2105,
#2106,#2107,#2108,#2109),.UNSPECIFIED.,.T.,.F.,(4,1,1,1,1,1,1,4),(-3.14159265358979,
-2.24399475256414,-1.34639685153848,-0.448798950512828,0.448798950512828,
1.34639685153848,2.24399475256414,3.14159265358979),.UNSPECIFIED.);
#85=B_SPLINE_CURVE_WITH_KNOTS('',3,(#2113,#2114,#2115,#2116,#2117,#2118,
#2119,#2120,#2121,#2122,#2123,#2124),.UNSPECIFIED.,.F.,.F.,(4,2,2,2,2,4),
(0.,0.0329931671005352,0.0659863342010704,0.131972668402141,0.196288532905481,
0.26060439740882),.UNSPECIFIED.);
#86=B_SPLINE_CURVE_WITH_KNOTS('',3,(#2126,#2127,#2128,#2129,#2130,#2131,
#2132,#2133,#2134,#2135,#2136,#2137),.UNSPECIFIED.,.F.,.F.,(4,2,2,2,2,4),
(0.781813192226461,0.846129056729801,0.910444921233141,0.976431255434211,
1.00942442253475,1.04241758963528),.UNSPECIFIED.);
#87=B_SPLINE_CURVE_WITH_KNOTS('',3,(#2139,#2140,#2141,#2142,#2143,#2144,
#2145,#2146,#2147,#2148,#2149,#2150,#2151,#2152,#2153,#2154,#2155,#2156,
#2157,#2158,#2159,#2160),.UNSPECIFIED.,.F.,.F.,(4,2,2,2,2,2,2,2,2,2,4),
(0.26060439740882,0.32492026191216,0.3892361264155,0.45522246061657,0.488215627717105,
0.52120879481764,0.554201961918176,0.587195129018711,0.653181463219781,
0.717497327723121,0.781813192226461),.UNSPECIFIED.);
#88=B_SPLINE_CURVE_WITH_KNOTS('',3,(#2226,#2227,#2228,#2229,#2230,#2231),
 .UNSPECIFIED.,.F.,.F.,(4,1,1,4),(0.,0.285714285714286,0.571428571428571,
1.),.UNSPECIFIED.);
#89=B_SPLINE_CURVE_WITH_KNOTS('',3,(#2232,#2233,#2234,#2235,#2236,#2237,
#2238,#2239,#2240,#2241),.UNSPECIFIED.,.T.,.F.,(4,1,1,1,1,1,1,4),(-3.14159265358979,
-2.24399475256414,-1.34639685153848,-0.448798950512828,0.448798950512828,
1.34639685153848,2.24399475256414,3.14159265358979),.UNSPECIFIED.);
#90=B_SPLINE_CURVE_WITH_KNOTS('',3,(#2242,#2243,#2244,#2245,#2246,#2247,
#2248,#2249,#2250,#2251),.UNSPECIFIED.,.T.,.F.,(4,1,1,1,1,1,1,4),(-3.14159265358979,
-2.24399475256414,-1.34639685153848,-0.448798950512828,0.448798950512828,
1.34639685153848,2.24399475256414,3.14159265358979),.UNSPECIFIED.);
#91=B_SPLINE_CURVE_WITH_KNOTS('',3,(#2257,#2258,#2259,#2260,#2261,#2262,
#2263,#2264,#2265,#2266,#2267,#2268),.UNSPECIFIED.,.F.,.F.,(4,2,2,2,2,4),
(-0.260604397408819,-0.19628853290548,-0.13197266840214,-0.06598633420107,
-0.032993167100535,0.),.UNSPECIFIED.);
#92=B_SPLINE_CURVE_WITH_KNOTS('',3,(#2271,#2272,#2273,#2274,#2275,#2276,
#2277,#2278,#2279,#2280,#2281,#2282),.UNSPECIFIED.,.F.,.F.,(4,2,2,2,2,4),
(-0.52120879481764,-0.488215627717105,-0.45522246061657,-0.389236126415499,
-0.324920261912159,-0.260604397408819),.UNSPECIFIED.);
#93=B_SPLINE_SURFACE_WITH_KNOTS('',3,3,((#1049,#1050,#1051,#1052,#1053,
#1054),(#1055,#1056,#1057,#1058,#1059,#1060),(#1061,#1062,#1063,#1064,#1065,
#1066),(#1067,#1068,#1069,#1070,#1071,#1072)),.UNSPECIFIED.,.F.,.F.,.F.,
(4,4),(4,1,1,4),(0.,1.),(0.,0.14045833965702,0.280916679314039,0.491604188799568),
 .UNSPECIFIED.);
#94=B_SPLINE_SURFACE_WITH_KNOTS('',3,3,((#1094,#1095,#1096,#1097,#1098,
#1099,#1100,#1101,#1102,#1103,#1104,#1105),(#1106,#1107,#1108,#1109,#1110,
#1111,#1112,#1113,#1114,#1115,#1116,#1117),(#1118,#1119,#1120,#1121,#1122,
#1123,#1124,#1125,#1126,#1127,#1128,#1129),(#1130,#1131,#1132,#1133,#1134,
#1135,#1136,#1137,#1138,#1139,#1140,#1141)),.UNSPECIFIED.,.F.,.F.,.F.,(4,
4),(4,2,2,2,2,4),(0.,1.),(0.,0.111233384395081,0.227674281078399,0.349482158665685,
0.422599423454427,0.491604188799536),.UNSPECIFIED.);
#95=B_SPLINE_SURFACE_WITH_KNOTS('',3,3,((#1175,#1176,#1177,#1178,#1179,
#1180,#1181,#1182,#1183,#1184,#1185,#1186),(#1187,#1188,#1189,#1190,#1191,
#1192,#1193,#1194,#1195,#1196,#1197,#1198),(#1199,#1200,#1201,#1202,#1203,
#1204,#1205,#1206,#1207,#1208,#1209,#1210),(#1211,#1212,#1213,#1214,#1215,
#1216,#1217,#1218,#1219,#1220,#1221,#1222)),.UNSPECIFIED.,.F.,.F.,.F.,(4,
4),(4,2,2,2,2,4),(0.,1.),(0.,0.11123338439508,0.227674281078397,0.349482158665679,
0.422599423454425,0.491604188799575),.UNSPECIFIED.);
#96=B_SPLINE_SURFACE_WITH_KNOTS('',3,3,((#1256,#1257,#1258,#1259,#1260,
#1261,#1262,#1263,#1264,#1265,#1266,#1267),(#1268,#1269,#1270,#1271,#1272,
#1273,#1274,#1275,#1276,#1277,#1278,#1279),(#1280,#1281,#1282,#1283,#1284,
#1285,#1286,#1287,#1288,#1289,#1290,#1291),(#1292,#1293,#1294,#1295,#1296,
#1297,#1298,#1299,#1300,#1301,#1302,#1303)),.UNSPECIFIED.,.F.,.F.,.F.,(4,
4),(4,2,2,2,2,4),(0.,1.),(0.,0.11123338439509,0.227674281078434,0.349482158665732,
0.422599423454487,0.491604188799621),.UNSPECIFIED.);
#97=B_SPLINE_SURFACE_WITH_KNOTS('',3,3,((#1337,#1338,#1339,#1340,#1341,
#1342,#1343,#1344,#1345,#1346,#1347,#1348),(#1349,#1350,#1351,#1352,#1353,
#1354,#1355,#1356,#1357,#1358,#1359,#1360),(#1361,#1362,#1363,#1364,#1365,
#1366,#1367,#1368,#1369,#1370,#1371,#1372),(#1373,#1374,#1375,#1376,#1377,
#1378,#1379,#1380,#1381,#1382,#1383,#1384)),.UNSPECIFIED.,.F.,.F.,.F.,(4,
4),(4,2,2,2,2,4),(0.,1.),(0.,0.111233384395074,0.227674281078375,0.349482158665649,
0.422599423454383,0.491604188799507),.UNSPECIFIED.);
#98=B_SPLINE_SURFACE_WITH_KNOTS('',3,3,((#1418,#1419,#1420,#1421,#1422,
#1423),(#1424,#1425,#1426,#1427,#1428,#1429),(#1430,#1431,#1432,#1433,#1434,
#1435),(#1436,#1437,#1438,#1439,#1440,#1441)),.UNSPECIFIED.,.F.,.F.,.F.,
(4,4),(4,1,1,4),(0.,1.),(0.,0.140458339657021,0.210687509485532,0.491604188799574),
 .UNSPECIFIED.);
#99=B_SPLINE_SURFACE_WITH_KNOTS('',3,3,((#1465,#1466,#1467,#1468,#1469,
#1470,#1471,#1472,#1473,#1474),(#1475,#1476,#1477,#1478,#1479,#1480,#1481,
#1482,#1483,#1484),(#1485,#1486,#1487,#1488,#1489,#1490,#1491,#1492,#1493,
#1494),(#1495,#1496,#1497,#1498,#1499,#1500,#1501,#1502,#1503,#1504),(#1505,
#1506,#1507,#1508,#1509,#1510,#1511,#1512,#1513,#1514),(#1515,#1516,#1517,
#1518,#1519,#1520,#1521,#1522,#1523,#1524)),.UNSPECIFIED.,.F.,.T.,.F.,(4,
1,1,4),(4,1,1,1,1,1,1,4),(0.,0.285714285714286,0.571428571428571,1.),(-3.14159265358979,
-2.24399475256414,-1.34639685153848,-0.448798950512828,0.448798950512828,
1.34639685153848,2.24399475256414,3.14159265358979),.UNSPECIFIED.);
#100=B_SPLINE_SURFACE_WITH_KNOTS('',3,3,((#1567,#1568,#1569,#1570),(#1571,
#1572,#1573,#1574),(#1575,#1576,#1577,#1578),(#1579,#1580,#1581,#1582),
(#1583,#1584,#1585,#1586),(#1587,#1588,#1589,#1590),(#1591,#1592,#1593,
#1594)),.UNSPECIFIED.,.F.,.F.,.F.,(4,1,1,1,4),(4,4),(0.,0.285714285714286,
0.571428571428571,0.785714285714286,1.),(-0.41,0.21),.UNSPECIFIED.);
#101=B_SPLINE_SURFACE_WITH_KNOTS('',3,3,((#1716,#1717,#1718,#1719),(#1720,
#1721,#1722,#1723),(#1724,#1725,#1726,#1727),(#1728,#1729,#1730,#1731),
(#1732,#1733,#1734,#1735),(#1736,#1737,#1738,#1739),(#1740,#1741,#1742,
#1743)),.UNSPECIFIED.,.F.,.F.,.F.,(4,1,1,1,4),(4,4),(0.,0.285714285714286,
0.571428571428571,0.785714285714286,1.),(-0.41,0.21),.UNSPECIFIED.);
#102=B_SPLINE_SURFACE_WITH_KNOTS('',3,3,((#1753,#1754,#1755,#1756),(#1757,
#1758,#1759,#1760),(#1761,#1762,#1763,#1764),(#1765,#1766,#1767,#1768),
(#1769,#1770,#1771,#1772),(#1773,#1774,#1775,#1776),(#1777,#1778,#1779,
#1780)),.UNSPECIFIED.,.F.,.F.,.F.,(4,1,1,1,4),(4,4),(0.,0.285714285714286,
0.571428571428571,0.785714285714286,1.),(-0.41,0.21),.UNSPECIFIED.);
#103=B_SPLINE_SURFACE_WITH_KNOTS('',3,3,((#1786,#1787,#1788,#1789),(#1790,
#1791,#1792,#1793),(#1794,#1795,#1796,#1797),(#1798,#1799,#1800,#1801),
(#1802,#1803,#1804,#1805),(#1806,#1807,#1808,#1809),(#1810,#1811,#1812,
#1813)),.UNSPECIFIED.,.F.,.F.,.F.,(4,1,1,1,4),(4,4),(0.,0.285714285714286,
0.571428571428571,0.785714285714286,1.),(-0.41,0.21),.UNSPECIFIED.);
#104=B_SPLINE_SURFACE_WITH_KNOTS('',3,3,((#1827,#1828,#1829,#1830),(#1831,
#1832,#1833,#1834),(#1835,#1836,#1837,#1838),(#1839,#1840,#1841,#1842),
(#1843,#1844,#1845,#1846),(#1847,#1848,#1849,#1850),(#1851,#1852,#1853,
#1854)),.UNSPECIFIED.,.F.,.F.,.F.,(4,1,1,1,4),(4,4),(0.,0.285714285714286,
0.571428571428571,0.785714285714286,1.),(-0.41,0.21),.UNSPECIFIED.);
#105=B_SPLINE_SURFACE_WITH_KNOTS('',3,3,((#1864,#1865,#1866,#1867),(#1868,
#1869,#1870,#1871),(#1872,#1873,#1874,#1875),(#1876,#1877,#1878,#1879),
(#1880,#1881,#1882,#1883),(#1884,#1885,#1886,#1887),(#1888,#1889,#1890,
#1891)),.UNSPECIFIED.,.F.,.F.,.F.,(4,1,1,1,4),(4,4),(0.,0.285714285714286,
0.571428571428571,0.785714285714286,1.),(-0.41,0.21),.UNSPECIFIED.);
#106=B_SPLINE_SURFACE_WITH_KNOTS('',3,3,((#1897,#1898,#1899,#1900,#1901,
#1902,#1903,#1904,#1905,#1906),(#1907,#1908,#1909,#1910,#1911,#1912,#1913,
#1914,#1915,#1916),(#1917,#1918,#1919,#1920,#1921,#1922,#1923,#1924,#1925,
#1926),(#1927,#1928,#1929,#1930,#1931,#1932,#1933,#1934,#1935,#1936),(#1937,
#1938,#1939,#1940,#1941,#1942,#1943,#1944,#1945,#1946),(#1947,#1948,#1949,
#1950,#1951,#1952,#1953,#1954,#1955,#1956)),.UNSPECIFIED.,.F.,.T.,.F.,(4,
1,1,4),(4,1,1,1,1,1,1,4),(0.,0.285714285714286,0.571428571428571,1.),(-3.14159265358979,
-2.24399475256414,-1.34639685153848,-0.448798950512828,0.448798950512828,
1.34639685153848,2.24399475256414,3.14159265358979),.UNSPECIFIED.);
#107=B_SPLINE_SURFACE_WITH_KNOTS('',3,3,((#2022,#2023,#2024,#2025,#2026,
#2027,#2028,#2029,#2030,#2031),(#2032,#2033,#2034,#2035,#2036,#2037,#2038,
#2039,#2040,#2041),(#2042,#2043,#2044,#2045,#2046,#2047,#2048,#2049,#2050,
#2051),(#2052,#2053,#2054,#2055,#2056,#2057,#2058,#2059,#2060,#2061),(#2062,
#2063,#2064,#2065,#2066,#2067,#2068,#2069,#2070,#2071),(#2072,#2073,#2074,
#2075,#2076,#2077,#2078,#2079,#2080,#2081)),.UNSPECIFIED.,.F.,.T.,.F.,(4,
1,1,4),(4,1,1,1,1,1,1,4),(0.,0.285714285714286,0.571428571428571,1.),(-3.14159265358979,
-2.24399475256414,-1.34639685153848,-0.448798950512828,0.448798950512828,
1.34639685153848,2.24399475256414,3.14159265358979),.UNSPECIFIED.);
#108=B_SPLINE_SURFACE_WITH_KNOTS('',3,3,((#2164,#2165,#2166,#2167,#2168,
#2169,#2170,#2171,#2172,#2173),(#2174,#2175,#2176,#2177,#2178,#2179,#2180,
#2181,#2182,#2183),(#2184,#2185,#2186,#2187,#2188,#2189,#2190,#2191,#2192,
#2193),(#2194,#2195,#2196,#2197,#2198,#2199,#2200,#2201,#2202,#2203),(#2204,
#2205,#2206,#2207,#2208,#2209,#2210,#2211,#2212,#2213),(#2214,#2215,#2216,
#2217,#2218,#2219,#2220,#2221,#2222,#2223)),.UNSPECIFIED.,.F.,.T.,.F.,(4,
1,1,4),(4,1,1,1,1,1,1,4),(0.,0.285714285714286,0.571428571428571,1.),(-3.14159265358979,
-2.24399475256414,-1.34639685153848,-0.448798950512828,0.448798950512828,
1.34639685153848,2.24399475256414,3.14159265358979),.UNSPECIFIED.);
#109=FACE_OUTER_BOUND('',#157,.T.);
#110=FACE_OUTER_BOUND('',#158,.T.);
#111=FACE_OUTER_BOUND('',#159,.T.);
#112=FACE_OUTER_BOUND('',#160,.T.);
#113=FACE_OUTER_BOUND('',#161,.T.);
#114=FACE_OUTER_BOUND('',#162,.T.);
#115=FACE_OUTER_BOUND('',#163,.T.);
#116=FACE_OUTER_BOUND('',#164,.T.);
#117=FACE_OUTER_BOUND('',#165,.T.);
#118=FACE_OUTER_BOUND('',#166,.T.);
#119=FACE_OUTER_BOUND('',#167,.T.);
#120=FACE_OUTER_BOUND('',#168,.T.);
#121=FACE_OUTER_BOUND('',#169,.T.);
#122=FACE_OUTER_BOUND('',#170,.T.);
#123=FACE_OUTER_BOUND('',#171,.T.);
#124=FACE_OUTER_BOUND('',#172,.T.);
#125=FACE_OUTER_BOUND('',#173,.T.);
#126=FACE_OUTER_BOUND('',#175,.T.);
#127=FACE_OUTER_BOUND('',#176,.T.);
#128=FACE_OUTER_BOUND('',#177,.T.);
#129=FACE_OUTER_BOUND('',#179,.T.);
#130=FACE_OUTER_BOUND('',#180,.T.);
#131=FACE_OUTER_BOUND('',#181,.T.);
#132=FACE_OUTER_BOUND('',#182,.T.);
#133=FACE_OUTER_BOUND('',#183,.T.);
#134=FACE_OUTER_BOUND('',#184,.T.);
#135=FACE_OUTER_BOUND('',#185,.T.);
#136=FACE_OUTER_BOUND('',#186,.T.);
#137=FACE_OUTER_BOUND('',#187,.T.);
#138=FACE_OUTER_BOUND('',#188,.T.);
#139=FACE_OUTER_BOUND('',#189,.T.);
#140=FACE_OUTER_BOUND('',#190,.T.);
#141=FACE_OUTER_BOUND('',#191,.T.);
#142=FACE_OUTER_BOUND('',#193,.T.);
#143=FACE_OUTER_BOUND('',#194,.T.);
#144=FACE_OUTER_BOUND('',#195,.T.);
#145=FACE_OUTER_BOUND('',#197,.T.);
#146=FACE_OUTER_BOUND('',#198,.T.);
#147=FACE_OUTER_BOUND('',#199,.T.);
#148=FACE_OUTER_BOUND('',#201,.T.);
#149=FACE_OUTER_BOUND('',#202,.T.);
#150=FACE_OUTER_BOUND('',#203,.T.);
#151=FACE_OUTER_BOUND('',#204,.T.);
#152=FACE_OUTER_BOUND('',#205,.T.);
#153=FACE_OUTER_BOUND('',#206,.T.);
#154=FACE_OUTER_BOUND('',#207,.T.);
#155=FACE_OUTER_BOUND('',#208,.T.);
#156=FACE_OUTER_BOUND('',#209,.T.);
#157=EDGE_LOOP('',(#515,#516,#517,#518));
#158=EDGE_LOOP('',(#519,#520,#521,#522));
#159=EDGE_LOOP('',(#523,#524,#525,#526));
#160=EDGE_LOOP('',(#527,#528,#529,#530));
#161=EDGE_LOOP('',(#531,#532,#533,#534));
#162=EDGE_LOOP('',(#535,#536,#537,#538));
#163=EDGE_LOOP('',(#539,#540,#541,#542));
#164=EDGE_LOOP('',(#543,#544,#545,#546));
#165=EDGE_LOOP('',(#547,#548,#549,#550));
#166=EDGE_LOOP('',(#551,#552,#553,#554));
#167=EDGE_LOOP('',(#555,#556,#557,#558));
#168=EDGE_LOOP('',(#559,#560,#561,#562));
#169=EDGE_LOOP('',(#563,#564,#565,#566));
#170=EDGE_LOOP('',(#567,#568,#569,#570,#571,#572,#573,#574,#575,#576,#577,
#578,#579,#580));
#171=EDGE_LOOP('',(#581,#582,#583,#584));
#172=EDGE_LOOP('',(#585,#586,#587,#588,#589,#590));
#173=EDGE_LOOP('',(#591,#592,#593,#594,#595,#596));
#174=EDGE_LOOP('',(#597));
#175=EDGE_LOOP('',(#598,#599,#600,#601));
#176=EDGE_LOOP('',(#602,#603,#604,#605,#606));
#177=EDGE_LOOP('',(#607,#608,#609,#610,#611,#612,#613,#614,#615,#616,#617,
#618,#619,#620,#621,#622,#623,#624,#625));
#178=EDGE_LOOP('',(#626));
#179=EDGE_LOOP('',(#627,#628,#629,#630));
#180=EDGE_LOOP('',(#631,#632,#633,#634));
#181=EDGE_LOOP('',(#635,#636,#637,#638));
#182=EDGE_LOOP('',(#639,#640,#641,#642));
#183=EDGE_LOOP('',(#643,#644,#645,#646));
#184=EDGE_LOOP('',(#647,#648,#649,#650));
#185=EDGE_LOOP('',(#651,#652,#653,#654));
#186=EDGE_LOOP('',(#655,#656,#657,#658,#659));
#187=EDGE_LOOP('',(#660,#661,#662,#663));
#188=EDGE_LOOP('',(#664,#665,#666,#667));
#189=EDGE_LOOP('',(#668,#669,#670,#671));
#190=EDGE_LOOP('',(#672,#673,#674,#675,#676,#677,#678,#679));
#191=EDGE_LOOP('',(#680));
#192=EDGE_LOOP('',(#681));
#193=EDGE_LOOP('',(#682,#683,#684,#685));
#194=EDGE_LOOP('',(#686,#687,#688,#689,#690,#691));
#195=EDGE_LOOP('',(#692));
#196=EDGE_LOOP('',(#693));
#197=EDGE_LOOP('',(#694,#695,#696,#697));
#198=EDGE_LOOP('',(#698,#699,#700,#701,#702,#703,#704,#705));
#199=EDGE_LOOP('',(#706));
#200=EDGE_LOOP('',(#707));
#201=EDGE_LOOP('',(#708,#709));
#202=EDGE_LOOP('',(#710,#711,#712,#713));
#203=EDGE_LOOP('',(#714,#715));
#204=EDGE_LOOP('',(#716,#717,#718,#719));
#205=EDGE_LOOP('',(#720,#721,#722,#723,#724,#725,#726,#727,#728,#729,#730,
#731,#732,#733,#734,#735,#736,#737));
#206=EDGE_LOOP('',(#738,#739,#740,#741,#742));
#207=EDGE_LOOP('',(#743,#744,#745,#746));
#208=EDGE_LOOP('',(#747,#748,#749,#750));
#209=EDGE_LOOP('',(#751,#752,#753,#754));
#210=LINE('',#1043,#266);
#211=LINE('',#1045,#267);
#212=LINE('',#1047,#268);
#213=LINE('',#1048,#269);
#214=LINE('',#1081,#270);
#215=LINE('',#1091,#271);
#216=LINE('',#1092,#272);
#217=LINE('',#1093,#273);
#218=LINE('',#1156,#274);
#219=LINE('',#1172,#275);
#220=LINE('',#1173,#276);
#221=LINE('',#1174,#277);
#222=LINE('',#1237,#278);
#223=LINE('',#1253,#279);
#224=LINE('',#1254,#280);
#225=LINE('',#1255,#281);
#226=LINE('',#1318,#282);
#227=LINE('',#1334,#283);
#228=LINE('',#1335,#284);
#229=LINE('',#1336,#285);
#230=LINE('',#1399,#286);
#231=LINE('',#1415,#287);
#232=LINE('',#1416,#288);
#233=LINE('',#1417,#289);
#234=LINE('',#1450,#290);
#235=LINE('',#1460,#291);
#236=LINE('',#1461,#292);
#237=LINE('',#1462,#293);
#238=LINE('',#1464,#294);
#239=LINE('',#1555,#295);
#240=LINE('',#1563,#296);
#241=LINE('',#1565,#297);
#242=LINE('',#1566,#298);
#243=LINE('',#1620,#299);
#244=LINE('',#1622,#300);
#245=LINE('',#1629,#301);
#246=LINE('',#1645,#302);
#247=LINE('',#1648,#303);
#248=LINE('',#1664,#304);
#249=LINE('',#1679,#305);
#250=LINE('',#1681,#306);
#251=LINE('',#1697,#307);
#252=LINE('',#1987,#308);
#253=LINE('',#2002,#309);
#254=LINE('',#2006,#310);
#255=LINE('',#2138,#311);
#256=LINE('',#2255,#312);
#257=LINE('',#2269,#313);
#258=LINE('',#2284,#314);
#259=LINE('',#2290,#315);
#260=LINE('',#2298,#316);
#261=LINE('',#2299,#317);
#262=LINE('',#2300,#318);
#263=LINE('',#2302,#319);
#264=LINE('',#2304,#320);
#265=LINE('',#2306,#321);
#266=VECTOR('',#891,10.);
#267=VECTOR('',#892,10.);
#268=VECTOR('',#893,10.);
#269=VECTOR('',#894,10.);
#270=VECTOR('',#895,10.);
#271=VECTOR('',#898,10.);
#272=VECTOR('',#899,10.);
#273=VECTOR('',#900,10.);
#274=VECTOR('',#901,10.);
#275=VECTOR('',#904,10.);
#276=VECTOR('',#905,10.);
#277=VECTOR('',#906,10.);
#278=VECTOR('',#907,10.);
#279=VECTOR('',#910,10.);
#280=VECTOR('',#911,10.);
#281=VECTOR('',#912,10.);
#282=VECTOR('',#913,10.);
#283=VECTOR('',#916,10.);
#284=VECTOR('',#917,10.);
#285=VECTOR('',#918,10.);
#286=VECTOR('',#919,10.);
#287=VECTOR('',#922,10.);
#288=VECTOR('',#923,10.);
#289=VECTOR('',#924,10.);
#290=VECTOR('',#925,10.);
#291=VECTOR('',#928,10.);
#292=VECTOR('',#929,10.);
#293=VECTOR('',#930,10.);
#294=VECTOR('',#933,10.);
#295=VECTOR('',#936,2.1);
#296=VECTOR('',#945,10.);
#297=VECTOR('',#946,10.);
#298=VECTOR('',#947,10.);
#299=VECTOR('',#950,10.);
#300=VECTOR('',#951,10.);
#301=VECTOR('',#954,10.);
#302=VECTOR('',#955,10.);
#303=VECTOR('',#958,10.);
#304=VECTOR('',#959,10.);
#305=VECTOR('',#960,10.);
#306=VECTOR('',#961,10.);
#307=VECTOR('',#962,10.);
#308=VECTOR('',#981,1.625);
#309=VECTOR('',#982,10.);
#310=VECTOR('',#985,10.);
#311=VECTOR('',#992,1.625);
#312=VECTOR('',#999,10.);
#313=VECTOR('',#1000,1.625);
#314=VECTOR('',#1001,10.);
#315=VECTOR('',#1010,10.);
#316=VECTOR('',#1025,2.1);
#317=VECTOR('',#1026,2.1);
#318=VECTOR('',#1027,2.1);
#319=VECTOR('',#1030,3.625);
#320=VECTOR('',#1033,3.625);
#321=VECTOR('',#1036,3.625);
#322=VERTEX_POINT('',#1041);
#323=VERTEX_POINT('',#1042);
#324=VERTEX_POINT('',#1044);
#325=VERTEX_POINT('',#1046);
#326=VERTEX_POINT('',#1073);
#327=VERTEX_POINT('',#1080);
#328=VERTEX_POINT('',#1089);
#329=VERTEX_POINT('',#1090);
#330=VERTEX_POINT('',#1142);
#331=VERTEX_POINT('',#1155);
#332=VERTEX_POINT('',#1170);
#333=VERTEX_POINT('',#1171);
#334=VERTEX_POINT('',#1223);
#335=VERTEX_POINT('',#1236);
#336=VERTEX_POINT('',#1251);
#337=VERTEX_POINT('',#1252);
#338=VERTEX_POINT('',#1304);
#339=VERTEX_POINT('',#1317);
#340=VERTEX_POINT('',#1332);
#341=VERTEX_POINT('',#1333);
#342=VERTEX_POINT('',#1385);
#343=VERTEX_POINT('',#1398);
#344=VERTEX_POINT('',#1413);
#345=VERTEX_POINT('',#1414);
#346=VERTEX_POINT('',#1442);
#347=VERTEX_POINT('',#1449);
#348=VERTEX_POINT('',#1458);
#349=VERTEX_POINT('',#1459);
#350=VERTEX_POINT('',#1525);
#351=VERTEX_POINT('',#1526);
#352=VERTEX_POINT('',#1554);
#353=VERTEX_POINT('',#1556);
#354=VERTEX_POINT('',#1558);
#355=VERTEX_POINT('',#1562);
#356=VERTEX_POINT('',#1564);
#357=VERTEX_POINT('',#1595);
#358=VERTEX_POINT('',#1600);
#359=VERTEX_POINT('',#1619);
#360=VERTEX_POINT('',#1621);
#361=VERTEX_POINT('',#1628);
#362=VERTEX_POINT('',#1630);
#363=VERTEX_POINT('',#1644);
#364=VERTEX_POINT('',#1647);
#365=VERTEX_POINT('',#1649);
#366=VERTEX_POINT('',#1663);
#367=VERTEX_POINT('',#1665);
#368=VERTEX_POINT('',#1680);
#369=VERTEX_POINT('',#1682);
#370=VERTEX_POINT('',#1696);
#371=VERTEX_POINT('',#1711);
#372=VERTEX_POINT('',#1714);
#373=VERTEX_POINT('',#1957);
#374=VERTEX_POINT('',#1958);
#375=VERTEX_POINT('',#1986);
#376=VERTEX_POINT('',#1988);
#377=VERTEX_POINT('',#2001);
#378=VERTEX_POINT('',#2003);
#379=VERTEX_POINT('',#2005);
#380=VERTEX_POINT('',#2020);
#381=VERTEX_POINT('',#2082);
#382=VERTEX_POINT('',#2083);
#383=VERTEX_POINT('',#2111);
#384=VERTEX_POINT('',#2112);
#385=VERTEX_POINT('',#2125);
#386=VERTEX_POINT('',#2162);
#387=VERTEX_POINT('',#2224);
#388=VERTEX_POINT('',#2225);
#389=VERTEX_POINT('',#2253);
#390=VERTEX_POINT('',#2254);
#391=VERTEX_POINT('',#2256);
#392=VERTEX_POINT('',#2270);
#393=VERTEX_POINT('',#2283);
#394=VERTEX_POINT('',#2287);
#395=EDGE_CURVE('',#322,#323,#210,.T.);
#396=EDGE_CURVE('',#323,#324,#211,.T.);
#397=EDGE_CURVE('',#324,#325,#212,.T.);
#398=EDGE_CURVE('',#325,#322,#213,.T.);
#399=EDGE_CURVE('',#324,#326,#44,.T.);
#400=EDGE_CURVE('',#326,#327,#214,.T.);
#401=EDGE_CURVE('',#327,#325,#45,.T.);
#402=EDGE_CURVE('',#328,#329,#215,.T.);
#403=EDGE_CURVE('',#329,#327,#216,.T.);
#404=EDGE_CURVE('',#326,#328,#217,.T.);
#405=EDGE_CURVE('',#328,#330,#46,.T.);
#406=EDGE_CURVE('',#330,#331,#218,.T.);
#407=EDGE_CURVE('',#331,#329,#47,.T.);
#408=EDGE_CURVE('',#332,#333,#219,.T.);
#409=EDGE_CURVE('',#333,#331,#220,.T.);
#410=EDGE_CURVE('',#330,#332,#221,.T.);
#411=EDGE_CURVE('',#332,#334,#48,.T.);
#412=EDGE_CURVE('',#334,#335,#222,.T.);
#413=EDGE_CURVE('',#335,#333,#49,.T.);
#414=EDGE_CURVE('',#336,#337,#223,.T.);
#415=EDGE_CURVE('',#337,#335,#224,.T.);
#416=EDGE_CURVE('',#334,#336,#225,.T.);
#417=EDGE_CURVE('',#336,#338,#50,.T.);
#418=EDGE_CURVE('',#338,#339,#226,.T.);
#419=EDGE_CURVE('',#339,#337,#51,.T.);
#420=EDGE_CURVE('',#340,#341,#227,.T.);
#421=EDGE_CURVE('',#341,#339,#228,.T.);
#422=EDGE_CURVE('',#338,#340,#229,.T.);
#423=EDGE_CURVE('',#340,#342,#52,.T.);
#424=EDGE_CURVE('',#342,#343,#230,.T.);
#425=EDGE_CURVE('',#343,#341,#53,.T.);
#426=EDGE_CURVE('',#344,#345,#231,.T.);
#427=EDGE_CURVE('',#345,#343,#232,.T.);
#428=EDGE_CURVE('',#342,#344,#233,.T.);
#429=EDGE_CURVE('',#344,#346,#54,.T.);
#430=EDGE_CURVE('',#346,#347,#234,.T.);
#431=EDGE_CURVE('',#347,#345,#55,.T.);
#432=EDGE_CURVE('',#348,#349,#235,.T.);
#433=EDGE_CURVE('',#349,#347,#236,.T.);
#434=EDGE_CURVE('',#346,#348,#237,.T.);
#435=EDGE_CURVE('',#349,#322,#238,.T.);
#436=EDGE_CURVE('',#350,#351,#56,.T.);
#437=EDGE_CURVE('',#351,#351,#57,.T.);
#438=EDGE_CURVE('',#350,#350,#58,.T.);
#439=EDGE_CURVE('',#351,#352,#239,.T.);
#440=EDGE_CURVE('',#352,#353,#31,.T.);
#441=EDGE_CURVE('',#353,#354,#32,.T.);
#442=EDGE_CURVE('',#354,#352,#33,.T.);
#443=EDGE_CURVE('',#355,#348,#240,.T.);
#444=EDGE_CURVE('',#356,#355,#241,.T.);
#445=EDGE_CURVE('',#323,#356,#242,.T.);
#446=EDGE_CURVE('',#336,#357,#59,.T.);
#447=EDGE_CURVE('',#357,#358,#60,.T.);
#448=EDGE_CURVE('',#358,#338,#61,.T.);
#449=EDGE_CURVE('',#359,#358,#243,.T.);
#450=EDGE_CURVE('',#360,#359,#244,.T.);
#451=EDGE_CURVE('',#340,#360,#62,.T.);
#452=EDGE_CURVE('',#357,#361,#245,.T.);
#453=EDGE_CURVE('',#362,#361,#63,.T.);
#454=EDGE_CURVE('',#362,#363,#246,.T.);
#455=EDGE_CURVE('',#363,#363,#15,.T.);
#456=EDGE_CURVE('',#363,#364,#247,.T.);
#457=EDGE_CURVE('',#365,#364,#64,.T.);
#458=EDGE_CURVE('',#365,#366,#248,.T.);
#459=EDGE_CURVE('',#367,#366,#65,.T.);
#460=EDGE_CURVE('',#367,#356,#249,.T.);
#461=EDGE_CURVE('',#355,#368,#250,.T.);
#462=EDGE_CURVE('',#369,#368,#66,.T.);
#463=EDGE_CURVE('',#369,#370,#251,.T.);
#464=EDGE_CURVE('',#360,#370,#67,.T.);
#465=EDGE_CURVE('',#359,#371,#16,.T.);
#466=EDGE_CURVE('',#371,#359,#17,.T.);
#467=EDGE_CURVE('',#372,#372,#18,.T.);
#468=EDGE_CURVE('',#370,#342,#68,.T.);
#469=EDGE_CURVE('',#344,#369,#69,.T.);
#470=EDGE_CURVE('',#368,#346,#70,.T.);
#471=EDGE_CURVE('',#324,#367,#71,.T.);
#472=EDGE_CURVE('',#366,#326,#72,.T.);
#473=EDGE_CURVE('',#328,#365,#73,.T.);
#474=EDGE_CURVE('',#364,#330,#74,.T.);
#475=EDGE_CURVE('',#332,#362,#75,.T.);
#476=EDGE_CURVE('',#361,#334,#76,.T.);
#477=EDGE_CURVE('',#373,#374,#77,.T.);
#478=EDGE_CURVE('',#374,#374,#78,.T.);
#479=EDGE_CURVE('',#373,#373,#79,.T.);
#480=EDGE_CURVE('',#374,#375,#252,.T.);
#481=EDGE_CURVE('',#376,#375,#80,.T.);
#482=EDGE_CURVE('',#377,#376,#253,.T.);
#483=EDGE_CURVE('',#377,#378,#34,.T.);
#484=EDGE_CURVE('',#379,#378,#254,.T.);
#485=EDGE_CURVE('',#375,#379,#81,.T.);
#486=EDGE_CURVE('',#380,#380,#19,.T.);
#487=EDGE_CURVE('',#381,#382,#82,.T.);
#488=EDGE_CURVE('',#382,#382,#83,.T.);
#489=EDGE_CURVE('',#381,#381,#84,.T.);
#490=EDGE_CURVE('',#383,#384,#85,.T.);
#491=EDGE_CURVE('',#385,#383,#86,.T.);
#492=EDGE_CURVE('',#385,#382,#255,.T.);
#493=EDGE_CURVE('',#384,#385,#87,.T.);
#494=EDGE_CURVE('',#386,#386,#20,.T.);
#495=EDGE_CURVE('',#387,#388,#88,.T.);
#496=EDGE_CURVE('',#388,#388,#89,.T.);
#497=EDGE_CURVE('',#387,#387,#90,.T.);
#498=EDGE_CURVE('',#389,#390,#256,.T.);
#499=EDGE_CURVE('',#391,#389,#91,.T.);
#500=EDGE_CURVE('',#391,#388,#257,.T.);
#501=EDGE_CURVE('',#392,#391,#92,.T.);
#502=EDGE_CURVE('',#393,#392,#258,.T.);
#503=EDGE_CURVE('',#390,#393,#21,.T.);
#504=EDGE_CURVE('',#394,#394,#22,.T.);
#505=EDGE_CURVE('',#390,#393,#259,.T.);
#506=EDGE_CURVE('',#389,#392,#23,.T.);
#507=EDGE_CURVE('',#378,#377,#24,.T.);
#508=EDGE_CURVE('',#376,#379,#25,.T.);
#509=EDGE_CURVE('',#375,#353,#260,.T.);
#510=EDGE_CURVE('',#353,#385,#261,.T.);
#511=EDGE_CURVE('',#384,#391,#262,.T.);
#512=EDGE_CURVE('',#394,#371,#263,.T.);
#513=EDGE_CURVE('',#386,#372,#264,.T.);
#514=EDGE_CURVE('',#380,#363,#265,.T.);
#515=ORIENTED_EDGE('',*,*,#395,.T.);
#516=ORIENTED_EDGE('',*,*,#396,.T.);
#517=ORIENTED_EDGE('',*,*,#397,.T.);
#518=ORIENTED_EDGE('',*,*,#398,.T.);
#519=ORIENTED_EDGE('',*,*,#397,.F.);
#520=ORIENTED_EDGE('',*,*,#399,.T.);
#521=ORIENTED_EDGE('',*,*,#400,.T.);
#522=ORIENTED_EDGE('',*,*,#401,.T.);
#523=ORIENTED_EDGE('',*,*,#402,.T.);
#524=ORIENTED_EDGE('',*,*,#403,.T.);
#525=ORIENTED_EDGE('',*,*,#400,.F.);
#526=ORIENTED_EDGE('',*,*,#404,.T.);
#527=ORIENTED_EDGE('',*,*,#402,.F.);
#528=ORIENTED_EDGE('',*,*,#405,.T.);
#529=ORIENTED_EDGE('',*,*,#406,.T.);
#530=ORIENTED_EDGE('',*,*,#407,.T.);
#531=ORIENTED_EDGE('',*,*,#408,.T.);
#532=ORIENTED_EDGE('',*,*,#409,.T.);
#533=ORIENTED_EDGE('',*,*,#406,.F.);
#534=ORIENTED_EDGE('',*,*,#410,.T.);
#535=ORIENTED_EDGE('',*,*,#408,.F.);
#536=ORIENTED_EDGE('',*,*,#411,.T.);
#537=ORIENTED_EDGE('',*,*,#412,.T.);
#538=ORIENTED_EDGE('',*,*,#413,.T.);
#539=ORIENTED_EDGE('',*,*,#414,.T.);
#540=ORIENTED_EDGE('',*,*,#415,.T.);
#541=ORIENTED_EDGE('',*,*,#412,.F.);
#542=ORIENTED_EDGE('',*,*,#416,.T.);
#543=ORIENTED_EDGE('',*,*,#414,.F.);
#544=ORIENTED_EDGE('',*,*,#417,.T.);
#545=ORIENTED_EDGE('',*,*,#418,.T.);
#546=ORIENTED_EDGE('',*,*,#419,.T.);
#547=ORIENTED_EDGE('',*,*,#420,.T.);
#548=ORIENTED_EDGE('',*,*,#421,.T.);
#549=ORIENTED_EDGE('',*,*,#418,.F.);
#550=ORIENTED_EDGE('',*,*,#422,.T.);
#551=ORIENTED_EDGE('',*,*,#420,.F.);
#552=ORIENTED_EDGE('',*,*,#423,.T.);
#553=ORIENTED_EDGE('',*,*,#424,.T.);
#554=ORIENTED_EDGE('',*,*,#425,.T.);
#555=ORIENTED_EDGE('',*,*,#426,.T.);
#556=ORIENTED_EDGE('',*,*,#427,.T.);
#557=ORIENTED_EDGE('',*,*,#424,.F.);
#558=ORIENTED_EDGE('',*,*,#428,.T.);
#559=ORIENTED_EDGE('',*,*,#426,.F.);
#560=ORIENTED_EDGE('',*,*,#429,.T.);
#561=ORIENTED_EDGE('',*,*,#430,.T.);
#562=ORIENTED_EDGE('',*,*,#431,.T.);
#563=ORIENTED_EDGE('',*,*,#432,.T.);
#564=ORIENTED_EDGE('',*,*,#433,.T.);
#565=ORIENTED_EDGE('',*,*,#430,.F.);
#566=ORIENTED_EDGE('',*,*,#434,.T.);
#567=ORIENTED_EDGE('',*,*,#398,.F.);
#568=ORIENTED_EDGE('',*,*,#401,.F.);
#569=ORIENTED_EDGE('',*,*,#403,.F.);
#570=ORIENTED_EDGE('',*,*,#407,.F.);
#571=ORIENTED_EDGE('',*,*,#409,.F.);
#572=ORIENTED_EDGE('',*,*,#413,.F.);
#573=ORIENTED_EDGE('',*,*,#415,.F.);
#574=ORIENTED_EDGE('',*,*,#419,.F.);
#575=ORIENTED_EDGE('',*,*,#421,.F.);
#576=ORIENTED_EDGE('',*,*,#425,.F.);
#577=ORIENTED_EDGE('',*,*,#427,.F.);
#578=ORIENTED_EDGE('',*,*,#431,.F.);
#579=ORIENTED_EDGE('',*,*,#433,.F.);
#580=ORIENTED_EDGE('',*,*,#435,.T.);
#581=ORIENTED_EDGE('',*,*,#436,.T.);
#582=ORIENTED_EDGE('',*,*,#437,.T.);
#583=ORIENTED_EDGE('',*,*,#436,.F.);
#584=ORIENTED_EDGE('',*,*,#438,.T.);
#585=ORIENTED_EDGE('',*,*,#437,.F.);
#586=ORIENTED_EDGE('',*,*,#439,.T.);
#587=ORIENTED_EDGE('',*,*,#440,.T.);
#588=ORIENTED_EDGE('',*,*,#441,.T.);
#589=ORIENTED_EDGE('',*,*,#442,.T.);
#590=ORIENTED_EDGE('',*,*,#439,.F.);
#591=ORIENTED_EDGE('',*,*,#395,.F.);
#592=ORIENTED_EDGE('',*,*,#435,.F.);
#593=ORIENTED_EDGE('',*,*,#432,.F.);
#594=ORIENTED_EDGE('',*,*,#443,.F.);
#595=ORIENTED_EDGE('',*,*,#444,.F.);
#596=ORIENTED_EDGE('',*,*,#445,.F.);
#597=ORIENTED_EDGE('',*,*,#438,.F.);
#598=ORIENTED_EDGE('',*,*,#417,.F.);
#599=ORIENTED_EDGE('',*,*,#446,.T.);
#600=ORIENTED_EDGE('',*,*,#447,.T.);
#601=ORIENTED_EDGE('',*,*,#448,.T.);
#602=ORIENTED_EDGE('',*,*,#422,.F.);
#603=ORIENTED_EDGE('',*,*,#448,.F.);
#604=ORIENTED_EDGE('',*,*,#449,.F.);
#605=ORIENTED_EDGE('',*,*,#450,.F.);
#606=ORIENTED_EDGE('',*,*,#451,.F.);
#607=ORIENTED_EDGE('',*,*,#447,.F.);
#608=ORIENTED_EDGE('',*,*,#452,.T.);
#609=ORIENTED_EDGE('',*,*,#453,.F.);
#610=ORIENTED_EDGE('',*,*,#454,.T.);
#611=ORIENTED_EDGE('',*,*,#455,.T.);
#612=ORIENTED_EDGE('',*,*,#456,.T.);
#613=ORIENTED_EDGE('',*,*,#457,.F.);
#614=ORIENTED_EDGE('',*,*,#458,.T.);
#615=ORIENTED_EDGE('',*,*,#459,.F.);
#616=ORIENTED_EDGE('',*,*,#460,.T.);
#617=ORIENTED_EDGE('',*,*,#444,.T.);
#618=ORIENTED_EDGE('',*,*,#461,.T.);
#619=ORIENTED_EDGE('',*,*,#462,.F.);
#620=ORIENTED_EDGE('',*,*,#463,.T.);
#621=ORIENTED_EDGE('',*,*,#464,.F.);
#622=ORIENTED_EDGE('',*,*,#450,.T.);
#623=ORIENTED_EDGE('',*,*,#465,.T.);
#624=ORIENTED_EDGE('',*,*,#466,.T.);
#625=ORIENTED_EDGE('',*,*,#449,.T.);
#626=ORIENTED_EDGE('',*,*,#467,.T.);
#627=ORIENTED_EDGE('',*,*,#423,.F.);
#628=ORIENTED_EDGE('',*,*,#451,.T.);
#629=ORIENTED_EDGE('',*,*,#464,.T.);
#630=ORIENTED_EDGE('',*,*,#468,.T.);
#631=ORIENTED_EDGE('',*,*,#428,.F.);
#632=ORIENTED_EDGE('',*,*,#468,.F.);
#633=ORIENTED_EDGE('',*,*,#463,.F.);
#634=ORIENTED_EDGE('',*,*,#469,.F.);
#635=ORIENTED_EDGE('',*,*,#429,.F.);
#636=ORIENTED_EDGE('',*,*,#469,.T.);
#637=ORIENTED_EDGE('',*,*,#462,.T.);
#638=ORIENTED_EDGE('',*,*,#470,.T.);
#639=ORIENTED_EDGE('',*,*,#434,.F.);
#640=ORIENTED_EDGE('',*,*,#470,.F.);
#641=ORIENTED_EDGE('',*,*,#461,.F.);
#642=ORIENTED_EDGE('',*,*,#443,.T.);
#643=ORIENTED_EDGE('',*,*,#399,.F.);
#644=ORIENTED_EDGE('',*,*,#471,.T.);
#645=ORIENTED_EDGE('',*,*,#459,.T.);
#646=ORIENTED_EDGE('',*,*,#472,.T.);
#647=ORIENTED_EDGE('',*,*,#404,.F.);
#648=ORIENTED_EDGE('',*,*,#472,.F.);
#649=ORIENTED_EDGE('',*,*,#458,.F.);
#650=ORIENTED_EDGE('',*,*,#473,.F.);
#651=ORIENTED_EDGE('',*,*,#405,.F.);
#652=ORIENTED_EDGE('',*,*,#473,.T.);
#653=ORIENTED_EDGE('',*,*,#457,.T.);
#654=ORIENTED_EDGE('',*,*,#474,.T.);
#655=ORIENTED_EDGE('',*,*,#410,.F.);
#656=ORIENTED_EDGE('',*,*,#474,.F.);
#657=ORIENTED_EDGE('',*,*,#456,.F.);
#658=ORIENTED_EDGE('',*,*,#454,.F.);
#659=ORIENTED_EDGE('',*,*,#475,.F.);
#660=ORIENTED_EDGE('',*,*,#411,.F.);
#661=ORIENTED_EDGE('',*,*,#475,.T.);
#662=ORIENTED_EDGE('',*,*,#453,.T.);
#663=ORIENTED_EDGE('',*,*,#476,.T.);
#664=ORIENTED_EDGE('',*,*,#416,.F.);
#665=ORIENTED_EDGE('',*,*,#476,.F.);
#666=ORIENTED_EDGE('',*,*,#452,.F.);
#667=ORIENTED_EDGE('',*,*,#446,.F.);
#668=ORIENTED_EDGE('',*,*,#477,.T.);
#669=ORIENTED_EDGE('',*,*,#478,.T.);
#670=ORIENTED_EDGE('',*,*,#477,.F.);
#671=ORIENTED_EDGE('',*,*,#479,.T.);
#672=ORIENTED_EDGE('',*,*,#478,.F.);
#673=ORIENTED_EDGE('',*,*,#480,.T.);
#674=ORIENTED_EDGE('',*,*,#481,.F.);
#675=ORIENTED_EDGE('',*,*,#482,.F.);
#676=ORIENTED_EDGE('',*,*,#483,.T.);
#677=ORIENTED_EDGE('',*,*,#484,.F.);
#678=ORIENTED_EDGE('',*,*,#485,.F.);
#679=ORIENTED_EDGE('',*,*,#480,.F.);
#680=ORIENTED_EDGE('',*,*,#486,.T.);
#681=ORIENTED_EDGE('',*,*,#479,.F.);
#682=ORIENTED_EDGE('',*,*,#487,.T.);
#683=ORIENTED_EDGE('',*,*,#488,.T.);
#684=ORIENTED_EDGE('',*,*,#487,.F.);
#685=ORIENTED_EDGE('',*,*,#489,.T.);
#686=ORIENTED_EDGE('',*,*,#490,.F.);
#687=ORIENTED_EDGE('',*,*,#491,.F.);
#688=ORIENTED_EDGE('',*,*,#492,.T.);
#689=ORIENTED_EDGE('',*,*,#488,.F.);
#690=ORIENTED_EDGE('',*,*,#492,.F.);
#691=ORIENTED_EDGE('',*,*,#493,.F.);
#692=ORIENTED_EDGE('',*,*,#494,.T.);
#693=ORIENTED_EDGE('',*,*,#489,.F.);
#694=ORIENTED_EDGE('',*,*,#495,.T.);
#695=ORIENTED_EDGE('',*,*,#496,.T.);
#696=ORIENTED_EDGE('',*,*,#495,.F.);
#697=ORIENTED_EDGE('',*,*,#497,.T.);
#698=ORIENTED_EDGE('',*,*,#498,.F.);
#699=ORIENTED_EDGE('',*,*,#499,.F.);
#700=ORIENTED_EDGE('',*,*,#500,.T.);
#701=ORIENTED_EDGE('',*,*,#496,.F.);
#702=ORIENTED_EDGE('',*,*,#500,.F.);
#703=ORIENTED_EDGE('',*,*,#501,.F.);
#704=ORIENTED_EDGE('',*,*,#502,.F.);
#705=ORIENTED_EDGE('',*,*,#503,.F.);
#706=ORIENTED_EDGE('',*,*,#504,.T.);
#707=ORIENTED_EDGE('',*,*,#497,.F.);
#708=ORIENTED_EDGE('',*,*,#505,.F.);
#709=ORIENTED_EDGE('',*,*,#503,.T.);
#710=ORIENTED_EDGE('',*,*,#498,.T.);
#711=ORIENTED_EDGE('',*,*,#505,.T.);
#712=ORIENTED_EDGE('',*,*,#502,.T.);
#713=ORIENTED_EDGE('',*,*,#506,.F.);
#714=ORIENTED_EDGE('',*,*,#507,.F.);
#715=ORIENTED_EDGE('',*,*,#483,.F.);
#716=ORIENTED_EDGE('',*,*,#484,.T.);
#717=ORIENTED_EDGE('',*,*,#507,.T.);
#718=ORIENTED_EDGE('',*,*,#482,.T.);
#719=ORIENTED_EDGE('',*,*,#508,.T.);
#720=ORIENTED_EDGE('',*,*,#481,.T.);
#721=ORIENTED_EDGE('',*,*,#509,.T.);
#722=ORIENTED_EDGE('',*,*,#440,.F.);
#723=ORIENTED_EDGE('',*,*,#442,.F.);
#724=ORIENTED_EDGE('',*,*,#441,.F.);
#725=ORIENTED_EDGE('',*,*,#510,.T.);
#726=ORIENTED_EDGE('',*,*,#491,.T.);
#727=ORIENTED_EDGE('',*,*,#490,.T.);
#728=ORIENTED_EDGE('',*,*,#511,.T.);
#729=ORIENTED_EDGE('',*,*,#499,.T.);
#730=ORIENTED_EDGE('',*,*,#506,.T.);
#731=ORIENTED_EDGE('',*,*,#501,.T.);
#732=ORIENTED_EDGE('',*,*,#511,.F.);
#733=ORIENTED_EDGE('',*,*,#493,.T.);
#734=ORIENTED_EDGE('',*,*,#510,.F.);
#735=ORIENTED_EDGE('',*,*,#509,.F.);
#736=ORIENTED_EDGE('',*,*,#485,.T.);
#737=ORIENTED_EDGE('',*,*,#508,.F.);
#738=ORIENTED_EDGE('',*,*,#504,.F.);
#739=ORIENTED_EDGE('',*,*,#512,.T.);
#740=ORIENTED_EDGE('',*,*,#465,.F.);
#741=ORIENTED_EDGE('',*,*,#466,.F.);
#742=ORIENTED_EDGE('',*,*,#512,.F.);
#743=ORIENTED_EDGE('',*,*,#494,.F.);
#744=ORIENTED_EDGE('',*,*,#513,.T.);
#745=ORIENTED_EDGE('',*,*,#467,.F.);
#746=ORIENTED_EDGE('',*,*,#513,.F.);
#747=ORIENTED_EDGE('',*,*,#486,.F.);
#748=ORIENTED_EDGE('',*,*,#514,.T.);
#749=ORIENTED_EDGE('',*,*,#455,.F.);
#750=ORIENTED_EDGE('',*,*,#514,.F.);
#751=ORIENTED_EDGE('',*,*,#396,.F.);
#752=ORIENTED_EDGE('',*,*,#445,.T.);
#753=ORIENTED_EDGE('',*,*,#460,.F.);
#754=ORIENTED_EDGE('',*,*,#471,.F.);
#755=PLANE('',#840);
#756=PLANE('',#841);
#757=PLANE('',#842);
#758=PLANE('',#843);
#759=PLANE('',#844);
#760=PLANE('',#845);
#761=PLANE('',#846);
#762=PLANE('',#847);
#763=PLANE('',#852);
#764=PLANE('',#853);
#765=PLANE('',#854);
#766=PLANE('',#859);
#767=PLANE('',#860);
#768=PLANE('',#861);
#769=PLANE('',#862);
#770=PLANE('',#863);
#771=PLANE('',#866);
#772=PLANE('',#869);
#773=PLANE('',#873);
#774=PLANE('',#875);
#775=PLANE('',#876);
#776=PLANE('',#880);
#777=PLANE('',#886);
#778=ADVANCED_FACE('',(#109),#755,.T.);
#779=ADVANCED_FACE('',(#110),#93,.T.);
#780=ADVANCED_FACE('',(#111),#756,.T.);
#781=ADVANCED_FACE('',(#112),#94,.T.);
#782=ADVANCED_FACE('',(#113),#757,.T.);
#783=ADVANCED_FACE('',(#114),#95,.T.);
#784=ADVANCED_FACE('',(#115),#758,.T.);
#785=ADVANCED_FACE('',(#116),#96,.T.);
#786=ADVANCED_FACE('',(#117),#759,.T.);
#787=ADVANCED_FACE('',(#118),#97,.T.);
#788=ADVANCED_FACE('',(#119),#760,.T.);
#789=ADVANCED_FACE('',(#120),#98,.T.);
#790=ADVANCED_FACE('',(#121),#761,.T.);
#791=ADVANCED_FACE('',(#122),#762,.T.);
#792=ADVANCED_FACE('',(#123),#99,.T.);
#793=ADVANCED_FACE('',(#124),#35,.F.);
#794=ADVANCED_FACE('',(#125,#26),#763,.T.);
#795=ADVANCED_FACE('',(#126),#100,.T.);
#796=ADVANCED_FACE('',(#127),#764,.T.);
#797=ADVANCED_FACE('',(#128,#27),#765,.T.);
#798=ADVANCED_FACE('',(#129),#101,.T.);
#799=ADVANCED_FACE('',(#130),#766,.T.);
#800=ADVANCED_FACE('',(#131),#102,.T.);
#801=ADVANCED_FACE('',(#132),#767,.T.);
#802=ADVANCED_FACE('',(#133),#103,.T.);
#803=ADVANCED_FACE('',(#134),#768,.T.);
#804=ADVANCED_FACE('',(#135),#104,.T.);
#805=ADVANCED_FACE('',(#136),#769,.T.);
#806=ADVANCED_FACE('',(#137),#105,.T.);
#807=ADVANCED_FACE('',(#138),#770,.T.);
#808=ADVANCED_FACE('',(#139),#106,.T.);
#809=ADVANCED_FACE('',(#140),#36,.F.);
#810=ADVANCED_FACE('',(#141,#28),#771,.T.);
#811=ADVANCED_FACE('',(#142),#107,.T.);
#812=ADVANCED_FACE('',(#143),#37,.F.);
#813=ADVANCED_FACE('',(#144,#29),#772,.T.);
#814=ADVANCED_FACE('',(#145),#108,.T.);
#815=ADVANCED_FACE('',(#146),#38,.F.);
#816=ADVANCED_FACE('',(#147,#30),#773,.T.);
#817=ADVANCED_FACE('',(#148),#774,.T.);
#818=ADVANCED_FACE('',(#149),#775,.F.);
#819=ADVANCED_FACE('',(#150),#39,.F.);
#820=ADVANCED_FACE('',(#151),#776,.T.);
#821=ADVANCED_FACE('',(#152),#40,.F.);
#822=ADVANCED_FACE('',(#153),#41,.T.);
#823=ADVANCED_FACE('',(#154),#42,.T.);
#824=ADVANCED_FACE('',(#155),#43,.T.);
#825=ADVANCED_FACE('',(#156),#777,.T.);
#826=CLOSED_SHELL('',(#778,#779,#780,#781,#782,#783,#784,#785,#786,#787,
#788,#789,#790,#791,#792,#793,#794,#795,#796,#797,#798,#799,#800,#801,#802,
#803,#804,#805,#806,#807,#808,#809,#810,#811,#812,#813,#814,#815,#816,#817,
#818,#819,#820,#821,#822,#823,#824,#825));
#827=DERIVED_UNIT_ELEMENT(#829,1.);
#828=DERIVED_UNIT_ELEMENT(#2313,-3.);
#829=(
MASS_UNIT()
NAMED_UNIT(*)
SI_UNIT(.KILO.,.GRAM.)
);
#830=DERIVED_UNIT((#827,#828));
#831=MEASURE_REPRESENTATION_ITEM('density measure',
POSITIVE_RATIO_MEASURE(7850.),#830);
#832=PROPERTY_DEFINITION_REPRESENTATION(#837,#834);
#833=PROPERTY_DEFINITION_REPRESENTATION(#838,#835);
#834=REPRESENTATION('material name',(#836),#2310);
#835=REPRESENTATION('density',(#831),#2310);
#836=DESCRIPTIVE_REPRESENTATION_ITEM('Steel','Steel');
#837=PROPERTY_DEFINITION('material property','material name',#2320);
#838=PROPERTY_DEFINITION('material property','density of part',#2320);
#839=AXIS2_PLACEMENT_3D('',#1039,#887,#888);
#840=AXIS2_PLACEMENT_3D('',#1040,#889,#890);
#841=AXIS2_PLACEMENT_3D('',#1088,#896,#897);
#842=AXIS2_PLACEMENT_3D('',#1169,#902,#903);
#843=AXIS2_PLACEMENT_3D('',#1250,#908,#909);
#844=AXIS2_PLACEMENT_3D('',#1331,#914,#915);
#845=AXIS2_PLACEMENT_3D('',#1412,#920,#921);
#846=AXIS2_PLACEMENT_3D('',#1457,#926,#927);
#847=AXIS2_PLACEMENT_3D('',#1463,#931,#932);
#848=AXIS2_PLACEMENT_3D('',#1553,#934,#935);
#849=AXIS2_PLACEMENT_3D('',#1557,#937,#938);
#850=AXIS2_PLACEMENT_3D('',#1559,#939,#940);
#851=AXIS2_PLACEMENT_3D('',#1560,#941,#942);
#852=AXIS2_PLACEMENT_3D('',#1561,#943,#944);
#853=AXIS2_PLACEMENT_3D('',#1618,#948,#949);
#854=AXIS2_PLACEMENT_3D('',#1627,#952,#953);
#855=AXIS2_PLACEMENT_3D('',#1646,#956,#957);
#856=AXIS2_PLACEMENT_3D('',#1712,#963,#964);
#857=AXIS2_PLACEMENT_3D('',#1713,#965,#966);
#858=AXIS2_PLACEMENT_3D('',#1715,#967,#968);
#859=AXIS2_PLACEMENT_3D('',#1748,#969,#970);
#860=AXIS2_PLACEMENT_3D('',#1785,#971,#972);
#861=AXIS2_PLACEMENT_3D('',#1822,#973,#974);
#862=AXIS2_PLACEMENT_3D('',#1859,#975,#976);
#863=AXIS2_PLACEMENT_3D('',#1896,#977,#978);
#864=AXIS2_PLACEMENT_3D('',#1985,#979,#980);
#865=AXIS2_PLACEMENT_3D('',#2004,#983,#984);
#866=AXIS2_PLACEMENT_3D('',#2019,#986,#987);
#867=AXIS2_PLACEMENT_3D('',#2021,#988,#989);
#868=AXIS2_PLACEMENT_3D('',#2110,#990,#991);
#869=AXIS2_PLACEMENT_3D('',#2161,#993,#994);
#870=AXIS2_PLACEMENT_3D('',#2163,#995,#996);
#871=AXIS2_PLACEMENT_3D('',#2252,#997,#998);
#872=AXIS2_PLACEMENT_3D('',#2285,#1002,#1003);
#873=AXIS2_PLACEMENT_3D('',#2286,#1004,#1005);
#874=AXIS2_PLACEMENT_3D('',#2288,#1006,#1007);
#875=AXIS2_PLACEMENT_3D('',#2289,#1008,#1009);
#876=AXIS2_PLACEMENT_3D('',#2291,#1011,#1012);
#877=AXIS2_PLACEMENT_3D('',#2292,#1013,#1014);
#878=AXIS2_PLACEMENT_3D('',#2293,#1015,#1016);
#879=AXIS2_PLACEMENT_3D('',#2294,#1017,#1018);
#880=AXIS2_PLACEMENT_3D('',#2295,#1019,#1020);
#881=AXIS2_PLACEMENT_3D('',#2296,#1021,#1022);
#882=AXIS2_PLACEMENT_3D('',#2297,#1023,#1024);
#883=AXIS2_PLACEMENT_3D('',#2301,#1028,#1029);
#884=AXIS2_PLACEMENT_3D('',#2303,#1031,#1032);
#885=AXIS2_PLACEMENT_3D('',#2305,#1034,#1035);
#886=AXIS2_PLACEMENT_3D('',#2307,#1037,#1038);
#887=DIRECTION('axis',(0.,0.,1.));
#888=DIRECTION('refdir',(1.,0.,0.));
#889=DIRECTION('center_axis',(-0.707106781186547,0.707106781186548,-1.7445471763153E-16));
#890=DIRECTION('ref_axis',(-2.46716227694479E-16,0.,1.));
#891=DIRECTION('',(-0.707106781186548,-0.707106781186547,0.));
#892=DIRECTION('',(-2.46716227694479E-16,0.,1.));
#893=DIRECTION('',(0.707106781186548,0.707106781186547,0.));
#894=DIRECTION('',(2.46716227694479E-16,0.,-1.));
#895=DIRECTION('',(0.,0.707106781186547,0.707106781186548));
#896=DIRECTION('center_axis',(7.93801391750905E-16,0.707106781186548,-0.707106781186547));
#897=DIRECTION('ref_axis',(-1.,0.,-1.12260469404477E-15));
#898=DIRECTION('',(-1.57009245868378E-15,0.707106781186548,0.707106781186547));
#899=DIRECTION('',(1.,0.,1.12260469404477E-15));
#900=DIRECTION('',(-1.,0.,-1.12260469404477E-15));
#901=DIRECTION('',(0.707106781186547,0.707106781186548,1.57009245868378E-15));
#902=DIRECTION('center_axis',(-0.707106781186547,0.707106781186548,3.82949380166774E-16));
#903=DIRECTION('ref_axis',(5.41572207134222E-16,0.,1.));
#904=DIRECTION('',(0.707106781186547,0.707106781186548,0.));
#905=DIRECTION('',(-5.41572207134222E-16,0.,-1.));
#906=DIRECTION('',(5.41572207134222E-16,0.,1.));
#907=DIRECTION('',(0.,0.707106781186547,-0.707106781186548));
#908=DIRECTION('center_axis',(1.86776798059037E-16,0.707106781186547,0.707106781186548));
#909=DIRECTION('ref_axis',(1.,0.,-2.6414228095171E-16));
#910=DIRECTION('',(0.,0.707106781186547,-0.707106781186548));
#911=DIRECTION('',(-1.,0.,2.6414228095171E-16));
#912=DIRECTION('',(1.,0.,-2.6414228095171E-16));
#913=DIRECTION('',(-0.707106781186549,0.707106781186546,4.71027737605132E-15));
#914=DIRECTION('center_axis',(0.707106781186547,0.707106781186548,-4.59539256200134E-15));
#915=DIRECTION('ref_axis',(-6.49886648561074E-15,0.,-1.));
#916=DIRECTION('',(-0.707106781186548,0.707106781186547,4.71027737605132E-15));
#917=DIRECTION('',(6.49886648561074E-15,0.,1.));
#918=DIRECTION('',(-6.49886648561074E-15,0.,-1.));
#919=DIRECTION('',(0.,0.707106781186549,0.707106781186546));
#920=DIRECTION('center_axis',(7.93801391750905E-16,0.707106781186548,-0.707106781186547));
#921=DIRECTION('ref_axis',(-1.,0.,-1.12260469404477E-15));
#922=DIRECTION('',(-7.85046229341887E-16,0.707106781186547,0.707106781186548));
#923=DIRECTION('',(1.,0.,1.12260469404477E-15));
#924=DIRECTION('',(-1.,0.,-1.12260469404477E-15));
#925=DIRECTION('',(-0.707106781186547,0.707106781186547,0.));
#926=DIRECTION('center_axis',(0.707106781186548,0.707106781186547,2.99844045929193E-17));
#927=DIRECTION('ref_axis',(4.24043516349886E-17,0.,-1.));
#928=DIRECTION('',(-0.707106781186547,0.707106781186548,0.));
#929=DIRECTION('',(-4.24043516349886E-17,0.,1.));
#930=DIRECTION('',(4.24043516349886E-17,0.,-1.));
#931=DIRECTION('center_axis',(0.,1.,0.));
#932=DIRECTION('ref_axis',(0.,0.,1.));
#933=DIRECTION('',(-1.,0.,0.));
#934=DIRECTION('center_axis',(-2.74945513935383E-15,0.,1.));
#935=DIRECTION('ref_axis',(1.,0.,2.74945513935383E-15));
#936=DIRECTION('',(-2.74945513935383E-15,0.,1.));
#937=DIRECTION('center_axis',(-0.707106781186547,0.,0.707106781186548));
#938=DIRECTION('ref_axis',(0.707106781186548,0.,0.707106781186547));
#939=DIRECTION('center_axis',(0.707106781186548,0.,0.707106781186548));
#940=DIRECTION('ref_axis',(-0.707106781186547,0.,0.707106781186547));
#941=DIRECTION('center_axis',(-0.707106781186547,0.,0.707106781186548));
#942=DIRECTION('ref_axis',(0.707106781186548,0.,0.707106781186547));
#943=DIRECTION('center_axis',(0.,0.,-1.));
#944=DIRECTION('ref_axis',(-1.,0.,0.));
#945=DIRECTION('',(0.,1.,0.));
#946=DIRECTION('',(1.,0.,0.));
#947=DIRECTION('',(0.,-1.,0.));
#948=DIRECTION('center_axis',(1.,0.,-6.49886648561074E-15));
#949=DIRECTION('ref_axis',(-6.49886648561074E-15,0.,-1.));
#950=DIRECTION('',(6.49886648561074E-15,0.,1.));
#951=DIRECTION('',(6.49886648561074E-15,0.,1.));
#952=DIRECTION('center_axis',(0.,-1.,0.));
#953=DIRECTION('ref_axis',(0.,0.,-1.));
#954=DIRECTION('',(-1.,0.,2.6414228095171E-16));
#955=DIRECTION('',(-5.41572207134222E-16,0.,-1.));
#956=DIRECTION('center_axis',(0.,1.,0.));
#957=DIRECTION('ref_axis',(1.,0.,0.));
#958=DIRECTION('',(-5.41572207134222E-16,0.,-1.));
#959=DIRECTION('',(1.,0.,1.12260469404477E-15));
#960=DIRECTION('',(2.46716227694479E-16,0.,-1.));
#961=DIRECTION('',(-4.24043516349886E-17,0.,1.));
#962=DIRECTION('',(1.,0.,1.12260469404477E-15));
#963=DIRECTION('center_axis',(0.,1.,0.));
#964=DIRECTION('ref_axis',(1.,0.,0.));
#965=DIRECTION('center_axis',(0.,1.,0.));
#966=DIRECTION('ref_axis',(1.,0.,0.));
#967=DIRECTION('center_axis',(0.,1.,0.));
#968=DIRECTION('ref_axis',(1.,0.,0.));
#969=DIRECTION('center_axis',(1.12260469404477E-15,0.,-1.));
#970=DIRECTION('ref_axis',(-1.,0.,-1.12260469404477E-15));
#971=DIRECTION('center_axis',(1.,0.,4.24043516349886E-17));
#972=DIRECTION('ref_axis',(4.24043516349886E-17,0.,-1.));
#973=DIRECTION('center_axis',(1.12260469404477E-15,0.,-1.));
#974=DIRECTION('ref_axis',(-1.,0.,-1.12260469404477E-15));
#975=DIRECTION('center_axis',(-1.,0.,5.41572207134222E-16));
#976=DIRECTION('ref_axis',(5.41572207134222E-16,0.,1.));
#977=DIRECTION('center_axis',(2.6414228095171E-16,0.,1.));
#978=DIRECTION('ref_axis',(1.,0.,-2.6414228095171E-16));
#979=DIRECTION('center_axis',(0.,1.,0.));
#980=DIRECTION('ref_axis',(-1.,0.,0.));
#981=DIRECTION('',(0.,1.,0.));
#982=DIRECTION('',(0.,-1.,0.));
#983=DIRECTION('center_axis',(0.707106781186548,0.707106781186548,0.));
#984=DIRECTION('ref_axis',(-0.707106781186548,0.707106781186548,0.));
#985=DIRECTION('',(0.,1.,0.));
#986=DIRECTION('center_axis',(0.,-1.,0.));
#987=DIRECTION('ref_axis',(1.,0.,0.));
#988=DIRECTION('center_axis',(0.,-1.,0.));
#989=DIRECTION('ref_axis',(1.,0.,0.));
#990=DIRECTION('center_axis',(-2.73910036535074E-32,-1.,0.));
#991=DIRECTION('ref_axis',(1.,-2.73910036535074E-32,0.));
#992=DIRECTION('',(-2.73910036535074E-32,-1.,0.));
#993=DIRECTION('center_axis',(0.,-1.,0.));
#994=DIRECTION('ref_axis',(1.,0.,0.));
#995=DIRECTION('center_axis',(0.,-1.,0.));
#996=DIRECTION('ref_axis',(1.,0.,0.));
#997=DIRECTION('center_axis',(0.,-1.,0.));
#998=DIRECTION('ref_axis',(1.,0.,0.));
#999=DIRECTION('',(0.,1.,0.));
#1000=DIRECTION('',(0.,-1.,0.));
#1001=DIRECTION('',(0.,-1.,0.));
#1002=DIRECTION('center_axis',(0.,-1.,0.));
#1003=DIRECTION('ref_axis',(1.,0.,0.));
#1004=DIRECTION('center_axis',(0.,-1.,0.));
#1005=DIRECTION('ref_axis',(1.,0.,0.));
#1006=DIRECTION('center_axis',(0.,-1.,0.));
#1007=DIRECTION('ref_axis',(1.,0.,0.));
#1008=DIRECTION('center_axis',(0.,-1.,0.));
#1009=DIRECTION('ref_axis',(0.,0.,-1.));
#1010=DIRECTION('',(5.9211894646675E-16,0.,1.));
#1011=DIRECTION('center_axis',(1.,0.,-5.9211894646675E-16));
#1012=DIRECTION('ref_axis',(-5.9211894646675E-16,0.,-1.));
#1013=DIRECTION('center_axis',(1.,0.,-5.9211894646675E-16));
#1014=DIRECTION('ref_axis',(0.,1.,0.));
#1015=DIRECTION('center_axis',(1.,0.,0.));
#1016=DIRECTION('ref_axis',(0.,1.,0.));
#1017=DIRECTION('center_axis',(-1.,0.,5.9211894646675E-16));
#1018=DIRECTION('ref_axis',(0.,1.,0.));
#1019=DIRECTION('center_axis',(1.,0.,-5.9211894646675E-16));
#1020=DIRECTION('ref_axis',(-5.9211894646675E-16,0.,-1.));
#1021=DIRECTION('center_axis',(1.,0.,-5.9211894646675E-16));
#1022=DIRECTION('ref_axis',(0.,1.,0.));
#1023=DIRECTION('center_axis',(1.,0.,-5.9211894646675E-16));
#1024=DIRECTION('ref_axis',(0.,1.,0.));
#1025=DIRECTION('',(1.,0.,-5.9211894646675E-16));
#1026=DIRECTION('',(1.,0.,-5.9211894646675E-16));
#1027=DIRECTION('',(1.,0.,-5.9211894646675E-16));
#1028=DIRECTION('center_axis',(0.,-1.,0.));
#1029=DIRECTION('ref_axis',(1.,0.,0.));
#1030=DIRECTION('',(0.,1.,0.));
#1031=DIRECTION('center_axis',(0.,-1.,0.));
#1032=DIRECTION('ref_axis',(1.,0.,0.));
#1033=DIRECTION('',(0.,1.,0.));
#1034=DIRECTION('center_axis',(0.,-1.,0.));
#1035=DIRECTION('ref_axis',(1.,0.,0.));
#1036=DIRECTION('',(0.,1.,0.));
#1037=DIRECTION('center_axis',(-1.,0.,-2.46716227694479E-16));
#1038=DIRECTION('ref_axis',(-2.46716227694479E-16,0.,1.));
#1039=CARTESIAN_POINT('',(0.,0.,0.));
#1040=CARTESIAN_POINT('Origin',(-8.1,3.1,13.1));
#1041=CARTESIAN_POINT('',(-7.1,4.1,4.09999999999995));
#1042=CARTESIAN_POINT('',(-9.1,2.1,4.09999999999995));
#1043=CARTESIAN_POINT('',(-7.075,4.125,4.09999999999995));
#1044=CARTESIAN_POINT('',(-9.1,2.1,28.65));
#1045=CARTESIAN_POINT('',(-9.1,2.1,13.1));
#1046=CARTESIAN_POINT('',(-7.1,4.1,28.65));
#1047=CARTESIAN_POINT('',(-9.1,2.1,28.65));
#1048=CARTESIAN_POINT('',(-7.1,4.1,13.1));
#1049=CARTESIAN_POINT('Ctrl Pts',(-12.1,2.1,31.9));
#1050=CARTESIAN_POINT('Ctrl Pts',(-11.6318055344766,2.1,31.9));
#1051=CARTESIAN_POINT('Ctrl Pts',(-10.7035647849894,2.1,31.6570552555265));
#1052=CARTESIAN_POINT('Ctrl Pts',(-9.45910722327455,2.1,30.5298223002447));
#1053=CARTESIAN_POINT('Ctrl Pts',(-9.1,2.1,29.3542543541928));
#1054=CARTESIAN_POINT('Ctrl Pts',(-9.1,2.1,28.65));
#1055=CARTESIAN_POINT('Ctrl Pts',(-12.1,2.76666666666667,32.5666666666667));
#1056=CARTESIAN_POINT('Ctrl Pts',(-11.5190920520357,2.76666666666667,32.5666666666667));
#1057=CARTESIAN_POINT('Ctrl Pts',(-10.3681617476235,2.76666666666667,32.2636317696705));
#1058=CARTESIAN_POINT('Ctrl Pts',(-8.85704166625487,2.76666666666667,30.8876492717858));
#1059=CARTESIAN_POINT('Ctrl Pts',(-8.43333333333334,2.76666666666667,29.4876042910815));
#1060=CARTESIAN_POINT('Ctrl Pts',(-8.43333333333334,2.76666666666667,28.65));
#1061=CARTESIAN_POINT('Ctrl Pts',(-12.1,3.43333333333333,33.2333333333333));
#1062=CARTESIAN_POINT('Ctrl Pts',(-11.4063785695949,3.43333333333333,33.2333333333333));
#1063=CARTESIAN_POINT('Ctrl Pts',(-10.0327587102575,3.43333333333333,32.8702082838144));
#1064=CARTESIAN_POINT('Ctrl Pts',(-8.25497610923517,3.43333333333333,31.245476243327));
#1065=CARTESIAN_POINT('Ctrl Pts',(-7.76666666666667,3.43333333333333,29.6209542279701));
#1066=CARTESIAN_POINT('Ctrl Pts',(-7.76666666666667,3.43333333333333,28.65));
#1067=CARTESIAN_POINT('Ctrl Pts',(-12.1,4.1,33.9));
#1068=CARTESIAN_POINT('Ctrl Pts',(-11.293665087154,4.1,33.9));
#1069=CARTESIAN_POINT('Ctrl Pts',(-9.69735567289156,4.1,33.4767847979584));
#1070=CARTESIAN_POINT('Ctrl Pts',(-7.65291055221549,4.1,31.6033032148681));
#1071=CARTESIAN_POINT('Ctrl Pts',(-7.1,4.1,29.7543041648588));
#1072=CARTESIAN_POINT('Ctrl Pts',(-7.1,4.1,28.65));
#1073=CARTESIAN_POINT('',(-12.1,2.1,31.9));
#1074=CARTESIAN_POINT('Ctrl Pts',(-9.1,2.1,28.65));
#1075=CARTESIAN_POINT('Ctrl Pts',(-9.1,2.1,29.3542543541928));
#1076=CARTESIAN_POINT('Ctrl Pts',(-9.45910722327455,2.1,30.5298223002447));
#1077=CARTESIAN_POINT('Ctrl Pts',(-10.7035647849894,2.1,31.6570552555265));
#1078=CARTESIAN_POINT('Ctrl Pts',(-11.6318055344766,2.1,31.9));
#1079=CARTESIAN_POINT('Ctrl Pts',(-12.1,2.1,31.9));
#1080=CARTESIAN_POINT('',(-12.1,4.1,33.9));
#1081=CARTESIAN_POINT('',(-12.1,2.1,31.9));
#1082=CARTESIAN_POINT('Ctrl Pts',(-12.1,4.1,33.9));
#1083=CARTESIAN_POINT('Ctrl Pts',(-11.293665087154,4.1,33.9));
#1084=CARTESIAN_POINT('Ctrl Pts',(-9.69735567289156,4.1,33.4767847979584));
#1085=CARTESIAN_POINT('Ctrl Pts',(-7.65291055221549,4.1,31.6033032148681));
#1086=CARTESIAN_POINT('Ctrl Pts',(-7.1,4.1,29.7543041648588));
#1087=CARTESIAN_POINT('Ctrl Pts',(-7.1,4.1,28.65));
#1088=CARTESIAN_POINT('Origin',(-4.55,3.1,32.9));
#1089=CARTESIAN_POINT('',(-30.375,2.1,31.9));
#1090=CARTESIAN_POINT('',(-30.375,4.1,33.9));
#1091=CARTESIAN_POINT('',(-30.375,2.1,31.9));
#1092=CARTESIAN_POINT('',(-4.55,4.1,33.9));
#1093=CARTESIAN_POINT('',(-4.55,2.1,31.9));
#1094=CARTESIAN_POINT('Ctrl Pts',(-33.625,2.1,34.9));
#1095=CARTESIAN_POINT('Ctrl Pts',(-33.625,2.1,34.5292220520164));
#1096=CARTESIAN_POINT('Ctrl Pts',(-33.5505750772023,2.1,34.1637525647658));
#1097=CARTESIAN_POINT('Ctrl Pts',(-33.2581289903771,2.1,33.4631113276088));
#1098=CARTESIAN_POINT('Ctrl Pts',(-33.0375971146479,2.1,33.1395388122843));
#1099=CARTESIAN_POINT('Ctrl Pts',(-32.4751000607089,2.1,32.5772657827836));
#1100=CARTESIAN_POINT('Ctrl Pts',(-32.1335332018985,2.1,32.3485071657209));
#1101=CARTESIAN_POINT('Ctrl Pts',(-31.5361464083532,2.1,32.0886873198565));
#1102=CARTESIAN_POINT('Ctrl Pts',(-31.3018891156363,2.1,32.015697651243));
#1103=CARTESIAN_POINT('Ctrl Pts',(-30.8360433962767,2.1,31.9226662190829));
#1104=CARTESIAN_POINT('Ctrl Pts',(-30.6056586972005,2.1,31.9));
#1105=CARTESIAN_POINT('Ctrl Pts',(-30.375,2.1,31.9));
#1106=CARTESIAN_POINT('Ctrl Pts',(-32.9583333333333,2.76666666666667,34.9));
#1107=CARTESIAN_POINT('Ctrl Pts',(-32.9582835491488,2.76666666666667,34.6185542648313));
#1108=CARTESIAN_POINT('Ctrl Pts',(-32.9020285731591,2.76666666666667,34.3408258483863));
#1109=CARTESIAN_POINT('Ctrl Pts',(-32.6777813239844,2.76666666666667,33.8033760298114));
#1110=CARTESIAN_POINT('Ctrl Pts',(-32.5073009861949,2.76666666666667,33.5521358485249));
#1111=CARTESIAN_POINT('Ctrl Pts',(-32.0655159764652,2.76666666666667,33.1103960897704));
#1112=CARTESIAN_POINT('Ctrl Pts',(-31.7940714011179,2.76666666666667,32.9278457925445));
#1113=CARTESIAN_POINT('Ctrl Pts',(-31.3144342832954,2.76666666666667,32.7192508310052));
#1114=CARTESIAN_POINT('Ctrl Pts',(-31.1255141480745,2.76666666666667,32.6603017619056));
#1115=CARTESIAN_POINT('Ctrl Pts',(-30.7487308163824,2.76666666666667,32.5850605869204));
#1116=CARTESIAN_POINT('Ctrl Pts',(-30.5619926070112,2.76666666666667,32.5666601338245));
#1117=CARTESIAN_POINT('Ctrl Pts',(-30.375,2.76666666666667,32.5666666666666));
#1118=CARTESIAN_POINT('Ctrl Pts',(-32.2916666666666,3.43333333333333,34.9));
#1119=CARTESIAN_POINT('Ctrl Pts',(-32.2917164508511,3.43333333333333,34.7076739127458));
#1120=CARTESIAN_POINT('Ctrl Pts',(-32.2535718930455,3.43333333333333,34.5179210739028));
#1121=CARTESIAN_POINT('Ctrl Pts',(-32.0973770692523,3.43333333333333,34.1435667395684));
#1122=CARTESIAN_POINT('Ctrl Pts',(-31.9770508842324,3.43333333333333,33.9646458214585));
#1123=CARTESIAN_POINT('Ctrl Pts',(-31.655899987737,3.43333333333333,33.6435790681233));
#1124=CARTESIAN_POINT('Ctrl Pts',(-31.454506944949,3.43333333333334,33.5071428187151));
#1125=CARTESIAN_POINT('Ctrl Pts',(-31.092782797668,3.43333333333333,33.3498316633805));
#1126=CARTESIAN_POINT('Ctrl Pts',(-30.9491014806922,3.43333333333333,33.3049030423835));
#1127=CARTESIAN_POINT('Ctrl Pts',(-30.661449375263,3.43333333333333,33.2474572219409));
#1128=CARTESIAN_POINT('Ctrl Pts',(-30.5182997286248,3.43333333333333,33.2333398661754));
#1129=CARTESIAN_POINT('Ctrl Pts',(-30.375,3.43333333333333,33.2333333333333));
#1130=CARTESIAN_POINT('Ctrl Pts',(-31.625,4.1,34.9));
#1131=CARTESIAN_POINT('Ctrl Pts',(-31.625,4.1,34.7970061255607));
#1132=CARTESIAN_POINT('Ctrl Pts',(-31.6050253890024,4.1,34.6949943575234));
#1133=CARTESIAN_POINT('Ctrl Pts',(-31.5170294028597,4.1,34.483831441771));
#1134=CARTESIAN_POINT('Ctrl Pts',(-31.4467547557794,4.1,34.3772428576991));
#1135=CARTESIAN_POINT('Ctrl Pts',(-31.2463159034932,4.1,34.1767093751101));
#1136=CARTESIAN_POINT('Ctrl Pts',(-31.1150451441684,4.1,34.0864814455387));
#1137=CARTESIAN_POINT('Ctrl Pts',(-30.8710706726101,4.1,33.9803951745292));
#1138=CARTESIAN_POINT('Ctrl Pts',(-30.7727265131305,4.1,33.9495071530461));
#1139=CARTESIAN_POINT('Ctrl Pts',(-30.5741367953687,4.1,33.9098515897784));
#1140=CARTESIAN_POINT('Ctrl Pts',(-30.4746336384355,4.1,33.9));
#1141=CARTESIAN_POINT('Ctrl Pts',(-30.375,4.1,33.9));
#1142=CARTESIAN_POINT('',(-33.625,2.1,34.9));
#1143=CARTESIAN_POINT('Ctrl Pts',(-30.375,2.1,31.9));
#1144=CARTESIAN_POINT('Ctrl Pts',(-30.6056586972005,2.1,31.9));
#1145=CARTESIAN_POINT('Ctrl Pts',(-30.8360433962767,2.1,31.9226662190829));
#1146=CARTESIAN_POINT('Ctrl Pts',(-31.3018891156363,2.1,32.015697651243));
#1147=CARTESIAN_POINT('Ctrl Pts',(-31.5361464083532,2.1,32.0886873198565));
#1148=CARTESIAN_POINT('Ctrl Pts',(-32.1335332018985,2.1,32.3485071657209));
#1149=CARTESIAN_POINT('Ctrl Pts',(-32.4751000607089,2.1,32.5772657827836));
#1150=CARTESIAN_POINT('Ctrl Pts',(-33.0375971146479,2.1,33.1395388122843));
#1151=CARTESIAN_POINT('Ctrl Pts',(-33.2581289903771,2.1,33.4631113276088));
#1152=CARTESIAN_POINT('Ctrl Pts',(-33.5505750772023,2.1,34.1637525647658));
#1153=CARTESIAN_POINT('Ctrl Pts',(-33.625,2.1,34.5292220520164));
#1154=CARTESIAN_POINT('Ctrl Pts',(-33.625,2.1,34.9));
#1155=CARTESIAN_POINT('',(-31.625,4.1,34.9));
#1156=CARTESIAN_POINT('',(-33.625,2.1,34.9));
#1157=CARTESIAN_POINT('Ctrl Pts',(-31.625,4.1,34.9));
#1158=CARTESIAN_POINT('Ctrl Pts',(-31.625,4.1,34.7970061255607));
#1159=CARTESIAN_POINT('Ctrl Pts',(-31.6050253890024,4.1,34.6949943575234));
#1160=CARTESIAN_POINT('Ctrl Pts',(-31.5170294028597,4.1,34.483831441771));
#1161=CARTESIAN_POINT('Ctrl Pts',(-31.4467547557794,4.1,34.3772428576991));
#1162=CARTESIAN_POINT('Ctrl Pts',(-31.2463159034932,4.1,34.1767093751101));
#1163=CARTESIAN_POINT('Ctrl Pts',(-31.1150451441684,4.1,34.0864814455387));
#1164=CARTESIAN_POINT('Ctrl Pts',(-30.8710706726101,4.1,33.9803951745292));
#1165=CARTESIAN_POINT('Ctrl Pts',(-30.7727265131305,4.1,33.9495071530461));
#1166=CARTESIAN_POINT('Ctrl Pts',(-30.5741367953687,4.1,33.9098515897784));
#1167=CARTESIAN_POINT('Ctrl Pts',(-30.4746336384355,4.1,33.9));
#1168=CARTESIAN_POINT('Ctrl Pts',(-30.375,4.1,33.9));
#1169=CARTESIAN_POINT('Origin',(-32.625,3.1,27.));
#1170=CARTESIAN_POINT('',(-33.625,2.1,36.85));
#1171=CARTESIAN_POINT('',(-31.625,4.1,36.85));
#1172=CARTESIAN_POINT('',(-33.625,2.1,36.85));
#1173=CARTESIAN_POINT('',(-31.625,4.1,27.));
#1174=CARTESIAN_POINT('',(-33.625,2.1,27.));
#1175=CARTESIAN_POINT('Ctrl Pts',(-30.625,2.1,40.1));
#1176=CARTESIAN_POINT('Ctrl Pts',(-30.9957779479836,2.1,40.1));
#1177=CARTESIAN_POINT('Ctrl Pts',(-31.3612474364719,2.1,40.0255750824734));
#1178=CARTESIAN_POINT('Ctrl Pts',(-32.0618886752278,2.1,39.733128999187));
#1179=CARTESIAN_POINT('Ctrl Pts',(-32.3854611911222,2.1,39.5125971247894));
#1180=CARTESIAN_POINT('Ctrl Pts',(-32.9477342220082,2.1,38.9501000712214));
#1181=CARTESIAN_POINT('Ctrl Pts',(-33.1764928384357,2.1,38.6085332101898));
#1182=CARTESIAN_POINT('Ctrl Pts',(-33.4363126827921,2.1,38.011146413827));
#1183=CARTESIAN_POINT('Ctrl Pts',(-33.5093023508046,2.1,37.7768891197423));
#1184=CARTESIAN_POINT('Ctrl Pts',(-33.6023337820622,2.1,37.3110433985836));
#1185=CARTESIAN_POINT('Ctrl Pts',(-33.625,2.1,37.0806586972005));
#1186=CARTESIAN_POINT('Ctrl Pts',(-33.625,2.1,36.85));
#1187=CARTESIAN_POINT('Ctrl Pts',(-30.625,2.76666666666667,39.4333333333333));
#1188=CARTESIAN_POINT('Ctrl Pts',(-30.9064457351686,2.76666666666667,39.4332835491488));
#1189=CARTESIAN_POINT('Ctrl Pts',(-31.1841741528513,2.76666666666667,39.3770285784303));
#1190=CARTESIAN_POINT('Ctrl Pts',(-31.7216239730253,2.76666666666667,39.1527813327943));
#1191=CARTESIAN_POINT('Ctrl Pts',(-31.9728641548816,2.76666666666667,38.9823009963364));
#1192=CARTESIAN_POINT('Ctrl Pts',(-32.4146039150214,2.76666666666667,38.5405159869776));
#1193=CARTESIAN_POINT('Ctrl Pts',(-32.5971542116121,2.76666666666667,38.2690714094092));
#1194=CARTESIAN_POINT('Ctrl Pts',(-32.8057491716434,2.76666666666667,37.7894342887692));
#1195=CARTESIAN_POINT('Ctrl Pts',(-32.864698240142,2.76666666666667,37.6005141521806));
#1196=CARTESIAN_POINT('Ctrl Pts',(-32.9399394142248,2.76666666666667,37.2237308186893));
#1197=CARTESIAN_POINT('Ctrl Pts',(-32.9583398661754,2.76666666666667,37.0369926070111));
#1198=CARTESIAN_POINT('Ctrl Pts',(-32.9583333333333,2.76666666666667,36.85));
#1199=CARTESIAN_POINT('Ctrl Pts',(-30.625,3.43333333333333,38.7666666666666));
#1200=CARTESIAN_POINT('Ctrl Pts',(-30.8173260872552,3.43333333333333,38.7667164508511));
#1201=CARTESIAN_POINT('Ctrl Pts',(-31.0070790135047,3.43333333333333,38.728571945625));
#1202=CARTESIAN_POINT('Ctrl Pts',(-31.3814333748978,3.43333333333333,38.5723770941159));
#1203=CARTESIAN_POINT('Ctrl Pts',(-31.560354302115,3.43333333333333,38.4520509040736));
#1204=CARTESIAN_POINT('Ctrl Pts',(-31.8814210180419,3.43333333333333,38.1308999778575));
#1205=CARTESIAN_POINT('Ctrl Pts',(-32.0178572396399,3.43333333333333,37.9295069261219));
#1206=CARTESIAN_POINT('Ctrl Pts',(-32.1751683697998,3.43333333333333,37.5677827939637));
#1207=CARTESIAN_POINT('Ctrl Pts',(-32.2200969810567,3.43333333333333,37.4241014765152));
#1208=CARTESIAN_POINT('Ctrl Pts',(-32.2775427898749,3.43333333333333,37.136449373773));
#1209=CARTESIAN_POINT('Ctrl Pts',(-32.2916601338245,3.43333333333333,36.9932997286249));
#1210=CARTESIAN_POINT('Ctrl Pts',(-32.2916666666666,3.43333333333333,36.85));
#1211=CARTESIAN_POINT('Ctrl Pts',(-30.625,4.1,38.1));
#1212=CARTESIAN_POINT('Ctrl Pts',(-30.7279938744403,4.1,38.1));
#1213=CARTESIAN_POINT('Ctrl Pts',(-30.8300057298842,4.1,38.0800254415819));
#1214=CARTESIAN_POINT('Ctrl Pts',(-31.0411686726953,4.1,37.9920294277232));
#1215=CARTESIAN_POINT('Ctrl Pts',(-31.1477572658744,4.1,37.9217547756206));
#1216=CARTESIAN_POINT('Ctrl Pts',(-31.3482907110551,4.1,37.7213158936137));
#1217=CARTESIAN_POINT('Ctrl Pts',(-31.4385186128164,4.1,37.5900451253413));
#1218=CARTESIAN_POINT('Ctrl Pts',(-31.5446048586512,4.1,37.3460706689059));
#1219=CARTESIAN_POINT('Ctrl Pts',(-31.5754928703941,4.1,37.2477265089534));
#1220=CARTESIAN_POINT('Ctrl Pts',(-31.6151484220374,4.1,37.0491367938787));
#1221=CARTESIAN_POINT('Ctrl Pts',(-31.625,4.1,36.9496336384356));
#1222=CARTESIAN_POINT('Ctrl Pts',(-31.625,4.1,36.85));
#1223=CARTESIAN_POINT('',(-30.625,2.1,40.1));
#1224=CARTESIAN_POINT('Ctrl Pts',(-33.625,2.1,36.85));
#1225=CARTESIAN_POINT('Ctrl Pts',(-33.625,2.1,37.0806586972005));
#1226=CARTESIAN_POINT('Ctrl Pts',(-33.6023337820622,2.1,37.3110433985836));
#1227=CARTESIAN_POINT('Ctrl Pts',(-33.5093023508046,2.1,37.7768891197423));
#1228=CARTESIAN_POINT('Ctrl Pts',(-33.4363126827921,2.1,38.011146413827));
#1229=CARTESIAN_POINT('Ctrl Pts',(-33.1764928384357,2.1,38.6085332101898));
#1230=CARTESIAN_POINT('Ctrl Pts',(-32.9477342220082,2.1,38.9501000712214));
#1231=CARTESIAN_POINT('Ctrl Pts',(-32.3854611911222,2.1,39.5125971247894));
#1232=CARTESIAN_POINT('Ctrl Pts',(-32.0618886752278,2.1,39.733128999187));
#1233=CARTESIAN_POINT('Ctrl Pts',(-31.3612474364719,2.1,40.0255750824734));
#1234=CARTESIAN_POINT('Ctrl Pts',(-30.9957779479836,2.1,40.1));
#1235=CARTESIAN_POINT('Ctrl Pts',(-30.625,2.1,40.1));
#1236=CARTESIAN_POINT('',(-30.625,4.1,38.1));
#1237=CARTESIAN_POINT('',(-30.625,2.1,40.1));
#1238=CARTESIAN_POINT('Ctrl Pts',(-30.625,4.1,38.1));
#1239=CARTESIAN_POINT('Ctrl Pts',(-30.7279938744403,4.1,38.1));
#1240=CARTESIAN_POINT('Ctrl Pts',(-30.8300057298842,4.1,38.0800254415819));
#1241=CARTESIAN_POINT('Ctrl Pts',(-31.0411686726953,4.1,37.9920294277232));
#1242=CARTESIAN_POINT('Ctrl Pts',(-31.1477572658744,4.1,37.9217547756206));
#1243=CARTESIAN_POINT('Ctrl Pts',(-31.3482907110551,4.1,37.7213158936137));
#1244=CARTESIAN_POINT('Ctrl Pts',(-31.4385186128164,4.1,37.5900451253413));
#1245=CARTESIAN_POINT('Ctrl Pts',(-31.5446048586512,4.1,37.3460706689059));
#1246=CARTESIAN_POINT('Ctrl Pts',(-31.5754928703941,4.1,37.2477265089534));
#1247=CARTESIAN_POINT('Ctrl Pts',(-31.6151484220374,4.1,37.0491367938787));
#1248=CARTESIAN_POINT('Ctrl Pts',(-31.625,4.1,36.9496336384356));
#1249=CARTESIAN_POINT('Ctrl Pts',(-31.625,4.1,36.85));
#1250=CARTESIAN_POINT('Origin',(-16.8125,3.1,39.1));
#1251=CARTESIAN_POINT('',(30.375,2.1,40.1));
#1252=CARTESIAN_POINT('',(30.375,4.1,38.1));
#1253=CARTESIAN_POINT('',(30.375,2.1,40.1));
#1254=CARTESIAN_POINT('',(-16.8125,4.1,38.1));
#1255=CARTESIAN_POINT('',(-16.8125,2.1,40.1));
#1256=CARTESIAN_POINT('Ctrl Pts',(33.625,2.1,37.1));
#1257=CARTESIAN_POINT('Ctrl Pts',(33.625,2.1,37.4707779479836));
#1258=CARTESIAN_POINT('Ctrl Pts',(33.5505750824735,2.1,37.8362474364719));
#1259=CARTESIAN_POINT('Ctrl Pts',(33.2581289991871,2.1,38.5368886752278));
#1260=CARTESIAN_POINT('Ctrl Pts',(33.0375971247896,2.1,38.8604611911221));
#1261=CARTESIAN_POINT('Ctrl Pts',(32.4751000712214,2.1,39.4227342220082));
#1262=CARTESIAN_POINT('Ctrl Pts',(32.1335332101898,2.1,39.6514928384357));
#1263=CARTESIAN_POINT('Ctrl Pts',(31.5361464138271,2.1,39.911312682792));
#1264=CARTESIAN_POINT('Ctrl Pts',(31.3018891197424,2.1,39.9843023508046));
#1265=CARTESIAN_POINT('Ctrl Pts',(30.8360433985837,2.1,40.0773337820622));
#1266=CARTESIAN_POINT('Ctrl Pts',(30.6056586972006,2.1,40.1));
#1267=CARTESIAN_POINT('Ctrl Pts',(30.375,2.1,40.1));
#1268=CARTESIAN_POINT('Ctrl Pts',(32.9583333333333,2.76666666666667,37.1));
#1269=CARTESIAN_POINT('Ctrl Pts',(32.9582835491489,2.76666666666667,37.3814457351687));
#1270=CARTESIAN_POINT('Ctrl Pts',(32.9020285784304,2.76666666666667,37.6591741528514));
#1271=CARTESIAN_POINT('Ctrl Pts',(32.6777813327944,2.76666666666667,38.1966239730252));
#1272=CARTESIAN_POINT('Ctrl Pts',(32.5073009963365,2.76666666666667,38.4478641548815));
#1273=CARTESIAN_POINT('Ctrl Pts',(32.0655159869776,2.76666666666667,38.8896039150214));
#1274=CARTESIAN_POINT('Ctrl Pts',(31.7940714094092,2.76666666666667,39.0721542116121));
#1275=CARTESIAN_POINT('Ctrl Pts',(31.3144342887692,2.76666666666667,39.2807491716434));
#1276=CARTESIAN_POINT('Ctrl Pts',(31.1255141521806,2.76666666666667,39.3396982401419));
#1277=CARTESIAN_POINT('Ctrl Pts',(30.7487308186894,2.76666666666667,39.4149394142248));
#1278=CARTESIAN_POINT('Ctrl Pts',(30.5619926070113,2.76666666666667,39.4333398661754));
#1279=CARTESIAN_POINT('Ctrl Pts',(30.375,2.76666666666667,39.4333333333333));
#1280=CARTESIAN_POINT('Ctrl Pts',(32.2916666666667,3.43333333333333,37.1));
#1281=CARTESIAN_POINT('Ctrl Pts',(32.2917164508511,3.43333333333333,37.2923260872546));
#1282=CARTESIAN_POINT('Ctrl Pts',(32.253571945625,3.43333333333334,37.4820790135047));
#1283=CARTESIAN_POINT('Ctrl Pts',(32.097377094116,3.43333333333334,37.8564333748976));
#1284=CARTESIAN_POINT('Ctrl Pts',(31.9770509040734,3.43333333333334,38.0353543021153));
#1285=CARTESIAN_POINT('Ctrl Pts',(31.6558999778581,3.43333333333334,38.3564210180413));
#1286=CARTESIAN_POINT('Ctrl Pts',(31.4545069261223,3.43333333333334,38.4928572396397));
#1287=CARTESIAN_POINT('Ctrl Pts',(31.092782793964,3.43333333333333,38.6501683697997));
#1288=CARTESIAN_POINT('Ctrl Pts',(30.9491014765158,3.43333333333334,38.6950969810565));
#1289=CARTESIAN_POINT('Ctrl Pts',(30.6614493737727,3.43333333333333,38.7525427898749));
#1290=CARTESIAN_POINT('Ctrl Pts',(30.5182997286252,3.43333333333333,38.7666601338245));
#1291=CARTESIAN_POINT('Ctrl Pts',(30.375,3.43333333333333,38.7666666666666));
#1292=CARTESIAN_POINT('Ctrl Pts',(31.625,4.1,37.1));
#1293=CARTESIAN_POINT('Ctrl Pts',(31.625,4.1,37.2029938744396));
#1294=CARTESIAN_POINT('Ctrl Pts',(31.6050254415819,4.1,37.3050057298842));
#1295=CARTESIAN_POINT('Ctrl Pts',(31.5170294277233,4.1,37.516168672695));
#1296=CARTESIAN_POINT('Ctrl Pts',(31.4467547756204,4.1,37.6227572658747));
#1297=CARTESIAN_POINT('Ctrl Pts',(31.2463158936143,4.1,37.8232907110545));
#1298=CARTESIAN_POINT('Ctrl Pts',(31.1150451253417,4.1,37.9135186128161));
#1299=CARTESIAN_POINT('Ctrl Pts',(30.8710706689061,4.1,38.019604858651));
#1300=CARTESIAN_POINT('Ctrl Pts',(30.772726508954,4.1,38.0504928703939));
#1301=CARTESIAN_POINT('Ctrl Pts',(30.5741367938784,4.1,38.0901484220374));
#1302=CARTESIAN_POINT('Ctrl Pts',(30.4746336384358,4.1,38.1));
#1303=CARTESIAN_POINT('Ctrl Pts',(30.375,4.1,38.1));
#1304=CARTESIAN_POINT('',(33.625,2.1,37.1));
#1305=CARTESIAN_POINT('Ctrl Pts',(30.375,2.1,40.1));
#1306=CARTESIAN_POINT('Ctrl Pts',(30.6056586972006,2.1,40.1));
#1307=CARTESIAN_POINT('Ctrl Pts',(30.8360433985837,2.1,40.0773337820622));
#1308=CARTESIAN_POINT('Ctrl Pts',(31.3018891197424,2.1,39.9843023508046));
#1309=CARTESIAN_POINT('Ctrl Pts',(31.5361464138271,2.1,39.911312682792));
#1310=CARTESIAN_POINT('Ctrl Pts',(32.1335332101898,2.1,39.6514928384357));
#1311=CARTESIAN_POINT('Ctrl Pts',(32.4751000712214,2.1,39.4227342220082));
#1312=CARTESIAN_POINT('Ctrl Pts',(33.0375971247896,2.1,38.8604611911221));
#1313=CARTESIAN_POINT('Ctrl Pts',(33.2581289991871,2.1,38.5368886752278));
#1314=CARTESIAN_POINT('Ctrl Pts',(33.5505750824735,2.1,37.8362474364719));
#1315=CARTESIAN_POINT('Ctrl Pts',(33.625,2.1,37.4707779479836));
#1316=CARTESIAN_POINT('Ctrl Pts',(33.625,2.1,37.1));
#1317=CARTESIAN_POINT('',(31.625,4.1,37.1));
#1318=CARTESIAN_POINT('',(33.625,2.1,37.1));
#1319=CARTESIAN_POINT('Ctrl Pts',(31.625,4.1,37.1));
#1320=CARTESIAN_POINT('Ctrl Pts',(31.625,4.1,37.2029938744396));
#1321=CARTESIAN_POINT('Ctrl Pts',(31.6050254415819,4.1,37.3050057298842));
#1322=CARTESIAN_POINT('Ctrl Pts',(31.5170294277233,4.1,37.516168672695));
#1323=CARTESIAN_POINT('Ctrl Pts',(31.4467547756204,4.1,37.6227572658747));
#1324=CARTESIAN_POINT('Ctrl Pts',(31.2463158936143,4.1,37.8232907110545));
#1325=CARTESIAN_POINT('Ctrl Pts',(31.1150451253417,4.1,37.9135186128161));
#1326=CARTESIAN_POINT('Ctrl Pts',(30.8710706689061,4.1,38.019604858651));
#1327=CARTESIAN_POINT('Ctrl Pts',(30.772726508954,4.1,38.0504928703939));
#1328=CARTESIAN_POINT('Ctrl Pts',(30.5741367938784,4.1,38.0901484220374));
#1329=CARTESIAN_POINT('Ctrl Pts',(30.4746336384358,4.1,38.1));
#1330=CARTESIAN_POINT('Ctrl Pts',(30.375,4.1,38.1));
#1331=CARTESIAN_POINT('Origin',(32.625,3.1,31.0999999999999));
#1332=CARTESIAN_POINT('',(33.625,2.1,35.15));
#1333=CARTESIAN_POINT('',(31.625,4.1,35.1500000000001));
#1334=CARTESIAN_POINT('',(33.625,2.1,35.15));
#1335=CARTESIAN_POINT('',(31.625,4.1,31.0999999999999));
#1336=CARTESIAN_POINT('',(33.625,2.1,31.0999999999998));
#1337=CARTESIAN_POINT('Ctrl Pts',(30.625,2.1,31.9));
#1338=CARTESIAN_POINT('Ctrl Pts',(30.9957779479836,2.1,31.9));
#1339=CARTESIAN_POINT('Ctrl Pts',(31.3612474353294,2.1,31.9744249223911));
#1340=CARTESIAN_POINT('Ctrl Pts',(32.0618886726099,2.1,32.2668710089432));
#1341=CARTESIAN_POINT('Ctrl Pts',(32.3854611879784,2.1,32.4874028845698));
#1342=CARTESIAN_POINT('Ctrl Pts',(32.9477342175861,2.1,33.04989993848));
#1343=CARTESIAN_POINT('Ctrl Pts',(33.1764928345998,2.1,33.3914667974618));
#1344=CARTESIAN_POINT('Ctrl Pts',(33.4363126803478,2.1,33.9888535912246));
#1345=CARTESIAN_POINT('Ctrl Pts',(33.509302348915,2.1,34.2231108840471));
#1346=CARTESIAN_POINT('Ctrl Pts',(33.6023337810054,2.1,34.6889566035454));
#1347=CARTESIAN_POINT('Ctrl Pts',(33.625,2.1,34.9193413027995));
#1348=CARTESIAN_POINT('Ctrl Pts',(33.625,2.1,35.15));
#1349=CARTESIAN_POINT('Ctrl Pts',(30.625,2.76666666666667,32.5666666666667));
#1350=CARTESIAN_POINT('Ctrl Pts',(30.9064457351686,2.76666666666667,32.5667164508512));
#1351=CARTESIAN_POINT('Ctrl Pts',(31.1841741517089,2.76666666666667,32.6229714264342));
#1352=CARTESIAN_POINT('Ctrl Pts',(31.7216239704074,2.76666666666667,32.8472186753359));
#1353=CARTESIAN_POINT('Ctrl Pts',(31.9728641517378,2.76666666666666,33.0176990130228));
#1354=CARTESIAN_POINT('Ctrl Pts',(32.4146039105993,2.76666666666667,33.4594840227238));
#1355=CARTESIAN_POINT('Ctrl Pts',(32.5971542077763,2.76666666666667,33.7309285982424));
#1356=CARTESIAN_POINT('Ctrl Pts',(32.8057491691992,2.76666666666667,34.2105657162824));
#1357=CARTESIAN_POINT('Ctrl Pts',(32.8646982382523,2.76666666666667,34.3994858516088));
#1358=CARTESIAN_POINT('Ctrl Pts',(32.9399394131679,2.76666666666667,34.7762691834397));
#1359=CARTESIAN_POINT('Ctrl Pts',(32.9583398661755,2.76666666666667,34.9630073929889));
#1360=CARTESIAN_POINT('Ctrl Pts',(32.9583333333333,2.76666666666667,35.15));
#1361=CARTESIAN_POINT('Ctrl Pts',(30.625,3.43333333333333,33.2333333333334));
#1362=CARTESIAN_POINT('Ctrl Pts',(30.8173260872549,3.43333333333333,33.2332835491489));
#1363=CARTESIAN_POINT('Ctrl Pts',(31.0070789328467,3.43333333333333,33.2714281028889));
#1364=CARTESIAN_POINT('Ctrl Pts',(31.3814332692673,3.43333333333333,33.4276229288274));
#1365=CARTESIAN_POINT('Ctrl Pts',(31.5603541880783,3.43333333333333,33.5479491142354));
#1366=CARTESIAN_POINT('Ctrl Pts',(31.8814209385208,3.43333333333333,33.8691000130295));
#1367=CARTESIAN_POINT('Ctrl Pts',(32.017857185783,3.43333333333333,34.0704930565088));
#1368=CARTESIAN_POINT('Ctrl Pts',(32.1751683391752,3.43333333333333,34.4322172026189));
#1369=CARTESIAN_POINT('Ctrl Pts',(32.2200969594218,3.43333333333333,34.5758985196315));
#1370=CARTESIAN_POINT('Ctrl Pts',(32.2775427789684,3.43333333333333,34.8635506248518));
#1371=CARTESIAN_POINT('Ctrl Pts',(32.2916601338245,3.43333333333333,35.0067002713748));
#1372=CARTESIAN_POINT('Ctrl Pts',(32.2916666666667,3.43333333333333,35.15));
#1373=CARTESIAN_POINT('Ctrl Pts',(30.625,4.1,33.9));
#1374=CARTESIAN_POINT('Ctrl Pts',(30.7279938744399,4.1,33.9));
#1375=CARTESIAN_POINT('Ctrl Pts',(30.8300056492261,4.1,33.9199746069321));
#1376=CARTESIAN_POINT('Ctrl Pts',(31.0411685670648,4.1,34.0079705952201));
#1377=CARTESIAN_POINT('Ctrl Pts',(31.1477571518377,4.1,34.0782452426884));
#1378=CARTESIAN_POINT('Ctrl Pts',(31.348290631534,4.1,34.2786840972732));
#1379=CARTESIAN_POINT('Ctrl Pts',(31.4385185589595,4.1,34.4099548572894));
#1380=CARTESIAN_POINT('Ctrl Pts',(31.5446048280266,4.1,34.6539293276767));
#1381=CARTESIAN_POINT('Ctrl Pts',(31.5754928487591,4.1,34.7522734871933));
#1382=CARTESIAN_POINT('Ctrl Pts',(31.6151484111309,4.1,34.9508632047461));
#1383=CARTESIAN_POINT('Ctrl Pts',(31.625,4.1,35.0503663615642));
#1384=CARTESIAN_POINT('Ctrl Pts',(31.625,4.1,35.15));
#1385=CARTESIAN_POINT('',(30.625,2.1,31.9));
#1386=CARTESIAN_POINT('Ctrl Pts',(33.625,2.1,35.15));
#1387=CARTESIAN_POINT('Ctrl Pts',(33.625,2.1,34.9193413027995));
#1388=CARTESIAN_POINT('Ctrl Pts',(33.6023337810054,2.1,34.6889566035454));
#1389=CARTESIAN_POINT('Ctrl Pts',(33.509302348915,2.1,34.2231108840471));
#1390=CARTESIAN_POINT('Ctrl Pts',(33.4363126803478,2.1,33.9888535912246));
#1391=CARTESIAN_POINT('Ctrl Pts',(33.1764928345998,2.1,33.3914667974618));
#1392=CARTESIAN_POINT('Ctrl Pts',(32.9477342175861,2.1,33.04989993848));
#1393=CARTESIAN_POINT('Ctrl Pts',(32.3854611879784,2.1,32.4874028845698));
#1394=CARTESIAN_POINT('Ctrl Pts',(32.0618886726099,2.1,32.2668710089432));
#1395=CARTESIAN_POINT('Ctrl Pts',(31.3612474353294,2.1,31.9744249223911));
#1396=CARTESIAN_POINT('Ctrl Pts',(30.9957779479836,2.1,31.9));
#1397=CARTESIAN_POINT('Ctrl Pts',(30.625,2.1,31.9));
#1398=CARTESIAN_POINT('',(30.625,4.1,33.9));
#1399=CARTESIAN_POINT('',(30.625,2.1,31.9));
#1400=CARTESIAN_POINT('Ctrl Pts',(30.625,4.1,33.9));
#1401=CARTESIAN_POINT('Ctrl Pts',(30.7279938744399,4.1,33.9));
#1402=CARTESIAN_POINT('Ctrl Pts',(30.8300056492261,4.1,33.9199746069321));
#1403=CARTESIAN_POINT('Ctrl Pts',(31.0411685670648,4.1,34.0079705952201));
#1404=CARTESIAN_POINT('Ctrl Pts',(31.1477571518377,4.1,34.0782452426884));
#1405=CARTESIAN_POINT('Ctrl Pts',(31.348290631534,4.1,34.2786840972732));
#1406=CARTESIAN_POINT('Ctrl Pts',(31.4385185589595,4.1,34.4099548572894));
#1407=CARTESIAN_POINT('Ctrl Pts',(31.5446048280266,4.1,34.6539293276767));
#1408=CARTESIAN_POINT('Ctrl Pts',(31.5754928487591,4.1,34.7522734871933));
#1409=CARTESIAN_POINT('Ctrl Pts',(31.6151484111309,4.1,34.9508632047461));
#1410=CARTESIAN_POINT('Ctrl Pts',(31.625,4.1,35.0503663615642));
#1411=CARTESIAN_POINT('Ctrl Pts',(31.625,4.1,35.15));
#1412=CARTESIAN_POINT('Origin',(16.8125,3.1,32.9));
#1413=CARTESIAN_POINT('',(2.35,2.1,31.9));
#1414=CARTESIAN_POINT('',(2.35,4.1,33.9));
#1415=CARTESIAN_POINT('',(2.35,2.1,31.9));
#1416=CARTESIAN_POINT('',(16.8125,4.1,33.9));
#1417=CARTESIAN_POINT('',(16.8125,2.1,31.9));
#1418=CARTESIAN_POINT('Ctrl Pts',(-0.899999999999999,2.1,28.9));
#1419=CARTESIAN_POINT('Ctrl Pts',(-0.899999999999999,2.1,29.3681944655234));
#1420=CARTESIAN_POINT('Ctrl Pts',(-0.717888504606811,2.1,30.0613644328514));
#1421=CARTESIAN_POINT('Ctrl Pts',(0.233858585523793,2.1,31.4084727490467));
#1422=CARTESIAN_POINT('Ctrl Pts',(1.41099419440952,2.1,31.9));
#1423=CARTESIAN_POINT('Ctrl Pts',(2.35,2.1,31.9));
#1424=CARTESIAN_POINT('Ctrl Pts',(-1.56666666666667,2.76666666666667,28.9));
#1425=CARTESIAN_POINT('Ctrl Pts',(-1.56666666666667,2.76666666666667,29.4809079479641));
#1426=CARTESIAN_POINT('Ctrl Pts',(-1.3405085695494,2.76666666666667,30.340269746163));
#1427=CARTESIAN_POINT('Ctrl Pts',(-0.173248759399417,2.76666666666667,31.9866803406487));
#1428=CARTESIAN_POINT('Ctrl Pts',(1.23319427855782,2.76666666666667,32.5666666666667));
#1429=CARTESIAN_POINT('Ctrl Pts',(2.35,2.76666666666667,32.5666666666667));
#1430=CARTESIAN_POINT('Ctrl Pts',(-2.23333333333333,3.43333333333333,28.9));
#1431=CARTESIAN_POINT('Ctrl Pts',(-2.23333333333333,3.43333333333333,29.5936214304049));
#1432=CARTESIAN_POINT('Ctrl Pts',(-1.96312863449199,3.43333333333333,30.6191750594746));
#1433=CARTESIAN_POINT('Ctrl Pts',(-0.580356104322626,3.43333333333333,32.5648879322508));
#1434=CARTESIAN_POINT('Ctrl Pts',(1.05539436270612,3.43333333333333,33.2333333333333));
#1435=CARTESIAN_POINT('Ctrl Pts',(2.34999999999999,3.43333333333333,33.2333333333333));
#1436=CARTESIAN_POINT('Ctrl Pts',(-2.9,4.1,28.9));
#1437=CARTESIAN_POINT('Ctrl Pts',(-2.9,4.1,29.7063349128456));
#1438=CARTESIAN_POINT('Ctrl Pts',(-2.58574869943457,4.1,30.8980803727863));
#1439=CARTESIAN_POINT('Ctrl Pts',(-0.987463449245837,4.1,33.1430955238528));
#1440=CARTESIAN_POINT('Ctrl Pts',(0.877594446854422,4.1,33.9));
#1441=CARTESIAN_POINT('Ctrl Pts',(2.34999999999999,4.1,33.9));
#1442=CARTESIAN_POINT('',(-0.899999999999999,2.1,28.9));
#1443=CARTESIAN_POINT('Ctrl Pts',(2.35,2.1,31.9));
#1444=CARTESIAN_POINT('Ctrl Pts',(1.41099419440952,2.1,31.9));
#1445=CARTESIAN_POINT('Ctrl Pts',(0.233858585523793,2.1,31.4084727490467));
#1446=CARTESIAN_POINT('Ctrl Pts',(-0.717888504606811,2.1,30.0613644328514));
#1447=CARTESIAN_POINT('Ctrl Pts',(-0.899999999999999,2.1,29.3681944655234));
#1448=CARTESIAN_POINT('Ctrl Pts',(-0.899999999999999,2.1,28.9));
#1449=CARTESIAN_POINT('',(-2.9,4.1,28.9));
#1450=CARTESIAN_POINT('',(-0.899999999999999,2.1,28.9));
#1451=CARTESIAN_POINT('Ctrl Pts',(-2.9,4.1,28.9));
#1452=CARTESIAN_POINT('Ctrl Pts',(-2.9,4.1,29.7063349128456));
#1453=CARTESIAN_POINT('Ctrl Pts',(-2.58574869943457,4.1,30.8980803727863));
#1454=CARTESIAN_POINT('Ctrl Pts',(-0.987463449245837,4.1,33.1430955238528));
#1455=CARTESIAN_POINT('Ctrl Pts',(0.877594446854422,4.1,33.9));
#1456=CARTESIAN_POINT('Ctrl Pts',(2.34999999999999,4.1,33.9));
#1457=CARTESIAN_POINT('Origin',(-1.9,3.1,27.));
#1458=CARTESIAN_POINT('',(-0.899999999999999,2.1,4.09999999999995));
#1459=CARTESIAN_POINT('',(-2.9,4.1,4.09999999999995));
#1460=CARTESIAN_POINT('',(-0.874999999999999,2.075,4.09999999999995));
#1461=CARTESIAN_POINT('',(-2.9,4.1,27.));
#1462=CARTESIAN_POINT('',(-0.899999999999999,2.1,27.));
#1463=CARTESIAN_POINT('Origin',(2.66453525910038E-14,4.1,22.1));
#1464=CARTESIAN_POINT('',(-0.899999999999999,4.1,4.09999999999995));
#1465=CARTESIAN_POINT('Ctrl Pts',(-7.6,-3.18408167778312E-16,4.09999999999995));
#1466=CARTESIAN_POINT('Ctrl Pts',(-7.6,-0.777918180888901,4.09999999999995));
#1467=CARTESIAN_POINT('Ctrl Pts',(-6.85673224700742,-2.32690546106688,4.09999999999995));
#1468=CARTESIAN_POINT('Ctrl Pts',(-4.33819697417842,-2.90091903288949,4.09999999999995));
#1469=CARTESIAN_POINT('Ctrl Pts',(-2.31649566396386,-1.29161743204811,4.09999999999994));
#1470=CARTESIAN_POINT('Ctrl Pts',(-2.32015865089837,1.29015331306477,4.09999999999994));
#1471=CARTESIAN_POINT('Ctrl Pts',(-4.33657348111071,2.90450702030834,4.09999999999995));
#1472=CARTESIAN_POINT('Ctrl Pts',(-6.85638264417267,2.32447640886125,4.09999999999994));
#1473=CARTESIAN_POINT('Ctrl Pts',(-7.6,0.777918180888901,4.09999999999995));
#1474=CARTESIAN_POINT('Ctrl Pts',(-7.6,3.18408167778312E-16,4.09999999999995));
#1475=CARTESIAN_POINT('Ctrl Pts',(-7.53265649702985,-3.10160967242736E-16,
4.09999999999995));
#1476=CARTESIAN_POINT('Ctrl Pts',(-7.53265649702985,-0.757834392926623,
4.09999999999995));
#1477=CARTESIAN_POINT('Ctrl Pts',(-6.80866915703581,-2.26661790365923,4.09999999999995));
#1478=CARTESIAN_POINT('Ctrl Pts',(-4.35533615626824,-2.82580133091885,4.09999999999995));
#1479=CARTESIAN_POINT('Ctrl Pts',(-2.38597089549385,-1.25816328702218,4.09999999999994));
#1480=CARTESIAN_POINT('Ctrl Pts',(-2.38957334549388,1.25672493067803,4.09999999999994));
#1481=CARTESIAN_POINT('Ctrl Pts',(-4.35374103157967,2.82932856571743,4.09999999999995));
#1482=CARTESIAN_POINT('Ctrl Pts',(-6.80832092015651,2.26423104456073,4.09999999999994));
#1483=CARTESIAN_POINT('Ctrl Pts',(-7.53265649702985,0.757834392926623,4.09999999999995));
#1484=CARTESIAN_POINT('Ctrl Pts',(-7.53265649702985,3.10160967242736E-16,
4.09999999999995));
#1485=CARTESIAN_POINT('Ctrl Pts',(-7.38576305377343,-2.92171708732764E-16,
4.15536732262159));
#1486=CARTESIAN_POINT('Ctrl Pts',(-7.38576305377343,-0.713674783443034,
4.15536732262159));
#1487=CARTESIAN_POINT('Ctrl Pts',(-6.70367633641373,-2.13520986779454,4.15536732262158));
#1488=CARTESIAN_POINT('Ctrl Pts',(-4.3927340674205,-2.66184265967538,4.15536732262159));
#1489=CARTESIAN_POINT('Ctrl Pts',(-2.53768184015409,-1.18518860128094,4.15536732262158));
#1490=CARTESIAN_POINT('Ctrl Pts',(-2.54096740064083,1.18387189514795,4.15536732262159));
#1491=CARTESIAN_POINT('Ctrl Pts',(-4.39127447081546,2.66506415211774,4.15536732262159));
#1492=CARTESIAN_POINT('Ctrl Pts',(-6.70337246884399,2.13302658900154,4.15536732262158));
#1493=CARTESIAN_POINT('Ctrl Pts',(-7.38576305377343,0.713674783443034,4.15536732262159));
#1494=CARTESIAN_POINT('Ctrl Pts',(-7.38576305377343,3.15328298838436E-16,
4.15536732262159));
#1495=CARTESIAN_POINT('Ctrl Pts',(-7.15781111103422,-2.64255647029265E-16,
4.51021748557156));
#1496=CARTESIAN_POINT('Ctrl Pts',(-7.15781111103422,-0.645781098923552,
4.51021748557156));
#1497=CARTESIAN_POINT('Ctrl Pts',(-6.54102577258384,-1.93111797259432,4.51021748557156));
#1498=CARTESIAN_POINT('Ctrl Pts',(-4.45074546845441,-2.40760273517322,4.51021748557156));
#1499=CARTESIAN_POINT('Ctrl Pts',(-2.77280745579728,-1.07194986592048,4.51021748557156));
#1500=CARTESIAN_POINT('Ctrl Pts',(-2.77593445856598,1.07070394933732,4.51021748557156));
#1501=CARTESIAN_POINT('Ctrl Pts',(-4.449363426706,2.41066202637328,4.51021748557156));
#1502=CARTESIAN_POINT('Ctrl Pts',(-6.5407161489936,1.92904954044087,4.51021748557156));
#1503=CARTESIAN_POINT('Ctrl Pts',(-7.15781111103422,0.645781098923552,4.51021748557156));
#1504=CARTESIAN_POINT('Ctrl Pts',(-7.15781111103422,4.35823238124027E-16,
4.51021748557156));
#1505=CARTESIAN_POINT('Ctrl Pts',(-7.1,-2.57175827820944E-16,4.89796949108949));
#1506=CARTESIAN_POINT('Ctrl Pts',(-7.1,-0.627755884754898,4.89796949108949));
#1507=CARTESIAN_POINT('Ctrl Pts',(-6.49942055878422,-1.87957494348348,4.89796949108949));
#1508=CARTESIAN_POINT('Ctrl Pts',(-4.46548752126579,-2.34287768901908,4.8979694910895));
#1509=CARTESIAN_POINT('Ctrl Pts',(-2.83282238786605,-1.04322527379773,4.8979694910895));
#1510=CARTESIAN_POINT('Ctrl Pts',(-2.83548526085994,1.04214742503007,4.8979694910895));
#1511=CARTESIAN_POINT('Ctrl Pts',(-4.46429405536033,2.34549857020053,4.8979694910895));
#1512=CARTESIAN_POINT('Ctrl Pts',(-6.49920439857155,1.87779145742937,4.89796949108949));
#1513=CARTESIAN_POINT('Ctrl Pts',(-7.1,0.627755884754898,4.89796949108949));
#1514=CARTESIAN_POINT('Ctrl Pts',(-7.1,5.90915144570393E-16,4.89796949108949));
#1515=CARTESIAN_POINT('Ctrl Pts',(-7.1,-2.57175827820944E-16,5.09999999999993));
#1516=CARTESIAN_POINT('Ctrl Pts',(-7.1,-0.628318530717959,5.09999999999993));
#1517=CARTESIAN_POINT('Ctrl Pts',(-6.49966835335214,-1.87942364163094,5.09999999999993));
#1518=CARTESIAN_POINT('Ctrl Pts',(-4.46546678683643,-2.34304998810305,5.09999999999994));
#1519=CARTESIAN_POINT('Ctrl Pts',(-2.83255419012465,-1.04322946434655,5.09999999999994));
#1520=CARTESIAN_POINT('Ctrl Pts',(-2.83551275649484,1.04204690670616,5.09999999999994));
#1521=CARTESIAN_POINT('Ctrl Pts',(-4.46415550397403,2.34594797794135,5.09999999999994));
#1522=CARTESIAN_POINT('Ctrl Pts',(-6.49938598183178,1.87746171484947,5.09999999999993));
#1523=CARTESIAN_POINT('Ctrl Pts',(-7.1,0.628318530717959,5.09999999999993));
#1524=CARTESIAN_POINT('Ctrl Pts',(-7.1,6.75411512864187E-16,5.09999999999993));
#1525=CARTESIAN_POINT('',(-7.6,3.18408167778312E-16,4.09999999999995));
#1526=CARTESIAN_POINT('',(-7.1,-2.57175827820944E-16,5.09999999999993));
#1527=CARTESIAN_POINT('Ctrl Pts',(-7.6,-3.18408167778312E-16,4.09999999999995));
#1528=CARTESIAN_POINT('Ctrl Pts',(-7.53265649702985,-3.10160967242736E-16,
4.09999999999995));
#1529=CARTESIAN_POINT('Ctrl Pts',(-7.38576305377343,-2.92171708732764E-16,
4.15536732262159));
#1530=CARTESIAN_POINT('Ctrl Pts',(-7.15781111103422,-2.64255647029265E-16,
4.51021748557156));
#1531=CARTESIAN_POINT('Ctrl Pts',(-7.1,-2.57175827820944E-16,4.89796949108949));
#1532=CARTESIAN_POINT('Ctrl Pts',(-7.1,-2.57175827820944E-16,5.09999999999993));
#1533=CARTESIAN_POINT('Ctrl Pts',(-7.1,-2.57175827820944E-16,5.09999999999993));
#1534=CARTESIAN_POINT('Ctrl Pts',(-7.1,-0.628318530717959,5.09999999999993));
#1535=CARTESIAN_POINT('Ctrl Pts',(-6.49966835335214,-1.87942364163094,5.09999999999993));
#1536=CARTESIAN_POINT('Ctrl Pts',(-4.46546678683643,-2.34304998810305,5.09999999999994));
#1537=CARTESIAN_POINT('Ctrl Pts',(-2.83255419012465,-1.04322946434655,5.09999999999994));
#1538=CARTESIAN_POINT('Ctrl Pts',(-2.83551275649484,1.04204690670616,5.09999999999994));
#1539=CARTESIAN_POINT('Ctrl Pts',(-4.46415550397403,2.34594797794135,5.09999999999994));
#1540=CARTESIAN_POINT('Ctrl Pts',(-6.49938598183178,1.87746171484947,5.09999999999993));
#1541=CARTESIAN_POINT('Ctrl Pts',(-7.1,0.628318530717959,5.09999999999993));
#1542=CARTESIAN_POINT('Ctrl Pts',(-7.1,6.75411512864187E-16,5.09999999999993));
#1543=CARTESIAN_POINT('Ctrl Pts',(-7.6,3.18408167778312E-16,4.09999999999995));
#1544=CARTESIAN_POINT('Ctrl Pts',(-7.6,0.777918180888901,4.09999999999995));
#1545=CARTESIAN_POINT('Ctrl Pts',(-6.85638264417267,2.32447640886125,4.09999999999994));
#1546=CARTESIAN_POINT('Ctrl Pts',(-4.33657348111071,2.90450702030834,4.09999999999995));
#1547=CARTESIAN_POINT('Ctrl Pts',(-2.32015865089837,1.29015331306477,4.09999999999994));
#1548=CARTESIAN_POINT('Ctrl Pts',(-2.31649566396386,-1.29161743204811,4.09999999999994));
#1549=CARTESIAN_POINT('Ctrl Pts',(-4.33819697417842,-2.90091903288949,4.09999999999995));
#1550=CARTESIAN_POINT('Ctrl Pts',(-6.85673224700742,-2.32690546106688,4.09999999999995));
#1551=CARTESIAN_POINT('Ctrl Pts',(-7.6,-0.777918180888901,4.09999999999995));
#1552=CARTESIAN_POINT('Ctrl Pts',(-7.6,-3.18408167778312E-16,4.09999999999995));
#1553=CARTESIAN_POINT('Origin',(-5.,0.,4.09999999999995));
#1554=CARTESIAN_POINT('',(-7.10000000000009,-2.57175827820946E-16,33.9));
#1555=CARTESIAN_POINT('',(-7.1,-2.57175827820944E-16,4.09999999999994));
#1556=CARTESIAN_POINT('',(-5.00000000000009,-2.1,36.));
#1557=CARTESIAN_POINT('Origin',(-5.00000000000009,0.,36.));
#1558=CARTESIAN_POINT('',(-5.00000000000009,2.1,36.));
#1559=CARTESIAN_POINT('Origin',(-5.00000000000008,0.,36.));
#1560=CARTESIAN_POINT('Origin',(-5.00000000000009,0.,36.));
#1561=CARTESIAN_POINT('Origin',(-0.899999999999999,0.,4.09999999999995));
#1562=CARTESIAN_POINT('',(-0.899999999999999,-4.1,4.09999999999995));
#1563=CARTESIAN_POINT('',(-0.899999999999999,0.,4.09999999999995));
#1564=CARTESIAN_POINT('',(-9.1,-4.1,4.09999999999995));
#1565=CARTESIAN_POINT('',(-0.899999999999999,-4.1,4.09999999999995));
#1566=CARTESIAN_POINT('',(-9.1,0.,4.09999999999995));
#1567=CARTESIAN_POINT('Ctrl Pts',(30.375,-4.1,40.1));
#1568=CARTESIAN_POINT('Ctrl Pts',(30.375,-2.03333333333333,40.1));
#1569=CARTESIAN_POINT('Ctrl Pts',(30.375,0.0333333333333344,40.1));
#1570=CARTESIAN_POINT('Ctrl Pts',(30.375,2.1,40.1));
#1571=CARTESIAN_POINT('Ctrl Pts',(30.812732769306,-4.1,40.1));
#1572=CARTESIAN_POINT('Ctrl Pts',(30.812732769306,-2.03333333333334,40.1));
#1573=CARTESIAN_POINT('Ctrl Pts',(30.812732769306,0.033333333333341,40.1));
#1574=CARTESIAN_POINT('Ctrl Pts',(30.812732769306,2.1,40.1));
#1575=CARTESIAN_POINT('Ctrl Pts',(31.7724912854642,-4.1,39.9313265611323));
#1576=CARTESIAN_POINT('Ctrl Pts',(31.7724912854642,-2.03333333333332,39.9313265611323));
#1577=CARTESIAN_POINT('Ctrl Pts',(31.7724912854642,0.0333333333333241,39.9313265611323));
#1578=CARTESIAN_POINT('Ctrl Pts',(31.7724912854642,2.1,39.9313265611323));
#1579=CARTESIAN_POINT('Ctrl Pts',(32.9273825635282,-4.1,39.0993811006302));
#1580=CARTESIAN_POINT('Ctrl Pts',(32.9273825635282,-2.03333333333334,39.0993811006302));
#1581=CARTESIAN_POINT('Ctrl Pts',(32.9273825635282,0.0333333333333416,39.0993811006302));
#1582=CARTESIAN_POINT('Ctrl Pts',(32.9273825635282,2.1,39.0993811006302));
#1583=CARTESIAN_POINT('Ctrl Pts',(33.5238784883329,-4.1,38.0491865518819));
#1584=CARTESIAN_POINT('Ctrl Pts',(33.5238784883329,-2.03333333333333,38.0491865518819));
#1585=CARTESIAN_POINT('Ctrl Pts',(33.5238784883329,0.0333333333333283,38.0491865518819));
#1586=CARTESIAN_POINT('Ctrl Pts',(33.5238784883329,2.1,38.0491865518819));
#1587=CARTESIAN_POINT('Ctrl Pts',(33.625,-4.1,37.4030457633656));
#1588=CARTESIAN_POINT('Ctrl Pts',(33.625,-2.03333333333334,37.4030457633656));
#1589=CARTESIAN_POINT('Ctrl Pts',(33.625,0.0333333333333383,37.4030457633656));
#1590=CARTESIAN_POINT('Ctrl Pts',(33.625,2.1,37.4030457633656));
#1591=CARTESIAN_POINT('Ctrl Pts',(33.625,-4.1,37.1));
#1592=CARTESIAN_POINT('Ctrl Pts',(33.625,-2.03333333333333,37.1));
#1593=CARTESIAN_POINT('Ctrl Pts',(33.625,0.0333333333333344,37.1));
#1594=CARTESIAN_POINT('Ctrl Pts',(33.625,2.1,37.1));
#1595=CARTESIAN_POINT('',(30.375,-4.1,40.1));
#1596=CARTESIAN_POINT('Ctrl Pts',(30.375,2.1,40.1));
#1597=CARTESIAN_POINT('Ctrl Pts',(30.375,0.0333333333333344,40.1));
#1598=CARTESIAN_POINT('Ctrl Pts',(30.375,-2.03333333333333,40.1));
#1599=CARTESIAN_POINT('Ctrl Pts',(30.375,-4.1,40.1));
#1600=CARTESIAN_POINT('',(33.625,-4.1,37.1));
#1601=CARTESIAN_POINT('Ctrl Pts',(30.375,-4.1,40.1));
#1602=CARTESIAN_POINT('Ctrl Pts',(30.812732769306,-4.1,40.1));
#1603=CARTESIAN_POINT('Ctrl Pts',(31.2926120273851,-4.1,40.0156632805661));
#1604=CARTESIAN_POINT('Ctrl Pts',(31.7425318887999,-4.1,39.8222321098488));
#1605=CARTESIAN_POINT('Ctrl Pts',(32.1924517502147,-4.1,39.6288009391315));
#1606=CARTESIAN_POINT('Ctrl Pts',(32.6124122149653,-4.1,39.3262753171308));
#1607=CARTESIAN_POINT('Ctrl Pts',(32.9287371969566,-4.1,38.9565770108451));
#1608=CARTESIAN_POINT('Ctrl Pts',(33.1659809334501,-4.1,38.6793032811309));
#1609=CARTESIAN_POINT('Ctrl Pts',(33.3449297108915,-4.1,38.3642449165064));
#1610=CARTESIAN_POINT('Ctrl Pts',(33.459684477529,-4.1,38.0451805370651));
#1611=CARTESIAN_POINT('Ctrl Pts',(33.5744392441665,-4.1,37.7261161576237));
#1612=CARTESIAN_POINT('Ctrl Pts',(33.625,-4.1,37.4030457633656));
#1613=CARTESIAN_POINT('Ctrl Pts',(33.625,-4.1,37.1));
#1614=CARTESIAN_POINT('Ctrl Pts',(33.625,-4.1,37.1));
#1615=CARTESIAN_POINT('Ctrl Pts',(33.625,-2.03333333333333,37.1));
#1616=CARTESIAN_POINT('Ctrl Pts',(33.625,0.0333333333333344,37.1));
#1617=CARTESIAN_POINT('Ctrl Pts',(33.625,2.1,37.1));
#1618=CARTESIAN_POINT('Origin',(33.625,0.,40.1));
#1619=CARTESIAN_POINT('',(33.625,-4.1,36.));
#1620=CARTESIAN_POINT('',(33.625,-4.1,40.1));
#1621=CARTESIAN_POINT('',(33.625,-4.1,35.15));
#1622=CARTESIAN_POINT('',(33.625,-4.1,40.1));
#1623=CARTESIAN_POINT('Ctrl Pts',(33.625,2.1,35.15));
#1624=CARTESIAN_POINT('Ctrl Pts',(33.625,0.0333333333333344,35.15));
#1625=CARTESIAN_POINT('Ctrl Pts',(33.625,-2.03333333333333,35.15));
#1626=CARTESIAN_POINT('Ctrl Pts',(33.625,-4.1,35.15));
#1627=CARTESIAN_POINT('Origin',(2.66453525910038E-14,-4.1,22.1));
#1628=CARTESIAN_POINT('',(-30.625,-4.1,40.1));
#1629=CARTESIAN_POINT('',(-33.625,-4.1,40.1));
#1630=CARTESIAN_POINT('',(-33.625,-4.1,36.85));
#1631=CARTESIAN_POINT('Ctrl Pts',(-33.625,-4.1,36.85));
#1632=CARTESIAN_POINT('Ctrl Pts',(-33.625,-4.1,37.2877327693059));
#1633=CARTESIAN_POINT('Ctrl Pts',(-33.5406632805661,-4.1,37.767612027385));
#1634=CARTESIAN_POINT('Ctrl Pts',(-33.3472321098488,-4.1,38.2175318887998));
#1635=CARTESIAN_POINT('Ctrl Pts',(-33.1538009391315,-4.1,38.6674517502147));
#1636=CARTESIAN_POINT('Ctrl Pts',(-32.8512753171308,-4.1,39.0874122149652));
#1637=CARTESIAN_POINT('Ctrl Pts',(-32.4815770108451,-4.1,39.4037371969565));
#1638=CARTESIAN_POINT('Ctrl Pts',(-32.2043032811309,-4.1,39.64098093345));
#1639=CARTESIAN_POINT('Ctrl Pts',(-31.8892449165064,-4.1,39.8199297108914));
#1640=CARTESIAN_POINT('Ctrl Pts',(-31.5701805370651,-4.1,39.9346844775289));
#1641=CARTESIAN_POINT('Ctrl Pts',(-31.2511161576238,-4.1,40.0494392441664));
#1642=CARTESIAN_POINT('Ctrl Pts',(-30.9280457633656,-4.1,40.1));
#1643=CARTESIAN_POINT('Ctrl Pts',(-30.625,-4.1,40.1));
#1644=CARTESIAN_POINT('',(-33.625,-4.1,36.));
#1645=CARTESIAN_POINT('',(-33.625,-4.1,31.9));
#1646=CARTESIAN_POINT('Origin',(-30.,-4.1,36.));
#1647=CARTESIAN_POINT('',(-33.625,-4.1,34.9));
#1648=CARTESIAN_POINT('',(-33.625,-4.1,31.9));
#1649=CARTESIAN_POINT('',(-30.375,-4.1,31.9));
#1650=CARTESIAN_POINT('Ctrl Pts',(-30.375,-4.1,31.9));
#1651=CARTESIAN_POINT('Ctrl Pts',(-30.8127327693059,-4.1,31.9));
#1652=CARTESIAN_POINT('Ctrl Pts',(-31.2926088904279,-4.1,31.9843354693663));
#1653=CARTESIAN_POINT('Ctrl Pts',(-31.7425279298033,-4.1,32.1777663614313));
#1654=CARTESIAN_POINT('Ctrl Pts',(-32.1924469691786,-4.1,32.3711972534963));
#1655=CARTESIAN_POINT('Ctrl Pts',(-32.6124089268072,-4.1,32.6737235682601));
#1656=CARTESIAN_POINT('Ctrl Pts',(-32.9287343977857,-4.1,33.0434223018732));
#1657=CARTESIAN_POINT('Ctrl Pts',(-33.1659785010196,-4.1,33.3206963520829));
#1658=CARTESIAN_POINT('Ctrl Pts',(-33.3449270805128,-4.1,33.6357548878954));
#1659=CARTESIAN_POINT('Ctrl Pts',(-33.4596824552579,-4.1,33.9548193590332));
#1660=CARTESIAN_POINT('Ctrl Pts',(-33.574437830003,-4.1,34.2738838301711));
#1661=CARTESIAN_POINT('Ctrl Pts',(-33.625,-4.1,34.5969542366343));
#1662=CARTESIAN_POINT('Ctrl Pts',(-33.625,-4.1,34.9));
#1663=CARTESIAN_POINT('',(-12.1,-4.1,31.9));
#1664=CARTESIAN_POINT('',(33.625,-4.1,31.9));
#1665=CARTESIAN_POINT('',(-9.1,-4.1,28.65));
#1666=CARTESIAN_POINT('Ctrl Pts',(-9.1,-4.1,28.65));
#1667=CARTESIAN_POINT('Ctrl Pts',(-9.1,-4.1,29.0877327693059));
#1668=CARTESIAN_POINT('Ctrl Pts',(-9.18432196096622,-4.1,29.5675754644342));
#1669=CARTESIAN_POINT('Ctrl Pts',(-9.37774990601279,-4.1,30.0174860056314));
#1670=CARTESIAN_POINT('Ctrl Pts',(-9.57117785105935,-4.1,30.4673965468287));
#1671=CARTESIAN_POINT('Ctrl Pts',(-9.87371178018625,-4.1,30.887374934095));
#1672=CARTESIAN_POINT('Ctrl Pts',(-10.2434152478048,-4.1,31.203705728521));
#1673=CARTESIAN_POINT('Ctrl Pts',(-10.5206928485187,-4.1,31.4409538243406));
#1674=CARTESIAN_POINT('Ctrl Pts',(-10.8357533146341,-4.1,31.6199001491875));
#1675=CARTESIAN_POINT('Ctrl Pts',(-11.154818661663,-4.1,31.7346616931023));
#1676=CARTESIAN_POINT('Ctrl Pts',(-11.4738840086919,-4.1,31.8494232370172));
#1677=CARTESIAN_POINT('Ctrl Pts',(-11.7969542366343,-4.1,31.9));
#1678=CARTESIAN_POINT('Ctrl Pts',(-12.1,-4.1,31.9));
#1679=CARTESIAN_POINT('',(-9.1,-4.1,4.09999999999995));
#1680=CARTESIAN_POINT('',(-0.9,-4.1,28.9));
#1681=CARTESIAN_POINT('',(-0.9,-4.1,40.1));
#1682=CARTESIAN_POINT('',(2.35,-4.1,31.9));
#1683=CARTESIAN_POINT('Ctrl Pts',(2.35,-4.1,31.9));
#1684=CARTESIAN_POINT('Ctrl Pts',(1.91226723069404,-4.1,31.9));
#1685=CARTESIAN_POINT('Ctrl Pts',(1.43244693758047,-4.1,31.815687283794));
#1686=CARTESIAN_POINT('Ctrl Pts',(0.982541814281631,-4.1,31.6222612909191));
#1687=CARTESIAN_POINT('Ctrl Pts',(0.532636690982789,-4.1,31.4288352980443));
#1688=CARTESIAN_POINT('Ctrl Pts',(0.112646737498671,-4.1,31.1262960285006));
#1689=CARTESIAN_POINT('Ctrl Pts',(-0.203687738686803,-4.1,30.7565891993322));
#1690=CARTESIAN_POINT('Ctrl Pts',(-0.440938595825908,-4.1,30.4793090774559));
#1691=CARTESIAN_POINT('Ctrl Pts',(-0.619883246984526,-4.1,30.1642472032907));
#1692=CARTESIAN_POINT('Ctrl Pts',(-0.734648598028049,-4.1,29.8451813747681));
#1693=CARTESIAN_POINT('Ctrl Pts',(-0.849413949071572,-4.1,29.5261155462456));
#1694=CARTESIAN_POINT('Ctrl Pts',(-0.9,-4.1,29.2030457633657));
#1695=CARTESIAN_POINT('Ctrl Pts',(-0.9,-4.1,28.9));
#1696=CARTESIAN_POINT('',(30.625,-4.1,31.9));
#1697=CARTESIAN_POINT('',(33.625,-4.1,31.9));
#1698=CARTESIAN_POINT('Ctrl Pts',(33.625,-4.1,35.15));
#1699=CARTESIAN_POINT('Ctrl Pts',(33.625,-4.1,34.7122672306941));
#1700=CARTESIAN_POINT('Ctrl Pts',(33.5406644343761,-4.1,34.2323908682904));
#1701=CARTESIAN_POINT('Ctrl Pts',(33.3472335208909,-4.1,33.7824717658331));
#1702=CARTESIAN_POINT('Ctrl Pts',(33.1538026074057,-4.1,33.3325526633758));
#1703=CARTESIAN_POINT('Ctrl Pts',(32.8512763460591,-4.1,32.9125908208649));
#1704=CARTESIAN_POINT('Ctrl Pts',(32.481577645416,-4.1,32.5962653875621));
#1705=CARTESIAN_POINT('Ctrl Pts',(32.2043036199338,-4.1,32.359021312585));
#1706=CARTESIAN_POINT('Ctrl Pts',(31.8892450973473,-4.1,32.1800727177876));
#1707=CARTESIAN_POINT('Ctrl Pts',(31.5701806332053,-4.1,32.0653173896413));
#1708=CARTESIAN_POINT('Ctrl Pts',(31.2511161690632,-4.1,31.950562061495));
#1709=CARTESIAN_POINT('Ctrl Pts',(30.9280457633656,-4.1,31.9));
#1710=CARTESIAN_POINT('Ctrl Pts',(30.625,-4.1,31.9));
#1711=CARTESIAN_POINT('',(26.375,-4.1,36.));
#1712=CARTESIAN_POINT('Origin',(30.,-4.1,36.));
#1713=CARTESIAN_POINT('Origin',(30.,-4.1,36.));
#1714=CARTESIAN_POINT('',(-3.625,-4.1,36.));
#1715=CARTESIAN_POINT('Origin',(-2.46519032881566E-31,-4.1,36.));
#1716=CARTESIAN_POINT('Ctrl Pts',(33.625,-4.1,35.15));
#1717=CARTESIAN_POINT('Ctrl Pts',(33.625,-2.03333333333333,35.15));
#1718=CARTESIAN_POINT('Ctrl Pts',(33.625,0.0333333333333344,35.15));
#1719=CARTESIAN_POINT('Ctrl Pts',(33.625,2.1,35.15));
#1720=CARTESIAN_POINT('Ctrl Pts',(33.625,-4.1,34.7122672306941));
#1721=CARTESIAN_POINT('Ctrl Pts',(33.625,-2.03333333333334,34.7122672306941));
#1722=CARTESIAN_POINT('Ctrl Pts',(33.625,0.033333333333341,34.7122672306941));
#1723=CARTESIAN_POINT('Ctrl Pts',(33.625,2.1,34.7122672306941));
#1724=CARTESIAN_POINT('Ctrl Pts',(33.4563288687523,-4.1,33.7525145058868));
#1725=CARTESIAN_POINT('Ctrl Pts',(33.4563288687523,-2.03333333333332,33.7525145058868));
#1726=CARTESIAN_POINT('Ctrl Pts',(33.4563288687523,0.0333333333333244,33.7525145058868));
#1727=CARTESIAN_POINT('Ctrl Pts',(33.4563288687523,2.1,33.7525145058868));
#1728=CARTESIAN_POINT('Ctrl Pts',(32.6243816500491,-4.1,32.5976194389817));
#1729=CARTESIAN_POINT('Ctrl Pts',(32.6243816500491,-2.03333333333334,32.5976194389817));
#1730=CARTESIAN_POINT('Ctrl Pts',(32.6243816500491,0.0333333333333424,32.5976194389817));
#1731=CARTESIAN_POINT('Ctrl Pts',(32.6243816500491,2.1,32.5976194389817));
#1732=CARTESIAN_POINT('Ctrl Pts',(31.5741865747608,-4.1,32.0011241229901));
#1733=CARTESIAN_POINT('Ctrl Pts',(31.5741865747608,-2.03333333333333,32.0011241229901));
#1734=CARTESIAN_POINT('Ctrl Pts',(31.5741865747608,0.033333333333328,32.0011241229901));
#1735=CARTESIAN_POINT('Ctrl Pts',(31.5741865747608,2.1,32.0011241229901));
#1736=CARTESIAN_POINT('Ctrl Pts',(30.9280457633656,-4.1,31.9));
#1737=CARTESIAN_POINT('Ctrl Pts',(30.9280457633656,-2.03333333333334,31.9));
#1738=CARTESIAN_POINT('Ctrl Pts',(30.9280457633656,0.0333333333333383,31.9));
#1739=CARTESIAN_POINT('Ctrl Pts',(30.9280457633656,2.1,31.9));
#1740=CARTESIAN_POINT('Ctrl Pts',(30.625,-4.1,31.9));
#1741=CARTESIAN_POINT('Ctrl Pts',(30.625,-2.03333333333333,31.9));
#1742=CARTESIAN_POINT('Ctrl Pts',(30.625,0.0333333333333344,31.9));
#1743=CARTESIAN_POINT('Ctrl Pts',(30.625,2.1,31.9));
#1744=CARTESIAN_POINT('Ctrl Pts',(30.625,-4.1,31.9));
#1745=CARTESIAN_POINT('Ctrl Pts',(30.625,-2.03333333333333,31.9));
#1746=CARTESIAN_POINT('Ctrl Pts',(30.625,0.0333333333333344,31.9));
#1747=CARTESIAN_POINT('Ctrl Pts',(30.625,2.1,31.9));
#1748=CARTESIAN_POINT('Origin',(33.625,0.,31.9));
#1749=CARTESIAN_POINT('Ctrl Pts',(2.35,2.1,31.9));
#1750=CARTESIAN_POINT('Ctrl Pts',(2.35,0.0333333333333338,31.9));
#1751=CARTESIAN_POINT('Ctrl Pts',(2.35,-2.03333333333333,31.9));
#1752=CARTESIAN_POINT('Ctrl Pts',(2.35,-4.1,31.9));
#1753=CARTESIAN_POINT('Ctrl Pts',(2.35,-4.1,31.9));
#1754=CARTESIAN_POINT('Ctrl Pts',(2.35,-2.03333333333333,31.9));
#1755=CARTESIAN_POINT('Ctrl Pts',(2.35,0.0333333333333338,31.9));
#1756=CARTESIAN_POINT('Ctrl Pts',(2.35,2.1,31.9));
#1757=CARTESIAN_POINT('Ctrl Pts',(1.91226723069404,-4.1,31.9));
#1758=CARTESIAN_POINT('Ctrl Pts',(1.91226723069404,-2.03333333333334,31.9));
#1759=CARTESIAN_POINT('Ctrl Pts',(1.91226723069404,0.0333333333333405,31.9));
#1760=CARTESIAN_POINT('Ctrl Pts',(1.91226723069404,2.1,31.9));
#1761=CARTESIAN_POINT('Ctrl Pts',(0.952626644466906,-4.1,31.731374567588));
#1762=CARTESIAN_POINT('Ctrl Pts',(0.952626644466906,-2.03333333333332,31.731374567588));
#1763=CARTESIAN_POINT('Ctrl Pts',(0.952626644466906,0.0333333333333241,
31.731374567588));
#1764=CARTESIAN_POINT('Ctrl Pts',(0.952626644466906,2.1,31.731374567588));
#1765=CARTESIAN_POINT('Ctrl Pts',(-0.202345727614417,-4.1,30.8993915763428));
#1766=CARTESIAN_POINT('Ctrl Pts',(-0.202345727614417,-2.03333333333334,
30.8993915763428));
#1767=CARTESIAN_POINT('Ctrl Pts',(-0.202345727614417,0.0333333333333424,
30.8993915763428));
#1768=CARTESIAN_POINT('Ctrl Pts',(-0.202345727614417,2.1,30.8993915763428));
#1769=CARTESIAN_POINT('Ctrl Pts',(-0.798827898143144,-4.1,29.8491853291255));
#1770=CARTESIAN_POINT('Ctrl Pts',(-0.798827898143144,-2.03333333333333,
29.8491853291255));
#1771=CARTESIAN_POINT('Ctrl Pts',(-0.798827898143144,0.0333333333333272,
29.8491853291255));
#1772=CARTESIAN_POINT('Ctrl Pts',(-0.798827898143144,2.1,29.8491853291255));
#1773=CARTESIAN_POINT('Ctrl Pts',(-0.9,-4.1,29.2030457633657));
#1774=CARTESIAN_POINT('Ctrl Pts',(-0.9,-2.03333333333334,29.2030457633657));
#1775=CARTESIAN_POINT('Ctrl Pts',(-0.9,0.0333333333333377,29.2030457633657));
#1776=CARTESIAN_POINT('Ctrl Pts',(-0.9,2.1,29.2030457633657));
#1777=CARTESIAN_POINT('Ctrl Pts',(-0.9,-4.1,28.9));
#1778=CARTESIAN_POINT('Ctrl Pts',(-0.9,-2.03333333333333,28.9));
#1779=CARTESIAN_POINT('Ctrl Pts',(-0.9,0.0333333333333338,28.9));
#1780=CARTESIAN_POINT('Ctrl Pts',(-0.9,2.1,28.9));
#1781=CARTESIAN_POINT('Ctrl Pts',(-0.9,-4.1,28.9));
#1782=CARTESIAN_POINT('Ctrl Pts',(-0.9,-2.03333333333333,28.9));
#1783=CARTESIAN_POINT('Ctrl Pts',(-0.9,0.0333333333333338,28.9));
#1784=CARTESIAN_POINT('Ctrl Pts',(-0.9,2.1,28.9));
#1785=CARTESIAN_POINT('Origin',(-0.9,0.,31.9));
#1786=CARTESIAN_POINT('Ctrl Pts',(-9.1,-4.1,28.65));
#1787=CARTESIAN_POINT('Ctrl Pts',(-9.1,-2.03333333333333,28.65));
#1788=CARTESIAN_POINT('Ctrl Pts',(-9.1,0.0333333333333341,28.65));
#1789=CARTESIAN_POINT('Ctrl Pts',(-9.1,2.1,28.65));
#1790=CARTESIAN_POINT('Ctrl Pts',(-9.1,-4.1,29.0877327693059));
#1791=CARTESIAN_POINT('Ctrl Pts',(-9.1,-2.03333333333334,29.0877327693059));
#1792=CARTESIAN_POINT('Ctrl Pts',(-9.1,0.0333333333333408,29.0877327693059));
#1793=CARTESIAN_POINT('Ctrl Pts',(-9.1,2.1,29.0877327693059));
#1794=CARTESIAN_POINT('Ctrl Pts',(-9.26864392193245,-4.1,30.0474181595624));
#1795=CARTESIAN_POINT('Ctrl Pts',(-9.26864392193245,-2.03333333333332,30.0474181595624));
#1796=CARTESIAN_POINT('Ctrl Pts',(-9.26864392193245,0.0333333333333241,
30.0474181595624));
#1797=CARTESIAN_POINT('Ctrl Pts',(-9.26864392193245,2.1,30.0474181595624));
#1798=CARTESIAN_POINT('Ctrl Pts',(-10.1006122270314,-4.1,31.2023587245447));
#1799=CARTESIAN_POINT('Ctrl Pts',(-10.1006122270314,-2.03333333333334,31.2023587245447));
#1800=CARTESIAN_POINT('Ctrl Pts',(-10.1006122270314,0.0333333333333419,
31.2023587245447));
#1801=CARTESIAN_POINT('Ctrl Pts',(-10.1006122270314,2.1,31.2023587245447));
#1802=CARTESIAN_POINT('Ctrl Pts',(-11.1508137807495,-4.1,31.7988464740344));
#1803=CARTESIAN_POINT('Ctrl Pts',(-11.1508137807495,-2.03333333333333,31.7988464740344));
#1804=CARTESIAN_POINT('Ctrl Pts',(-11.1508137807495,0.0333333333333277,
31.7988464740344));
#1805=CARTESIAN_POINT('Ctrl Pts',(-11.1508137807495,2.1,31.7988464740344));
#1806=CARTESIAN_POINT('Ctrl Pts',(-11.7969542366343,-4.1,31.9));
#1807=CARTESIAN_POINT('Ctrl Pts',(-11.7969542366343,-2.03333333333334,31.9));
#1808=CARTESIAN_POINT('Ctrl Pts',(-11.7969542366343,0.033333333333338,31.9));
#1809=CARTESIAN_POINT('Ctrl Pts',(-11.7969542366343,2.1,31.9));
#1810=CARTESIAN_POINT('Ctrl Pts',(-12.1,-4.1,31.9));
#1811=CARTESIAN_POINT('Ctrl Pts',(-12.1,-2.03333333333333,31.9));
#1812=CARTESIAN_POINT('Ctrl Pts',(-12.1,0.0333333333333341,31.9));
#1813=CARTESIAN_POINT('Ctrl Pts',(-12.1,2.1,31.9));
#1814=CARTESIAN_POINT('Ctrl Pts',(-9.1,2.1,28.65));
#1815=CARTESIAN_POINT('Ctrl Pts',(-9.1,0.0333333333333341,28.65));
#1816=CARTESIAN_POINT('Ctrl Pts',(-9.1,-2.03333333333333,28.65));
#1817=CARTESIAN_POINT('Ctrl Pts',(-9.1,-4.1,28.65));
#1818=CARTESIAN_POINT('Ctrl Pts',(-12.1,-4.1,31.9));
#1819=CARTESIAN_POINT('Ctrl Pts',(-12.1,-2.03333333333333,31.9));
#1820=CARTESIAN_POINT('Ctrl Pts',(-12.1,0.0333333333333341,31.9));
#1821=CARTESIAN_POINT('Ctrl Pts',(-12.1,2.1,31.9));
#1822=CARTESIAN_POINT('Origin',(-9.10000000000001,0.,31.9));
#1823=CARTESIAN_POINT('Ctrl Pts',(-30.375,2.1,31.9));
#1824=CARTESIAN_POINT('Ctrl Pts',(-30.375,0.0333333333333341,31.9));
#1825=CARTESIAN_POINT('Ctrl Pts',(-30.375,-2.03333333333333,31.9));
#1826=CARTESIAN_POINT('Ctrl Pts',(-30.375,-4.1,31.9));
#1827=CARTESIAN_POINT('Ctrl Pts',(-30.375,-4.1,31.9));
#1828=CARTESIAN_POINT('Ctrl Pts',(-30.375,-2.03333333333333,31.9));
#1829=CARTESIAN_POINT('Ctrl Pts',(-30.375,0.0333333333333341,31.9));
#1830=CARTESIAN_POINT('Ctrl Pts',(-30.375,2.1,31.9));
#1831=CARTESIAN_POINT('Ctrl Pts',(-30.8127327693059,-4.1,31.9));
#1832=CARTESIAN_POINT('Ctrl Pts',(-30.8127327693059,-2.03333333333334,31.9));
#1833=CARTESIAN_POINT('Ctrl Pts',(-30.8127327693059,0.0333333333333408,
31.9));
#1834=CARTESIAN_POINT('Ctrl Pts',(-30.8127327693059,2.1,31.9));
#1835=CARTESIAN_POINT('Ctrl Pts',(-31.77248501155,-4.1,32.0686709387326));
#1836=CARTESIAN_POINT('Ctrl Pts',(-31.77248501155,-2.03333333333332,32.0686709387326));
#1837=CARTESIAN_POINT('Ctrl Pts',(-31.77248501155,0.0333333333333241,32.0686709387326));
#1838=CARTESIAN_POINT('Ctrl Pts',(-31.77248501155,2.1,32.0686709387326));
#1839=CARTESIAN_POINT('Ctrl Pts',(-32.9273803950287,-4.1,32.900618304333));
#1840=CARTESIAN_POINT('Ctrl Pts',(-32.9273803950287,-2.03333333333334,32.900618304333));
#1841=CARTESIAN_POINT('Ctrl Pts',(-32.9273803950287,0.0333333333333419,
32.900618304333));
#1842=CARTESIAN_POINT('Ctrl Pts',(-32.9273803950287,2.1,32.900618304333));
#1843=CARTESIAN_POINT('Ctrl Pts',(-33.523875660006,-4.1,33.9508134237079));
#1844=CARTESIAN_POINT('Ctrl Pts',(-33.523875660006,-2.03333333333333,33.9508134237079));
#1845=CARTESIAN_POINT('Ctrl Pts',(-33.523875660006,0.033333333333328,33.9508134237079));
#1846=CARTESIAN_POINT('Ctrl Pts',(-33.523875660006,2.1,33.9508134237079));
#1847=CARTESIAN_POINT('Ctrl Pts',(-33.625,-4.1,34.5969542366343));
#1848=CARTESIAN_POINT('Ctrl Pts',(-33.625,-2.03333333333334,34.5969542366343));
#1849=CARTESIAN_POINT('Ctrl Pts',(-33.625,0.033333333333338,34.5969542366343));
#1850=CARTESIAN_POINT('Ctrl Pts',(-33.625,2.1,34.5969542366343));
#1851=CARTESIAN_POINT('Ctrl Pts',(-33.625,-4.1,34.9));
#1852=CARTESIAN_POINT('Ctrl Pts',(-33.625,-2.03333333333333,34.9));
#1853=CARTESIAN_POINT('Ctrl Pts',(-33.625,0.0333333333333341,34.9));
#1854=CARTESIAN_POINT('Ctrl Pts',(-33.625,2.1,34.9));
#1855=CARTESIAN_POINT('Ctrl Pts',(-33.625,-4.1,34.9));
#1856=CARTESIAN_POINT('Ctrl Pts',(-33.625,-2.03333333333333,34.9));
#1857=CARTESIAN_POINT('Ctrl Pts',(-33.625,0.0333333333333341,34.9));
#1858=CARTESIAN_POINT('Ctrl Pts',(-33.625,2.1,34.9));
#1859=CARTESIAN_POINT('Origin',(-33.625,0.,31.9));
#1860=CARTESIAN_POINT('Ctrl Pts',(-33.625,2.1,36.85));
#1861=CARTESIAN_POINT('Ctrl Pts',(-33.625,0.0333333333333335,36.85));
#1862=CARTESIAN_POINT('Ctrl Pts',(-33.625,-2.03333333333333,36.85));
#1863=CARTESIAN_POINT('Ctrl Pts',(-33.625,-4.1,36.85));
#1864=CARTESIAN_POINT('Ctrl Pts',(-33.625,-4.1,36.85));
#1865=CARTESIAN_POINT('Ctrl Pts',(-33.625,-2.03333333333333,36.85));
#1866=CARTESIAN_POINT('Ctrl Pts',(-33.625,0.0333333333333335,36.85));
#1867=CARTESIAN_POINT('Ctrl Pts',(-33.625,2.1,36.85));
#1868=CARTESIAN_POINT('Ctrl Pts',(-33.625,-4.1,37.2877327693059));
#1869=CARTESIAN_POINT('Ctrl Pts',(-33.625,-2.03333333333334,37.2877327693059));
#1870=CARTESIAN_POINT('Ctrl Pts',(-33.625,0.0333333333333402,37.2877327693059));
#1871=CARTESIAN_POINT('Ctrl Pts',(-33.625,2.1,37.2877327693059));
#1872=CARTESIAN_POINT('Ctrl Pts',(-33.4563265611323,-4.1,38.2474912854641));
#1873=CARTESIAN_POINT('Ctrl Pts',(-33.4563265611323,-2.03333333333332,38.2474912854641));
#1874=CARTESIAN_POINT('Ctrl Pts',(-33.4563265611323,0.0333333333333238,
38.2474912854641));
#1875=CARTESIAN_POINT('Ctrl Pts',(-33.4563265611323,2.1,38.2474912854641));
#1876=CARTESIAN_POINT('Ctrl Pts',(-32.6243811006302,-4.1,39.4023825635281));
#1877=CARTESIAN_POINT('Ctrl Pts',(-32.6243811006302,-2.03333333333334,39.4023825635281));
#1878=CARTESIAN_POINT('Ctrl Pts',(-32.6243811006302,0.0333333333333413,
39.4023825635281));
#1879=CARTESIAN_POINT('Ctrl Pts',(-32.6243811006302,2.1,39.4023825635281));
#1880=CARTESIAN_POINT('Ctrl Pts',(-31.5741865518819,-4.1,39.9988784883328));
#1881=CARTESIAN_POINT('Ctrl Pts',(-31.5741865518819,-2.03333333333333,39.9988784883328));
#1882=CARTESIAN_POINT('Ctrl Pts',(-31.5741865518819,0.0333333333333266,
39.9988784883328));
#1883=CARTESIAN_POINT('Ctrl Pts',(-31.5741865518819,2.1,39.9988784883328));
#1884=CARTESIAN_POINT('Ctrl Pts',(-30.9280457633656,-4.1,40.1));
#1885=CARTESIAN_POINT('Ctrl Pts',(-30.9280457633656,-2.03333333333334,40.1));
#1886=CARTESIAN_POINT('Ctrl Pts',(-30.9280457633656,0.0333333333333374,
40.1));
#1887=CARTESIAN_POINT('Ctrl Pts',(-30.9280457633656,2.1,40.1));
#1888=CARTESIAN_POINT('Ctrl Pts',(-30.625,-4.1,40.1));
#1889=CARTESIAN_POINT('Ctrl Pts',(-30.625,-2.03333333333333,40.1));
#1890=CARTESIAN_POINT('Ctrl Pts',(-30.625,0.0333333333333335,40.1));
#1891=CARTESIAN_POINT('Ctrl Pts',(-30.625,2.1,40.1));
#1892=CARTESIAN_POINT('Ctrl Pts',(-30.625,-4.1,40.1));
#1893=CARTESIAN_POINT('Ctrl Pts',(-30.625,-2.03333333333333,40.1));
#1894=CARTESIAN_POINT('Ctrl Pts',(-30.625,0.0333333333333335,40.1));
#1895=CARTESIAN_POINT('Ctrl Pts',(-30.625,2.1,40.1));
#1896=CARTESIAN_POINT('Origin',(-33.625,0.,40.1));
#1897=CARTESIAN_POINT('Ctrl Pts',(-27.875,-9.,36.));
#1898=CARTESIAN_POINT('Ctrl Pts',(-27.875,-9.,35.3642014867735));
#1899=CARTESIAN_POINT('Ctrl Pts',(-28.4836746550003,-9.,34.0966965044829));
#1900=CARTESIAN_POINT('Ctrl Pts',(-30.5402782031407,-9.,33.6305753988731));
#1901=CARTESIAN_POINT('Ctrl Pts',(-32.1946652627344,-9.,34.9437290560977));
#1902=CARTESIAN_POINT('Ctrl Pts',(-32.1890316059514,-9.,37.0539617706402));
#1903=CARTESIAN_POINT('Ctrl Pts',(-30.5425340962928,-9.,38.3753950729527));
#1904=CARTESIAN_POINT('Ctrl Pts',(-28.4834435469921,-9.,37.8989323309879));
#1905=CARTESIAN_POINT('Ctrl Pts',(-27.875,-9.,36.6357985132265));
#1906=CARTESIAN_POINT('Ctrl Pts',(-27.875,-9.,36.));
#1907=CARTESIAN_POINT('Ctrl Pts',(-27.9423435029701,-9.,36.));
#1908=CARTESIAN_POINT('Ctrl Pts',(-27.9423435029701,-9.,35.3842852747358));
#1909=CARTESIAN_POINT('Ctrl Pts',(-28.5316526219839,-9.,34.1569737547028));
#1910=CARTESIAN_POINT('Ctrl Pts',(-30.5231717873668,-9.,33.7056122408258));
#1911=CARTESIAN_POINT('Ctrl Pts',(-32.1252058874921,-9.,34.9771695070018));
#1912=CARTESIAN_POINT('Ctrl Pts',(-32.1196904376766,-9.,37.0205712691336));
#1913=CARTESIAN_POINT('Ctrl Pts',(-30.5253780010761,-9.,38.3002263682795));
#1914=CARTESIAN_POINT('Ctrl Pts',(-28.5314478879695,-9.,37.8387552556508));
#1915=CARTESIAN_POINT('Ctrl Pts',(-27.9423435029701,-9.,36.6157147252642));
#1916=CARTESIAN_POINT('Ctrl Pts',(-27.9423435029701,-9.,36.));
#1917=CARTESIAN_POINT('Ctrl Pts',(-28.0891339079522,-8.94480443433178,36.));
#1918=CARTESIAN_POINT('Ctrl Pts',(-28.0891339079522,-8.94480443433178,35.4284448842194));
#1919=CARTESIAN_POINT('Ctrl Pts',(-28.6366762419723,-8.94480443433177,34.2885984532879));
#1920=CARTESIAN_POINT('Ctrl Pts',(-30.4857933305718,-8.94480443433178,33.8694806877801));
#1921=CARTESIAN_POINT('Ctrl Pts',(-31.9732655951563,-8.94480443433178,35.0502589300194));
#1922=CARTESIAN_POINT('Ctrl Pts',(-31.9683609202844,-8.94480443433178,36.9477266944245));
#1923=CARTESIAN_POINT('Ctrl Pts',(-30.4877635873296,-8.94480443433178,38.1357348329739));
#1924=CARTESIAN_POINT('Ctrl Pts',(-28.6364174945529,-8.94480443433178,37.7075733893536));
#1925=CARTESIAN_POINT('Ctrl Pts',(-28.0891339079522,-8.94480443433178,36.5715551157806));
#1926=CARTESIAN_POINT('Ctrl Pts',(-28.0891339079522,-8.94480443433178,36.));
#1927=CARTESIAN_POINT('Ctrl Pts',(-28.3167711752692,-8.59030404154316,36.));
#1928=CARTESIAN_POINT('Ctrl Pts',(-28.3167711752692,-8.59030404154316,35.4963385687389));
#1929=CARTESIAN_POINT('Ctrl Pts',(-28.798859892585,-8.59030404154316,34.4923535766665));
#1930=CARTESIAN_POINT('Ctrl Pts',(-30.4279681785954,-8.59030404154316,34.1231278480496));
#1931=CARTESIAN_POINT('Ctrl Pts',(-31.7384682352975,-8.59030404154316,35.1632986386034));
#1932=CARTESIAN_POINT('Ctrl Pts',(-31.733968337518,-8.59030404154316,36.8348578326605));
#1933=CARTESIAN_POINT('Ctrl Pts',(-30.4297686235271,-8.59030404154316,37.8816369933286));
#1934=CARTESIAN_POINT('Ctrl Pts',(-28.7986886507845,-8.59030404154316,37.5041601926535));
#1935=CARTESIAN_POINT('Ctrl Pts',(-28.3167711752692,-8.59030404154316,36.5036614312612));
#1936=CARTESIAN_POINT('Ctrl Pts',(-28.3167711752692,-8.59030404154316,36.));
#1937=CARTESIAN_POINT('Ctrl Pts',(-28.375,-8.20203050891044,36.));
#1938=CARTESIAN_POINT('Ctrl Pts',(-28.375,-8.20203050891044,35.5143637829075));
#1939=CARTESIAN_POINT('Ctrl Pts',(-28.8411114398834,-8.20203050891044,34.5448809797939));
#1940=CARTESIAN_POINT('Ctrl Pts',(-30.4130198196825,-8.20203050891045,34.1885411730426));
#1941=CARTESIAN_POINT('Ctrl Pts',(-31.6774821466889,-8.20203050891044,35.1925552644776));
#1942=CARTESIAN_POINT('Ctrl Pts',(-31.6736935492514,-8.20203050891045,36.8058789352037));
#1943=CARTESIAN_POINT('Ctrl Pts',(-30.4145570913907,-8.20203050891044,37.815530664243));
#1944=CARTESIAN_POINT('Ctrl Pts',(-28.8407706728243,-8.20203050891045,37.4521066104597));
#1945=CARTESIAN_POINT('Ctrl Pts',(-28.375,-8.20203050891044,36.4856362170925));
#1946=CARTESIAN_POINT('Ctrl Pts',(-28.375,-8.20203050891044,36.));
#1947=CARTESIAN_POINT('Ctrl Pts',(-28.375,-8.,36.));
#1948=CARTESIAN_POINT('Ctrl Pts',(-28.375,-8.,35.5138011369444));
#1949=CARTESIAN_POINT('Ctrl Pts',(-28.8404570891179,-8.,34.5445326210751));
#1950=CARTESIAN_POINT('Ctrl Pts',(-30.4131539200488,-8.,34.1880870697265));
#1951=CARTESIAN_POINT('Ctrl Pts',(-31.6782734362086,-8.,35.1922633958394));
#1952=CARTESIAN_POINT('Ctrl Pts',(-31.6739653457275,-8.,36.8059707657837));
#1953=CARTESIAN_POINT('Ctrl Pts',(-30.4148790148122,-8.,37.8164785851991));
#1954=CARTESIAN_POINT('Ctrl Pts',(-28.8402803594645,-8.00000000000001,37.4521247236967));
#1955=CARTESIAN_POINT('Ctrl Pts',(-28.375,-8.,36.4861988630556));
#1956=CARTESIAN_POINT('Ctrl Pts',(-28.375,-8.,36.));
#1957=CARTESIAN_POINT('',(-27.875,-9.,36.));
#1958=CARTESIAN_POINT('',(-28.375,-8.,36.));
#1959=CARTESIAN_POINT('Ctrl Pts',(-27.875,-9.,36.));
#1960=CARTESIAN_POINT('Ctrl Pts',(-27.9423435029701,-9.,36.));
#1961=CARTESIAN_POINT('Ctrl Pts',(-28.0891339079522,-8.94480443433178,36.));
#1962=CARTESIAN_POINT('Ctrl Pts',(-28.3167711752692,-8.59030404154316,36.));
#1963=CARTESIAN_POINT('Ctrl Pts',(-28.375,-8.20203050891044,36.));
#1964=CARTESIAN_POINT('Ctrl Pts',(-28.375,-8.,36.));
#1965=CARTESIAN_POINT('Ctrl Pts',(-28.375,-8.,36.));
#1966=CARTESIAN_POINT('Ctrl Pts',(-28.375,-8.,35.5138011369444));
#1967=CARTESIAN_POINT('Ctrl Pts',(-28.8404570891179,-8.,34.5445326210751));
#1968=CARTESIAN_POINT('Ctrl Pts',(-30.4131539200488,-8.,34.1880870697265));
#1969=CARTESIAN_POINT('Ctrl Pts',(-31.6782734362086,-8.,35.1922633958394));
#1970=CARTESIAN_POINT('Ctrl Pts',(-31.6739653457275,-8.,36.8059707657837));
#1971=CARTESIAN_POINT('Ctrl Pts',(-30.4148790148122,-8.,37.8164785851991));
#1972=CARTESIAN_POINT('Ctrl Pts',(-28.8402803594645,-8.00000000000001,37.4521247236967));
#1973=CARTESIAN_POINT('Ctrl Pts',(-28.375,-8.,36.4861988630556));
#1974=CARTESIAN_POINT('Ctrl Pts',(-28.375,-8.,36.));
#1975=CARTESIAN_POINT('Ctrl Pts',(-27.875,-9.,36.));
#1976=CARTESIAN_POINT('Ctrl Pts',(-27.875,-9.,36.6357985132265));
#1977=CARTESIAN_POINT('Ctrl Pts',(-28.4834435469921,-9.,37.8989323309879));
#1978=CARTESIAN_POINT('Ctrl Pts',(-30.5425340962928,-9.,38.3753950729527));
#1979=CARTESIAN_POINT('Ctrl Pts',(-32.1890316059514,-9.,37.0539617706402));
#1980=CARTESIAN_POINT('Ctrl Pts',(-32.1946652627344,-9.,34.9437290560977));
#1981=CARTESIAN_POINT('Ctrl Pts',(-30.5402782031407,-9.,33.6305753988731));
#1982=CARTESIAN_POINT('Ctrl Pts',(-28.4836746550003,-9.,34.0966965044829));
#1983=CARTESIAN_POINT('Ctrl Pts',(-27.875,-9.,35.3642014867735));
#1984=CARTESIAN_POINT('Ctrl Pts',(-27.875,-9.,36.));
#1985=CARTESIAN_POINT('Origin',(-30.,-9.,36.));
#1986=CARTESIAN_POINT('',(-28.375,-2.1,36.));
#1987=CARTESIAN_POINT('',(-28.375,-9.,36.));
#1988=CARTESIAN_POINT('',(-30.,-1.33017855944228,34.375));
#1989=CARTESIAN_POINT('Ctrl Pts',(-30.,-1.33017855944228,34.375));
#1990=CARTESIAN_POINT('Ctrl Pts',(-29.8900227763315,-1.33017855944228,34.375));
#1991=CARTESIAN_POINT('Ctrl Pts',(-29.780206672477,-1.34425498949427,34.3862638775542));
#1992=CARTESIAN_POINT('Ctrl Pts',(-29.5668173247671,-1.39506592978881,34.4300083645975));
#1993=CARTESIAN_POINT('Ctrl Pts',(-29.4632128118654,-1.43165693998654,34.4625029975489));
#1994=CARTESIAN_POINT('Ctrl Pts',(-29.1682150692799,-1.55876358302282,34.5877642457665));
#1995=CARTESIAN_POINT('Ctrl Pts',(-28.9921299410741,-1.66546178024394,34.7097730200697));
#1996=CARTESIAN_POINT('Ctrl Pts',(-28.7133470076702,-1.84770327676559,34.9885559534735));
#1997=CARTESIAN_POINT('Ctrl Pts',(-28.5892826277476,-1.9381254716842,35.164933042307));
#1998=CARTESIAN_POINT('Ctrl Pts',(-28.4199032810181,-2.06468215900775,35.5632450080182));
#1999=CARTESIAN_POINT('Ctrl Pts',(-28.375,-2.1,35.7856137849889));
#2000=CARTESIAN_POINT('Ctrl Pts',(-28.375,-2.1,36.));
#2001=CARTESIAN_POINT('',(-30.,9.62193288008477E-16,34.375));
#2002=CARTESIAN_POINT('',(-30.,-9.,34.375));
#2003=CARTESIAN_POINT('',(-30.,-9.62193288008462E-16,37.625));
#2004=CARTESIAN_POINT('Origin',(-30.,0.,36.));
#2005=CARTESIAN_POINT('',(-30.,-1.33017855944232,37.625));
#2006=CARTESIAN_POINT('',(-30.,-9.,37.625));
#2007=CARTESIAN_POINT('Ctrl Pts',(-28.375,-2.1,36.));
#2008=CARTESIAN_POINT('Ctrl Pts',(-28.375,-2.1,36.2143862150111));
#2009=CARTESIAN_POINT('Ctrl Pts',(-28.4199032810181,-2.06468215900776,36.4367549919818));
#2010=CARTESIAN_POINT('Ctrl Pts',(-28.5892826277476,-1.93812547168422,36.835066957693));
#2011=CARTESIAN_POINT('Ctrl Pts',(-28.7133470076702,-1.84770327676561,37.0114440465265));
#2012=CARTESIAN_POINT('Ctrl Pts',(-28.992129941074,-1.66546178024397,37.2902269799303));
#2013=CARTESIAN_POINT('Ctrl Pts',(-29.1682150692799,-1.55876358302286,37.4122357542335));
#2014=CARTESIAN_POINT('Ctrl Pts',(-29.4632128118654,-1.43165693998659,37.5374970024512));
#2015=CARTESIAN_POINT('Ctrl Pts',(-29.5668173247671,-1.39506592978885,37.5699916354025));
#2016=CARTESIAN_POINT('Ctrl Pts',(-29.780206672477,-1.34425498949431,37.6137361224458));
#2017=CARTESIAN_POINT('Ctrl Pts',(-29.8900227763315,-1.33017855944232,37.625));
#2018=CARTESIAN_POINT('Ctrl Pts',(-30.,-1.33017855944232,37.625));
#2019=CARTESIAN_POINT('Origin',(-30.,-9.,36.));
#2020=CARTESIAN_POINT('',(-33.625,-9.,36.));
#2021=CARTESIAN_POINT('Origin',(-30.,-9.,36.));
#2022=CARTESIAN_POINT('Ctrl Pts',(-2.125,-9.,36.));
#2023=CARTESIAN_POINT('Ctrl Pts',(-2.125,-9.,36.6357985132265));
#2024=CARTESIAN_POINT('Ctrl Pts',(-1.51664596813782,-9.00000000000001,37.9029567153775));
#2025=CARTESIAN_POINT('Ctrl Pts',(0.540345606716487,-8.99999999999999,38.3698416892191));
#2026=CARTESIAN_POINT('Ctrl Pts',(2.19433142116121,-9.00000000000001,37.0561406185122));
#2027=CARTESIAN_POINT('Ctrl Pts',(2.18935959511656,-9.,34.945920149183));
#2028=CARTESIAN_POINT('Ctrl Pts',(0.542471256765137,-9.,33.6249789535468));
#2029=CARTESIAN_POINT('Ctrl Pts',(-1.51681754476171,-9.,34.1008941990946));
#2030=CARTESIAN_POINT('Ctrl Pts',(-2.125,-9.,35.3642014867735));
#2031=CARTESIAN_POINT('Ctrl Pts',(-2.125,-9.,36.));
#2032=CARTESIAN_POINT('Ctrl Pts',(-2.05765649702985,-9.,36.));
#2033=CARTESIAN_POINT('Ctrl Pts',(-2.05765649702985,-9.,36.6157147252642));
#2034=CARTESIAN_POINT('Ctrl Pts',(-1.46864584698297,-9.00000000000001,37.8426704086532));
#2035=CARTESIAN_POINT('Ctrl Pts',(0.523231364378695,-8.99999999999999,38.294775180437));
#2036=CARTESIAN_POINT('Ctrl Pts',(2.12486206896009,-9.00000000000001,37.0226934563895));
#2037=CARTESIAN_POINT('Ctrl Pts',(2.1199907097591,-9.,34.9793242488829));
#2038=CARTESIAN_POINT('Ctrl Pts',(0.525309920436887,-9.,33.7001552136076));
#2039=CARTESIAN_POINT('Ctrl Pts',(-1.4687944510112,-9.,34.1610958922866));
#2040=CARTESIAN_POINT('Ctrl Pts',(-2.05765649702985,-9.,35.3842852747358));
#2041=CARTESIAN_POINT('Ctrl Pts',(-2.05765649702985,-9.,36.));
#2042=CARTESIAN_POINT('Ctrl Pts',(-1.91083652390729,-8.94475970171527,36.));
#2043=CARTESIAN_POINT('Ctrl Pts',(-1.91083652390729,-8.94475970171527,36.5715551157807));
#2044=CARTESIAN_POINT('Ctrl Pts',(-1.36363169667665,-8.94475970171527,37.7111195876316));
#2045=CARTESIAN_POINT('Ctrl Pts',(0.485862974295718,-8.94475970171527,38.1309102830904));
#2046=CARTESIAN_POINT('Ctrl Pts',(1.97299947639011,-8.94475970171527,36.9496412863045));
#2047=CARTESIAN_POINT('Ctrl Pts',(1.96867363336608,-8.94475970171527,35.0521553324543));
#2048=CARTESIAN_POINT('Ctrl Pts',(0.487722949881771,-8.94475970171528,33.8645703865168));
#2049=CARTESIAN_POINT('Ctrl Pts',(-1.36383048547335,-8.94475970171527,34.2922482337236));
#2050=CARTESIAN_POINT('Ctrl Pts',(-1.91083652390729,-8.94475970171527,35.4284448842194));
#2051=CARTESIAN_POINT('Ctrl Pts',(-1.91083652390729,-8.94475970171527,36.));
#2052=CARTESIAN_POINT('Ctrl Pts',(-1.68314532422181,-8.59019827493693,36.));
#2053=CARTESIAN_POINT('Ctrl Pts',(-1.68314532422181,-8.59019827493693,36.5036614312612));
#2054=CARTESIAN_POINT('Ctrl Pts',(-1.20135150753591,-8.59019827493693,37.5072923252437));
#2055=CARTESIAN_POINT('Ctrl Pts',(0.428000584693297,-8.59019827493693,37.8771130769689));
#2056=CARTESIAN_POINT('Ctrl Pts',(1.73813209224144,-8.59019827493693,36.8365587168212));
#2057=CARTESIAN_POINT('Ctrl Pts',(1.73413680711662,-8.59019827493693,35.165095861236));
#2058=CARTESIAN_POINT('Ctrl Pts',(0.429704572985039,-8.59019827493693,34.1187299743067));
#2059=CARTESIAN_POINT('Ctrl Pts',(-1.20146982265579,-8.59019827493693,34.4957953954403));
#2060=CARTESIAN_POINT('Ctrl Pts',(-1.68314532422181,-8.59019827493693,35.4963385687388));
#2061=CARTESIAN_POINT('Ctrl Pts',(-1.68314532422181,-8.59019827493693,36.));
#2062=CARTESIAN_POINT('Ctrl Pts',(-1.625,-8.20203050891044,36.));
#2063=CARTESIAN_POINT('Ctrl Pts',(-1.625,-8.20203050891044,36.4856362170925));
#2064=CARTESIAN_POINT('Ctrl Pts',(-1.15923701568235,-8.20203050891044,37.4550264527047));
#2065=CARTESIAN_POINT('Ctrl Pts',(0.413120363780657,-8.20203050891044,37.8119194164798));
#2066=CARTESIAN_POINT('Ctrl Pts',(1.6774038685478,-8.20203050891045,36.8074384290464));
#2067=CARTESIAN_POINT('Ctrl Pts',(1.67409352931787,-8.20203050891044,35.1939458980753));
#2068=CARTESIAN_POINT('Ctrl Pts',(0.414571316626926,-8.20203050891045,34.1845882294676));
#2069=CARTESIAN_POINT('Ctrl Pts',(-1.15951921505052,-8.20203050891044,34.5475960918295));
#2070=CARTESIAN_POINT('Ctrl Pts',(-1.625,-8.20203050891045,35.5143637829075));
#2071=CARTESIAN_POINT('Ctrl Pts',(-1.625,-8.20203050891045,36.));
#2072=CARTESIAN_POINT('Ctrl Pts',(-1.625,-8.,36.));
#2073=CARTESIAN_POINT('Ctrl Pts',(-1.625,-8.,36.4861988630556));
#2074=CARTESIAN_POINT('Ctrl Pts',(-1.15978809328186,-8.,37.4552021941122));
#2075=CARTESIAN_POINT('Ctrl Pts',(0.413205463959667,-8.,37.8122318799911));
#2076=CARTESIAN_POINT('Ctrl Pts',(1.67801814559387,-8.,36.8076369435681));
#2077=CARTESIAN_POINT('Ctrl Pts',(1.67421616097148,-8.,35.1939389376106));
#2078=CARTESIAN_POINT('Ctrl Pts',(0.414830961055692,-8.,34.1838074350652));
#2079=CARTESIAN_POINT('Ctrl Pts',(-1.15991929893542,-8.,34.5477426228371));
#2080=CARTESIAN_POINT('Ctrl Pts',(-1.625,-8.,35.5138011369444));
#2081=CARTESIAN_POINT('Ctrl Pts',(-1.625,-8.,36.));
#2082=CARTESIAN_POINT('',(-2.125,-9.,36.));
#2083=CARTESIAN_POINT('',(-1.625,-8.,36.));
#2084=CARTESIAN_POINT('Ctrl Pts',(-2.125,-9.,36.));
#2085=CARTESIAN_POINT('Ctrl Pts',(-2.05765649702985,-9.,36.));
#2086=CARTESIAN_POINT('Ctrl Pts',(-1.91083652390729,-8.94475970171527,36.));
#2087=CARTESIAN_POINT('Ctrl Pts',(-1.68314532422181,-8.59019827493693,36.));
#2088=CARTESIAN_POINT('Ctrl Pts',(-1.625,-8.20203050891044,36.));
#2089=CARTESIAN_POINT('Ctrl Pts',(-1.625,-8.,36.));
#2090=CARTESIAN_POINT('Ctrl Pts',(-1.625,-8.,36.));
#2091=CARTESIAN_POINT('Ctrl Pts',(-1.625,-8.,36.4861988630556));
#2092=CARTESIAN_POINT('Ctrl Pts',(-1.15978809328186,-8.,37.4552021941122));
#2093=CARTESIAN_POINT('Ctrl Pts',(0.413205463959667,-8.,37.8122318799911));
#2094=CARTESIAN_POINT('Ctrl Pts',(1.67801814559387,-8.,36.8076369435681));
#2095=CARTESIAN_POINT('Ctrl Pts',(1.67421616097148,-8.,35.1939389376106));
#2096=CARTESIAN_POINT('Ctrl Pts',(0.414830961055692,-8.,34.1838074350652));
#2097=CARTESIAN_POINT('Ctrl Pts',(-1.15991929893542,-8.,34.5477426228371));
#2098=CARTESIAN_POINT('Ctrl Pts',(-1.625,-8.,35.5138011369444));
#2099=CARTESIAN_POINT('Ctrl Pts',(-1.625,-8.,36.));
#2100=CARTESIAN_POINT('Ctrl Pts',(-2.125,-9.,36.));
#2101=CARTESIAN_POINT('Ctrl Pts',(-2.125,-9.,35.3642014867735));
#2102=CARTESIAN_POINT('Ctrl Pts',(-1.51681754476171,-9.,34.1008941990946));
#2103=CARTESIAN_POINT('Ctrl Pts',(0.542471256765137,-9.,33.6249789535468));
#2104=CARTESIAN_POINT('Ctrl Pts',(2.18935959511656,-9.,34.945920149183));
#2105=CARTESIAN_POINT('Ctrl Pts',(2.19433142116121,-9.00000000000001,37.0561406185122));
#2106=CARTESIAN_POINT('Ctrl Pts',(0.540345606716487,-8.99999999999999,38.3698416892191));
#2107=CARTESIAN_POINT('Ctrl Pts',(-1.51664596813782,-9.00000000000001,37.9029567153775));
#2108=CARTESIAN_POINT('Ctrl Pts',(-2.125,-9.,36.6357985132265));
#2109=CARTESIAN_POINT('Ctrl Pts',(-2.125,-9.,36.));
#2110=CARTESIAN_POINT('Origin',(0.,0.,36.));
#2111=CARTESIAN_POINT('',(3.46944695195361E-17,-1.3301785594423,34.375));
#2112=CARTESIAN_POINT('',(1.625,-2.1,36.));
#2113=CARTESIAN_POINT('Ctrl Pts',(3.46944695195361E-17,-1.3301785594423,
34.375));
#2114=CARTESIAN_POINT('Ctrl Pts',(0.109977223668451,-1.3301785594423,34.375));
#2115=CARTESIAN_POINT('Ctrl Pts',(0.219793327522967,-1.34425498949429,34.3862638775542));
#2116=CARTESIAN_POINT('Ctrl Pts',(0.43318267523294,-1.39506592978883,34.4300083645975));
#2117=CARTESIAN_POINT('Ctrl Pts',(0.536787188134617,-1.43165693998656,34.4625029975489));
#2118=CARTESIAN_POINT('Ctrl Pts',(0.831784930720127,-1.55876358302284,34.5877642457665));
#2119=CARTESIAN_POINT('Ctrl Pts',(1.00787005892595,-1.66546178024396,34.7097730200697));
#2120=CARTESIAN_POINT('Ctrl Pts',(1.28665299232977,-1.8477032767656,34.9885559534735));
#2121=CARTESIAN_POINT('Ctrl Pts',(1.41071737225241,-1.93812547168421,35.1649330423071));
#2122=CARTESIAN_POINT('Ctrl Pts',(1.58009671898194,-2.06468215900775,35.5632450080183));
#2123=CARTESIAN_POINT('Ctrl Pts',(1.625,-2.1,35.7856137849889));
#2124=CARTESIAN_POINT('Ctrl Pts',(1.625,-2.1,36.));
#2125=CARTESIAN_POINT('',(-1.625,-2.1,36.));
#2126=CARTESIAN_POINT('Ctrl Pts',(-1.625,-2.1,36.));
#2127=CARTESIAN_POINT('Ctrl Pts',(-1.625,-2.1,35.7856137849889));
#2128=CARTESIAN_POINT('Ctrl Pts',(-1.58009671898194,-2.06468215900775,35.5632450080183));
#2129=CARTESIAN_POINT('Ctrl Pts',(-1.41071737225241,-1.93812547168421,35.1649330423071));
#2130=CARTESIAN_POINT('Ctrl Pts',(-1.28665299232977,-1.8477032767656,34.9885559534735));
#2131=CARTESIAN_POINT('Ctrl Pts',(-1.00787005892595,-1.66546178024395,34.7097730200697));
#2132=CARTESIAN_POINT('Ctrl Pts',(-0.831784930720126,-1.55876358302284,
34.5877642457665));
#2133=CARTESIAN_POINT('Ctrl Pts',(-0.536787188134617,-1.43165693998656,
34.4625029975489));
#2134=CARTESIAN_POINT('Ctrl Pts',(-0.433182675232941,-1.39506592978883,
34.4300083645975));
#2135=CARTESIAN_POINT('Ctrl Pts',(-0.219793327522968,-1.34425498949429,
34.3862638775542));
#2136=CARTESIAN_POINT('Ctrl Pts',(-0.109977223668451,-1.3301785594423,34.375));
#2137=CARTESIAN_POINT('Ctrl Pts',(1.73472347597681E-16,-1.3301785594423,
34.375));
#2138=CARTESIAN_POINT('',(-1.625,4.45103809369494E-32,36.));
#2139=CARTESIAN_POINT('Ctrl Pts',(1.625,-2.1,36.));
#2140=CARTESIAN_POINT('Ctrl Pts',(1.625,-2.1,36.2143862150111));
#2141=CARTESIAN_POINT('Ctrl Pts',(1.58009671898194,-2.06468215900775,36.4367549919818));
#2142=CARTESIAN_POINT('Ctrl Pts',(1.41071737225241,-1.93812547168421,36.835066957693));
#2143=CARTESIAN_POINT('Ctrl Pts',(1.28665299232977,-1.8477032767656,37.0114440465265));
#2144=CARTESIAN_POINT('Ctrl Pts',(1.00787005892595,-1.66546178024396,37.2902269799303));
#2145=CARTESIAN_POINT('Ctrl Pts',(0.831784930720125,-1.55876358302284,37.4122357542335));
#2146=CARTESIAN_POINT('Ctrl Pts',(0.536787188134616,-1.43165693998656,37.5374970024512));
#2147=CARTESIAN_POINT('Ctrl Pts',(0.43318267523294,-1.39506592978883,37.5699916354025));
#2148=CARTESIAN_POINT('Ctrl Pts',(0.219793327522967,-1.34425498949429,37.6137361224458));
#2149=CARTESIAN_POINT('Ctrl Pts',(0.10997722366845,-1.3301785594423,37.625));
#2150=CARTESIAN_POINT('Ctrl Pts',(-0.10997722366845,-1.3301785594423,37.625));
#2151=CARTESIAN_POINT('Ctrl Pts',(-0.219793327522967,-1.34425498949429,
37.6137361224458));
#2152=CARTESIAN_POINT('Ctrl Pts',(-0.433182675232939,-1.39506592978883,
37.5699916354025));
#2153=CARTESIAN_POINT('Ctrl Pts',(-0.536787188134614,-1.43165693998656,
37.5374970024512));
#2154=CARTESIAN_POINT('Ctrl Pts',(-0.831784930720124,-1.55876358302283,
37.4122357542335));
#2155=CARTESIAN_POINT('Ctrl Pts',(-1.00787005892595,-1.66546178024395,37.2902269799303));
#2156=CARTESIAN_POINT('Ctrl Pts',(-1.28665299232977,-1.8477032767656,37.0114440465265));
#2157=CARTESIAN_POINT('Ctrl Pts',(-1.41071737225241,-1.93812547168421,36.835066957693));
#2158=CARTESIAN_POINT('Ctrl Pts',(-1.58009671898194,-2.06468215900775,36.4367549919818));
#2159=CARTESIAN_POINT('Ctrl Pts',(-1.625,-2.1,36.2143862150111));
#2160=CARTESIAN_POINT('Ctrl Pts',(-1.625,-2.1,36.));
#2161=CARTESIAN_POINT('Origin',(0.,-9.,36.));
#2162=CARTESIAN_POINT('',(-3.625,-9.,36.));
#2163=CARTESIAN_POINT('Origin',(-2.46519032881566E-31,-9.,36.));
#2164=CARTESIAN_POINT('Ctrl Pts',(27.875,-9.,36.));
#2165=CARTESIAN_POINT('Ctrl Pts',(27.875,-9.,36.6357985132265));
#2166=CARTESIAN_POINT('Ctrl Pts',(28.4836746550003,-9.,37.9033034955171));
#2167=CARTESIAN_POINT('Ctrl Pts',(30.5402782031407,-9.,38.3694246011269));
#2168=CARTESIAN_POINT('Ctrl Pts',(32.1946652627344,-9.,37.0562709439023));
#2169=CARTESIAN_POINT('Ctrl Pts',(32.1890316059514,-9.,34.9460382293598));
#2170=CARTESIAN_POINT('Ctrl Pts',(30.5425340962928,-9.,33.6246049270473));
#2171=CARTESIAN_POINT('Ctrl Pts',(28.4834435469921,-9.,34.1010676690121));
#2172=CARTESIAN_POINT('Ctrl Pts',(27.875,-9.,35.3642014867735));
#2173=CARTESIAN_POINT('Ctrl Pts',(27.875,-9.,36.));
#2174=CARTESIAN_POINT('Ctrl Pts',(27.9423435029701,-9.,36.));
#2175=CARTESIAN_POINT('Ctrl Pts',(27.9423435029701,-9.,36.6157147252642));
#2176=CARTESIAN_POINT('Ctrl Pts',(28.5316526219839,-9.,37.8430262452972));
#2177=CARTESIAN_POINT('Ctrl Pts',(30.5231717873668,-9.,38.2943877591742));
#2178=CARTESIAN_POINT('Ctrl Pts',(32.1252058874921,-9.,37.0228304929982));
#2179=CARTESIAN_POINT('Ctrl Pts',(32.1196904376766,-9.,34.9794287308664));
#2180=CARTESIAN_POINT('Ctrl Pts',(30.5253780010761,-9.,33.6997736317205));
#2181=CARTESIAN_POINT('Ctrl Pts',(28.5314478879695,-9.,34.1612447443492));
#2182=CARTESIAN_POINT('Ctrl Pts',(27.9423435029701,-9.,35.3842852747358));
#2183=CARTESIAN_POINT('Ctrl Pts',(27.9423435029701,-9.,36.));
#2184=CARTESIAN_POINT('Ctrl Pts',(28.0891339079522,-8.94480443433178,36.));
#2185=CARTESIAN_POINT('Ctrl Pts',(28.0891339079522,-8.94480443433178,36.5715551157806));
#2186=CARTESIAN_POINT('Ctrl Pts',(28.6366762419723,-8.94480443433177,37.7114015467121));
#2187=CARTESIAN_POINT('Ctrl Pts',(30.4857933305718,-8.94480443433178,38.1305193122198));
#2188=CARTESIAN_POINT('Ctrl Pts',(31.9732655951563,-8.94480443433178,36.9497410699806));
#2189=CARTESIAN_POINT('Ctrl Pts',(31.9683609202844,-8.94480443433178,35.0522733055755));
#2190=CARTESIAN_POINT('Ctrl Pts',(30.4877635873296,-8.94480443433178,33.864265167026));
#2191=CARTESIAN_POINT('Ctrl Pts',(28.6364174945529,-8.94480443433178,34.2924266106464));
#2192=CARTESIAN_POINT('Ctrl Pts',(28.0891339079522,-8.94480443433178,35.4284448842194));
#2193=CARTESIAN_POINT('Ctrl Pts',(28.0891339079522,-8.94480443433178,36.));
#2194=CARTESIAN_POINT('Ctrl Pts',(28.3167711752692,-8.59030404154316,36.));
#2195=CARTESIAN_POINT('Ctrl Pts',(28.3167711752692,-8.59030404154316,36.5036614312612));
#2196=CARTESIAN_POINT('Ctrl Pts',(28.798859892585,-8.59030404154316,37.5076464233335));
#2197=CARTESIAN_POINT('Ctrl Pts',(30.4279681785954,-8.59030404154316,37.8768721519504));
#2198=CARTESIAN_POINT('Ctrl Pts',(31.7384682352975,-8.59030404154316,36.8367013613965));
#2199=CARTESIAN_POINT('Ctrl Pts',(31.733968337518,-8.59030404154316,35.1651421673395));
#2200=CARTESIAN_POINT('Ctrl Pts',(30.4297686235271,-8.59030404154316,34.1183630066714));
#2201=CARTESIAN_POINT('Ctrl Pts',(28.7986886507845,-8.59030404154316,34.4958398073466));
#2202=CARTESIAN_POINT('Ctrl Pts',(28.3167711752692,-8.59030404154316,35.4963385687389));
#2203=CARTESIAN_POINT('Ctrl Pts',(28.3167711752692,-8.59030404154316,36.));
#2204=CARTESIAN_POINT('Ctrl Pts',(28.375,-8.20203050891044,36.));
#2205=CARTESIAN_POINT('Ctrl Pts',(28.375,-8.20203050891044,36.4856362170925));
#2206=CARTESIAN_POINT('Ctrl Pts',(28.8411114398834,-8.20203050891044,37.4551190202061));
#2207=CARTESIAN_POINT('Ctrl Pts',(30.4130198196825,-8.20203050891045,37.8114588269574));
#2208=CARTESIAN_POINT('Ctrl Pts',(31.6774821466889,-8.20203050891044,36.8074447355224));
#2209=CARTESIAN_POINT('Ctrl Pts',(31.6736935492514,-8.20203050891045,35.1941210647963));
#2210=CARTESIAN_POINT('Ctrl Pts',(30.4145570913907,-8.20203050891044,34.184469335757));
#2211=CARTESIAN_POINT('Ctrl Pts',(28.8407706728243,-8.20203050891045,34.5478933895403));
#2212=CARTESIAN_POINT('Ctrl Pts',(28.375,-8.20203050891044,35.5143637829075));
#2213=CARTESIAN_POINT('Ctrl Pts',(28.375,-8.20203050891044,36.));
#2214=CARTESIAN_POINT('Ctrl Pts',(28.375,-8.,36.));
#2215=CARTESIAN_POINT('Ctrl Pts',(28.375,-8.,36.4861988630556));
#2216=CARTESIAN_POINT('Ctrl Pts',(28.8404570891179,-8.,37.4554673789249));
#2217=CARTESIAN_POINT('Ctrl Pts',(30.4131539200488,-8.,37.8119129302735));
#2218=CARTESIAN_POINT('Ctrl Pts',(31.6782734362087,-8.,36.8077366041606));
#2219=CARTESIAN_POINT('Ctrl Pts',(31.6739653457275,-8.,35.1940292342163));
#2220=CARTESIAN_POINT('Ctrl Pts',(30.4148790148122,-8.,34.1835214148009));
#2221=CARTESIAN_POINT('Ctrl Pts',(28.8402803594645,-8.00000000000001,34.5478752763034));
#2222=CARTESIAN_POINT('Ctrl Pts',(28.375,-8.,35.5138011369444));
#2223=CARTESIAN_POINT('Ctrl Pts',(28.375,-8.,36.));
#2224=CARTESIAN_POINT('',(27.875,-9.,36.));
#2225=CARTESIAN_POINT('',(28.375,-8.,36.));
#2226=CARTESIAN_POINT('Ctrl Pts',(27.875,-9.,36.));
#2227=CARTESIAN_POINT('Ctrl Pts',(27.9423435029701,-9.,36.));
#2228=CARTESIAN_POINT('Ctrl Pts',(28.0891339079522,-8.94480443433178,36.));
#2229=CARTESIAN_POINT('Ctrl Pts',(28.3167711752692,-8.59030404154316,36.));
#2230=CARTESIAN_POINT('Ctrl Pts',(28.375,-8.20203050891044,36.));
#2231=CARTESIAN_POINT('Ctrl Pts',(28.375,-8.,36.));
#2232=CARTESIAN_POINT('Ctrl Pts',(28.375,-8.,36.));
#2233=CARTESIAN_POINT('Ctrl Pts',(28.375,-8.,36.4861988630556));
#2234=CARTESIAN_POINT('Ctrl Pts',(28.8404570891179,-8.,37.4554673789249));
#2235=CARTESIAN_POINT('Ctrl Pts',(30.4131539200488,-8.,37.8119129302735));
#2236=CARTESIAN_POINT('Ctrl Pts',(31.6782734362087,-8.,36.8077366041606));
#2237=CARTESIAN_POINT('Ctrl Pts',(31.6739653457275,-8.,35.1940292342163));
#2238=CARTESIAN_POINT('Ctrl Pts',(30.4148790148122,-8.,34.1835214148009));
#2239=CARTESIAN_POINT('Ctrl Pts',(28.8402803594645,-8.00000000000001,34.5478752763034));
#2240=CARTESIAN_POINT('Ctrl Pts',(28.375,-8.,35.5138011369444));
#2241=CARTESIAN_POINT('Ctrl Pts',(28.375,-8.,36.));
#2242=CARTESIAN_POINT('Ctrl Pts',(27.875,-9.,36.));
#2243=CARTESIAN_POINT('Ctrl Pts',(27.875,-9.,35.3642014867735));
#2244=CARTESIAN_POINT('Ctrl Pts',(28.4834435469921,-9.,34.1010676690121));
#2245=CARTESIAN_POINT('Ctrl Pts',(30.5425340962928,-9.,33.6246049270473));
#2246=CARTESIAN_POINT('Ctrl Pts',(32.1890316059514,-9.,34.9460382293598));
#2247=CARTESIAN_POINT('Ctrl Pts',(32.1946652627344,-9.,37.0562709439023));
#2248=CARTESIAN_POINT('Ctrl Pts',(30.5402782031407,-9.,38.3694246011269));
#2249=CARTESIAN_POINT('Ctrl Pts',(28.4836746550003,-9.,37.9033034955171));
#2250=CARTESIAN_POINT('Ctrl Pts',(27.875,-9.,36.6357985132265));
#2251=CARTESIAN_POINT('Ctrl Pts',(27.875,-9.,36.));
#2252=CARTESIAN_POINT('Origin',(30.,0.,36.));
#2253=CARTESIAN_POINT('',(30.,-1.33017855944204,34.3749999999998));
#2254=CARTESIAN_POINT('',(30.,0.,34.375));
#2255=CARTESIAN_POINT('',(30.,0.,34.375));
#2256=CARTESIAN_POINT('',(28.375,-2.1,36.));
#2257=CARTESIAN_POINT('Ctrl Pts',(28.375,-2.1,36.));
#2258=CARTESIAN_POINT('Ctrl Pts',(28.375,-2.1,35.7856137849889));
#2259=CARTESIAN_POINT('Ctrl Pts',(28.4199032810181,-2.06468215900776,35.5632450080183));
#2260=CARTESIAN_POINT('Ctrl Pts',(28.5892826277476,-1.93812547168422,35.1649330423071));
#2261=CARTESIAN_POINT('Ctrl Pts',(28.7133470076702,-1.84770327676561,34.9885559534735));
#2262=CARTESIAN_POINT('Ctrl Pts',(28.992129941074,-1.66546178024397,34.7097730200697));
#2263=CARTESIAN_POINT('Ctrl Pts',(29.1682150692799,-1.55876358302285,34.5877642457665));
#2264=CARTESIAN_POINT('Ctrl Pts',(29.4632128118654,-1.43165693998658,34.4625029975489));
#2265=CARTESIAN_POINT('Ctrl Pts',(29.5668173247671,-1.39506592978885,34.4300083645975));
#2266=CARTESIAN_POINT('Ctrl Pts',(29.780206672477,-1.34425498949432,34.3862638775542));
#2267=CARTESIAN_POINT('Ctrl Pts',(29.8900227763315,-1.33017855944232,34.375));
#2268=CARTESIAN_POINT('Ctrl Pts',(30.,-1.33017855944232,34.375));
#2269=CARTESIAN_POINT('',(28.375,0.,36.));
#2270=CARTESIAN_POINT('',(30.,-1.33017855944204,37.6250000000002));
#2271=CARTESIAN_POINT('Ctrl Pts',(30.,-1.33017855944228,37.625));
#2272=CARTESIAN_POINT('Ctrl Pts',(29.8900227763315,-1.33017855944228,37.625));
#2273=CARTESIAN_POINT('Ctrl Pts',(29.780206672477,-1.34425498949427,37.6137361224458));
#2274=CARTESIAN_POINT('Ctrl Pts',(29.5668173247671,-1.39506592978881,37.5699916354025));
#2275=CARTESIAN_POINT('Ctrl Pts',(29.4632128118654,-1.43165693998654,37.5374970024512));
#2276=CARTESIAN_POINT('Ctrl Pts',(29.1682150692799,-1.55876358302282,37.4122357542335));
#2277=CARTESIAN_POINT('Ctrl Pts',(28.992129941074,-1.66546178024394,37.2902269799303));
#2278=CARTESIAN_POINT('Ctrl Pts',(28.7133470076702,-1.84770327676559,37.0114440465265));
#2279=CARTESIAN_POINT('Ctrl Pts',(28.5892826277476,-1.9381254716842,36.835066957693));
#2280=CARTESIAN_POINT('Ctrl Pts',(28.4199032810181,-2.06468215900775,36.4367549919818));
#2281=CARTESIAN_POINT('Ctrl Pts',(28.375,-2.1,36.2143862150111));
#2282=CARTESIAN_POINT('Ctrl Pts',(28.375,-2.1,36.));
#2283=CARTESIAN_POINT('',(30.,0.,37.625));
#2284=CARTESIAN_POINT('',(30.,0.,37.625));
#2285=CARTESIAN_POINT('Origin',(30.,0.,36.));
#2286=CARTESIAN_POINT('Origin',(30.,-9.,36.));
#2287=CARTESIAN_POINT('',(26.375,-9.,36.));
#2288=CARTESIAN_POINT('Origin',(30.,-9.,36.));
#2289=CARTESIAN_POINT('Origin',(30.,0.,36.));
#2290=CARTESIAN_POINT('',(30.,0.,36.));
#2291=CARTESIAN_POINT('Origin',(30.,0.,36.));
#2292=CARTESIAN_POINT('Origin',(30.,0.,36.));
#2293=CARTESIAN_POINT('Origin',(-30.,0.,36.));
#2294=CARTESIAN_POINT('Origin',(-30.,0.,36.));
#2295=CARTESIAN_POINT('Origin',(-30.,0.,36.));
#2296=CARTESIAN_POINT('Origin',(-30.,0.,36.));
#2297=CARTESIAN_POINT('Origin',(-30.,0.,36.));
#2298=CARTESIAN_POINT('',(-30.,-2.1,36.));
#2299=CARTESIAN_POINT('',(-30.,-2.1,36.));
#2300=CARTESIAN_POINT('',(-30.,-2.1,36.));
#2301=CARTESIAN_POINT('Origin',(30.,-4.1,36.));
#2302=CARTESIAN_POINT('',(26.375,-4.1,36.));
#2303=CARTESIAN_POINT('Origin',(-2.46519032881566E-31,-4.1,36.));
#2304=CARTESIAN_POINT('',(-3.625,-4.1,36.));
#2305=CARTESIAN_POINT('Origin',(-30.,-4.1,36.));
#2306=CARTESIAN_POINT('',(-33.625,-4.1,36.));
#2307=CARTESIAN_POINT('Origin',(-9.1,0.,4.09999999999995));
#2308=UNCERTAINTY_MEASURE_WITH_UNIT(LENGTH_MEASURE(0.01),#2312,
'DISTANCE_ACCURACY_VALUE',
'Maximum model space distance between geometric entities at asserted c
onnectivities');
#2309=UNCERTAINTY_MEASURE_WITH_UNIT(LENGTH_MEASURE(0.01),#2312,
'DISTANCE_ACCURACY_VALUE',
'Maximum model space distance between geometric entities at asserted c
onnectivities');
#2310=(
GEOMETRIC_REPRESENTATION_CONTEXT(3)
GLOBAL_UNCERTAINTY_ASSIGNED_CONTEXT((#2308))
GLOBAL_UNIT_ASSIGNED_CONTEXT((#2312,#2314,#2315))
REPRESENTATION_CONTEXT('','3D')
);
#2311=(
GEOMETRIC_REPRESENTATION_CONTEXT(3)
GLOBAL_UNCERTAINTY_ASSIGNED_CONTEXT((#2309))
GLOBAL_UNIT_ASSIGNED_CONTEXT((#2312,#2314,#2315))
REPRESENTATION_CONTEXT('','3D')
);
#2312=(
LENGTH_UNIT()
NAMED_UNIT(*)
SI_UNIT(.MILLI.,.METRE.)
);
#2313=(
LENGTH_UNIT()
NAMED_UNIT(*)
SI_UNIT($,.METRE.)
);
#2314=(
NAMED_UNIT(*)
PLANE_ANGLE_UNIT()
SI_UNIT($,.RADIAN.)
);
#2315=(
NAMED_UNIT(*)
SI_UNIT($,.STERADIAN.)
SOLID_ANGLE_UNIT()
);
#2316=SHAPE_DEFINITION_REPRESENTATION(#2317,#2318);
#2317=PRODUCT_DEFINITION_SHAPE('',$,#2320);
#2318=SHAPE_REPRESENTATION('',(#839),#2310);
#2319=PRODUCT_DEFINITION_CONTEXT('part definition',#2324,'design');
#2320=PRODUCT_DEFINITION('2026-07-25-13-46-56-369','ThymioPipeLeft',#2321,
#2319);
#2321=PRODUCT_DEFINITION_FORMATION('',$,#2326);
#2322=PRODUCT_RELATED_PRODUCT_CATEGORY('ThymioPipeLeft',
'ThymioPipeLeft',(#2326));
#2323=APPLICATION_PROTOCOL_DEFINITION('international standard',
'automotive_design',2009,#2324);
#2324=APPLICATION_CONTEXT(
'Core Data for Automotive Mechanical Design Process');
#2325=PRODUCT_CONTEXT('part definition',#2324,'mechanical');
#2326=PRODUCT('2026-07-25-13-46-56-369','ThymioPipeLeft',$,(#2325));
#2327=PRESENTATION_STYLE_ASSIGNMENT((#2328));
#2328=SURFACE_STYLE_USAGE(.BOTH.,#2329);
#2329=SURFACE_SIDE_STYLE('',(#2330));
#2330=SURFACE_STYLE_FILL_AREA(#2331);
#2331=FILL_AREA_STYLE('Steel - Satin',(#2332));
#2332=FILL_AREA_STYLE_COLOUR('Steel - Satin',#2333);
#2333=COLOUR_RGB('Steel - Satin',0.627450980392157,0.627450980392157,0.627450980392157);
ENDSEC;
END-ISO-10303-21;
