ISO-10303-21;
HEADER;
/* Generated by software containing ST-Developer
 * from STEP Tools, Inc. (www.steptools.com) 
 */

FILE_DESCRIPTION(
/* description */ (''),
/* implementation_level */ '2;1');

FILE_NAME(
/* name */ 'ThymioSkinAdapterMagnetsLEDStrip.step',
/* time_stamp */ '2026-10-01T16:45:54+01:00',
/* author */ (''),
/* organization */ (''),
/* preprocessor_version */ 'ST-DEVELOPER v20.2',
/* originating_system */ 'Autodesk Translation Framework v15.15.0.0',
/* authorisation */ '');

FILE_SCHEMA (('AUTOMOTIVE_DESIGN { 1 0 10303 214 3 1 1 }'));
ENDSEC;

DATA;
#10=MECHANICAL_DESIGN_GEOMETRIC_PRESENTATION_REPRESENTATION('',(#13),#12472);
#11=SHAPE_REPRESENTATION_RELATIONSHIP('SRR','None',#12479,#12);
#12=ADVANCED_BREP_SHAPE_REPRESENTATION('',(#14),#12471);
#13=STYLED_ITEM('',(#12488),#14);
#14=MANIFOLD_SOLID_BREP('Body1',#7167);
#15=B_SPLINE_SURFACE_WITH_KNOTS('',3,3,((#10718,#10719,#10720,#10721),(#10722,
#10723,#10724,#10725),(#10726,#10727,#10728,#10729),(#10730,#10731,#10732,
#10733)),.UNSPECIFIED.,.F.,.F.,.F.,(4,4),(4,4),(0.,1.),(2.49487764877264,
2.53658813803241),.UNSPECIFIED.);
#16=B_SPLINE_SURFACE_WITH_KNOTS('',3,3,((#10780,#10781,#10782,#10783),(#10784,
#10785,#10786,#10787),(#10788,#10789,#10790,#10791),(#10792,#10793,#10794,
#10795)),.UNSPECIFIED.,.F.,.F.,.F.,(4,4),(4,4),(0.,1.),(0.605004515560472,
0.646715004819863),.UNSPECIFIED.);
#17=ELLIPSE('',#7376,1.41421356237316,0.999999999999996);
#18=ELLIPSE('',#7377,1.41421356237316,0.999999999999996);
#19=ELLIPSE('',#7381,1.41421356237316,0.999999999999996);
#20=ELLIPSE('',#7382,1.41421356237316,0.999999999999996);
#21=ELLIPSE('',#7401,1.41421356237316,0.999999999999996);
#22=ELLIPSE('',#7402,1.41421356237316,0.999999999999996);
#23=ELLIPSE('',#7419,1.41421356237316,0.999999999999996);
#24=ELLIPSE('',#7420,1.41421356237316,0.999999999999996);
#25=ELLIPSE('',#7499,2.79508497187469,2.5);
#26=ELLIPSE('',#7500,6.14918693812431,5.5);
#27=ELLIPSE('',#7501,6.14918693812475,5.50000000000039);
#28=ELLIPSE('',#7502,2.79508497187469,2.5);
#29=ELLIPSE('',#7508,2.79508497187473,2.5);
#30=ELLIPSE('',#7509,6.14918693812446,5.50000000000004);
#31=ELLIPSE('',#7510,6.14918693812442,5.5);
#32=ELLIPSE('',#7511,2.79508497187473,2.5);
#33=ELLIPSE('',#7541,3.53553390593274,2.5);
#34=ELLIPSE('',#7542,3.53553390593274,2.5);
#35=ELLIPSE('',#7545,3.53553390593273,2.5);
#36=ELLIPSE('',#7547,3.53553390593273,2.5);
#37=ELLIPSE('',#7556,3.53553390593273,2.5);
#38=ELLIPSE('',#7558,3.53553390593273,2.5);
#39=ELLIPSE('',#7565,3.53553390593274,2.5);
#40=ELLIPSE('',#7566,3.53553390593274,2.5);
#41=ELLIPSE('',#7573,3.53553390593273,2.5);
#42=ELLIPSE('',#7575,3.53553390593273,2.5);
#43=ELLIPSE('',#7582,3.53553390593274,2.5);
#44=ELLIPSE('',#7583,3.53553390593274,2.5);
#45=ELLIPSE('',#7593,3.53553390593274,2.5);
#46=ELLIPSE('',#7594,3.53553390593274,2.5);
#47=ELLIPSE('',#7597,3.53553390593273,2.5);
#48=ELLIPSE('',#7599,3.53553390593273,2.5);
#49=CONICAL_SURFACE('',#7269,8.99999999999577,0.785398163397449);
#50=CONICAL_SURFACE('',#7273,8.99999999999999,0.785398163397449);
#51=CONICAL_SURFACE('',#7277,8.99999999997083,0.785398163397448);
#52=CONICAL_SURFACE('',#7280,83.8227040809064,0.78539816339745);
#53=CONICAL_SURFACE('',#7282,9.0000000001615,0.785398163397449);
#54=B_SPLINE_CURVE_WITH_KNOTS('',3,(#9843,#9844,#9845,#9846,#9847,#9848,
#9849,#9850,#9851,#9852),.UNSPECIFIED.,.F.,.F.,(4,2,2,2,4),(0.452064467304051,
0.565080581145049,0.678096694986046,0.791112814797072,0.904128934608097),
 .UNSPECIFIED.);
#55=B_SPLINE_CURVE_WITH_KNOTS('',3,(#9854,#9855,#9856,#9857,#9858,#9859,
#9860,#9861,#9862,#9863,#9864,#9865,#9866,#9867,#9868,#9869,#9870,#9871,
#9872),.UNSPECIFIED.,.F.,.F.,(4,2,2,2,3,2,2,2,4),(1.35619340191214,1.46920951575314,
1.58222562959414,1.69524174940517,1.8082578692162,1.92127398902722,2.03429010883825,
2.14730622267925,2.26032233652025),.UNSPECIFIED.);
#56=B_SPLINE_CURVE_WITH_KNOTS('',3,(#9873,#9874,#9875,#9876,#9877,#9878,
#9879,#9880,#9881,#9882),.UNSPECIFIED.,.F.,.F.,(4,2,2,2,4),(0.904128934608097,
1.01714505441912,1.13016117423015,1.24317728807115,1.35619340191214),
 .UNSPECIFIED.);
#57=B_SPLINE_CURVE_WITH_KNOTS('',3,(#9895,#9896,#9897,#9898),
 .UNSPECIFIED.,.F.,.F.,(4,4),(-2.5235631014246,-2.49487764893975),
 .UNSPECIFIED.);
#58=B_SPLINE_CURVE_WITH_KNOTS('',3,(#9906,#9907,#9908,#9909),
 .UNSPECIFIED.,.F.,.F.,(4,4),(-0.646715004652755,-0.61802955216801),
 .UNSPECIFIED.);
#59=B_SPLINE_CURVE_WITH_KNOTS('',3,(#10625,#10626,#10627,#10628),
 .UNSPECIFIED.,.F.,.F.,(4,4),(2.50516703262254,2.53658813803241),
 .UNSPECIFIED.);
#60=B_SPLINE_CURVE_WITH_KNOTS('',3,(#10644,#10645,#10646,#10647,#10648,
#10649,#10650),.UNSPECIFIED.,.F.,.F.,(4,3,4),(0.,0.273939617582382,0.546671405501904),
 .UNSPECIFIED.);
#61=B_SPLINE_CURVE_WITH_KNOTS('',3,(#10696,#10697,#10698,#10699,#10700,
#10701,#10702),.UNSPECIFIED.,.F.,.F.,(4,3,4),(0.,0.272670312747999,0.546649417596513),
 .UNSPECIFIED.);
#62=B_SPLINE_CURVE_WITH_KNOTS('',3,(#10714,#10715,#10716,#10717),
 .UNSPECIFIED.,.F.,.F.,(4,4),(0.605004515560472,0.636425620970206),
 .UNSPECIFIED.);
#63=B_SPLINE_CURVE_WITH_KNOTS('',3,(#10734,#10735,#10736,#10737,#10738,
#10739,#10740),.UNSPECIFIED.,.F.,.F.,(4,3,4),(0.,0.270072817809739,0.539321402905499),
 .UNSPECIFIED.);
#64=B_SPLINE_CURVE_WITH_KNOTS('',3,(#10796,#10797,#10798,#10799,#10800,
#10801,#10802),.UNSPECIFIED.,.F.,.F.,(4,3,4),(0.,0.269207863421544,0.539302194135142),
 .UNSPECIFIED.);
#65=B_SPLINE_CURVE_WITH_KNOTS('',3,(#11145,#11146,#11147,#11148,#11149,
#11150,#11151,#11152,#11153,#11154),.UNSPECIFIED.,.F.,.F.,(4,2,2,2,4),(0.971160254526687,
1.06504437627829,1.1589284980299,1.26149960959821,1.28605407996831),
 .UNSPECIFIED.);
#66=B_SPLINE_CURVE_WITH_KNOTS('',3,(#11159,#11160,#11161,#11162,#11163,
#11164,#11165,#11166,#11167,#11168),.UNSPECIFIED.,.F.,.F.,(4,2,2,2,4),(0.656266429085022,
0.68082089945513,0.783392011023435,0.877276132775042,0.97116025452665),
 .UNSPECIFIED.);
#67=B_SPLINE_CURVE_WITH_KNOTS('',3,(#11172,#11173,#11174,#11175,#11176,
#11177,#11178,#11179,#11180,#11181,#11182,#11183),.UNSPECIFIED.,.F.,.F.,
(4,2,2,2,2,4),(0.45929027303267,0.542016344702808,0.624742416372947,0.714037753890971,
0.816309149978156,0.82096072766682),.UNSPECIFIED.);
#68=B_SPLINE_CURVE_WITH_KNOTS('',3,(#11206,#11207,#11208,#11209,#11210,
#11211,#11212,#11213,#11214,#11215),.UNSPECIFIED.,.F.,.F.,(4,2,2,2,4),(0.97116025452665,
1.06504437627826,1.15892849802987,1.26149960959817,1.28605407996842),
 .UNSPECIFIED.);
#69=B_SPLINE_CURVE_WITH_KNOTS('',3,(#11220,#11221,#11222,#11223,#11224,
#11225,#11226,#11227,#11228,#11229),.UNSPECIFIED.,.F.,.F.,(4,2,2,2,4),(0.656266429084883,
0.680820899455135,0.78339201102344,0.877276132775047,0.971160254526654),
 .UNSPECIFIED.);
#70=B_SPLINE_CURVE_WITH_KNOTS('',3,(#11233,#11234,#11235,#11236,#11237,
#11238,#11239,#11240,#11241,#11242,#11243,#11244),.UNSPECIFIED.,.F.,.F.,
(4,2,2,2,2,4),(0.45929027303267,0.542016344702808,0.624742416372947,0.714037753890971,
0.816309149978156,0.820960727667146),.UNSPECIFIED.);
#71=B_SPLINE_CURVE_WITH_KNOTS('',3,(#11256,#11257,#11258,#11259,#11260,
#11261,#11262,#11263,#11264,#11265,#11266,#11267,#11268,#11269,#11270,#11271,
#11272,#11273),.UNSPECIFIED.,.F.,.F.,(4,2,2,2,2,2,2,2,4),(0.97116025452665,
1.0650443755452,1.15892849656374,1.26149960733116,1.36407071809857,1.48146927803278,
1.59886783796699,1.77059416971867,1.94232050147034),.UNSPECIFIED.);
#72=B_SPLINE_CURVE_WITH_KNOTS('',3,(#11277,#11278,#11279,#11280,#11281,
#11282,#11283,#11284,#11285,#11286,#11287,#11288),.UNSPECIFIED.,.F.,.F.,
(4,2,2,2,2,4),(0.,0.102271396087184,0.204542792174369,0.293838129692393,
0.376564201362531,0.459290273032669),.UNSPECIFIED.);
#73=B_SPLINE_CURVE_WITH_KNOTS('',3,(#11292,#11293,#11294,#11295,#11296,
#11297,#11298,#11299,#11300,#11301,#11302,#11303),.UNSPECIFIED.,.F.,.F.,
(4,2,2,2,2,4),(-0.459290273032669,-0.376564201684249,-0.29383813033583,
-0.204542793165072,-0.102271397475617,-1.78616188506453E-9),
 .UNSPECIFIED.);
#74=B_SPLINE_CURVE_WITH_KNOTS('',3,(#11307,#11308,#11309,#11310,#11311,
#11312,#11313,#11314,#11315,#11316,#11317,#11318,#11319,#11320,#11321,#11322,
#11323,#11324),.UNSPECIFIED.,.F.,.F.,(4,2,2,2,2,2,2,2,4),(7.58295928793403E-9,
0.171726339334654,0.343452671086348,0.460851231020537,0.578249790954725,
0.680149028894464,0.782048266834203,0.876599819513092,0.97115137219198),
 .UNSPECIFIED.);
#75=B_SPLINE_CURVE_WITH_KNOTS('',3,(#11329,#11330,#11331,#11332,#11333,
#11334,#11335,#11336,#11337,#11338,#11339,#11340),.UNSPECIFIED.,.F.,.F.,
(4,2,2,2,2,4),(1.01620036446386,1.02085194215252,1.12312333823971,1.21241867575773,
1.29514474742787,1.37787081909801),.UNSPECIFIED.);
#76=B_SPLINE_CURVE_WITH_KNOTS('',3,(#11344,#11345,#11346,#11347,#11348,
#11349,#11350,#11351,#11352,#11353,#11354,#11355),.UNSPECIFIED.,.F.,.F.,
(4,2,2,2,2,4),(1.01620036446354,1.02085194215252,1.12312333823971,1.21241867575773,
1.29514474742787,1.37787081909801),.UNSPECIFIED.);
#77=B_SPLINE_CURVE_WITH_KNOTS('',3,(#11359,#11360,#11361,#11362,#11363,
#11364,#11365,#11366,#11367,#11368,#11369,#11370,#11371,#11372,#11373,#11374,
#11375,#11376),.UNSPECIFIED.,.F.,.F.,(4,2,2,2,2,2,2,2,4),(0.,0.171726333092538,
0.343452666185077,0.460851227035951,0.578249787886826,0.68082089945513,
0.783392011023435,0.877276132775043,0.97116025452665),.UNSPECIFIED.);
#78=B_SPLINE_CURVE_WITH_KNOTS('',3,(#11380,#11381,#11382,#11383,#11384,
#11385,#11386,#11387,#11388,#11389,#11390,#11391,#11392,#11393,#11394,#11395,
#11396,#11397),.UNSPECIFIED.,.F.,.F.,(4,2,2,2,2,2,2,2,4),(0.971160254526654,
1.0650443755452,1.15892849656375,1.26149960733116,1.36407071809858,1.48146927803278,
1.59886783796699,1.77059416971867,1.94232050147035),.UNSPECIFIED.);
#79=B_SPLINE_CURVE_WITH_KNOTS('',3,(#11401,#11402,#11403,#11404,#11405,
#11406,#11407,#11408,#11409,#11410,#11411,#11412),.UNSPECIFIED.,.F.,.F.,
(4,2,2,2,2,4),(0.,0.102271396087184,0.204542792174369,0.293838129692393,
0.376564201362531,0.459290273032669),.UNSPECIFIED.);
#80=B_SPLINE_CURVE_WITH_KNOTS('',3,(#11416,#11417,#11418,#11419,#11420,
#11421,#11422,#11423,#11424,#11425,#11426,#11427),.UNSPECIFIED.,.F.,.F.,
(4,2,2,2,2,4),(-0.459290273032669,-0.376564201362531,-0.293838129692393,
-0.204542792174369,-0.102271396087184,0.),.UNSPECIFIED.);
#81=B_SPLINE_CURVE_WITH_KNOTS('',3,(#11481,#11482,#11483,#11484,#11485,
#11486,#11487,#11488,#11489,#11490,#11491,#11492,#11493,#11494,#11495,#11496,
#11497,#11498),.UNSPECIFIED.,.F.,.F.,(4,2,2,2,2,2,2,2,4),(0.382890280768242,
0.478527884711811,0.574165488655379,0.669973025095932,0.765780561536484,
0.861588097977037,0.957395634417589,1.05303323836116,1.14867084230473),
 .UNSPECIFIED.);
#82=B_SPLINE_CURVE_WITH_KNOTS('',3,(#11510,#11511,#11512,#11513,#11514,
#11515,#11516,#11517,#11518,#11519,#11520,#11521,#11522,#11523,#11524,#11525,
#11526,#11527,#11528),.UNSPECIFIED.,.F.,.F.,(4,2,2,2,3,2,2,2,4),(-0.382890281083291,
-0.287252677010038,-0.191615072936785,-0.0958075364683926,0.,0.0958075364683922,
0.191615072936784,0.287252677010038,0.382890281083291),.UNSPECIFIED.);
#83=B_SPLINE_CURVE_WITH_KNOTS('',3,(#11557,#11558,#11559,#11560,#11561,
#11562,#11563,#11564,#11565,#11566,#11567,#11568,#11569,#11570,#11571,#11572,
#11573,#11574,#11575),.UNSPECIFIED.,.F.,.F.,(4,2,2,2,3,2,2,2,4),(-0.382890281083291,
-0.287252677010037,-0.191615072936784,-0.0958075364683921,0.,0.0958075364683924,
0.191615072936785,0.287252677010038,0.382890281083291),.UNSPECIFIED.);
#84=B_SPLINE_CURVE_WITH_KNOTS('',3,(#11605,#11606,#11607,#11608,#11609,
#11610,#11611,#11612,#11613,#11614,#11615,#11616,#11617,#11618,#11619,#11620,
#11621,#11622),.UNSPECIFIED.,.F.,.F.,(4,2,2,2,2,2,2,2,4),(0.382890280768242,
0.478527884711811,0.57416548865538,0.669973025095932,0.765780561536484,
0.861588097977037,0.957395634417589,1.05303323836116,1.14867084230473),
 .UNSPECIFIED.);
#85=B_SPLINE_CURVE_WITH_KNOTS('',3,(#11644,#11645,#11646,#11647,#11648,
#11649,#11650,#11651,#11652,#11653,#11654,#11655,#11656,#11657,#11658,#11659,
#11660,#11661,#11662),.UNSPECIFIED.,.F.,.F.,(4,2,2,2,3,2,2,2,4),(-0.382890281083291,
-0.287252677010038,-0.191615072936784,-0.0958075364683924,0.,0.0958075364683925,
0.191615072936785,0.287252677010038,0.382890281083291),.UNSPECIFIED.);
#86=B_SPLINE_CURVE_WITH_KNOTS('',3,(#11692,#11693,#11694,#11695,#11696,
#11697,#11698,#11699,#11700,#11701,#11702,#11703,#11704,#11705,#11706,#11707,
#11708,#11709),.UNSPECIFIED.,.F.,.F.,(4,2,2,2,2,2,2,2,4),(0.382890280768243,
0.478527884711812,0.57416548865538,0.669973025095933,0.765780561536485,
0.861588097977038,0.957395634417591,1.05303323836116,1.14867084230473),
 .UNSPECIFIED.);
#87=B_SPLINE_CURVE_WITH_KNOTS('',3,(#11744,#11745,#11746,#11747,#11748,
#11749,#11750,#11751,#11752,#11753,#11754,#11755,#11756,#11757,#11758,#11759,
#11760,#11761),.UNSPECIFIED.,.F.,.F.,(4,2,2,2,2,2,2,2,4),(0.382890280768242,
0.478527884711811,0.57416548865538,0.669973025095932,0.765780561536484,
0.861588097977037,0.957395634417589,1.05303323836116,1.14867084230473),
 .UNSPECIFIED.);
#88=B_SPLINE_CURVE_WITH_KNOTS('',3,(#11773,#11774,#11775,#11776,#11777,
#11778,#11779,#11780,#11781,#11782,#11783,#11784,#11785,#11786,#11787,#11788,
#11789,#11790,#11791),.UNSPECIFIED.,.F.,.F.,(4,2,2,2,3,2,2,2,4),(-0.382890281083291,
-0.287252677010037,-0.191615072936784,-0.0958075364683921,0.,0.0958075364683922,
0.191615072936784,0.287252677010038,0.382890281083291),.UNSPECIFIED.);
#89=B_SPLINE_CURVE_WITH_KNOTS('',3,(#11820,#11821,#11822,#11823,#11824,
#11825,#11826,#11827,#11828,#11829,#11830,#11831),.UNSPECIFIED.,.F.,.F.,
(4,2,2,2,2,4),(0.45929003698513,0.542016058454909,0.624742079924687,0.714037375163047,
0.816308724566654,0.918580073970261),.UNSPECIFIED.);
#90=B_SPLINE_CURVE_WITH_KNOTS('',3,(#11834,#11835,#11836,#11837,#11838,
#11839,#11840,#11841,#11842,#11843,#11844,#11845,#11846,#11847,#11848,#11849),
 .UNSPECIFIED.,.F.,.F.,(4,2,2,2,2,2,2,4),(0.,0.223515508344355,0.363419166329078,
0.476863056599819,0.586810064421145,0.686951780325489,0.803197302021553,
0.855955253765223),.UNSPECIFIED.);
#91=B_SPLINE_CURVE_WITH_KNOTS('',3,(#11851,#11852,#11853,#11854,#11855,
#11856,#11857,#11858,#11859,#11860,#11861,#11862,#11863,#11864,#11865,#11866,
#11867,#11868),.UNSPECIFIED.,.F.,.F.,(4,2,2,2,2,2,2,2,4),(0.161535730859509,
0.195153404918513,0.290248281915916,0.374887980856244,0.470583929439896,
0.553130647314851,0.652231785133479,0.780585102969411,0.897804201493679),
 .UNSPECIFIED.);
#92=B_SPLINE_CURVE_WITH_KNOTS('',3,(#11872,#11873,#11874,#11875,#11876,
#11877,#11878,#11879,#11880,#11881,#11882,#11883),.UNSPECIFIED.,.F.,.F.,
(4,2,2,2,2,4),(0.918579949340919,1.02085127129415,1.12312259324738,1.21241786396579,
1.29514385870821,1.37786985345064),.UNSPECIFIED.);
#93=B_SPLINE_CURVE_WITH_KNOTS('',3,(#11908,#11909,#11910,#11911,#11912,
#11913,#11914,#11915,#11916,#11917,#11918,#11919),.UNSPECIFIED.,.F.,.F.,
(4,2,2,2,2,4),(0.,0.102271349403609,0.204542698807219,0.29383799404558,
0.376564015515362,0.459290036985145),.UNSPECIFIED.);
#94=B_SPLINE_CURVE_WITH_KNOTS('',3,(#11922,#11923,#11924,#11925,#11926,
#11927,#11928,#11929,#11930,#11931,#11932,#11933),.UNSPECIFIED.,.F.,.F.,
(4,2,2,2,2,4),(-0.459289951150228,-0.376563956407801,-0.293837961665374,
-0.204542690946964,-0.102271368993729,-4.70404950547731E-8),
 .UNSPECIFIED.);
#95=B_SPLINE_CURVE_WITH_KNOTS('',3,(#11934,#11935,#11936,#11937,#11938,
#11939,#11940,#11941,#11942,#11943,#11944,#11945,#11946,#11947,#11948,#11949),
 .UNSPECIFIED.,.F.,.F.,(4,2,2,2,2,2,2,4),(1.06544289701793E-7,0.223515546014578,
0.363419192381984,0.47686309914648,0.586810151322322,0.6869519047607,0.803197467120228,
0.855955223871947),.UNSPECIFIED.);
#96=B_SPLINE_CURVE_WITH_KNOTS('',3,(#11950,#11951,#11952,#11953,#11954,
#11955,#11956,#11957,#11958,#11959,#11960,#11961,#11962,#11963,#11964,#11965,
#11966,#11967),.UNSPECIFIED.,.F.,.F.,(4,2,2,2,2,2,2,2,4),(0.16153573033931,
0.195153405856524,0.290248286983225,0.374887983151845,0.470583928520246,
0.55313064039736,0.652231764806999,0.780585272017322,0.897804541225825),
 .UNSPECIFIED.);
#97=B_SPLINE_CURVE_WITH_KNOTS('',3,(#11970,#11971,#11972,#11973,#11974,
#11975,#11976,#11977,#11978,#11979,#11980,#11981,#11982,#11983,#11984,#11985),
 .UNSPECIFIED.,.F.,.F.,(4,2,2,2,2,2,2,4),(1.08407242719615,1.17785552960437,
1.27163863201258,1.37405637914329,1.47647412627399,1.64939180830357,1.82230949033315,
1.83922720083431),.UNSPECIFIED.);
#98=B_SPLINE_CURVE_WITH_KNOTS('',3,(#11989,#11990,#11991,#11992,#11993,
#11994,#11995,#11996,#11997,#11998,#11999,#12000),.UNSPECIFIED.,.F.,.F.,
(4,2,2,2,2,4),(0.,0.102271069303345,0.204542138606691,0.293837180168401,
0.376562900437939,0.459288620707477),.UNSPECIFIED.);
#99=B_SPLINE_CURVE_WITH_KNOTS('',3,(#12003,#12004,#12005,#12006,#12007,
#12008,#12009,#12010,#12011,#12012,#12013,#12014),.UNSPECIFIED.,.F.,.F.,
(4,2,2,2,2,4),(-0.45928853487236,-0.376562841330185,-0.29383714778801,-0.204542130746291,
-0.102271088893393,-4.70404950547731E-8),.UNSPECIFIED.);
#100=B_SPLINE_CURVE_WITH_KNOTS('',3,(#12015,#12016,#12017,#12018,#12019,
#12020,#12021,#12022,#12023,#12024,#12025,#12026,#12027,#12028,#12029,#12030),
 .UNSPECIFIED.,.F.,.F.,(4,2,2,2,2,2,2,4),(2.49699561737117,2.51393097830597,
2.68684634360568,2.8597617089054,2.96217552902324,3.06458934914109,3.15836986034907,
3.25215037155706),.UNSPECIFIED.);
#101=B_SPLINE_CURVE_WITH_KNOTS('',3,(#12033,#12034,#12035,#12036,#12037,
#12038,#12039,#12040,#12041,#12042,#12043,#12044,#12045,#12046,#12047,#12048),
 .UNSPECIFIED.,.F.,.F.,(4,2,2,2,2,2,2,4),(0.328917653557427,0.345835364058981,
0.518753046088472,0.691670728117962,0.794088475248585,0.896506222379208,
0.99028932478737,1.08407242719553),.UNSPECIFIED.);
#102=B_SPLINE_CURVE_WITH_KNOTS('',3,(#12049,#12050,#12051,#12052,#12053,
#12054,#12055,#12056,#12057,#12058,#12059,#12060,#12061,#12062,#12063,#12064),
 .UNSPECIFIED.,.F.,.F.,(4,2,2,2,2,2,2,4),(3.25215037155631,3.34593088276428,
3.43971139397224,3.54212521409005,3.64453903420786,3.81745439950759,3.99036976480732,
4.00730512574223),.UNSPECIFIED.);
#103=B_SPLINE_CURVE_WITH_KNOTS('',3,(#12066,#12067,#12068,#12069,#12070,
#12071,#12072,#12073,#12074,#12075,#12076,#12077),.UNSPECIFIED.,.F.,.F.,
(4,2,2,2,2,4),(0.918577116785181,1.02084815863808,1.12311920049097,1.21241421753269,
1.29513991107486,1.37786560461703),.UNSPECIFIED.);
#104=B_SPLINE_CURVE_WITH_KNOTS('',3,(#12081,#12082,#12083,#12084,#12085,
#12086,#12087,#12088,#12089,#12090,#12091,#12092),.UNSPECIFIED.,.F.,.F.,
(4,2,2,2,2,4),(0.459288620707462,0.542014340976996,0.62474006124653,0.714035102808239,
0.816306172111582,0.918577241414925),.UNSPECIFIED.);
#105=CYLINDRICAL_SURFACE('',#7192,81.8227040807945);
#106=CYLINDRICAL_SURFACE('',#7199,3.);
#107=CYLINDRICAL_SURFACE('',#7200,84.8227040809064);
#108=CYLINDRICAL_SURFACE('',#7215,3.);
#109=CYLINDRICAL_SURFACE('',#7247,8.);
#110=CYLINDRICAL_SURFACE('',#7285,9.99999999997083);
#111=CYLINDRICAL_SURFACE('',#7287,10.0000000001615);
#112=CYLINDRICAL_SURFACE('',#7290,8.);
#113=CYLINDRICAL_SURFACE('',#7293,7.99999999999999);
#114=CYLINDRICAL_SURFACE('',#7300,7.99999999999999);
#115=CYLINDRICAL_SURFACE('',#7341,16.);
#116=CYLINDRICAL_SURFACE('',#7403,0.999999999999996);
#117=CYLINDRICAL_SURFACE('',#7405,0.999999999999996);
#118=CYLINDRICAL_SURFACE('',#7409,0.999999999999996);
#119=CYLINDRICAL_SURFACE('',#7411,0.999999999999996);
#120=CYLINDRICAL_SURFACE('',#7421,0.999999999999996);
#121=CYLINDRICAL_SURFACE('',#7423,0.999999999999996);
#122=CYLINDRICAL_SURFACE('',#7431,0.999999999999996);
#123=CYLINDRICAL_SURFACE('',#7432,0.999999999999996);
#124=CYLINDRICAL_SURFACE('',#7486,3.);
#125=CYLINDRICAL_SURFACE('',#7487,3.);
#126=CYLINDRICAL_SURFACE('',#7488,6.99999999998609);
#127=CYLINDRICAL_SURFACE('',#7489,7.00000000000054);
#128=CYLINDRICAL_SURFACE('',#7493,7.00000000000054);
#129=CYLINDRICAL_SURFACE('',#7495,6.99999999998609);
#130=CYLINDRICAL_SURFACE('',#7496,7.00000000016153);
#131=CYLINDRICAL_SURFACE('',#7497,6.99999999981074);
#132=CYLINDRICAL_SURFACE('',#7503,5.50000000000039);
#133=CYLINDRICAL_SURFACE('',#7505,5.5);
#134=CYLINDRICAL_SURFACE('',#7506,2.5);
#135=CYLINDRICAL_SURFACE('',#7512,5.5);
#136=CYLINDRICAL_SURFACE('',#7514,5.50000000000004);
#137=CYLINDRICAL_SURFACE('',#7515,2.5);
#138=CYLINDRICAL_SURFACE('',#7516,3.);
#139=CYLINDRICAL_SURFACE('',#7517,3.);
#140=CYLINDRICAL_SURFACE('',#7518,9.99999999999577);
#141=CYLINDRICAL_SURFACE('',#7519,9.99999999999999);
#142=CYLINDRICAL_SURFACE('',#7521,2.5);
#143=CYLINDRICAL_SURFACE('',#7522,2.5);
#144=CYLINDRICAL_SURFACE('',#7523,2.5);
#145=CYLINDRICAL_SURFACE('',#7524,2.5);
#146=CYLINDRICAL_SURFACE('',#7525,5.50000000000004);
#147=CYLINDRICAL_SURFACE('',#7527,5.50000000000039);
#148=CYLINDRICAL_SURFACE('',#7529,5.5);
#149=CYLINDRICAL_SURFACE('',#7531,2.5);
#150=CYLINDRICAL_SURFACE('',#7534,2.5);
#151=CYLINDRICAL_SURFACE('',#7540,2.5);
#152=CYLINDRICAL_SURFACE('',#7544,2.5);
#153=CYLINDRICAL_SURFACE('',#7549,5.50000000000001);
#154=CYLINDRICAL_SURFACE('',#7552,2.5);
#155=CYLINDRICAL_SURFACE('',#7555,2.5);
#156=CYLINDRICAL_SURFACE('',#7564,2.5);
#157=CYLINDRICAL_SURFACE('',#7567,5.50000000000001);
#158=CYLINDRICAL_SURFACE('',#7570,2.5);
#159=CYLINDRICAL_SURFACE('',#7572,2.5);
#160=CYLINDRICAL_SURFACE('',#7581,2.5);
#161=CYLINDRICAL_SURFACE('',#7584,5.49999999999998);
#162=CYLINDRICAL_SURFACE('',#7587,2.5);
#163=CYLINDRICAL_SURFACE('',#7592,2.5);
#164=CYLINDRICAL_SURFACE('',#7596,2.5);
#165=CYLINDRICAL_SURFACE('',#7601,5.5);
#166=CYLINDRICAL_SURFACE('',#7604,2.5);
#167=CYLINDRICAL_SURFACE('',#7607,2.49999999999996);
#168=CYLINDRICAL_SURFACE('',#7611,2.50000000000001);
#169=CYLINDRICAL_SURFACE('',#7612,2.50000000000001);
#170=CYLINDRICAL_SURFACE('',#7613,2.49999999999996);
#171=CYLINDRICAL_SURFACE('',#7615,5.49999999999999);
#172=CYLINDRICAL_SURFACE('',#7616,2.50000000000001);
#173=CYLINDRICAL_SURFACE('',#7619,5.50000000000001);
#174=CYLINDRICAL_SURFACE('',#7620,5.5);
#175=CYLINDRICAL_SURFACE('',#7621,5.5);
#176=CYLINDRICAL_SURFACE('',#7622,2.49999999999999);
#177=CYLINDRICAL_SURFACE('',#7625,1.2);
#178=CYLINDRICAL_SURFACE('',#7629,1.2);
#179=CYLINDRICAL_SURFACE('',#7633,1.2);
#180=CYLINDRICAL_SURFACE('',#7637,1.2);
#181=CYLINDRICAL_SURFACE('',#7641,1.2);
#182=CYLINDRICAL_SURFACE('',#7645,1.2);
#183=CYLINDRICAL_SURFACE('',#7649,1.2);
#184=CYLINDRICAL_SURFACE('',#7653,1.2);
#185=CYLINDRICAL_SURFACE('',#7658,0.850000000000004);
#186=CYLINDRICAL_SURFACE('',#7661,0.85);
#187=CYLINDRICAL_SURFACE('',#7672,0.85);
#188=CYLINDRICAL_SURFACE('',#7675,0.85);
#189=CYLINDRICAL_SURFACE('',#7686,0.85);
#190=CYLINDRICAL_SURFACE('',#7689,0.85);
#191=CYLINDRICAL_SURFACE('',#7700,0.85);
#192=CYLINDRICAL_SURFACE('',#7703,0.85);
#193=CYLINDRICAL_SURFACE('',#7713,2.5);
#194=CYLINDRICAL_SURFACE('',#7718,2.5);
#195=CYLINDRICAL_SURFACE('',#7719,5.49999999999984);
#196=CYLINDRICAL_SURFACE('',#7721,5.5);
#197=CYLINDRICAL_SURFACE('',#7723,5.5);
#198=CYLINDRICAL_SURFACE('',#7725,5.5);
#199=CYLINDRICAL_SURFACE('',#7727,5.5);
#200=CYLINDRICAL_SURFACE('',#7729,2.5);
#201=CYLINDRICAL_SURFACE('',#7730,2.5);
#202=CYLINDRICAL_SURFACE('',#7736,5.5);
#203=CYLINDRICAL_SURFACE('',#7738,5.49999999999998);
#204=CYLINDRICAL_SURFACE('',#7740,5.5);
#205=CYLINDRICAL_SURFACE('',#7742,5.5);
#206=CYLINDRICAL_SURFACE('',#7744,5.5);
#207=CYLINDRICAL_SURFACE('',#7746,5.5);
#208=CYLINDRICAL_SURFACE('',#7747,2.5);
#209=CYLINDRICAL_SURFACE('',#7751,2.5);
#210=CYLINDRICAL_SURFACE('',#7753,5.50000000000001);
#211=CYLINDRICAL_SURFACE('',#7755,5.50000000000001);
#212=CYLINDRICAL_SURFACE('',#7757,5.5);
#213=CYLINDRICAL_SURFACE('',#7759,5.5);
#214=CYLINDRICAL_SURFACE('',#7761,5.5);
#215=CYLINDRICAL_SURFACE('',#7763,5.5);
#216=CYLINDRICAL_SURFACE('',#7764,2.5);
#217=CYLINDRICAL_SURFACE('',#7769,2.5);
#218=CYLINDRICAL_SURFACE('',#7771,5.49999999999986);
#219=CYLINDRICAL_SURFACE('',#7773,5.50000000000001);
#220=CYLINDRICAL_SURFACE('',#7775,5.5);
#221=CYLINDRICAL_SURFACE('',#7777,5.5);
#222=CYLINDRICAL_SURFACE('',#7778,5.50000000000001);
#223=CYLINDRICAL_SURFACE('',#7780,5.5);
#224=CYLINDRICAL_SURFACE('',#7781,1.875);
#225=CYLINDRICAL_SURFACE('',#7782,2.5);
#226=CYLINDRICAL_SURFACE('',#7783,1.875);
#227=CYLINDRICAL_SURFACE('',#7784,1.875);
#228=CYLINDRICAL_SURFACE('',#7785,1.875);
#229=FACE_BOUND('',#872,.T.);
#230=FACE_BOUND('',#876,.T.);
#231=FACE_BOUND('',#900,.T.);
#232=FACE_BOUND('',#901,.T.);
#233=FACE_BOUND('',#902,.T.);
#234=FACE_BOUND('',#903,.T.);
#235=FACE_BOUND('',#904,.T.);
#236=FACE_BOUND('',#906,.T.);
#237=FACE_BOUND('',#947,.T.);
#238=FACE_BOUND('',#948,.T.);
#239=FACE_BOUND('',#949,.T.);
#240=FACE_BOUND('',#950,.T.);
#241=FACE_BOUND('',#951,.T.);
#242=FACE_BOUND('',#952,.T.);
#243=FACE_BOUND('',#953,.T.);
#244=FACE_BOUND('',#954,.T.);
#245=FACE_BOUND('',#955,.T.);
#246=FACE_BOUND('',#956,.T.);
#247=FACE_BOUND('',#957,.T.);
#248=FACE_BOUND('',#958,.T.);
#249=FACE_BOUND('',#959,.T.);
#250=FACE_BOUND('',#960,.T.);
#251=FACE_BOUND('',#961,.T.);
#252=FACE_BOUND('',#962,.T.);
#253=FACE_BOUND('',#963,.T.);
#254=FACE_BOUND('',#964,.T.);
#255=FACE_BOUND('',#965,.T.);
#256=FACE_BOUND('',#966,.T.);
#257=FACE_BOUND('',#967,.T.);
#258=FACE_BOUND('',#968,.T.);
#259=FACE_BOUND('',#973,.T.);
#260=FACE_BOUND('',#975,.T.);
#261=FACE_BOUND('',#977,.T.);
#262=FACE_BOUND('',#979,.T.);
#263=FACE_BOUND('',#991,.T.);
#264=FACE_BOUND('',#1019,.T.);
#265=FACE_BOUND('',#1021,.T.);
#266=FACE_BOUND('',#1023,.T.);
#267=FACE_BOUND('',#1025,.T.);
#268=FACE_BOUND('',#1035,.T.);
#269=FACE_BOUND('',#1036,.T.);
#270=FACE_BOUND('',#1055,.T.);
#271=FACE_BOUND('',#1157,.T.);
#272=FACE_BOUND('',#1158,.T.);
#273=FACE_BOUND('',#1159,.T.);
#274=FACE_BOUND('',#1160,.T.);
#275=FACE_BOUND('',#1171,.T.);
#276=FACE_BOUND('',#1172,.T.);
#277=FACE_BOUND('',#1173,.T.);
#278=FACE_BOUND('',#1174,.T.);
#279=FACE_BOUND('',#1185,.T.);
#280=FACE_BOUND('',#1186,.T.);
#281=FACE_BOUND('',#1187,.T.);
#282=FACE_BOUND('',#1188,.T.);
#283=FACE_BOUND('',#1199,.T.);
#284=FACE_BOUND('',#1200,.T.);
#285=FACE_BOUND('',#1201,.T.);
#286=FACE_BOUND('',#1202,.T.);
#287=CIRCLE('',#7191,3.);
#288=CIRCLE('',#7193,81.8227040807945);
#289=CIRCLE('',#7194,81.8227040807945);
#290=CIRCLE('',#7195,81.8227040807945);
#291=CIRCLE('',#7196,81.8227040807945);
#292=CIRCLE('',#7197,81.8227040807945);
#293=CIRCLE('',#7198,81.8227040807945);
#294=CIRCLE('',#7201,84.8227040809064);
#295=CIRCLE('',#7202,84.8227040809064);
#296=CIRCLE('',#7203,84.8227040809064);
#297=CIRCLE('',#7204,84.8227040809064);
#298=CIRCLE('',#7216,3.);
#299=CIRCLE('',#7217,3.);
#300=CIRCLE('',#7230,5.5);
#301=CIRCLE('',#7231,5.5);
#302=CIRCLE('',#7232,5.49999999999986);
#303=CIRCLE('',#7233,5.5);
#304=CIRCLE('',#7234,5.49999999999984);
#305=CIRCLE('',#7235,5.5);
#306=CIRCLE('',#7236,16.);
#307=CIRCLE('',#7237,5.5);
#308=CIRCLE('',#7238,5.50000000000001);
#309=CIRCLE('',#7239,5.49999999999998);
#310=CIRCLE('',#7240,5.5);
#311=CIRCLE('',#7241,5.5);
#312=CIRCLE('',#7242,5.5);
#313=CIRCLE('',#7243,2.5);
#314=CIRCLE('',#7248,8.);
#315=CIRCLE('',#7249,8.);
#316=CIRCLE('',#7270,9.99999999999577);
#317=CIRCLE('',#7271,7.99999999999577);
#318=CIRCLE('',#7274,9.99999999999999);
#319=CIRCLE('',#7275,7.99999999999999);
#320=CIRCLE('',#7278,9.99999999997083);
#321=CIRCLE('',#7279,7.99999999997083);
#322=CIRCLE('',#7281,82.8227040809063);
#323=CIRCLE('',#7283,10.0000000001615);
#324=CIRCLE('',#7284,8.0000000001615);
#325=CIRCLE('',#7286,9.99999999997083);
#326=CIRCLE('',#7288,10.0000000001615);
#327=CIRCLE('',#7291,8.);
#328=CIRCLE('',#7292,8.);
#329=CIRCLE('',#7294,7.99999999999999);
#330=CIRCLE('',#7295,7.99999999999999);
#331=CIRCLE('',#7301,7.99999999999999);
#332=CIRCLE('',#7302,7.99999999999999);
#333=CIRCLE('',#7304,5.5);
#334=CIRCLE('',#7305,16.);
#335=CIRCLE('',#7306,5.5);
#336=CIRCLE('',#7307,5.5);
#337=CIRCLE('',#7308,5.49999999999998);
#338=CIRCLE('',#7309,5.50000000000001);
#339=CIRCLE('',#7310,5.5);
#340=CIRCLE('',#7311,5.5);
#341=CIRCLE('',#7312,5.50000000000001);
#342=CIRCLE('',#7313,2.5);
#343=CIRCLE('',#7314,2.5);
#344=CIRCLE('',#7315,2.5);
#345=CIRCLE('',#7316,2.5);
#346=CIRCLE('',#7317,2.5);
#347=CIRCLE('',#7318,2.50000000000001);
#348=CIRCLE('',#7319,2.5);
#349=CIRCLE('',#7320,2.5);
#350=CIRCLE('',#7321,2.5);
#351=CIRCLE('',#7322,2.5);
#352=CIRCLE('',#7323,2.49999999999999);
#353=CIRCLE('',#7324,2.5);
#354=CIRCLE('',#7325,2.5);
#355=CIRCLE('',#7326,2.5);
#356=CIRCLE('',#7327,2.5);
#357=CIRCLE('',#7328,2.5);
#358=CIRCLE('',#7329,1.875);
#359=CIRCLE('',#7330,1.875);
#360=CIRCLE('',#7331,1.875);
#361=CIRCLE('',#7332,2.5);
#362=CIRCLE('',#7333,1.875);
#363=CIRCLE('',#7334,5.49999999999999);
#364=CIRCLE('',#7335,5.5);
#365=CIRCLE('',#7336,5.5);
#366=CIRCLE('',#7337,5.50000000000001);
#367=CIRCLE('',#7338,5.5);
#368=CIRCLE('',#7339,5.50000000000001);
#369=CIRCLE('',#7344,6.99999999998609);
#370=CIRCLE('',#7345,3.);
#371=CIRCLE('',#7346,6.99999999998609);
#372=CIRCLE('',#7347,1.875);
#373=CIRCLE('',#7349,5.50000000000001);
#374=CIRCLE('',#7350,5.50000000000001);
#375=CIRCLE('',#7351,5.50000000000004);
#376=CIRCLE('',#7352,5.5);
#377=CIRCLE('',#7353,5.5);
#378=CIRCLE('',#7354,3.);
#379=CIRCLE('',#7355,7.00000000016153);
#380=CIRCLE('',#7356,1.875);
#381=CIRCLE('',#7358,6.99999999981074);
#382=CIRCLE('',#7359,3.);
#383=CIRCLE('',#7360,5.5);
#384=CIRCLE('',#7361,5.5);
#385=CIRCLE('',#7362,5.50000000000039);
#386=CIRCLE('',#7363,5.5);
#387=CIRCLE('',#7364,5.5);
#388=CIRCLE('',#7365,1.875);
#389=CIRCLE('',#7367,7.00000000000054);
#390=CIRCLE('',#7368,3.);
#391=CIRCLE('',#7369,7.00000000000054);
#392=CIRCLE('',#7370,1.875);
#393=CIRCLE('',#7386,9.99999999999577);
#394=CIRCLE('',#7387,9.99999999999999);
#395=CIRCLE('',#7388,3.);
#396=CIRCLE('',#7389,6.99999999998609);
#397=CIRCLE('',#7390,7.00000000016153);
#398=CIRCLE('',#7391,3.);
#399=CIRCLE('',#7392,3.);
#400=CIRCLE('',#7393,6.99999999981074);
#401=CIRCLE('',#7394,7.00000000000054);
#402=CIRCLE('',#7395,3.);
#403=CIRCLE('',#7396,7.00000000000054);
#404=CIRCLE('',#7397,6.99999999998609);
#405=CIRCLE('',#7404,0.999999999999996);
#406=CIRCLE('',#7406,0.999999999999996);
#407=CIRCLE('',#7410,0.999999999999996);
#408=CIRCLE('',#7412,0.999999999999996);
#409=CIRCLE('',#7422,0.999999999999996);
#410=CIRCLE('',#7424,0.999999999999996);
#411=CIRCLE('',#7427,0.999999999999996);
#412=CIRCLE('',#7428,0.999999999999996);
#413=CIRCLE('',#7435,5.5);
#414=CIRCLE('',#7436,5.49999999999999);
#415=CIRCLE('',#7437,5.5);
#416=CIRCLE('',#7438,5.5);
#417=CIRCLE('',#7439,5.5);
#418=CIRCLE('',#7440,5.49999999999998);
#419=CIRCLE('',#7441,5.50000000000001);
#420=CIRCLE('',#7442,5.5);
#421=CIRCLE('',#7443,2.49999999999999);
#422=CIRCLE('',#7444,2.5);
#423=CIRCLE('',#7445,2.5);
#424=CIRCLE('',#7446,2.5);
#425=CIRCLE('',#7448,5.5);
#426=CIRCLE('',#7449,5.50000000000001);
#427=CIRCLE('',#7450,5.5);
#428=CIRCLE('',#7451,5.5);
#429=CIRCLE('',#7452,5.5);
#430=CIRCLE('',#7453,5.50000000000004);
#431=CIRCLE('',#7454,5.50000000000001);
#432=CIRCLE('',#7455,5.50000000000001);
#433=CIRCLE('',#7456,2.5);
#434=CIRCLE('',#7457,2.5);
#435=CIRCLE('',#7458,2.5);
#436=CIRCLE('',#7459,2.5);
#437=CIRCLE('',#7461,5.49999999999998);
#438=CIRCLE('',#7462,5.5);
#439=CIRCLE('',#7463,5.5);
#440=CIRCLE('',#7464,5.50000000000039);
#441=CIRCLE('',#7465,5.5);
#442=CIRCLE('',#7466,5.5);
#443=CIRCLE('',#7467,5.5);
#444=CIRCLE('',#7468,5.49999999999984);
#445=CIRCLE('',#7469,2.5);
#446=CIRCLE('',#7470,2.5);
#447=CIRCLE('',#7471,2.5);
#448=CIRCLE('',#7472,2.5);
#449=CIRCLE('',#7474,5.5);
#450=CIRCLE('',#7475,5.5);
#451=CIRCLE('',#7476,5.50000000000001);
#452=CIRCLE('',#7477,5.5);
#453=CIRCLE('',#7478,5.5);
#454=CIRCLE('',#7479,5.50000000000001);
#455=CIRCLE('',#7480,5.5);
#456=CIRCLE('',#7481,5.49999999999986);
#457=CIRCLE('',#7482,2.5);
#458=CIRCLE('',#7483,2.50000000000001);
#459=CIRCLE('',#7484,2.5);
#460=CIRCLE('',#7485,2.5);
#461=CIRCLE('',#7539,2.5);
#462=CIRCLE('',#7546,2.5);
#463=CIRCLE('',#7557,2.5);
#464=CIRCLE('',#7560,2.5);
#465=CIRCLE('',#7574,2.5);
#466=CIRCLE('',#7577,2.5);
#467=CIRCLE('',#7591,2.5);
#468=CIRCLE('',#7598,2.5);
#469=CIRCLE('',#7626,1.2);
#470=CIRCLE('',#7627,1.2);
#471=CIRCLE('',#7630,1.2);
#472=CIRCLE('',#7631,1.2);
#473=CIRCLE('',#7634,1.2);
#474=CIRCLE('',#7635,1.2);
#475=CIRCLE('',#7638,1.2);
#476=CIRCLE('',#7639,1.2);
#477=CIRCLE('',#7642,1.2);
#478=CIRCLE('',#7643,1.2);
#479=CIRCLE('',#7646,1.2);
#480=CIRCLE('',#7647,1.2);
#481=CIRCLE('',#7650,1.2);
#482=CIRCLE('',#7651,1.2);
#483=CIRCLE('',#7654,1.2);
#484=CIRCLE('',#7655,1.2);
#485=CIRCLE('',#7659,0.850000000000004);
#486=CIRCLE('',#7660,0.850000000000004);
#487=CIRCLE('',#7662,0.85);
#488=CIRCLE('',#7663,0.85);
#489=CIRCLE('',#7673,0.85);
#490=CIRCLE('',#7674,0.85);
#491=CIRCLE('',#7676,0.85);
#492=CIRCLE('',#7677,0.85);
#493=CIRCLE('',#7687,0.85);
#494=CIRCLE('',#7688,0.85);
#495=CIRCLE('',#7690,0.85);
#496=CIRCLE('',#7691,0.85);
#497=CIRCLE('',#7701,0.85);
#498=CIRCLE('',#7702,0.85);
#499=CIRCLE('',#7704,0.85);
#500=CIRCLE('',#7705,0.85);
#501=FACE_OUTER_BOUND('',#862,.T.);
#502=FACE_OUTER_BOUND('',#863,.T.);
#503=FACE_OUTER_BOUND('',#864,.T.);
#504=FACE_OUTER_BOUND('',#865,.T.);
#505=FACE_OUTER_BOUND('',#866,.T.);
#506=FACE_OUTER_BOUND('',#867,.T.);
#507=FACE_OUTER_BOUND('',#868,.T.);
#508=FACE_OUTER_BOUND('',#869,.T.);
#509=FACE_OUTER_BOUND('',#870,.T.);
#510=FACE_OUTER_BOUND('',#871,.T.);
#511=FACE_OUTER_BOUND('',#873,.T.);
#512=FACE_OUTER_BOUND('',#874,.T.);
#513=FACE_OUTER_BOUND('',#875,.T.);
#514=FACE_OUTER_BOUND('',#877,.T.);
#515=FACE_OUTER_BOUND('',#878,.T.);
#516=FACE_OUTER_BOUND('',#879,.T.);
#517=FACE_OUTER_BOUND('',#880,.T.);
#518=FACE_OUTER_BOUND('',#881,.T.);
#519=FACE_OUTER_BOUND('',#882,.T.);
#520=FACE_OUTER_BOUND('',#883,.T.);
#521=FACE_OUTER_BOUND('',#884,.T.);
#522=FACE_OUTER_BOUND('',#885,.T.);
#523=FACE_OUTER_BOUND('',#886,.T.);
#524=FACE_OUTER_BOUND('',#887,.T.);
#525=FACE_OUTER_BOUND('',#888,.T.);
#526=FACE_OUTER_BOUND('',#889,.T.);
#527=FACE_OUTER_BOUND('',#890,.T.);
#528=FACE_OUTER_BOUND('',#891,.T.);
#529=FACE_OUTER_BOUND('',#892,.T.);
#530=FACE_OUTER_BOUND('',#893,.T.);
#531=FACE_OUTER_BOUND('',#894,.T.);
#532=FACE_OUTER_BOUND('',#895,.T.);
#533=FACE_OUTER_BOUND('',#896,.T.);
#534=FACE_OUTER_BOUND('',#897,.T.);
#535=FACE_OUTER_BOUND('',#898,.T.);
#536=FACE_OUTER_BOUND('',#899,.T.);
#537=FACE_OUTER_BOUND('',#905,.T.);
#538=FACE_OUTER_BOUND('',#907,.T.);
#539=FACE_OUTER_BOUND('',#908,.T.);
#540=FACE_OUTER_BOUND('',#909,.T.);
#541=FACE_OUTER_BOUND('',#910,.T.);
#542=FACE_OUTER_BOUND('',#911,.T.);
#543=FACE_OUTER_BOUND('',#912,.T.);
#544=FACE_OUTER_BOUND('',#913,.T.);
#545=FACE_OUTER_BOUND('',#914,.T.);
#546=FACE_OUTER_BOUND('',#915,.T.);
#547=FACE_OUTER_BOUND('',#916,.T.);
#548=FACE_OUTER_BOUND('',#917,.T.);
#549=FACE_OUTER_BOUND('',#918,.T.);
#550=FACE_OUTER_BOUND('',#919,.T.);
#551=FACE_OUTER_BOUND('',#920,.T.);
#552=FACE_OUTER_BOUND('',#921,.T.);
#553=FACE_OUTER_BOUND('',#922,.T.);
#554=FACE_OUTER_BOUND('',#923,.T.);
#555=FACE_OUTER_BOUND('',#924,.T.);
#556=FACE_OUTER_BOUND('',#925,.T.);
#557=FACE_OUTER_BOUND('',#926,.T.);
#558=FACE_OUTER_BOUND('',#927,.T.);
#559=FACE_OUTER_BOUND('',#928,.T.);
#560=FACE_OUTER_BOUND('',#929,.T.);
#561=FACE_OUTER_BOUND('',#930,.T.);
#562=FACE_OUTER_BOUND('',#931,.T.);
#563=FACE_OUTER_BOUND('',#932,.T.);
#564=FACE_OUTER_BOUND('',#933,.T.);
#565=FACE_OUTER_BOUND('',#934,.T.);
#566=FACE_OUTER_BOUND('',#935,.T.);
#567=FACE_OUTER_BOUND('',#936,.T.);
#568=FACE_OUTER_BOUND('',#937,.T.);
#569=FACE_OUTER_BOUND('',#938,.T.);
#570=FACE_OUTER_BOUND('',#939,.T.);
#571=FACE_OUTER_BOUND('',#940,.T.);
#572=FACE_OUTER_BOUND('',#941,.T.);
#573=FACE_OUTER_BOUND('',#942,.T.);
#574=FACE_OUTER_BOUND('',#943,.T.);
#575=FACE_OUTER_BOUND('',#944,.T.);
#576=FACE_OUTER_BOUND('',#945,.T.);
#577=FACE_OUTER_BOUND('',#946,.T.);
#578=FACE_OUTER_BOUND('',#969,.T.);
#579=FACE_OUTER_BOUND('',#970,.T.);
#580=FACE_OUTER_BOUND('',#971,.T.);
#581=FACE_OUTER_BOUND('',#972,.T.);
#582=FACE_OUTER_BOUND('',#974,.T.);
#583=FACE_OUTER_BOUND('',#976,.T.);
#584=FACE_OUTER_BOUND('',#978,.T.);
#585=FACE_OUTER_BOUND('',#980,.T.);
#586=FACE_OUTER_BOUND('',#981,.T.);
#587=FACE_OUTER_BOUND('',#982,.T.);
#588=FACE_OUTER_BOUND('',#983,.T.);
#589=FACE_OUTER_BOUND('',#984,.T.);
#590=FACE_OUTER_BOUND('',#985,.T.);
#591=FACE_OUTER_BOUND('',#986,.T.);
#592=FACE_OUTER_BOUND('',#987,.T.);
#593=FACE_OUTER_BOUND('',#988,.T.);
#594=FACE_OUTER_BOUND('',#989,.T.);
#595=FACE_OUTER_BOUND('',#990,.T.);
#596=FACE_OUTER_BOUND('',#992,.T.);
#597=FACE_OUTER_BOUND('',#993,.T.);
#598=FACE_OUTER_BOUND('',#994,.T.);
#599=FACE_OUTER_BOUND('',#995,.T.);
#600=FACE_OUTER_BOUND('',#996,.T.);
#601=FACE_OUTER_BOUND('',#997,.T.);
#602=FACE_OUTER_BOUND('',#998,.T.);
#603=FACE_OUTER_BOUND('',#999,.T.);
#604=FACE_OUTER_BOUND('',#1000,.T.);
#605=FACE_OUTER_BOUND('',#1001,.T.);
#606=FACE_OUTER_BOUND('',#1002,.T.);
#607=FACE_OUTER_BOUND('',#1003,.T.);
#608=FACE_OUTER_BOUND('',#1004,.T.);
#609=FACE_OUTER_BOUND('',#1005,.T.);
#610=FACE_OUTER_BOUND('',#1006,.T.);
#611=FACE_OUTER_BOUND('',#1007,.T.);
#612=FACE_OUTER_BOUND('',#1008,.T.);
#613=FACE_OUTER_BOUND('',#1009,.T.);
#614=FACE_OUTER_BOUND('',#1010,.T.);
#615=FACE_OUTER_BOUND('',#1011,.T.);
#616=FACE_OUTER_BOUND('',#1012,.T.);
#617=FACE_OUTER_BOUND('',#1013,.T.);
#618=FACE_OUTER_BOUND('',#1014,.T.);
#619=FACE_OUTER_BOUND('',#1015,.T.);
#620=FACE_OUTER_BOUND('',#1016,.T.);
#621=FACE_OUTER_BOUND('',#1017,.T.);
#622=FACE_OUTER_BOUND('',#1018,.T.);
#623=FACE_OUTER_BOUND('',#1020,.T.);
#624=FACE_OUTER_BOUND('',#1022,.T.);
#625=FACE_OUTER_BOUND('',#1024,.T.);
#626=FACE_OUTER_BOUND('',#1026,.T.);
#627=FACE_OUTER_BOUND('',#1027,.T.);
#628=FACE_OUTER_BOUND('',#1028,.T.);
#629=FACE_OUTER_BOUND('',#1029,.T.);
#630=FACE_OUTER_BOUND('',#1030,.T.);
#631=FACE_OUTER_BOUND('',#1031,.T.);
#632=FACE_OUTER_BOUND('',#1032,.T.);
#633=FACE_OUTER_BOUND('',#1033,.T.);
#634=FACE_OUTER_BOUND('',#1034,.T.);
#635=FACE_OUTER_BOUND('',#1037,.T.);
#636=FACE_OUTER_BOUND('',#1038,.T.);
#637=FACE_OUTER_BOUND('',#1039,.T.);
#638=FACE_OUTER_BOUND('',#1040,.T.);
#639=FACE_OUTER_BOUND('',#1041,.T.);
#640=FACE_OUTER_BOUND('',#1042,.T.);
#641=FACE_OUTER_BOUND('',#1043,.T.);
#642=FACE_OUTER_BOUND('',#1044,.T.);
#643=FACE_OUTER_BOUND('',#1045,.T.);
#644=FACE_OUTER_BOUND('',#1046,.T.);
#645=FACE_OUTER_BOUND('',#1047,.T.);
#646=FACE_OUTER_BOUND('',#1048,.T.);
#647=FACE_OUTER_BOUND('',#1049,.T.);
#648=FACE_OUTER_BOUND('',#1050,.T.);
#649=FACE_OUTER_BOUND('',#1051,.T.);
#650=FACE_OUTER_BOUND('',#1052,.T.);
#651=FACE_OUTER_BOUND('',#1053,.T.);
#652=FACE_OUTER_BOUND('',#1054,.T.);
#653=FACE_OUTER_BOUND('',#1056,.T.);
#654=FACE_OUTER_BOUND('',#1057,.T.);
#655=FACE_OUTER_BOUND('',#1058,.T.);
#656=FACE_OUTER_BOUND('',#1059,.T.);
#657=FACE_OUTER_BOUND('',#1060,.T.);
#658=FACE_OUTER_BOUND('',#1061,.T.);
#659=FACE_OUTER_BOUND('',#1062,.T.);
#660=FACE_OUTER_BOUND('',#1063,.T.);
#661=FACE_OUTER_BOUND('',#1064,.T.);
#662=FACE_OUTER_BOUND('',#1065,.T.);
#663=FACE_OUTER_BOUND('',#1066,.T.);
#664=FACE_OUTER_BOUND('',#1067,.T.);
#665=FACE_OUTER_BOUND('',#1068,.T.);
#666=FACE_OUTER_BOUND('',#1069,.T.);
#667=FACE_OUTER_BOUND('',#1070,.T.);
#668=FACE_OUTER_BOUND('',#1071,.T.);
#669=FACE_OUTER_BOUND('',#1072,.T.);
#670=FACE_OUTER_BOUND('',#1073,.T.);
#671=FACE_OUTER_BOUND('',#1074,.T.);
#672=FACE_OUTER_BOUND('',#1075,.T.);
#673=FACE_OUTER_BOUND('',#1076,.T.);
#674=FACE_OUTER_BOUND('',#1077,.T.);
#675=FACE_OUTER_BOUND('',#1078,.T.);
#676=FACE_OUTER_BOUND('',#1079,.T.);
#677=FACE_OUTER_BOUND('',#1080,.T.);
#678=FACE_OUTER_BOUND('',#1081,.T.);
#679=FACE_OUTER_BOUND('',#1082,.T.);
#680=FACE_OUTER_BOUND('',#1083,.T.);
#681=FACE_OUTER_BOUND('',#1084,.T.);
#682=FACE_OUTER_BOUND('',#1085,.T.);
#683=FACE_OUTER_BOUND('',#1086,.T.);
#684=FACE_OUTER_BOUND('',#1087,.T.);
#685=FACE_OUTER_BOUND('',#1088,.T.);
#686=FACE_OUTER_BOUND('',#1089,.T.);
#687=FACE_OUTER_BOUND('',#1090,.T.);
#688=FACE_OUTER_BOUND('',#1091,.T.);
#689=FACE_OUTER_BOUND('',#1092,.T.);
#690=FACE_OUTER_BOUND('',#1093,.T.);
#691=FACE_OUTER_BOUND('',#1094,.T.);
#692=FACE_OUTER_BOUND('',#1095,.T.);
#693=FACE_OUTER_BOUND('',#1096,.T.);
#694=FACE_OUTER_BOUND('',#1097,.T.);
#695=FACE_OUTER_BOUND('',#1098,.T.);
#696=FACE_OUTER_BOUND('',#1099,.T.);
#697=FACE_OUTER_BOUND('',#1100,.T.);
#698=FACE_OUTER_BOUND('',#1101,.T.);
#699=FACE_OUTER_BOUND('',#1102,.T.);
#700=FACE_OUTER_BOUND('',#1103,.T.);
#701=FACE_OUTER_BOUND('',#1104,.T.);
#702=FACE_OUTER_BOUND('',#1105,.T.);
#703=FACE_OUTER_BOUND('',#1106,.T.);
#704=FACE_OUTER_BOUND('',#1107,.T.);
#705=FACE_OUTER_BOUND('',#1108,.T.);
#706=FACE_OUTER_BOUND('',#1109,.T.);
#707=FACE_OUTER_BOUND('',#1110,.T.);
#708=FACE_OUTER_BOUND('',#1111,.T.);
#709=FACE_OUTER_BOUND('',#1112,.T.);
#710=FACE_OUTER_BOUND('',#1113,.T.);
#711=FACE_OUTER_BOUND('',#1114,.T.);
#712=FACE_OUTER_BOUND('',#1115,.T.);
#713=FACE_OUTER_BOUND('',#1116,.T.);
#714=FACE_OUTER_BOUND('',#1117,.T.);
#715=FACE_OUTER_BOUND('',#1118,.T.);
#716=FACE_OUTER_BOUND('',#1119,.T.);
#717=FACE_OUTER_BOUND('',#1120,.T.);
#718=FACE_OUTER_BOUND('',#1121,.T.);
#719=FACE_OUTER_BOUND('',#1122,.T.);
#720=FACE_OUTER_BOUND('',#1123,.T.);
#721=FACE_OUTER_BOUND('',#1124,.T.);
#722=FACE_OUTER_BOUND('',#1125,.T.);
#723=FACE_OUTER_BOUND('',#1126,.T.);
#724=FACE_OUTER_BOUND('',#1127,.T.);
#725=FACE_OUTER_BOUND('',#1128,.T.);
#726=FACE_OUTER_BOUND('',#1129,.T.);
#727=FACE_OUTER_BOUND('',#1130,.T.);
#728=FACE_OUTER_BOUND('',#1131,.T.);
#729=FACE_OUTER_BOUND('',#1132,.T.);
#730=FACE_OUTER_BOUND('',#1133,.T.);
#731=FACE_OUTER_BOUND('',#1134,.T.);
#732=FACE_OUTER_BOUND('',#1135,.T.);
#733=FACE_OUTER_BOUND('',#1136,.T.);
#734=FACE_OUTER_BOUND('',#1137,.T.);
#735=FACE_OUTER_BOUND('',#1138,.T.);
#736=FACE_OUTER_BOUND('',#1139,.T.);
#737=FACE_OUTER_BOUND('',#1140,.T.);
#738=FACE_OUTER_BOUND('',#1141,.T.);
#739=FACE_OUTER_BOUND('',#1142,.T.);
#740=FACE_OUTER_BOUND('',#1143,.T.);
#741=FACE_OUTER_BOUND('',#1144,.T.);
#742=FACE_OUTER_BOUND('',#1145,.T.);
#743=FACE_OUTER_BOUND('',#1146,.T.);
#744=FACE_OUTER_BOUND('',#1147,.T.);
#745=FACE_OUTER_BOUND('',#1148,.T.);
#746=FACE_OUTER_BOUND('',#1149,.T.);
#747=FACE_OUTER_BOUND('',#1150,.T.);
#748=FACE_OUTER_BOUND('',#1151,.T.);
#749=FACE_OUTER_BOUND('',#1152,.T.);
#750=FACE_OUTER_BOUND('',#1153,.T.);
#751=FACE_OUTER_BOUND('',#1154,.T.);
#752=FACE_OUTER_BOUND('',#1155,.T.);
#753=FACE_OUTER_BOUND('',#1156,.T.);
#754=FACE_OUTER_BOUND('',#1161,.T.);
#755=FACE_OUTER_BOUND('',#1162,.T.);
#756=FACE_OUTER_BOUND('',#1163,.T.);
#757=FACE_OUTER_BOUND('',#1164,.T.);
#758=FACE_OUTER_BOUND('',#1165,.T.);
#759=FACE_OUTER_BOUND('',#1166,.T.);
#760=FACE_OUTER_BOUND('',#1167,.T.);
#761=FACE_OUTER_BOUND('',#1168,.T.);
#762=FACE_OUTER_BOUND('',#1169,.T.);
#763=FACE_OUTER_BOUND('',#1170,.T.);
#764=FACE_OUTER_BOUND('',#1175,.T.);
#765=FACE_OUTER_BOUND('',#1176,.T.);
#766=FACE_OUTER_BOUND('',#1177,.T.);
#767=FACE_OUTER_BOUND('',#1178,.T.);
#768=FACE_OUTER_BOUND('',#1179,.T.);
#769=FACE_OUTER_BOUND('',#1180,.T.);
#770=FACE_OUTER_BOUND('',#1181,.T.);
#771=FACE_OUTER_BOUND('',#1182,.T.);
#772=FACE_OUTER_BOUND('',#1183,.T.);
#773=FACE_OUTER_BOUND('',#1184,.T.);
#774=FACE_OUTER_BOUND('',#1189,.T.);
#775=FACE_OUTER_BOUND('',#1190,.T.);
#776=FACE_OUTER_BOUND('',#1191,.T.);
#777=FACE_OUTER_BOUND('',#1192,.T.);
#778=FACE_OUTER_BOUND('',#1193,.T.);
#779=FACE_OUTER_BOUND('',#1194,.T.);
#780=FACE_OUTER_BOUND('',#1195,.T.);
#781=FACE_OUTER_BOUND('',#1196,.T.);
#782=FACE_OUTER_BOUND('',#1197,.T.);
#783=FACE_OUTER_BOUND('',#1198,.T.);
#784=FACE_OUTER_BOUND('',#1203,.T.);
#785=FACE_OUTER_BOUND('',#1204,.T.);
#786=FACE_OUTER_BOUND('',#1205,.T.);
#787=FACE_OUTER_BOUND('',#1206,.T.);
#788=FACE_OUTER_BOUND('',#1207,.T.);
#789=FACE_OUTER_BOUND('',#1208,.T.);
#790=FACE_OUTER_BOUND('',#1209,.T.);
#791=FACE_OUTER_BOUND('',#1210,.T.);
#792=FACE_OUTER_BOUND('',#1211,.T.);
#793=FACE_OUTER_BOUND('',#1212,.T.);
#794=FACE_OUTER_BOUND('',#1213,.T.);
#795=FACE_OUTER_BOUND('',#1214,.T.);
#796=FACE_OUTER_BOUND('',#1215,.T.);
#797=FACE_OUTER_BOUND('',#1216,.T.);
#798=FACE_OUTER_BOUND('',#1217,.T.);
#799=FACE_OUTER_BOUND('',#1218,.T.);
#800=FACE_OUTER_BOUND('',#1219,.T.);
#801=FACE_OUTER_BOUND('',#1220,.T.);
#802=FACE_OUTER_BOUND('',#1221,.T.);
#803=FACE_OUTER_BOUND('',#1222,.T.);
#804=FACE_OUTER_BOUND('',#1223,.T.);
#805=FACE_OUTER_BOUND('',#1224,.T.);
#806=FACE_OUTER_BOUND('',#1225,.T.);
#807=FACE_OUTER_BOUND('',#1226,.T.);
#808=FACE_OUTER_BOUND('',#1227,.T.);
#809=FACE_OUTER_BOUND('',#1228,.T.);
#810=FACE_OUTER_BOUND('',#1229,.T.);
#811=FACE_OUTER_BOUND('',#1230,.T.);
#812=FACE_OUTER_BOUND('',#1231,.T.);
#813=FACE_OUTER_BOUND('',#1232,.T.);
#814=FACE_OUTER_BOUND('',#1233,.T.);
#815=FACE_OUTER_BOUND('',#1234,.T.);
#816=FACE_OUTER_BOUND('',#1235,.T.);
#817=FACE_OUTER_BOUND('',#1236,.T.);
#818=FACE_OUTER_BOUND('',#1237,.T.);
#819=FACE_OUTER_BOUND('',#1238,.T.);
#820=FACE_OUTER_BOUND('',#1239,.T.);
#821=FACE_OUTER_BOUND('',#1240,.T.);
#822=FACE_OUTER_BOUND('',#1241,.T.);
#823=FACE_OUTER_BOUND('',#1242,.T.);
#824=FACE_OUTER_BOUND('',#1243,.T.);
#825=FACE_OUTER_BOUND('',#1244,.T.);
#826=FACE_OUTER_BOUND('',#1245,.T.);
#827=FACE_OUTER_BOUND('',#1246,.T.);
#828=FACE_OUTER_BOUND('',#1247,.T.);
#829=FACE_OUTER_BOUND('',#1248,.T.);
#830=FACE_OUTER_BOUND('',#1249,.T.);
#831=FACE_OUTER_BOUND('',#1250,.T.);
#832=FACE_OUTER_BOUND('',#1251,.T.);
#833=FACE_OUTER_BOUND('',#1252,.T.);
#834=FACE_OUTER_BOUND('',#1253,.T.);
#835=FACE_OUTER_BOUND('',#1254,.T.);
#836=FACE_OUTER_BOUND('',#1255,.T.);
#837=FACE_OUTER_BOUND('',#1256,.T.);
#838=FACE_OUTER_BOUND('',#1257,.T.);
#839=FACE_OUTER_BOUND('',#1258,.T.);
#840=FACE_OUTER_BOUND('',#1259,.T.);
#841=FACE_OUTER_BOUND('',#1260,.T.);
#842=FACE_OUTER_BOUND('',#1261,.T.);
#843=FACE_OUTER_BOUND('',#1262,.T.);
#844=FACE_OUTER_BOUND('',#1263,.T.);
#845=FACE_OUTER_BOUND('',#1264,.T.);
#846=FACE_OUTER_BOUND('',#1265,.T.);
#847=FACE_OUTER_BOUND('',#1266,.T.);
#848=FACE_OUTER_BOUND('',#1267,.T.);
#849=FACE_OUTER_BOUND('',#1268,.T.);
#850=FACE_OUTER_BOUND('',#1269,.T.);
#851=FACE_OUTER_BOUND('',#1270,.T.);
#852=FACE_OUTER_BOUND('',#1271,.T.);
#853=FACE_OUTER_BOUND('',#1272,.T.);
#854=FACE_OUTER_BOUND('',#1273,.T.);
#855=FACE_OUTER_BOUND('',#1274,.T.);
#856=FACE_OUTER_BOUND('',#1275,.T.);
#857=FACE_OUTER_BOUND('',#1276,.T.);
#858=FACE_OUTER_BOUND('',#1277,.T.);
#859=FACE_OUTER_BOUND('',#1278,.T.);
#860=FACE_OUTER_BOUND('',#1279,.T.);
#861=FACE_OUTER_BOUND('',#1280,.T.);
#862=EDGE_LOOP('',(#4490,#4491,#4492,#4493));
#863=EDGE_LOOP('',(#4494,#4495,#4496,#4497));
#864=EDGE_LOOP('',(#4498,#4499,#4500,#4501,#4502));
#865=EDGE_LOOP('',(#4503,#4504,#4505,#4506));
#866=EDGE_LOOP('',(#4507,#4508,#4509,#4510));
#867=EDGE_LOOP('',(#4511,#4512,#4513,#4514,#4515,#4516));
#868=EDGE_LOOP('',(#4517,#4518,#4519,#4520));
#869=EDGE_LOOP('',(#4521,#4522,#4523,#4524));
#870=EDGE_LOOP('',(#4525,#4526,#4527,#4528));
#871=EDGE_LOOP('',(#4529,#4530,#4531,#4532));
#872=EDGE_LOOP('',(#4533));
#873=EDGE_LOOP('',(#4534,#4535,#4536,#4537,#4538,#4539,#4540,#4541,#4542,
#4543,#4544,#4545,#4546,#4547));
#874=EDGE_LOOP('',(#4548,#4549,#4550,#4551,#4552,#4553));
#875=EDGE_LOOP('',(#4554,#4555,#4556,#4557,#4558,#4559,#4560,#4561,#4562,
#4563,#4564,#4565));
#876=EDGE_LOOP('',(#4566,#4567,#4568));
#877=EDGE_LOOP('',(#4569,#4570,#4571,#4572,#4573,#4574,#4575,#4576,#4577,
#4578,#4579,#4580));
#878=EDGE_LOOP('',(#4581,#4582,#4583,#4584));
#879=EDGE_LOOP('',(#4585,#4586,#4587,#4588));
#880=EDGE_LOOP('',(#4589,#4590,#4591,#4592,#4593,#4594));
#881=EDGE_LOOP('',(#4595,#4596,#4597,#4598));
#882=EDGE_LOOP('',(#4599,#4600,#4601,#4602,#4603,#4604));
#883=EDGE_LOOP('',(#4605,#4606,#4607,#4608));
#884=EDGE_LOOP('',(#4609,#4610,#4611,#4612,#4613));
#885=EDGE_LOOP('',(#4614,#4615,#4616,#4617,#4618));
#886=EDGE_LOOP('',(#4619,#4620,#4621,#4622,#4623));
#887=EDGE_LOOP('',(#4624,#4625,#4626,#4627));
#888=EDGE_LOOP('',(#4628,#4629,#4630,#4631,#4632));
#889=EDGE_LOOP('',(#4633,#4634,#4635,#4636,#4637,#4638,#4639,#4640,#4641,
#4642,#4643,#4644));
#890=EDGE_LOOP('',(#4645,#4646,#4647,#4648));
#891=EDGE_LOOP('',(#4649,#4650,#4651,#4652));
#892=EDGE_LOOP('',(#4653,#4654,#4655,#4656,#4657));
#893=EDGE_LOOP('',(#4658,#4659,#4660,#4661));
#894=EDGE_LOOP('',(#4662,#4663,#4664,#4665));
#895=EDGE_LOOP('',(#4666,#4667,#4668,#4669,#4670));
#896=EDGE_LOOP('',(#4671,#4672,#4673,#4674));
#897=EDGE_LOOP('',(#4675,#4676,#4677,#4678));
#898=EDGE_LOOP('',(#4679,#4680,#4681,#4682));
#899=EDGE_LOOP('',(#4683,#4684,#4685,#4686,#4687,#4688,#4689,#4690,#4691,
#4692,#4693,#4694,#4695,#4696,#4697,#4698,#4699,#4700,#4701,#4702,#4703,
#4704,#4705,#4706,#4707,#4708,#4709,#4710,#4711,#4712,#4713,#4714,#4715,
#4716,#4717,#4718,#4719,#4720,#4721,#4722,#4723,#4724,#4725,#4726));
#900=EDGE_LOOP('',(#4727));
#901=EDGE_LOOP('',(#4728,#4729,#4730,#4731));
#902=EDGE_LOOP('',(#4732,#4733,#4734,#4735));
#903=EDGE_LOOP('',(#4736,#4737,#4738,#4739));
#904=EDGE_LOOP('',(#4740,#4741,#4742,#4743));
#905=EDGE_LOOP('',(#4744,#4745,#4746,#4747));
#906=EDGE_LOOP('',(#4748));
#907=EDGE_LOOP('',(#4749,#4750,#4751,#4752,#4753));
#908=EDGE_LOOP('',(#4754,#4755,#4756,#4757));
#909=EDGE_LOOP('',(#4758,#4759,#4760,#4761));
#910=EDGE_LOOP('',(#4762,#4763,#4764,#4765,#4766,#4767,#4768,#4769));
#911=EDGE_LOOP('',(#4770,#4771,#4772,#4773,#4774,#4775,#4776,#4777));
#912=EDGE_LOOP('',(#4778,#4779,#4780,#4781));
#913=EDGE_LOOP('',(#4782,#4783,#4784,#4785));
#914=EDGE_LOOP('',(#4786,#4787,#4788,#4789));
#915=EDGE_LOOP('',(#4790,#4791,#4792,#4793));
#916=EDGE_LOOP('',(#4794,#4795,#4796,#4797));
#917=EDGE_LOOP('',(#4798,#4799,#4800,#4801));
#918=EDGE_LOOP('',(#4802,#4803,#4804,#4805));
#919=EDGE_LOOP('',(#4806,#4807,#4808,#4809));
#920=EDGE_LOOP('',(#4810,#4811,#4812,#4813));
#921=EDGE_LOOP('',(#4814,#4815,#4816,#4817));
#922=EDGE_LOOP('',(#4818,#4819,#4820,#4821));
#923=EDGE_LOOP('',(#4822,#4823,#4824,#4825));
#924=EDGE_LOOP('',(#4826,#4827,#4828,#4829));
#925=EDGE_LOOP('',(#4830,#4831,#4832,#4833));
#926=EDGE_LOOP('',(#4834,#4835,#4836,#4837));
#927=EDGE_LOOP('',(#4838,#4839,#4840,#4841));
#928=EDGE_LOOP('',(#4842,#4843,#4844,#4845));
#929=EDGE_LOOP('',(#4846,#4847,#4848,#4849));
#930=EDGE_LOOP('',(#4850,#4851,#4852,#4853));
#931=EDGE_LOOP('',(#4854,#4855,#4856,#4857));
#932=EDGE_LOOP('',(#4858,#4859,#4860,#4861));
#933=EDGE_LOOP('',(#4862,#4863,#4864,#4865));
#934=EDGE_LOOP('',(#4866,#4867,#4868,#4869));
#935=EDGE_LOOP('',(#4870,#4871,#4872,#4873));
#936=EDGE_LOOP('',(#4874,#4875,#4876,#4877));
#937=EDGE_LOOP('',(#4878,#4879,#4880,#4881));
#938=EDGE_LOOP('',(#4882,#4883,#4884,#4885,#4886,#4887));
#939=EDGE_LOOP('',(#4888,#4889,#4890,#4891));
#940=EDGE_LOOP('',(#4892,#4893,#4894,#4895));
#941=EDGE_LOOP('',(#4896,#4897,#4898,#4899));
#942=EDGE_LOOP('',(#4900,#4901,#4902,#4903));
#943=EDGE_LOOP('',(#4904,#4905,#4906,#4907));
#944=EDGE_LOOP('',(#4908,#4909,#4910,#4911));
#945=EDGE_LOOP('',(#4912,#4913,#4914,#4915));
#946=EDGE_LOOP('',(#4916,#4917,#4918,#4919,#4920,#4921,#4922,#4923));
#947=EDGE_LOOP('',(#4924,#4925,#4926,#4927,#4928,#4929,#4930,#4931,#4932,
#4933,#4934,#4935,#4936,#4937));
#948=EDGE_LOOP('',(#4938,#4939));
#949=EDGE_LOOP('',(#4940,#4941,#4942,#4943,#4944,#4945,#4946,#4947,#4948,
#4949,#4950,#4951,#4952,#4953,#4954,#4955,#4956,#4957));
#950=EDGE_LOOP('',(#4958,#4959,#4960,#4961));
#951=EDGE_LOOP('',(#4962,#4963,#4964,#4965));
#952=EDGE_LOOP('',(#4966,#4967,#4968,#4969));
#953=EDGE_LOOP('',(#4970,#4971,#4972,#4973));
#954=EDGE_LOOP('',(#4974,#4975,#4976,#4977));
#955=EDGE_LOOP('',(#4978,#4979,#4980,#4981));
#956=EDGE_LOOP('',(#4982,#4983,#4984,#4985));
#957=EDGE_LOOP('',(#4986,#4987,#4988,#4989));
#958=EDGE_LOOP('',(#4990));
#959=EDGE_LOOP('',(#4991));
#960=EDGE_LOOP('',(#4992));
#961=EDGE_LOOP('',(#4993));
#962=EDGE_LOOP('',(#4994));
#963=EDGE_LOOP('',(#4995,#4996));
#964=EDGE_LOOP('',(#4997,#4998,#4999,#5000));
#965=EDGE_LOOP('',(#5001,#5002,#5003,#5004));
#966=EDGE_LOOP('',(#5005,#5006,#5007,#5008));
#967=EDGE_LOOP('',(#5009,#5010,#5011,#5012));
#968=EDGE_LOOP('',(#5013,#5014,#5015,#5016,#5017,#5018,#5019,#5020,#5021,
#5022,#5023,#5024,#5025,#5026,#5027,#5028,#5029,#5030));
#969=EDGE_LOOP('',(#5031,#5032,#5033,#5034));
#970=EDGE_LOOP('',(#5035,#5036,#5037,#5038));
#971=EDGE_LOOP('',(#5039,#5040,#5041,#5042));
#972=EDGE_LOOP('',(#5043,#5044,#5045,#5046,#5047,#5048));
#973=EDGE_LOOP('',(#5049));
#974=EDGE_LOOP('',(#5050,#5051,#5052,#5053,#5054,#5055,#5056,#5057,#5058,
#5059,#5060,#5061,#5062,#5063,#5064,#5065,#5066,#5067));
#975=EDGE_LOOP('',(#5068));
#976=EDGE_LOOP('',(#5069,#5070,#5071,#5072,#5073,#5074,#5075,#5076,#5077,
#5078,#5079,#5080,#5081,#5082,#5083,#5084,#5085,#5086));
#977=EDGE_LOOP('',(#5087));
#978=EDGE_LOOP('',(#5088,#5089,#5090,#5091,#5092,#5093));
#979=EDGE_LOOP('',(#5094));
#980=EDGE_LOOP('',(#5095,#5096,#5097,#5098));
#981=EDGE_LOOP('',(#5099,#5100,#5101,#5102,#5103));
#982=EDGE_LOOP('',(#5104,#5105,#5106,#5107));
#983=EDGE_LOOP('',(#5108,#5109,#5110,#5111));
#984=EDGE_LOOP('',(#5112,#5113,#5114,#5115,#5116,#5117,#5118,#5119));
#985=EDGE_LOOP('',(#5120,#5121,#5122,#5123));
#986=EDGE_LOOP('',(#5124,#5125,#5126,#5127));
#987=EDGE_LOOP('',(#5128,#5129,#5130,#5131,#5132,#5133,#5134,#5135));
#988=EDGE_LOOP('',(#5136,#5137,#5138,#5139,#5140));
#989=EDGE_LOOP('',(#5141,#5142,#5143,#5144,#5145));
#990=EDGE_LOOP('',(#5146,#5147,#5148,#5149,#5150,#5151,#5152,#5153,#5154,
#5155,#5156,#5157,#5158,#5159,#5160,#5161,#5162,#5163));
#991=EDGE_LOOP('',(#5164,#5165,#5166,#5167,#5168,#5169,#5170,#5171,#5172,
#5173,#5174,#5175,#5176,#5177));
#992=EDGE_LOOP('',(#5178,#5179,#5180,#5181));
#993=EDGE_LOOP('',(#5182,#5183,#5184,#5185,#5186));
#994=EDGE_LOOP('',(#5187,#5188,#5189,#5190,#5191,#5192,#5193,#5194));
#995=EDGE_LOOP('',(#5195,#5196,#5197,#5198));
#996=EDGE_LOOP('',(#5199,#5200,#5201,#5202));
#997=EDGE_LOOP('',(#5203,#5204,#5205,#5206));
#998=EDGE_LOOP('',(#5207,#5208,#5209,#5210));
#999=EDGE_LOOP('',(#5211,#5212,#5213,#5214));
#1000=EDGE_LOOP('',(#5215,#5216,#5217,#5218));
#1001=EDGE_LOOP('',(#5219,#5220,#5221,#5222));
#1002=EDGE_LOOP('',(#5223,#5224,#5225,#5226));
#1003=EDGE_LOOP('',(#5227,#5228,#5229,#5230,#5231,#5232,#5233,#5234,#5235));
#1004=EDGE_LOOP('',(#5236,#5237,#5238,#5239,#5240));
#1005=EDGE_LOOP('',(#5241,#5242,#5243,#5244,#5245,#5246,#5247,#5248,#5249,
#5250,#5251,#5252,#5253));
#1006=EDGE_LOOP('',(#5254,#5255,#5256,#5257,#5258,#5259));
#1007=EDGE_LOOP('',(#5260,#5261,#5262,#5263));
#1008=EDGE_LOOP('',(#5264,#5265,#5266,#5267,#5268,#5269,#5270,#5271));
#1009=EDGE_LOOP('',(#5272,#5273,#5274,#5275));
#1010=EDGE_LOOP('',(#5276,#5277,#5278,#5279));
#1011=EDGE_LOOP('',(#5280,#5281,#5282,#5283));
#1012=EDGE_LOOP('',(#5284,#5285,#5286,#5287,#5288,#5289,#5290,#5291,#5292,
#5293,#5294,#5295,#5296));
#1013=EDGE_LOOP('',(#5297,#5298,#5299,#5300,#5301,#5302,#5303,#5304,#5305));
#1014=EDGE_LOOP('',(#5306,#5307,#5308,#5309));
#1015=EDGE_LOOP('',(#5310,#5311,#5312,#5313));
#1016=EDGE_LOOP('',(#5314,#5315,#5316,#5317));
#1017=EDGE_LOOP('',(#5318,#5319,#5320,#5321));
#1018=EDGE_LOOP('',(#5322,#5323,#5324,#5325,#5326,#5327,#5328,#5329,#5330,
#5331,#5332,#5333,#5334,#5335,#5336,#5337));
#1019=EDGE_LOOP('',(#5338,#5339,#5340,#5341,#5342,#5343,#5344,#5345,#5346,
#5347,#5348,#5349));
#1020=EDGE_LOOP('',(#5350,#5351,#5352,#5353,#5354,#5355,#5356,#5357,#5358,
#5359,#5360,#5361,#5362,#5363,#5364,#5365));
#1021=EDGE_LOOP('',(#5366,#5367,#5368,#5369,#5370,#5371,#5372,#5373,#5374,
#5375,#5376,#5377));
#1022=EDGE_LOOP('',(#5378,#5379,#5380,#5381,#5382,#5383,#5384,#5385,#5386,
#5387,#5388,#5389,#5390,#5391,#5392,#5393));
#1023=EDGE_LOOP('',(#5394,#5395,#5396,#5397,#5398,#5399,#5400,#5401,#5402,
#5403,#5404,#5405));
#1024=EDGE_LOOP('',(#5406,#5407,#5408,#5409,#5410,#5411,#5412,#5413,#5414,
#5415,#5416,#5417,#5418,#5419,#5420,#5421));
#1025=EDGE_LOOP('',(#5422,#5423,#5424,#5425,#5426,#5427,#5428,#5429,#5430,
#5431,#5432,#5433));
#1026=EDGE_LOOP('',(#5434,#5435,#5436,#5437));
#1027=EDGE_LOOP('',(#5438,#5439,#5440,#5441));
#1028=EDGE_LOOP('',(#5442,#5443,#5444,#5445));
#1029=EDGE_LOOP('',(#5446,#5447,#5448,#5449));
#1030=EDGE_LOOP('',(#5450,#5451,#5452,#5453,#5454));
#1031=EDGE_LOOP('',(#5455,#5456,#5457,#5458,#5459,#5460));
#1032=EDGE_LOOP('',(#5461,#5462,#5463,#5464,#5465,#5466));
#1033=EDGE_LOOP('',(#5467,#5468,#5469,#5470));
#1034=EDGE_LOOP('',(#5471,#5472,#5473,#5474,#5475,#5476,#5477,#5478,#5479,
#5480,#5481,#5482,#5483,#5484,#5485,#5486,#5487,#5488,#5489,#5490));
#1035=EDGE_LOOP('',(#5491,#5492,#5493,#5494));
#1036=EDGE_LOOP('',(#5495,#5496,#5497,#5498));
#1037=EDGE_LOOP('',(#5499,#5500,#5501,#5502));
#1038=EDGE_LOOP('',(#5503,#5504,#5505,#5506));
#1039=EDGE_LOOP('',(#5507,#5508,#5509,#5510));
#1040=EDGE_LOOP('',(#5511,#5512,#5513,#5514,#5515,#5516,#5517,#5518));
#1041=EDGE_LOOP('',(#5519,#5520,#5521,#5522,#5523));
#1042=EDGE_LOOP('',(#5524,#5525,#5526,#5527));
#1043=EDGE_LOOP('',(#5528,#5529,#5530,#5531,#5532));
#1044=EDGE_LOOP('',(#5533,#5534,#5535,#5536));
#1045=EDGE_LOOP('',(#5537,#5538,#5539,#5540,#5541,#5542,#5543,#5544));
#1046=EDGE_LOOP('',(#5545,#5546,#5547,#5548,#5549));
#1047=EDGE_LOOP('',(#5550,#5551,#5552,#5553));
#1048=EDGE_LOOP('',(#5554,#5555,#5556,#5557,#5558));
#1049=EDGE_LOOP('',(#5559,#5560,#5561,#5562));
#1050=EDGE_LOOP('',(#5563,#5564,#5565,#5566));
#1051=EDGE_LOOP('',(#5567,#5568,#5569,#5570));
#1052=EDGE_LOOP('',(#5571,#5572,#5573,#5574));
#1053=EDGE_LOOP('',(#5575,#5576,#5577,#5578));
#1054=EDGE_LOOP('',(#5579,#5580,#5581,#5582));
#1055=EDGE_LOOP('',(#5583));
#1056=EDGE_LOOP('',(#5584,#5585,#5586,#5587,#5588,#5589,#5590,#5591));
#1057=EDGE_LOOP('',(#5592,#5593,#5594,#5595));
#1058=EDGE_LOOP('',(#5596,#5597,#5598,#5599));
#1059=EDGE_LOOP('',(#5600,#5601,#5602,#5603,#5604,#5605,#5606,#5607));
#1060=EDGE_LOOP('',(#5608,#5609,#5610,#5611));
#1061=EDGE_LOOP('',(#5612,#5613,#5614,#5615));
#1062=EDGE_LOOP('',(#5616,#5617,#5618,#5619));
#1063=EDGE_LOOP('',(#5620,#5621,#5622,#5623));
#1064=EDGE_LOOP('',(#5624,#5625,#5626,#5627));
#1065=EDGE_LOOP('',(#5628,#5629,#5630,#5631,#5632,#5633,#5634,#5635));
#1066=EDGE_LOOP('',(#5636,#5637,#5638,#5639,#5640,#5641,#5642,#5643,#5644,
#5645));
#1067=EDGE_LOOP('',(#5646,#5647,#5648,#5649));
#1068=EDGE_LOOP('',(#5650,#5651,#5652,#5653));
#1069=EDGE_LOOP('',(#5654,#5655,#5656,#5657,#5658,#5659,#5660,#5661,#5662,
#5663));
#1070=EDGE_LOOP('',(#5664,#5665,#5666,#5667));
#1071=EDGE_LOOP('',(#5668,#5669,#5670,#5671));
#1072=EDGE_LOOP('',(#5672,#5673,#5674,#5675));
#1073=EDGE_LOOP('',(#5676,#5677));
#1074=EDGE_LOOP('',(#5678,#5679,#5680,#5681,#5682,#5683));
#1075=EDGE_LOOP('',(#5684,#5685,#5686,#5687));
#1076=EDGE_LOOP('',(#5688,#5689,#5690,#5691,#5692,#5693));
#1077=EDGE_LOOP('',(#5694,#5695));
#1078=EDGE_LOOP('',(#5696,#5697,#5698,#5699,#5700,#5701));
#1079=EDGE_LOOP('',(#5702,#5703,#5704,#5705,#5706,#5707));
#1080=EDGE_LOOP('',(#5708,#5709,#5710,#5711));
#1081=EDGE_LOOP('',(#5712,#5713,#5714,#5715,#5716,#5717,#5718,#5719,#5720));
#1082=EDGE_LOOP('',(#5721,#5722,#5723,#5724));
#1083=EDGE_LOOP('',(#5725,#5726,#5727,#5728));
#1084=EDGE_LOOP('',(#5729,#5730,#5731,#5732,#5733,#5734));
#1085=EDGE_LOOP('',(#5735,#5736));
#1086=EDGE_LOOP('',(#5737,#5738));
#1087=EDGE_LOOP('',(#5739,#5740,#5741,#5742));
#1088=EDGE_LOOP('',(#5743,#5744,#5745,#5746));
#1089=EDGE_LOOP('',(#5747,#5748,#5749,#5750,#5751,#5752));
#1090=EDGE_LOOP('',(#5753,#5754,#5755,#5756,#5757,#5758));
#1091=EDGE_LOOP('',(#5759,#5760,#5761,#5762,#5763,#5764));
#1092=EDGE_LOOP('',(#5765,#5766,#5767,#5768));
#1093=EDGE_LOOP('',(#5769,#5770,#5771,#5772,#5773,#5774,#5775,#5776,#5777));
#1094=EDGE_LOOP('',(#5778,#5779,#5780,#5781));
#1095=EDGE_LOOP('',(#5782,#5783,#5784,#5785,#5786,#5787));
#1096=EDGE_LOOP('',(#5788,#5789));
#1097=EDGE_LOOP('',(#5790,#5791));
#1098=EDGE_LOOP('',(#5792,#5793,#5794,#5795));
#1099=EDGE_LOOP('',(#5796,#5797,#5798,#5799));
#1100=EDGE_LOOP('',(#5800,#5801,#5802,#5803,#5804,#5805));
#1101=EDGE_LOOP('',(#5806,#5807,#5808,#5809,#5810,#5811));
#1102=EDGE_LOOP('',(#5812,#5813,#5814,#5815,#5816,#5817));
#1103=EDGE_LOOP('',(#5818,#5819,#5820,#5821));
#1104=EDGE_LOOP('',(#5822,#5823,#5824,#5825,#5826,#5827,#5828,#5829,#5830));
#1105=EDGE_LOOP('',(#5831,#5832,#5833,#5834));
#1106=EDGE_LOOP('',(#5835,#5836,#5837,#5838));
#1107=EDGE_LOOP('',(#5839,#5840));
#1108=EDGE_LOOP('',(#5841,#5842,#5843,#5844,#5845,#5846));
#1109=EDGE_LOOP('',(#5847,#5848,#5849,#5850));
#1110=EDGE_LOOP('',(#5851,#5852,#5853,#5854,#5855,#5856));
#1111=EDGE_LOOP('',(#5857,#5858));
#1112=EDGE_LOOP('',(#5859,#5860,#5861,#5862,#5863,#5864));
#1113=EDGE_LOOP('',(#5865,#5866,#5867,#5868,#5869,#5870));
#1114=EDGE_LOOP('',(#5871,#5872,#5873,#5874));
#1115=EDGE_LOOP('',(#5875,#5876,#5877,#5878,#5879,#5880,#5881,#5882,#5883));
#1116=EDGE_LOOP('',(#5884,#5885,#5886,#5887));
#1117=EDGE_LOOP('',(#5888,#5889,#5890,#5891));
#1118=EDGE_LOOP('',(#5892,#5893,#5894,#5895,#5896,#5897,#5898,#5899));
#1119=EDGE_LOOP('',(#5900,#5901,#5902,#5903));
#1120=EDGE_LOOP('',(#5904,#5905,#5906,#5907));
#1121=EDGE_LOOP('',(#5908,#5909,#5910,#5911));
#1122=EDGE_LOOP('',(#5912,#5913,#5914,#5915,#5916,#5917,#5918,#5919));
#1123=EDGE_LOOP('',(#5920,#5921,#5922,#5923,#5924,#5925,#5926,#5927));
#1124=EDGE_LOOP('',(#5928,#5929,#5930,#5931,#5932,#5933,#5934,#5935));
#1125=EDGE_LOOP('',(#5936,#5937,#5938,#5939));
#1126=EDGE_LOOP('',(#5940,#5941,#5942,#5943,#5944,#5945,#5946,#5947));
#1127=EDGE_LOOP('',(#5948,#5949,#5950,#5951,#5952,#5953,#5954,#5955,#5956));
#1128=EDGE_LOOP('',(#5957,#5958,#5959,#5960));
#1129=EDGE_LOOP('',(#5961,#5962,#5963,#5964,#5965,#5966));
#1130=EDGE_LOOP('',(#5967,#5968,#5969,#5970));
#1131=EDGE_LOOP('',(#5971,#5972,#5973,#5974));
#1132=EDGE_LOOP('',(#5975,#5976,#5977,#5978));
#1133=EDGE_LOOP('',(#5979,#5980,#5981,#5982,#5983,#5984,#5985,#5986,#5987));
#1134=EDGE_LOOP('',(#5988,#5989,#5990,#5991));
#1135=EDGE_LOOP('',(#5992,#5993,#5994,#5995));
#1136=EDGE_LOOP('',(#5996,#5997,#5998,#5999));
#1137=EDGE_LOOP('',(#6000));
#1138=EDGE_LOOP('',(#6001,#6002,#6003,#6004));
#1139=EDGE_LOOP('',(#6005));
#1140=EDGE_LOOP('',(#6006,#6007,#6008,#6009));
#1141=EDGE_LOOP('',(#6010));
#1142=EDGE_LOOP('',(#6011,#6012,#6013,#6014));
#1143=EDGE_LOOP('',(#6015));
#1144=EDGE_LOOP('',(#6016,#6017,#6018,#6019));
#1145=EDGE_LOOP('',(#6020));
#1146=EDGE_LOOP('',(#6021,#6022,#6023,#6024));
#1147=EDGE_LOOP('',(#6025));
#1148=EDGE_LOOP('',(#6026,#6027,#6028,#6029));
#1149=EDGE_LOOP('',(#6030));
#1150=EDGE_LOOP('',(#6031,#6032,#6033,#6034));
#1151=EDGE_LOOP('',(#6035));
#1152=EDGE_LOOP('',(#6036,#6037,#6038,#6039));
#1153=EDGE_LOOP('',(#6040,#6041,#6042,#6043));
#1154=EDGE_LOOP('',(#6044,#6045,#6046,#6047));
#1155=EDGE_LOOP('',(#6048,#6049,#6050,#6051));
#1156=EDGE_LOOP('',(#6052,#6053,#6054,#6055,#6056,#6057,#6058,#6059));
#1157=EDGE_LOOP('',(#6060));
#1158=EDGE_LOOP('',(#6061));
#1159=EDGE_LOOP('',(#6062));
#1160=EDGE_LOOP('',(#6063));
#1161=EDGE_LOOP('',(#6064,#6065,#6066,#6067));
#1162=EDGE_LOOP('',(#6068,#6069,#6070,#6071));
#1163=EDGE_LOOP('',(#6072,#6073,#6074,#6075));
#1164=EDGE_LOOP('',(#6076));
#1165=EDGE_LOOP('',(#6077));
#1166=EDGE_LOOP('',(#6078,#6079,#6080,#6081));
#1167=EDGE_LOOP('',(#6082,#6083,#6084,#6085));
#1168=EDGE_LOOP('',(#6086,#6087,#6088,#6089));
#1169=EDGE_LOOP('',(#6090,#6091,#6092,#6093));
#1170=EDGE_LOOP('',(#6094,#6095,#6096,#6097,#6098,#6099,#6100,#6101));
#1171=EDGE_LOOP('',(#6102));
#1172=EDGE_LOOP('',(#6103));
#1173=EDGE_LOOP('',(#6104));
#1174=EDGE_LOOP('',(#6105));
#1175=EDGE_LOOP('',(#6106,#6107,#6108,#6109));
#1176=EDGE_LOOP('',(#6110,#6111,#6112,#6113));
#1177=EDGE_LOOP('',(#6114,#6115,#6116,#6117));
#1178=EDGE_LOOP('',(#6118));
#1179=EDGE_LOOP('',(#6119));
#1180=EDGE_LOOP('',(#6120,#6121,#6122,#6123));
#1181=EDGE_LOOP('',(#6124,#6125,#6126,#6127));
#1182=EDGE_LOOP('',(#6128,#6129,#6130,#6131));
#1183=EDGE_LOOP('',(#6132,#6133,#6134,#6135));
#1184=EDGE_LOOP('',(#6136,#6137,#6138,#6139,#6140,#6141,#6142,#6143));
#1185=EDGE_LOOP('',(#6144));
#1186=EDGE_LOOP('',(#6145));
#1187=EDGE_LOOP('',(#6146));
#1188=EDGE_LOOP('',(#6147));
#1189=EDGE_LOOP('',(#6148,#6149,#6150,#6151));
#1190=EDGE_LOOP('',(#6152,#6153,#6154,#6155));
#1191=EDGE_LOOP('',(#6156,#6157,#6158,#6159));
#1192=EDGE_LOOP('',(#6160));
#1193=EDGE_LOOP('',(#6161));
#1194=EDGE_LOOP('',(#6162,#6163,#6164,#6165));
#1195=EDGE_LOOP('',(#6166,#6167,#6168,#6169));
#1196=EDGE_LOOP('',(#6170,#6171,#6172,#6173));
#1197=EDGE_LOOP('',(#6174,#6175,#6176,#6177));
#1198=EDGE_LOOP('',(#6178,#6179,#6180,#6181,#6182,#6183,#6184,#6185));
#1199=EDGE_LOOP('',(#6186));
#1200=EDGE_LOOP('',(#6187));
#1201=EDGE_LOOP('',(#6188));
#1202=EDGE_LOOP('',(#6189));
#1203=EDGE_LOOP('',(#6190,#6191,#6192,#6193));
#1204=EDGE_LOOP('',(#6194,#6195,#6196,#6197));
#1205=EDGE_LOOP('',(#6198,#6199,#6200,#6201));
#1206=EDGE_LOOP('',(#6202));
#1207=EDGE_LOOP('',(#6203));
#1208=EDGE_LOOP('',(#6204,#6205,#6206,#6207,#6208,#6209,#6210,#6211,#6212));
#1209=EDGE_LOOP('',(#6213,#6214,#6215,#6216));
#1210=EDGE_LOOP('',(#6217,#6218,#6219,#6220));
#1211=EDGE_LOOP('',(#6221,#6222,#6223,#6224));
#1212=EDGE_LOOP('',(#6225,#6226,#6227,#6228));
#1213=EDGE_LOOP('',(#6229,#6230,#6231,#6232,#6233,#6234,#6235,#6236,#6237,
#6238));
#1214=EDGE_LOOP('',(#6239,#6240,#6241,#6242,#6243,#6244));
#1215=EDGE_LOOP('',(#6245,#6246,#6247,#6248));
#1216=EDGE_LOOP('',(#6249,#6250,#6251,#6252));
#1217=EDGE_LOOP('',(#6253,#6254,#6255,#6256,#6257,#6258));
#1218=EDGE_LOOP('',(#6259,#6260,#6261,#6262,#6263,#6264));
#1219=EDGE_LOOP('',(#6265,#6266,#6267,#6268,#6269,#6270,#6271,#6272));
#1220=EDGE_LOOP('',(#6273,#6274,#6275,#6276));
#1221=EDGE_LOOP('',(#6277,#6278,#6279,#6280));
#1222=EDGE_LOOP('',(#6281,#6282,#6283,#6284,#6285,#6286));
#1223=EDGE_LOOP('',(#6287,#6288,#6289,#6290));
#1224=EDGE_LOOP('',(#6291,#6292,#6293,#6294,#6295,#6296,#6297,#6298,#6299));
#1225=EDGE_LOOP('',(#6300,#6301,#6302,#6303,#6304,#6305,#6306,#6307,#6308));
#1226=EDGE_LOOP('',(#6309,#6310,#6311,#6312));
#1227=EDGE_LOOP('',(#6313,#6314,#6315,#6316));
#1228=EDGE_LOOP('',(#6317,#6318,#6319,#6320));
#1229=EDGE_LOOP('',(#6321,#6322,#6323,#6324));
#1230=EDGE_LOOP('',(#6325,#6326,#6327,#6328));
#1231=EDGE_LOOP('',(#6329,#6330,#6331,#6332));
#1232=EDGE_LOOP('',(#6333,#6334,#6335,#6336));
#1233=EDGE_LOOP('',(#6337,#6338,#6339,#6340,#6341,#6342));
#1234=EDGE_LOOP('',(#6343,#6344,#6345,#6346));
#1235=EDGE_LOOP('',(#6347,#6348,#6349,#6350));
#1236=EDGE_LOOP('',(#6351,#6352,#6353,#6354));
#1237=EDGE_LOOP('',(#6355,#6356,#6357,#6358));
#1238=EDGE_LOOP('',(#6359,#6360,#6361,#6362));
#1239=EDGE_LOOP('',(#6363,#6364,#6365,#6366,#6367,#6368,#6369,#6370));
#1240=EDGE_LOOP('',(#6371,#6372,#6373,#6374));
#1241=EDGE_LOOP('',(#6375,#6376,#6377,#6378));
#1242=EDGE_LOOP('',(#6379,#6380,#6381,#6382,#6383,#6384,#6385,#6386,#6387,
#6388));
#1243=EDGE_LOOP('',(#6389,#6390,#6391,#6392));
#1244=EDGE_LOOP('',(#6393,#6394,#6395,#6396));
#1245=EDGE_LOOP('',(#6397,#6398,#6399,#6400));
#1246=EDGE_LOOP('',(#6401,#6402,#6403,#6404,#6405,#6406,#6407,#6408,#6409));
#1247=EDGE_LOOP('',(#6410,#6411,#6412,#6413));
#1248=EDGE_LOOP('',(#6414,#6415,#6416,#6417,#6418,#6419));
#1249=EDGE_LOOP('',(#6420,#6421,#6422,#6423));
#1250=EDGE_LOOP('',(#6424,#6425,#6426,#6427));
#1251=EDGE_LOOP('',(#6428,#6429,#6430,#6431,#6432,#6433,#6434,#6435));
#1252=EDGE_LOOP('',(#6436,#6437,#6438,#6439));
#1253=EDGE_LOOP('',(#6440,#6441,#6442,#6443,#6444,#6445,#6446,#6447));
#1254=EDGE_LOOP('',(#6448,#6449,#6450,#6451,#6452,#6453));
#1255=EDGE_LOOP('',(#6454,#6455,#6456,#6457,#6458,#6459));
#1256=EDGE_LOOP('',(#6460,#6461,#6462,#6463));
#1257=EDGE_LOOP('',(#6464,#6465,#6466,#6467));
#1258=EDGE_LOOP('',(#6468,#6469,#6470,#6471,#6472,#6473));
#1259=EDGE_LOOP('',(#6474,#6475,#6476,#6477,#6478,#6479,#6480,#6481,#6482));
#1260=EDGE_LOOP('',(#6483,#6484,#6485,#6486));
#1261=EDGE_LOOP('',(#6487,#6488,#6489,#6490));
#1262=EDGE_LOOP('',(#6491,#6492,#6493,#6494));
#1263=EDGE_LOOP('',(#6495,#6496,#6497,#6498));
#1264=EDGE_LOOP('',(#6499,#6500,#6501,#6502,#6503,#6504,#6505,#6506,#6507));
#1265=EDGE_LOOP('',(#6508,#6509,#6510,#6511));
#1266=EDGE_LOOP('',(#6512,#6513,#6514,#6515));
#1267=EDGE_LOOP('',(#6516,#6517,#6518,#6519));
#1268=EDGE_LOOP('',(#6520,#6521,#6522,#6523,#6524,#6525));
#1269=EDGE_LOOP('',(#6526,#6527,#6528,#6529));
#1270=EDGE_LOOP('',(#6530,#6531,#6532,#6533));
#1271=EDGE_LOOP('',(#6534,#6535,#6536,#6537));
#1272=EDGE_LOOP('',(#6538,#6539,#6540,#6541));
#1273=EDGE_LOOP('',(#6542,#6543,#6544,#6545));
#1274=EDGE_LOOP('',(#6546,#6547,#6548,#6549,#6550,#6551));
#1275=EDGE_LOOP('',(#6552,#6553,#6554,#6555));
#1276=EDGE_LOOP('',(#6556,#6557,#6558,#6559));
#1277=EDGE_LOOP('',(#6560,#6561,#6562,#6563));
#1278=EDGE_LOOP('',(#6564,#6565,#6566,#6567));
#1279=EDGE_LOOP('',(#6568,#6569,#6570,#6571));
#1280=EDGE_LOOP('',(#6572,#6573,#6574,#6575));
#1281=LINE('',#9748,#2027);
#1282=LINE('',#9750,#2028);
#1283=LINE('',#9752,#2029);
#1284=LINE('',#9753,#2030);
#1285=LINE('',#9757,#2031);
#1286=LINE('',#9759,#2032);
#1287=LINE('',#9761,#2033);
#1288=LINE('',#9762,#2034);
#1289=LINE('',#9764,#2035);
#1290=LINE('',#9766,#2036);
#1291=LINE('',#9768,#2037);
#1292=LINE('',#9770,#2038);
#1293=LINE('',#9771,#2039);
#1294=LINE('',#9775,#2040);
#1295=LINE('',#9777,#2041);
#1296=LINE('',#9779,#2042);
#1297=LINE('',#9780,#2043);
#1298=LINE('',#9784,#2044);
#1299=LINE('',#9786,#2045);
#1300=LINE('',#9788,#2046);
#1301=LINE('',#9789,#2047);
#1302=LINE('',#9793,#2048);
#1303=LINE('',#9795,#2049);
#1304=LINE('',#9797,#2050);
#1305=LINE('',#9799,#2051);
#1306=LINE('',#9801,#2052);
#1307=LINE('',#9802,#2053);
#1308=LINE('',#9805,#2054);
#1309=LINE('',#9807,#2055);
#1310=LINE('',#9808,#2056);
#1311=LINE('',#9811,#2057);
#1312=LINE('',#9813,#2058);
#1313=LINE('',#9814,#2059);
#1314=LINE('',#9817,#2060);
#1315=LINE('',#9818,#2061);
#1316=LINE('',#9821,#2062);
#1317=LINE('',#9822,#2063);
#1318=LINE('',#9828,#2064);
#1319=LINE('',#9833,#2065);
#1320=LINE('',#9837,#2066);
#1321=LINE('',#9883,#2067);
#1322=LINE('',#9889,#2068);
#1323=LINE('',#9893,#2069);
#1324=LINE('',#9900,#2070);
#1325=LINE('',#9904,#2071);
#1326=LINE('',#9911,#2072);
#1327=LINE('',#9914,#2073);
#1328=LINE('',#9917,#2074);
#1329=LINE('',#9918,#2075);
#1330=LINE('',#9920,#2076);
#1331=LINE('',#9922,#2077);
#1332=LINE('',#9924,#2078);
#1333=LINE('',#9926,#2079);
#1334=LINE('',#9927,#2080);
#1335=LINE('',#9929,#2081);
#1336=LINE('',#9932,#2082);
#1337=LINE('',#9934,#2083);
#1338=LINE('',#9935,#2084);
#1339=LINE('',#9937,#2085);
#1340=LINE('',#9939,#2086);
#1341=LINE('',#9940,#2087);
#1342=LINE('',#9943,#2088);
#1343=LINE('',#9944,#2089);
#1344=LINE('',#9947,#2090);
#1345=LINE('',#9948,#2091);
#1346=LINE('',#9951,#2092);
#1347=LINE('',#9952,#2093);
#1348=LINE('',#9954,#2094);
#1349=LINE('',#9956,#2095);
#1350=LINE('',#9961,#2096);
#1351=LINE('',#9966,#2097);
#1352=LINE('',#9968,#2098);
#1353=LINE('',#9970,#2099);
#1354=LINE('',#9972,#2100);
#1355=LINE('',#9973,#2101);
#1356=LINE('',#9977,#2102);
#1357=LINE('',#9978,#2103);
#1358=LINE('',#9980,#2104);
#1359=LINE('',#9982,#2105);
#1360=LINE('',#9984,#2106);
#1361=LINE('',#9986,#2107);
#1362=LINE('',#9988,#2108);
#1363=LINE('',#9990,#2109);
#1364=LINE('',#9992,#2110);
#1365=LINE('',#9994,#2111);
#1366=LINE('',#9995,#2112);
#1367=LINE('',#9998,#2113);
#1368=LINE('',#10000,#2114);
#1369=LINE('',#10001,#2115);
#1370=LINE('',#10004,#2116);
#1371=LINE('',#10005,#2117);
#1372=LINE('',#10008,#2118);
#1373=LINE('',#10010,#2119);
#1374=LINE('',#10011,#2120);
#1375=LINE('',#10014,#2121);
#1376=LINE('',#10016,#2122);
#1377=LINE('',#10017,#2123);
#1378=LINE('',#10020,#2124);
#1379=LINE('',#10022,#2125);
#1380=LINE('',#10023,#2126);
#1381=LINE('',#10026,#2127);
#1382=LINE('',#10027,#2128);
#1383=LINE('',#10029,#2129);
#1384=LINE('',#10032,#2130);
#1385=LINE('',#10033,#2131);
#1386=LINE('',#10035,#2132);
#1387=LINE('',#10038,#2133);
#1388=LINE('',#10039,#2134);
#1389=LINE('',#10041,#2135);
#1390=LINE('',#10045,#2136);
#1391=LINE('',#10049,#2137);
#1392=LINE('',#10053,#2138);
#1393=LINE('',#10057,#2139);
#1394=LINE('',#10059,#2140);
#1395=LINE('',#10061,#2141);
#1396=LINE('',#10065,#2142);
#1397=LINE('',#10069,#2143);
#1398=LINE('',#10071,#2144);
#1399=LINE('',#10075,#2145);
#1400=LINE('',#10077,#2146);
#1401=LINE('',#10081,#2147);
#1402=LINE('',#10085,#2148);
#1403=LINE('',#10087,#2149);
#1404=LINE('',#10089,#2150);
#1405=LINE('',#10093,#2151);
#1406=LINE('',#10097,#2152);
#1407=LINE('',#10101,#2153);
#1408=LINE('',#10105,#2154);
#1409=LINE('',#10106,#2155);
#1410=LINE('',#10111,#2156);
#1411=LINE('',#10113,#2157);
#1412=LINE('',#10115,#2158);
#1413=LINE('',#10116,#2159);
#1414=LINE('',#10119,#2160);
#1415=LINE('',#10121,#2161);
#1416=LINE('',#10123,#2162);
#1417=LINE('',#10124,#2163);
#1418=LINE('',#10127,#2164);
#1419=LINE('',#10129,#2165);
#1420=LINE('',#10131,#2166);
#1421=LINE('',#10132,#2167);
#1422=LINE('',#10135,#2168);
#1423=LINE('',#10137,#2169);
#1424=LINE('',#10139,#2170);
#1425=LINE('',#10140,#2171);
#1426=LINE('',#10142,#2172);
#1427=LINE('',#10144,#2173);
#1428=LINE('',#10149,#2174);
#1429=LINE('',#10153,#2175);
#1430=LINE('',#10157,#2176);
#1431=LINE('',#10159,#2177);
#1432=LINE('',#10161,#2178);
#1433=LINE('',#10163,#2179);
#1434=LINE('',#10165,#2180);
#1435=LINE('',#10167,#2181);
#1436=LINE('',#10168,#2182);
#1437=LINE('',#10172,#2183);
#1438=LINE('',#10174,#2184);
#1439=LINE('',#10176,#2185);
#1440=LINE('',#10178,#2186);
#1441=LINE('',#10180,#2187);
#1442=LINE('',#10182,#2188);
#1443=LINE('',#10184,#2189);
#1444=LINE('',#10185,#2190);
#1445=LINE('',#10189,#2191);
#1446=LINE('',#10190,#2192);
#1447=LINE('',#10191,#2193);
#1448=LINE('',#10194,#2194);
#1449=LINE('',#10195,#2195);
#1450=LINE('',#10198,#2196);
#1451=LINE('',#10199,#2197);
#1452=LINE('',#10201,#2198);
#1453=LINE('',#10205,#2199);
#1454=LINE('',#10206,#2200);
#1455=LINE('',#10207,#2201);
#1456=LINE('',#10210,#2202);
#1457=LINE('',#10211,#2203);
#1458=LINE('',#10214,#2204);
#1459=LINE('',#10215,#2205);
#1460=LINE('',#10217,#2206);
#1461=LINE('',#10221,#2207);
#1462=LINE('',#10222,#2208);
#1463=LINE('',#10223,#2209);
#1464=LINE('',#10226,#2210);
#1465=LINE('',#10227,#2211);
#1466=LINE('',#10230,#2212);
#1467=LINE('',#10231,#2213);
#1468=LINE('',#10233,#2214);
#1469=LINE('',#10237,#2215);
#1470=LINE('',#10238,#2216);
#1471=LINE('',#10239,#2217);
#1472=LINE('',#10242,#2218);
#1473=LINE('',#10243,#2219);
#1474=LINE('',#10246,#2220);
#1475=LINE('',#10247,#2221);
#1476=LINE('',#10249,#2222);
#1477=LINE('',#10253,#2223);
#1478=LINE('',#10255,#2224);
#1479=LINE('',#10257,#2225);
#1480=LINE('',#10258,#2226);
#1481=LINE('',#10262,#2227);
#1482=LINE('',#10268,#2228);
#1483=LINE('',#10269,#2229);
#1484=LINE('',#10270,#2230);
#1485=LINE('',#10274,#2231);
#1486=LINE('',#10280,#2232);
#1487=LINE('',#10281,#2233);
#1488=LINE('',#10282,#2234);
#1489=LINE('',#10285,#2235);
#1490=LINE('',#10290,#2236);
#1491=LINE('',#10298,#2237);
#1492=LINE('',#10301,#2238);
#1493=LINE('',#10305,#2239);
#1494=LINE('',#10307,#2240);
#1495=LINE('',#10309,#2241);
#1496=LINE('',#10310,#2242);
#1497=LINE('',#10315,#2243);
#1498=LINE('',#10321,#2244);
#1499=LINE('',#10325,#2245);
#1500=LINE('',#10327,#2246);
#1501=LINE('',#10328,#2247);
#1502=LINE('',#10332,#2248);
#1503=LINE('',#10333,#2249);
#1504=LINE('',#10334,#2250);
#1505=LINE('',#10338,#2251);
#1506=LINE('',#10339,#2252);
#1507=LINE('',#10340,#2253);
#1508=LINE('',#10344,#2254);
#1509=LINE('',#10346,#2255);
#1510=LINE('',#10348,#2256);
#1511=LINE('',#10349,#2257);
#1512=LINE('',#10357,#2258);
#1513=LINE('',#10359,#2259);
#1514=LINE('',#10363,#2260);
#1515=LINE('',#10365,#2261);
#1516=LINE('',#10370,#2262);
#1517=LINE('',#10373,#2263);
#1518=LINE('',#10375,#2264);
#1519=LINE('',#10379,#2265);
#1520=LINE('',#10383,#2266);
#1521=LINE('',#10387,#2267);
#1522=LINE('',#10390,#2268);
#1523=LINE('',#10395,#2269);
#1524=LINE('',#10398,#2270);
#1525=LINE('',#10403,#2271);
#1526=LINE('',#10406,#2272);
#1527=LINE('',#10411,#2273);
#1528=LINE('',#10414,#2274);
#1529=LINE('',#10419,#2275);
#1530=LINE('',#10422,#2276);
#1531=LINE('',#10427,#2277);
#1532=LINE('',#10430,#2278);
#1533=LINE('',#10435,#2279);
#1534=LINE('',#10438,#2280);
#1535=LINE('',#10443,#2281);
#1536=LINE('',#10446,#2282);
#1537=LINE('',#10451,#2283);
#1538=LINE('',#10454,#2284);
#1539=LINE('',#10466,#2285);
#1540=LINE('',#10470,#2286);
#1541=LINE('',#10474,#2287);
#1542=LINE('',#10478,#2288);
#1543=LINE('',#10481,#2289);
#1544=LINE('',#10483,#2290);
#1545=LINE('',#10487,#2291);
#1546=LINE('',#10490,#2292);
#1547=LINE('',#10491,#2293);
#1548=LINE('',#10493,#2294);
#1549=LINE('',#10495,#2295);
#1550=LINE('',#10503,#2296);
#1551=LINE('',#10510,#2297);
#1552=LINE('',#10514,#2298);
#1553=LINE('',#10518,#2299);
#1554=LINE('',#10522,#2300);
#1555=LINE('',#10536,#2301);
#1556=LINE('',#10540,#2302);
#1557=LINE('',#10544,#2303);
#1558=LINE('',#10548,#2304);
#1559=LINE('',#10554,#2305);
#1560=LINE('',#10565,#2306);
#1561=LINE('',#10567,#2307);
#1562=LINE('',#10569,#2308);
#1563=LINE('',#10570,#2309);
#1564=LINE('',#10573,#2310);
#1565=LINE('',#10575,#2311);
#1566=LINE('',#10577,#2312);
#1567=LINE('',#10578,#2313);
#1568=LINE('',#10581,#2314);
#1569=LINE('',#10582,#2315);
#1570=LINE('',#10586,#2316);
#1571=LINE('',#10588,#2317);
#1572=LINE('',#10590,#2318);
#1573=LINE('',#10591,#2319);
#1574=LINE('',#10594,#2320);
#1575=LINE('',#10598,#2321);
#1576=LINE('',#10602,#2322);
#1577=LINE('',#10604,#2323);
#1578=LINE('',#10605,#2324);
#1579=LINE('',#10609,#2325);
#1580=LINE('',#10611,#2326);
#1581=LINE('',#10613,#2327);
#1582=LINE('',#10614,#2328);
#1583=LINE('',#10617,#2329);
#1584=LINE('',#10619,#2330);
#1585=LINE('',#10620,#2331);
#1586=LINE('',#10623,#2332);
#1587=LINE('',#10630,#2333);
#1588=LINE('',#10634,#2334);
#1589=LINE('',#10637,#2335);
#1590=LINE('',#10640,#2336);
#1591=LINE('',#10641,#2337);
#1592=LINE('',#10643,#2338);
#1593=LINE('',#10652,#2339);
#1594=LINE('',#10653,#2340);
#1595=LINE('',#10657,#2341);
#1596=LINE('',#10661,#2342);
#1597=LINE('',#10662,#2343);
#1598=LINE('',#10664,#2344);
#1599=LINE('',#10666,#2345);
#1600=LINE('',#10667,#2346);
#1601=LINE('',#10685,#2347);
#1602=LINE('',#10690,#2348);
#1603=LINE('',#10691,#2349);
#1604=LINE('',#10692,#2350);
#1605=LINE('',#10695,#2351);
#1606=LINE('',#10705,#2352);
#1607=LINE('',#10709,#2353);
#1608=LINE('',#10713,#2354);
#1609=LINE('',#10743,#2355);
#1610=LINE('',#10746,#2356);
#1611=LINE('',#10749,#2357);
#1612=LINE('',#10752,#2358);
#1613=LINE('',#10754,#2359);
#1614=LINE('',#10757,#2360);
#1615=LINE('',#10759,#2361);
#1616=LINE('',#10760,#2362);
#1617=LINE('',#10764,#2363);
#1618=LINE('',#10767,#2364);
#1619=LINE('',#10771,#2365);
#1620=LINE('',#10772,#2366);
#1621=LINE('',#10774,#2367);
#1622=LINE('',#10776,#2368);
#1623=LINE('',#10778,#2369);
#1624=LINE('',#10805,#2370);
#1625=LINE('',#10807,#2371);
#1626=LINE('',#10811,#2372);
#1627=LINE('',#10814,#2373);
#1628=LINE('',#10817,#2374);
#1629=LINE('',#10820,#2375);
#1630=LINE('',#10823,#2376);
#1631=LINE('',#10826,#2377);
#1632=LINE('',#10828,#2378);
#1633=LINE('',#10831,#2379);
#1634=LINE('',#10835,#2380);
#1635=LINE('',#10839,#2381);
#1636=LINE('',#10841,#2382);
#1637=LINE('',#10842,#2383);
#1638=LINE('',#10843,#2384);
#1639=LINE('',#10845,#2385);
#1640=LINE('',#10847,#2386);
#1641=LINE('',#10848,#2387);
#1642=LINE('',#10850,#2388);
#1643=LINE('',#10853,#2389);
#1644=LINE('',#10859,#2390);
#1645=LINE('',#10863,#2391);
#1646=LINE('',#10867,#2392);
#1647=LINE('',#10871,#2393);
#1648=LINE('',#10875,#2394);
#1649=LINE('',#10879,#2395);
#1650=LINE('',#10883,#2396);
#1651=LINE('',#10886,#2397);
#1652=LINE('',#10891,#2398);
#1653=LINE('',#10893,#2399);
#1654=LINE('',#10895,#2400);
#1655=LINE('',#10899,#2401);
#1656=LINE('',#10903,#2402);
#1657=LINE('',#10905,#2403);
#1658=LINE('',#10907,#2404);
#1659=LINE('',#10910,#2405);
#1660=LINE('',#10916,#2406);
#1661=LINE('',#10920,#2407);
#1662=LINE('',#10924,#2408);
#1663=LINE('',#10928,#2409);
#1664=LINE('',#10932,#2410);
#1665=LINE('',#10936,#2411);
#1666=LINE('',#10940,#2412);
#1667=LINE('',#10943,#2413);
#1668=LINE('',#10948,#2414);
#1669=LINE('',#10950,#2415);
#1670=LINE('',#10952,#2416);
#1671=LINE('',#10956,#2417);
#1672=LINE('',#10960,#2418);
#1673=LINE('',#10962,#2419);
#1674=LINE('',#10964,#2420);
#1675=LINE('',#10967,#2421);
#1676=LINE('',#10973,#2422);
#1677=LINE('',#10977,#2423);
#1678=LINE('',#10981,#2424);
#1679=LINE('',#10985,#2425);
#1680=LINE('',#10989,#2426);
#1681=LINE('',#10993,#2427);
#1682=LINE('',#10997,#2428);
#1683=LINE('',#11000,#2429);
#1684=LINE('',#11005,#2430);
#1685=LINE('',#11007,#2431);
#1686=LINE('',#11009,#2432);
#1687=LINE('',#11013,#2433);
#1688=LINE('',#11017,#2434);
#1689=LINE('',#11019,#2435);
#1690=LINE('',#11021,#2436);
#1691=LINE('',#11024,#2437);
#1692=LINE('',#11030,#2438);
#1693=LINE('',#11034,#2439);
#1694=LINE('',#11038,#2440);
#1695=LINE('',#11042,#2441);
#1696=LINE('',#11046,#2442);
#1697=LINE('',#11050,#2443);
#1698=LINE('',#11054,#2444);
#1699=LINE('',#11057,#2445);
#1700=LINE('',#11062,#2446);
#1701=LINE('',#11064,#2447);
#1702=LINE('',#11066,#2448);
#1703=LINE('',#11070,#2449);
#1704=LINE('',#11074,#2450);
#1705=LINE('',#11076,#2451);
#1706=LINE('',#11078,#2452);
#1707=LINE('',#11081,#2453);
#1708=LINE('',#11083,#2454);
#1709=LINE('',#11084,#2455);
#1710=LINE('',#11086,#2456);
#1711=LINE('',#11087,#2457);
#1712=LINE('',#11089,#2458);
#1713=LINE('',#11093,#2459);
#1714=LINE('',#11095,#2460);
#1715=LINE('',#11097,#2461);
#1716=LINE('',#11100,#2462);
#1717=LINE('',#11102,#2463);
#1718=LINE('',#11103,#2464);
#1719=LINE('',#11105,#2465);
#1720=LINE('',#11107,#2466);
#1721=LINE('',#11108,#2467);
#1722=LINE('',#11110,#2468);
#1723=LINE('',#11112,#2469);
#1724=LINE('',#11113,#2470);
#1725=LINE('',#11115,#2471);
#1726=LINE('',#11117,#2472);
#1727=LINE('',#11118,#2473);
#1728=LINE('',#11121,#2474);
#1729=LINE('',#11123,#2475);
#1730=LINE('',#11129,#2476);
#1731=LINE('',#11133,#2477);
#1732=LINE('',#11137,#2478);
#1733=LINE('',#11140,#2479);
#1734=LINE('',#11142,#2480);
#1735=LINE('',#11144,#2481);
#1736=LINE('',#11156,#2482);
#1737=LINE('',#11169,#2483);
#1738=LINE('',#11184,#2484);
#1739=LINE('',#11190,#2485);
#1740=LINE('',#11194,#2486);
#1741=LINE('',#11198,#2487);
#1742=LINE('',#11201,#2488);
#1743=LINE('',#11203,#2489);
#1744=LINE('',#11205,#2490);
#1745=LINE('',#11217,#2491);
#1746=LINE('',#11230,#2492);
#1747=LINE('',#11245,#2493);
#1748=LINE('',#11249,#2494);
#1749=LINE('',#11251,#2495);
#1750=LINE('',#11275,#2496);
#1751=LINE('',#11290,#2497);
#1752=LINE('',#11305,#2498);
#1753=LINE('',#11325,#2499);
#1754=LINE('',#11328,#2500);
#1755=LINE('',#11343,#2501);
#1756=LINE('',#11378,#2502);
#1757=LINE('',#11399,#2503);
#1758=LINE('',#11414,#2504);
#1759=LINE('',#11428,#2505);
#1760=LINE('',#11430,#2506);
#1761=LINE('',#11431,#2507);
#1762=LINE('',#11433,#2508);
#1763=LINE('',#11435,#2509);
#1764=LINE('',#11436,#2510);
#1765=LINE('',#11438,#2511);
#1766=LINE('',#11440,#2512);
#1767=LINE('',#11442,#2513);
#1768=LINE('',#11443,#2514);
#1769=LINE('',#11445,#2515);
#1770=LINE('',#11446,#2516);
#1771=LINE('',#11448,#2517);
#1772=LINE('',#11449,#2518);
#1773=LINE('',#11450,#2519);
#1774=LINE('',#11452,#2520);
#1775=LINE('',#11454,#2521);
#1776=LINE('',#11456,#2522);
#1777=LINE('',#11458,#2523);
#1778=LINE('',#11459,#2524);
#1779=LINE('',#11460,#2525);
#1780=LINE('',#11462,#2526);
#1781=LINE('',#11464,#2527);
#1782=LINE('',#11468,#2528);
#1783=LINE('',#11470,#2529);
#1784=LINE('',#11472,#2530);
#1785=LINE('',#11473,#2531);
#1786=LINE('',#11477,#2532);
#1787=LINE('',#11500,#2533);
#1788=LINE('',#11505,#2534);
#1789=LINE('',#11507,#2535);
#1790=LINE('',#11508,#2536);
#1791=LINE('',#11535,#2537);
#1792=LINE('',#11537,#2538);
#1793=LINE('',#11538,#2539);
#1794=LINE('',#11539,#2540);
#1795=LINE('',#11541,#2541);
#1796=LINE('',#11543,#2542);
#1797=LINE('',#11545,#2543);
#1798=LINE('',#11547,#2544);
#1799=LINE('',#11548,#2545);
#1800=LINE('',#11549,#2546);
#1801=LINE('',#11551,#2547);
#1802=LINE('',#11553,#2548);
#1803=LINE('',#11577,#2549);
#1804=LINE('',#11584,#2550);
#1805=LINE('',#11588,#2551);
#1806=LINE('',#11591,#2552);
#1807=LINE('',#11594,#2553);
#1808=LINE('',#11596,#2554);
#1809=LINE('',#11597,#2555);
#1810=LINE('',#11600,#2556);
#1811=LINE('',#11602,#2557);
#1812=LINE('',#11603,#2558);
#1813=LINE('',#11626,#2559);
#1814=LINE('',#11627,#2560);
#1815=LINE('',#11628,#2561);
#1816=LINE('',#11630,#2562);
#1817=LINE('',#11632,#2563);
#1818=LINE('',#11634,#2564);
#1819=LINE('',#11636,#2565);
#1820=LINE('',#11637,#2566);
#1821=LINE('',#11638,#2567);
#1822=LINE('',#11640,#2568);
#1823=LINE('',#11664,#2569);
#1824=LINE('',#11671,#2570);
#1825=LINE('',#11675,#2571);
#1826=LINE('',#11678,#2572);
#1827=LINE('',#11681,#2573);
#1828=LINE('',#11683,#2574);
#1829=LINE('',#11684,#2575);
#1830=LINE('',#11687,#2576);
#1831=LINE('',#11689,#2577);
#1832=LINE('',#11690,#2578);
#1833=LINE('',#11713,#2579);
#1834=LINE('',#11714,#2580);
#1835=LINE('',#11715,#2581);
#1836=LINE('',#11717,#2582);
#1837=LINE('',#11719,#2583);
#1838=LINE('',#11721,#2584);
#1839=LINE('',#11723,#2585);
#1840=LINE('',#11724,#2586);
#1841=LINE('',#11725,#2587);
#1842=LINE('',#11727,#2588);
#1843=LINE('',#11731,#2589);
#1844=LINE('',#11733,#2590);
#1845=LINE('',#11735,#2591);
#1846=LINE('',#11736,#2592);
#1847=LINE('',#11740,#2593);
#1848=LINE('',#11763,#2594);
#1849=LINE('',#11768,#2595);
#1850=LINE('',#11770,#2596);
#1851=LINE('',#11771,#2597);
#1852=LINE('',#11798,#2598);
#1853=LINE('',#11800,#2599);
#1854=LINE('',#11801,#2600);
#1855=LINE('',#11802,#2601);
#1856=LINE('',#11804,#2602);
#1857=LINE('',#11806,#2603);
#1858=LINE('',#11808,#2604);
#1859=LINE('',#11810,#2605);
#1860=LINE('',#11811,#2606);
#1861=LINE('',#11812,#2607);
#1862=LINE('',#11814,#2608);
#1863=LINE('',#11816,#2609);
#1864=LINE('',#11833,#2610);
#1865=LINE('',#11870,#2611);
#1866=LINE('',#11884,#2612);
#1867=LINE('',#11888,#2613);
#1868=LINE('',#11890,#2614);
#1869=LINE('',#11892,#2615);
#1870=LINE('',#11893,#2616);
#1871=LINE('',#11896,#2617);
#1872=LINE('',#11898,#2618);
#1873=LINE('',#11899,#2619);
#1874=LINE('',#11902,#2620);
#1875=LINE('',#11904,#2621);
#1876=LINE('',#11905,#2622);
#1877=LINE('',#11921,#2623);
#1878=LINE('',#11987,#2624);
#1879=LINE('',#12002,#2625);
#1880=LINE('',#12079,#2626);
#1881=LINE('',#12093,#2627);
#1882=LINE('',#12095,#2628);
#1883=LINE('',#12096,#2629);
#1884=LINE('',#12098,#2630);
#1885=LINE('',#12100,#2631);
#1886=LINE('',#12102,#2632);
#1887=LINE('',#12103,#2633);
#1888=LINE('',#12104,#2634);
#1889=LINE('',#12106,#2635);
#1890=LINE('',#12108,#2636);
#1891=LINE('',#12109,#2637);
#1892=LINE('',#12110,#2638);
#1893=LINE('',#12113,#2639);
#1894=LINE('',#12115,#2640);
#1895=LINE('',#12117,#2641);
#1896=LINE('',#12119,#2642);
#1897=LINE('',#12120,#2643);
#1898=LINE('',#12121,#2644);
#1899=LINE('',#12123,#2645);
#1900=LINE('',#12125,#2646);
#1901=LINE('',#12130,#2647);
#1902=LINE('',#12137,#2648);
#1903=LINE('',#12144,#2649);
#1904=LINE('',#12151,#2650);
#1905=LINE('',#12158,#2651);
#1906=LINE('',#12165,#2652);
#1907=LINE('',#12172,#2653);
#1908=LINE('',#12179,#2654);
#1909=LINE('',#12184,#2655);
#1910=LINE('',#12185,#2656);
#1911=LINE('',#12190,#2657);
#1912=LINE('',#12196,#2658);
#1913=LINE('',#12200,#2659);
#1914=LINE('',#12201,#2660);
#1915=LINE('',#12205,#2661);
#1916=LINE('',#12206,#2662);
#1917=LINE('',#12208,#2663);
#1918=LINE('',#12210,#2664);
#1919=LINE('',#12211,#2665);
#1920=LINE('',#12212,#2666);
#1921=LINE('',#12214,#2667);
#1922=LINE('',#12215,#2668);
#1923=LINE('',#12217,#2669);
#1924=LINE('',#12219,#2670);
#1925=LINE('',#12224,#2671);
#1926=LINE('',#12225,#2672);
#1927=LINE('',#12230,#2673);
#1928=LINE('',#12236,#2674);
#1929=LINE('',#12240,#2675);
#1930=LINE('',#12241,#2676);
#1931=LINE('',#12245,#2677);
#1932=LINE('',#12246,#2678);
#1933=LINE('',#12248,#2679);
#1934=LINE('',#12250,#2680);
#1935=LINE('',#12251,#2681);
#1936=LINE('',#12252,#2682);
#1937=LINE('',#12254,#2683);
#1938=LINE('',#12256,#2684);
#1939=LINE('',#12262,#2685);
#1940=LINE('',#12263,#2686);
#1941=LINE('',#12268,#2687);
#1942=LINE('',#12274,#2688);
#1943=LINE('',#12278,#2689);
#1944=LINE('',#12279,#2690);
#1945=LINE('',#12283,#2691);
#1946=LINE('',#12284,#2692);
#1947=LINE('',#12286,#2693);
#1948=LINE('',#12288,#2694);
#1949=LINE('',#12289,#2695);
#1950=LINE('',#12290,#2696);
#1951=LINE('',#12292,#2697);
#1952=LINE('',#12293,#2698);
#1953=LINE('',#12295,#2699);
#1954=LINE('',#12301,#2700);
#1955=LINE('',#12302,#2701);
#1956=LINE('',#12307,#2702);
#1957=LINE('',#12313,#2703);
#1958=LINE('',#12317,#2704);
#1959=LINE('',#12318,#2705);
#1960=LINE('',#12322,#2706);
#1961=LINE('',#12323,#2707);
#1962=LINE('',#12325,#2708);
#1963=LINE('',#12327,#2709);
#1964=LINE('',#12328,#2710);
#1965=LINE('',#12329,#2711);
#1966=LINE('',#12331,#2712);
#1967=LINE('',#12332,#2713);
#1968=LINE('',#12334,#2714);
#1969=LINE('',#12339,#2715);
#1970=LINE('',#12342,#2716);
#1971=LINE('',#12344,#2717);
#1972=LINE('',#12346,#2718);
#1973=LINE('',#12348,#2719);
#1974=LINE('',#12350,#2720);
#1975=LINE('',#12352,#2721);
#1976=LINE('',#12354,#2722);
#1977=LINE('',#12356,#2723);
#1978=LINE('',#12359,#2724);
#1979=LINE('',#12361,#2725);
#1980=LINE('',#12363,#2726);
#1981=LINE('',#12365,#2727);
#1982=LINE('',#12369,#2728);
#1983=LINE('',#12372,#2729);
#1984=LINE('',#12374,#2730);
#1985=LINE('',#12377,#2731);
#1986=LINE('',#12378,#2732);
#1987=LINE('',#12380,#2733);
#1988=LINE('',#12383,#2734);
#1989=LINE('',#12385,#2735);
#1990=LINE('',#12387,#2736);
#1991=LINE('',#12389,#2737);
#1992=LINE('',#12391,#2738);
#1993=LINE('',#12393,#2739);
#1994=LINE('',#12396,#2740);
#1995=LINE('',#12399,#2741);
#1996=LINE('',#12400,#2742);
#1997=LINE('',#12402,#2743);
#1998=LINE('',#12404,#2744);
#1999=LINE('',#12406,#2745);
#2000=LINE('',#12409,#2746);
#2001=LINE('',#12410,#2747);
#2002=LINE('',#12412,#2748);
#2003=LINE('',#12414,#2749);
#2004=LINE('',#12416,#2750);
#2005=LINE('',#12419,#2751);
#2006=LINE('',#12421,#2752);
#2007=LINE('',#12423,#2753);
#2008=LINE('',#12425,#2754);
#2009=LINE('',#12427,#2755);
#2010=LINE('',#12431,#2756);
#2011=LINE('',#12434,#2757);
#2012=LINE('',#12436,#2758);
#2013=LINE('',#12438,#2759);
#2014=LINE('',#12441,#2760);
#2015=LINE('',#12442,#2761);
#2016=LINE('',#12444,#2762);
#2017=LINE('',#12447,#2763);
#2018=LINE('',#12449,#2764);
#2019=LINE('',#12451,#2765);
#2020=LINE('',#12453,#2766);
#2021=LINE('',#12457,#2767);
#2022=LINE('',#12460,#2768);
#2023=LINE('',#12462,#2769);
#2024=LINE('',#12464,#2770);
#2025=LINE('',#12466,#2771);
#2026=LINE('',#12468,#2772);
#2027=VECTOR('',#7790,10.);
#2028=VECTOR('',#7791,10.);
#2029=VECTOR('',#7792,10.);
#2030=VECTOR('',#7793,10.);
#2031=VECTOR('',#7796,10.);
#2032=VECTOR('',#7797,10.);
#2033=VECTOR('',#7798,10.);
#2034=VECTOR('',#7799,10.);
#2035=VECTOR('',#7802,10.);
#2036=VECTOR('',#7803,10.);
#2037=VECTOR('',#7804,10.);
#2038=VECTOR('',#7805,10.);
#2039=VECTOR('',#7806,10.);
#2040=VECTOR('',#7809,10.);
#2041=VECTOR('',#7810,10.);
#2042=VECTOR('',#7811,10.);
#2043=VECTOR('',#7812,10.);
#2044=VECTOR('',#7815,10.);
#2045=VECTOR('',#7816,10.);
#2046=VECTOR('',#7817,10.);
#2047=VECTOR('',#7818,10.);
#2048=VECTOR('',#7821,10.);
#2049=VECTOR('',#7822,10.);
#2050=VECTOR('',#7823,10.);
#2051=VECTOR('',#7824,10.);
#2052=VECTOR('',#7825,10.);
#2053=VECTOR('',#7826,10.);
#2054=VECTOR('',#7829,10.);
#2055=VECTOR('',#7830,10.);
#2056=VECTOR('',#7831,10.);
#2057=VECTOR('',#7834,10.);
#2058=VECTOR('',#7835,10.);
#2059=VECTOR('',#7836,10.);
#2060=VECTOR('',#7839,10.);
#2061=VECTOR('',#7840,10.);
#2062=VECTOR('',#7843,10.);
#2063=VECTOR('',#7844,10.);
#2064=VECTOR('',#7851,10.);
#2065=VECTOR('',#7856,10.);
#2066=VECTOR('',#7859,10.);
#2067=VECTOR('',#7866,3.);
#2068=VECTOR('',#7871,10.);
#2069=VECTOR('',#7874,10.);
#2070=VECTOR('',#7875,10.);
#2071=VECTOR('',#7878,10.);
#2072=VECTOR('',#7879,10.);
#2073=VECTOR('',#7882,10.);
#2074=VECTOR('',#7885,10.);
#2075=VECTOR('',#7886,10.);
#2076=VECTOR('',#7887,10.);
#2077=VECTOR('',#7888,10.);
#2078=VECTOR('',#7889,10.);
#2079=VECTOR('',#7890,10.);
#2080=VECTOR('',#7891,10.);
#2081=VECTOR('',#7894,10.);
#2082=VECTOR('',#7897,10.);
#2083=VECTOR('',#7898,10.);
#2084=VECTOR('',#7899,10.);
#2085=VECTOR('',#7902,10.);
#2086=VECTOR('',#7903,10.);
#2087=VECTOR('',#7904,10.);
#2088=VECTOR('',#7907,10.);
#2089=VECTOR('',#7908,10.);
#2090=VECTOR('',#7911,10.);
#2091=VECTOR('',#7912,10.);
#2092=VECTOR('',#7917,10.);
#2093=VECTOR('',#7918,10.);
#2094=VECTOR('',#7921,10.);
#2095=VECTOR('',#7924,10.);
#2096=VECTOR('',#7929,3.);
#2097=VECTOR('',#7934,10.);
#2098=VECTOR('',#7935,10.);
#2099=VECTOR('',#7936,10.);
#2100=VECTOR('',#7937,10.);
#2101=VECTOR('',#7938,10.);
#2102=VECTOR('',#7941,10.);
#2103=VECTOR('',#7942,10.);
#2104=VECTOR('',#7943,10.);
#2105=VECTOR('',#7944,10.);
#2106=VECTOR('',#7945,10.);
#2107=VECTOR('',#7946,10.);
#2108=VECTOR('',#7947,10.);
#2109=VECTOR('',#7948,10.);
#2110=VECTOR('',#7949,10.);
#2111=VECTOR('',#7950,10.);
#2112=VECTOR('',#7951,10.);
#2113=VECTOR('',#7954,10.);
#2114=VECTOR('',#7955,10.);
#2115=VECTOR('',#7956,10.);
#2116=VECTOR('',#7959,10.);
#2117=VECTOR('',#7960,10.);
#2118=VECTOR('',#7963,10.);
#2119=VECTOR('',#7964,10.);
#2120=VECTOR('',#7965,10.);
#2121=VECTOR('',#7968,10.);
#2122=VECTOR('',#7969,10.);
#2123=VECTOR('',#7970,10.);
#2124=VECTOR('',#7973,10.);
#2125=VECTOR('',#7974,10.);
#2126=VECTOR('',#7975,10.);
#2127=VECTOR('',#7978,10.);
#2128=VECTOR('',#7979,10.);
#2129=VECTOR('',#7982,10.);
#2130=VECTOR('',#7985,10.);
#2131=VECTOR('',#7986,10.);
#2132=VECTOR('',#7989,10.);
#2133=VECTOR('',#7992,10.);
#2134=VECTOR('',#7993,10.);
#2135=VECTOR('',#7994,10.);
#2136=VECTOR('',#7997,10.);
#2137=VECTOR('',#8000,10.);
#2138=VECTOR('',#8003,10.);
#2139=VECTOR('',#8006,10.);
#2140=VECTOR('',#8007,10.);
#2141=VECTOR('',#8008,10.);
#2142=VECTOR('',#8011,10.);
#2143=VECTOR('',#8014,10.);
#2144=VECTOR('',#8015,10.);
#2145=VECTOR('',#8018,10.);
#2146=VECTOR('',#8019,10.);
#2147=VECTOR('',#8022,10.);
#2148=VECTOR('',#8025,10.);
#2149=VECTOR('',#8026,10.);
#2150=VECTOR('',#8027,10.);
#2151=VECTOR('',#8030,10.);
#2152=VECTOR('',#8033,10.);
#2153=VECTOR('',#8036,10.);
#2154=VECTOR('',#8039,10.);
#2155=VECTOR('',#8040,10.);
#2156=VECTOR('',#8043,10.);
#2157=VECTOR('',#8044,10.);
#2158=VECTOR('',#8045,10.);
#2159=VECTOR('',#8046,10.);
#2160=VECTOR('',#8047,10.);
#2161=VECTOR('',#8048,10.);
#2162=VECTOR('',#8049,10.);
#2163=VECTOR('',#8050,10.);
#2164=VECTOR('',#8051,10.);
#2165=VECTOR('',#8052,10.);
#2166=VECTOR('',#8053,10.);
#2167=VECTOR('',#8054,10.);
#2168=VECTOR('',#8055,10.);
#2169=VECTOR('',#8056,10.);
#2170=VECTOR('',#8057,10.);
#2171=VECTOR('',#8058,10.);
#2172=VECTOR('',#8061,10.);
#2173=VECTOR('',#8064,10.);
#2174=VECTOR('',#8069,10.);
#2175=VECTOR('',#8072,10.);
#2176=VECTOR('',#8077,10.);
#2177=VECTOR('',#8078,10.);
#2178=VECTOR('',#8079,10.);
#2179=VECTOR('',#8080,7.00000000016153);
#2180=VECTOR('',#8081,10.);
#2181=VECTOR('',#8082,10.);
#2182=VECTOR('',#8083,10.);
#2183=VECTOR('',#8086,10.);
#2184=VECTOR('',#8087,10.);
#2185=VECTOR('',#8088,10.);
#2186=VECTOR('',#8089,10.);
#2187=VECTOR('',#8090,10.);
#2188=VECTOR('',#8091,10.);
#2189=VECTOR('',#8092,6.99999999981074);
#2190=VECTOR('',#8093,10.);
#2191=VECTOR('',#8096,10.);
#2192=VECTOR('',#8097,10.);
#2193=VECTOR('',#8098,10.);
#2194=VECTOR('',#8101,10.);
#2195=VECTOR('',#8102,10.);
#2196=VECTOR('',#8105,10.);
#2197=VECTOR('',#8106,10.);
#2198=VECTOR('',#8109,10.);
#2199=VECTOR('',#8112,10.);
#2200=VECTOR('',#8113,10.);
#2201=VECTOR('',#8114,10.);
#2202=VECTOR('',#8117,10.);
#2203=VECTOR('',#8118,10.);
#2204=VECTOR('',#8121,10.);
#2205=VECTOR('',#8122,10.);
#2206=VECTOR('',#8125,10.);
#2207=VECTOR('',#8128,10.);
#2208=VECTOR('',#8129,10.);
#2209=VECTOR('',#8130,10.);
#2210=VECTOR('',#8133,10.);
#2211=VECTOR('',#8134,10.);
#2212=VECTOR('',#8137,10.);
#2213=VECTOR('',#8138,10.);
#2214=VECTOR('',#8141,10.);
#2215=VECTOR('',#8144,10.);
#2216=VECTOR('',#8145,10.);
#2217=VECTOR('',#8146,10.);
#2218=VECTOR('',#8149,10.);
#2219=VECTOR('',#8150,10.);
#2220=VECTOR('',#8153,10.);
#2221=VECTOR('',#8154,10.);
#2222=VECTOR('',#8157,10.);
#2223=VECTOR('',#8160,10.);
#2224=VECTOR('',#8161,10.);
#2225=VECTOR('',#8162,10.);
#2226=VECTOR('',#8163,10.);
#2227=VECTOR('',#8166,10.);
#2228=VECTOR('',#8173,10.);
#2229=VECTOR('',#8174,10.);
#2230=VECTOR('',#8175,10.);
#2231=VECTOR('',#8178,10.);
#2232=VECTOR('',#8185,10.);
#2233=VECTOR('',#8186,10.);
#2234=VECTOR('',#8187,10.);
#2235=VECTOR('',#8190,10.);
#2236=VECTOR('',#8197,10.);
#2237=VECTOR('',#8210,10.);
#2238=VECTOR('',#8213,10.);
#2239=VECTOR('',#8218,10.);
#2240=VECTOR('',#8219,10.);
#2241=VECTOR('',#8220,10.);
#2242=VECTOR('',#8221,10.);
#2243=VECTOR('',#8226,10.);
#2244=VECTOR('',#8233,10.);
#2245=VECTOR('',#8238,10.);
#2246=VECTOR('',#8239,10.);
#2247=VECTOR('',#8240,10.);
#2248=VECTOR('',#8243,10.);
#2249=VECTOR('',#8244,10.);
#2250=VECTOR('',#8245,10.);
#2251=VECTOR('',#8248,10.);
#2252=VECTOR('',#8249,10.);
#2253=VECTOR('',#8250,10.);
#2254=VECTOR('',#8253,10.);
#2255=VECTOR('',#8254,10.);
#2256=VECTOR('',#8255,10.);
#2257=VECTOR('',#8256,10.);
#2258=VECTOR('',#8267,10.);
#2259=VECTOR('',#8268,10.);
#2260=VECTOR('',#8271,10.);
#2261=VECTOR('',#8272,10.);
#2262=VECTOR('',#8277,10.);
#2263=VECTOR('',#8280,10.);
#2264=VECTOR('',#8281,10.);
#2265=VECTOR('',#8284,10.);
#2266=VECTOR('',#8287,10.);
#2267=VECTOR('',#8290,10.);
#2268=VECTOR('',#8293,10.);
#2269=VECTOR('',#8296,10.);
#2270=VECTOR('',#8299,10.);
#2271=VECTOR('',#8302,10.);
#2272=VECTOR('',#8305,10.);
#2273=VECTOR('',#8308,10.);
#2274=VECTOR('',#8311,10.);
#2275=VECTOR('',#8314,10.);
#2276=VECTOR('',#8317,10.);
#2277=VECTOR('',#8320,10.);
#2278=VECTOR('',#8323,10.);
#2279=VECTOR('',#8326,10.);
#2280=VECTOR('',#8329,10.);
#2281=VECTOR('',#8332,10.);
#2282=VECTOR('',#8335,10.);
#2283=VECTOR('',#8338,10.);
#2284=VECTOR('',#8341,10.);
#2285=VECTOR('',#8352,10.);
#2286=VECTOR('',#8355,10.);
#2287=VECTOR('',#8358,10.);
#2288=VECTOR('',#8361,10.);
#2289=VECTOR('',#8364,10.);
#2290=VECTOR('',#8365,10.);
#2291=VECTOR('',#8368,10.);
#2292=VECTOR('',#8373,10.);
#2293=VECTOR('',#8374,10.);
#2294=VECTOR('',#8377,10.);
#2295=VECTOR('',#8380,10.);
#2296=VECTOR('',#8389,10.);
#2297=VECTOR('',#8396,10.);
#2298=VECTOR('',#8399,10.);
#2299=VECTOR('',#8402,10.);
#2300=VECTOR('',#8405,10.);
#2301=VECTOR('',#8422,10.);
#2302=VECTOR('',#8425,10.);
#2303=VECTOR('',#8428,10.);
#2304=VECTOR('',#8431,10.);
#2305=VECTOR('',#8438,10.);
#2306=VECTOR('',#8449,10.);
#2307=VECTOR('',#8450,10.);
#2308=VECTOR('',#8451,10.);
#2309=VECTOR('',#8452,10.);
#2310=VECTOR('',#8455,10.);
#2311=VECTOR('',#8456,10.);
#2312=VECTOR('',#8457,10.);
#2313=VECTOR('',#8458,10.);
#2314=VECTOR('',#8461,10.);
#2315=VECTOR('',#8462,10.);
#2316=VECTOR('',#8465,10.);
#2317=VECTOR('',#8466,10.);
#2318=VECTOR('',#8467,10.);
#2319=VECTOR('',#8468,10.);
#2320=VECTOR('',#8471,10.);
#2321=VECTOR('',#8474,10.);
#2322=VECTOR('',#8477,10.);
#2323=VECTOR('',#8478,10.);
#2324=VECTOR('',#8479,10.);
#2325=VECTOR('',#8482,10.);
#2326=VECTOR('',#8483,10.);
#2327=VECTOR('',#8484,10.);
#2328=VECTOR('',#8485,10.);
#2329=VECTOR('',#8488,10.);
#2330=VECTOR('',#8489,10.);
#2331=VECTOR('',#8490,10.);
#2332=VECTOR('',#8493,10.);
#2333=VECTOR('',#8494,10.);
#2334=VECTOR('',#8497,10.);
#2335=VECTOR('',#8500,10.);
#2336=VECTOR('',#8503,10.);
#2337=VECTOR('',#8504,10.);
#2338=VECTOR('',#8507,10.);
#2339=VECTOR('',#8510,10.);
#2340=VECTOR('',#8511,10.);
#2341=VECTOR('',#8514,10.);
#2342=VECTOR('',#8517,10.);
#2343=VECTOR('',#8518,10.);
#2344=VECTOR('',#8519,10.);
#2345=VECTOR('',#8520,10.);
#2346=VECTOR('',#8521,10.);
#2347=VECTOR('',#8540,10.);
#2348=VECTOR('',#8545,10.);
#2349=VECTOR('',#8546,10.);
#2350=VECTOR('',#8547,10.);
#2351=VECTOR('',#8550,10.);
#2352=VECTOR('',#8553,10.);
#2353=VECTOR('',#8556,10.);
#2354=VECTOR('',#8559,10.);
#2355=VECTOR('',#8562,10.);
#2356=VECTOR('',#8565,10.);
#2357=VECTOR('',#8568,10.);
#2358=VECTOR('',#8571,10.);
#2359=VECTOR('',#8574,10.);
#2360=VECTOR('',#8577,10.);
#2361=VECTOR('',#8578,10.);
#2362=VECTOR('',#8579,10.);
#2363=VECTOR('',#8584,10.);
#2364=VECTOR('',#8587,10.);
#2365=VECTOR('',#8592,10.);
#2366=VECTOR('',#8593,10.);
#2367=VECTOR('',#8596,10.);
#2368=VECTOR('',#8599,10.);
#2369=VECTOR('',#8602,10.);
#2370=VECTOR('',#8607,10.);
#2371=VECTOR('',#8608,10.);
#2372=VECTOR('',#8611,10.);
#2373=VECTOR('',#8614,10.);
#2374=VECTOR('',#8617,10.);
#2375=VECTOR('',#8620,10.);
#2376=VECTOR('',#8623,10.);
#2377=VECTOR('',#8626,10.);
#2378=VECTOR('',#8629,10.);
#2379=VECTOR('',#8632,10.);
#2380=VECTOR('',#8635,10.);
#2381=VECTOR('',#8638,10.);
#2382=VECTOR('',#8639,10.);
#2383=VECTOR('',#8640,10.);
#2384=VECTOR('',#8641,10.);
#2385=VECTOR('',#8644,10.);
#2386=VECTOR('',#8647,10.);
#2387=VECTOR('',#8648,10.);
#2388=VECTOR('',#8651,10.);
#2389=VECTOR('',#8656,10.);
#2390=VECTOR('',#8661,10.);
#2391=VECTOR('',#8664,10.);
#2392=VECTOR('',#8667,10.);
#2393=VECTOR('',#8670,10.);
#2394=VECTOR('',#8673,10.);
#2395=VECTOR('',#8676,10.);
#2396=VECTOR('',#8679,10.);
#2397=VECTOR('',#8682,10.);
#2398=VECTOR('',#8685,10.);
#2399=VECTOR('',#8686,10.);
#2400=VECTOR('',#8687,10.);
#2401=VECTOR('',#8690,10.);
#2402=VECTOR('',#8693,10.);
#2403=VECTOR('',#8694,10.);
#2404=VECTOR('',#8695,10.);
#2405=VECTOR('',#8698,10.);
#2406=VECTOR('',#8703,10.);
#2407=VECTOR('',#8706,10.);
#2408=VECTOR('',#8709,10.);
#2409=VECTOR('',#8712,10.);
#2410=VECTOR('',#8715,10.);
#2411=VECTOR('',#8718,10.);
#2412=VECTOR('',#8721,10.);
#2413=VECTOR('',#8724,10.);
#2414=VECTOR('',#8727,10.);
#2415=VECTOR('',#8728,10.);
#2416=VECTOR('',#8729,10.);
#2417=VECTOR('',#8732,10.);
#2418=VECTOR('',#8735,10.);
#2419=VECTOR('',#8736,10.);
#2420=VECTOR('',#8737,10.);
#2421=VECTOR('',#8740,10.);
#2422=VECTOR('',#8745,10.);
#2423=VECTOR('',#8748,10.);
#2424=VECTOR('',#8751,10.);
#2425=VECTOR('',#8754,10.);
#2426=VECTOR('',#8757,10.);
#2427=VECTOR('',#8760,10.);
#2428=VECTOR('',#8763,10.);
#2429=VECTOR('',#8766,10.);
#2430=VECTOR('',#8769,10.);
#2431=VECTOR('',#8770,10.);
#2432=VECTOR('',#8771,10.);
#2433=VECTOR('',#8774,10.);
#2434=VECTOR('',#8777,10.);
#2435=VECTOR('',#8778,10.);
#2436=VECTOR('',#8779,10.);
#2437=VECTOR('',#8782,10.);
#2438=VECTOR('',#8787,10.);
#2439=VECTOR('',#8790,10.);
#2440=VECTOR('',#8793,10.);
#2441=VECTOR('',#8796,10.);
#2442=VECTOR('',#8799,10.);
#2443=VECTOR('',#8802,10.);
#2444=VECTOR('',#8805,10.);
#2445=VECTOR('',#8808,10.);
#2446=VECTOR('',#8811,10.);
#2447=VECTOR('',#8812,10.);
#2448=VECTOR('',#8813,10.);
#2449=VECTOR('',#8816,10.);
#2450=VECTOR('',#8819,10.);
#2451=VECTOR('',#8820,10.);
#2452=VECTOR('',#8821,10.);
#2453=VECTOR('',#8824,10.);
#2454=VECTOR('',#8827,10.);
#2455=VECTOR('',#8828,10.);
#2456=VECTOR('',#8831,10.);
#2457=VECTOR('',#8832,10.);
#2458=VECTOR('',#8835,10.);
#2459=VECTOR('',#8842,10.);
#2460=VECTOR('',#8845,10.);
#2461=VECTOR('',#8848,10.);
#2462=VECTOR('',#8851,10.);
#2463=VECTOR('',#8852,10.);
#2464=VECTOR('',#8853,10.);
#2465=VECTOR('',#8854,10.);
#2466=VECTOR('',#8855,10.);
#2467=VECTOR('',#8856,10.);
#2468=VECTOR('',#8857,10.);
#2469=VECTOR('',#8858,10.);
#2470=VECTOR('',#8859,10.);
#2471=VECTOR('',#8860,10.);
#2472=VECTOR('',#8861,10.);
#2473=VECTOR('',#8862,10.);
#2474=VECTOR('',#8867,10.);
#2475=VECTOR('',#8870,10.);
#2476=VECTOR('',#8875,10.);
#2477=VECTOR('',#8878,10.);
#2478=VECTOR('',#8881,10.);
#2479=VECTOR('',#8884,10.);
#2480=VECTOR('',#8887,10.);
#2481=VECTOR('',#8888,10.);
#2482=VECTOR('',#8891,10.);
#2483=VECTOR('',#8894,10.);
#2484=VECTOR('',#8897,10.);
#2485=VECTOR('',#8902,10.);
#2486=VECTOR('',#8905,10.);
#2487=VECTOR('',#8908,10.);
#2488=VECTOR('',#8911,10.);
#2489=VECTOR('',#8914,10.);
#2490=VECTOR('',#8915,10.);
#2491=VECTOR('',#8918,10.);
#2492=VECTOR('',#8921,10.);
#2493=VECTOR('',#8924,10.);
#2494=VECTOR('',#8931,10.);
#2495=VECTOR('',#8934,10.);
#2496=VECTOR('',#8939,10.);
#2497=VECTOR('',#8940,10.);
#2498=VECTOR('',#8941,10.);
#2499=VECTOR('',#8942,10.);
#2500=VECTOR('',#8945,10.);
#2501=VECTOR('',#8948,10.);
#2502=VECTOR('',#8951,10.);
#2503=VECTOR('',#8952,10.);
#2504=VECTOR('',#8953,10.);
#2505=VECTOR('',#8954,10.);
#2506=VECTOR('',#8957,10.);
#2507=VECTOR('',#8958,10.);
#2508=VECTOR('',#8961,10.);
#2509=VECTOR('',#8964,10.);
#2510=VECTOR('',#8965,10.);
#2511=VECTOR('',#8968,10.);
#2512=VECTOR('',#8971,10.);
#2513=VECTOR('',#8974,10.);
#2514=VECTOR('',#8975,10.);
#2515=VECTOR('',#8978,10.);
#2516=VECTOR('',#8979,10.);
#2517=VECTOR('',#8980,10.);
#2518=VECTOR('',#8981,10.);
#2519=VECTOR('',#8982,10.);
#2520=VECTOR('',#8985,10.);
#2521=VECTOR('',#8988,10.);
#2522=VECTOR('',#8991,10.);
#2523=VECTOR('',#8992,10.);
#2524=VECTOR('',#8993,10.);
#2525=VECTOR('',#8994,10.);
#2526=VECTOR('',#8997,10.);
#2527=VECTOR('',#9000,10.);
#2528=VECTOR('',#9003,10.);
#2529=VECTOR('',#9004,10.);
#2530=VECTOR('',#9005,10.);
#2531=VECTOR('',#9006,10.);
#2532=VECTOR('',#9009,10.);
#2533=VECTOR('',#9014,10.);
#2534=VECTOR('',#9021,10.);
#2535=VECTOR('',#9022,10.);
#2536=VECTOR('',#9023,10.);
#2537=VECTOR('',#9034,10.);
#2538=VECTOR('',#9037,10.);
#2539=VECTOR('',#9038,10.);
#2540=VECTOR('',#9039,10.);
#2541=VECTOR('',#9042,10.);
#2542=VECTOR('',#9045,10.);
#2543=VECTOR('',#9048,10.);
#2544=VECTOR('',#9049,10.);
#2545=VECTOR('',#9050,10.);
#2546=VECTOR('',#9051,10.);
#2547=VECTOR('',#9054,10.);
#2548=VECTOR('',#9057,10.);
#2549=VECTOR('',#9060,10.);
#2550=VECTOR('',#9067,10.);
#2551=VECTOR('',#9070,10.);
#2552=VECTOR('',#9075,10.);
#2553=VECTOR('',#9078,10.);
#2554=VECTOR('',#9079,10.);
#2555=VECTOR('',#9080,10.);
#2556=VECTOR('',#9083,10.);
#2557=VECTOR('',#9084,10.);
#2558=VECTOR('',#9085,10.);
#2559=VECTOR('',#9094,10.);
#2560=VECTOR('',#9095,10.);
#2561=VECTOR('',#9096,10.);
#2562=VECTOR('',#9099,10.);
#2563=VECTOR('',#9102,10.);
#2564=VECTOR('',#9105,10.);
#2565=VECTOR('',#9106,10.);
#2566=VECTOR('',#9107,10.);
#2567=VECTOR('',#9108,10.);
#2568=VECTOR('',#9111,10.);
#2569=VECTOR('',#9114,10.);
#2570=VECTOR('',#9121,10.);
#2571=VECTOR('',#9124,10.);
#2572=VECTOR('',#9129,10.);
#2573=VECTOR('',#9132,10.);
#2574=VECTOR('',#9133,10.);
#2575=VECTOR('',#9134,10.);
#2576=VECTOR('',#9137,10.);
#2577=VECTOR('',#9138,10.);
#2578=VECTOR('',#9139,10.);
#2579=VECTOR('',#9148,10.);
#2580=VECTOR('',#9149,10.);
#2581=VECTOR('',#9150,10.);
#2582=VECTOR('',#9153,10.);
#2583=VECTOR('',#9156,10.);
#2584=VECTOR('',#9159,10.);
#2585=VECTOR('',#9160,10.);
#2586=VECTOR('',#9161,10.);
#2587=VECTOR('',#9162,10.);
#2588=VECTOR('',#9165,10.);
#2589=VECTOR('',#9168,10.);
#2590=VECTOR('',#9169,10.);
#2591=VECTOR('',#9170,10.);
#2592=VECTOR('',#9171,10.);
#2593=VECTOR('',#9174,10.);
#2594=VECTOR('',#9179,10.);
#2595=VECTOR('',#9186,10.);
#2596=VECTOR('',#9187,10.);
#2597=VECTOR('',#9188,10.);
#2598=VECTOR('',#9199,10.);
#2599=VECTOR('',#9202,10.);
#2600=VECTOR('',#9203,10.);
#2601=VECTOR('',#9204,10.);
#2602=VECTOR('',#9207,10.);
#2603=VECTOR('',#9210,10.);
#2604=VECTOR('',#9213,10.);
#2605=VECTOR('',#9214,10.);
#2606=VECTOR('',#9215,10.);
#2607=VECTOR('',#9216,10.);
#2608=VECTOR('',#9219,10.);
#2609=VECTOR('',#9222,10.);
#2610=VECTOR('',#9225,10.);
#2611=VECTOR('',#9226,10.);
#2612=VECTOR('',#9227,10.);
#2613=VECTOR('',#9230,10.);
#2614=VECTOR('',#9231,10.);
#2615=VECTOR('',#9232,10.);
#2616=VECTOR('',#9233,10.);
#2617=VECTOR('',#9236,10.);
#2618=VECTOR('',#9237,10.);
#2619=VECTOR('',#9238,10.);
#2620=VECTOR('',#9241,10.);
#2621=VECTOR('',#9242,10.);
#2622=VECTOR('',#9243,10.);
#2623=VECTOR('',#9246,10.);
#2624=VECTOR('',#9249,10.);
#2625=VECTOR('',#9250,10.);
#2626=VECTOR('',#9253,10.);
#2627=VECTOR('',#9254,10.);
#2628=VECTOR('',#9257,10.);
#2629=VECTOR('',#9258,10.);
#2630=VECTOR('',#9261,10.);
#2631=VECTOR('',#9264,10.);
#2632=VECTOR('',#9265,10.);
#2633=VECTOR('',#9266,10.);
#2634=VECTOR('',#9267,10.);
#2635=VECTOR('',#9270,10.);
#2636=VECTOR('',#9273,10.);
#2637=VECTOR('',#9274,10.);
#2638=VECTOR('',#9275,10.);
#2639=VECTOR('',#9280,10.);
#2640=VECTOR('',#9283,10.);
#2641=VECTOR('',#9286,10.);
#2642=VECTOR('',#9287,10.);
#2643=VECTOR('',#9288,10.);
#2644=VECTOR('',#9289,10.);
#2645=VECTOR('',#9292,10.);
#2646=VECTOR('',#9295,10.);
#2647=VECTOR('',#9300,1.2);
#2648=VECTOR('',#9309,1.2);
#2649=VECTOR('',#9318,1.2);
#2650=VECTOR('',#9327,1.2);
#2651=VECTOR('',#9336,1.2);
#2652=VECTOR('',#9345,1.2);
#2653=VECTOR('',#9354,1.2);
#2654=VECTOR('',#9363,1.2);
#2655=VECTOR('',#9370,10.);
#2656=VECTOR('',#9371,10.);
#2657=VECTOR('',#9376,0.850000000000004);
#2658=VECTOR('',#9383,0.85);
#2659=VECTOR('',#9388,10.);
#2660=VECTOR('',#9389,10.);
#2661=VECTOR('',#9392,10.);
#2662=VECTOR('',#9393,10.);
#2663=VECTOR('',#9394,10.);
#2664=VECTOR('',#9395,10.);
#2665=VECTOR('',#9396,10.);
#2666=VECTOR('',#9397,10.);
#2667=VECTOR('',#9400,10.);
#2668=VECTOR('',#9401,10.);
#2669=VECTOR('',#9404,10.);
#2670=VECTOR('',#9407,10.);
#2671=VECTOR('',#9414,10.);
#2672=VECTOR('',#9415,10.);
#2673=VECTOR('',#9420,0.85);
#2674=VECTOR('',#9427,0.85);
#2675=VECTOR('',#9432,10.);
#2676=VECTOR('',#9433,10.);
#2677=VECTOR('',#9436,10.);
#2678=VECTOR('',#9437,10.);
#2679=VECTOR('',#9438,10.);
#2680=VECTOR('',#9439,10.);
#2681=VECTOR('',#9440,10.);
#2682=VECTOR('',#9441,10.);
#2683=VECTOR('',#9444,10.);
#2684=VECTOR('',#9447,10.);
#2685=VECTOR('',#9456,10.);
#2686=VECTOR('',#9457,10.);
#2687=VECTOR('',#9462,0.85);
#2688=VECTOR('',#9469,0.85);
#2689=VECTOR('',#9474,10.);
#2690=VECTOR('',#9475,10.);
#2691=VECTOR('',#9478,10.);
#2692=VECTOR('',#9479,10.);
#2693=VECTOR('',#9480,10.);
#2694=VECTOR('',#9481,10.);
#2695=VECTOR('',#9482,10.);
#2696=VECTOR('',#9483,10.);
#2697=VECTOR('',#9486,10.);
#2698=VECTOR('',#9487,10.);
#2699=VECTOR('',#9490,10.);
#2700=VECTOR('',#9499,10.);
#2701=VECTOR('',#9500,10.);
#2702=VECTOR('',#9505,0.85);
#2703=VECTOR('',#9512,0.85);
#2704=VECTOR('',#9517,10.);
#2705=VECTOR('',#9518,10.);
#2706=VECTOR('',#9521,10.);
#2707=VECTOR('',#9522,10.);
#2708=VECTOR('',#9523,10.);
#2709=VECTOR('',#9524,10.);
#2710=VECTOR('',#9525,10.);
#2711=VECTOR('',#9526,10.);
#2712=VECTOR('',#9529,10.);
#2713=VECTOR('',#9530,10.);
#2714=VECTOR('',#9533,10.);
#2715=VECTOR('',#9542,10.);
#2716=VECTOR('',#9547,10.);
#2717=VECTOR('',#9550,10.);
#2718=VECTOR('',#9553,10.);
#2719=VECTOR('',#9556,10.);
#2720=VECTOR('',#9559,10.);
#2721=VECTOR('',#9562,10.);
#2722=VECTOR('',#9565,10.);
#2723=VECTOR('',#9568,10.);
#2724=VECTOR('',#9573,10.);
#2725=VECTOR('',#9576,10.);
#2726=VECTOR('',#9579,10.);
#2727=VECTOR('',#9582,10.);
#2728=VECTOR('',#9589,10.);
#2729=VECTOR('',#9594,10.);
#2730=VECTOR('',#9597,10.);
#2731=VECTOR('',#9602,10.);
#2732=VECTOR('',#9603,10.);
#2733=VECTOR('',#9606,10.);
#2734=VECTOR('',#9611,10.);
#2735=VECTOR('',#9614,10.);
#2736=VECTOR('',#9617,10.);
#2737=VECTOR('',#9620,10.);
#2738=VECTOR('',#9623,10.);
#2739=VECTOR('',#9626,10.);
#2740=VECTOR('',#9631,10.);
#2741=VECTOR('',#9636,10.);
#2742=VECTOR('',#9637,10.);
#2743=VECTOR('',#9640,10.);
#2744=VECTOR('',#9643,10.);
#2745=VECTOR('',#9646,10.);
#2746=VECTOR('',#9651,10.);
#2747=VECTOR('',#9652,10.);
#2748=VECTOR('',#9655,10.);
#2749=VECTOR('',#9658,10.);
#2750=VECTOR('',#9661,10.);
#2751=VECTOR('',#9666,10.);
#2752=VECTOR('',#9669,10.);
#2753=VECTOR('',#9672,10.);
#2754=VECTOR('',#9675,10.);
#2755=VECTOR('',#9678,10.);
#2756=VECTOR('',#9685,10.);
#2757=VECTOR('',#9690,10.);
#2758=VECTOR('',#9693,10.);
#2759=VECTOR('',#9696,10.);
#2760=VECTOR('',#9701,10.);
#2761=VECTOR('',#9702,10.);
#2762=VECTOR('',#9705,10.);
#2763=VECTOR('',#9710,10.);
#2764=VECTOR('',#9713,10.);
#2765=VECTOR('',#9716,10.);
#2766=VECTOR('',#9719,10.);
#2767=VECTOR('',#9726,10.);
#2768=VECTOR('',#9731,1.875);
#2769=VECTOR('',#9734,2.5);
#2770=VECTOR('',#9737,1.875);
#2771=VECTOR('',#9740,1.875);
#2772=VECTOR('',#9743,1.875);
#2773=VERTEX_POINT('',#9746);
#2774=VERTEX_POINT('',#9747);
#2775=VERTEX_POINT('',#9749);
#2776=VERTEX_POINT('',#9751);
#2777=VERTEX_POINT('',#9755);
#2778=VERTEX_POINT('',#9756);
#2779=VERTEX_POINT('',#9758);
#2780=VERTEX_POINT('',#9760);
#2781=VERTEX_POINT('',#9765);
#2782=VERTEX_POINT('',#9767);
#2783=VERTEX_POINT('',#9769);
#2784=VERTEX_POINT('',#9773);
#2785=VERTEX_POINT('',#9774);
#2786=VERTEX_POINT('',#9776);
#2787=VERTEX_POINT('',#9778);
#2788=VERTEX_POINT('',#9782);
#2789=VERTEX_POINT('',#9783);
#2790=VERTEX_POINT('',#9785);
#2791=VERTEX_POINT('',#9787);
#2792=VERTEX_POINT('',#9791);
#2793=VERTEX_POINT('',#9792);
#2794=VERTEX_POINT('',#9794);
#2795=VERTEX_POINT('',#9796);
#2796=VERTEX_POINT('',#9798);
#2797=VERTEX_POINT('',#9800);
#2798=VERTEX_POINT('',#9804);
#2799=VERTEX_POINT('',#9806);
#2800=VERTEX_POINT('',#9810);
#2801=VERTEX_POINT('',#9812);
#2802=VERTEX_POINT('',#9816);
#2803=VERTEX_POINT('',#9820);
#2804=VERTEX_POINT('',#9823);
#2805=VERTEX_POINT('',#9826);
#2806=VERTEX_POINT('',#9830);
#2807=VERTEX_POINT('',#9832);
#2808=VERTEX_POINT('',#9834);
#2809=VERTEX_POINT('',#9836);
#2810=VERTEX_POINT('',#9841);
#2811=VERTEX_POINT('',#9842);
#2812=VERTEX_POINT('',#9853);
#2813=VERTEX_POINT('',#9885);
#2814=VERTEX_POINT('',#9886);
#2815=VERTEX_POINT('',#9888);
#2816=VERTEX_POINT('',#9890);
#2817=VERTEX_POINT('',#9892);
#2818=VERTEX_POINT('',#9894);
#2819=VERTEX_POINT('',#9899);
#2820=VERTEX_POINT('',#9901);
#2821=VERTEX_POINT('',#9903);
#2822=VERTEX_POINT('',#9905);
#2823=VERTEX_POINT('',#9910);
#2824=VERTEX_POINT('',#9912);
#2825=VERTEX_POINT('',#9916);
#2826=VERTEX_POINT('',#9919);
#2827=VERTEX_POINT('',#9921);
#2828=VERTEX_POINT('',#9923);
#2829=VERTEX_POINT('',#9925);
#2830=VERTEX_POINT('',#9931);
#2831=VERTEX_POINT('',#9933);
#2832=VERTEX_POINT('',#9938);
#2833=VERTEX_POINT('',#9942);
#2834=VERTEX_POINT('',#9946);
#2835=VERTEX_POINT('',#9958);
#2836=VERTEX_POINT('',#9960);
#2837=VERTEX_POINT('',#9964);
#2838=VERTEX_POINT('',#9965);
#2839=VERTEX_POINT('',#9967);
#2840=VERTEX_POINT('',#9969);
#2841=VERTEX_POINT('',#9971);
#2842=VERTEX_POINT('',#9975);
#2843=VERTEX_POINT('',#9976);
#2844=VERTEX_POINT('',#9979);
#2845=VERTEX_POINT('',#9981);
#2846=VERTEX_POINT('',#9983);
#2847=VERTEX_POINT('',#9985);
#2848=VERTEX_POINT('',#9987);
#2849=VERTEX_POINT('',#9989);
#2850=VERTEX_POINT('',#9991);
#2851=VERTEX_POINT('',#9993);
#2852=VERTEX_POINT('',#9997);
#2853=VERTEX_POINT('',#9999);
#2854=VERTEX_POINT('',#10003);
#2855=VERTEX_POINT('',#10007);
#2856=VERTEX_POINT('',#10009);
#2857=VERTEX_POINT('',#10013);
#2858=VERTEX_POINT('',#10015);
#2859=VERTEX_POINT('',#10019);
#2860=VERTEX_POINT('',#10021);
#2861=VERTEX_POINT('',#10025);
#2862=VERTEX_POINT('',#10031);
#2863=VERTEX_POINT('',#10037);
#2864=VERTEX_POINT('',#10040);
#2865=VERTEX_POINT('',#10042);
#2866=VERTEX_POINT('',#10044);
#2867=VERTEX_POINT('',#10046);
#2868=VERTEX_POINT('',#10048);
#2869=VERTEX_POINT('',#10050);
#2870=VERTEX_POINT('',#10052);
#2871=VERTEX_POINT('',#10054);
#2872=VERTEX_POINT('',#10056);
#2873=VERTEX_POINT('',#10058);
#2874=VERTEX_POINT('',#10060);
#2875=VERTEX_POINT('',#10062);
#2876=VERTEX_POINT('',#10064);
#2877=VERTEX_POINT('',#10066);
#2878=VERTEX_POINT('',#10068);
#2879=VERTEX_POINT('',#10070);
#2880=VERTEX_POINT('',#10072);
#2881=VERTEX_POINT('',#10074);
#2882=VERTEX_POINT('',#10076);
#2883=VERTEX_POINT('',#10078);
#2884=VERTEX_POINT('',#10080);
#2885=VERTEX_POINT('',#10082);
#2886=VERTEX_POINT('',#10084);
#2887=VERTEX_POINT('',#10086);
#2888=VERTEX_POINT('',#10088);
#2889=VERTEX_POINT('',#10090);
#2890=VERTEX_POINT('',#10092);
#2891=VERTEX_POINT('',#10094);
#2892=VERTEX_POINT('',#10096);
#2893=VERTEX_POINT('',#10098);
#2894=VERTEX_POINT('',#10100);
#2895=VERTEX_POINT('',#10102);
#2896=VERTEX_POINT('',#10104);
#2897=VERTEX_POINT('',#10107);
#2898=VERTEX_POINT('',#10109);
#2899=VERTEX_POINT('',#10110);
#2900=VERTEX_POINT('',#10112);
#2901=VERTEX_POINT('',#10114);
#2902=VERTEX_POINT('',#10117);
#2903=VERTEX_POINT('',#10118);
#2904=VERTEX_POINT('',#10120);
#2905=VERTEX_POINT('',#10122);
#2906=VERTEX_POINT('',#10125);
#2907=VERTEX_POINT('',#10126);
#2908=VERTEX_POINT('',#10128);
#2909=VERTEX_POINT('',#10130);
#2910=VERTEX_POINT('',#10133);
#2911=VERTEX_POINT('',#10134);
#2912=VERTEX_POINT('',#10136);
#2913=VERTEX_POINT('',#10138);
#2914=VERTEX_POINT('',#10147);
#2915=VERTEX_POINT('',#10148);
#2916=VERTEX_POINT('',#10150);
#2917=VERTEX_POINT('',#10152);
#2918=VERTEX_POINT('',#10156);
#2919=VERTEX_POINT('',#10158);
#2920=VERTEX_POINT('',#10160);
#2921=VERTEX_POINT('',#10162);
#2922=VERTEX_POINT('',#10164);
#2923=VERTEX_POINT('',#10166);
#2924=VERTEX_POINT('',#10170);
#2925=VERTEX_POINT('',#10171);
#2926=VERTEX_POINT('',#10173);
#2927=VERTEX_POINT('',#10175);
#2928=VERTEX_POINT('',#10177);
#2929=VERTEX_POINT('',#10179);
#2930=VERTEX_POINT('',#10181);
#2931=VERTEX_POINT('',#10183);
#2932=VERTEX_POINT('',#10187);
#2933=VERTEX_POINT('',#10188);
#2934=VERTEX_POINT('',#10193);
#2935=VERTEX_POINT('',#10197);
#2936=VERTEX_POINT('',#10203);
#2937=VERTEX_POINT('',#10204);
#2938=VERTEX_POINT('',#10209);
#2939=VERTEX_POINT('',#10213);
#2940=VERTEX_POINT('',#10219);
#2941=VERTEX_POINT('',#10220);
#2942=VERTEX_POINT('',#10225);
#2943=VERTEX_POINT('',#10229);
#2944=VERTEX_POINT('',#10235);
#2945=VERTEX_POINT('',#10236);
#2946=VERTEX_POINT('',#10241);
#2947=VERTEX_POINT('',#10245);
#2948=VERTEX_POINT('',#10251);
#2949=VERTEX_POINT('',#10252);
#2950=VERTEX_POINT('',#10254);
#2951=VERTEX_POINT('',#10256);
#2952=VERTEX_POINT('',#10260);
#2953=VERTEX_POINT('',#10261);
#2954=VERTEX_POINT('',#10266);
#2955=VERTEX_POINT('',#10267);
#2956=VERTEX_POINT('',#10272);
#2957=VERTEX_POINT('',#10273);
#2958=VERTEX_POINT('',#10278);
#2959=VERTEX_POINT('',#10279);
#2960=VERTEX_POINT('',#10284);
#2961=VERTEX_POINT('',#10289);
#2962=VERTEX_POINT('',#10296);
#2963=VERTEX_POINT('',#10300);
#2964=VERTEX_POINT('',#10304);
#2965=VERTEX_POINT('',#10306);
#2966=VERTEX_POINT('',#10308);
#2967=VERTEX_POINT('',#10312);
#2968=VERTEX_POINT('',#10314);
#2969=VERTEX_POINT('',#10318);
#2970=VERTEX_POINT('',#10320);
#2971=VERTEX_POINT('',#10324);
#2972=VERTEX_POINT('',#10326);
#2973=VERTEX_POINT('',#10330);
#2974=VERTEX_POINT('',#10331);
#2975=VERTEX_POINT('',#10336);
#2976=VERTEX_POINT('',#10337);
#2977=VERTEX_POINT('',#10342);
#2978=VERTEX_POINT('',#10343);
#2979=VERTEX_POINT('',#10345);
#2980=VERTEX_POINT('',#10347);
#2981=VERTEX_POINT('',#10354);
#2982=VERTEX_POINT('',#10356);
#2983=VERTEX_POINT('',#10358);
#2984=VERTEX_POINT('',#10360);
#2985=VERTEX_POINT('',#10362);
#2986=VERTEX_POINT('',#10364);
#2987=VERTEX_POINT('',#10367);
#2988=VERTEX_POINT('',#10369);
#2989=VERTEX_POINT('',#10371);
#2990=VERTEX_POINT('',#10374);
#2991=VERTEX_POINT('',#10376);
#2992=VERTEX_POINT('',#10378);
#2993=VERTEX_POINT('',#10380);
#2994=VERTEX_POINT('',#10382);
#2995=VERTEX_POINT('',#10384);
#2996=VERTEX_POINT('',#10386);
#2997=VERTEX_POINT('',#10388);
#2998=VERTEX_POINT('',#10391);
#2999=VERTEX_POINT('',#10392);
#3000=VERTEX_POINT('',#10394);
#3001=VERTEX_POINT('',#10396);
#3002=VERTEX_POINT('',#10399);
#3003=VERTEX_POINT('',#10400);
#3004=VERTEX_POINT('',#10402);
#3005=VERTEX_POINT('',#10404);
#3006=VERTEX_POINT('',#10407);
#3007=VERTEX_POINT('',#10408);
#3008=VERTEX_POINT('',#10410);
#3009=VERTEX_POINT('',#10412);
#3010=VERTEX_POINT('',#10415);
#3011=VERTEX_POINT('',#10416);
#3012=VERTEX_POINT('',#10418);
#3013=VERTEX_POINT('',#10420);
#3014=VERTEX_POINT('',#10423);
#3015=VERTEX_POINT('',#10424);
#3016=VERTEX_POINT('',#10426);
#3017=VERTEX_POINT('',#10428);
#3018=VERTEX_POINT('',#10431);
#3019=VERTEX_POINT('',#10432);
#3020=VERTEX_POINT('',#10434);
#3021=VERTEX_POINT('',#10436);
#3022=VERTEX_POINT('',#10439);
#3023=VERTEX_POINT('',#10440);
#3024=VERTEX_POINT('',#10442);
#3025=VERTEX_POINT('',#10444);
#3026=VERTEX_POINT('',#10447);
#3027=VERTEX_POINT('',#10448);
#3028=VERTEX_POINT('',#10450);
#3029=VERTEX_POINT('',#10452);
#3030=VERTEX_POINT('',#10455);
#3031=VERTEX_POINT('',#10457);
#3032=VERTEX_POINT('',#10459);
#3033=VERTEX_POINT('',#10461);
#3034=VERTEX_POINT('',#10463);
#3035=VERTEX_POINT('',#10465);
#3036=VERTEX_POINT('',#10467);
#3037=VERTEX_POINT('',#10469);
#3038=VERTEX_POINT('',#10471);
#3039=VERTEX_POINT('',#10473);
#3040=VERTEX_POINT('',#10475);
#3041=VERTEX_POINT('',#10477);
#3042=VERTEX_POINT('',#10479);
#3043=VERTEX_POINT('',#10482);
#3044=VERTEX_POINT('',#10484);
#3045=VERTEX_POINT('',#10486);
#3046=VERTEX_POINT('',#10497);
#3047=VERTEX_POINT('',#10499);
#3048=VERTEX_POINT('',#10501);
#3049=VERTEX_POINT('',#10504);
#3050=VERTEX_POINT('',#10507);
#3051=VERTEX_POINT('',#10509);
#3052=VERTEX_POINT('',#10511);
#3053=VERTEX_POINT('',#10513);
#3054=VERTEX_POINT('',#10515);
#3055=VERTEX_POINT('',#10517);
#3056=VERTEX_POINT('',#10519);
#3057=VERTEX_POINT('',#10521);
#3058=VERTEX_POINT('',#10524);
#3059=VERTEX_POINT('',#10527);
#3060=VERTEX_POINT('',#10530);
#3061=VERTEX_POINT('',#10533);
#3062=VERTEX_POINT('',#10535);
#3063=VERTEX_POINT('',#10537);
#3064=VERTEX_POINT('',#10539);
#3065=VERTEX_POINT('',#10541);
#3066=VERTEX_POINT('',#10543);
#3067=VERTEX_POINT('',#10545);
#3068=VERTEX_POINT('',#10547);
#3069=VERTEX_POINT('',#10550);
#3070=VERTEX_POINT('',#10553);
#3071=VERTEX_POINT('',#10555);
#3072=VERTEX_POINT('',#10557);
#3073=VERTEX_POINT('',#10560);
#3074=VERTEX_POINT('',#10563);
#3075=VERTEX_POINT('',#10564);
#3076=VERTEX_POINT('',#10566);
#3077=VERTEX_POINT('',#10568);
#3078=VERTEX_POINT('',#10572);
#3079=VERTEX_POINT('',#10574);
#3080=VERTEX_POINT('',#10576);
#3081=VERTEX_POINT('',#10580);
#3082=VERTEX_POINT('',#10584);
#3083=VERTEX_POINT('',#10585);
#3084=VERTEX_POINT('',#10587);
#3085=VERTEX_POINT('',#10589);
#3086=VERTEX_POINT('',#10593);
#3087=VERTEX_POINT('',#10595);
#3088=VERTEX_POINT('',#10597);
#3089=VERTEX_POINT('',#10599);
#3090=VERTEX_POINT('',#10601);
#3091=VERTEX_POINT('',#10603);
#3092=VERTEX_POINT('',#10607);
#3093=VERTEX_POINT('',#10608);
#3094=VERTEX_POINT('',#10610);
#3095=VERTEX_POINT('',#10612);
#3096=VERTEX_POINT('',#10616);
#3097=VERTEX_POINT('',#10618);
#3098=VERTEX_POINT('',#10622);
#3099=VERTEX_POINT('',#10624);
#3100=VERTEX_POINT('',#10629);
#3101=VERTEX_POINT('',#10631);
#3102=VERTEX_POINT('',#10633);
#3103=VERTEX_POINT('',#10635);
#3104=VERTEX_POINT('',#10639);
#3105=VERTEX_POINT('',#10654);
#3106=VERTEX_POINT('',#10656);
#3107=VERTEX_POINT('',#10658);
#3108=VERTEX_POINT('',#10660);
#3109=VERTEX_POINT('',#10663);
#3110=VERTEX_POINT('',#10665);
#3111=VERTEX_POINT('',#10668);
#3112=VERTEX_POINT('',#10669);
#3113=VERTEX_POINT('',#10672);
#3114=VERTEX_POINT('',#10675);
#3115=VERTEX_POINT('',#10678);
#3116=VERTEX_POINT('',#10680);
#3117=VERTEX_POINT('',#10682);
#3118=VERTEX_POINT('',#10684);
#3119=VERTEX_POINT('',#10688);
#3120=VERTEX_POINT('',#10689);
#3121=VERTEX_POINT('',#10694);
#3122=VERTEX_POINT('',#10704);
#3123=VERTEX_POINT('',#10706);
#3124=VERTEX_POINT('',#10708);
#3125=VERTEX_POINT('',#10710);
#3126=VERTEX_POINT('',#10712);
#3127=VERTEX_POINT('',#10742);
#3128=VERTEX_POINT('',#10744);
#3129=VERTEX_POINT('',#10748);
#3130=VERTEX_POINT('',#10750);
#3131=VERTEX_POINT('',#10756);
#3132=VERTEX_POINT('',#10758);
#3133=VERTEX_POINT('',#10762);
#3134=VERTEX_POINT('',#10766);
#3135=VERTEX_POINT('',#10770);
#3136=VERTEX_POINT('',#10804);
#3137=VERTEX_POINT('',#10806);
#3138=VERTEX_POINT('',#10808);
#3139=VERTEX_POINT('',#10810);
#3140=VERTEX_POINT('',#10812);
#3141=VERTEX_POINT('',#10816);
#3142=VERTEX_POINT('',#10818);
#3143=VERTEX_POINT('',#10822);
#3144=VERTEX_POINT('',#10824);
#3145=VERTEX_POINT('',#10830);
#3146=VERTEX_POINT('',#10832);
#3147=VERTEX_POINT('',#10834);
#3148=VERTEX_POINT('',#10836);
#3149=VERTEX_POINT('',#10838);
#3150=VERTEX_POINT('',#10840);
#3151=VERTEX_POINT('',#10855);
#3152=VERTEX_POINT('',#10856);
#3153=VERTEX_POINT('',#10858);
#3154=VERTEX_POINT('',#10860);
#3155=VERTEX_POINT('',#10862);
#3156=VERTEX_POINT('',#10864);
#3157=VERTEX_POINT('',#10866);
#3158=VERTEX_POINT('',#10868);
#3159=VERTEX_POINT('',#10870);
#3160=VERTEX_POINT('',#10872);
#3161=VERTEX_POINT('',#10874);
#3162=VERTEX_POINT('',#10876);
#3163=VERTEX_POINT('',#10878);
#3164=VERTEX_POINT('',#10880);
#3165=VERTEX_POINT('',#10882);
#3166=VERTEX_POINT('',#10884);
#3167=VERTEX_POINT('',#10887);
#3168=VERTEX_POINT('',#10888);
#3169=VERTEX_POINT('',#10890);
#3170=VERTEX_POINT('',#10892);
#3171=VERTEX_POINT('',#10894);
#3172=VERTEX_POINT('',#10896);
#3173=VERTEX_POINT('',#10898);
#3174=VERTEX_POINT('',#10900);
#3175=VERTEX_POINT('',#10902);
#3176=VERTEX_POINT('',#10904);
#3177=VERTEX_POINT('',#10906);
#3178=VERTEX_POINT('',#10908);
#3179=VERTEX_POINT('',#10912);
#3180=VERTEX_POINT('',#10913);
#3181=VERTEX_POINT('',#10915);
#3182=VERTEX_POINT('',#10917);
#3183=VERTEX_POINT('',#10919);
#3184=VERTEX_POINT('',#10921);
#3185=VERTEX_POINT('',#10923);
#3186=VERTEX_POINT('',#10925);
#3187=VERTEX_POINT('',#10927);
#3188=VERTEX_POINT('',#10929);
#3189=VERTEX_POINT('',#10931);
#3190=VERTEX_POINT('',#10933);
#3191=VERTEX_POINT('',#10935);
#3192=VERTEX_POINT('',#10937);
#3193=VERTEX_POINT('',#10939);
#3194=VERTEX_POINT('',#10941);
#3195=VERTEX_POINT('',#10944);
#3196=VERTEX_POINT('',#10945);
#3197=VERTEX_POINT('',#10947);
#3198=VERTEX_POINT('',#10949);
#3199=VERTEX_POINT('',#10951);
#3200=VERTEX_POINT('',#10953);
#3201=VERTEX_POINT('',#10955);
#3202=VERTEX_POINT('',#10957);
#3203=VERTEX_POINT('',#10959);
#3204=VERTEX_POINT('',#10961);
#3205=VERTEX_POINT('',#10963);
#3206=VERTEX_POINT('',#10965);
#3207=VERTEX_POINT('',#10969);
#3208=VERTEX_POINT('',#10970);
#3209=VERTEX_POINT('',#10972);
#3210=VERTEX_POINT('',#10974);
#3211=VERTEX_POINT('',#10976);
#3212=VERTEX_POINT('',#10978);
#3213=VERTEX_POINT('',#10980);
#3214=VERTEX_POINT('',#10982);
#3215=VERTEX_POINT('',#10984);
#3216=VERTEX_POINT('',#10986);
#3217=VERTEX_POINT('',#10988);
#3218=VERTEX_POINT('',#10990);
#3219=VERTEX_POINT('',#10992);
#3220=VERTEX_POINT('',#10994);
#3221=VERTEX_POINT('',#10996);
#3222=VERTEX_POINT('',#10998);
#3223=VERTEX_POINT('',#11001);
#3224=VERTEX_POINT('',#11002);
#3225=VERTEX_POINT('',#11004);
#3226=VERTEX_POINT('',#11006);
#3227=VERTEX_POINT('',#11008);
#3228=VERTEX_POINT('',#11010);
#3229=VERTEX_POINT('',#11012);
#3230=VERTEX_POINT('',#11014);
#3231=VERTEX_POINT('',#11016);
#3232=VERTEX_POINT('',#11018);
#3233=VERTEX_POINT('',#11020);
#3234=VERTEX_POINT('',#11022);
#3235=VERTEX_POINT('',#11026);
#3236=VERTEX_POINT('',#11027);
#3237=VERTEX_POINT('',#11029);
#3238=VERTEX_POINT('',#11031);
#3239=VERTEX_POINT('',#11033);
#3240=VERTEX_POINT('',#11035);
#3241=VERTEX_POINT('',#11037);
#3242=VERTEX_POINT('',#11039);
#3243=VERTEX_POINT('',#11041);
#3244=VERTEX_POINT('',#11043);
#3245=VERTEX_POINT('',#11045);
#3246=VERTEX_POINT('',#11047);
#3247=VERTEX_POINT('',#11049);
#3248=VERTEX_POINT('',#11051);
#3249=VERTEX_POINT('',#11053);
#3250=VERTEX_POINT('',#11055);
#3251=VERTEX_POINT('',#11058);
#3252=VERTEX_POINT('',#11059);
#3253=VERTEX_POINT('',#11061);
#3254=VERTEX_POINT('',#11063);
#3255=VERTEX_POINT('',#11065);
#3256=VERTEX_POINT('',#11067);
#3257=VERTEX_POINT('',#11069);
#3258=VERTEX_POINT('',#11071);
#3259=VERTEX_POINT('',#11073);
#3260=VERTEX_POINT('',#11075);
#3261=VERTEX_POINT('',#11077);
#3262=VERTEX_POINT('',#11079);
#3263=VERTEX_POINT('',#11099);
#3264=VERTEX_POINT('',#11101);
#3265=VERTEX_POINT('',#11104);
#3266=VERTEX_POINT('',#11106);
#3267=VERTEX_POINT('',#11109);
#3268=VERTEX_POINT('',#11111);
#3269=VERTEX_POINT('',#11114);
#3270=VERTEX_POINT('',#11116);
#3271=VERTEX_POINT('',#11125);
#3272=VERTEX_POINT('',#11126);
#3273=VERTEX_POINT('',#11128);
#3274=VERTEX_POINT('',#11130);
#3275=VERTEX_POINT('',#11132);
#3276=VERTEX_POINT('',#11134);
#3277=VERTEX_POINT('',#11136);
#3278=VERTEX_POINT('',#11138);
#3279=VERTEX_POINT('',#11143);
#3280=VERTEX_POINT('',#11158);
#3281=VERTEX_POINT('',#11171);
#3282=VERTEX_POINT('',#11186);
#3283=VERTEX_POINT('',#11187);
#3284=VERTEX_POINT('',#11189);
#3285=VERTEX_POINT('',#11191);
#3286=VERTEX_POINT('',#11193);
#3287=VERTEX_POINT('',#11195);
#3288=VERTEX_POINT('',#11197);
#3289=VERTEX_POINT('',#11199);
#3290=VERTEX_POINT('',#11204);
#3291=VERTEX_POINT('',#11219);
#3292=VERTEX_POINT('',#11232);
#3293=VERTEX_POINT('',#11254);
#3294=VERTEX_POINT('',#11255);
#3295=VERTEX_POINT('',#11274);
#3296=VERTEX_POINT('',#11276);
#3297=VERTEX_POINT('',#11289);
#3298=VERTEX_POINT('',#11291);
#3299=VERTEX_POINT('',#11304);
#3300=VERTEX_POINT('',#11306);
#3301=VERTEX_POINT('',#11327);
#3302=VERTEX_POINT('',#11342);
#3303=VERTEX_POINT('',#11357);
#3304=VERTEX_POINT('',#11358);
#3305=VERTEX_POINT('',#11377);
#3306=VERTEX_POINT('',#11379);
#3307=VERTEX_POINT('',#11398);
#3308=VERTEX_POINT('',#11400);
#3309=VERTEX_POINT('',#11413);
#3310=VERTEX_POINT('',#11415);
#3311=VERTEX_POINT('',#11447);
#3312=VERTEX_POINT('',#11457);
#3313=VERTEX_POINT('',#11466);
#3314=VERTEX_POINT('',#11467);
#3315=VERTEX_POINT('',#11469);
#3316=VERTEX_POINT('',#11471);
#3317=VERTEX_POINT('',#11475);
#3318=VERTEX_POINT('',#11476);
#3319=VERTEX_POINT('',#11480);
#3320=VERTEX_POINT('',#11499);
#3321=VERTEX_POINT('',#11504);
#3322=VERTEX_POINT('',#11506);
#3323=VERTEX_POINT('',#11529);
#3324=VERTEX_POINT('',#11531);
#3325=VERTEX_POINT('',#11546);
#3326=VERTEX_POINT('',#11555);
#3327=VERTEX_POINT('',#11556);
#3328=VERTEX_POINT('',#11576);
#3329=VERTEX_POINT('',#11578);
#3330=VERTEX_POINT('',#11580);
#3331=VERTEX_POINT('',#11582);
#3332=VERTEX_POINT('',#11586);
#3333=VERTEX_POINT('',#11587);
#3334=VERTEX_POINT('',#11593);
#3335=VERTEX_POINT('',#11595);
#3336=VERTEX_POINT('',#11599);
#3337=VERTEX_POINT('',#11601);
#3338=VERTEX_POINT('',#11635);
#3339=VERTEX_POINT('',#11642);
#3340=VERTEX_POINT('',#11643);
#3341=VERTEX_POINT('',#11663);
#3342=VERTEX_POINT('',#11665);
#3343=VERTEX_POINT('',#11667);
#3344=VERTEX_POINT('',#11669);
#3345=VERTEX_POINT('',#11673);
#3346=VERTEX_POINT('',#11674);
#3347=VERTEX_POINT('',#11680);
#3348=VERTEX_POINT('',#11682);
#3349=VERTEX_POINT('',#11686);
#3350=VERTEX_POINT('',#11688);
#3351=VERTEX_POINT('',#11722);
#3352=VERTEX_POINT('',#11729);
#3353=VERTEX_POINT('',#11730);
#3354=VERTEX_POINT('',#11732);
#3355=VERTEX_POINT('',#11734);
#3356=VERTEX_POINT('',#11738);
#3357=VERTEX_POINT('',#11739);
#3358=VERTEX_POINT('',#11743);
#3359=VERTEX_POINT('',#11762);
#3360=VERTEX_POINT('',#11767);
#3361=VERTEX_POINT('',#11769);
#3362=VERTEX_POINT('',#11792);
#3363=VERTEX_POINT('',#11794);
#3364=VERTEX_POINT('',#11809);
#3365=VERTEX_POINT('',#11818);
#3366=VERTEX_POINT('',#11819);
#3367=VERTEX_POINT('',#11832);
#3368=VERTEX_POINT('',#11850);
#3369=VERTEX_POINT('',#11869);
#3370=VERTEX_POINT('',#11871);
#3371=VERTEX_POINT('',#11886);
#3372=VERTEX_POINT('',#11887);
#3373=VERTEX_POINT('',#11889);
#3374=VERTEX_POINT('',#11891);
#3375=VERTEX_POINT('',#11895);
#3376=VERTEX_POINT('',#11897);
#3377=VERTEX_POINT('',#11901);
#3378=VERTEX_POINT('',#11903);
#3379=VERTEX_POINT('',#11907);
#3380=VERTEX_POINT('',#11920);
#3381=VERTEX_POINT('',#11969);
#3382=VERTEX_POINT('',#11986);
#3383=VERTEX_POINT('',#11988);
#3384=VERTEX_POINT('',#12001);
#3385=VERTEX_POINT('',#12032);
#3386=VERTEX_POINT('',#12065);
#3387=VERTEX_POINT('',#12078);
#3388=VERTEX_POINT('',#12080);
#3389=VERTEX_POINT('',#12101);
#3390=VERTEX_POINT('',#12118);
#3391=VERTEX_POINT('',#12127);
#3392=VERTEX_POINT('',#12129);
#3393=VERTEX_POINT('',#12134);
#3394=VERTEX_POINT('',#12136);
#3395=VERTEX_POINT('',#12141);
#3396=VERTEX_POINT('',#12143);
#3397=VERTEX_POINT('',#12148);
#3398=VERTEX_POINT('',#12150);
#3399=VERTEX_POINT('',#12155);
#3400=VERTEX_POINT('',#12157);
#3401=VERTEX_POINT('',#12162);
#3402=VERTEX_POINT('',#12164);
#3403=VERTEX_POINT('',#12169);
#3404=VERTEX_POINT('',#12171);
#3405=VERTEX_POINT('',#12176);
#3406=VERTEX_POINT('',#12178);
#3407=VERTEX_POINT('',#12183);
#3408=VERTEX_POINT('',#12187);
#3409=VERTEX_POINT('',#12189);
#3410=VERTEX_POINT('',#12193);
#3411=VERTEX_POINT('',#12195);
#3412=VERTEX_POINT('',#12199);
#3413=VERTEX_POINT('',#12203);
#3414=VERTEX_POINT('',#12204);
#3415=VERTEX_POINT('',#12207);
#3416=VERTEX_POINT('',#12209);
#3417=VERTEX_POINT('',#12223);
#3418=VERTEX_POINT('',#12227);
#3419=VERTEX_POINT('',#12229);
#3420=VERTEX_POINT('',#12233);
#3421=VERTEX_POINT('',#12235);
#3422=VERTEX_POINT('',#12239);
#3423=VERTEX_POINT('',#12243);
#3424=VERTEX_POINT('',#12244);
#3425=VERTEX_POINT('',#12247);
#3426=VERTEX_POINT('',#12249);
#3427=VERTEX_POINT('',#12261);
#3428=VERTEX_POINT('',#12265);
#3429=VERTEX_POINT('',#12267);
#3430=VERTEX_POINT('',#12271);
#3431=VERTEX_POINT('',#12273);
#3432=VERTEX_POINT('',#12277);
#3433=VERTEX_POINT('',#12281);
#3434=VERTEX_POINT('',#12282);
#3435=VERTEX_POINT('',#12285);
#3436=VERTEX_POINT('',#12287);
#3437=VERTEX_POINT('',#12300);
#3438=VERTEX_POINT('',#12304);
#3439=VERTEX_POINT('',#12306);
#3440=VERTEX_POINT('',#12310);
#3441=VERTEX_POINT('',#12312);
#3442=VERTEX_POINT('',#12316);
#3443=VERTEX_POINT('',#12320);
#3444=VERTEX_POINT('',#12321);
#3445=VERTEX_POINT('',#12324);
#3446=VERTEX_POINT('',#12326);
#3447=EDGE_CURVE('',#2773,#2774,#1281,.T.);
#3448=EDGE_CURVE('',#2773,#2775,#1282,.T.);
#3449=EDGE_CURVE('',#2776,#2775,#1283,.T.);
#3450=EDGE_CURVE('',#2774,#2776,#1284,.T.);
#3451=EDGE_CURVE('',#2777,#2778,#1285,.T.);
#3452=EDGE_CURVE('',#2778,#2779,#1286,.T.);
#3453=EDGE_CURVE('',#2779,#2780,#1287,.T.);
#3454=EDGE_CURVE('',#2777,#2780,#1288,.T.);
#3455=EDGE_CURVE('',#2774,#2778,#1289,.T.);
#3456=EDGE_CURVE('',#2778,#2781,#1290,.T.);
#3457=EDGE_CURVE('',#2782,#2781,#1291,.T.);
#3458=EDGE_CURVE('',#2783,#2782,#1292,.T.);
#3459=EDGE_CURVE('',#2774,#2783,#1293,.T.);
#3460=EDGE_CURVE('',#2784,#2785,#1294,.T.);
#3461=EDGE_CURVE('',#2784,#2786,#1295,.T.);
#3462=EDGE_CURVE('',#2786,#2787,#1296,.T.);
#3463=EDGE_CURVE('',#2785,#2787,#1297,.T.);
#3464=EDGE_CURVE('',#2788,#2789,#1298,.T.);
#3465=EDGE_CURVE('',#2789,#2790,#1299,.T.);
#3466=EDGE_CURVE('',#2791,#2790,#1300,.T.);
#3467=EDGE_CURVE('',#2788,#2791,#1301,.T.);
#3468=EDGE_CURVE('',#2792,#2793,#1302,.T.);
#3469=EDGE_CURVE('',#2794,#2792,#1303,.T.);
#3470=EDGE_CURVE('',#2795,#2794,#1304,.T.);
#3471=EDGE_CURVE('',#2796,#2795,#1305,.T.);
#3472=EDGE_CURVE('',#2797,#2796,#1306,.T.);
#3473=EDGE_CURVE('',#2793,#2797,#1307,.T.);
#3474=EDGE_CURVE('',#2797,#2798,#1308,.T.);
#3475=EDGE_CURVE('',#2798,#2799,#1309,.T.);
#3476=EDGE_CURVE('',#2793,#2799,#1310,.T.);
#3477=EDGE_CURVE('',#2800,#2796,#1311,.T.);
#3478=EDGE_CURVE('',#2800,#2801,#1312,.T.);
#3479=EDGE_CURVE('',#2801,#2797,#1313,.T.);
#3480=EDGE_CURVE('',#2802,#2795,#1314,.T.);
#3481=EDGE_CURVE('',#2800,#2802,#1315,.T.);
#3482=EDGE_CURVE('',#2803,#2794,#1316,.T.);
#3483=EDGE_CURVE('',#2802,#2803,#1317,.T.);
#3484=EDGE_CURVE('',#2804,#2804,#287,.T.);
#3485=EDGE_CURVE('',#2783,#2805,#288,.T.);
#3486=EDGE_CURVE('',#2805,#2784,#1318,.T.);
#3487=EDGE_CURVE('',#2787,#2785,#289,.T.);
#3488=EDGE_CURVE('',#2786,#2806,#290,.T.);
#3489=EDGE_CURVE('',#2806,#2807,#1319,.T.);
#3490=EDGE_CURVE('',#2808,#2807,#291,.T.);
#3491=EDGE_CURVE('',#2809,#2808,#1320,.T.);
#3492=EDGE_CURVE('',#2809,#2776,#292,.T.);
#3493=EDGE_CURVE('',#2773,#2775,#293,.T.);
#3494=EDGE_CURVE('',#2810,#2811,#54,.T.);
#3495=EDGE_CURVE('',#2812,#2810,#55,.T.);
#3496=EDGE_CURVE('',#2811,#2812,#56,.T.);
#3497=EDGE_CURVE('',#2811,#2804,#1321,.T.);
#3498=EDGE_CURVE('',#2813,#2814,#294,.T.);
#3499=EDGE_CURVE('',#2813,#2815,#1322,.T.);
#3500=EDGE_CURVE('',#2815,#2816,#295,.T.);
#3501=EDGE_CURVE('',#2816,#2817,#1323,.T.);
#3502=EDGE_CURVE('',#2818,#2817,#57,.T.);
#3503=EDGE_CURVE('',#2818,#2819,#1324,.T.);
#3504=EDGE_CURVE('',#2820,#2819,#296,.T.);
#3505=EDGE_CURVE('',#2820,#2821,#1325,.T.);
#3506=EDGE_CURVE('',#2822,#2821,#58,.T.);
#3507=EDGE_CURVE('',#2822,#2823,#1326,.T.);
#3508=EDGE_CURVE('',#2823,#2824,#297,.T.);
#3509=EDGE_CURVE('',#2814,#2824,#1327,.T.);
#3510=EDGE_CURVE('',#2825,#2782,#1328,.T.);
#3511=EDGE_CURVE('',#2801,#2825,#1329,.T.);
#3512=EDGE_CURVE('',#2803,#2826,#1330,.T.);
#3513=EDGE_CURVE('',#2827,#2826,#1331,.T.);
#3514=EDGE_CURVE('',#2827,#2828,#1332,.T.);
#3515=EDGE_CURVE('',#2829,#2828,#1333,.T.);
#3516=EDGE_CURVE('',#2805,#2829,#1334,.T.);
#3517=EDGE_CURVE('',#2826,#2792,#1335,.T.);
#3518=EDGE_CURVE('',#2830,#2829,#1336,.T.);
#3519=EDGE_CURVE('',#2828,#2831,#1337,.T.);
#3520=EDGE_CURVE('',#2831,#2830,#1338,.T.);
#3521=EDGE_CURVE('',#2827,#2793,#1339,.T.);
#3522=EDGE_CURVE('',#2799,#2832,#1340,.T.);
#3523=EDGE_CURVE('',#2832,#2831,#1341,.T.);
#3524=EDGE_CURVE('',#2781,#2833,#1342,.T.);
#3525=EDGE_CURVE('',#2833,#2825,#1343,.T.);
#3526=EDGE_CURVE('',#2833,#2834,#1344,.T.);
#3527=EDGE_CURVE('',#2834,#2798,#1345,.T.);
#3528=EDGE_CURVE('',#2832,#2789,#1346,.T.);
#3529=EDGE_CURVE('',#2830,#2788,#1347,.T.);
#3530=EDGE_CURVE('',#2777,#2834,#1348,.T.);
#3531=EDGE_CURVE('',#2788,#2784,#1349,.T.);
#3532=EDGE_CURVE('',#2835,#2835,#298,.T.);
#3533=EDGE_CURVE('',#2835,#2836,#1350,.T.);
#3534=EDGE_CURVE('',#2836,#2836,#299,.T.);
#3535=EDGE_CURVE('',#2837,#2838,#1351,.T.);
#3536=EDGE_CURVE('',#2839,#2837,#1352,.T.);
#3537=EDGE_CURVE('',#2840,#2839,#1353,.T.);
#3538=EDGE_CURVE('',#2841,#2840,#1354,.T.);
#3539=EDGE_CURVE('',#2838,#2841,#1355,.T.);
#3540=EDGE_CURVE('',#2842,#2843,#1356,.T.);
#3541=EDGE_CURVE('',#2837,#2842,#1357,.T.);
#3542=EDGE_CURVE('',#2844,#2838,#1358,.T.);
#3543=EDGE_CURVE('',#2845,#2844,#1359,.T.);
#3544=EDGE_CURVE('',#2845,#2846,#1360,.T.);
#3545=EDGE_CURVE('',#2846,#2847,#1361,.T.);
#3546=EDGE_CURVE('',#2847,#2848,#1362,.T.);
#3547=EDGE_CURVE('',#2848,#2849,#1363,.T.);
#3548=EDGE_CURVE('',#2849,#2850,#1364,.T.);
#3549=EDGE_CURVE('',#2850,#2851,#1365,.T.);
#3550=EDGE_CURVE('',#2843,#2851,#1366,.T.);
#3551=EDGE_CURVE('',#2848,#2852,#1367,.T.);
#3552=EDGE_CURVE('',#2853,#2852,#1368,.T.);
#3553=EDGE_CURVE('',#2849,#2853,#1369,.T.);
#3554=EDGE_CURVE('',#2841,#2854,#1370,.T.);
#3555=EDGE_CURVE('',#2854,#2844,#1371,.T.);
#3556=EDGE_CURVE('',#2855,#2854,#1372,.T.);
#3557=EDGE_CURVE('',#2856,#2855,#1373,.T.);
#3558=EDGE_CURVE('',#2845,#2856,#1374,.T.);
#3559=EDGE_CURVE('',#2857,#2843,#1375,.T.);
#3560=EDGE_CURVE('',#2851,#2858,#1376,.T.);
#3561=EDGE_CURVE('',#2858,#2857,#1377,.T.);
#3562=EDGE_CURVE('',#2858,#2859,#1378,.T.);
#3563=EDGE_CURVE('',#2860,#2859,#1379,.T.);
#3564=EDGE_CURVE('',#2860,#2857,#1380,.T.);
#3565=EDGE_CURVE('',#2861,#2850,#1381,.T.);
#3566=EDGE_CURVE('',#2859,#2861,#1382,.T.);
#3567=EDGE_CURVE('',#2855,#2840,#1383,.T.);
#3568=EDGE_CURVE('',#2862,#2846,#1384,.T.);
#3569=EDGE_CURVE('',#2862,#2856,#1385,.T.);
#3570=EDGE_CURVE('',#2861,#2853,#1386,.T.);
#3571=EDGE_CURVE('',#2852,#2863,#1387,.T.);
#3572=EDGE_CURVE('',#2863,#2862,#1388,.T.);
#3573=EDGE_CURVE('',#2839,#2864,#1389,.T.);
#3574=EDGE_CURVE('',#2864,#2865,#300,.T.);
#3575=EDGE_CURVE('',#2865,#2866,#1390,.T.);
#3576=EDGE_CURVE('',#2866,#2867,#301,.T.);
#3577=EDGE_CURVE('',#2867,#2868,#1391,.T.);
#3578=EDGE_CURVE('',#2868,#2869,#302,.T.);
#3579=EDGE_CURVE('',#2869,#2870,#1392,.T.);
#3580=EDGE_CURVE('',#2870,#2871,#303,.T.);
#3581=EDGE_CURVE('',#2871,#2872,#1393,.T.);
#3582=EDGE_CURVE('',#2872,#2873,#1394,.T.);
#3583=EDGE_CURVE('',#2873,#2874,#1395,.T.);
#3584=EDGE_CURVE('',#2874,#2875,#304,.T.);
#3585=EDGE_CURVE('',#2875,#2876,#1396,.T.);
#3586=EDGE_CURVE('',#2876,#2877,#305,.T.);
#3587=EDGE_CURVE('',#2877,#2878,#1397,.T.);
#3588=EDGE_CURVE('',#2878,#2879,#1398,.T.);
#3589=EDGE_CURVE('',#2879,#2880,#306,.T.);
#3590=EDGE_CURVE('',#2880,#2881,#1399,.T.);
#3591=EDGE_CURVE('',#2881,#2882,#1400,.T.);
#3592=EDGE_CURVE('',#2882,#2883,#307,.T.);
#3593=EDGE_CURVE('',#2883,#2884,#1401,.T.);
#3594=EDGE_CURVE('',#2884,#2885,#308,.T.);
#3595=EDGE_CURVE('',#2885,#2886,#1402,.T.);
#3596=EDGE_CURVE('',#2886,#2887,#1403,.T.);
#3597=EDGE_CURVE('',#2887,#2888,#1404,.T.);
#3598=EDGE_CURVE('',#2888,#2889,#309,.T.);
#3599=EDGE_CURVE('',#2889,#2890,#1405,.T.);
#3600=EDGE_CURVE('',#2890,#2891,#310,.T.);
#3601=EDGE_CURVE('',#2891,#2892,#1406,.T.);
#3602=EDGE_CURVE('',#2892,#2893,#311,.T.);
#3603=EDGE_CURVE('',#2893,#2894,#1407,.T.);
#3604=EDGE_CURVE('',#2894,#2895,#312,.T.);
#3605=EDGE_CURVE('',#2895,#2896,#1408,.T.);
#3606=EDGE_CURVE('',#2896,#2860,#1409,.T.);
#3607=EDGE_CURVE('',#2897,#2897,#313,.T.);
#3608=EDGE_CURVE('',#2898,#2899,#1410,.T.);
#3609=EDGE_CURVE('',#2899,#2900,#1411,.T.);
#3610=EDGE_CURVE('',#2900,#2901,#1412,.T.);
#3611=EDGE_CURVE('',#2901,#2898,#1413,.T.);
#3612=EDGE_CURVE('',#2902,#2903,#1414,.T.);
#3613=EDGE_CURVE('',#2903,#2904,#1415,.T.);
#3614=EDGE_CURVE('',#2904,#2905,#1416,.T.);
#3615=EDGE_CURVE('',#2905,#2902,#1417,.T.);
#3616=EDGE_CURVE('',#2906,#2907,#1418,.T.);
#3617=EDGE_CURVE('',#2907,#2908,#1419,.T.);
#3618=EDGE_CURVE('',#2908,#2909,#1420,.T.);
#3619=EDGE_CURVE('',#2909,#2906,#1421,.T.);
#3620=EDGE_CURVE('',#2910,#2911,#1422,.T.);
#3621=EDGE_CURVE('',#2911,#2912,#1423,.T.);
#3622=EDGE_CURVE('',#2912,#2913,#1424,.T.);
#3623=EDGE_CURVE('',#2913,#2910,#1425,.T.);
#3624=EDGE_CURVE('',#2863,#2847,#1426,.T.);
#3625=EDGE_CURVE('',#2842,#2896,#1427,.T.);
#3626=EDGE_CURVE('',#2914,#2915,#1428,.T.);
#3627=EDGE_CURVE('',#2916,#2915,#314,.T.);
#3628=EDGE_CURVE('',#2916,#2917,#1429,.T.);
#3629=EDGE_CURVE('',#2914,#2917,#315,.T.);
#3630=EDGE_CURVE('',#2918,#2914,#1430,.F.);
#3631=EDGE_CURVE('',#2919,#2918,#1431,.T.);
#3632=EDGE_CURVE('',#2920,#2919,#1432,.T.);
#3633=EDGE_CURVE('',#2921,#2920,#1433,.T.);
#3634=EDGE_CURVE('',#2922,#2921,#1434,.F.);
#3635=EDGE_CURVE('',#2923,#2922,#1435,.T.);
#3636=EDGE_CURVE('',#2915,#2923,#1436,.T.);
#3637=EDGE_CURVE('',#2924,#2925,#1437,.T.);
#3638=EDGE_CURVE('',#2926,#2924,#1438,.F.);
#3639=EDGE_CURVE('',#2927,#2926,#1439,.T.);
#3640=EDGE_CURVE('',#2928,#2927,#1440,.T.);
#3641=EDGE_CURVE('',#2929,#2928,#1441,.T.);
#3642=EDGE_CURVE('',#2930,#2929,#1442,.F.);
#3643=EDGE_CURVE('',#2931,#2930,#1443,.T.);
#3644=EDGE_CURVE('',#2925,#2931,#1444,.T.);
#3645=EDGE_CURVE('',#2932,#2933,#1445,.T.);
#3646=EDGE_CURVE('',#2913,#2932,#1446,.T.);
#3647=EDGE_CURVE('',#2912,#2933,#1447,.T.);
#3648=EDGE_CURVE('',#2933,#2934,#1448,.T.);
#3649=EDGE_CURVE('',#2911,#2934,#1449,.T.);
#3650=EDGE_CURVE('',#2934,#2935,#1450,.T.);
#3651=EDGE_CURVE('',#2910,#2935,#1451,.T.);
#3652=EDGE_CURVE('',#2935,#2932,#1452,.T.);
#3653=EDGE_CURVE('',#2936,#2937,#1453,.T.);
#3654=EDGE_CURVE('',#2909,#2936,#1454,.T.);
#3655=EDGE_CURVE('',#2908,#2937,#1455,.T.);
#3656=EDGE_CURVE('',#2937,#2938,#1456,.T.);
#3657=EDGE_CURVE('',#2907,#2938,#1457,.T.);
#3658=EDGE_CURVE('',#2938,#2939,#1458,.T.);
#3659=EDGE_CURVE('',#2906,#2939,#1459,.T.);
#3660=EDGE_CURVE('',#2939,#2936,#1460,.T.);
#3661=EDGE_CURVE('',#2940,#2941,#1461,.T.);
#3662=EDGE_CURVE('',#2905,#2940,#1462,.T.);
#3663=EDGE_CURVE('',#2904,#2941,#1463,.T.);
#3664=EDGE_CURVE('',#2941,#2942,#1464,.T.);
#3665=EDGE_CURVE('',#2903,#2942,#1465,.T.);
#3666=EDGE_CURVE('',#2942,#2943,#1466,.T.);
#3667=EDGE_CURVE('',#2902,#2943,#1467,.T.);
#3668=EDGE_CURVE('',#2943,#2940,#1468,.T.);
#3669=EDGE_CURVE('',#2944,#2945,#1469,.T.);
#3670=EDGE_CURVE('',#2901,#2944,#1470,.T.);
#3671=EDGE_CURVE('',#2900,#2945,#1471,.T.);
#3672=EDGE_CURVE('',#2945,#2946,#1472,.T.);
#3673=EDGE_CURVE('',#2899,#2946,#1473,.T.);
#3674=EDGE_CURVE('',#2946,#2947,#1474,.T.);
#3675=EDGE_CURVE('',#2898,#2947,#1475,.T.);
#3676=EDGE_CURVE('',#2947,#2944,#1476,.T.);
#3677=EDGE_CURVE('',#2948,#2949,#1477,.T.);
#3678=EDGE_CURVE('',#2949,#2950,#1478,.T.);
#3679=EDGE_CURVE('',#2950,#2951,#1479,.T.);
#3680=EDGE_CURVE('',#2951,#2948,#1480,.T.);
#3681=EDGE_CURVE('',#2952,#2953,#1481,.T.);
#3682=EDGE_CURVE('',#2953,#2949,#316,.T.);
#3683=EDGE_CURVE('',#2948,#2952,#317,.T.);
#3684=EDGE_CURVE('',#2954,#2955,#1482,.T.);
#3685=EDGE_CURVE('',#2955,#2953,#1483,.T.);
#3686=EDGE_CURVE('',#2952,#2954,#1484,.T.);
#3687=EDGE_CURVE('',#2956,#2957,#1485,.T.);
#3688=EDGE_CURVE('',#2957,#2955,#318,.T.);
#3689=EDGE_CURVE('',#2954,#2956,#319,.T.);
#3690=EDGE_CURVE('',#2958,#2959,#1486,.T.);
#3691=EDGE_CURVE('',#2959,#2957,#1487,.T.);
#3692=EDGE_CURVE('',#2956,#2958,#1488,.T.);
#3693=EDGE_CURVE('',#2960,#2814,#1489,.T.);
#3694=EDGE_CURVE('',#2814,#2959,#320,.T.);
#3695=EDGE_CURVE('',#2958,#2960,#321,.T.);
#3696=EDGE_CURVE('',#2961,#2813,#1490,.T.);
#3697=EDGE_CURVE('',#2960,#2961,#322,.T.);
#3698=EDGE_CURVE('',#2950,#2813,#323,.T.);
#3699=EDGE_CURVE('',#2961,#2951,#324,.T.);
#3700=EDGE_CURVE('',#2824,#2962,#325,.T.);
#3701=EDGE_CURVE('',#2959,#2962,#1491,.T.);
#3702=EDGE_CURVE('',#2950,#2963,#1492,.T.);
#3703=EDGE_CURVE('',#2963,#2815,#326,.T.);
#3704=EDGE_CURVE('',#2949,#2964,#1493,.T.);
#3705=EDGE_CURVE('',#2965,#2964,#1494,.T.);
#3706=EDGE_CURVE('',#2965,#2966,#1495,.T.);
#3707=EDGE_CURVE('',#2966,#2963,#1496,.T.);
#3708=EDGE_CURVE('',#2967,#2926,#327,.T.);
#3709=EDGE_CURVE('',#2968,#2967,#1497,.T.);
#3710=EDGE_CURVE('',#2927,#2968,#328,.T.);
#3711=EDGE_CURVE('',#2969,#2925,#329,.T.);
#3712=EDGE_CURVE('',#2969,#2970,#1498,.T.);
#3713=EDGE_CURVE('',#2924,#2970,#330,.T.);
#3714=EDGE_CURVE('',#2970,#2971,#1499,.T.);
#3715=EDGE_CURVE('',#2972,#2969,#1500,.T.);
#3716=EDGE_CURVE('',#2972,#2971,#1501,.T.);
#3717=EDGE_CURVE('',#2973,#2974,#1502,.T.);
#3718=EDGE_CURVE('',#2873,#2973,#1503,.T.);
#3719=EDGE_CURVE('',#2872,#2974,#1504,.T.);
#3720=EDGE_CURVE('',#2975,#2976,#1505,.T.);
#3721=EDGE_CURVE('',#2887,#2975,#1506,.T.);
#3722=EDGE_CURVE('',#2886,#2976,#1507,.T.);
#3723=EDGE_CURVE('',#2977,#2978,#1508,.T.);
#3724=EDGE_CURVE('',#2979,#2977,#1509,.T.);
#3725=EDGE_CURVE('',#2980,#2979,#1510,.T.);
#3726=EDGE_CURVE('',#2980,#2978,#1511,.T.);
#3727=EDGE_CURVE('',#2978,#2918,#331,.T.);
#3728=EDGE_CURVE('',#2919,#2980,#332,.T.);
#3729=EDGE_CURVE('',#2780,#2981,#333,.T.);
#3730=EDGE_CURVE('',#2981,#2982,#1512,.T.);
#3731=EDGE_CURVE('',#2982,#2983,#1513,.T.);
#3732=EDGE_CURVE('',#2983,#2984,#334,.F.);
#3733=EDGE_CURVE('',#2984,#2985,#1514,.T.);
#3734=EDGE_CURVE('',#2985,#2986,#1515,.T.);
#3735=EDGE_CURVE('',#2986,#2790,#335,.T.);
#3736=EDGE_CURVE('',#2971,#2987,#336,.T.);
#3737=EDGE_CURVE('',#2987,#2988,#1516,.T.);
#3738=EDGE_CURVE('',#2988,#2989,#337,.T.);
#3739=EDGE_CURVE('',#2989,#2973,#1517,.T.);
#3740=EDGE_CURVE('',#2974,#2990,#1518,.T.);
#3741=EDGE_CURVE('',#2990,#2991,#338,.T.);
#3742=EDGE_CURVE('',#2991,#2992,#1519,.T.);
#3743=EDGE_CURVE('',#2992,#2993,#339,.T.);
#3744=EDGE_CURVE('',#2993,#2994,#1520,.T.);
#3745=EDGE_CURVE('',#2994,#2995,#340,.T.);
#3746=EDGE_CURVE('',#2995,#2996,#1521,.T.);
#3747=EDGE_CURVE('',#2996,#2997,#341,.T.);
#3748=EDGE_CURVE('',#2997,#2967,#1522,.T.);
#3749=EDGE_CURVE('',#2998,#2999,#342,.T.);
#3750=EDGE_CURVE('',#2999,#3000,#1523,.T.);
#3751=EDGE_CURVE('',#3000,#3001,#343,.T.);
#3752=EDGE_CURVE('',#3001,#2998,#1524,.T.);
#3753=EDGE_CURVE('',#3002,#3003,#344,.T.);
#3754=EDGE_CURVE('',#3003,#3004,#1525,.T.);
#3755=EDGE_CURVE('',#3004,#3005,#345,.T.);
#3756=EDGE_CURVE('',#3005,#3002,#1526,.T.);
#3757=EDGE_CURVE('',#3006,#3007,#346,.T.);
#3758=EDGE_CURVE('',#3007,#3008,#1527,.T.);
#3759=EDGE_CURVE('',#3008,#3009,#347,.T.);
#3760=EDGE_CURVE('',#3009,#3006,#1528,.T.);
#3761=EDGE_CURVE('',#3010,#3011,#348,.T.);
#3762=EDGE_CURVE('',#3011,#3012,#1529,.T.);
#3763=EDGE_CURVE('',#3012,#3013,#349,.T.);
#3764=EDGE_CURVE('',#3013,#3010,#1530,.T.);
#3765=EDGE_CURVE('',#3014,#3015,#350,.T.);
#3766=EDGE_CURVE('',#3015,#3016,#1531,.T.);
#3767=EDGE_CURVE('',#3016,#3017,#351,.T.);
#3768=EDGE_CURVE('',#3017,#3014,#1532,.T.);
#3769=EDGE_CURVE('',#3018,#3019,#352,.T.);
#3770=EDGE_CURVE('',#3019,#3020,#1533,.T.);
#3771=EDGE_CURVE('',#3020,#3021,#353,.T.);
#3772=EDGE_CURVE('',#3021,#3018,#1534,.T.);
#3773=EDGE_CURVE('',#3022,#3023,#354,.T.);
#3774=EDGE_CURVE('',#3023,#3024,#1535,.T.);
#3775=EDGE_CURVE('',#3024,#3025,#355,.T.);
#3776=EDGE_CURVE('',#3025,#3022,#1536,.T.);
#3777=EDGE_CURVE('',#3026,#3027,#356,.T.);
#3778=EDGE_CURVE('',#3027,#3028,#1537,.T.);
#3779=EDGE_CURVE('',#3028,#3029,#357,.T.);
#3780=EDGE_CURVE('',#3029,#3026,#1538,.T.);
#3781=EDGE_CURVE('',#3030,#3030,#358,.T.);
#3782=EDGE_CURVE('',#3031,#3031,#359,.T.);
#3783=EDGE_CURVE('',#3032,#3032,#360,.T.);
#3784=EDGE_CURVE('',#3033,#3033,#361,.T.);
#3785=EDGE_CURVE('',#3034,#3034,#362,.T.);
#3786=EDGE_CURVE('',#2917,#3035,#1539,.T.);
#3787=EDGE_CURVE('',#3035,#3036,#363,.T.);
#3788=EDGE_CURVE('',#3036,#3037,#1540,.T.);
#3789=EDGE_CURVE('',#3037,#3038,#364,.T.);
#3790=EDGE_CURVE('',#3038,#3039,#1541,.T.);
#3791=EDGE_CURVE('',#3039,#3040,#365,.T.);
#3792=EDGE_CURVE('',#3040,#3041,#1542,.T.);
#3793=EDGE_CURVE('',#3041,#3042,#366,.T.);
#3794=EDGE_CURVE('',#3042,#2975,#1543,.T.);
#3795=EDGE_CURVE('',#2976,#3043,#1544,.T.);
#3796=EDGE_CURVE('',#3043,#3044,#367,.T.);
#3797=EDGE_CURVE('',#3044,#3045,#1545,.T.);
#3798=EDGE_CURVE('',#3045,#2977,#368,.T.);
#3799=EDGE_CURVE('',#2881,#2982,#1546,.T.);
#3800=EDGE_CURVE('',#2880,#2983,#1547,.T.);
#3801=EDGE_CURVE('',#2879,#2984,#1548,.F.);
#3802=EDGE_CURVE('',#2878,#2985,#1549,.T.);
#3803=EDGE_CURVE('',#2923,#3046,#369,.T.);
#3804=EDGE_CURVE('',#3046,#3047,#370,.T.);
#3805=EDGE_CURVE('',#3047,#3048,#371,.T.);
#3806=EDGE_CURVE('',#3048,#2916,#1550,.T.);
#3807=EDGE_CURVE('',#3049,#3049,#372,.T.);
#3808=EDGE_CURVE('',#2979,#3050,#373,.T.);
#3809=EDGE_CURVE('',#3050,#3051,#1551,.T.);
#3810=EDGE_CURVE('',#3051,#3052,#374,.T.);
#3811=EDGE_CURVE('',#3052,#3053,#1552,.T.);
#3812=EDGE_CURVE('',#3053,#3054,#375,.T.);
#3813=EDGE_CURVE('',#3054,#3055,#1553,.T.);
#3814=EDGE_CURVE('',#3055,#3056,#376,.T.);
#3815=EDGE_CURVE('',#3056,#3057,#1554,.T.);
#3816=EDGE_CURVE('',#3057,#2779,#377,.T.);
#3817=EDGE_CURVE('',#2809,#3058,#378,.T.);
#3818=EDGE_CURVE('',#3058,#2920,#379,.T.);
#3819=EDGE_CURVE('',#3059,#3059,#380,.T.);
#3820=EDGE_CURVE('',#2931,#3060,#381,.T.);
#3821=EDGE_CURVE('',#3060,#2806,#382,.T.);
#3822=EDGE_CURVE('',#2791,#3061,#383,.T.);
#3823=EDGE_CURVE('',#3061,#3062,#1555,.T.);
#3824=EDGE_CURVE('',#3062,#3063,#384,.T.);
#3825=EDGE_CURVE('',#3063,#3064,#1556,.T.);
#3826=EDGE_CURVE('',#3064,#3065,#385,.T.);
#3827=EDGE_CURVE('',#3065,#3066,#1557,.T.);
#3828=EDGE_CURVE('',#3066,#3067,#386,.T.);
#3829=EDGE_CURVE('',#3067,#3068,#1558,.T.);
#3830=EDGE_CURVE('',#3068,#2972,#387,.T.);
#3831=EDGE_CURVE('',#3069,#3069,#388,.T.);
#3832=EDGE_CURVE('',#2968,#3070,#1559,.T.);
#3833=EDGE_CURVE('',#3070,#3071,#389,.T.);
#3834=EDGE_CURVE('',#3071,#3072,#390,.T.);
#3835=EDGE_CURVE('',#3072,#2928,#391,.T.);
#3836=EDGE_CURVE('',#3073,#3073,#392,.T.);
#3837=EDGE_CURVE('',#3074,#3075,#1560,.T.);
#3838=EDGE_CURVE('',#3075,#3076,#1561,.T.);
#3839=EDGE_CURVE('',#3076,#3077,#1562,.F.);
#3840=EDGE_CURVE('',#3077,#3074,#1563,.T.);
#3841=EDGE_CURVE('',#3074,#3078,#1564,.T.);
#3842=EDGE_CURVE('',#3079,#3078,#1565,.T.);
#3843=EDGE_CURVE('',#3080,#3079,#1566,.T.);
#3844=EDGE_CURVE('',#3080,#3075,#1567,.T.);
#3845=EDGE_CURVE('',#3077,#3081,#1568,.T.);
#3846=EDGE_CURVE('',#3078,#3081,#1569,.T.);
#3847=EDGE_CURVE('',#3082,#3083,#1570,.T.);
#3848=EDGE_CURVE('',#3083,#3084,#1571,.T.);
#3849=EDGE_CURVE('',#3084,#3085,#1572,.F.);
#3850=EDGE_CURVE('',#3085,#3082,#1573,.T.);
#3851=EDGE_CURVE('',#3086,#3085,#1574,.T.);
#3852=EDGE_CURVE('',#3086,#3087,#17,.T.);
#3853=EDGE_CURVE('',#3087,#3088,#1575,.T.);
#3854=EDGE_CURVE('',#3088,#3089,#18,.T.);
#3855=EDGE_CURVE('',#3090,#3089,#1576,.T.);
#3856=EDGE_CURVE('',#3090,#3091,#1577,.T.);
#3857=EDGE_CURVE('',#3091,#3082,#1578,.T.);
#3858=EDGE_CURVE('',#3092,#3093,#1579,.T.);
#3859=EDGE_CURVE('',#3092,#3094,#1580,.T.);
#3860=EDGE_CURVE('',#3095,#3094,#1581,.T.);
#3861=EDGE_CURVE('',#3093,#3095,#1582,.T.);
#3862=EDGE_CURVE('',#3096,#3083,#1583,.T.);
#3863=EDGE_CURVE('',#3097,#3096,#1584,.T.);
#3864=EDGE_CURVE('',#3097,#3084,#1585,.T.);
#3865=EDGE_CURVE('',#3093,#3098,#1586,.T.);
#3866=EDGE_CURVE('',#3099,#3098,#59,.T.);
#3867=EDGE_CURVE('',#3100,#3099,#1587,.T.);
#3868=EDGE_CURVE('',#3100,#3101,#19,.T.);
#3869=EDGE_CURVE('',#3101,#3102,#1588,.T.);
#3870=EDGE_CURVE('',#3102,#3103,#20,.T.);
#3871=EDGE_CURVE('',#3092,#3103,#1589,.T.);
#3872=EDGE_CURVE('',#3091,#3104,#1590,.T.);
#3873=EDGE_CURVE('',#3096,#3104,#1591,.T.);
#3874=EDGE_CURVE('',#2819,#3095,#1592,.T.);
#3875=EDGE_CURVE('',#3098,#2818,#60,.T.);
#3876=EDGE_CURVE('',#3094,#3097,#1593,.T.);
#3877=EDGE_CURVE('',#3104,#2965,#1594,.T.);
#3878=EDGE_CURVE('',#2964,#3105,#393,.T.);
#3879=EDGE_CURVE('',#3105,#3106,#1595,.T.);
#3880=EDGE_CURVE('',#3106,#3107,#394,.T.);
#3881=EDGE_CURVE('',#3107,#3108,#1596,.T.);
#3882=EDGE_CURVE('',#3108,#3079,#1597,.T.);
#3883=EDGE_CURVE('',#3081,#3109,#1598,.T.);
#3884=EDGE_CURVE('',#3109,#3110,#1599,.T.);
#3885=EDGE_CURVE('',#3110,#2820,#1600,.T.);
#3886=EDGE_CURVE('',#3111,#3112,#395,.T.);
#3887=EDGE_CURVE('',#2922,#3112,#396,.T.);
#3888=EDGE_CURVE('',#3113,#2921,#397,.T.);
#3889=EDGE_CURVE('',#3113,#2808,#398,.T.);
#3890=EDGE_CURVE('',#2807,#3114,#399,.T.);
#3891=EDGE_CURVE('',#2930,#3114,#400,.T.);
#3892=EDGE_CURVE('',#3115,#2929,#401,.T.);
#3893=EDGE_CURVE('',#3115,#3116,#402,.T.);
#3894=EDGE_CURVE('',#3117,#3116,#403,.T.);
#3895=EDGE_CURVE('',#3117,#3118,#1601,.T.);
#3896=EDGE_CURVE('',#3111,#3118,#404,.T.);
#3897=EDGE_CURVE('',#3119,#3120,#1602,.T.);
#3898=EDGE_CURVE('',#3110,#3119,#1603,.T.);
#3899=EDGE_CURVE('',#3109,#3120,#1604,.T.);
#3900=EDGE_CURVE('',#3119,#3121,#1605,.T.);
#3901=EDGE_CURVE('',#2821,#3121,#61,.T.);
#3902=EDGE_CURVE('',#3120,#3122,#1606,.T.);
#3903=EDGE_CURVE('',#3122,#3123,#21,.T.);
#3904=EDGE_CURVE('',#3123,#3124,#1607,.T.);
#3905=EDGE_CURVE('',#3124,#3125,#22,.T.);
#3906=EDGE_CURVE('',#3125,#3126,#1608,.T.);
#3907=EDGE_CURVE('',#3121,#3126,#62,.T.);
#3908=EDGE_CURVE('',#2817,#3099,#63,.F.);
#3909=EDGE_CURVE('',#3127,#3102,#1609,.T.);
#3910=EDGE_CURVE('',#3128,#3127,#405,.T.);
#3911=EDGE_CURVE('',#3103,#3128,#1610,.T.);
#3912=EDGE_CURVE('',#3129,#3100,#1611,.T.);
#3913=EDGE_CURVE('',#3130,#3129,#406,.T.);
#3914=EDGE_CURVE('',#3130,#3101,#1612,.T.);
#3915=EDGE_CURVE('',#3127,#3130,#1613,.T.);
#3916=EDGE_CURVE('',#3131,#3087,#1614,.T.);
#3917=EDGE_CURVE('',#3132,#3131,#1615,.T.);
#3918=EDGE_CURVE('',#3132,#3088,#1616,.T.);
#3919=EDGE_CURVE('',#3133,#3132,#407,.T.);
#3920=EDGE_CURVE('',#3089,#3133,#1617,.T.);
#3921=EDGE_CURVE('',#3134,#3086,#1618,.T.);
#3922=EDGE_CURVE('',#3131,#3134,#408,.T.);
#3923=EDGE_CURVE('',#3135,#3133,#1619,.T.);
#3924=EDGE_CURVE('',#3090,#3135,#1620,.T.);
#3925=EDGE_CURVE('',#3134,#3128,#1621,.T.);
#3926=EDGE_CURVE('',#3129,#2816,#1622,.T.);
#3927=EDGE_CURVE('',#3135,#2966,#1623,.T.);
#3928=EDGE_CURVE('',#3126,#2822,#64,.F.);
#3929=EDGE_CURVE('',#3136,#3080,#1624,.T.);
#3930=EDGE_CURVE('',#3136,#3137,#1625,.T.);
#3931=EDGE_CURVE('',#3137,#3138,#23,.T.);
#3932=EDGE_CURVE('',#3138,#3139,#1626,.T.);
#3933=EDGE_CURVE('',#3139,#3140,#24,.T.);
#3934=EDGE_CURVE('',#3140,#3076,#1627,.T.);
#3935=EDGE_CURVE('',#3141,#3122,#1628,.T.);
#3936=EDGE_CURVE('',#3142,#3141,#409,.T.);
#3937=EDGE_CURVE('',#3142,#3123,#1629,.T.);
#3938=EDGE_CURVE('',#3143,#3124,#1630,.T.);
#3939=EDGE_CURVE('',#3144,#3143,#410,.T.);
#3940=EDGE_CURVE('',#3125,#3144,#1631,.T.);
#3941=EDGE_CURVE('',#3143,#3142,#1632,.T.);
#3942=EDGE_CURVE('',#3145,#3141,#1633,.T.);
#3943=EDGE_CURVE('',#3145,#3146,#411,.T.);
#3944=EDGE_CURVE('',#3146,#3147,#1634,.T.);
#3945=EDGE_CURVE('',#3147,#3148,#412,.T.);
#3946=EDGE_CURVE('',#3149,#3148,#1635,.T.);
#3947=EDGE_CURVE('',#3149,#3150,#1636,.T.);
#3948=EDGE_CURVE('',#2962,#3150,#1637,.T.);
#3949=EDGE_CURVE('',#3144,#2823,#1638,.T.);
#3950=EDGE_CURVE('',#3140,#3145,#1639,.T.);
#3951=EDGE_CURVE('',#3147,#3138,#1640,.T.);
#3952=EDGE_CURVE('',#3146,#3139,#1641,.T.);
#3953=EDGE_CURVE('',#3148,#3137,#1642,.T.);
#3954=EDGE_CURVE('',#3136,#3149,#1643,.T.);
#3955=EDGE_CURVE('',#3151,#3152,#413,.T.);
#3956=EDGE_CURVE('',#3152,#3153,#1644,.T.);
#3957=EDGE_CURVE('',#3153,#3154,#414,.T.);
#3958=EDGE_CURVE('',#3155,#3154,#1645,.T.);
#3959=EDGE_CURVE('',#3155,#3156,#415,.T.);
#3960=EDGE_CURVE('',#3156,#3157,#1646,.T.);
#3961=EDGE_CURVE('',#3157,#3158,#416,.T.);
#3962=EDGE_CURVE('',#3158,#3159,#1647,.T.);
#3963=EDGE_CURVE('',#3159,#3160,#417,.T.);
#3964=EDGE_CURVE('',#3160,#3161,#1648,.T.);
#3965=EDGE_CURVE('',#3161,#3162,#418,.T.);
#3966=EDGE_CURVE('',#3162,#3163,#1649,.T.);
#3967=EDGE_CURVE('',#3163,#3164,#419,.T.);
#3968=EDGE_CURVE('',#3164,#3165,#1650,.T.);
#3969=EDGE_CURVE('',#3165,#3166,#420,.T.);
#3970=EDGE_CURVE('',#3166,#3151,#1651,.T.);
#3971=EDGE_CURVE('',#3167,#3168,#421,.T.);
#3972=EDGE_CURVE('',#3168,#3169,#1652,.T.);
#3973=EDGE_CURVE('',#3169,#3170,#1653,.T.);
#3974=EDGE_CURVE('',#3170,#3171,#1654,.T.);
#3975=EDGE_CURVE('',#3171,#3172,#422,.T.);
#3976=EDGE_CURVE('',#3172,#3173,#1655,.T.);
#3977=EDGE_CURVE('',#3173,#3174,#423,.T.);
#3978=EDGE_CURVE('',#3174,#3175,#1656,.T.);
#3979=EDGE_CURVE('',#3175,#3176,#1657,.T.);
#3980=EDGE_CURVE('',#3176,#3177,#1658,.T.);
#3981=EDGE_CURVE('',#3177,#3178,#424,.T.);
#3982=EDGE_CURVE('',#3178,#3167,#1659,.T.);
#3983=EDGE_CURVE('',#3179,#3180,#425,.T.);
#3984=EDGE_CURVE('',#3180,#3181,#1660,.T.);
#3985=EDGE_CURVE('',#3181,#3182,#426,.T.);
#3986=EDGE_CURVE('',#3182,#3183,#1661,.T.);
#3987=EDGE_CURVE('',#3183,#3184,#427,.T.);
#3988=EDGE_CURVE('',#3184,#3185,#1662,.T.);
#3989=EDGE_CURVE('',#3185,#3186,#428,.T.);
#3990=EDGE_CURVE('',#3186,#3187,#1663,.T.);
#3991=EDGE_CURVE('',#3187,#3188,#429,.T.);
#3992=EDGE_CURVE('',#3188,#3189,#1664,.T.);
#3993=EDGE_CURVE('',#3189,#3190,#430,.T.);
#3994=EDGE_CURVE('',#3190,#3191,#1665,.T.);
#3995=EDGE_CURVE('',#3191,#3192,#431,.T.);
#3996=EDGE_CURVE('',#3192,#3193,#1666,.T.);
#3997=EDGE_CURVE('',#3193,#3194,#432,.T.);
#3998=EDGE_CURVE('',#3194,#3179,#1667,.T.);
#3999=EDGE_CURVE('',#3195,#3196,#433,.T.);
#4000=EDGE_CURVE('',#3196,#3197,#1668,.T.);
#4001=EDGE_CURVE('',#3197,#3198,#1669,.T.);
#4002=EDGE_CURVE('',#3198,#3199,#1670,.T.);
#4003=EDGE_CURVE('',#3199,#3200,#434,.T.);
#4004=EDGE_CURVE('',#3200,#3201,#1671,.T.);
#4005=EDGE_CURVE('',#3201,#3202,#435,.T.);
#4006=EDGE_CURVE('',#3202,#3203,#1672,.T.);
#4007=EDGE_CURVE('',#3203,#3204,#1673,.T.);
#4008=EDGE_CURVE('',#3204,#3205,#1674,.T.);
#4009=EDGE_CURVE('',#3205,#3206,#436,.T.);
#4010=EDGE_CURVE('',#3206,#3195,#1675,.T.);
#4011=EDGE_CURVE('',#3207,#3208,#437,.T.);
#4012=EDGE_CURVE('',#3208,#3209,#1676,.T.);
#4013=EDGE_CURVE('',#3209,#3210,#438,.T.);
#4014=EDGE_CURVE('',#3210,#3211,#1677,.T.);
#4015=EDGE_CURVE('',#3211,#3212,#439,.T.);
#4016=EDGE_CURVE('',#3212,#3213,#1678,.T.);
#4017=EDGE_CURVE('',#3213,#3214,#440,.T.);
#4018=EDGE_CURVE('',#3214,#3215,#1679,.T.);
#4019=EDGE_CURVE('',#3215,#3216,#441,.T.);
#4020=EDGE_CURVE('',#3216,#3217,#1680,.T.);
#4021=EDGE_CURVE('',#3217,#3218,#442,.T.);
#4022=EDGE_CURVE('',#3218,#3219,#1681,.T.);
#4023=EDGE_CURVE('',#3219,#3220,#443,.T.);
#4024=EDGE_CURVE('',#3220,#3221,#1682,.T.);
#4025=EDGE_CURVE('',#3221,#3222,#444,.T.);
#4026=EDGE_CURVE('',#3222,#3207,#1683,.T.);
#4027=EDGE_CURVE('',#3223,#3224,#445,.T.);
#4028=EDGE_CURVE('',#3224,#3225,#1684,.T.);
#4029=EDGE_CURVE('',#3225,#3226,#1685,.T.);
#4030=EDGE_CURVE('',#3226,#3227,#1686,.T.);
#4031=EDGE_CURVE('',#3227,#3228,#446,.T.);
#4032=EDGE_CURVE('',#3228,#3229,#1687,.T.);
#4033=EDGE_CURVE('',#3229,#3230,#447,.T.);
#4034=EDGE_CURVE('',#3230,#3231,#1688,.T.);
#4035=EDGE_CURVE('',#3231,#3232,#1689,.T.);
#4036=EDGE_CURVE('',#3232,#3233,#1690,.T.);
#4037=EDGE_CURVE('',#3233,#3234,#448,.T.);
#4038=EDGE_CURVE('',#3234,#3223,#1691,.T.);
#4039=EDGE_CURVE('',#3235,#3236,#449,.T.);
#4040=EDGE_CURVE('',#3236,#3237,#1692,.T.);
#4041=EDGE_CURVE('',#3237,#3238,#450,.T.);
#4042=EDGE_CURVE('',#3239,#3238,#1693,.T.);
#4043=EDGE_CURVE('',#3239,#3240,#451,.T.);
#4044=EDGE_CURVE('',#3240,#3241,#1694,.T.);
#4045=EDGE_CURVE('',#3241,#3242,#452,.T.);
#4046=EDGE_CURVE('',#3242,#3243,#1695,.T.);
#4047=EDGE_CURVE('',#3243,#3244,#453,.T.);
#4048=EDGE_CURVE('',#3244,#3245,#1696,.T.);
#4049=EDGE_CURVE('',#3245,#3246,#454,.T.);
#4050=EDGE_CURVE('',#3246,#3247,#1697,.T.);
#4051=EDGE_CURVE('',#3247,#3248,#455,.T.);
#4052=EDGE_CURVE('',#3248,#3249,#1698,.T.);
#4053=EDGE_CURVE('',#3249,#3250,#456,.T.);
#4054=EDGE_CURVE('',#3250,#3235,#1699,.T.);
#4055=EDGE_CURVE('',#3251,#3252,#457,.T.);
#4056=EDGE_CURVE('',#3252,#3253,#1700,.T.);
#4057=EDGE_CURVE('',#3253,#3254,#1701,.T.);
#4058=EDGE_CURVE('',#3254,#3255,#1702,.T.);
#4059=EDGE_CURVE('',#3255,#3256,#458,.T.);
#4060=EDGE_CURVE('',#3256,#3257,#1703,.T.);
#4061=EDGE_CURVE('',#3257,#3258,#459,.T.);
#4062=EDGE_CURVE('',#3258,#3259,#1704,.T.);
#4063=EDGE_CURVE('',#3259,#3260,#1705,.T.);
#4064=EDGE_CURVE('',#3260,#3261,#1706,.T.);
#4065=EDGE_CURVE('',#3261,#3262,#460,.T.);
#4066=EDGE_CURVE('',#3262,#3251,#1707,.T.);
#4067=EDGE_CURVE('',#3112,#3046,#1708,.T.);
#4068=EDGE_CURVE('',#3047,#3111,#1709,.T.);
#4069=EDGE_CURVE('',#3116,#3071,#1710,.T.);
#4070=EDGE_CURVE('',#3072,#3115,#1711,.T.);
#4071=EDGE_CURVE('',#3118,#3048,#1712,.T.);
#4072=EDGE_CURVE('',#3150,#3108,#1713,.T.);
#4073=EDGE_CURVE('',#2957,#3107,#1714,.T.);
#4074=EDGE_CURVE('',#3070,#3117,#1715,.T.);
#4075=EDGE_CURVE('',#2895,#3263,#1716,.T.);
#4076=EDGE_CURVE('',#3263,#3264,#1717,.T.);
#4077=EDGE_CURVE('',#3264,#3035,#1718,.T.);
#4078=EDGE_CURVE('',#2997,#3265,#1719,.T.);
#4079=EDGE_CURVE('',#3265,#3266,#1720,.T.);
#4080=EDGE_CURVE('',#2864,#3266,#1721,.T.);
#4081=EDGE_CURVE('',#3267,#3154,#1722,.T.);
#4082=EDGE_CURVE('',#3267,#3268,#1723,.T.);
#4083=EDGE_CURVE('',#3268,#3155,#1724,.T.);
#4084=EDGE_CURVE('',#3269,#3238,#1725,.T.);
#4085=EDGE_CURVE('',#3269,#3270,#1726,.T.);
#4086=EDGE_CURVE('',#3270,#3239,#1727,.T.);
#4087=EDGE_CURVE('',#3058,#3113,#1728,.T.);
#4088=EDGE_CURVE('',#3060,#3114,#1729,.T.);
#4089=EDGE_CURVE('',#3271,#3272,#25,.T.);
#4090=EDGE_CURVE('',#3272,#3273,#1730,.T.);
#4091=EDGE_CURVE('',#3273,#3274,#26,.T.);
#4092=EDGE_CURVE('',#3274,#3275,#1731,.T.);
#4093=EDGE_CURVE('',#3275,#3276,#27,.T.);
#4094=EDGE_CURVE('',#3276,#3277,#1732,.T.);
#4095=EDGE_CURVE('',#3277,#3278,#28,.T.);
#4096=EDGE_CURVE('',#3278,#3271,#1733,.T.);
#4097=EDGE_CURVE('',#3275,#3214,#1734,.T.);
#4098=EDGE_CURVE('',#3279,#3213,#1735,.T.);
#4099=EDGE_CURVE('',#3279,#3276,#65,.T.);
#4100=EDGE_CURVE('',#3274,#3215,#1736,.T.);
#4101=EDGE_CURVE('',#3273,#3280,#66,.T.);
#4102=EDGE_CURVE('',#3280,#3216,#1737,.T.);
#4103=EDGE_CURVE('',#3281,#3272,#67,.T.);
#4104=EDGE_CURVE('',#3280,#3281,#1738,.T.);
#4105=EDGE_CURVE('',#3282,#3283,#29,.T.);
#4106=EDGE_CURVE('',#3283,#3284,#1739,.T.);
#4107=EDGE_CURVE('',#3284,#3285,#30,.T.);
#4108=EDGE_CURVE('',#3285,#3286,#1740,.T.);
#4109=EDGE_CURVE('',#3286,#3287,#31,.T.);
#4110=EDGE_CURVE('',#3287,#3288,#1741,.T.);
#4111=EDGE_CURVE('',#3288,#3289,#32,.T.);
#4112=EDGE_CURVE('',#3289,#3282,#1742,.T.);
#4113=EDGE_CURVE('',#3286,#3188,#1743,.T.);
#4114=EDGE_CURVE('',#3290,#3187,#1744,.T.);
#4115=EDGE_CURVE('',#3290,#3287,#68,.T.);
#4116=EDGE_CURVE('',#3285,#3189,#1745,.T.);
#4117=EDGE_CURVE('',#3284,#3291,#69,.T.);
#4118=EDGE_CURVE('',#3291,#3190,#1746,.T.);
#4119=EDGE_CURVE('',#3292,#3283,#70,.T.);
#4120=EDGE_CURVE('',#3291,#3292,#1747,.T.);
#4121=EDGE_CURVE('',#2953,#3105,#1748,.T.);
#4122=EDGE_CURVE('',#2955,#3106,#1749,.T.);
#4123=EDGE_CURVE('',#3293,#3294,#71,.T.);
#4124=EDGE_CURVE('',#3293,#3295,#1750,.T.);
#4125=EDGE_CURVE('',#3296,#3295,#72,.T.);
#4126=EDGE_CURVE('',#3297,#3296,#1751,.T.);
#4127=EDGE_CURVE('',#3298,#3297,#73,.T.);
#4128=EDGE_CURVE('',#3298,#3299,#1752,.T.);
#4129=EDGE_CURVE('',#3300,#3299,#74,.T.);
#4130=EDGE_CURVE('',#3294,#3300,#1753,.T.);
#4131=EDGE_CURVE('',#3301,#3279,#1754,.T.);
#4132=EDGE_CURVE('',#3277,#3301,#75,.T.);
#4133=EDGE_CURVE('',#3302,#3290,#1755,.T.);
#4134=EDGE_CURVE('',#3288,#3302,#76,.T.);
#4135=EDGE_CURVE('',#3303,#3304,#77,.T.);
#4136=EDGE_CURVE('',#3305,#3303,#1756,.T.);
#4137=EDGE_CURVE('',#3306,#3305,#78,.T.);
#4138=EDGE_CURVE('',#3306,#3307,#1757,.T.);
#4139=EDGE_CURVE('',#3308,#3307,#79,.T.);
#4140=EDGE_CURVE('',#3309,#3308,#1758,.T.);
#4141=EDGE_CURVE('',#3310,#3309,#80,.T.);
#4142=EDGE_CURVE('',#3310,#3304,#1759,.T.);
#4143=EDGE_CURVE('',#3054,#3305,#1760,.T.);
#4144=EDGE_CURVE('',#3053,#3306,#1761,.T.);
#4145=EDGE_CURVE('',#3055,#3303,#1762,.T.);
#4146=EDGE_CURVE('',#3065,#3299,#1763,.T.);
#4147=EDGE_CURVE('',#3064,#3300,#1764,.T.);
#4148=EDGE_CURVE('',#3063,#3294,#1765,.T.);
#4149=EDGE_CURVE('',#3062,#3293,#1766,.T.);
#4150=EDGE_CURVE('',#3061,#3217,#1767,.T.);
#4151=EDGE_CURVE('',#3295,#3281,#1768,.T.);
#4152=EDGE_CURVE('',#3302,#3310,#1769,.T.);
#4153=EDGE_CURVE('',#3309,#2999,#1770,.T.);
#4154=EDGE_CURVE('',#3311,#2998,#1771,.T.);
#4155=EDGE_CURVE('',#3311,#3202,#1772,.T.);
#4156=EDGE_CURVE('',#3289,#3201,#1773,.T.);
#4157=EDGE_CURVE('',#3308,#3000,#1774,.T.);
#4158=EDGE_CURVE('',#3282,#3200,#1775,.T.);
#4159=EDGE_CURVE('',#3271,#3234,#1776,.T.);
#4160=EDGE_CURVE('',#3312,#3233,#1777,.T.);
#4161=EDGE_CURVE('',#3312,#3029,#1778,.T.);
#4162=EDGE_CURVE('',#3296,#3028,#1779,.T.);
#4163=EDGE_CURVE('',#3278,#3223,#1780,.T.);
#4164=EDGE_CURVE('',#3027,#3297,#1781,.T.);
#4165=EDGE_CURVE('',#3313,#3314,#1782,.T.);
#4166=EDGE_CURVE('',#3315,#3313,#1783,.T.);
#4167=EDGE_CURVE('',#3316,#3315,#1784,.T.);
#4168=EDGE_CURVE('',#3316,#3314,#1785,.T.);
#4169=EDGE_CURVE('',#3317,#3318,#1786,.T.);
#4170=EDGE_CURVE('',#3318,#3317,#461,.T.);
#4171=EDGE_CURVE('',#3319,#3316,#81,.T.);
#4172=EDGE_CURVE('',#3319,#3320,#1787,.T.);
#4173=EDGE_CURVE('',#3318,#3320,#33,.T.);
#4174=EDGE_CURVE('',#3314,#3317,#34,.T.);
#4175=EDGE_CURVE('',#3320,#3321,#1788,.T.);
#4176=EDGE_CURVE('',#3322,#3319,#1789,.T.);
#4177=EDGE_CURVE('',#3322,#3321,#1790,.T.);
#4178=EDGE_CURVE('',#3315,#3322,#82,.T.);
#4179=EDGE_CURVE('',#3323,#3313,#35,.T.);
#4180=EDGE_CURVE('',#3323,#3324,#462,.T.);
#4181=EDGE_CURVE('',#3321,#3324,#36,.T.);
#4182=EDGE_CURVE('',#3324,#3323,#1791,.T.);
#4183=EDGE_CURVE('',#2885,#3316,#1792,.T.);
#4184=EDGE_CURVE('',#2884,#3182,#1793,.T.);
#4185=EDGE_CURVE('',#3319,#3181,#1794,.T.);
#4186=EDGE_CURVE('',#3315,#3043,#1795,.T.);
#4187=EDGE_CURVE('',#3322,#3180,#1796,.T.);
#4188=EDGE_CURVE('',#3320,#3206,#1797,.T.);
#4189=EDGE_CURVE('',#3325,#3205,#1798,.T.);
#4190=EDGE_CURVE('',#3325,#3025,#1799,.T.);
#4191=EDGE_CURVE('',#3314,#3024,#1800,.T.);
#4192=EDGE_CURVE('',#3321,#3195,#1801,.T.);
#4193=EDGE_CURVE('',#3023,#3313,#1802,.T.);
#4194=EDGE_CURVE('',#3326,#3327,#83,.T.);
#4195=EDGE_CURVE('',#3326,#3328,#1803,.T.);
#4196=EDGE_CURVE('',#3329,#3328,#37,.T.);
#4197=EDGE_CURVE('',#3330,#3329,#463,.T.);
#4198=EDGE_CURVE('',#3331,#3330,#38,.T.);
#4199=EDGE_CURVE('',#3327,#3331,#1804,.T.);
#4200=EDGE_CURVE('',#3332,#3333,#1805,.T.);
#4201=EDGE_CURVE('',#3332,#3333,#464,.T.);
#4202=EDGE_CURVE('',#3330,#3329,#1806,.T.);
#4203=EDGE_CURVE('',#3328,#3334,#1807,.T.);
#4204=EDGE_CURVE('',#3335,#3326,#1808,.T.);
#4205=EDGE_CURVE('',#3335,#3334,#1809,.T.);
#4206=EDGE_CURVE('',#3336,#3331,#1810,.T.);
#4207=EDGE_CURVE('',#3337,#3336,#1811,.T.);
#4208=EDGE_CURVE('',#3327,#3337,#1812,.T.);
#4209=EDGE_CURVE('',#3337,#3335,#84,.T.);
#4210=EDGE_CURVE('',#3333,#3336,#39,.T.);
#4211=EDGE_CURVE('',#3334,#3332,#40,.T.);
#4212=EDGE_CURVE('',#3327,#3042,#1813,.T.);
#4213=EDGE_CURVE('',#3164,#3041,#1814,.T.);
#4214=EDGE_CURVE('',#3326,#3163,#1815,.T.);
#4215=EDGE_CURVE('',#2888,#3337,#1816,.T.);
#4216=EDGE_CURVE('',#3335,#3162,#1817,.T.);
#4217=EDGE_CURVE('',#3328,#3172,#1818,.T.);
#4218=EDGE_CURVE('',#3338,#3171,#1819,.T.);
#4219=EDGE_CURVE('',#3338,#3005,#1820,.T.);
#4220=EDGE_CURVE('',#3331,#3004,#1821,.T.);
#4221=EDGE_CURVE('',#3334,#3173,#1822,.T.);
#4222=EDGE_CURVE('',#3339,#3340,#85,.T.);
#4223=EDGE_CURVE('',#3339,#3341,#1823,.T.);
#4224=EDGE_CURVE('',#3342,#3341,#41,.T.);
#4225=EDGE_CURVE('',#3343,#3342,#465,.T.);
#4226=EDGE_CURVE('',#3344,#3343,#42,.T.);
#4227=EDGE_CURVE('',#3340,#3344,#1824,.T.);
#4228=EDGE_CURVE('',#3345,#3346,#1825,.T.);
#4229=EDGE_CURVE('',#3345,#3346,#466,.T.);
#4230=EDGE_CURVE('',#3343,#3342,#1826,.T.);
#4231=EDGE_CURVE('',#3341,#3347,#1827,.T.);
#4232=EDGE_CURVE('',#3348,#3339,#1828,.T.);
#4233=EDGE_CURVE('',#3348,#3347,#1829,.T.);
#4234=EDGE_CURVE('',#3349,#3344,#1830,.T.);
#4235=EDGE_CURVE('',#3350,#3349,#1831,.T.);
#4236=EDGE_CURVE('',#3340,#3350,#1832,.T.);
#4237=EDGE_CURVE('',#3350,#3348,#86,.T.);
#4238=EDGE_CURVE('',#3346,#3349,#43,.T.);
#4239=EDGE_CURVE('',#3347,#3345,#44,.T.);
#4240=EDGE_CURVE('',#2989,#3340,#1833,.T.);
#4241=EDGE_CURVE('',#3208,#2988,#1834,.T.);
#4242=EDGE_CURVE('',#3339,#3207,#1835,.T.);
#4243=EDGE_CURVE('',#2874,#3350,#1836,.T.);
#4244=EDGE_CURVE('',#3348,#3222,#1837,.T.);
#4245=EDGE_CURVE('',#3341,#3228,#1838,.T.);
#4246=EDGE_CURVE('',#3351,#3227,#1839,.T.);
#4247=EDGE_CURVE('',#3351,#3013,#1840,.T.);
#4248=EDGE_CURVE('',#3344,#3012,#1841,.T.);
#4249=EDGE_CURVE('',#3347,#3229,#1842,.T.);
#4250=EDGE_CURVE('',#3352,#3353,#1843,.T.);
#4251=EDGE_CURVE('',#3354,#3352,#1844,.T.);
#4252=EDGE_CURVE('',#3355,#3354,#1845,.T.);
#4253=EDGE_CURVE('',#3355,#3353,#1846,.T.);
#4254=EDGE_CURVE('',#3356,#3357,#1847,.T.);
#4255=EDGE_CURVE('',#3357,#3356,#467,.T.);
#4256=EDGE_CURVE('',#3358,#3355,#87,.T.);
#4257=EDGE_CURVE('',#3358,#3359,#1848,.T.);
#4258=EDGE_CURVE('',#3357,#3359,#45,.T.);
#4259=EDGE_CURVE('',#3353,#3356,#46,.T.);
#4260=EDGE_CURVE('',#3359,#3360,#1849,.T.);
#4261=EDGE_CURVE('',#3361,#3358,#1850,.T.);
#4262=EDGE_CURVE('',#3361,#3360,#1851,.T.);
#4263=EDGE_CURVE('',#3354,#3361,#88,.T.);
#4264=EDGE_CURVE('',#3362,#3352,#47,.T.);
#4265=EDGE_CURVE('',#3362,#3363,#468,.T.);
#4266=EDGE_CURVE('',#3360,#3363,#48,.T.);
#4267=EDGE_CURVE('',#3363,#3362,#1852,.T.);
#4268=EDGE_CURVE('',#2871,#3355,#1853,.T.);
#4269=EDGE_CURVE('',#2870,#3248,#1854,.T.);
#4270=EDGE_CURVE('',#3358,#3247,#1855,.T.);
#4271=EDGE_CURVE('',#3354,#2990,#1856,.T.);
#4272=EDGE_CURVE('',#3361,#3246,#1857,.T.);
#4273=EDGE_CURVE('',#3359,#3262,#1858,.T.);
#4274=EDGE_CURVE('',#3364,#3261,#1859,.T.);
#4275=EDGE_CURVE('',#3364,#3017,#1860,.T.);
#4276=EDGE_CURVE('',#3353,#3016,#1861,.T.);
#4277=EDGE_CURVE('',#3360,#3251,#1862,.T.);
#4278=EDGE_CURVE('',#3015,#3352,#1863,.T.);
#4279=EDGE_CURVE('',#3365,#3366,#89,.T.);
#4280=EDGE_CURVE('',#3367,#3365,#1864,.T.);
#4281=EDGE_CURVE('',#3270,#3367,#90,.T.);
#4282=EDGE_CURVE('',#3368,#3269,#91,.T.);
#4283=EDGE_CURVE('',#3369,#3368,#1865,.T.);
#4284=EDGE_CURVE('',#3370,#3369,#92,.T.);
#4285=EDGE_CURVE('',#3366,#3370,#1866,.T.);
#4286=EDGE_CURVE('',#3371,#3372,#1867,.T.);
#4287=EDGE_CURVE('',#3373,#3371,#1868,.T.);
#4288=EDGE_CURVE('',#3374,#3373,#1869,.T.);
#4289=EDGE_CURVE('',#3374,#3372,#1870,.T.);
#4290=EDGE_CURVE('',#3375,#3365,#1871,.T.);
#4291=EDGE_CURVE('',#3376,#3375,#1872,.T.);
#4292=EDGE_CURVE('',#3376,#3367,#1873,.T.);
#4293=EDGE_CURVE('',#3369,#3377,#1874,.T.);
#4294=EDGE_CURVE('',#3378,#3368,#1875,.T.);
#4295=EDGE_CURVE('',#3377,#3378,#1876,.T.);
#4296=EDGE_CURVE('',#3379,#3375,#93,.T.);
#4297=EDGE_CURVE('',#3380,#3379,#1877,.T.);
#4298=EDGE_CURVE('',#3377,#3380,#94,.T.);
#4299=EDGE_CURVE('',#3266,#3378,#95,.T.);
#4300=EDGE_CURVE('',#3376,#3265,#96,.T.);
#4301=EDGE_CURVE('',#3381,#3263,#97,.T.);
#4302=EDGE_CURVE('',#3381,#3382,#1878,.T.);
#4303=EDGE_CURVE('',#3383,#3382,#98,.T.);
#4304=EDGE_CURVE('',#3384,#3383,#1879,.T.);
#4305=EDGE_CURVE('',#3373,#3384,#99,.T.);
#4306=EDGE_CURVE('',#3264,#3371,#100,.T.);
#4307=EDGE_CURVE('',#3268,#3385,#101,.T.);
#4308=EDGE_CURVE('',#3372,#3267,#102,.T.);
#4309=EDGE_CURVE('',#3386,#3374,#103,.T.);
#4310=EDGE_CURVE('',#3387,#3386,#1880,.T.);
#4311=EDGE_CURVE('',#3388,#3387,#104,.T.);
#4312=EDGE_CURVE('',#3385,#3388,#1881,.T.);
#4313=EDGE_CURVE('',#3385,#3381,#1882,.T.);
#4314=EDGE_CURVE('',#3382,#3388,#1883,.T.);
#4315=EDGE_CURVE('',#3153,#3036,#1884,.T.);
#4316=EDGE_CURVE('',#3366,#3256,#1885,.T.);
#4317=EDGE_CURVE('',#3389,#3255,#1886,.T.);
#4318=EDGE_CURVE('',#3389,#3009,#1887,.T.);
#4319=EDGE_CURVE('',#3379,#3008,#1888,.T.);
#4320=EDGE_CURVE('',#3370,#3257,#1889,.T.);
#4321=EDGE_CURVE('',#3376,#2996,#1890,.T.);
#4322=EDGE_CURVE('',#3241,#2995,#1891,.T.);
#4323=EDGE_CURVE('',#3367,#3240,#1892,.T.);
#4324=EDGE_CURVE('',#3368,#3237,#1893,.T.);
#4325=EDGE_CURVE('',#2865,#3378,#1894,.T.);
#4326=EDGE_CURVE('',#3019,#3384,#1895,.T.);
#4327=EDGE_CURVE('',#3390,#3018,#1896,.T.);
#4328=EDGE_CURVE('',#3390,#3168,#1897,.T.);
#4329=EDGE_CURVE('',#3386,#3167,#1898,.T.);
#4330=EDGE_CURVE('',#3383,#3020,#1899,.T.);
#4331=EDGE_CURVE('',#3387,#3178,#1900,.T.);
#4332=EDGE_CURVE('',#3391,#3391,#469,.T.);
#4333=EDGE_CURVE('',#3391,#3392,#1901,.T.);
#4334=EDGE_CURVE('',#3392,#3392,#470,.T.);
#4335=EDGE_CURVE('',#3393,#3393,#471,.T.);
#4336=EDGE_CURVE('',#3393,#3394,#1902,.T.);
#4337=EDGE_CURVE('',#3394,#3394,#472,.T.);
#4338=EDGE_CURVE('',#3395,#3395,#473,.T.);
#4339=EDGE_CURVE('',#3395,#3396,#1903,.T.);
#4340=EDGE_CURVE('',#3396,#3396,#474,.T.);
#4341=EDGE_CURVE('',#3397,#3397,#475,.T.);
#4342=EDGE_CURVE('',#3397,#3398,#1904,.T.);
#4343=EDGE_CURVE('',#3398,#3398,#476,.T.);
#4344=EDGE_CURVE('',#3399,#3399,#477,.T.);
#4345=EDGE_CURVE('',#3399,#3400,#1905,.T.);
#4346=EDGE_CURVE('',#3400,#3400,#478,.T.);
#4347=EDGE_CURVE('',#3401,#3401,#479,.T.);
#4348=EDGE_CURVE('',#3401,#3402,#1906,.T.);
#4349=EDGE_CURVE('',#3402,#3402,#480,.T.);
#4350=EDGE_CURVE('',#3403,#3403,#481,.T.);
#4351=EDGE_CURVE('',#3403,#3404,#1907,.T.);
#4352=EDGE_CURVE('',#3404,#3404,#482,.T.);
#4353=EDGE_CURVE('',#3405,#3405,#483,.T.);
#4354=EDGE_CURVE('',#3405,#3406,#1908,.T.);
#4355=EDGE_CURVE('',#3406,#3406,#484,.T.);
#4356=EDGE_CURVE('',#3407,#3002,#1909,.T.);
#4357=EDGE_CURVE('',#3407,#3338,#1910,.T.);
#4358=EDGE_CURVE('',#3408,#3408,#485,.T.);
#4359=EDGE_CURVE('',#3408,#3409,#1911,.T.);
#4360=EDGE_CURVE('',#3409,#3409,#486,.T.);
#4361=EDGE_CURVE('',#3410,#3410,#487,.T.);
#4362=EDGE_CURVE('',#3410,#3411,#1912,.T.);
#4363=EDGE_CURVE('',#3411,#3411,#488,.T.);
#4364=EDGE_CURVE('',#3412,#3021,#1913,.T.);
#4365=EDGE_CURVE('',#3390,#3412,#1914,.T.);
#4366=EDGE_CURVE('',#3413,#3414,#1915,.T.);
#4367=EDGE_CURVE('',#3390,#3413,#1916,.T.);
#4368=EDGE_CURVE('',#3415,#3412,#1917,.T.);
#4369=EDGE_CURVE('',#3416,#3415,#1918,.T.);
#4370=EDGE_CURVE('',#3407,#3416,#1919,.T.);
#4371=EDGE_CURVE('',#3414,#3338,#1920,.T.);
#4372=EDGE_CURVE('',#3416,#3175,#1921,.T.);
#4373=EDGE_CURVE('',#3407,#3174,#1922,.T.);
#4374=EDGE_CURVE('',#3415,#3176,#1923,.T.);
#4375=EDGE_CURVE('',#3412,#3177,#1924,.T.);
#4376=EDGE_CURVE('',#3417,#3001,#1925,.T.);
#4377=EDGE_CURVE('',#3311,#3417,#1926,.T.);
#4378=EDGE_CURVE('',#3418,#3418,#489,.T.);
#4379=EDGE_CURVE('',#3418,#3419,#1927,.T.);
#4380=EDGE_CURVE('',#3419,#3419,#490,.T.);
#4381=EDGE_CURVE('',#3420,#3420,#491,.T.);
#4382=EDGE_CURVE('',#3420,#3421,#1928,.T.);
#4383=EDGE_CURVE('',#3421,#3421,#492,.T.);
#4384=EDGE_CURVE('',#3422,#3325,#1929,.T.);
#4385=EDGE_CURVE('',#3422,#3022,#1930,.T.);
#4386=EDGE_CURVE('',#3423,#3424,#1931,.T.);
#4387=EDGE_CURVE('',#3422,#3423,#1932,.T.);
#4388=EDGE_CURVE('',#3425,#3325,#1933,.T.);
#4389=EDGE_CURVE('',#3426,#3425,#1934,.T.);
#4390=EDGE_CURVE('',#3311,#3426,#1935,.T.);
#4391=EDGE_CURVE('',#3424,#3417,#1936,.T.);
#4392=EDGE_CURVE('',#3426,#3203,#1937,.T.);
#4393=EDGE_CURVE('',#3425,#3204,#1938,.T.);
#4394=EDGE_CURVE('',#3427,#3006,#1939,.T.);
#4395=EDGE_CURVE('',#3427,#3389,#1940,.T.);
#4396=EDGE_CURVE('',#3428,#3428,#493,.T.);
#4397=EDGE_CURVE('',#3428,#3429,#1941,.T.);
#4398=EDGE_CURVE('',#3429,#3429,#494,.T.);
#4399=EDGE_CURVE('',#3430,#3430,#495,.T.);
#4400=EDGE_CURVE('',#3430,#3431,#1942,.T.);
#4401=EDGE_CURVE('',#3431,#3431,#496,.T.);
#4402=EDGE_CURVE('',#3432,#3364,#1943,.T.);
#4403=EDGE_CURVE('',#3432,#3014,#1944,.T.);
#4404=EDGE_CURVE('',#3433,#3434,#1945,.T.);
#4405=EDGE_CURVE('',#3432,#3433,#1946,.T.);
#4406=EDGE_CURVE('',#3435,#3364,#1947,.T.);
#4407=EDGE_CURVE('',#3436,#3435,#1948,.T.);
#4408=EDGE_CURVE('',#3427,#3436,#1949,.T.);
#4409=EDGE_CURVE('',#3434,#3389,#1950,.T.);
#4410=EDGE_CURVE('',#3436,#3259,#1951,.T.);
#4411=EDGE_CURVE('',#3427,#3258,#1952,.T.);
#4412=EDGE_CURVE('',#3435,#3260,#1953,.T.);
#4413=EDGE_CURVE('',#3437,#3010,#1954,.T.);
#4414=EDGE_CURVE('',#3437,#3351,#1955,.T.);
#4415=EDGE_CURVE('',#3438,#3438,#497,.T.);
#4416=EDGE_CURVE('',#3438,#3439,#1956,.T.);
#4417=EDGE_CURVE('',#3439,#3439,#498,.T.);
#4418=EDGE_CURVE('',#3440,#3440,#499,.T.);
#4419=EDGE_CURVE('',#3440,#3441,#1957,.T.);
#4420=EDGE_CURVE('',#3441,#3441,#500,.T.);
#4421=EDGE_CURVE('',#3442,#3312,#1958,.T.);
#4422=EDGE_CURVE('',#3442,#3026,#1959,.T.);
#4423=EDGE_CURVE('',#3443,#3444,#1960,.T.);
#4424=EDGE_CURVE('',#3442,#3443,#1961,.T.);
#4425=EDGE_CURVE('',#3445,#3312,#1962,.T.);
#4426=EDGE_CURVE('',#3446,#3445,#1963,.T.);
#4427=EDGE_CURVE('',#3437,#3446,#1964,.T.);
#4428=EDGE_CURVE('',#3444,#3351,#1965,.T.);
#4429=EDGE_CURVE('',#3446,#3231,#1966,.T.);
#4430=EDGE_CURVE('',#3437,#3230,#1967,.T.);
#4431=EDGE_CURVE('',#3445,#3232,#1968,.T.);
#4432=EDGE_CURVE('',#3349,#3011,#1969,.T.);
#4433=EDGE_CURVE('',#3444,#3226,#1970,.T.);
#4434=EDGE_CURVE('',#3443,#3225,#1971,.T.);
#4435=EDGE_CURVE('',#3442,#3224,#1972,.T.);
#4436=EDGE_CURVE('',#3301,#3298,#1973,.T.);
#4437=EDGE_CURVE('',#2875,#3221,#1974,.T.);
#4438=EDGE_CURVE('',#2876,#3220,#1975,.T.);
#4439=EDGE_CURVE('',#2877,#3219,#1976,.T.);
#4440=EDGE_CURVE('',#3218,#2986,#1977,.T.);
#4441=EDGE_CURVE('',#3066,#3212,#1978,.T.);
#4442=EDGE_CURVE('',#3067,#3211,#1979,.T.);
#4443=EDGE_CURVE('',#3068,#3210,#1980,.T.);
#4444=EDGE_CURVE('',#3209,#2987,#1981,.T.);
#4445=EDGE_CURVE('',#3336,#3003,#1982,.T.);
#4446=EDGE_CURVE('',#3414,#3170,#1983,.T.);
#4447=EDGE_CURVE('',#3413,#3169,#1984,.T.);
#4448=EDGE_CURVE('',#3038,#3151,#1985,.T.);
#4449=EDGE_CURVE('',#3166,#3039,#1986,.T.);
#4450=EDGE_CURVE('',#3165,#3040,#1987,.T.);
#4451=EDGE_CURVE('',#2889,#3161,#1988,.T.);
#4452=EDGE_CURVE('',#2890,#3160,#1989,.T.);
#4453=EDGE_CURVE('',#2891,#3159,#1990,.T.);
#4454=EDGE_CURVE('',#2892,#3158,#1991,.T.);
#4455=EDGE_CURVE('',#2893,#3157,#1992,.T.);
#4456=EDGE_CURVE('',#2894,#3156,#1993,.T.);
#4457=EDGE_CURVE('',#3152,#3037,#1994,.T.);
#4458=EDGE_CURVE('',#3417,#3199,#1995,.T.);
#4459=EDGE_CURVE('',#3307,#3292,#1996,.T.);
#4460=EDGE_CURVE('',#3424,#3198,#1997,.T.);
#4461=EDGE_CURVE('',#3423,#3197,#1998,.T.);
#4462=EDGE_CURVE('',#3422,#3196,#1999,.T.);
#4463=EDGE_CURVE('',#3044,#3179,#2000,.T.);
#4464=EDGE_CURVE('',#3194,#3045,#2001,.T.);
#4465=EDGE_CURVE('',#3050,#3193,#2002,.T.);
#4466=EDGE_CURVE('',#3051,#3192,#2003,.T.);
#4467=EDGE_CURVE('',#3052,#3191,#2004,.T.);
#4468=EDGE_CURVE('',#3056,#3304,#2005,.T.);
#4469=EDGE_CURVE('',#3057,#3186,#2006,.T.);
#4470=EDGE_CURVE('',#3185,#2981,#2007,.T.);
#4471=EDGE_CURVE('',#2882,#3184,#2008,.T.);
#4472=EDGE_CURVE('',#2883,#3183,#2009,.T.);
#4473=EDGE_CURVE('',#3380,#3007,#2010,.T.);
#4474=EDGE_CURVE('',#3434,#3254,#2011,.T.);
#4475=EDGE_CURVE('',#3433,#3253,#2012,.T.);
#4476=EDGE_CURVE('',#3432,#3252,#2013,.T.);
#4477=EDGE_CURVE('',#2867,#3235,#2014,.T.);
#4478=EDGE_CURVE('',#2868,#3250,#2015,.T.);
#4479=EDGE_CURVE('',#2869,#3249,#2016,.T.);
#4480=EDGE_CURVE('',#3245,#2991,#2017,.T.);
#4481=EDGE_CURVE('',#3244,#2992,#2018,.T.);
#4482=EDGE_CURVE('',#3243,#2993,#2019,.T.);
#4483=EDGE_CURVE('',#3242,#2994,#2020,.T.);
#4484=EDGE_CURVE('',#2866,#3236,#2021,.T.);
#4485=EDGE_CURVE('',#3049,#3034,#2022,.T.);
#4486=EDGE_CURVE('',#2897,#3033,#2023,.T.);
#4487=EDGE_CURVE('',#3069,#3032,#2024,.T.);
#4488=EDGE_CURVE('',#3073,#3031,#2025,.T.);
#4489=EDGE_CURVE('',#3059,#3030,#2026,.T.);
#4490=ORIENTED_EDGE('',*,*,#3447,.F.);
#4491=ORIENTED_EDGE('',*,*,#3448,.T.);
#4492=ORIENTED_EDGE('',*,*,#3449,.F.);
#4493=ORIENTED_EDGE('',*,*,#3450,.F.);
#4494=ORIENTED_EDGE('',*,*,#3451,.T.);
#4495=ORIENTED_EDGE('',*,*,#3452,.T.);
#4496=ORIENTED_EDGE('',*,*,#3453,.T.);
#4497=ORIENTED_EDGE('',*,*,#3454,.F.);
#4498=ORIENTED_EDGE('',*,*,#3455,.T.);
#4499=ORIENTED_EDGE('',*,*,#3456,.T.);
#4500=ORIENTED_EDGE('',*,*,#3457,.F.);
#4501=ORIENTED_EDGE('',*,*,#3458,.F.);
#4502=ORIENTED_EDGE('',*,*,#3459,.F.);
#4503=ORIENTED_EDGE('',*,*,#3460,.F.);
#4504=ORIENTED_EDGE('',*,*,#3461,.T.);
#4505=ORIENTED_EDGE('',*,*,#3462,.T.);
#4506=ORIENTED_EDGE('',*,*,#3463,.F.);
#4507=ORIENTED_EDGE('',*,*,#3464,.T.);
#4508=ORIENTED_EDGE('',*,*,#3465,.T.);
#4509=ORIENTED_EDGE('',*,*,#3466,.F.);
#4510=ORIENTED_EDGE('',*,*,#3467,.F.);
#4511=ORIENTED_EDGE('',*,*,#3468,.F.);
#4512=ORIENTED_EDGE('',*,*,#3469,.F.);
#4513=ORIENTED_EDGE('',*,*,#3470,.F.);
#4514=ORIENTED_EDGE('',*,*,#3471,.F.);
#4515=ORIENTED_EDGE('',*,*,#3472,.F.);
#4516=ORIENTED_EDGE('',*,*,#3473,.F.);
#4517=ORIENTED_EDGE('',*,*,#3474,.T.);
#4518=ORIENTED_EDGE('',*,*,#3475,.T.);
#4519=ORIENTED_EDGE('',*,*,#3476,.F.);
#4520=ORIENTED_EDGE('',*,*,#3473,.T.);
#4521=ORIENTED_EDGE('',*,*,#3472,.T.);
#4522=ORIENTED_EDGE('',*,*,#3477,.F.);
#4523=ORIENTED_EDGE('',*,*,#3478,.T.);
#4524=ORIENTED_EDGE('',*,*,#3479,.T.);
#4525=ORIENTED_EDGE('',*,*,#3471,.T.);
#4526=ORIENTED_EDGE('',*,*,#3480,.F.);
#4527=ORIENTED_EDGE('',*,*,#3481,.F.);
#4528=ORIENTED_EDGE('',*,*,#3477,.T.);
#4529=ORIENTED_EDGE('',*,*,#3470,.T.);
#4530=ORIENTED_EDGE('',*,*,#3482,.F.);
#4531=ORIENTED_EDGE('',*,*,#3483,.F.);
#4532=ORIENTED_EDGE('',*,*,#3480,.T.);
#4533=ORIENTED_EDGE('',*,*,#3484,.T.);
#4534=ORIENTED_EDGE('',*,*,#3447,.T.);
#4535=ORIENTED_EDGE('',*,*,#3459,.T.);
#4536=ORIENTED_EDGE('',*,*,#3485,.T.);
#4537=ORIENTED_EDGE('',*,*,#3486,.T.);
#4538=ORIENTED_EDGE('',*,*,#3460,.T.);
#4539=ORIENTED_EDGE('',*,*,#3487,.F.);
#4540=ORIENTED_EDGE('',*,*,#3462,.F.);
#4541=ORIENTED_EDGE('',*,*,#3488,.T.);
#4542=ORIENTED_EDGE('',*,*,#3489,.T.);
#4543=ORIENTED_EDGE('',*,*,#3490,.F.);
#4544=ORIENTED_EDGE('',*,*,#3491,.F.);
#4545=ORIENTED_EDGE('',*,*,#3492,.T.);
#4546=ORIENTED_EDGE('',*,*,#3449,.T.);
#4547=ORIENTED_EDGE('',*,*,#3493,.F.);
#4548=ORIENTED_EDGE('',*,*,#3494,.F.);
#4549=ORIENTED_EDGE('',*,*,#3495,.F.);
#4550=ORIENTED_EDGE('',*,*,#3496,.F.);
#4551=ORIENTED_EDGE('',*,*,#3497,.T.);
#4552=ORIENTED_EDGE('',*,*,#3484,.F.);
#4553=ORIENTED_EDGE('',*,*,#3497,.F.);
#4554=ORIENTED_EDGE('',*,*,#3498,.F.);
#4555=ORIENTED_EDGE('',*,*,#3499,.T.);
#4556=ORIENTED_EDGE('',*,*,#3500,.T.);
#4557=ORIENTED_EDGE('',*,*,#3501,.T.);
#4558=ORIENTED_EDGE('',*,*,#3502,.F.);
#4559=ORIENTED_EDGE('',*,*,#3503,.T.);
#4560=ORIENTED_EDGE('',*,*,#3504,.F.);
#4561=ORIENTED_EDGE('',*,*,#3505,.T.);
#4562=ORIENTED_EDGE('',*,*,#3506,.F.);
#4563=ORIENTED_EDGE('',*,*,#3507,.T.);
#4564=ORIENTED_EDGE('',*,*,#3508,.T.);
#4565=ORIENTED_EDGE('',*,*,#3509,.F.);
#4566=ORIENTED_EDGE('',*,*,#3495,.T.);
#4567=ORIENTED_EDGE('',*,*,#3494,.T.);
#4568=ORIENTED_EDGE('',*,*,#3496,.T.);
#4569=ORIENTED_EDGE('',*,*,#3458,.T.);
#4570=ORIENTED_EDGE('',*,*,#3510,.F.);
#4571=ORIENTED_EDGE('',*,*,#3511,.F.);
#4572=ORIENTED_EDGE('',*,*,#3478,.F.);
#4573=ORIENTED_EDGE('',*,*,#3481,.T.);
#4574=ORIENTED_EDGE('',*,*,#3483,.T.);
#4575=ORIENTED_EDGE('',*,*,#3512,.T.);
#4576=ORIENTED_EDGE('',*,*,#3513,.F.);
#4577=ORIENTED_EDGE('',*,*,#3514,.T.);
#4578=ORIENTED_EDGE('',*,*,#3515,.F.);
#4579=ORIENTED_EDGE('',*,*,#3516,.F.);
#4580=ORIENTED_EDGE('',*,*,#3485,.F.);
#4581=ORIENTED_EDGE('',*,*,#3469,.T.);
#4582=ORIENTED_EDGE('',*,*,#3517,.F.);
#4583=ORIENTED_EDGE('',*,*,#3512,.F.);
#4584=ORIENTED_EDGE('',*,*,#3482,.T.);
#4585=ORIENTED_EDGE('',*,*,#3518,.T.);
#4586=ORIENTED_EDGE('',*,*,#3515,.T.);
#4587=ORIENTED_EDGE('',*,*,#3519,.T.);
#4588=ORIENTED_EDGE('',*,*,#3520,.T.);
#4589=ORIENTED_EDGE('',*,*,#3519,.F.);
#4590=ORIENTED_EDGE('',*,*,#3514,.F.);
#4591=ORIENTED_EDGE('',*,*,#3521,.T.);
#4592=ORIENTED_EDGE('',*,*,#3476,.T.);
#4593=ORIENTED_EDGE('',*,*,#3522,.T.);
#4594=ORIENTED_EDGE('',*,*,#3523,.T.);
#4595=ORIENTED_EDGE('',*,*,#3457,.T.);
#4596=ORIENTED_EDGE('',*,*,#3524,.T.);
#4597=ORIENTED_EDGE('',*,*,#3525,.T.);
#4598=ORIENTED_EDGE('',*,*,#3510,.T.);
#4599=ORIENTED_EDGE('',*,*,#3525,.F.);
#4600=ORIENTED_EDGE('',*,*,#3526,.T.);
#4601=ORIENTED_EDGE('',*,*,#3527,.T.);
#4602=ORIENTED_EDGE('',*,*,#3474,.F.);
#4603=ORIENTED_EDGE('',*,*,#3479,.F.);
#4604=ORIENTED_EDGE('',*,*,#3511,.T.);
#4605=ORIENTED_EDGE('',*,*,#3468,.T.);
#4606=ORIENTED_EDGE('',*,*,#3521,.F.);
#4607=ORIENTED_EDGE('',*,*,#3513,.T.);
#4608=ORIENTED_EDGE('',*,*,#3517,.T.);
#4609=ORIENTED_EDGE('',*,*,#3520,.F.);
#4610=ORIENTED_EDGE('',*,*,#3523,.F.);
#4611=ORIENTED_EDGE('',*,*,#3528,.T.);
#4612=ORIENTED_EDGE('',*,*,#3464,.F.);
#4613=ORIENTED_EDGE('',*,*,#3529,.F.);
#4614=ORIENTED_EDGE('',*,*,#3524,.F.);
#4615=ORIENTED_EDGE('',*,*,#3456,.F.);
#4616=ORIENTED_EDGE('',*,*,#3451,.F.);
#4617=ORIENTED_EDGE('',*,*,#3530,.T.);
#4618=ORIENTED_EDGE('',*,*,#3526,.F.);
#4619=ORIENTED_EDGE('',*,*,#3531,.T.);
#4620=ORIENTED_EDGE('',*,*,#3486,.F.);
#4621=ORIENTED_EDGE('',*,*,#3516,.T.);
#4622=ORIENTED_EDGE('',*,*,#3518,.F.);
#4623=ORIENTED_EDGE('',*,*,#3529,.T.);
#4624=ORIENTED_EDGE('',*,*,#3532,.F.);
#4625=ORIENTED_EDGE('',*,*,#3533,.T.);
#4626=ORIENTED_EDGE('',*,*,#3534,.F.);
#4627=ORIENTED_EDGE('',*,*,#3533,.F.);
#4628=ORIENTED_EDGE('',*,*,#3535,.F.);
#4629=ORIENTED_EDGE('',*,*,#3536,.F.);
#4630=ORIENTED_EDGE('',*,*,#3537,.F.);
#4631=ORIENTED_EDGE('',*,*,#3538,.F.);
#4632=ORIENTED_EDGE('',*,*,#3539,.F.);
#4633=ORIENTED_EDGE('',*,*,#3540,.F.);
#4634=ORIENTED_EDGE('',*,*,#3541,.F.);
#4635=ORIENTED_EDGE('',*,*,#3535,.T.);
#4636=ORIENTED_EDGE('',*,*,#3542,.F.);
#4637=ORIENTED_EDGE('',*,*,#3543,.F.);
#4638=ORIENTED_EDGE('',*,*,#3544,.T.);
#4639=ORIENTED_EDGE('',*,*,#3545,.T.);
#4640=ORIENTED_EDGE('',*,*,#3546,.T.);
#4641=ORIENTED_EDGE('',*,*,#3547,.T.);
#4642=ORIENTED_EDGE('',*,*,#3548,.T.);
#4643=ORIENTED_EDGE('',*,*,#3549,.T.);
#4644=ORIENTED_EDGE('',*,*,#3550,.F.);
#4645=ORIENTED_EDGE('',*,*,#3551,.T.);
#4646=ORIENTED_EDGE('',*,*,#3552,.F.);
#4647=ORIENTED_EDGE('',*,*,#3553,.F.);
#4648=ORIENTED_EDGE('',*,*,#3547,.F.);
#4649=ORIENTED_EDGE('',*,*,#3539,.T.);
#4650=ORIENTED_EDGE('',*,*,#3554,.T.);
#4651=ORIENTED_EDGE('',*,*,#3555,.T.);
#4652=ORIENTED_EDGE('',*,*,#3542,.T.);
#4653=ORIENTED_EDGE('',*,*,#3555,.F.);
#4654=ORIENTED_EDGE('',*,*,#3556,.F.);
#4655=ORIENTED_EDGE('',*,*,#3557,.F.);
#4656=ORIENTED_EDGE('',*,*,#3558,.F.);
#4657=ORIENTED_EDGE('',*,*,#3543,.T.);
#4658=ORIENTED_EDGE('',*,*,#3559,.T.);
#4659=ORIENTED_EDGE('',*,*,#3550,.T.);
#4660=ORIENTED_EDGE('',*,*,#3560,.T.);
#4661=ORIENTED_EDGE('',*,*,#3561,.T.);
#4662=ORIENTED_EDGE('',*,*,#3561,.F.);
#4663=ORIENTED_EDGE('',*,*,#3562,.T.);
#4664=ORIENTED_EDGE('',*,*,#3563,.F.);
#4665=ORIENTED_EDGE('',*,*,#3564,.T.);
#4666=ORIENTED_EDGE('',*,*,#3560,.F.);
#4667=ORIENTED_EDGE('',*,*,#3549,.F.);
#4668=ORIENTED_EDGE('',*,*,#3565,.F.);
#4669=ORIENTED_EDGE('',*,*,#3566,.F.);
#4670=ORIENTED_EDGE('',*,*,#3562,.F.);
#4671=ORIENTED_EDGE('',*,*,#3554,.F.);
#4672=ORIENTED_EDGE('',*,*,#3538,.T.);
#4673=ORIENTED_EDGE('',*,*,#3567,.F.);
#4674=ORIENTED_EDGE('',*,*,#3556,.T.);
#4675=ORIENTED_EDGE('',*,*,#3568,.T.);
#4676=ORIENTED_EDGE('',*,*,#3544,.F.);
#4677=ORIENTED_EDGE('',*,*,#3558,.T.);
#4678=ORIENTED_EDGE('',*,*,#3569,.F.);
#4679=ORIENTED_EDGE('',*,*,#3553,.T.);
#4680=ORIENTED_EDGE('',*,*,#3570,.F.);
#4681=ORIENTED_EDGE('',*,*,#3565,.T.);
#4682=ORIENTED_EDGE('',*,*,#3548,.F.);
#4683=ORIENTED_EDGE('',*,*,#3571,.T.);
#4684=ORIENTED_EDGE('',*,*,#3572,.T.);
#4685=ORIENTED_EDGE('',*,*,#3569,.T.);
#4686=ORIENTED_EDGE('',*,*,#3557,.T.);
#4687=ORIENTED_EDGE('',*,*,#3567,.T.);
#4688=ORIENTED_EDGE('',*,*,#3537,.T.);
#4689=ORIENTED_EDGE('',*,*,#3573,.T.);
#4690=ORIENTED_EDGE('',*,*,#3574,.T.);
#4691=ORIENTED_EDGE('',*,*,#3575,.T.);
#4692=ORIENTED_EDGE('',*,*,#3576,.T.);
#4693=ORIENTED_EDGE('',*,*,#3577,.T.);
#4694=ORIENTED_EDGE('',*,*,#3578,.T.);
#4695=ORIENTED_EDGE('',*,*,#3579,.T.);
#4696=ORIENTED_EDGE('',*,*,#3580,.T.);
#4697=ORIENTED_EDGE('',*,*,#3581,.T.);
#4698=ORIENTED_EDGE('',*,*,#3582,.T.);
#4699=ORIENTED_EDGE('',*,*,#3583,.T.);
#4700=ORIENTED_EDGE('',*,*,#3584,.T.);
#4701=ORIENTED_EDGE('',*,*,#3585,.T.);
#4702=ORIENTED_EDGE('',*,*,#3586,.T.);
#4703=ORIENTED_EDGE('',*,*,#3587,.T.);
#4704=ORIENTED_EDGE('',*,*,#3588,.T.);
#4705=ORIENTED_EDGE('',*,*,#3589,.T.);
#4706=ORIENTED_EDGE('',*,*,#3590,.T.);
#4707=ORIENTED_EDGE('',*,*,#3591,.T.);
#4708=ORIENTED_EDGE('',*,*,#3592,.T.);
#4709=ORIENTED_EDGE('',*,*,#3593,.T.);
#4710=ORIENTED_EDGE('',*,*,#3594,.T.);
#4711=ORIENTED_EDGE('',*,*,#3595,.T.);
#4712=ORIENTED_EDGE('',*,*,#3596,.T.);
#4713=ORIENTED_EDGE('',*,*,#3597,.T.);
#4714=ORIENTED_EDGE('',*,*,#3598,.T.);
#4715=ORIENTED_EDGE('',*,*,#3599,.T.);
#4716=ORIENTED_EDGE('',*,*,#3600,.T.);
#4717=ORIENTED_EDGE('',*,*,#3601,.T.);
#4718=ORIENTED_EDGE('',*,*,#3602,.T.);
#4719=ORIENTED_EDGE('',*,*,#3603,.T.);
#4720=ORIENTED_EDGE('',*,*,#3604,.T.);
#4721=ORIENTED_EDGE('',*,*,#3605,.T.);
#4722=ORIENTED_EDGE('',*,*,#3606,.T.);
#4723=ORIENTED_EDGE('',*,*,#3563,.T.);
#4724=ORIENTED_EDGE('',*,*,#3566,.T.);
#4725=ORIENTED_EDGE('',*,*,#3570,.T.);
#4726=ORIENTED_EDGE('',*,*,#3552,.T.);
#4727=ORIENTED_EDGE('',*,*,#3607,.T.);
#4728=ORIENTED_EDGE('',*,*,#3608,.T.);
#4729=ORIENTED_EDGE('',*,*,#3609,.T.);
#4730=ORIENTED_EDGE('',*,*,#3610,.T.);
#4731=ORIENTED_EDGE('',*,*,#3611,.T.);
#4732=ORIENTED_EDGE('',*,*,#3612,.T.);
#4733=ORIENTED_EDGE('',*,*,#3613,.T.);
#4734=ORIENTED_EDGE('',*,*,#3614,.T.);
#4735=ORIENTED_EDGE('',*,*,#3615,.T.);
#4736=ORIENTED_EDGE('',*,*,#3616,.T.);
#4737=ORIENTED_EDGE('',*,*,#3617,.T.);
#4738=ORIENTED_EDGE('',*,*,#3618,.T.);
#4739=ORIENTED_EDGE('',*,*,#3619,.T.);
#4740=ORIENTED_EDGE('',*,*,#3620,.T.);
#4741=ORIENTED_EDGE('',*,*,#3621,.T.);
#4742=ORIENTED_EDGE('',*,*,#3622,.T.);
#4743=ORIENTED_EDGE('',*,*,#3623,.T.);
#4744=ORIENTED_EDGE('',*,*,#3546,.F.);
#4745=ORIENTED_EDGE('',*,*,#3624,.F.);
#4746=ORIENTED_EDGE('',*,*,#3571,.F.);
#4747=ORIENTED_EDGE('',*,*,#3551,.F.);
#4748=ORIENTED_EDGE('',*,*,#3534,.T.);
#4749=ORIENTED_EDGE('',*,*,#3606,.F.);
#4750=ORIENTED_EDGE('',*,*,#3625,.F.);
#4751=ORIENTED_EDGE('',*,*,#3540,.T.);
#4752=ORIENTED_EDGE('',*,*,#3559,.F.);
#4753=ORIENTED_EDGE('',*,*,#3564,.F.);
#4754=ORIENTED_EDGE('',*,*,#3624,.T.);
#4755=ORIENTED_EDGE('',*,*,#3545,.F.);
#4756=ORIENTED_EDGE('',*,*,#3568,.F.);
#4757=ORIENTED_EDGE('',*,*,#3572,.F.);
#4758=ORIENTED_EDGE('',*,*,#3626,.T.);
#4759=ORIENTED_EDGE('',*,*,#3627,.F.);
#4760=ORIENTED_EDGE('',*,*,#3628,.T.);
#4761=ORIENTED_EDGE('',*,*,#3629,.F.);
#4762=ORIENTED_EDGE('',*,*,#3626,.F.);
#4763=ORIENTED_EDGE('',*,*,#3630,.F.);
#4764=ORIENTED_EDGE('',*,*,#3631,.F.);
#4765=ORIENTED_EDGE('',*,*,#3632,.F.);
#4766=ORIENTED_EDGE('',*,*,#3633,.F.);
#4767=ORIENTED_EDGE('',*,*,#3634,.F.);
#4768=ORIENTED_EDGE('',*,*,#3635,.F.);
#4769=ORIENTED_EDGE('',*,*,#3636,.F.);
#4770=ORIENTED_EDGE('',*,*,#3637,.F.);
#4771=ORIENTED_EDGE('',*,*,#3638,.F.);
#4772=ORIENTED_EDGE('',*,*,#3639,.F.);
#4773=ORIENTED_EDGE('',*,*,#3640,.F.);
#4774=ORIENTED_EDGE('',*,*,#3641,.F.);
#4775=ORIENTED_EDGE('',*,*,#3642,.F.);
#4776=ORIENTED_EDGE('',*,*,#3643,.F.);
#4777=ORIENTED_EDGE('',*,*,#3644,.F.);
#4778=ORIENTED_EDGE('',*,*,#3645,.F.);
#4779=ORIENTED_EDGE('',*,*,#3646,.F.);
#4780=ORIENTED_EDGE('',*,*,#3622,.F.);
#4781=ORIENTED_EDGE('',*,*,#3647,.T.);
#4782=ORIENTED_EDGE('',*,*,#3648,.F.);
#4783=ORIENTED_EDGE('',*,*,#3647,.F.);
#4784=ORIENTED_EDGE('',*,*,#3621,.F.);
#4785=ORIENTED_EDGE('',*,*,#3649,.T.);
#4786=ORIENTED_EDGE('',*,*,#3650,.F.);
#4787=ORIENTED_EDGE('',*,*,#3649,.F.);
#4788=ORIENTED_EDGE('',*,*,#3620,.F.);
#4789=ORIENTED_EDGE('',*,*,#3651,.T.);
#4790=ORIENTED_EDGE('',*,*,#3652,.F.);
#4791=ORIENTED_EDGE('',*,*,#3651,.F.);
#4792=ORIENTED_EDGE('',*,*,#3623,.F.);
#4793=ORIENTED_EDGE('',*,*,#3646,.T.);
#4794=ORIENTED_EDGE('',*,*,#3653,.F.);
#4795=ORIENTED_EDGE('',*,*,#3654,.F.);
#4796=ORIENTED_EDGE('',*,*,#3618,.F.);
#4797=ORIENTED_EDGE('',*,*,#3655,.T.);
#4798=ORIENTED_EDGE('',*,*,#3656,.F.);
#4799=ORIENTED_EDGE('',*,*,#3655,.F.);
#4800=ORIENTED_EDGE('',*,*,#3617,.F.);
#4801=ORIENTED_EDGE('',*,*,#3657,.T.);
#4802=ORIENTED_EDGE('',*,*,#3658,.F.);
#4803=ORIENTED_EDGE('',*,*,#3657,.F.);
#4804=ORIENTED_EDGE('',*,*,#3616,.F.);
#4805=ORIENTED_EDGE('',*,*,#3659,.T.);
#4806=ORIENTED_EDGE('',*,*,#3660,.F.);
#4807=ORIENTED_EDGE('',*,*,#3659,.F.);
#4808=ORIENTED_EDGE('',*,*,#3619,.F.);
#4809=ORIENTED_EDGE('',*,*,#3654,.T.);
#4810=ORIENTED_EDGE('',*,*,#3661,.F.);
#4811=ORIENTED_EDGE('',*,*,#3662,.F.);
#4812=ORIENTED_EDGE('',*,*,#3614,.F.);
#4813=ORIENTED_EDGE('',*,*,#3663,.T.);
#4814=ORIENTED_EDGE('',*,*,#3664,.F.);
#4815=ORIENTED_EDGE('',*,*,#3663,.F.);
#4816=ORIENTED_EDGE('',*,*,#3613,.F.);
#4817=ORIENTED_EDGE('',*,*,#3665,.T.);
#4818=ORIENTED_EDGE('',*,*,#3666,.F.);
#4819=ORIENTED_EDGE('',*,*,#3665,.F.);
#4820=ORIENTED_EDGE('',*,*,#3612,.F.);
#4821=ORIENTED_EDGE('',*,*,#3667,.T.);
#4822=ORIENTED_EDGE('',*,*,#3668,.F.);
#4823=ORIENTED_EDGE('',*,*,#3667,.F.);
#4824=ORIENTED_EDGE('',*,*,#3615,.F.);
#4825=ORIENTED_EDGE('',*,*,#3662,.T.);
#4826=ORIENTED_EDGE('',*,*,#3669,.F.);
#4827=ORIENTED_EDGE('',*,*,#3670,.F.);
#4828=ORIENTED_EDGE('',*,*,#3610,.F.);
#4829=ORIENTED_EDGE('',*,*,#3671,.T.);
#4830=ORIENTED_EDGE('',*,*,#3672,.F.);
#4831=ORIENTED_EDGE('',*,*,#3671,.F.);
#4832=ORIENTED_EDGE('',*,*,#3609,.F.);
#4833=ORIENTED_EDGE('',*,*,#3673,.T.);
#4834=ORIENTED_EDGE('',*,*,#3674,.F.);
#4835=ORIENTED_EDGE('',*,*,#3673,.F.);
#4836=ORIENTED_EDGE('',*,*,#3608,.F.);
#4837=ORIENTED_EDGE('',*,*,#3675,.T.);
#4838=ORIENTED_EDGE('',*,*,#3676,.F.);
#4839=ORIENTED_EDGE('',*,*,#3675,.F.);
#4840=ORIENTED_EDGE('',*,*,#3611,.F.);
#4841=ORIENTED_EDGE('',*,*,#3670,.T.);
#4842=ORIENTED_EDGE('',*,*,#3677,.T.);
#4843=ORIENTED_EDGE('',*,*,#3678,.T.);
#4844=ORIENTED_EDGE('',*,*,#3679,.T.);
#4845=ORIENTED_EDGE('',*,*,#3680,.T.);
#4846=ORIENTED_EDGE('',*,*,#3681,.T.);
#4847=ORIENTED_EDGE('',*,*,#3682,.T.);
#4848=ORIENTED_EDGE('',*,*,#3677,.F.);
#4849=ORIENTED_EDGE('',*,*,#3683,.T.);
#4850=ORIENTED_EDGE('',*,*,#3684,.T.);
#4851=ORIENTED_EDGE('',*,*,#3685,.T.);
#4852=ORIENTED_EDGE('',*,*,#3681,.F.);
#4853=ORIENTED_EDGE('',*,*,#3686,.T.);
#4854=ORIENTED_EDGE('',*,*,#3687,.T.);
#4855=ORIENTED_EDGE('',*,*,#3688,.T.);
#4856=ORIENTED_EDGE('',*,*,#3684,.F.);
#4857=ORIENTED_EDGE('',*,*,#3689,.T.);
#4858=ORIENTED_EDGE('',*,*,#3690,.T.);
#4859=ORIENTED_EDGE('',*,*,#3691,.T.);
#4860=ORIENTED_EDGE('',*,*,#3687,.F.);
#4861=ORIENTED_EDGE('',*,*,#3692,.T.);
#4862=ORIENTED_EDGE('',*,*,#3693,.T.);
#4863=ORIENTED_EDGE('',*,*,#3694,.T.);
#4864=ORIENTED_EDGE('',*,*,#3690,.F.);
#4865=ORIENTED_EDGE('',*,*,#3695,.T.);
#4866=ORIENTED_EDGE('',*,*,#3696,.T.);
#4867=ORIENTED_EDGE('',*,*,#3498,.T.);
#4868=ORIENTED_EDGE('',*,*,#3693,.F.);
#4869=ORIENTED_EDGE('',*,*,#3697,.T.);
#4870=ORIENTED_EDGE('',*,*,#3679,.F.);
#4871=ORIENTED_EDGE('',*,*,#3698,.T.);
#4872=ORIENTED_EDGE('',*,*,#3696,.F.);
#4873=ORIENTED_EDGE('',*,*,#3699,.T.);
#4874=ORIENTED_EDGE('',*,*,#3694,.F.);
#4875=ORIENTED_EDGE('',*,*,#3509,.T.);
#4876=ORIENTED_EDGE('',*,*,#3700,.T.);
#4877=ORIENTED_EDGE('',*,*,#3701,.F.);
#4878=ORIENTED_EDGE('',*,*,#3698,.F.);
#4879=ORIENTED_EDGE('',*,*,#3702,.T.);
#4880=ORIENTED_EDGE('',*,*,#3703,.T.);
#4881=ORIENTED_EDGE('',*,*,#3499,.F.);
#4882=ORIENTED_EDGE('',*,*,#3678,.F.);
#4883=ORIENTED_EDGE('',*,*,#3704,.T.);
#4884=ORIENTED_EDGE('',*,*,#3705,.F.);
#4885=ORIENTED_EDGE('',*,*,#3706,.T.);
#4886=ORIENTED_EDGE('',*,*,#3707,.T.);
#4887=ORIENTED_EDGE('',*,*,#3702,.F.);
#4888=ORIENTED_EDGE('',*,*,#3639,.T.);
#4889=ORIENTED_EDGE('',*,*,#3708,.F.);
#4890=ORIENTED_EDGE('',*,*,#3709,.F.);
#4891=ORIENTED_EDGE('',*,*,#3710,.F.);
#4892=ORIENTED_EDGE('',*,*,#3637,.T.);
#4893=ORIENTED_EDGE('',*,*,#3711,.F.);
#4894=ORIENTED_EDGE('',*,*,#3712,.T.);
#4895=ORIENTED_EDGE('',*,*,#3713,.F.);
#4896=ORIENTED_EDGE('',*,*,#3714,.F.);
#4897=ORIENTED_EDGE('',*,*,#3712,.F.);
#4898=ORIENTED_EDGE('',*,*,#3715,.F.);
#4899=ORIENTED_EDGE('',*,*,#3716,.T.);
#4900=ORIENTED_EDGE('',*,*,#3717,.F.);
#4901=ORIENTED_EDGE('',*,*,#3718,.F.);
#4902=ORIENTED_EDGE('',*,*,#3582,.F.);
#4903=ORIENTED_EDGE('',*,*,#3719,.T.);
#4904=ORIENTED_EDGE('',*,*,#3720,.F.);
#4905=ORIENTED_EDGE('',*,*,#3721,.F.);
#4906=ORIENTED_EDGE('',*,*,#3596,.F.);
#4907=ORIENTED_EDGE('',*,*,#3722,.T.);
#4908=ORIENTED_EDGE('',*,*,#3723,.F.);
#4909=ORIENTED_EDGE('',*,*,#3724,.F.);
#4910=ORIENTED_EDGE('',*,*,#3725,.F.);
#4911=ORIENTED_EDGE('',*,*,#3726,.T.);
#4912=ORIENTED_EDGE('',*,*,#3631,.T.);
#4913=ORIENTED_EDGE('',*,*,#3727,.F.);
#4914=ORIENTED_EDGE('',*,*,#3726,.F.);
#4915=ORIENTED_EDGE('',*,*,#3728,.F.);
#4916=ORIENTED_EDGE('',*,*,#3680,.F.);
#4917=ORIENTED_EDGE('',*,*,#3699,.F.);
#4918=ORIENTED_EDGE('',*,*,#3697,.F.);
#4919=ORIENTED_EDGE('',*,*,#3695,.F.);
#4920=ORIENTED_EDGE('',*,*,#3692,.F.);
#4921=ORIENTED_EDGE('',*,*,#3689,.F.);
#4922=ORIENTED_EDGE('',*,*,#3686,.F.);
#4923=ORIENTED_EDGE('',*,*,#3683,.F.);
#4924=ORIENTED_EDGE('',*,*,#3729,.T.);
#4925=ORIENTED_EDGE('',*,*,#3730,.T.);
#4926=ORIENTED_EDGE('',*,*,#3731,.T.);
#4927=ORIENTED_EDGE('',*,*,#3732,.T.);
#4928=ORIENTED_EDGE('',*,*,#3733,.T.);
#4929=ORIENTED_EDGE('',*,*,#3734,.T.);
#4930=ORIENTED_EDGE('',*,*,#3735,.T.);
#4931=ORIENTED_EDGE('',*,*,#3465,.F.);
#4932=ORIENTED_EDGE('',*,*,#3528,.F.);
#4933=ORIENTED_EDGE('',*,*,#3522,.F.);
#4934=ORIENTED_EDGE('',*,*,#3475,.F.);
#4935=ORIENTED_EDGE('',*,*,#3527,.F.);
#4936=ORIENTED_EDGE('',*,*,#3530,.F.);
#4937=ORIENTED_EDGE('',*,*,#3454,.T.);
#4938=ORIENTED_EDGE('',*,*,#3487,.T.);
#4939=ORIENTED_EDGE('',*,*,#3463,.T.);
#4940=ORIENTED_EDGE('',*,*,#3638,.T.);
#4941=ORIENTED_EDGE('',*,*,#3713,.T.);
#4942=ORIENTED_EDGE('',*,*,#3714,.T.);
#4943=ORIENTED_EDGE('',*,*,#3736,.T.);
#4944=ORIENTED_EDGE('',*,*,#3737,.T.);
#4945=ORIENTED_EDGE('',*,*,#3738,.T.);
#4946=ORIENTED_EDGE('',*,*,#3739,.T.);
#4947=ORIENTED_EDGE('',*,*,#3717,.T.);
#4948=ORIENTED_EDGE('',*,*,#3740,.T.);
#4949=ORIENTED_EDGE('',*,*,#3741,.T.);
#4950=ORIENTED_EDGE('',*,*,#3742,.T.);
#4951=ORIENTED_EDGE('',*,*,#3743,.T.);
#4952=ORIENTED_EDGE('',*,*,#3744,.T.);
#4953=ORIENTED_EDGE('',*,*,#3745,.T.);
#4954=ORIENTED_EDGE('',*,*,#3746,.T.);
#4955=ORIENTED_EDGE('',*,*,#3747,.T.);
#4956=ORIENTED_EDGE('',*,*,#3748,.T.);
#4957=ORIENTED_EDGE('',*,*,#3708,.T.);
#4958=ORIENTED_EDGE('',*,*,#3749,.T.);
#4959=ORIENTED_EDGE('',*,*,#3750,.T.);
#4960=ORIENTED_EDGE('',*,*,#3751,.T.);
#4961=ORIENTED_EDGE('',*,*,#3752,.T.);
#4962=ORIENTED_EDGE('',*,*,#3753,.T.);
#4963=ORIENTED_EDGE('',*,*,#3754,.T.);
#4964=ORIENTED_EDGE('',*,*,#3755,.T.);
#4965=ORIENTED_EDGE('',*,*,#3756,.T.);
#4966=ORIENTED_EDGE('',*,*,#3757,.T.);
#4967=ORIENTED_EDGE('',*,*,#3758,.T.);
#4968=ORIENTED_EDGE('',*,*,#3759,.T.);
#4969=ORIENTED_EDGE('',*,*,#3760,.T.);
#4970=ORIENTED_EDGE('',*,*,#3761,.T.);
#4971=ORIENTED_EDGE('',*,*,#3762,.T.);
#4972=ORIENTED_EDGE('',*,*,#3763,.T.);
#4973=ORIENTED_EDGE('',*,*,#3764,.T.);
#4974=ORIENTED_EDGE('',*,*,#3765,.T.);
#4975=ORIENTED_EDGE('',*,*,#3766,.T.);
#4976=ORIENTED_EDGE('',*,*,#3767,.T.);
#4977=ORIENTED_EDGE('',*,*,#3768,.T.);
#4978=ORIENTED_EDGE('',*,*,#3769,.T.);
#4979=ORIENTED_EDGE('',*,*,#3770,.T.);
#4980=ORIENTED_EDGE('',*,*,#3771,.T.);
#4981=ORIENTED_EDGE('',*,*,#3772,.T.);
#4982=ORIENTED_EDGE('',*,*,#3773,.T.);
#4983=ORIENTED_EDGE('',*,*,#3774,.T.);
#4984=ORIENTED_EDGE('',*,*,#3775,.T.);
#4985=ORIENTED_EDGE('',*,*,#3776,.T.);
#4986=ORIENTED_EDGE('',*,*,#3777,.T.);
#4987=ORIENTED_EDGE('',*,*,#3778,.T.);
#4988=ORIENTED_EDGE('',*,*,#3779,.T.);
#4989=ORIENTED_EDGE('',*,*,#3780,.T.);
#4990=ORIENTED_EDGE('',*,*,#3781,.F.);
#4991=ORIENTED_EDGE('',*,*,#3782,.F.);
#4992=ORIENTED_EDGE('',*,*,#3783,.F.);
#4993=ORIENTED_EDGE('',*,*,#3784,.F.);
#4994=ORIENTED_EDGE('',*,*,#3785,.F.);
#4995=ORIENTED_EDGE('',*,*,#3448,.F.);
#4996=ORIENTED_EDGE('',*,*,#3493,.T.);
#4997=ORIENTED_EDGE('',*,*,#3674,.T.);
#4998=ORIENTED_EDGE('',*,*,#3676,.T.);
#4999=ORIENTED_EDGE('',*,*,#3669,.T.);
#5000=ORIENTED_EDGE('',*,*,#3672,.T.);
#5001=ORIENTED_EDGE('',*,*,#3666,.T.);
#5002=ORIENTED_EDGE('',*,*,#3668,.T.);
#5003=ORIENTED_EDGE('',*,*,#3661,.T.);
#5004=ORIENTED_EDGE('',*,*,#3664,.T.);
#5005=ORIENTED_EDGE('',*,*,#3658,.T.);
#5006=ORIENTED_EDGE('',*,*,#3660,.T.);
#5007=ORIENTED_EDGE('',*,*,#3653,.T.);
#5008=ORIENTED_EDGE('',*,*,#3656,.T.);
#5009=ORIENTED_EDGE('',*,*,#3650,.T.);
#5010=ORIENTED_EDGE('',*,*,#3652,.T.);
#5011=ORIENTED_EDGE('',*,*,#3645,.T.);
#5012=ORIENTED_EDGE('',*,*,#3648,.T.);
#5013=ORIENTED_EDGE('',*,*,#3630,.T.);
#5014=ORIENTED_EDGE('',*,*,#3629,.T.);
#5015=ORIENTED_EDGE('',*,*,#3786,.T.);
#5016=ORIENTED_EDGE('',*,*,#3787,.T.);
#5017=ORIENTED_EDGE('',*,*,#3788,.T.);
#5018=ORIENTED_EDGE('',*,*,#3789,.T.);
#5019=ORIENTED_EDGE('',*,*,#3790,.T.);
#5020=ORIENTED_EDGE('',*,*,#3791,.T.);
#5021=ORIENTED_EDGE('',*,*,#3792,.T.);
#5022=ORIENTED_EDGE('',*,*,#3793,.T.);
#5023=ORIENTED_EDGE('',*,*,#3794,.T.);
#5024=ORIENTED_EDGE('',*,*,#3720,.T.);
#5025=ORIENTED_EDGE('',*,*,#3795,.T.);
#5026=ORIENTED_EDGE('',*,*,#3796,.T.);
#5027=ORIENTED_EDGE('',*,*,#3797,.T.);
#5028=ORIENTED_EDGE('',*,*,#3798,.T.);
#5029=ORIENTED_EDGE('',*,*,#3723,.T.);
#5030=ORIENTED_EDGE('',*,*,#3727,.T.);
#5031=ORIENTED_EDGE('',*,*,#3731,.F.);
#5032=ORIENTED_EDGE('',*,*,#3799,.F.);
#5033=ORIENTED_EDGE('',*,*,#3590,.F.);
#5034=ORIENTED_EDGE('',*,*,#3800,.T.);
#5035=ORIENTED_EDGE('',*,*,#3732,.F.);
#5036=ORIENTED_EDGE('',*,*,#3800,.F.);
#5037=ORIENTED_EDGE('',*,*,#3589,.F.);
#5038=ORIENTED_EDGE('',*,*,#3801,.T.);
#5039=ORIENTED_EDGE('',*,*,#3733,.F.);
#5040=ORIENTED_EDGE('',*,*,#3801,.F.);
#5041=ORIENTED_EDGE('',*,*,#3588,.F.);
#5042=ORIENTED_EDGE('',*,*,#3802,.T.);
#5043=ORIENTED_EDGE('',*,*,#3636,.T.);
#5044=ORIENTED_EDGE('',*,*,#3803,.T.);
#5045=ORIENTED_EDGE('',*,*,#3804,.T.);
#5046=ORIENTED_EDGE('',*,*,#3805,.T.);
#5047=ORIENTED_EDGE('',*,*,#3806,.T.);
#5048=ORIENTED_EDGE('',*,*,#3627,.T.);
#5049=ORIENTED_EDGE('',*,*,#3807,.T.);
#5050=ORIENTED_EDGE('',*,*,#3728,.T.);
#5051=ORIENTED_EDGE('',*,*,#3725,.T.);
#5052=ORIENTED_EDGE('',*,*,#3808,.T.);
#5053=ORIENTED_EDGE('',*,*,#3809,.T.);
#5054=ORIENTED_EDGE('',*,*,#3810,.T.);
#5055=ORIENTED_EDGE('',*,*,#3811,.T.);
#5056=ORIENTED_EDGE('',*,*,#3812,.T.);
#5057=ORIENTED_EDGE('',*,*,#3813,.T.);
#5058=ORIENTED_EDGE('',*,*,#3814,.T.);
#5059=ORIENTED_EDGE('',*,*,#3815,.T.);
#5060=ORIENTED_EDGE('',*,*,#3816,.T.);
#5061=ORIENTED_EDGE('',*,*,#3452,.F.);
#5062=ORIENTED_EDGE('',*,*,#3455,.F.);
#5063=ORIENTED_EDGE('',*,*,#3450,.T.);
#5064=ORIENTED_EDGE('',*,*,#3492,.F.);
#5065=ORIENTED_EDGE('',*,*,#3817,.T.);
#5066=ORIENTED_EDGE('',*,*,#3818,.T.);
#5067=ORIENTED_EDGE('',*,*,#3632,.T.);
#5068=ORIENTED_EDGE('',*,*,#3819,.T.);
#5069=ORIENTED_EDGE('',*,*,#3644,.T.);
#5070=ORIENTED_EDGE('',*,*,#3820,.T.);
#5071=ORIENTED_EDGE('',*,*,#3821,.T.);
#5072=ORIENTED_EDGE('',*,*,#3488,.F.);
#5073=ORIENTED_EDGE('',*,*,#3461,.F.);
#5074=ORIENTED_EDGE('',*,*,#3531,.F.);
#5075=ORIENTED_EDGE('',*,*,#3467,.T.);
#5076=ORIENTED_EDGE('',*,*,#3822,.T.);
#5077=ORIENTED_EDGE('',*,*,#3823,.T.);
#5078=ORIENTED_EDGE('',*,*,#3824,.T.);
#5079=ORIENTED_EDGE('',*,*,#3825,.T.);
#5080=ORIENTED_EDGE('',*,*,#3826,.T.);
#5081=ORIENTED_EDGE('',*,*,#3827,.T.);
#5082=ORIENTED_EDGE('',*,*,#3828,.T.);
#5083=ORIENTED_EDGE('',*,*,#3829,.T.);
#5084=ORIENTED_EDGE('',*,*,#3830,.T.);
#5085=ORIENTED_EDGE('',*,*,#3715,.T.);
#5086=ORIENTED_EDGE('',*,*,#3711,.T.);
#5087=ORIENTED_EDGE('',*,*,#3831,.T.);
#5088=ORIENTED_EDGE('',*,*,#3710,.T.);
#5089=ORIENTED_EDGE('',*,*,#3832,.T.);
#5090=ORIENTED_EDGE('',*,*,#3833,.T.);
#5091=ORIENTED_EDGE('',*,*,#3834,.T.);
#5092=ORIENTED_EDGE('',*,*,#3835,.T.);
#5093=ORIENTED_EDGE('',*,*,#3640,.T.);
#5094=ORIENTED_EDGE('',*,*,#3836,.T.);
#5095=ORIENTED_EDGE('',*,*,#3837,.T.);
#5096=ORIENTED_EDGE('',*,*,#3838,.T.);
#5097=ORIENTED_EDGE('',*,*,#3839,.T.);
#5098=ORIENTED_EDGE('',*,*,#3840,.T.);
#5099=ORIENTED_EDGE('',*,*,#3837,.F.);
#5100=ORIENTED_EDGE('',*,*,#3841,.T.);
#5101=ORIENTED_EDGE('',*,*,#3842,.F.);
#5102=ORIENTED_EDGE('',*,*,#3843,.F.);
#5103=ORIENTED_EDGE('',*,*,#3844,.T.);
#5104=ORIENTED_EDGE('',*,*,#3840,.F.);
#5105=ORIENTED_EDGE('',*,*,#3845,.T.);
#5106=ORIENTED_EDGE('',*,*,#3846,.F.);
#5107=ORIENTED_EDGE('',*,*,#3841,.F.);
#5108=ORIENTED_EDGE('',*,*,#3847,.T.);
#5109=ORIENTED_EDGE('',*,*,#3848,.T.);
#5110=ORIENTED_EDGE('',*,*,#3849,.T.);
#5111=ORIENTED_EDGE('',*,*,#3850,.T.);
#5112=ORIENTED_EDGE('',*,*,#3850,.F.);
#5113=ORIENTED_EDGE('',*,*,#3851,.F.);
#5114=ORIENTED_EDGE('',*,*,#3852,.T.);
#5115=ORIENTED_EDGE('',*,*,#3853,.T.);
#5116=ORIENTED_EDGE('',*,*,#3854,.T.);
#5117=ORIENTED_EDGE('',*,*,#3855,.F.);
#5118=ORIENTED_EDGE('',*,*,#3856,.T.);
#5119=ORIENTED_EDGE('',*,*,#3857,.T.);
#5120=ORIENTED_EDGE('',*,*,#3858,.F.);
#5121=ORIENTED_EDGE('',*,*,#3859,.T.);
#5122=ORIENTED_EDGE('',*,*,#3860,.F.);
#5123=ORIENTED_EDGE('',*,*,#3861,.F.);
#5124=ORIENTED_EDGE('',*,*,#3848,.F.);
#5125=ORIENTED_EDGE('',*,*,#3862,.F.);
#5126=ORIENTED_EDGE('',*,*,#3863,.F.);
#5127=ORIENTED_EDGE('',*,*,#3864,.T.);
#5128=ORIENTED_EDGE('',*,*,#3858,.T.);
#5129=ORIENTED_EDGE('',*,*,#3865,.T.);
#5130=ORIENTED_EDGE('',*,*,#3866,.F.);
#5131=ORIENTED_EDGE('',*,*,#3867,.F.);
#5132=ORIENTED_EDGE('',*,*,#3868,.T.);
#5133=ORIENTED_EDGE('',*,*,#3869,.T.);
#5134=ORIENTED_EDGE('',*,*,#3870,.T.);
#5135=ORIENTED_EDGE('',*,*,#3871,.F.);
#5136=ORIENTED_EDGE('',*,*,#3847,.F.);
#5137=ORIENTED_EDGE('',*,*,#3857,.F.);
#5138=ORIENTED_EDGE('',*,*,#3872,.T.);
#5139=ORIENTED_EDGE('',*,*,#3873,.F.);
#5140=ORIENTED_EDGE('',*,*,#3862,.T.);
#5141=ORIENTED_EDGE('',*,*,#3861,.T.);
#5142=ORIENTED_EDGE('',*,*,#3874,.F.);
#5143=ORIENTED_EDGE('',*,*,#3503,.F.);
#5144=ORIENTED_EDGE('',*,*,#3875,.F.);
#5145=ORIENTED_EDGE('',*,*,#3865,.F.);
#5146=ORIENTED_EDGE('',*,*,#3860,.T.);
#5147=ORIENTED_EDGE('',*,*,#3876,.T.);
#5148=ORIENTED_EDGE('',*,*,#3863,.T.);
#5149=ORIENTED_EDGE('',*,*,#3873,.T.);
#5150=ORIENTED_EDGE('',*,*,#3877,.T.);
#5151=ORIENTED_EDGE('',*,*,#3705,.T.);
#5152=ORIENTED_EDGE('',*,*,#3878,.T.);
#5153=ORIENTED_EDGE('',*,*,#3879,.T.);
#5154=ORIENTED_EDGE('',*,*,#3880,.T.);
#5155=ORIENTED_EDGE('',*,*,#3881,.T.);
#5156=ORIENTED_EDGE('',*,*,#3882,.T.);
#5157=ORIENTED_EDGE('',*,*,#3842,.T.);
#5158=ORIENTED_EDGE('',*,*,#3846,.T.);
#5159=ORIENTED_EDGE('',*,*,#3883,.T.);
#5160=ORIENTED_EDGE('',*,*,#3884,.T.);
#5161=ORIENTED_EDGE('',*,*,#3885,.T.);
#5162=ORIENTED_EDGE('',*,*,#3504,.T.);
#5163=ORIENTED_EDGE('',*,*,#3874,.T.);
#5164=ORIENTED_EDGE('',*,*,#3886,.T.);
#5165=ORIENTED_EDGE('',*,*,#3887,.F.);
#5166=ORIENTED_EDGE('',*,*,#3634,.T.);
#5167=ORIENTED_EDGE('',*,*,#3888,.F.);
#5168=ORIENTED_EDGE('',*,*,#3889,.T.);
#5169=ORIENTED_EDGE('',*,*,#3490,.T.);
#5170=ORIENTED_EDGE('',*,*,#3890,.T.);
#5171=ORIENTED_EDGE('',*,*,#3891,.F.);
#5172=ORIENTED_EDGE('',*,*,#3642,.T.);
#5173=ORIENTED_EDGE('',*,*,#3892,.F.);
#5174=ORIENTED_EDGE('',*,*,#3893,.T.);
#5175=ORIENTED_EDGE('',*,*,#3894,.F.);
#5176=ORIENTED_EDGE('',*,*,#3895,.T.);
#5177=ORIENTED_EDGE('',*,*,#3896,.F.);
#5178=ORIENTED_EDGE('',*,*,#3897,.F.);
#5179=ORIENTED_EDGE('',*,*,#3898,.F.);
#5180=ORIENTED_EDGE('',*,*,#3884,.F.);
#5181=ORIENTED_EDGE('',*,*,#3899,.T.);
#5182=ORIENTED_EDGE('',*,*,#3898,.T.);
#5183=ORIENTED_EDGE('',*,*,#3900,.T.);
#5184=ORIENTED_EDGE('',*,*,#3901,.F.);
#5185=ORIENTED_EDGE('',*,*,#3505,.F.);
#5186=ORIENTED_EDGE('',*,*,#3885,.F.);
#5187=ORIENTED_EDGE('',*,*,#3897,.T.);
#5188=ORIENTED_EDGE('',*,*,#3902,.T.);
#5189=ORIENTED_EDGE('',*,*,#3903,.T.);
#5190=ORIENTED_EDGE('',*,*,#3904,.T.);
#5191=ORIENTED_EDGE('',*,*,#3905,.T.);
#5192=ORIENTED_EDGE('',*,*,#3906,.T.);
#5193=ORIENTED_EDGE('',*,*,#3907,.F.);
#5194=ORIENTED_EDGE('',*,*,#3900,.F.);
#5195=ORIENTED_EDGE('',*,*,#3875,.T.);
#5196=ORIENTED_EDGE('',*,*,#3502,.T.);
#5197=ORIENTED_EDGE('',*,*,#3908,.T.);
#5198=ORIENTED_EDGE('',*,*,#3866,.T.);
#5199=ORIENTED_EDGE('',*,*,#3870,.F.);
#5200=ORIENTED_EDGE('',*,*,#3909,.F.);
#5201=ORIENTED_EDGE('',*,*,#3910,.F.);
#5202=ORIENTED_EDGE('',*,*,#3911,.F.);
#5203=ORIENTED_EDGE('',*,*,#3868,.F.);
#5204=ORIENTED_EDGE('',*,*,#3912,.F.);
#5205=ORIENTED_EDGE('',*,*,#3913,.F.);
#5206=ORIENTED_EDGE('',*,*,#3914,.T.);
#5207=ORIENTED_EDGE('',*,*,#3869,.F.);
#5208=ORIENTED_EDGE('',*,*,#3914,.F.);
#5209=ORIENTED_EDGE('',*,*,#3915,.F.);
#5210=ORIENTED_EDGE('',*,*,#3909,.T.);
#5211=ORIENTED_EDGE('',*,*,#3853,.F.);
#5212=ORIENTED_EDGE('',*,*,#3916,.F.);
#5213=ORIENTED_EDGE('',*,*,#3917,.F.);
#5214=ORIENTED_EDGE('',*,*,#3918,.T.);
#5215=ORIENTED_EDGE('',*,*,#3854,.F.);
#5216=ORIENTED_EDGE('',*,*,#3918,.F.);
#5217=ORIENTED_EDGE('',*,*,#3919,.F.);
#5218=ORIENTED_EDGE('',*,*,#3920,.F.);
#5219=ORIENTED_EDGE('',*,*,#3852,.F.);
#5220=ORIENTED_EDGE('',*,*,#3921,.F.);
#5221=ORIENTED_EDGE('',*,*,#3922,.F.);
#5222=ORIENTED_EDGE('',*,*,#3916,.T.);
#5223=ORIENTED_EDGE('',*,*,#3920,.T.);
#5224=ORIENTED_EDGE('',*,*,#3923,.F.);
#5225=ORIENTED_EDGE('',*,*,#3924,.F.);
#5226=ORIENTED_EDGE('',*,*,#3855,.T.);
#5227=ORIENTED_EDGE('',*,*,#3911,.T.);
#5228=ORIENTED_EDGE('',*,*,#3925,.F.);
#5229=ORIENTED_EDGE('',*,*,#3921,.T.);
#5230=ORIENTED_EDGE('',*,*,#3851,.T.);
#5231=ORIENTED_EDGE('',*,*,#3849,.F.);
#5232=ORIENTED_EDGE('',*,*,#3864,.F.);
#5233=ORIENTED_EDGE('',*,*,#3876,.F.);
#5234=ORIENTED_EDGE('',*,*,#3859,.F.);
#5235=ORIENTED_EDGE('',*,*,#3871,.T.);
#5236=ORIENTED_EDGE('',*,*,#3912,.T.);
#5237=ORIENTED_EDGE('',*,*,#3867,.T.);
#5238=ORIENTED_EDGE('',*,*,#3908,.F.);
#5239=ORIENTED_EDGE('',*,*,#3501,.F.);
#5240=ORIENTED_EDGE('',*,*,#3926,.F.);
#5241=ORIENTED_EDGE('',*,*,#3913,.T.);
#5242=ORIENTED_EDGE('',*,*,#3926,.T.);
#5243=ORIENTED_EDGE('',*,*,#3500,.F.);
#5244=ORIENTED_EDGE('',*,*,#3703,.F.);
#5245=ORIENTED_EDGE('',*,*,#3707,.F.);
#5246=ORIENTED_EDGE('',*,*,#3927,.F.);
#5247=ORIENTED_EDGE('',*,*,#3923,.T.);
#5248=ORIENTED_EDGE('',*,*,#3919,.T.);
#5249=ORIENTED_EDGE('',*,*,#3917,.T.);
#5250=ORIENTED_EDGE('',*,*,#3922,.T.);
#5251=ORIENTED_EDGE('',*,*,#3925,.T.);
#5252=ORIENTED_EDGE('',*,*,#3910,.T.);
#5253=ORIENTED_EDGE('',*,*,#3915,.T.);
#5254=ORIENTED_EDGE('',*,*,#3924,.T.);
#5255=ORIENTED_EDGE('',*,*,#3927,.T.);
#5256=ORIENTED_EDGE('',*,*,#3706,.F.);
#5257=ORIENTED_EDGE('',*,*,#3877,.F.);
#5258=ORIENTED_EDGE('',*,*,#3872,.F.);
#5259=ORIENTED_EDGE('',*,*,#3856,.F.);
#5260=ORIENTED_EDGE('',*,*,#3901,.T.);
#5261=ORIENTED_EDGE('',*,*,#3907,.T.);
#5262=ORIENTED_EDGE('',*,*,#3928,.T.);
#5263=ORIENTED_EDGE('',*,*,#3506,.T.);
#5264=ORIENTED_EDGE('',*,*,#3838,.F.);
#5265=ORIENTED_EDGE('',*,*,#3844,.F.);
#5266=ORIENTED_EDGE('',*,*,#3929,.F.);
#5267=ORIENTED_EDGE('',*,*,#3930,.T.);
#5268=ORIENTED_EDGE('',*,*,#3931,.T.);
#5269=ORIENTED_EDGE('',*,*,#3932,.T.);
#5270=ORIENTED_EDGE('',*,*,#3933,.T.);
#5271=ORIENTED_EDGE('',*,*,#3934,.T.);
#5272=ORIENTED_EDGE('',*,*,#3903,.F.);
#5273=ORIENTED_EDGE('',*,*,#3935,.F.);
#5274=ORIENTED_EDGE('',*,*,#3936,.F.);
#5275=ORIENTED_EDGE('',*,*,#3937,.T.);
#5276=ORIENTED_EDGE('',*,*,#3905,.F.);
#5277=ORIENTED_EDGE('',*,*,#3938,.F.);
#5278=ORIENTED_EDGE('',*,*,#3939,.F.);
#5279=ORIENTED_EDGE('',*,*,#3940,.F.);
#5280=ORIENTED_EDGE('',*,*,#3904,.F.);
#5281=ORIENTED_EDGE('',*,*,#3937,.F.);
#5282=ORIENTED_EDGE('',*,*,#3941,.F.);
#5283=ORIENTED_EDGE('',*,*,#3938,.T.);
#5284=ORIENTED_EDGE('',*,*,#3939,.T.);
#5285=ORIENTED_EDGE('',*,*,#3941,.T.);
#5286=ORIENTED_EDGE('',*,*,#3936,.T.);
#5287=ORIENTED_EDGE('',*,*,#3942,.F.);
#5288=ORIENTED_EDGE('',*,*,#3943,.T.);
#5289=ORIENTED_EDGE('',*,*,#3944,.T.);
#5290=ORIENTED_EDGE('',*,*,#3945,.T.);
#5291=ORIENTED_EDGE('',*,*,#3946,.F.);
#5292=ORIENTED_EDGE('',*,*,#3947,.T.);
#5293=ORIENTED_EDGE('',*,*,#3948,.F.);
#5294=ORIENTED_EDGE('',*,*,#3700,.F.);
#5295=ORIENTED_EDGE('',*,*,#3508,.F.);
#5296=ORIENTED_EDGE('',*,*,#3949,.F.);
#5297=ORIENTED_EDGE('',*,*,#3935,.T.);
#5298=ORIENTED_EDGE('',*,*,#3902,.F.);
#5299=ORIENTED_EDGE('',*,*,#3899,.F.);
#5300=ORIENTED_EDGE('',*,*,#3883,.F.);
#5301=ORIENTED_EDGE('',*,*,#3845,.F.);
#5302=ORIENTED_EDGE('',*,*,#3839,.F.);
#5303=ORIENTED_EDGE('',*,*,#3934,.F.);
#5304=ORIENTED_EDGE('',*,*,#3950,.T.);
#5305=ORIENTED_EDGE('',*,*,#3942,.T.);
#5306=ORIENTED_EDGE('',*,*,#3932,.F.);
#5307=ORIENTED_EDGE('',*,*,#3951,.F.);
#5308=ORIENTED_EDGE('',*,*,#3944,.F.);
#5309=ORIENTED_EDGE('',*,*,#3952,.T.);
#5310=ORIENTED_EDGE('',*,*,#3931,.F.);
#5311=ORIENTED_EDGE('',*,*,#3953,.F.);
#5312=ORIENTED_EDGE('',*,*,#3945,.F.);
#5313=ORIENTED_EDGE('',*,*,#3951,.T.);
#5314=ORIENTED_EDGE('',*,*,#3933,.F.);
#5315=ORIENTED_EDGE('',*,*,#3952,.F.);
#5316=ORIENTED_EDGE('',*,*,#3943,.F.);
#5317=ORIENTED_EDGE('',*,*,#3950,.F.);
#5318=ORIENTED_EDGE('',*,*,#3953,.T.);
#5319=ORIENTED_EDGE('',*,*,#3930,.F.);
#5320=ORIENTED_EDGE('',*,*,#3954,.T.);
#5321=ORIENTED_EDGE('',*,*,#3946,.T.);
#5322=ORIENTED_EDGE('',*,*,#3955,.T.);
#5323=ORIENTED_EDGE('',*,*,#3956,.T.);
#5324=ORIENTED_EDGE('',*,*,#3957,.T.);
#5325=ORIENTED_EDGE('',*,*,#3958,.F.);
#5326=ORIENTED_EDGE('',*,*,#3959,.T.);
#5327=ORIENTED_EDGE('',*,*,#3960,.T.);
#5328=ORIENTED_EDGE('',*,*,#3961,.T.);
#5329=ORIENTED_EDGE('',*,*,#3962,.T.);
#5330=ORIENTED_EDGE('',*,*,#3963,.T.);
#5331=ORIENTED_EDGE('',*,*,#3964,.T.);
#5332=ORIENTED_EDGE('',*,*,#3965,.T.);
#5333=ORIENTED_EDGE('',*,*,#3966,.T.);
#5334=ORIENTED_EDGE('',*,*,#3967,.T.);
#5335=ORIENTED_EDGE('',*,*,#3968,.T.);
#5336=ORIENTED_EDGE('',*,*,#3969,.T.);
#5337=ORIENTED_EDGE('',*,*,#3970,.T.);
#5338=ORIENTED_EDGE('',*,*,#3971,.T.);
#5339=ORIENTED_EDGE('',*,*,#3972,.T.);
#5340=ORIENTED_EDGE('',*,*,#3973,.T.);
#5341=ORIENTED_EDGE('',*,*,#3974,.T.);
#5342=ORIENTED_EDGE('',*,*,#3975,.T.);
#5343=ORIENTED_EDGE('',*,*,#3976,.T.);
#5344=ORIENTED_EDGE('',*,*,#3977,.T.);
#5345=ORIENTED_EDGE('',*,*,#3978,.T.);
#5346=ORIENTED_EDGE('',*,*,#3979,.T.);
#5347=ORIENTED_EDGE('',*,*,#3980,.T.);
#5348=ORIENTED_EDGE('',*,*,#3981,.T.);
#5349=ORIENTED_EDGE('',*,*,#3982,.T.);
#5350=ORIENTED_EDGE('',*,*,#3983,.T.);
#5351=ORIENTED_EDGE('',*,*,#3984,.T.);
#5352=ORIENTED_EDGE('',*,*,#3985,.T.);
#5353=ORIENTED_EDGE('',*,*,#3986,.T.);
#5354=ORIENTED_EDGE('',*,*,#3987,.T.);
#5355=ORIENTED_EDGE('',*,*,#3988,.T.);
#5356=ORIENTED_EDGE('',*,*,#3989,.T.);
#5357=ORIENTED_EDGE('',*,*,#3990,.T.);
#5358=ORIENTED_EDGE('',*,*,#3991,.T.);
#5359=ORIENTED_EDGE('',*,*,#3992,.T.);
#5360=ORIENTED_EDGE('',*,*,#3993,.T.);
#5361=ORIENTED_EDGE('',*,*,#3994,.T.);
#5362=ORIENTED_EDGE('',*,*,#3995,.T.);
#5363=ORIENTED_EDGE('',*,*,#3996,.T.);
#5364=ORIENTED_EDGE('',*,*,#3997,.T.);
#5365=ORIENTED_EDGE('',*,*,#3998,.T.);
#5366=ORIENTED_EDGE('',*,*,#3999,.T.);
#5367=ORIENTED_EDGE('',*,*,#4000,.T.);
#5368=ORIENTED_EDGE('',*,*,#4001,.T.);
#5369=ORIENTED_EDGE('',*,*,#4002,.T.);
#5370=ORIENTED_EDGE('',*,*,#4003,.T.);
#5371=ORIENTED_EDGE('',*,*,#4004,.T.);
#5372=ORIENTED_EDGE('',*,*,#4005,.T.);
#5373=ORIENTED_EDGE('',*,*,#4006,.T.);
#5374=ORIENTED_EDGE('',*,*,#4007,.T.);
#5375=ORIENTED_EDGE('',*,*,#4008,.T.);
#5376=ORIENTED_EDGE('',*,*,#4009,.T.);
#5377=ORIENTED_EDGE('',*,*,#4010,.T.);
#5378=ORIENTED_EDGE('',*,*,#4011,.T.);
#5379=ORIENTED_EDGE('',*,*,#4012,.T.);
#5380=ORIENTED_EDGE('',*,*,#4013,.T.);
#5381=ORIENTED_EDGE('',*,*,#4014,.T.);
#5382=ORIENTED_EDGE('',*,*,#4015,.T.);
#5383=ORIENTED_EDGE('',*,*,#4016,.T.);
#5384=ORIENTED_EDGE('',*,*,#4017,.T.);
#5385=ORIENTED_EDGE('',*,*,#4018,.T.);
#5386=ORIENTED_EDGE('',*,*,#4019,.T.);
#5387=ORIENTED_EDGE('',*,*,#4020,.T.);
#5388=ORIENTED_EDGE('',*,*,#4021,.T.);
#5389=ORIENTED_EDGE('',*,*,#4022,.T.);
#5390=ORIENTED_EDGE('',*,*,#4023,.T.);
#5391=ORIENTED_EDGE('',*,*,#4024,.T.);
#5392=ORIENTED_EDGE('',*,*,#4025,.T.);
#5393=ORIENTED_EDGE('',*,*,#4026,.T.);
#5394=ORIENTED_EDGE('',*,*,#4027,.T.);
#5395=ORIENTED_EDGE('',*,*,#4028,.T.);
#5396=ORIENTED_EDGE('',*,*,#4029,.T.);
#5397=ORIENTED_EDGE('',*,*,#4030,.T.);
#5398=ORIENTED_EDGE('',*,*,#4031,.T.);
#5399=ORIENTED_EDGE('',*,*,#4032,.T.);
#5400=ORIENTED_EDGE('',*,*,#4033,.T.);
#5401=ORIENTED_EDGE('',*,*,#4034,.T.);
#5402=ORIENTED_EDGE('',*,*,#4035,.T.);
#5403=ORIENTED_EDGE('',*,*,#4036,.T.);
#5404=ORIENTED_EDGE('',*,*,#4037,.T.);
#5405=ORIENTED_EDGE('',*,*,#4038,.T.);
#5406=ORIENTED_EDGE('',*,*,#4039,.T.);
#5407=ORIENTED_EDGE('',*,*,#4040,.T.);
#5408=ORIENTED_EDGE('',*,*,#4041,.T.);
#5409=ORIENTED_EDGE('',*,*,#4042,.F.);
#5410=ORIENTED_EDGE('',*,*,#4043,.T.);
#5411=ORIENTED_EDGE('',*,*,#4044,.T.);
#5412=ORIENTED_EDGE('',*,*,#4045,.T.);
#5413=ORIENTED_EDGE('',*,*,#4046,.T.);
#5414=ORIENTED_EDGE('',*,*,#4047,.T.);
#5415=ORIENTED_EDGE('',*,*,#4048,.T.);
#5416=ORIENTED_EDGE('',*,*,#4049,.T.);
#5417=ORIENTED_EDGE('',*,*,#4050,.T.);
#5418=ORIENTED_EDGE('',*,*,#4051,.T.);
#5419=ORIENTED_EDGE('',*,*,#4052,.T.);
#5420=ORIENTED_EDGE('',*,*,#4053,.T.);
#5421=ORIENTED_EDGE('',*,*,#4054,.T.);
#5422=ORIENTED_EDGE('',*,*,#4055,.T.);
#5423=ORIENTED_EDGE('',*,*,#4056,.T.);
#5424=ORIENTED_EDGE('',*,*,#4057,.T.);
#5425=ORIENTED_EDGE('',*,*,#4058,.T.);
#5426=ORIENTED_EDGE('',*,*,#4059,.T.);
#5427=ORIENTED_EDGE('',*,*,#4060,.T.);
#5428=ORIENTED_EDGE('',*,*,#4061,.T.);
#5429=ORIENTED_EDGE('',*,*,#4062,.T.);
#5430=ORIENTED_EDGE('',*,*,#4063,.T.);
#5431=ORIENTED_EDGE('',*,*,#4064,.T.);
#5432=ORIENTED_EDGE('',*,*,#4065,.T.);
#5433=ORIENTED_EDGE('',*,*,#4066,.T.);
#5434=ORIENTED_EDGE('',*,*,#4067,.F.);
#5435=ORIENTED_EDGE('',*,*,#3886,.F.);
#5436=ORIENTED_EDGE('',*,*,#4068,.F.);
#5437=ORIENTED_EDGE('',*,*,#3804,.F.);
#5438=ORIENTED_EDGE('',*,*,#4069,.F.);
#5439=ORIENTED_EDGE('',*,*,#3893,.F.);
#5440=ORIENTED_EDGE('',*,*,#4070,.F.);
#5441=ORIENTED_EDGE('',*,*,#3834,.F.);
#5442=ORIENTED_EDGE('',*,*,#4068,.T.);
#5443=ORIENTED_EDGE('',*,*,#3896,.T.);
#5444=ORIENTED_EDGE('',*,*,#4071,.T.);
#5445=ORIENTED_EDGE('',*,*,#3805,.F.);
#5446=ORIENTED_EDGE('',*,*,#4070,.T.);
#5447=ORIENTED_EDGE('',*,*,#3892,.T.);
#5448=ORIENTED_EDGE('',*,*,#3641,.T.);
#5449=ORIENTED_EDGE('',*,*,#3835,.F.);
#5450=ORIENTED_EDGE('',*,*,#3940,.T.);
#5451=ORIENTED_EDGE('',*,*,#3949,.T.);
#5452=ORIENTED_EDGE('',*,*,#3507,.F.);
#5453=ORIENTED_EDGE('',*,*,#3928,.F.);
#5454=ORIENTED_EDGE('',*,*,#3906,.F.);
#5455=ORIENTED_EDGE('',*,*,#3954,.F.);
#5456=ORIENTED_EDGE('',*,*,#3929,.T.);
#5457=ORIENTED_EDGE('',*,*,#3843,.T.);
#5458=ORIENTED_EDGE('',*,*,#3882,.F.);
#5459=ORIENTED_EDGE('',*,*,#4072,.F.);
#5460=ORIENTED_EDGE('',*,*,#3947,.F.);
#5461=ORIENTED_EDGE('',*,*,#3691,.F.);
#5462=ORIENTED_EDGE('',*,*,#3701,.T.);
#5463=ORIENTED_EDGE('',*,*,#3948,.T.);
#5464=ORIENTED_EDGE('',*,*,#4072,.T.);
#5465=ORIENTED_EDGE('',*,*,#3881,.F.);
#5466=ORIENTED_EDGE('',*,*,#4073,.F.);
#5467=ORIENTED_EDGE('',*,*,#4069,.T.);
#5468=ORIENTED_EDGE('',*,*,#3833,.F.);
#5469=ORIENTED_EDGE('',*,*,#4074,.T.);
#5470=ORIENTED_EDGE('',*,*,#3894,.T.);
#5471=ORIENTED_EDGE('',*,*,#3625,.T.);
#5472=ORIENTED_EDGE('',*,*,#3605,.F.);
#5473=ORIENTED_EDGE('',*,*,#4075,.T.);
#5474=ORIENTED_EDGE('',*,*,#4076,.T.);
#5475=ORIENTED_EDGE('',*,*,#4077,.T.);
#5476=ORIENTED_EDGE('',*,*,#3786,.F.);
#5477=ORIENTED_EDGE('',*,*,#3628,.F.);
#5478=ORIENTED_EDGE('',*,*,#3806,.F.);
#5479=ORIENTED_EDGE('',*,*,#4071,.F.);
#5480=ORIENTED_EDGE('',*,*,#3895,.F.);
#5481=ORIENTED_EDGE('',*,*,#4074,.F.);
#5482=ORIENTED_EDGE('',*,*,#3832,.F.);
#5483=ORIENTED_EDGE('',*,*,#3709,.T.);
#5484=ORIENTED_EDGE('',*,*,#3748,.F.);
#5485=ORIENTED_EDGE('',*,*,#4078,.T.);
#5486=ORIENTED_EDGE('',*,*,#4079,.T.);
#5487=ORIENTED_EDGE('',*,*,#4080,.F.);
#5488=ORIENTED_EDGE('',*,*,#3573,.F.);
#5489=ORIENTED_EDGE('',*,*,#3536,.T.);
#5490=ORIENTED_EDGE('',*,*,#3541,.T.);
#5491=ORIENTED_EDGE('',*,*,#4081,.F.);
#5492=ORIENTED_EDGE('',*,*,#4082,.T.);
#5493=ORIENTED_EDGE('',*,*,#4083,.T.);
#5494=ORIENTED_EDGE('',*,*,#3958,.T.);
#5495=ORIENTED_EDGE('',*,*,#4084,.F.);
#5496=ORIENTED_EDGE('',*,*,#4085,.T.);
#5497=ORIENTED_EDGE('',*,*,#4086,.T.);
#5498=ORIENTED_EDGE('',*,*,#4042,.T.);
#5499=ORIENTED_EDGE('',*,*,#4067,.T.);
#5500=ORIENTED_EDGE('',*,*,#3803,.F.);
#5501=ORIENTED_EDGE('',*,*,#3635,.T.);
#5502=ORIENTED_EDGE('',*,*,#3887,.T.);
#5503=ORIENTED_EDGE('',*,*,#3888,.T.);
#5504=ORIENTED_EDGE('',*,*,#3633,.T.);
#5505=ORIENTED_EDGE('',*,*,#3818,.F.);
#5506=ORIENTED_EDGE('',*,*,#4087,.T.);
#5507=ORIENTED_EDGE('',*,*,#3820,.F.);
#5508=ORIENTED_EDGE('',*,*,#3643,.T.);
#5509=ORIENTED_EDGE('',*,*,#3891,.T.);
#5510=ORIENTED_EDGE('',*,*,#4088,.F.);
#5511=ORIENTED_EDGE('',*,*,#4089,.T.);
#5512=ORIENTED_EDGE('',*,*,#4090,.T.);
#5513=ORIENTED_EDGE('',*,*,#4091,.T.);
#5514=ORIENTED_EDGE('',*,*,#4092,.T.);
#5515=ORIENTED_EDGE('',*,*,#4093,.T.);
#5516=ORIENTED_EDGE('',*,*,#4094,.T.);
#5517=ORIENTED_EDGE('',*,*,#4095,.T.);
#5518=ORIENTED_EDGE('',*,*,#4096,.T.);
#5519=ORIENTED_EDGE('',*,*,#4093,.F.);
#5520=ORIENTED_EDGE('',*,*,#4097,.T.);
#5521=ORIENTED_EDGE('',*,*,#4017,.F.);
#5522=ORIENTED_EDGE('',*,*,#4098,.F.);
#5523=ORIENTED_EDGE('',*,*,#4099,.T.);
#5524=ORIENTED_EDGE('',*,*,#4092,.F.);
#5525=ORIENTED_EDGE('',*,*,#4100,.T.);
#5526=ORIENTED_EDGE('',*,*,#4018,.F.);
#5527=ORIENTED_EDGE('',*,*,#4097,.F.);
#5528=ORIENTED_EDGE('',*,*,#4091,.F.);
#5529=ORIENTED_EDGE('',*,*,#4101,.T.);
#5530=ORIENTED_EDGE('',*,*,#4102,.T.);
#5531=ORIENTED_EDGE('',*,*,#4019,.F.);
#5532=ORIENTED_EDGE('',*,*,#4100,.F.);
#5533=ORIENTED_EDGE('',*,*,#4090,.F.);
#5534=ORIENTED_EDGE('',*,*,#4103,.F.);
#5535=ORIENTED_EDGE('',*,*,#4104,.F.);
#5536=ORIENTED_EDGE('',*,*,#4101,.F.);
#5537=ORIENTED_EDGE('',*,*,#4105,.T.);
#5538=ORIENTED_EDGE('',*,*,#4106,.T.);
#5539=ORIENTED_EDGE('',*,*,#4107,.T.);
#5540=ORIENTED_EDGE('',*,*,#4108,.T.);
#5541=ORIENTED_EDGE('',*,*,#4109,.T.);
#5542=ORIENTED_EDGE('',*,*,#4110,.T.);
#5543=ORIENTED_EDGE('',*,*,#4111,.T.);
#5544=ORIENTED_EDGE('',*,*,#4112,.T.);
#5545=ORIENTED_EDGE('',*,*,#4109,.F.);
#5546=ORIENTED_EDGE('',*,*,#4113,.T.);
#5547=ORIENTED_EDGE('',*,*,#3991,.F.);
#5548=ORIENTED_EDGE('',*,*,#4114,.F.);
#5549=ORIENTED_EDGE('',*,*,#4115,.T.);
#5550=ORIENTED_EDGE('',*,*,#4108,.F.);
#5551=ORIENTED_EDGE('',*,*,#4116,.T.);
#5552=ORIENTED_EDGE('',*,*,#3992,.F.);
#5553=ORIENTED_EDGE('',*,*,#4113,.F.);
#5554=ORIENTED_EDGE('',*,*,#4107,.F.);
#5555=ORIENTED_EDGE('',*,*,#4117,.T.);
#5556=ORIENTED_EDGE('',*,*,#4118,.T.);
#5557=ORIENTED_EDGE('',*,*,#3993,.F.);
#5558=ORIENTED_EDGE('',*,*,#4116,.F.);
#5559=ORIENTED_EDGE('',*,*,#4106,.F.);
#5560=ORIENTED_EDGE('',*,*,#4119,.F.);
#5561=ORIENTED_EDGE('',*,*,#4120,.F.);
#5562=ORIENTED_EDGE('',*,*,#4117,.F.);
#5563=ORIENTED_EDGE('',*,*,#3817,.F.);
#5564=ORIENTED_EDGE('',*,*,#3491,.T.);
#5565=ORIENTED_EDGE('',*,*,#3889,.F.);
#5566=ORIENTED_EDGE('',*,*,#4087,.F.);
#5567=ORIENTED_EDGE('',*,*,#3821,.F.);
#5568=ORIENTED_EDGE('',*,*,#4088,.T.);
#5569=ORIENTED_EDGE('',*,*,#3890,.F.);
#5570=ORIENTED_EDGE('',*,*,#3489,.F.);
#5571=ORIENTED_EDGE('',*,*,#3682,.F.);
#5572=ORIENTED_EDGE('',*,*,#4121,.T.);
#5573=ORIENTED_EDGE('',*,*,#3878,.F.);
#5574=ORIENTED_EDGE('',*,*,#3704,.F.);
#5575=ORIENTED_EDGE('',*,*,#3688,.F.);
#5576=ORIENTED_EDGE('',*,*,#4073,.T.);
#5577=ORIENTED_EDGE('',*,*,#3880,.F.);
#5578=ORIENTED_EDGE('',*,*,#4122,.F.);
#5579=ORIENTED_EDGE('',*,*,#3685,.F.);
#5580=ORIENTED_EDGE('',*,*,#4122,.T.);
#5581=ORIENTED_EDGE('',*,*,#3879,.F.);
#5582=ORIENTED_EDGE('',*,*,#4121,.F.);
#5583=ORIENTED_EDGE('',*,*,#3532,.T.);
#5584=ORIENTED_EDGE('',*,*,#4123,.F.);
#5585=ORIENTED_EDGE('',*,*,#4124,.T.);
#5586=ORIENTED_EDGE('',*,*,#4125,.F.);
#5587=ORIENTED_EDGE('',*,*,#4126,.F.);
#5588=ORIENTED_EDGE('',*,*,#4127,.F.);
#5589=ORIENTED_EDGE('',*,*,#4128,.T.);
#5590=ORIENTED_EDGE('',*,*,#4129,.F.);
#5591=ORIENTED_EDGE('',*,*,#4130,.F.);
#5592=ORIENTED_EDGE('',*,*,#4094,.F.);
#5593=ORIENTED_EDGE('',*,*,#4099,.F.);
#5594=ORIENTED_EDGE('',*,*,#4131,.F.);
#5595=ORIENTED_EDGE('',*,*,#4132,.F.);
#5596=ORIENTED_EDGE('',*,*,#4110,.F.);
#5597=ORIENTED_EDGE('',*,*,#4115,.F.);
#5598=ORIENTED_EDGE('',*,*,#4133,.F.);
#5599=ORIENTED_EDGE('',*,*,#4134,.F.);
#5600=ORIENTED_EDGE('',*,*,#4135,.F.);
#5601=ORIENTED_EDGE('',*,*,#4136,.F.);
#5602=ORIENTED_EDGE('',*,*,#4137,.F.);
#5603=ORIENTED_EDGE('',*,*,#4138,.T.);
#5604=ORIENTED_EDGE('',*,*,#4139,.F.);
#5605=ORIENTED_EDGE('',*,*,#4140,.F.);
#5606=ORIENTED_EDGE('',*,*,#4141,.F.);
#5607=ORIENTED_EDGE('',*,*,#4142,.T.);
#5608=ORIENTED_EDGE('',*,*,#4137,.T.);
#5609=ORIENTED_EDGE('',*,*,#4143,.F.);
#5610=ORIENTED_EDGE('',*,*,#3812,.F.);
#5611=ORIENTED_EDGE('',*,*,#4144,.T.);
#5612=ORIENTED_EDGE('',*,*,#4136,.T.);
#5613=ORIENTED_EDGE('',*,*,#4145,.F.);
#5614=ORIENTED_EDGE('',*,*,#3813,.F.);
#5615=ORIENTED_EDGE('',*,*,#4143,.T.);
#5616=ORIENTED_EDGE('',*,*,#4129,.T.);
#5617=ORIENTED_EDGE('',*,*,#4146,.F.);
#5618=ORIENTED_EDGE('',*,*,#3826,.F.);
#5619=ORIENTED_EDGE('',*,*,#4147,.T.);
#5620=ORIENTED_EDGE('',*,*,#4130,.T.);
#5621=ORIENTED_EDGE('',*,*,#4147,.F.);
#5622=ORIENTED_EDGE('',*,*,#3825,.F.);
#5623=ORIENTED_EDGE('',*,*,#4148,.T.);
#5624=ORIENTED_EDGE('',*,*,#4123,.T.);
#5625=ORIENTED_EDGE('',*,*,#4148,.F.);
#5626=ORIENTED_EDGE('',*,*,#3824,.F.);
#5627=ORIENTED_EDGE('',*,*,#4149,.T.);
#5628=ORIENTED_EDGE('',*,*,#4149,.F.);
#5629=ORIENTED_EDGE('',*,*,#3823,.F.);
#5630=ORIENTED_EDGE('',*,*,#4150,.T.);
#5631=ORIENTED_EDGE('',*,*,#4020,.F.);
#5632=ORIENTED_EDGE('',*,*,#4102,.F.);
#5633=ORIENTED_EDGE('',*,*,#4104,.T.);
#5634=ORIENTED_EDGE('',*,*,#4151,.F.);
#5635=ORIENTED_EDGE('',*,*,#4124,.F.);
#5636=ORIENTED_EDGE('',*,*,#4111,.F.);
#5637=ORIENTED_EDGE('',*,*,#4134,.T.);
#5638=ORIENTED_EDGE('',*,*,#4152,.T.);
#5639=ORIENTED_EDGE('',*,*,#4141,.T.);
#5640=ORIENTED_EDGE('',*,*,#4153,.T.);
#5641=ORIENTED_EDGE('',*,*,#3749,.F.);
#5642=ORIENTED_EDGE('',*,*,#4154,.F.);
#5643=ORIENTED_EDGE('',*,*,#4155,.T.);
#5644=ORIENTED_EDGE('',*,*,#4005,.F.);
#5645=ORIENTED_EDGE('',*,*,#4156,.F.);
#5646=ORIENTED_EDGE('',*,*,#4140,.T.);
#5647=ORIENTED_EDGE('',*,*,#4157,.T.);
#5648=ORIENTED_EDGE('',*,*,#3750,.F.);
#5649=ORIENTED_EDGE('',*,*,#4153,.F.);
#5650=ORIENTED_EDGE('',*,*,#4112,.F.);
#5651=ORIENTED_EDGE('',*,*,#4156,.T.);
#5652=ORIENTED_EDGE('',*,*,#4004,.F.);
#5653=ORIENTED_EDGE('',*,*,#4158,.F.);
#5654=ORIENTED_EDGE('',*,*,#4089,.F.);
#5655=ORIENTED_EDGE('',*,*,#4159,.T.);
#5656=ORIENTED_EDGE('',*,*,#4037,.F.);
#5657=ORIENTED_EDGE('',*,*,#4160,.F.);
#5658=ORIENTED_EDGE('',*,*,#4161,.T.);
#5659=ORIENTED_EDGE('',*,*,#3779,.F.);
#5660=ORIENTED_EDGE('',*,*,#4162,.F.);
#5661=ORIENTED_EDGE('',*,*,#4125,.T.);
#5662=ORIENTED_EDGE('',*,*,#4151,.T.);
#5663=ORIENTED_EDGE('',*,*,#4103,.T.);
#5664=ORIENTED_EDGE('',*,*,#4096,.F.);
#5665=ORIENTED_EDGE('',*,*,#4163,.T.);
#5666=ORIENTED_EDGE('',*,*,#4038,.F.);
#5667=ORIENTED_EDGE('',*,*,#4159,.F.);
#5668=ORIENTED_EDGE('',*,*,#4126,.T.);
#5669=ORIENTED_EDGE('',*,*,#4162,.T.);
#5670=ORIENTED_EDGE('',*,*,#3778,.F.);
#5671=ORIENTED_EDGE('',*,*,#4164,.T.);
#5672=ORIENTED_EDGE('',*,*,#4165,.F.);
#5673=ORIENTED_EDGE('',*,*,#4166,.F.);
#5674=ORIENTED_EDGE('',*,*,#4167,.F.);
#5675=ORIENTED_EDGE('',*,*,#4168,.T.);
#5676=ORIENTED_EDGE('',*,*,#4169,.F.);
#5677=ORIENTED_EDGE('',*,*,#4170,.F.);
#5678=ORIENTED_EDGE('',*,*,#4171,.F.);
#5679=ORIENTED_EDGE('',*,*,#4172,.T.);
#5680=ORIENTED_EDGE('',*,*,#4173,.F.);
#5681=ORIENTED_EDGE('',*,*,#4170,.T.);
#5682=ORIENTED_EDGE('',*,*,#4174,.F.);
#5683=ORIENTED_EDGE('',*,*,#4168,.F.);
#5684=ORIENTED_EDGE('',*,*,#4175,.F.);
#5685=ORIENTED_EDGE('',*,*,#4172,.F.);
#5686=ORIENTED_EDGE('',*,*,#4176,.F.);
#5687=ORIENTED_EDGE('',*,*,#4177,.T.);
#5688=ORIENTED_EDGE('',*,*,#4178,.F.);
#5689=ORIENTED_EDGE('',*,*,#4166,.T.);
#5690=ORIENTED_EDGE('',*,*,#4179,.F.);
#5691=ORIENTED_EDGE('',*,*,#4180,.T.);
#5692=ORIENTED_EDGE('',*,*,#4181,.F.);
#5693=ORIENTED_EDGE('',*,*,#4177,.F.);
#5694=ORIENTED_EDGE('',*,*,#4182,.F.);
#5695=ORIENTED_EDGE('',*,*,#4180,.F.);
#5696=ORIENTED_EDGE('',*,*,#4171,.T.);
#5697=ORIENTED_EDGE('',*,*,#4183,.F.);
#5698=ORIENTED_EDGE('',*,*,#3594,.F.);
#5699=ORIENTED_EDGE('',*,*,#4184,.T.);
#5700=ORIENTED_EDGE('',*,*,#3985,.F.);
#5701=ORIENTED_EDGE('',*,*,#4185,.F.);
#5702=ORIENTED_EDGE('',*,*,#4167,.T.);
#5703=ORIENTED_EDGE('',*,*,#4186,.T.);
#5704=ORIENTED_EDGE('',*,*,#3795,.F.);
#5705=ORIENTED_EDGE('',*,*,#3722,.F.);
#5706=ORIENTED_EDGE('',*,*,#3595,.F.);
#5707=ORIENTED_EDGE('',*,*,#4183,.T.);
#5708=ORIENTED_EDGE('',*,*,#4176,.T.);
#5709=ORIENTED_EDGE('',*,*,#4185,.T.);
#5710=ORIENTED_EDGE('',*,*,#3984,.F.);
#5711=ORIENTED_EDGE('',*,*,#4187,.F.);
#5712=ORIENTED_EDGE('',*,*,#4174,.T.);
#5713=ORIENTED_EDGE('',*,*,#4169,.T.);
#5714=ORIENTED_EDGE('',*,*,#4173,.T.);
#5715=ORIENTED_EDGE('',*,*,#4188,.T.);
#5716=ORIENTED_EDGE('',*,*,#4009,.F.);
#5717=ORIENTED_EDGE('',*,*,#4189,.F.);
#5718=ORIENTED_EDGE('',*,*,#4190,.T.);
#5719=ORIENTED_EDGE('',*,*,#3775,.F.);
#5720=ORIENTED_EDGE('',*,*,#4191,.F.);
#5721=ORIENTED_EDGE('',*,*,#4175,.T.);
#5722=ORIENTED_EDGE('',*,*,#4192,.T.);
#5723=ORIENTED_EDGE('',*,*,#4010,.F.);
#5724=ORIENTED_EDGE('',*,*,#4188,.F.);
#5725=ORIENTED_EDGE('',*,*,#4165,.T.);
#5726=ORIENTED_EDGE('',*,*,#4191,.T.);
#5727=ORIENTED_EDGE('',*,*,#3774,.F.);
#5728=ORIENTED_EDGE('',*,*,#4193,.T.);
#5729=ORIENTED_EDGE('',*,*,#4194,.F.);
#5730=ORIENTED_EDGE('',*,*,#4195,.T.);
#5731=ORIENTED_EDGE('',*,*,#4196,.F.);
#5732=ORIENTED_EDGE('',*,*,#4197,.F.);
#5733=ORIENTED_EDGE('',*,*,#4198,.F.);
#5734=ORIENTED_EDGE('',*,*,#4199,.F.);
#5735=ORIENTED_EDGE('',*,*,#4200,.F.);
#5736=ORIENTED_EDGE('',*,*,#4201,.T.);
#5737=ORIENTED_EDGE('',*,*,#4202,.F.);
#5738=ORIENTED_EDGE('',*,*,#4197,.T.);
#5739=ORIENTED_EDGE('',*,*,#4203,.F.);
#5740=ORIENTED_EDGE('',*,*,#4195,.F.);
#5741=ORIENTED_EDGE('',*,*,#4204,.F.);
#5742=ORIENTED_EDGE('',*,*,#4205,.T.);
#5743=ORIENTED_EDGE('',*,*,#4206,.F.);
#5744=ORIENTED_EDGE('',*,*,#4207,.F.);
#5745=ORIENTED_EDGE('',*,*,#4208,.F.);
#5746=ORIENTED_EDGE('',*,*,#4199,.T.);
#5747=ORIENTED_EDGE('',*,*,#4209,.F.);
#5748=ORIENTED_EDGE('',*,*,#4207,.T.);
#5749=ORIENTED_EDGE('',*,*,#4210,.F.);
#5750=ORIENTED_EDGE('',*,*,#4201,.F.);
#5751=ORIENTED_EDGE('',*,*,#4211,.F.);
#5752=ORIENTED_EDGE('',*,*,#4205,.F.);
#5753=ORIENTED_EDGE('',*,*,#4194,.T.);
#5754=ORIENTED_EDGE('',*,*,#4212,.T.);
#5755=ORIENTED_EDGE('',*,*,#3793,.F.);
#5756=ORIENTED_EDGE('',*,*,#4213,.F.);
#5757=ORIENTED_EDGE('',*,*,#3967,.F.);
#5758=ORIENTED_EDGE('',*,*,#4214,.F.);
#5759=ORIENTED_EDGE('',*,*,#4208,.T.);
#5760=ORIENTED_EDGE('',*,*,#4215,.F.);
#5761=ORIENTED_EDGE('',*,*,#3597,.F.);
#5762=ORIENTED_EDGE('',*,*,#3721,.T.);
#5763=ORIENTED_EDGE('',*,*,#3794,.F.);
#5764=ORIENTED_EDGE('',*,*,#4212,.F.);
#5765=ORIENTED_EDGE('',*,*,#4204,.T.);
#5766=ORIENTED_EDGE('',*,*,#4214,.T.);
#5767=ORIENTED_EDGE('',*,*,#3966,.F.);
#5768=ORIENTED_EDGE('',*,*,#4216,.F.);
#5769=ORIENTED_EDGE('',*,*,#4198,.T.);
#5770=ORIENTED_EDGE('',*,*,#4202,.T.);
#5771=ORIENTED_EDGE('',*,*,#4196,.T.);
#5772=ORIENTED_EDGE('',*,*,#4217,.T.);
#5773=ORIENTED_EDGE('',*,*,#3975,.F.);
#5774=ORIENTED_EDGE('',*,*,#4218,.F.);
#5775=ORIENTED_EDGE('',*,*,#4219,.T.);
#5776=ORIENTED_EDGE('',*,*,#3755,.F.);
#5777=ORIENTED_EDGE('',*,*,#4220,.F.);
#5778=ORIENTED_EDGE('',*,*,#4203,.T.);
#5779=ORIENTED_EDGE('',*,*,#4221,.T.);
#5780=ORIENTED_EDGE('',*,*,#3976,.F.);
#5781=ORIENTED_EDGE('',*,*,#4217,.F.);
#5782=ORIENTED_EDGE('',*,*,#4222,.F.);
#5783=ORIENTED_EDGE('',*,*,#4223,.T.);
#5784=ORIENTED_EDGE('',*,*,#4224,.F.);
#5785=ORIENTED_EDGE('',*,*,#4225,.F.);
#5786=ORIENTED_EDGE('',*,*,#4226,.F.);
#5787=ORIENTED_EDGE('',*,*,#4227,.F.);
#5788=ORIENTED_EDGE('',*,*,#4228,.F.);
#5789=ORIENTED_EDGE('',*,*,#4229,.T.);
#5790=ORIENTED_EDGE('',*,*,#4230,.F.);
#5791=ORIENTED_EDGE('',*,*,#4225,.T.);
#5792=ORIENTED_EDGE('',*,*,#4231,.F.);
#5793=ORIENTED_EDGE('',*,*,#4223,.F.);
#5794=ORIENTED_EDGE('',*,*,#4232,.F.);
#5795=ORIENTED_EDGE('',*,*,#4233,.T.);
#5796=ORIENTED_EDGE('',*,*,#4234,.F.);
#5797=ORIENTED_EDGE('',*,*,#4235,.F.);
#5798=ORIENTED_EDGE('',*,*,#4236,.F.);
#5799=ORIENTED_EDGE('',*,*,#4227,.T.);
#5800=ORIENTED_EDGE('',*,*,#4237,.F.);
#5801=ORIENTED_EDGE('',*,*,#4235,.T.);
#5802=ORIENTED_EDGE('',*,*,#4238,.F.);
#5803=ORIENTED_EDGE('',*,*,#4229,.F.);
#5804=ORIENTED_EDGE('',*,*,#4239,.F.);
#5805=ORIENTED_EDGE('',*,*,#4233,.F.);
#5806=ORIENTED_EDGE('',*,*,#4222,.T.);
#5807=ORIENTED_EDGE('',*,*,#4240,.F.);
#5808=ORIENTED_EDGE('',*,*,#3738,.F.);
#5809=ORIENTED_EDGE('',*,*,#4241,.F.);
#5810=ORIENTED_EDGE('',*,*,#4011,.F.);
#5811=ORIENTED_EDGE('',*,*,#4242,.F.);
#5812=ORIENTED_EDGE('',*,*,#4236,.T.);
#5813=ORIENTED_EDGE('',*,*,#4243,.F.);
#5814=ORIENTED_EDGE('',*,*,#3583,.F.);
#5815=ORIENTED_EDGE('',*,*,#3718,.T.);
#5816=ORIENTED_EDGE('',*,*,#3739,.F.);
#5817=ORIENTED_EDGE('',*,*,#4240,.T.);
#5818=ORIENTED_EDGE('',*,*,#4232,.T.);
#5819=ORIENTED_EDGE('',*,*,#4242,.T.);
#5820=ORIENTED_EDGE('',*,*,#4026,.F.);
#5821=ORIENTED_EDGE('',*,*,#4244,.F.);
#5822=ORIENTED_EDGE('',*,*,#4226,.T.);
#5823=ORIENTED_EDGE('',*,*,#4230,.T.);
#5824=ORIENTED_EDGE('',*,*,#4224,.T.);
#5825=ORIENTED_EDGE('',*,*,#4245,.T.);
#5826=ORIENTED_EDGE('',*,*,#4031,.F.);
#5827=ORIENTED_EDGE('',*,*,#4246,.F.);
#5828=ORIENTED_EDGE('',*,*,#4247,.T.);
#5829=ORIENTED_EDGE('',*,*,#3763,.F.);
#5830=ORIENTED_EDGE('',*,*,#4248,.F.);
#5831=ORIENTED_EDGE('',*,*,#4231,.T.);
#5832=ORIENTED_EDGE('',*,*,#4249,.T.);
#5833=ORIENTED_EDGE('',*,*,#4032,.F.);
#5834=ORIENTED_EDGE('',*,*,#4245,.F.);
#5835=ORIENTED_EDGE('',*,*,#4250,.F.);
#5836=ORIENTED_EDGE('',*,*,#4251,.F.);
#5837=ORIENTED_EDGE('',*,*,#4252,.F.);
#5838=ORIENTED_EDGE('',*,*,#4253,.T.);
#5839=ORIENTED_EDGE('',*,*,#4254,.F.);
#5840=ORIENTED_EDGE('',*,*,#4255,.F.);
#5841=ORIENTED_EDGE('',*,*,#4256,.F.);
#5842=ORIENTED_EDGE('',*,*,#4257,.T.);
#5843=ORIENTED_EDGE('',*,*,#4258,.F.);
#5844=ORIENTED_EDGE('',*,*,#4255,.T.);
#5845=ORIENTED_EDGE('',*,*,#4259,.F.);
#5846=ORIENTED_EDGE('',*,*,#4253,.F.);
#5847=ORIENTED_EDGE('',*,*,#4260,.F.);
#5848=ORIENTED_EDGE('',*,*,#4257,.F.);
#5849=ORIENTED_EDGE('',*,*,#4261,.F.);
#5850=ORIENTED_EDGE('',*,*,#4262,.T.);
#5851=ORIENTED_EDGE('',*,*,#4263,.F.);
#5852=ORIENTED_EDGE('',*,*,#4251,.T.);
#5853=ORIENTED_EDGE('',*,*,#4264,.F.);
#5854=ORIENTED_EDGE('',*,*,#4265,.T.);
#5855=ORIENTED_EDGE('',*,*,#4266,.F.);
#5856=ORIENTED_EDGE('',*,*,#4262,.F.);
#5857=ORIENTED_EDGE('',*,*,#4267,.F.);
#5858=ORIENTED_EDGE('',*,*,#4265,.F.);
#5859=ORIENTED_EDGE('',*,*,#4256,.T.);
#5860=ORIENTED_EDGE('',*,*,#4268,.F.);
#5861=ORIENTED_EDGE('',*,*,#3580,.F.);
#5862=ORIENTED_EDGE('',*,*,#4269,.T.);
#5863=ORIENTED_EDGE('',*,*,#4051,.F.);
#5864=ORIENTED_EDGE('',*,*,#4270,.F.);
#5865=ORIENTED_EDGE('',*,*,#4252,.T.);
#5866=ORIENTED_EDGE('',*,*,#4271,.T.);
#5867=ORIENTED_EDGE('',*,*,#3740,.F.);
#5868=ORIENTED_EDGE('',*,*,#3719,.F.);
#5869=ORIENTED_EDGE('',*,*,#3581,.F.);
#5870=ORIENTED_EDGE('',*,*,#4268,.T.);
#5871=ORIENTED_EDGE('',*,*,#4261,.T.);
#5872=ORIENTED_EDGE('',*,*,#4270,.T.);
#5873=ORIENTED_EDGE('',*,*,#4050,.F.);
#5874=ORIENTED_EDGE('',*,*,#4272,.F.);
#5875=ORIENTED_EDGE('',*,*,#4259,.T.);
#5876=ORIENTED_EDGE('',*,*,#4254,.T.);
#5877=ORIENTED_EDGE('',*,*,#4258,.T.);
#5878=ORIENTED_EDGE('',*,*,#4273,.T.);
#5879=ORIENTED_EDGE('',*,*,#4065,.F.);
#5880=ORIENTED_EDGE('',*,*,#4274,.F.);
#5881=ORIENTED_EDGE('',*,*,#4275,.T.);
#5882=ORIENTED_EDGE('',*,*,#3767,.F.);
#5883=ORIENTED_EDGE('',*,*,#4276,.F.);
#5884=ORIENTED_EDGE('',*,*,#4260,.T.);
#5885=ORIENTED_EDGE('',*,*,#4277,.T.);
#5886=ORIENTED_EDGE('',*,*,#4066,.F.);
#5887=ORIENTED_EDGE('',*,*,#4273,.F.);
#5888=ORIENTED_EDGE('',*,*,#4250,.T.);
#5889=ORIENTED_EDGE('',*,*,#4276,.T.);
#5890=ORIENTED_EDGE('',*,*,#3766,.F.);
#5891=ORIENTED_EDGE('',*,*,#4278,.T.);
#5892=ORIENTED_EDGE('',*,*,#4279,.F.);
#5893=ORIENTED_EDGE('',*,*,#4280,.F.);
#5894=ORIENTED_EDGE('',*,*,#4281,.F.);
#5895=ORIENTED_EDGE('',*,*,#4085,.F.);
#5896=ORIENTED_EDGE('',*,*,#4282,.F.);
#5897=ORIENTED_EDGE('',*,*,#4283,.F.);
#5898=ORIENTED_EDGE('',*,*,#4284,.F.);
#5899=ORIENTED_EDGE('',*,*,#4285,.F.);
#5900=ORIENTED_EDGE('',*,*,#4286,.F.);
#5901=ORIENTED_EDGE('',*,*,#4287,.F.);
#5902=ORIENTED_EDGE('',*,*,#4288,.F.);
#5903=ORIENTED_EDGE('',*,*,#4289,.T.);
#5904=ORIENTED_EDGE('',*,*,#4290,.F.);
#5905=ORIENTED_EDGE('',*,*,#4291,.F.);
#5906=ORIENTED_EDGE('',*,*,#4292,.T.);
#5907=ORIENTED_EDGE('',*,*,#4280,.T.);
#5908=ORIENTED_EDGE('',*,*,#4293,.F.);
#5909=ORIENTED_EDGE('',*,*,#4283,.T.);
#5910=ORIENTED_EDGE('',*,*,#4294,.F.);
#5911=ORIENTED_EDGE('',*,*,#4295,.F.);
#5912=ORIENTED_EDGE('',*,*,#4296,.F.);
#5913=ORIENTED_EDGE('',*,*,#4297,.F.);
#5914=ORIENTED_EDGE('',*,*,#4298,.F.);
#5915=ORIENTED_EDGE('',*,*,#4295,.T.);
#5916=ORIENTED_EDGE('',*,*,#4299,.F.);
#5917=ORIENTED_EDGE('',*,*,#4079,.F.);
#5918=ORIENTED_EDGE('',*,*,#4300,.F.);
#5919=ORIENTED_EDGE('',*,*,#4291,.T.);
#5920=ORIENTED_EDGE('',*,*,#4301,.F.);
#5921=ORIENTED_EDGE('',*,*,#4302,.T.);
#5922=ORIENTED_EDGE('',*,*,#4303,.F.);
#5923=ORIENTED_EDGE('',*,*,#4304,.F.);
#5924=ORIENTED_EDGE('',*,*,#4305,.F.);
#5925=ORIENTED_EDGE('',*,*,#4287,.T.);
#5926=ORIENTED_EDGE('',*,*,#4306,.F.);
#5927=ORIENTED_EDGE('',*,*,#4076,.F.);
#5928=ORIENTED_EDGE('',*,*,#4307,.F.);
#5929=ORIENTED_EDGE('',*,*,#4082,.F.);
#5930=ORIENTED_EDGE('',*,*,#4308,.F.);
#5931=ORIENTED_EDGE('',*,*,#4289,.F.);
#5932=ORIENTED_EDGE('',*,*,#4309,.F.);
#5933=ORIENTED_EDGE('',*,*,#4310,.F.);
#5934=ORIENTED_EDGE('',*,*,#4311,.F.);
#5935=ORIENTED_EDGE('',*,*,#4312,.F.);
#5936=ORIENTED_EDGE('',*,*,#4313,.F.);
#5937=ORIENTED_EDGE('',*,*,#4312,.T.);
#5938=ORIENTED_EDGE('',*,*,#4314,.F.);
#5939=ORIENTED_EDGE('',*,*,#4302,.F.);
#5940=ORIENTED_EDGE('',*,*,#4306,.T.);
#5941=ORIENTED_EDGE('',*,*,#4286,.T.);
#5942=ORIENTED_EDGE('',*,*,#4308,.T.);
#5943=ORIENTED_EDGE('',*,*,#4081,.T.);
#5944=ORIENTED_EDGE('',*,*,#3957,.F.);
#5945=ORIENTED_EDGE('',*,*,#4315,.T.);
#5946=ORIENTED_EDGE('',*,*,#3787,.F.);
#5947=ORIENTED_EDGE('',*,*,#4077,.F.);
#5948=ORIENTED_EDGE('',*,*,#4296,.T.);
#5949=ORIENTED_EDGE('',*,*,#4290,.T.);
#5950=ORIENTED_EDGE('',*,*,#4279,.T.);
#5951=ORIENTED_EDGE('',*,*,#4316,.T.);
#5952=ORIENTED_EDGE('',*,*,#4059,.F.);
#5953=ORIENTED_EDGE('',*,*,#4317,.F.);
#5954=ORIENTED_EDGE('',*,*,#4318,.T.);
#5955=ORIENTED_EDGE('',*,*,#3759,.F.);
#5956=ORIENTED_EDGE('',*,*,#4319,.F.);
#5957=ORIENTED_EDGE('',*,*,#4285,.T.);
#5958=ORIENTED_EDGE('',*,*,#4320,.T.);
#5959=ORIENTED_EDGE('',*,*,#4060,.F.);
#5960=ORIENTED_EDGE('',*,*,#4316,.F.);
#5961=ORIENTED_EDGE('',*,*,#4321,.T.);
#5962=ORIENTED_EDGE('',*,*,#3746,.F.);
#5963=ORIENTED_EDGE('',*,*,#4322,.F.);
#5964=ORIENTED_EDGE('',*,*,#4044,.F.);
#5965=ORIENTED_EDGE('',*,*,#4323,.F.);
#5966=ORIENTED_EDGE('',*,*,#4292,.F.);
#5967=ORIENTED_EDGE('',*,*,#4281,.T.);
#5968=ORIENTED_EDGE('',*,*,#4323,.T.);
#5969=ORIENTED_EDGE('',*,*,#4043,.F.);
#5970=ORIENTED_EDGE('',*,*,#4086,.F.);
#5971=ORIENTED_EDGE('',*,*,#4282,.T.);
#5972=ORIENTED_EDGE('',*,*,#4084,.T.);
#5973=ORIENTED_EDGE('',*,*,#4041,.F.);
#5974=ORIENTED_EDGE('',*,*,#4324,.F.);
#5975=ORIENTED_EDGE('',*,*,#4299,.T.);
#5976=ORIENTED_EDGE('',*,*,#4325,.F.);
#5977=ORIENTED_EDGE('',*,*,#3574,.F.);
#5978=ORIENTED_EDGE('',*,*,#4080,.T.);
#5979=ORIENTED_EDGE('',*,*,#4309,.T.);
#5980=ORIENTED_EDGE('',*,*,#4288,.T.);
#5981=ORIENTED_EDGE('',*,*,#4305,.T.);
#5982=ORIENTED_EDGE('',*,*,#4326,.F.);
#5983=ORIENTED_EDGE('',*,*,#3769,.F.);
#5984=ORIENTED_EDGE('',*,*,#4327,.F.);
#5985=ORIENTED_EDGE('',*,*,#4328,.T.);
#5986=ORIENTED_EDGE('',*,*,#3971,.F.);
#5987=ORIENTED_EDGE('',*,*,#4329,.F.);
#5988=ORIENTED_EDGE('',*,*,#4304,.T.);
#5989=ORIENTED_EDGE('',*,*,#4330,.T.);
#5990=ORIENTED_EDGE('',*,*,#3770,.F.);
#5991=ORIENTED_EDGE('',*,*,#4326,.T.);
#5992=ORIENTED_EDGE('',*,*,#4310,.T.);
#5993=ORIENTED_EDGE('',*,*,#4329,.T.);
#5994=ORIENTED_EDGE('',*,*,#3982,.F.);
#5995=ORIENTED_EDGE('',*,*,#4331,.F.);
#5996=ORIENTED_EDGE('',*,*,#4332,.F.);
#5997=ORIENTED_EDGE('',*,*,#4333,.T.);
#5998=ORIENTED_EDGE('',*,*,#4334,.F.);
#5999=ORIENTED_EDGE('',*,*,#4333,.F.);
#6000=ORIENTED_EDGE('',*,*,#4332,.T.);
#6001=ORIENTED_EDGE('',*,*,#4335,.F.);
#6002=ORIENTED_EDGE('',*,*,#4336,.T.);
#6003=ORIENTED_EDGE('',*,*,#4337,.F.);
#6004=ORIENTED_EDGE('',*,*,#4336,.F.);
#6005=ORIENTED_EDGE('',*,*,#4335,.T.);
#6006=ORIENTED_EDGE('',*,*,#4338,.F.);
#6007=ORIENTED_EDGE('',*,*,#4339,.T.);
#6008=ORIENTED_EDGE('',*,*,#4340,.F.);
#6009=ORIENTED_EDGE('',*,*,#4339,.F.);
#6010=ORIENTED_EDGE('',*,*,#4338,.T.);
#6011=ORIENTED_EDGE('',*,*,#4341,.F.);
#6012=ORIENTED_EDGE('',*,*,#4342,.T.);
#6013=ORIENTED_EDGE('',*,*,#4343,.F.);
#6014=ORIENTED_EDGE('',*,*,#4342,.F.);
#6015=ORIENTED_EDGE('',*,*,#4341,.T.);
#6016=ORIENTED_EDGE('',*,*,#4344,.F.);
#6017=ORIENTED_EDGE('',*,*,#4345,.T.);
#6018=ORIENTED_EDGE('',*,*,#4346,.F.);
#6019=ORIENTED_EDGE('',*,*,#4345,.F.);
#6020=ORIENTED_EDGE('',*,*,#4344,.T.);
#6021=ORIENTED_EDGE('',*,*,#4347,.F.);
#6022=ORIENTED_EDGE('',*,*,#4348,.T.);
#6023=ORIENTED_EDGE('',*,*,#4349,.F.);
#6024=ORIENTED_EDGE('',*,*,#4348,.F.);
#6025=ORIENTED_EDGE('',*,*,#4347,.T.);
#6026=ORIENTED_EDGE('',*,*,#4350,.F.);
#6027=ORIENTED_EDGE('',*,*,#4351,.T.);
#6028=ORIENTED_EDGE('',*,*,#4352,.F.);
#6029=ORIENTED_EDGE('',*,*,#4351,.F.);
#6030=ORIENTED_EDGE('',*,*,#4350,.T.);
#6031=ORIENTED_EDGE('',*,*,#4353,.F.);
#6032=ORIENTED_EDGE('',*,*,#4354,.T.);
#6033=ORIENTED_EDGE('',*,*,#4355,.F.);
#6034=ORIENTED_EDGE('',*,*,#4354,.F.);
#6035=ORIENTED_EDGE('',*,*,#4353,.T.);
#6036=ORIENTED_EDGE('',*,*,#4356,.T.);
#6037=ORIENTED_EDGE('',*,*,#3756,.F.);
#6038=ORIENTED_EDGE('',*,*,#4219,.F.);
#6039=ORIENTED_EDGE('',*,*,#4357,.F.);
#6040=ORIENTED_EDGE('',*,*,#4358,.F.);
#6041=ORIENTED_EDGE('',*,*,#4359,.T.);
#6042=ORIENTED_EDGE('',*,*,#4360,.F.);
#6043=ORIENTED_EDGE('',*,*,#4359,.F.);
#6044=ORIENTED_EDGE('',*,*,#4361,.F.);
#6045=ORIENTED_EDGE('',*,*,#4362,.T.);
#6046=ORIENTED_EDGE('',*,*,#4363,.F.);
#6047=ORIENTED_EDGE('',*,*,#4362,.F.);
#6048=ORIENTED_EDGE('',*,*,#4364,.F.);
#6049=ORIENTED_EDGE('',*,*,#4365,.F.);
#6050=ORIENTED_EDGE('',*,*,#4327,.T.);
#6051=ORIENTED_EDGE('',*,*,#3772,.F.);
#6052=ORIENTED_EDGE('',*,*,#4366,.F.);
#6053=ORIENTED_EDGE('',*,*,#4367,.F.);
#6054=ORIENTED_EDGE('',*,*,#4365,.T.);
#6055=ORIENTED_EDGE('',*,*,#4368,.F.);
#6056=ORIENTED_EDGE('',*,*,#4369,.F.);
#6057=ORIENTED_EDGE('',*,*,#4370,.F.);
#6058=ORIENTED_EDGE('',*,*,#4357,.T.);
#6059=ORIENTED_EDGE('',*,*,#4371,.F.);
#6060=ORIENTED_EDGE('',*,*,#4334,.T.);
#6061=ORIENTED_EDGE('',*,*,#4361,.T.);
#6062=ORIENTED_EDGE('',*,*,#4358,.T.);
#6063=ORIENTED_EDGE('',*,*,#4346,.T.);
#6064=ORIENTED_EDGE('',*,*,#4370,.T.);
#6065=ORIENTED_EDGE('',*,*,#4372,.T.);
#6066=ORIENTED_EDGE('',*,*,#3978,.F.);
#6067=ORIENTED_EDGE('',*,*,#4373,.F.);
#6068=ORIENTED_EDGE('',*,*,#4369,.T.);
#6069=ORIENTED_EDGE('',*,*,#4374,.T.);
#6070=ORIENTED_EDGE('',*,*,#3979,.F.);
#6071=ORIENTED_EDGE('',*,*,#4372,.F.);
#6072=ORIENTED_EDGE('',*,*,#4368,.T.);
#6073=ORIENTED_EDGE('',*,*,#4375,.T.);
#6074=ORIENTED_EDGE('',*,*,#3980,.F.);
#6075=ORIENTED_EDGE('',*,*,#4374,.F.);
#6076=ORIENTED_EDGE('',*,*,#4363,.T.);
#6077=ORIENTED_EDGE('',*,*,#4360,.T.);
#6078=ORIENTED_EDGE('',*,*,#4154,.T.);
#6079=ORIENTED_EDGE('',*,*,#3752,.F.);
#6080=ORIENTED_EDGE('',*,*,#4376,.F.);
#6081=ORIENTED_EDGE('',*,*,#4377,.F.);
#6082=ORIENTED_EDGE('',*,*,#4378,.F.);
#6083=ORIENTED_EDGE('',*,*,#4379,.T.);
#6084=ORIENTED_EDGE('',*,*,#4380,.F.);
#6085=ORIENTED_EDGE('',*,*,#4379,.F.);
#6086=ORIENTED_EDGE('',*,*,#4381,.F.);
#6087=ORIENTED_EDGE('',*,*,#4382,.T.);
#6088=ORIENTED_EDGE('',*,*,#4383,.F.);
#6089=ORIENTED_EDGE('',*,*,#4382,.F.);
#6090=ORIENTED_EDGE('',*,*,#4190,.F.);
#6091=ORIENTED_EDGE('',*,*,#4384,.F.);
#6092=ORIENTED_EDGE('',*,*,#4385,.T.);
#6093=ORIENTED_EDGE('',*,*,#3776,.F.);
#6094=ORIENTED_EDGE('',*,*,#4386,.F.);
#6095=ORIENTED_EDGE('',*,*,#4387,.F.);
#6096=ORIENTED_EDGE('',*,*,#4384,.T.);
#6097=ORIENTED_EDGE('',*,*,#4388,.F.);
#6098=ORIENTED_EDGE('',*,*,#4389,.F.);
#6099=ORIENTED_EDGE('',*,*,#4390,.F.);
#6100=ORIENTED_EDGE('',*,*,#4377,.T.);
#6101=ORIENTED_EDGE('',*,*,#4391,.F.);
#6102=ORIENTED_EDGE('',*,*,#4381,.T.);
#6103=ORIENTED_EDGE('',*,*,#4355,.T.);
#6104=ORIENTED_EDGE('',*,*,#4378,.T.);
#6105=ORIENTED_EDGE('',*,*,#4343,.T.);
#6106=ORIENTED_EDGE('',*,*,#4390,.T.);
#6107=ORIENTED_EDGE('',*,*,#4392,.T.);
#6108=ORIENTED_EDGE('',*,*,#4006,.F.);
#6109=ORIENTED_EDGE('',*,*,#4155,.F.);
#6110=ORIENTED_EDGE('',*,*,#4389,.T.);
#6111=ORIENTED_EDGE('',*,*,#4393,.T.);
#6112=ORIENTED_EDGE('',*,*,#4007,.F.);
#6113=ORIENTED_EDGE('',*,*,#4392,.F.);
#6114=ORIENTED_EDGE('',*,*,#4388,.T.);
#6115=ORIENTED_EDGE('',*,*,#4189,.T.);
#6116=ORIENTED_EDGE('',*,*,#4008,.F.);
#6117=ORIENTED_EDGE('',*,*,#4393,.F.);
#6118=ORIENTED_EDGE('',*,*,#4383,.T.);
#6119=ORIENTED_EDGE('',*,*,#4380,.T.);
#6120=ORIENTED_EDGE('',*,*,#4394,.T.);
#6121=ORIENTED_EDGE('',*,*,#3760,.F.);
#6122=ORIENTED_EDGE('',*,*,#4318,.F.);
#6123=ORIENTED_EDGE('',*,*,#4395,.F.);
#6124=ORIENTED_EDGE('',*,*,#4396,.F.);
#6125=ORIENTED_EDGE('',*,*,#4397,.T.);
#6126=ORIENTED_EDGE('',*,*,#4398,.F.);
#6127=ORIENTED_EDGE('',*,*,#4397,.F.);
#6128=ORIENTED_EDGE('',*,*,#4399,.F.);
#6129=ORIENTED_EDGE('',*,*,#4400,.T.);
#6130=ORIENTED_EDGE('',*,*,#4401,.F.);
#6131=ORIENTED_EDGE('',*,*,#4400,.F.);
#6132=ORIENTED_EDGE('',*,*,#4275,.F.);
#6133=ORIENTED_EDGE('',*,*,#4402,.F.);
#6134=ORIENTED_EDGE('',*,*,#4403,.T.);
#6135=ORIENTED_EDGE('',*,*,#3768,.F.);
#6136=ORIENTED_EDGE('',*,*,#4404,.F.);
#6137=ORIENTED_EDGE('',*,*,#4405,.F.);
#6138=ORIENTED_EDGE('',*,*,#4402,.T.);
#6139=ORIENTED_EDGE('',*,*,#4406,.F.);
#6140=ORIENTED_EDGE('',*,*,#4407,.F.);
#6141=ORIENTED_EDGE('',*,*,#4408,.F.);
#6142=ORIENTED_EDGE('',*,*,#4395,.T.);
#6143=ORIENTED_EDGE('',*,*,#4409,.F.);
#6144=ORIENTED_EDGE('',*,*,#4399,.T.);
#6145=ORIENTED_EDGE('',*,*,#4340,.T.);
#6146=ORIENTED_EDGE('',*,*,#4352,.T.);
#6147=ORIENTED_EDGE('',*,*,#4396,.T.);
#6148=ORIENTED_EDGE('',*,*,#4408,.T.);
#6149=ORIENTED_EDGE('',*,*,#4410,.T.);
#6150=ORIENTED_EDGE('',*,*,#4062,.F.);
#6151=ORIENTED_EDGE('',*,*,#4411,.F.);
#6152=ORIENTED_EDGE('',*,*,#4407,.T.);
#6153=ORIENTED_EDGE('',*,*,#4412,.T.);
#6154=ORIENTED_EDGE('',*,*,#4063,.F.);
#6155=ORIENTED_EDGE('',*,*,#4410,.F.);
#6156=ORIENTED_EDGE('',*,*,#4406,.T.);
#6157=ORIENTED_EDGE('',*,*,#4274,.T.);
#6158=ORIENTED_EDGE('',*,*,#4064,.F.);
#6159=ORIENTED_EDGE('',*,*,#4412,.F.);
#6160=ORIENTED_EDGE('',*,*,#4401,.T.);
#6161=ORIENTED_EDGE('',*,*,#4398,.T.);
#6162=ORIENTED_EDGE('',*,*,#4413,.T.);
#6163=ORIENTED_EDGE('',*,*,#3764,.F.);
#6164=ORIENTED_EDGE('',*,*,#4247,.F.);
#6165=ORIENTED_EDGE('',*,*,#4414,.F.);
#6166=ORIENTED_EDGE('',*,*,#4415,.F.);
#6167=ORIENTED_EDGE('',*,*,#4416,.T.);
#6168=ORIENTED_EDGE('',*,*,#4417,.F.);
#6169=ORIENTED_EDGE('',*,*,#4416,.F.);
#6170=ORIENTED_EDGE('',*,*,#4418,.F.);
#6171=ORIENTED_EDGE('',*,*,#4419,.T.);
#6172=ORIENTED_EDGE('',*,*,#4420,.F.);
#6173=ORIENTED_EDGE('',*,*,#4419,.F.);
#6174=ORIENTED_EDGE('',*,*,#4161,.F.);
#6175=ORIENTED_EDGE('',*,*,#4421,.F.);
#6176=ORIENTED_EDGE('',*,*,#4422,.T.);
#6177=ORIENTED_EDGE('',*,*,#3780,.F.);
#6178=ORIENTED_EDGE('',*,*,#4423,.F.);
#6179=ORIENTED_EDGE('',*,*,#4424,.F.);
#6180=ORIENTED_EDGE('',*,*,#4421,.T.);
#6181=ORIENTED_EDGE('',*,*,#4425,.F.);
#6182=ORIENTED_EDGE('',*,*,#4426,.F.);
#6183=ORIENTED_EDGE('',*,*,#4427,.F.);
#6184=ORIENTED_EDGE('',*,*,#4414,.T.);
#6185=ORIENTED_EDGE('',*,*,#4428,.F.);
#6186=ORIENTED_EDGE('',*,*,#4418,.T.);
#6187=ORIENTED_EDGE('',*,*,#4337,.T.);
#6188=ORIENTED_EDGE('',*,*,#4349,.T.);
#6189=ORIENTED_EDGE('',*,*,#4415,.T.);
#6190=ORIENTED_EDGE('',*,*,#4427,.T.);
#6191=ORIENTED_EDGE('',*,*,#4429,.T.);
#6192=ORIENTED_EDGE('',*,*,#4034,.F.);
#6193=ORIENTED_EDGE('',*,*,#4430,.F.);
#6194=ORIENTED_EDGE('',*,*,#4426,.T.);
#6195=ORIENTED_EDGE('',*,*,#4431,.T.);
#6196=ORIENTED_EDGE('',*,*,#4035,.F.);
#6197=ORIENTED_EDGE('',*,*,#4429,.F.);
#6198=ORIENTED_EDGE('',*,*,#4425,.T.);
#6199=ORIENTED_EDGE('',*,*,#4160,.T.);
#6200=ORIENTED_EDGE('',*,*,#4036,.F.);
#6201=ORIENTED_EDGE('',*,*,#4431,.F.);
#6202=ORIENTED_EDGE('',*,*,#4420,.T.);
#6203=ORIENTED_EDGE('',*,*,#4417,.T.);
#6204=ORIENTED_EDGE('',*,*,#4238,.T.);
#6205=ORIENTED_EDGE('',*,*,#4432,.T.);
#6206=ORIENTED_EDGE('',*,*,#3761,.F.);
#6207=ORIENTED_EDGE('',*,*,#4413,.F.);
#6208=ORIENTED_EDGE('',*,*,#4430,.T.);
#6209=ORIENTED_EDGE('',*,*,#4033,.F.);
#6210=ORIENTED_EDGE('',*,*,#4249,.F.);
#6211=ORIENTED_EDGE('',*,*,#4239,.T.);
#6212=ORIENTED_EDGE('',*,*,#4228,.T.);
#6213=ORIENTED_EDGE('',*,*,#4234,.T.);
#6214=ORIENTED_EDGE('',*,*,#4248,.T.);
#6215=ORIENTED_EDGE('',*,*,#3762,.F.);
#6216=ORIENTED_EDGE('',*,*,#4432,.F.);
#6217=ORIENTED_EDGE('',*,*,#4428,.T.);
#6218=ORIENTED_EDGE('',*,*,#4246,.T.);
#6219=ORIENTED_EDGE('',*,*,#4030,.F.);
#6220=ORIENTED_EDGE('',*,*,#4433,.F.);
#6221=ORIENTED_EDGE('',*,*,#4423,.T.);
#6222=ORIENTED_EDGE('',*,*,#4433,.T.);
#6223=ORIENTED_EDGE('',*,*,#4029,.F.);
#6224=ORIENTED_EDGE('',*,*,#4434,.F.);
#6225=ORIENTED_EDGE('',*,*,#4424,.T.);
#6226=ORIENTED_EDGE('',*,*,#4434,.T.);
#6227=ORIENTED_EDGE('',*,*,#4028,.F.);
#6228=ORIENTED_EDGE('',*,*,#4435,.F.);
#6229=ORIENTED_EDGE('',*,*,#4095,.F.);
#6230=ORIENTED_EDGE('',*,*,#4132,.T.);
#6231=ORIENTED_EDGE('',*,*,#4436,.T.);
#6232=ORIENTED_EDGE('',*,*,#4127,.T.);
#6233=ORIENTED_EDGE('',*,*,#4164,.F.);
#6234=ORIENTED_EDGE('',*,*,#3777,.F.);
#6235=ORIENTED_EDGE('',*,*,#4422,.F.);
#6236=ORIENTED_EDGE('',*,*,#4435,.T.);
#6237=ORIENTED_EDGE('',*,*,#4027,.F.);
#6238=ORIENTED_EDGE('',*,*,#4163,.F.);
#6239=ORIENTED_EDGE('',*,*,#4237,.T.);
#6240=ORIENTED_EDGE('',*,*,#4244,.T.);
#6241=ORIENTED_EDGE('',*,*,#4025,.F.);
#6242=ORIENTED_EDGE('',*,*,#4437,.F.);
#6243=ORIENTED_EDGE('',*,*,#3584,.F.);
#6244=ORIENTED_EDGE('',*,*,#4243,.T.);
#6245=ORIENTED_EDGE('',*,*,#3585,.F.);
#6246=ORIENTED_EDGE('',*,*,#4437,.T.);
#6247=ORIENTED_EDGE('',*,*,#4024,.F.);
#6248=ORIENTED_EDGE('',*,*,#4438,.F.);
#6249=ORIENTED_EDGE('',*,*,#3586,.F.);
#6250=ORIENTED_EDGE('',*,*,#4438,.T.);
#6251=ORIENTED_EDGE('',*,*,#4023,.F.);
#6252=ORIENTED_EDGE('',*,*,#4439,.F.);
#6253=ORIENTED_EDGE('',*,*,#3587,.F.);
#6254=ORIENTED_EDGE('',*,*,#4439,.T.);
#6255=ORIENTED_EDGE('',*,*,#4022,.F.);
#6256=ORIENTED_EDGE('',*,*,#4440,.T.);
#6257=ORIENTED_EDGE('',*,*,#3734,.F.);
#6258=ORIENTED_EDGE('',*,*,#3802,.F.);
#6259=ORIENTED_EDGE('',*,*,#4440,.F.);
#6260=ORIENTED_EDGE('',*,*,#4021,.F.);
#6261=ORIENTED_EDGE('',*,*,#4150,.F.);
#6262=ORIENTED_EDGE('',*,*,#3822,.F.);
#6263=ORIENTED_EDGE('',*,*,#3466,.T.);
#6264=ORIENTED_EDGE('',*,*,#3735,.F.);
#6265=ORIENTED_EDGE('',*,*,#3827,.F.);
#6266=ORIENTED_EDGE('',*,*,#4146,.T.);
#6267=ORIENTED_EDGE('',*,*,#4128,.F.);
#6268=ORIENTED_EDGE('',*,*,#4436,.F.);
#6269=ORIENTED_EDGE('',*,*,#4131,.T.);
#6270=ORIENTED_EDGE('',*,*,#4098,.T.);
#6271=ORIENTED_EDGE('',*,*,#4016,.F.);
#6272=ORIENTED_EDGE('',*,*,#4441,.F.);
#6273=ORIENTED_EDGE('',*,*,#3828,.F.);
#6274=ORIENTED_EDGE('',*,*,#4441,.T.);
#6275=ORIENTED_EDGE('',*,*,#4015,.F.);
#6276=ORIENTED_EDGE('',*,*,#4442,.F.);
#6277=ORIENTED_EDGE('',*,*,#3829,.F.);
#6278=ORIENTED_EDGE('',*,*,#4442,.T.);
#6279=ORIENTED_EDGE('',*,*,#4014,.F.);
#6280=ORIENTED_EDGE('',*,*,#4443,.F.);
#6281=ORIENTED_EDGE('',*,*,#3830,.F.);
#6282=ORIENTED_EDGE('',*,*,#4443,.T.);
#6283=ORIENTED_EDGE('',*,*,#4013,.F.);
#6284=ORIENTED_EDGE('',*,*,#4444,.T.);
#6285=ORIENTED_EDGE('',*,*,#3736,.F.);
#6286=ORIENTED_EDGE('',*,*,#3716,.F.);
#6287=ORIENTED_EDGE('',*,*,#4444,.F.);
#6288=ORIENTED_EDGE('',*,*,#4012,.F.);
#6289=ORIENTED_EDGE('',*,*,#4241,.T.);
#6290=ORIENTED_EDGE('',*,*,#3737,.F.);
#6291=ORIENTED_EDGE('',*,*,#4311,.T.);
#6292=ORIENTED_EDGE('',*,*,#4331,.T.);
#6293=ORIENTED_EDGE('',*,*,#3981,.F.);
#6294=ORIENTED_EDGE('',*,*,#4375,.F.);
#6295=ORIENTED_EDGE('',*,*,#4364,.T.);
#6296=ORIENTED_EDGE('',*,*,#3771,.F.);
#6297=ORIENTED_EDGE('',*,*,#4330,.F.);
#6298=ORIENTED_EDGE('',*,*,#4303,.T.);
#6299=ORIENTED_EDGE('',*,*,#4314,.T.);
#6300=ORIENTED_EDGE('',*,*,#4210,.T.);
#6301=ORIENTED_EDGE('',*,*,#4445,.T.);
#6302=ORIENTED_EDGE('',*,*,#3753,.F.);
#6303=ORIENTED_EDGE('',*,*,#4356,.F.);
#6304=ORIENTED_EDGE('',*,*,#4373,.T.);
#6305=ORIENTED_EDGE('',*,*,#3977,.F.);
#6306=ORIENTED_EDGE('',*,*,#4221,.F.);
#6307=ORIENTED_EDGE('',*,*,#4211,.T.);
#6308=ORIENTED_EDGE('',*,*,#4200,.T.);
#6309=ORIENTED_EDGE('',*,*,#4206,.T.);
#6310=ORIENTED_EDGE('',*,*,#4220,.T.);
#6311=ORIENTED_EDGE('',*,*,#3754,.F.);
#6312=ORIENTED_EDGE('',*,*,#4445,.F.);
#6313=ORIENTED_EDGE('',*,*,#4371,.T.);
#6314=ORIENTED_EDGE('',*,*,#4218,.T.);
#6315=ORIENTED_EDGE('',*,*,#3974,.F.);
#6316=ORIENTED_EDGE('',*,*,#4446,.F.);
#6317=ORIENTED_EDGE('',*,*,#4366,.T.);
#6318=ORIENTED_EDGE('',*,*,#4446,.T.);
#6319=ORIENTED_EDGE('',*,*,#3973,.F.);
#6320=ORIENTED_EDGE('',*,*,#4447,.F.);
#6321=ORIENTED_EDGE('',*,*,#4367,.T.);
#6322=ORIENTED_EDGE('',*,*,#4447,.T.);
#6323=ORIENTED_EDGE('',*,*,#3972,.F.);
#6324=ORIENTED_EDGE('',*,*,#4328,.F.);
#6325=ORIENTED_EDGE('',*,*,#4448,.T.);
#6326=ORIENTED_EDGE('',*,*,#3970,.F.);
#6327=ORIENTED_EDGE('',*,*,#4449,.T.);
#6328=ORIENTED_EDGE('',*,*,#3790,.F.);
#6329=ORIENTED_EDGE('',*,*,#4449,.F.);
#6330=ORIENTED_EDGE('',*,*,#3969,.F.);
#6331=ORIENTED_EDGE('',*,*,#4450,.T.);
#6332=ORIENTED_EDGE('',*,*,#3791,.F.);
#6333=ORIENTED_EDGE('',*,*,#4450,.F.);
#6334=ORIENTED_EDGE('',*,*,#3968,.F.);
#6335=ORIENTED_EDGE('',*,*,#4213,.T.);
#6336=ORIENTED_EDGE('',*,*,#3792,.F.);
#6337=ORIENTED_EDGE('',*,*,#4209,.T.);
#6338=ORIENTED_EDGE('',*,*,#4216,.T.);
#6339=ORIENTED_EDGE('',*,*,#3965,.F.);
#6340=ORIENTED_EDGE('',*,*,#4451,.F.);
#6341=ORIENTED_EDGE('',*,*,#3598,.F.);
#6342=ORIENTED_EDGE('',*,*,#4215,.T.);
#6343=ORIENTED_EDGE('',*,*,#3599,.F.);
#6344=ORIENTED_EDGE('',*,*,#4451,.T.);
#6345=ORIENTED_EDGE('',*,*,#3964,.F.);
#6346=ORIENTED_EDGE('',*,*,#4452,.F.);
#6347=ORIENTED_EDGE('',*,*,#3600,.F.);
#6348=ORIENTED_EDGE('',*,*,#4452,.T.);
#6349=ORIENTED_EDGE('',*,*,#3963,.F.);
#6350=ORIENTED_EDGE('',*,*,#4453,.F.);
#6351=ORIENTED_EDGE('',*,*,#3601,.F.);
#6352=ORIENTED_EDGE('',*,*,#4453,.T.);
#6353=ORIENTED_EDGE('',*,*,#3962,.F.);
#6354=ORIENTED_EDGE('',*,*,#4454,.F.);
#6355=ORIENTED_EDGE('',*,*,#3602,.F.);
#6356=ORIENTED_EDGE('',*,*,#4454,.T.);
#6357=ORIENTED_EDGE('',*,*,#3961,.F.);
#6358=ORIENTED_EDGE('',*,*,#4455,.F.);
#6359=ORIENTED_EDGE('',*,*,#3603,.F.);
#6360=ORIENTED_EDGE('',*,*,#4455,.T.);
#6361=ORIENTED_EDGE('',*,*,#3960,.F.);
#6362=ORIENTED_EDGE('',*,*,#4456,.F.);
#6363=ORIENTED_EDGE('',*,*,#4301,.T.);
#6364=ORIENTED_EDGE('',*,*,#4075,.F.);
#6365=ORIENTED_EDGE('',*,*,#3604,.F.);
#6366=ORIENTED_EDGE('',*,*,#4456,.T.);
#6367=ORIENTED_EDGE('',*,*,#3959,.F.);
#6368=ORIENTED_EDGE('',*,*,#4083,.F.);
#6369=ORIENTED_EDGE('',*,*,#4307,.T.);
#6370=ORIENTED_EDGE('',*,*,#4313,.T.);
#6371=ORIENTED_EDGE('',*,*,#4315,.F.);
#6372=ORIENTED_EDGE('',*,*,#3956,.F.);
#6373=ORIENTED_EDGE('',*,*,#4457,.T.);
#6374=ORIENTED_EDGE('',*,*,#3788,.F.);
#6375=ORIENTED_EDGE('',*,*,#4457,.F.);
#6376=ORIENTED_EDGE('',*,*,#3955,.F.);
#6377=ORIENTED_EDGE('',*,*,#4448,.F.);
#6378=ORIENTED_EDGE('',*,*,#3789,.F.);
#6379=ORIENTED_EDGE('',*,*,#4105,.F.);
#6380=ORIENTED_EDGE('',*,*,#4158,.T.);
#6381=ORIENTED_EDGE('',*,*,#4003,.F.);
#6382=ORIENTED_EDGE('',*,*,#4458,.F.);
#6383=ORIENTED_EDGE('',*,*,#4376,.T.);
#6384=ORIENTED_EDGE('',*,*,#3751,.F.);
#6385=ORIENTED_EDGE('',*,*,#4157,.F.);
#6386=ORIENTED_EDGE('',*,*,#4139,.T.);
#6387=ORIENTED_EDGE('',*,*,#4459,.T.);
#6388=ORIENTED_EDGE('',*,*,#4119,.T.);
#6389=ORIENTED_EDGE('',*,*,#4391,.T.);
#6390=ORIENTED_EDGE('',*,*,#4458,.T.);
#6391=ORIENTED_EDGE('',*,*,#4002,.F.);
#6392=ORIENTED_EDGE('',*,*,#4460,.F.);
#6393=ORIENTED_EDGE('',*,*,#4386,.T.);
#6394=ORIENTED_EDGE('',*,*,#4460,.T.);
#6395=ORIENTED_EDGE('',*,*,#4001,.F.);
#6396=ORIENTED_EDGE('',*,*,#4461,.F.);
#6397=ORIENTED_EDGE('',*,*,#4387,.T.);
#6398=ORIENTED_EDGE('',*,*,#4461,.T.);
#6399=ORIENTED_EDGE('',*,*,#4000,.F.);
#6400=ORIENTED_EDGE('',*,*,#4462,.F.);
#6401=ORIENTED_EDGE('',*,*,#4179,.T.);
#6402=ORIENTED_EDGE('',*,*,#4193,.F.);
#6403=ORIENTED_EDGE('',*,*,#3773,.F.);
#6404=ORIENTED_EDGE('',*,*,#4385,.F.);
#6405=ORIENTED_EDGE('',*,*,#4462,.T.);
#6406=ORIENTED_EDGE('',*,*,#3999,.F.);
#6407=ORIENTED_EDGE('',*,*,#4192,.F.);
#6408=ORIENTED_EDGE('',*,*,#4181,.T.);
#6409=ORIENTED_EDGE('',*,*,#4182,.T.);
#6410=ORIENTED_EDGE('',*,*,#4463,.T.);
#6411=ORIENTED_EDGE('',*,*,#3998,.F.);
#6412=ORIENTED_EDGE('',*,*,#4464,.T.);
#6413=ORIENTED_EDGE('',*,*,#3797,.F.);
#6414=ORIENTED_EDGE('',*,*,#4464,.F.);
#6415=ORIENTED_EDGE('',*,*,#3997,.F.);
#6416=ORIENTED_EDGE('',*,*,#4465,.F.);
#6417=ORIENTED_EDGE('',*,*,#3808,.F.);
#6418=ORIENTED_EDGE('',*,*,#3724,.T.);
#6419=ORIENTED_EDGE('',*,*,#3798,.F.);
#6420=ORIENTED_EDGE('',*,*,#3809,.F.);
#6421=ORIENTED_EDGE('',*,*,#4465,.T.);
#6422=ORIENTED_EDGE('',*,*,#3996,.F.);
#6423=ORIENTED_EDGE('',*,*,#4466,.F.);
#6424=ORIENTED_EDGE('',*,*,#3810,.F.);
#6425=ORIENTED_EDGE('',*,*,#4466,.T.);
#6426=ORIENTED_EDGE('',*,*,#3995,.F.);
#6427=ORIENTED_EDGE('',*,*,#4467,.F.);
#6428=ORIENTED_EDGE('',*,*,#3811,.F.);
#6429=ORIENTED_EDGE('',*,*,#4467,.T.);
#6430=ORIENTED_EDGE('',*,*,#3994,.F.);
#6431=ORIENTED_EDGE('',*,*,#4118,.F.);
#6432=ORIENTED_EDGE('',*,*,#4120,.T.);
#6433=ORIENTED_EDGE('',*,*,#4459,.F.);
#6434=ORIENTED_EDGE('',*,*,#4138,.F.);
#6435=ORIENTED_EDGE('',*,*,#4144,.F.);
#6436=ORIENTED_EDGE('',*,*,#4135,.T.);
#6437=ORIENTED_EDGE('',*,*,#4468,.F.);
#6438=ORIENTED_EDGE('',*,*,#3814,.F.);
#6439=ORIENTED_EDGE('',*,*,#4145,.T.);
#6440=ORIENTED_EDGE('',*,*,#4469,.F.);
#6441=ORIENTED_EDGE('',*,*,#3815,.F.);
#6442=ORIENTED_EDGE('',*,*,#4468,.T.);
#6443=ORIENTED_EDGE('',*,*,#4142,.F.);
#6444=ORIENTED_EDGE('',*,*,#4152,.F.);
#6445=ORIENTED_EDGE('',*,*,#4133,.T.);
#6446=ORIENTED_EDGE('',*,*,#4114,.T.);
#6447=ORIENTED_EDGE('',*,*,#3990,.F.);
#6448=ORIENTED_EDGE('',*,*,#3816,.F.);
#6449=ORIENTED_EDGE('',*,*,#4469,.T.);
#6450=ORIENTED_EDGE('',*,*,#3989,.F.);
#6451=ORIENTED_EDGE('',*,*,#4470,.T.);
#6452=ORIENTED_EDGE('',*,*,#3729,.F.);
#6453=ORIENTED_EDGE('',*,*,#3453,.F.);
#6454=ORIENTED_EDGE('',*,*,#4470,.F.);
#6455=ORIENTED_EDGE('',*,*,#3988,.F.);
#6456=ORIENTED_EDGE('',*,*,#4471,.F.);
#6457=ORIENTED_EDGE('',*,*,#3591,.F.);
#6458=ORIENTED_EDGE('',*,*,#3799,.T.);
#6459=ORIENTED_EDGE('',*,*,#3730,.F.);
#6460=ORIENTED_EDGE('',*,*,#3592,.F.);
#6461=ORIENTED_EDGE('',*,*,#4471,.T.);
#6462=ORIENTED_EDGE('',*,*,#3987,.F.);
#6463=ORIENTED_EDGE('',*,*,#4472,.F.);
#6464=ORIENTED_EDGE('',*,*,#3593,.F.);
#6465=ORIENTED_EDGE('',*,*,#4472,.T.);
#6466=ORIENTED_EDGE('',*,*,#3986,.F.);
#6467=ORIENTED_EDGE('',*,*,#4184,.F.);
#6468=ORIENTED_EDGE('',*,*,#4178,.T.);
#6469=ORIENTED_EDGE('',*,*,#4187,.T.);
#6470=ORIENTED_EDGE('',*,*,#3983,.F.);
#6471=ORIENTED_EDGE('',*,*,#4463,.F.);
#6472=ORIENTED_EDGE('',*,*,#3796,.F.);
#6473=ORIENTED_EDGE('',*,*,#4186,.F.);
#6474=ORIENTED_EDGE('',*,*,#4298,.T.);
#6475=ORIENTED_EDGE('',*,*,#4473,.T.);
#6476=ORIENTED_EDGE('',*,*,#3757,.F.);
#6477=ORIENTED_EDGE('',*,*,#4394,.F.);
#6478=ORIENTED_EDGE('',*,*,#4411,.T.);
#6479=ORIENTED_EDGE('',*,*,#4061,.F.);
#6480=ORIENTED_EDGE('',*,*,#4320,.F.);
#6481=ORIENTED_EDGE('',*,*,#4284,.T.);
#6482=ORIENTED_EDGE('',*,*,#4293,.T.);
#6483=ORIENTED_EDGE('',*,*,#4297,.T.);
#6484=ORIENTED_EDGE('',*,*,#4319,.T.);
#6485=ORIENTED_EDGE('',*,*,#3758,.F.);
#6486=ORIENTED_EDGE('',*,*,#4473,.F.);
#6487=ORIENTED_EDGE('',*,*,#4409,.T.);
#6488=ORIENTED_EDGE('',*,*,#4317,.T.);
#6489=ORIENTED_EDGE('',*,*,#4058,.F.);
#6490=ORIENTED_EDGE('',*,*,#4474,.F.);
#6491=ORIENTED_EDGE('',*,*,#4404,.T.);
#6492=ORIENTED_EDGE('',*,*,#4474,.T.);
#6493=ORIENTED_EDGE('',*,*,#4057,.F.);
#6494=ORIENTED_EDGE('',*,*,#4475,.F.);
#6495=ORIENTED_EDGE('',*,*,#4405,.T.);
#6496=ORIENTED_EDGE('',*,*,#4475,.T.);
#6497=ORIENTED_EDGE('',*,*,#4056,.F.);
#6498=ORIENTED_EDGE('',*,*,#4476,.F.);
#6499=ORIENTED_EDGE('',*,*,#4264,.T.);
#6500=ORIENTED_EDGE('',*,*,#4278,.F.);
#6501=ORIENTED_EDGE('',*,*,#3765,.F.);
#6502=ORIENTED_EDGE('',*,*,#4403,.F.);
#6503=ORIENTED_EDGE('',*,*,#4476,.T.);
#6504=ORIENTED_EDGE('',*,*,#4055,.F.);
#6505=ORIENTED_EDGE('',*,*,#4277,.F.);
#6506=ORIENTED_EDGE('',*,*,#4266,.T.);
#6507=ORIENTED_EDGE('',*,*,#4267,.T.);
#6508=ORIENTED_EDGE('',*,*,#3577,.F.);
#6509=ORIENTED_EDGE('',*,*,#4477,.T.);
#6510=ORIENTED_EDGE('',*,*,#4054,.F.);
#6511=ORIENTED_EDGE('',*,*,#4478,.F.);
#6512=ORIENTED_EDGE('',*,*,#3578,.F.);
#6513=ORIENTED_EDGE('',*,*,#4478,.T.);
#6514=ORIENTED_EDGE('',*,*,#4053,.F.);
#6515=ORIENTED_EDGE('',*,*,#4479,.F.);
#6516=ORIENTED_EDGE('',*,*,#3579,.F.);
#6517=ORIENTED_EDGE('',*,*,#4479,.T.);
#6518=ORIENTED_EDGE('',*,*,#4052,.F.);
#6519=ORIENTED_EDGE('',*,*,#4269,.F.);
#6520=ORIENTED_EDGE('',*,*,#4263,.T.);
#6521=ORIENTED_EDGE('',*,*,#4272,.T.);
#6522=ORIENTED_EDGE('',*,*,#4049,.F.);
#6523=ORIENTED_EDGE('',*,*,#4480,.T.);
#6524=ORIENTED_EDGE('',*,*,#3741,.F.);
#6525=ORIENTED_EDGE('',*,*,#4271,.F.);
#6526=ORIENTED_EDGE('',*,*,#4480,.F.);
#6527=ORIENTED_EDGE('',*,*,#4048,.F.);
#6528=ORIENTED_EDGE('',*,*,#4481,.T.);
#6529=ORIENTED_EDGE('',*,*,#3742,.F.);
#6530=ORIENTED_EDGE('',*,*,#4481,.F.);
#6531=ORIENTED_EDGE('',*,*,#4047,.F.);
#6532=ORIENTED_EDGE('',*,*,#4482,.T.);
#6533=ORIENTED_EDGE('',*,*,#3743,.F.);
#6534=ORIENTED_EDGE('',*,*,#4482,.F.);
#6535=ORIENTED_EDGE('',*,*,#4046,.F.);
#6536=ORIENTED_EDGE('',*,*,#4483,.T.);
#6537=ORIENTED_EDGE('',*,*,#3744,.F.);
#6538=ORIENTED_EDGE('',*,*,#4483,.F.);
#6539=ORIENTED_EDGE('',*,*,#4045,.F.);
#6540=ORIENTED_EDGE('',*,*,#4322,.T.);
#6541=ORIENTED_EDGE('',*,*,#3745,.F.);
#6542=ORIENTED_EDGE('',*,*,#4300,.T.);
#6543=ORIENTED_EDGE('',*,*,#4078,.F.);
#6544=ORIENTED_EDGE('',*,*,#3747,.F.);
#6545=ORIENTED_EDGE('',*,*,#4321,.F.);
#6546=ORIENTED_EDGE('',*,*,#4484,.F.);
#6547=ORIENTED_EDGE('',*,*,#3575,.F.);
#6548=ORIENTED_EDGE('',*,*,#4325,.T.);
#6549=ORIENTED_EDGE('',*,*,#4294,.T.);
#6550=ORIENTED_EDGE('',*,*,#4324,.T.);
#6551=ORIENTED_EDGE('',*,*,#4040,.F.);
#6552=ORIENTED_EDGE('',*,*,#3576,.F.);
#6553=ORIENTED_EDGE('',*,*,#4484,.T.);
#6554=ORIENTED_EDGE('',*,*,#4039,.F.);
#6555=ORIENTED_EDGE('',*,*,#4477,.F.);
#6556=ORIENTED_EDGE('',*,*,#3807,.F.);
#6557=ORIENTED_EDGE('',*,*,#4485,.T.);
#6558=ORIENTED_EDGE('',*,*,#3785,.T.);
#6559=ORIENTED_EDGE('',*,*,#4485,.F.);
#6560=ORIENTED_EDGE('',*,*,#3607,.F.);
#6561=ORIENTED_EDGE('',*,*,#4486,.T.);
#6562=ORIENTED_EDGE('',*,*,#3784,.T.);
#6563=ORIENTED_EDGE('',*,*,#4486,.F.);
#6564=ORIENTED_EDGE('',*,*,#3831,.F.);
#6565=ORIENTED_EDGE('',*,*,#4487,.T.);
#6566=ORIENTED_EDGE('',*,*,#3783,.T.);
#6567=ORIENTED_EDGE('',*,*,#4487,.F.);
#6568=ORIENTED_EDGE('',*,*,#3836,.F.);
#6569=ORIENTED_EDGE('',*,*,#4488,.T.);
#6570=ORIENTED_EDGE('',*,*,#3782,.T.);
#6571=ORIENTED_EDGE('',*,*,#4488,.F.);
#6572=ORIENTED_EDGE('',*,*,#3819,.F.);
#6573=ORIENTED_EDGE('',*,*,#4489,.T.);
#6574=ORIENTED_EDGE('',*,*,#3781,.T.);
#6575=ORIENTED_EDGE('',*,*,#4489,.F.);
#6576=PLANE('',#7181);
#6577=PLANE('',#7182);
#6578=PLANE('',#7183);
#6579=PLANE('',#7184);
#6580=PLANE('',#7185);
#6581=PLANE('',#7186);
#6582=PLANE('',#7187);
#6583=PLANE('',#7188);
#6584=PLANE('',#7189);
#6585=PLANE('',#7190);
#6586=PLANE('',#7205);
#6587=PLANE('',#7206);
#6588=PLANE('',#7207);
#6589=PLANE('',#7208);
#6590=PLANE('',#7209);
#6591=PLANE('',#7210);
#6592=PLANE('',#7211);
#6593=PLANE('',#7212);
#6594=PLANE('',#7213);
#6595=PLANE('',#7214);
#6596=PLANE('',#7218);
#6597=PLANE('',#7219);
#6598=PLANE('',#7220);
#6599=PLANE('',#7221);
#6600=PLANE('',#7222);
#6601=PLANE('',#7223);
#6602=PLANE('',#7224);
#6603=PLANE('',#7225);
#6604=PLANE('',#7226);
#6605=PLANE('',#7227);
#6606=PLANE('',#7228);
#6607=PLANE('',#7229);
#6608=PLANE('',#7244);
#6609=PLANE('',#7245);
#6610=PLANE('',#7246);
#6611=PLANE('',#7250);
#6612=PLANE('',#7251);
#6613=PLANE('',#7252);
#6614=PLANE('',#7253);
#6615=PLANE('',#7254);
#6616=PLANE('',#7255);
#6617=PLANE('',#7256);
#6618=PLANE('',#7257);
#6619=PLANE('',#7258);
#6620=PLANE('',#7259);
#6621=PLANE('',#7260);
#6622=PLANE('',#7261);
#6623=PLANE('',#7262);
#6624=PLANE('',#7263);
#6625=PLANE('',#7264);
#6626=PLANE('',#7265);
#6627=PLANE('',#7266);
#6628=PLANE('',#7267);
#6629=PLANE('',#7268);
#6630=PLANE('',#7272);
#6631=PLANE('',#7276);
#6632=PLANE('',#7289);
#6633=PLANE('',#7296);
#6634=PLANE('',#7297);
#6635=PLANE('',#7298);
#6636=PLANE('',#7299);
#6637=PLANE('',#7303);
#6638=PLANE('',#7340);
#6639=PLANE('',#7342);
#6640=PLANE('',#7343);
#6641=PLANE('',#7348);
#6642=PLANE('',#7357);
#6643=PLANE('',#7366);
#6644=PLANE('',#7371);
#6645=PLANE('',#7372);
#6646=PLANE('',#7373);
#6647=PLANE('',#7374);
#6648=PLANE('',#7375);
#6649=PLANE('',#7378);
#6650=PLANE('',#7379);
#6651=PLANE('',#7380);
#6652=PLANE('',#7383);
#6653=PLANE('',#7384);
#6654=PLANE('',#7385);
#6655=PLANE('',#7398);
#6656=PLANE('',#7399);
#6657=PLANE('',#7400);
#6658=PLANE('',#7407);
#6659=PLANE('',#7408);
#6660=PLANE('',#7413);
#6661=PLANE('',#7414);
#6662=PLANE('',#7415);
#6663=PLANE('',#7416);
#6664=PLANE('',#7417);
#6665=PLANE('',#7418);
#6666=PLANE('',#7425);
#6667=PLANE('',#7426);
#6668=PLANE('',#7429);
#6669=PLANE('',#7430);
#6670=PLANE('',#7433);
#6671=PLANE('',#7434);
#6672=PLANE('',#7447);
#6673=PLANE('',#7460);
#6674=PLANE('',#7473);
#6675=PLANE('',#7490);
#6676=PLANE('',#7491);
#6677=PLANE('',#7492);
#6678=PLANE('',#7494);
#6679=PLANE('',#7498);
#6680=PLANE('',#7504);
#6681=PLANE('',#7507);
#6682=PLANE('',#7513);
#6683=PLANE('',#7520);
#6684=PLANE('',#7526);
#6685=PLANE('',#7528);
#6686=PLANE('',#7530);
#6687=PLANE('',#7532);
#6688=PLANE('',#7533);
#6689=PLANE('',#7535);
#6690=PLANE('',#7536);
#6691=PLANE('',#7537);
#6692=PLANE('',#7538);
#6693=PLANE('',#7543);
#6694=PLANE('',#7548);
#6695=PLANE('',#7550);
#6696=PLANE('',#7551);
#6697=PLANE('',#7553);
#6698=PLANE('',#7554);
#6699=PLANE('',#7559);
#6700=PLANE('',#7561);
#6701=PLANE('',#7562);
#6702=PLANE('',#7563);
#6703=PLANE('',#7568);
#6704=PLANE('',#7569);
#6705=PLANE('',#7571);
#6706=PLANE('',#7576);
#6707=PLANE('',#7578);
#6708=PLANE('',#7579);
#6709=PLANE('',#7580);
#6710=PLANE('',#7585);
#6711=PLANE('',#7586);
#6712=PLANE('',#7588);
#6713=PLANE('',#7589);
#6714=PLANE('',#7590);
#6715=PLANE('',#7595);
#6716=PLANE('',#7600);
#6717=PLANE('',#7602);
#6718=PLANE('',#7603);
#6719=PLANE('',#7605);
#6720=PLANE('',#7606);
#6721=PLANE('',#7608);
#6722=PLANE('',#7609);
#6723=PLANE('',#7610);
#6724=PLANE('',#7614);
#6725=PLANE('',#7617);
#6726=PLANE('',#7618);
#6727=PLANE('',#7623);
#6728=PLANE('',#7624);
#6729=PLANE('',#7628);
#6730=PLANE('',#7632);
#6731=PLANE('',#7636);
#6732=PLANE('',#7640);
#6733=PLANE('',#7644);
#6734=PLANE('',#7648);
#6735=PLANE('',#7652);
#6736=PLANE('',#7656);
#6737=PLANE('',#7657);
#6738=PLANE('',#7664);
#6739=PLANE('',#7665);
#6740=PLANE('',#7666);
#6741=PLANE('',#7667);
#6742=PLANE('',#7668);
#6743=PLANE('',#7669);
#6744=PLANE('',#7670);
#6745=PLANE('',#7671);
#6746=PLANE('',#7678);
#6747=PLANE('',#7679);
#6748=PLANE('',#7680);
#6749=PLANE('',#7681);
#6750=PLANE('',#7682);
#6751=PLANE('',#7683);
#6752=PLANE('',#7684);
#6753=PLANE('',#7685);
#6754=PLANE('',#7692);
#6755=PLANE('',#7693);
#6756=PLANE('',#7694);
#6757=PLANE('',#7695);
#6758=PLANE('',#7696);
#6759=PLANE('',#7697);
#6760=PLANE('',#7698);
#6761=PLANE('',#7699);
#6762=PLANE('',#7706);
#6763=PLANE('',#7707);
#6764=PLANE('',#7708);
#6765=PLANE('',#7709);
#6766=PLANE('',#7710);
#6767=PLANE('',#7711);
#6768=PLANE('',#7712);
#6769=PLANE('',#7714);
#6770=PLANE('',#7715);
#6771=PLANE('',#7716);
#6772=PLANE('',#7717);
#6773=PLANE('',#7720);
#6774=PLANE('',#7722);
#6775=PLANE('',#7724);
#6776=PLANE('',#7726);
#6777=PLANE('',#7728);
#6778=PLANE('',#7731);
#6779=PLANE('',#7732);
#6780=PLANE('',#7733);
#6781=PLANE('',#7734);
#6782=PLANE('',#7735);
#6783=PLANE('',#7737);
#6784=PLANE('',#7739);
#6785=PLANE('',#7741);
#6786=PLANE('',#7743);
#6787=PLANE('',#7745);
#6788=PLANE('',#7748);
#6789=PLANE('',#7749);
#6790=PLANE('',#7750);
#6791=PLANE('',#7752);
#6792=PLANE('',#7754);
#6793=PLANE('',#7756);
#6794=PLANE('',#7758);
#6795=PLANE('',#7760);
#6796=PLANE('',#7762);
#6797=PLANE('',#7765);
#6798=PLANE('',#7766);
#6799=PLANE('',#7767);
#6800=PLANE('',#7768);
#6801=PLANE('',#7770);
#6802=PLANE('',#7772);
#6803=PLANE('',#7774);
#6804=PLANE('',#7776);
#6805=PLANE('',#7779);
#6806=ADVANCED_FACE('',(#501),#6576,.F.);
#6807=ADVANCED_FACE('',(#502),#6577,.F.);
#6808=ADVANCED_FACE('',(#503),#6578,.F.);
#6809=ADVANCED_FACE('',(#504),#6579,.T.);
#6810=ADVANCED_FACE('',(#505),#6580,.T.);
#6811=ADVANCED_FACE('',(#506),#6581,.T.);
#6812=ADVANCED_FACE('',(#507),#6582,.F.);
#6813=ADVANCED_FACE('',(#508),#6583,.T.);
#6814=ADVANCED_FACE('',(#509),#6584,.F.);
#6815=ADVANCED_FACE('',(#510,#229),#6585,.T.);
#6816=ADVANCED_FACE('',(#511),#105,.F.);
#6817=ADVANCED_FACE('',(#512),#106,.F.);
#6818=ADVANCED_FACE('',(#513,#230),#107,.T.);
#6819=ADVANCED_FACE('',(#514),#6586,.F.);
#6820=ADVANCED_FACE('',(#515),#6587,.F.);
#6821=ADVANCED_FACE('',(#516),#6588,.T.);
#6822=ADVANCED_FACE('',(#517),#6589,.F.);
#6823=ADVANCED_FACE('',(#518),#6590,.T.);
#6824=ADVANCED_FACE('',(#519),#6591,.F.);
#6825=ADVANCED_FACE('',(#520),#6592,.T.);
#6826=ADVANCED_FACE('',(#521),#6593,.F.);
#6827=ADVANCED_FACE('',(#522),#6594,.F.);
#6828=ADVANCED_FACE('',(#523),#6595,.F.);
#6829=ADVANCED_FACE('',(#524),#108,.F.);
#6830=ADVANCED_FACE('',(#525),#6596,.T.);
#6831=ADVANCED_FACE('',(#526),#6597,.T.);
#6832=ADVANCED_FACE('',(#527),#6598,.T.);
#6833=ADVANCED_FACE('',(#528),#6599,.T.);
#6834=ADVANCED_FACE('',(#529),#6600,.T.);
#6835=ADVANCED_FACE('',(#530),#6601,.T.);
#6836=ADVANCED_FACE('',(#531),#6602,.T.);
#6837=ADVANCED_FACE('',(#532),#6603,.T.);
#6838=ADVANCED_FACE('',(#533),#6604,.T.);
#6839=ADVANCED_FACE('',(#534),#6605,.F.);
#6840=ADVANCED_FACE('',(#535),#6606,.F.);
#6841=ADVANCED_FACE('',(#536,#231,#232,#233,#234,#235),#6607,.T.);
#6842=ADVANCED_FACE('',(#537,#236),#6608,.F.);
#6843=ADVANCED_FACE('',(#538),#6609,.T.);
#6844=ADVANCED_FACE('',(#539),#6610,.T.);
#6845=ADVANCED_FACE('',(#540),#109,.T.);
#6846=ADVANCED_FACE('',(#541),#6611,.T.);
#6847=ADVANCED_FACE('',(#542),#6612,.T.);
#6848=ADVANCED_FACE('',(#543),#6613,.F.);
#6849=ADVANCED_FACE('',(#544),#6614,.F.);
#6850=ADVANCED_FACE('',(#545),#6615,.F.);
#6851=ADVANCED_FACE('',(#546),#6616,.F.);
#6852=ADVANCED_FACE('',(#547),#6617,.F.);
#6853=ADVANCED_FACE('',(#548),#6618,.F.);
#6854=ADVANCED_FACE('',(#549),#6619,.F.);
#6855=ADVANCED_FACE('',(#550),#6620,.F.);
#6856=ADVANCED_FACE('',(#551),#6621,.F.);
#6857=ADVANCED_FACE('',(#552),#6622,.F.);
#6858=ADVANCED_FACE('',(#553),#6623,.F.);
#6859=ADVANCED_FACE('',(#554),#6624,.F.);
#6860=ADVANCED_FACE('',(#555),#6625,.F.);
#6861=ADVANCED_FACE('',(#556),#6626,.F.);
#6862=ADVANCED_FACE('',(#557),#6627,.F.);
#6863=ADVANCED_FACE('',(#558),#6628,.F.);
#6864=ADVANCED_FACE('',(#559),#6629,.T.);
#6865=ADVANCED_FACE('',(#560),#49,.T.);
#6866=ADVANCED_FACE('',(#561),#6630,.T.);
#6867=ADVANCED_FACE('',(#562),#50,.T.);
#6868=ADVANCED_FACE('',(#563),#6631,.T.);
#6869=ADVANCED_FACE('',(#564),#51,.T.);
#6870=ADVANCED_FACE('',(#565),#52,.T.);
#6871=ADVANCED_FACE('',(#566),#53,.T.);
#6872=ADVANCED_FACE('',(#567),#110,.T.);
#6873=ADVANCED_FACE('',(#568),#111,.T.);
#6874=ADVANCED_FACE('',(#569),#6632,.T.);
#6875=ADVANCED_FACE('',(#570),#112,.T.);
#6876=ADVANCED_FACE('',(#571),#113,.T.);
#6877=ADVANCED_FACE('',(#572),#6633,.F.);
#6878=ADVANCED_FACE('',(#573),#6634,.F.);
#6879=ADVANCED_FACE('',(#574),#6635,.F.);
#6880=ADVANCED_FACE('',(#575),#6636,.F.);
#6881=ADVANCED_FACE('',(#576),#114,.T.);
#6882=ADVANCED_FACE('',(#577,#237,#238,#239,#240,#241,#242,#243,#244,#245,
#246,#247,#248,#249,#250,#251,#252,#253,#254,#255,#256,#257,#258),#6637,
 .F.);
#6883=ADVANCED_FACE('',(#578),#6638,.F.);
#6884=ADVANCED_FACE('',(#579),#115,.T.);
#6885=ADVANCED_FACE('',(#580),#6639,.F.);
#6886=ADVANCED_FACE('',(#581,#259),#6640,.T.);
#6887=ADVANCED_FACE('',(#582,#260),#6641,.T.);
#6888=ADVANCED_FACE('',(#583,#261),#6642,.T.);
#6889=ADVANCED_FACE('',(#584,#262),#6643,.T.);
#6890=ADVANCED_FACE('',(#585),#6644,.T.);
#6891=ADVANCED_FACE('',(#586),#6645,.F.);
#6892=ADVANCED_FACE('',(#587),#6646,.F.);
#6893=ADVANCED_FACE('',(#588),#6647,.T.);
#6894=ADVANCED_FACE('',(#589),#6648,.T.);
#6895=ADVANCED_FACE('',(#590),#6649,.F.);
#6896=ADVANCED_FACE('',(#591),#6650,.F.);
#6897=ADVANCED_FACE('',(#592),#6651,.T.);
#6898=ADVANCED_FACE('',(#593),#6652,.T.);
#6899=ADVANCED_FACE('',(#594),#6653,.T.);
#6900=ADVANCED_FACE('',(#595,#263),#6654,.T.);
#6901=ADVANCED_FACE('',(#596),#6655,.F.);
#6902=ADVANCED_FACE('',(#597),#6656,.F.);
#6903=ADVANCED_FACE('',(#598),#6657,.F.);
#6904=ADVANCED_FACE('',(#599),#15,.T.);
#6905=ADVANCED_FACE('',(#600),#116,.T.);
#6906=ADVANCED_FACE('',(#601),#117,.T.);
#6907=ADVANCED_FACE('',(#602),#6658,.F.);
#6908=ADVANCED_FACE('',(#603),#6659,.F.);
#6909=ADVANCED_FACE('',(#604),#118,.T.);
#6910=ADVANCED_FACE('',(#605),#119,.T.);
#6911=ADVANCED_FACE('',(#606),#6660,.T.);
#6912=ADVANCED_FACE('',(#607),#6661,.T.);
#6913=ADVANCED_FACE('',(#608),#6662,.T.);
#6914=ADVANCED_FACE('',(#609),#6663,.T.);
#6915=ADVANCED_FACE('',(#610),#6664,.F.);
#6916=ADVANCED_FACE('',(#611),#16,.T.);
#6917=ADVANCED_FACE('',(#612),#6665,.F.);
#6918=ADVANCED_FACE('',(#613),#120,.T.);
#6919=ADVANCED_FACE('',(#614),#121,.T.);
#6920=ADVANCED_FACE('',(#615),#6666,.T.);
#6921=ADVANCED_FACE('',(#616),#6667,.F.);
#6922=ADVANCED_FACE('',(#617),#6668,.F.);
#6923=ADVANCED_FACE('',(#618),#6669,.T.);
#6924=ADVANCED_FACE('',(#619),#122,.T.);
#6925=ADVANCED_FACE('',(#620),#123,.T.);
#6926=ADVANCED_FACE('',(#621),#6670,.F.);
#6927=ADVANCED_FACE('',(#622,#264),#6671,.T.);
#6928=ADVANCED_FACE('',(#623,#265),#6672,.T.);
#6929=ADVANCED_FACE('',(#624,#266),#6673,.T.);
#6930=ADVANCED_FACE('',(#625,#267),#6674,.T.);
#6931=ADVANCED_FACE('',(#626),#124,.F.);
#6932=ADVANCED_FACE('',(#627),#125,.F.);
#6933=ADVANCED_FACE('',(#628),#126,.F.);
#6934=ADVANCED_FACE('',(#629),#127,.F.);
#6935=ADVANCED_FACE('',(#630),#6675,.F.);
#6936=ADVANCED_FACE('',(#631),#6676,.T.);
#6937=ADVANCED_FACE('',(#632),#6677,.T.);
#6938=ADVANCED_FACE('',(#633),#128,.F.);
#6939=ADVANCED_FACE('',(#634,#268,#269),#6678,.T.);
#6940=ADVANCED_FACE('',(#635),#129,.F.);
#6941=ADVANCED_FACE('',(#636),#130,.F.);
#6942=ADVANCED_FACE('',(#637),#131,.F.);
#6943=ADVANCED_FACE('',(#638),#6679,.T.);
#6944=ADVANCED_FACE('',(#639),#132,.T.);
#6945=ADVANCED_FACE('',(#640),#6680,.T.);
#6946=ADVANCED_FACE('',(#641),#133,.T.);
#6947=ADVANCED_FACE('',(#642),#134,.F.);
#6948=ADVANCED_FACE('',(#643),#6681,.T.);
#6949=ADVANCED_FACE('',(#644),#135,.T.);
#6950=ADVANCED_FACE('',(#645),#6682,.T.);
#6951=ADVANCED_FACE('',(#646),#136,.T.);
#6952=ADVANCED_FACE('',(#647),#137,.F.);
#6953=ADVANCED_FACE('',(#648),#138,.F.);
#6954=ADVANCED_FACE('',(#649),#139,.F.);
#6955=ADVANCED_FACE('',(#650),#140,.T.);
#6956=ADVANCED_FACE('',(#651),#141,.T.);
#6957=ADVANCED_FACE('',(#652,#270),#6683,.T.);
#6958=ADVANCED_FACE('',(#653),#142,.F.);
#6959=ADVANCED_FACE('',(#654),#143,.F.);
#6960=ADVANCED_FACE('',(#655),#144,.F.);
#6961=ADVANCED_FACE('',(#656),#145,.F.);
#6962=ADVANCED_FACE('',(#657),#146,.T.);
#6963=ADVANCED_FACE('',(#658),#6684,.T.);
#6964=ADVANCED_FACE('',(#659),#147,.T.);
#6965=ADVANCED_FACE('',(#660),#6685,.T.);
#6966=ADVANCED_FACE('',(#661),#148,.T.);
#6967=ADVANCED_FACE('',(#662),#6686,.T.);
#6968=ADVANCED_FACE('',(#663),#149,.F.);
#6969=ADVANCED_FACE('',(#664),#6687,.T.);
#6970=ADVANCED_FACE('',(#665),#6688,.T.);
#6971=ADVANCED_FACE('',(#666),#150,.F.);
#6972=ADVANCED_FACE('',(#667),#6689,.T.);
#6973=ADVANCED_FACE('',(#668),#6690,.T.);
#6974=ADVANCED_FACE('',(#669),#6691,.F.);
#6975=ADVANCED_FACE('',(#670),#6692,.T.);
#6976=ADVANCED_FACE('',(#671),#151,.F.);
#6977=ADVANCED_FACE('',(#672),#6693,.F.);
#6978=ADVANCED_FACE('',(#673),#152,.F.);
#6979=ADVANCED_FACE('',(#674),#6694,.T.);
#6980=ADVANCED_FACE('',(#675),#153,.T.);
#6981=ADVANCED_FACE('',(#676),#6695,.T.);
#6982=ADVANCED_FACE('',(#677),#6696,.T.);
#6983=ADVANCED_FACE('',(#678),#154,.F.);
#6984=ADVANCED_FACE('',(#679),#6697,.T.);
#6985=ADVANCED_FACE('',(#680),#6698,.T.);
#6986=ADVANCED_FACE('',(#681),#155,.F.);
#6987=ADVANCED_FACE('',(#682),#6699,.F.);
#6988=ADVANCED_FACE('',(#683),#6700,.F.);
#6989=ADVANCED_FACE('',(#684),#6701,.T.);
#6990=ADVANCED_FACE('',(#685),#6702,.T.);
#6991=ADVANCED_FACE('',(#686),#156,.F.);
#6992=ADVANCED_FACE('',(#687),#157,.T.);
#6993=ADVANCED_FACE('',(#688),#6703,.T.);
#6994=ADVANCED_FACE('',(#689),#6704,.T.);
#6995=ADVANCED_FACE('',(#690),#158,.F.);
#6996=ADVANCED_FACE('',(#691),#6705,.T.);
#6997=ADVANCED_FACE('',(#692),#159,.F.);
#6998=ADVANCED_FACE('',(#693),#6706,.F.);
#6999=ADVANCED_FACE('',(#694),#6707,.F.);
#7000=ADVANCED_FACE('',(#695),#6708,.T.);
#7001=ADVANCED_FACE('',(#696),#6709,.T.);
#7002=ADVANCED_FACE('',(#697),#160,.F.);
#7003=ADVANCED_FACE('',(#698),#161,.T.);
#7004=ADVANCED_FACE('',(#699),#6710,.T.);
#7005=ADVANCED_FACE('',(#700),#6711,.T.);
#7006=ADVANCED_FACE('',(#701),#162,.F.);
#7007=ADVANCED_FACE('',(#702),#6712,.T.);
#7008=ADVANCED_FACE('',(#703),#6713,.F.);
#7009=ADVANCED_FACE('',(#704),#6714,.T.);
#7010=ADVANCED_FACE('',(#705),#163,.F.);
#7011=ADVANCED_FACE('',(#706),#6715,.F.);
#7012=ADVANCED_FACE('',(#707),#164,.F.);
#7013=ADVANCED_FACE('',(#708),#6716,.T.);
#7014=ADVANCED_FACE('',(#709),#165,.T.);
#7015=ADVANCED_FACE('',(#710),#6717,.T.);
#7016=ADVANCED_FACE('',(#711),#6718,.T.);
#7017=ADVANCED_FACE('',(#712),#166,.F.);
#7018=ADVANCED_FACE('',(#713),#6719,.T.);
#7019=ADVANCED_FACE('',(#714),#6720,.T.);
#7020=ADVANCED_FACE('',(#715),#167,.F.);
#7021=ADVANCED_FACE('',(#716),#6721,.F.);
#7022=ADVANCED_FACE('',(#717),#6722,.F.);
#7023=ADVANCED_FACE('',(#718),#6723,.F.);
#7024=ADVANCED_FACE('',(#719),#168,.F.);
#7025=ADVANCED_FACE('',(#720),#169,.F.);
#7026=ADVANCED_FACE('',(#721),#170,.F.);
#7027=ADVANCED_FACE('',(#722),#6724,.F.);
#7028=ADVANCED_FACE('',(#723),#171,.T.);
#7029=ADVANCED_FACE('',(#724),#172,.F.);
#7030=ADVANCED_FACE('',(#725),#6725,.T.);
#7031=ADVANCED_FACE('',(#726),#6726,.T.);
#7032=ADVANCED_FACE('',(#727),#173,.T.);
#7033=ADVANCED_FACE('',(#728),#174,.T.);
#7034=ADVANCED_FACE('',(#729),#175,.T.);
#7035=ADVANCED_FACE('',(#730),#176,.F.);
#7036=ADVANCED_FACE('',(#731),#6727,.T.);
#7037=ADVANCED_FACE('',(#732),#6728,.T.);
#7038=ADVANCED_FACE('',(#733),#177,.T.);
#7039=ADVANCED_FACE('',(#734),#6729,.T.);
#7040=ADVANCED_FACE('',(#735),#178,.T.);
#7041=ADVANCED_FACE('',(#736),#6730,.T.);
#7042=ADVANCED_FACE('',(#737),#179,.T.);
#7043=ADVANCED_FACE('',(#738),#6731,.T.);
#7044=ADVANCED_FACE('',(#739),#180,.T.);
#7045=ADVANCED_FACE('',(#740),#6732,.T.);
#7046=ADVANCED_FACE('',(#741),#181,.T.);
#7047=ADVANCED_FACE('',(#742),#6733,.T.);
#7048=ADVANCED_FACE('',(#743),#182,.T.);
#7049=ADVANCED_FACE('',(#744),#6734,.T.);
#7050=ADVANCED_FACE('',(#745),#183,.T.);
#7051=ADVANCED_FACE('',(#746),#6735,.T.);
#7052=ADVANCED_FACE('',(#747),#184,.T.);
#7053=ADVANCED_FACE('',(#748),#6736,.T.);
#7054=ADVANCED_FACE('',(#749),#6737,.T.);
#7055=ADVANCED_FACE('',(#750),#185,.F.);
#7056=ADVANCED_FACE('',(#751),#186,.F.);
#7057=ADVANCED_FACE('',(#752),#6738,.T.);
#7058=ADVANCED_FACE('',(#753,#271,#272,#273,#274),#6739,.T.);
#7059=ADVANCED_FACE('',(#754),#6740,.T.);
#7060=ADVANCED_FACE('',(#755),#6741,.T.);
#7061=ADVANCED_FACE('',(#756),#6742,.T.);
#7062=ADVANCED_FACE('',(#757),#6743,.T.);
#7063=ADVANCED_FACE('',(#758),#6744,.T.);
#7064=ADVANCED_FACE('',(#759),#6745,.T.);
#7065=ADVANCED_FACE('',(#760),#187,.F.);
#7066=ADVANCED_FACE('',(#761),#188,.F.);
#7067=ADVANCED_FACE('',(#762),#6746,.T.);
#7068=ADVANCED_FACE('',(#763,#275,#276,#277,#278),#6747,.T.);
#7069=ADVANCED_FACE('',(#764),#6748,.T.);
#7070=ADVANCED_FACE('',(#765),#6749,.T.);
#7071=ADVANCED_FACE('',(#766),#6750,.T.);
#7072=ADVANCED_FACE('',(#767),#6751,.T.);
#7073=ADVANCED_FACE('',(#768),#6752,.T.);
#7074=ADVANCED_FACE('',(#769),#6753,.T.);
#7075=ADVANCED_FACE('',(#770),#189,.F.);
#7076=ADVANCED_FACE('',(#771),#190,.F.);
#7077=ADVANCED_FACE('',(#772),#6754,.T.);
#7078=ADVANCED_FACE('',(#773,#279,#280,#281,#282),#6755,.T.);
#7079=ADVANCED_FACE('',(#774),#6756,.T.);
#7080=ADVANCED_FACE('',(#775),#6757,.T.);
#7081=ADVANCED_FACE('',(#776),#6758,.T.);
#7082=ADVANCED_FACE('',(#777),#6759,.T.);
#7083=ADVANCED_FACE('',(#778),#6760,.T.);
#7084=ADVANCED_FACE('',(#779),#6761,.T.);
#7085=ADVANCED_FACE('',(#780),#191,.F.);
#7086=ADVANCED_FACE('',(#781),#192,.F.);
#7087=ADVANCED_FACE('',(#782),#6762,.T.);
#7088=ADVANCED_FACE('',(#783,#283,#284,#285,#286),#6763,.T.);
#7089=ADVANCED_FACE('',(#784),#6764,.T.);
#7090=ADVANCED_FACE('',(#785),#6765,.T.);
#7091=ADVANCED_FACE('',(#786),#6766,.T.);
#7092=ADVANCED_FACE('',(#787),#6767,.T.);
#7093=ADVANCED_FACE('',(#788),#6768,.T.);
#7094=ADVANCED_FACE('',(#789),#193,.F.);
#7095=ADVANCED_FACE('',(#790),#6769,.T.);
#7096=ADVANCED_FACE('',(#791),#6770,.T.);
#7097=ADVANCED_FACE('',(#792),#6771,.T.);
#7098=ADVANCED_FACE('',(#793),#6772,.T.);
#7099=ADVANCED_FACE('',(#794),#194,.F.);
#7100=ADVANCED_FACE('',(#795),#195,.T.);
#7101=ADVANCED_FACE('',(#796),#6773,.T.);
#7102=ADVANCED_FACE('',(#797),#196,.T.);
#7103=ADVANCED_FACE('',(#798),#6774,.T.);
#7104=ADVANCED_FACE('',(#799),#197,.T.);
#7105=ADVANCED_FACE('',(#800),#6775,.T.);
#7106=ADVANCED_FACE('',(#801),#198,.T.);
#7107=ADVANCED_FACE('',(#802),#6776,.T.);
#7108=ADVANCED_FACE('',(#803),#199,.T.);
#7109=ADVANCED_FACE('',(#804),#6777,.T.);
#7110=ADVANCED_FACE('',(#805),#200,.F.);
#7111=ADVANCED_FACE('',(#806),#201,.F.);
#7112=ADVANCED_FACE('',(#807),#6778,.T.);
#7113=ADVANCED_FACE('',(#808),#6779,.T.);
#7114=ADVANCED_FACE('',(#809),#6780,.T.);
#7115=ADVANCED_FACE('',(#810),#6781,.T.);
#7116=ADVANCED_FACE('',(#811),#6782,.T.);
#7117=ADVANCED_FACE('',(#812),#202,.T.);
#7118=ADVANCED_FACE('',(#813),#6783,.T.);
#7119=ADVANCED_FACE('',(#814),#203,.T.);
#7120=ADVANCED_FACE('',(#815),#6784,.T.);
#7121=ADVANCED_FACE('',(#816),#204,.T.);
#7122=ADVANCED_FACE('',(#817),#6785,.T.);
#7123=ADVANCED_FACE('',(#818),#205,.T.);
#7124=ADVANCED_FACE('',(#819),#6786,.T.);
#7125=ADVANCED_FACE('',(#820),#206,.T.);
#7126=ADVANCED_FACE('',(#821),#6787,.T.);
#7127=ADVANCED_FACE('',(#822),#207,.T.);
#7128=ADVANCED_FACE('',(#823),#208,.F.);
#7129=ADVANCED_FACE('',(#824),#6788,.T.);
#7130=ADVANCED_FACE('',(#825),#6789,.T.);
#7131=ADVANCED_FACE('',(#826),#6790,.T.);
#7132=ADVANCED_FACE('',(#827),#209,.F.);
#7133=ADVANCED_FACE('',(#828),#6791,.T.);
#7134=ADVANCED_FACE('',(#829),#210,.T.);
#7135=ADVANCED_FACE('',(#830),#6792,.T.);
#7136=ADVANCED_FACE('',(#831),#211,.T.);
#7137=ADVANCED_FACE('',(#832),#6793,.T.);
#7138=ADVANCED_FACE('',(#833),#212,.T.);
#7139=ADVANCED_FACE('',(#834),#6794,.T.);
#7140=ADVANCED_FACE('',(#835),#213,.T.);
#7141=ADVANCED_FACE('',(#836),#6795,.T.);
#7142=ADVANCED_FACE('',(#837),#214,.T.);
#7143=ADVANCED_FACE('',(#838),#6796,.T.);
#7144=ADVANCED_FACE('',(#839),#215,.T.);
#7145=ADVANCED_FACE('',(#840),#216,.F.);
#7146=ADVANCED_FACE('',(#841),#6797,.T.);
#7147=ADVANCED_FACE('',(#842),#6798,.T.);
#7148=ADVANCED_FACE('',(#843),#6799,.T.);
#7149=ADVANCED_FACE('',(#844),#6800,.T.);
#7150=ADVANCED_FACE('',(#845),#217,.F.);
#7151=ADVANCED_FACE('',(#846),#6801,.T.);
#7152=ADVANCED_FACE('',(#847),#218,.T.);
#7153=ADVANCED_FACE('',(#848),#6802,.T.);
#7154=ADVANCED_FACE('',(#849),#219,.T.);
#7155=ADVANCED_FACE('',(#850),#6803,.T.);
#7156=ADVANCED_FACE('',(#851),#220,.T.);
#7157=ADVANCED_FACE('',(#852),#6804,.T.);
#7158=ADVANCED_FACE('',(#853),#221,.T.);
#7159=ADVANCED_FACE('',(#854),#222,.T.);
#7160=ADVANCED_FACE('',(#855),#6805,.T.);
#7161=ADVANCED_FACE('',(#856),#223,.T.);
#7162=ADVANCED_FACE('',(#857),#224,.F.);
#7163=ADVANCED_FACE('',(#858),#225,.F.);
#7164=ADVANCED_FACE('',(#859),#226,.F.);
#7165=ADVANCED_FACE('',(#860),#227,.F.);
#7166=ADVANCED_FACE('',(#861),#228,.F.);
#7167=CLOSED_SHELL('',(#6806,#6807,#6808,#6809,#6810,#6811,#6812,#6813,
#6814,#6815,#6816,#6817,#6818,#6819,#6820,#6821,#6822,#6823,#6824,#6825,
#6826,#6827,#6828,#6829,#6830,#6831,#6832,#6833,#6834,#6835,#6836,#6837,
#6838,#6839,#6840,#6841,#6842,#6843,#6844,#6845,#6846,#6847,#6848,#6849,
#6850,#6851,#6852,#6853,#6854,#6855,#6856,#6857,#6858,#6859,#6860,#6861,
#6862,#6863,#6864,#6865,#6866,#6867,#6868,#6869,#6870,#6871,#6872,#6873,
#6874,#6875,#6876,#6877,#6878,#6879,#6880,#6881,#6882,#6883,#6884,#6885,
#6886,#6887,#6888,#6889,#6890,#6891,#6892,#6893,#6894,#6895,#6896,#6897,
#6898,#6899,#6900,#6901,#6902,#6903,#6904,#6905,#6906,#6907,#6908,#6909,
#6910,#6911,#6912,#6913,#6914,#6915,#6916,#6917,#6918,#6919,#6920,#6921,
#6922,#6923,#6924,#6925,#6926,#6927,#6928,#6929,#6930,#6931,#6932,#6933,
#6934,#6935,#6936,#6937,#6938,#6939,#6940,#6941,#6942,#6943,#6944,#6945,
#6946,#6947,#6948,#6949,#6950,#6951,#6952,#6953,#6954,#6955,#6956,#6957,
#6958,#6959,#6960,#6961,#6962,#6963,#6964,#6965,#6966,#6967,#6968,#6969,
#6970,#6971,#6972,#6973,#6974,#6975,#6976,#6977,#6978,#6979,#6980,#6981,
#6982,#6983,#6984,#6985,#6986,#6987,#6988,#6989,#6990,#6991,#6992,#6993,
#6994,#6995,#6996,#6997,#6998,#6999,#7000,#7001,#7002,#7003,#7004,#7005,
#7006,#7007,#7008,#7009,#7010,#7011,#7012,#7013,#7014,#7015,#7016,#7017,
#7018,#7019,#7020,#7021,#7022,#7023,#7024,#7025,#7026,#7027,#7028,#7029,
#7030,#7031,#7032,#7033,#7034,#7035,#7036,#7037,#7038,#7039,#7040,#7041,
#7042,#7043,#7044,#7045,#7046,#7047,#7048,#7049,#7050,#7051,#7052,#7053,
#7054,#7055,#7056,#7057,#7058,#7059,#7060,#7061,#7062,#7063,#7064,#7065,
#7066,#7067,#7068,#7069,#7070,#7071,#7072,#7073,#7074,#7075,#7076,#7077,
#7078,#7079,#7080,#7081,#7082,#7083,#7084,#7085,#7086,#7087,#7088,#7089,
#7090,#7091,#7092,#7093,#7094,#7095,#7096,#7097,#7098,#7099,#7100,#7101,
#7102,#7103,#7104,#7105,#7106,#7107,#7108,#7109,#7110,#7111,#7112,#7113,
#7114,#7115,#7116,#7117,#7118,#7119,#7120,#7121,#7122,#7123,#7124,#7125,
#7126,#7127,#7128,#7129,#7130,#7131,#7132,#7133,#7134,#7135,#7136,#7137,
#7138,#7139,#7140,#7141,#7142,#7143,#7144,#7145,#7146,#7147,#7148,#7149,
#7150,#7151,#7152,#7153,#7154,#7155,#7156,#7157,#7158,#7159,#7160,#7161,
#7162,#7163,#7164,#7165,#7166));
#7168=DERIVED_UNIT_ELEMENT(#7170,1.);
#7169=DERIVED_UNIT_ELEMENT(#12474,-3.);
#7170=(
MASS_UNIT()
NAMED_UNIT(*)
SI_UNIT(.KILO.,.GRAM.)
);
#7171=DERIVED_UNIT((#7168,#7169));
#7172=MEASURE_REPRESENTATION_ITEM('density measure',
POSITIVE_RATIO_MEASURE(7850.),#7171);
#7173=PROPERTY_DEFINITION_REPRESENTATION(#7178,#7175);
#7174=PROPERTY_DEFINITION_REPRESENTATION(#7179,#7176);
#7175=REPRESENTATION('material name',(#7177),#12471);
#7176=REPRESENTATION('density',(#7172),#12471);
#7177=DESCRIPTIVE_REPRESENTATION_ITEM('Steel','Steel');
#7178=PROPERTY_DEFINITION('material property','material name',#12481);
#7179=PROPERTY_DEFINITION('material property','density of part',#12481);
#7180=AXIS2_PLACEMENT_3D('',#9744,#7786,#7787);
#7181=AXIS2_PLACEMENT_3D('',#9745,#7788,#7789);
#7182=AXIS2_PLACEMENT_3D('',#9754,#7794,#7795);
#7183=AXIS2_PLACEMENT_3D('',#9763,#7800,#7801);
#7184=AXIS2_PLACEMENT_3D('',#9772,#7807,#7808);
#7185=AXIS2_PLACEMENT_3D('',#9781,#7813,#7814);
#7186=AXIS2_PLACEMENT_3D('',#9790,#7819,#7820);
#7187=AXIS2_PLACEMENT_3D('',#9803,#7827,#7828);
#7188=AXIS2_PLACEMENT_3D('',#9809,#7832,#7833);
#7189=AXIS2_PLACEMENT_3D('',#9815,#7837,#7838);
#7190=AXIS2_PLACEMENT_3D('',#9819,#7841,#7842);
#7191=AXIS2_PLACEMENT_3D('',#9824,#7845,#7846);
#7192=AXIS2_PLACEMENT_3D('',#9825,#7847,#7848);
#7193=AXIS2_PLACEMENT_3D('',#9827,#7849,#7850);
#7194=AXIS2_PLACEMENT_3D('',#9829,#7852,#7853);
#7195=AXIS2_PLACEMENT_3D('',#9831,#7854,#7855);
#7196=AXIS2_PLACEMENT_3D('',#9835,#7857,#7858);
#7197=AXIS2_PLACEMENT_3D('',#9838,#7860,#7861);
#7198=AXIS2_PLACEMENT_3D('',#9839,#7862,#7863);
#7199=AXIS2_PLACEMENT_3D('',#9840,#7864,#7865);
#7200=AXIS2_PLACEMENT_3D('',#9884,#7867,#7868);
#7201=AXIS2_PLACEMENT_3D('',#9887,#7869,#7870);
#7202=AXIS2_PLACEMENT_3D('',#9891,#7872,#7873);
#7203=AXIS2_PLACEMENT_3D('',#9902,#7876,#7877);
#7204=AXIS2_PLACEMENT_3D('',#9913,#7880,#7881);
#7205=AXIS2_PLACEMENT_3D('',#9915,#7883,#7884);
#7206=AXIS2_PLACEMENT_3D('',#9928,#7892,#7893);
#7207=AXIS2_PLACEMENT_3D('',#9930,#7895,#7896);
#7208=AXIS2_PLACEMENT_3D('',#9936,#7900,#7901);
#7209=AXIS2_PLACEMENT_3D('',#9941,#7905,#7906);
#7210=AXIS2_PLACEMENT_3D('',#9945,#7909,#7910);
#7211=AXIS2_PLACEMENT_3D('',#9949,#7913,#7914);
#7212=AXIS2_PLACEMENT_3D('',#9950,#7915,#7916);
#7213=AXIS2_PLACEMENT_3D('',#9953,#7919,#7920);
#7214=AXIS2_PLACEMENT_3D('',#9955,#7922,#7923);
#7215=AXIS2_PLACEMENT_3D('',#9957,#7925,#7926);
#7216=AXIS2_PLACEMENT_3D('',#9959,#7927,#7928);
#7217=AXIS2_PLACEMENT_3D('',#9962,#7930,#7931);
#7218=AXIS2_PLACEMENT_3D('',#9963,#7932,#7933);
#7219=AXIS2_PLACEMENT_3D('',#9974,#7939,#7940);
#7220=AXIS2_PLACEMENT_3D('',#9996,#7952,#7953);
#7221=AXIS2_PLACEMENT_3D('',#10002,#7957,#7958);
#7222=AXIS2_PLACEMENT_3D('',#10006,#7961,#7962);
#7223=AXIS2_PLACEMENT_3D('',#10012,#7966,#7967);
#7224=AXIS2_PLACEMENT_3D('',#10018,#7971,#7972);
#7225=AXIS2_PLACEMENT_3D('',#10024,#7976,#7977);
#7226=AXIS2_PLACEMENT_3D('',#10028,#7980,#7981);
#7227=AXIS2_PLACEMENT_3D('',#10030,#7983,#7984);
#7228=AXIS2_PLACEMENT_3D('',#10034,#7987,#7988);
#7229=AXIS2_PLACEMENT_3D('',#10036,#7990,#7991);
#7230=AXIS2_PLACEMENT_3D('',#10043,#7995,#7996);
#7231=AXIS2_PLACEMENT_3D('',#10047,#7998,#7999);
#7232=AXIS2_PLACEMENT_3D('',#10051,#8001,#8002);
#7233=AXIS2_PLACEMENT_3D('',#10055,#8004,#8005);
#7234=AXIS2_PLACEMENT_3D('',#10063,#8009,#8010);
#7235=AXIS2_PLACEMENT_3D('',#10067,#8012,#8013);
#7236=AXIS2_PLACEMENT_3D('',#10073,#8016,#8017);
#7237=AXIS2_PLACEMENT_3D('',#10079,#8020,#8021);
#7238=AXIS2_PLACEMENT_3D('',#10083,#8023,#8024);
#7239=AXIS2_PLACEMENT_3D('',#10091,#8028,#8029);
#7240=AXIS2_PLACEMENT_3D('',#10095,#8031,#8032);
#7241=AXIS2_PLACEMENT_3D('',#10099,#8034,#8035);
#7242=AXIS2_PLACEMENT_3D('',#10103,#8037,#8038);
#7243=AXIS2_PLACEMENT_3D('',#10108,#8041,#8042);
#7244=AXIS2_PLACEMENT_3D('',#10141,#8059,#8060);
#7245=AXIS2_PLACEMENT_3D('',#10143,#8062,#8063);
#7246=AXIS2_PLACEMENT_3D('',#10145,#8065,#8066);
#7247=AXIS2_PLACEMENT_3D('',#10146,#8067,#8068);
#7248=AXIS2_PLACEMENT_3D('',#10151,#8070,#8071);
#7249=AXIS2_PLACEMENT_3D('',#10154,#8073,#8074);
#7250=AXIS2_PLACEMENT_3D('',#10155,#8075,#8076);
#7251=AXIS2_PLACEMENT_3D('',#10169,#8084,#8085);
#7252=AXIS2_PLACEMENT_3D('',#10186,#8094,#8095);
#7253=AXIS2_PLACEMENT_3D('',#10192,#8099,#8100);
#7254=AXIS2_PLACEMENT_3D('',#10196,#8103,#8104);
#7255=AXIS2_PLACEMENT_3D('',#10200,#8107,#8108);
#7256=AXIS2_PLACEMENT_3D('',#10202,#8110,#8111);
#7257=AXIS2_PLACEMENT_3D('',#10208,#8115,#8116);
#7258=AXIS2_PLACEMENT_3D('',#10212,#8119,#8120);
#7259=AXIS2_PLACEMENT_3D('',#10216,#8123,#8124);
#7260=AXIS2_PLACEMENT_3D('',#10218,#8126,#8127);
#7261=AXIS2_PLACEMENT_3D('',#10224,#8131,#8132);
#7262=AXIS2_PLACEMENT_3D('',#10228,#8135,#8136);
#7263=AXIS2_PLACEMENT_3D('',#10232,#8139,#8140);
#7264=AXIS2_PLACEMENT_3D('',#10234,#8142,#8143);
#7265=AXIS2_PLACEMENT_3D('',#10240,#8147,#8148);
#7266=AXIS2_PLACEMENT_3D('',#10244,#8151,#8152);
#7267=AXIS2_PLACEMENT_3D('',#10248,#8155,#8156);
#7268=AXIS2_PLACEMENT_3D('',#10250,#8158,#8159);
#7269=AXIS2_PLACEMENT_3D('',#10259,#8164,#8165);
#7270=AXIS2_PLACEMENT_3D('',#10263,#8167,#8168);
#7271=AXIS2_PLACEMENT_3D('',#10264,#8169,#8170);
#7272=AXIS2_PLACEMENT_3D('',#10265,#8171,#8172);
#7273=AXIS2_PLACEMENT_3D('',#10271,#8176,#8177);
#7274=AXIS2_PLACEMENT_3D('',#10275,#8179,#8180);
#7275=AXIS2_PLACEMENT_3D('',#10276,#8181,#8182);
#7276=AXIS2_PLACEMENT_3D('',#10277,#8183,#8184);
#7277=AXIS2_PLACEMENT_3D('',#10283,#8188,#8189);
#7278=AXIS2_PLACEMENT_3D('',#10286,#8191,#8192);
#7279=AXIS2_PLACEMENT_3D('',#10287,#8193,#8194);
#7280=AXIS2_PLACEMENT_3D('',#10288,#8195,#8196);
#7281=AXIS2_PLACEMENT_3D('',#10291,#8198,#8199);
#7282=AXIS2_PLACEMENT_3D('',#10292,#8200,#8201);
#7283=AXIS2_PLACEMENT_3D('',#10293,#8202,#8203);
#7284=AXIS2_PLACEMENT_3D('',#10294,#8204,#8205);
#7285=AXIS2_PLACEMENT_3D('',#10295,#8206,#8207);
#7286=AXIS2_PLACEMENT_3D('',#10297,#8208,#8209);
#7287=AXIS2_PLACEMENT_3D('',#10299,#8211,#8212);
#7288=AXIS2_PLACEMENT_3D('',#10302,#8214,#8215);
#7289=AXIS2_PLACEMENT_3D('',#10303,#8216,#8217);
#7290=AXIS2_PLACEMENT_3D('',#10311,#8222,#8223);
#7291=AXIS2_PLACEMENT_3D('',#10313,#8224,#8225);
#7292=AXIS2_PLACEMENT_3D('',#10316,#8227,#8228);
#7293=AXIS2_PLACEMENT_3D('',#10317,#8229,#8230);
#7294=AXIS2_PLACEMENT_3D('',#10319,#8231,#8232);
#7295=AXIS2_PLACEMENT_3D('',#10322,#8234,#8235);
#7296=AXIS2_PLACEMENT_3D('',#10323,#8236,#8237);
#7297=AXIS2_PLACEMENT_3D('',#10329,#8241,#8242);
#7298=AXIS2_PLACEMENT_3D('',#10335,#8246,#8247);
#7299=AXIS2_PLACEMENT_3D('',#10341,#8251,#8252);
#7300=AXIS2_PLACEMENT_3D('',#10350,#8257,#8258);
#7301=AXIS2_PLACEMENT_3D('',#10351,#8259,#8260);
#7302=AXIS2_PLACEMENT_3D('',#10352,#8261,#8262);
#7303=AXIS2_PLACEMENT_3D('',#10353,#8263,#8264);
#7304=AXIS2_PLACEMENT_3D('',#10355,#8265,#8266);
#7305=AXIS2_PLACEMENT_3D('',#10361,#8269,#8270);
#7306=AXIS2_PLACEMENT_3D('',#10366,#8273,#8274);
#7307=AXIS2_PLACEMENT_3D('',#10368,#8275,#8276);
#7308=AXIS2_PLACEMENT_3D('',#10372,#8278,#8279);
#7309=AXIS2_PLACEMENT_3D('',#10377,#8282,#8283);
#7310=AXIS2_PLACEMENT_3D('',#10381,#8285,#8286);
#7311=AXIS2_PLACEMENT_3D('',#10385,#8288,#8289);
#7312=AXIS2_PLACEMENT_3D('',#10389,#8291,#8292);
#7313=AXIS2_PLACEMENT_3D('',#10393,#8294,#8295);
#7314=AXIS2_PLACEMENT_3D('',#10397,#8297,#8298);
#7315=AXIS2_PLACEMENT_3D('',#10401,#8300,#8301);
#7316=AXIS2_PLACEMENT_3D('',#10405,#8303,#8304);
#7317=AXIS2_PLACEMENT_3D('',#10409,#8306,#8307);
#7318=AXIS2_PLACEMENT_3D('',#10413,#8309,#8310);
#7319=AXIS2_PLACEMENT_3D('',#10417,#8312,#8313);
#7320=AXIS2_PLACEMENT_3D('',#10421,#8315,#8316);
#7321=AXIS2_PLACEMENT_3D('',#10425,#8318,#8319);
#7322=AXIS2_PLACEMENT_3D('',#10429,#8321,#8322);
#7323=AXIS2_PLACEMENT_3D('',#10433,#8324,#8325);
#7324=AXIS2_PLACEMENT_3D('',#10437,#8327,#8328);
#7325=AXIS2_PLACEMENT_3D('',#10441,#8330,#8331);
#7326=AXIS2_PLACEMENT_3D('',#10445,#8333,#8334);
#7327=AXIS2_PLACEMENT_3D('',#10449,#8336,#8337);
#7328=AXIS2_PLACEMENT_3D('',#10453,#8339,#8340);
#7329=AXIS2_PLACEMENT_3D('',#10456,#8342,#8343);
#7330=AXIS2_PLACEMENT_3D('',#10458,#8344,#8345);
#7331=AXIS2_PLACEMENT_3D('',#10460,#8346,#8347);
#7332=AXIS2_PLACEMENT_3D('',#10462,#8348,#8349);
#7333=AXIS2_PLACEMENT_3D('',#10464,#8350,#8351);
#7334=AXIS2_PLACEMENT_3D('',#10468,#8353,#8354);
#7335=AXIS2_PLACEMENT_3D('',#10472,#8356,#8357);
#7336=AXIS2_PLACEMENT_3D('',#10476,#8359,#8360);
#7337=AXIS2_PLACEMENT_3D('',#10480,#8362,#8363);
#7338=AXIS2_PLACEMENT_3D('',#10485,#8366,#8367);
#7339=AXIS2_PLACEMENT_3D('',#10488,#8369,#8370);
#7340=AXIS2_PLACEMENT_3D('',#10489,#8371,#8372);
#7341=AXIS2_PLACEMENT_3D('',#10492,#8375,#8376);
#7342=AXIS2_PLACEMENT_3D('',#10494,#8378,#8379);
#7343=AXIS2_PLACEMENT_3D('',#10496,#8381,#8382);
#7344=AXIS2_PLACEMENT_3D('',#10498,#8383,#8384);
#7345=AXIS2_PLACEMENT_3D('',#10500,#8385,#8386);
#7346=AXIS2_PLACEMENT_3D('',#10502,#8387,#8388);
#7347=AXIS2_PLACEMENT_3D('',#10505,#8390,#8391);
#7348=AXIS2_PLACEMENT_3D('',#10506,#8392,#8393);
#7349=AXIS2_PLACEMENT_3D('',#10508,#8394,#8395);
#7350=AXIS2_PLACEMENT_3D('',#10512,#8397,#8398);
#7351=AXIS2_PLACEMENT_3D('',#10516,#8400,#8401);
#7352=AXIS2_PLACEMENT_3D('',#10520,#8403,#8404);
#7353=AXIS2_PLACEMENT_3D('',#10523,#8406,#8407);
#7354=AXIS2_PLACEMENT_3D('',#10525,#8408,#8409);
#7355=AXIS2_PLACEMENT_3D('',#10526,#8410,#8411);
#7356=AXIS2_PLACEMENT_3D('',#10528,#8412,#8413);
#7357=AXIS2_PLACEMENT_3D('',#10529,#8414,#8415);
#7358=AXIS2_PLACEMENT_3D('',#10531,#8416,#8417);
#7359=AXIS2_PLACEMENT_3D('',#10532,#8418,#8419);
#7360=AXIS2_PLACEMENT_3D('',#10534,#8420,#8421);
#7361=AXIS2_PLACEMENT_3D('',#10538,#8423,#8424);
#7362=AXIS2_PLACEMENT_3D('',#10542,#8426,#8427);
#7363=AXIS2_PLACEMENT_3D('',#10546,#8429,#8430);
#7364=AXIS2_PLACEMENT_3D('',#10549,#8432,#8433);
#7365=AXIS2_PLACEMENT_3D('',#10551,#8434,#8435);
#7366=AXIS2_PLACEMENT_3D('',#10552,#8436,#8437);
#7367=AXIS2_PLACEMENT_3D('',#10556,#8439,#8440);
#7368=AXIS2_PLACEMENT_3D('',#10558,#8441,#8442);
#7369=AXIS2_PLACEMENT_3D('',#10559,#8443,#8444);
#7370=AXIS2_PLACEMENT_3D('',#10561,#8445,#8446);
#7371=AXIS2_PLACEMENT_3D('',#10562,#8447,#8448);
#7372=AXIS2_PLACEMENT_3D('',#10571,#8453,#8454);
#7373=AXIS2_PLACEMENT_3D('',#10579,#8459,#8460);
#7374=AXIS2_PLACEMENT_3D('',#10583,#8463,#8464);
#7375=AXIS2_PLACEMENT_3D('',#10592,#8469,#8470);
#7376=AXIS2_PLACEMENT_3D('',#10596,#8472,#8473);
#7377=AXIS2_PLACEMENT_3D('',#10600,#8475,#8476);
#7378=AXIS2_PLACEMENT_3D('',#10606,#8480,#8481);
#7379=AXIS2_PLACEMENT_3D('',#10615,#8486,#8487);
#7380=AXIS2_PLACEMENT_3D('',#10621,#8491,#8492);
#7381=AXIS2_PLACEMENT_3D('',#10632,#8495,#8496);
#7382=AXIS2_PLACEMENT_3D('',#10636,#8498,#8499);
#7383=AXIS2_PLACEMENT_3D('',#10638,#8501,#8502);
#7384=AXIS2_PLACEMENT_3D('',#10642,#8505,#8506);
#7385=AXIS2_PLACEMENT_3D('',#10651,#8508,#8509);
#7386=AXIS2_PLACEMENT_3D('',#10655,#8512,#8513);
#7387=AXIS2_PLACEMENT_3D('',#10659,#8515,#8516);
#7388=AXIS2_PLACEMENT_3D('',#10670,#8522,#8523);
#7389=AXIS2_PLACEMENT_3D('',#10671,#8524,#8525);
#7390=AXIS2_PLACEMENT_3D('',#10673,#8526,#8527);
#7391=AXIS2_PLACEMENT_3D('',#10674,#8528,#8529);
#7392=AXIS2_PLACEMENT_3D('',#10676,#8530,#8531);
#7393=AXIS2_PLACEMENT_3D('',#10677,#8532,#8533);
#7394=AXIS2_PLACEMENT_3D('',#10679,#8534,#8535);
#7395=AXIS2_PLACEMENT_3D('',#10681,#8536,#8537);
#7396=AXIS2_PLACEMENT_3D('',#10683,#8538,#8539);
#7397=AXIS2_PLACEMENT_3D('',#10686,#8541,#8542);
#7398=AXIS2_PLACEMENT_3D('',#10687,#8543,#8544);
#7399=AXIS2_PLACEMENT_3D('',#10693,#8548,#8549);
#7400=AXIS2_PLACEMENT_3D('',#10703,#8551,#8552);
#7401=AXIS2_PLACEMENT_3D('',#10707,#8554,#8555);
#7402=AXIS2_PLACEMENT_3D('',#10711,#8557,#8558);
#7403=AXIS2_PLACEMENT_3D('',#10741,#8560,#8561);
#7404=AXIS2_PLACEMENT_3D('',#10745,#8563,#8564);
#7405=AXIS2_PLACEMENT_3D('',#10747,#8566,#8567);
#7406=AXIS2_PLACEMENT_3D('',#10751,#8569,#8570);
#7407=AXIS2_PLACEMENT_3D('',#10753,#8572,#8573);
#7408=AXIS2_PLACEMENT_3D('',#10755,#8575,#8576);
#7409=AXIS2_PLACEMENT_3D('',#10761,#8580,#8581);
#7410=AXIS2_PLACEMENT_3D('',#10763,#8582,#8583);
#7411=AXIS2_PLACEMENT_3D('',#10765,#8585,#8586);
#7412=AXIS2_PLACEMENT_3D('',#10768,#8588,#8589);
#7413=AXIS2_PLACEMENT_3D('',#10769,#8590,#8591);
#7414=AXIS2_PLACEMENT_3D('',#10773,#8594,#8595);
#7415=AXIS2_PLACEMENT_3D('',#10775,#8597,#8598);
#7416=AXIS2_PLACEMENT_3D('',#10777,#8600,#8601);
#7417=AXIS2_PLACEMENT_3D('',#10779,#8603,#8604);
#7418=AXIS2_PLACEMENT_3D('',#10803,#8605,#8606);
#7419=AXIS2_PLACEMENT_3D('',#10809,#8609,#8610);
#7420=AXIS2_PLACEMENT_3D('',#10813,#8612,#8613);
#7421=AXIS2_PLACEMENT_3D('',#10815,#8615,#8616);
#7422=AXIS2_PLACEMENT_3D('',#10819,#8618,#8619);
#7423=AXIS2_PLACEMENT_3D('',#10821,#8621,#8622);
#7424=AXIS2_PLACEMENT_3D('',#10825,#8624,#8625);
#7425=AXIS2_PLACEMENT_3D('',#10827,#8627,#8628);
#7426=AXIS2_PLACEMENT_3D('',#10829,#8630,#8631);
#7427=AXIS2_PLACEMENT_3D('',#10833,#8633,#8634);
#7428=AXIS2_PLACEMENT_3D('',#10837,#8636,#8637);
#7429=AXIS2_PLACEMENT_3D('',#10844,#8642,#8643);
#7430=AXIS2_PLACEMENT_3D('',#10846,#8645,#8646);
#7431=AXIS2_PLACEMENT_3D('',#10849,#8649,#8650);
#7432=AXIS2_PLACEMENT_3D('',#10851,#8652,#8653);
#7433=AXIS2_PLACEMENT_3D('',#10852,#8654,#8655);
#7434=AXIS2_PLACEMENT_3D('',#10854,#8657,#8658);
#7435=AXIS2_PLACEMENT_3D('',#10857,#8659,#8660);
#7436=AXIS2_PLACEMENT_3D('',#10861,#8662,#8663);
#7437=AXIS2_PLACEMENT_3D('',#10865,#8665,#8666);
#7438=AXIS2_PLACEMENT_3D('',#10869,#8668,#8669);
#7439=AXIS2_PLACEMENT_3D('',#10873,#8671,#8672);
#7440=AXIS2_PLACEMENT_3D('',#10877,#8674,#8675);
#7441=AXIS2_PLACEMENT_3D('',#10881,#8677,#8678);
#7442=AXIS2_PLACEMENT_3D('',#10885,#8680,#8681);
#7443=AXIS2_PLACEMENT_3D('',#10889,#8683,#8684);
#7444=AXIS2_PLACEMENT_3D('',#10897,#8688,#8689);
#7445=AXIS2_PLACEMENT_3D('',#10901,#8691,#8692);
#7446=AXIS2_PLACEMENT_3D('',#10909,#8696,#8697);
#7447=AXIS2_PLACEMENT_3D('',#10911,#8699,#8700);
#7448=AXIS2_PLACEMENT_3D('',#10914,#8701,#8702);
#7449=AXIS2_PLACEMENT_3D('',#10918,#8704,#8705);
#7450=AXIS2_PLACEMENT_3D('',#10922,#8707,#8708);
#7451=AXIS2_PLACEMENT_3D('',#10926,#8710,#8711);
#7452=AXIS2_PLACEMENT_3D('',#10930,#8713,#8714);
#7453=AXIS2_PLACEMENT_3D('',#10934,#8716,#8717);
#7454=AXIS2_PLACEMENT_3D('',#10938,#8719,#8720);
#7455=AXIS2_PLACEMENT_3D('',#10942,#8722,#8723);
#7456=AXIS2_PLACEMENT_3D('',#10946,#8725,#8726);
#7457=AXIS2_PLACEMENT_3D('',#10954,#8730,#8731);
#7458=AXIS2_PLACEMENT_3D('',#10958,#8733,#8734);
#7459=AXIS2_PLACEMENT_3D('',#10966,#8738,#8739);
#7460=AXIS2_PLACEMENT_3D('',#10968,#8741,#8742);
#7461=AXIS2_PLACEMENT_3D('',#10971,#8743,#8744);
#7462=AXIS2_PLACEMENT_3D('',#10975,#8746,#8747);
#7463=AXIS2_PLACEMENT_3D('',#10979,#8749,#8750);
#7464=AXIS2_PLACEMENT_3D('',#10983,#8752,#8753);
#7465=AXIS2_PLACEMENT_3D('',#10987,#8755,#8756);
#7466=AXIS2_PLACEMENT_3D('',#10991,#8758,#8759);
#7467=AXIS2_PLACEMENT_3D('',#10995,#8761,#8762);
#7468=AXIS2_PLACEMENT_3D('',#10999,#8764,#8765);
#7469=AXIS2_PLACEMENT_3D('',#11003,#8767,#8768);
#7470=AXIS2_PLACEMENT_3D('',#11011,#8772,#8773);
#7471=AXIS2_PLACEMENT_3D('',#11015,#8775,#8776);
#7472=AXIS2_PLACEMENT_3D('',#11023,#8780,#8781);
#7473=AXIS2_PLACEMENT_3D('',#11025,#8783,#8784);
#7474=AXIS2_PLACEMENT_3D('',#11028,#8785,#8786);
#7475=AXIS2_PLACEMENT_3D('',#11032,#8788,#8789);
#7476=AXIS2_PLACEMENT_3D('',#11036,#8791,#8792);
#7477=AXIS2_PLACEMENT_3D('',#11040,#8794,#8795);
#7478=AXIS2_PLACEMENT_3D('',#11044,#8797,#8798);
#7479=AXIS2_PLACEMENT_3D('',#11048,#8800,#8801);
#7480=AXIS2_PLACEMENT_3D('',#11052,#8803,#8804);
#7481=AXIS2_PLACEMENT_3D('',#11056,#8806,#8807);
#7482=AXIS2_PLACEMENT_3D('',#11060,#8809,#8810);
#7483=AXIS2_PLACEMENT_3D('',#11068,#8814,#8815);
#7484=AXIS2_PLACEMENT_3D('',#11072,#8817,#8818);
#7485=AXIS2_PLACEMENT_3D('',#11080,#8822,#8823);
#7486=AXIS2_PLACEMENT_3D('',#11082,#8825,#8826);
#7487=AXIS2_PLACEMENT_3D('',#11085,#8829,#8830);
#7488=AXIS2_PLACEMENT_3D('',#11088,#8833,#8834);
#7489=AXIS2_PLACEMENT_3D('',#11090,#8836,#8837);
#7490=AXIS2_PLACEMENT_3D('',#11091,#8838,#8839);
#7491=AXIS2_PLACEMENT_3D('',#11092,#8840,#8841);
#7492=AXIS2_PLACEMENT_3D('',#11094,#8843,#8844);
#7493=AXIS2_PLACEMENT_3D('',#11096,#8846,#8847);
#7494=AXIS2_PLACEMENT_3D('',#11098,#8849,#8850);
#7495=AXIS2_PLACEMENT_3D('',#11119,#8863,#8864);
#7496=AXIS2_PLACEMENT_3D('',#11120,#8865,#8866);
#7497=AXIS2_PLACEMENT_3D('',#11122,#8868,#8869);
#7498=AXIS2_PLACEMENT_3D('',#11124,#8871,#8872);
#7499=AXIS2_PLACEMENT_3D('',#11127,#8873,#8874);
#7500=AXIS2_PLACEMENT_3D('',#11131,#8876,#8877);
#7501=AXIS2_PLACEMENT_3D('',#11135,#8879,#8880);
#7502=AXIS2_PLACEMENT_3D('',#11139,#8882,#8883);
#7503=AXIS2_PLACEMENT_3D('',#11141,#8885,#8886);
#7504=AXIS2_PLACEMENT_3D('',#11155,#8889,#8890);
#7505=AXIS2_PLACEMENT_3D('',#11157,#8892,#8893);
#7506=AXIS2_PLACEMENT_3D('',#11170,#8895,#8896);
#7507=AXIS2_PLACEMENT_3D('',#11185,#8898,#8899);
#7508=AXIS2_PLACEMENT_3D('',#11188,#8900,#8901);
#7509=AXIS2_PLACEMENT_3D('',#11192,#8903,#8904);
#7510=AXIS2_PLACEMENT_3D('',#11196,#8906,#8907);
#7511=AXIS2_PLACEMENT_3D('',#11200,#8909,#8910);
#7512=AXIS2_PLACEMENT_3D('',#11202,#8912,#8913);
#7513=AXIS2_PLACEMENT_3D('',#11216,#8916,#8917);
#7514=AXIS2_PLACEMENT_3D('',#11218,#8919,#8920);
#7515=AXIS2_PLACEMENT_3D('',#11231,#8922,#8923);
#7516=AXIS2_PLACEMENT_3D('',#11246,#8925,#8926);
#7517=AXIS2_PLACEMENT_3D('',#11247,#8927,#8928);
#7518=AXIS2_PLACEMENT_3D('',#11248,#8929,#8930);
#7519=AXIS2_PLACEMENT_3D('',#11250,#8932,#8933);
#7520=AXIS2_PLACEMENT_3D('',#11252,#8935,#8936);
#7521=AXIS2_PLACEMENT_3D('',#11253,#8937,#8938);
#7522=AXIS2_PLACEMENT_3D('',#11326,#8943,#8944);
#7523=AXIS2_PLACEMENT_3D('',#11341,#8946,#8947);
#7524=AXIS2_PLACEMENT_3D('',#11356,#8949,#8950);
#7525=AXIS2_PLACEMENT_3D('',#11429,#8955,#8956);
#7526=AXIS2_PLACEMENT_3D('',#11432,#8959,#8960);
#7527=AXIS2_PLACEMENT_3D('',#11434,#8962,#8963);
#7528=AXIS2_PLACEMENT_3D('',#11437,#8966,#8967);
#7529=AXIS2_PLACEMENT_3D('',#11439,#8969,#8970);
#7530=AXIS2_PLACEMENT_3D('',#11441,#8972,#8973);
#7531=AXIS2_PLACEMENT_3D('',#11444,#8976,#8977);
#7532=AXIS2_PLACEMENT_3D('',#11451,#8983,#8984);
#7533=AXIS2_PLACEMENT_3D('',#11453,#8986,#8987);
#7534=AXIS2_PLACEMENT_3D('',#11455,#8989,#8990);
#7535=AXIS2_PLACEMENT_3D('',#11461,#8995,#8996);
#7536=AXIS2_PLACEMENT_3D('',#11463,#8998,#8999);
#7537=AXIS2_PLACEMENT_3D('',#11465,#9001,#9002);
#7538=AXIS2_PLACEMENT_3D('',#11474,#9007,#9008);
#7539=AXIS2_PLACEMENT_3D('',#11478,#9010,#9011);
#7540=AXIS2_PLACEMENT_3D('',#11479,#9012,#9013);
#7541=AXIS2_PLACEMENT_3D('',#11501,#9015,#9016);
#7542=AXIS2_PLACEMENT_3D('',#11502,#9017,#9018);
#7543=AXIS2_PLACEMENT_3D('',#11503,#9019,#9020);
#7544=AXIS2_PLACEMENT_3D('',#11509,#9024,#9025);
#7545=AXIS2_PLACEMENT_3D('',#11530,#9026,#9027);
#7546=AXIS2_PLACEMENT_3D('',#11532,#9028,#9029);
#7547=AXIS2_PLACEMENT_3D('',#11533,#9030,#9031);
#7548=AXIS2_PLACEMENT_3D('',#11534,#9032,#9033);
#7549=AXIS2_PLACEMENT_3D('',#11536,#9035,#9036);
#7550=AXIS2_PLACEMENT_3D('',#11540,#9040,#9041);
#7551=AXIS2_PLACEMENT_3D('',#11542,#9043,#9044);
#7552=AXIS2_PLACEMENT_3D('',#11544,#9046,#9047);
#7553=AXIS2_PLACEMENT_3D('',#11550,#9052,#9053);
#7554=AXIS2_PLACEMENT_3D('',#11552,#9055,#9056);
#7555=AXIS2_PLACEMENT_3D('',#11554,#9058,#9059);
#7556=AXIS2_PLACEMENT_3D('',#11579,#9061,#9062);
#7557=AXIS2_PLACEMENT_3D('',#11581,#9063,#9064);
#7558=AXIS2_PLACEMENT_3D('',#11583,#9065,#9066);
#7559=AXIS2_PLACEMENT_3D('',#11585,#9068,#9069);
#7560=AXIS2_PLACEMENT_3D('',#11589,#9071,#9072);
#7561=AXIS2_PLACEMENT_3D('',#11590,#9073,#9074);
#7562=AXIS2_PLACEMENT_3D('',#11592,#9076,#9077);
#7563=AXIS2_PLACEMENT_3D('',#11598,#9081,#9082);
#7564=AXIS2_PLACEMENT_3D('',#11604,#9086,#9087);
#7565=AXIS2_PLACEMENT_3D('',#11623,#9088,#9089);
#7566=AXIS2_PLACEMENT_3D('',#11624,#9090,#9091);
#7567=AXIS2_PLACEMENT_3D('',#11625,#9092,#9093);
#7568=AXIS2_PLACEMENT_3D('',#11629,#9097,#9098);
#7569=AXIS2_PLACEMENT_3D('',#11631,#9100,#9101);
#7570=AXIS2_PLACEMENT_3D('',#11633,#9103,#9104);
#7571=AXIS2_PLACEMENT_3D('',#11639,#9109,#9110);
#7572=AXIS2_PLACEMENT_3D('',#11641,#9112,#9113);
#7573=AXIS2_PLACEMENT_3D('',#11666,#9115,#9116);
#7574=AXIS2_PLACEMENT_3D('',#11668,#9117,#9118);
#7575=AXIS2_PLACEMENT_3D('',#11670,#9119,#9120);
#7576=AXIS2_PLACEMENT_3D('',#11672,#9122,#9123);
#7577=AXIS2_PLACEMENT_3D('',#11676,#9125,#9126);
#7578=AXIS2_PLACEMENT_3D('',#11677,#9127,#9128);
#7579=AXIS2_PLACEMENT_3D('',#11679,#9130,#9131);
#7580=AXIS2_PLACEMENT_3D('',#11685,#9135,#9136);
#7581=AXIS2_PLACEMENT_3D('',#11691,#9140,#9141);
#7582=AXIS2_PLACEMENT_3D('',#11710,#9142,#9143);
#7583=AXIS2_PLACEMENT_3D('',#11711,#9144,#9145);
#7584=AXIS2_PLACEMENT_3D('',#11712,#9146,#9147);
#7585=AXIS2_PLACEMENT_3D('',#11716,#9151,#9152);
#7586=AXIS2_PLACEMENT_3D('',#11718,#9154,#9155);
#7587=AXIS2_PLACEMENT_3D('',#11720,#9157,#9158);
#7588=AXIS2_PLACEMENT_3D('',#11726,#9163,#9164);
#7589=AXIS2_PLACEMENT_3D('',#11728,#9166,#9167);
#7590=AXIS2_PLACEMENT_3D('',#11737,#9172,#9173);
#7591=AXIS2_PLACEMENT_3D('',#11741,#9175,#9176);
#7592=AXIS2_PLACEMENT_3D('',#11742,#9177,#9178);
#7593=AXIS2_PLACEMENT_3D('',#11764,#9180,#9181);
#7594=AXIS2_PLACEMENT_3D('',#11765,#9182,#9183);
#7595=AXIS2_PLACEMENT_3D('',#11766,#9184,#9185);
#7596=AXIS2_PLACEMENT_3D('',#11772,#9189,#9190);
#7597=AXIS2_PLACEMENT_3D('',#11793,#9191,#9192);
#7598=AXIS2_PLACEMENT_3D('',#11795,#9193,#9194);
#7599=AXIS2_PLACEMENT_3D('',#11796,#9195,#9196);
#7600=AXIS2_PLACEMENT_3D('',#11797,#9197,#9198);
#7601=AXIS2_PLACEMENT_3D('',#11799,#9200,#9201);
#7602=AXIS2_PLACEMENT_3D('',#11803,#9205,#9206);
#7603=AXIS2_PLACEMENT_3D('',#11805,#9208,#9209);
#7604=AXIS2_PLACEMENT_3D('',#11807,#9211,#9212);
#7605=AXIS2_PLACEMENT_3D('',#11813,#9217,#9218);
#7606=AXIS2_PLACEMENT_3D('',#11815,#9220,#9221);
#7607=AXIS2_PLACEMENT_3D('',#11817,#9223,#9224);
#7608=AXIS2_PLACEMENT_3D('',#11885,#9228,#9229);
#7609=AXIS2_PLACEMENT_3D('',#11894,#9234,#9235);
#7610=AXIS2_PLACEMENT_3D('',#11900,#9239,#9240);
#7611=AXIS2_PLACEMENT_3D('',#11906,#9244,#9245);
#7612=AXIS2_PLACEMENT_3D('',#11968,#9247,#9248);
#7613=AXIS2_PLACEMENT_3D('',#12031,#9251,#9252);
#7614=AXIS2_PLACEMENT_3D('',#12094,#9255,#9256);
#7615=AXIS2_PLACEMENT_3D('',#12097,#9259,#9260);
#7616=AXIS2_PLACEMENT_3D('',#12099,#9262,#9263);
#7617=AXIS2_PLACEMENT_3D('',#12105,#9268,#9269);
#7618=AXIS2_PLACEMENT_3D('',#12107,#9271,#9272);
#7619=AXIS2_PLACEMENT_3D('',#12111,#9276,#9277);
#7620=AXIS2_PLACEMENT_3D('',#12112,#9278,#9279);
#7621=AXIS2_PLACEMENT_3D('',#12114,#9281,#9282);
#7622=AXIS2_PLACEMENT_3D('',#12116,#9284,#9285);
#7623=AXIS2_PLACEMENT_3D('',#12122,#9290,#9291);
#7624=AXIS2_PLACEMENT_3D('',#12124,#9293,#9294);
#7625=AXIS2_PLACEMENT_3D('',#12126,#9296,#9297);
#7626=AXIS2_PLACEMENT_3D('',#12128,#9298,#9299);
#7627=AXIS2_PLACEMENT_3D('',#12131,#9301,#9302);
#7628=AXIS2_PLACEMENT_3D('',#12132,#9303,#9304);
#7629=AXIS2_PLACEMENT_3D('',#12133,#9305,#9306);
#7630=AXIS2_PLACEMENT_3D('',#12135,#9307,#9308);
#7631=AXIS2_PLACEMENT_3D('',#12138,#9310,#9311);
#7632=AXIS2_PLACEMENT_3D('',#12139,#9312,#9313);
#7633=AXIS2_PLACEMENT_3D('',#12140,#9314,#9315);
#7634=AXIS2_PLACEMENT_3D('',#12142,#9316,#9317);
#7635=AXIS2_PLACEMENT_3D('',#12145,#9319,#9320);
#7636=AXIS2_PLACEMENT_3D('',#12146,#9321,#9322);
#7637=AXIS2_PLACEMENT_3D('',#12147,#9323,#9324);
#7638=AXIS2_PLACEMENT_3D('',#12149,#9325,#9326);
#7639=AXIS2_PLACEMENT_3D('',#12152,#9328,#9329);
#7640=AXIS2_PLACEMENT_3D('',#12153,#9330,#9331);
#7641=AXIS2_PLACEMENT_3D('',#12154,#9332,#9333);
#7642=AXIS2_PLACEMENT_3D('',#12156,#9334,#9335);
#7643=AXIS2_PLACEMENT_3D('',#12159,#9337,#9338);
#7644=AXIS2_PLACEMENT_3D('',#12160,#9339,#9340);
#7645=AXIS2_PLACEMENT_3D('',#12161,#9341,#9342);
#7646=AXIS2_PLACEMENT_3D('',#12163,#9343,#9344);
#7647=AXIS2_PLACEMENT_3D('',#12166,#9346,#9347);
#7648=AXIS2_PLACEMENT_3D('',#12167,#9348,#9349);
#7649=AXIS2_PLACEMENT_3D('',#12168,#9350,#9351);
#7650=AXIS2_PLACEMENT_3D('',#12170,#9352,#9353);
#7651=AXIS2_PLACEMENT_3D('',#12173,#9355,#9356);
#7652=AXIS2_PLACEMENT_3D('',#12174,#9357,#9358);
#7653=AXIS2_PLACEMENT_3D('',#12175,#9359,#9360);
#7654=AXIS2_PLACEMENT_3D('',#12177,#9361,#9362);
#7655=AXIS2_PLACEMENT_3D('',#12180,#9364,#9365);
#7656=AXIS2_PLACEMENT_3D('',#12181,#9366,#9367);
#7657=AXIS2_PLACEMENT_3D('',#12182,#9368,#9369);
#7658=AXIS2_PLACEMENT_3D('',#12186,#9372,#9373);
#7659=AXIS2_PLACEMENT_3D('',#12188,#9374,#9375);
#7660=AXIS2_PLACEMENT_3D('',#12191,#9377,#9378);
#7661=AXIS2_PLACEMENT_3D('',#12192,#9379,#9380);
#7662=AXIS2_PLACEMENT_3D('',#12194,#9381,#9382);
#7663=AXIS2_PLACEMENT_3D('',#12197,#9384,#9385);
#7664=AXIS2_PLACEMENT_3D('',#12198,#9386,#9387);
#7665=AXIS2_PLACEMENT_3D('',#12202,#9390,#9391);
#7666=AXIS2_PLACEMENT_3D('',#12213,#9398,#9399);
#7667=AXIS2_PLACEMENT_3D('',#12216,#9402,#9403);
#7668=AXIS2_PLACEMENT_3D('',#12218,#9405,#9406);
#7669=AXIS2_PLACEMENT_3D('',#12220,#9408,#9409);
#7670=AXIS2_PLACEMENT_3D('',#12221,#9410,#9411);
#7671=AXIS2_PLACEMENT_3D('',#12222,#9412,#9413);
#7672=AXIS2_PLACEMENT_3D('',#12226,#9416,#9417);
#7673=AXIS2_PLACEMENT_3D('',#12228,#9418,#9419);
#7674=AXIS2_PLACEMENT_3D('',#12231,#9421,#9422);
#7675=AXIS2_PLACEMENT_3D('',#12232,#9423,#9424);
#7676=AXIS2_PLACEMENT_3D('',#12234,#9425,#9426);
#7677=AXIS2_PLACEMENT_3D('',#12237,#9428,#9429);
#7678=AXIS2_PLACEMENT_3D('',#12238,#9430,#9431);
#7679=AXIS2_PLACEMENT_3D('',#12242,#9434,#9435);
#7680=AXIS2_PLACEMENT_3D('',#12253,#9442,#9443);
#7681=AXIS2_PLACEMENT_3D('',#12255,#9445,#9446);
#7682=AXIS2_PLACEMENT_3D('',#12257,#9448,#9449);
#7683=AXIS2_PLACEMENT_3D('',#12258,#9450,#9451);
#7684=AXIS2_PLACEMENT_3D('',#12259,#9452,#9453);
#7685=AXIS2_PLACEMENT_3D('',#12260,#9454,#9455);
#7686=AXIS2_PLACEMENT_3D('',#12264,#9458,#9459);
#7687=AXIS2_PLACEMENT_3D('',#12266,#9460,#9461);
#7688=AXIS2_PLACEMENT_3D('',#12269,#9463,#9464);
#7689=AXIS2_PLACEMENT_3D('',#12270,#9465,#9466);
#7690=AXIS2_PLACEMENT_3D('',#12272,#9467,#9468);
#7691=AXIS2_PLACEMENT_3D('',#12275,#9470,#9471);
#7692=AXIS2_PLACEMENT_3D('',#12276,#9472,#9473);
#7693=AXIS2_PLACEMENT_3D('',#12280,#9476,#9477);
#7694=AXIS2_PLACEMENT_3D('',#12291,#9484,#9485);
#7695=AXIS2_PLACEMENT_3D('',#12294,#9488,#9489);
#7696=AXIS2_PLACEMENT_3D('',#12296,#9491,#9492);
#7697=AXIS2_PLACEMENT_3D('',#12297,#9493,#9494);
#7698=AXIS2_PLACEMENT_3D('',#12298,#9495,#9496);
#7699=AXIS2_PLACEMENT_3D('',#12299,#9497,#9498);
#7700=AXIS2_PLACEMENT_3D('',#12303,#9501,#9502);
#7701=AXIS2_PLACEMENT_3D('',#12305,#9503,#9504);
#7702=AXIS2_PLACEMENT_3D('',#12308,#9506,#9507);
#7703=AXIS2_PLACEMENT_3D('',#12309,#9508,#9509);
#7704=AXIS2_PLACEMENT_3D('',#12311,#9510,#9511);
#7705=AXIS2_PLACEMENT_3D('',#12314,#9513,#9514);
#7706=AXIS2_PLACEMENT_3D('',#12315,#9515,#9516);
#7707=AXIS2_PLACEMENT_3D('',#12319,#9519,#9520);
#7708=AXIS2_PLACEMENT_3D('',#12330,#9527,#9528);
#7709=AXIS2_PLACEMENT_3D('',#12333,#9531,#9532);
#7710=AXIS2_PLACEMENT_3D('',#12335,#9534,#9535);
#7711=AXIS2_PLACEMENT_3D('',#12336,#9536,#9537);
#7712=AXIS2_PLACEMENT_3D('',#12337,#9538,#9539);
#7713=AXIS2_PLACEMENT_3D('',#12338,#9540,#9541);
#7714=AXIS2_PLACEMENT_3D('',#12340,#9543,#9544);
#7715=AXIS2_PLACEMENT_3D('',#12341,#9545,#9546);
#7716=AXIS2_PLACEMENT_3D('',#12343,#9548,#9549);
#7717=AXIS2_PLACEMENT_3D('',#12345,#9551,#9552);
#7718=AXIS2_PLACEMENT_3D('',#12347,#9554,#9555);
#7719=AXIS2_PLACEMENT_3D('',#12349,#9557,#9558);
#7720=AXIS2_PLACEMENT_3D('',#12351,#9560,#9561);
#7721=AXIS2_PLACEMENT_3D('',#12353,#9563,#9564);
#7722=AXIS2_PLACEMENT_3D('',#12355,#9566,#9567);
#7723=AXIS2_PLACEMENT_3D('',#12357,#9569,#9570);
#7724=AXIS2_PLACEMENT_3D('',#12358,#9571,#9572);
#7725=AXIS2_PLACEMENT_3D('',#12360,#9574,#9575);
#7726=AXIS2_PLACEMENT_3D('',#12362,#9577,#9578);
#7727=AXIS2_PLACEMENT_3D('',#12364,#9580,#9581);
#7728=AXIS2_PLACEMENT_3D('',#12366,#9583,#9584);
#7729=AXIS2_PLACEMENT_3D('',#12367,#9585,#9586);
#7730=AXIS2_PLACEMENT_3D('',#12368,#9587,#9588);
#7731=AXIS2_PLACEMENT_3D('',#12370,#9590,#9591);
#7732=AXIS2_PLACEMENT_3D('',#12371,#9592,#9593);
#7733=AXIS2_PLACEMENT_3D('',#12373,#9595,#9596);
#7734=AXIS2_PLACEMENT_3D('',#12375,#9598,#9599);
#7735=AXIS2_PLACEMENT_3D('',#12376,#9600,#9601);
#7736=AXIS2_PLACEMENT_3D('',#12379,#9604,#9605);
#7737=AXIS2_PLACEMENT_3D('',#12381,#9607,#9608);
#7738=AXIS2_PLACEMENT_3D('',#12382,#9609,#9610);
#7739=AXIS2_PLACEMENT_3D('',#12384,#9612,#9613);
#7740=AXIS2_PLACEMENT_3D('',#12386,#9615,#9616);
#7741=AXIS2_PLACEMENT_3D('',#12388,#9618,#9619);
#7742=AXIS2_PLACEMENT_3D('',#12390,#9621,#9622);
#7743=AXIS2_PLACEMENT_3D('',#12392,#9624,#9625);
#7744=AXIS2_PLACEMENT_3D('',#12394,#9627,#9628);
#7745=AXIS2_PLACEMENT_3D('',#12395,#9629,#9630);
#7746=AXIS2_PLACEMENT_3D('',#12397,#9632,#9633);
#7747=AXIS2_PLACEMENT_3D('',#12398,#9634,#9635);
#7748=AXIS2_PLACEMENT_3D('',#12401,#9638,#9639);
#7749=AXIS2_PLACEMENT_3D('',#12403,#9641,#9642);
#7750=AXIS2_PLACEMENT_3D('',#12405,#9644,#9645);
#7751=AXIS2_PLACEMENT_3D('',#12407,#9647,#9648);
#7752=AXIS2_PLACEMENT_3D('',#12408,#9649,#9650);
#7753=AXIS2_PLACEMENT_3D('',#12411,#9653,#9654);
#7754=AXIS2_PLACEMENT_3D('',#12413,#9656,#9657);
#7755=AXIS2_PLACEMENT_3D('',#12415,#9659,#9660);
#7756=AXIS2_PLACEMENT_3D('',#12417,#9662,#9663);
#7757=AXIS2_PLACEMENT_3D('',#12418,#9664,#9665);
#7758=AXIS2_PLACEMENT_3D('',#12420,#9667,#9668);
#7759=AXIS2_PLACEMENT_3D('',#12422,#9670,#9671);
#7760=AXIS2_PLACEMENT_3D('',#12424,#9673,#9674);
#7761=AXIS2_PLACEMENT_3D('',#12426,#9676,#9677);
#7762=AXIS2_PLACEMENT_3D('',#12428,#9679,#9680);
#7763=AXIS2_PLACEMENT_3D('',#12429,#9681,#9682);
#7764=AXIS2_PLACEMENT_3D('',#12430,#9683,#9684);
#7765=AXIS2_PLACEMENT_3D('',#12432,#9686,#9687);
#7766=AXIS2_PLACEMENT_3D('',#12433,#9688,#9689);
#7767=AXIS2_PLACEMENT_3D('',#12435,#9691,#9692);
#7768=AXIS2_PLACEMENT_3D('',#12437,#9694,#9695);
#7769=AXIS2_PLACEMENT_3D('',#12439,#9697,#9698);
#7770=AXIS2_PLACEMENT_3D('',#12440,#9699,#9700);
#7771=AXIS2_PLACEMENT_3D('',#12443,#9703,#9704);
#7772=AXIS2_PLACEMENT_3D('',#12445,#9706,#9707);
#7773=AXIS2_PLACEMENT_3D('',#12446,#9708,#9709);
#7774=AXIS2_PLACEMENT_3D('',#12448,#9711,#9712);
#7775=AXIS2_PLACEMENT_3D('',#12450,#9714,#9715);
#7776=AXIS2_PLACEMENT_3D('',#12452,#9717,#9718);
#7777=AXIS2_PLACEMENT_3D('',#12454,#9720,#9721);
#7778=AXIS2_PLACEMENT_3D('',#12455,#9722,#9723);
#7779=AXIS2_PLACEMENT_3D('',#12456,#9724,#9725);
#7780=AXIS2_PLACEMENT_3D('',#12458,#9727,#9728);
#7781=AXIS2_PLACEMENT_3D('',#12459,#9729,#9730);
#7782=AXIS2_PLACEMENT_3D('',#12461,#9732,#9733);
#7783=AXIS2_PLACEMENT_3D('',#12463,#9735,#9736);
#7784=AXIS2_PLACEMENT_3D('',#12465,#9738,#9739);
#7785=AXIS2_PLACEMENT_3D('',#12467,#9741,#9742);
#7786=DIRECTION('axis',(0.,0.,1.));
#7787=DIRECTION('refdir',(1.,0.,0.));
#7788=DIRECTION('center_axis',(0.120675379209317,-0.992692023163623,0.));
#7789=DIRECTION('ref_axis',(0.,0.,1.));
#7790=DIRECTION('',(0.,0.,1.));
#7791=DIRECTION('',(-0.992692023163623,-0.120675379209317,0.));
#7792=DIRECTION('',(0.,0.,-1.));
#7793=DIRECTION('',(-0.992692023163623,-0.120675379209318,-1.79376579183981E-16));
#7794=DIRECTION('center_axis',(0.023774793295722,0.999717339653437,0.));
#7795=DIRECTION('ref_axis',(0.,0.,-1.));
#7796=DIRECTION('',(0.,0.,1.));
#7797=DIRECTION('',(-0.999717339653437,0.023774793295722,-3.39195382530395E-16));
#7798=DIRECTION('',(0.,0.,-1.));
#7799=DIRECTION('',(-0.999717339653437,0.023774793295722,3.39195382530395E-17));
#7800=DIRECTION('center_axis',(1.,0.,0.));
#7801=DIRECTION('ref_axis',(0.,0.,1.));
#7802=DIRECTION('',(0.,-1.,2.47355348463564E-16));
#7803=DIRECTION('',(0.,0.,1.));
#7804=DIRECTION('',(0.,-0.707106781186548,-0.707106781186547));
#7805=DIRECTION('',(0.,-1.,0.));
#7806=DIRECTION('',(0.,0.,1.));
#7807=DIRECTION('center_axis',(0.120675379209317,0.992692023163623,0.));
#7808=DIRECTION('ref_axis',(0.,0.,1.));
#7809=DIRECTION('',(0.,0.,-1.));
#7810=DIRECTION('',(0.992692023163623,-0.120675379209318,-1.79376579183981E-16));
#7811=DIRECTION('',(0.,0.,-1.));
#7812=DIRECTION('',(0.992692023163623,-0.120675379209317,0.));
#7813=DIRECTION('center_axis',(0.023774793295722,-0.999717339653437,0.));
#7814=DIRECTION('ref_axis',(0.,0.,-1.));
#7815=DIRECTION('',(0.,0.,-1.));
#7816=DIRECTION('',(0.999717339653437,0.023774793295722,3.39195382530395E-17));
#7817=DIRECTION('',(0.,0.,-1.));
#7818=DIRECTION('',(0.999717339653437,0.023774793295722,-3.39195382530395E-16));
#7819=DIRECTION('center_axis',(0.,0.,1.));
#7820=DIRECTION('ref_axis',(-1.,0.,0.));
#7821=DIRECTION('',(-1.,0.,0.));
#7822=DIRECTION('',(0.,-1.,0.));
#7823=DIRECTION('',(1.,0.,0.));
#7824=DIRECTION('',(0.,1.,0.));
#7825=DIRECTION('',(-1.,0.,0.));
#7826=DIRECTION('',(-1.,0.,0.));
#7827=DIRECTION('center_axis',(0.,1.,0.));
#7828=DIRECTION('ref_axis',(0.,0.,1.));
#7829=DIRECTION('',(0.,0.,-1.));
#7830=DIRECTION('',(1.,0.,0.));
#7831=DIRECTION('',(0.,0.,-1.));
#7832=DIRECTION('center_axis',(0.,1.,0.));
#7833=DIRECTION('ref_axis',(-1.,0.,0.));
#7834=DIRECTION('',(0.,0.,-1.));
#7835=DIRECTION('',(1.,0.,0.));
#7836=DIRECTION('',(0.,0.,-1.));
#7837=DIRECTION('center_axis',(-1.,0.,0.));
#7838=DIRECTION('ref_axis',(0.,0.,-1.));
#7839=DIRECTION('',(0.,0.,-1.));
#7840=DIRECTION('',(0.,1.,0.));
#7841=DIRECTION('center_axis',(0.,-1.,0.));
#7842=DIRECTION('ref_axis',(0.,0.,-1.));
#7843=DIRECTION('',(0.,0.,-1.));
#7844=DIRECTION('',(1.,0.,0.));
#7845=DIRECTION('center_axis',(0.,1.,0.));
#7846=DIRECTION('ref_axis',(-1.,0.,0.));
#7847=DIRECTION('center_axis',(0.,0.,1.));
#7848=DIRECTION('ref_axis',(0.805236869476623,0.592953273062463,0.));
#7849=DIRECTION('center_axis',(0.,0.,-1.));
#7850=DIRECTION('ref_axis',(0.805236869476623,0.592953273062463,0.));
#7851=DIRECTION('',(0.,0.,-1.));
#7852=DIRECTION('center_axis',(0.,0.,1.));
#7853=DIRECTION('ref_axis',(0.757211330729289,0.65316996303809,0.));
#7854=DIRECTION('center_axis',(0.,0.,-1.));
#7855=DIRECTION('ref_axis',(0.805236869476623,0.592953273062463,0.));
#7856=DIRECTION('',(0.,0.,1.));
#7857=DIRECTION('center_axis',(0.,0.,-1.));
#7858=DIRECTION('ref_axis',(0.805236869476623,0.592953273062463,0.));
#7859=DIRECTION('',(0.,0.,1.));
#7860=DIRECTION('center_axis',(0.,0.,-1.));
#7861=DIRECTION('ref_axis',(0.805236869476623,0.592953273062463,0.));
#7862=DIRECTION('center_axis',(0.,0.,1.));
#7863=DIRECTION('ref_axis',(0.757211330729289,0.65316996303809,0.));
#7864=DIRECTION('center_axis',(0.,1.,0.));
#7865=DIRECTION('ref_axis',(-1.,0.,0.));
#7866=DIRECTION('',(0.,-1.,0.));
#7867=DIRECTION('center_axis',(0.,0.,1.));
#7868=DIRECTION('ref_axis',(0.805236869477989,0.592953273060608,0.));
#7869=DIRECTION('center_axis',(0.,0.,-1.));
#7870=DIRECTION('ref_axis',(0.805236869477989,0.592953273060608,0.));
#7871=DIRECTION('',(0.,0.,1.));
#7872=DIRECTION('center_axis',(0.,0.,-1.));
#7873=DIRECTION('ref_axis',(0.805236869477989,0.592953273060608,0.));
#7874=DIRECTION('',(0.,0.,1.));
#7875=DIRECTION('',(0.,0.,1.));
#7876=DIRECTION('center_axis',(0.,0.,1.));
#7877=DIRECTION('ref_axis',(0.805236869477989,0.592953273060608,0.));
#7878=DIRECTION('',(0.,0.,-1.));
#7879=DIRECTION('',(0.,0.,-1.));
#7880=DIRECTION('center_axis',(0.,0.,-1.));
#7881=DIRECTION('ref_axis',(0.805236869477989,0.592953273060608,0.));
#7882=DIRECTION('',(0.,0.,1.));
#7883=DIRECTION('center_axis',(0.,0.,-1.));
#7884=DIRECTION('ref_axis',(1.,0.,0.));
#7885=DIRECTION('',(-1.,0.,0.));
#7886=DIRECTION('',(0.,-1.,0.));
#7887=DIRECTION('',(0.,-1.,0.));
#7888=DIRECTION('',(1.,0.,0.));
#7889=DIRECTION('',(0.,-1.,0.));
#7890=DIRECTION('',(-1.,0.,0.));
#7891=DIRECTION('',(0.,-1.,0.));
#7892=DIRECTION('center_axis',(1.,0.,0.));
#7893=DIRECTION('ref_axis',(0.,0.,1.));
#7894=DIRECTION('',(0.,0.,-1.));
#7895=DIRECTION('center_axis',(0.,-0.707106781186547,0.707106781186548));
#7896=DIRECTION('ref_axis',(1.,0.,0.));
#7897=DIRECTION('',(0.,0.707106781186548,0.707106781186547));
#7898=DIRECTION('',(0.,-0.707106781186548,-0.707106781186547));
#7899=DIRECTION('',(1.,0.,0.));
#7900=DIRECTION('center_axis',(1.,0.,0.));
#7901=DIRECTION('ref_axis',(0.,0.,1.));
#7902=DIRECTION('',(0.,0.,-1.));
#7903=DIRECTION('',(0.,-1.,0.));
#7904=DIRECTION('',(0.,0.,1.));
#7905=DIRECTION('center_axis',(0.,-0.707106781186547,0.707106781186548));
#7906=DIRECTION('ref_axis',(1.,0.,0.));
#7907=DIRECTION('',(1.,0.,0.));
#7908=DIRECTION('',(0.,0.707106781186548,0.707106781186547));
#7909=DIRECTION('center_axis',(-1.,0.,0.));
#7910=DIRECTION('ref_axis',(0.,0.,-1.));
#7911=DIRECTION('',(0.,0.,-1.));
#7912=DIRECTION('',(0.,1.,0.));
#7913=DIRECTION('center_axis',(0.,1.,0.));
#7914=DIRECTION('ref_axis',(-1.,0.,0.));
#7915=DIRECTION('center_axis',(0.,1.,0.));
#7916=DIRECTION('ref_axis',(0.,0.,1.));
#7917=DIRECTION('',(1.,0.,0.));
#7918=DIRECTION('',(0.,0.,-1.));
#7919=DIRECTION('center_axis',(0.,1.,0.));
#7920=DIRECTION('ref_axis',(0.,0.,1.));
#7921=DIRECTION('',(1.,0.,0.));
#7922=DIRECTION('center_axis',(-1.,0.,0.));
#7923=DIRECTION('ref_axis',(0.,0.,-1.));
#7924=DIRECTION('',(0.,1.,-2.47355348463564E-16));
#7925=DIRECTION('center_axis',(0.,1.,0.));
#7926=DIRECTION('ref_axis',(-1.,0.,0.));
#7927=DIRECTION('center_axis',(0.,1.,0.));
#7928=DIRECTION('ref_axis',(-1.,0.,0.));
#7929=DIRECTION('',(0.,1.,0.));
#7930=DIRECTION('center_axis',(0.,-1.,0.));
#7931=DIRECTION('ref_axis',(-1.,0.,0.));
#7932=DIRECTION('center_axis',(1.,0.,0.));
#7933=DIRECTION('ref_axis',(0.,0.,-1.));
#7934=DIRECTION('',(0.,1.,0.));
#7935=DIRECTION('',(0.,0.,1.));
#7936=DIRECTION('',(0.,-1.,0.));
#7937=DIRECTION('',(0.,0.,-1.));
#7938=DIRECTION('',(0.,0.707106781186548,-0.707106781186547));
#7939=DIRECTION('center_axis',(0.,0.,1.));
#7940=DIRECTION('ref_axis',(1.,0.,0.));
#7941=DIRECTION('',(0.,1.,0.));
#7942=DIRECTION('',(-1.,9.33877154675918E-14,0.));
#7943=DIRECTION('',(1.,0.,0.));
#7944=DIRECTION('',(0.,1.,0.));
#7945=DIRECTION('',(1.,0.,0.));
#7946=DIRECTION('',(0.,-1.,0.));
#7947=DIRECTION('',(-1.,0.,0.));
#7948=DIRECTION('',(0.,1.,0.));
#7949=DIRECTION('',(1.,0.,0.));
#7950=DIRECTION('',(0.,1.,0.));
#7951=DIRECTION('',(1.,0.,0.));
#7952=DIRECTION('center_axis',(1.,0.,0.));
#7953=DIRECTION('ref_axis',(0.,0.,-1.));
#7954=DIRECTION('',(0.,0.,-1.));
#7955=DIRECTION('',(0.,-1.,0.));
#7956=DIRECTION('',(0.,0.,-1.));
#7957=DIRECTION('center_axis',(0.,0.707106781186547,0.707106781186548));
#7958=DIRECTION('ref_axis',(1.,0.,0.));
#7959=DIRECTION('',(-1.,0.,0.));
#7960=DIRECTION('',(0.,-0.707106781186548,0.707106781186547));
#7961=DIRECTION('center_axis',(-1.,0.,0.));
#7962=DIRECTION('ref_axis',(0.,0.,1.));
#7963=DIRECTION('',(0.,0.,1.));
#7964=DIRECTION('',(0.,1.,0.));
#7965=DIRECTION('',(0.,0.,-1.));
#7966=DIRECTION('center_axis',(0.,0.707106781186547,0.707106781186548));
#7967=DIRECTION('ref_axis',(1.,0.,0.));
#7968=DIRECTION('',(0.,-0.707106781186548,0.707106781186547));
#7969=DIRECTION('',(0.,0.707106781186548,-0.707106781186547));
#7970=DIRECTION('',(-1.,0.,0.));
#7971=DIRECTION('center_axis',(0.,1.,0.));
#7972=DIRECTION('ref_axis',(0.,0.,1.));
#7973=DIRECTION('',(0.,0.,-1.));
#7974=DIRECTION('',(1.,0.,0.));
#7975=DIRECTION('',(0.,0.,1.));
#7976=DIRECTION('center_axis',(1.,0.,0.));
#7977=DIRECTION('ref_axis',(0.,0.,-1.));
#7978=DIRECTION('',(0.,0.,1.));
#7979=DIRECTION('',(0.,-1.,0.));
#7980=DIRECTION('center_axis',(0.,1.,0.));
#7981=DIRECTION('ref_axis',(0.,0.,1.));
#7982=DIRECTION('',(1.,0.,0.));
#7983=DIRECTION('center_axis',(0.,1.,0.));
#7984=DIRECTION('ref_axis',(-1.,0.,0.));
#7985=DIRECTION('',(0.,0.,1.));
#7986=DIRECTION('',(-1.,0.,0.));
#7987=DIRECTION('center_axis',(0.,1.,0.));
#7988=DIRECTION('ref_axis',(-1.,0.,0.));
#7989=DIRECTION('',(-1.,0.,0.));
#7990=DIRECTION('center_axis',(0.,0.,1.));
#7991=DIRECTION('ref_axis',(1.,0.,0.));
#7992=DIRECTION('',(1.,0.,0.));
#7993=DIRECTION('',(0.,1.,0.));
#7994=DIRECTION('',(1.,-9.33877154675918E-14,0.));
#7995=DIRECTION('center_axis',(0.,0.,-1.));
#7996=DIRECTION('ref_axis',(-0.995859195463443,-0.0909090909145198,0.));
#7997=DIRECTION('',(-1.,3.89989394441359E-13,0.));
#7998=DIRECTION('center_axis',(0.,0.,-1.));
#7999=DIRECTION('ref_axis',(-1.,0.,0.));
#8000=DIRECTION('',(8.88178419702037E-17,1.,0.));
#8001=DIRECTION('center_axis',(0.,0.,-1.));
#8002=DIRECTION('ref_axis',(6.92213962917215E-12,1.,0.));
#8003=DIRECTION('',(1.,-6.92231176725518E-12,0.));
#8004=DIRECTION('center_axis',(0.,0.,-1.));
#8005=DIRECTION('ref_axis',(0.,1.,0.));
#8006=DIRECTION('',(1.,1.94289028441823E-15,0.));
#8007=DIRECTION('',(-1.16865581539454E-15,1.,0.));
#8008=DIRECTION('',(-1.,1.5269509965923E-14,0.));
#8009=DIRECTION('center_axis',(0.,0.,-1.));
#8010=DIRECTION('ref_axis',(-0.995859195568189,-0.0909090897670794,0.));
#8011=DIRECTION('',(-1.,0.,0.));
#8012=DIRECTION('center_axis',(0.,0.,-1.));
#8013=DIRECTION('ref_axis',(-1.,0.,0.));
#8014=DIRECTION('',(-1.77635683980904E-16,1.,0.));
#8015=DIRECTION('',(-0.342020143325668,-0.939692620785909,0.));
#8016=DIRECTION('center_axis',(0.,0.,1.));
#8017=DIRECTION('ref_axis',(-1.,0.,0.));
#8018=DIRECTION('',(-0.342020143325669,0.939692620785908,0.));
#8019=DIRECTION('',(-3.55271367891772E-16,-1.,0.));
#8020=DIRECTION('center_axis',(0.,0.,-1.));
#8021=DIRECTION('ref_axis',(0.,-1.,0.));
#8022=DIRECTION('',(-1.,0.,0.));
#8023=DIRECTION('center_axis',(0.,0.,-1.));
#8024=DIRECTION('ref_axis',(-1.61486985400023E-15,-1.,0.));
#8025=DIRECTION('',(-1.,8.3266726475067E-16,0.));
#8026=DIRECTION('',(-7.01193489236723E-16,-1.,0.));
#8027=DIRECTION('',(1.,-1.11022301966756E-15,0.));
#8028=DIRECTION('center_axis',(0.,0.,-1.));
#8029=DIRECTION('ref_axis',(0.995859195439508,0.0909090911767083,0.));
#8030=DIRECTION('',(1.,0.,0.));
#8031=DIRECTION('center_axis',(0.,0.,-1.));
#8032=DIRECTION('ref_axis',(1.,0.,0.));
#8033=DIRECTION('',(-3.55271367859133E-16,-1.,0.));
#8034=DIRECTION('center_axis',(0.,0.,-1.));
#8035=DIRECTION('ref_axis',(0.,-1.,0.));
#8036=DIRECTION('',(-1.,0.,0.));
#8037=DIRECTION('center_axis',(0.,0.,-1.));
#8038=DIRECTION('ref_axis',(8.07434927000114E-16,-1.,0.));
#8039=DIRECTION('',(1.,-9.33877154675918E-14,0.));
#8040=DIRECTION('',(0.,1.,0.));
#8041=DIRECTION('center_axis',(0.,0.,-1.));
#8042=DIRECTION('ref_axis',(1.,0.,0.));
#8043=DIRECTION('',(0.,-1.,0.));
#8044=DIRECTION('',(-1.,0.,0.));
#8045=DIRECTION('',(0.,1.,0.));
#8046=DIRECTION('',(1.,0.,0.));
#8047=DIRECTION('',(2.12376412752254E-12,1.,0.));
#8048=DIRECTION('',(1.,0.,0.));
#8049=DIRECTION('',(-2.11335578666668E-12,-1.,0.));
#8050=DIRECTION('',(-1.,0.,0.));
#8051=DIRECTION('',(0.,-1.,0.));
#8052=DIRECTION('',(-1.,0.,0.));
#8053=DIRECTION('',(0.,1.,0.));
#8054=DIRECTION('',(1.,0.,0.));
#8055=DIRECTION('',(0.,1.,0.));
#8056=DIRECTION('',(1.,0.,0.));
#8057=DIRECTION('',(0.,-1.,0.));
#8058=DIRECTION('',(-1.,0.,0.));
#8059=DIRECTION('center_axis',(0.,-1.,0.));
#8060=DIRECTION('ref_axis',(0.,0.,-1.));
#8061=DIRECTION('',(0.,0.,1.));
#8062=DIRECTION('center_axis',(-1.,0.,0.));
#8063=DIRECTION('ref_axis',(0.,0.,1.));
#8064=DIRECTION('',(0.,0.,-1.));
#8065=DIRECTION('center_axis',(-1.,0.,0.));
#8066=DIRECTION('ref_axis',(0.,0.,1.));
#8067=DIRECTION('center_axis',(0.,0.,-1.));
#8068=DIRECTION('ref_axis',(0.802077373335678,0.597220132935034,0.));
#8069=DIRECTION('',(0.,0.,1.));
#8070=DIRECTION('center_axis',(0.,0.,1.));
#8071=DIRECTION('ref_axis',(-1.,0.,0.));
#8072=DIRECTION('',(0.,0.,-1.));
#8073=DIRECTION('center_axis',(0.,0.,-1.));
#8074=DIRECTION('ref_axis',(-1.,0.,0.));
#8075=DIRECTION('center_axis',(1.,-3.73860236585884E-12,0.));
#8076=DIRECTION('ref_axis',(3.73860236585884E-12,1.,0.));
#8077=DIRECTION('',(3.73860236585884E-12,1.,0.));
#8078=DIRECTION('',(0.,0.,-1.));
#8079=DIRECTION('',(-3.73860236585884E-12,-1.,0.));
#8080=DIRECTION('',(0.,0.,-1.));
#8081=DIRECTION('',(-3.73860236585884E-12,-1.,0.));
#8082=DIRECTION('',(0.,0.,1.));
#8083=DIRECTION('',(-3.73860236585884E-12,-1.,0.));
#8084=DIRECTION('center_axis',(-1.,-1.75711631754409E-12,0.));
#8085=DIRECTION('ref_axis',(1.75711631754409E-12,-1.,0.));
#8086=DIRECTION('',(0.,0.,1.));
#8087=DIRECTION('',(1.75711631754409E-12,-1.,0.));
#8088=DIRECTION('',(0.,0.,-1.));
#8089=DIRECTION('',(-1.75711631754409E-12,1.,0.));
#8090=DIRECTION('',(0.,0.,-1.));
#8091=DIRECTION('',(-1.75711631754409E-12,1.,0.));
#8092=DIRECTION('',(0.,0.,1.));
#8093=DIRECTION('',(-1.75711631754409E-12,1.,0.));
#8094=DIRECTION('center_axis',(1.,0.,0.));
#8095=DIRECTION('ref_axis',(0.,-1.,0.));
#8096=DIRECTION('',(0.,1.,0.));
#8097=DIRECTION('',(0.,0.,-1.));
#8098=DIRECTION('',(0.,0.,-1.));
#8099=DIRECTION('center_axis',(0.,1.,0.));
#8100=DIRECTION('ref_axis',(1.,0.,0.));
#8101=DIRECTION('',(-1.,0.,0.));
#8102=DIRECTION('',(0.,0.,-1.));
#8103=DIRECTION('center_axis',(-1.,0.,0.));
#8104=DIRECTION('ref_axis',(0.,1.,0.));
#8105=DIRECTION('',(0.,-1.,0.));
#8106=DIRECTION('',(0.,0.,-1.));
#8107=DIRECTION('center_axis',(0.,-1.,0.));
#8108=DIRECTION('ref_axis',(-1.,0.,0.));
#8109=DIRECTION('',(1.,0.,0.));
#8110=DIRECTION('center_axis',(-1.,0.,0.));
#8111=DIRECTION('ref_axis',(0.,1.,0.));
#8112=DIRECTION('',(0.,-1.,0.));
#8113=DIRECTION('',(0.,0.,-1.));
#8114=DIRECTION('',(0.,0.,-1.));
#8115=DIRECTION('center_axis',(0.,-1.,0.));
#8116=DIRECTION('ref_axis',(-1.,0.,0.));
#8117=DIRECTION('',(1.,0.,0.));
#8118=DIRECTION('',(0.,0.,-1.));
#8119=DIRECTION('center_axis',(1.,0.,0.));
#8120=DIRECTION('ref_axis',(0.,-1.,0.));
#8121=DIRECTION('',(0.,1.,0.));
#8122=DIRECTION('',(0.,0.,-1.));
#8123=DIRECTION('center_axis',(0.,1.,0.));
#8124=DIRECTION('ref_axis',(1.,0.,0.));
#8125=DIRECTION('',(-1.,0.,0.));
#8126=DIRECTION('center_axis',(1.,-2.11335578666668E-12,0.));
#8127=DIRECTION('ref_axis',(-2.11335578666668E-12,-1.,0.));
#8128=DIRECTION('',(2.11335578666668E-12,1.,0.));
#8129=DIRECTION('',(0.,0.,-1.));
#8130=DIRECTION('',(0.,0.,-1.));
#8131=DIRECTION('center_axis',(0.,1.,0.));
#8132=DIRECTION('ref_axis',(1.,0.,0.));
#8133=DIRECTION('',(-1.,0.,0.));
#8134=DIRECTION('',(0.,0.,-1.));
#8135=DIRECTION('center_axis',(-1.,2.12376412752254E-12,0.));
#8136=DIRECTION('ref_axis',(2.12376412752254E-12,1.,0.));
#8137=DIRECTION('',(-2.12376412752254E-12,-1.,0.));
#8138=DIRECTION('',(0.,0.,-1.));
#8139=DIRECTION('center_axis',(0.,-1.,0.));
#8140=DIRECTION('ref_axis',(-1.,0.,0.));
#8141=DIRECTION('',(1.,0.,0.));
#8142=DIRECTION('center_axis',(-1.,0.,0.));
#8143=DIRECTION('ref_axis',(0.,1.,0.));
#8144=DIRECTION('',(0.,-1.,0.));
#8145=DIRECTION('',(0.,0.,-1.));
#8146=DIRECTION('',(0.,0.,-1.));
#8147=DIRECTION('center_axis',(0.,-1.,0.));
#8148=DIRECTION('ref_axis',(-1.,0.,0.));
#8149=DIRECTION('',(1.,0.,0.));
#8150=DIRECTION('',(0.,0.,-1.));
#8151=DIRECTION('center_axis',(1.,0.,0.));
#8152=DIRECTION('ref_axis',(0.,-1.,0.));
#8153=DIRECTION('',(0.,1.,0.));
#8154=DIRECTION('',(0.,0.,-1.));
#8155=DIRECTION('center_axis',(0.,1.,0.));
#8156=DIRECTION('ref_axis',(1.,0.,0.));
#8157=DIRECTION('',(-1.,0.,0.));
#8158=DIRECTION('center_axis',(-0.707106781186547,2.70289008870248E-12,
-0.707106781186548));
#8159=DIRECTION('ref_axis',(-0.707106781186548,0.,0.707106781186547));
#8160=DIRECTION('',(-0.707106781187317,2.70369921385052E-12,0.707106781185778));
#8161=DIRECTION('',(3.82246382104687E-12,1.,0.));
#8162=DIRECTION('',(0.707106781188291,-2.7036992138468E-12,-0.707106781184804));
#8163=DIRECTION('',(-3.82246382104687E-12,-1.,0.));
#8164=DIRECTION('center_axis',(0.,0.,1.));
#8165=DIRECTION('ref_axis',(-1.,3.82271991839096E-12,0.));
#8166=DIRECTION('',(-8.54130297521864E-13,-0.707106781188294,0.707106781184801));
#8167=DIRECTION('center_axis',(0.,0.,-1.));
#8168=DIRECTION('ref_axis',(-1.,3.82271991839096E-12,0.));
#8169=DIRECTION('center_axis',(0.,0.,1.));
#8170=DIRECTION('ref_axis',(-1.,3.82271991839096E-12,0.));
#8171=DIRECTION('center_axis',(0.,-0.707106781186547,-0.707106781186548));
#8172=DIRECTION('ref_axis',(-1.,0.,0.));
#8173=DIRECTION('',(3.1401849173676E-15,-0.707106781186537,0.707106781186558));
#8174=DIRECTION('',(-1.,0.,0.));
#8175=DIRECTION('',(1.,0.,0.));
#8176=DIRECTION('center_axis',(0.,0.,1.));
#8177=DIRECTION('ref_axis',(-7.37188088351105E-13,-1.,0.));
#8178=DIRECTION('',(0.707106781188005,1.06766287190277E-13,0.70710678118509));
#8179=DIRECTION('center_axis',(0.,0.,-1.));
#8180=DIRECTION('ref_axis',(-7.37188088351105E-13,-1.,0.));
#8181=DIRECTION('center_axis',(0.,0.,1.));
#8182=DIRECTION('ref_axis',(-7.37188088351105E-13,-1.,0.));
#8183=DIRECTION('center_axis',(0.707106781186549,-2.10633942149578E-13,
-0.707106781186546));
#8184=DIRECTION('ref_axis',(-0.707106781186546,0.,-0.707106781186549));
#8185=DIRECTION('',(0.707106781176264,-2.10392389466686E-13,0.707106781196831));
#8186=DIRECTION('',(-2.97881377684042E-13,-1.,0.));
#8187=DIRECTION('',(2.97881377684042E-13,1.,0.));
#8188=DIRECTION('center_axis',(0.,0.,1.));
#8189=DIRECTION('ref_axis',(1.,1.50102152929759E-13,0.));
#8190=DIRECTION('',(0.569388450870281,0.419281280306599,0.707106781186548));
#8191=DIRECTION('center_axis',(0.,0.,-1.));
#8192=DIRECTION('ref_axis',(1.,1.50102152929759E-13,0.));
#8193=DIRECTION('center_axis',(0.,0.,1.));
#8194=DIRECTION('ref_axis',(1.,1.50102152929759E-13,0.));
#8195=DIRECTION('center_axis',(0.,0.,1.));
#8196=DIRECTION('ref_axis',(0.805236869477989,0.592953273060608,0.));
#8197=DIRECTION('',(-0.569388450887838,0.419281280329536,0.70710678115881));
#8198=DIRECTION('center_axis',(0.,0.,1.));
#8199=DIRECTION('ref_axis',(0.805236869477989,0.592953273060608,0.));
#8200=DIRECTION('center_axis',(0.,0.,1.));
#8201=DIRECTION('ref_axis',(-0.805236869472604,0.592953273067921,0.));
#8202=DIRECTION('center_axis',(0.,0.,-1.));
#8203=DIRECTION('ref_axis',(-0.805236869472604,0.592953273067922,0.));
#8204=DIRECTION('center_axis',(0.,0.,1.));
#8205=DIRECTION('ref_axis',(-0.805236869472604,0.592953273067922,0.));
#8206=DIRECTION('center_axis',(0.,0.,1.));
#8207=DIRECTION('ref_axis',(1.,1.50102152929759E-13,0.));
#8208=DIRECTION('center_axis',(0.,0.,-1.));
#8209=DIRECTION('ref_axis',(1.,1.50102152929759E-13,0.));
#8210=DIRECTION('',(0.,0.,1.));
#8211=DIRECTION('center_axis',(0.,0.,1.));
#8212=DIRECTION('ref_axis',(-0.805236869472604,0.592953273067921,0.));
#8213=DIRECTION('',(0.,0.,1.));
#8214=DIRECTION('center_axis',(0.,0.,-1.));
#8215=DIRECTION('ref_axis',(-0.805236869472604,0.592953273067921,0.));
#8216=DIRECTION('center_axis',(-1.,3.82246382104687E-12,0.));
#8217=DIRECTION('ref_axis',(-3.82246382104687E-12,-1.,0.));
#8218=DIRECTION('',(0.,0.,1.));
#8219=DIRECTION('',(-3.82246382104687E-12,-1.,0.));
#8220=DIRECTION('',(0.,0.,-1.));
#8221=DIRECTION('',(3.82246382104687E-12,1.,0.));
#8222=DIRECTION('center_axis',(0.,0.,-1.));
#8223=DIRECTION('ref_axis',(-1.,0.,0.));
#8224=DIRECTION('center_axis',(0.,0.,-1.));
#8225=DIRECTION('ref_axis',(-1.,0.,0.));
#8226=DIRECTION('',(0.,0.,-1.));
#8227=DIRECTION('center_axis',(0.,0.,1.));
#8228=DIRECTION('ref_axis',(-1.,0.,0.));
#8229=DIRECTION('center_axis',(0.,0.,-1.));
#8230=DIRECTION('ref_axis',(-0.325143839789751,-0.945664572375838,0.));
#8231=DIRECTION('center_axis',(0.,0.,1.));
#8232=DIRECTION('ref_axis',(-0.0976404530151455,0.995221755155602,0.));
#8233=DIRECTION('',(0.,0.,-1.));
#8234=DIRECTION('center_axis',(0.,0.,-1.));
#8235=DIRECTION('ref_axis',(-0.0976404530151455,0.995221755155602,0.));
#8236=DIRECTION('center_axis',(-0.788562966904002,0.614954020417427,0.));
#8237=DIRECTION('ref_axis',(0.614954020417427,0.788562966904002,0.));
#8238=DIRECTION('',(-0.614954020417427,-0.788562966904002,0.));
#8239=DIRECTION('',(0.614954020417427,0.788562966904002,0.));
#8240=DIRECTION('',(0.,0.,-1.));
#8241=DIRECTION('center_axis',(-1.,-1.16865581539454E-15,0.));
#8242=DIRECTION('ref_axis',(-1.16865581539454E-15,1.,0.));
#8243=DIRECTION('',(1.16865581539454E-15,-1.,0.));
#8244=DIRECTION('',(0.,0.,-1.));
#8245=DIRECTION('',(0.,0.,-1.));
#8246=DIRECTION('center_axis',(1.,-7.01193489236723E-16,0.));
#8247=DIRECTION('ref_axis',(-7.01193489236723E-16,-1.,0.));
#8248=DIRECTION('',(7.01193489236723E-16,1.,0.));
#8249=DIRECTION('',(0.,0.,-1.));
#8250=DIRECTION('',(0.,0.,-1.));
#8251=DIRECTION('center_axis',(0.791940738161086,0.610597958759178,0.));
#8252=DIRECTION('ref_axis',(0.610597958759178,-0.791940738161086,0.));
#8253=DIRECTION('',(-0.610597958759178,0.791940738161085,0.));
#8254=DIRECTION('',(0.,0.,-1.));
#8255=DIRECTION('',(0.610597958759178,-0.791940738161085,0.));
#8256=DIRECTION('',(0.,0.,-1.));
#8257=DIRECTION('center_axis',(0.,0.,-1.));
#8258=DIRECTION('ref_axis',(-0.955124819772291,-0.296203610131526,0.));
#8259=DIRECTION('center_axis',(0.,0.,-1.));
#8260=DIRECTION('ref_axis',(-0.955124819772291,-0.296203610131526,0.));
#8261=DIRECTION('center_axis',(0.,0.,1.));
#8262=DIRECTION('ref_axis',(-0.955124819772291,-0.296203610131526,0.));
#8263=DIRECTION('center_axis',(0.,0.,1.));
#8264=DIRECTION('ref_axis',(-1.,0.,0.));
#8265=DIRECTION('center_axis',(0.,0.,-1.));
#8266=DIRECTION('ref_axis',(1.,0.,0.));
#8267=DIRECTION('',(-3.55271367891772E-16,-1.,0.));
#8268=DIRECTION('',(0.342020143325669,-0.939692620785908,0.));
#8269=DIRECTION('center_axis',(0.,0.,1.));
#8270=DIRECTION('ref_axis',(-1.,0.,0.));
#8271=DIRECTION('',(0.342020143325668,0.939692620785909,0.));
#8272=DIRECTION('',(-1.77635683980904E-16,1.,0.));
#8273=DIRECTION('center_axis',(0.,0.,-1.));
#8274=DIRECTION('ref_axis',(0.,1.,0.));
#8275=DIRECTION('center_axis',(0.,0.,-1.));
#8276=DIRECTION('ref_axis',(0.,-1.,0.));
#8277=DIRECTION('',(-1.,0.,0.));
#8278=DIRECTION('center_axis',(0.,0.,-1.));
#8279=DIRECTION('ref_axis',(1.61486985400023E-15,-1.,0.));
#8280=DIRECTION('',(-1.,-7.49400538275599E-15,0.));
#8281=DIRECTION('',(1.,1.94289028441823E-15,0.));
#8282=DIRECTION('center_axis',(0.,0.,-1.));
#8283=DIRECTION('ref_axis',(0.995859195358952,0.0909090920591584,0.));
#8284=DIRECTION('',(1.,0.,0.));
#8285=DIRECTION('center_axis',(0.,0.,-1.));
#8286=DIRECTION('ref_axis',(1.,0.,0.));
#8287=DIRECTION('',(0.,-1.,0.));
#8288=DIRECTION('center_axis',(0.,0.,-1.));
#8289=DIRECTION('ref_axis',(0.,-1.,0.));
#8290=DIRECTION('',(-1.,0.,0.));
#8291=DIRECTION('center_axis',(0.,0.,-1.));
#8292=DIRECTION('ref_axis',(0.,-1.,0.));
#8293=DIRECTION('',(1.,-2.17658976934332E-13,0.));
#8294=DIRECTION('center_axis',(0.,0.,1.));
#8295=DIRECTION('ref_axis',(0.,-1.,0.));
#8296=DIRECTION('',(-1.,0.,0.));
#8297=DIRECTION('center_axis',(0.,0.,1.));
#8298=DIRECTION('ref_axis',(7.14464754025812E-9,1.,0.));
#8299=DIRECTION('',(1.,-4.44089209850063E-16,0.));
#8300=DIRECTION('center_axis',(0.,0.,1.));
#8301=DIRECTION('ref_axis',(0.,-1.,0.));
#8302=DIRECTION('',(-1.,0.,0.));
#8303=DIRECTION('center_axis',(0.,0.,1.));
#8304=DIRECTION('ref_axis',(7.14464754025812E-9,1.,0.));
#8305=DIRECTION('',(1.,2.1094237467878E-15,0.));
#8306=DIRECTION('center_axis',(0.,0.,1.));
#8307=DIRECTION('ref_axis',(0.,1.,0.));
#8308=DIRECTION('',(1.,0.,0.));
#8309=DIRECTION('center_axis',(0.,0.,1.));
#8310=DIRECTION('ref_axis',(-7.13785297534739E-9,-1.,0.));
#8311=DIRECTION('',(-1.,0.,0.));
#8312=DIRECTION('center_axis',(0.,0.,1.));
#8313=DIRECTION('ref_axis',(1.77635683940025E-15,1.,0.));
#8314=DIRECTION('',(1.,5.55111512312578E-16,0.));
#8315=DIRECTION('center_axis',(0.,0.,1.));
#8316=DIRECTION('ref_axis',(-7.14464931661496E-9,-1.,0.));
#8317=DIRECTION('',(-1.,8.88178419700127E-16,0.));
#8318=DIRECTION('center_axis',(0.,0.,1.));
#8319=DIRECTION('ref_axis',(-7.14464754025812E-9,-1.,0.));
#8320=DIRECTION('',(-1.,0.,0.));
#8321=DIRECTION('center_axis',(0.,0.,1.));
#8322=DIRECTION('ref_axis',(0.,1.,0.));
#8323=DIRECTION('',(1.,1.2712053631958E-13,0.));
#8324=DIRECTION('center_axis',(0.,0.,1.));
#8325=DIRECTION('ref_axis',(0.,1.,0.));
#8326=DIRECTION('',(1.,0.,0.));
#8327=DIRECTION('center_axis',(0.,0.,1.));
#8328=DIRECTION('ref_axis',(1.77635683940025E-15,-1.,0.));
#8329=DIRECTION('',(-1.,0.,0.));
#8330=DIRECTION('center_axis',(0.,0.,1.));
#8331=DIRECTION('ref_axis',(7.14464931661496E-9,1.,0.));
#8332=DIRECTION('',(1.,-1.66533452206495E-15,0.));
#8333=DIRECTION('center_axis',(0.,0.,1.));
#8334=DIRECTION('ref_axis',(-1.77635683940025E-15,-1.,0.));
#8335=DIRECTION('',(-1.,4.44089209850063E-16,0.));
#8336=DIRECTION('center_axis',(0.,0.,1.));
#8337=DIRECTION('ref_axis',(-7.14464754025812E-9,-1.,0.));
#8338=DIRECTION('',(-1.,0.,0.));
#8339=DIRECTION('center_axis',(0.,0.,1.));
#8340=DIRECTION('ref_axis',(0.,1.,0.));
#8341=DIRECTION('',(1.,4.44089209850063E-16,0.));
#8342=DIRECTION('center_axis',(0.,0.,-1.));
#8343=DIRECTION('ref_axis',(1.,0.,0.));
#8344=DIRECTION('center_axis',(0.,0.,-1.));
#8345=DIRECTION('ref_axis',(1.,0.,0.));
#8346=DIRECTION('center_axis',(0.,0.,-1.));
#8347=DIRECTION('ref_axis',(1.,0.,0.));
#8348=DIRECTION('center_axis',(0.,0.,-1.));
#8349=DIRECTION('ref_axis',(1.,0.,0.));
#8350=DIRECTION('center_axis',(0.,0.,-1.));
#8351=DIRECTION('ref_axis',(1.,0.,0.));
#8352=DIRECTION('',(1.,-2.17658976934332E-13,0.));
#8353=DIRECTION('center_axis',(0.,0.,-1.));
#8354=DIRECTION('ref_axis',(-0.995859195463938,-0.0909090909090924,0.));
#8355=DIRECTION('',(-1.,0.,0.));
#8356=DIRECTION('center_axis',(0.,0.,-1.));
#8357=DIRECTION('ref_axis',(-1.,0.,0.));
#8358=DIRECTION('',(0.,1.,0.));
#8359=DIRECTION('center_axis',(0.,0.,-1.));
#8360=DIRECTION('ref_axis',(0.,1.,0.));
#8361=DIRECTION('',(1.,0.,0.));
#8362=DIRECTION('center_axis',(0.,0.,-1.));
#8363=DIRECTION('ref_axis',(0.,1.,0.));
#8364=DIRECTION('',(1.,-1.11022301966756E-15,0.));
#8365=DIRECTION('',(-1.,8.3266726475067E-16,0.));
#8366=DIRECTION('center_axis',(0.,0.,-1.));
#8367=DIRECTION('ref_axis',(-0.995859195463938,-0.090909090909091,0.));
#8368=DIRECTION('',(-1.,0.,0.));
#8369=DIRECTION('center_axis',(0.,0.,-1.));
#8370=DIRECTION('ref_axis',(-1.,0.,0.));
#8371=DIRECTION('center_axis',(-0.939692620785908,-0.342020143325669,0.));
#8372=DIRECTION('ref_axis',(-0.342020143325669,0.939692620785908,0.));
#8373=DIRECTION('',(0.,0.,-1.));
#8374=DIRECTION('',(0.,0.,-1.));
#8375=DIRECTION('center_axis',(0.,0.,-1.));
#8376=DIRECTION('ref_axis',(-1.,0.,0.));
#8377=DIRECTION('',(0.,0.,1.));
#8378=DIRECTION('center_axis',(0.939692620785909,-0.342020143325668,0.));
#8379=DIRECTION('ref_axis',(-0.342020143325668,-0.939692620785909,0.));
#8380=DIRECTION('',(0.,0.,-1.));
#8381=DIRECTION('center_axis',(0.,0.,1.));
#8382=DIRECTION('ref_axis',(1.,0.,0.));
#8383=DIRECTION('center_axis',(0.,0.,1.));
#8384=DIRECTION('ref_axis',(-0.707106781187902,-0.707106781185193,0.));
#8385=DIRECTION('center_axis',(0.,0.,1.));
#8386=DIRECTION('ref_axis',(-1.,0.,0.));
#8387=DIRECTION('center_axis',(0.,0.,1.));
#8388=DIRECTION('ref_axis',(-0.707106781187902,-0.707106781185193,0.));
#8389=DIRECTION('',(1.,-9.33877154675918E-14,0.));
#8390=DIRECTION('center_axis',(0.,0.,-1.));
#8391=DIRECTION('ref_axis',(1.,0.,0.));
#8392=DIRECTION('center_axis',(0.,0.,1.));
#8393=DIRECTION('ref_axis',(1.,0.,0.));
#8394=DIRECTION('center_axis',(0.,0.,-1.));
#8395=DIRECTION('ref_axis',(-1.,0.,0.));
#8396=DIRECTION('',(0.,1.,0.));
#8397=DIRECTION('center_axis',(0.,0.,-1.));
#8398=DIRECTION('ref_axis',(0.,1.,0.));
#8399=DIRECTION('',(1.,0.,0.));
#8400=DIRECTION('center_axis',(0.,0.,-1.));
#8401=DIRECTION('ref_axis',(-2.42230478100032E-15,1.,0.));
#8402=DIRECTION('',(1.,-8.88178415734045E-15,0.));
#8403=DIRECTION('center_axis',(0.,0.,-1.));
#8404=DIRECTION('ref_axis',(0.995859195463938,0.0909090909090906,0.));
#8405=DIRECTION('',(1.,0.,0.));
#8406=DIRECTION('center_axis',(0.,0.,-1.));
#8407=DIRECTION('ref_axis',(1.,0.,0.));
#8408=DIRECTION('center_axis',(0.,0.,1.));
#8409=DIRECTION('ref_axis',(1.,0.,0.));
#8410=DIRECTION('center_axis',(0.,0.,1.));
#8411=DIRECTION('ref_axis',(-0.97115886574004,0.238433339729408,0.));
#8412=DIRECTION('center_axis',(0.,0.,-1.));
#8413=DIRECTION('ref_axis',(1.,0.,0.));
#8414=DIRECTION('center_axis',(0.,0.,1.));
#8415=DIRECTION('ref_axis',(1.,0.,0.));
#8416=DIRECTION('center_axis',(0.,0.,1.));
#8417=DIRECTION('ref_axis',(0.980055396132345,0.198724483926548,0.));
#8418=DIRECTION('center_axis',(0.,0.,1.));
#8419=DIRECTION('ref_axis',(1.,0.,0.));
#8420=DIRECTION('center_axis',(0.,0.,-1.));
#8421=DIRECTION('ref_axis',(0.,1.,0.));
#8422=DIRECTION('',(1.,0.,0.));
#8423=DIRECTION('center_axis',(0.,0.,-1.));
#8424=DIRECTION('ref_axis',(0.,1.,0.));
#8425=DIRECTION('',(1.,1.55431222753459E-14,0.));
#8426=DIRECTION('center_axis',(0.,0.,-1.));
#8427=DIRECTION('ref_axis',(0.995859195453426,0.090909091024247,0.));
#8428=DIRECTION('',(1.,0.,0.));
#8429=DIRECTION('center_axis',(0.,0.,-1.));
#8430=DIRECTION('ref_axis',(1.,-1.61486985400023E-15,0.));
#8431=DIRECTION('',(-1.06581410362454E-15,-1.,0.));
#8432=DIRECTION('center_axis',(0.,0.,-1.));
#8433=DIRECTION('ref_axis',(0.,-1.,0.));
#8434=DIRECTION('center_axis',(0.,0.,-1.));
#8435=DIRECTION('ref_axis',(1.,0.,0.));
#8436=DIRECTION('center_axis',(0.,0.,1.));
#8437=DIRECTION('ref_axis',(1.,0.,0.));
#8438=DIRECTION('',(1.,-9.33877154675918E-14,0.));
#8439=DIRECTION('center_axis',(0.,0.,1.));
#8440=DIRECTION('ref_axis',(0.707106781187135,-0.70710678118596,0.));
#8441=DIRECTION('center_axis',(0.,0.,1.));
#8442=DIRECTION('ref_axis',(-1.,0.,0.));
#8443=DIRECTION('center_axis',(0.,0.,1.));
#8444=DIRECTION('ref_axis',(0.707106781187135,-0.70710678118596,0.));
#8445=DIRECTION('center_axis',(0.,0.,-1.));
#8446=DIRECTION('ref_axis',(1.,0.,0.));
#8447=DIRECTION('center_axis',(0.500000000000023,0.707106781186548,-0.499999999999976));
#8448=DIRECTION('ref_axis',(-0.707106781186514,0.,-0.707106781186581));
#8449=DIRECTION('',(0.,-0.577350269189607,-0.816496580927739));
#8450=DIRECTION('',(-0.707106781186514,0.,-0.707106781186581));
#8451=DIRECTION('',(0.,-0.577350269189607,-0.816496580927739));
#8452=DIRECTION('',(0.707106781186514,0.,0.707106781186581));
#8453=DIRECTION('center_axis',(-1.,0.,0.));
#8454=DIRECTION('ref_axis',(0.,0.,1.));
#8455=DIRECTION('',(0.,0.,1.));
#8456=DIRECTION('',(0.,1.,0.));
#8457=DIRECTION('',(0.,0.,1.));
#8458=DIRECTION('',(0.,1.,0.));
#8459=DIRECTION('center_axis',(0.,-1.,0.));
#8460=DIRECTION('ref_axis',(0.,0.,1.));
#8461=DIRECTION('',(0.,0.,1.));
#8462=DIRECTION('',(-1.,0.,0.));
#8463=DIRECTION('center_axis',(-0.500000000000023,0.707106781186548,-0.499999999999976));
#8464=DIRECTION('ref_axis',(-0.707106781186514,0.,0.707106781186581));
#8465=DIRECTION('',(0.,0.577350269189607,0.81649658092774));
#8466=DIRECTION('',(0.707106781186514,0.,-0.707106781186581));
#8467=DIRECTION('',(0.,0.577350269189607,0.81649658092774));
#8468=DIRECTION('',(-0.707106781186514,0.,0.707106781186581));
#8469=DIRECTION('center_axis',(-0.707106781186581,0.,-0.707106781186514));
#8470=DIRECTION('ref_axis',(-0.707106781186514,0.,0.707106781186581));
#8471=DIRECTION('',(0.,1.,0.));
#8472=DIRECTION('center_axis',(0.707106781186581,0.,0.707106781186514));
#8473=DIRECTION('ref_axis',(0.707106781186514,0.,-0.707106781186581));
#8474=DIRECTION('',(-4.44089209849942E-14,-1.,4.44089209849984E-14));
#8475=DIRECTION('center_axis',(0.707106781186581,0.,0.707106781186514));
#8476=DIRECTION('ref_axis',(0.707106781186514,0.,-0.707106781186581));
#8477=DIRECTION('',(0.,1.,0.));
#8478=DIRECTION('',(-0.707106781186514,0.,0.707106781186581));
#8479=DIRECTION('',(0.,1.,0.));
#8480=DIRECTION('center_axis',(0.,1.,-8.59534667249025E-12));
#8481=DIRECTION('ref_axis',(0.,8.59534667249025E-12,1.));
#8482=DIRECTION('',(-0.707106781186514,6.07782791876737E-12,0.707106781186581));
#8483=DIRECTION('',(0.,8.59534667249025E-12,1.));
#8484=DIRECTION('',(1.,0.,0.));
#8485=DIRECTION('',(0.,8.59534667249025E-12,1.));
#8486=DIRECTION('center_axis',(0.,-1.,0.));
#8487=DIRECTION('ref_axis',(0.,0.,-1.));
#8488=DIRECTION('',(0.,0.,-1.));
#8489=DIRECTION('',(-1.,0.,0.));
#8490=DIRECTION('',(0.,0.,-1.));
#8491=DIRECTION('center_axis',(-0.707106781186581,0.,-0.707106781186514));
#8492=DIRECTION('ref_axis',(-0.707106781186514,0.,0.707106781186581));
#8493=DIRECTION('',(0.,1.,0.));
#8494=DIRECTION('',(0.,1.,0.));
#8495=DIRECTION('center_axis',(0.707106781186581,0.,0.707106781186514));
#8496=DIRECTION('ref_axis',(0.707106781186514,0.,-0.707106781186581));
#8497=DIRECTION('',(1.77635639868038E-14,-1.,-1.77635639868054E-14));
#8498=DIRECTION('center_axis',(0.707106781186581,0.,0.707106781186514));
#8499=DIRECTION('ref_axis',(0.707106781186514,0.,-0.707106781186581));
#8500=DIRECTION('',(0.,1.,0.));
#8501=DIRECTION('center_axis',(-1.,0.,0.));
#8502=DIRECTION('ref_axis',(0.,0.,1.));
#8503=DIRECTION('',(0.,0.,1.));
#8504=DIRECTION('',(0.,-1.,0.));
#8505=DIRECTION('center_axis',(-1.,0.,0.));
#8506=DIRECTION('ref_axis',(0.,0.,1.));
#8507=DIRECTION('',(0.,-1.,0.));
#8508=DIRECTION('center_axis',(0.,0.,1.));
#8509=DIRECTION('ref_axis',(1.,0.,0.));
#8510=DIRECTION('',(0.,-1.,0.));
#8511=DIRECTION('',(-1.,0.,0.));
#8512=DIRECTION('center_axis',(0.,0.,1.));
#8513=DIRECTION('ref_axis',(-1.,3.82271991839096E-12,0.));
#8514=DIRECTION('',(1.,0.,0.));
#8515=DIRECTION('center_axis',(0.,0.,1.));
#8516=DIRECTION('ref_axis',(-7.37188088351105E-13,-1.,0.));
#8517=DIRECTION('',(2.97881377684042E-13,1.,0.));
#8518=DIRECTION('',(-1.,0.,0.));
#8519=DIRECTION('',(0.,1.,0.));
#8520=DIRECTION('',(1.,0.,0.));
#8521=DIRECTION('',(0.,1.,0.));
#8522=DIRECTION('center_axis',(0.,0.,-1.));
#8523=DIRECTION('ref_axis',(-1.,0.,0.));
#8524=DIRECTION('center_axis',(0.,0.,1.));
#8525=DIRECTION('ref_axis',(-0.707106781187902,-0.707106781185193,0.));
#8526=DIRECTION('center_axis',(0.,0.,1.));
#8527=DIRECTION('ref_axis',(-0.97115886574004,0.238433339729408,0.));
#8528=DIRECTION('center_axis',(0.,0.,-1.));
#8529=DIRECTION('ref_axis',(1.,0.,0.));
#8530=DIRECTION('center_axis',(0.,0.,-1.));
#8531=DIRECTION('ref_axis',(1.,0.,0.));
#8532=DIRECTION('center_axis',(0.,0.,1.));
#8533=DIRECTION('ref_axis',(0.980055396132345,0.198724483926548,0.));
#8534=DIRECTION('center_axis',(0.,0.,1.));
#8535=DIRECTION('ref_axis',(0.707106781187135,-0.70710678118596,0.));
#8536=DIRECTION('center_axis',(0.,0.,-1.));
#8537=DIRECTION('ref_axis',(-1.,0.,0.));
#8538=DIRECTION('center_axis',(0.,0.,1.));
#8539=DIRECTION('ref_axis',(0.707106781187135,-0.70710678118596,0.));
#8540=DIRECTION('',(-1.,9.33877154675918E-14,0.));
#8541=DIRECTION('center_axis',(0.,0.,1.));
#8542=DIRECTION('ref_axis',(-0.707106781187902,-0.707106781185193,0.));
#8543=DIRECTION('center_axis',(0.,1.,-8.5960868211747E-12));
#8544=DIRECTION('ref_axis',(0.,-8.5960868211747E-12,-1.));
#8545=DIRECTION('',(-0.707106781186514,-6.07835128292123E-12,-0.707106781186581));
#8546=DIRECTION('',(0.,-8.5960868211747E-12,-1.));
#8547=DIRECTION('',(0.,-8.5960868211747E-12,-1.));
#8548=DIRECTION('center_axis',(-1.,0.,0.));
#8549=DIRECTION('ref_axis',(0.,0.,1.));
#8550=DIRECTION('',(0.,1.,0.));
#8551=DIRECTION('center_axis',(-0.707106781186581,0.,0.707106781186514));
#8552=DIRECTION('ref_axis',(0.707106781186514,0.,0.707106781186581));
#8553=DIRECTION('',(0.,1.,0.));
#8554=DIRECTION('center_axis',(-0.707106781186581,0.,0.707106781186514));
#8555=DIRECTION('ref_axis',(-0.707106781186514,0.,-0.707106781186581));
#8556=DIRECTION('',(1.77635639868038E-14,1.,1.77635639868054E-14));
#8557=DIRECTION('center_axis',(-0.707106781186581,0.,0.707106781186514));
#8558=DIRECTION('ref_axis',(-0.707106781186514,0.,-0.707106781186581));
#8559=DIRECTION('',(0.,1.,0.));
#8560=DIRECTION('center_axis',(0.,0.,-1.));
#8561=DIRECTION('ref_axis',(1.,0.,0.));
#8562=DIRECTION('',(0.,0.,1.));
#8563=DIRECTION('center_axis',(0.,0.,-1.));
#8564=DIRECTION('ref_axis',(1.,0.,0.));
#8565=DIRECTION('',(0.,0.,-1.));
#8566=DIRECTION('center_axis',(0.,0.,-1.));
#8567=DIRECTION('ref_axis',(1.,0.,0.));
#8568=DIRECTION('',(0.,0.,1.));
#8569=DIRECTION('center_axis',(0.,0.,-1.));
#8570=DIRECTION('ref_axis',(1.,0.,0.));
#8571=DIRECTION('',(0.,0.,1.));
#8572=DIRECTION('center_axis',(1.,1.77635639868038E-14,0.));
#8573=DIRECTION('ref_axis',(-1.77635639868038E-14,1.,0.));
#8574=DIRECTION('',(-1.77635639868038E-14,1.,0.));
#8575=DIRECTION('center_axis',(1.,-4.44089209849942E-14,0.));
#8576=DIRECTION('ref_axis',(4.44089209849942E-14,1.,0.));
#8577=DIRECTION('',(0.,0.,1.));
#8578=DIRECTION('',(4.44089209849942E-14,1.,0.));
#8579=DIRECTION('',(0.,0.,1.));
#8580=DIRECTION('center_axis',(0.,0.,-1.));
#8581=DIRECTION('ref_axis',(1.,0.,0.));
#8582=DIRECTION('center_axis',(0.,0.,-1.));
#8583=DIRECTION('ref_axis',(1.,0.,0.));
#8584=DIRECTION('',(0.,0.,-1.));
#8585=DIRECTION('center_axis',(0.,0.,-1.));
#8586=DIRECTION('ref_axis',(1.,0.,0.));
#8587=DIRECTION('',(0.,0.,1.));
#8588=DIRECTION('center_axis',(0.,0.,-1.));
#8589=DIRECTION('ref_axis',(1.,0.,0.));
#8590=DIRECTION('center_axis',(-1.,0.,0.));
#8591=DIRECTION('ref_axis',(0.,0.,1.));
#8592=DIRECTION('',(0.,1.,0.));
#8593=DIRECTION('',(0.,0.,-1.));
#8594=DIRECTION('center_axis',(-1.,0.,0.));
#8595=DIRECTION('ref_axis',(0.,0.,1.));
#8596=DIRECTION('',(0.,1.,0.));
#8597=DIRECTION('center_axis',(-1.,0.,0.));
#8598=DIRECTION('ref_axis',(0.,0.,1.));
#8599=DIRECTION('',(0.,1.,0.));
#8600=DIRECTION('center_axis',(0.,0.,1.));
#8601=DIRECTION('ref_axis',(1.,0.,0.));
#8602=DIRECTION('',(-1.,0.,0.));
#8603=DIRECTION('center_axis',(0.,-1.,0.));
#8604=DIRECTION('ref_axis',(1.,0.,0.));
#8605=DIRECTION('center_axis',(-0.707106781186581,0.,0.707106781186514));
#8606=DIRECTION('ref_axis',(0.707106781186514,0.,0.707106781186581));
#8607=DIRECTION('',(0.707106781186514,0.,0.707106781186581));
#8608=DIRECTION('',(0.,1.,0.));
#8609=DIRECTION('center_axis',(-0.707106781186581,0.,0.707106781186514));
#8610=DIRECTION('ref_axis',(-0.707106781186514,0.,-0.707106781186581));
#8611=DIRECTION('',(-4.44089209849942E-14,1.,-4.44089209849984E-14));
#8612=DIRECTION('center_axis',(-0.707106781186581,0.,0.707106781186514));
#8613=DIRECTION('ref_axis',(-0.707106781186514,0.,-0.707106781186581));
#8614=DIRECTION('',(0.,1.,0.));
#8615=DIRECTION('center_axis',(0.,0.,1.));
#8616=DIRECTION('ref_axis',(-1.,0.,0.));
#8617=DIRECTION('',(0.,0.,1.));
#8618=DIRECTION('center_axis',(0.,0.,-1.));
#8619=DIRECTION('ref_axis',(-1.,0.,0.));
#8620=DIRECTION('',(0.,0.,1.));
#8621=DIRECTION('center_axis',(0.,0.,1.));
#8622=DIRECTION('ref_axis',(-1.,0.,0.));
#8623=DIRECTION('',(0.,0.,1.));
#8624=DIRECTION('center_axis',(0.,0.,-1.));
#8625=DIRECTION('ref_axis',(-1.,0.,0.));
#8626=DIRECTION('',(0.,0.,-1.));
#8627=DIRECTION('center_axis',(1.,-1.77635639868038E-14,0.));
#8628=DIRECTION('ref_axis',(1.77635639868038E-14,1.,0.));
#8629=DIRECTION('',(-1.77635639868038E-14,-1.,0.));
#8630=DIRECTION('center_axis',(0.,0.,-1.));
#8631=DIRECTION('ref_axis',(-1.,0.,0.));
#8632=DIRECTION('',(0.,1.,0.));
#8633=DIRECTION('center_axis',(0.,0.,-1.));
#8634=DIRECTION('ref_axis',(-1.,0.,0.));
#8635=DIRECTION('',(4.44089209849942E-14,-1.,0.));
#8636=DIRECTION('center_axis',(0.,0.,-1.));
#8637=DIRECTION('ref_axis',(-1.,0.,0.));
#8638=DIRECTION('',(0.,1.,0.));
#8639=DIRECTION('',(1.,0.,0.));
#8640=DIRECTION('',(-2.97881377684042E-13,-1.,0.));
#8641=DIRECTION('',(0.,1.,0.));
#8642=DIRECTION('center_axis',(-1.,0.,0.));
#8643=DIRECTION('ref_axis',(0.,0.,1.));
#8644=DIRECTION('',(0.,0.,-1.));
#8645=DIRECTION('center_axis',(1.,4.44089209849942E-14,0.));
#8646=DIRECTION('ref_axis',(-4.44089209849942E-14,1.,0.));
#8647=DIRECTION('',(0.,0.,1.));
#8648=DIRECTION('',(0.,0.,1.));
#8649=DIRECTION('center_axis',(0.,0.,1.));
#8650=DIRECTION('ref_axis',(-1.,0.,0.));
#8651=DIRECTION('',(0.,0.,1.));
#8652=DIRECTION('center_axis',(0.,0.,1.));
#8653=DIRECTION('ref_axis',(-1.,0.,0.));
#8654=DIRECTION('center_axis',(-1.,0.,0.));
#8655=DIRECTION('ref_axis',(0.,0.,1.));
#8656=DIRECTION('',(0.,0.,-1.));
#8657=DIRECTION('center_axis',(0.,0.,1.));
#8658=DIRECTION('ref_axis',(-1.,0.,0.));
#8659=DIRECTION('center_axis',(0.,0.,1.));
#8660=DIRECTION('ref_axis',(-1.,0.,0.));
#8661=DIRECTION('',(1.,0.,0.));
#8662=DIRECTION('center_axis',(0.,0.,1.));
#8663=DIRECTION('ref_axis',(-0.995859195463938,-0.0909090909090924,0.));
#8664=DIRECTION('',(-1.,9.33877154675918E-14,0.));
#8665=DIRECTION('center_axis',(0.,0.,1.));
#8666=DIRECTION('ref_axis',(8.07434927000114E-16,-1.,0.));
#8667=DIRECTION('',(1.,0.,0.));
#8668=DIRECTION('center_axis',(0.,0.,1.));
#8669=DIRECTION('ref_axis',(0.,-1.,0.));
#8670=DIRECTION('',(3.55271367859133E-16,1.,0.));
#8671=DIRECTION('center_axis',(0.,0.,1.));
#8672=DIRECTION('ref_axis',(1.,0.,0.));
#8673=DIRECTION('',(-1.,0.,0.));
#8674=DIRECTION('center_axis',(0.,0.,1.));
#8675=DIRECTION('ref_axis',(0.995859195439508,0.0909090911767083,0.));
#8676=DIRECTION('',(-1.,1.11022301966756E-15,0.));
#8677=DIRECTION('center_axis',(0.,0.,1.));
#8678=DIRECTION('ref_axis',(0.,1.,0.));
#8679=DIRECTION('',(-1.,0.,0.));
#8680=DIRECTION('center_axis',(0.,0.,1.));
#8681=DIRECTION('ref_axis',(0.,1.,0.));
#8682=DIRECTION('',(0.,-1.,0.));
#8683=DIRECTION('center_axis',(0.,0.,-1.));
#8684=DIRECTION('ref_axis',(0.,1.,0.));
#8685=DIRECTION('',(-1.,0.,0.));
#8686=DIRECTION('',(0.,1.,0.));
#8687=DIRECTION('',(1.,2.1094237467878E-15,0.));
#8688=DIRECTION('center_axis',(0.,0.,-1.));
#8689=DIRECTION('ref_axis',(7.14464754025812E-9,1.,0.));
#8690=DIRECTION('',(1.,0.,0.));
#8691=DIRECTION('center_axis',(0.,0.,-1.));
#8692=DIRECTION('ref_axis',(0.,-1.,0.));
#8693=DIRECTION('',(1.,2.1094237467878E-15,0.));
#8694=DIRECTION('',(-2.96059473233375E-16,-1.,0.));
#8695=DIRECTION('',(-1.,0.,0.));
#8696=DIRECTION('center_axis',(0.,0.,-1.));
#8697=DIRECTION('ref_axis',(1.77635683940025E-15,-1.,0.));
#8698=DIRECTION('',(-1.,0.,0.));
#8699=DIRECTION('center_axis',(0.,0.,1.));
#8700=DIRECTION('ref_axis',(-1.,0.,0.));
#8701=DIRECTION('center_axis',(0.,0.,1.));
#8702=DIRECTION('ref_axis',(-0.995859195463938,-0.090909090909091,0.));
#8703=DIRECTION('',(1.,-8.3266726475067E-16,0.));
#8704=DIRECTION('center_axis',(0.,0.,1.));
#8705=DIRECTION('ref_axis',(-1.61486985400023E-15,-1.,0.));
#8706=DIRECTION('',(1.,0.,0.));
#8707=DIRECTION('center_axis',(0.,0.,1.));
#8708=DIRECTION('ref_axis',(0.,-1.,0.));
#8709=DIRECTION('',(3.55271367891772E-16,1.,0.));
#8710=DIRECTION('center_axis',(0.,0.,1.));
#8711=DIRECTION('ref_axis',(1.,0.,0.));
#8712=DIRECTION('',(-1.,0.,0.));
#8713=DIRECTION('center_axis',(0.,0.,1.));
#8714=DIRECTION('ref_axis',(0.995859195463938,0.0909090909090906,0.));
#8715=DIRECTION('',(-1.,8.88178415734045E-15,0.));
#8716=DIRECTION('center_axis',(0.,0.,1.));
#8717=DIRECTION('ref_axis',(-2.42230478100032E-15,1.,0.));
#8718=DIRECTION('',(-1.,0.,0.));
#8719=DIRECTION('center_axis',(0.,0.,1.));
#8720=DIRECTION('ref_axis',(0.,1.,0.));
#8721=DIRECTION('',(0.,-1.,0.));
#8722=DIRECTION('center_axis',(0.,0.,1.));
#8723=DIRECTION('ref_axis',(-1.,0.,0.));
#8724=DIRECTION('',(1.,0.,0.));
#8725=DIRECTION('center_axis',(0.,0.,-1.));
#8726=DIRECTION('ref_axis',(7.14464931661496E-9,1.,0.));
#8727=DIRECTION('',(-1.,4.44089209850063E-16,0.));
#8728=DIRECTION('',(0.,1.,0.));
#8729=DIRECTION('',(1.,-4.44089209850063E-16,0.));
#8730=DIRECTION('center_axis',(0.,0.,-1.));
#8731=DIRECTION('ref_axis',(7.14464754025812E-9,1.,0.));
#8732=DIRECTION('',(1.,0.,0.));
#8733=DIRECTION('center_axis',(0.,0.,-1.));
#8734=DIRECTION('ref_axis',(0.,-1.,0.));
#8735=DIRECTION('',(1.,-4.44089209850063E-16,0.));
#8736=DIRECTION('',(-1.48029736616688E-16,-1.,0.));
#8737=DIRECTION('',(-1.,4.44089209850063E-16,0.));
#8738=DIRECTION('center_axis',(0.,0.,-1.));
#8739=DIRECTION('ref_axis',(-1.77635683940025E-15,-1.,0.));
#8740=DIRECTION('',(-1.,1.66533452206495E-15,0.));
#8741=DIRECTION('center_axis',(0.,0.,1.));
#8742=DIRECTION('ref_axis',(-1.,0.,0.));
#8743=DIRECTION('center_axis',(0.,0.,1.));
#8744=DIRECTION('ref_axis',(1.61486985400023E-15,-1.,0.));
#8745=DIRECTION('',(1.,0.,0.));
#8746=DIRECTION('center_axis',(0.,0.,1.));
#8747=DIRECTION('ref_axis',(0.,-1.,0.));
#8748=DIRECTION('',(1.06581410362454E-15,1.,0.));
#8749=DIRECTION('center_axis',(0.,0.,1.));
#8750=DIRECTION('ref_axis',(1.,-1.61486985400023E-15,0.));
#8751=DIRECTION('',(-1.,0.,0.));
#8752=DIRECTION('center_axis',(0.,0.,1.));
#8753=DIRECTION('ref_axis',(0.995859195453426,0.090909091024247,0.));
#8754=DIRECTION('',(-1.,-1.55431222753459E-14,0.));
#8755=DIRECTION('center_axis',(0.,0.,1.));
#8756=DIRECTION('ref_axis',(0.,1.,0.));
#8757=DIRECTION('',(-1.,0.,0.));
#8758=DIRECTION('center_axis',(0.,0.,1.));
#8759=DIRECTION('ref_axis',(0.,1.,0.));
#8760=DIRECTION('',(1.77635683980904E-16,-1.,0.));
#8761=DIRECTION('center_axis',(0.,0.,1.));
#8762=DIRECTION('ref_axis',(-1.,0.,0.));
#8763=DIRECTION('',(1.,0.,0.));
#8764=DIRECTION('center_axis',(0.,0.,1.));
#8765=DIRECTION('ref_axis',(-0.995859195568189,-0.0909090897670794,0.));
#8766=DIRECTION('',(1.,-1.5269509965923E-14,0.));
#8767=DIRECTION('center_axis',(0.,0.,-1.));
#8768=DIRECTION('ref_axis',(-7.14464754025812E-9,-1.,0.));
#8769=DIRECTION('',(1.,4.44089209850063E-16,0.));
#8770=DIRECTION('',(-1.1842378929335E-15,-1.,0.));
#8771=DIRECTION('',(-1.,8.88178419700127E-16,0.));
#8772=DIRECTION('center_axis',(0.,0.,-1.));
#8773=DIRECTION('ref_axis',(-7.14464931661496E-9,-1.,0.));
#8774=DIRECTION('',(-1.,-5.55111512312578E-16,0.));
#8775=DIRECTION('center_axis',(0.,0.,-1.));
#8776=DIRECTION('ref_axis',(1.77635683940025E-15,1.,0.));
#8777=DIRECTION('',(-1.,8.88178419700127E-16,0.));
#8778=DIRECTION('',(-1.48029736616688E-16,1.,0.));
#8779=DIRECTION('',(1.,4.44089209850063E-16,0.));
#8780=DIRECTION('center_axis',(0.,0.,-1.));
#8781=DIRECTION('ref_axis',(0.,1.,0.));
#8782=DIRECTION('',(1.,0.,0.));
#8783=DIRECTION('center_axis',(0.,0.,1.));
#8784=DIRECTION('ref_axis',(-1.,0.,0.));
#8785=DIRECTION('center_axis',(0.,0.,1.));
#8786=DIRECTION('ref_axis',(-1.,0.,0.));
#8787=DIRECTION('',(1.,-3.89989394441359E-13,0.));
#8788=DIRECTION('center_axis',(0.,0.,1.));
#8789=DIRECTION('ref_axis',(-0.995859195463443,-0.0909090909145198,0.));
#8790=DIRECTION('',(-1.,9.33877154675918E-14,0.));
#8791=DIRECTION('center_axis',(0.,0.,1.));
#8792=DIRECTION('ref_axis',(0.,-1.,0.));
#8793=DIRECTION('',(1.,0.,0.));
#8794=DIRECTION('center_axis',(0.,0.,1.));
#8795=DIRECTION('ref_axis',(0.,-1.,0.));
#8796=DIRECTION('',(0.,1.,0.));
#8797=DIRECTION('center_axis',(0.,0.,1.));
#8798=DIRECTION('ref_axis',(1.,0.,0.));
#8799=DIRECTION('',(-1.,0.,0.));
#8800=DIRECTION('center_axis',(0.,0.,1.));
#8801=DIRECTION('ref_axis',(0.995859195358952,0.0909090920591584,0.));
#8802=DIRECTION('',(-1.,-1.94289028441823E-15,0.));
#8803=DIRECTION('center_axis',(0.,0.,1.));
#8804=DIRECTION('ref_axis',(0.,1.,0.));
#8805=DIRECTION('',(-1.,6.92231176725518E-12,0.));
#8806=DIRECTION('center_axis',(0.,0.,1.));
#8807=DIRECTION('ref_axis',(6.92213962917215E-12,1.,0.));
#8808=DIRECTION('',(-8.88178419702037E-17,-1.,0.));
#8809=DIRECTION('center_axis',(0.,0.,-1.));
#8810=DIRECTION('ref_axis',(-7.14464754025812E-9,-1.,0.));
#8811=DIRECTION('',(1.,1.2712053631958E-13,0.));
#8812=DIRECTION('',(0.,-1.,0.));
#8813=DIRECTION('',(-1.,0.,0.));
#8814=DIRECTION('center_axis',(0.,0.,-1.));
#8815=DIRECTION('ref_axis',(-7.13785297534739E-9,-1.,0.));
#8816=DIRECTION('',(-1.,0.,0.));
#8817=DIRECTION('center_axis',(0.,0.,-1.));
#8818=DIRECTION('ref_axis',(0.,1.,0.));
#8819=DIRECTION('',(-1.,0.,0.));
#8820=DIRECTION('',(2.96059473233375E-16,1.,0.));
#8821=DIRECTION('',(1.,1.2712053631958E-13,0.));
#8822=DIRECTION('center_axis',(0.,0.,-1.));
#8823=DIRECTION('ref_axis',(0.,1.,0.));
#8824=DIRECTION('',(1.,0.,0.));
#8825=DIRECTION('center_axis',(0.,0.,1.));
#8826=DIRECTION('ref_axis',(-1.,0.,0.));
#8827=DIRECTION('',(0.,0.,-1.));
#8828=DIRECTION('',(0.,0.,1.));
#8829=DIRECTION('center_axis',(0.,0.,1.));
#8830=DIRECTION('ref_axis',(0.894427191000461,-0.447213595498869,0.));
#8831=DIRECTION('',(0.,0.,-1.));
#8832=DIRECTION('',(0.,0.,1.));
#8833=DIRECTION('center_axis',(0.,0.,-1.));
#8834=DIRECTION('ref_axis',(-0.707106781187902,-0.707106781185193,0.));
#8835=DIRECTION('',(0.,0.,-1.));
#8836=DIRECTION('center_axis',(0.,0.,1.));
#8837=DIRECTION('ref_axis',(0.707106781187135,-0.70710678118596,0.));
#8838=DIRECTION('center_axis',(-1.,0.,0.));
#8839=DIRECTION('ref_axis',(0.,0.,1.));
#8840=DIRECTION('center_axis',(0.,1.,0.));
#8841=DIRECTION('ref_axis',(-1.,0.,0.));
#8842=DIRECTION('',(0.,0.,1.));
#8843=DIRECTION('center_axis',(1.,-2.97881377684042E-13,0.));
#8844=DIRECTION('ref_axis',(2.97881377684042E-13,1.,0.));
#8845=DIRECTION('',(0.,0.,1.));
#8846=DIRECTION('center_axis',(0.,0.,1.));
#8847=DIRECTION('ref_axis',(0.707106781187135,-0.70710678118596,0.));
#8848=DIRECTION('',(0.,0.,1.));
#8849=DIRECTION('center_axis',(9.33877154675918E-14,1.,0.));
#8850=DIRECTION('ref_axis',(-1.,9.33877154675918E-14,0.));
#8851=DIRECTION('',(0.,0.,1.));
#8852=DIRECTION('',(-0.999999999999969,9.35251867145276E-14,-2.50879488904486E-7));
#8853=DIRECTION('',(0.,0.,-1.));
#8854=DIRECTION('',(0.,0.,1.));
#8855=DIRECTION('',(-0.999999999999969,9.35251867145276E-14,-2.50879488904486E-7));
#8856=DIRECTION('',(0.,0.,1.));
#8857=DIRECTION('',(0.,0.,1.));
#8858=DIRECTION('',(0.999999999999969,-9.33475511767238E-14,-2.50879488765391E-7));
#8859=DIRECTION('',(0.,0.,1.));
#8860=DIRECTION('',(0.,0.,1.));
#8861=DIRECTION('',(0.999999999999969,-9.33475511767238E-14,-2.50879488765391E-7));
#8862=DIRECTION('',(0.,0.,1.));
#8863=DIRECTION('center_axis',(0.,0.,-1.));
#8864=DIRECTION('ref_axis',(-0.707106781187902,-0.707106781185193,0.));
#8865=DIRECTION('center_axis',(0.,0.,1.));
#8866=DIRECTION('ref_axis',(-0.97115886574004,0.238433339729408,0.));
#8867=DIRECTION('',(0.,0.,1.));
#8868=DIRECTION('center_axis',(0.,0.,-1.));
#8869=DIRECTION('ref_axis',(0.980055396132345,0.198724483926548,0.));
#8870=DIRECTION('',(0.,0.,1.));
#8871=DIRECTION('center_axis',(-6.95109559805245E-15,0.447213595499927,
-0.894427190999932));
#8872=DIRECTION('ref_axis',(-1.,0.,7.77156113767228E-15));
#8873=DIRECTION('center_axis',(6.95109559805245E-15,-0.447213595499927,
0.894427190999932));
#8874=DIRECTION('ref_axis',(0.,0.894427190999932,0.447213595499927));
#8875=DIRECTION('',(-1.,0.,0.));
#8876=DIRECTION('center_axis',(-6.95109559805245E-15,0.447213595499927,
-0.894427190999932));
#8877=DIRECTION('ref_axis',(0.,0.894427190999931,0.447213595499927));
#8878=DIRECTION('',(1.,1.55431222753459E-14,0.));
#8879=DIRECTION('center_axis',(-6.95109559805245E-15,0.447213595499927,
-0.894427190999932));
#8880=DIRECTION('ref_axis',(-1.3811917288975E-14,0.894427190999932,0.447213595499927));
#8881=DIRECTION('',(-1.,0.,0.));
#8882=DIRECTION('center_axis',(6.95109559805245E-15,-0.447213595499927,
0.894427190999932));
#8883=DIRECTION('ref_axis',(-6.39036703011764E-9,-0.894427190999932,-0.447213595499927));
#8884=DIRECTION('',(-1.,0.,7.77156113767228E-15));
#8885=DIRECTION('center_axis',(0.,0.,1.));
#8886=DIRECTION('ref_axis',(0.995859195453426,0.090909091024247,0.));
#8887=DIRECTION('',(0.,0.,1.));
#8888=DIRECTION('',(0.,0.,1.));
#8889=DIRECTION('center_axis',(-1.55431222753459E-14,1.,0.));
#8890=DIRECTION('ref_axis',(-1.,-1.55431222753459E-14,0.));
#8891=DIRECTION('',(0.,0.,1.));
#8892=DIRECTION('center_axis',(0.,0.,1.));
#8893=DIRECTION('ref_axis',(0.,1.,0.));
#8894=DIRECTION('',(0.,0.,1.));
#8895=DIRECTION('center_axis',(1.,0.,0.));
#8896=DIRECTION('ref_axis',(0.,1.,0.));
#8897=DIRECTION('',(1.,0.,0.));
#8898=DIRECTION('center_axis',(3.97205462745877E-15,0.447213595499956,-0.894427190999917));
#8899=DIRECTION('ref_axis',(-1.,0.,-4.4408920786702E-15));
#8900=DIRECTION('center_axis',(-3.97205462745877E-15,-0.447213595499956,
0.894427190999917));
#8901=DIRECTION('ref_axis',(6.39036703011754E-9,0.894427190999917,0.447213595499956));
#8902=DIRECTION('',(-1.,0.,0.));
#8903=DIRECTION('center_axis',(3.97205462745877E-15,0.447213595499956,-0.894427190999917));
#8904=DIRECTION('ref_axis',(-2.16657526101579E-15,0.894427190999917,0.447213595499956));
#8905=DIRECTION('',(1.,-8.88178415734045E-15,0.));
#8906=DIRECTION('center_axis',(3.97205462745877E-15,0.447213595499956,-0.894427190999917));
#8907=DIRECTION('ref_axis',(7.83126682888004E-15,0.894427190999917,0.447213595499956));
#8908=DIRECTION('',(-1.,0.,0.));
#8909=DIRECTION('center_axis',(-3.97205462745877E-15,-0.447213595499956,
0.894427190999917));
#8910=DIRECTION('ref_axis',(0.,-0.894427190999917,-0.447213595499956));
#8911=DIRECTION('',(-1.,0.,-4.4408920786702E-15));
#8912=DIRECTION('center_axis',(0.,0.,1.));
#8913=DIRECTION('ref_axis',(0.995859195463938,0.0909090909090906,0.));
#8914=DIRECTION('',(0.,0.,1.));
#8915=DIRECTION('',(0.,0.,1.));
#8916=DIRECTION('center_axis',(8.88178415734045E-15,1.,0.));
#8917=DIRECTION('ref_axis',(-1.,8.88178415734045E-15,0.));
#8918=DIRECTION('',(0.,0.,1.));
#8919=DIRECTION('center_axis',(0.,0.,1.));
#8920=DIRECTION('ref_axis',(-2.42230478100032E-15,1.,0.));
#8921=DIRECTION('',(0.,0.,1.));
#8922=DIRECTION('center_axis',(1.,0.,0.));
#8923=DIRECTION('ref_axis',(0.,1.,0.));
#8924=DIRECTION('',(1.,0.,0.));
#8925=DIRECTION('center_axis',(0.,0.,1.));
#8926=DIRECTION('ref_axis',(-0.776109179065062,0.630598558649602,0.));
#8927=DIRECTION('center_axis',(0.,0.,1.));
#8928=DIRECTION('ref_axis',(1.,0.,0.));
#8929=DIRECTION('center_axis',(0.,0.,1.));
#8930=DIRECTION('ref_axis',(-1.,3.82271991839096E-12,0.));
#8931=DIRECTION('',(0.,0.,1.));
#8932=DIRECTION('center_axis',(0.,0.,1.));
#8933=DIRECTION('ref_axis',(-7.37188088351105E-13,-1.,0.));
#8934=DIRECTION('',(0.,0.,1.));
#8935=DIRECTION('center_axis',(0.,-1.,0.));
#8936=DIRECTION('ref_axis',(1.,0.,0.));
#8937=DIRECTION('center_axis',(1.,0.,0.));
#8938=DIRECTION('ref_axis',(0.,1.,0.));
#8939=DIRECTION('',(1.,0.,0.));
#8940=DIRECTION('',(-1.,0.,0.));
#8941=DIRECTION('',(1.,0.,0.));
#8942=DIRECTION('',(1.,0.,0.));
#8943=DIRECTION('center_axis',(1.,0.,0.));
#8944=DIRECTION('ref_axis',(0.,1.,0.));
#8945=DIRECTION('',(1.,0.,0.));
#8946=DIRECTION('center_axis',(1.,0.,0.));
#8947=DIRECTION('ref_axis',(0.,1.,0.));
#8948=DIRECTION('',(1.,0.,0.));
#8949=DIRECTION('center_axis',(1.,0.,0.));
#8950=DIRECTION('ref_axis',(0.,1.,0.));
#8951=DIRECTION('',(1.,0.,0.));
#8952=DIRECTION('',(1.,0.,0.));
#8953=DIRECTION('',(-1.,0.,0.));
#8954=DIRECTION('',(1.,0.,0.));
#8955=DIRECTION('center_axis',(0.,0.,1.));
#8956=DIRECTION('ref_axis',(-2.42230478100032E-15,1.,0.));
#8957=DIRECTION('',(0.,0.,1.));
#8958=DIRECTION('',(0.,0.,1.));
#8959=DIRECTION('center_axis',(8.88178415734045E-15,1.,0.));
#8960=DIRECTION('ref_axis',(-1.,8.88178415734045E-15,0.));
#8961=DIRECTION('',(0.,0.,1.));
#8962=DIRECTION('center_axis',(0.,0.,1.));
#8963=DIRECTION('ref_axis',(0.995859195453426,0.090909091024247,0.));
#8964=DIRECTION('',(0.,0.,1.));
#8965=DIRECTION('',(0.,0.,1.));
#8966=DIRECTION('center_axis',(-1.55431222753459E-14,1.,0.));
#8967=DIRECTION('ref_axis',(-1.,-1.55431222753459E-14,0.));
#8968=DIRECTION('',(0.,0.,1.));
#8969=DIRECTION('center_axis',(0.,0.,1.));
#8970=DIRECTION('ref_axis',(0.,1.,0.));
#8971=DIRECTION('',(0.,0.,1.));
#8972=DIRECTION('center_axis',(0.,1.,0.));
#8973=DIRECTION('ref_axis',(-1.,0.,0.));
#8974=DIRECTION('',(0.,0.,1.));
#8975=DIRECTION('',(0.,0.,1.));
#8976=DIRECTION('center_axis',(0.,0.,1.));
#8977=DIRECTION('ref_axis',(0.,-1.,0.));
#8978=DIRECTION('',(0.,0.,-1.));
#8979=DIRECTION('',(0.,0.,-1.));
#8980=DIRECTION('',(0.,0.,-1.));
#8981=DIRECTION('',(0.,0.,1.));
#8982=DIRECTION('',(0.,0.,1.));
#8983=DIRECTION('center_axis',(0.,-1.,0.));
#8984=DIRECTION('ref_axis',(1.,0.,0.));
#8985=DIRECTION('',(0.,0.,-1.));
#8986=DIRECTION('center_axis',(0.,-1.,0.));
#8987=DIRECTION('ref_axis',(1.,0.,0.));
#8988=DIRECTION('',(0.,0.,1.));
#8989=DIRECTION('center_axis',(0.,0.,1.));
#8990=DIRECTION('ref_axis',(0.,1.,0.));
#8991=DIRECTION('',(0.,0.,1.));
#8992=DIRECTION('',(0.,0.,1.));
#8993=DIRECTION('',(0.,0.,-1.));
#8994=DIRECTION('',(0.,0.,-1.));
#8995=DIRECTION('center_axis',(0.,-1.,0.));
#8996=DIRECTION('ref_axis',(1.,0.,0.));
#8997=DIRECTION('',(0.,0.,1.));
#8998=DIRECTION('center_axis',(0.,-1.,0.));
#8999=DIRECTION('ref_axis',(1.,0.,0.));
#9000=DIRECTION('',(0.,0.,1.));
#9001=DIRECTION('center_axis',(-8.32667256570639E-16,0.,-1.));
#9002=DIRECTION('ref_axis',(-1.,0.,8.32667256570639E-16));
#9003=DIRECTION('',(1.,-1.66533452206495E-15,-8.32667256570639E-16));
#9004=DIRECTION('',(0.,1.,0.));
#9005=DIRECTION('',(-1.,8.3266726475067E-16,8.32667256570639E-16));
#9006=DIRECTION('',(0.,1.,0.));
#9007=DIRECTION('center_axis',(0.,-1.,0.));
#9008=DIRECTION('ref_axis',(1.,0.,0.));
#9009=DIRECTION('',(0.,0.,1.));
#9010=DIRECTION('center_axis',(0.,1.,0.));
#9011=DIRECTION('ref_axis',(1.,0.,0.));
#9012=DIRECTION('center_axis',(0.,1.,0.));
#9013=DIRECTION('ref_axis',(1.,0.,0.));
#9014=DIRECTION('',(0.,1.,0.));
#9015=DIRECTION('center_axis',(0.,-0.707106781186547,-0.707106781186548));
#9016=DIRECTION('ref_axis',(0.,0.707106781186548,-0.707106781186547));
#9017=DIRECTION('center_axis',(0.,-0.707106781186547,0.707106781186548));
#9018=DIRECTION('ref_axis',(0.,-0.707106781186548,-0.707106781186547));
#9019=DIRECTION('center_axis',(-5.55111504380426E-16,0.,1.));
#9020=DIRECTION('ref_axis',(1.,0.,5.55111504380426E-16));
#9021=DIRECTION('',(-1.,1.66533452206495E-15,-5.55111504380426E-16));
#9022=DIRECTION('',(1.,-8.3266726475067E-16,5.55111504380426E-16));
#9023=DIRECTION('',(0.,1.,0.));
#9024=DIRECTION('center_axis',(0.,1.,0.));
#9025=DIRECTION('ref_axis',(-1.,0.,1.22464679914735E-16));
#9026=DIRECTION('center_axis',(0.,-0.707106781186547,0.707106781186548));
#9027=DIRECTION('ref_axis',(0.,-0.707106781186548,-0.707106781186547));
#9028=DIRECTION('center_axis',(0.,1.,0.));
#9029=DIRECTION('ref_axis',(1.,0.,0.));
#9030=DIRECTION('center_axis',(0.,-0.707106781186547,-0.707106781186548));
#9031=DIRECTION('ref_axis',(0.,0.707106781186548,-0.707106781186547));
#9032=DIRECTION('center_axis',(0.,-1.,0.));
#9033=DIRECTION('ref_axis',(1.,0.,0.));
#9034=DIRECTION('',(0.,0.,-1.));
#9035=DIRECTION('center_axis',(0.,0.,1.));
#9036=DIRECTION('ref_axis',(-1.61486985400023E-15,-1.,0.));
#9037=DIRECTION('',(0.,0.,1.));
#9038=DIRECTION('',(0.,0.,1.));
#9039=DIRECTION('',(0.,0.,1.));
#9040=DIRECTION('center_axis',(-8.32667264750669E-16,-1.,0.));
#9041=DIRECTION('ref_axis',(1.,-8.3266726475067E-16,0.));
#9042=DIRECTION('',(0.,0.,-1.));
#9043=DIRECTION('center_axis',(-8.32667264750669E-16,-1.,0.));
#9044=DIRECTION('ref_axis',(1.,-8.3266726475067E-16,0.));
#9045=DIRECTION('',(0.,0.,1.));
#9046=DIRECTION('center_axis',(0.,0.,1.));
#9047=DIRECTION('ref_axis',(-1.77635683940025E-15,-1.,0.));
#9048=DIRECTION('',(0.,0.,1.));
#9049=DIRECTION('',(0.,0.,1.));
#9050=DIRECTION('',(0.,0.,-1.));
#9051=DIRECTION('',(0.,0.,-1.));
#9052=DIRECTION('center_axis',(1.66533452206495E-15,1.,0.));
#9053=DIRECTION('ref_axis',(-1.,1.66533452206495E-15,0.));
#9054=DIRECTION('',(0.,0.,1.));
#9055=DIRECTION('center_axis',(1.66533452206495E-15,1.,0.));
#9056=DIRECTION('ref_axis',(-1.,1.66533452206495E-15,0.));
#9057=DIRECTION('',(0.,0.,1.));
#9058=DIRECTION('center_axis',(0.,1.,0.));
#9059=DIRECTION('ref_axis',(-1.,0.,7.6571373978539E-16));
#9060=DIRECTION('',(0.,-1.,0.));
#9061=DIRECTION('center_axis',(0.,0.707106781186547,-0.707106781186548));
#9062=DIRECTION('ref_axis',(0.,-0.707106781186548,-0.707106781186547));
#9063=DIRECTION('center_axis',(0.,1.,0.));
#9064=DIRECTION('ref_axis',(1.,0.,0.));
#9065=DIRECTION('center_axis',(0.,0.707106781186547,0.707106781186548));
#9066=DIRECTION('ref_axis',(0.,0.707106781186548,-0.707106781186547));
#9067=DIRECTION('',(0.,-1.,0.));
#9068=DIRECTION('center_axis',(0.,-1.,0.));
#9069=DIRECTION('ref_axis',(1.,0.,0.));
#9070=DIRECTION('',(0.,0.,-1.));
#9071=DIRECTION('center_axis',(0.,1.,0.));
#9072=DIRECTION('ref_axis',(1.,0.,0.));
#9073=DIRECTION('center_axis',(0.,-1.,0.));
#9074=DIRECTION('ref_axis',(1.,0.,0.));
#9075=DIRECTION('',(0.,0.,1.));
#9076=DIRECTION('center_axis',(5.55111504380426E-16,0.,-1.));
#9077=DIRECTION('ref_axis',(1.,0.,5.55111504380426E-16));
#9078=DIRECTION('',(1.,0.,5.55111504380426E-16));
#9079=DIRECTION('',(-1.,1.11022301966756E-15,-5.55111504380426E-16));
#9080=DIRECTION('',(0.,-1.,0.));
#9081=DIRECTION('center_axis',(8.32667256570639E-16,0.,1.));
#9082=DIRECTION('ref_axis',(-1.,0.,8.32667256570639E-16));
#9083=DIRECTION('',(-1.,0.,8.32667256570639E-16));
#9084=DIRECTION('',(0.,-1.,0.));
#9085=DIRECTION('',(1.,-1.11022301966756E-15,-8.32667256570639E-16));
#9086=DIRECTION('center_axis',(0.,1.,0.));
#9087=DIRECTION('ref_axis',(1.,0.,0.));
#9088=DIRECTION('center_axis',(0.,0.707106781186548,0.707106781186548));
#9089=DIRECTION('ref_axis',(0.,0.707106781186547,-0.707106781186547));
#9090=DIRECTION('center_axis',(0.,0.707106781186548,-0.707106781186548));
#9091=DIRECTION('ref_axis',(0.,-0.707106781186547,-0.707106781186547));
#9092=DIRECTION('center_axis',(0.,0.,1.));
#9093=DIRECTION('ref_axis',(0.,1.,0.));
#9094=DIRECTION('',(0.,0.,-1.));
#9095=DIRECTION('',(0.,0.,-1.));
#9096=DIRECTION('',(0.,0.,1.));
#9097=DIRECTION('center_axis',(1.11022301966756E-15,1.,0.));
#9098=DIRECTION('ref_axis',(-1.,1.11022301966756E-15,0.));
#9099=DIRECTION('',(0.,0.,1.));
#9100=DIRECTION('center_axis',(1.11022301966756E-15,1.,0.));
#9101=DIRECTION('ref_axis',(-1.,1.11022301966756E-15,0.));
#9102=DIRECTION('',(0.,0.,1.));
#9103=DIRECTION('center_axis',(0.,0.,1.));
#9104=DIRECTION('ref_axis',(-1.,6.12323401477166E-17,0.));
#9105=DIRECTION('',(0.,0.,1.));
#9106=DIRECTION('',(0.,0.,1.));
#9107=DIRECTION('',(0.,0.,-1.));
#9108=DIRECTION('',(0.,0.,-1.));
#9109=DIRECTION('center_axis',(0.,-1.,0.));
#9110=DIRECTION('ref_axis',(1.,0.,0.));
#9111=DIRECTION('',(0.,0.,1.));
#9112=DIRECTION('center_axis',(0.,-1.,0.));
#9113=DIRECTION('ref_axis',(1.,0.,7.6571373978539E-16));
#9114=DIRECTION('',(0.,1.,0.));
#9115=DIRECTION('center_axis',(0.,-0.707106781186547,-0.707106781186548));
#9116=DIRECTION('ref_axis',(0.,0.707106781186548,-0.707106781186547));
#9117=DIRECTION('center_axis',(0.,-1.,0.));
#9118=DIRECTION('ref_axis',(-1.,0.,0.));
#9119=DIRECTION('center_axis',(0.,-0.707106781186547,0.707106781186548));
#9120=DIRECTION('ref_axis',(0.,-0.707106781186548,-0.707106781186547));
#9121=DIRECTION('',(0.,1.,0.));
#9122=DIRECTION('center_axis',(0.,1.,0.));
#9123=DIRECTION('ref_axis',(-1.,0.,0.));
#9124=DIRECTION('',(0.,0.,-1.));
#9125=DIRECTION('center_axis',(0.,-1.,0.));
#9126=DIRECTION('ref_axis',(-1.,0.,0.));
#9127=DIRECTION('center_axis',(0.,1.,0.));
#9128=DIRECTION('ref_axis',(-1.,0.,0.));
#9129=DIRECTION('',(0.,0.,1.));
#9130=DIRECTION('center_axis',(-5.55111504380426E-16,0.,-1.));
#9131=DIRECTION('ref_axis',(-1.,0.,5.55111504380426E-16));
#9132=DIRECTION('',(-1.,-5.55111512312578E-16,5.55111504380426E-16));
#9133=DIRECTION('',(1.,-1.5269509965923E-14,-5.55111504380426E-16));
#9134=DIRECTION('',(0.,1.,0.));
#9135=DIRECTION('center_axis',(-8.32667256570639E-16,0.,1.));
#9136=DIRECTION('ref_axis',(1.,0.,8.32667256570639E-16));
#9137=DIRECTION('',(1.,5.55111512312578E-16,8.32667256570639E-16));
#9138=DIRECTION('',(0.,1.,0.));
#9139=DIRECTION('',(-1.,1.5269509965923E-14,-8.32667256570639E-16));
#9140=DIRECTION('center_axis',(0.,-1.,0.));
#9141=DIRECTION('ref_axis',(-1.,0.,0.));
#9142=DIRECTION('center_axis',(0.,-0.707106781186547,0.707106781186548));
#9143=DIRECTION('ref_axis',(0.,-0.707106781186548,-0.707106781186547));
#9144=DIRECTION('center_axis',(0.,-0.707106781186547,-0.707106781186548));
#9145=DIRECTION('ref_axis',(0.,0.707106781186548,-0.707106781186547));
#9146=DIRECTION('center_axis',(0.,0.,1.));
#9147=DIRECTION('ref_axis',(1.61486985400023E-15,-1.,0.));
#9148=DIRECTION('',(0.,0.,1.));
#9149=DIRECTION('',(0.,0.,-1.));
#9150=DIRECTION('',(0.,0.,1.));
#9151=DIRECTION('center_axis',(-1.5269509965923E-14,-1.,0.));
#9152=DIRECTION('ref_axis',(1.,-1.5269509965923E-14,0.));
#9153=DIRECTION('',(0.,0.,1.));
#9154=DIRECTION('center_axis',(-1.5269509965923E-14,-1.,0.));
#9155=DIRECTION('ref_axis',(1.,-1.5269509965923E-14,0.));
#9156=DIRECTION('',(0.,0.,1.));
#9157=DIRECTION('center_axis',(0.,0.,1.));
#9158=DIRECTION('ref_axis',(1.,-6.12323401477166E-17,0.));
#9159=DIRECTION('',(0.,0.,1.));
#9160=DIRECTION('',(0.,0.,1.));
#9161=DIRECTION('',(0.,0.,-1.));
#9162=DIRECTION('',(0.,0.,-1.));
#9163=DIRECTION('center_axis',(-5.55111512312578E-16,1.,0.));
#9164=DIRECTION('ref_axis',(-1.,-5.55111512312578E-16,0.));
#9165=DIRECTION('',(0.,0.,1.));
#9166=DIRECTION('center_axis',(8.32667256570639E-16,0.,-1.));
#9167=DIRECTION('ref_axis',(1.,0.,8.32667256570639E-16));
#9168=DIRECTION('',(-1.,0.,-8.32667256570639E-16));
#9169=DIRECTION('',(0.,-1.,0.));
#9170=DIRECTION('',(1.,1.94289028441823E-15,8.32667256570639E-16));
#9171=DIRECTION('',(0.,-1.,0.));
#9172=DIRECTION('center_axis',(0.,1.,0.));
#9173=DIRECTION('ref_axis',(-1.,0.,0.));
#9174=DIRECTION('',(0.,0.,1.));
#9175=DIRECTION('center_axis',(0.,-1.,0.));
#9176=DIRECTION('ref_axis',(-1.,0.,0.));
#9177=DIRECTION('center_axis',(0.,-1.,0.));
#9178=DIRECTION('ref_axis',(-1.,0.,0.));
#9179=DIRECTION('',(0.,-1.,0.));
#9180=DIRECTION('center_axis',(0.,0.707106781186548,-0.707106781186548));
#9181=DIRECTION('ref_axis',(0.,-0.707106781186547,-0.707106781186547));
#9182=DIRECTION('center_axis',(0.,0.707106781186548,0.707106781186548));
#9183=DIRECTION('ref_axis',(0.,0.707106781186547,-0.707106781186547));
#9184=DIRECTION('center_axis',(5.55111504380426E-16,0.,1.));
#9185=DIRECTION('ref_axis',(-1.,0.,5.55111504380426E-16));
#9186=DIRECTION('',(1.,0.,-5.55111504380426E-16));
#9187=DIRECTION('',(-1.,-1.94289028441823E-15,5.55111504380426E-16));
#9188=DIRECTION('',(0.,-1.,0.));
#9189=DIRECTION('center_axis',(0.,-1.,0.));
#9190=DIRECTION('ref_axis',(1.,0.,1.01064309961486E-15));
#9191=DIRECTION('center_axis',(0.,0.707106781186547,0.707106781186548));
#9192=DIRECTION('ref_axis',(0.,0.707106781186548,-0.707106781186547));
#9193=DIRECTION('center_axis',(0.,-1.,0.));
#9194=DIRECTION('ref_axis',(-1.,0.,0.));
#9195=DIRECTION('center_axis',(0.,0.707106781186547,-0.707106781186548));
#9196=DIRECTION('ref_axis',(0.,-0.707106781186548,-0.707106781186547));
#9197=DIRECTION('center_axis',(0.,1.,0.));
#9198=DIRECTION('ref_axis',(-1.,0.,0.));
#9199=DIRECTION('',(0.,0.,-1.));
#9200=DIRECTION('center_axis',(0.,0.,1.));
#9201=DIRECTION('ref_axis',(0.,1.,0.));
#9202=DIRECTION('',(0.,0.,1.));
#9203=DIRECTION('',(0.,0.,1.));
#9204=DIRECTION('',(0.,0.,1.));
#9205=DIRECTION('center_axis',(-1.94289028441823E-15,1.,0.));
#9206=DIRECTION('ref_axis',(-1.,-1.94289028441823E-15,0.));
#9207=DIRECTION('',(0.,0.,-1.));
#9208=DIRECTION('center_axis',(-1.94289028441823E-15,1.,0.));
#9209=DIRECTION('ref_axis',(-1.,-1.94289028441823E-15,0.));
#9210=DIRECTION('',(0.,0.,1.));
#9211=DIRECTION('center_axis',(0.,0.,1.));
#9212=DIRECTION('ref_axis',(0.,1.,0.));
#9213=DIRECTION('',(0.,0.,1.));
#9214=DIRECTION('',(0.,0.,1.));
#9215=DIRECTION('',(0.,0.,-1.));
#9216=DIRECTION('',(0.,0.,-1.));
#9217=DIRECTION('center_axis',(0.,-1.,0.));
#9218=DIRECTION('ref_axis',(1.,0.,0.));
#9219=DIRECTION('',(0.,0.,1.));
#9220=DIRECTION('center_axis',(0.,-1.,0.));
#9221=DIRECTION('ref_axis',(1.,0.,0.));
#9222=DIRECTION('',(0.,0.,1.));
#9223=DIRECTION('center_axis',(-0.999999999999982,-1.88161981817814E-7,
4.44089209850063E-17));
#9224=DIRECTION('ref_axis',(-1.88075377663459E-7,0.999539736163124,-0.030336707647948));
#9225=DIRECTION('',(-0.999999999999982,-1.88161981817814E-7,4.44089209850063E-17));
#9226=DIRECTION('',(-0.999999999999982,-1.88161981817814E-7,4.44089209850063E-17));
#9227=DIRECTION('',(-0.999999999999999,-2.22044604925031E-15,-3.84085990789984E-8));
#9228=DIRECTION('center_axis',(-1.88161981817814E-7,0.999999999999982,0.));
#9229=DIRECTION('ref_axis',(0.,0.,-1.));
#9230=DIRECTION('',(0.,0.,1.));
#9231=DIRECTION('',(-0.999999999999982,-1.88161981817814E-7,4.44089209850063E-17));
#9232=DIRECTION('',(0.,0.,-1.));
#9233=DIRECTION('',(-0.999999999999982,-1.88161981817814E-7,4.44089209850063E-17));
#9234=DIRECTION('center_axis',(-1.88161981817814E-7,0.999999999999982,0.));
#9235=DIRECTION('ref_axis',(0.,0.,-1.));
#9236=DIRECTION('',(0.,0.,1.));
#9237=DIRECTION('',(-0.999999999999982,-1.88161981817814E-7,4.44089209850063E-17));
#9238=DIRECTION('',(0.,0.,1.));
#9239=DIRECTION('center_axis',(-1.88161981817814E-7,0.999999999999982,0.));
#9240=DIRECTION('ref_axis',(0.,0.,-1.));
#9241=DIRECTION('',(0.,0.,-1.));
#9242=DIRECTION('',(0.,0.,1.));
#9243=DIRECTION('',(-0.999999999999982,-1.88161981817814E-7,4.44089209850063E-17));
#9244=DIRECTION('center_axis',(-0.999999999999982,-1.88161981817814E-7,
4.44089209850063E-17));
#9245=DIRECTION('ref_axis',(-1.87959813743923E-7,0.998925563634061,-0.0463434819401657));
#9246=DIRECTION('',(0.999999999999999,-2.22044604925031E-15,-3.84085999116656E-8));
#9247=DIRECTION('center_axis',(-0.999999999999982,-1.88161981817814E-7,
4.44089209850063E-17));
#9248=DIRECTION('ref_axis',(-1.87959813743923E-7,0.998925563634061,-0.0463434819401657));
#9249=DIRECTION('',(-0.999999999999982,-1.88161981817814E-7,4.44089209850063E-17));
#9250=DIRECTION('',(0.999999999999999,0.,-3.84095933899212E-8));
#9251=DIRECTION('center_axis',(-0.999999999999982,-1.88161981817814E-7,
4.44089209850063E-17));
#9252=DIRECTION('ref_axis',(-1.88075377663459E-7,0.999539736163124,-0.030336707647948));
#9253=DIRECTION('',(-0.999999999999999,2.22044603934454E-15,-3.84095931123655E-8));
#9254=DIRECTION('',(-0.999999999999982,-1.88161981817814E-7,4.44089209850063E-17));
#9255=DIRECTION('center_axis',(-1.88161981817814E-7,0.999999999999982,0.));
#9256=DIRECTION('ref_axis',(0.,0.,-1.));
#9257=DIRECTION('',(0.,0.,-1.));
#9258=DIRECTION('',(0.,0.,1.));
#9259=DIRECTION('center_axis',(0.,0.,1.));
#9260=DIRECTION('ref_axis',(-0.995859195463938,-0.0909090909090924,0.));
#9261=DIRECTION('',(0.,0.,-1.));
#9262=DIRECTION('center_axis',(0.,0.,1.));
#9263=DIRECTION('ref_axis',(1.,-3.56892654890602E-9,0.));
#9264=DIRECTION('',(0.,0.,1.));
#9265=DIRECTION('',(0.,0.,1.));
#9266=DIRECTION('',(0.,0.,-1.));
#9267=DIRECTION('',(0.,0.,-1.));
#9268=DIRECTION('center_axis',(0.,1.,0.));
#9269=DIRECTION('ref_axis',(-1.,0.,0.));
#9270=DIRECTION('',(0.,0.,1.));
#9271=DIRECTION('center_axis',(0.,-1.,0.));
#9272=DIRECTION('ref_axis',(1.,0.,0.));
#9273=DIRECTION('',(0.,0.,-1.));
#9274=DIRECTION('',(0.,0.,-1.));
#9275=DIRECTION('',(0.,0.,1.));
#9276=DIRECTION('center_axis',(0.,0.,1.));
#9277=DIRECTION('ref_axis',(0.,-1.,0.));
#9278=DIRECTION('center_axis',(0.,0.,1.));
#9279=DIRECTION('ref_axis',(-0.995859195463443,-0.0909090909145198,0.));
#9280=DIRECTION('',(0.,0.,1.));
#9281=DIRECTION('center_axis',(0.,0.,1.));
#9282=DIRECTION('ref_axis',(-0.995859195463443,-0.0909090909145198,0.));
#9283=DIRECTION('',(0.,0.,1.));
#9284=DIRECTION('center_axis',(0.,0.,1.));
#9285=DIRECTION('ref_axis',(0.,1.,0.));
#9286=DIRECTION('',(0.,0.,1.));
#9287=DIRECTION('',(0.,0.,-1.));
#9288=DIRECTION('',(0.,0.,1.));
#9289=DIRECTION('',(0.,0.,1.));
#9290=DIRECTION('center_axis',(0.,1.,0.));
#9291=DIRECTION('ref_axis',(-1.,0.,0.));
#9292=DIRECTION('',(0.,0.,-1.));
#9293=DIRECTION('center_axis',(0.,1.,0.));
#9294=DIRECTION('ref_axis',(-1.,0.,0.));
#9295=DIRECTION('',(0.,0.,1.));
#9296=DIRECTION('center_axis',(0.,0.,1.));
#9297=DIRECTION('ref_axis',(-1.,0.,0.));
#9298=DIRECTION('center_axis',(0.,0.,1.));
#9299=DIRECTION('ref_axis',(-1.,0.,0.));
#9300=DIRECTION('',(0.,0.,-1.));
#9301=DIRECTION('center_axis',(0.,0.,-1.));
#9302=DIRECTION('ref_axis',(-1.,0.,0.));
#9303=DIRECTION('center_axis',(0.,0.,1.));
#9304=DIRECTION('ref_axis',(-1.,0.,0.));
#9305=DIRECTION('center_axis',(0.,0.,1.));
#9306=DIRECTION('ref_axis',(-1.,0.,0.));
#9307=DIRECTION('center_axis',(0.,0.,1.));
#9308=DIRECTION('ref_axis',(-1.,0.,0.));
#9309=DIRECTION('',(0.,0.,-1.));
#9310=DIRECTION('center_axis',(0.,0.,-1.));
#9311=DIRECTION('ref_axis',(-1.,0.,0.));
#9312=DIRECTION('center_axis',(0.,0.,1.));
#9313=DIRECTION('ref_axis',(-1.,0.,0.));
#9314=DIRECTION('center_axis',(0.,0.,1.));
#9315=DIRECTION('ref_axis',(-1.,0.,0.));
#9316=DIRECTION('center_axis',(0.,0.,1.));
#9317=DIRECTION('ref_axis',(-1.,0.,0.));
#9318=DIRECTION('',(0.,0.,-1.));
#9319=DIRECTION('center_axis',(0.,0.,-1.));
#9320=DIRECTION('ref_axis',(-1.,0.,0.));
#9321=DIRECTION('center_axis',(0.,0.,1.));
#9322=DIRECTION('ref_axis',(-1.,0.,0.));
#9323=DIRECTION('center_axis',(0.,0.,1.));
#9324=DIRECTION('ref_axis',(-1.,0.,0.));
#9325=DIRECTION('center_axis',(0.,0.,1.));
#9326=DIRECTION('ref_axis',(-1.,0.,0.));
#9327=DIRECTION('',(0.,0.,-1.));
#9328=DIRECTION('center_axis',(0.,0.,-1.));
#9329=DIRECTION('ref_axis',(-1.,0.,0.));
#9330=DIRECTION('center_axis',(0.,0.,1.));
#9331=DIRECTION('ref_axis',(-1.,0.,0.));
#9332=DIRECTION('center_axis',(0.,0.,1.));
#9333=DIRECTION('ref_axis',(-1.,0.,0.));
#9334=DIRECTION('center_axis',(0.,0.,1.));
#9335=DIRECTION('ref_axis',(-1.,0.,0.));
#9336=DIRECTION('',(0.,0.,-1.));
#9337=DIRECTION('center_axis',(0.,0.,-1.));
#9338=DIRECTION('ref_axis',(-1.,0.,0.));
#9339=DIRECTION('center_axis',(0.,0.,1.));
#9340=DIRECTION('ref_axis',(-1.,0.,0.));
#9341=DIRECTION('center_axis',(0.,0.,1.));
#9342=DIRECTION('ref_axis',(-1.,0.,0.));
#9343=DIRECTION('center_axis',(0.,0.,1.));
#9344=DIRECTION('ref_axis',(-1.,0.,0.));
#9345=DIRECTION('',(0.,0.,-1.));
#9346=DIRECTION('center_axis',(0.,0.,-1.));
#9347=DIRECTION('ref_axis',(-1.,0.,0.));
#9348=DIRECTION('center_axis',(0.,0.,1.));
#9349=DIRECTION('ref_axis',(-1.,0.,0.));
#9350=DIRECTION('center_axis',(0.,0.,1.));
#9351=DIRECTION('ref_axis',(-1.,0.,0.));
#9352=DIRECTION('center_axis',(0.,0.,1.));
#9353=DIRECTION('ref_axis',(-1.,0.,0.));
#9354=DIRECTION('',(0.,0.,-1.));
#9355=DIRECTION('center_axis',(0.,0.,-1.));
#9356=DIRECTION('ref_axis',(-1.,0.,0.));
#9357=DIRECTION('center_axis',(0.,0.,1.));
#9358=DIRECTION('ref_axis',(-1.,0.,0.));
#9359=DIRECTION('center_axis',(0.,0.,1.));
#9360=DIRECTION('ref_axis',(-1.,0.,0.));
#9361=DIRECTION('center_axis',(0.,0.,1.));
#9362=DIRECTION('ref_axis',(-1.,0.,0.));
#9363=DIRECTION('',(0.,0.,-1.));
#9364=DIRECTION('center_axis',(0.,0.,-1.));
#9365=DIRECTION('ref_axis',(-1.,0.,0.));
#9366=DIRECTION('center_axis',(0.,0.,1.));
#9367=DIRECTION('ref_axis',(-1.,0.,0.));
#9368=DIRECTION('center_axis',(-2.1094237467878E-15,1.,0.));
#9369=DIRECTION('ref_axis',(-1.,-2.1094237467878E-15,0.));
#9370=DIRECTION('',(0.,0.,-1.));
#9371=DIRECTION('',(-1.,-2.1094237467878E-15,0.));
#9372=DIRECTION('center_axis',(0.,0.,1.));
#9373=DIRECTION('ref_axis',(-1.,0.,0.));
#9374=DIRECTION('center_axis',(0.,0.,-1.));
#9375=DIRECTION('ref_axis',(-1.,0.,0.));
#9376=DIRECTION('',(0.,0.,-1.));
#9377=DIRECTION('center_axis',(0.,0.,1.));
#9378=DIRECTION('ref_axis',(-1.,0.,0.));
#9379=DIRECTION('center_axis',(0.,0.,1.));
#9380=DIRECTION('ref_axis',(-1.,0.,0.));
#9381=DIRECTION('center_axis',(0.,0.,-1.));
#9382=DIRECTION('ref_axis',(-1.,0.,0.));
#9383=DIRECTION('',(0.,0.,-1.));
#9384=DIRECTION('center_axis',(0.,0.,1.));
#9385=DIRECTION('ref_axis',(-1.,0.,0.));
#9386=DIRECTION('center_axis',(0.,-1.,0.));
#9387=DIRECTION('ref_axis',(1.,0.,0.));
#9388=DIRECTION('',(0.,0.,-1.));
#9389=DIRECTION('',(1.,0.,0.));
#9390=DIRECTION('center_axis',(0.,0.,1.));
#9391=DIRECTION('ref_axis',(-1.,0.,0.));
#9392=DIRECTION('',(0.,1.,0.));
#9393=DIRECTION('',(-1.,0.,0.));
#9394=DIRECTION('',(-1.,0.,0.));
#9395=DIRECTION('',(-2.96059473233375E-16,-1.,0.));
#9396=DIRECTION('',(1.,2.1094237467878E-15,0.));
#9397=DIRECTION('',(1.,2.1094237467878E-15,0.));
#9398=DIRECTION('center_axis',(2.1094237467878E-15,-1.,0.));
#9399=DIRECTION('ref_axis',(1.,2.1094237467878E-15,0.));
#9400=DIRECTION('',(0.,0.,1.));
#9401=DIRECTION('',(0.,0.,1.));
#9402=DIRECTION('center_axis',(-1.,2.96059473233375E-16,0.));
#9403=DIRECTION('ref_axis',(-2.96059473233375E-16,-1.,0.));
#9404=DIRECTION('',(0.,0.,1.));
#9405=DIRECTION('center_axis',(0.,1.,0.));
#9406=DIRECTION('ref_axis',(-1.,0.,0.));
#9407=DIRECTION('',(0.,0.,1.));
#9408=DIRECTION('center_axis',(0.,0.,1.));
#9409=DIRECTION('ref_axis',(1.,0.,0.));
#9410=DIRECTION('center_axis',(0.,0.,1.));
#9411=DIRECTION('ref_axis',(1.,0.,0.));
#9412=DIRECTION('center_axis',(4.44089209850063E-16,1.,0.));
#9413=DIRECTION('ref_axis',(-1.,4.44089209850063E-16,0.));
#9414=DIRECTION('',(0.,0.,-1.));
#9415=DIRECTION('',(-1.,4.44089209850063E-16,0.));
#9416=DIRECTION('center_axis',(0.,0.,1.));
#9417=DIRECTION('ref_axis',(-1.,0.,0.));
#9418=DIRECTION('center_axis',(0.,0.,-1.));
#9419=DIRECTION('ref_axis',(-1.,0.,0.));
#9420=DIRECTION('',(0.,0.,-1.));
#9421=DIRECTION('center_axis',(0.,0.,1.));
#9422=DIRECTION('ref_axis',(-1.,0.,0.));
#9423=DIRECTION('center_axis',(0.,0.,1.));
#9424=DIRECTION('ref_axis',(-1.,0.,0.));
#9425=DIRECTION('center_axis',(0.,0.,-1.));
#9426=DIRECTION('ref_axis',(-1.,0.,0.));
#9427=DIRECTION('',(0.,0.,-1.));
#9428=DIRECTION('center_axis',(0.,0.,1.));
#9429=DIRECTION('ref_axis',(-1.,0.,0.));
#9430=DIRECTION('center_axis',(-4.44089209850063E-16,-1.,0.));
#9431=DIRECTION('ref_axis',(1.,-4.44089209850063E-16,0.));
#9432=DIRECTION('',(1.,-4.44089209850063E-16,0.));
#9433=DIRECTION('',(0.,0.,-1.));
#9434=DIRECTION('center_axis',(0.,0.,1.));
#9435=DIRECTION('ref_axis',(-1.,0.,0.));
#9436=DIRECTION('',(0.,1.,0.));
#9437=DIRECTION('',(-1.,4.44089209850063E-16,0.));
#9438=DIRECTION('',(-1.,4.44089209850063E-16,0.));
#9439=DIRECTION('',(-1.48029736616688E-16,-1.,0.));
#9440=DIRECTION('',(1.,-4.44089209850063E-16,0.));
#9441=DIRECTION('',(1.,-4.44089209850063E-16,0.));
#9442=DIRECTION('center_axis',(-4.44089209850063E-16,-1.,0.));
#9443=DIRECTION('ref_axis',(1.,-4.44089209850063E-16,0.));
#9444=DIRECTION('',(0.,0.,1.));
#9445=DIRECTION('center_axis',(-1.,1.48029736616688E-16,0.));
#9446=DIRECTION('ref_axis',(-1.48029736616688E-16,-1.,0.));
#9447=DIRECTION('',(0.,0.,1.));
#9448=DIRECTION('center_axis',(4.44089209850063E-16,1.,0.));
#9449=DIRECTION('ref_axis',(-1.,4.44089209850063E-16,0.));
#9450=DIRECTION('center_axis',(0.,0.,1.));
#9451=DIRECTION('ref_axis',(1.,0.,0.));
#9452=DIRECTION('center_axis',(0.,0.,1.));
#9453=DIRECTION('ref_axis',(1.,0.,0.));
#9454=DIRECTION('center_axis',(0.,-1.,0.));
#9455=DIRECTION('ref_axis',(1.,0.,0.));
#9456=DIRECTION('',(0.,0.,-1.));
#9457=DIRECTION('',(1.,0.,0.));
#9458=DIRECTION('center_axis',(0.,0.,1.));
#9459=DIRECTION('ref_axis',(-1.,0.,0.));
#9460=DIRECTION('center_axis',(0.,0.,-1.));
#9461=DIRECTION('ref_axis',(-1.,0.,0.));
#9462=DIRECTION('',(0.,0.,-1.));
#9463=DIRECTION('center_axis',(0.,0.,1.));
#9464=DIRECTION('ref_axis',(-1.,0.,0.));
#9465=DIRECTION('center_axis',(0.,0.,1.));
#9466=DIRECTION('ref_axis',(-1.,0.,0.));
#9467=DIRECTION('center_axis',(0.,0.,-1.));
#9468=DIRECTION('ref_axis',(-1.,0.,0.));
#9469=DIRECTION('',(0.,0.,-1.));
#9470=DIRECTION('center_axis',(0.,0.,1.));
#9471=DIRECTION('ref_axis',(-1.,0.,0.));
#9472=DIRECTION('center_axis',(-1.2712053631958E-13,1.,0.));
#9473=DIRECTION('ref_axis',(-1.,-1.2712053631958E-13,0.));
#9474=DIRECTION('',(-1.,-1.2712053631958E-13,0.));
#9475=DIRECTION('',(0.,0.,-1.));
#9476=DIRECTION('center_axis',(0.,0.,1.));
#9477=DIRECTION('ref_axis',(-1.,0.,0.));
#9478=DIRECTION('',(0.,-1.,0.));
#9479=DIRECTION('',(1.,1.2712053631958E-13,0.));
#9480=DIRECTION('',(1.,1.2712053631958E-13,0.));
#9481=DIRECTION('',(2.96059473233375E-16,1.,0.));
#9482=DIRECTION('',(-1.,0.,0.));
#9483=DIRECTION('',(-1.,0.,0.));
#9484=DIRECTION('center_axis',(0.,1.,0.));
#9485=DIRECTION('ref_axis',(-1.,0.,0.));
#9486=DIRECTION('',(0.,0.,1.));
#9487=DIRECTION('',(0.,0.,1.));
#9488=DIRECTION('center_axis',(1.,-2.96059473233375E-16,0.));
#9489=DIRECTION('ref_axis',(2.96059473233375E-16,1.,0.));
#9490=DIRECTION('',(0.,0.,1.));
#9491=DIRECTION('center_axis',(1.2712053631958E-13,-1.,0.));
#9492=DIRECTION('ref_axis',(1.,1.2712053631958E-13,0.));
#9493=DIRECTION('center_axis',(0.,0.,1.));
#9494=DIRECTION('ref_axis',(1.,0.,0.));
#9495=DIRECTION('center_axis',(0.,0.,1.));
#9496=DIRECTION('ref_axis',(1.,0.,0.));
#9497=DIRECTION('center_axis',(-8.88178419700127E-16,-1.,0.));
#9498=DIRECTION('ref_axis',(1.,-8.88178419700127E-16,0.));
#9499=DIRECTION('',(0.,0.,-1.));
#9500=DIRECTION('',(1.,-8.88178419700127E-16,0.));
#9501=DIRECTION('center_axis',(0.,0.,1.));
#9502=DIRECTION('ref_axis',(-1.,0.,0.));
#9503=DIRECTION('center_axis',(0.,0.,-1.));
#9504=DIRECTION('ref_axis',(-1.,0.,0.));
#9505=DIRECTION('',(0.,0.,-1.));
#9506=DIRECTION('center_axis',(0.,0.,1.));
#9507=DIRECTION('ref_axis',(-1.,0.,0.));
#9508=DIRECTION('center_axis',(0.,0.,1.));
#9509=DIRECTION('ref_axis',(-1.,0.,0.));
#9510=DIRECTION('center_axis',(0.,0.,-1.));
#9511=DIRECTION('ref_axis',(-1.,0.,0.));
#9512=DIRECTION('',(0.,0.,-1.));
#9513=DIRECTION('center_axis',(0.,0.,1.));
#9514=DIRECTION('ref_axis',(-1.,0.,0.));
#9515=DIRECTION('center_axis',(-4.44089209850063E-16,1.,0.));
#9516=DIRECTION('ref_axis',(-1.,-4.44089209850063E-16,0.));
#9517=DIRECTION('',(-1.,-4.44089209850063E-16,0.));
#9518=DIRECTION('',(0.,0.,-1.));
#9519=DIRECTION('center_axis',(0.,0.,1.));
#9520=DIRECTION('ref_axis',(-1.,0.,0.));
#9521=DIRECTION('',(-1.1842378929335E-15,-1.,0.));
#9522=DIRECTION('',(1.,4.44089209850063E-16,0.));
#9523=DIRECTION('',(1.,4.44089209850063E-16,0.));
#9524=DIRECTION('',(-1.48029736616688E-16,1.,0.));
#9525=DIRECTION('',(-1.,8.88178419700127E-16,0.));
#9526=DIRECTION('',(-1.,8.88178419700127E-16,0.));
#9527=DIRECTION('center_axis',(8.88178419700127E-16,1.,0.));
#9528=DIRECTION('ref_axis',(-1.,8.88178419700127E-16,0.));
#9529=DIRECTION('',(0.,0.,1.));
#9530=DIRECTION('',(0.,0.,1.));
#9531=DIRECTION('center_axis',(1.,1.48029736616688E-16,0.));
#9532=DIRECTION('ref_axis',(-1.48029736616688E-16,1.,0.));
#9533=DIRECTION('',(0.,0.,1.));
#9534=DIRECTION('center_axis',(4.44089209850063E-16,-1.,0.));
#9535=DIRECTION('ref_axis',(1.,4.44089209850063E-16,0.));
#9536=DIRECTION('center_axis',(0.,0.,1.));
#9537=DIRECTION('ref_axis',(1.,0.,0.));
#9538=DIRECTION('center_axis',(0.,0.,1.));
#9539=DIRECTION('ref_axis',(1.,0.,0.));
#9540=DIRECTION('center_axis',(0.,0.,1.));
#9541=DIRECTION('ref_axis',(1.77635683940025E-15,1.,0.));
#9542=DIRECTION('',(0.,0.,-1.));
#9543=DIRECTION('center_axis',(-5.55111512312578E-16,1.,0.));
#9544=DIRECTION('ref_axis',(-1.,-5.55111512312578E-16,0.));
#9545=DIRECTION('center_axis',(8.88178419700127E-16,1.,0.));
#9546=DIRECTION('ref_axis',(-1.,8.88178419700127E-16,0.));
#9547=DIRECTION('',(0.,0.,1.));
#9548=DIRECTION('center_axis',(-1.,1.1842378929335E-15,0.));
#9549=DIRECTION('ref_axis',(-1.1842378929335E-15,-1.,0.));
#9550=DIRECTION('',(0.,0.,1.));
#9551=DIRECTION('center_axis',(4.44089209850063E-16,-1.,0.));
#9552=DIRECTION('ref_axis',(1.,4.44089209850063E-16,0.));
#9553=DIRECTION('',(0.,0.,1.));
#9554=DIRECTION('center_axis',(0.,0.,1.));
#9555=DIRECTION('ref_axis',(-7.14464754025812E-9,-1.,0.));
#9556=DIRECTION('',(0.,0.,-1.));
#9557=DIRECTION('center_axis',(0.,0.,1.));
#9558=DIRECTION('ref_axis',(-0.995859195568189,-0.0909090897670794,0.));
#9559=DIRECTION('',(0.,0.,1.));
#9560=DIRECTION('center_axis',(0.,-1.,0.));
#9561=DIRECTION('ref_axis',(1.,0.,0.));
#9562=DIRECTION('',(0.,0.,1.));
#9563=DIRECTION('center_axis',(0.,0.,1.));
#9564=DIRECTION('ref_axis',(-1.,0.,0.));
#9565=DIRECTION('',(0.,0.,1.));
#9566=DIRECTION('center_axis',(-1.,-1.77635683980904E-16,0.));
#9567=DIRECTION('ref_axis',(1.77635683980904E-16,-1.,0.));
#9568=DIRECTION('',(0.,0.,-1.));
#9569=DIRECTION('center_axis',(0.,0.,1.));
#9570=DIRECTION('ref_axis',(0.,1.,0.));
#9571=DIRECTION('center_axis',(0.,1.,0.));
#9572=DIRECTION('ref_axis',(-1.,0.,0.));
#9573=DIRECTION('',(0.,0.,1.));
#9574=DIRECTION('center_axis',(0.,0.,1.));
#9575=DIRECTION('ref_axis',(1.,-1.61486985400023E-15,0.));
#9576=DIRECTION('',(0.,0.,1.));
#9577=DIRECTION('center_axis',(1.,-1.06581410362454E-15,0.));
#9578=DIRECTION('ref_axis',(1.06581410362454E-15,1.,0.));
#9579=DIRECTION('',(0.,0.,1.));
#9580=DIRECTION('center_axis',(0.,0.,1.));
#9581=DIRECTION('ref_axis',(0.,-1.,0.));
#9582=DIRECTION('',(0.,0.,-1.));
#9583=DIRECTION('center_axis',(0.,-1.,0.));
#9584=DIRECTION('ref_axis',(1.,0.,0.));
#9585=DIRECTION('center_axis',(0.,0.,1.));
#9586=DIRECTION('ref_axis',(1.77635683940025E-15,-1.,0.));
#9587=DIRECTION('center_axis',(0.,0.,1.));
#9588=DIRECTION('ref_axis',(0.,-1.,0.));
#9589=DIRECTION('',(0.,0.,-1.));
#9590=DIRECTION('center_axis',(0.,-1.,0.));
#9591=DIRECTION('ref_axis',(1.,0.,0.));
#9592=DIRECTION('center_axis',(2.1094237467878E-15,-1.,0.));
#9593=DIRECTION('ref_axis',(1.,2.1094237467878E-15,0.));
#9594=DIRECTION('',(0.,0.,1.));
#9595=DIRECTION('center_axis',(1.,0.,0.));
#9596=DIRECTION('ref_axis',(0.,1.,0.));
#9597=DIRECTION('',(0.,0.,1.));
#9598=DIRECTION('center_axis',(0.,1.,0.));
#9599=DIRECTION('ref_axis',(-1.,0.,0.));
#9600=DIRECTION('center_axis',(-1.,0.,0.));
#9601=DIRECTION('ref_axis',(0.,-1.,0.));
#9602=DIRECTION('',(0.,0.,1.));
#9603=DIRECTION('',(0.,0.,-1.));
#9604=DIRECTION('center_axis',(0.,0.,1.));
#9605=DIRECTION('ref_axis',(0.,1.,0.));
#9606=DIRECTION('',(0.,0.,-1.));
#9607=DIRECTION('center_axis',(0.,1.,0.));
#9608=DIRECTION('ref_axis',(-1.,0.,0.));
#9609=DIRECTION('center_axis',(0.,0.,1.));
#9610=DIRECTION('ref_axis',(0.995859195439508,0.0909090911767083,0.));
#9611=DIRECTION('',(0.,0.,1.));
#9612=DIRECTION('center_axis',(0.,1.,0.));
#9613=DIRECTION('ref_axis',(-1.,0.,0.));
#9614=DIRECTION('',(0.,0.,1.));
#9615=DIRECTION('center_axis',(0.,0.,1.));
#9616=DIRECTION('ref_axis',(1.,0.,0.));
#9617=DIRECTION('',(0.,0.,1.));
#9618=DIRECTION('center_axis',(1.,-3.55271367859133E-16,0.));
#9619=DIRECTION('ref_axis',(3.55271367859133E-16,1.,0.));
#9620=DIRECTION('',(0.,0.,1.));
#9621=DIRECTION('center_axis',(0.,0.,1.));
#9622=DIRECTION('ref_axis',(0.,-1.,0.));
#9623=DIRECTION('',(0.,0.,1.));
#9624=DIRECTION('center_axis',(0.,-1.,0.));
#9625=DIRECTION('ref_axis',(1.,0.,0.));
#9626=DIRECTION('',(0.,0.,1.));
#9627=DIRECTION('center_axis',(0.,0.,1.));
#9628=DIRECTION('ref_axis',(8.07434927000114E-16,-1.,0.));
#9629=DIRECTION('center_axis',(0.,-1.,0.));
#9630=DIRECTION('ref_axis',(1.,0.,0.));
#9631=DIRECTION('',(0.,0.,-1.));
#9632=DIRECTION('center_axis',(0.,0.,1.));
#9633=DIRECTION('ref_axis',(-1.,0.,0.));
#9634=DIRECTION('center_axis',(0.,0.,1.));
#9635=DIRECTION('ref_axis',(-1.,6.12323401477166E-17,0.));
#9636=DIRECTION('',(0.,0.,1.));
#9637=DIRECTION('',(0.,0.,1.));
#9638=DIRECTION('center_axis',(-4.44089209850063E-16,-1.,0.));
#9639=DIRECTION('ref_axis',(1.,-4.44089209850063E-16,0.));
#9640=DIRECTION('',(0.,0.,1.));
#9641=DIRECTION('center_axis',(1.,0.,0.));
#9642=DIRECTION('ref_axis',(0.,1.,0.));
#9643=DIRECTION('',(0.,0.,1.));
#9644=DIRECTION('center_axis',(4.44089209850063E-16,1.,0.));
#9645=DIRECTION('ref_axis',(-1.,4.44089209850063E-16,0.));
#9646=DIRECTION('',(0.,0.,1.));
#9647=DIRECTION('center_axis',(0.,0.,1.));
#9648=DIRECTION('ref_axis',(7.14464931661496E-9,1.,0.));
#9649=DIRECTION('center_axis',(0.,-1.,0.));
#9650=DIRECTION('ref_axis',(1.,0.,0.));
#9651=DIRECTION('',(0.,0.,1.));
#9652=DIRECTION('',(0.,0.,-1.));
#9653=DIRECTION('center_axis',(0.,0.,1.));
#9654=DIRECTION('ref_axis',(-1.,0.,0.));
#9655=DIRECTION('',(0.,0.,1.));
#9656=DIRECTION('center_axis',(-1.,0.,0.));
#9657=DIRECTION('ref_axis',(0.,-1.,0.));
#9658=DIRECTION('',(0.,0.,1.));
#9659=DIRECTION('center_axis',(0.,0.,1.));
#9660=DIRECTION('ref_axis',(0.,1.,0.));
#9661=DIRECTION('',(0.,0.,1.));
#9662=DIRECTION('center_axis',(0.,1.,0.));
#9663=DIRECTION('ref_axis',(-1.,0.,0.));
#9664=DIRECTION('center_axis',(0.,0.,1.));
#9665=DIRECTION('ref_axis',(0.995859195463938,0.0909090909090906,0.));
#9666=DIRECTION('',(0.,0.,1.));
#9667=DIRECTION('center_axis',(0.,1.,0.));
#9668=DIRECTION('ref_axis',(-1.,0.,0.));
#9669=DIRECTION('',(0.,0.,1.));
#9670=DIRECTION('center_axis',(0.,0.,1.));
#9671=DIRECTION('ref_axis',(1.,0.,0.));
#9672=DIRECTION('',(0.,0.,-1.));
#9673=DIRECTION('center_axis',(1.,-3.55271367891772E-16,0.));
#9674=DIRECTION('ref_axis',(3.55271367891772E-16,1.,0.));
#9675=DIRECTION('',(0.,0.,1.));
#9676=DIRECTION('center_axis',(0.,0.,1.));
#9677=DIRECTION('ref_axis',(0.,-1.,0.));
#9678=DIRECTION('',(0.,0.,1.));
#9679=DIRECTION('center_axis',(0.,-1.,0.));
#9680=DIRECTION('ref_axis',(1.,0.,0.));
#9681=DIRECTION('center_axis',(0.,0.,1.));
#9682=DIRECTION('ref_axis',(-0.995859195463938,-0.090909090909091,0.));
#9683=DIRECTION('center_axis',(0.,0.,1.));
#9684=DIRECTION('ref_axis',(0.,1.,0.));
#9685=DIRECTION('',(0.,0.,-1.));
#9686=DIRECTION('center_axis',(0.,1.,0.));
#9687=DIRECTION('ref_axis',(-1.,0.,0.));
#9688=DIRECTION('center_axis',(0.,1.,0.));
#9689=DIRECTION('ref_axis',(-1.,0.,0.));
#9690=DIRECTION('',(0.,0.,1.));
#9691=DIRECTION('center_axis',(-1.,0.,0.));
#9692=DIRECTION('ref_axis',(0.,-1.,0.));
#9693=DIRECTION('',(0.,0.,1.));
#9694=DIRECTION('center_axis',(1.2712053631958E-13,-1.,0.));
#9695=DIRECTION('ref_axis',(1.,1.2712053631958E-13,0.));
#9696=DIRECTION('',(0.,0.,1.));
#9697=DIRECTION('center_axis',(0.,0.,1.));
#9698=DIRECTION('ref_axis',(-7.14464754025812E-9,-1.,0.));
#9699=DIRECTION('center_axis',(-1.,8.88178419702037E-17,0.));
#9700=DIRECTION('ref_axis',(-8.88178419702037E-17,-1.,0.));
#9701=DIRECTION('',(0.,0.,1.));
#9702=DIRECTION('',(0.,0.,1.));
#9703=DIRECTION('center_axis',(0.,0.,1.));
#9704=DIRECTION('ref_axis',(6.92213962917215E-12,1.,0.));
#9705=DIRECTION('',(0.,0.,1.));
#9706=DIRECTION('center_axis',(6.92231176725518E-12,1.,0.));
#9707=DIRECTION('ref_axis',(-1.,6.92231176725518E-12,0.));
#9708=DIRECTION('center_axis',(0.,0.,1.));
#9709=DIRECTION('ref_axis',(0.995859195358952,0.0909090920591584,0.));
#9710=DIRECTION('',(0.,0.,-1.));
#9711=DIRECTION('center_axis',(0.,1.,0.));
#9712=DIRECTION('ref_axis',(-1.,0.,0.));
#9713=DIRECTION('',(0.,0.,-1.));
#9714=DIRECTION('center_axis',(0.,0.,1.));
#9715=DIRECTION('ref_axis',(1.,0.,0.));
#9716=DIRECTION('',(0.,0.,-1.));
#9717=DIRECTION('center_axis',(1.,0.,0.));
#9718=DIRECTION('ref_axis',(0.,1.,0.));
#9719=DIRECTION('',(0.,0.,-1.));
#9720=DIRECTION('center_axis',(0.,0.,1.));
#9721=DIRECTION('ref_axis',(0.,-1.,0.));
#9722=DIRECTION('center_axis',(0.,0.,1.));
#9723=DIRECTION('ref_axis',(0.,-1.,0.));
#9724=DIRECTION('center_axis',(-3.89989394441359E-13,-1.,0.));
#9725=DIRECTION('ref_axis',(1.,-3.89989394441359E-13,0.));
#9726=DIRECTION('',(0.,0.,1.));
#9727=DIRECTION('center_axis',(0.,0.,1.));
#9728=DIRECTION('ref_axis',(-1.,0.,0.));
#9729=DIRECTION('center_axis',(0.,0.,1.));
#9730=DIRECTION('ref_axis',(1.,0.,0.));
#9731=DIRECTION('',(0.,0.,-1.));
#9732=DIRECTION('center_axis',(0.,0.,1.));
#9733=DIRECTION('ref_axis',(1.,0.,0.));
#9734=DIRECTION('',(0.,0.,-1.));
#9735=DIRECTION('center_axis',(0.,0.,1.));
#9736=DIRECTION('ref_axis',(1.,0.,0.));
#9737=DIRECTION('',(0.,0.,-1.));
#9738=DIRECTION('center_axis',(0.,0.,1.));
#9739=DIRECTION('ref_axis',(1.,0.,0.));
#9740=DIRECTION('',(0.,0.,-1.));
#9741=DIRECTION('center_axis',(0.,0.,1.));
#9742=DIRECTION('ref_axis',(1.,0.,0.));
#9743=DIRECTION('',(0.,0.,-1.));
#9744=CARTESIAN_POINT('',(0.,0.,0.));
#9745=CARTESIAN_POINT('Origin',(-5.24999999999999,65.3313981006168,0.));
#9746=CARTESIAN_POINT('',(-5.25,65.3313981006078,2.77555756156289E-16));
#9747=CARTESIAN_POINT('',(-5.24999999999999,65.3313981006168,2.));
#9748=CARTESIAN_POINT('',(-5.25,65.3313981006078,0.));
#9749=CARTESIAN_POINT('',(-14.4661658906777,64.2110462818564,0.));
#9750=CARTESIAN_POINT('',(-5.24999999999999,65.3313981006168,0.));
#9751=CARTESIAN_POINT('',(-14.4661658906777,64.2110462818564,2.));
#9752=CARTESIAN_POINT('',(-14.4661658906777,64.2110462818564,2.));
#9753=CARTESIAN_POINT('',(-5.24999999999999,65.3313981006168,2.));
#9754=CARTESIAN_POINT('Origin',(-5.24999999999999,48.4999999998492,2.00000000000001));
#9755=CARTESIAN_POINT('',(-5.25,48.4999999998492,2.77555756156289E-16));
#9756=CARTESIAN_POINT('',(-5.24999999999999,48.4999999998492,2.00000000000001));
#9757=CARTESIAN_POINT('',(-5.25,48.4999999998492,2.));
#9758=CARTESIAN_POINT('',(-21.610912703474,48.889087296526,2.));
#9759=CARTESIAN_POINT('',(-5.24999999999999,48.4999999998492,2.00000000000001));
#9760=CARTESIAN_POINT('',(-21.610912703474,48.889087296526,0.));
#9761=CARTESIAN_POINT('',(-21.610912703474,48.889087296526,2.));
#9762=CARTESIAN_POINT('',(-5.24999999999999,48.4999999998492,0.));
#9763=CARTESIAN_POINT('Origin',(-5.25,65.4999999998492,2.));
#9764=CARTESIAN_POINT('',(-5.25,65.4156990502329,2.));
#9765=CARTESIAN_POINT('',(-5.25,48.4999999998492,6.5));
#9766=CARTESIAN_POINT('',(-5.25,48.4999999998492,2.));
#9767=CARTESIAN_POINT('',(-5.25,52.4999999998492,10.5));
#9768=CARTESIAN_POINT('',(-5.25,52.6249999998492,10.625));
#9769=CARTESIAN_POINT('',(-5.25,65.3313981006078,10.5));
#9770=CARTESIAN_POINT('',(-5.25,65.4999999998492,10.5));
#9771=CARTESIAN_POINT('',(-5.25,65.3313981006078,0.));
#9772=CARTESIAN_POINT('Origin',(5.24999999999999,65.3313981006168,0.));
#9773=CARTESIAN_POINT('',(5.24999999999999,65.3313981006168,2.));
#9774=CARTESIAN_POINT('',(5.25,65.3313981006168,2.77555756156289E-16));
#9775=CARTESIAN_POINT('',(5.25,65.3313981006168,0.));
#9776=CARTESIAN_POINT('',(14.466165890985,64.2110462817251,2.));
#9777=CARTESIAN_POINT('',(5.24999999999999,65.3313981006168,2.));
#9778=CARTESIAN_POINT('',(14.466165890985,64.2110462817251,0.));
#9779=CARTESIAN_POINT('',(14.466165890985,64.2110462817251,2.));
#9780=CARTESIAN_POINT('',(5.24999999999999,65.3313981006168,0.));
#9781=CARTESIAN_POINT('Origin',(5.24999999999999,48.4999999998492,2.00000000000001));
#9782=CARTESIAN_POINT('',(5.24999999999999,48.4999999998492,2.00000000000001));
#9783=CARTESIAN_POINT('',(5.25,48.4999999998492,2.77555756156289E-16));
#9784=CARTESIAN_POINT('',(5.25,48.4999999998492,2.));
#9785=CARTESIAN_POINT('',(21.610912703474,48.8890872970539,0.));
#9786=CARTESIAN_POINT('',(5.24999999999999,48.4999999998492,0.));
#9787=CARTESIAN_POINT('',(21.610912703474,48.8890872970539,2.));
#9788=CARTESIAN_POINT('',(21.610912703474,48.8890872970539,2.));
#9789=CARTESIAN_POINT('',(5.24999999999999,48.4999999998492,2.00000000000001));
#9790=CARTESIAN_POINT('Origin',(3.25,57.4999999998492,2.));
#9791=CARTESIAN_POINT('',(3.25,53.4999999998492,2.));
#9792=CARTESIAN_POINT('',(0.75,53.4999999998492,2.));
#9793=CARTESIAN_POINT('',(3.125,53.4999999998492,2.));
#9794=CARTESIAN_POINT('',(3.25,57.4999999998492,2.));
#9795=CARTESIAN_POINT('',(3.25,61.4999999998492,2.));
#9796=CARTESIAN_POINT('',(-3.25,57.4999999998492,2.));
#9797=CARTESIAN_POINT('',(1.625,57.4999999998492,2.));
#9798=CARTESIAN_POINT('',(-3.25,53.4999999998492,2.));
#9799=CARTESIAN_POINT('',(-3.25,61.4999999998492,2.));
#9800=CARTESIAN_POINT('',(-0.75,53.4999999998492,2.));
#9801=CARTESIAN_POINT('',(0.125,53.4999999998492,2.));
#9802=CARTESIAN_POINT('',(1.625,53.4999999998492,2.));
#9803=CARTESIAN_POINT('Origin',(0.,53.4999999998492,1.));
#9804=CARTESIAN_POINT('',(-0.75,53.4999999998492,2.77555756156289E-16));
#9805=CARTESIAN_POINT('',(-0.75,53.4999999998492,2.));
#9806=CARTESIAN_POINT('',(0.75,53.4999999998492,2.77555756156289E-16));
#9807=CARTESIAN_POINT('',(-1.625,53.4999999998492,0.));
#9808=CARTESIAN_POINT('',(0.75,53.4999999998492,8.5));
#9809=CARTESIAN_POINT('Origin',(-3.,53.4999999998492,6.25));
#9810=CARTESIAN_POINT('',(-3.25,53.4999999998492,10.5));
#9811=CARTESIAN_POINT('',(-3.25,53.4999999998492,2.));
#9812=CARTESIAN_POINT('',(-0.75,53.4999999998492,10.5));
#9813=CARTESIAN_POINT('',(-5.25,53.4999999998492,10.5));
#9814=CARTESIAN_POINT('',(-0.75,53.4999999998492,2.));
#9815=CARTESIAN_POINT('Origin',(-3.25,65.4999999998492,8.5));
#9816=CARTESIAN_POINT('',(-3.25,57.4999999998492,10.5));
#9817=CARTESIAN_POINT('',(-3.25,57.4999999998492,8.5));
#9818=CARTESIAN_POINT('',(-3.25,59.4999999998491,10.5));
#9819=CARTESIAN_POINT('Origin',(0.,57.4999999998492,9.5000000782311));
#9820=CARTESIAN_POINT('',(3.25,57.4999999998492,10.5));
#9821=CARTESIAN_POINT('',(3.25,57.4999999998492,2.));
#9822=CARTESIAN_POINT('',(-2.625,57.4999999998492,10.5));
#9823=CARTESIAN_POINT('',(3.,57.4999999998492,5.25));
#9824=CARTESIAN_POINT('Origin',(0.,57.4999999998492,5.25));
#9825=CARTESIAN_POINT('Origin',(6.97664148674448E-11,-16.3227040810495,
0.));
#9826=CARTESIAN_POINT('',(5.25,65.3313981006168,10.5));
#9827=CARTESIAN_POINT('Origin',(6.97664148674448E-11,-16.3227040810495,
10.5));
#9828=CARTESIAN_POINT('',(5.25,65.3313981006168,0.));
#9829=CARTESIAN_POINT('Origin',(6.97664148674448E-11,-16.3227040810495,
0.));
#9830=CARTESIAN_POINT('',(61.957078640957,37.1214285190796,2.));
#9831=CARTESIAN_POINT('Origin',(6.97664148674448E-11,-16.3227040810495,
2.));
#9832=CARTESIAN_POINT('',(61.957078640957,37.1214285190796,17.2));
#9833=CARTESIAN_POINT('',(61.957078640957,37.1214285190796,0.));
#9834=CARTESIAN_POINT('',(-61.8994577517123,37.1881549396073,17.2));
#9835=CARTESIAN_POINT('Origin',(6.97664148674448E-11,-16.3227040810495,
17.2));
#9836=CARTESIAN_POINT('',(-61.8994577517123,37.1881549396073,2.));
#9837=CARTESIAN_POINT('',(-61.8994577517123,37.1881549396073,0.));
#9838=CARTESIAN_POINT('Origin',(6.97664148674448E-11,-16.3227040810495,
2.));
#9839=CARTESIAN_POINT('Origin',(6.97664148674448E-11,-16.3227040810495,
0.));
#9840=CARTESIAN_POINT('Origin',(0.,65.4999999998492,5.25));
#9841=CARTESIAN_POINT('',(7.21556148164355E-11,68.4999999998542,2.25));
#9842=CARTESIAN_POINT('',(3.,68.4469315651947,5.25));
#9843=CARTESIAN_POINT('Ctrl Pts',(-1.38777878078145E-16,68.4999999998542,
2.25));
#9844=CARTESIAN_POINT('Ctrl Pts',(0.376720379469991,68.4999999998545,2.25));
#9845=CARTESIAN_POINT('Ctrl Pts',(0.778529538493034,68.497232385545,2.3252940814134));
#9846=CARTESIAN_POINT('Ctrl Pts',(1.51765826072217,68.4872271996889,2.63146484582644));
#9847=CARTESIAN_POINT('Ctrl Pts',(1.85498047658302,68.4801328782639,2.86233978946373));
#9848=CARTESIAN_POINT('Ctrl Pts',(2.38766022460555,68.4668069894586,3.39501953748626));
#9849=CARTESIAN_POINT('Ctrl Pts',(2.61853515839298,68.4597107311956,3.73234174662123));
#9850=CARTESIAN_POINT('Ctrl Pts',(2.9247059122932,68.4497011172852,4.47147044915675));
#9851=CARTESIAN_POINT('Ctrl Pts',(3.,68.4469315651947,4.87327960062992));
#9852=CARTESIAN_POINT('Ctrl Pts',(3.,68.4469315651947,5.25));
#9853=CARTESIAN_POINT('',(7.21556148164355E-11,68.4999999998542,8.25));
#9854=CARTESIAN_POINT('Ctrl Pts',(5.55111512312578E-16,68.4999999998542,
8.25));
#9855=CARTESIAN_POINT('Ctrl Pts',(-0.376720379469998,68.4999999998539,8.25));
#9856=CARTESIAN_POINT('Ctrl Pts',(-0.778529538493046,68.4972323855437,8.1747059185866));
#9857=CARTESIAN_POINT('Ctrl Pts',(-1.51765826072218,68.4872271996863,7.86853515417356));
#9858=CARTESIAN_POINT('Ctrl Pts',(-1.85498047658303,68.4801328782608,7.63766021053626));
#9859=CARTESIAN_POINT('Ctrl Pts',(-2.38766022460555,68.4668069894545,7.10498046251373));
#9860=CARTESIAN_POINT('Ctrl Pts',(-2.61853515839298,68.4597107311911,6.76765825337877));
#9861=CARTESIAN_POINT('Ctrl Pts',(-2.9247059122932,68.4497011172802,6.02852955084325));
#9862=CARTESIAN_POINT('Ctrl Pts',(-3.,68.4469315651896,5.62672039937009));
#9863=CARTESIAN_POINT('Ctrl Pts',(-3.,68.4469315651896,5.25));
#9864=CARTESIAN_POINT('Ctrl Pts',(-3.,68.4469315651896,4.87327960062991));
#9865=CARTESIAN_POINT('Ctrl Pts',(-2.9247059122932,68.4497011172802,4.47147044915675));
#9866=CARTESIAN_POINT('Ctrl Pts',(-2.61853515839298,68.4597107311911,3.73234174662123));
#9867=CARTESIAN_POINT('Ctrl Pts',(-2.38766022460555,68.4668069894545,3.39501953748627));
#9868=CARTESIAN_POINT('Ctrl Pts',(-1.85498047658303,68.4801328782608,2.86233978946374));
#9869=CARTESIAN_POINT('Ctrl Pts',(-1.51765826072218,68.4872271996863,2.63146484582645));
#9870=CARTESIAN_POINT('Ctrl Pts',(-0.778529538493047,68.4972323855437,2.3252940814134));
#9871=CARTESIAN_POINT('Ctrl Pts',(-0.37672037947,68.4999999998539,2.25));
#9872=CARTESIAN_POINT('Ctrl Pts',(-6.93889390390723E-17,68.4999999998542,
2.25));
#9873=CARTESIAN_POINT('Ctrl Pts',(3.,68.4469315651947,5.25));
#9874=CARTESIAN_POINT('Ctrl Pts',(3.,68.4469315651947,5.62672039937009));
#9875=CARTESIAN_POINT('Ctrl Pts',(2.9247059122932,68.4497011172852,6.02852955084325));
#9876=CARTESIAN_POINT('Ctrl Pts',(2.61853515839298,68.4597107311956,6.76765825337877));
#9877=CARTESIAN_POINT('Ctrl Pts',(2.38766022460555,68.4668069894586,7.10498046251374));
#9878=CARTESIAN_POINT('Ctrl Pts',(1.85498047658302,68.4801328782639,7.63766021053627));
#9879=CARTESIAN_POINT('Ctrl Pts',(1.51765826072217,68.4872271996889,7.86853515417356));
#9880=CARTESIAN_POINT('Ctrl Pts',(0.778529538493036,68.497232385545,8.1747059185866));
#9881=CARTESIAN_POINT('Ctrl Pts',(0.376720379469992,68.4999999998545,8.25));
#9882=CARTESIAN_POINT('Ctrl Pts',(3.46944695195361E-16,68.4999999998542,
8.25));
#9883=CARTESIAN_POINT('',(3.,65.4999999998492,5.25));
#9884=CARTESIAN_POINT('Origin',(7.21556148164382E-11,-16.3227040810521,
0.));
#9885=CARTESIAN_POINT('',(-68.3023686943638,33.9731959342867,2.));
#9886=CARTESIAN_POINT('',(68.3023686947915,33.9731959335376,2.));
#9887=CARTESIAN_POINT('Origin',(7.21556148164382E-11,-16.3227040810521,
2.));
#9888=CARTESIAN_POINT('',(-68.3023686947915,33.9731959335376,7.2));
#9889=CARTESIAN_POINT('',(-68.3023686943638,33.9731959342867,0.));
#9890=CARTESIAN_POINT('',(-66.7499999999922,36.0158918841405,7.2));
#9891=CARTESIAN_POINT('Origin',(7.21556148164382E-11,-16.3227040810521,
7.2));
#9892=CARTESIAN_POINT('',(-66.7500000088936,36.0158918726041,14.7137807973764));
#9893=CARTESIAN_POINT('',(-66.7499999999922,36.0158918839564,0.));
#9894=CARTESIAN_POINT('',(-68.2499999941056,34.0442357544366,16.1780603054791));
#9895=CARTESIAN_POINT('Ctrl Pts',(-68.2499997215296,34.0442353397829,16.1780600090069));
#9896=CARTESIAN_POINT('Ctrl Pts',(-67.7594065096806,34.7090157542111,15.6993314538837));
#9897=CARTESIAN_POINT('Ctrl Pts',(-67.259329262791,35.3663190844399,15.211168152803));
#9898=CARTESIAN_POINT('Ctrl Pts',(-66.7500000088936,36.0158918726042,14.7137807973764));
#9899=CARTESIAN_POINT('',(-68.2499999999922,34.0442357466555,17.2));
#9900=CARTESIAN_POINT('',(-68.2499999999922,34.0442357464599,0.));
#9901=CARTESIAN_POINT('',(68.2499999999922,34.0442357466555,17.2));
#9902=CARTESIAN_POINT('Origin',(7.21556148164382E-11,-16.3227040810521,
17.2));
#9903=CARTESIAN_POINT('',(68.2499999941056,34.0442357546321,16.1780603054826));
#9904=CARTESIAN_POINT('',(68.2499999999922,34.0442357466555,0.));
#9905=CARTESIAN_POINT('',(66.7500000088936,36.0158918727882,14.7137807973798));
#9906=CARTESIAN_POINT('Ctrl Pts',(66.7500000088936,36.0158918727882,14.7137807973798));
#9907=CARTESIAN_POINT('Ctrl Pts',(67.2593292627909,35.3663190846277,15.2111681528064));
#9908=CARTESIAN_POINT('Ctrl Pts',(67.7594065096806,34.7090157544027,15.6993314538871));
#9909=CARTESIAN_POINT('Ctrl Pts',(68.2499997215296,34.0442353399784,16.1780600090104));
#9910=CARTESIAN_POINT('',(66.7499999999922,36.0158918841405,7.2));
#9911=CARTESIAN_POINT('',(66.7499999999922,36.0158918841405,0.));
#9912=CARTESIAN_POINT('',(68.3023686947915,33.9731959335376,7.2));
#9913=CARTESIAN_POINT('Origin',(7.21556148164382E-11,-16.3227040810521,
7.2));
#9914=CARTESIAN_POINT('',(68.3023686947915,33.9731959335376,0.));
#9915=CARTESIAN_POINT('Origin',(-5.25,65.4999999998492,10.5));
#9916=CARTESIAN_POINT('',(-0.75,52.4999999998492,10.5));
#9917=CARTESIAN_POINT('',(-4.125,52.4999999998492,10.5));
#9918=CARTESIAN_POINT('',(-0.75,53.4999999998492,10.5));
#9919=CARTESIAN_POINT('',(3.25,53.4999999998492,10.5));
#9920=CARTESIAN_POINT('',(3.25,59.4999999998491,10.5));
#9921=CARTESIAN_POINT('',(0.75,53.4999999998492,10.5000001564622));
#9922=CARTESIAN_POINT('',(-5.25,53.4999999998492,10.5));
#9923=CARTESIAN_POINT('',(0.75,52.4999999998492,10.5000001564622));
#9924=CARTESIAN_POINT('',(0.75,53.4999999998492,10.5000001564622));
#9925=CARTESIAN_POINT('',(5.25,52.4999999998492,10.5));
#9926=CARTESIAN_POINT('',(-1.125,52.4999999998492,10.5));
#9927=CARTESIAN_POINT('',(5.25,65.4999999998492,10.5));
#9928=CARTESIAN_POINT('Origin',(3.25,65.4999999998492,2.));
#9929=CARTESIAN_POINT('',(3.25,53.4999999998492,7.375));
#9930=CARTESIAN_POINT('Origin',(-1.125,50.4999999998492,8.5));
#9931=CARTESIAN_POINT('',(5.25,48.4999999998492,6.5));
#9932=CARTESIAN_POINT('',(5.25,54.7499999998492,12.75));
#9933=CARTESIAN_POINT('',(0.75,48.4999999998492,6.5));
#9934=CARTESIAN_POINT('',(0.75,49.6249999998491,7.625));
#9935=CARTESIAN_POINT('',(-1.125,48.4999999998492,6.5));
#9936=CARTESIAN_POINT('Origin',(0.75,53.4999999998492,2.));
#9937=CARTESIAN_POINT('',(0.75,53.4999999998492,8.5));
#9938=CARTESIAN_POINT('',(0.75,48.4999999998492,2.77555756156289E-16));
#9939=CARTESIAN_POINT('',(0.75,52.7499999998231,2.77555756156289E-16));
#9940=CARTESIAN_POINT('',(0.75,48.4999999998492,8.5));
#9941=CARTESIAN_POINT('Origin',(-4.125,50.4999999998492,8.5));
#9942=CARTESIAN_POINT('',(-0.75,48.4999999998492,6.5));
#9943=CARTESIAN_POINT('',(-4.125,48.4999999998492,6.5));
#9944=CARTESIAN_POINT('',(-0.75,51.7499999998492,9.75));
#9945=CARTESIAN_POINT('Origin',(-0.75,53.4999999998492,10.5));
#9946=CARTESIAN_POINT('',(-0.75,48.4999999998492,2.77555756156289E-16));
#9947=CARTESIAN_POINT('',(-0.75,48.4999999998492,2.));
#9948=CARTESIAN_POINT('',(-0.75,55.2499999998231,2.77555756156289E-16));
#9949=CARTESIAN_POINT('Origin',(3.,53.4999999998492,6.2500000782311));
#9950=CARTESIAN_POINT('Origin',(3.,48.4999999998492,6.2500000782311));
#9951=CARTESIAN_POINT('',(2.625,48.4999999998492,2.77555756156289E-16));
#9952=CARTESIAN_POINT('',(5.25,48.4999999998492,2.));
#9953=CARTESIAN_POINT('Origin',(-3.,48.4999999998492,6.25));
#9954=CARTESIAN_POINT('',(-0.375000000000001,48.4999999998492,2.77555756156289E-16));
#9955=CARTESIAN_POINT('Origin',(5.25,65.4999999998492,10.5));
#9956=CARTESIAN_POINT('',(5.25,65.4156990502329,2.));
#9957=CARTESIAN_POINT('Origin',(0.,-54.9999999999949,5.25));
#9958=CARTESIAN_POINT('',(3.,-58.,5.25));
#9959=CARTESIAN_POINT('Origin',(0.,-58.,5.25));
#9960=CARTESIAN_POINT('',(3.,-46.9999999999949,5.25));
#9961=CARTESIAN_POINT('',(3.,-54.9999999999949,5.25));
#9962=CARTESIAN_POINT('Origin',(0.,-46.9999999999949,5.25));
#9963=CARTESIAN_POINT('Origin',(5.25,-54.9999999999949,10.5));
#9964=CARTESIAN_POINT('',(5.25,-54.9999999999949,10.5));
#9965=CARTESIAN_POINT('',(5.25,-41.9999999999949,10.5));
#9966=CARTESIAN_POINT('',(5.25,-54.9999999999949,10.5));
#9967=CARTESIAN_POINT('',(5.25,-54.9999999999949,2.));
#9968=CARTESIAN_POINT('',(5.24999999999999,-54.9999999999954,5.25));
#9969=CARTESIAN_POINT('',(5.25,-37.9999999999949,2.));
#9970=CARTESIAN_POINT('',(5.25,-24.8750000000613,2.));
#9971=CARTESIAN_POINT('',(5.25,-37.9999999999949,6.5));
#9972=CARTESIAN_POINT('',(5.25,-37.9999999999949,10.5));
#9973=CARTESIAN_POINT('',(5.25,-44.2499999999949,12.75));
#9974=CARTESIAN_POINT('Origin',(-5.25,-54.9999999999949,10.5));
#9975=CARTESIAN_POINT('',(-5.25,-54.9999999999949,10.5));
#9976=CARTESIAN_POINT('',(-5.25,-41.9999999999949,10.5));
#9977=CARTESIAN_POINT('',(-5.25,-54.9999999999949,10.5));
#9978=CARTESIAN_POINT('',(27.4999999997398,-54.9999999999975,10.5));
#9979=CARTESIAN_POINT('',(0.75,-41.9999999999949,10.5000001564622));
#9980=CARTESIAN_POINT('',(-1.125,-41.9999999999949,10.5));
#9981=CARTESIAN_POINT('',(0.75,-42.9999999999949,10.5000001564622));
#9982=CARTESIAN_POINT('',(0.75,-42.9999999999949,10.5000001564622));
#9983=CARTESIAN_POINT('',(3.25,-42.9999999999949,10.5));
#9984=CARTESIAN_POINT('',(-5.25,-42.9999999999949,10.5));
#9985=CARTESIAN_POINT('',(3.25,-46.9999999999949,10.5));
#9986=CARTESIAN_POINT('',(3.25,-48.9999999999949,10.5));
#9987=CARTESIAN_POINT('',(-3.25,-46.9999999999949,10.5));
#9988=CARTESIAN_POINT('',(-2.625,-46.9999999999949,10.5));
#9989=CARTESIAN_POINT('',(-3.25,-42.9999999999949,10.5));
#9990=CARTESIAN_POINT('',(-3.25,-48.9999999999949,10.5));
#9991=CARTESIAN_POINT('',(-0.75,-42.9999999999949,10.5));
#9992=CARTESIAN_POINT('',(-5.25,-42.9999999999949,10.5));
#9993=CARTESIAN_POINT('',(-0.75,-41.9999999999949,10.5));
#9994=CARTESIAN_POINT('',(-0.75,-42.9999999999949,10.5));
#9995=CARTESIAN_POINT('',(-4.125,-41.9999999999949,10.5));
#9996=CARTESIAN_POINT('Origin',(-3.25,-54.9999999999949,8.5));
#9997=CARTESIAN_POINT('',(-3.25,-46.9999999999949,2.));
#9998=CARTESIAN_POINT('',(-3.25,-46.9999999999949,9.5));
#9999=CARTESIAN_POINT('',(-3.25,-42.9999999999949,2.));
#10000=CARTESIAN_POINT('',(-3.25,-24.8750000000613,2.));
#10001=CARTESIAN_POINT('',(-3.25,-42.9999999999949,8.375));
#10002=CARTESIAN_POINT('Origin',(-1.125,-39.9999999999949,8.5));
#10003=CARTESIAN_POINT('',(0.75,-37.9999999999949,6.5));
#10004=CARTESIAN_POINT('',(-1.125,-37.9999999999949,6.5));
#10005=CARTESIAN_POINT('',(0.75,-39.1249999999949,7.625));
#10006=CARTESIAN_POINT('Origin',(0.75,-42.9999999999949,2.));
#10007=CARTESIAN_POINT('',(0.75,-37.9999999999949,2.));
#10008=CARTESIAN_POINT('',(0.75,-37.9999999999949,8.5));
#10009=CARTESIAN_POINT('',(0.75,-42.9999999999949,2.));
#10010=CARTESIAN_POINT('',(0.75,-18.8750000000613,2.));
#10011=CARTESIAN_POINT('',(0.75,-42.9999999999949,8.5));
#10012=CARTESIAN_POINT('Origin',(-4.125,-39.9999999999949,8.5));
#10013=CARTESIAN_POINT('',(-5.25,-37.9999999999949,6.5));
#10014=CARTESIAN_POINT('',(-5.25,-42.1249999999949,10.625));
#10015=CARTESIAN_POINT('',(-0.75,-37.9999999999949,6.5));
#10016=CARTESIAN_POINT('',(-0.75,-41.2499999999949,9.75));
#10017=CARTESIAN_POINT('',(-4.125,-37.9999999999949,6.5));
#10018=CARTESIAN_POINT('Origin',(-3.,-37.9999999999949,6.25));
#10019=CARTESIAN_POINT('',(-0.75,-37.9999999999949,2.));
#10020=CARTESIAN_POINT('',(-0.75,-37.9999999999949,8.5));
#10021=CARTESIAN_POINT('',(-5.25,-37.9999999999949,2.));
#10022=CARTESIAN_POINT('',(-1.49999999998254,-37.9999999999949,2.));
#10023=CARTESIAN_POINT('',(-5.25,-37.9999999999949,2.));
#10024=CARTESIAN_POINT('Origin',(-0.75,-42.9999999999949,10.5));
#10025=CARTESIAN_POINT('',(-0.75,-42.9999999999949,2.));
#10026=CARTESIAN_POINT('',(-0.75,-42.9999999999949,8.5));
#10027=CARTESIAN_POINT('',(-0.75,-18.8750000000613,2.));
#10028=CARTESIAN_POINT('Origin',(3.,-37.9999999999949,6.2500000782311));
#10029=CARTESIAN_POINT('',(1.50000000001746,-37.9999999999949,2.));
#10030=CARTESIAN_POINT('Origin',(3.,-42.9999999999949,6.2500000782311));
#10031=CARTESIAN_POINT('',(3.25,-42.9999999999949,2.));
#10032=CARTESIAN_POINT('',(3.25,-42.9999999999949,2.));
#10033=CARTESIAN_POINT('',(1.50000000001746,-42.9999999999949,2.));
#10034=CARTESIAN_POINT('Origin',(-3.,-42.9999999999949,6.25));
#10035=CARTESIAN_POINT('',(-1.49999999998254,-42.9999999999949,2.));
#10036=CARTESIAN_POINT('Origin',(3.49231754626089E-11,5.24999999987222,
2.));
#10037=CARTESIAN_POINT('',(3.25,-46.9999999999949,2.));
#10038=CARTESIAN_POINT('',(-2.62499999998254,-46.9999999999949,2.));
#10039=CARTESIAN_POINT('',(3.25,-24.8750000000613,2.));
#10040=CARTESIAN_POINT('',(28.7087121524954,-54.9999999999937,2.));
#10041=CARTESIAN_POINT('',(-60.2500092496574,-54.9999999999893,2.));
#10042=CARTESIAN_POINT('',(25.5227744249511,-50.5000000000358,2.));
#10043=CARTESIAN_POINT('Origin',(31.,-50.0000000000059,2.));
#10044=CARTESIAN_POINT('',(25.499999999996,-50.5000000000358,2.));
#10045=CARTESIAN_POINT('',(12.7500000000046,-50.5000000000308,2.));
#10046=CARTESIAN_POINT('',(20.,-45.0000000000358,2.));
#10047=CARTESIAN_POINT('Origin',(25.5,-45.0000000000358,2.));
#10048=CARTESIAN_POINT('',(20.,-20.0000000000896,2.));
#10049=CARTESIAN_POINT('',(20.,-7.37500000010868,2.));
#10050=CARTESIAN_POINT('',(25.5000000000379,-14.5000000000897,2.));
#10051=CARTESIAN_POINT('Origin',(25.4999999999999,-20.0000000000896,2.));
#10052=CARTESIAN_POINT('',(25.5227744249407,-14.5000000000899,2.));
#10053=CARTESIAN_POINT('',(12.7613872124194,-14.5000000000015,2.));
#10054=CARTESIAN_POINT('',(31.,-9.50000000000588,2.));
#10055=CARTESIAN_POINT('Origin',(31.,-15.0000000000059,2.));
#10056=CARTESIAN_POINT('',(33.0000000089308,-9.50000000000587,2.));
#10057=CARTESIAN_POINT('',(17.5000000089483,-9.50000000000591,2.));
#10058=CARTESIAN_POINT('',(33.0000000089308,9.50000000000003,2.));
#10059=CARTESIAN_POINT('',(33.0000000089308,-2.12500000006681,2.));
#10060=CARTESIAN_POINT('',(31.,9.50000000000006,2.));
#10061=CARTESIAN_POINT('',(15.5000000000175,9.5000000000003,2.));
#10062=CARTESIAN_POINT('',(25.5227744243751,14.5000000062811,2.));
#10063=CARTESIAN_POINT('Origin',(31.,15.,2.));
#10064=CARTESIAN_POINT('',(25.5,14.5000000062811,2.));
#10065=CARTESIAN_POINT('',(12.7500000000175,14.5000000062811,2.));
#10066=CARTESIAN_POINT('',(20.,20.0000000062811,2.));
#10067=CARTESIAN_POINT('Origin',(25.5,20.0000000062811,2.));
#10068=CARTESIAN_POINT('',(20.,32.5000000034045,2.));
#10069=CARTESIAN_POINT('',(20.,25.1250000002,2.));
#10070=CARTESIAN_POINT('',(12.0161788921829,10.5646317887117,2.));
#10071=CARTESIAN_POINT('',(14.4512316240398,17.2548841846698,2.));
#10072=CARTESIAN_POINT('',(-12.0161788929531,10.5646317878358,2.));
#10073=CARTESIAN_POINT('Origin',(0.,0.,2.));
#10074=CARTESIAN_POINT('',(-20.,32.5000000004124,2.));
#10075=CARTESIAN_POINT('',(-12.3067624312547,11.3630034977847,2.));
#10076=CARTESIAN_POINT('',(-20.,20.0000000008249,2.));
#10077=CARTESIAN_POINT('',(-20.,12.6250000003485,2.));
#10078=CARTESIAN_POINT('',(-25.5,14.5000000008248,2.));
#10079=CARTESIAN_POINT('Origin',(-25.5,20.0000000008249,2.));
#10080=CARTESIAN_POINT('',(-25.522774424873,14.5000000008248,2.));
#10081=CARTESIAN_POINT('',(-12.7613872124191,14.5000000008248,2.));
#10082=CARTESIAN_POINT('',(-31.,9.50000000000002,2.));
#10083=CARTESIAN_POINT('Origin',(-31.,15.,2.));
#10084=CARTESIAN_POINT('',(-33.0000000089308,9.50000000000002,2.));
#10085=CARTESIAN_POINT('',(-17.5000000089133,9.50000000000001,2.));
#10086=CARTESIAN_POINT('',(-33.0000000089308,-9.50000000000588,2.));
#10087=CARTESIAN_POINT('',(-33.0000000089308,7.37499999993613,2.));
#10088=CARTESIAN_POINT('',(-31.,-9.50000000000588,2.));
#10089=CARTESIAN_POINT('',(-15.4999999999826,-9.50000000000589,2.));
#10090=CARTESIAN_POINT('',(-25.5227744250827,-14.499999998534,2.));
#10091=CARTESIAN_POINT('Origin',(-31.,-15.0000000000059,2.));
#10092=CARTESIAN_POINT('',(-25.5,-14.499999998534,2.));
#10093=CARTESIAN_POINT('',(-12.7499999999825,-14.499999998534,2.));
#10094=CARTESIAN_POINT('',(-20.,-19.999999998534,2.));
#10095=CARTESIAN_POINT('Origin',(-25.5,-19.999999998534,2.));
#10096=CARTESIAN_POINT('',(-20.,-45.0000000000059,2.));
#10097=CARTESIAN_POINT('',(-20.,-19.8750000000668,2.));
#10098=CARTESIAN_POINT('',(-25.5,-50.5000000000059,2.));
#10099=CARTESIAN_POINT('Origin',(-25.5,-45.0000000000059,2.));
#10100=CARTESIAN_POINT('',(-25.5227744249484,-50.5000000000059,2.));
#10101=CARTESIAN_POINT('',(-12.7613872124567,-50.5000000000059,2.));
#10102=CARTESIAN_POINT('',(-28.7087121524681,-54.9999999999812,2.));
#10103=CARTESIAN_POINT('Origin',(-31.,-50.0000000000059,2.));
#10104=CARTESIAN_POINT('',(-5.25,-54.9999999999949,2.));
#10105=CARTESIAN_POINT('',(-60.2500092496574,-54.9999999999893,2.));
#10106=CARTESIAN_POINT('',(-5.25,-24.8750000000613,2.));
#10107=CARTESIAN_POINT('',(-2.50000000000002,-21.78159844206,2.));
#10108=CARTESIAN_POINT('Origin',(-1.77635683940025E-14,-21.78159844206,
2.));
#10109=CARTESIAN_POINT('',(2.49999999999758,8.,2.));
#10110=CARTESIAN_POINT('',(2.49999999999758,6.8,2.));
#10111=CARTESIAN_POINT('',(2.49999999999758,6.62499999993611,2.));
#10112=CARTESIAN_POINT('',(-2.50000000000242,6.8,2.));
#10113=CARTESIAN_POINT('',(1.25000000001625,6.8,2.));
#10114=CARTESIAN_POINT('',(-2.50000000000242,8.,2.));
#10115=CARTESIAN_POINT('',(-2.50000000000242,6.02499999993611,2.));
#10116=CARTESIAN_POINT('',(-1.24999999998375,8.,2.));
#10117=CARTESIAN_POINT('',(-2.50000000000243,-8.2,2.));
#10118=CARTESIAN_POINT('',(-2.49999999999988,-7.,2.));
#10119=CARTESIAN_POINT('',(-2.49999999998815,-1.47500000006124,2.));
#10120=CARTESIAN_POINT('',(2.50000000000012,-7.,2.));
#10121=CARTESIAN_POINT('',(-1.24999999998248,-7.,2.));
#10122=CARTESIAN_POINT('',(2.49999999999758,-8.2,2.));
#10123=CARTESIAN_POINT('',(2.50000000001306,-0.875000000066531,2.));
#10124=CARTESIAN_POINT('',(1.25000000001625,-8.2,2.));
#10125=CARTESIAN_POINT('',(7.49999999999758,2.4,2.));
#10126=CARTESIAN_POINT('',(7.49999999999758,-2.6,2.));
#10127=CARTESIAN_POINT('',(7.49999999999758,3.82499999993611,2.));
#10128=CARTESIAN_POINT('',(6.29999999999758,-2.6,2.));
#10129=CARTESIAN_POINT('',(3.75000000001625,-2.6,2.));
#10130=CARTESIAN_POINT('',(6.29999999999758,2.4,2.));
#10131=CARTESIAN_POINT('',(6.29999999999758,1.32499999993611,2.));
#10132=CARTESIAN_POINT('',(3.15000000001625,2.4,2.));
#10133=CARTESIAN_POINT('',(-7.50000000000242,-2.6,2.));
#10134=CARTESIAN_POINT('',(-7.50000000000242,2.4,2.));
#10135=CARTESIAN_POINT('',(-7.50000000000242,1.32499999993611,2.));
#10136=CARTESIAN_POINT('',(-6.30000000000242,2.4,2.));
#10137=CARTESIAN_POINT('',(-3.74999999998375,2.4,2.));
#10138=CARTESIAN_POINT('',(-6.30000000000242,-2.6,2.));
#10139=CARTESIAN_POINT('',(-6.30000000000242,3.82499999993611,2.));
#10140=CARTESIAN_POINT('',(-3.14999999998375,-2.6,2.));
#10141=CARTESIAN_POINT('Origin',(0.,-46.9999999999949,9.5000000782311));
#10142=CARTESIAN_POINT('',(3.25,-46.9999999999949,10.5));
#10143=CARTESIAN_POINT('Origin',(-5.25,-54.9999999999949,2.));
#10144=CARTESIAN_POINT('',(-5.24999999999999,-54.9999999999944,1.));
#10145=CARTESIAN_POINT('Origin',(3.25,-54.9999999999949,2.));
#10146=CARTESIAN_POINT('Origin',(-62.24999999999,-50.,2.));
#10147=CARTESIAN_POINT('',(-65.2499999999243,-42.5838015128777,2.77555756156289E-16));
#10148=CARTESIAN_POINT('',(-65.2499999999243,-42.5838015128777,2.));
#10149=CARTESIAN_POINT('',(-65.2499999999243,-42.5838015128777,2.));
#10150=CARTESIAN_POINT('',(-56.0050020015718,-54.9999999999752,2.));
#10151=CARTESIAN_POINT('Origin',(-62.24999999999,-50.,2.));
#10152=CARTESIAN_POINT('',(-56.0050020015718,-54.9999999999752,0.));
#10153=CARTESIAN_POINT('',(-56.0050020015718,-54.9999999999752,2.));
#10154=CARTESIAN_POINT('Origin',(-62.24999999999,-50.,0.));
#10155=CARTESIAN_POINT('Origin',(-65.2499999999445,-48.0000029959111,0.));
#10156=CARTESIAN_POINT('',(-65.2499999996648,26.8129262104289,2.77555756156289E-16));
#10157=CARTESIAN_POINT('',(-65.249999999878,-30.2099605885874,2.77555756156289E-16));
#10158=CARTESIAN_POINT('',(-65.2499999996648,26.8129262104289,2.));
#10159=CARTESIAN_POINT('',(-65.2499999996648,26.8129262104289,2.));
#10160=CARTESIAN_POINT('',(-65.2499999996468,31.643915256768,2.));
#10161=CARTESIAN_POINT('',(-65.249999999845,-21.3750014978974,2.));
#10162=CARTESIAN_POINT('',(-65.2499999996468,31.643915256768,17.2));
#10163=CARTESIAN_POINT('',(-65.2499999996468,31.643915256768,0.));
#10164=CARTESIAN_POINT('',(-65.2499999999445,-47.9999999999772,17.2));
#10165=CARTESIAN_POINT('',(-65.249999999845,-21.37500149787,17.2));
#10166=CARTESIAN_POINT('',(-65.2499999999445,-47.9999999999772,2.));
#10167=CARTESIAN_POINT('',(-65.2499999999445,-47.9999999999772,0.));
#10168=CARTESIAN_POINT('',(-65.249999999845,-21.3750014978974,2.));
#10169=CARTESIAN_POINT('Origin',(65.2499999998742,28.0436632029339,0.));
#10170=CARTESIAN_POINT('',(65.2499999998765,26.7195647664662,2.77555756156289E-16));
#10171=CARTESIAN_POINT('',(65.2499999998765,26.7195647664662,2.));
#10172=CARTESIAN_POINT('',(65.2499999998765,26.7195647664662,2.));
#10173=CARTESIAN_POINT('',(65.2499999999983,-42.5838015128956,2.77555756156289E-16));
#10174=CARTESIAN_POINT('',(65.2499999999097,7.80495305966334,2.77555756156289E-16));
#10175=CARTESIAN_POINT('',(65.2499999999983,-42.5838015128956,2.));
#10176=CARTESIAN_POINT('',(65.2499999999983,-42.5838015128956,2.));
#10177=CARTESIAN_POINT('',(65.2500000000078,-47.9999999999875,2.));
#10178=CARTESIAN_POINT('',(65.2499999998942,16.6468316014604,2.));
#10179=CARTESIAN_POINT('',(65.2500000000078,-47.9999999999875,17.2));
#10180=CARTESIAN_POINT('',(65.2500000000078,-47.9999999999875,0.));
#10181=CARTESIAN_POINT('',(65.2499999998675,31.8401578484397,17.2));
#10182=CARTESIAN_POINT('',(65.2499999998942,16.6468316014879,17.2));
#10183=CARTESIAN_POINT('',(65.2499999998675,31.8401578484397,2.));
#10184=CARTESIAN_POINT('',(65.2499999998675,31.8401578484397,0.));
#10185=CARTESIAN_POINT('',(65.2499999998942,16.6468316014604,2.));
#10186=CARTESIAN_POINT('Origin',(-6.30000000000242,2.4,2.));
#10187=CARTESIAN_POINT('',(-6.30000000000242,-2.6,0.));
#10188=CARTESIAN_POINT('',(-6.30000000000242,2.4,0.));
#10189=CARTESIAN_POINT('',(-6.30000000000242,3.82499999993611,0.));
#10190=CARTESIAN_POINT('',(-6.30000000000242,-2.6,2.));
#10191=CARTESIAN_POINT('',(-6.30000000000242,2.4,2.));
#10192=CARTESIAN_POINT('Origin',(-7.50000000000242,2.4,2.));
#10193=CARTESIAN_POINT('',(-7.50000000000242,2.4,0.));
#10194=CARTESIAN_POINT('',(-3.74999999998375,2.4,0.));
#10195=CARTESIAN_POINT('',(-7.50000000000242,2.4,2.));
#10196=CARTESIAN_POINT('Origin',(-7.50000000000242,-2.6,2.));
#10197=CARTESIAN_POINT('',(-7.50000000000242,-2.6,0.));
#10198=CARTESIAN_POINT('',(-7.50000000000242,1.32499999993611,0.));
#10199=CARTESIAN_POINT('',(-7.50000000000242,-2.6,2.));
#10200=CARTESIAN_POINT('Origin',(-6.30000000000242,-2.6,2.));
#10201=CARTESIAN_POINT('',(-3.14999999998375,-2.6,0.));
#10202=CARTESIAN_POINT('Origin',(6.29999999999758,-2.6,2.));
#10203=CARTESIAN_POINT('',(6.29999999999758,2.4,0.));
#10204=CARTESIAN_POINT('',(6.29999999999758,-2.6,0.));
#10205=CARTESIAN_POINT('',(6.29999999999758,1.32499999993611,0.));
#10206=CARTESIAN_POINT('',(6.29999999999758,2.4,2.));
#10207=CARTESIAN_POINT('',(6.29999999999758,-2.6,2.));
#10208=CARTESIAN_POINT('Origin',(7.49999999999758,-2.6,2.));
#10209=CARTESIAN_POINT('',(7.49999999999758,-2.6,0.));
#10210=CARTESIAN_POINT('',(3.75000000001625,-2.6,0.));
#10211=CARTESIAN_POINT('',(7.49999999999758,-2.6,2.));
#10212=CARTESIAN_POINT('Origin',(7.49999999999758,2.4,2.));
#10213=CARTESIAN_POINT('',(7.49999999999758,2.4,0.));
#10214=CARTESIAN_POINT('',(7.49999999999758,3.82499999993611,0.));
#10215=CARTESIAN_POINT('',(7.49999999999758,2.4,2.));
#10216=CARTESIAN_POINT('Origin',(6.29999999999758,2.4,2.));
#10217=CARTESIAN_POINT('',(3.15000000001625,2.4,0.));
#10218=CARTESIAN_POINT('Origin',(2.50000000000012,-7.,2.));
#10219=CARTESIAN_POINT('',(2.49999999999758,-8.2,0.));
#10220=CARTESIAN_POINT('',(2.50000000000012,-7.,0.));
#10221=CARTESIAN_POINT('',(2.50000000001306,-0.875000000066531,0.));
#10222=CARTESIAN_POINT('',(2.49999999999758,-8.2,2.));
#10223=CARTESIAN_POINT('',(2.50000000000012,-7.,2.));
#10224=CARTESIAN_POINT('Origin',(-2.49999999999988,-7.,2.));
#10225=CARTESIAN_POINT('',(-2.49999999999988,-7.,0.));
#10226=CARTESIAN_POINT('',(-1.24999999998248,-7.,0.));
#10227=CARTESIAN_POINT('',(-2.49999999999988,-7.,2.));
#10228=CARTESIAN_POINT('Origin',(-2.50000000000243,-8.2,2.));
#10229=CARTESIAN_POINT('',(-2.50000000000243,-8.2,0.));
#10230=CARTESIAN_POINT('',(-2.49999999998815,-1.47500000006124,0.));
#10231=CARTESIAN_POINT('',(-2.50000000000243,-8.2,2.));
#10232=CARTESIAN_POINT('Origin',(2.49999999999758,-8.2,2.));
#10233=CARTESIAN_POINT('',(1.25000000001625,-8.2,0.));
#10234=CARTESIAN_POINT('Origin',(-2.50000000000242,6.8,2.));
#10235=CARTESIAN_POINT('',(-2.50000000000242,8.,0.));
#10236=CARTESIAN_POINT('',(-2.50000000000242,6.8,0.));
#10237=CARTESIAN_POINT('',(-2.50000000000242,6.02499999993611,0.));
#10238=CARTESIAN_POINT('',(-2.50000000000242,8.,2.));
#10239=CARTESIAN_POINT('',(-2.50000000000242,6.8,2.));
#10240=CARTESIAN_POINT('Origin',(2.49999999999758,6.8,2.));
#10241=CARTESIAN_POINT('',(2.49999999999758,6.8,0.));
#10242=CARTESIAN_POINT('',(1.25000000001625,6.8,0.));
#10243=CARTESIAN_POINT('',(2.49999999999758,6.8,2.));
#10244=CARTESIAN_POINT('Origin',(2.49999999999758,8.,2.));
#10245=CARTESIAN_POINT('',(2.49999999999758,8.,0.));
#10246=CARTESIAN_POINT('',(2.49999999999758,6.62499999993611,0.));
#10247=CARTESIAN_POINT('',(2.49999999999758,8.,2.));
#10248=CARTESIAN_POINT('Origin',(-2.50000000000242,8.,2.));
#10249=CARTESIAN_POINT('',(-1.24999999998375,8.,0.));
#10250=CARTESIAN_POINT('Origin',(-69.2499999997029,16.6468316018395,1.));
#10251=CARTESIAN_POINT('',(-68.24999999995,-47.9999999999637,0.));
#10252=CARTESIAN_POINT('',(-70.2499999999544,-47.9999999999561,2.));
#10253=CARTESIAN_POINT('',(-68.24999999995,-47.9999999999637,0.));
#10254=CARTESIAN_POINT('',(-70.2499999996692,28.043663203546,2.));
#10255=CARTESIAN_POINT('',(-70.2499999997029,16.6468316018434,2.));
#10256=CARTESIAN_POINT('',(-68.2499999996594,28.0436632035383,0.));
#10257=CARTESIAN_POINT('',(-70.2499999996692,28.043663203546,2.));
#10258=CARTESIAN_POINT('',(-68.2499999997029,16.6468316018357,0.));
#10259=CARTESIAN_POINT('Origin',(-60.2499999999543,-47.9999999999943,1.));
#10260=CARTESIAN_POINT('',(-60.2499999999639,-55.9999999999901,0.));
#10261=CARTESIAN_POINT('',(-60.2499999999664,-58.,2.));
#10262=CARTESIAN_POINT('',(-60.2499999999639,-55.9999999999901,0.));
#10263=CARTESIAN_POINT('Origin',(-60.2499999999543,-47.9999999999943,2.));
#10264=CARTESIAN_POINT('Origin',(-60.2499999999543,-47.9999999999943,0.));
#10265=CARTESIAN_POINT('Origin',(-30.1249999999657,-57.,1.));
#10266=CARTESIAN_POINT('',(60.2500000000121,-56.,0.));
#10267=CARTESIAN_POINT('',(60.2500000000121,-57.9999999999999,2.));
#10268=CARTESIAN_POINT('',(60.2500000000121,-56.,0.));
#10269=CARTESIAN_POINT('',(-30.1249999999657,-58.,2.));
#10270=CARTESIAN_POINT('',(-30.1249999999657,-56.,0.));
#10271=CARTESIAN_POINT('Origin',(60.2500000000195,-48.,1.));
#10272=CARTESIAN_POINT('',(68.2500000000195,-47.9999999999988,0.));
#10273=CARTESIAN_POINT('',(70.2500000000277,-47.9999999999985,2.));
#10274=CARTESIAN_POINT('',(68.2500000000195,-47.9999999999988,0.));
#10275=CARTESIAN_POINT('Origin',(60.2500000000195,-48.,2.));
#10276=CARTESIAN_POINT('Origin',(60.2500000000195,-48.,0.));
#10277=CARTESIAN_POINT('Origin',(69.2500000000357,-21.3750000000733,1.));
#10278=CARTESIAN_POINT('',(68.2500000000504,28.0436632029695,0.));
#10279=CARTESIAN_POINT('',(70.2499999999922,28.0436632029689,2.));
#10280=CARTESIAN_POINT('',(68.2500000000504,28.0436632029695,0.));
#10281=CARTESIAN_POINT('',(70.2500000000357,-21.3750000000736,2.));
#10282=CARTESIAN_POINT('',(68.2500000000357,-21.375000000073,0.));
#10283=CARTESIAN_POINT('Origin',(60.2500000000214,28.0436632029674,1.));
#10284=CARTESIAN_POINT('',(66.6918949558328,32.7872893874201,0.));
#10285=CARTESIAN_POINT('',(66.6918949558328,32.7872893874201,0.));
#10286=CARTESIAN_POINT('Origin',(60.2500000000214,28.0436632029674,2.));
#10287=CARTESIAN_POINT('Origin',(60.2500000000214,28.0436632029674,0.));
#10288=CARTESIAN_POINT('Origin',(7.21556148164382E-11,-16.3227040810521,
1.));
#10289=CARTESIAN_POINT('',(-66.6918949552923,32.7872893880578,0.));
#10290=CARTESIAN_POINT('',(-66.6918949552923,32.7872893880578,0.));
#10291=CARTESIAN_POINT('Origin',(7.21556148164382E-11,-16.3227040810521,
0.));
#10292=CARTESIAN_POINT('Origin',(-60.2499999995077,28.0436632035117,1.));
#10293=CARTESIAN_POINT('Origin',(-60.2499999995077,28.0436632035117,2.));
#10294=CARTESIAN_POINT('Origin',(-60.2499999995077,28.0436632035117,0.));
#10295=CARTESIAN_POINT('Origin',(60.2500000000214,28.0436632029674,0.));
#10296=CARTESIAN_POINT('',(70.2499999999922,28.0436632029674,7.2));
#10297=CARTESIAN_POINT('Origin',(60.2500000000214,28.0436632029674,7.2));
#10298=CARTESIAN_POINT('',(70.2499999999922,28.0436632029689,0.));
#10299=CARTESIAN_POINT('Origin',(-60.2499999995077,28.0436632035117,0.));
#10300=CARTESIAN_POINT('',(-70.2499999999922,28.0436632029674,7.2));
#10301=CARTESIAN_POINT('',(-70.2499999996692,28.043663203546,0.));
#10302=CARTESIAN_POINT('Origin',(-60.2499999995077,28.0436632035117,7.2));
#10303=CARTESIAN_POINT('Origin',(-70.2499999996594,28.043663203546,0.));
#10304=CARTESIAN_POINT('',(-70.2499999999544,-47.9999999999561,17.2));
#10305=CARTESIAN_POINT('',(-70.2499999999544,-47.9999999999561,0.));
#10306=CARTESIAN_POINT('',(-70.2499999999922,-40.,17.2));
#10307=CARTESIAN_POINT('',(-70.2499999996594,28.043663203546,17.2));
#10308=CARTESIAN_POINT('',(-70.2499999999922,-40.,7.2));
#10309=CARTESIAN_POINT('',(-70.2499999999195,-40.,6.1));
#10310=CARTESIAN_POINT('',(-70.2499999997894,-5.97816839822702,7.2));
#10311=CARTESIAN_POINT('Origin',(62.2500000000198,-50.,2.));
#10312=CARTESIAN_POINT('',(56.0050020016211,-54.9999999999996,0.));
#10313=CARTESIAN_POINT('Origin',(62.2500000000198,-50.,0.));
#10314=CARTESIAN_POINT('',(56.0050020016211,-54.9999999999996,2.));
#10315=CARTESIAN_POINT('',(56.0050020016211,-54.9999999999996,2.));
#10316=CARTESIAN_POINT('Origin',(62.2500000000198,-50.,2.));
#10317=CARTESIAN_POINT('Origin',(62.2500000000025,34.1357632536128,2.));
#10318=CARTESIAN_POINT('',(55.3236900234374,30.132485832732,2.));
#10319=CARTESIAN_POINT('Origin',(62.2500000000025,34.1357632536128,2.));
#10320=CARTESIAN_POINT('',(55.3236900234374,30.132485832732,0.));
#10321=CARTESIAN_POINT('',(55.3236900234374,30.132485832732,2.));
#10322=CARTESIAN_POINT('Origin',(62.2500000000025,34.1357632536128,0.));
#10323=CARTESIAN_POINT('Origin',(45.2194970359682,17.1757571411123,2.));
#10324=CARTESIAN_POINT('',(45.2194970359682,17.1757571411123,0.));
#10325=CARTESIAN_POINT('',(33.7776250391423,2.50370650124774,1.38777878078145E-16));
#10326=CARTESIAN_POINT('',(45.2194970359682,17.1757571411123,2.));
#10327=CARTESIAN_POINT('',(33.7776250391423,2.50370650124774,2.));
#10328=CARTESIAN_POINT('',(45.2194970359682,17.1757571411123,2.));
#10329=CARTESIAN_POINT('Origin',(33.0000000089308,-9.50000000000587,2.));
#10330=CARTESIAN_POINT('',(33.0000000089308,9.50000000000003,0.));
#10331=CARTESIAN_POINT('',(33.0000000089308,-9.50000000000587,0.));
#10332=CARTESIAN_POINT('',(33.0000000089308,-2.12500000006681,0.));
#10333=CARTESIAN_POINT('',(33.0000000089308,9.50000000000003,2.));
#10334=CARTESIAN_POINT('',(33.0000000089308,-9.50000000000587,2.));
#10335=CARTESIAN_POINT('Origin',(-33.0000000089308,9.50000000000002,2.));
#10336=CARTESIAN_POINT('',(-33.0000000089308,-9.50000000000588,0.));
#10337=CARTESIAN_POINT('',(-33.0000000089308,9.50000000000002,0.));
#10338=CARTESIAN_POINT('',(-33.0000000089308,7.37499999993613,0.));
#10339=CARTESIAN_POINT('',(-33.0000000089308,-9.50000000000588,2.));
#10340=CARTESIAN_POINT('',(-33.0000000089308,9.50000000000002,2.));
#10341=CARTESIAN_POINT('Origin',(-55.2785997280488,30.1601636373386,2.));
#10342=CARTESIAN_POINT('',(-44.855674059886,16.6417112268245,0.));
#10343=CARTESIAN_POINT('',(-55.2785997280488,30.1601636373386,0.));
#10344=CARTESIAN_POINT('',(-38.9510962707292,8.98352038980176,1.38777878078145E-16));
#10345=CARTESIAN_POINT('',(-44.855674059886,16.6417112268245,2.));
#10346=CARTESIAN_POINT('',(-44.855674059886,16.6417112268245,2.));
#10347=CARTESIAN_POINT('',(-55.2785997280488,30.1601636373386,2.));
#10348=CARTESIAN_POINT('',(-38.9510962707292,8.98352038980176,2.));
#10349=CARTESIAN_POINT('',(-55.2785997280488,30.1601636373386,2.));
#10350=CARTESIAN_POINT('Origin',(-62.1827376005055,34.2015594652808,2.));
#10351=CARTESIAN_POINT('Origin',(-62.1827376005055,34.2015594652808,0.));
#10352=CARTESIAN_POINT('Origin',(-62.1827376005055,34.2015594652808,2.));
#10353=CARTESIAN_POINT('Origin',(50.1250000044687,-12.4337570836338,2.77555756156289E-16));
#10354=CARTESIAN_POINT('',(-20.,45.,0.));
#10355=CARTESIAN_POINT('Origin',(-25.5,45.,0.));
#10356=CARTESIAN_POINT('',(-20.,32.5000000004124,0.));
#10357=CARTESIAN_POINT('',(-20.,18.8750000001423,0.));
#10358=CARTESIAN_POINT('',(-12.0161788929531,10.5646317878358,0.));
#10359=CARTESIAN_POINT('',(-12.3067624312547,11.3630034977847,0.));
#10360=CARTESIAN_POINT('',(12.0161788921829,10.5646317887117,6.93889390390723E-17));
#10361=CARTESIAN_POINT('Origin',(0.,0.,0.));
#10362=CARTESIAN_POINT('',(20.,32.5000000034045,0.));
#10363=CARTESIAN_POINT('',(14.4512316240398,17.2548841846698,1.38777878078145E-16));
#10364=CARTESIAN_POINT('',(20.,45.0000000005279,0.));
#10365=CARTESIAN_POINT('',(20.,25.1250000002,0.));
#10366=CARTESIAN_POINT('Origin',(25.5,45.0000000005279,0.));
#10367=CARTESIAN_POINT('',(40.4999999999999,14.5000000002672,0.));
#10368=CARTESIAN_POINT('Origin',(40.4999999999999,20.0000000002672,0.));
#10369=CARTESIAN_POINT('',(40.4772255929375,14.5000000002672,0.));
#10370=CARTESIAN_POINT('',(20.2386127964862,14.5000000002672,0.));
#10371=CARTESIAN_POINT('',(35.0000000178616,9.50000000000005,0.));
#10372=CARTESIAN_POINT('Origin',(35.0000000178616,15.,0.));
#10373=CARTESIAN_POINT('',(16.5000000044828,9.49999999999991,0.));
#10374=CARTESIAN_POINT('',(35.0000000178616,-9.50000000000587,0.));
#10375=CARTESIAN_POINT('',(17.5000000089483,-9.50000000000591,0.));
#10376=CARTESIAN_POINT('',(40.4772255923359,-14.4999999936805,0.));
#10377=CARTESIAN_POINT('Origin',(35.0000000178616,-15.0000000000059,0.));
#10378=CARTESIAN_POINT('',(40.5,-14.4999999936805,0.));
#10379=CARTESIAN_POINT('',(20.2500000000175,-14.4999999936805,0.));
#10380=CARTESIAN_POINT('',(46.,-19.9999999936805,0.));
#10381=CARTESIAN_POINT('Origin',(40.5,-19.9999999936805,0.));
#10382=CARTESIAN_POINT('',(46.,-44.9999999996599,0.));
#10383=CARTESIAN_POINT('',(46.,-19.8749999998939,0.));
#10384=CARTESIAN_POINT('',(40.5,-50.4999999996599,0.));
#10385=CARTESIAN_POINT('Origin',(40.5,-44.9999999996599,0.));
#10386=CARTESIAN_POINT('',(40.4772255929279,-50.4999999996599,0.));
#10387=CARTESIAN_POINT('',(20.2386127964814,-50.4999999996599,0.));
#10388=CARTESIAN_POINT('',(37.2912878653452,-54.9999999999955,0.));
#10389=CARTESIAN_POINT('Origin',(35.0000000178446,-50.0000000000059,0.));
#10390=CARTESIAN_POINT('',(28.0025010008215,-54.9999999999935,0.));
#10391=CARTESIAN_POINT('',(-31.,47.5,0.));
#10392=CARTESIAN_POINT('',(-31.,52.5,0.));
#10393=CARTESIAN_POINT('Origin',(-31.,50.,0.));
#10394=CARTESIAN_POINT('',(-35.,52.5,0.));
#10395=CARTESIAN_POINT('',(-17.4999999999825,52.5,0.));
#10396=CARTESIAN_POINT('',(-35.,47.5,0.));
#10397=CARTESIAN_POINT('Origin',(-35.0000000178616,50.,0.));
#10398=CARTESIAN_POINT('',(-15.4999999999825,47.5,0.));
#10399=CARTESIAN_POINT('',(-31.,-17.5000000000059,0.));
#10400=CARTESIAN_POINT('',(-31.,-12.5000000000059,0.));
#10401=CARTESIAN_POINT('Origin',(-31.,-15.0000000000059,0.));
#10402=CARTESIAN_POINT('',(-35.,-12.5000000000059,0.));
#10403=CARTESIAN_POINT('',(-17.4999999999825,-12.5000000000059,0.));
#10404=CARTESIAN_POINT('',(-35.,-17.5000000000059,0.));
#10405=CARTESIAN_POINT('Origin',(-35.0000000178616,-15.0000000000059,0.));
#10406=CARTESIAN_POINT('',(-15.4999999999825,-17.5000000000058,0.));
#10407=CARTESIAN_POINT('',(31.,-47.5,0.));
#10408=CARTESIAN_POINT('',(31.,-52.5000000000059,0.));
#10409=CARTESIAN_POINT('Origin',(31.,-50.0000000000059,0.));
#10410=CARTESIAN_POINT('',(35.,-52.5000000000059,0.));
#10411=CARTESIAN_POINT('',(17.5000000000175,-52.5000000000059,0.));
#10412=CARTESIAN_POINT('',(35.0000000178446,-47.5,0.));
#10413=CARTESIAN_POINT('Origin',(35.0000000178446,-50.0000000000059,0.));
#10414=CARTESIAN_POINT('',(15.5000000000175,-47.5,0.));
#10415=CARTESIAN_POINT('',(31.,17.5,0.));
#10416=CARTESIAN_POINT('',(31.,12.5,0.));
#10417=CARTESIAN_POINT('Origin',(31.,15.,0.));
#10418=CARTESIAN_POINT('',(35.,12.5,0.));
#10419=CARTESIAN_POINT('',(17.5000000000175,12.5,0.));
#10420=CARTESIAN_POINT('',(35.,17.5,0.));
#10421=CARTESIAN_POINT('Origin',(35.0000000178616,15.,0.));
#10422=CARTESIAN_POINT('',(15.5000000000175,17.5,0.));
#10423=CARTESIAN_POINT('',(35.,-17.4999999999985,0.));
#10424=CARTESIAN_POINT('',(35.0000000357233,-12.5000000000059,0.));
#10425=CARTESIAN_POINT('Origin',(35.0000000178616,-15.0000000000059,0.));
#10426=CARTESIAN_POINT('',(31.,-12.5000000000059,0.));
#10427=CARTESIAN_POINT('',(15.5000000000175,-12.5000000000059,0.));
#10428=CARTESIAN_POINT('',(31.,-17.499999999999,0.));
#10429=CARTESIAN_POINT('Origin',(31.,-15.0000000000059,0.));
#10430=CARTESIAN_POINT('',(17.5000000000189,-17.5000000000007,0.));
#10431=CARTESIAN_POINT('',(-35.0000000178446,-47.5000000000059,0.));
#10432=CARTESIAN_POINT('',(-35.0000000178446,-52.5000000000059,0.));
#10433=CARTESIAN_POINT('Origin',(-35.0000000178446,-50.0000000000059,0.));
#10434=CARTESIAN_POINT('',(-31.,-52.5000000000059,0.));
#10435=CARTESIAN_POINT('',(-15.4999999999825,-52.5000000000059,0.));
#10436=CARTESIAN_POINT('',(-31.,-47.5000000000059,0.));
#10437=CARTESIAN_POINT('Origin',(-31.,-50.0000000000059,0.));
#10438=CARTESIAN_POINT('',(-17.5000000089049,-47.5000000000059,0.));
#10439=CARTESIAN_POINT('',(-35.,17.5,0.));
#10440=CARTESIAN_POINT('',(-35.0000000357232,12.5,0.));
#10441=CARTESIAN_POINT('Origin',(-35.0000000178616,15.,0.));
#10442=CARTESIAN_POINT('',(-31.,12.5,0.));
#10443=CARTESIAN_POINT('',(-15.4999999999825,12.5,0.));
#10444=CARTESIAN_POINT('',(-31.,17.5,0.));
#10445=CARTESIAN_POINT('Origin',(-31.,15.,0.));
#10446=CARTESIAN_POINT('',(-17.4999999999825,17.5,0.));
#10447=CARTESIAN_POINT('',(35.,47.5,0.));
#10448=CARTESIAN_POINT('',(35.0000000357232,52.5,0.));
#10449=CARTESIAN_POINT('Origin',(35.0000000178616,50.,0.));
#10450=CARTESIAN_POINT('',(31.,52.5,0.));
#10451=CARTESIAN_POINT('',(15.5000000000175,52.5,0.));
#10452=CARTESIAN_POINT('',(31.,47.5,0.));
#10453=CARTESIAN_POINT('Origin',(31.,50.,0.));
#10454=CARTESIAN_POINT('',(17.5000000000174,47.5,0.));
#10455=CARTESIAN_POINT('',(-64.0577376005055,34.2015594652808,0.));
#10456=CARTESIAN_POINT('Origin',(-62.1827376005055,34.2015594652808,0.));
#10457=CARTESIAN_POINT('',(60.3750000000198,-50.,0.));
#10458=CARTESIAN_POINT('Origin',(62.2500000000198,-50.,0.));
#10459=CARTESIAN_POINT('',(60.3750000000025,34.1357632536128,0.));
#10460=CARTESIAN_POINT('Origin',(62.2500000000025,34.1357632536128,0.));
#10461=CARTESIAN_POINT('',(-2.50000000000002,-21.78159844206,0.));
#10462=CARTESIAN_POINT('Origin',(-1.77635683940025E-14,-21.78159844206,
0.));
#10463=CARTESIAN_POINT('',(-64.12499999999,-50.,0.));
#10464=CARTESIAN_POINT('Origin',(-62.24999999999,-50.,0.));
#10465=CARTESIAN_POINT('',(-37.2912878653806,-54.9999999999793,0.));
#10466=CARTESIAN_POINT('',(-18.6456439326794,-54.9999999999834,0.));
#10467=CARTESIAN_POINT('',(-40.4772255928963,-50.5000000000059,0.));
#10468=CARTESIAN_POINT('Origin',(-35.0000000178446,-50.0000000000059,0.));
#10469=CARTESIAN_POINT('',(-40.5,-50.5000000000059,0.));
#10470=CARTESIAN_POINT('',(-20.2499999999825,-50.5000000000059,0.));
#10471=CARTESIAN_POINT('',(-46.,-45.0000000000059,0.));
#10472=CARTESIAN_POINT('Origin',(-40.5,-45.0000000000059,0.));
#10473=CARTESIAN_POINT('',(-46.,-20.0000000010534,0.));
#10474=CARTESIAN_POINT('',(-46.,-7.37500000059059,0.));
#10475=CARTESIAN_POINT('',(-40.5,-14.5000000010534,0.));
#10476=CARTESIAN_POINT('Origin',(-40.5,-20.0000000010534,0.));
#10477=CARTESIAN_POINT('',(-40.4772255930089,-14.5000000010534,0.));
#10478=CARTESIAN_POINT('',(-20.238612796487,-14.5000000010534,0.));
#10479=CARTESIAN_POINT('',(-35.0000000178616,-9.50000000000587,0.));
#10480=CARTESIAN_POINT('Origin',(-35.0000000178616,-15.0000000000059,0.));
#10481=CARTESIAN_POINT('',(-16.500000004448,-9.50000000000589,0.));
#10482=CARTESIAN_POINT('',(-35.0000000178616,9.50000000000002,0.));
#10483=CARTESIAN_POINT('',(-17.5000000089133,9.50000000000001,0.));
#10484=CARTESIAN_POINT('',(-40.4772255929133,14.5,0.));
#10485=CARTESIAN_POINT('Origin',(-35.0000000178616,15.,0.));
#10486=CARTESIAN_POINT('',(-40.5,14.5,0.));
#10487=CARTESIAN_POINT('',(-20.2499999999825,14.5,0.));
#10488=CARTESIAN_POINT('Origin',(-40.5,20.,0.));
#10489=CARTESIAN_POINT('Origin',(-15.7110616134764,20.7162386300068,2.));
#10490=CARTESIAN_POINT('',(-20.,32.5000000004124,2.));
#10491=CARTESIAN_POINT('',(-12.0161788929531,10.5646317878358,2.));
#10492=CARTESIAN_POINT('Origin',(0.,0.,2.));
#10493=CARTESIAN_POINT('',(12.0161788921829,10.5646317887117,2.));
#10494=CARTESIAN_POINT('Origin',(20.,32.5000000034045,2.));
#10495=CARTESIAN_POINT('',(20.,32.5000000034045,2.));
#10496=CARTESIAN_POINT('Origin',(3.49231754626089E-11,5.24999999987222,
2.));
#10497=CARTESIAN_POINT('',(-65.1444271909625,-49.2111456178995,2.));
#10498=CARTESIAN_POINT('Origin',(-58.2499999999585,-48.0000000000034,2.));
#10499=CARTESIAN_POINT('',(-63.3555728089146,-52.7888543820298,2.));
#10500=CARTESIAN_POINT('Origin',(-62.24999999999,-50.,2.));
#10501=CARTESIAN_POINT('',(-58.2499999999591,-54.9999999999895,2.));
#10502=CARTESIAN_POINT('Origin',(-58.2499999999585,-48.0000000000034,2.));
#10503=CARTESIAN_POINT('',(-60.2500092496574,-54.9999999999893,2.));
#10504=CARTESIAN_POINT('',(-64.12499999999,-50.,2.));
#10505=CARTESIAN_POINT('Origin',(-62.24999999999,-50.,2.));
#10506=CARTESIAN_POINT('Origin',(3.49231754626089E-11,5.24999999987222,
2.));
#10507=CARTESIAN_POINT('',(-46.,20.,2.));
#10508=CARTESIAN_POINT('Origin',(-40.5,20.,2.));
#10509=CARTESIAN_POINT('',(-46.,45.000000002067,2.));
#10510=CARTESIAN_POINT('',(-46.,25.1250000009696,2.));
#10511=CARTESIAN_POINT('',(-40.5,50.500000002067,2.));
#10512=CARTESIAN_POINT('Origin',(-40.5,45.000000002067,2.));
#10513=CARTESIAN_POINT('',(-40.4772255927244,50.500000002067,2.));
#10514=CARTESIAN_POINT('',(-20.2386127963447,50.500000002067,2.));
#10515=CARTESIAN_POINT('',(-35.0000000178616,55.5000000000001,2.));
#10516=CARTESIAN_POINT('Origin',(-35.0000000178616,50.,2.));
#10517=CARTESIAN_POINT('',(-31.,55.5,2.));
#10518=CARTESIAN_POINT('',(-15.4999999999823,55.4999999999999,2.));
#10519=CARTESIAN_POINT('',(-25.5227744249483,50.5,2.));
#10520=CARTESIAN_POINT('Origin',(-31.,50.,2.));
#10521=CARTESIAN_POINT('',(-25.5,50.5,2.));
#10522=CARTESIAN_POINT('',(-12.7499999999825,50.5,2.));
#10523=CARTESIAN_POINT('Origin',(-25.5,45.,2.));
#10524=CARTESIAN_POINT('',(-65.0481120598224,33.3129486348862,2.));
#10525=CARTESIAN_POINT('Origin',(-62.1827376005055,34.2015594652808,2.));
#10526=CARTESIAN_POINT('Origin',(-58.2499999994853,31.6439152567418,2.));
#10527=CARTESIAN_POINT('',(-64.0577376005055,34.2015594652808,2.));
#10528=CARTESIAN_POINT('Origin',(-62.1827376005055,34.2015594652808,2.));
#10529=CARTESIAN_POINT('Origin',(3.49231754626089E-11,5.24999999987222,
2.));
#10530=CARTESIAN_POINT('',(65.1103877727977,33.2312292358756,2.));
#10531=CARTESIAN_POINT('Origin',(58.2500000000568,31.8401578484274,2.));
#10532=CARTESIAN_POINT('Origin',(62.2500000000025,34.1357632536128,2.));
#10533=CARTESIAN_POINT('',(25.5,50.5000000005279,2.));
#10534=CARTESIAN_POINT('Origin',(25.5,45.0000000005279,2.));
#10535=CARTESIAN_POINT('',(25.5227744249961,50.5000000005279,2.));
#10536=CARTESIAN_POINT('',(12.7613872125155,50.5000000005279,2.));
#10537=CARTESIAN_POINT('',(31.,55.5,2.));
#10538=CARTESIAN_POINT('Origin',(31.,50.,2.));
#10539=CARTESIAN_POINT('',(35.0000000178616,55.5000000000001,2.));
#10540=CARTESIAN_POINT('',(17.5000000089479,55.4999999999998,2.));
#10541=CARTESIAN_POINT('',(40.4772255928558,50.5000000006334,2.));
#10542=CARTESIAN_POINT('Origin',(35.0000000178616,50.,2.));
#10543=CARTESIAN_POINT('',(40.5,50.5000000006334,2.));
#10544=CARTESIAN_POINT('',(20.2500000000174,50.5000000006334,2.));
#10545=CARTESIAN_POINT('',(46.,45.0000000006334,2.));
#10546=CARTESIAN_POINT('Origin',(40.5,45.0000000006334,2.));
#10547=CARTESIAN_POINT('',(45.9999999999999,20.0000000002671,2.));
#10548=CARTESIAN_POINT('',(45.9999999999999,12.6250000000697,2.));
#10549=CARTESIAN_POINT('Origin',(40.4999999999999,20.0000000002672,2.));
#10550=CARTESIAN_POINT('',(60.3750000000025,34.1357632536128,2.));
#10551=CARTESIAN_POINT('Origin',(62.2500000000025,34.1357632536128,2.));
#10552=CARTESIAN_POINT('Origin',(3.49231754626089E-11,5.24999999987222,
2.));
#10553=CARTESIAN_POINT('',(58.2500000000066,-55.0000000000003,2.));
#10554=CARTESIAN_POINT('',(-60.2500092496574,-54.9999999999893,2.));
#10555=CARTESIAN_POINT('',(63.3555728090008,-52.7888543820074,2.));
#10556=CARTESIAN_POINT('Origin',(58.2500000000072,-47.9999999999998,2.));
#10557=CARTESIAN_POINT('',(65.1444271910124,-49.2111456179733,2.));
#10558=CARTESIAN_POINT('Origin',(62.2500000000198,-50.,2.));
#10559=CARTESIAN_POINT('Origin',(58.2500000000072,-47.9999999999998,2.));
#10560=CARTESIAN_POINT('',(60.3750000000198,-50.,2.));
#10561=CARTESIAN_POINT('Origin',(62.2500000000198,-50.,2.));
#10562=CARTESIAN_POINT('Origin',(66.064339830977,-26.5,12.6356601745445));
#10563=CARTESIAN_POINT('',(68.2499999999922,-25.,16.9426406871196));
#10564=CARTESIAN_POINT('',(68.2499999999922,-28.,12.7000000000001));
#10565=CARTESIAN_POINT('',(68.2499999999922,-29.7651650422932,10.203679657362));
#10566=CARTESIAN_POINT('',(66.7499999999922,-28.,11.2));
#10567=CARTESIAN_POINT('',(67.1250000027569,-28.,11.5750000027647));
#10568=CARTESIAN_POINT('',(66.7499999999922,-25.,15.4426406871195));
#10569=CARTESIAN_POINT('',(66.7499999999922,-30.354420693282,7.87034632402858));
#10570=CARTESIAN_POINT('',(65.0036796591971,-25.,13.6963203463242));
#10571=CARTESIAN_POINT('Origin',(68.2499999999922,-40.,12.7000000000001));
#10572=CARTESIAN_POINT('',(68.2499999999922,-25.,17.2));
#10573=CARTESIAN_POINT('',(68.2499999999922,-25.,11.9500000055294));
#10574=CARTESIAN_POINT('',(68.2499999999922,-40.,17.2));
#10575=CARTESIAN_POINT('',(68.2499999999922,-17.3750000000364,17.2));
#10576=CARTESIAN_POINT('',(68.2499999999922,-40.,12.7000000000001));
#10577=CARTESIAN_POINT('',(68.2499999999922,-40.,11.2));
#10578=CARTESIAN_POINT('',(68.2499999999922,-40.,12.7000000000001));
#10579=CARTESIAN_POINT('Origin',(68.2499999999922,-25.,11.2000000110587));
#10580=CARTESIAN_POINT('',(66.7499999999922,-25.,17.2));
#10581=CARTESIAN_POINT('',(66.7499999999922,-25.,12.7000000082941));
#10582=CARTESIAN_POINT('',(34.1250000000147,-25.,17.2));
#10583=CARTESIAN_POINT('Origin',(-67.5643398282123,-26.5,14.1356601717799));
#10584=CARTESIAN_POINT('',(-68.2499999999922,-28.,12.7000000000001));
#10585=CARTESIAN_POINT('',(-68.2499999999922,-25.,16.9426406871196));
#10586=CARTESIAN_POINT('',(-68.2499999999922,-29.4116116523516,10.7036796564405));
#10587=CARTESIAN_POINT('',(-66.7499999999922,-25.,15.4426406871195));
#10588=CARTESIAN_POINT('',(-66.5036796564324,-25.,15.1963203435597));
#10589=CARTESIAN_POINT('',(-66.7499999999922,-28.,11.2));
#10590=CARTESIAN_POINT('',(-66.7499999999922,-30.0008673033403,8.37034632310708));
#10591=CARTESIAN_POINT('',(-68.6249999999922,-28.,13.0750000000001));
#10592=CARTESIAN_POINT('Origin',(-66.7499999999922,-40.,11.2));
#10593=CARTESIAN_POINT('',(-66.7499999999501,-33.5,11.1999999999578));
#10594=CARTESIAN_POINT('',(-66.7499999999922,-40.,11.2));
#10595=CARTESIAN_POINT('',(-67.74999999995,-34.4999999999952,12.1999999999579));
#10596=CARTESIAN_POINT('Origin',(-66.7499999999501,-34.5,11.1999999999578));
#10597=CARTESIAN_POINT('',(-67.74999999995,-35.4999999999955,12.1999999999579));
#10598=CARTESIAN_POINT('',(-67.7499999999501,-37.7499999999976,12.199999999958));
#10599=CARTESIAN_POINT('',(-66.7499999999501,-36.5,11.1999999999578));
#10600=CARTESIAN_POINT('Origin',(-66.7499999999501,-35.5,11.1999999999578));
#10601=CARTESIAN_POINT('',(-66.7499999999922,-40.,11.2));
#10602=CARTESIAN_POINT('',(-66.7499999999922,-40.,11.2));
#10603=CARTESIAN_POINT('',(-68.2499999999922,-40.,12.7000000000001));
#10604=CARTESIAN_POINT('',(-66.7499999999922,-40.,11.2));
#10605=CARTESIAN_POINT('',(-68.2499999999922,-40.,12.7000000000001));
#10606=CARTESIAN_POINT('Origin',(-68.2499999999922,19.0442357466127,11.2000000110587));
#10607=CARTESIAN_POINT('',(-66.7499999999922,19.0442357466127,11.199999999958));
#10608=CARTESIAN_POINT('',(-68.2499999999922,19.0442357466256,12.7000000000001));
#10609=CARTESIAN_POINT('',(-67.12500000263,19.0442357466159,11.5750000026378));
#10610=CARTESIAN_POINT('',(-66.7499999999922,19.0442357466643,17.2));
#10611=CARTESIAN_POINT('',(-66.7499999999922,19.0442357466256,12.7000000054242));
#10612=CARTESIAN_POINT('',(-68.2499999999922,19.0442357466643,17.2));
#10613=CARTESIAN_POINT('',(-34.1249999999776,19.0442357466643,17.2));
#10614=CARTESIAN_POINT('',(-68.2499999999922,19.0442357466191,11.9500000052757));
#10615=CARTESIAN_POINT('Origin',(-68.2499999999922,-25.,17.2));
#10616=CARTESIAN_POINT('',(-68.2499999999922,-25.,17.2));
#10617=CARTESIAN_POINT('',(-68.2499999999922,-25.,14.9500000000001));
#10618=CARTESIAN_POINT('',(-66.7499999999922,-25.,17.2));
#10619=CARTESIAN_POINT('',(-34.1249999999776,-25.,17.2));
#10620=CARTESIAN_POINT('',(-66.7499999999922,-25.,15.6999999999895));
#10621=CARTESIAN_POINT('Origin',(-66.7499999999922,-40.,11.2));
#10622=CARTESIAN_POINT('',(-68.2499999999922,29.8240160007096,12.7000000000001));
#10623=CARTESIAN_POINT('',(-68.2499999999922,-40.,12.7000000000001));
#10624=CARTESIAN_POINT('',(-66.7500000169182,31.921937191732,11.200000016926));
#10625=CARTESIAN_POINT('Ctrl Pts',(-66.7499997879479,31.9219368533126,11.1999997879557));
#10626=CARTESIAN_POINT('Ctrl Pts',(-67.2612251660917,31.2301585426953,11.7112251660996));
#10627=CARTESIAN_POINT('Ctrl Pts',(-67.7613032699937,30.5307266314576,12.2113032700016));
#10628=CARTESIAN_POINT('Ctrl Pts',(-68.2499999999922,29.8240160007096,12.7000000000001));
#10629=CARTESIAN_POINT('',(-66.7499999999502,24.515891884194,11.199999999958));
#10630=CARTESIAN_POINT('',(-66.7499999999922,-40.,11.2));
#10631=CARTESIAN_POINT('',(-67.7499999999502,23.5158921322973,12.1999999999581));
#10632=CARTESIAN_POINT('Origin',(-66.7499999999502,23.515891884194,11.199999999958));
#10633=CARTESIAN_POINT('',(-67.7499999999502,22.515891884194,12.1999999999581));
#10634=CARTESIAN_POINT('',(-67.7499999999497,-8.74205405790305,12.1999999999575));
#10635=CARTESIAN_POINT('',(-66.7499999999502,21.515891884194,11.199999999958));
#10636=CARTESIAN_POINT('Origin',(-66.7499999999502,22.515891884194,11.199999999958));
#10637=CARTESIAN_POINT('',(-66.7499999999922,-40.,11.2));
#10638=CARTESIAN_POINT('Origin',(-68.2499999999922,-40.,12.7000000000001));
#10639=CARTESIAN_POINT('',(-68.2499999999922,-40.,17.2));
#10640=CARTESIAN_POINT('',(-68.2499999999922,-40.,11.2));
#10641=CARTESIAN_POINT('',(-68.2499999999922,-17.3750000000364,17.2));
#10642=CARTESIAN_POINT('Origin',(-68.2499999999922,-40.,12.7000000000001));
#10643=CARTESIAN_POINT('',(-68.2499999999922,-17.3750000000364,17.2));
#10644=CARTESIAN_POINT('Ctrl Pts',(-68.2499999999922,29.8240160007096,12.7000000000001));
#10645=CARTESIAN_POINT('Ctrl Pts',(-68.2499999999922,30.5331806748236,13.2752352748629));
#10646=CARTESIAN_POINT('Ctrl Pts',(-68.2499999097524,31.2408034004736,13.8541840946957));
#10647=CARTESIAN_POINT('Ctrl Pts',(-68.2499998426524,31.9453553507031,14.4350287955855));
#10648=CARTESIAN_POINT('Ctrl Pts',(-68.2499997758483,32.646800854512,15.0133124888143));
#10649=CARTESIAN_POINT('Ctrl Pts',(-68.2499997263818,33.3468891791068,15.5948659263012));
#10650=CARTESIAN_POINT('Ctrl Pts',(-68.249999712816,34.0442353515904,16.1780600005039));
#10651=CARTESIAN_POINT('Origin',(3.71169761592682E-11,5.24999999992712,
17.2));
#10652=CARTESIAN_POINT('',(-66.7499999999922,1.13605893662962,17.2));
#10653=CARTESIAN_POINT('',(-34.2499999999776,-40.,17.2));
#10654=CARTESIAN_POINT('',(-60.2499999999664,-58.,17.2));
#10655=CARTESIAN_POINT('Origin',(-60.2499999999543,-47.9999999999943,17.2));
#10656=CARTESIAN_POINT('',(60.2500000000121,-57.9999999999999,17.2));
#10657=CARTESIAN_POINT('',(-60.2499999999664,-58.,17.2));
#10658=CARTESIAN_POINT('',(70.2500000000277,-47.9999999999985,17.2));
#10659=CARTESIAN_POINT('Origin',(60.2500000000195,-48.,17.2));
#10660=CARTESIAN_POINT('',(70.2499999999922,-40.,17.2));
#10661=CARTESIAN_POINT('',(70.2500000000248,-58.,17.2));
#10662=CARTESIAN_POINT('',(34.2500000000147,-40.,17.2));
#10663=CARTESIAN_POINT('',(66.7499999999922,19.0442357466643,17.2));
#10664=CARTESIAN_POINT('',(66.7499999999922,1.13605893662962,17.2));
#10665=CARTESIAN_POINT('',(68.2499999999922,19.0442357466643,17.2));
#10666=CARTESIAN_POINT('',(34.1250000000147,19.0442357466643,17.2));
#10667=CARTESIAN_POINT('',(68.2499999999922,-17.3750000000364,17.2));
#10668=CARTESIAN_POINT('',(-63.3555728089146,-52.7888543820298,17.2));
#10669=CARTESIAN_POINT('',(-65.1444271909625,-49.2111456178995,17.2));
#10670=CARTESIAN_POINT('Origin',(-62.24999999999,-50.,17.2));
#10671=CARTESIAN_POINT('Origin',(-58.2499999999585,-48.0000000000034,17.2));
#10672=CARTESIAN_POINT('',(-65.0481120598224,33.3129486348862,17.2));
#10673=CARTESIAN_POINT('Origin',(-58.2499999994853,31.6439152567418,17.2));
#10674=CARTESIAN_POINT('Origin',(-62.1827376005055,34.2015594652808,17.2));
#10675=CARTESIAN_POINT('',(65.1103877727977,33.2312292358756,17.2));
#10676=CARTESIAN_POINT('Origin',(62.2500000000025,34.1357632536128,17.2));
#10677=CARTESIAN_POINT('Origin',(58.2500000000568,31.8401578484274,17.2));
#10678=CARTESIAN_POINT('',(65.1444271910124,-49.2111456179733,17.2));
#10679=CARTESIAN_POINT('Origin',(58.2500000000072,-47.9999999999998,17.2));
#10680=CARTESIAN_POINT('',(63.3555728090008,-52.7888543820074,17.2));
#10681=CARTESIAN_POINT('Origin',(62.2500000000198,-50.,17.2));
#10682=CARTESIAN_POINT('',(58.2500000000066,-55.0000000000003,17.2));
#10683=CARTESIAN_POINT('Origin',(58.2500000000072,-47.9999999999998,17.2));
#10684=CARTESIAN_POINT('',(-58.2499999999591,-54.9999999999895,17.2));
#10685=CARTESIAN_POINT('',(-60.2500092496574,-54.9999999999893,17.2));
#10686=CARTESIAN_POINT('Origin',(-58.2499999999585,-48.0000000000034,17.2));
#10687=CARTESIAN_POINT('Origin',(68.2499999999922,19.0442357466643,17.2));
#10688=CARTESIAN_POINT('',(68.2499999999922,19.0442357466256,12.7000000000001));
#10689=CARTESIAN_POINT('',(66.7499999999922,19.0442357466127,11.2000000110587));
#10690=CARTESIAN_POINT('',(68.6249999998653,19.0442357466288,13.0749999998732));
#10691=CARTESIAN_POINT('',(68.2499999999922,19.0442357466449,14.9499999997463));
#10692=CARTESIAN_POINT('',(66.7499999999922,19.0442357466514,15.70000000267));
#10693=CARTESIAN_POINT('Origin',(68.2499999999922,-40.,12.7000000000001));
#10694=CARTESIAN_POINT('',(68.2499999999922,29.8240160009184,12.7000000000001));
#10695=CARTESIAN_POINT('',(68.2499999999922,-40.,12.7000000000001));
#10696=CARTESIAN_POINT('Ctrl Pts',(68.2499997128159,34.0442353517859,16.1780600005074));
#10697=CARTESIAN_POINT('Ctrl Pts',(68.2499997263793,33.3470183248161,15.5949739313382));
#10698=CARTESIAN_POINT('Ctrl Pts',(68.2499997758279,32.6470603200714,15.0135280240341));
#10699=CARTESIAN_POINT('Ctrl Pts',(68.2499998426152,31.9457455269427,14.4353504638514));
#10700=CARTESIAN_POINT('Ctrl Pts',(68.2499999097231,31.2410644881381,13.85439770524));
#10701=CARTESIAN_POINT('Ctrl Pts',(68.2499999999922,30.5333114246598,13.2753413317528));
#10702=CARTESIAN_POINT('Ctrl Pts',(68.2499999999922,29.8240160009183,12.7000000000001));
#10703=CARTESIAN_POINT('Origin',(66.7499999999922,-40.,11.2));
#10704=CARTESIAN_POINT('',(66.7499999999502,21.515891884194,11.199999999958));
#10705=CARTESIAN_POINT('',(66.7499999999922,-40.,11.2));
#10706=CARTESIAN_POINT('',(67.7499999999502,22.515891884194,12.1999999999581));
#10707=CARTESIAN_POINT('Origin',(66.7499999999502,22.515891884194,11.199999999958));
#10708=CARTESIAN_POINT('',(67.7499999999502,23.5158921322973,12.1999999999581));
#10709=CARTESIAN_POINT('',(67.7499999999497,-8.74205405790305,12.1999999999575));
#10710=CARTESIAN_POINT('',(66.7499999999502,24.515891884194,11.199999999958));
#10711=CARTESIAN_POINT('Origin',(66.7499999999502,23.515891884194,11.199999999958));
#10712=CARTESIAN_POINT('',(66.7500000169182,31.9219371919272,11.200000016926));
#10713=CARTESIAN_POINT('',(66.7499999999922,-40.,11.2));
#10714=CARTESIAN_POINT('Ctrl Pts',(68.2499999999922,29.8240160009183,12.7000000000001));
#10715=CARTESIAN_POINT('Ctrl Pts',(67.7613032699936,30.5307266316617,12.2113032700015));
#10716=CARTESIAN_POINT('Ctrl Pts',(67.2612251660916,31.230158542895,11.7112251660994));
#10717=CARTESIAN_POINT('Ctrl Pts',(66.7499997879479,31.9219368535079,11.1999997879557));
#10718=CARTESIAN_POINT('Ctrl Pts',(-66.7499999999922,36.0158918839565,14.7137807886837));
#10719=CARTESIAN_POINT('Ctrl Pts',(-67.4905974296508,35.0713713533941,15.4370139314034));
#10720=CARTESIAN_POINT('Ctrl Pts',(-68.2116333161797,34.1105061170899,16.1407446313806));
#10721=CARTESIAN_POINT('Ctrl Pts',(-68.9123943284177,33.1340753886194,16.824325152693));
#10722=CARTESIAN_POINT('Ctrl Pts',(-66.5813977107374,34.8769498466389,13.3739182365343));
#10723=CARTESIAN_POINT('Ctrl Pts',(-67.3045603717407,33.9434009483656,14.085504706245));
#10724=CARTESIAN_POINT('Ctrl Pts',(-68.0081792381917,32.9943878239959,14.7775867816615));
#10725=CARTESIAN_POINT('Ctrl Pts',(-68.6915962189426,32.0307222593161,15.4495501017954));
#10726=CARTESIAN_POINT('Ctrl Pts',(-66.4127954214825,33.7380078093214,12.0340556843849));
#10727=CARTESIAN_POINT('Ctrl Pts',(-67.1185233138306,32.8154305433371,12.7339954810866));
#10728=CARTESIAN_POINT('Ctrl Pts',(-67.8047251602037,31.8782695309019,13.4144289319425));
#10729=CARTESIAN_POINT('Ctrl Pts',(-68.4707981094674,30.9273691300129,14.0747750508978));
#10730=CARTESIAN_POINT('Ctrl Pts',(-66.2441931322277,32.5990657720038,10.6941931322354));
#10731=CARTESIAN_POINT('Ctrl Pts',(-66.9324862559205,31.6874601383087,11.3824862559282));
#10732=CARTESIAN_POINT('Ctrl Pts',(-67.6012710822157,30.7621512378079,12.0512710822235));
#10733=CARTESIAN_POINT('Ctrl Pts',(-68.2499999999922,29.8240160007096,12.7000000000001));
#10734=CARTESIAN_POINT('Ctrl Pts',(-66.7499996317913,31.9219370646201,11.1999996317991));
#10735=CARTESIAN_POINT('Ctrl Pts',(-66.7499997467926,32.6085669663192,11.7822165182189));
#10736=CARTESIAN_POINT('Ctrl Pts',(-66.7499998449211,33.2941120151215,12.3673327833661));
#10737=CARTESIAN_POINT('Ctrl Pts',(-66.7499999082074,33.9771593279671,12.9537223086828));
#10738=CARTESIAN_POINT('Ctrl Pts',(-66.7499999713005,34.6581220550887,13.5383222372759));
#10739=CARTESIAN_POINT('Ctrl Pts',(-66.7499999999922,35.3381282623402,14.1254977919458));
#10740=CARTESIAN_POINT('Ctrl Pts',(-66.7499999999922,36.0158918839565,14.7137807886837));
#10741=CARTESIAN_POINT('Origin',(-66.7499999999502,22.515891884194,7.2));
#10742=CARTESIAN_POINT('',(-67.7499999999502,22.515891884194,7.2));
#10743=CARTESIAN_POINT('',(-67.7499999999502,22.515891884194,7.2));
#10744=CARTESIAN_POINT('',(-66.7499999999502,21.515891884194,7.2));
#10745=CARTESIAN_POINT('Origin',(-66.7499999999502,22.515891884194,7.2));
#10746=CARTESIAN_POINT('',(-66.7499999999922,21.515891884194,7.2));
#10747=CARTESIAN_POINT('Origin',(-66.7499999999502,23.515891884194,7.2));
#10748=CARTESIAN_POINT('',(-66.7499999999502,24.515891884194,7.2));
#10749=CARTESIAN_POINT('',(-66.7499999999922,24.515891884194,7.2));
#10750=CARTESIAN_POINT('',(-67.7499999999502,23.5158921322973,7.2));
#10751=CARTESIAN_POINT('Origin',(-66.7499999999502,23.515891884194,7.2));
#10752=CARTESIAN_POINT('',(-67.7499999999502,23.5158921322973,7.2));
#10753=CARTESIAN_POINT('Origin',(-67.7499999999502,22.515891884194,7.2));
#10754=CARTESIAN_POINT('',(-67.7499999999497,-8.74205405790297,7.2));
#10755=CARTESIAN_POINT('Origin',(-67.74999999995,-35.4999999999955,7.2));
#10756=CARTESIAN_POINT('',(-67.74999999995,-34.4999999999952,7.2));
#10757=CARTESIAN_POINT('',(-67.74999999995,-34.4999999999952,7.2));
#10758=CARTESIAN_POINT('',(-67.74999999995,-35.4999999999955,7.2));
#10759=CARTESIAN_POINT('',(-67.7499999999501,-37.7499999999978,7.2));
#10760=CARTESIAN_POINT('',(-67.74999999995,-35.4999999999955,7.2));
#10761=CARTESIAN_POINT('Origin',(-66.7499999999501,-35.5,7.2));
#10762=CARTESIAN_POINT('',(-66.7499999999501,-36.5,7.2));
#10763=CARTESIAN_POINT('Origin',(-66.7499999999501,-35.5,7.2));
#10764=CARTESIAN_POINT('',(-66.7499999999922,-36.5,7.2));
#10765=CARTESIAN_POINT('Origin',(-66.7499999999501,-34.5,7.2));
#10766=CARTESIAN_POINT('',(-66.7499999999501,-33.5,7.2));
#10767=CARTESIAN_POINT('',(-66.7499999999922,-33.5,7.2));
#10768=CARTESIAN_POINT('Origin',(-66.7499999999501,-34.5,7.2));
#10769=CARTESIAN_POINT('Origin',(-66.7499999999922,-40.,7.2));
#10770=CARTESIAN_POINT('',(-66.7499999999922,-40.,7.2));
#10771=CARTESIAN_POINT('',(-66.7499999999922,-40.,7.2));
#10772=CARTESIAN_POINT('',(-66.7499999999922,-40.,11.2));
#10773=CARTESIAN_POINT('Origin',(-66.7499999999922,-40.,7.2));
#10774=CARTESIAN_POINT('',(-66.7499999999922,-40.,7.2));
#10775=CARTESIAN_POINT('Origin',(-66.7499999999922,-40.,7.2));
#10776=CARTESIAN_POINT('',(-66.7499999999922,-40.,7.2));
#10777=CARTESIAN_POINT('Origin',(-70.2499999999922,-40.,7.2));
#10778=CARTESIAN_POINT('',(-66.7499999999922,-40.,7.2));
#10779=CARTESIAN_POINT('Origin',(-68.4999999999922,-40.,12.2));
#10780=CARTESIAN_POINT('Ctrl Pts',(68.9123943284062,33.1340753888366,16.8243251526853));
#10781=CARTESIAN_POINT('Ctrl Pts',(68.2116333161716,34.1105061172958,16.1407446313761));
#10782=CARTESIAN_POINT('Ctrl Pts',(67.4905974296466,35.0713713535889,15.4370139314027));
#10783=CARTESIAN_POINT('Ctrl Pts',(66.7499999999922,36.0158918841405,14.7137807886871));
#10784=CARTESIAN_POINT('Ctrl Pts',(68.6915962189349,32.0307222595305,15.4495501017902));
#10785=CARTESIAN_POINT('Ctrl Pts',(68.0081792381873,32.9943878241993,14.7775867816596));
#10786=CARTESIAN_POINT('Ctrl Pts',(67.30456037174,33.9434009485581,14.0855047062467));
#10787=CARTESIAN_POINT('Ctrl Pts',(66.5813977107408,34.8769498468208,13.37391823654));
#10788=CARTESIAN_POINT('Ctrl Pts',(68.4707981094635,30.9273691302244,14.0747750508952));
#10789=CARTESIAN_POINT('Ctrl Pts',(67.804725160203,31.8782695311027,13.414428931943));
#10790=CARTESIAN_POINT('Ctrl Pts',(67.1185233138334,32.8154305435273,12.7339954810907));
#10791=CARTESIAN_POINT('Ctrl Pts',(66.4127954214893,33.7380078095011,12.0340556843928));
#10792=CARTESIAN_POINT('Ctrl Pts',(68.2499999999922,29.8240160009183,12.7000000000001));
#10793=CARTESIAN_POINT('Ctrl Pts',(67.6012710822187,30.7621512380061,12.0512710822265));
#10794=CARTESIAN_POINT('Ctrl Pts',(66.9324862559268,31.6874601384965,11.3824862559346));
#10795=CARTESIAN_POINT('Ctrl Pts',(66.2441931322379,32.5990657721814,10.6941931322456));
#10796=CARTESIAN_POINT('Ctrl Pts',(66.7499999999922,36.0158918841405,14.7137807886871));
#10797=CARTESIAN_POINT('Ctrl Pts',(66.7499999999922,35.3382066336472,14.1255658162518));
#10798=CARTESIAN_POINT('Ctrl Pts',(66.7499999713076,34.6582794058239,13.5384581076513));
#10799=CARTESIAN_POINT('Ctrl Pts',(66.7499999082293,33.9773958123411,12.953925328211));
#10800=CARTESIAN_POINT('Ctrl Pts',(66.7499998449432,33.2942701556896,12.3674677565915));
#10801=CARTESIAN_POINT('Ctrl Pts',(66.7499997468058,32.6086461175796,11.782283633106));
#10802=CARTESIAN_POINT('Ctrl Pts',(66.7499996317913,31.9219370648154,11.1999996317991));
#10803=CARTESIAN_POINT('Origin',(66.7499999999922,-40.,11.2));
#10804=CARTESIAN_POINT('',(66.7499999999922,-40.,11.2));
#10805=CARTESIAN_POINT('',(66.7499999999922,-40.,11.2));
#10806=CARTESIAN_POINT('',(66.7499999999501,-36.5,11.1999999999578));
#10807=CARTESIAN_POINT('',(66.7499999999922,-40.,11.2));
#10808=CARTESIAN_POINT('',(67.74999999995,-35.4999999999955,12.1999999999579));
#10809=CARTESIAN_POINT('Origin',(66.7499999999501,-35.5,11.1999999999578));
#10810=CARTESIAN_POINT('',(67.74999999995,-34.4999999999952,12.1999999999579));
#10811=CARTESIAN_POINT('',(67.7499999999501,-37.7499999999976,12.199999999958));
#10812=CARTESIAN_POINT('',(66.7499999999501,-33.5,11.1999999999578));
#10813=CARTESIAN_POINT('Origin',(66.7499999999501,-34.5,11.1999999999578));
#10814=CARTESIAN_POINT('',(66.7499999999922,-40.,11.2));
#10815=CARTESIAN_POINT('Origin',(66.7499999999502,22.515891884194,7.2));
#10816=CARTESIAN_POINT('',(66.7499999999502,21.515891884194,7.2));
#10817=CARTESIAN_POINT('',(66.7499999999922,21.515891884194,7.2));
#10818=CARTESIAN_POINT('',(67.7499999999502,22.515891884194,7.2));
#10819=CARTESIAN_POINT('Origin',(66.7499999999502,22.515891884194,7.2));
#10820=CARTESIAN_POINT('',(67.7499999999502,22.515891884194,7.2));
#10821=CARTESIAN_POINT('Origin',(66.7499999999502,23.515891884194,7.2));
#10822=CARTESIAN_POINT('',(67.7499999999502,23.5158921322973,7.2));
#10823=CARTESIAN_POINT('',(67.7499999999502,23.5158921322973,7.2));
#10824=CARTESIAN_POINT('',(66.7499999999502,24.515891884194,7.2));
#10825=CARTESIAN_POINT('Origin',(66.7499999999502,23.515891884194,7.2));
#10826=CARTESIAN_POINT('',(66.7499999999922,24.515891884194,7.2));
#10827=CARTESIAN_POINT('Origin',(67.7499999999502,22.515891884194,7.2));
#10828=CARTESIAN_POINT('',(67.7499999999497,-8.74205405790297,7.2));
#10829=CARTESIAN_POINT('Origin',(70.2499999999922,-40.,7.2));
#10830=CARTESIAN_POINT('',(66.7499999999501,-33.5,7.2));
#10831=CARTESIAN_POINT('',(66.7499999999922,-40.,7.2));
#10832=CARTESIAN_POINT('',(67.74999999995,-34.4999999999952,7.2));
#10833=CARTESIAN_POINT('Origin',(66.7499999999501,-34.5,7.2));
#10834=CARTESIAN_POINT('',(67.74999999995,-35.4999999999955,7.2));
#10835=CARTESIAN_POINT('',(67.7499999999501,-37.7499999999978,7.2));
#10836=CARTESIAN_POINT('',(66.7499999999501,-36.5,7.2));
#10837=CARTESIAN_POINT('Origin',(66.7499999999501,-35.5,7.2));
#10838=CARTESIAN_POINT('',(66.7499999999922,-40.,7.2));
#10839=CARTESIAN_POINT('',(66.7499999999922,-40.,7.2));
#10840=CARTESIAN_POINT('',(70.2499999999922,-40.,7.2));
#10841=CARTESIAN_POINT('',(66.7499999999922,-40.,7.2));
#10842=CARTESIAN_POINT('',(70.2500000000289,-43.9999999999992,7.2));
#10843=CARTESIAN_POINT('',(66.7499999999922,-40.,7.2));
#10844=CARTESIAN_POINT('Origin',(66.7499999999922,-40.,7.2));
#10845=CARTESIAN_POINT('',(66.7499999999922,-33.5,7.2));
#10846=CARTESIAN_POINT('Origin',(67.74999999995,-35.4999999999955,7.2));
#10847=CARTESIAN_POINT('',(67.74999999995,-35.4999999999955,7.2));
#10848=CARTESIAN_POINT('',(67.74999999995,-34.4999999999952,7.2));
#10849=CARTESIAN_POINT('Origin',(66.7499999999501,-35.5,7.2));
#10850=CARTESIAN_POINT('',(66.7499999999922,-36.5,7.2));
#10851=CARTESIAN_POINT('Origin',(66.7499999999501,-34.5,7.2));
#10852=CARTESIAN_POINT('Origin',(66.7499999999922,-40.,7.2));
#10853=CARTESIAN_POINT('',(66.7499999999922,-40.,11.2));
#10854=CARTESIAN_POINT('Origin',(-33.,-32.2499999999935,17.));
#10855=CARTESIAN_POINT('',(-46.,-45.0000000000059,17.));
#10856=CARTESIAN_POINT('',(-40.5,-50.5000000000059,17.));
#10857=CARTESIAN_POINT('Origin',(-40.5,-45.0000000000059,17.));
#10858=CARTESIAN_POINT('',(-40.4772255928963,-50.5000000000059,17.));
#10859=CARTESIAN_POINT('',(-40.4772255928963,-50.5000000000059,17.));
#10860=CARTESIAN_POINT('',(-37.2912878653806,-54.9999999999793,17.));
#10861=CARTESIAN_POINT('Origin',(-35.0000000178446,-50.0000000000059,17.));
#10862=CARTESIAN_POINT('',(-28.7087121524681,-54.9999999999812,17.));
#10863=CARTESIAN_POINT('',(13.6249999997387,-54.9999999999962,17.));
#10864=CARTESIAN_POINT('',(-25.5227744249484,-50.5000000000059,17.));
#10865=CARTESIAN_POINT('Origin',(-31.,-50.0000000000059,17.));
#10866=CARTESIAN_POINT('',(-25.5,-50.5000000000059,17.));
#10867=CARTESIAN_POINT('',(-25.5,-50.5000000000059,17.));
#10868=CARTESIAN_POINT('',(-20.,-45.0000000000059,17.));
#10869=CARTESIAN_POINT('Origin',(-25.5,-45.0000000000059,17.));
#10870=CARTESIAN_POINT('',(-20.,-19.999999998534,17.));
#10871=CARTESIAN_POINT('',(-20.,-19.999999998534,17.));
#10872=CARTESIAN_POINT('',(-25.5,-14.499999998534,17.));
#10873=CARTESIAN_POINT('Origin',(-25.5,-19.999999998534,17.));
#10874=CARTESIAN_POINT('',(-25.5227744250827,-14.499999998534,17.));
#10875=CARTESIAN_POINT('',(-25.5227744250827,-14.499999998534,17.));
#10876=CARTESIAN_POINT('',(-31.,-9.50000000000588,17.));
#10877=CARTESIAN_POINT('Origin',(-31.,-15.0000000000059,17.));
#10878=CARTESIAN_POINT('',(-35.0000000178616,-9.50000000000587,17.));
#10879=CARTESIAN_POINT('',(-35.0000000178616,-9.50000000000587,17.));
#10880=CARTESIAN_POINT('',(-40.4772255930089,-14.5000000010534,17.));
#10881=CARTESIAN_POINT('Origin',(-35.0000000178616,-15.0000000000059,17.));
#10882=CARTESIAN_POINT('',(-40.5,-14.5000000010534,17.));
#10883=CARTESIAN_POINT('',(-40.5,-14.5000000010534,17.));
#10884=CARTESIAN_POINT('',(-46.,-20.0000000010534,17.));
#10885=CARTESIAN_POINT('Origin',(-40.5,-20.0000000010534,17.));
#10886=CARTESIAN_POINT('',(-46.,-45.0000000000059,17.));
#10887=CARTESIAN_POINT('',(-35.0000000178446,-52.5000000000059,17.));
#10888=CARTESIAN_POINT('',(-35.0000000178446,-47.5000000000059,17.));
#10889=CARTESIAN_POINT('Origin',(-35.0000000178446,-50.0000000000059,17.));
#10890=CARTESIAN_POINT('',(-43.,-47.5000000000059,17.));
#10891=CARTESIAN_POINT('',(-23.,-47.5000000000059,17.));
#10892=CARTESIAN_POINT('',(-43.,-17.5000000000059,17.));
#10893=CARTESIAN_POINT('',(-43.,-47.5000000000059,17.));
#10894=CARTESIAN_POINT('',(-35.,-17.5000000000059,17.));
#10895=CARTESIAN_POINT('',(-43.,-17.5000000000059,17.));
#10896=CARTESIAN_POINT('',(-35.,-12.5000000000059,17.));
#10897=CARTESIAN_POINT('Origin',(-35.0000000178616,-15.0000000000059,17.));
#10898=CARTESIAN_POINT('',(-31.,-12.5000000000059,17.));
#10899=CARTESIAN_POINT('',(-35.,-12.5000000000059,17.));
#10900=CARTESIAN_POINT('',(-31.,-17.5000000000059,17.));
#10901=CARTESIAN_POINT('Origin',(-31.,-15.0000000000059,17.));
#10902=CARTESIAN_POINT('',(-23.,-17.5000000000059,17.));
#10903=CARTESIAN_POINT('',(-43.,-17.5000000000059,17.));
#10904=CARTESIAN_POINT('',(-23.,-47.5000000000059,17.));
#10905=CARTESIAN_POINT('',(-23.,-17.5000000000059,17.));
#10906=CARTESIAN_POINT('',(-31.,-47.5000000000059,17.));
#10907=CARTESIAN_POINT('',(-23.,-47.5000000000059,17.));
#10908=CARTESIAN_POINT('',(-31.,-52.5000000000059,17.));
#10909=CARTESIAN_POINT('Origin',(-31.,-50.0000000000059,17.));
#10910=CARTESIAN_POINT('',(-31.,-52.5000000000059,17.));
#10911=CARTESIAN_POINT('Origin',(-33.,32.5,17.));
#10912=CARTESIAN_POINT('',(-40.4772255929133,14.5,17.));
#10913=CARTESIAN_POINT('',(-35.0000000178616,9.50000000000002,17.));
#10914=CARTESIAN_POINT('Origin',(-35.0000000178616,15.,17.));
#10915=CARTESIAN_POINT('',(-31.,9.50000000000002,17.));
#10916=CARTESIAN_POINT('',(-31.,9.50000000000002,17.));
#10917=CARTESIAN_POINT('',(-25.522774424873,14.5000000008248,17.));
#10918=CARTESIAN_POINT('Origin',(-31.,15.,17.));
#10919=CARTESIAN_POINT('',(-25.5,14.5000000008248,17.));
#10920=CARTESIAN_POINT('',(-25.5,14.5000000008248,17.));
#10921=CARTESIAN_POINT('',(-20.,20.0000000008249,17.));
#10922=CARTESIAN_POINT('Origin',(-25.5,20.0000000008249,17.));
#10923=CARTESIAN_POINT('',(-20.,45.,17.));
#10924=CARTESIAN_POINT('',(-20.,45.,17.));
#10925=CARTESIAN_POINT('',(-25.5,50.5,17.));
#10926=CARTESIAN_POINT('Origin',(-25.5,45.,17.));
#10927=CARTESIAN_POINT('',(-25.5227744249483,50.5,17.));
#10928=CARTESIAN_POINT('',(-25.5227744249483,50.5,17.));
#10929=CARTESIAN_POINT('',(-31.,55.5,17.));
#10930=CARTESIAN_POINT('Origin',(-31.,50.,17.));
#10931=CARTESIAN_POINT('',(-35.0000000178616,55.5000000000001,17.));
#10932=CARTESIAN_POINT('',(-35.0000000178616,55.5000000000001,17.));
#10933=CARTESIAN_POINT('',(-40.4772255927244,50.500000002067,17.));
#10934=CARTESIAN_POINT('Origin',(-35.0000000178616,50.,17.));
#10935=CARTESIAN_POINT('',(-40.5,50.500000002067,17.));
#10936=CARTESIAN_POINT('',(-40.5,50.500000002067,17.));
#10937=CARTESIAN_POINT('',(-46.,45.000000002067,17.));
#10938=CARTESIAN_POINT('Origin',(-40.5,45.000000002067,17.));
#10939=CARTESIAN_POINT('',(-46.,20.,17.));
#10940=CARTESIAN_POINT('',(-46.,20.,17.));
#10941=CARTESIAN_POINT('',(-40.5,14.5,17.));
#10942=CARTESIAN_POINT('Origin',(-40.5,20.,17.));
#10943=CARTESIAN_POINT('',(-40.4772255929133,14.5,17.));
#10944=CARTESIAN_POINT('',(-35.0000000357232,12.5,17.));
#10945=CARTESIAN_POINT('',(-35.,17.5,17.));
#10946=CARTESIAN_POINT('Origin',(-35.0000000178616,15.,17.));
#10947=CARTESIAN_POINT('',(-43.,17.5,17.));
#10948=CARTESIAN_POINT('',(-23.,17.5,17.));
#10949=CARTESIAN_POINT('',(-43.,47.5,17.));
#10950=CARTESIAN_POINT('',(-43.,17.5,17.));
#10951=CARTESIAN_POINT('',(-35.,47.5,17.));
#10952=CARTESIAN_POINT('',(-43.,47.5,17.));
#10953=CARTESIAN_POINT('',(-35.,52.5,17.));
#10954=CARTESIAN_POINT('Origin',(-35.0000000178616,50.,17.));
#10955=CARTESIAN_POINT('',(-31.,52.5,17.));
#10956=CARTESIAN_POINT('',(-35.,52.5,17.));
#10957=CARTESIAN_POINT('',(-31.,47.5,17.));
#10958=CARTESIAN_POINT('Origin',(-31.,50.,17.));
#10959=CARTESIAN_POINT('',(-23.,47.5,17.));
#10960=CARTESIAN_POINT('',(-43.,47.5,17.));
#10961=CARTESIAN_POINT('',(-23.,17.5,17.));
#10962=CARTESIAN_POINT('',(-23.,47.5,17.));
#10963=CARTESIAN_POINT('',(-31.,17.5,17.));
#10964=CARTESIAN_POINT('',(-23.,17.5,17.));
#10965=CARTESIAN_POINT('',(-31.,12.5,17.));
#10966=CARTESIAN_POINT('Origin',(-31.,15.,17.));
#10967=CARTESIAN_POINT('',(-31.,12.5,17.));
#10968=CARTESIAN_POINT('Origin',(33.,32.5000000000002,17.));
#10969=CARTESIAN_POINT('',(35.0000000178616,9.50000000000005,17.));
#10970=CARTESIAN_POINT('',(40.4772255929375,14.5000000002672,17.));
#10971=CARTESIAN_POINT('Origin',(35.0000000178616,15.,17.));
#10972=CARTESIAN_POINT('',(40.4999999999999,14.5000000002672,17.));
#10973=CARTESIAN_POINT('',(40.4999999999999,14.5000000002672,17.));
#10974=CARTESIAN_POINT('',(45.9999999999999,20.0000000002671,17.));
#10975=CARTESIAN_POINT('Origin',(40.4999999999999,20.0000000002672,17.));
#10976=CARTESIAN_POINT('',(46.,45.0000000006334,17.));
#10977=CARTESIAN_POINT('',(46.,45.0000000006334,17.));
#10978=CARTESIAN_POINT('',(40.5,50.5000000006334,17.));
#10979=CARTESIAN_POINT('Origin',(40.5,45.0000000006334,17.));
#10980=CARTESIAN_POINT('',(40.4772255928558,50.5000000006334,17.));
#10981=CARTESIAN_POINT('',(40.4772255928558,50.5000000006334,17.));
#10982=CARTESIAN_POINT('',(35.0000000178616,55.5000000000001,17.));
#10983=CARTESIAN_POINT('Origin',(35.0000000178616,50.,17.));
#10984=CARTESIAN_POINT('',(31.,55.5,17.));
#10985=CARTESIAN_POINT('',(31.,55.5,17.));
#10986=CARTESIAN_POINT('',(25.5227744249961,50.5000000005279,17.));
#10987=CARTESIAN_POINT('Origin',(31.,50.,17.));
#10988=CARTESIAN_POINT('',(25.5,50.5000000005279,17.));
#10989=CARTESIAN_POINT('',(25.5,50.5000000005279,17.));
#10990=CARTESIAN_POINT('',(20.,45.0000000005279,17.));
#10991=CARTESIAN_POINT('Origin',(25.5,45.0000000005279,17.));
#10992=CARTESIAN_POINT('',(20.,20.0000000062811,17.));
#10993=CARTESIAN_POINT('',(20.,20.0000000062811,17.));
#10994=CARTESIAN_POINT('',(25.5,14.5000000062811,17.));
#10995=CARTESIAN_POINT('Origin',(25.5,20.0000000062811,17.));
#10996=CARTESIAN_POINT('',(25.5227744243751,14.5000000062811,17.));
#10997=CARTESIAN_POINT('',(25.5227744243751,14.5000000062811,17.));
#10998=CARTESIAN_POINT('',(31.,9.50000000000006,17.));
#10999=CARTESIAN_POINT('Origin',(31.,15.,17.));
#11000=CARTESIAN_POINT('',(33.0000000089308,9.50000000000003,17.));
#11001=CARTESIAN_POINT('',(35.0000000357232,52.5,17.));
#11002=CARTESIAN_POINT('',(35.,47.5,17.));
#11003=CARTESIAN_POINT('Origin',(35.0000000178616,50.,17.));
#11004=CARTESIAN_POINT('',(43.,47.5,17.));
#11005=CARTESIAN_POINT('',(23.,47.5,17.));
#11006=CARTESIAN_POINT('',(43.,17.5,17.));
#11007=CARTESIAN_POINT('',(43.,47.5,17.));
#11008=CARTESIAN_POINT('',(35.,17.5,17.));
#11009=CARTESIAN_POINT('',(43.,17.5,17.));
#11010=CARTESIAN_POINT('',(35.,12.5,17.));
#11011=CARTESIAN_POINT('Origin',(35.0000000178616,15.,17.));
#11012=CARTESIAN_POINT('',(31.,12.5,17.));
#11013=CARTESIAN_POINT('',(35.,12.5,17.));
#11014=CARTESIAN_POINT('',(31.,17.5,17.));
#11015=CARTESIAN_POINT('Origin',(31.,15.,17.));
#11016=CARTESIAN_POINT('',(23.,17.5,17.));
#11017=CARTESIAN_POINT('',(43.,17.5,17.));
#11018=CARTESIAN_POINT('',(23.,47.5,17.));
#11019=CARTESIAN_POINT('',(23.,17.5,17.));
#11020=CARTESIAN_POINT('',(31.,47.5,17.));
#11021=CARTESIAN_POINT('',(23.,47.5,17.));
#11022=CARTESIAN_POINT('',(31.,52.5,17.));
#11023=CARTESIAN_POINT('Origin',(31.,50.,17.));
#11024=CARTESIAN_POINT('',(31.,52.5,17.));
#11025=CARTESIAN_POINT('Origin',(33.,-32.2500000000007,17.));
#11026=CARTESIAN_POINT('',(20.,-45.0000000000358,17.));
#11027=CARTESIAN_POINT('',(25.499999999996,-50.5000000000358,17.));
#11028=CARTESIAN_POINT('Origin',(25.5,-45.0000000000358,17.));
#11029=CARTESIAN_POINT('',(25.5227744249511,-50.5000000000358,17.));
#11030=CARTESIAN_POINT('',(25.5227744249511,-50.5000000000358,17.));
#11031=CARTESIAN_POINT('',(28.7087121524954,-54.9999999999937,17.));
#11032=CARTESIAN_POINT('Origin',(31.,-50.0000000000059,17.));
#11033=CARTESIAN_POINT('',(37.2912878653452,-54.9999999999955,17.));
#11034=CARTESIAN_POINT('',(46.6249999997387,-54.9999999999993,17.));
#11035=CARTESIAN_POINT('',(40.4772255929279,-50.4999999996599,17.));
#11036=CARTESIAN_POINT('Origin',(35.0000000178446,-50.0000000000059,17.));
#11037=CARTESIAN_POINT('',(40.5,-50.4999999996599,17.));
#11038=CARTESIAN_POINT('',(40.5,-50.4999999996599,17.));
#11039=CARTESIAN_POINT('',(46.,-44.9999999996599,17.));
#11040=CARTESIAN_POINT('Origin',(40.5,-44.9999999996599,17.));
#11041=CARTESIAN_POINT('',(46.,-19.9999999936805,17.));
#11042=CARTESIAN_POINT('',(46.,-19.9999999936805,17.));
#11043=CARTESIAN_POINT('',(40.5,-14.4999999936805,17.));
#11044=CARTESIAN_POINT('Origin',(40.5,-19.9999999936805,17.));
#11045=CARTESIAN_POINT('',(40.4772255923359,-14.4999999936805,17.));
#11046=CARTESIAN_POINT('',(40.4772255923359,-14.4999999936805,17.));
#11047=CARTESIAN_POINT('',(35.0000000178616,-9.50000000000587,17.));
#11048=CARTESIAN_POINT('Origin',(35.0000000178616,-15.0000000000059,17.));
#11049=CARTESIAN_POINT('',(31.,-9.50000000000588,17.));
#11050=CARTESIAN_POINT('',(31.,-9.50000000000588,17.));
#11051=CARTESIAN_POINT('',(25.5227744249407,-14.5000000000899,17.));
#11052=CARTESIAN_POINT('Origin',(31.,-15.0000000000059,17.));
#11053=CARTESIAN_POINT('',(25.5000000000379,-14.5000000000897,17.));
#11054=CARTESIAN_POINT('',(25.5000000000379,-14.5000000000897,17.));
#11055=CARTESIAN_POINT('',(20.,-20.0000000000896,17.));
#11056=CARTESIAN_POINT('Origin',(25.4999999999999,-20.0000000000896,17.));
#11057=CARTESIAN_POINT('',(20.,-45.0000000000358,17.));
#11058=CARTESIAN_POINT('',(35.0000000357233,-12.5000000000059,17.));
#11059=CARTESIAN_POINT('',(35.,-17.4999999999985,17.));
#11060=CARTESIAN_POINT('Origin',(35.0000000178616,-15.0000000000059,17.));
#11061=CARTESIAN_POINT('',(43.,-17.4999999999975,17.));
#11062=CARTESIAN_POINT('',(23.,-17.5,17.));
#11063=CARTESIAN_POINT('',(43.,-47.5,17.));
#11064=CARTESIAN_POINT('',(43.,-17.4999999999975,17.));
#11065=CARTESIAN_POINT('',(35.0000000178446,-47.5,17.));
#11066=CARTESIAN_POINT('',(43.,-47.5,17.));
#11067=CARTESIAN_POINT('',(35.,-52.5000000000059,17.));
#11068=CARTESIAN_POINT('Origin',(35.0000000178446,-50.0000000000059,17.));
#11069=CARTESIAN_POINT('',(31.,-52.5000000000059,17.));
#11070=CARTESIAN_POINT('',(35.,-52.5000000000059,17.));
#11071=CARTESIAN_POINT('',(31.,-47.5,17.));
#11072=CARTESIAN_POINT('Origin',(31.,-50.0000000000059,17.));
#11073=CARTESIAN_POINT('',(23.,-47.5,17.));
#11074=CARTESIAN_POINT('',(43.,-47.5,17.));
#11075=CARTESIAN_POINT('',(23.,-17.5,17.));
#11076=CARTESIAN_POINT('',(23.,-47.5,17.));
#11077=CARTESIAN_POINT('',(31.,-17.499999999999,17.));
#11078=CARTESIAN_POINT('',(23.,-17.5,17.));
#11079=CARTESIAN_POINT('',(31.,-12.5000000000059,17.));
#11080=CARTESIAN_POINT('Origin',(31.,-15.0000000000059,17.));
#11081=CARTESIAN_POINT('',(31.,-12.5000000000059,17.));
#11082=CARTESIAN_POINT('Origin',(-62.24999999999,-50.,2.));
#11083=CARTESIAN_POINT('',(-65.1444271909625,-49.2111456178995,2.));
#11084=CARTESIAN_POINT('',(-63.3555728089146,-52.7888543820298,2.));
#11085=CARTESIAN_POINT('Origin',(62.2500000000198,-50.,2.));
#11086=CARTESIAN_POINT('',(63.3555728090008,-52.7888543820074,2.));
#11087=CARTESIAN_POINT('',(65.1444271910124,-49.2111456179733,2.));
#11088=CARTESIAN_POINT('Origin',(-58.2499999999585,-48.0000000000034,0.));
#11089=CARTESIAN_POINT('',(-58.2499999999591,-54.9999999999895,0.));
#11090=CARTESIAN_POINT('Origin',(58.2500000000072,-47.9999999999998,0.));
#11091=CARTESIAN_POINT('Origin',(66.7499999999922,-40.,7.2));
#11092=CARTESIAN_POINT('Origin',(68.4999999999922,-40.,12.2));
#11093=CARTESIAN_POINT('',(70.2500000000301,-40.,6.1));
#11094=CARTESIAN_POINT('Origin',(70.2500000000277,-47.9999999999985,0.));
#11095=CARTESIAN_POINT('',(70.2500000000277,-47.9999999999985,0.));
#11096=CARTESIAN_POINT('Origin',(58.2500000000072,-47.9999999999998,0.));
#11097=CARTESIAN_POINT('',(58.2500000000066,-55.0000000000003,0.));
#11098=CARTESIAN_POINT('Origin',(60.2499999994796,-55.0000000000005,0.));
#11099=CARTESIAN_POINT('',(-28.7087121524681,-54.9999999999812,4.99998125701242));
#11100=CARTESIAN_POINT('',(-28.7087121524681,-54.9999999999812,2.));
#11101=CARTESIAN_POINT('',(-37.2912878653806,-54.9999999999793,4.99997910383512));
#11102=CARTESIAN_POINT('',(-3.99999952959419,-54.9999999999945,4.99998745599829));
#11103=CARTESIAN_POINT('',(-37.2912878653806,-54.9999999999793,2.));
#11104=CARTESIAN_POINT('',(37.2912878653452,-54.9999999999955,4.99999781510549));
#11105=CARTESIAN_POINT('',(37.2912878653452,-54.9999999999955,2.));
#11106=CARTESIAN_POINT('',(28.7087121524954,-54.9999999999937,4.99999566189103));
#11107=CARTESIAN_POINT('',(-3.99999952959419,-54.9999999999945,4.99998745599829));
#11108=CARTESIAN_POINT('',(28.7087121524954,-54.9999999999937,2.));
#11109=CARTESIAN_POINT('',(-37.2912878653806,-54.9999999999793,13.0000208961649));
#11110=CARTESIAN_POINT('',(-37.2912878653806,-54.9999999999793,2.));
#11111=CARTESIAN_POINT('',(-28.7087121524681,-54.9999999999812,13.0000187429876));
#11112=CARTESIAN_POINT('',(-3.99999960697432,-54.9999999999945,13.0000125440017));
#11113=CARTESIAN_POINT('',(-28.7087121524681,-54.9999999999812,2.));
#11114=CARTESIAN_POINT('',(28.7087121524954,-54.9999999999937,13.000004338109));
#11115=CARTESIAN_POINT('',(28.7087121524954,-54.9999999999937,2.));
#11116=CARTESIAN_POINT('',(37.2912878653452,-54.9999999999955,13.0000021848945));
#11117=CARTESIAN_POINT('',(-3.99999960697432,-54.9999999999945,13.0000125440017));
#11118=CARTESIAN_POINT('',(37.2912878653452,-54.9999999999955,2.));
#11119=CARTESIAN_POINT('Origin',(-58.2499999999585,-48.0000000000034,0.));
#11120=CARTESIAN_POINT('Origin',(-58.2499999994853,31.6439152567418,0.));
#11121=CARTESIAN_POINT('',(-65.0481120598224,33.3129486348862,0.));
#11122=CARTESIAN_POINT('Origin',(58.2500000000568,31.8401578484274,0.));
#11123=CARTESIAN_POINT('',(65.1103877727977,33.2312292358756,0.));
#11124=CARTESIAN_POINT('Origin',(-20.,53.8999999999989,14.6999999999997));
#11125=CARTESIAN_POINT('',(31.,52.5,13.9999999999999));
#11126=CARTESIAN_POINT('',(30.0202041017705,52.2999999997615,13.8999999999304));
#11127=CARTESIAN_POINT('Origin',(31.,50.,12.75));
#11128=CARTESIAN_POINT('',(26.0040016006618,52.2999999993264,13.8999999998035));
#11129=CARTESIAN_POINT('',(-20.,52.2999999999986,13.8999999999996));
#11130=CARTESIAN_POINT('',(31.,55.5,15.4999999999998));
#11131=CARTESIAN_POINT('Origin',(31.,50.,12.75));
#11132=CARTESIAN_POINT('',(35.0000000178616,55.5000000000001,15.4999999999998));
#11133=CARTESIAN_POINT('',(-20.,55.4999999999992,15.4999999999998));
#11134=CARTESIAN_POINT('',(39.9959984172003,52.2999999993265,13.8999999998035));
#11135=CARTESIAN_POINT('Origin',(35.0000000178616,50.,12.75));
#11136=CARTESIAN_POINT('',(35.9797959160911,52.2999999997615,13.8999999999304));
#11137=CARTESIAN_POINT('',(-20.,52.2999999999986,13.8999999999996));
#11138=CARTESIAN_POINT('',(35.0000000357232,52.5,13.9999999999999));
#11139=CARTESIAN_POINT('Origin',(35.0000000178616,50.,12.75));
#11140=CARTESIAN_POINT('',(5.50000000000003,52.5,14.0000000000001));
#11141=CARTESIAN_POINT('Origin',(35.0000000178616,50.,2.));
#11142=CARTESIAN_POINT('',(35.0000000178616,55.5000000000001,2.));
#11143=CARTESIAN_POINT('',(40.4772255929137,50.5,11.5));
#11144=CARTESIAN_POINT('',(40.4772255928558,50.5000000006334,2.));
#11145=CARTESIAN_POINT('Ctrl Pts',(40.4772255929137,50.5,11.5));
#11146=CARTESIAN_POINT('Ctrl Pts',(40.4772255929137,50.5,11.8129470725054));
#11147=CARTESIAN_POINT('Ctrl Pts',(40.4726499299845,50.5624391551775,12.1467010074261));
#11148=CARTESIAN_POINT('Ctrl Pts',(40.4407330404397,50.8152665175258,12.7597079601989));
#11149=CARTESIAN_POINT('Ctrl Pts',(40.4118686838285,51.0056715574437,13.0388737827859));
#11150=CARTESIAN_POINT('Ctrl Pts',(40.3081371921187,51.4604793457154,13.4984596773177));
#11151=CARTESIAN_POINT('Ctrl Pts',(40.2218545288705,51.7597711551186,13.6967636356506));
#11152=CARTESIAN_POINT('Ctrl Pts',(40.063723678981,52.1483174701604,13.8518431495477));
#11153=CARTESIAN_POINT('Ctrl Pts',(40.0309183253862,52.2241479093272,13.8778764735269));
#11154=CARTESIAN_POINT('Ctrl Pts',(39.9959984169414,52.2999999992166,13.8999999997715));
#11155=CARTESIAN_POINT('Origin',(35.0000000178616,55.5000000000001,2.));
#11156=CARTESIAN_POINT('',(31.,55.5,2.));
#11157=CARTESIAN_POINT('Origin',(31.,50.,2.));
#11158=CARTESIAN_POINT('',(25.5227744249483,50.5,11.5));
#11159=CARTESIAN_POINT('Ctrl Pts',(26.0040016009206,52.2999999992166,13.8999999997715));
#11160=CARTESIAN_POINT('Ctrl Pts',(25.9690816924758,52.2241479093272,13.8778764735269));
#11161=CARTESIAN_POINT('Ctrl Pts',(25.936276338881,52.1483174701604,13.8518431495477));
#11162=CARTESIAN_POINT('Ctrl Pts',(25.7781454889915,51.7597711551186,13.6967636356506));
#11163=CARTESIAN_POINT('Ctrl Pts',(25.6918628257433,51.4604793457154,13.4984596773177));
#11164=CARTESIAN_POINT('Ctrl Pts',(25.5881313340335,51.0056715574437,13.0388737827859));
#11165=CARTESIAN_POINT('Ctrl Pts',(25.5592669774223,50.8152665175258,12.7597079601989));
#11166=CARTESIAN_POINT('Ctrl Pts',(25.5273500878775,50.5624391551775,12.1467010074261));
#11167=CARTESIAN_POINT('Ctrl Pts',(25.5227744249483,50.5,11.8129470725054));
#11168=CARTESIAN_POINT('Ctrl Pts',(25.5227744249483,50.5,11.5));
#11169=CARTESIAN_POINT('',(25.5227744249961,50.5000000005279,2.));
#11170=CARTESIAN_POINT('Origin',(-20.,53.,11.5));
#11171=CARTESIAN_POINT('',(28.5505102572168,50.5,11.5));
#11172=CARTESIAN_POINT('Ctrl Pts',(28.5505102572168,50.5,11.5));
#11173=CARTESIAN_POINT('Ctrl Pts',(28.5505102572168,50.5,11.7757535722338));
#11174=CARTESIAN_POINT('Ctrl Pts',(28.5588064456012,50.5487242030911,12.0716700570708));
#11175=CARTESIAN_POINT('Ctrl Pts',(28.611973738588,50.7468976439849,12.6220909043099));
#11176=CARTESIAN_POINT('Ctrl Pts',(28.6589105018445,50.8963374630348,12.8763971719238));
#11177=CARTESIAN_POINT('Ctrl Pts',(28.8223101567789,51.2439542058111,13.3021389948489));
#11178=CARTESIAN_POINT('Ctrl Pts',(28.9759488031191,51.492240689101,13.5078754899236));
#11179=CARTESIAN_POINT('Ctrl Pts',(29.3697418516068,51.9206139338169,13.7708904717499));
#11180=CARTESIAN_POINT('Ctrl Pts',(29.6534649649798,52.1358426874479,13.8507652124268));
#11181=CARTESIAN_POINT('Ctrl Pts',(29.9906448146139,52.2872386807656,13.8962509248199));
#11182=CARTESIAN_POINT('Ctrl Pts',(30.0053890124462,52.2936887978926,13.8981592327174));
#11183=CARTESIAN_POINT('Ctrl Pts',(30.020204101862,52.2999999995635,13.8999999998727));
#11184=CARTESIAN_POINT('',(-20.,50.5,11.5));
#11185=CARTESIAN_POINT('Origin',(-20.,53.8999999999999,14.7));
#11186=CARTESIAN_POINT('',(-35.,52.5,14.));
#11187=CARTESIAN_POINT('',(-35.979795916088,52.2999999997629,13.8999999999308));
#11188=CARTESIAN_POINT('Origin',(-35.0000000178616,50.,12.75));
#11189=CARTESIAN_POINT('',(-39.9959984171993,52.2999999993278,13.8999999998039));
#11190=CARTESIAN_POINT('',(-20.,52.2999999999999,13.9));
#11191=CARTESIAN_POINT('',(-35.0000000178616,55.5000000000001,15.5));
#11192=CARTESIAN_POINT('Origin',(-35.0000000178616,50.,12.75));
#11193=CARTESIAN_POINT('',(-31.,55.5,15.5));
#11194=CARTESIAN_POINT('',(-20.,55.4999999999999,15.5));
#11195=CARTESIAN_POINT('',(-26.0040016006624,52.2999999993278,13.8999999998039));
#11196=CARTESIAN_POINT('Origin',(-31.,50.,12.75));
#11197=CARTESIAN_POINT('',(-30.0202041017736,52.2999999997629,13.8999999999308));
#11198=CARTESIAN_POINT('',(-20.,52.2999999999999,13.9));
#11199=CARTESIAN_POINT('',(-31.,52.5,14.));
#11200=CARTESIAN_POINT('Origin',(-31.,50.,12.75));
#11201=CARTESIAN_POINT('',(-27.5,52.5,14.));
#11202=CARTESIAN_POINT('Origin',(-31.,50.,2.));
#11203=CARTESIAN_POINT('',(-31.,55.5,2.));
#11204=CARTESIAN_POINT('',(-25.5227744249483,50.5,11.5));
#11205=CARTESIAN_POINT('',(-25.5227744249483,50.5,2.));
#11206=CARTESIAN_POINT('Ctrl Pts',(-25.5227744249483,50.5,11.5));
#11207=CARTESIAN_POINT('Ctrl Pts',(-25.5227744249483,50.5,11.8129470725054));
#11208=CARTESIAN_POINT('Ctrl Pts',(-25.5273500878775,50.5624391551775,12.1467010074261));
#11209=CARTESIAN_POINT('Ctrl Pts',(-25.5592669774223,50.8152665175258,12.7597079601989));
#11210=CARTESIAN_POINT('Ctrl Pts',(-25.5881313340335,51.0056715574437,13.0388737827859));
#11211=CARTESIAN_POINT('Ctrl Pts',(-25.6918628257433,51.4604793457154,13.4984596773177));
#11212=CARTESIAN_POINT('Ctrl Pts',(-25.7781454889915,51.7597711551186,13.6967636356506));
#11213=CARTESIAN_POINT('Ctrl Pts',(-25.9362763388812,52.1483174701608,13.8518431495479));
#11214=CARTESIAN_POINT('Ctrl Pts',(-25.9690816924762,52.2241479093281,13.8778764735272));
#11215=CARTESIAN_POINT('Ctrl Pts',(-26.0040016009212,52.2999999992179,13.8999999997719));
#11216=CARTESIAN_POINT('Origin',(-31.,55.5,2.));
#11217=CARTESIAN_POINT('',(-35.0000000178616,55.5000000000001,2.));
#11218=CARTESIAN_POINT('Origin',(-35.0000000178616,50.,2.));
#11219=CARTESIAN_POINT('',(-40.4772255929133,50.5,11.5));
#11220=CARTESIAN_POINT('Ctrl Pts',(-39.9959984169404,52.2999999992179,13.8999999997719));
#11221=CARTESIAN_POINT('Ctrl Pts',(-40.0309183253854,52.2241479093281,13.8778764735272));
#11222=CARTESIAN_POINT('Ctrl Pts',(-40.0637236789805,52.1483174701608,13.8518431495479));
#11223=CARTESIAN_POINT('Ctrl Pts',(-40.2218545288702,51.7597711551186,13.6967636356506));
#11224=CARTESIAN_POINT('Ctrl Pts',(-40.3081371921183,51.4604793457154,13.4984596773177));
#11225=CARTESIAN_POINT('Ctrl Pts',(-40.4118686838281,51.0056715574437,13.0388737827859));
#11226=CARTESIAN_POINT('Ctrl Pts',(-40.4407330404393,50.8152665175258,12.7597079601989));
#11227=CARTESIAN_POINT('Ctrl Pts',(-40.4726499299841,50.5624391551775,12.1467010074261));
#11228=CARTESIAN_POINT('Ctrl Pts',(-40.4772255929133,50.5,11.8129470725054));
#11229=CARTESIAN_POINT('Ctrl Pts',(-40.4772255929133,50.5,11.5));
#11230=CARTESIAN_POINT('',(-40.4772255927244,50.500000002067,2.));
#11231=CARTESIAN_POINT('Origin',(-20.,53.,11.5));
#11232=CARTESIAN_POINT('',(-37.4494897606448,50.5,11.5));
#11233=CARTESIAN_POINT('Ctrl Pts',(-37.4494897606448,50.5,11.5));
#11234=CARTESIAN_POINT('Ctrl Pts',(-37.4494897606448,50.5,11.7757535722338));
#11235=CARTESIAN_POINT('Ctrl Pts',(-37.4411935722604,50.5487242030911,12.0716700570708));
#11236=CARTESIAN_POINT('Ctrl Pts',(-37.3880262792736,50.7468976439849,12.6220909043099));
#11237=CARTESIAN_POINT('Ctrl Pts',(-37.341089516017,50.8963374630348,12.8763971719238));
#11238=CARTESIAN_POINT('Ctrl Pts',(-37.1776898610827,51.2439542058111,13.3021389948489));
#11239=CARTESIAN_POINT('Ctrl Pts',(-37.0240512147424,51.492240689101,13.5078754899236));
#11240=CARTESIAN_POINT('Ctrl Pts',(-36.6302581662548,51.9206139338169,13.7708904717499));
#11241=CARTESIAN_POINT('Ctrl Pts',(-36.3465350528818,52.1358426874479,13.8507652124268));
#11242=CARTESIAN_POINT('Ctrl Pts',(-36.0093552032467,52.287238680766,13.8962509248201));
#11243=CARTESIAN_POINT('Ctrl Pts',(-35.9946110054134,52.2936887978936,13.8981592327177));
#11244=CARTESIAN_POINT('Ctrl Pts',(-35.9797959159965,52.2999999995648,13.8999999998731));
#11245=CARTESIAN_POINT('',(-20.,50.5,11.5));
#11246=CARTESIAN_POINT('Origin',(-62.1827376005055,34.2015594652808,0.));
#11247=CARTESIAN_POINT('Origin',(62.2500000000025,34.1357632536128,0.));
#11248=CARTESIAN_POINT('Origin',(-60.2499999999543,-47.9999999999943,0.));
#11249=CARTESIAN_POINT('',(-60.2499999999664,-58.,0.));
#11250=CARTESIAN_POINT('Origin',(60.2500000000195,-48.,0.));
#11251=CARTESIAN_POINT('',(60.2500000000121,-57.9999999999999,0.));
#11252=CARTESIAN_POINT('Origin',(-60.2499999999664,-58.,0.));
#11253=CARTESIAN_POINT('Origin',(-20.,53.,6.5));
#11254=CARTESIAN_POINT('',(25.5227744249961,50.5000000005279,6.5));
#11255=CARTESIAN_POINT('',(31.,55.5,6.49999986435189));
#11256=CARTESIAN_POINT('Ctrl Pts',(25.5227744249483,50.5,6.5));
#11257=CARTESIAN_POINT('Ctrl Pts',(25.5227744249483,50.5,6.18705292749464));
#11258=CARTESIAN_POINT('Ctrl Pts',(25.5273500878775,50.5624391551775,5.85329899257386));
#11259=CARTESIAN_POINT('Ctrl Pts',(25.5592669774223,50.8152665175258,5.2402920398011));
#11260=CARTESIAN_POINT('Ctrl Pts',(25.5881313340335,51.0056715574437,4.96112621721415));
#11261=CARTESIAN_POINT('Ctrl Pts',(25.6918628257433,51.4604793457154,4.5015403226823));
#11262=CARTESIAN_POINT('Ctrl Pts',(25.7781454889915,51.7597711551186,4.30323636434937));
#11263=CARTESIAN_POINT('Ctrl Pts',(26.0333208329166,52.3867673398662,4.05298495343186));
#11264=CARTESIAN_POINT('Ctrl Pts',(26.2037348412294,52.7134366899582,4.));
#11265=CARTESIAN_POINT('Ctrl Pts',(26.6036797001733,53.3279882578748,4.));
#11266=CARTESIAN_POINT('Ctrl Pts',(26.8678901534499,53.652391731437,4.06738527988698));
#11267=CARTESIAN_POINT('Ctrl Pts',(27.447967547214,54.2186918739859,4.29590833071129));
#11268=CARTESIAN_POINT('Ctrl Pts',(27.7637246912951,54.4611685401896,4.45588566791106));
#11269=CARTESIAN_POINT('Ctrl Pts',(28.5014081598445,54.9270248526279,4.86529301698637));
#11270=CARTESIAN_POINT('Ctrl Pts',(28.9965434080649,55.1490393311903,5.1732536776886));
#11271=CARTESIAN_POINT('Ctrl Pts',(30.0083701394783,55.4353575407301,5.83092435611775));
#11272=CARTESIAN_POINT('Ctrl Pts',(30.5253734259037,55.4999999942912,6.18000682897705));
#11273=CARTESIAN_POINT('Ctrl Pts',(30.9999999371254,55.5,6.49999995760997));
#11274=CARTESIAN_POINT('',(28.5505102572168,50.5,6.5));
#11275=CARTESIAN_POINT('',(-20.,50.5,6.5));
#11276=CARTESIAN_POINT('',(31.,52.5,4.05051025721682));
#11277=CARTESIAN_POINT('Ctrl Pts',(31.,52.5,4.05051025721682));
#11278=CARTESIAN_POINT('Ctrl Pts',(30.659095346376,52.5,4.05051025721682));
#11279=CARTESIAN_POINT('Ctrl Pts',(30.2984873158702,52.4254620096913,4.0622209841933));
#11280=CARTESIAN_POINT('Ctrl Pts',(29.6534649649798,52.1358426874479,4.14923478757317));
#11281=CARTESIAN_POINT('Ctrl Pts',(29.3697418516068,51.9206139338169,4.22910952825009));
#11282=CARTESIAN_POINT('Ctrl Pts',(28.9759488031192,51.492240689101,4.49212451007642));
#11283=CARTESIAN_POINT('Ctrl Pts',(28.8223101567789,51.2439542058112,4.69786100515112));
#11284=CARTESIAN_POINT('Ctrl Pts',(28.6589105018445,50.8963374630348,5.12360282807625));
#11285=CARTESIAN_POINT('Ctrl Pts',(28.611973738588,50.7468976439849,5.37790909569008));
#11286=CARTESIAN_POINT('Ctrl Pts',(28.5588064456012,50.5487242030912,5.92832994292924));
#11287=CARTESIAN_POINT('Ctrl Pts',(28.5505102572168,50.5,6.22424642776621));
#11288=CARTESIAN_POINT('Ctrl Pts',(28.5505102572168,50.5,6.5));
#11289=CARTESIAN_POINT('',(35.0000000357232,52.5,4.05051025721682));
#11290=CARTESIAN_POINT('',(-20.,52.5,4.05051025721682));
#11291=CARTESIAN_POINT('',(37.4494897606448,50.5,6.5));
#11292=CARTESIAN_POINT('Ctrl Pts',(37.4494897606448,50.5,6.5));
#11293=CARTESIAN_POINT('Ctrl Pts',(37.4494897606448,50.5,6.22424642776621));
#11294=CARTESIAN_POINT('Ctrl Pts',(37.4411935722604,50.5487242030912,5.92832994292924));
#11295=CARTESIAN_POINT('Ctrl Pts',(37.3880262792735,50.7468976439849,5.37790909569008));
#11296=CARTESIAN_POINT('Ctrl Pts',(37.341089516017,50.8963374630348,5.12360282807625));
#11297=CARTESIAN_POINT('Ctrl Pts',(37.1776898610827,51.2439542058112,4.69786100515112));
#11298=CARTESIAN_POINT('Ctrl Pts',(37.0240512147424,51.492240689101,4.49212451007642));
#11299=CARTESIAN_POINT('Ctrl Pts',(36.6302581662548,51.9206139338169,4.22910952825009));
#11300=CARTESIAN_POINT('Ctrl Pts',(36.3465350528818,52.1358426874479,4.14923478757317));
#11301=CARTESIAN_POINT('Ctrl Pts',(35.7015127019914,52.4254620096913,4.0622209841933));
#11302=CARTESIAN_POINT('Ctrl Pts',(35.3409046893472,52.4999999975644,4.050510257714));
#11303=CARTESIAN_POINT('Ctrl Pts',(35.0000000357232,52.5,4.05051025721682));
#11304=CARTESIAN_POINT('',(40.4772255929137,50.5,6.5));
#11305=CARTESIAN_POINT('',(-20.,50.5,6.5));
#11306=CARTESIAN_POINT('',(35.0000000178616,55.5,6.49999986435189));
#11307=CARTESIAN_POINT('Ctrl Pts',(35.0000000807362,55.5,6.49999995760997));
#11308=CARTESIAN_POINT('Ctrl Pts',(35.474626591958,55.4999999942912,6.180006828977));
#11309=CARTESIAN_POINT('Ctrl Pts',(35.9916298783841,55.4353575407304,5.83092435611846));
#11310=CARTESIAN_POINT('Ctrl Pts',(37.0034566097974,55.1490393311904,5.17325367768873));
#11311=CARTESIAN_POINT('Ctrl Pts',(37.4985918580179,54.927024852628,4.86529301698642));
#11312=CARTESIAN_POINT('Ctrl Pts',(38.2362753265672,54.4611685401895,4.45588566791103));
#11313=CARTESIAN_POINT('Ctrl Pts',(38.5520324706482,54.2186918739859,4.29590833071127));
#11314=CARTESIAN_POINT('Ctrl Pts',(39.1321098644122,53.652391731437,4.06738527988698));
#11315=CARTESIAN_POINT('Ctrl Pts',(39.3963203176888,53.3279882578748,4.));
#11316=CARTESIAN_POINT('Ctrl Pts',(39.7950435896637,52.7153137691863,4.));
#11317=CARTESIAN_POINT('Ctrl Pts',(39.9646183419646,52.3908076710068,4.05227921948274));
#11318=CARTESIAN_POINT('Ctrl Pts',(40.2192020988994,51.7672930920651,4.29934394542674));
#11319=CARTESIAN_POINT('Ctrl Pts',(40.3056882788433,51.4693001663493,4.49516592771796));
#11320=CARTESIAN_POINT('Ctrl Pts',(40.4107554647641,51.0122602123628,4.95220588170453));
#11321=CARTESIAN_POINT('Ctrl Pts',(40.4401445180374,50.8194454348972,5.23250054772618));
#11322=CARTESIAN_POINT('Ctrl Pts',(40.4725979254471,50.5633246623595,5.84885721745964));
#11323=CARTESIAN_POINT('Ctrl Pts',(40.4772255929137,50.5,6.18482815527611));
#11324=CARTESIAN_POINT('Ctrl Pts',(40.4772255929137,50.5,6.5));
#11325=CARTESIAN_POINT('',(-20.,55.4999999999992,6.5));
#11326=CARTESIAN_POINT('Origin',(-20.,53.,11.5));
#11327=CARTESIAN_POINT('',(37.4494897606448,50.5,11.5));
#11328=CARTESIAN_POINT('',(-20.,50.5,11.5));
#11329=CARTESIAN_POINT('Ctrl Pts',(35.9797959159996,52.2999999995635,13.8999999998727));
#11330=CARTESIAN_POINT('Ctrl Pts',(35.9946110054154,52.2936887978926,13.8981592327174));
#11331=CARTESIAN_POINT('Ctrl Pts',(36.0093552032477,52.2872386807656,13.8962509248199));
#11332=CARTESIAN_POINT('Ctrl Pts',(36.3465350528818,52.1358426874479,13.8507652124268));
#11333=CARTESIAN_POINT('Ctrl Pts',(36.6302581662548,51.9206139338169,13.7708904717499));
#11334=CARTESIAN_POINT('Ctrl Pts',(37.0240512147424,51.492240689101,13.5078754899236));
#11335=CARTESIAN_POINT('Ctrl Pts',(37.1776898610827,51.2439542058111,13.3021389948489));
#11336=CARTESIAN_POINT('Ctrl Pts',(37.341089516017,50.8963374630348,12.8763971719238));
#11337=CARTESIAN_POINT('Ctrl Pts',(37.3880262792736,50.7468976439849,12.6220909043099));
#11338=CARTESIAN_POINT('Ctrl Pts',(37.4411935722604,50.5487242030911,12.0716700570708));
#11339=CARTESIAN_POINT('Ctrl Pts',(37.4494897606448,50.5,11.7757535722338));
#11340=CARTESIAN_POINT('Ctrl Pts',(37.4494897606448,50.5,11.5));
#11341=CARTESIAN_POINT('Origin',(-20.,53.,11.5));
#11342=CARTESIAN_POINT('',(-28.5505102572168,50.5,11.5));
#11343=CARTESIAN_POINT('',(-20.,50.5,11.5));
#11344=CARTESIAN_POINT('Ctrl Pts',(-30.0202041018651,52.2999999995648,13.8999999998731));
#11345=CARTESIAN_POINT('Ctrl Pts',(-30.0053890124482,52.2936887978935,13.8981592327177));
#11346=CARTESIAN_POINT('Ctrl Pts',(-29.9906448146149,52.287238680766,13.8962509248201));
#11347=CARTESIAN_POINT('Ctrl Pts',(-29.6534649649798,52.1358426874479,13.8507652124268));
#11348=CARTESIAN_POINT('Ctrl Pts',(-29.3697418516068,51.9206139338169,13.7708904717499));
#11349=CARTESIAN_POINT('Ctrl Pts',(-28.9759488031191,51.492240689101,13.5078754899236));
#11350=CARTESIAN_POINT('Ctrl Pts',(-28.8223101567789,51.2439542058111,13.3021389948489));
#11351=CARTESIAN_POINT('Ctrl Pts',(-28.6589105018445,50.8963374630348,12.8763971719238));
#11352=CARTESIAN_POINT('Ctrl Pts',(-28.611973738588,50.7468976439849,12.6220909043099));
#11353=CARTESIAN_POINT('Ctrl Pts',(-28.5588064456012,50.5487242030911,12.0716700570708));
#11354=CARTESIAN_POINT('Ctrl Pts',(-28.5505102572168,50.5,11.7757535722338));
#11355=CARTESIAN_POINT('Ctrl Pts',(-28.5505102572168,50.5,11.5));
#11356=CARTESIAN_POINT('Origin',(-20.,53.,6.5));
#11357=CARTESIAN_POINT('',(-31.,55.5,6.5));
#11358=CARTESIAN_POINT('',(-25.5227744249483,50.5,6.5));
#11359=CARTESIAN_POINT('Ctrl Pts',(-31.,55.5,6.5));
#11360=CARTESIAN_POINT('Ctrl Pts',(-30.525373488757,55.5,6.18000687139859));
#11361=CARTESIAN_POINT('Ctrl Pts',(-30.0083701394783,55.4353575407301,5.83092435611776));
#11362=CARTESIAN_POINT('Ctrl Pts',(-28.9965434080649,55.1490393311903,5.17325367768859));
#11363=CARTESIAN_POINT('Ctrl Pts',(-28.5014081598445,54.9270248526279,4.86529301698637));
#11364=CARTESIAN_POINT('Ctrl Pts',(-27.7637246912951,54.4611685401896,4.45588566791106));
#11365=CARTESIAN_POINT('Ctrl Pts',(-27.447967547214,54.2186918739859,4.2959083307113));
#11366=CARTESIAN_POINT('Ctrl Pts',(-26.8678901534499,53.652391731437,4.06738527988699));
#11367=CARTESIAN_POINT('Ctrl Pts',(-26.6036797001733,53.3279882578748,4.));
#11368=CARTESIAN_POINT('Ctrl Pts',(-26.2037348412294,52.7134366899582,4.));
#11369=CARTESIAN_POINT('Ctrl Pts',(-26.0333208329166,52.3867673398662,4.05298495343186));
#11370=CARTESIAN_POINT('Ctrl Pts',(-25.7781454889915,51.7597711551186,4.30323636434937));
#11371=CARTESIAN_POINT('Ctrl Pts',(-25.6918628257433,51.4604793457154,4.5015403226823));
#11372=CARTESIAN_POINT('Ctrl Pts',(-25.5881313340335,51.0056715574437,4.96112621721415));
#11373=CARTESIAN_POINT('Ctrl Pts',(-25.5592669774223,50.8152665175258,5.2402920398011));
#11374=CARTESIAN_POINT('Ctrl Pts',(-25.5273500878775,50.5624391551775,5.85329899257386));
#11375=CARTESIAN_POINT('Ctrl Pts',(-25.5227744249483,50.5,6.18705292749464));
#11376=CARTESIAN_POINT('Ctrl Pts',(-25.5227744249483,50.5,6.5));
#11377=CARTESIAN_POINT('',(-35.0000000178616,55.5,6.49999986435189));
#11378=CARTESIAN_POINT('',(-20.,55.4999999999999,6.5));
#11379=CARTESIAN_POINT('',(-40.4772255929133,50.5,6.5));
#11380=CARTESIAN_POINT('Ctrl Pts',(-40.4772255929133,50.5,6.5));
#11381=CARTESIAN_POINT('Ctrl Pts',(-40.4772255929133,50.5,6.18705292749464));
#11382=CARTESIAN_POINT('Ctrl Pts',(-40.4726499299841,50.5624391551775,5.85329899257386));
#11383=CARTESIAN_POINT('Ctrl Pts',(-40.4407330404393,50.8152665175258,5.2402920398011));
#11384=CARTESIAN_POINT('Ctrl Pts',(-40.4118686838281,51.0056715574437,4.96112621721415));
#11385=CARTESIAN_POINT('Ctrl Pts',(-40.3081371921183,51.4604793457154,4.5015403226823));
#11386=CARTESIAN_POINT('Ctrl Pts',(-40.2218545288702,51.7597711551186,4.30323636434937));
#11387=CARTESIAN_POINT('Ctrl Pts',(-39.966679184945,52.3867673398662,4.05298495343186));
#11388=CARTESIAN_POINT('Ctrl Pts',(-39.7962651766323,52.7134366899582,4.));
#11389=CARTESIAN_POINT('Ctrl Pts',(-39.3963203176883,53.3279882578748,4.));
#11390=CARTESIAN_POINT('Ctrl Pts',(-39.1321098644118,53.652391731437,4.06738527988698));
#11391=CARTESIAN_POINT('Ctrl Pts',(-38.5520324706477,54.2186918739859,4.29590833071129));
#11392=CARTESIAN_POINT('Ctrl Pts',(-38.2362753265666,54.4611685401896,4.45588566791106));
#11393=CARTESIAN_POINT('Ctrl Pts',(-37.4985918580172,54.927024852628,4.86529301698637));
#11394=CARTESIAN_POINT('Ctrl Pts',(-37.0034566097968,55.1490393311903,5.17325367768859));
#11395=CARTESIAN_POINT('Ctrl Pts',(-35.9916298783834,55.4353575407302,5.83092435611782));
#11396=CARTESIAN_POINT('Ctrl Pts',(-35.4746265919579,55.4999999942912,6.18000682897705));
#11397=CARTESIAN_POINT('Ctrl Pts',(-35.0000000807362,55.5,6.49999995760997));
#11398=CARTESIAN_POINT('',(-37.4494897606448,50.5,6.5));
#11399=CARTESIAN_POINT('',(-20.,50.5,6.5));
#11400=CARTESIAN_POINT('',(-35.,52.5,4.05051025721682));
#11401=CARTESIAN_POINT('Ctrl Pts',(-35.0000000178616,52.5,4.05051025721682));
#11402=CARTESIAN_POINT('Ctrl Pts',(-35.3409046714856,52.5,4.05051025721682));
#11403=CARTESIAN_POINT('Ctrl Pts',(-35.7015127019914,52.4254620096913,4.0622209841933));
#11404=CARTESIAN_POINT('Ctrl Pts',(-36.3465350528818,52.1358426874479,4.14923478757317));
#11405=CARTESIAN_POINT('Ctrl Pts',(-36.6302581662548,51.9206139338169,4.22910952825009));
#11406=CARTESIAN_POINT('Ctrl Pts',(-37.0240512147424,51.492240689101,4.49212451007642));
#11407=CARTESIAN_POINT('Ctrl Pts',(-37.1776898610827,51.2439542058112,4.69786100515112));
#11408=CARTESIAN_POINT('Ctrl Pts',(-37.341089516017,50.8963374630348,5.12360282807625));
#11409=CARTESIAN_POINT('Ctrl Pts',(-37.3880262792735,50.7468976439849,5.37790909569008));
#11410=CARTESIAN_POINT('Ctrl Pts',(-37.4411935722604,50.5487242030912,5.92832994292924));
#11411=CARTESIAN_POINT('Ctrl Pts',(-37.4494897606448,50.5,6.22424642776621));
#11412=CARTESIAN_POINT('Ctrl Pts',(-37.4494897606448,50.5,6.5));
#11413=CARTESIAN_POINT('',(-31.,52.5,4.05051025721682));
#11414=CARTESIAN_POINT('',(-20.,52.5,4.05051025721682));
#11415=CARTESIAN_POINT('',(-28.5505102572168,50.5,6.5));
#11416=CARTESIAN_POINT('Ctrl Pts',(-28.5505102572168,50.5,6.5));
#11417=CARTESIAN_POINT('Ctrl Pts',(-28.5505102572168,50.5,6.22424642776621));
#11418=CARTESIAN_POINT('Ctrl Pts',(-28.5588064456012,50.5487242030912,5.92832994292924));
#11419=CARTESIAN_POINT('Ctrl Pts',(-28.611973738588,50.7468976439849,5.37790909569008));
#11420=CARTESIAN_POINT('Ctrl Pts',(-28.6589105018445,50.8963374630348,5.12360282807625));
#11421=CARTESIAN_POINT('Ctrl Pts',(-28.8223101567789,51.2439542058112,4.69786100515112));
#11422=CARTESIAN_POINT('Ctrl Pts',(-28.9759488031192,51.492240689101,4.49212451007642));
#11423=CARTESIAN_POINT('Ctrl Pts',(-29.3697418516068,51.9206139338169,4.22910952825009));
#11424=CARTESIAN_POINT('Ctrl Pts',(-29.6534649649798,52.1358426874479,4.14923478757317));
#11425=CARTESIAN_POINT('Ctrl Pts',(-30.2984873158702,52.4254620096913,4.0622209841933));
#11426=CARTESIAN_POINT('Ctrl Pts',(-30.659095346376,52.5,4.05051025721682));
#11427=CARTESIAN_POINT('Ctrl Pts',(-31.,52.5,4.05051025721682));
#11428=CARTESIAN_POINT('',(-20.,50.5,6.5));
#11429=CARTESIAN_POINT('Origin',(-35.0000000178616,50.,2.));
#11430=CARTESIAN_POINT('',(-35.0000000178616,55.5000000000001,2.));
#11431=CARTESIAN_POINT('',(-40.4772255927244,50.500000002067,2.));
#11432=CARTESIAN_POINT('Origin',(-31.,55.5,2.));
#11433=CARTESIAN_POINT('',(-31.,55.5,2.));
#11434=CARTESIAN_POINT('Origin',(35.0000000178616,50.,2.));
#11435=CARTESIAN_POINT('',(40.4772255928558,50.5000000006334,2.));
#11436=CARTESIAN_POINT('',(35.0000000178616,55.5000000000001,2.));
#11437=CARTESIAN_POINT('Origin',(35.0000000178616,55.5000000000001,2.));
#11438=CARTESIAN_POINT('',(31.,55.5,2.));
#11439=CARTESIAN_POINT('Origin',(31.,50.,2.));
#11440=CARTESIAN_POINT('',(25.5227744249961,50.5000000005279,2.));
#11441=CARTESIAN_POINT('Origin',(25.5227744249961,50.5000000005279,2.));
#11442=CARTESIAN_POINT('',(25.5,50.5000000005279,2.));
#11443=CARTESIAN_POINT('',(28.5505102572168,50.5,2.));
#11444=CARTESIAN_POINT('Origin',(-31.,50.,2.));
#11445=CARTESIAN_POINT('',(-28.5505102572168,50.5,2.));
#11446=CARTESIAN_POINT('',(-31.,52.5,2.));
#11447=CARTESIAN_POINT('',(-31.,47.5,12.));
#11448=CARTESIAN_POINT('',(-31.,47.5,2.));
#11449=CARTESIAN_POINT('',(-31.,47.5,2.));
#11450=CARTESIAN_POINT('',(-31.,52.5,2.));
#11451=CARTESIAN_POINT('Origin',(-35.,52.5,2.));
#11452=CARTESIAN_POINT('',(-35.,52.5,2.));
#11453=CARTESIAN_POINT('Origin',(-35.,52.5,2.));
#11454=CARTESIAN_POINT('',(-35.,52.5,2.));
#11455=CARTESIAN_POINT('Origin',(31.,50.,2.));
#11456=CARTESIAN_POINT('',(31.,52.5,2.));
#11457=CARTESIAN_POINT('',(31.,47.5,12.));
#11458=CARTESIAN_POINT('',(31.,47.5,2.));
#11459=CARTESIAN_POINT('',(31.,47.5,2.));
#11460=CARTESIAN_POINT('',(31.,52.5,2.));
#11461=CARTESIAN_POINT('Origin',(31.,52.5,2.));
#11462=CARTESIAN_POINT('',(35.0000000357232,52.5,2.));
#11463=CARTESIAN_POINT('Origin',(31.,52.5,2.));
#11464=CARTESIAN_POINT('',(35.0000000357232,52.5,2.));
#11465=CARTESIAN_POINT('Origin',(-31.,9.50000000000588,4.));
#11466=CARTESIAN_POINT('',(-35.0000000571572,12.5,4.));
#11467=CARTESIAN_POINT('',(-31.,12.5,4.));
#11468=CARTESIAN_POINT('',(-31.,12.5,4.));
#11469=CARTESIAN_POINT('',(-35.0000000571572,9.50000000000588,4.));
#11470=CARTESIAN_POINT('',(-35.0000000571572,9.50000000000588,4.));
#11471=CARTESIAN_POINT('',(-31.,9.50000000000588,4.));
#11472=CARTESIAN_POINT('',(-33.0000000089308,9.50000000000002,4.));
#11473=CARTESIAN_POINT('',(-31.,9.50000000000588,4.));
#11474=CARTESIAN_POINT('Origin',(-33.0000000285786,14.5000000000059,6.5));
#11475=CARTESIAN_POINT('',(-28.5505102572156,14.5000000000059,6.00000000000599));
#11476=CARTESIAN_POINT('',(-28.5505102572156,14.5000000000059,6.99999999999401));
#11477=CARTESIAN_POINT('',(-28.5505102572156,14.5000000000059,2.));
#11478=CARTESIAN_POINT('Origin',(-31.,14.5000000000059,6.5));
#11479=CARTESIAN_POINT('Origin',(-31.,9.50000000000588,6.5));
#11480=CARTESIAN_POINT('',(-31.,9.50000000000588,9.));
#11481=CARTESIAN_POINT('Ctrl Pts',(-31.,9.50000000000002,9.));
#11482=CARTESIAN_POINT('Ctrl Pts',(-30.6812079868548,9.50000000000002,9.));
#11483=CARTESIAN_POINT('Ctrl Pts',(-30.3442273238325,9.5303177240031,8.9353441885678));
#11484=CARTESIAN_POINT('Ctrl Pts',(-29.7294972740417,9.63965627994481,8.67870642614861));
#11485=CARTESIAN_POINT('Ctrl Pts',(-29.4514282050466,9.71743365150768,8.48696211097929));
#11486=CARTESIAN_POINT('Ctrl Pts',(-29.0126484148077,9.86636521665426,8.04818232074046));
#11487=CARTESIAN_POINT('Ctrl Pts',(-28.8211947227827,9.94799521078617,7.77025265418485));
#11488=CARTESIAN_POINT('Ctrl Pts',(-28.5647856965372,10.0664740917927,7.15609708278168));
#11489=CARTESIAN_POINT('Ctrl Pts',(-28.5,10.1010205144336,6.81935845480184));
#11490=CARTESIAN_POINT('Ctrl Pts',(-28.5,10.1010205144336,6.18064154519816));
#11491=CARTESIAN_POINT('Ctrl Pts',(-28.5647856965372,10.0664740917927,5.84390291721832));
#11492=CARTESIAN_POINT('Ctrl Pts',(-28.8211947227827,9.94799521078617,5.22974734581515));
#11493=CARTESIAN_POINT('Ctrl Pts',(-29.0126484148077,9.86636521665426,4.95181767925954));
#11494=CARTESIAN_POINT('Ctrl Pts',(-29.4514282050466,9.71743365150769,4.51303788902071));
#11495=CARTESIAN_POINT('Ctrl Pts',(-29.7294972740417,9.63965627994481,4.32129357385139));
#11496=CARTESIAN_POINT('Ctrl Pts',(-30.3442273238325,9.5303177240031,4.0646558114322));
#11497=CARTESIAN_POINT('Ctrl Pts',(-30.6812079868548,9.50000000000002,4.));
#11498=CARTESIAN_POINT('Ctrl Pts',(-31.,9.50000000000002,4.));
#11499=CARTESIAN_POINT('',(-31.,12.5,9.));
#11500=CARTESIAN_POINT('',(-31.,9.50000000000588,9.));
#11501=CARTESIAN_POINT('Origin',(-31.,15.,6.5));
#11502=CARTESIAN_POINT('Origin',(-31.,15.,6.5));
#11503=CARTESIAN_POINT('Origin',(-35.0000000571572,9.50000000000588,9.));
#11504=CARTESIAN_POINT('',(-35.0000000571572,12.5,9.));
#11505=CARTESIAN_POINT('',(-33.0000000285786,12.5,9.));
#11506=CARTESIAN_POINT('',(-35.0000000571572,9.50000000000588,9.));
#11507=CARTESIAN_POINT('',(-35.0000000375094,9.50000000000002,9.));
#11508=CARTESIAN_POINT('',(-35.0000000571572,9.50000000000588,9.));
#11509=CARTESIAN_POINT('Origin',(-35.0000000571572,9.50000000000588,6.5));
#11510=CARTESIAN_POINT('Ctrl Pts',(-35.0000000571572,9.50000000000003,4.));
#11511=CARTESIAN_POINT('Ctrl Pts',(-35.3187920707347,9.50000000227768,4.));
#11512=CARTESIAN_POINT('Ctrl Pts',(-35.6557727339606,9.53031772876404,4.06465581158973));
#11513=CARTESIAN_POINT('Ctrl Pts',(-36.2705027838594,9.63965628940785,4.32129357426987));
#11514=CARTESIAN_POINT('Ctrl Pts',(-36.5485718527704,9.71743366319748,4.51303788953473));
#11515=CARTESIAN_POINT('Ctrl Pts',(-36.987351642631,9.8663652319629,4.9518176796871));
#11516=CARTESIAN_POINT('Ctrl Pts',(-37.1788053344805,9.94799522776689,5.2297473460364));
#11517=CARTESIAN_POINT('Ctrl Pts',(-37.4352143605868,10.0664741111603,5.84390291717137));
#11518=CARTESIAN_POINT('Ctrl Pts',(-37.5000000571572,10.1010205344866,6.18064154510536));
#11519=CARTESIAN_POINT('Ctrl Pts',(-37.5000000571572,10.1010205344866,6.5));
#11520=CARTESIAN_POINT('Ctrl Pts',(-37.5000000571572,10.1010205344866,6.81935845489464));
#11521=CARTESIAN_POINT('Ctrl Pts',(-37.4352143605868,10.0664741111603,7.15609708282863));
#11522=CARTESIAN_POINT('Ctrl Pts',(-37.1788053344805,9.94799522776689,7.77025265396359));
#11523=CARTESIAN_POINT('Ctrl Pts',(-36.987351642631,9.8663652319629,8.0481823203129));
#11524=CARTESIAN_POINT('Ctrl Pts',(-36.5485718527704,9.71743366319748,8.48696211046527));
#11525=CARTESIAN_POINT('Ctrl Pts',(-36.2705027838594,9.63965628940785,8.67870642573012));
#11526=CARTESIAN_POINT('Ctrl Pts',(-35.6557727339606,9.53031772876404,8.93534418841027));
#11527=CARTESIAN_POINT('Ctrl Pts',(-35.3187920707347,9.50000000227769,8.99999999999999));
#11528=CARTESIAN_POINT('Ctrl Pts',(-35.0000000571572,9.50000000000003,8.99999999999999));
#11529=CARTESIAN_POINT('',(-37.449489760646,14.5000000000059,5.9999998074977));
#11530=CARTESIAN_POINT('Origin',(-35.0000000571572,15.,6.5));
#11531=CARTESIAN_POINT('',(-37.449489760646,14.5000000000059,7.0000001925023));
#11532=CARTESIAN_POINT('Origin',(-35.0000000571572,14.5000000000059,6.5));
#11533=CARTESIAN_POINT('Origin',(-35.0000000571572,15.,6.5));
#11534=CARTESIAN_POINT('Origin',(-33.0000000285786,14.5000000000059,6.5));
#11535=CARTESIAN_POINT('',(-37.449489760646,14.5000000000059,2.));
#11536=CARTESIAN_POINT('Origin',(-31.,15.,2.));
#11537=CARTESIAN_POINT('',(-31.,9.50000000000002,2.));
#11538=CARTESIAN_POINT('',(-25.522774424873,14.5000000008248,2.));
#11539=CARTESIAN_POINT('',(-31.,9.50000000000002,2.));
#11540=CARTESIAN_POINT('Origin',(-35.0000000178616,9.50000000000002,2.));
#11541=CARTESIAN_POINT('',(-35.0000000178616,9.50000000000002,2.));
#11542=CARTESIAN_POINT('Origin',(-35.0000000178616,9.50000000000002,2.));
#11543=CARTESIAN_POINT('',(-35.0000000178616,9.50000000000002,2.));
#11544=CARTESIAN_POINT('Origin',(-31.,15.,2.));
#11545=CARTESIAN_POINT('',(-31.,12.5,2.));
#11546=CARTESIAN_POINT('',(-31.,17.5,12.));
#11547=CARTESIAN_POINT('',(-31.,17.5,2.));
#11548=CARTESIAN_POINT('',(-31.,17.5,2.));
#11549=CARTESIAN_POINT('',(-31.,12.5,2.));
#11550=CARTESIAN_POINT('Origin',(-31.,12.5,2.));
#11551=CARTESIAN_POINT('',(-35.0000000357232,12.5,2.));
#11552=CARTESIAN_POINT('Origin',(-31.,12.5,2.));
#11553=CARTESIAN_POINT('',(-35.0000000357232,12.5,2.));
#11554=CARTESIAN_POINT('Origin',(-35.0000000571572,-9.50000000000588,6.5));
#11555=CARTESIAN_POINT('',(-35.0000000571572,-9.50000000000588,9.));
#11556=CARTESIAN_POINT('',(-35.0000000571572,-9.50000000000588,4.));
#11557=CARTESIAN_POINT('Ctrl Pts',(-35.0000000571572,-9.50000000000587,
8.99999999999999));
#11558=CARTESIAN_POINT('Ctrl Pts',(-35.3187920707347,-9.50000000228353,
8.99999999999999));
#11559=CARTESIAN_POINT('Ctrl Pts',(-35.6557727339606,-9.53031772876989,
8.93534418841027));
#11560=CARTESIAN_POINT('Ctrl Pts',(-36.2705027838594,-9.6396562894137,8.67870642573012));
#11561=CARTESIAN_POINT('Ctrl Pts',(-36.5485718527704,-9.71743366320332,
8.48696211046527));
#11562=CARTESIAN_POINT('Ctrl Pts',(-36.987351642631,-9.86636523196874,8.04818232031289));
#11563=CARTESIAN_POINT('Ctrl Pts',(-37.1788053344805,-9.94799522777273,
7.77025265396359));
#11564=CARTESIAN_POINT('Ctrl Pts',(-37.4352143605868,-10.0664741111662,
7.15609708282863));
#11565=CARTESIAN_POINT('Ctrl Pts',(-37.5000000571572,-10.1010205344924,
6.81935845489464));
#11566=CARTESIAN_POINT('Ctrl Pts',(-37.5000000571572,-10.1010205344924,
6.5));
#11567=CARTESIAN_POINT('Ctrl Pts',(-37.5000000571572,-10.1010205344924,
6.18064154510536));
#11568=CARTESIAN_POINT('Ctrl Pts',(-37.4352143605868,-10.0664741111662,
5.84390291717137));
#11569=CARTESIAN_POINT('Ctrl Pts',(-37.1788053344805,-9.94799522777273,
5.2297473460364));
#11570=CARTESIAN_POINT('Ctrl Pts',(-36.987351642631,-9.86636523196874,4.9518176796871));
#11571=CARTESIAN_POINT('Ctrl Pts',(-36.5485718527704,-9.71743366320332,
4.51303788953473));
#11572=CARTESIAN_POINT('Ctrl Pts',(-36.2705027838594,-9.63965628941369,
4.32129357426987));
#11573=CARTESIAN_POINT('Ctrl Pts',(-35.6557727339606,-9.53031772876989,
4.06465581158972));
#11574=CARTESIAN_POINT('Ctrl Pts',(-35.3187920707347,-9.50000000228353,
4.));
#11575=CARTESIAN_POINT('Ctrl Pts',(-35.0000000571572,-9.50000000000587,
4.));
#11576=CARTESIAN_POINT('',(-35.0000000571572,-12.5000000000059,9.));
#11577=CARTESIAN_POINT('',(-35.0000000571572,-9.50000000000588,9.));
#11578=CARTESIAN_POINT('',(-37.4494897606448,-14.5000000000059,7.00000019250807));
#11579=CARTESIAN_POINT('Origin',(-35.0000000571572,-15.0000000000059,6.5));
#11580=CARTESIAN_POINT('',(-37.4494897606448,-14.5000000000059,5.99999980749193));
#11581=CARTESIAN_POINT('Origin',(-35.0000000571572,-14.5000000000059,6.5));
#11582=CARTESIAN_POINT('',(-35.0000000571572,-12.5000000000059,4.));
#11583=CARTESIAN_POINT('Origin',(-35.0000000571572,-15.0000000000059,6.5));
#11584=CARTESIAN_POINT('',(-35.0000000571572,-9.50000000000588,4.));
#11585=CARTESIAN_POINT('Origin',(-33.0000000285786,-14.5000000000059,6.5));
#11586=CARTESIAN_POINT('',(-28.5505102572168,-14.5000000000059,7.00000000000002));
#11587=CARTESIAN_POINT('',(-28.5505102572168,-14.5000000000059,5.99999999999998));
#11588=CARTESIAN_POINT('',(-28.5505102572168,-14.5000000000059,2.));
#11589=CARTESIAN_POINT('Origin',(-31.,-14.5000000000059,6.5));
#11590=CARTESIAN_POINT('Origin',(-33.0000000285786,-14.5000000000059,6.5));
#11591=CARTESIAN_POINT('',(-37.4494897606448,-14.5000000000059,2.));
#11592=CARTESIAN_POINT('Origin',(-35.0000000571572,-9.50000000000588,9.));
#11593=CARTESIAN_POINT('',(-31.,-12.5000000000059,9.));
#11594=CARTESIAN_POINT('',(-35.0000000285786,-12.5000000000059,9.));
#11595=CARTESIAN_POINT('',(-31.,-9.50000000000588,9.));
#11596=CARTESIAN_POINT('',(-33.0000000285786,-9.50000000000588,9.));
#11597=CARTESIAN_POINT('',(-31.,-9.50000000000588,9.));
#11598=CARTESIAN_POINT('Origin',(-31.,-9.50000000000588,4.));
#11599=CARTESIAN_POINT('',(-31.,-12.5000000000059,4.));
#11600=CARTESIAN_POINT('',(-33.,-12.5000000000059,4.));
#11601=CARTESIAN_POINT('',(-31.,-9.50000000000588,4.));
#11602=CARTESIAN_POINT('',(-31.,-9.50000000000588,4.));
#11603=CARTESIAN_POINT('',(-31.,-9.50000000000588,4.));
#11604=CARTESIAN_POINT('Origin',(-31.,-9.50000000000588,6.5));
#11605=CARTESIAN_POINT('Ctrl Pts',(-31.,-9.5000000000059,4.));
#11606=CARTESIAN_POINT('Ctrl Pts',(-30.6812079868548,-9.5000000000059,4.));
#11607=CARTESIAN_POINT('Ctrl Pts',(-30.3442273238325,-9.53031772400898,
4.0646558114322));
#11608=CARTESIAN_POINT('Ctrl Pts',(-29.7294972740417,-9.6396562799507,4.32129357385139));
#11609=CARTESIAN_POINT('Ctrl Pts',(-29.4514282050466,-9.71743365151358,
4.51303788902071));
#11610=CARTESIAN_POINT('Ctrl Pts',(-29.0126484148077,-9.86636521666015,
4.95181767925954));
#11611=CARTESIAN_POINT('Ctrl Pts',(-28.8211947227827,-9.94799521079207,
5.22974734581515));
#11612=CARTESIAN_POINT('Ctrl Pts',(-28.5647856965372,-10.0664740917986,
5.84390291721832));
#11613=CARTESIAN_POINT('Ctrl Pts',(-28.5,-10.1010205144395,6.18064154519816));
#11614=CARTESIAN_POINT('Ctrl Pts',(-28.5,-10.1010205144395,6.81935845480184));
#11615=CARTESIAN_POINT('Ctrl Pts',(-28.5647856965372,-10.0664740917986,
7.15609708278168));
#11616=CARTESIAN_POINT('Ctrl Pts',(-28.8211947227827,-9.94799521079207,
7.77025265418485));
#11617=CARTESIAN_POINT('Ctrl Pts',(-29.0126484148077,-9.86636521666015,
8.04818232074046));
#11618=CARTESIAN_POINT('Ctrl Pts',(-29.4514282050466,-9.71743365151358,
8.48696211097929));
#11619=CARTESIAN_POINT('Ctrl Pts',(-29.7294972740416,-9.6396562799507,8.6787064261486));
#11620=CARTESIAN_POINT('Ctrl Pts',(-30.3442273238325,-9.53031772400898,
8.9353441885678));
#11621=CARTESIAN_POINT('Ctrl Pts',(-30.6812079868548,-9.5000000000059,9.));
#11622=CARTESIAN_POINT('Ctrl Pts',(-31.,-9.5000000000059,9.));
#11623=CARTESIAN_POINT('Origin',(-31.,-15.0000000000059,6.5));
#11624=CARTESIAN_POINT('Origin',(-31.,-15.0000000000059,6.5));
#11625=CARTESIAN_POINT('Origin',(-35.0000000178616,-15.0000000000059,2.));
#11626=CARTESIAN_POINT('',(-35.0000000178616,-9.50000000000587,2.));
#11627=CARTESIAN_POINT('',(-40.4772255930089,-14.5000000010534,2.));
#11628=CARTESIAN_POINT('',(-35.0000000178616,-9.50000000000587,2.));
#11629=CARTESIAN_POINT('Origin',(-31.,-9.50000000000588,2.));
#11630=CARTESIAN_POINT('',(-31.,-9.50000000000588,2.));
#11631=CARTESIAN_POINT('Origin',(-31.,-9.50000000000588,2.));
#11632=CARTESIAN_POINT('',(-31.,-9.50000000000588,2.));
#11633=CARTESIAN_POINT('Origin',(-35.0000000178616,-15.0000000000059,2.));
#11634=CARTESIAN_POINT('',(-35.,-12.5000000000059,2.));
#11635=CARTESIAN_POINT('',(-35.0000000178616,-17.5000000000059,12.));
#11636=CARTESIAN_POINT('',(-35.,-17.5000000000059,2.));
#11637=CARTESIAN_POINT('',(-35.,-17.5000000000059,2.));
#11638=CARTESIAN_POINT('',(-35.,-12.5000000000059,2.));
#11639=CARTESIAN_POINT('Origin',(-35.,-12.5000000000059,2.));
#11640=CARTESIAN_POINT('',(-31.,-12.5000000000059,2.));
#11641=CARTESIAN_POINT('Origin',(35.0000000571572,9.50000000000588,6.5));
#11642=CARTESIAN_POINT('',(35.0000000571572,9.50000000000588,9.));
#11643=CARTESIAN_POINT('',(35.0000000571572,9.50000000000588,4.));
#11644=CARTESIAN_POINT('Ctrl Pts',(35.0000000571572,9.50000000000005,8.99999999999999));
#11645=CARTESIAN_POINT('Ctrl Pts',(35.3187920707347,9.50000000227771,8.99999999999999));
#11646=CARTESIAN_POINT('Ctrl Pts',(35.6557727339606,9.53031772876406,8.93534418841027));
#11647=CARTESIAN_POINT('Ctrl Pts',(36.2705027838594,9.63965628940787,8.67870642573012));
#11648=CARTESIAN_POINT('Ctrl Pts',(36.5485718527704,9.71743366319751,8.48696211046527));
#11649=CARTESIAN_POINT('Ctrl Pts',(36.987351642631,9.86636523196292,8.0481823203129));
#11650=CARTESIAN_POINT('Ctrl Pts',(37.1788053344805,9.94799522776691,7.7702526539636));
#11651=CARTESIAN_POINT('Ctrl Pts',(37.4352143605868,10.0664741111603,7.15609708282863));
#11652=CARTESIAN_POINT('Ctrl Pts',(37.5000000571572,10.1010205344866,6.81935845489464));
#11653=CARTESIAN_POINT('Ctrl Pts',(37.5000000571572,10.1010205344866,6.5));
#11654=CARTESIAN_POINT('Ctrl Pts',(37.5000000571572,10.1010205344866,6.18064154510536));
#11655=CARTESIAN_POINT('Ctrl Pts',(37.4352143605868,10.0664741111603,5.84390291717137));
#11656=CARTESIAN_POINT('Ctrl Pts',(37.1788053344805,9.94799522776691,5.2297473460364));
#11657=CARTESIAN_POINT('Ctrl Pts',(36.987351642631,9.86636523196292,4.9518176796871));
#11658=CARTESIAN_POINT('Ctrl Pts',(36.5485718527704,9.7174336631975,4.51303788953473));
#11659=CARTESIAN_POINT('Ctrl Pts',(36.2705027838594,9.63965628940787,4.32129357426987));
#11660=CARTESIAN_POINT('Ctrl Pts',(35.6557727339606,9.53031772876406,4.06465581158972));
#11661=CARTESIAN_POINT('Ctrl Pts',(35.3187920707347,9.50000000227771,4.));
#11662=CARTESIAN_POINT('Ctrl Pts',(35.0000000571572,9.50000000000005,4.));
#11663=CARTESIAN_POINT('',(35.0000000571572,12.5,9.));
#11664=CARTESIAN_POINT('',(35.0000000571572,9.50000000000588,9.));
#11665=CARTESIAN_POINT('',(37.449489760646,14.5000000000059,7.0000001925023));
#11666=CARTESIAN_POINT('Origin',(35.0000000571572,15.,6.5));
#11667=CARTESIAN_POINT('',(37.449489760646,14.5000000000059,5.9999998074977));
#11668=CARTESIAN_POINT('Origin',(35.0000000571572,14.5000000000059,6.5));
#11669=CARTESIAN_POINT('',(35.0000000571572,12.5,4.));
#11670=CARTESIAN_POINT('Origin',(35.0000000571572,15.,6.5));
#11671=CARTESIAN_POINT('',(35.0000000571572,9.50000000000588,4.));
#11672=CARTESIAN_POINT('Origin',(33.0000000285786,14.5000000000059,6.5));
#11673=CARTESIAN_POINT('',(28.5505102572156,14.5000000000059,6.99999999999401));
#11674=CARTESIAN_POINT('',(28.5505102572156,14.5000000000059,6.00000000000599));
#11675=CARTESIAN_POINT('',(28.5505102572156,14.5000000000059,2.));
#11676=CARTESIAN_POINT('Origin',(31.,14.5000000000059,6.5));
#11677=CARTESIAN_POINT('Origin',(33.0000000285786,14.5000000000059,6.5));
#11678=CARTESIAN_POINT('',(37.449489760646,14.5000000000059,2.));
#11679=CARTESIAN_POINT('Origin',(35.0000000571572,9.50000000000588,9.));
#11680=CARTESIAN_POINT('',(31.,12.5,9.));
#11681=CARTESIAN_POINT('',(35.0000000285786,12.5,9.));
#11682=CARTESIAN_POINT('',(31.,9.50000000000588,9.));
#11683=CARTESIAN_POINT('',(33.0000000285786,9.50000000000003,9.));
#11684=CARTESIAN_POINT('',(31.,9.50000000000588,9.));
#11685=CARTESIAN_POINT('Origin',(31.,9.50000000000588,4.));
#11686=CARTESIAN_POINT('',(31.,12.5,4.));
#11687=CARTESIAN_POINT('',(33.,12.5,4.));
#11688=CARTESIAN_POINT('',(31.,9.50000000000588,4.));
#11689=CARTESIAN_POINT('',(31.,9.50000000000588,4.));
#11690=CARTESIAN_POINT('',(31.,9.50000000000006,4.));
#11691=CARTESIAN_POINT('Origin',(31.,9.50000000000588,6.5));
#11692=CARTESIAN_POINT('Ctrl Pts',(31.,9.50000000000018,4.));
#11693=CARTESIAN_POINT('Ctrl Pts',(30.6812079868548,9.50000000000018,4.));
#11694=CARTESIAN_POINT('Ctrl Pts',(30.3442273238325,9.53031772400326,4.0646558114322));
#11695=CARTESIAN_POINT('Ctrl Pts',(29.7294972740417,9.63965627994498,4.3212935738514));
#11696=CARTESIAN_POINT('Ctrl Pts',(29.4514282050466,9.71743365150786,4.51303788902071));
#11697=CARTESIAN_POINT('Ctrl Pts',(29.0126484148077,9.86636521665443,4.95181767925954));
#11698=CARTESIAN_POINT('Ctrl Pts',(28.8211947227827,9.94799521078635,5.22974734581515));
#11699=CARTESIAN_POINT('Ctrl Pts',(28.5647856965372,10.0664740917929,5.84390291721832));
#11700=CARTESIAN_POINT('Ctrl Pts',(28.5,10.1010205144338,6.18064154519816));
#11701=CARTESIAN_POINT('Ctrl Pts',(28.5,10.1010205144338,6.81935845480184));
#11702=CARTESIAN_POINT('Ctrl Pts',(28.5647856965372,10.0664740917929,7.15609708278168));
#11703=CARTESIAN_POINT('Ctrl Pts',(28.8211947227827,9.94799521078635,7.77025265418485));
#11704=CARTESIAN_POINT('Ctrl Pts',(29.0126484148077,9.86636521665443,8.04818232074046));
#11705=CARTESIAN_POINT('Ctrl Pts',(29.4514282050466,9.71743365150785,8.48696211097929));
#11706=CARTESIAN_POINT('Ctrl Pts',(29.7294972740416,9.63965627994498,8.6787064261486));
#11707=CARTESIAN_POINT('Ctrl Pts',(30.3442273238325,9.53031772400326,8.9353441885678));
#11708=CARTESIAN_POINT('Ctrl Pts',(30.6812079868548,9.50000000000018,9.));
#11709=CARTESIAN_POINT('Ctrl Pts',(31.,9.50000000000018,9.));
#11710=CARTESIAN_POINT('Origin',(31.,15.,6.5));
#11711=CARTESIAN_POINT('Origin',(31.,15.,6.5));
#11712=CARTESIAN_POINT('Origin',(35.0000000178616,15.,2.));
#11713=CARTESIAN_POINT('',(35.0000000178616,9.50000000000005,2.));
#11714=CARTESIAN_POINT('',(40.4772255929375,14.5000000002672,2.));
#11715=CARTESIAN_POINT('',(35.0000000178616,9.50000000000005,2.));
#11716=CARTESIAN_POINT('Origin',(31.,9.50000000000006,2.));
#11717=CARTESIAN_POINT('',(31.,9.50000000000006,2.));
#11718=CARTESIAN_POINT('Origin',(31.,9.50000000000006,2.));
#11719=CARTESIAN_POINT('',(31.,9.50000000000006,2.));
#11720=CARTESIAN_POINT('Origin',(35.0000000178616,15.,2.));
#11721=CARTESIAN_POINT('',(35.,12.5,2.));
#11722=CARTESIAN_POINT('',(35.0000000178616,17.5,12.));
#11723=CARTESIAN_POINT('',(35.,17.5,2.));
#11724=CARTESIAN_POINT('',(35.,17.5,2.));
#11725=CARTESIAN_POINT('',(35.,12.5,2.));
#11726=CARTESIAN_POINT('Origin',(35.,12.5,2.));
#11727=CARTESIAN_POINT('',(31.,12.5,2.));
#11728=CARTESIAN_POINT('Origin',(31.,-9.50000000000588,4.));
#11729=CARTESIAN_POINT('',(35.0000000571572,-12.5000000000059,4.));
#11730=CARTESIAN_POINT('',(31.,-12.5000000000059,4.));
#11731=CARTESIAN_POINT('',(31.,-12.5000000000059,4.));
#11732=CARTESIAN_POINT('',(35.0000000571572,-9.50000000000588,4.));
#11733=CARTESIAN_POINT('',(35.0000000571572,-9.50000000000588,4.));
#11734=CARTESIAN_POINT('',(31.,-9.50000000000588,4.));
#11735=CARTESIAN_POINT('',(33.0000000089308,-9.50000000000588,4.));
#11736=CARTESIAN_POINT('',(31.,-9.50000000000588,4.));
#11737=CARTESIAN_POINT('Origin',(33.0000000285786,-14.5000000000059,6.5));
#11738=CARTESIAN_POINT('',(28.5505102572168,-14.5000000000059,5.99999999999998));
#11739=CARTESIAN_POINT('',(28.5505102572168,-14.5000000000059,7.00000000000002));
#11740=CARTESIAN_POINT('',(28.5505102572168,-14.5000000000059,2.));
#11741=CARTESIAN_POINT('Origin',(31.,-14.5000000000059,6.5));
#11742=CARTESIAN_POINT('Origin',(31.,-9.50000000000588,6.5));
#11743=CARTESIAN_POINT('',(31.,-9.50000000000588,9.));
#11744=CARTESIAN_POINT('Ctrl Pts',(31.,-9.50000000000588,9.));
#11745=CARTESIAN_POINT('Ctrl Pts',(30.6812079868548,-9.50000000000588,9.));
#11746=CARTESIAN_POINT('Ctrl Pts',(30.3442273238325,-9.53031772400896,8.9353441885678));
#11747=CARTESIAN_POINT('Ctrl Pts',(29.7294972740417,-9.63965627995068,8.6787064261486));
#11748=CARTESIAN_POINT('Ctrl Pts',(29.4514282050466,-9.71743365151356,8.48696211097929));
#11749=CARTESIAN_POINT('Ctrl Pts',(29.0126484148077,-9.86636521666013,8.04818232074046));
#11750=CARTESIAN_POINT('Ctrl Pts',(28.8211947227827,-9.94799521079205,7.77025265418485));
#11751=CARTESIAN_POINT('Ctrl Pts',(28.5647856965372,-10.0664740917986,7.15609708278168));
#11752=CARTESIAN_POINT('Ctrl Pts',(28.5,-10.1010205144395,6.81935845480184));
#11753=CARTESIAN_POINT('Ctrl Pts',(28.5,-10.1010205144395,6.18064154519816));
#11754=CARTESIAN_POINT('Ctrl Pts',(28.5647856965372,-10.0664740917986,5.84390291721832));
#11755=CARTESIAN_POINT('Ctrl Pts',(28.8211947227827,-9.94799521079205,5.22974734581515));
#11756=CARTESIAN_POINT('Ctrl Pts',(29.0126484148077,-9.86636521666013,4.95181767925954));
#11757=CARTESIAN_POINT('Ctrl Pts',(29.4514282050466,-9.71743365151356,4.51303788902071));
#11758=CARTESIAN_POINT('Ctrl Pts',(29.7294972740416,-9.63965627995068,4.3212935738514));
#11759=CARTESIAN_POINT('Ctrl Pts',(30.3442273238325,-9.53031772400896,4.0646558114322));
#11760=CARTESIAN_POINT('Ctrl Pts',(30.6812079868548,-9.50000000000588,4.));
#11761=CARTESIAN_POINT('Ctrl Pts',(31.,-9.50000000000588,4.));
#11762=CARTESIAN_POINT('',(31.,-12.5000000000059,9.));
#11763=CARTESIAN_POINT('',(31.,-9.50000000000588,9.));
#11764=CARTESIAN_POINT('Origin',(31.,-15.0000000000059,6.5));
#11765=CARTESIAN_POINT('Origin',(31.,-15.0000000000059,6.5));
#11766=CARTESIAN_POINT('Origin',(35.0000000571572,-9.50000000000588,9.));
#11767=CARTESIAN_POINT('',(35.0000000571572,-12.5000000000059,9.));
#11768=CARTESIAN_POINT('',(33.0000000285786,-12.5000000000059,9.));
#11769=CARTESIAN_POINT('',(35.0000000571572,-9.50000000000588,9.));
#11770=CARTESIAN_POINT('',(35.0000000375094,-9.50000000000587,9.));
#11771=CARTESIAN_POINT('',(35.0000000571572,-9.50000000000588,9.));
#11772=CARTESIAN_POINT('Origin',(35.0000000571572,-9.50000000000588,6.5));
#11773=CARTESIAN_POINT('Ctrl Pts',(35.0000000571572,-9.50000000000587,4.));
#11774=CARTESIAN_POINT('Ctrl Pts',(35.3187920707347,-9.50000000228353,4.));
#11775=CARTESIAN_POINT('Ctrl Pts',(35.6557727339606,-9.53031772876989,4.06465581158972));
#11776=CARTESIAN_POINT('Ctrl Pts',(36.2705027838594,-9.63965628941369,4.32129357426988));
#11777=CARTESIAN_POINT('Ctrl Pts',(36.5485718527704,-9.71743366320332,4.51303788953473));
#11778=CARTESIAN_POINT('Ctrl Pts',(36.987351642631,-9.86636523196874,4.9518176796871));
#11779=CARTESIAN_POINT('Ctrl Pts',(37.1788053344805,-9.94799522777273,5.22974734603641));
#11780=CARTESIAN_POINT('Ctrl Pts',(37.4352143605868,-10.0664741111662,5.84390291717137));
#11781=CARTESIAN_POINT('Ctrl Pts',(37.5000000571572,-10.1010205344924,6.18064154510536));
#11782=CARTESIAN_POINT('Ctrl Pts',(37.5000000571572,-10.1010205344924,6.5));
#11783=CARTESIAN_POINT('Ctrl Pts',(37.5000000571572,-10.1010205344924,6.81935845489464));
#11784=CARTESIAN_POINT('Ctrl Pts',(37.4352143605868,-10.0664741111662,7.15609708282863));
#11785=CARTESIAN_POINT('Ctrl Pts',(37.1788053344805,-9.94799522777273,7.77025265396359));
#11786=CARTESIAN_POINT('Ctrl Pts',(36.987351642631,-9.86636523196874,8.0481823203129));
#11787=CARTESIAN_POINT('Ctrl Pts',(36.5485718527704,-9.71743366320332,8.48696211046527));
#11788=CARTESIAN_POINT('Ctrl Pts',(36.2705027838594,-9.6396562894137,8.67870642573012));
#11789=CARTESIAN_POINT('Ctrl Pts',(35.6557727339606,-9.53031772876989,8.93534418841027));
#11790=CARTESIAN_POINT('Ctrl Pts',(35.3187920707347,-9.50000000228353,9.));
#11791=CARTESIAN_POINT('Ctrl Pts',(35.0000000571572,-9.50000000000587,8.99999999999999));
#11792=CARTESIAN_POINT('',(37.4494897606448,-14.5000000000059,5.99999980749193));
#11793=CARTESIAN_POINT('Origin',(35.0000000571572,-15.0000000000059,6.5));
#11794=CARTESIAN_POINT('',(37.4494897606448,-14.5000000000059,7.00000019250807));
#11795=CARTESIAN_POINT('Origin',(35.0000000571572,-14.5000000000059,6.5));
#11796=CARTESIAN_POINT('Origin',(35.0000000571572,-15.0000000000059,6.5));
#11797=CARTESIAN_POINT('Origin',(33.0000000285786,-14.5000000000059,6.5));
#11798=CARTESIAN_POINT('',(37.4494897606448,-14.5000000000059,2.));
#11799=CARTESIAN_POINT('Origin',(31.,-15.0000000000059,2.));
#11800=CARTESIAN_POINT('',(31.,-9.50000000000588,2.));
#11801=CARTESIAN_POINT('',(25.5227744249407,-14.5000000000899,2.));
#11802=CARTESIAN_POINT('',(31.,-9.50000000000588,2.));
#11803=CARTESIAN_POINT('Origin',(35.0000000178616,-9.50000000000587,2.));
#11804=CARTESIAN_POINT('',(35.0000000178616,-9.50000000000587,2.));
#11805=CARTESIAN_POINT('Origin',(35.0000000178616,-9.50000000000587,2.));
#11806=CARTESIAN_POINT('',(35.0000000178616,-9.50000000000587,2.));
#11807=CARTESIAN_POINT('Origin',(31.,-15.0000000000059,2.));
#11808=CARTESIAN_POINT('',(31.,-12.5000000000059,2.));
#11809=CARTESIAN_POINT('',(31.0000000000003,-17.499999999999,12.));
#11810=CARTESIAN_POINT('',(31.,-17.499999999999,2.));
#11811=CARTESIAN_POINT('',(31.,-17.499999999999,2.));
#11812=CARTESIAN_POINT('',(31.,-12.5000000000059,2.));
#11813=CARTESIAN_POINT('Origin',(31.,-12.5000000000059,2.));
#11814=CARTESIAN_POINT('',(35.0000000357233,-12.5000000000059,2.));
#11815=CARTESIAN_POINT('Origin',(31.,-12.5000000000059,2.));
#11816=CARTESIAN_POINT('',(35.0000000357233,-12.5000000000059,2.));
#11817=CARTESIAN_POINT('Origin',(46.0000007860496,-53.0000000000196,11.5));
#11818=CARTESIAN_POINT('',(37.449489432213,-50.5000016089008,11.5));
#11819=CARTESIAN_POINT('',(35.,-52.5000000000059,13.949489320287));
#11820=CARTESIAN_POINT('Ctrl Pts',(37.449489432213,-50.5000016089008,11.5));
#11821=CARTESIAN_POINT('Ctrl Pts',(37.449489432213,-50.5000016089008,11.7757534048993));
#11822=CARTESIAN_POINT('Ctrl Pts',(37.4411932192093,-50.5487257552416,12.0716697172027));
#11823=CARTESIAN_POINT('Ctrl Pts',(37.3880258591013,-50.7468989737809,12.6220902748915));
#11824=CARTESIAN_POINT('Ctrl Pts',(37.3410890568894,-50.8963386270767,12.8763964255317));
#11825=CARTESIAN_POINT('Ctrl Pts',(37.1776893912885,-51.2439550030227,13.3021381286937));
#11826=CARTESIAN_POINT('Ctrl Pts',(37.0240507734611,-51.4922412557245,13.5078746297301));
#11827=CARTESIAN_POINT('Ctrl Pts',(36.6302578836913,-51.9206141419911,13.7708897130415));
#11828=CARTESIAN_POINT('Ctrl Pts',(36.3465348998995,-52.1358427567587,13.8507645638412));
#11829=CARTESIAN_POINT('Ctrl Pts',(35.7015128476017,-52.4254619436871,13.9377785374411));
#11830=CARTESIAN_POINT('Ctrl Pts',(35.3409049862616,-52.4999999358606,13.949489320287));
#11831=CARTESIAN_POINT('Ctrl Pts',(35.0000004882496,-52.5000000000059,13.949489320287));
#11832=CARTESIAN_POINT('',(40.4772255929279,-50.4999999996599,11.5));
#11833=CARTESIAN_POINT('',(46.0000007860496,-50.5000000000196,11.5));
#11834=CARTESIAN_POINT('Ctrl Pts',(37.2912878653452,-54.9999999999955,13.0000021848945));
#11835=CARTESIAN_POINT('Ctrl Pts',(37.883395286632,-54.7286622922331,13.3617848233013));
#11836=CARTESIAN_POINT('Ctrl Pts',(38.4045276900043,-54.3623999407144,13.6458182330882));
#11837=CARTESIAN_POINT('Ctrl Pts',(39.1137376729787,-53.6705104584265,13.9254797740863));
#11838=CARTESIAN_POINT('Ctrl Pts',(39.3655473037886,-53.3686611035158,13.9944713043836));
#11839=CARTESIAN_POINT('Ctrl Pts',(39.7606773340778,-52.7728045440453,14.0039146252069));
#11840=CARTESIAN_POINT('Ctrl Pts',(39.9116603345728,-52.4937843846416,13.9658794828126));
#11841=CARTESIAN_POINT('Ctrl Pts',(40.1538815960605,-51.9429886629737,13.7834780490089));
#11842=CARTESIAN_POINT('Ctrl Pts',(40.2422540321638,-51.6819160971881,13.6456527469844));
#11843=CARTESIAN_POINT('Ctrl Pts',(40.3653325132663,-51.2300568065378,13.2868783154352));
#11844=CARTESIAN_POINT('Ctrl Pts',(40.4025061954619,-51.0422011514177,13.0796909712314));
#11845=CARTESIAN_POINT('Ctrl Pts',(40.4559320679913,-50.7170375073094,12.5694509626843));
#11846=CARTESIAN_POINT('Ctrl Pts',(40.4678199929481,-50.5969096837308,12.2627892833462));
#11847=CARTESIAN_POINT('Ctrl Pts',(40.4760782837168,-50.5130869176949,11.795356088328));
#11848=CARTESIAN_POINT('Ctrl Pts',(40.4772254980316,-50.500001039196,11.6476522614902));
#11849=CARTESIAN_POINT('Ctrl Pts',(40.4772254980316,-50.500001039196,11.5));
#11850=CARTESIAN_POINT('',(25.5227747766834,-50.500003853055,11.5));
#11851=CARTESIAN_POINT('Ctrl Pts',(25.5227747766834,-50.500003853055,11.5));
#11852=CARTESIAN_POINT('Ctrl Pts',(25.5227747766834,-50.500003853055,11.6117688214461));
#11853=CARTESIAN_POINT('Ctrl Pts',(25.5234435060478,-50.5075006026058,11.7236448559428));
#11854=CARTESIAN_POINT('Ctrl Pts',(25.5289346934378,-50.5650379906265,12.1493671349044));
#11855=CARTESIAN_POINT('Ctrl Pts',(25.5383475900772,-50.6671048642575,12.4526577245993));
#11856=CARTESIAN_POINT('Ctrl Pts',(25.5827436867915,-50.9606676237322,12.9731963098143));
#11857=CARTESIAN_POINT('Ctrl Pts',(25.6148374537103,-51.1384377472824,13.1915893440149));
#11858=CARTESIAN_POINT('Ctrl Pts',(25.7267250422633,-51.5815797468824,13.5823975139408));
#11859=CARTESIAN_POINT('Ctrl Pts',(25.8104806489604,-51.8467155867669,13.7379849636556));
#11860=CARTESIAN_POINT('Ctrl Pts',(26.0281946524436,-52.3662652294231,13.9319410734766));
#11861=CARTESIAN_POINT('Ctrl Pts',(26.1502301241724,-52.6088169016716,13.9805228672865));
#11862=CARTESIAN_POINT('Ctrl Pts',(26.4644375294744,-53.1286565103074,14.0128055803548));
#11863=CARTESIAN_POINT('Ctrl Pts',(26.6616076877618,-53.396296611381,13.9813257508132));
#11864=CARTESIAN_POINT('Ctrl Pts',(27.1573886030939,-53.9576448898279,13.8324503456211));
#11865=CARTESIAN_POINT('Ctrl Pts',(27.4666591407968,-54.2336902844794,13.6932564802194));
#11866=CARTESIAN_POINT('Ctrl Pts',(28.085438867551,-54.678422461763,13.3712556715727));
#11867=CARTESIAN_POINT('Ctrl Pts',(28.3944186620814,-54.8559726289662,13.1920400438777));
#11868=CARTESIAN_POINT('Ctrl Pts',(28.7087121524954,-54.9999999999937,13.0000043381089));
#11869=CARTESIAN_POINT('',(28.550510927429,-50.5000032833502,11.5));
#11870=CARTESIAN_POINT('',(46.0000007860496,-50.5000000000196,11.5));
#11871=CARTESIAN_POINT('',(31.,-52.5000000000059,13.9494891666526));
#11872=CARTESIAN_POINT('Ctrl Pts',(31.,-52.5000000000059,13.9494891666526));
#11873=CARTESIAN_POINT('Ctrl Pts',(30.6590955585738,-52.5000000000059,13.9494891535589));
#11874=CARTESIAN_POINT('Ctrl Pts',(30.2984881960026,-52.4254622316784,13.9377783634907));
#11875=CARTESIAN_POINT('Ctrl Pts',(29.6534661234764,-52.1358433808262,13.8507643279931));
#11876=CARTESIAN_POINT('Ctrl Pts',(29.3697430910827,-51.9206149427388,13.770889437149));
#11877=CARTESIAN_POINT('Ctrl Pts',(28.9759500685112,-51.4922423619543,13.5078743169344));
#11878=CARTESIAN_POINT('Ctrl Pts',(28.8223113506277,-51.2439562614325,13.3021378137301));
#11879=CARTESIAN_POINT('Ctrl Pts',(28.6589115265472,-50.8963400915497,12.8763961541182));
#11880=CARTESIAN_POINT('Ctrl Pts',(28.6119746437072,-50.7469005194027,12.6220900460135));
#11881=CARTESIAN_POINT('Ctrl Pts',(28.558807171055,-50.548727405365,12.0716695936152));
#11882=CARTESIAN_POINT('Ctrl Pts',(28.550510927429,-50.5000032833502,11.7757533440507));
#11883=CARTESIAN_POINT('Ctrl Pts',(28.550510927429,-50.5000032833502,11.5));
#11884=CARTESIAN_POINT('',(33.,-52.5000000000059,13.9494892434698));
#11885=CARTESIAN_POINT('Origin',(46.,-50.5000000000196,11.5));
#11886=CARTESIAN_POINT('',(-40.4772241074721,-50.5000162717455,6.5));
#11887=CARTESIAN_POINT('',(-40.4772241074721,-50.5000162717456,11.5));
#11888=CARTESIAN_POINT('',(-40.4772241074721,-50.5000162717455,2.));
#11889=CARTESIAN_POINT('',(-37.449486555411,-50.5000157020404,6.5));
#11890=CARTESIAN_POINT('',(46.,-50.5000000000197,6.5));
#11891=CARTESIAN_POINT('',(-37.449486555411,-50.5000157020405,11.5));
#11892=CARTESIAN_POINT('',(-37.449486555411,-50.5000157020404,2.));
#11893=CARTESIAN_POINT('',(46.0000007860496,-50.5000000000196,11.5));
#11894=CARTESIAN_POINT('Origin',(46.,-50.5000000000196,11.5));
#11895=CARTESIAN_POINT('',(37.449489432213,-50.5000016089007,6.5));
#11896=CARTESIAN_POINT('',(37.449489432213,-50.5000016089006,2.));
#11897=CARTESIAN_POINT('',(40.4772254980316,-50.5000010391959,6.5));
#11898=CARTESIAN_POINT('',(46.,-50.5000000000197,6.5));
#11899=CARTESIAN_POINT('',(40.4772255929279,-50.4999999996599,2.));
#11900=CARTESIAN_POINT('Origin',(46.,-50.5000000000196,11.5));
#11901=CARTESIAN_POINT('',(28.550510927429,-50.5000032833501,6.5));
#11902=CARTESIAN_POINT('',(28.5505109274289,-50.5000032833501,2.));
#11903=CARTESIAN_POINT('',(25.5227747766834,-50.5000038530549,6.5));
#11904=CARTESIAN_POINT('',(25.5227744249511,-50.5000000000358,2.));
#11905=CARTESIAN_POINT('',(46.,-50.5000000000197,6.5));
#11906=CARTESIAN_POINT('Origin',(46.000000470405,-53.0000000000196,6.5));
#11907=CARTESIAN_POINT('',(35.,-52.5000000000059,4.05051067971298));
#11908=CARTESIAN_POINT('Ctrl Pts',(35.0000004882496,-52.5000000000059,4.05051067971297));
#11909=CARTESIAN_POINT('Ctrl Pts',(35.3409049862616,-52.4999999358606,4.05051067971297));
#11910=CARTESIAN_POINT('Ctrl Pts',(35.7015128476018,-52.4254619436871,4.06222146255886));
#11911=CARTESIAN_POINT('Ctrl Pts',(36.3465348998995,-52.1358427567587,4.14923543615874));
#11912=CARTESIAN_POINT('Ctrl Pts',(36.6302578836913,-51.9206141419911,4.22911028695848));
#11913=CARTESIAN_POINT('Ctrl Pts',(37.0240507734611,-51.4922412557244,4.49212537026984));
#11914=CARTESIAN_POINT('Ctrl Pts',(37.1776893912885,-51.2439550030227,4.69786187130628));
#11915=CARTESIAN_POINT('Ctrl Pts',(37.3410890568894,-50.8963386270767,5.12360357446824));
#11916=CARTESIAN_POINT('Ctrl Pts',(37.3880258591013,-50.7468989737808,5.37790972510848));
#11917=CARTESIAN_POINT('Ctrl Pts',(37.4411932192093,-50.5487257552415,5.92833028279725));
#11918=CARTESIAN_POINT('Ctrl Pts',(37.449489432213,-50.5000016089007,6.22424659510073));
#11919=CARTESIAN_POINT('Ctrl Pts',(37.449489432213,-50.5000016089007,6.5));
#11920=CARTESIAN_POINT('',(31.,-52.5000000000059,4.05051083334738));
#11921=CARTESIAN_POINT('',(33.,-52.5000000000059,4.05051075653018));
#11922=CARTESIAN_POINT('Ctrl Pts',(28.550510927429,-50.5000032833501,6.5));
#11923=CARTESIAN_POINT('Ctrl Pts',(28.550510927429,-50.5000032833501,6.22424665594924));
#11924=CARTESIAN_POINT('Ctrl Pts',(28.558807171055,-50.548727405365,5.92833040638481));
#11925=CARTESIAN_POINT('Ctrl Pts',(28.6119746437071,-50.7469005194026,5.37790995398644));
#11926=CARTESIAN_POINT('Ctrl Pts',(28.6589115265472,-50.8963400915496,5.12360384588179));
#11927=CARTESIAN_POINT('Ctrl Pts',(28.8223113506277,-51.2439562614324,4.69786218626984));
#11928=CARTESIAN_POINT('Ctrl Pts',(28.9759500685111,-51.4922423619543,4.49212568306557));
#11929=CARTESIAN_POINT('Ctrl Pts',(29.3697430910827,-51.9206149427387,4.22911056285091));
#11930=CARTESIAN_POINT('Ctrl Pts',(29.6534661234764,-52.1358433808262,4.14923567200683));
#11931=CARTESIAN_POINT('Ctrl Pts',(30.2984881960026,-52.4254622316784,4.06222163650925));
#11932=CARTESIAN_POINT('Ctrl Pts',(30.6590955585738,-52.5000000000059,4.05051084644105));
#11933=CARTESIAN_POINT('Ctrl Pts',(31.,-52.5000000000059,4.05051083334738));
#11934=CARTESIAN_POINT('Ctrl Pts',(28.7087121524954,-54.9999999999937,4.99999566189107));
#11935=CARTESIAN_POINT('Ctrl Pts',(28.1166047603183,-54.7286623055704,4.63821355562515));
#11936=CARTESIAN_POINT('Ctrl Pts',(27.5954725767605,-54.3624000924123,4.35418062450273));
#11937=CARTESIAN_POINT('Ctrl Pts',(26.8862628128933,-53.670510972072,4.07451974244839));
#11938=CARTESIAN_POINT('Ctrl Pts',(26.6344532310452,-53.3686617544824,4.00552845043498));
#11939=CARTESIAN_POINT('Ctrl Pts',(26.2393232153999,-52.7728054500699,3.99608552522333));
#11940=CARTESIAN_POINT('Ctrl Pts',(26.0883402035113,-52.493785395287,4.03412084713655));
#11941=CARTESIAN_POINT('Ctrl Pts',(25.8461188767616,-51.9429898645966,4.21652263526018));
#11942=CARTESIAN_POINT('Ctrl Pts',(25.7577464046932,-51.6819173867699,4.35434813032995));
#11943=CARTESIAN_POINT('Ctrl Pts',(25.6346678612977,-51.2300583427227,4.71312290491442));
#11944=CARTESIAN_POINT('Ctrl Pts',(25.5974941512749,-51.0422028327133,4.92031039491398));
#11945=CARTESIAN_POINT('Ctrl Pts',(25.5440682251874,-50.7170395550138,5.4305506529096));
#11946=CARTESIAN_POINT('Ctrl Pts',(25.5321802748137,-50.5969119507965,5.73721242539039));
#11947=CARTESIAN_POINT('Ctrl Pts',(25.5239219888668,-50.5130896256901,6.20464509900464));
#11948=CARTESIAN_POINT('Ctrl Pts',(25.5227747766834,-50.5000038530549,6.35234833304511));
#11949=CARTESIAN_POINT('Ctrl Pts',(25.5227747766834,-50.5000038530549,6.5));
#11950=CARTESIAN_POINT('Ctrl Pts',(40.4772254980316,-50.5000010391959,6.5));
#11951=CARTESIAN_POINT('Ctrl Pts',(40.4772254980316,-50.5000010391959,6.38823117367517));
#11952=CARTESIAN_POINT('Ctrl Pts',(40.4765567724697,-50.5074977896508,6.27635513429371));
#11953=CARTESIAN_POINT('Ctrl Pts',(40.4710656142104,-50.5650351847946,5.8506328368142));
#11954=CARTESIAN_POINT('Ctrl Pts',(40.4616527692793,-50.6671020708211,5.54734223467381));
#11955=CARTESIAN_POINT('Ctrl Pts',(40.4172568206544,-50.9606648626987,5.02680364979943));
#11956=CARTESIAN_POINT('Ctrl Pts',(40.385163145009,-51.1384349981958,4.80841062345847));
#11957=CARTESIAN_POINT('Ctrl Pts',(40.2732757870887,-51.5815770398774,4.41760246624677));
#11958=CARTESIAN_POINT('Ctrl Pts',(40.1895203196333,-51.8467129132547,4.26201501914239));
#11959=CARTESIAN_POINT('Ctrl Pts',(39.9718065965622,-52.3662626404494,4.06805891808425));
#11960=CARTESIAN_POINT('Ctrl Pts',(39.8497712606478,-52.6088143583016,4.01947712692411));
#11961=CARTESIAN_POINT('Ctrl Pts',(39.5355641639519,-53.1286540764334,3.98719442244287));
#11962=CARTESIAN_POINT('Ctrl Pts',(39.3383941777892,-53.3962942465478,4.01867425213409));
#11963=CARTESIAN_POINT('Ctrl Pts',(38.842613195064,-53.9576432273451,4.16754979980251));
#11964=CARTESIAN_POINT('Ctrl Pts',(38.5333423159165,-54.233689133212,4.30674398496008));
#11965=CARTESIAN_POINT('Ctrl Pts',(37.9145618822679,-54.6784220426324,4.62874555485415));
#11966=CARTESIAN_POINT('Ctrl Pts',(37.605581709653,-54.8559724667939,4.80796162008265));
#11967=CARTESIAN_POINT('Ctrl Pts',(37.2912878653452,-54.9999999999955,4.99999781510548));
#11968=CARTESIAN_POINT('Origin',(46.000000470405,-53.0000000000196,6.5));
#11969=CARTESIAN_POINT('',(-25.5227756534959,-50.5000134578869,6.5));
#11970=CARTESIAN_POINT('Ctrl Pts',(-25.5227756534959,-50.5000134578869,
6.5));
#11971=CARTESIAN_POINT('Ctrl Pts',(-25.5227756534959,-50.5000134578869,
6.18738965863928));
#11972=CARTESIAN_POINT('Ctrl Pts',(-25.5273436057885,-50.5623191182709,
5.8539715809554));
#11973=CARTESIAN_POINT('Ctrl Pts',(-25.5591804135168,-50.8146492977918,
5.24147334318909));
#11974=CARTESIAN_POINT('Ctrl Pts',(-25.5879663824663,-51.004690381227,4.9624798071542));
#11975=CARTESIAN_POINT('Ctrl Pts',(-25.6913631138436,-51.458568364969,4.50310676069579));
#11976=CARTESIAN_POINT('Ctrl Pts',(-25.7773374404308,-51.7572479716187,
4.30472904464031));
#11977=CARTESIAN_POINT('Ctrl Pts',(-26.0316547955075,-52.3832062006836,
4.05393616055299));
#11978=CARTESIAN_POINT('Ctrl Pts',(-26.201519280817,-52.7094522292631,4.00049099025831));
#11979=CARTESIAN_POINT('Ctrl Pts',(-26.7014207743477,-53.4791441500201,
3.9991807709055));
#11980=CARTESIAN_POINT('Ctrl Pts',(-27.0511617920039,-53.8595050543275,
4.12486305328896));
#11981=CARTESIAN_POINT('Ctrl Pts',(-27.7939792475085,-54.4956127339343,
4.4645190365059));
#11982=CARTESIAN_POINT('Ctrl Pts',(-28.1872597870794,-54.7475255821297,
4.68518275901712));
#11983=CARTESIAN_POINT('Ctrl Pts',(-28.6291286431766,-54.962951538028,4.95151419329369));
#11984=CARTESIAN_POINT('Ctrl Pts',(-28.668799320075,-54.9817096424165,4.97559459973505));
#11985=CARTESIAN_POINT('Ctrl Pts',(-28.7087121524681,-54.9999999999812,
4.99998125701243));
#11986=CARTESIAN_POINT('',(-28.5505131206277,-50.500014027592,6.5));
#11987=CARTESIAN_POINT('',(46.,-50.5000000000197,6.5));
#11988=CARTESIAN_POINT('',(-31.,-52.5000000000059,4.05051321471135));
#11989=CARTESIAN_POINT('Ctrl Pts',(-30.9999995295951,-52.5000000000059,
4.05051321471134));
#11990=CARTESIAN_POINT('Ctrl Pts',(-30.6590959652506,-52.4999999358608,
4.05051321471134));
#11991=CARTESIAN_POINT('Ctrl Pts',(-30.2984890347498,-52.4254623396127,
4.06222433276962));
#11992=CARTESIAN_POINT('Ctrl Pts',(-29.6534684470324,-52.1358446927782,
4.14923932767634));
#11993=CARTESIAN_POINT('Ctrl Pts',(-29.3697459977396,-51.9206172315005,
4.22911483920399));
#11994=CARTESIAN_POINT('Ctrl Pts',(-28.9759535766574,-51.4922469404947,
4.49213053141267));
#11995=CARTESIAN_POINT('Ctrl Pts',(-28.8223148496024,-51.2439622447647,
4.69786706821474));
#11996=CARTESIAN_POINT('Ctrl Pts',(-28.6589147275615,-50.8963482542559,
5.1236080527968));
#11997=CARTESIAN_POINT('Ctrl Pts',(-28.6119775229101,-50.7469096484673,
5.377913501598));
#11998=CARTESIAN_POINT('Ctrl Pts',(-28.5588095363528,-50.5487378240681,
5.92833232199297));
#11999=CARTESIAN_POINT('Ctrl Pts',(-28.5505131206277,-50.5000140275919,
6.22424759910154));
#12000=CARTESIAN_POINT('Ctrl Pts',(-28.5505131206277,-50.5000140275919,
6.5));
#12001=CARTESIAN_POINT('',(-35.0000000178447,-52.5000000000059,4.05051336834973));
#12002=CARTESIAN_POINT('',(-33.0000000089224,-52.5000000000059,4.05051329153054));
#12003=CARTESIAN_POINT('Ctrl Pts',(-37.449486555411,-50.5000157020404,6.5));
#12004=CARTESIAN_POINT('Ctrl Pts',(-37.449486555411,-50.5000157020404,6.2242476599501));
#12005=CARTESIAN_POINT('Ctrl Pts',(-37.441190109064,-50.5487394741905,5.92833244558067));
#12006=CARTESIAN_POINT('Ctrl Pts',(-37.3880220099635,-50.746911194088,5.3779137304764));
#12007=CARTESIAN_POINT('Ctrl Pts',(-37.3410847246848,-50.8963497187278,
5.12360832421101));
#12008=CARTESIAN_POINT('Ctrl Pts',(-37.1776844441658,-51.2439635031733,
4.69786738317955));
#12009=CARTESIAN_POINT('Ctrl Pts',(-37.0240456170556,-51.4922480467234,
4.49213084421012));
#12010=CARTESIAN_POINT('Ctrl Pts',(-36.6302530631731,-51.9206180322472,
4.22911511509906));
#12011=CARTESIAN_POINT('Ctrl Pts',(-36.3465305652792,-52.1358453168447,
4.14923956352755));
#12012=CARTESIAN_POINT('Ctrl Pts',(-35.7015099573345,-52.4254626276033,
4.0622245067238));
#12013=CARTESIAN_POINT('Ctrl Pts',(-35.3409035256031,-52.5000000000059,
4.05051338144371));
#12014=CARTESIAN_POINT('Ctrl Pts',(-35.0000000178447,-52.5000000000059,
4.05051336834973));
#12015=CARTESIAN_POINT('Ctrl Pts',(-37.2912878653806,-54.9999999999793,
4.99997910383511));
#12016=CARTESIAN_POINT('Ctrl Pts',(-37.3312429784039,-54.9816902669957,
4.97556664788788));
#12017=CARTESIAN_POINT('Ctrl Pts',(-37.3709556152881,-54.9629117069321,
4.95146097338636));
#12018=CARTESIAN_POINT('Ctrl Pts',(-37.8128649949233,-54.747452081186,4.68510952581092));
#12019=CARTESIAN_POINT('Ctrl Pts',(-38.2061388268242,-54.4955282812435,
4.46445536433821));
#12020=CARTESIAN_POINT('Ctrl Pts',(-38.9489362158638,-53.8594044919403,
4.12482569866552));
#12021=CARTESIAN_POINT('Ctrl Pts',(-39.2986639074681,-53.4790382582632,
3.99915985532147));
#12022=CARTESIAN_POINT('Ctrl Pts',(-39.7985362423113,-52.7093522745614,
4.00050366552967));
#12023=CARTESIAN_POINT('Ctrl Pts',(-39.9683868051593,-52.383117177091,4.0539606198397));
#12024=CARTESIAN_POINT('Ctrl Pts',(-40.2226824776991,-51.7571856620145,
4.30476736045626));
#12025=CARTESIAN_POINT('Ctrl Pts',(-40.3086490466475,-51.458521776425,4.50314695743037));
#12026=CARTESIAN_POINT('Ctrl Pts',(-40.4120374095483,-51.0046676651912,
4.96251454125677));
#12027=CARTESIAN_POINT('Ctrl Pts',(-40.4408214556135,-50.8146359263487,
5.24150365225466));
#12028=CARTESIAN_POINT('Ctrl Pts',(-40.4726563248467,-50.5623185080554,
5.8539888343547));
#12029=CARTESIAN_POINT('Ctrl Pts',(-40.4772241074721,-50.5000162717455,
6.18739829597339));
#12030=CARTESIAN_POINT('Ctrl Pts',(-40.4772241074721,-50.5000162717455,
6.5));
#12031=CARTESIAN_POINT('Origin',(46.0000007860496,-53.0000000000196,11.5));
#12032=CARTESIAN_POINT('',(-25.5227756534959,-50.500013457887,11.5));
#12033=CARTESIAN_POINT('Ctrl Pts',(-28.7087121524681,-54.9999999999812,
13.0000187429876));
#12034=CARTESIAN_POINT('Ctrl Pts',(-28.668799320074,-54.981709642416,13.0244054002656));
#12035=CARTESIAN_POINT('Ctrl Pts',(-28.6291286431748,-54.9629515380271,
13.0484858067075));
#12036=CARTESIAN_POINT('Ctrl Pts',(-28.1872597870766,-54.747525582128,13.3148172409845));
#12037=CARTESIAN_POINT('Ctrl Pts',(-27.7939792475059,-54.4956127339324,
13.5354809634955));
#12038=CARTESIAN_POINT('Ctrl Pts',(-27.0511617920018,-53.8595050543253,
13.8751369467118));
#12039=CARTESIAN_POINT('Ctrl Pts',(-26.7014207743459,-53.4791441500178,
14.0008192290949));
#12040=CARTESIAN_POINT('Ctrl Pts',(-26.2015192808159,-52.7094522292611,
13.9995090097414));
#12041=CARTESIAN_POINT('Ctrl Pts',(-26.0316547955067,-52.3832062006819,
13.9460638394465));
#12042=CARTESIAN_POINT('Ctrl Pts',(-25.7773374404304,-51.7572479716174,
13.6952709553589));
#12043=CARTESIAN_POINT('Ctrl Pts',(-25.6913631138434,-51.4585683649681,
13.4968932393034));
#12044=CARTESIAN_POINT('Ctrl Pts',(-25.5879663824663,-51.0046903812266,
13.0375201928451));
#12045=CARTESIAN_POINT('Ctrl Pts',(-25.5591804135168,-50.8146492977916,
12.7585266568103));
#12046=CARTESIAN_POINT('Ctrl Pts',(-25.5273436057885,-50.5623191182709,
12.1460284190442));
#12047=CARTESIAN_POINT('Ctrl Pts',(-25.5227756534959,-50.500013457887,11.8126103413605));
#12048=CARTESIAN_POINT('Ctrl Pts',(-25.5227756534959,-50.500013457887,11.5));
#12049=CARTESIAN_POINT('Ctrl Pts',(-40.4772241074721,-50.5000162717456,
11.5));
#12050=CARTESIAN_POINT('Ctrl Pts',(-40.4772241074721,-50.5000162717456,
11.8126017040265));
#12051=CARTESIAN_POINT('Ctrl Pts',(-40.4726563248467,-50.5623185080555,
12.1460111656452));
#12052=CARTESIAN_POINT('Ctrl Pts',(-40.4408214556135,-50.8146359263487,
12.7584963477451));
#12053=CARTESIAN_POINT('Ctrl Pts',(-40.4120374095483,-51.0046676651911,
13.0374854587429));
#12054=CARTESIAN_POINT('Ctrl Pts',(-40.3086490466476,-51.4585217764248,
13.4968530425693));
#12055=CARTESIAN_POINT('Ctrl Pts',(-40.2226824776993,-51.7571856620141,
13.6952326395434));
#12056=CARTESIAN_POINT('Ctrl Pts',(-39.9683868051596,-52.3831171770903,
13.9460393801601));
#12057=CARTESIAN_POINT('Ctrl Pts',(-39.7985362423117,-52.7093522745606,
13.9994963344702));
#12058=CARTESIAN_POINT('Ctrl Pts',(-39.2986639074687,-53.4790382582625,
14.0008401446787));
#12059=CARTESIAN_POINT('Ctrl Pts',(-38.9489362158644,-53.8594044919396,
13.8751743013347));
#12060=CARTESIAN_POINT('Ctrl Pts',(-38.2061388268249,-54.495528281243,13.5355446356622));
#12061=CARTESIAN_POINT('Ctrl Pts',(-37.812864994924,-54.7474520811856,13.3148904741895));
#12062=CARTESIAN_POINT('Ctrl Pts',(-37.3709556152886,-54.9629117069319,
13.0485390266139));
#12063=CARTESIAN_POINT('Ctrl Pts',(-37.3312429784042,-54.9816902669956,
13.0244333521123));
#12064=CARTESIAN_POINT('Ctrl Pts',(-37.2912878653806,-54.9999999999793,
13.0000208961649));
#12065=CARTESIAN_POINT('',(-35.0000000178446,-52.5000000000059,13.9494866316502));
#12066=CARTESIAN_POINT('Ctrl Pts',(-35.0000000178447,-52.5000000000059,
13.9494866316502));
#12067=CARTESIAN_POINT('Ctrl Pts',(-35.3409035256031,-52.5000000000059,
13.9494866185562));
#12068=CARTESIAN_POINT('Ctrl Pts',(-35.7015099573345,-52.4254626276033,
13.9377754932761));
#12069=CARTESIAN_POINT('Ctrl Pts',(-36.3465305652791,-52.1358453168448,
13.8507604364724));
#12070=CARTESIAN_POINT('Ctrl Pts',(-36.630253063173,-51.9206180322472,13.7708848849009));
#12071=CARTESIAN_POINT('Ctrl Pts',(-37.0240456170556,-51.4922480467235,
13.5078691557898));
#12072=CARTESIAN_POINT('Ctrl Pts',(-37.1776844441658,-51.2439635031734,
13.3021326168204));
#12073=CARTESIAN_POINT('Ctrl Pts',(-37.3410847246848,-50.8963497187278,
12.8763916757889));
#12074=CARTESIAN_POINT('Ctrl Pts',(-37.3880220099635,-50.7469111940881,
12.6220862695236));
#12075=CARTESIAN_POINT('Ctrl Pts',(-37.441190109064,-50.5487394741906,12.0716675544193));
#12076=CARTESIAN_POINT('Ctrl Pts',(-37.449486555411,-50.5000157020405,11.7757523400499));
#12077=CARTESIAN_POINT('Ctrl Pts',(-37.449486555411,-50.5000157020405,11.5));
#12078=CARTESIAN_POINT('',(-31.,-52.5000000000059,13.9494867852886));
#12079=CARTESIAN_POINT('',(-33.0000000089223,-52.5000000000059,13.9494867084694));
#12080=CARTESIAN_POINT('',(-28.5505131206277,-50.5000140275921,11.5));
#12081=CARTESIAN_POINT('Ctrl Pts',(-28.5505131206277,-50.5000140275921,
11.5));
#12082=CARTESIAN_POINT('Ctrl Pts',(-28.5505131206277,-50.5000140275921,
11.7757524008984));
#12083=CARTESIAN_POINT('Ctrl Pts',(-28.5588095363528,-50.5487378240682,
12.071667678007));
#12084=CARTESIAN_POINT('Ctrl Pts',(-28.6119775229102,-50.7469096484674,
12.622086498402));
#12085=CARTESIAN_POINT('Ctrl Pts',(-28.6589147275615,-50.8963482542559,
12.8763919472032));
#12086=CARTESIAN_POINT('Ctrl Pts',(-28.8223148496024,-51.2439622447647,
13.3021329317852));
#12087=CARTESIAN_POINT('Ctrl Pts',(-28.9759535766575,-51.4922469404947,
13.5078694685873));
#12088=CARTESIAN_POINT('Ctrl Pts',(-29.3697459977397,-51.9206172315005,
13.7708851607959));
#12089=CARTESIAN_POINT('Ctrl Pts',(-29.6534684470324,-52.1358446927782,
13.8507606723236));
#12090=CARTESIAN_POINT('Ctrl Pts',(-30.2984890347499,-52.4254623396127,
13.9377756672303));
#12091=CARTESIAN_POINT('Ctrl Pts',(-30.6590959652506,-52.4999999358608,
13.9494867852886));
#12092=CARTESIAN_POINT('Ctrl Pts',(-30.9999995295951,-52.5000000000059,
13.9494867852886));
#12093=CARTESIAN_POINT('',(46.0000007860496,-50.5000000000196,11.5));
#12094=CARTESIAN_POINT('Origin',(46.,-50.5000000000196,11.5));
#12095=CARTESIAN_POINT('',(-25.5227756534959,-50.5000134578868,2.));
#12096=CARTESIAN_POINT('',(-28.5505131206277,-50.5000140275919,2.));
#12097=CARTESIAN_POINT('Origin',(-35.0000000178446,-50.0000000000059,2.));
#12098=CARTESIAN_POINT('',(-40.4772255928963,-50.5000000000059,2.));
#12099=CARTESIAN_POINT('Origin',(35.0000000178446,-50.0000000000059,2.));
#12100=CARTESIAN_POINT('',(35.,-52.5000000000059,2.));
#12101=CARTESIAN_POINT('',(35.0000000178446,-47.5,12.));
#12102=CARTESIAN_POINT('',(35.0000000178446,-47.5,2.));
#12103=CARTESIAN_POINT('',(35.0000000178446,-47.5,2.));
#12104=CARTESIAN_POINT('',(35.,-52.5000000000059,2.));
#12105=CARTESIAN_POINT('Origin',(35.,-52.5000000000059,2.));
#12106=CARTESIAN_POINT('',(31.,-52.5000000000059,2.));
#12107=CARTESIAN_POINT('Origin',(40.4772255929279,-50.4999999996599,2.));
#12108=CARTESIAN_POINT('',(40.4772255929279,-50.4999999996599,2.));
#12109=CARTESIAN_POINT('',(40.5,-50.4999999996599,2.));
#12110=CARTESIAN_POINT('',(40.4772255929279,-50.4999999996599,2.));
#12111=CARTESIAN_POINT('Origin',(35.0000000178446,-50.0000000000059,2.));
#12112=CARTESIAN_POINT('Origin',(31.,-50.0000000000059,2.));
#12113=CARTESIAN_POINT('',(25.5227744249511,-50.5000000000358,2.));
#12114=CARTESIAN_POINT('Origin',(31.,-50.0000000000059,2.));
#12115=CARTESIAN_POINT('',(25.5227744249511,-50.5000000000358,2.));
#12116=CARTESIAN_POINT('Origin',(-35.0000000178446,-50.0000000000059,2.));
#12117=CARTESIAN_POINT('',(-35.0000000178446,-52.5000000000059,2.));
#12118=CARTESIAN_POINT('',(-35.0000000178446,-47.5000000000059,12.));
#12119=CARTESIAN_POINT('',(-35.0000000178446,-47.5000000000059,2.));
#12120=CARTESIAN_POINT('',(-35.0000000178446,-47.5000000000059,2.));
#12121=CARTESIAN_POINT('',(-35.0000000178446,-52.5000000000059,2.));
#12122=CARTESIAN_POINT('Origin',(-31.,-52.5000000000059,2.));
#12123=CARTESIAN_POINT('',(-31.,-52.5000000000059,2.));
#12124=CARTESIAN_POINT('Origin',(-31.,-52.5000000000059,2.));
#12125=CARTESIAN_POINT('',(-31.,-52.5000000000059,2.));
#12126=CARTESIAN_POINT('Origin',(-39.275,-42.6400000000055,2.));
#12127=CARTESIAN_POINT('',(-38.075,-42.6400000000055,16.));
#12128=CARTESIAN_POINT('Origin',(-39.275,-42.6400000000055,16.));
#12129=CARTESIAN_POINT('',(-38.075,-42.6400000000055,12.));
#12130=CARTESIAN_POINT('',(-38.075,-42.6400000000055,2.));
#12131=CARTESIAN_POINT('Origin',(-39.275,-42.6400000000055,12.));
#12132=CARTESIAN_POINT('Origin',(-39.275,-42.6400000000055,16.));
#12133=CARTESIAN_POINT('Origin',(39.275,42.64,2.));
#12134=CARTESIAN_POINT('',(40.475,42.64,16.));
#12135=CARTESIAN_POINT('Origin',(39.275,42.64,16.));
#12136=CARTESIAN_POINT('',(40.475,42.64,12.));
#12137=CARTESIAN_POINT('',(40.475,42.64,2.));
#12138=CARTESIAN_POINT('Origin',(39.275,42.64,12.));
#12139=CARTESIAN_POINT('Origin',(39.275,42.64,16.));
#12140=CARTESIAN_POINT('Origin',(39.275,-42.6399999999994,2.));
#12141=CARTESIAN_POINT('',(40.475,-42.6399999999994,16.));
#12142=CARTESIAN_POINT('Origin',(39.275,-42.6399999999994,16.));
#12143=CARTESIAN_POINT('',(40.475,-42.6399999999994,12.));
#12144=CARTESIAN_POINT('',(40.475,-42.6399999999994,2.));
#12145=CARTESIAN_POINT('Origin',(39.275,-42.6399999999994,12.));
#12146=CARTESIAN_POINT('Origin',(39.275,-42.6399999999994,16.));
#12147=CARTESIAN_POINT('Origin',(-26.725,22.36,2.));
#12148=CARTESIAN_POINT('',(-25.525,22.36,16.));
#12149=CARTESIAN_POINT('Origin',(-26.725,22.36,16.));
#12150=CARTESIAN_POINT('',(-25.525,22.36,12.));
#12151=CARTESIAN_POINT('',(-25.525,22.36,2.));
#12152=CARTESIAN_POINT('Origin',(-26.725,22.36,12.));
#12153=CARTESIAN_POINT('Origin',(-26.725,22.36,16.));
#12154=CARTESIAN_POINT('Origin',(-26.725,-22.3600000000062,2.));
#12155=CARTESIAN_POINT('',(-25.525,-22.3600000000062,16.));
#12156=CARTESIAN_POINT('Origin',(-26.725,-22.3600000000062,16.));
#12157=CARTESIAN_POINT('',(-25.525,-22.3600000000062,12.));
#12158=CARTESIAN_POINT('',(-25.525,-22.3600000000062,2.));
#12159=CARTESIAN_POINT('Origin',(-26.725,-22.3600000000062,12.));
#12160=CARTESIAN_POINT('Origin',(-26.725,-22.3600000000062,16.));
#12161=CARTESIAN_POINT('Origin',(26.725,22.36,2.));
#12162=CARTESIAN_POINT('',(27.925,22.36,16.));
#12163=CARTESIAN_POINT('Origin',(26.725,22.36,16.));
#12164=CARTESIAN_POINT('',(27.925,22.36,12.));
#12165=CARTESIAN_POINT('',(27.925,22.36,2.));
#12166=CARTESIAN_POINT('Origin',(26.725,22.36,12.));
#12167=CARTESIAN_POINT('Origin',(26.725,22.36,16.));
#12168=CARTESIAN_POINT('Origin',(26.725,-22.3599999999994,2.));
#12169=CARTESIAN_POINT('',(27.925,-22.3599999999994,16.));
#12170=CARTESIAN_POINT('Origin',(26.725,-22.3599999999994,16.));
#12171=CARTESIAN_POINT('',(27.925,-22.3599999999994,12.));
#12172=CARTESIAN_POINT('',(27.925,-22.3599999999994,2.));
#12173=CARTESIAN_POINT('Origin',(26.725,-22.3599999999994,12.));
#12174=CARTESIAN_POINT('Origin',(26.725,-22.3599999999994,16.));
#12175=CARTESIAN_POINT('Origin',(-39.275,42.6400000000001,2.));
#12176=CARTESIAN_POINT('',(-38.075,42.6400000000001,16.));
#12177=CARTESIAN_POINT('Origin',(-39.275,42.6400000000001,16.));
#12178=CARTESIAN_POINT('',(-38.075,42.6400000000001,12.));
#12179=CARTESIAN_POINT('',(-38.075,42.6400000000001,2.));
#12180=CARTESIAN_POINT('Origin',(-39.275,42.6400000000001,12.));
#12181=CARTESIAN_POINT('Origin',(-39.275,42.6400000000001,16.));
#12182=CARTESIAN_POINT('Origin',(-23.,-17.5000000000059,2.));
#12183=CARTESIAN_POINT('',(-31.,-17.5000000000059,12.));
#12184=CARTESIAN_POINT('',(-31.,-17.5000000000059,2.));
#12185=CARTESIAN_POINT('',(-43.,-17.5000000000059,12.));
#12186=CARTESIAN_POINT('Origin',(-39.275,-22.3600000000056,2.));
#12187=CARTESIAN_POINT('',(-38.425,-22.3600000000056,12.));
#12188=CARTESIAN_POINT('Origin',(-39.275,-22.3600000000056,12.));
#12189=CARTESIAN_POINT('',(-38.425,-22.3600000000056,2.));
#12190=CARTESIAN_POINT('',(-38.425,-22.3600000000056,2.));
#12191=CARTESIAN_POINT('Origin',(-39.275,-22.3600000000056,2.));
#12192=CARTESIAN_POINT('Origin',(-26.725,-42.6400000000062,2.));
#12193=CARTESIAN_POINT('',(-25.875,-42.6400000000062,12.));
#12194=CARTESIAN_POINT('Origin',(-26.725,-42.6400000000062,12.));
#12195=CARTESIAN_POINT('',(-25.875,-42.6400000000062,2.));
#12196=CARTESIAN_POINT('',(-25.875,-42.6400000000062,2.));
#12197=CARTESIAN_POINT('Origin',(-26.725,-42.6400000000062,2.));
#12198=CARTESIAN_POINT('Origin',(-43.,-47.5000000000059,2.));
#12199=CARTESIAN_POINT('',(-31.,-47.5000000000059,12.));
#12200=CARTESIAN_POINT('',(-31.,-47.5000000000059,2.));
#12201=CARTESIAN_POINT('',(-23.,-47.5000000000059,12.));
#12202=CARTESIAN_POINT('Origin',(-33.,-32.5000000000059,12.));
#12203=CARTESIAN_POINT('',(-43.,-47.5000000000059,12.));
#12204=CARTESIAN_POINT('',(-43.,-17.5000000000059,12.));
#12205=CARTESIAN_POINT('',(-43.,-40.0000000000059,12.));
#12206=CARTESIAN_POINT('',(-34.0000000089223,-47.5000000000059,12.));
#12207=CARTESIAN_POINT('',(-23.,-47.5000000000059,12.));
#12208=CARTESIAN_POINT('',(-28.,-47.5000000000059,12.));
#12209=CARTESIAN_POINT('',(-23.,-17.5000000000059,12.));
#12210=CARTESIAN_POINT('',(-23.,-25.0000000000059,12.));
#12211=CARTESIAN_POINT('',(-32.,-17.5000000000059,12.));
#12212=CARTESIAN_POINT('',(-38.,-17.5000000000059,12.));
#12213=CARTESIAN_POINT('Origin',(-31.,-17.5000000000059,2.));
#12214=CARTESIAN_POINT('',(-23.,-17.5000000000059,2.));
#12215=CARTESIAN_POINT('',(-31.,-17.5000000000059,2.));
#12216=CARTESIAN_POINT('Origin',(-23.,-17.5000000000059,2.));
#12217=CARTESIAN_POINT('',(-23.,-47.5000000000059,2.));
#12218=CARTESIAN_POINT('Origin',(-23.,-47.5000000000059,2.));
#12219=CARTESIAN_POINT('',(-31.,-47.5000000000059,2.));
#12220=CARTESIAN_POINT('Origin',(3.49231754626089E-11,5.24999999987222,
2.));
#12221=CARTESIAN_POINT('Origin',(3.49231754626089E-11,5.24999999987222,
2.));
#12222=CARTESIAN_POINT('Origin',(-23.,47.5,2.));
#12223=CARTESIAN_POINT('',(-35.0000000178616,47.5,12.));
#12224=CARTESIAN_POINT('',(-35.,47.5,2.));
#12225=CARTESIAN_POINT('',(-43.,47.5,12.));
#12226=CARTESIAN_POINT('Origin',(-39.275,22.3599999999999,2.));
#12227=CARTESIAN_POINT('',(-38.425,22.3599999999999,12.));
#12228=CARTESIAN_POINT('Origin',(-39.275,22.3599999999999,12.));
#12229=CARTESIAN_POINT('',(-38.425,22.3599999999999,2.));
#12230=CARTESIAN_POINT('',(-38.425,22.3599999999999,2.));
#12231=CARTESIAN_POINT('Origin',(-39.275,22.3599999999999,2.));
#12232=CARTESIAN_POINT('Origin',(-26.725,42.64,2.));
#12233=CARTESIAN_POINT('',(-25.875,42.64,12.));
#12234=CARTESIAN_POINT('Origin',(-26.725,42.64,12.));
#12235=CARTESIAN_POINT('',(-25.875,42.64,2.));
#12236=CARTESIAN_POINT('',(-25.875,42.64,2.));
#12237=CARTESIAN_POINT('Origin',(-26.725,42.64,2.));
#12238=CARTESIAN_POINT('Origin',(-43.,17.5,2.));
#12239=CARTESIAN_POINT('',(-35.0000000178616,17.5,12.));
#12240=CARTESIAN_POINT('',(-23.,17.5,12.));
#12241=CARTESIAN_POINT('',(-35.,17.5,2.));
#12242=CARTESIAN_POINT('Origin',(-33.,32.5,12.));
#12243=CARTESIAN_POINT('',(-43.,17.5,12.));
#12244=CARTESIAN_POINT('',(-43.,47.5,12.));
#12245=CARTESIAN_POINT('',(-43.,25.,12.));
#12246=CARTESIAN_POINT('',(-34.,17.5,12.));
#12247=CARTESIAN_POINT('',(-23.,17.5,12.));
#12248=CARTESIAN_POINT('',(-28.,17.5,12.));
#12249=CARTESIAN_POINT('',(-23.,47.5,12.));
#12250=CARTESIAN_POINT('',(-23.,40.,12.));
#12251=CARTESIAN_POINT('',(-32.,47.5,12.));
#12252=CARTESIAN_POINT('',(-38.,47.5,12.));
#12253=CARTESIAN_POINT('Origin',(-31.,47.5,2.));
#12254=CARTESIAN_POINT('',(-23.,47.5,2.));
#12255=CARTESIAN_POINT('Origin',(-23.,47.5,2.));
#12256=CARTESIAN_POINT('',(-23.,17.5,2.));
#12257=CARTESIAN_POINT('Origin',(-23.,17.5,2.));
#12258=CARTESIAN_POINT('Origin',(3.49231754626089E-11,5.24999999987222,
2.));
#12259=CARTESIAN_POINT('Origin',(3.49231754626089E-11,5.24999999987222,
2.));
#12260=CARTESIAN_POINT('Origin',(23.,-47.5,2.));
#12261=CARTESIAN_POINT('',(31.,-47.5,12.));
#12262=CARTESIAN_POINT('',(31.,-47.5,2.));
#12263=CARTESIAN_POINT('',(43.,-47.5,12.));
#12264=CARTESIAN_POINT('Origin',(39.275,-22.3599999999994,2.));
#12265=CARTESIAN_POINT('',(40.125,-22.3599999999994,12.));
#12266=CARTESIAN_POINT('Origin',(39.275,-22.3599999999994,12.));
#12267=CARTESIAN_POINT('',(40.125,-22.3599999999994,2.));
#12268=CARTESIAN_POINT('',(40.125,-22.3599999999994,2.));
#12269=CARTESIAN_POINT('Origin',(39.275,-22.3599999999994,2.));
#12270=CARTESIAN_POINT('Origin',(26.725,-42.6399999999994,2.));
#12271=CARTESIAN_POINT('',(27.575,-42.6399999999994,12.));
#12272=CARTESIAN_POINT('Origin',(26.725,-42.6399999999994,12.));
#12273=CARTESIAN_POINT('',(27.575,-42.6399999999994,2.));
#12274=CARTESIAN_POINT('',(27.575,-42.6399999999994,2.));
#12275=CARTESIAN_POINT('Origin',(26.725,-42.6399999999994,2.));
#12276=CARTESIAN_POINT('Origin',(43.,-17.4999999999975,2.));
#12277=CARTESIAN_POINT('',(35.000000017862,-17.4999999999985,12.));
#12278=CARTESIAN_POINT('',(23.,-17.5,12.));
#12279=CARTESIAN_POINT('',(35.,-17.4999999999985,2.));
#12280=CARTESIAN_POINT('Origin',(33.,-32.4999999999987,12.));
#12281=CARTESIAN_POINT('',(43.,-17.4999999999975,12.));
#12282=CARTESIAN_POINT('',(43.,-47.5,12.));
#12283=CARTESIAN_POINT('',(43.,-24.9999999999981,12.));
#12284=CARTESIAN_POINT('',(33.999999999999,-17.4999999999986,12.));
#12285=CARTESIAN_POINT('',(23.,-17.5,12.));
#12286=CARTESIAN_POINT('',(27.999999999999,-17.4999999999994,12.));
#12287=CARTESIAN_POINT('',(23.,-47.5,12.));
#12288=CARTESIAN_POINT('',(23.,-39.9999999999994,12.));
#12289=CARTESIAN_POINT('',(32.,-47.5,12.));
#12290=CARTESIAN_POINT('',(38.,-47.5,12.));
#12291=CARTESIAN_POINT('Origin',(31.,-47.5,2.));
#12292=CARTESIAN_POINT('',(23.,-47.5,2.));
#12293=CARTESIAN_POINT('',(31.,-47.5,2.));
#12294=CARTESIAN_POINT('Origin',(23.,-47.5,2.));
#12295=CARTESIAN_POINT('',(23.,-17.5,2.));
#12296=CARTESIAN_POINT('Origin',(23.,-17.5,2.));
#12297=CARTESIAN_POINT('Origin',(3.49231754626089E-11,5.24999999987222,
2.));
#12298=CARTESIAN_POINT('Origin',(3.49231754626089E-11,5.24999999987222,
2.));
#12299=CARTESIAN_POINT('Origin',(23.,17.5,2.));
#12300=CARTESIAN_POINT('',(31.,17.5,12.));
#12301=CARTESIAN_POINT('',(31.,17.5,2.));
#12302=CARTESIAN_POINT('',(43.,17.5,12.));
#12303=CARTESIAN_POINT('Origin',(26.725,42.64,2.));
#12304=CARTESIAN_POINT('',(27.575,42.64,12.));
#12305=CARTESIAN_POINT('Origin',(26.725,42.64,12.));
#12306=CARTESIAN_POINT('',(27.575,42.64,2.));
#12307=CARTESIAN_POINT('',(27.575,42.64,2.));
#12308=CARTESIAN_POINT('Origin',(26.725,42.64,2.));
#12309=CARTESIAN_POINT('Origin',(39.275,22.36,2.));
#12310=CARTESIAN_POINT('',(40.125,22.36,12.));
#12311=CARTESIAN_POINT('Origin',(39.275,22.36,12.));
#12312=CARTESIAN_POINT('',(40.125,22.36,2.));
#12313=CARTESIAN_POINT('',(40.125,22.36,2.));
#12314=CARTESIAN_POINT('Origin',(39.275,22.36,2.));
#12315=CARTESIAN_POINT('Origin',(43.,47.5,2.));
#12316=CARTESIAN_POINT('',(35.0000000178616,47.5,12.));
#12317=CARTESIAN_POINT('',(23.,47.5,12.));
#12318=CARTESIAN_POINT('',(35.,47.5,2.));
#12319=CARTESIAN_POINT('Origin',(33.,32.5,12.));
#12320=CARTESIAN_POINT('',(43.,47.5,12.));
#12321=CARTESIAN_POINT('',(43.,17.5,12.));
#12322=CARTESIAN_POINT('',(43.,40.,12.));
#12323=CARTESIAN_POINT('',(34.,47.5,12.));
#12324=CARTESIAN_POINT('',(23.,47.5,12.));
#12325=CARTESIAN_POINT('',(28.,47.5,12.));
#12326=CARTESIAN_POINT('',(23.,17.5,12.));
#12327=CARTESIAN_POINT('',(23.,25.,12.));
#12328=CARTESIAN_POINT('',(32.,17.5,12.));
#12329=CARTESIAN_POINT('',(38.,17.5,12.));
#12330=CARTESIAN_POINT('Origin',(31.,17.5,2.));
#12331=CARTESIAN_POINT('',(23.,17.5,2.));
#12332=CARTESIAN_POINT('',(31.,17.5,2.));
#12333=CARTESIAN_POINT('Origin',(23.,17.5,2.));
#12334=CARTESIAN_POINT('',(23.,47.5,2.));
#12335=CARTESIAN_POINT('Origin',(23.,47.5,2.));
#12336=CARTESIAN_POINT('Origin',(3.49231754626089E-11,5.24999999987222,
2.));
#12337=CARTESIAN_POINT('Origin',(3.49231754626089E-11,5.24999999987222,
2.));
#12338=CARTESIAN_POINT('Origin',(31.,15.,2.));
#12339=CARTESIAN_POINT('',(31.,12.5,2.));
#12340=CARTESIAN_POINT('Origin',(35.,12.5,2.));
#12341=CARTESIAN_POINT('Origin',(43.,17.5,2.));
#12342=CARTESIAN_POINT('',(43.,17.5,2.));
#12343=CARTESIAN_POINT('Origin',(43.,47.5,2.));
#12344=CARTESIAN_POINT('',(43.,47.5,2.));
#12345=CARTESIAN_POINT('Origin',(35.,47.5,2.));
#12346=CARTESIAN_POINT('',(35.,47.5,2.));
#12347=CARTESIAN_POINT('Origin',(35.0000000178616,50.,2.));
#12348=CARTESIAN_POINT('',(37.4494897606448,50.5,2.));
#12349=CARTESIAN_POINT('Origin',(31.,15.,2.));
#12350=CARTESIAN_POINT('',(25.5227744243751,14.5000000062811,2.));
#12351=CARTESIAN_POINT('Origin',(25.5,14.5000000062811,2.));
#12352=CARTESIAN_POINT('',(25.5,14.5000000062811,2.));
#12353=CARTESIAN_POINT('Origin',(25.5,20.0000000062811,2.));
#12354=CARTESIAN_POINT('',(20.,20.0000000062811,2.));
#12355=CARTESIAN_POINT('Origin',(20.,45.0000000005279,2.));
#12356=CARTESIAN_POINT('',(20.,45.0000000005279,2.));
#12357=CARTESIAN_POINT('Origin',(25.5,45.0000000005279,2.));
#12358=CARTESIAN_POINT('Origin',(40.5,50.5000000006334,2.));
#12359=CARTESIAN_POINT('',(40.5,50.5000000006334,2.));
#12360=CARTESIAN_POINT('Origin',(40.5,45.0000000006334,2.));
#12361=CARTESIAN_POINT('',(46.,45.0000000006334,2.));
#12362=CARTESIAN_POINT('Origin',(45.9999999999999,20.0000000002671,2.));
#12363=CARTESIAN_POINT('',(45.9999999999999,20.0000000002671,2.));
#12364=CARTESIAN_POINT('Origin',(40.4999999999999,20.0000000002672,2.));
#12365=CARTESIAN_POINT('',(40.4999999999999,14.5000000002672,2.));
#12366=CARTESIAN_POINT('Origin',(40.4772255929375,14.5000000002672,2.));
#12367=CARTESIAN_POINT('Origin',(-31.,-50.0000000000059,2.));
#12368=CARTESIAN_POINT('Origin',(-31.,-15.0000000000059,2.));
#12369=CARTESIAN_POINT('',(-31.,-12.5000000000059,2.));
#12370=CARTESIAN_POINT('Origin',(-35.,-12.5000000000059,2.));
#12371=CARTESIAN_POINT('Origin',(-43.,-17.5000000000059,2.));
#12372=CARTESIAN_POINT('',(-43.,-17.5000000000059,2.));
#12373=CARTESIAN_POINT('Origin',(-43.,-47.5000000000059,2.));
#12374=CARTESIAN_POINT('',(-43.,-47.5000000000059,2.));
#12375=CARTESIAN_POINT('Origin',(-35.0000000178446,-47.5000000000059,2.));
#12376=CARTESIAN_POINT('Origin',(-46.,-20.0000000010534,2.));
#12377=CARTESIAN_POINT('',(-46.,-45.0000000000059,2.));
#12378=CARTESIAN_POINT('',(-46.,-20.0000000010534,2.));
#12379=CARTESIAN_POINT('Origin',(-40.5,-20.0000000010534,2.));
#12380=CARTESIAN_POINT('',(-40.5,-14.5000000010534,2.));
#12381=CARTESIAN_POINT('Origin',(-40.4772255930089,-14.5000000010534,2.));
#12382=CARTESIAN_POINT('Origin',(-31.,-15.0000000000059,2.));
#12383=CARTESIAN_POINT('',(-25.5227744250827,-14.499999998534,2.));
#12384=CARTESIAN_POINT('Origin',(-25.5,-14.499999998534,2.));
#12385=CARTESIAN_POINT('',(-25.5,-14.499999998534,2.));
#12386=CARTESIAN_POINT('Origin',(-25.5,-19.999999998534,2.));
#12387=CARTESIAN_POINT('',(-20.,-19.999999998534,2.));
#12388=CARTESIAN_POINT('Origin',(-20.,-45.0000000000059,2.));
#12389=CARTESIAN_POINT('',(-20.,-45.0000000000059,2.));
#12390=CARTESIAN_POINT('Origin',(-25.5,-45.0000000000059,2.));
#12391=CARTESIAN_POINT('',(-25.5,-50.5000000000059,2.));
#12392=CARTESIAN_POINT('Origin',(-25.5227744249484,-50.5000000000059,2.));
#12393=CARTESIAN_POINT('',(-25.5227744249484,-50.5000000000059,2.));
#12394=CARTESIAN_POINT('Origin',(-31.,-50.0000000000059,2.));
#12395=CARTESIAN_POINT('Origin',(-40.5,-50.5000000000059,2.));
#12396=CARTESIAN_POINT('',(-40.5,-50.5000000000059,2.));
#12397=CARTESIAN_POINT('Origin',(-40.5,-45.0000000000059,2.));
#12398=CARTESIAN_POINT('Origin',(-35.0000000178616,50.,2.));
#12399=CARTESIAN_POINT('',(-35.,47.5,2.));
#12400=CARTESIAN_POINT('',(-37.4494897606448,50.5,2.));
#12401=CARTESIAN_POINT('Origin',(-43.,47.5,2.));
#12402=CARTESIAN_POINT('',(-43.,47.5,2.));
#12403=CARTESIAN_POINT('Origin',(-43.,17.5,2.));
#12404=CARTESIAN_POINT('',(-43.,17.5,2.));
#12405=CARTESIAN_POINT('Origin',(-35.,17.5,2.));
#12406=CARTESIAN_POINT('',(-35.,17.5,2.));
#12407=CARTESIAN_POINT('Origin',(-35.0000000178616,15.,2.));
#12408=CARTESIAN_POINT('Origin',(-40.5,14.5,2.));
#12409=CARTESIAN_POINT('',(-40.4772255929133,14.5,2.));
#12410=CARTESIAN_POINT('',(-40.5,14.5,2.));
#12411=CARTESIAN_POINT('Origin',(-40.5,20.,2.));
#12412=CARTESIAN_POINT('',(-46.,20.,2.));
#12413=CARTESIAN_POINT('Origin',(-46.,45.000000002067,2.));
#12414=CARTESIAN_POINT('',(-46.,45.000000002067,2.));
#12415=CARTESIAN_POINT('Origin',(-40.5,45.000000002067,2.));
#12416=CARTESIAN_POINT('',(-40.5,50.500000002067,2.));
#12417=CARTESIAN_POINT('Origin',(-40.4772255927244,50.500000002067,2.));
#12418=CARTESIAN_POINT('Origin',(-31.,50.,2.));
#12419=CARTESIAN_POINT('',(-25.5227744249483,50.5,2.));
#12420=CARTESIAN_POINT('Origin',(-25.5,50.5,2.));
#12421=CARTESIAN_POINT('',(-25.5,50.5,2.));
#12422=CARTESIAN_POINT('Origin',(-25.5,45.,2.));
#12423=CARTESIAN_POINT('',(-20.,45.,2.));
#12424=CARTESIAN_POINT('Origin',(-20.,20.0000000008249,2.));
#12425=CARTESIAN_POINT('',(-20.,20.0000000008249,2.));
#12426=CARTESIAN_POINT('Origin',(-25.5,20.0000000008249,2.));
#12427=CARTESIAN_POINT('',(-25.5,14.5000000008248,2.));
#12428=CARTESIAN_POINT('Origin',(-25.522774424873,14.5000000008248,2.));
#12429=CARTESIAN_POINT('Origin',(-35.0000000178616,15.,2.));
#12430=CARTESIAN_POINT('Origin',(31.,-50.0000000000059,2.));
#12431=CARTESIAN_POINT('',(31.,-52.5000000000059,2.));
#12432=CARTESIAN_POINT('Origin',(35.,-52.5000000000059,2.));
#12433=CARTESIAN_POINT('Origin',(43.,-47.5,2.));
#12434=CARTESIAN_POINT('',(43.,-47.5,2.));
#12435=CARTESIAN_POINT('Origin',(43.,-17.4999999999975,2.));
#12436=CARTESIAN_POINT('',(43.,-17.4999999999975,2.));
#12437=CARTESIAN_POINT('Origin',(35.,-17.4999999999985,2.));
#12438=CARTESIAN_POINT('',(35.,-17.4999999999985,2.));
#12439=CARTESIAN_POINT('Origin',(35.0000000178616,-15.0000000000059,2.));
#12440=CARTESIAN_POINT('Origin',(20.,-20.0000000000896,2.));
#12441=CARTESIAN_POINT('',(20.,-45.0000000000358,2.));
#12442=CARTESIAN_POINT('',(20.,-20.0000000000896,2.));
#12443=CARTESIAN_POINT('Origin',(25.4999999999999,-20.0000000000896,2.));
#12444=CARTESIAN_POINT('',(25.5000000000379,-14.5000000000897,2.));
#12445=CARTESIAN_POINT('Origin',(25.5227744249407,-14.5000000000899,2.));
#12446=CARTESIAN_POINT('Origin',(35.0000000178616,-15.0000000000059,2.));
#12447=CARTESIAN_POINT('',(40.4772255923359,-14.4999999936805,2.));
#12448=CARTESIAN_POINT('Origin',(40.5,-14.4999999936805,2.));
#12449=CARTESIAN_POINT('',(40.5,-14.4999999936805,2.));
#12450=CARTESIAN_POINT('Origin',(40.5,-19.9999999936805,2.));
#12451=CARTESIAN_POINT('',(46.,-19.9999999936805,2.));
#12452=CARTESIAN_POINT('Origin',(46.,-44.9999999996599,2.));
#12453=CARTESIAN_POINT('',(46.,-44.9999999996599,2.));
#12454=CARTESIAN_POINT('Origin',(40.5,-44.9999999996599,2.));
#12455=CARTESIAN_POINT('Origin',(35.0000000178446,-50.0000000000059,2.));
#12456=CARTESIAN_POINT('Origin',(25.499999999996,-50.5000000000358,2.));
#12457=CARTESIAN_POINT('',(25.499999999996,-50.5000000000358,2.));
#12458=CARTESIAN_POINT('Origin',(25.5,-45.0000000000358,2.));
#12459=CARTESIAN_POINT('Origin',(-62.24999999999,-50.,0.));
#12460=CARTESIAN_POINT('',(-64.12499999999,-50.,0.));
#12461=CARTESIAN_POINT('Origin',(-1.77635683940025E-14,-21.78159844206,
0.));
#12462=CARTESIAN_POINT('',(-2.50000000000002,-21.78159844206,0.));
#12463=CARTESIAN_POINT('Origin',(62.2500000000025,34.1357632536128,0.));
#12464=CARTESIAN_POINT('',(60.3750000000025,34.1357632536128,0.));
#12465=CARTESIAN_POINT('Origin',(62.2500000000198,-50.,0.));
#12466=CARTESIAN_POINT('',(60.3750000000198,-50.,0.));
#12467=CARTESIAN_POINT('Origin',(-62.1827376005055,34.2015594652808,0.));
#12468=CARTESIAN_POINT('',(-64.0577376005055,34.2015594652808,0.));
#12469=UNCERTAINTY_MEASURE_WITH_UNIT(LENGTH_MEASURE(0.01),#12473,
'DISTANCE_ACCURACY_VALUE',
'Maximum model space distance between geometric entities at asserted c
onnectivities');
#12470=UNCERTAINTY_MEASURE_WITH_UNIT(LENGTH_MEASURE(0.01),#12473,
'DISTANCE_ACCURACY_VALUE',
'Maximum model space distance between geometric entities at asserted c
onnectivities');
#12471=(
GEOMETRIC_REPRESENTATION_CONTEXT(3)
GLOBAL_UNCERTAINTY_ASSIGNED_CONTEXT((#12469))
GLOBAL_UNIT_ASSIGNED_CONTEXT((#12473,#12475,#12476))
REPRESENTATION_CONTEXT('','3D')
);
#12472=(
GEOMETRIC_REPRESENTATION_CONTEXT(3)
GLOBAL_UNCERTAINTY_ASSIGNED_CONTEXT((#12470))
GLOBAL_UNIT_ASSIGNED_CONTEXT((#12473,#12475,#12476))
REPRESENTATION_CONTEXT('','3D')
);
#12473=(
LENGTH_UNIT()
NAMED_UNIT(*)
SI_UNIT(.MILLI.,.METRE.)
);
#12474=(
LENGTH_UNIT()
NAMED_UNIT(*)
SI_UNIT($,.METRE.)
);
#12475=(
NAMED_UNIT(*)
PLANE_ANGLE_UNIT()
SI_UNIT($,.RADIAN.)
);
#12476=(
NAMED_UNIT(*)
SI_UNIT($,.STERADIAN.)
SOLID_ANGLE_UNIT()
);
#12477=SHAPE_DEFINITION_REPRESENTATION(#12478,#12479);
#12478=PRODUCT_DEFINITION_SHAPE('',$,#12481);
#12479=SHAPE_REPRESENTATION('',(#7180),#12471);
#12480=PRODUCT_DEFINITION_CONTEXT('part definition',#12485,'design');
#12481=PRODUCT_DEFINITION('2026-10-01-16-45-54-673',
'ThymioSkinAdapterMagnetsLEDStrip',#12482,#12480);
#12482=PRODUCT_DEFINITION_FORMATION('',$,#12487);
#12483=PRODUCT_RELATED_PRODUCT_CATEGORY(
'ThymioSkinAdapterMagnetsLEDStrip','ThymioSkinAdapterMagnetsLEDStrip',(#12487));
#12484=APPLICATION_PROTOCOL_DEFINITION('international standard',
'automotive_design',2009,#12485);
#12485=APPLICATION_CONTEXT(
'Core Data for Automotive Mechanical Design Process');
#12486=PRODUCT_CONTEXT('part definition',#12485,'mechanical');
#12487=PRODUCT('2026-10-01-16-45-54-673',
'ThymioSkinAdapterMagnetsLEDStrip',$,(#12486));
#12488=PRESENTATION_STYLE_ASSIGNMENT((#12489));
#12489=SURFACE_STYLE_USAGE(.BOTH.,#12490);
#12490=SURFACE_SIDE_STYLE('',(#12491));
#12491=SURFACE_STYLE_FILL_AREA(#12492);
#12492=FILL_AREA_STYLE('Steel - Satin',(#12493));
#12493=FILL_AREA_STYLE_COLOUR('Steel - Satin',#12494);
#12494=COLOUR_RGB('Steel - Satin',0.627450980392157,0.627450980392157,0.627450980392157);
ENDSEC;
END-ISO-10303-21;
