ISO-10303-21;
HEADER;
/* Generated by software containing ST-Developer
 * from STEP Tools, Inc. (www.steptools.com) 
 */

FILE_DESCRIPTION(
/* description */ (''),
/* implementation_level */ '2;1');

FILE_NAME(
/* name */ 'ThymioValveHolder.step',
/* time_stamp */ '2026-08-24T20:30:20+01:00',
/* author */ (''),
/* organization */ (''),
/* preprocessor_version */ 'ST-DEVELOPER v20.1',
/* originating_system */ 'Autodesk Translation Framework v15.8.0.0',
/* authorisation */ '');

FILE_SCHEMA (('AUTOMOTIVE_DESIGN { 1 0 10303 214 3 1 1 }'));
ENDSEC;

DATA;
#10=MECHANICAL_DESIGN_GEOMETRIC_PRESENTATION_REPRESENTATION('',(#13),#2364);
#11=SHAPE_REPRESENTATION_RELATIONSHIP('SRR','None',#2371,#12);
#12=ADVANCED_BREP_SHAPE_REPRESENTATION('',(#14),#2363);
#13=STYLED_ITEM('',(#2380),#14);
#14=MANIFOLD_SOLID_BREP('Body1',#1480);
#15=FACE_BOUND('',#253,.T.);
#16=FACE_BOUND('',#254,.T.);
#17=FACE_BOUND('',#255,.T.);
#18=FACE_BOUND('',#256,.T.);
#19=FACE_BOUND('',#257,.T.);
#20=FACE_BOUND('',#258,.T.);
#21=FACE_BOUND('',#259,.T.);
#22=FACE_BOUND('',#260,.T.);
#23=FACE_BOUND('',#261,.T.);
#24=FACE_BOUND('',#262,.T.);
#25=FACE_BOUND('',#263,.T.);
#26=FACE_BOUND('',#265,.T.);
#27=FACE_BOUND('',#266,.T.);
#28=FACE_BOUND('',#267,.T.);
#29=FACE_BOUND('',#268,.T.);
#30=FACE_BOUND('',#269,.T.);
#31=FACE_BOUND('',#270,.T.);
#32=PLANE('',#1500);
#33=PLANE('',#1501);
#34=PLANE('',#1502);
#35=PLANE('',#1503);
#36=PLANE('',#1504);
#37=PLANE('',#1505);
#38=PLANE('',#1506);
#39=PLANE('',#1507);
#40=PLANE('',#1508);
#41=PLANE('',#1509);
#42=PLANE('',#1510);
#43=PLANE('',#1511);
#44=PLANE('',#1512);
#45=PLANE('',#1513);
#46=PLANE('',#1514);
#47=PLANE('',#1515);
#48=PLANE('',#1516);
#49=PLANE('',#1517);
#50=PLANE('',#1518);
#51=PLANE('',#1519);
#52=PLANE('',#1520);
#53=PLANE('',#1521);
#54=PLANE('',#1522);
#55=PLANE('',#1523);
#56=PLANE('',#1524);
#57=PLANE('',#1525);
#58=PLANE('',#1526);
#59=PLANE('',#1527);
#60=PLANE('',#1528);
#61=PLANE('',#1529);
#62=PLANE('',#1530);
#63=PLANE('',#1531);
#64=PLANE('',#1532);
#65=PLANE('',#1533);
#66=PLANE('',#1534);
#67=PLANE('',#1535);
#68=PLANE('',#1536);
#69=PLANE('',#1537);
#70=PLANE('',#1538);
#71=PLANE('',#1539);
#72=PLANE('',#1540);
#73=PLANE('',#1541);
#74=PLANE('',#1542);
#75=PLANE('',#1543);
#76=PLANE('',#1544);
#77=PLANE('',#1545);
#78=PLANE('',#1546);
#79=PLANE('',#1547);
#80=PLANE('',#1548);
#81=PLANE('',#1549);
#82=PLANE('',#1550);
#83=PLANE('',#1551);
#84=PLANE('',#1552);
#85=PLANE('',#1553);
#86=PLANE('',#1554);
#87=PLANE('',#1564);
#88=PLANE('',#1565);
#89=PLANE('',#1566);
#90=PLANE('',#1567);
#91=PLANE('',#1568);
#92=PLANE('',#1569);
#93=PLANE('',#1570);
#94=PLANE('',#1574);
#95=PLANE('',#1575);
#96=PLANE('',#1576);
#97=PLANE('',#1577);
#98=PLANE('',#1578);
#99=PLANE('',#1579);
#100=PLANE('',#1580);
#101=PLANE('',#1581);
#102=FACE_OUTER_BOUND('',#178,.T.);
#103=FACE_OUTER_BOUND('',#179,.T.);
#104=FACE_OUTER_BOUND('',#180,.T.);
#105=FACE_OUTER_BOUND('',#181,.T.);
#106=FACE_OUTER_BOUND('',#182,.T.);
#107=FACE_OUTER_BOUND('',#183,.T.);
#108=FACE_OUTER_BOUND('',#184,.T.);
#109=FACE_OUTER_BOUND('',#185,.T.);
#110=FACE_OUTER_BOUND('',#186,.T.);
#111=FACE_OUTER_BOUND('',#187,.T.);
#112=FACE_OUTER_BOUND('',#188,.T.);
#113=FACE_OUTER_BOUND('',#189,.T.);
#114=FACE_OUTER_BOUND('',#190,.T.);
#115=FACE_OUTER_BOUND('',#191,.T.);
#116=FACE_OUTER_BOUND('',#192,.T.);
#117=FACE_OUTER_BOUND('',#193,.T.);
#118=FACE_OUTER_BOUND('',#194,.T.);
#119=FACE_OUTER_BOUND('',#195,.T.);
#120=FACE_OUTER_BOUND('',#196,.T.);
#121=FACE_OUTER_BOUND('',#197,.T.);
#122=FACE_OUTER_BOUND('',#198,.T.);
#123=FACE_OUTER_BOUND('',#199,.T.);
#124=FACE_OUTER_BOUND('',#200,.T.);
#125=FACE_OUTER_BOUND('',#201,.T.);
#126=FACE_OUTER_BOUND('',#202,.T.);
#127=FACE_OUTER_BOUND('',#203,.T.);
#128=FACE_OUTER_BOUND('',#204,.T.);
#129=FACE_OUTER_BOUND('',#205,.T.);
#130=FACE_OUTER_BOUND('',#206,.T.);
#131=FACE_OUTER_BOUND('',#207,.T.);
#132=FACE_OUTER_BOUND('',#208,.T.);
#133=FACE_OUTER_BOUND('',#209,.T.);
#134=FACE_OUTER_BOUND('',#210,.T.);
#135=FACE_OUTER_BOUND('',#211,.T.);
#136=FACE_OUTER_BOUND('',#212,.T.);
#137=FACE_OUTER_BOUND('',#213,.T.);
#138=FACE_OUTER_BOUND('',#214,.T.);
#139=FACE_OUTER_BOUND('',#215,.T.);
#140=FACE_OUTER_BOUND('',#216,.T.);
#141=FACE_OUTER_BOUND('',#217,.T.);
#142=FACE_OUTER_BOUND('',#218,.T.);
#143=FACE_OUTER_BOUND('',#219,.T.);
#144=FACE_OUTER_BOUND('',#220,.T.);
#145=FACE_OUTER_BOUND('',#221,.T.);
#146=FACE_OUTER_BOUND('',#222,.T.);
#147=FACE_OUTER_BOUND('',#223,.T.);
#148=FACE_OUTER_BOUND('',#224,.T.);
#149=FACE_OUTER_BOUND('',#225,.T.);
#150=FACE_OUTER_BOUND('',#226,.T.);
#151=FACE_OUTER_BOUND('',#227,.T.);
#152=FACE_OUTER_BOUND('',#228,.T.);
#153=FACE_OUTER_BOUND('',#229,.T.);
#154=FACE_OUTER_BOUND('',#230,.T.);
#155=FACE_OUTER_BOUND('',#231,.T.);
#156=FACE_OUTER_BOUND('',#232,.T.);
#157=FACE_OUTER_BOUND('',#233,.T.);
#158=FACE_OUTER_BOUND('',#234,.T.);
#159=FACE_OUTER_BOUND('',#235,.T.);
#160=FACE_OUTER_BOUND('',#236,.T.);
#161=FACE_OUTER_BOUND('',#237,.T.);
#162=FACE_OUTER_BOUND('',#238,.T.);
#163=FACE_OUTER_BOUND('',#239,.T.);
#164=FACE_OUTER_BOUND('',#240,.T.);
#165=FACE_OUTER_BOUND('',#241,.T.);
#166=FACE_OUTER_BOUND('',#242,.T.);
#167=FACE_OUTER_BOUND('',#243,.T.);
#168=FACE_OUTER_BOUND('',#244,.T.);
#169=FACE_OUTER_BOUND('',#245,.T.);
#170=FACE_OUTER_BOUND('',#246,.T.);
#171=FACE_OUTER_BOUND('',#247,.T.);
#172=FACE_OUTER_BOUND('',#248,.T.);
#173=FACE_OUTER_BOUND('',#249,.T.);
#174=FACE_OUTER_BOUND('',#250,.T.);
#175=FACE_OUTER_BOUND('',#251,.T.);
#176=FACE_OUTER_BOUND('',#252,.T.);
#177=FACE_OUTER_BOUND('',#264,.T.);
#178=EDGE_LOOP('',(#996,#997,#998,#999));
#179=EDGE_LOOP('',(#1000,#1001,#1002,#1003));
#180=EDGE_LOOP('',(#1004));
#181=EDGE_LOOP('',(#1005,#1006,#1007,#1008));
#182=EDGE_LOOP('',(#1009,#1010,#1011,#1012));
#183=EDGE_LOOP('',(#1013,#1014,#1015,#1016));
#184=EDGE_LOOP('',(#1017,#1018,#1019,#1020));
#185=EDGE_LOOP('',(#1021,#1022,#1023,#1024));
#186=EDGE_LOOP('',(#1025,#1026,#1027,#1028));
#187=EDGE_LOOP('',(#1029,#1030,#1031,#1032));
#188=EDGE_LOOP('',(#1033,#1034,#1035,#1036));
#189=EDGE_LOOP('',(#1037,#1038,#1039,#1040));
#190=EDGE_LOOP('',(#1041,#1042,#1043,#1044));
#191=EDGE_LOOP('',(#1045,#1046,#1047,#1048));
#192=EDGE_LOOP('',(#1049,#1050,#1051,#1052));
#193=EDGE_LOOP('',(#1053,#1054,#1055,#1056));
#194=EDGE_LOOP('',(#1057,#1058,#1059,#1060));
#195=EDGE_LOOP('',(#1061,#1062,#1063,#1064));
#196=EDGE_LOOP('',(#1065,#1066,#1067,#1068));
#197=EDGE_LOOP('',(#1069,#1070,#1071,#1072));
#198=EDGE_LOOP('',(#1073,#1074,#1075,#1076));
#199=EDGE_LOOP('',(#1077,#1078,#1079,#1080));
#200=EDGE_LOOP('',(#1081,#1082,#1083,#1084));
#201=EDGE_LOOP('',(#1085,#1086,#1087,#1088));
#202=EDGE_LOOP('',(#1089,#1090,#1091,#1092));
#203=EDGE_LOOP('',(#1093,#1094,#1095,#1096));
#204=EDGE_LOOP('',(#1097,#1098,#1099,#1100));
#205=EDGE_LOOP('',(#1101,#1102,#1103,#1104));
#206=EDGE_LOOP('',(#1105,#1106,#1107,#1108));
#207=EDGE_LOOP('',(#1109,#1110,#1111,#1112));
#208=EDGE_LOOP('',(#1113,#1114,#1115,#1116));
#209=EDGE_LOOP('',(#1117,#1118,#1119,#1120));
#210=EDGE_LOOP('',(#1121,#1122,#1123,#1124));
#211=EDGE_LOOP('',(#1125,#1126,#1127,#1128));
#212=EDGE_LOOP('',(#1129,#1130,#1131,#1132));
#213=EDGE_LOOP('',(#1133,#1134,#1135,#1136));
#214=EDGE_LOOP('',(#1137,#1138,#1139,#1140));
#215=EDGE_LOOP('',(#1141,#1142,#1143,#1144));
#216=EDGE_LOOP('',(#1145,#1146,#1147,#1148));
#217=EDGE_LOOP('',(#1149,#1150,#1151,#1152));
#218=EDGE_LOOP('',(#1153,#1154,#1155,#1156));
#219=EDGE_LOOP('',(#1157,#1158,#1159,#1160));
#220=EDGE_LOOP('',(#1161,#1162,#1163,#1164));
#221=EDGE_LOOP('',(#1165,#1166,#1167,#1168));
#222=EDGE_LOOP('',(#1169,#1170,#1171,#1172));
#223=EDGE_LOOP('',(#1173,#1174,#1175,#1176));
#224=EDGE_LOOP('',(#1177,#1178,#1179,#1180));
#225=EDGE_LOOP('',(#1181,#1182,#1183,#1184));
#226=EDGE_LOOP('',(#1185,#1186,#1187,#1188));
#227=EDGE_LOOP('',(#1189,#1190,#1191,#1192));
#228=EDGE_LOOP('',(#1193,#1194,#1195,#1196));
#229=EDGE_LOOP('',(#1197,#1198,#1199,#1200));
#230=EDGE_LOOP('',(#1201,#1202,#1203,#1204));
#231=EDGE_LOOP('',(#1205,#1206,#1207,#1208));
#232=EDGE_LOOP('',(#1209,#1210,#1211,#1212));
#233=EDGE_LOOP('',(#1213,#1214,#1215,#1216));
#234=EDGE_LOOP('',(#1217,#1218,#1219,#1220));
#235=EDGE_LOOP('',(#1221,#1222,#1223,#1224));
#236=EDGE_LOOP('',(#1225,#1226,#1227,#1228));
#237=EDGE_LOOP('',(#1229,#1230,#1231,#1232));
#238=EDGE_LOOP('',(#1233,#1234,#1235,#1236));
#239=EDGE_LOOP('',(#1237,#1238,#1239,#1240));
#240=EDGE_LOOP('',(#1241,#1242,#1243,#1244));
#241=EDGE_LOOP('',(#1245,#1246,#1247,#1248));
#242=EDGE_LOOP('',(#1249,#1250,#1251,#1252));
#243=EDGE_LOOP('',(#1253,#1254,#1255,#1256));
#244=EDGE_LOOP('',(#1257,#1258,#1259,#1260,#1261,#1262,#1263,#1264,#1265,
#1266,#1267,#1268,#1269,#1270,#1271,#1272));
#245=EDGE_LOOP('',(#1273,#1274,#1275,#1276));
#246=EDGE_LOOP('',(#1277,#1278,#1279,#1280,#1281,#1282,#1283,#1284));
#247=EDGE_LOOP('',(#1285,#1286,#1287,#1288));
#248=EDGE_LOOP('',(#1289,#1290,#1291,#1292,#1293,#1294,#1295,#1296,#1297,
#1298,#1299,#1300));
#249=EDGE_LOOP('',(#1301,#1302,#1303,#1304));
#250=EDGE_LOOP('',(#1305,#1306,#1307,#1308));
#251=EDGE_LOOP('',(#1309,#1310,#1311,#1312));
#252=EDGE_LOOP('',(#1313,#1314,#1315,#1316,#1317,#1318,#1319,#1320,#1321,
#1322,#1323,#1324,#1325,#1326,#1327,#1328,#1329,#1330,#1331,#1332,#1333,
#1334,#1335,#1336,#1337,#1338,#1339,#1340,#1341,#1342,#1343,#1344,#1345,
#1346));
#253=EDGE_LOOP('',(#1347,#1348,#1349,#1350));
#254=EDGE_LOOP('',(#1351,#1352,#1353,#1354));
#255=EDGE_LOOP('',(#1355,#1356,#1357,#1358));
#256=EDGE_LOOP('',(#1359));
#257=EDGE_LOOP('',(#1360,#1361,#1362,#1363));
#258=EDGE_LOOP('',(#1364));
#259=EDGE_LOOP('',(#1365,#1366,#1367,#1368));
#260=EDGE_LOOP('',(#1369,#1370,#1371,#1372));
#261=EDGE_LOOP('',(#1373));
#262=EDGE_LOOP('',(#1374,#1375,#1376,#1377));
#263=EDGE_LOOP('',(#1378));
#264=EDGE_LOOP('',(#1379,#1380,#1381,#1382,#1383,#1384,#1385,#1386,#1387,
#1388));
#265=EDGE_LOOP('',(#1389));
#266=EDGE_LOOP('',(#1390));
#267=EDGE_LOOP('',(#1391,#1392,#1393,#1394));
#268=EDGE_LOOP('',(#1395));
#269=EDGE_LOOP('',(#1396));
#270=EDGE_LOOP('',(#1397));
#271=LINE('',#1954,#460);
#272=LINE('',#1960,#461);
#273=LINE('',#1966,#462);
#274=LINE('',#1968,#463);
#275=LINE('',#1970,#464);
#276=LINE('',#1971,#465);
#277=LINE('',#1974,#466);
#278=LINE('',#1976,#467);
#279=LINE('',#1977,#468);
#280=LINE('',#1980,#469);
#281=LINE('',#1982,#470);
#282=LINE('',#1983,#471);
#283=LINE('',#1985,#472);
#284=LINE('',#1986,#473);
#285=LINE('',#1991,#474);
#286=LINE('',#1993,#475);
#287=LINE('',#1995,#476);
#288=LINE('',#1996,#477);
#289=LINE('',#1999,#478);
#290=LINE('',#2001,#479);
#291=LINE('',#2002,#480);
#292=LINE('',#2005,#481);
#293=LINE('',#2007,#482);
#294=LINE('',#2008,#483);
#295=LINE('',#2010,#484);
#296=LINE('',#2011,#485);
#297=LINE('',#2016,#486);
#298=LINE('',#2018,#487);
#299=LINE('',#2020,#488);
#300=LINE('',#2021,#489);
#301=LINE('',#2024,#490);
#302=LINE('',#2026,#491);
#303=LINE('',#2027,#492);
#304=LINE('',#2030,#493);
#305=LINE('',#2032,#494);
#306=LINE('',#2033,#495);
#307=LINE('',#2035,#496);
#308=LINE('',#2039,#497);
#309=LINE('',#2041,#498);
#310=LINE('',#2043,#499);
#311=LINE('',#2044,#500);
#312=LINE('',#2047,#501);
#313=LINE('',#2049,#502);
#314=LINE('',#2050,#503);
#315=LINE('',#2053,#504);
#316=LINE('',#2055,#505);
#317=LINE('',#2056,#506);
#318=LINE('',#2058,#507);
#319=LINE('',#2059,#508);
#320=LINE('',#2064,#509);
#321=LINE('',#2066,#510);
#322=LINE('',#2068,#511);
#323=LINE('',#2069,#512);
#324=LINE('',#2072,#513);
#325=LINE('',#2074,#514);
#326=LINE('',#2075,#515);
#327=LINE('',#2078,#516);
#328=LINE('',#2080,#517);
#329=LINE('',#2081,#518);
#330=LINE('',#2083,#519);
#331=LINE('',#2084,#520);
#332=LINE('',#2089,#521);
#333=LINE('',#2091,#522);
#334=LINE('',#2093,#523);
#335=LINE('',#2094,#524);
#336=LINE('',#2098,#525);
#337=LINE('',#2100,#526);
#338=LINE('',#2102,#527);
#339=LINE('',#2103,#528);
#340=LINE('',#2105,#529);
#341=LINE('',#2106,#530);
#342=LINE('',#2108,#531);
#343=LINE('',#2112,#532);
#344=LINE('',#2114,#533);
#345=LINE('',#2116,#534);
#346=LINE('',#2117,#535);
#347=LINE('',#2121,#536);
#348=LINE('',#2123,#537);
#349=LINE('',#2125,#538);
#350=LINE('',#2126,#539);
#351=LINE('',#2128,#540);
#352=LINE('',#2129,#541);
#353=LINE('',#2131,#542);
#354=LINE('',#2135,#543);
#355=LINE('',#2137,#544);
#356=LINE('',#2139,#545);
#357=LINE('',#2140,#546);
#358=LINE('',#2144,#547);
#359=LINE('',#2146,#548);
#360=LINE('',#2148,#549);
#361=LINE('',#2149,#550);
#362=LINE('',#2151,#551);
#363=LINE('',#2152,#552);
#364=LINE('',#2154,#553);
#365=LINE('',#2158,#554);
#366=LINE('',#2160,#555);
#367=LINE('',#2162,#556);
#368=LINE('',#2163,#557);
#369=LINE('',#2166,#558);
#370=LINE('',#2168,#559);
#371=LINE('',#2169,#560);
#372=LINE('',#2172,#561);
#373=LINE('',#2174,#562);
#374=LINE('',#2175,#563);
#375=LINE('',#2177,#564);
#376=LINE('',#2178,#565);
#377=LINE('',#2183,#566);
#378=LINE('',#2185,#567);
#379=LINE('',#2187,#568);
#380=LINE('',#2188,#569);
#381=LINE('',#2191,#570);
#382=LINE('',#2193,#571);
#383=LINE('',#2194,#572);
#384=LINE('',#2197,#573);
#385=LINE('',#2199,#574);
#386=LINE('',#2200,#575);
#387=LINE('',#2202,#576);
#388=LINE('',#2206,#577);
#389=LINE('',#2208,#578);
#390=LINE('',#2210,#579);
#391=LINE('',#2211,#580);
#392=LINE('',#2214,#581);
#393=LINE('',#2216,#582);
#394=LINE('',#2217,#583);
#395=LINE('',#2220,#584);
#396=LINE('',#2222,#585);
#397=LINE('',#2223,#586);
#398=LINE('',#2225,#587);
#399=LINE('',#2229,#588);
#400=LINE('',#2231,#589);
#401=LINE('',#2233,#590);
#402=LINE('',#2234,#591);
#403=LINE('',#2237,#592);
#404=LINE('',#2239,#593);
#405=LINE('',#2240,#594);
#406=LINE('',#2243,#595);
#407=LINE('',#2245,#596);
#408=LINE('',#2246,#597);
#409=LINE('',#2248,#598);
#410=LINE('',#2249,#599);
#411=LINE('',#2255,#600);
#412=LINE('',#2261,#601);
#413=LINE('',#2267,#602);
#414=LINE('',#2272,#603);
#415=LINE('',#2274,#604);
#416=LINE('',#2276,#605);
#417=LINE('',#2277,#606);
#418=LINE('',#2280,#607);
#419=LINE('',#2282,#608);
#420=LINE('',#2283,#609);
#421=LINE('',#2286,#610);
#422=LINE('',#2288,#611);
#423=LINE('',#2289,#612);
#424=LINE('',#2291,#613);
#425=LINE('',#2292,#614);
#426=LINE('',#2296,#615);
#427=LINE('',#2298,#616);
#428=LINE('',#2300,#617);
#429=LINE('',#2301,#618);
#430=LINE('',#2304,#619);
#431=LINE('',#2306,#620);
#432=LINE('',#2307,#621);
#433=LINE('',#2310,#622);
#434=LINE('',#2311,#623);
#435=LINE('',#2312,#624);
#436=LINE('',#2313,#625);
#437=LINE('',#2315,#626);
#438=LINE('',#2316,#627);
#439=LINE('',#2322,#628);
#440=LINE('',#2325,#629);
#441=LINE('',#2326,#630);
#442=LINE('',#2328,#631);
#443=LINE('',#2329,#632);
#444=LINE('',#2332,#633);
#445=LINE('',#2334,#634);
#446=LINE('',#2335,#635);
#447=LINE('',#2338,#636);
#448=LINE('',#2339,#637);
#449=LINE('',#2340,#638);
#450=LINE('',#2342,#639);
#451=LINE('',#2343,#640);
#452=LINE('',#2346,#641);
#453=LINE('',#2348,#642);
#454=LINE('',#2349,#643);
#455=LINE('',#2352,#644);
#456=LINE('',#2354,#645);
#457=LINE('',#2355,#646);
#458=LINE('',#2357,#647);
#459=LINE('',#2358,#648);
#460=VECTOR('',#1588,9.24999952365161);
#461=VECTOR('',#1595,2.15000410095903);
#462=VECTOR('',#1602,10.);
#463=VECTOR('',#1603,10.);
#464=VECTOR('',#1604,10.);
#465=VECTOR('',#1605,10.);
#466=VECTOR('',#1608,10.);
#467=VECTOR('',#1609,10.);
#468=VECTOR('',#1610,10.);
#469=VECTOR('',#1613,10.);
#470=VECTOR('',#1614,10.);
#471=VECTOR('',#1615,10.);
#472=VECTOR('',#1618,10.);
#473=VECTOR('',#1619,10.);
#474=VECTOR('',#1624,10.);
#475=VECTOR('',#1625,10.);
#476=VECTOR('',#1626,10.);
#477=VECTOR('',#1627,10.);
#478=VECTOR('',#1630,10.);
#479=VECTOR('',#1631,10.);
#480=VECTOR('',#1632,10.);
#481=VECTOR('',#1635,10.);
#482=VECTOR('',#1636,10.);
#483=VECTOR('',#1637,10.);
#484=VECTOR('',#1640,10.);
#485=VECTOR('',#1641,10.);
#486=VECTOR('',#1646,10.);
#487=VECTOR('',#1647,10.);
#488=VECTOR('',#1648,10.);
#489=VECTOR('',#1649,10.);
#490=VECTOR('',#1652,10.);
#491=VECTOR('',#1653,10.);
#492=VECTOR('',#1654,10.);
#493=VECTOR('',#1657,10.);
#494=VECTOR('',#1658,10.);
#495=VECTOR('',#1659,10.);
#496=VECTOR('',#1662,10.);
#497=VECTOR('',#1665,10.);
#498=VECTOR('',#1666,10.);
#499=VECTOR('',#1667,10.);
#500=VECTOR('',#1668,10.);
#501=VECTOR('',#1671,10.);
#502=VECTOR('',#1672,10.);
#503=VECTOR('',#1673,10.);
#504=VECTOR('',#1676,10.);
#505=VECTOR('',#1677,10.);
#506=VECTOR('',#1678,10.);
#507=VECTOR('',#1681,10.);
#508=VECTOR('',#1682,10.);
#509=VECTOR('',#1687,10.);
#510=VECTOR('',#1688,10.);
#511=VECTOR('',#1689,10.);
#512=VECTOR('',#1690,10.);
#513=VECTOR('',#1693,10.);
#514=VECTOR('',#1694,10.);
#515=VECTOR('',#1695,10.);
#516=VECTOR('',#1698,10.);
#517=VECTOR('',#1699,10.);
#518=VECTOR('',#1700,10.);
#519=VECTOR('',#1703,10.);
#520=VECTOR('',#1704,10.);
#521=VECTOR('',#1709,10.);
#522=VECTOR('',#1710,10.);
#523=VECTOR('',#1711,10.);
#524=VECTOR('',#1712,10.);
#525=VECTOR('',#1715,10.);
#526=VECTOR('',#1716,10.);
#527=VECTOR('',#1717,10.);
#528=VECTOR('',#1718,10.);
#529=VECTOR('',#1721,10.);
#530=VECTOR('',#1722,10.);
#531=VECTOR('',#1725,10.);
#532=VECTOR('',#1728,10.);
#533=VECTOR('',#1729,10.);
#534=VECTOR('',#1730,10.);
#535=VECTOR('',#1731,10.);
#536=VECTOR('',#1734,10.);
#537=VECTOR('',#1735,10.);
#538=VECTOR('',#1736,10.);
#539=VECTOR('',#1737,10.);
#540=VECTOR('',#1740,10.);
#541=VECTOR('',#1741,10.);
#542=VECTOR('',#1744,10.);
#543=VECTOR('',#1747,10.);
#544=VECTOR('',#1748,10.);
#545=VECTOR('',#1749,10.);
#546=VECTOR('',#1750,10.);
#547=VECTOR('',#1753,10.);
#548=VECTOR('',#1754,10.);
#549=VECTOR('',#1755,10.);
#550=VECTOR('',#1756,10.);
#551=VECTOR('',#1759,10.);
#552=VECTOR('',#1760,10.);
#553=VECTOR('',#1763,10.);
#554=VECTOR('',#1766,10.);
#555=VECTOR('',#1767,10.);
#556=VECTOR('',#1768,10.);
#557=VECTOR('',#1769,10.);
#558=VECTOR('',#1772,10.);
#559=VECTOR('',#1773,10.);
#560=VECTOR('',#1774,10.);
#561=VECTOR('',#1777,10.);
#562=VECTOR('',#1778,10.);
#563=VECTOR('',#1779,10.);
#564=VECTOR('',#1782,10.);
#565=VECTOR('',#1783,10.);
#566=VECTOR('',#1788,10.);
#567=VECTOR('',#1789,10.);
#568=VECTOR('',#1790,10.);
#569=VECTOR('',#1791,10.);
#570=VECTOR('',#1794,10.);
#571=VECTOR('',#1795,10.);
#572=VECTOR('',#1796,10.);
#573=VECTOR('',#1799,10.);
#574=VECTOR('',#1800,10.);
#575=VECTOR('',#1801,10.);
#576=VECTOR('',#1804,10.);
#577=VECTOR('',#1807,10.);
#578=VECTOR('',#1808,10.);
#579=VECTOR('',#1809,10.);
#580=VECTOR('',#1810,10.);
#581=VECTOR('',#1813,10.);
#582=VECTOR('',#1814,10.);
#583=VECTOR('',#1815,10.);
#584=VECTOR('',#1818,10.);
#585=VECTOR('',#1819,10.);
#586=VECTOR('',#1820,10.);
#587=VECTOR('',#1823,10.);
#588=VECTOR('',#1826,10.);
#589=VECTOR('',#1827,10.);
#590=VECTOR('',#1828,10.);
#591=VECTOR('',#1829,10.);
#592=VECTOR('',#1832,10.);
#593=VECTOR('',#1833,10.);
#594=VECTOR('',#1834,10.);
#595=VECTOR('',#1837,10.);
#596=VECTOR('',#1838,10.);
#597=VECTOR('',#1839,10.);
#598=VECTOR('',#1842,10.);
#599=VECTOR('',#1843,10.);
#600=VECTOR('',#1850,1.75000000000001);
#601=VECTOR('',#1857,1.74999999999999);
#602=VECTOR('',#1864,1.75);
#603=VECTOR('',#1869,10.);
#604=VECTOR('',#1870,10.);
#605=VECTOR('',#1871,10.);
#606=VECTOR('',#1872,10.);
#607=VECTOR('',#1875,10.);
#608=VECTOR('',#1876,10.);
#609=VECTOR('',#1877,10.);
#610=VECTOR('',#1880,10.);
#611=VECTOR('',#1881,10.);
#612=VECTOR('',#1882,10.);
#613=VECTOR('',#1885,10.);
#614=VECTOR('',#1886,10.);
#615=VECTOR('',#1889,10.);
#616=VECTOR('',#1890,10.);
#617=VECTOR('',#1891,10.);
#618=VECTOR('',#1892,10.);
#619=VECTOR('',#1895,10.);
#620=VECTOR('',#1896,10.);
#621=VECTOR('',#1897,10.);
#622=VECTOR('',#1900,10.);
#623=VECTOR('',#1901,10.);
#624=VECTOR('',#1902,10.);
#625=VECTOR('',#1903,10.);
#626=VECTOR('',#1904,10.);
#627=VECTOR('',#1905,10.);
#628=VECTOR('',#1912,10.);
#629=VECTOR('',#1915,10.);
#630=VECTOR('',#1916,10.);
#631=VECTOR('',#1917,10.);
#632=VECTOR('',#1918,10.);
#633=VECTOR('',#1921,10.);
#634=VECTOR('',#1922,10.);
#635=VECTOR('',#1923,10.);
#636=VECTOR('',#1926,10.);
#637=VECTOR('',#1927,10.);
#638=VECTOR('',#1928,10.);
#639=VECTOR('',#1929,10.);
#640=VECTOR('',#1930,10.);
#641=VECTOR('',#1933,10.);
#642=VECTOR('',#1934,10.);
#643=VECTOR('',#1935,10.);
#644=VECTOR('',#1938,10.);
#645=VECTOR('',#1939,10.);
#646=VECTOR('',#1940,10.);
#647=VECTOR('',#1943,10.);
#648=VECTOR('',#1944,10.);
#649=CIRCLE('',#1495,9.24999952365161);
#650=CIRCLE('',#1496,9.24999952365161);
#651=CIRCLE('',#1498,2.15000410095903);
#652=CIRCLE('',#1499,2.15000410095903);
#653=CIRCLE('',#1556,1.75000000000001);
#654=CIRCLE('',#1557,1.75000000000001);
#655=CIRCLE('',#1559,1.74999999999999);
#656=CIRCLE('',#1560,1.74999999999999);
#657=CIRCLE('',#1562,1.75);
#658=CIRCLE('',#1563,1.75);
#659=CIRCLE('',#1572,81.4227040809007);
#660=CIRCLE('',#1573,81.4227040809007);
#661=VERTEX_POINT('',#1951);
#662=VERTEX_POINT('',#1953);
#663=VERTEX_POINT('',#1957);
#664=VERTEX_POINT('',#1959);
#665=VERTEX_POINT('',#1964);
#666=VERTEX_POINT('',#1965);
#667=VERTEX_POINT('',#1967);
#668=VERTEX_POINT('',#1969);
#669=VERTEX_POINT('',#1973);
#670=VERTEX_POINT('',#1975);
#671=VERTEX_POINT('',#1979);
#672=VERTEX_POINT('',#1981);
#673=VERTEX_POINT('',#1989);
#674=VERTEX_POINT('',#1990);
#675=VERTEX_POINT('',#1992);
#676=VERTEX_POINT('',#1994);
#677=VERTEX_POINT('',#1998);
#678=VERTEX_POINT('',#2000);
#679=VERTEX_POINT('',#2004);
#680=VERTEX_POINT('',#2006);
#681=VERTEX_POINT('',#2014);
#682=VERTEX_POINT('',#2015);
#683=VERTEX_POINT('',#2017);
#684=VERTEX_POINT('',#2019);
#685=VERTEX_POINT('',#2023);
#686=VERTEX_POINT('',#2025);
#687=VERTEX_POINT('',#2029);
#688=VERTEX_POINT('',#2031);
#689=VERTEX_POINT('',#2037);
#690=VERTEX_POINT('',#2038);
#691=VERTEX_POINT('',#2040);
#692=VERTEX_POINT('',#2042);
#693=VERTEX_POINT('',#2046);
#694=VERTEX_POINT('',#2048);
#695=VERTEX_POINT('',#2052);
#696=VERTEX_POINT('',#2054);
#697=VERTEX_POINT('',#2062);
#698=VERTEX_POINT('',#2063);
#699=VERTEX_POINT('',#2065);
#700=VERTEX_POINT('',#2067);
#701=VERTEX_POINT('',#2071);
#702=VERTEX_POINT('',#2073);
#703=VERTEX_POINT('',#2077);
#704=VERTEX_POINT('',#2079);
#705=VERTEX_POINT('',#2087);
#706=VERTEX_POINT('',#2088);
#707=VERTEX_POINT('',#2090);
#708=VERTEX_POINT('',#2092);
#709=VERTEX_POINT('',#2096);
#710=VERTEX_POINT('',#2097);
#711=VERTEX_POINT('',#2099);
#712=VERTEX_POINT('',#2101);
#713=VERTEX_POINT('',#2110);
#714=VERTEX_POINT('',#2111);
#715=VERTEX_POINT('',#2113);
#716=VERTEX_POINT('',#2115);
#717=VERTEX_POINT('',#2119);
#718=VERTEX_POINT('',#2120);
#719=VERTEX_POINT('',#2122);
#720=VERTEX_POINT('',#2124);
#721=VERTEX_POINT('',#2133);
#722=VERTEX_POINT('',#2134);
#723=VERTEX_POINT('',#2136);
#724=VERTEX_POINT('',#2138);
#725=VERTEX_POINT('',#2142);
#726=VERTEX_POINT('',#2143);
#727=VERTEX_POINT('',#2145);
#728=VERTEX_POINT('',#2147);
#729=VERTEX_POINT('',#2156);
#730=VERTEX_POINT('',#2157);
#731=VERTEX_POINT('',#2159);
#732=VERTEX_POINT('',#2161);
#733=VERTEX_POINT('',#2165);
#734=VERTEX_POINT('',#2167);
#735=VERTEX_POINT('',#2171);
#736=VERTEX_POINT('',#2173);
#737=VERTEX_POINT('',#2181);
#738=VERTEX_POINT('',#2182);
#739=VERTEX_POINT('',#2184);
#740=VERTEX_POINT('',#2186);
#741=VERTEX_POINT('',#2190);
#742=VERTEX_POINT('',#2192);
#743=VERTEX_POINT('',#2196);
#744=VERTEX_POINT('',#2198);
#745=VERTEX_POINT('',#2204);
#746=VERTEX_POINT('',#2205);
#747=VERTEX_POINT('',#2207);
#748=VERTEX_POINT('',#2209);
#749=VERTEX_POINT('',#2213);
#750=VERTEX_POINT('',#2215);
#751=VERTEX_POINT('',#2219);
#752=VERTEX_POINT('',#2221);
#753=VERTEX_POINT('',#2227);
#754=VERTEX_POINT('',#2228);
#755=VERTEX_POINT('',#2230);
#756=VERTEX_POINT('',#2232);
#757=VERTEX_POINT('',#2236);
#758=VERTEX_POINT('',#2238);
#759=VERTEX_POINT('',#2242);
#760=VERTEX_POINT('',#2244);
#761=VERTEX_POINT('',#2252);
#762=VERTEX_POINT('',#2254);
#763=VERTEX_POINT('',#2258);
#764=VERTEX_POINT('',#2260);
#765=VERTEX_POINT('',#2264);
#766=VERTEX_POINT('',#2266);
#767=VERTEX_POINT('',#2270);
#768=VERTEX_POINT('',#2271);
#769=VERTEX_POINT('',#2273);
#770=VERTEX_POINT('',#2275);
#771=VERTEX_POINT('',#2279);
#772=VERTEX_POINT('',#2281);
#773=VERTEX_POINT('',#2285);
#774=VERTEX_POINT('',#2287);
#775=VERTEX_POINT('',#2294);
#776=VERTEX_POINT('',#2295);
#777=VERTEX_POINT('',#2297);
#778=VERTEX_POINT('',#2299);
#779=VERTEX_POINT('',#2303);
#780=VERTEX_POINT('',#2305);
#781=VERTEX_POINT('',#2309);
#782=VERTEX_POINT('',#2314);
#783=VERTEX_POINT('',#2318);
#784=VERTEX_POINT('',#2320);
#785=VERTEX_POINT('',#2324);
#786=VERTEX_POINT('',#2327);
#787=VERTEX_POINT('',#2331);
#788=VERTEX_POINT('',#2333);
#789=VERTEX_POINT('',#2337);
#790=VERTEX_POINT('',#2341);
#791=VERTEX_POINT('',#2345);
#792=VERTEX_POINT('',#2347);
#793=VERTEX_POINT('',#2351);
#794=VERTEX_POINT('',#2353);
#795=EDGE_CURVE('',#661,#661,#649,.T.);
#796=EDGE_CURVE('',#661,#662,#271,.T.);
#797=EDGE_CURVE('',#662,#662,#650,.T.);
#798=EDGE_CURVE('',#663,#663,#651,.T.);
#799=EDGE_CURVE('',#663,#664,#272,.T.);
#800=EDGE_CURVE('',#664,#664,#652,.T.);
#801=EDGE_CURVE('',#665,#666,#273,.T.);
#802=EDGE_CURVE('',#665,#667,#274,.T.);
#803=EDGE_CURVE('',#668,#667,#275,.T.);
#804=EDGE_CURVE('',#666,#668,#276,.T.);
#805=EDGE_CURVE('',#669,#665,#277,.T.);
#806=EDGE_CURVE('',#669,#670,#278,.T.);
#807=EDGE_CURVE('',#667,#670,#279,.T.);
#808=EDGE_CURVE('',#666,#671,#280,.T.);
#809=EDGE_CURVE('',#672,#668,#281,.T.);
#810=EDGE_CURVE('',#671,#672,#282,.T.);
#811=EDGE_CURVE('',#671,#669,#283,.T.);
#812=EDGE_CURVE('',#670,#672,#284,.T.);
#813=EDGE_CURVE('',#673,#674,#285,.T.);
#814=EDGE_CURVE('',#673,#675,#286,.T.);
#815=EDGE_CURVE('',#676,#675,#287,.T.);
#816=EDGE_CURVE('',#674,#676,#288,.T.);
#817=EDGE_CURVE('',#677,#673,#289,.T.);
#818=EDGE_CURVE('',#677,#678,#290,.T.);
#819=EDGE_CURVE('',#675,#678,#291,.T.);
#820=EDGE_CURVE('',#674,#679,#292,.T.);
#821=EDGE_CURVE('',#680,#676,#293,.T.);
#822=EDGE_CURVE('',#679,#680,#294,.T.);
#823=EDGE_CURVE('',#679,#677,#295,.T.);
#824=EDGE_CURVE('',#678,#680,#296,.T.);
#825=EDGE_CURVE('',#681,#682,#297,.T.);
#826=EDGE_CURVE('',#681,#683,#298,.T.);
#827=EDGE_CURVE('',#684,#683,#299,.T.);
#828=EDGE_CURVE('',#682,#684,#300,.T.);
#829=EDGE_CURVE('',#685,#681,#301,.T.);
#830=EDGE_CURVE('',#685,#686,#302,.T.);
#831=EDGE_CURVE('',#683,#686,#303,.T.);
#832=EDGE_CURVE('',#687,#685,#304,.T.);
#833=EDGE_CURVE('',#687,#688,#305,.T.);
#834=EDGE_CURVE('',#686,#688,#306,.T.);
#835=EDGE_CURVE('',#688,#684,#307,.T.);
#836=EDGE_CURVE('',#689,#690,#308,.T.);
#837=EDGE_CURVE('',#689,#691,#309,.T.);
#838=EDGE_CURVE('',#692,#691,#310,.T.);
#839=EDGE_CURVE('',#690,#692,#311,.T.);
#840=EDGE_CURVE('',#693,#689,#312,.T.);
#841=EDGE_CURVE('',#693,#694,#313,.T.);
#842=EDGE_CURVE('',#691,#694,#314,.T.);
#843=EDGE_CURVE('',#690,#695,#315,.T.);
#844=EDGE_CURVE('',#696,#692,#316,.T.);
#845=EDGE_CURVE('',#695,#696,#317,.T.);
#846=EDGE_CURVE('',#695,#693,#318,.T.);
#847=EDGE_CURVE('',#694,#696,#319,.T.);
#848=EDGE_CURVE('',#697,#698,#320,.T.);
#849=EDGE_CURVE('',#697,#699,#321,.T.);
#850=EDGE_CURVE('',#700,#699,#322,.T.);
#851=EDGE_CURVE('',#698,#700,#323,.T.);
#852=EDGE_CURVE('',#701,#697,#324,.T.);
#853=EDGE_CURVE('',#701,#702,#325,.T.);
#854=EDGE_CURVE('',#699,#702,#326,.T.);
#855=EDGE_CURVE('',#698,#703,#327,.T.);
#856=EDGE_CURVE('',#704,#700,#328,.T.);
#857=EDGE_CURVE('',#703,#704,#329,.T.);
#858=EDGE_CURVE('',#703,#701,#330,.T.);
#859=EDGE_CURVE('',#702,#704,#331,.T.);
#860=EDGE_CURVE('',#705,#706,#332,.T.);
#861=EDGE_CURVE('',#705,#707,#333,.T.);
#862=EDGE_CURVE('',#708,#707,#334,.T.);
#863=EDGE_CURVE('',#706,#708,#335,.T.);
#864=EDGE_CURVE('',#709,#710,#336,.T.);
#865=EDGE_CURVE('',#709,#711,#337,.T.);
#866=EDGE_CURVE('',#712,#711,#338,.T.);
#867=EDGE_CURVE('',#710,#712,#339,.T.);
#868=EDGE_CURVE('',#710,#705,#340,.T.);
#869=EDGE_CURVE('',#707,#712,#341,.T.);
#870=EDGE_CURVE('',#711,#708,#342,.T.);
#871=EDGE_CURVE('',#713,#714,#343,.T.);
#872=EDGE_CURVE('',#713,#715,#344,.T.);
#873=EDGE_CURVE('',#716,#715,#345,.T.);
#874=EDGE_CURVE('',#714,#716,#346,.T.);
#875=EDGE_CURVE('',#717,#718,#347,.T.);
#876=EDGE_CURVE('',#717,#719,#348,.T.);
#877=EDGE_CURVE('',#720,#719,#349,.T.);
#878=EDGE_CURVE('',#718,#720,#350,.T.);
#879=EDGE_CURVE('',#718,#713,#351,.T.);
#880=EDGE_CURVE('',#715,#720,#352,.T.);
#881=EDGE_CURVE('',#719,#716,#353,.T.);
#882=EDGE_CURVE('',#721,#722,#354,.T.);
#883=EDGE_CURVE('',#721,#723,#355,.T.);
#884=EDGE_CURVE('',#724,#723,#356,.T.);
#885=EDGE_CURVE('',#722,#724,#357,.T.);
#886=EDGE_CURVE('',#725,#726,#358,.T.);
#887=EDGE_CURVE('',#725,#727,#359,.T.);
#888=EDGE_CURVE('',#728,#727,#360,.T.);
#889=EDGE_CURVE('',#726,#728,#361,.T.);
#890=EDGE_CURVE('',#726,#721,#362,.T.);
#891=EDGE_CURVE('',#723,#728,#363,.T.);
#892=EDGE_CURVE('',#727,#724,#364,.T.);
#893=EDGE_CURVE('',#729,#730,#365,.T.);
#894=EDGE_CURVE('',#729,#731,#366,.T.);
#895=EDGE_CURVE('',#732,#731,#367,.T.);
#896=EDGE_CURVE('',#730,#732,#368,.T.);
#897=EDGE_CURVE('',#733,#729,#369,.T.);
#898=EDGE_CURVE('',#733,#734,#370,.T.);
#899=EDGE_CURVE('',#731,#734,#371,.T.);
#900=EDGE_CURVE('',#730,#735,#372,.T.);
#901=EDGE_CURVE('',#736,#732,#373,.T.);
#902=EDGE_CURVE('',#735,#736,#374,.T.);
#903=EDGE_CURVE('',#735,#733,#375,.T.);
#904=EDGE_CURVE('',#734,#736,#376,.T.);
#905=EDGE_CURVE('',#737,#738,#377,.T.);
#906=EDGE_CURVE('',#737,#739,#378,.T.);
#907=EDGE_CURVE('',#740,#739,#379,.T.);
#908=EDGE_CURVE('',#738,#740,#380,.T.);
#909=EDGE_CURVE('',#741,#737,#381,.T.);
#910=EDGE_CURVE('',#741,#742,#382,.T.);
#911=EDGE_CURVE('',#739,#742,#383,.T.);
#912=EDGE_CURVE('',#743,#741,#384,.T.);
#913=EDGE_CURVE('',#743,#744,#385,.T.);
#914=EDGE_CURVE('',#742,#744,#386,.T.);
#915=EDGE_CURVE('',#744,#740,#387,.T.);
#916=EDGE_CURVE('',#745,#746,#388,.T.);
#917=EDGE_CURVE('',#745,#747,#389,.T.);
#918=EDGE_CURVE('',#748,#747,#390,.T.);
#919=EDGE_CURVE('',#746,#748,#391,.T.);
#920=EDGE_CURVE('',#746,#749,#392,.T.);
#921=EDGE_CURVE('',#750,#748,#393,.T.);
#922=EDGE_CURVE('',#749,#750,#394,.T.);
#923=EDGE_CURVE('',#749,#751,#395,.T.);
#924=EDGE_CURVE('',#752,#750,#396,.T.);
#925=EDGE_CURVE('',#751,#752,#397,.T.);
#926=EDGE_CURVE('',#747,#752,#398,.T.);
#927=EDGE_CURVE('',#753,#754,#399,.T.);
#928=EDGE_CURVE('',#753,#755,#400,.T.);
#929=EDGE_CURVE('',#756,#755,#401,.T.);
#930=EDGE_CURVE('',#754,#756,#402,.T.);
#931=EDGE_CURVE('',#757,#753,#403,.T.);
#932=EDGE_CURVE('',#757,#758,#404,.T.);
#933=EDGE_CURVE('',#755,#758,#405,.T.);
#934=EDGE_CURVE('',#754,#759,#406,.T.);
#935=EDGE_CURVE('',#760,#756,#407,.T.);
#936=EDGE_CURVE('',#759,#760,#408,.T.);
#937=EDGE_CURVE('',#759,#757,#409,.T.);
#938=EDGE_CURVE('',#758,#760,#410,.T.);
#939=EDGE_CURVE('',#761,#761,#653,.T.);
#940=EDGE_CURVE('',#761,#762,#411,.T.);
#941=EDGE_CURVE('',#762,#762,#654,.T.);
#942=EDGE_CURVE('',#763,#763,#655,.T.);
#943=EDGE_CURVE('',#763,#764,#412,.T.);
#944=EDGE_CURVE('',#764,#764,#656,.T.);
#945=EDGE_CURVE('',#765,#765,#657,.T.);
#946=EDGE_CURVE('',#765,#766,#413,.T.);
#947=EDGE_CURVE('',#766,#766,#658,.T.);
#948=EDGE_CURVE('',#767,#768,#414,.T.);
#949=EDGE_CURVE('',#768,#769,#415,.T.);
#950=EDGE_CURVE('',#770,#769,#416,.T.);
#951=EDGE_CURVE('',#767,#770,#417,.T.);
#952=EDGE_CURVE('',#771,#767,#418,.T.);
#953=EDGE_CURVE('',#772,#770,#419,.T.);
#954=EDGE_CURVE('',#771,#772,#420,.T.);
#955=EDGE_CURVE('',#773,#771,#421,.T.);
#956=EDGE_CURVE('',#774,#772,#422,.T.);
#957=EDGE_CURVE('',#773,#774,#423,.T.);
#958=EDGE_CURVE('',#768,#773,#424,.T.);
#959=EDGE_CURVE('',#769,#774,#425,.T.);
#960=EDGE_CURVE('',#775,#776,#426,.T.);
#961=EDGE_CURVE('',#775,#777,#427,.F.);
#962=EDGE_CURVE('',#778,#777,#428,.T.);
#963=EDGE_CURVE('',#776,#778,#429,.T.);
#964=EDGE_CURVE('',#776,#779,#430,.T.);
#965=EDGE_CURVE('',#780,#778,#431,.T.);
#966=EDGE_CURVE('',#779,#780,#432,.T.);
#967=EDGE_CURVE('',#779,#781,#433,.T.);
#968=EDGE_CURVE('',#714,#780,#434,.T.);
#969=EDGE_CURVE('',#706,#717,#435,.T.);
#970=EDGE_CURVE('',#722,#709,#436,.T.);
#971=EDGE_CURVE('',#782,#725,#437,.T.);
#972=EDGE_CURVE('',#781,#782,#438,.T.);
#973=EDGE_CURVE('',#783,#781,#659,.F.);
#974=EDGE_CURVE('',#784,#782,#660,.F.);
#975=EDGE_CURVE('',#783,#784,#439,.F.);
#976=EDGE_CURVE('',#785,#783,#440,.T.);
#977=EDGE_CURVE('',#751,#784,#441,.T.);
#978=EDGE_CURVE('',#786,#745,#442,.T.);
#979=EDGE_CURVE('',#785,#786,#443,.T.);
#980=EDGE_CURVE('',#785,#787,#444,.T.);
#981=EDGE_CURVE('',#788,#786,#445,.T.);
#982=EDGE_CURVE('',#787,#788,#446,.T.);
#983=EDGE_CURVE('',#787,#789,#447,.T.);
#984=EDGE_CURVE('',#682,#788,#448,.T.);
#985=EDGE_CURVE('',#738,#687,#449,.T.);
#986=EDGE_CURVE('',#790,#743,#450,.T.);
#987=EDGE_CURVE('',#789,#790,#451,.T.);
#988=EDGE_CURVE('',#789,#791,#452,.T.);
#989=EDGE_CURVE('',#792,#790,#453,.T.);
#990=EDGE_CURVE('',#791,#792,#454,.T.);
#991=EDGE_CURVE('',#791,#793,#455,.T.);
#992=EDGE_CURVE('',#794,#792,#456,.T.);
#993=EDGE_CURVE('',#793,#794,#457,.T.);
#994=EDGE_CURVE('',#775,#793,#458,.F.);
#995=EDGE_CURVE('',#777,#794,#459,.F.);
#996=ORIENTED_EDGE('',*,*,#795,.F.);
#997=ORIENTED_EDGE('',*,*,#796,.T.);
#998=ORIENTED_EDGE('',*,*,#797,.F.);
#999=ORIENTED_EDGE('',*,*,#796,.F.);
#1000=ORIENTED_EDGE('',*,*,#798,.F.);
#1001=ORIENTED_EDGE('',*,*,#799,.T.);
#1002=ORIENTED_EDGE('',*,*,#800,.T.);
#1003=ORIENTED_EDGE('',*,*,#799,.F.);
#1004=ORIENTED_EDGE('',*,*,#800,.F.);
#1005=ORIENTED_EDGE('',*,*,#801,.F.);
#1006=ORIENTED_EDGE('',*,*,#802,.T.);
#1007=ORIENTED_EDGE('',*,*,#803,.F.);
#1008=ORIENTED_EDGE('',*,*,#804,.F.);
#1009=ORIENTED_EDGE('',*,*,#805,.F.);
#1010=ORIENTED_EDGE('',*,*,#806,.T.);
#1011=ORIENTED_EDGE('',*,*,#807,.F.);
#1012=ORIENTED_EDGE('',*,*,#802,.F.);
#1013=ORIENTED_EDGE('',*,*,#808,.F.);
#1014=ORIENTED_EDGE('',*,*,#804,.T.);
#1015=ORIENTED_EDGE('',*,*,#809,.F.);
#1016=ORIENTED_EDGE('',*,*,#810,.F.);
#1017=ORIENTED_EDGE('',*,*,#811,.F.);
#1018=ORIENTED_EDGE('',*,*,#810,.T.);
#1019=ORIENTED_EDGE('',*,*,#812,.F.);
#1020=ORIENTED_EDGE('',*,*,#806,.F.);
#1021=ORIENTED_EDGE('',*,*,#807,.T.);
#1022=ORIENTED_EDGE('',*,*,#812,.T.);
#1023=ORIENTED_EDGE('',*,*,#809,.T.);
#1024=ORIENTED_EDGE('',*,*,#803,.T.);
#1025=ORIENTED_EDGE('',*,*,#813,.F.);
#1026=ORIENTED_EDGE('',*,*,#814,.T.);
#1027=ORIENTED_EDGE('',*,*,#815,.F.);
#1028=ORIENTED_EDGE('',*,*,#816,.F.);
#1029=ORIENTED_EDGE('',*,*,#817,.F.);
#1030=ORIENTED_EDGE('',*,*,#818,.T.);
#1031=ORIENTED_EDGE('',*,*,#819,.F.);
#1032=ORIENTED_EDGE('',*,*,#814,.F.);
#1033=ORIENTED_EDGE('',*,*,#820,.F.);
#1034=ORIENTED_EDGE('',*,*,#816,.T.);
#1035=ORIENTED_EDGE('',*,*,#821,.F.);
#1036=ORIENTED_EDGE('',*,*,#822,.F.);
#1037=ORIENTED_EDGE('',*,*,#823,.F.);
#1038=ORIENTED_EDGE('',*,*,#822,.T.);
#1039=ORIENTED_EDGE('',*,*,#824,.F.);
#1040=ORIENTED_EDGE('',*,*,#818,.F.);
#1041=ORIENTED_EDGE('',*,*,#819,.T.);
#1042=ORIENTED_EDGE('',*,*,#824,.T.);
#1043=ORIENTED_EDGE('',*,*,#821,.T.);
#1044=ORIENTED_EDGE('',*,*,#815,.T.);
#1045=ORIENTED_EDGE('',*,*,#825,.F.);
#1046=ORIENTED_EDGE('',*,*,#826,.T.);
#1047=ORIENTED_EDGE('',*,*,#827,.F.);
#1048=ORIENTED_EDGE('',*,*,#828,.F.);
#1049=ORIENTED_EDGE('',*,*,#829,.F.);
#1050=ORIENTED_EDGE('',*,*,#830,.T.);
#1051=ORIENTED_EDGE('',*,*,#831,.F.);
#1052=ORIENTED_EDGE('',*,*,#826,.F.);
#1053=ORIENTED_EDGE('',*,*,#832,.F.);
#1054=ORIENTED_EDGE('',*,*,#833,.T.);
#1055=ORIENTED_EDGE('',*,*,#834,.F.);
#1056=ORIENTED_EDGE('',*,*,#830,.F.);
#1057=ORIENTED_EDGE('',*,*,#831,.T.);
#1058=ORIENTED_EDGE('',*,*,#834,.T.);
#1059=ORIENTED_EDGE('',*,*,#835,.T.);
#1060=ORIENTED_EDGE('',*,*,#827,.T.);
#1061=ORIENTED_EDGE('',*,*,#836,.F.);
#1062=ORIENTED_EDGE('',*,*,#837,.T.);
#1063=ORIENTED_EDGE('',*,*,#838,.F.);
#1064=ORIENTED_EDGE('',*,*,#839,.F.);
#1065=ORIENTED_EDGE('',*,*,#840,.F.);
#1066=ORIENTED_EDGE('',*,*,#841,.T.);
#1067=ORIENTED_EDGE('',*,*,#842,.F.);
#1068=ORIENTED_EDGE('',*,*,#837,.F.);
#1069=ORIENTED_EDGE('',*,*,#843,.F.);
#1070=ORIENTED_EDGE('',*,*,#839,.T.);
#1071=ORIENTED_EDGE('',*,*,#844,.F.);
#1072=ORIENTED_EDGE('',*,*,#845,.F.);
#1073=ORIENTED_EDGE('',*,*,#846,.F.);
#1074=ORIENTED_EDGE('',*,*,#845,.T.);
#1075=ORIENTED_EDGE('',*,*,#847,.F.);
#1076=ORIENTED_EDGE('',*,*,#841,.F.);
#1077=ORIENTED_EDGE('',*,*,#842,.T.);
#1078=ORIENTED_EDGE('',*,*,#847,.T.);
#1079=ORIENTED_EDGE('',*,*,#844,.T.);
#1080=ORIENTED_EDGE('',*,*,#838,.T.);
#1081=ORIENTED_EDGE('',*,*,#848,.F.);
#1082=ORIENTED_EDGE('',*,*,#849,.T.);
#1083=ORIENTED_EDGE('',*,*,#850,.F.);
#1084=ORIENTED_EDGE('',*,*,#851,.F.);
#1085=ORIENTED_EDGE('',*,*,#852,.F.);
#1086=ORIENTED_EDGE('',*,*,#853,.T.);
#1087=ORIENTED_EDGE('',*,*,#854,.F.);
#1088=ORIENTED_EDGE('',*,*,#849,.F.);
#1089=ORIENTED_EDGE('',*,*,#855,.F.);
#1090=ORIENTED_EDGE('',*,*,#851,.T.);
#1091=ORIENTED_EDGE('',*,*,#856,.F.);
#1092=ORIENTED_EDGE('',*,*,#857,.F.);
#1093=ORIENTED_EDGE('',*,*,#858,.F.);
#1094=ORIENTED_EDGE('',*,*,#857,.T.);
#1095=ORIENTED_EDGE('',*,*,#859,.F.);
#1096=ORIENTED_EDGE('',*,*,#853,.F.);
#1097=ORIENTED_EDGE('',*,*,#854,.T.);
#1098=ORIENTED_EDGE('',*,*,#859,.T.);
#1099=ORIENTED_EDGE('',*,*,#856,.T.);
#1100=ORIENTED_EDGE('',*,*,#850,.T.);
#1101=ORIENTED_EDGE('',*,*,#860,.F.);
#1102=ORIENTED_EDGE('',*,*,#861,.T.);
#1103=ORIENTED_EDGE('',*,*,#862,.F.);
#1104=ORIENTED_EDGE('',*,*,#863,.F.);
#1105=ORIENTED_EDGE('',*,*,#864,.F.);
#1106=ORIENTED_EDGE('',*,*,#865,.T.);
#1107=ORIENTED_EDGE('',*,*,#866,.F.);
#1108=ORIENTED_EDGE('',*,*,#867,.F.);
#1109=ORIENTED_EDGE('',*,*,#868,.F.);
#1110=ORIENTED_EDGE('',*,*,#867,.T.);
#1111=ORIENTED_EDGE('',*,*,#869,.F.);
#1112=ORIENTED_EDGE('',*,*,#861,.F.);
#1113=ORIENTED_EDGE('',*,*,#862,.T.);
#1114=ORIENTED_EDGE('',*,*,#869,.T.);
#1115=ORIENTED_EDGE('',*,*,#866,.T.);
#1116=ORIENTED_EDGE('',*,*,#870,.T.);
#1117=ORIENTED_EDGE('',*,*,#871,.F.);
#1118=ORIENTED_EDGE('',*,*,#872,.T.);
#1119=ORIENTED_EDGE('',*,*,#873,.F.);
#1120=ORIENTED_EDGE('',*,*,#874,.F.);
#1121=ORIENTED_EDGE('',*,*,#875,.F.);
#1122=ORIENTED_EDGE('',*,*,#876,.T.);
#1123=ORIENTED_EDGE('',*,*,#877,.F.);
#1124=ORIENTED_EDGE('',*,*,#878,.F.);
#1125=ORIENTED_EDGE('',*,*,#879,.F.);
#1126=ORIENTED_EDGE('',*,*,#878,.T.);
#1127=ORIENTED_EDGE('',*,*,#880,.F.);
#1128=ORIENTED_EDGE('',*,*,#872,.F.);
#1129=ORIENTED_EDGE('',*,*,#873,.T.);
#1130=ORIENTED_EDGE('',*,*,#880,.T.);
#1131=ORIENTED_EDGE('',*,*,#877,.T.);
#1132=ORIENTED_EDGE('',*,*,#881,.T.);
#1133=ORIENTED_EDGE('',*,*,#882,.F.);
#1134=ORIENTED_EDGE('',*,*,#883,.T.);
#1135=ORIENTED_EDGE('',*,*,#884,.F.);
#1136=ORIENTED_EDGE('',*,*,#885,.F.);
#1137=ORIENTED_EDGE('',*,*,#886,.F.);
#1138=ORIENTED_EDGE('',*,*,#887,.T.);
#1139=ORIENTED_EDGE('',*,*,#888,.F.);
#1140=ORIENTED_EDGE('',*,*,#889,.F.);
#1141=ORIENTED_EDGE('',*,*,#890,.F.);
#1142=ORIENTED_EDGE('',*,*,#889,.T.);
#1143=ORIENTED_EDGE('',*,*,#891,.F.);
#1144=ORIENTED_EDGE('',*,*,#883,.F.);
#1145=ORIENTED_EDGE('',*,*,#884,.T.);
#1146=ORIENTED_EDGE('',*,*,#891,.T.);
#1147=ORIENTED_EDGE('',*,*,#888,.T.);
#1148=ORIENTED_EDGE('',*,*,#892,.T.);
#1149=ORIENTED_EDGE('',*,*,#893,.F.);
#1150=ORIENTED_EDGE('',*,*,#894,.T.);
#1151=ORIENTED_EDGE('',*,*,#895,.F.);
#1152=ORIENTED_EDGE('',*,*,#896,.F.);
#1153=ORIENTED_EDGE('',*,*,#897,.F.);
#1154=ORIENTED_EDGE('',*,*,#898,.T.);
#1155=ORIENTED_EDGE('',*,*,#899,.F.);
#1156=ORIENTED_EDGE('',*,*,#894,.F.);
#1157=ORIENTED_EDGE('',*,*,#900,.F.);
#1158=ORIENTED_EDGE('',*,*,#896,.T.);
#1159=ORIENTED_EDGE('',*,*,#901,.F.);
#1160=ORIENTED_EDGE('',*,*,#902,.F.);
#1161=ORIENTED_EDGE('',*,*,#903,.F.);
#1162=ORIENTED_EDGE('',*,*,#902,.T.);
#1163=ORIENTED_EDGE('',*,*,#904,.F.);
#1164=ORIENTED_EDGE('',*,*,#898,.F.);
#1165=ORIENTED_EDGE('',*,*,#899,.T.);
#1166=ORIENTED_EDGE('',*,*,#904,.T.);
#1167=ORIENTED_EDGE('',*,*,#901,.T.);
#1168=ORIENTED_EDGE('',*,*,#895,.T.);
#1169=ORIENTED_EDGE('',*,*,#905,.F.);
#1170=ORIENTED_EDGE('',*,*,#906,.T.);
#1171=ORIENTED_EDGE('',*,*,#907,.F.);
#1172=ORIENTED_EDGE('',*,*,#908,.F.);
#1173=ORIENTED_EDGE('',*,*,#909,.F.);
#1174=ORIENTED_EDGE('',*,*,#910,.T.);
#1175=ORIENTED_EDGE('',*,*,#911,.F.);
#1176=ORIENTED_EDGE('',*,*,#906,.F.);
#1177=ORIENTED_EDGE('',*,*,#912,.F.);
#1178=ORIENTED_EDGE('',*,*,#913,.T.);
#1179=ORIENTED_EDGE('',*,*,#914,.F.);
#1180=ORIENTED_EDGE('',*,*,#910,.F.);
#1181=ORIENTED_EDGE('',*,*,#911,.T.);
#1182=ORIENTED_EDGE('',*,*,#914,.T.);
#1183=ORIENTED_EDGE('',*,*,#915,.T.);
#1184=ORIENTED_EDGE('',*,*,#907,.T.);
#1185=ORIENTED_EDGE('',*,*,#916,.F.);
#1186=ORIENTED_EDGE('',*,*,#917,.T.);
#1187=ORIENTED_EDGE('',*,*,#918,.F.);
#1188=ORIENTED_EDGE('',*,*,#919,.F.);
#1189=ORIENTED_EDGE('',*,*,#920,.F.);
#1190=ORIENTED_EDGE('',*,*,#919,.T.);
#1191=ORIENTED_EDGE('',*,*,#921,.F.);
#1192=ORIENTED_EDGE('',*,*,#922,.F.);
#1193=ORIENTED_EDGE('',*,*,#923,.F.);
#1194=ORIENTED_EDGE('',*,*,#922,.T.);
#1195=ORIENTED_EDGE('',*,*,#924,.F.);
#1196=ORIENTED_EDGE('',*,*,#925,.F.);
#1197=ORIENTED_EDGE('',*,*,#926,.T.);
#1198=ORIENTED_EDGE('',*,*,#924,.T.);
#1199=ORIENTED_EDGE('',*,*,#921,.T.);
#1200=ORIENTED_EDGE('',*,*,#918,.T.);
#1201=ORIENTED_EDGE('',*,*,#927,.F.);
#1202=ORIENTED_EDGE('',*,*,#928,.T.);
#1203=ORIENTED_EDGE('',*,*,#929,.F.);
#1204=ORIENTED_EDGE('',*,*,#930,.F.);
#1205=ORIENTED_EDGE('',*,*,#931,.F.);
#1206=ORIENTED_EDGE('',*,*,#932,.T.);
#1207=ORIENTED_EDGE('',*,*,#933,.F.);
#1208=ORIENTED_EDGE('',*,*,#928,.F.);
#1209=ORIENTED_EDGE('',*,*,#934,.F.);
#1210=ORIENTED_EDGE('',*,*,#930,.T.);
#1211=ORIENTED_EDGE('',*,*,#935,.F.);
#1212=ORIENTED_EDGE('',*,*,#936,.F.);
#1213=ORIENTED_EDGE('',*,*,#937,.F.);
#1214=ORIENTED_EDGE('',*,*,#936,.T.);
#1215=ORIENTED_EDGE('',*,*,#938,.F.);
#1216=ORIENTED_EDGE('',*,*,#932,.F.);
#1217=ORIENTED_EDGE('',*,*,#933,.T.);
#1218=ORIENTED_EDGE('',*,*,#938,.T.);
#1219=ORIENTED_EDGE('',*,*,#935,.T.);
#1220=ORIENTED_EDGE('',*,*,#929,.T.);
#1221=ORIENTED_EDGE('',*,*,#939,.F.);
#1222=ORIENTED_EDGE('',*,*,#940,.T.);
#1223=ORIENTED_EDGE('',*,*,#941,.T.);
#1224=ORIENTED_EDGE('',*,*,#940,.F.);
#1225=ORIENTED_EDGE('',*,*,#942,.F.);
#1226=ORIENTED_EDGE('',*,*,#943,.T.);
#1227=ORIENTED_EDGE('',*,*,#944,.T.);
#1228=ORIENTED_EDGE('',*,*,#943,.F.);
#1229=ORIENTED_EDGE('',*,*,#945,.F.);
#1230=ORIENTED_EDGE('',*,*,#946,.T.);
#1231=ORIENTED_EDGE('',*,*,#947,.T.);
#1232=ORIENTED_EDGE('',*,*,#946,.F.);
#1233=ORIENTED_EDGE('',*,*,#948,.T.);
#1234=ORIENTED_EDGE('',*,*,#949,.T.);
#1235=ORIENTED_EDGE('',*,*,#950,.F.);
#1236=ORIENTED_EDGE('',*,*,#951,.F.);
#1237=ORIENTED_EDGE('',*,*,#952,.T.);
#1238=ORIENTED_EDGE('',*,*,#951,.T.);
#1239=ORIENTED_EDGE('',*,*,#953,.F.);
#1240=ORIENTED_EDGE('',*,*,#954,.F.);
#1241=ORIENTED_EDGE('',*,*,#955,.T.);
#1242=ORIENTED_EDGE('',*,*,#954,.T.);
#1243=ORIENTED_EDGE('',*,*,#956,.F.);
#1244=ORIENTED_EDGE('',*,*,#957,.F.);
#1245=ORIENTED_EDGE('',*,*,#958,.T.);
#1246=ORIENTED_EDGE('',*,*,#957,.T.);
#1247=ORIENTED_EDGE('',*,*,#959,.F.);
#1248=ORIENTED_EDGE('',*,*,#949,.F.);
#1249=ORIENTED_EDGE('',*,*,#960,.F.);
#1250=ORIENTED_EDGE('',*,*,#961,.T.);
#1251=ORIENTED_EDGE('',*,*,#962,.F.);
#1252=ORIENTED_EDGE('',*,*,#963,.F.);
#1253=ORIENTED_EDGE('',*,*,#964,.F.);
#1254=ORIENTED_EDGE('',*,*,#963,.T.);
#1255=ORIENTED_EDGE('',*,*,#965,.F.);
#1256=ORIENTED_EDGE('',*,*,#966,.F.);
#1257=ORIENTED_EDGE('',*,*,#967,.F.);
#1258=ORIENTED_EDGE('',*,*,#966,.T.);
#1259=ORIENTED_EDGE('',*,*,#968,.F.);
#1260=ORIENTED_EDGE('',*,*,#874,.T.);
#1261=ORIENTED_EDGE('',*,*,#881,.F.);
#1262=ORIENTED_EDGE('',*,*,#876,.F.);
#1263=ORIENTED_EDGE('',*,*,#969,.F.);
#1264=ORIENTED_EDGE('',*,*,#863,.T.);
#1265=ORIENTED_EDGE('',*,*,#870,.F.);
#1266=ORIENTED_EDGE('',*,*,#865,.F.);
#1267=ORIENTED_EDGE('',*,*,#970,.F.);
#1268=ORIENTED_EDGE('',*,*,#885,.T.);
#1269=ORIENTED_EDGE('',*,*,#892,.F.);
#1270=ORIENTED_EDGE('',*,*,#887,.F.);
#1271=ORIENTED_EDGE('',*,*,#971,.F.);
#1272=ORIENTED_EDGE('',*,*,#972,.F.);
#1273=ORIENTED_EDGE('',*,*,#973,.T.);
#1274=ORIENTED_EDGE('',*,*,#972,.T.);
#1275=ORIENTED_EDGE('',*,*,#974,.F.);
#1276=ORIENTED_EDGE('',*,*,#975,.F.);
#1277=ORIENTED_EDGE('',*,*,#976,.T.);
#1278=ORIENTED_EDGE('',*,*,#975,.T.);
#1279=ORIENTED_EDGE('',*,*,#977,.F.);
#1280=ORIENTED_EDGE('',*,*,#925,.T.);
#1281=ORIENTED_EDGE('',*,*,#926,.F.);
#1282=ORIENTED_EDGE('',*,*,#917,.F.);
#1283=ORIENTED_EDGE('',*,*,#978,.F.);
#1284=ORIENTED_EDGE('',*,*,#979,.F.);
#1285=ORIENTED_EDGE('',*,*,#980,.F.);
#1286=ORIENTED_EDGE('',*,*,#979,.T.);
#1287=ORIENTED_EDGE('',*,*,#981,.F.);
#1288=ORIENTED_EDGE('',*,*,#982,.F.);
#1289=ORIENTED_EDGE('',*,*,#983,.F.);
#1290=ORIENTED_EDGE('',*,*,#982,.T.);
#1291=ORIENTED_EDGE('',*,*,#984,.F.);
#1292=ORIENTED_EDGE('',*,*,#828,.T.);
#1293=ORIENTED_EDGE('',*,*,#835,.F.);
#1294=ORIENTED_EDGE('',*,*,#833,.F.);
#1295=ORIENTED_EDGE('',*,*,#985,.F.);
#1296=ORIENTED_EDGE('',*,*,#908,.T.);
#1297=ORIENTED_EDGE('',*,*,#915,.F.);
#1298=ORIENTED_EDGE('',*,*,#913,.F.);
#1299=ORIENTED_EDGE('',*,*,#986,.F.);
#1300=ORIENTED_EDGE('',*,*,#987,.F.);
#1301=ORIENTED_EDGE('',*,*,#988,.F.);
#1302=ORIENTED_EDGE('',*,*,#987,.T.);
#1303=ORIENTED_EDGE('',*,*,#989,.F.);
#1304=ORIENTED_EDGE('',*,*,#990,.F.);
#1305=ORIENTED_EDGE('',*,*,#991,.F.);
#1306=ORIENTED_EDGE('',*,*,#990,.T.);
#1307=ORIENTED_EDGE('',*,*,#992,.F.);
#1308=ORIENTED_EDGE('',*,*,#993,.F.);
#1309=ORIENTED_EDGE('',*,*,#994,.T.);
#1310=ORIENTED_EDGE('',*,*,#993,.T.);
#1311=ORIENTED_EDGE('',*,*,#995,.F.);
#1312=ORIENTED_EDGE('',*,*,#961,.F.);
#1313=ORIENTED_EDGE('',*,*,#995,.T.);
#1314=ORIENTED_EDGE('',*,*,#992,.T.);
#1315=ORIENTED_EDGE('',*,*,#989,.T.);
#1316=ORIENTED_EDGE('',*,*,#986,.T.);
#1317=ORIENTED_EDGE('',*,*,#912,.T.);
#1318=ORIENTED_EDGE('',*,*,#909,.T.);
#1319=ORIENTED_EDGE('',*,*,#905,.T.);
#1320=ORIENTED_EDGE('',*,*,#985,.T.);
#1321=ORIENTED_EDGE('',*,*,#832,.T.);
#1322=ORIENTED_EDGE('',*,*,#829,.T.);
#1323=ORIENTED_EDGE('',*,*,#825,.T.);
#1324=ORIENTED_EDGE('',*,*,#984,.T.);
#1325=ORIENTED_EDGE('',*,*,#981,.T.);
#1326=ORIENTED_EDGE('',*,*,#978,.T.);
#1327=ORIENTED_EDGE('',*,*,#916,.T.);
#1328=ORIENTED_EDGE('',*,*,#920,.T.);
#1329=ORIENTED_EDGE('',*,*,#923,.T.);
#1330=ORIENTED_EDGE('',*,*,#977,.T.);
#1331=ORIENTED_EDGE('',*,*,#974,.T.);
#1332=ORIENTED_EDGE('',*,*,#971,.T.);
#1333=ORIENTED_EDGE('',*,*,#886,.T.);
#1334=ORIENTED_EDGE('',*,*,#890,.T.);
#1335=ORIENTED_EDGE('',*,*,#882,.T.);
#1336=ORIENTED_EDGE('',*,*,#970,.T.);
#1337=ORIENTED_EDGE('',*,*,#864,.T.);
#1338=ORIENTED_EDGE('',*,*,#868,.T.);
#1339=ORIENTED_EDGE('',*,*,#860,.T.);
#1340=ORIENTED_EDGE('',*,*,#969,.T.);
#1341=ORIENTED_EDGE('',*,*,#875,.T.);
#1342=ORIENTED_EDGE('',*,*,#879,.T.);
#1343=ORIENTED_EDGE('',*,*,#871,.T.);
#1344=ORIENTED_EDGE('',*,*,#968,.T.);
#1345=ORIENTED_EDGE('',*,*,#965,.T.);
#1346=ORIENTED_EDGE('',*,*,#962,.T.);
#1347=ORIENTED_EDGE('',*,*,#897,.T.);
#1348=ORIENTED_EDGE('',*,*,#893,.T.);
#1349=ORIENTED_EDGE('',*,*,#900,.T.);
#1350=ORIENTED_EDGE('',*,*,#903,.T.);
#1351=ORIENTED_EDGE('',*,*,#805,.T.);
#1352=ORIENTED_EDGE('',*,*,#801,.T.);
#1353=ORIENTED_EDGE('',*,*,#808,.T.);
#1354=ORIENTED_EDGE('',*,*,#811,.T.);
#1355=ORIENTED_EDGE('',*,*,#852,.T.);
#1356=ORIENTED_EDGE('',*,*,#848,.T.);
#1357=ORIENTED_EDGE('',*,*,#855,.T.);
#1358=ORIENTED_EDGE('',*,*,#858,.T.);
#1359=ORIENTED_EDGE('',*,*,#939,.T.);
#1360=ORIENTED_EDGE('',*,*,#931,.T.);
#1361=ORIENTED_EDGE('',*,*,#927,.T.);
#1362=ORIENTED_EDGE('',*,*,#934,.T.);
#1363=ORIENTED_EDGE('',*,*,#937,.T.);
#1364=ORIENTED_EDGE('',*,*,#942,.T.);
#1365=ORIENTED_EDGE('',*,*,#840,.T.);
#1366=ORIENTED_EDGE('',*,*,#836,.T.);
#1367=ORIENTED_EDGE('',*,*,#843,.T.);
#1368=ORIENTED_EDGE('',*,*,#846,.T.);
#1369=ORIENTED_EDGE('',*,*,#817,.T.);
#1370=ORIENTED_EDGE('',*,*,#813,.T.);
#1371=ORIENTED_EDGE('',*,*,#820,.T.);
#1372=ORIENTED_EDGE('',*,*,#823,.T.);
#1373=ORIENTED_EDGE('',*,*,#945,.T.);
#1374=ORIENTED_EDGE('',*,*,#959,.T.);
#1375=ORIENTED_EDGE('',*,*,#956,.T.);
#1376=ORIENTED_EDGE('',*,*,#953,.T.);
#1377=ORIENTED_EDGE('',*,*,#950,.T.);
#1378=ORIENTED_EDGE('',*,*,#795,.T.);
#1379=ORIENTED_EDGE('',*,*,#994,.F.);
#1380=ORIENTED_EDGE('',*,*,#960,.T.);
#1381=ORIENTED_EDGE('',*,*,#964,.T.);
#1382=ORIENTED_EDGE('',*,*,#967,.T.);
#1383=ORIENTED_EDGE('',*,*,#973,.F.);
#1384=ORIENTED_EDGE('',*,*,#976,.F.);
#1385=ORIENTED_EDGE('',*,*,#980,.T.);
#1386=ORIENTED_EDGE('',*,*,#983,.T.);
#1387=ORIENTED_EDGE('',*,*,#988,.T.);
#1388=ORIENTED_EDGE('',*,*,#991,.T.);
#1389=ORIENTED_EDGE('',*,*,#797,.T.);
#1390=ORIENTED_EDGE('',*,*,#798,.T.);
#1391=ORIENTED_EDGE('',*,*,#958,.F.);
#1392=ORIENTED_EDGE('',*,*,#948,.F.);
#1393=ORIENTED_EDGE('',*,*,#952,.F.);
#1394=ORIENTED_EDGE('',*,*,#955,.F.);
#1395=ORIENTED_EDGE('',*,*,#947,.F.);
#1396=ORIENTED_EDGE('',*,*,#944,.F.);
#1397=ORIENTED_EDGE('',*,*,#941,.F.);
#1398=CYLINDRICAL_SURFACE('',#1494,9.24999952365161);
#1399=CYLINDRICAL_SURFACE('',#1497,2.15000410095903);
#1400=CYLINDRICAL_SURFACE('',#1555,1.75000000000001);
#1401=CYLINDRICAL_SURFACE('',#1558,1.74999999999999);
#1402=CYLINDRICAL_SURFACE('',#1561,1.75);
#1403=CYLINDRICAL_SURFACE('',#1571,81.4227040809007);
#1404=ADVANCED_FACE('',(#102),#1398,.F.);
#1405=ADVANCED_FACE('',(#103),#1399,.F.);
#1406=ADVANCED_FACE('',(#104),#32,.F.);
#1407=ADVANCED_FACE('',(#105),#33,.T.);
#1408=ADVANCED_FACE('',(#106),#34,.T.);
#1409=ADVANCED_FACE('',(#107),#35,.T.);
#1410=ADVANCED_FACE('',(#108),#36,.T.);
#1411=ADVANCED_FACE('',(#109),#37,.T.);
#1412=ADVANCED_FACE('',(#110),#38,.T.);
#1413=ADVANCED_FACE('',(#111),#39,.T.);
#1414=ADVANCED_FACE('',(#112),#40,.T.);
#1415=ADVANCED_FACE('',(#113),#41,.T.);
#1416=ADVANCED_FACE('',(#114),#42,.T.);
#1417=ADVANCED_FACE('',(#115),#43,.T.);
#1418=ADVANCED_FACE('',(#116),#44,.T.);
#1419=ADVANCED_FACE('',(#117),#45,.T.);
#1420=ADVANCED_FACE('',(#118),#46,.T.);
#1421=ADVANCED_FACE('',(#119),#47,.T.);
#1422=ADVANCED_FACE('',(#120),#48,.T.);
#1423=ADVANCED_FACE('',(#121),#49,.T.);
#1424=ADVANCED_FACE('',(#122),#50,.T.);
#1425=ADVANCED_FACE('',(#123),#51,.T.);
#1426=ADVANCED_FACE('',(#124),#52,.T.);
#1427=ADVANCED_FACE('',(#125),#53,.T.);
#1428=ADVANCED_FACE('',(#126),#54,.T.);
#1429=ADVANCED_FACE('',(#127),#55,.T.);
#1430=ADVANCED_FACE('',(#128),#56,.T.);
#1431=ADVANCED_FACE('',(#129),#57,.T.);
#1432=ADVANCED_FACE('',(#130),#58,.T.);
#1433=ADVANCED_FACE('',(#131),#59,.T.);
#1434=ADVANCED_FACE('',(#132),#60,.T.);
#1435=ADVANCED_FACE('',(#133),#61,.T.);
#1436=ADVANCED_FACE('',(#134),#62,.T.);
#1437=ADVANCED_FACE('',(#135),#63,.T.);
#1438=ADVANCED_FACE('',(#136),#64,.T.);
#1439=ADVANCED_FACE('',(#137),#65,.T.);
#1440=ADVANCED_FACE('',(#138),#66,.T.);
#1441=ADVANCED_FACE('',(#139),#67,.T.);
#1442=ADVANCED_FACE('',(#140),#68,.T.);
#1443=ADVANCED_FACE('',(#141),#69,.T.);
#1444=ADVANCED_FACE('',(#142),#70,.T.);
#1445=ADVANCED_FACE('',(#143),#71,.T.);
#1446=ADVANCED_FACE('',(#144),#72,.T.);
#1447=ADVANCED_FACE('',(#145),#73,.T.);
#1448=ADVANCED_FACE('',(#146),#74,.T.);
#1449=ADVANCED_FACE('',(#147),#75,.T.);
#1450=ADVANCED_FACE('',(#148),#76,.T.);
#1451=ADVANCED_FACE('',(#149),#77,.T.);
#1452=ADVANCED_FACE('',(#150),#78,.T.);
#1453=ADVANCED_FACE('',(#151),#79,.T.);
#1454=ADVANCED_FACE('',(#152),#80,.T.);
#1455=ADVANCED_FACE('',(#153),#81,.T.);
#1456=ADVANCED_FACE('',(#154),#82,.T.);
#1457=ADVANCED_FACE('',(#155),#83,.T.);
#1458=ADVANCED_FACE('',(#156),#84,.T.);
#1459=ADVANCED_FACE('',(#157),#85,.T.);
#1460=ADVANCED_FACE('',(#158),#86,.T.);
#1461=ADVANCED_FACE('',(#159),#1400,.F.);
#1462=ADVANCED_FACE('',(#160),#1401,.F.);
#1463=ADVANCED_FACE('',(#161),#1402,.F.);
#1464=ADVANCED_FACE('',(#162),#87,.T.);
#1465=ADVANCED_FACE('',(#163),#88,.T.);
#1466=ADVANCED_FACE('',(#164),#89,.T.);
#1467=ADVANCED_FACE('',(#165),#90,.T.);
#1468=ADVANCED_FACE('',(#166),#91,.T.);
#1469=ADVANCED_FACE('',(#167),#92,.T.);
#1470=ADVANCED_FACE('',(#168),#93,.T.);
#1471=ADVANCED_FACE('',(#169),#1403,.T.);
#1472=ADVANCED_FACE('',(#170),#94,.T.);
#1473=ADVANCED_FACE('',(#171),#95,.T.);
#1474=ADVANCED_FACE('',(#172),#96,.T.);
#1475=ADVANCED_FACE('',(#173),#97,.T.);
#1476=ADVANCED_FACE('',(#174),#98,.T.);
#1477=ADVANCED_FACE('',(#175),#99,.T.);
#1478=ADVANCED_FACE('',(#176,#15,#16,#17,#18,#19,#20,#21,#22,#23,#24,#25),
#100,.T.);
#1479=ADVANCED_FACE('',(#177,#26,#27,#28,#29,#30,#31),#101,.F.);
#1480=CLOSED_SHELL('',(#1404,#1405,#1406,#1407,#1408,#1409,#1410,#1411,
#1412,#1413,#1414,#1415,#1416,#1417,#1418,#1419,#1420,#1421,#1422,#1423,
#1424,#1425,#1426,#1427,#1428,#1429,#1430,#1431,#1432,#1433,#1434,#1435,
#1436,#1437,#1438,#1439,#1440,#1441,#1442,#1443,#1444,#1445,#1446,#1447,
#1448,#1449,#1450,#1451,#1452,#1453,#1454,#1455,#1456,#1457,#1458,#1459,
#1460,#1461,#1462,#1463,#1464,#1465,#1466,#1467,#1468,#1469,#1470,#1471,
#1472,#1473,#1474,#1475,#1476,#1477,#1478,#1479));
#1481=DERIVED_UNIT_ELEMENT(#1483,1.);
#1482=DERIVED_UNIT_ELEMENT(#2366,-3.);
#1483=(
MASS_UNIT()
NAMED_UNIT(*)
SI_UNIT(.KILO.,.GRAM.)
);
#1484=DERIVED_UNIT((#1481,#1482));
#1485=MEASURE_REPRESENTATION_ITEM('density measure',
POSITIVE_RATIO_MEASURE(7850.),#1484);
#1486=PROPERTY_DEFINITION_REPRESENTATION(#1491,#1488);
#1487=PROPERTY_DEFINITION_REPRESENTATION(#1492,#1489);
#1488=REPRESENTATION('material name',(#1490),#2363);
#1489=REPRESENTATION('density',(#1485),#2363);
#1490=DESCRIPTIVE_REPRESENTATION_ITEM('Steel','Steel');
#1491=PROPERTY_DEFINITION('material property','material name',#2373);
#1492=PROPERTY_DEFINITION('material property','density of part',#2373);
#1493=AXIS2_PLACEMENT_3D('',#1949,#1582,#1583);
#1494=AXIS2_PLACEMENT_3D('',#1950,#1584,#1585);
#1495=AXIS2_PLACEMENT_3D('',#1952,#1586,#1587);
#1496=AXIS2_PLACEMENT_3D('',#1955,#1589,#1590);
#1497=AXIS2_PLACEMENT_3D('',#1956,#1591,#1592);
#1498=AXIS2_PLACEMENT_3D('',#1958,#1593,#1594);
#1499=AXIS2_PLACEMENT_3D('',#1961,#1596,#1597);
#1500=AXIS2_PLACEMENT_3D('',#1962,#1598,#1599);
#1501=AXIS2_PLACEMENT_3D('',#1963,#1600,#1601);
#1502=AXIS2_PLACEMENT_3D('',#1972,#1606,#1607);
#1503=AXIS2_PLACEMENT_3D('',#1978,#1611,#1612);
#1504=AXIS2_PLACEMENT_3D('',#1984,#1616,#1617);
#1505=AXIS2_PLACEMENT_3D('',#1987,#1620,#1621);
#1506=AXIS2_PLACEMENT_3D('',#1988,#1622,#1623);
#1507=AXIS2_PLACEMENT_3D('',#1997,#1628,#1629);
#1508=AXIS2_PLACEMENT_3D('',#2003,#1633,#1634);
#1509=AXIS2_PLACEMENT_3D('',#2009,#1638,#1639);
#1510=AXIS2_PLACEMENT_3D('',#2012,#1642,#1643);
#1511=AXIS2_PLACEMENT_3D('',#2013,#1644,#1645);
#1512=AXIS2_PLACEMENT_3D('',#2022,#1650,#1651);
#1513=AXIS2_PLACEMENT_3D('',#2028,#1655,#1656);
#1514=AXIS2_PLACEMENT_3D('',#2034,#1660,#1661);
#1515=AXIS2_PLACEMENT_3D('',#2036,#1663,#1664);
#1516=AXIS2_PLACEMENT_3D('',#2045,#1669,#1670);
#1517=AXIS2_PLACEMENT_3D('',#2051,#1674,#1675);
#1518=AXIS2_PLACEMENT_3D('',#2057,#1679,#1680);
#1519=AXIS2_PLACEMENT_3D('',#2060,#1683,#1684);
#1520=AXIS2_PLACEMENT_3D('',#2061,#1685,#1686);
#1521=AXIS2_PLACEMENT_3D('',#2070,#1691,#1692);
#1522=AXIS2_PLACEMENT_3D('',#2076,#1696,#1697);
#1523=AXIS2_PLACEMENT_3D('',#2082,#1701,#1702);
#1524=AXIS2_PLACEMENT_3D('',#2085,#1705,#1706);
#1525=AXIS2_PLACEMENT_3D('',#2086,#1707,#1708);
#1526=AXIS2_PLACEMENT_3D('',#2095,#1713,#1714);
#1527=AXIS2_PLACEMENT_3D('',#2104,#1719,#1720);
#1528=AXIS2_PLACEMENT_3D('',#2107,#1723,#1724);
#1529=AXIS2_PLACEMENT_3D('',#2109,#1726,#1727);
#1530=AXIS2_PLACEMENT_3D('',#2118,#1732,#1733);
#1531=AXIS2_PLACEMENT_3D('',#2127,#1738,#1739);
#1532=AXIS2_PLACEMENT_3D('',#2130,#1742,#1743);
#1533=AXIS2_PLACEMENT_3D('',#2132,#1745,#1746);
#1534=AXIS2_PLACEMENT_3D('',#2141,#1751,#1752);
#1535=AXIS2_PLACEMENT_3D('',#2150,#1757,#1758);
#1536=AXIS2_PLACEMENT_3D('',#2153,#1761,#1762);
#1537=AXIS2_PLACEMENT_3D('',#2155,#1764,#1765);
#1538=AXIS2_PLACEMENT_3D('',#2164,#1770,#1771);
#1539=AXIS2_PLACEMENT_3D('',#2170,#1775,#1776);
#1540=AXIS2_PLACEMENT_3D('',#2176,#1780,#1781);
#1541=AXIS2_PLACEMENT_3D('',#2179,#1784,#1785);
#1542=AXIS2_PLACEMENT_3D('',#2180,#1786,#1787);
#1543=AXIS2_PLACEMENT_3D('',#2189,#1792,#1793);
#1544=AXIS2_PLACEMENT_3D('',#2195,#1797,#1798);
#1545=AXIS2_PLACEMENT_3D('',#2201,#1802,#1803);
#1546=AXIS2_PLACEMENT_3D('',#2203,#1805,#1806);
#1547=AXIS2_PLACEMENT_3D('',#2212,#1811,#1812);
#1548=AXIS2_PLACEMENT_3D('',#2218,#1816,#1817);
#1549=AXIS2_PLACEMENT_3D('',#2224,#1821,#1822);
#1550=AXIS2_PLACEMENT_3D('',#2226,#1824,#1825);
#1551=AXIS2_PLACEMENT_3D('',#2235,#1830,#1831);
#1552=AXIS2_PLACEMENT_3D('',#2241,#1835,#1836);
#1553=AXIS2_PLACEMENT_3D('',#2247,#1840,#1841);
#1554=AXIS2_PLACEMENT_3D('',#2250,#1844,#1845);
#1555=AXIS2_PLACEMENT_3D('',#2251,#1846,#1847);
#1556=AXIS2_PLACEMENT_3D('',#2253,#1848,#1849);
#1557=AXIS2_PLACEMENT_3D('',#2256,#1851,#1852);
#1558=AXIS2_PLACEMENT_3D('',#2257,#1853,#1854);
#1559=AXIS2_PLACEMENT_3D('',#2259,#1855,#1856);
#1560=AXIS2_PLACEMENT_3D('',#2262,#1858,#1859);
#1561=AXIS2_PLACEMENT_3D('',#2263,#1860,#1861);
#1562=AXIS2_PLACEMENT_3D('',#2265,#1862,#1863);
#1563=AXIS2_PLACEMENT_3D('',#2268,#1865,#1866);
#1564=AXIS2_PLACEMENT_3D('',#2269,#1867,#1868);
#1565=AXIS2_PLACEMENT_3D('',#2278,#1873,#1874);
#1566=AXIS2_PLACEMENT_3D('',#2284,#1878,#1879);
#1567=AXIS2_PLACEMENT_3D('',#2290,#1883,#1884);
#1568=AXIS2_PLACEMENT_3D('',#2293,#1887,#1888);
#1569=AXIS2_PLACEMENT_3D('',#2302,#1893,#1894);
#1570=AXIS2_PLACEMENT_3D('',#2308,#1898,#1899);
#1571=AXIS2_PLACEMENT_3D('',#2317,#1906,#1907);
#1572=AXIS2_PLACEMENT_3D('',#2319,#1908,#1909);
#1573=AXIS2_PLACEMENT_3D('',#2321,#1910,#1911);
#1574=AXIS2_PLACEMENT_3D('',#2323,#1913,#1914);
#1575=AXIS2_PLACEMENT_3D('',#2330,#1919,#1920);
#1576=AXIS2_PLACEMENT_3D('',#2336,#1924,#1925);
#1577=AXIS2_PLACEMENT_3D('',#2344,#1931,#1932);
#1578=AXIS2_PLACEMENT_3D('',#2350,#1936,#1937);
#1579=AXIS2_PLACEMENT_3D('',#2356,#1941,#1942);
#1580=AXIS2_PLACEMENT_3D('',#2359,#1945,#1946);
#1581=AXIS2_PLACEMENT_3D('',#2360,#1947,#1948);
#1582=DIRECTION('axis',(0.,0.,1.));
#1583=DIRECTION('refdir',(1.,0.,0.));
#1584=DIRECTION('center_axis',(0.,0.,-1.));
#1585=DIRECTION('ref_axis',(-1.,0.,0.));
#1586=DIRECTION('center_axis',(0.,0.,-1.));
#1587=DIRECTION('ref_axis',(-1.,0.,0.));
#1588=DIRECTION('',(0.,0.,-1.));
#1589=DIRECTION('center_axis',(0.,0.,1.));
#1590=DIRECTION('ref_axis',(-1.,0.,0.));
#1591=DIRECTION('center_axis',(0.,0.,1.));
#1592=DIRECTION('ref_axis',(-1.,0.,0.));
#1593=DIRECTION('center_axis',(0.,0.,1.));
#1594=DIRECTION('ref_axis',(-1.,0.,0.));
#1595=DIRECTION('',(0.,0.,1.));
#1596=DIRECTION('center_axis',(0.,0.,1.));
#1597=DIRECTION('ref_axis',(-1.,0.,0.));
#1598=DIRECTION('center_axis',(0.,0.,1.));
#1599=DIRECTION('ref_axis',(-1.,0.,0.));
#1600=DIRECTION('center_axis',(0.,-1.,0.));
#1601=DIRECTION('ref_axis',(1.,0.,0.));
#1602=DIRECTION('',(-1.,0.,0.));
#1603=DIRECTION('',(0.,0.,1.));
#1604=DIRECTION('',(1.,0.,0.));
#1605=DIRECTION('',(0.,0.,1.));
#1606=DIRECTION('center_axis',(1.,0.,0.));
#1607=DIRECTION('ref_axis',(0.,1.,0.));
#1608=DIRECTION('',(0.,-1.,0.));
#1609=DIRECTION('',(0.,0.,1.));
#1610=DIRECTION('',(0.,1.,0.));
#1611=DIRECTION('center_axis',(-1.,0.,0.));
#1612=DIRECTION('ref_axis',(0.,-1.,0.));
#1613=DIRECTION('',(0.,1.,0.));
#1614=DIRECTION('',(0.,-1.,0.));
#1615=DIRECTION('',(0.,0.,1.));
#1616=DIRECTION('center_axis',(0.,1.,0.));
#1617=DIRECTION('ref_axis',(-1.,0.,0.));
#1618=DIRECTION('',(1.,0.,0.));
#1619=DIRECTION('',(-1.,0.,0.));
#1620=DIRECTION('center_axis',(0.,0.,1.));
#1621=DIRECTION('ref_axis',(1.,0.,0.));
#1622=DIRECTION('center_axis',(0.,-1.,0.));
#1623=DIRECTION('ref_axis',(1.,0.,0.));
#1624=DIRECTION('',(-1.,0.,0.));
#1625=DIRECTION('',(0.,0.,1.));
#1626=DIRECTION('',(1.,0.,0.));
#1627=DIRECTION('',(0.,0.,1.));
#1628=DIRECTION('center_axis',(1.,0.,0.));
#1629=DIRECTION('ref_axis',(0.,1.,0.));
#1630=DIRECTION('',(0.,-1.,0.));
#1631=DIRECTION('',(0.,0.,1.));
#1632=DIRECTION('',(0.,1.,0.));
#1633=DIRECTION('center_axis',(-1.,0.,0.));
#1634=DIRECTION('ref_axis',(0.,-1.,0.));
#1635=DIRECTION('',(0.,1.,0.));
#1636=DIRECTION('',(0.,-1.,0.));
#1637=DIRECTION('',(0.,0.,1.));
#1638=DIRECTION('center_axis',(0.,1.,0.));
#1639=DIRECTION('ref_axis',(-1.,0.,0.));
#1640=DIRECTION('',(1.,0.,0.));
#1641=DIRECTION('',(-1.,0.,0.));
#1642=DIRECTION('center_axis',(0.,0.,1.));
#1643=DIRECTION('ref_axis',(1.,0.,0.));
#1644=DIRECTION('center_axis',(0.000780849410798059,0.999999695137052,0.));
#1645=DIRECTION('ref_axis',(-0.999999695137052,0.000780849410798058,0.));
#1646=DIRECTION('',(0.999999695137052,-0.000780849410798058,0.));
#1647=DIRECTION('',(0.,0.,1.));
#1648=DIRECTION('',(-0.999999695137052,0.000780849410798058,0.));
#1649=DIRECTION('',(0.,0.,1.));
#1650=DIRECTION('center_axis',(-0.999999695137053,0.000780849409810716,
0.));
#1651=DIRECTION('ref_axis',(-0.000780849409810716,-0.999999695137053,0.));
#1652=DIRECTION('',(0.000780849409810716,0.999999695137053,0.));
#1653=DIRECTION('',(0.,0.,1.));
#1654=DIRECTION('',(-0.000780849409810716,-0.999999695137053,0.));
#1655=DIRECTION('center_axis',(-0.000780849409808708,-0.999999695137053,
0.));
#1656=DIRECTION('ref_axis',(0.999999695137053,-0.000780849409808708,0.));
#1657=DIRECTION('',(-0.999999695137053,0.000780849409808708,0.));
#1658=DIRECTION('',(0.,0.,1.));
#1659=DIRECTION('',(0.999999695137053,-0.000780849409808708,0.));
#1660=DIRECTION('center_axis',(0.,0.,1.));
#1661=DIRECTION('ref_axis',(1.,0.,0.));
#1662=DIRECTION('',(1.66140642844789E-13,1.,0.));
#1663=DIRECTION('center_axis',(0.00078084940980864,0.999999695137053,0.));
#1664=DIRECTION('ref_axis',(-0.999999695137053,0.00078084940980864,0.));
#1665=DIRECTION('',(0.999999695137053,-0.00078084940980864,0.));
#1666=DIRECTION('',(0.,0.,1.));
#1667=DIRECTION('',(-0.999999695137053,0.00078084940980864,0.));
#1668=DIRECTION('',(0.,0.,1.));
#1669=DIRECTION('center_axis',(-0.999999695137053,0.000780849409810712,
0.));
#1670=DIRECTION('ref_axis',(-0.000780849409810712,-0.999999695137053,0.));
#1671=DIRECTION('',(0.000780849409810712,0.999999695137053,0.));
#1672=DIRECTION('',(0.,0.,1.));
#1673=DIRECTION('',(-0.000780849409810712,-0.999999695137053,0.));
#1674=DIRECTION('center_axis',(0.999999695137053,-0.000780849409814265,
0.));
#1675=DIRECTION('ref_axis',(0.000780849409814265,0.999999695137053,0.));
#1676=DIRECTION('',(-0.000780849409814265,-0.999999695137053,0.));
#1677=DIRECTION('',(0.000780849409814265,0.999999695137053,0.));
#1678=DIRECTION('',(0.,0.,1.));
#1679=DIRECTION('center_axis',(-0.000780849409808641,-0.999999695137053,
0.));
#1680=DIRECTION('ref_axis',(0.999999695137053,-0.000780849409808641,0.));
#1681=DIRECTION('',(-0.999999695137053,0.000780849409808641,0.));
#1682=DIRECTION('',(0.999999695137053,-0.000780849409808641,0.));
#1683=DIRECTION('center_axis',(0.,0.,1.));
#1684=DIRECTION('ref_axis',(1.,0.,0.));
#1685=DIRECTION('center_axis',(0.000780849409808344,0.999999695137053,0.));
#1686=DIRECTION('ref_axis',(-0.999999695137053,0.000780849409808344,0.));
#1687=DIRECTION('',(0.999999695137053,-0.000780849409808344,0.));
#1688=DIRECTION('',(0.,0.,1.));
#1689=DIRECTION('',(-0.999999695137053,0.000780849409808344,0.));
#1690=DIRECTION('',(0.,0.,1.));
#1691=DIRECTION('center_axis',(-0.999999695137053,0.000780849409807164,
0.));
#1692=DIRECTION('ref_axis',(-0.000780849409807164,-0.999999695137053,0.));
#1693=DIRECTION('',(0.000780849409807164,0.999999695137053,0.));
#1694=DIRECTION('',(0.,0.,1.));
#1695=DIRECTION('',(-0.000780849409807164,-0.999999695137053,0.));
#1696=DIRECTION('center_axis',(0.999999695137053,-0.000780849409807158,
0.));
#1697=DIRECTION('ref_axis',(0.000780849409807158,0.999999695137053,0.));
#1698=DIRECTION('',(-0.000780849409807158,-0.999999695137053,0.));
#1699=DIRECTION('',(0.000780849409807158,0.999999695137053,0.));
#1700=DIRECTION('',(0.,0.,1.));
#1701=DIRECTION('center_axis',(-0.000780849409809528,-0.999999695137053,
0.));
#1702=DIRECTION('ref_axis',(0.999999695137053,-0.000780849409809528,0.));
#1703=DIRECTION('',(-0.999999695137053,0.000780849409809528,0.));
#1704=DIRECTION('',(0.999999695137053,-0.000780849409809528,0.));
#1705=DIRECTION('center_axis',(0.,0.,1.));
#1706=DIRECTION('ref_axis',(1.,0.,0.));
#1707=DIRECTION('center_axis',(0.,-1.,0.));
#1708=DIRECTION('ref_axis',(1.,0.,0.));
#1709=DIRECTION('',(-1.,0.,0.));
#1710=DIRECTION('',(0.,0.,1.));
#1711=DIRECTION('',(1.,0.,0.));
#1712=DIRECTION('',(0.,0.,1.));
#1713=DIRECTION('center_axis',(-9.89353526639878E-13,1.,0.));
#1714=DIRECTION('ref_axis',(-1.,-9.89353526639878E-13,0.));
#1715=DIRECTION('',(1.,9.89353526639878E-13,0.));
#1716=DIRECTION('',(0.,0.,1.));
#1717=DIRECTION('',(-1.,-9.89353526639878E-13,0.));
#1718=DIRECTION('',(0.,0.,1.));
#1719=DIRECTION('center_axis',(1.,0.,0.));
#1720=DIRECTION('ref_axis',(0.,1.,0.));
#1721=DIRECTION('',(0.,-1.,0.));
#1722=DIRECTION('',(0.,1.,0.));
#1723=DIRECTION('center_axis',(0.,0.,1.));
#1724=DIRECTION('ref_axis',(1.,0.,0.));
#1725=DIRECTION('',(2.00431298781166E-14,-1.,0.));
#1726=DIRECTION('center_axis',(3.86164530304402E-16,-1.,0.));
#1727=DIRECTION('ref_axis',(1.,3.86164530304402E-16,0.));
#1728=DIRECTION('',(-1.,-3.86164530304402E-16,0.));
#1729=DIRECTION('',(0.,0.,1.));
#1730=DIRECTION('',(1.,3.86164530304402E-16,0.));
#1731=DIRECTION('',(0.,0.,1.));
#1732=DIRECTION('center_axis',(0.,1.,0.));
#1733=DIRECTION('ref_axis',(-1.,0.,0.));
#1734=DIRECTION('',(1.,0.,0.));
#1735=DIRECTION('',(0.,0.,1.));
#1736=DIRECTION('',(-1.,0.,0.));
#1737=DIRECTION('',(0.,0.,1.));
#1738=DIRECTION('center_axis',(1.,0.,0.));
#1739=DIRECTION('ref_axis',(0.,1.,0.));
#1740=DIRECTION('',(0.,-1.,0.));
#1741=DIRECTION('',(0.,1.,0.));
#1742=DIRECTION('center_axis',(0.,0.,1.));
#1743=DIRECTION('ref_axis',(1.,0.,0.));
#1744=DIRECTION('',(2.00431298781166E-14,-1.,0.));
#1745=DIRECTION('center_axis',(-7.72329060608804E-16,-1.,0.));
#1746=DIRECTION('ref_axis',(1.,-7.72329060608805E-16,0.));
#1747=DIRECTION('',(-1.,7.72329060608805E-16,0.));
#1748=DIRECTION('',(0.,0.,1.));
#1749=DIRECTION('',(1.,-7.72329060608805E-16,0.));
#1750=DIRECTION('',(0.,0.,1.));
#1751=DIRECTION('center_axis',(0.,1.,0.));
#1752=DIRECTION('ref_axis',(-1.,0.,0.));
#1753=DIRECTION('',(1.,0.,0.));
#1754=DIRECTION('',(0.,0.,1.));
#1755=DIRECTION('',(-1.,0.,0.));
#1756=DIRECTION('',(0.,0.,1.));
#1757=DIRECTION('center_axis',(1.,0.,0.));
#1758=DIRECTION('ref_axis',(0.,1.,0.));
#1759=DIRECTION('',(0.,-1.,0.));
#1760=DIRECTION('',(0.,1.,0.));
#1761=DIRECTION('center_axis',(0.,0.,1.));
#1762=DIRECTION('ref_axis',(1.,0.,0.));
#1763=DIRECTION('',(-7.87404487197838E-16,-1.,1.485477679441E-16));
#1764=DIRECTION('center_axis',(0.000780849409808344,0.999999695137053,0.));
#1765=DIRECTION('ref_axis',(-0.999999695137053,0.000780849409808344,0.));
#1766=DIRECTION('',(0.999999695137053,-0.000780849409808344,0.));
#1767=DIRECTION('',(0.,0.,1.));
#1768=DIRECTION('',(-0.999999695137053,0.000780849409808344,0.));
#1769=DIRECTION('',(0.,0.,1.));
#1770=DIRECTION('center_axis',(-0.999999695137053,0.000780849409810711,
0.));
#1771=DIRECTION('ref_axis',(-0.000780849409810711,-0.999999695137053,0.));
#1772=DIRECTION('',(0.000780849409810711,0.999999695137053,0.));
#1773=DIRECTION('',(0.,0.,1.));
#1774=DIRECTION('',(-0.000780849409810711,-0.999999695137053,0.));
#1775=DIRECTION('center_axis',(0.999999695137053,-0.000780849409807158,
0.));
#1776=DIRECTION('ref_axis',(0.000780849409807158,0.999999695137053,0.));
#1777=DIRECTION('',(-0.000780849409807158,-0.999999695137053,0.));
#1778=DIRECTION('',(0.000780849409807158,0.999999695137053,0.));
#1779=DIRECTION('',(0.,0.,1.));
#1780=DIRECTION('center_axis',(-0.000780849409808343,-0.999999695137053,
0.));
#1781=DIRECTION('ref_axis',(0.999999695137053,-0.000780849409808343,0.));
#1782=DIRECTION('',(-0.999999695137053,0.000780849409808343,0.));
#1783=DIRECTION('',(0.999999695137053,-0.000780849409808343,0.));
#1784=DIRECTION('center_axis',(0.,0.,1.));
#1785=DIRECTION('ref_axis',(1.,0.,0.));
#1786=DIRECTION('center_axis',(0.000780849409809091,0.999999695137053,0.));
#1787=DIRECTION('ref_axis',(-0.999999695137053,0.000780849409809092,0.));
#1788=DIRECTION('',(0.999999695137053,-0.000780849409809092,0.));
#1789=DIRECTION('',(0.,0.,1.));
#1790=DIRECTION('',(-0.999999695137053,0.000780849409809092,0.));
#1791=DIRECTION('',(0.,0.,1.));
#1792=DIRECTION('center_axis',(-0.999999695137053,0.000780849409810711,
0.));
#1793=DIRECTION('ref_axis',(-0.000780849409810711,-0.999999695137053,0.));
#1794=DIRECTION('',(0.000780849409810711,0.999999695137053,0.));
#1795=DIRECTION('',(0.,0.,1.));
#1796=DIRECTION('',(-0.000780849409810711,-0.999999695137053,0.));
#1797=DIRECTION('center_axis',(-0.000780849409809092,-0.999999695137053,
0.));
#1798=DIRECTION('ref_axis',(0.999999695137053,-0.000780849409809092,0.));
#1799=DIRECTION('',(-0.999999695137053,0.000780849409809092,0.));
#1800=DIRECTION('',(0.,0.,1.));
#1801=DIRECTION('',(0.999999695137053,-0.000780849409809092,0.));
#1802=DIRECTION('center_axis',(0.,0.,1.));
#1803=DIRECTION('ref_axis',(1.,0.,0.));
#1804=DIRECTION('',(1.66140642844789E-13,1.,0.));
#1805=DIRECTION('center_axis',(-0.000780849409807932,-0.999999695137053,
0.));
#1806=DIRECTION('ref_axis',(0.999999695137053,-0.000780849409807932,0.));
#1807=DIRECTION('',(-0.999999695137053,0.000780849409807932,0.));
#1808=DIRECTION('',(0.,0.,1.));
#1809=DIRECTION('',(0.999999695137053,-0.000780849409807932,0.));
#1810=DIRECTION('',(0.,0.,1.));
#1811=DIRECTION('center_axis',(-0.999999695137053,0.000780849409810711,
0.));
#1812=DIRECTION('ref_axis',(-0.000780849409810711,-0.999999695137053,0.));
#1813=DIRECTION('',(0.000780849409810711,0.999999695137053,0.));
#1814=DIRECTION('',(-0.000780849409810711,-0.999999695137053,0.));
#1815=DIRECTION('',(0.,0.,1.));
#1816=DIRECTION('center_axis',(0.000780849409809478,0.999999695137053,0.));
#1817=DIRECTION('ref_axis',(-0.999999695137053,0.000780849409809478,0.));
#1818=DIRECTION('',(0.999999695137053,-0.000780849409809478,0.));
#1819=DIRECTION('',(-0.999999695137053,0.000780849409809478,0.));
#1820=DIRECTION('',(0.,0.,1.));
#1821=DIRECTION('center_axis',(0.,0.,1.));
#1822=DIRECTION('ref_axis',(1.,0.,0.));
#1823=DIRECTION('',(1.65433036665273E-13,1.,-4.7694716286209E-18));
#1824=DIRECTION('center_axis',(1.,0.,0.));
#1825=DIRECTION('ref_axis',(0.,1.,0.));
#1826=DIRECTION('',(0.,-1.,0.));
#1827=DIRECTION('',(0.,0.,1.));
#1828=DIRECTION('',(0.,1.,0.));
#1829=DIRECTION('',(0.,0.,1.));
#1830=DIRECTION('center_axis',(0.,1.,0.));
#1831=DIRECTION('ref_axis',(-1.,0.,0.));
#1832=DIRECTION('',(1.,0.,0.));
#1833=DIRECTION('',(0.,0.,1.));
#1834=DIRECTION('',(-1.,0.,0.));
#1835=DIRECTION('center_axis',(0.,-1.,0.));
#1836=DIRECTION('ref_axis',(1.,0.,0.));
#1837=DIRECTION('',(-1.,0.,0.));
#1838=DIRECTION('',(1.,0.,0.));
#1839=DIRECTION('',(0.,0.,1.));
#1840=DIRECTION('center_axis',(-1.,0.,0.));
#1841=DIRECTION('ref_axis',(0.,-1.,0.));
#1842=DIRECTION('',(0.,1.,0.));
#1843=DIRECTION('',(0.,-1.,0.));
#1844=DIRECTION('center_axis',(0.,0.,1.));
#1845=DIRECTION('ref_axis',(1.,0.,0.));
#1846=DIRECTION('center_axis',(0.,0.,1.));
#1847=DIRECTION('ref_axis',(-1.,0.,0.));
#1848=DIRECTION('center_axis',(0.,0.,-1.));
#1849=DIRECTION('ref_axis',(-1.,0.,0.));
#1850=DIRECTION('',(0.,0.,-1.));
#1851=DIRECTION('center_axis',(0.,0.,-1.));
#1852=DIRECTION('ref_axis',(-1.,0.,0.));
#1853=DIRECTION('center_axis',(0.,0.,1.));
#1854=DIRECTION('ref_axis',(-1.,0.,0.));
#1855=DIRECTION('center_axis',(0.,0.,-1.));
#1856=DIRECTION('ref_axis',(-1.,0.,0.));
#1857=DIRECTION('',(0.,0.,-1.));
#1858=DIRECTION('center_axis',(0.,0.,-1.));
#1859=DIRECTION('ref_axis',(-1.,0.,0.));
#1860=DIRECTION('center_axis',(0.,0.,1.));
#1861=DIRECTION('ref_axis',(-1.,0.,0.));
#1862=DIRECTION('center_axis',(0.,0.,-1.));
#1863=DIRECTION('ref_axis',(-1.,0.,0.));
#1864=DIRECTION('',(0.,0.,-1.));
#1865=DIRECTION('center_axis',(0.,0.,-1.));
#1866=DIRECTION('ref_axis',(-1.,0.,0.));
#1867=DIRECTION('center_axis',(-1.,0.,0.));
#1868=DIRECTION('ref_axis',(0.,-1.,0.));
#1869=DIRECTION('',(0.,-1.,0.));
#1870=DIRECTION('',(0.,0.,1.));
#1871=DIRECTION('',(0.,-1.,0.));
#1872=DIRECTION('',(0.,0.,1.));
#1873=DIRECTION('center_axis',(0.,-1.,0.));
#1874=DIRECTION('ref_axis',(1.,0.,0.));
#1875=DIRECTION('',(1.,0.,0.));
#1876=DIRECTION('',(1.,0.,0.));
#1877=DIRECTION('',(0.,0.,1.));
#1878=DIRECTION('center_axis',(1.,0.,0.));
#1879=DIRECTION('ref_axis',(0.,1.,0.));
#1880=DIRECTION('',(0.,1.,0.));
#1881=DIRECTION('',(0.,1.,0.));
#1882=DIRECTION('',(0.,0.,1.));
#1883=DIRECTION('center_axis',(0.,1.,0.));
#1884=DIRECTION('ref_axis',(-1.,0.,0.));
#1885=DIRECTION('',(-1.,0.,0.));
#1886=DIRECTION('',(-1.,0.,0.));
#1887=DIRECTION('center_axis',(-1.,0.,0.));
#1888=DIRECTION('ref_axis',(0.,-1.,0.));
#1889=DIRECTION('',(0.,1.,0.));
#1890=DIRECTION('',(0.,0.,-1.));
#1891=DIRECTION('',(0.,-1.,0.));
#1892=DIRECTION('',(0.,0.,1.));
#1893=DIRECTION('center_axis',(1.19562479575014E-15,1.,0.));
#1894=DIRECTION('ref_axis',(-1.,1.19562479575014E-15,0.));
#1895=DIRECTION('',(1.,-1.19562479575014E-15,0.));
#1896=DIRECTION('',(-1.,1.19562479575014E-15,0.));
#1897=DIRECTION('',(0.,0.,1.));
#1898=DIRECTION('center_axis',(-1.,7.87404487197838E-16,0.));
#1899=DIRECTION('ref_axis',(-7.87404487197838E-16,-1.,1.485477679441E-16));
#1900=DIRECTION('',(7.87404487197838E-16,1.,-1.485477679441E-16));
#1901=DIRECTION('',(2.00431298781166E-14,-1.,0.));
#1902=DIRECTION('',(2.00431298781166E-14,-1.,0.));
#1903=DIRECTION('',(-7.87404487197838E-16,-1.,1.485477679441E-16));
#1904=DIRECTION('',(-7.87404487197838E-16,-1.,1.485477679441E-16));
#1905=DIRECTION('',(0.,0.,1.));
#1906=DIRECTION('center_axis',(0.,0.,1.));
#1907=DIRECTION('ref_axis',(0.561118386305875,0.827735559553588,0.));
#1908=DIRECTION('center_axis',(0.,0.,-1.));
#1909=DIRECTION('ref_axis',(0.561118386305875,0.827735559553588,0.));
#1910=DIRECTION('center_axis',(0.,0.,-1.));
#1911=DIRECTION('ref_axis',(0.561118386305875,0.827735559553588,0.));
#1912=DIRECTION('',(0.,0.,-1.));
#1913=DIRECTION('center_axis',(1.,-1.65433036665273E-13,0.));
#1914=DIRECTION('ref_axis',(1.65433036665273E-13,1.,-4.7694716286209E-18));
#1915=DIRECTION('',(1.65433036665273E-13,1.,-4.7694716286209E-18));
#1916=DIRECTION('',(1.65433036665273E-13,1.,-4.7694716286209E-18));
#1917=DIRECTION('',(1.65433036665273E-13,1.,-4.7694716286209E-18));
#1918=DIRECTION('',(0.,0.,1.));
#1919=DIRECTION('center_axis',(0.,-1.,0.));
#1920=DIRECTION('ref_axis',(1.,0.,0.));
#1921=DIRECTION('',(-1.,0.,0.));
#1922=DIRECTION('',(1.,0.,0.));
#1923=DIRECTION('',(0.,0.,1.));
#1924=DIRECTION('center_axis',(1.,-1.66140642844789E-13,0.));
#1925=DIRECTION('ref_axis',(1.66140642844789E-13,1.,0.));
#1926=DIRECTION('',(-1.66140642844789E-13,-1.,0.));
#1927=DIRECTION('',(1.66140642844789E-13,1.,0.));
#1928=DIRECTION('',(1.66140642844789E-13,1.,0.));
#1929=DIRECTION('',(1.66140642844789E-13,1.,0.));
#1930=DIRECTION('',(0.,0.,1.));
#1931=DIRECTION('center_axis',(1.19562479574737E-15,1.,0.));
#1932=DIRECTION('ref_axis',(-1.,1.19562479574737E-15,0.));
#1933=DIRECTION('',(1.,-1.19562479574737E-15,0.));
#1934=DIRECTION('',(-1.,1.19562479574737E-15,0.));
#1935=DIRECTION('',(0.,0.,1.));
#1936=DIRECTION('center_axis',(1.,-1.85897808774445E-14,0.));
#1937=DIRECTION('ref_axis',(1.85897808774445E-14,1.,0.));
#1938=DIRECTION('',(-1.85897808774445E-14,-1.,0.));
#1939=DIRECTION('',(1.85897808774445E-14,1.,0.));
#1940=DIRECTION('',(0.,0.,1.));
#1941=DIRECTION('center_axis',(0.,-1.,0.));
#1942=DIRECTION('ref_axis',(1.,0.,0.));
#1943=DIRECTION('',(-1.,0.,0.));
#1944=DIRECTION('',(-1.,0.,0.));
#1945=DIRECTION('center_axis',(0.,0.,1.));
#1946=DIRECTION('ref_axis',(-1.,0.,0.));
#1947=DIRECTION('center_axis',(0.,0.,1.));
#1948=DIRECTION('ref_axis',(-1.,0.,0.));
#1949=CARTESIAN_POINT('',(0.,0.,0.));
#1950=CARTESIAN_POINT('Origin',(56.2884687133253,93.5304135917443,28.5));
#1951=CARTESIAN_POINT('',(65.5384682369769,93.5304135917443,28.5));
#1952=CARTESIAN_POINT('Origin',(56.2884687133253,93.5304135917443,28.5));
#1953=CARTESIAN_POINT('',(65.5384682369769,93.5304135917443,26.));
#1954=CARTESIAN_POINT('',(65.5384682369769,93.5304135917443,28.5));
#1955=CARTESIAN_POINT('Origin',(56.2884687133253,93.5304135917443,26.));
#1956=CARTESIAN_POINT('Origin',(60.9125163079728,77.5349894330232,26.));
#1957=CARTESIAN_POINT('',(63.0625204089319,77.5349894330232,26.));
#1958=CARTESIAN_POINT('Origin',(60.9125163079728,77.5349894330232,26.));
#1959=CARTESIAN_POINT('',(63.0625204089319,77.5349894330232,27.));
#1960=CARTESIAN_POINT('',(63.0625204089319,77.5349894330232,26.));
#1961=CARTESIAN_POINT('Origin',(60.9125163079728,77.5349894330232,27.));
#1962=CARTESIAN_POINT('Origin',(60.9125163079728,77.5349894330232,27.));
#1963=CARTESIAN_POINT('Origin',(28.2499999998126,24.7855041328202,26.));
#1964=CARTESIAN_POINT('',(43.2499999998126,24.7855041328202,28.5));
#1965=CARTESIAN_POINT('',(28.2499999998126,24.7855041328202,28.5));
#1966=CARTESIAN_POINT('',(28.2499999998126,24.7855041328202,28.5));
#1967=CARTESIAN_POINT('',(43.2499999998126,24.7855041328202,43.));
#1968=CARTESIAN_POINT('',(43.2499999998126,24.7855041328202,26.));
#1969=CARTESIAN_POINT('',(28.2499999998126,24.7855041328202,43.));
#1970=CARTESIAN_POINT('',(28.2499999998126,24.7855041328202,43.));
#1971=CARTESIAN_POINT('',(28.2499999998126,24.7855041328202,26.));
#1972=CARTESIAN_POINT('Origin',(43.2499999998126,24.7855041328202,26.));
#1973=CARTESIAN_POINT('',(43.2499999998126,27.2855041328202,28.5));
#1974=CARTESIAN_POINT('',(43.2499999998126,24.7855041328202,28.5));
#1975=CARTESIAN_POINT('',(43.2499999998126,27.2855041328202,43.));
#1976=CARTESIAN_POINT('',(43.2499999998126,27.2855041328202,26.));
#1977=CARTESIAN_POINT('',(43.2499999998126,24.7855041328202,43.));
#1978=CARTESIAN_POINT('Origin',(28.2499999998126,27.2855041328202,26.));
#1979=CARTESIAN_POINT('',(28.2499999998126,27.2855041328202,28.5));
#1980=CARTESIAN_POINT('',(28.2499999998126,27.2855041328202,28.5));
#1981=CARTESIAN_POINT('',(28.2499999998126,27.2855041328202,43.));
#1982=CARTESIAN_POINT('',(28.2499999998126,27.2855041328202,43.));
#1983=CARTESIAN_POINT('',(28.2499999998126,27.2855041328202,26.));
#1984=CARTESIAN_POINT('Origin',(43.2499999998126,27.2855041328202,26.));
#1985=CARTESIAN_POINT('',(43.2499999998126,27.2855041328202,28.5));
#1986=CARTESIAN_POINT('',(43.2499999998126,27.2855041328202,43.));
#1987=CARTESIAN_POINT('Origin',(35.7499999998126,26.0355041328202,43.));
#1988=CARTESIAN_POINT('Origin',(28.2499999998107,84.7855041328202,26.));
#1989=CARTESIAN_POINT('',(43.2499999998107,84.7855041328202,28.5));
#1990=CARTESIAN_POINT('',(28.2499999998107,84.7855041328202,28.5));
#1991=CARTESIAN_POINT('',(28.2499999998107,84.7855041328202,28.5));
#1992=CARTESIAN_POINT('',(43.2499999998107,84.7855041328202,43.));
#1993=CARTESIAN_POINT('',(43.2499999998107,84.7855041328202,26.));
#1994=CARTESIAN_POINT('',(28.2499999998107,84.7855041328202,43.));
#1995=CARTESIAN_POINT('',(28.2499999998107,84.7855041328202,43.));
#1996=CARTESIAN_POINT('',(28.2499999998107,84.7855041328202,26.));
#1997=CARTESIAN_POINT('Origin',(43.2499999998107,84.7855041328202,26.));
#1998=CARTESIAN_POINT('',(43.2499999998107,87.2855041328202,28.5));
#1999=CARTESIAN_POINT('',(43.2499999998107,84.7855041328202,28.5));
#2000=CARTESIAN_POINT('',(43.2499999998107,87.2855041328202,43.));
#2001=CARTESIAN_POINT('',(43.2499999998107,87.2855041328202,26.));
#2002=CARTESIAN_POINT('',(43.2499999998107,84.7855041328202,43.));
#2003=CARTESIAN_POINT('Origin',(28.2499999998107,87.2855041328202,26.));
#2004=CARTESIAN_POINT('',(28.2499999998107,87.2855041328202,28.5));
#2005=CARTESIAN_POINT('',(28.2499999998107,87.2855041328202,28.5));
#2006=CARTESIAN_POINT('',(28.2499999998107,87.2855041328202,43.));
#2007=CARTESIAN_POINT('',(28.2499999998107,87.2855041328202,43.));
#2008=CARTESIAN_POINT('',(28.2499999998107,87.2855041328202,26.));
#2009=CARTESIAN_POINT('Origin',(43.2499999998107,87.2855041328202,26.));
#2010=CARTESIAN_POINT('',(43.2499999998107,87.2855041328202,28.5));
#2011=CARTESIAN_POINT('',(43.2499999998107,87.2855041328202,43.));
#2012=CARTESIAN_POINT('Origin',(35.7499999998107,86.0355041328202,43.));
#2013=CARTESIAN_POINT('Origin',(92.0499999998086,72.257573276898,26.));
#2014=CARTESIAN_POINT('',(69.3103443768808,72.2753295290061,28.5));
#2015=CARTESIAN_POINT('',(92.0499999998086,72.257573276898,28.5));
#2016=CARTESIAN_POINT('',(69.3103443768808,72.2753295290061,28.5));
#2017=CARTESIAN_POINT('',(69.3103443768808,72.2753295290061,43.));
#2018=CARTESIAN_POINT('',(69.3103443768808,72.2753295290061,26.));
#2019=CARTESIAN_POINT('',(92.0499999998086,72.257573276898,43.));
#2020=CARTESIAN_POINT('',(69.3103443768808,72.2753295290061,43.));
#2021=CARTESIAN_POINT('',(92.0499999998086,72.257573276898,26.));
#2022=CARTESIAN_POINT('Origin',(69.3103443768808,72.2753295290061,26.));
#2023=CARTESIAN_POINT('',(69.3083922533563,69.7753302911635,28.5));
#2024=CARTESIAN_POINT('',(69.3083922533563,69.7753302911635,28.5));
#2025=CARTESIAN_POINT('',(69.3083922533563,69.7753302911635,43.));
#2026=CARTESIAN_POINT('',(69.3083922533563,69.7753302911635,26.));
#2027=CARTESIAN_POINT('',(69.3083922533563,69.7753302911635,43.));
#2028=CARTESIAN_POINT('Origin',(69.3083922533563,69.7753302911635,26.));
#2029=CARTESIAN_POINT('',(92.0499999998083,69.7575725147629,28.5));
#2030=CARTESIAN_POINT('',(92.3083852415085,69.7573707547379,28.5));
#2031=CARTESIAN_POINT('',(92.0499999998083,69.7575725147629,43.));
#2032=CARTESIAN_POINT('',(92.0499999998083,69.7575725147629,26.));
#2033=CARTESIAN_POINT('',(92.3083852415085,69.7573707547379,43.));
#2034=CARTESIAN_POINT('Origin',(80.6791961265825,71.0164510218845,43.));
#2035=CARTESIAN_POINT('',(92.0499999998126,95.7502209529419,43.));
#2036=CARTESIAN_POINT('Origin',(84.2752015804939,27.2636305066916,26.));
#2037=CARTESIAN_POINT('',(69.2752061534381,27.2753432478388,28.5));
#2038=CARTESIAN_POINT('',(84.2752015804939,27.2636305066916,28.5));
#2039=CARTESIAN_POINT('',(69.2752061534381,27.2753432478388,28.5));
#2040=CARTESIAN_POINT('',(69.2752061534381,27.2753432478388,43.));
#2041=CARTESIAN_POINT('',(69.2752061534381,27.2753432478388,26.));
#2042=CARTESIAN_POINT('',(84.2752015804939,27.2636305066916,43.));
#2043=CARTESIAN_POINT('',(69.2752061534381,27.2753432478388,43.));
#2044=CARTESIAN_POINT('',(84.2752015804939,27.2636305066916,26.));
#2045=CARTESIAN_POINT('Origin',(69.2752061534381,27.2753432478388,26.));
#2046=CARTESIAN_POINT('',(69.2732540299135,24.7753440099961,28.5));
#2047=CARTESIAN_POINT('',(69.2732540299135,24.7753440099961,28.5));
#2048=CARTESIAN_POINT('',(69.2732540299135,24.7753440099961,43.));
#2049=CARTESIAN_POINT('',(69.2732540299135,24.7753440099961,26.));
#2050=CARTESIAN_POINT('',(69.2732540299135,24.7753440099961,43.));
#2051=CARTESIAN_POINT('Origin',(84.2732494569693,24.763631268849,26.));
#2052=CARTESIAN_POINT('',(84.2732494569693,24.763631268849,28.5));
#2053=CARTESIAN_POINT('',(84.2752015804939,27.2636305066916,28.5));
#2054=CARTESIAN_POINT('',(84.2732494569693,24.763631268849,43.));
#2055=CARTESIAN_POINT('',(84.2752015804939,27.2636305066916,43.));
#2056=CARTESIAN_POINT('',(84.2732494569693,24.763631268849,26.));
#2057=CARTESIAN_POINT('Origin',(69.2732540299135,24.7753440099961,26.));
#2058=CARTESIAN_POINT('',(84.2732494569693,24.763631268849,28.5));
#2059=CARTESIAN_POINT('',(84.2732494569693,24.763631268849,43.));
#2060=CARTESIAN_POINT('Origin',(76.7742278052037,26.0194872583439,43.));
#2061=CARTESIAN_POINT('Origin',(84.3220525450843,87.2636122149148,26.));
#2062=CARTESIAN_POINT('',(69.3220571180285,87.2753249560619,28.5));
#2063=CARTESIAN_POINT('',(84.3220525450843,87.2636122149148,28.5));
#2064=CARTESIAN_POINT('',(69.3220571180285,87.2753249560619,28.5));
#2065=CARTESIAN_POINT('',(69.3220571180285,87.2753249560619,43.));
#2066=CARTESIAN_POINT('',(69.3220571180285,87.2753249560619,26.));
#2067=CARTESIAN_POINT('',(84.3220525450843,87.2636122149148,43.));
#2068=CARTESIAN_POINT('',(69.3220571180285,87.2753249560619,43.));
#2069=CARTESIAN_POINT('',(84.3220525450843,87.2636122149148,26.));
#2070=CARTESIAN_POINT('Origin',(69.3220571180285,87.2753249560619,26.));
#2071=CARTESIAN_POINT('',(69.320104994504,84.7753257182193,28.5));
#2072=CARTESIAN_POINT('',(69.320104994504,84.7753257182193,28.5));
#2073=CARTESIAN_POINT('',(69.320104994504,84.7753257182193,43.));
#2074=CARTESIAN_POINT('',(69.320104994504,84.7753257182193,26.));
#2075=CARTESIAN_POINT('',(69.320104994504,84.7753257182193,43.));
#2076=CARTESIAN_POINT('Origin',(84.3201004215598,84.7636129770722,26.));
#2077=CARTESIAN_POINT('',(84.3201004215598,84.7636129770722,28.5));
#2078=CARTESIAN_POINT('',(84.3220525450843,87.2636122149148,28.5));
#2079=CARTESIAN_POINT('',(84.3201004215598,84.7636129770722,43.));
#2080=CARTESIAN_POINT('',(84.3220525450843,87.2636122149148,43.));
#2081=CARTESIAN_POINT('',(84.3201004215598,84.7636129770722,26.));
#2082=CARTESIAN_POINT('Origin',(69.320104994504,84.7753257182193,26.));
#2083=CARTESIAN_POINT('',(84.3201004215598,84.7636129770722,28.5));
#2084=CARTESIAN_POINT('',(84.3201004215598,84.7636129770722,43.));
#2085=CARTESIAN_POINT('Origin',(76.8210787697941,86.019468966567,43.));
#2086=CARTESIAN_POINT('Origin',(20.4499999998113,69.7855041328202,26.));
#2087=CARTESIAN_POINT('',(43.2499999998112,69.7855041328202,28.5));
#2088=CARTESIAN_POINT('',(20.4499999998113,69.7855041328202,28.5));
#2089=CARTESIAN_POINT('',(20.2499999998113,69.7855041328202,28.5));
#2090=CARTESIAN_POINT('',(43.2499999998112,69.7855041328202,43.));
#2091=CARTESIAN_POINT('',(43.2499999998112,69.7855041328202,26.));
#2092=CARTESIAN_POINT('',(20.4499999998113,69.7855041328202,43.));
#2093=CARTESIAN_POINT('',(20.2499999998113,69.7855041328202,43.));
#2094=CARTESIAN_POINT('',(20.4499999998113,69.7855041328202,26.));
#2095=CARTESIAN_POINT('Origin',(43.2499999998112,72.2855041328202,26.));
#2096=CARTESIAN_POINT('',(20.4499999998113,72.2855041327976,28.5));
#2097=CARTESIAN_POINT('',(43.2499999998112,72.2855041328202,28.5));
#2098=CARTESIAN_POINT('',(43.2499999998112,72.2855041328202,28.5));
#2099=CARTESIAN_POINT('',(20.4499999998113,72.2855041327976,43.));
#2100=CARTESIAN_POINT('',(20.4499999998113,72.2855041327976,26.));
#2101=CARTESIAN_POINT('',(43.2499999998112,72.2855041328202,43.));
#2102=CARTESIAN_POINT('',(43.2499999998112,72.2855041328202,43.));
#2103=CARTESIAN_POINT('',(43.2499999998112,72.2855041328202,26.));
#2104=CARTESIAN_POINT('Origin',(43.2499999998112,69.7855041328202,26.));
#2105=CARTESIAN_POINT('',(43.2499999998112,69.7855041328202,28.5));
#2106=CARTESIAN_POINT('',(43.2499999998112,69.7855041328202,43.));
#2107=CARTESIAN_POINT('Origin',(31.8499999998112,71.0355041328202,43.));
#2108=CARTESIAN_POINT('',(20.4499999998126,3.79999999999999,43.));
#2109=CARTESIAN_POINT('Origin',(20.4499999998119,39.7855041328202,26.));
#2110=CARTESIAN_POINT('',(43.2499999998126,39.7855041328202,28.5));
#2111=CARTESIAN_POINT('',(20.4499999998119,39.7855041328202,28.5));
#2112=CARTESIAN_POINT('',(20.2499999998126,39.7855041328202,28.5));
#2113=CARTESIAN_POINT('',(43.2499999998126,39.7855041328202,43.));
#2114=CARTESIAN_POINT('',(43.2499999998126,39.7855041328202,26.));
#2115=CARTESIAN_POINT('',(20.4499999998119,39.7855041328202,43.));
#2116=CARTESIAN_POINT('',(20.2499999998126,39.7855041328202,43.));
#2117=CARTESIAN_POINT('',(20.4499999998119,39.7855041328202,26.));
#2118=CARTESIAN_POINT('Origin',(43.2499999998126,42.2855041328202,26.));
#2119=CARTESIAN_POINT('',(20.4499999998119,42.2855041328202,28.5));
#2120=CARTESIAN_POINT('',(43.2499999998126,42.2855041328202,28.5));
#2121=CARTESIAN_POINT('',(43.2499999998126,42.2855041328202,28.5));
#2122=CARTESIAN_POINT('',(20.4499999998119,42.2855041328202,43.));
#2123=CARTESIAN_POINT('',(20.4499999998119,42.2855041328202,26.));
#2124=CARTESIAN_POINT('',(43.2499999998126,42.2855041328202,43.));
#2125=CARTESIAN_POINT('',(43.2499999998126,42.2855041328202,43.));
#2126=CARTESIAN_POINT('',(43.2499999998126,42.2855041328202,26.));
#2127=CARTESIAN_POINT('Origin',(43.2499999998126,39.7855041328202,26.));
#2128=CARTESIAN_POINT('',(43.2499999998126,39.7855041328202,28.5));
#2129=CARTESIAN_POINT('',(43.2499999998126,39.7855041328202,43.));
#2130=CARTESIAN_POINT('Origin',(31.8499999998122,41.0355041328202,43.));
#2131=CARTESIAN_POINT('',(20.4499999998126,3.79999999999999,43.));
#2132=CARTESIAN_POINT('Origin',(20.4499999998108,99.7855041328202,26.));
#2133=CARTESIAN_POINT('',(43.2499999998107,99.7855041328202,28.5));
#2134=CARTESIAN_POINT('',(20.4499999998108,99.7855041328202,28.5));
#2135=CARTESIAN_POINT('',(20.2499999998107,99.7855041328202,28.5));
#2136=CARTESIAN_POINT('',(43.2499999998107,99.7855041328202,43.));
#2137=CARTESIAN_POINT('',(43.2499999998107,99.7855041328202,26.));
#2138=CARTESIAN_POINT('',(20.4499999998108,99.7855041328202,43.));
#2139=CARTESIAN_POINT('',(20.2499999998107,99.7855041328202,43.));
#2140=CARTESIAN_POINT('',(20.4499999998108,99.7855041328202,26.));
#2141=CARTESIAN_POINT('Origin',(43.2499999998107,102.28550413282,26.));
#2142=CARTESIAN_POINT('',(20.4499999998108,102.28550413282,28.5));
#2143=CARTESIAN_POINT('',(43.2499999998107,102.28550413282,28.5));
#2144=CARTESIAN_POINT('',(43.2499999998107,102.28550413282,28.5));
#2145=CARTESIAN_POINT('',(20.4499999998108,102.28550413282,43.));
#2146=CARTESIAN_POINT('',(20.4499999998108,102.28550413282,26.));
#2147=CARTESIAN_POINT('',(43.2499999998107,102.28550413282,43.));
#2148=CARTESIAN_POINT('',(43.2499999998107,102.28550413282,43.));
#2149=CARTESIAN_POINT('',(43.2499999998107,102.28550413282,26.));
#2150=CARTESIAN_POINT('Origin',(43.2499999998107,99.7855041328202,26.));
#2151=CARTESIAN_POINT('',(43.2499999998107,99.7855041328202,28.5));
#2152=CARTESIAN_POINT('',(43.2499999998107,99.7855041328202,43.));
#2153=CARTESIAN_POINT('Origin',(31.8499999998107,101.03550413282,43.));
#2154=CARTESIAN_POINT('',(20.4499999998108,95.7502209527636,43.));
#2155=CARTESIAN_POINT('Origin',(84.2986270627895,57.2636213608032,26.));
#2156=CARTESIAN_POINT('',(69.2986316357337,57.2753341019503,28.5));
#2157=CARTESIAN_POINT('',(84.2986270627895,57.2636213608032,28.5));
#2158=CARTESIAN_POINT('',(69.2986316357337,57.2753341019503,28.5));
#2159=CARTESIAN_POINT('',(69.2986316357337,57.2753341019503,43.));
#2160=CARTESIAN_POINT('',(69.2986316357337,57.2753341019503,26.));
#2161=CARTESIAN_POINT('',(84.2986270627895,57.2636213608032,43.));
#2162=CARTESIAN_POINT('',(69.2986316357337,57.2753341019503,43.));
#2163=CARTESIAN_POINT('',(84.2986270627895,57.2636213608032,26.));
#2164=CARTESIAN_POINT('Origin',(69.2986316357337,57.2753341019503,26.));
#2165=CARTESIAN_POINT('',(69.2966795122092,54.7753348641077,28.5));
#2166=CARTESIAN_POINT('',(69.2966795122092,54.7753348641077,28.5));
#2167=CARTESIAN_POINT('',(69.2966795122092,54.7753348641077,43.));
#2168=CARTESIAN_POINT('',(69.2966795122092,54.7753348641077,26.));
#2169=CARTESIAN_POINT('',(69.2966795122092,54.7753348641077,43.));
#2170=CARTESIAN_POINT('Origin',(84.296674939265,54.7636221229606,26.));
#2171=CARTESIAN_POINT('',(84.296674939265,54.7636221229606,28.5));
#2172=CARTESIAN_POINT('',(84.2986270627895,57.2636213608032,28.5));
#2173=CARTESIAN_POINT('',(84.296674939265,54.7636221229606,43.));
#2174=CARTESIAN_POINT('',(84.2986270627895,57.2636213608032,43.));
#2175=CARTESIAN_POINT('',(84.296674939265,54.7636221229606,26.));
#2176=CARTESIAN_POINT('Origin',(69.2966795122092,54.7753348641077,26.));
#2177=CARTESIAN_POINT('',(84.296674939265,54.7636221229606,28.5));
#2178=CARTESIAN_POINT('',(84.296674939265,54.7636221229606,43.));
#2179=CARTESIAN_POINT('Origin',(76.7976532874994,56.0194781124555,43.));
#2180=CARTESIAN_POINT('Origin',(92.0499999998037,42.2575641310293,26.));
#2181=CARTESIAN_POINT('',(69.2869188945852,42.2753386748946,28.5));
#2182=CARTESIAN_POINT('',(92.0499999998037,42.2575641310293,28.5));
#2183=CARTESIAN_POINT('',(69.2869188945852,42.2753386748946,28.5));
#2184=CARTESIAN_POINT('',(69.2869188945852,42.2753386748946,43.));
#2185=CARTESIAN_POINT('',(69.2869188945852,42.2753386748946,26.));
#2186=CARTESIAN_POINT('',(92.0499999998037,42.2575641310293,43.));
#2187=CARTESIAN_POINT('',(69.2869188945852,42.2753386748946,43.));
#2188=CARTESIAN_POINT('',(92.0499999998037,42.2575641310293,26.));
#2189=CARTESIAN_POINT('Origin',(69.2869188945852,42.2753386748946,26.));
#2190=CARTESIAN_POINT('',(69.2849667710607,39.7753394370519,28.5));
#2191=CARTESIAN_POINT('',(69.2849667710607,39.7753394370519,28.5));
#2192=CARTESIAN_POINT('',(69.2849667710607,39.7753394370519,43.));
#2193=CARTESIAN_POINT('',(69.2849667710607,39.7753394370519,26.));
#2194=CARTESIAN_POINT('',(69.2849667710607,39.7753394370519,43.));
#2195=CARTESIAN_POINT('Origin',(69.2849667710607,39.7753394370519,26.));
#2196=CARTESIAN_POINT('',(92.0499999998032,39.7575633688717,28.5));
#2197=CARTESIAN_POINT('',(92.2849597592129,39.7573799006263,28.5));
#2198=CARTESIAN_POINT('',(92.0499999998032,39.7575633688717,43.));
#2199=CARTESIAN_POINT('',(92.0499999998032,39.7575633688717,26.));
#2200=CARTESIAN_POINT('',(92.2849597592129,39.7573799006263,43.));
#2201=CARTESIAN_POINT('Origin',(80.6674833854322,41.0164510218831,43.));
#2202=CARTESIAN_POINT('',(92.0499999998126,95.7502209529419,43.));
#2203=CARTESIAN_POINT('Origin',(69.3318177356511,99.7753211452751,26.));
#2204=CARTESIAN_POINT('',(92.2499999998132,99.7574254907245,28.5));
#2205=CARTESIAN_POINT('',(69.3318177356511,99.7753211452751,28.5));
#2206=CARTESIAN_POINT('',(92.3318107238033,99.7573616088495,28.5));
#2207=CARTESIAN_POINT('',(92.2499999998132,99.7574254907245,43.));
#2208=CARTESIAN_POINT('',(92.2499999998132,99.7574254907245,26.));
#2209=CARTESIAN_POINT('',(69.3318177356511,99.7753211452751,43.));
#2210=CARTESIAN_POINT('',(92.3318107238033,99.7573616088495,43.));
#2211=CARTESIAN_POINT('',(69.3318177356511,99.7753211452751,26.));
#2212=CARTESIAN_POINT('Origin',(69.3337698591756,102.275320383118,26.));
#2213=CARTESIAN_POINT('',(69.3337698591756,102.275320383118,28.5));
#2214=CARTESIAN_POINT('',(69.3318177356511,99.7753211452751,28.5));
#2215=CARTESIAN_POINT('',(69.3337698591756,102.275320383118,43.));
#2216=CARTESIAN_POINT('',(69.3318177356511,99.7753211452751,43.));
#2217=CARTESIAN_POINT('',(69.3337698591756,102.275320383118,26.));
#2218=CARTESIAN_POINT('Origin',(92.2499999998136,102.257426252882,26.));
#2219=CARTESIAN_POINT('',(92.2499999998136,102.257426252882,28.5));
#2220=CARTESIAN_POINT('',(69.3337698591756,102.275320383118,28.5));
#2221=CARTESIAN_POINT('',(92.2499999998136,102.257426252882,43.));
#2222=CARTESIAN_POINT('',(69.3337698591756,102.275320383118,43.));
#2223=CARTESIAN_POINT('',(92.2499999998136,102.257426252882,26.));
#2224=CARTESIAN_POINT('Origin',(80.7909088677324,101.016372936921,43.));
#2225=CARTESIAN_POINT('',(92.2499999998125,95.5502209529419,43.));
#2226=CARTESIAN_POINT('Origin',(43.2499999998112,54.7855041328202,26.));
#2227=CARTESIAN_POINT('',(43.2499999998112,57.2855041328202,28.5));
#2228=CARTESIAN_POINT('',(43.2499999998112,54.7855041328202,28.5));
#2229=CARTESIAN_POINT('',(43.2499999998112,54.7855041328202,28.5));
#2230=CARTESIAN_POINT('',(43.2499999998112,57.2855041328202,43.));
#2231=CARTESIAN_POINT('',(43.2499999998112,57.2855041328202,26.));
#2232=CARTESIAN_POINT('',(43.2499999998112,54.7855041328202,43.));
#2233=CARTESIAN_POINT('',(43.2499999998112,54.7855041328202,43.));
#2234=CARTESIAN_POINT('',(43.2499999998112,54.7855041328202,26.));
#2235=CARTESIAN_POINT('Origin',(43.2499999998112,57.2855041328202,26.));
#2236=CARTESIAN_POINT('',(28.2499999998112,57.2855041328202,28.5));
#2237=CARTESIAN_POINT('',(43.2499999998112,57.2855041328202,28.5));
#2238=CARTESIAN_POINT('',(28.2499999998112,57.2855041328202,43.));
#2239=CARTESIAN_POINT('',(28.2499999998112,57.2855041328202,26.));
#2240=CARTESIAN_POINT('',(43.2499999998112,57.2855041328202,43.));
#2241=CARTESIAN_POINT('Origin',(28.2499999998112,54.7855041328202,26.));
#2242=CARTESIAN_POINT('',(28.2499999998112,54.7855041328202,28.5));
#2243=CARTESIAN_POINT('',(28.2499999998112,54.7855041328202,28.5));
#2244=CARTESIAN_POINT('',(28.2499999998112,54.7855041328202,43.));
#2245=CARTESIAN_POINT('',(28.2499999998112,54.7855041328202,43.));
#2246=CARTESIAN_POINT('',(28.2499999998112,54.7855041328202,26.));
#2247=CARTESIAN_POINT('Origin',(28.2499999998112,57.2855041328202,26.));
#2248=CARTESIAN_POINT('',(28.2499999998112,57.2855041328202,28.5));
#2249=CARTESIAN_POINT('',(28.2499999998112,57.2855041328202,43.));
#2250=CARTESIAN_POINT('Origin',(35.7499999998112,56.0355041328202,43.));
#2251=CARTESIAN_POINT('Origin',(56.2952111875303,110.799999999996,26.));
#2252=CARTESIAN_POINT('',(58.0452111875303,110.799999999996,28.5));
#2253=CARTESIAN_POINT('Origin',(56.2952111875303,110.799999999996,28.5));
#2254=CARTESIAN_POINT('',(58.0452111875303,110.799999999996,26.));
#2255=CARTESIAN_POINT('',(58.0452111875303,110.799999999996,26.));
#2256=CARTESIAN_POINT('Origin',(56.2952111875303,110.799999999996,26.));
#2257=CARTESIAN_POINT('Origin',(93.9999999998044,-0.5,26.));
#2258=CARTESIAN_POINT('',(95.7499999998044,-0.499999999999999,28.5));
#2259=CARTESIAN_POINT('Origin',(93.9999999998044,-0.5,28.5));
#2260=CARTESIAN_POINT('',(95.7499999998044,-0.5,26.));
#2261=CARTESIAN_POINT('',(95.7499999998044,-0.5,26.));
#2262=CARTESIAN_POINT('Origin',(93.9999999998044,-0.5,26.));
#2263=CARTESIAN_POINT('Origin',(18.4999999998044,-0.5,26.));
#2264=CARTESIAN_POINT('',(20.2499999998044,-0.499999999999999,28.5));
#2265=CARTESIAN_POINT('Origin',(18.4999999998044,-0.5,28.5));
#2266=CARTESIAN_POINT('',(20.2499999998044,-0.5,26.));
#2267=CARTESIAN_POINT('',(20.2499999998044,-0.5,26.));
#2268=CARTESIAN_POINT('Origin',(18.4999999998044,-0.5,26.));
#2269=CARTESIAN_POINT('Origin',(59.2499999998125,17.,26.));
#2270=CARTESIAN_POINT('',(59.2499999998125,17.,26.));
#2271=CARTESIAN_POINT('',(59.2499999998125,7.,26.));
#2272=CARTESIAN_POINT('',(59.2499999998125,17.,26.));
#2273=CARTESIAN_POINT('',(59.2499999998125,7.,28.5));
#2274=CARTESIAN_POINT('',(59.2499999998125,7.,26.));
#2275=CARTESIAN_POINT('',(59.2499999998125,17.,28.5));
#2276=CARTESIAN_POINT('',(59.2499999998125,17.,28.5));
#2277=CARTESIAN_POINT('',(59.2499999998125,17.,26.));
#2278=CARTESIAN_POINT('Origin',(22.2499999998125,17.,26.));
#2279=CARTESIAN_POINT('',(22.2499999998125,17.,26.));
#2280=CARTESIAN_POINT('',(22.2499999998125,17.,26.));
#2281=CARTESIAN_POINT('',(22.2499999998125,17.,28.5));
#2282=CARTESIAN_POINT('',(22.2499999998125,17.,28.5));
#2283=CARTESIAN_POINT('',(22.2499999998125,17.,26.));
#2284=CARTESIAN_POINT('Origin',(22.2499999998125,7.,26.));
#2285=CARTESIAN_POINT('',(22.2499999998125,7.,26.));
#2286=CARTESIAN_POINT('',(22.2499999998125,7.,26.));
#2287=CARTESIAN_POINT('',(22.2499999998125,7.,28.5));
#2288=CARTESIAN_POINT('',(22.2499999998125,7.,28.5));
#2289=CARTESIAN_POINT('',(22.2499999998125,7.,26.));
#2290=CARTESIAN_POINT('Origin',(59.2499999998125,7.,26.));
#2291=CARTESIAN_POINT('',(59.2499999998125,7.,26.));
#2292=CARTESIAN_POINT('',(59.2499999998125,7.,28.5));
#2293=CARTESIAN_POINT('Origin',(13.9499999998125,3.8,26.));
#2294=CARTESIAN_POINT('',(13.9499999998125,-4.6,26.));
#2295=CARTESIAN_POINT('',(13.9499999998125,3.8,26.));
#2296=CARTESIAN_POINT('',(13.9499999998125,-4.8,26.));
#2297=CARTESIAN_POINT('',(13.9499999998125,-4.6,28.5));
#2298=CARTESIAN_POINT('',(13.9499999998125,-4.6,26.));
#2299=CARTESIAN_POINT('',(13.9499999998125,3.8,28.5));
#2300=CARTESIAN_POINT('',(13.9499999998125,-4.8,28.5));
#2301=CARTESIAN_POINT('',(13.9499999998125,3.8,26.));
#2302=CARTESIAN_POINT('Origin',(20.4499999998126,3.79999999999999,26.));
#2303=CARTESIAN_POINT('',(20.4499999998126,3.79999999999999,26.));
#2304=CARTESIAN_POINT('',(13.9499999998125,3.8,26.));
#2305=CARTESIAN_POINT('',(20.4499999998126,3.79999999999999,28.5));
#2306=CARTESIAN_POINT('',(13.9499999998125,3.8,28.5));
#2307=CARTESIAN_POINT('',(20.4499999998126,3.79999999999999,26.));
#2308=CARTESIAN_POINT('Origin',(20.4499999998108,107.030045161804,26.));
#2309=CARTESIAN_POINT('',(20.4499999998119,106.807431566664,26.));
#2310=CARTESIAN_POINT('',(20.4499999998108,95.7502209527636,26.));
#2311=CARTESIAN_POINT('',(20.4499999998126,3.79999999999999,28.5));
#2312=CARTESIAN_POINT('',(20.4499999998126,3.79999999999999,28.5));
#2313=CARTESIAN_POINT('',(20.4499999998108,95.7502209527636,28.5));
#2314=CARTESIAN_POINT('',(20.4499999998119,106.807431566664,28.5));
#2315=CARTESIAN_POINT('',(20.4499999998108,95.7502209527636,28.5));
#2316=CARTESIAN_POINT('',(20.4499999998108,106.80743156666,26.));
#2317=CARTESIAN_POINT('Origin',(56.2500000000155,33.6772959190951,26.));
#2318=CARTESIAN_POINT('',(92.2499999998132,106.709184432682,26.));
#2319=CARTESIAN_POINT('Origin',(56.2500000000155,33.6772959190951,26.));
#2320=CARTESIAN_POINT('',(92.2499999998132,106.709184432682,28.5));
#2321=CARTESIAN_POINT('Origin',(56.2500000000155,33.6772959190951,28.5));
#2322=CARTESIAN_POINT('',(92.2499999998144,106.709184432678,26.));
#2323=CARTESIAN_POINT('Origin',(92.2499999998126,95.7502209529419,26.));
#2324=CARTESIAN_POINT('',(92.2499999998126,95.7502209529419,26.));
#2325=CARTESIAN_POINT('',(92.2499999998125,95.5502209529419,26.));
#2326=CARTESIAN_POINT('',(92.2499999998125,95.5502209529419,28.5));
#2327=CARTESIAN_POINT('',(92.2499999998126,95.7502209529419,28.5));
#2328=CARTESIAN_POINT('',(92.2499999998125,95.5502209529419,28.5));
#2329=CARTESIAN_POINT('',(92.2499999998126,95.7502209529419,26.));
#2330=CARTESIAN_POINT('Origin',(92.0499999998126,95.7502209529419,26.));
#2331=CARTESIAN_POINT('',(92.0499999998126,95.7502209529419,26.));
#2332=CARTESIAN_POINT('',(102.049999999812,95.7502209529419,26.));
#2333=CARTESIAN_POINT('',(92.0499999998126,95.7502209529419,28.5));
#2334=CARTESIAN_POINT('',(102.049999999812,95.7502209529419,28.5));
#2335=CARTESIAN_POINT('',(92.0499999998126,95.7502209529419,26.));
#2336=CARTESIAN_POINT('Origin',(92.0499999998086,72.257573276898,26.));
#2337=CARTESIAN_POINT('',(92.0499999997973,3.80000000000001,26.));
#2338=CARTESIAN_POINT('',(92.0499999998126,95.7502209529419,26.));
#2339=CARTESIAN_POINT('',(92.0499999998126,95.7502209529419,28.5));
#2340=CARTESIAN_POINT('',(92.0499999998126,95.7502209529419,28.5));
#2341=CARTESIAN_POINT('',(92.0499999997973,3.80000000000001,28.5));
#2342=CARTESIAN_POINT('',(92.0499999998126,95.7502209529419,28.5));
#2343=CARTESIAN_POINT('',(92.0499999997973,3.80000000000001,26.));
#2344=CARTESIAN_POINT('Origin',(98.5499999998125,3.8,26.));
#2345=CARTESIAN_POINT('',(98.5499999998125,3.8,26.));
#2346=CARTESIAN_POINT('',(92.0499999997973,3.80000000000001,26.));
#2347=CARTESIAN_POINT('',(98.5499999998125,3.8,28.5));
#2348=CARTESIAN_POINT('',(92.0499999997973,3.80000000000001,28.5));
#2349=CARTESIAN_POINT('',(98.5499999998125,3.8,26.));
#2350=CARTESIAN_POINT('Origin',(98.5499999998123,-4.8,26.));
#2351=CARTESIAN_POINT('',(98.5499999998123,-4.6,26.));
#2352=CARTESIAN_POINT('',(98.5499999998125,3.8,26.));
#2353=CARTESIAN_POINT('',(98.5499999998123,-4.6,28.5));
#2354=CARTESIAN_POINT('',(98.5499999998125,3.8,28.5));
#2355=CARTESIAN_POINT('',(98.5499999998123,-4.6,26.));
#2356=CARTESIAN_POINT('Origin',(13.9499999998125,-4.6,26.));
#2357=CARTESIAN_POINT('',(35.0999999998125,-4.6,26.));
#2358=CARTESIAN_POINT('',(35.0999999998125,-4.6,28.5));
#2359=CARTESIAN_POINT('Origin',(56.2499999998125,55.249999999998,28.5));
#2360=CARTESIAN_POINT('Origin',(56.2499999998125,55.249999999998,26.));
#2361=UNCERTAINTY_MEASURE_WITH_UNIT(LENGTH_MEASURE(0.01),#2365,
'DISTANCE_ACCURACY_VALUE',
'Maximum model space distance between geometric entities at asserted c
onnectivities');
#2362=UNCERTAINTY_MEASURE_WITH_UNIT(LENGTH_MEASURE(0.01),#2365,
'DISTANCE_ACCURACY_VALUE',
'Maximum model space distance between geometric entities at asserted c
onnectivities');
#2363=(
GEOMETRIC_REPRESENTATION_CONTEXT(3)
GLOBAL_UNCERTAINTY_ASSIGNED_CONTEXT((#2361))
GLOBAL_UNIT_ASSIGNED_CONTEXT((#2365,#2367,#2368))
REPRESENTATION_CONTEXT('','3D')
);
#2364=(
GEOMETRIC_REPRESENTATION_CONTEXT(3)
GLOBAL_UNCERTAINTY_ASSIGNED_CONTEXT((#2362))
GLOBAL_UNIT_ASSIGNED_CONTEXT((#2365,#2367,#2368))
REPRESENTATION_CONTEXT('','3D')
);
#2365=(
LENGTH_UNIT()
NAMED_UNIT(*)
SI_UNIT(.MILLI.,.METRE.)
);
#2366=(
LENGTH_UNIT()
NAMED_UNIT(*)
SI_UNIT($,.METRE.)
);
#2367=(
NAMED_UNIT(*)
PLANE_ANGLE_UNIT()
SI_UNIT($,.RADIAN.)
);
#2368=(
NAMED_UNIT(*)
SI_UNIT($,.STERADIAN.)
SOLID_ANGLE_UNIT()
);
#2369=SHAPE_DEFINITION_REPRESENTATION(#2370,#2371);
#2370=PRODUCT_DEFINITION_SHAPE('',$,#2373);
#2371=SHAPE_REPRESENTATION('',(#1493),#2363);
#2372=PRODUCT_DEFINITION_CONTEXT('part definition',#2377,'design');
#2373=PRODUCT_DEFINITION('2026-08-24-20-30-20-015','ThymioValveHolder',
#2374,#2372);
#2374=PRODUCT_DEFINITION_FORMATION('',$,#2379);
#2375=PRODUCT_RELATED_PRODUCT_CATEGORY('ThymioValveHolder',
'ThymioValveHolder',(#2379));
#2376=APPLICATION_PROTOCOL_DEFINITION('international standard',
'automotive_design',2009,#2377);
#2377=APPLICATION_CONTEXT(
'Core Data for Automotive Mechanical Design Process');
#2378=PRODUCT_CONTEXT('part definition',#2377,'mechanical');
#2379=PRODUCT('2026-08-24-20-30-20-015','ThymioValveHolder',$,(#2378));
#2380=PRESENTATION_STYLE_ASSIGNMENT((#2381));
#2381=SURFACE_STYLE_USAGE(.BOTH.,#2382);
#2382=SURFACE_SIDE_STYLE('',(#2383));
#2383=SURFACE_STYLE_FILL_AREA(#2384);
#2384=FILL_AREA_STYLE('Steel - Satin',(#2385));
#2385=FILL_AREA_STYLE_COLOUR('Steel - Satin',#2386);
#2386=COLOUR_RGB('Steel - Satin',0.627450980392157,0.627450980392157,0.627450980392157);
ENDSEC;
END-ISO-10303-21;
