ISO-10303-21;
HEADER;
/* Generated by software containing ST-Developer
 * from STEP Tools, Inc. (www.steptools.com) 
 */

FILE_DESCRIPTION(
/* description */ (''),
/* implementation_level */ '2;1');

FILE_NAME(
/* name */ 'ThymioSkinHolder.step',
/* time_stamp */ '2026-08-24T20:33:51+01:00',
/* author */ (''),
/* organization */ (''),
/* preprocessor_version */ 'ST-DEVELOPER v20.1',
/* originating_system */ 'Autodesk Translation Framework v15.8.0.0',
/* authorisation */ '');

FILE_SCHEMA (('AUTOMOTIVE_DESIGN { 1 0 10303 214 3 1 1 }'));
ENDSEC;

DATA;
#10=MECHANICAL_DESIGN_GEOMETRIC_PRESENTATION_REPRESENTATION('',(#13),#4444);
#11=SHAPE_REPRESENTATION_RELATIONSHIP('SRR','None',#4451,#12);
#12=ADVANCED_BREP_SHAPE_REPRESENTATION('',(#14),#4443);
#13=STYLED_ITEM('',(#4460),#14);
#14=MANIFOLD_SOLID_BREP('Body1',#2455);
#15=ELLIPSE('',#2531,1.34350288425463,0.950000000000086);
#16=ELLIPSE('',#2532,1.3435028842545,0.949999999999998);
#17=ELLIPSE('',#2537,1.3435028842544,0.949999999999927);
#18=ELLIPSE('',#2538,1.34350288425452,0.950000000000014);
#19=ELLIPSE('',#2569,120.063484525643,84.8977040809642);
#20=ELLIPSE('',#2570,1.34350288425419,0.949999999999775);
#21=ELLIPSE('',#2571,1.34350288425451,0.950000000000006);
#22=ELLIPSE('',#2578,120.063484525643,84.8977040809642);
#23=ELLIPSE('',#2607,1.34350288425453,0.950000000000015);
#24=ELLIPSE('',#2615,1.34350288425451,0.950000000000004);
#25=CYLINDRICAL_SURFACE('',#2508,13.9999999999708);
#26=CYLINDRICAL_SURFACE('',#2512,1.25);
#27=CYLINDRICAL_SURFACE('',#2514,1.25);
#28=CYLINDRICAL_SURFACE('',#2516,1.25);
#29=CYLINDRICAL_SURFACE('',#2518,1.25);
#30=CYLINDRICAL_SURFACE('',#2576,84.8977040809642);
#31=CYLINDRICAL_SURFACE('',#2596,84.8227040810862);
#32=CYLINDRICAL_SURFACE('',#2597,9.99999999997083);
#33=CYLINDRICAL_SURFACE('',#2599,10.0000000000046);
#34=CYLINDRICAL_SURFACE('',#2600,84.8227040809729);
#35=CYLINDRICAL_SURFACE('',#2602,0.950000000000086);
#36=CYLINDRICAL_SURFACE('',#2604,0.949999999999998);
#37=CYLINDRICAL_SURFACE('',#2606,0.950000000000015);
#38=CYLINDRICAL_SURFACE('',#2610,0.950000000000014);
#39=CYLINDRICAL_SURFACE('',#2617,0.950000000000004);
#40=CYLINDRICAL_SURFACE('',#2619,0.950000000000006);
#41=CYLINDRICAL_SURFACE('',#2621,0.949999999999775);
#42=CYLINDRICAL_SURFACE('',#2623,0.949999999999926);
#43=CYLINDRICAL_SURFACE('',#2626,76.8227040807944);
#44=CYLINDRICAL_SURFACE('',#2627,1.99999999988599);
#45=CYLINDRICAL_SURFACE('',#2628,1.99999999998608);
#46=CYLINDRICAL_SURFACE('',#2631,40.);
#47=CYLINDRICAL_SURFACE('',#2634,40.);
#48=CYLINDRICAL_SURFACE('',#2637,40.);
#49=CYLINDRICAL_SURFACE('',#2640,2.00000000000055);
#50=CYLINDRICAL_SURFACE('',#2641,1.99999999981076);
#51=CYLINDRICAL_SURFACE('',#2642,76.8227040807945);
#52=CYLINDRICAL_SURFACE('',#2644,40.);
#53=CYLINDRICAL_SURFACE('',#2646,30.);
#54=CYLINDRICAL_SURFACE('',#2648,81.8227040807944);
#55=CYLINDRICAL_SURFACE('',#2650,10.0000000000001);
#56=CYLINDRICAL_SURFACE('',#2651,13.9999999999455);
#57=CYLINDRICAL_SURFACE('',#2652,88.8227040808473);
#58=CYLINDRICAL_SURFACE('',#2654,9.99999999999996);
#59=(
BOUNDED_CURVE()
B_SPLINE_CURVE(5,(#3577,#3578,#3579,#3580,#3581,#3582,#3583,#3584,#3585,
#3586,#3587,#3588,#3589,#3590,#3591),.UNSPECIFIED.,.F.,.F.)
B_SPLINE_CURVE_WITH_KNOTS((6,1,1,1,1,1,1,1,1,1,6),(0.01654364179004,0.1,
0.2,0.3,0.4,0.5,0.6,0.7,0.8,0.9,1.),.UNSPECIFIED.)
CURVE()
GEOMETRIC_REPRESENTATION_ITEM()
RATIONAL_B_SPLINE_CURVE((1.,1.,1.,1.,1.,1.,1.,1.,1.,1.,1.,1.,1.,1.,1.))
REPRESENTATION_ITEM('')
);
#60=(
BOUNDED_CURVE()
B_SPLINE_CURVE(5,(#3594,#3595,#3596,#3597,#3598,#3599,#3600,#3601,#3602,
#3603,#3604,#3605,#3606,#3607,#3608),.UNSPECIFIED.,.F.,.F.)
B_SPLINE_CURVE_WITH_KNOTS((6,1,1,1,1,1,1,1,1,1,6),(0.01654364179004,0.1,
0.2,0.3,0.4,0.5,0.6,0.7,0.8,0.9,0.923923408876841),.UNSPECIFIED.)
CURVE()
GEOMETRIC_REPRESENTATION_ITEM()
RATIONAL_B_SPLINE_CURVE((1.,1.,1.,1.,1.,1.,1.,1.,1.,1.,1.,1.,1.,1.,1.))
REPRESENTATION_ITEM('')
);
#61=(
BOUNDED_CURVE()
B_SPLINE_CURVE(5,(#3681,#3682,#3683,#3684,#3685,#3686,#3687,#3688,#3689,
#3690,#3691,#3692,#3693,#3694),.UNSPECIFIED.,.F.,.F.)
B_SPLINE_CURVE_WITH_KNOTS((6,1,1,1,1,1,1,1,1,6),(-1.,-0.9,-0.8,-0.7,-0.6,
-0.5,-0.4,-0.3,-0.2,-0.156216710849572),.UNSPECIFIED.)
CURVE()
GEOMETRIC_REPRESENTATION_ITEM()
RATIONAL_B_SPLINE_CURVE((1.,1.,1.,1.,1.,1.,1.,1.,1.,1.,1.,1.,1.,1.))
REPRESENTATION_ITEM('')
);
#62=(
BOUNDED_CURVE()
B_SPLINE_CURVE(5,(#3764,#3765,#3766,#3767,#3768,#3769,#3770,#3771,#3772,
#3773,#3774,#3775,#3776,#3777,#3778),.UNSPECIFIED.,.F.,.F.)
B_SPLINE_CURVE_WITH_KNOTS((6,1,1,1,1,1,1,1,1,1,6),(0.01654364179004,0.1,
0.2,0.3,0.4,0.5,0.6,0.7,0.8,0.9,0.923923408876841),.UNSPECIFIED.)
CURVE()
GEOMETRIC_REPRESENTATION_ITEM()
RATIONAL_B_SPLINE_CURVE((1.,1.,1.,1.,1.,1.,1.,1.,1.,1.,1.,1.,1.,1.,1.))
REPRESENTATION_ITEM('')
);
#63=(
BOUNDED_CURVE()
B_SPLINE_CURVE(5,(#3781,#3782,#3783,#3784,#3785,#3786,#3787,#3788,#3789,
#3790,#3791,#3792,#3793,#3794,#3795),.UNSPECIFIED.,.F.,.F.)
B_SPLINE_CURVE_WITH_KNOTS((6,1,1,1,1,1,1,1,1,1,6),(0.01654364179004,0.1,
0.2,0.3,0.4,0.5,0.6,0.7,0.8,0.9,1.),.UNSPECIFIED.)
CURVE()
GEOMETRIC_REPRESENTATION_ITEM()
RATIONAL_B_SPLINE_CURVE((1.,1.,1.,1.,1.,1.,1.,1.,1.,1.,1.,1.,1.,1.,1.))
REPRESENTATION_ITEM('')
);
#64=(
BOUNDED_CURVE()
B_SPLINE_CURVE(5,(#3838,#3839,#3840,#3841,#3842,#3843,#3844,#3845,#3846,
#3847,#3848,#3849,#3850,#3851),.UNSPECIFIED.,.F.,.F.)
B_SPLINE_CURVE_WITH_KNOTS((6,1,1,1,1,1,1,1,1,6),(-1.,-0.9,-0.8,-0.7,-0.6,
-0.5,-0.4,-0.3,-0.2,-0.156216710849576),.UNSPECIFIED.)
CURVE()
GEOMETRIC_REPRESENTATION_ITEM()
RATIONAL_B_SPLINE_CURVE((1.,1.,1.,1.,1.,1.,1.,1.,1.,1.,1.,1.,1.,1.))
REPRESENTATION_ITEM('')
);
#65=(
BOUNDED_SURFACE()
B_SPLINE_SURFACE(5,2,((#3529,#3530,#3531),(#3532,#3533,#3534),(#3535,#3536,
#3537),(#3538,#3539,#3540),(#3541,#3542,#3543),(#3544,#3545,#3546),(#3547,
#3548,#3549),(#3550,#3551,#3552),(#3553,#3554,#3555),(#3556,#3557,#3558),
(#3559,#3560,#3561),(#3562,#3563,#3564),(#3565,#3566,#3567),(#3568,#3569,
#3570),(#3571,#3572,#3573)),.UNSPECIFIED.,.F.,.F.,.F.)
B_SPLINE_SURFACE_WITH_KNOTS((6,1,1,1,1,1,1,1,1,1,6),(3,3),(0.01654364179004,
0.1,0.2,0.3,0.4,0.5,0.6,0.7,0.8,0.9,1.),(0.,0.634721492769839),
 .UNSPECIFIED.)
GEOMETRIC_REPRESENTATION_ITEM()
RATIONAL_B_SPLINE_SURFACE(((1.,0.950062332027388,1.),(1.,0.950062332027388,
1.),(1.,0.950062332027388,1.),(1.,0.950062332027388,1.),(1.,0.950062332027388,
1.),(1.,0.950062332027388,1.),(1.,0.950062332027388,1.),(1.,0.950062332027388,
1.),(1.,0.950062332027388,1.),(1.,0.950062332027388,1.),(1.,0.950062332027388,
1.),(1.,0.950062332027388,1.),(1.,0.950062332027388,1.),(1.,0.950062332027388,
1.),(1.,0.950062332027388,1.)))
REPRESENTATION_ITEM('')
SURFACE()
);
#66=(
BOUNDED_SURFACE()
B_SPLINE_SURFACE(5,1,((#3622,#3623),(#3624,#3625),(#3626,#3627),(#3628,
#3629),(#3630,#3631),(#3632,#3633),(#3634,#3635),(#3636,#3637),(#3638,#3639),
(#3640,#3641),(#3642,#3643),(#3644,#3645),(#3646,#3647),(#3648,#3649),(#3650,
#3651),(#3652,#3653),(#3654,#3655),(#3656,#3657),(#3658,#3659),(#3660,#3661)),
 .UNSPECIFIED.,.F.,.F.,.F.)
B_SPLINE_SURFACE_WITH_KNOTS((6,1,1,1,1,1,1,1,1,1,5,6),(2,2),(0.,0.1,0.2,
0.3,0.4,0.5,0.6,0.7,0.8,0.9,1.,3.34951846315536),(-4.7999999999974,2.80436632035597),
 .UNSPECIFIED.)
GEOMETRIC_REPRESENTATION_ITEM()
RATIONAL_B_SPLINE_SURFACE(((1.,1.),(1.,1.),(1.,1.),(1.,1.),(1.,1.),(1.,
1.),(1.,1.),(1.,1.),(1.,1.),(1.,1.),(1.,1.),(1.,1.),(1.,1.),(1.,1.),(1.,
1.),(1.,1.),(1.,1.),(1.,1.),(1.,1.),(1.,1.)))
REPRESENTATION_ITEM('')
SURFACE()
);
#67=(
BOUNDED_SURFACE()
B_SPLINE_SURFACE(5,2,((#3718,#3719,#3720),(#3721,#3722,#3723),(#3724,#3725,
#3726),(#3727,#3728,#3729),(#3730,#3731,#3732),(#3733,#3734,#3735),(#3736,
#3737,#3738),(#3739,#3740,#3741),(#3742,#3743,#3744),(#3745,#3746,#3747),
(#3748,#3749,#3750),(#3751,#3752,#3753),(#3754,#3755,#3756),(#3757,#3758,
#3759),(#3760,#3761,#3762)),.UNSPECIFIED.,.F.,.F.,.F.)
B_SPLINE_SURFACE_WITH_KNOTS((6,1,1,1,1,1,1,1,1,1,6),(3,3),(0.01654364179004,
0.1,0.2,0.3,0.4,0.5,0.6,0.7,0.8,0.9,1.),(0.,0.634721492761662),
 .UNSPECIFIED.)
GEOMETRIC_REPRESENTATION_ITEM()
RATIONAL_B_SPLINE_SURFACE(((1.,0.950062332028664,1.),(1.,0.950062332028664,
1.),(1.,0.950062332028664,1.),(1.,0.950062332028664,1.),(1.,0.950062332028664,
1.),(1.,0.950062332028664,1.),(1.,0.950062332028664,1.),(1.,0.950062332028664,
1.),(1.,0.950062332028664,1.),(1.,0.950062332028664,1.),(1.,0.950062332028664,
1.),(1.,0.950062332028664,1.),(1.,0.950062332028664,1.),(1.,0.950062332028664,
1.),(1.,0.950062332028664,1.)))
REPRESENTATION_ITEM('')
SURFACE()
);
#68=(
BOUNDED_SURFACE()
B_SPLINE_SURFACE(5,1,((#3796,#3797),(#3798,#3799),(#3800,#3801),(#3802,
#3803),(#3804,#3805),(#3806,#3807),(#3808,#3809),(#3810,#3811),(#3812,#3813),
(#3814,#3815),(#3816,#3817),(#3818,#3819),(#3820,#3821),(#3822,#3823),(#3824,
#3825),(#3826,#3827),(#3828,#3829),(#3830,#3831),(#3832,#3833),(#3834,#3835)),
 .UNSPECIFIED.,.F.,.F.,.F.)
B_SPLINE_SURFACE_WITH_KNOTS((6,1,1,1,1,1,1,1,1,1,5,6),(2,2),(0.,0.1,0.2,
0.3,0.4,0.5,0.6,0.7,0.8,0.9,1.,3.3495184631554),(0.,7.60436632029668),
 .UNSPECIFIED.)
GEOMETRIC_REPRESENTATION_ITEM()
RATIONAL_B_SPLINE_SURFACE(((1.,1.),(1.,1.),(1.,1.),(1.,1.),(1.,1.),(1.,
1.),(1.,1.),(1.,1.),(1.,1.),(1.,1.),(1.,1.),(1.,1.),(1.,1.),(1.,1.),(1.,
1.),(1.,1.),(1.,1.),(1.,1.),(1.,1.),(1.,1.)))
REPRESENTATION_ITEM('')
SURFACE()
);
#69=(
BOUNDED_SURFACE()
B_SPLINE_SURFACE(5,2,((#4117,#4118,#4119,#4120,#4121),(#4122,#4123,#4124,
#4125,#4126),(#4127,#4128,#4129,#4130,#4131),(#4132,#4133,#4134,#4135,#4136),
(#4137,#4138,#4139,#4140,#4141),(#4142,#4143,#4144,#4145,#4146),(#4147,
#4148,#4149,#4150,#4151),(#4152,#4153,#4154,#4155,#4156),(#4157,#4158,#4159,
#4160,#4161),(#4162,#4163,#4164,#4165,#4166),(#4167,#4168,#4169,#4170,#4171),
(#4172,#4173,#4174,#4175,#4176),(#4177,#4178,#4179,#4180,#4181),(#4182,
#4183,#4184,#4185,#4186),(#4187,#4188,#4189,#4190,#4191),(#4192,#4193,#4194,
#4195,#4196),(#4197,#4198,#4199,#4200,#4201),(#4202,#4203,#4204,#4205,#4206),
(#4207,#4208,#4209,#4210,#4211),(#4212,#4213,#4214,#4215,#4216)),
 .UNSPECIFIED.,.F.,.F.,.F.)
B_SPLINE_SURFACE_WITH_KNOTS((6,5,1,1,1,1,1,1,1,1,1,6),(3,2,3),(-0.0916365576130558,
0.,0.1,0.2,0.3,0.4,0.5,0.6,0.7,0.8,0.9,1.),(0.,0.936074834026217,1.87214966805243),
 .UNSPECIFIED.)
GEOMETRIC_REPRESENTATION_ITEM()
RATIONAL_B_SPLINE_SURFACE(((1.,0.89245539750293,1.,0.89245539750293,1.),
(1.,0.89245539750293,1.,0.89245539750293,1.),(1.,0.89245539750293,1.,0.89245539750293,
1.),(1.,0.89245539750293,1.,0.89245539750293,1.),(1.,0.89245539750293,1.,
0.89245539750293,1.),(1.,0.89245539750293,1.,0.89245539750293,1.),(1.,0.89245539750293,
1.,0.89245539750293,1.),(1.,0.89245539750293,1.,0.89245539750293,1.),(1.,
0.89245539750293,1.,0.89245539750293,1.),(1.,0.89245539750293,1.,0.89245539750293,
1.),(1.,0.89245539750293,1.,0.89245539750293,1.),(1.,0.89245539750293,1.,
0.89245539750293,1.),(1.,0.89245539750293,1.,0.89245539750293,1.),(1.,0.89245539750293,
1.,0.89245539750293,1.),(1.,0.89245539750293,1.,0.89245539750293,1.),(1.,
0.89245539750293,1.,0.89245539750293,1.),(1.,0.89245539750293,1.,0.89245539750293,
1.),(1.,0.89245539750293,1.,0.89245539750293,1.),(1.,0.89245539750293,1.,
0.89245539750293,1.),(1.,0.89245539750293,1.,0.89245539750293,1.)))
REPRESENTATION_ITEM('')
SURFACE()
);
#70=FACE_BOUND('',#276,.T.);
#71=FACE_BOUND('',#284,.T.);
#72=FACE_BOUND('',#292,.T.);
#73=FACE_BOUND('',#300,.T.);
#74=FACE_BOUND('',#325,.T.);
#75=FACE_BOUND('',#326,.T.);
#76=FACE_BOUND('',#327,.T.);
#77=FACE_BOUND('',#328,.T.);
#78=FACE_BOUND('',#329,.T.);
#79=FACE_BOUND('',#330,.T.);
#80=FACE_BOUND('',#331,.T.);
#81=FACE_BOUND('',#332,.T.);
#82=FACE_BOUND('',#333,.T.);
#83=FACE_BOUND('',#343,.T.);
#84=FACE_BOUND('',#344,.T.);
#85=FACE_BOUND('',#345,.T.);
#86=FACE_BOUND('',#346,.T.);
#87=FACE_BOUND('',#347,.T.);
#88=CIRCLE('',#2476,13.9999999999455);
#89=CIRCLE('',#2477,1.25);
#90=CIRCLE('',#2485,1.25);
#91=CIRCLE('',#2493,1.25);
#92=CIRCLE('',#2501,13.9999999999708);
#93=CIRCLE('',#2502,1.25);
#94=CIRCLE('',#2503,13.9999999999455);
#95=CIRCLE('',#2504,9.99999999998402);
#96=CIRCLE('',#2509,13.9999999999708);
#97=CIRCLE('',#2510,13.9999999999708);
#98=CIRCLE('',#2511,10.0000000000092);
#99=CIRCLE('',#2513,1.25);
#100=CIRCLE('',#2515,1.25);
#101=CIRCLE('',#2517,1.25);
#102=CIRCLE('',#2519,1.25);
#103=CIRCLE('',#2523,0.949999999999998);
#104=CIRCLE('',#2524,0.950000000000086);
#105=CIRCLE('',#2525,10.0000000000046);
#106=CIRCLE('',#2526,84.8227040809729);
#107=CIRCLE('',#2527,0.950000000000004);
#108=CIRCLE('',#2528,0.950000000000015);
#109=CIRCLE('',#2541,0.950000000000006);
#110=CIRCLE('',#2542,0.949999999999775);
#111=CIRCLE('',#2543,84.8227040810862);
#112=CIRCLE('',#2544,9.99999999997083);
#113=CIRCLE('',#2545,0.950000000000014);
#114=CIRCLE('',#2546,0.949999999999926);
#115=CIRCLE('',#2548,9.99999999999996);
#116=CIRCLE('',#2549,88.8227040808473);
#117=CIRCLE('',#2550,13.9999999999455);
#118=CIRCLE('',#2551,10.0000000000001);
#119=CIRCLE('',#2552,2.00000000000055);
#120=CIRCLE('',#2553,40.);
#121=CIRCLE('',#2554,40.);
#122=CIRCLE('',#2555,1.99999999998608);
#123=CIRCLE('',#2556,81.8227040807944);
#124=CIRCLE('',#2557,30.);
#125=CIRCLE('',#2558,1.99999999988599);
#126=CIRCLE('',#2559,76.8227040807944);
#127=CIRCLE('',#2560,40.);
#128=CIRCLE('',#2561,40.);
#129=CIRCLE('',#2562,76.8227040807945);
#130=CIRCLE('',#2563,1.99999999981076);
#131=CIRCLE('',#2572,84.8227040808856);
#132=CIRCLE('',#2573,88.8227040808473);
#133=CIRCLE('',#2574,84.8227040808856);
#134=CIRCLE('',#2577,84.8977040809642);
#135=CIRCLE('',#2580,9.99999999999996);
#136=CIRCLE('',#2581,10.0000000000001);
#137=CIRCLE('',#2582,40.);
#138=CIRCLE('',#2583,2.00000000000055);
#139=CIRCLE('',#2584,40.);
#140=CIRCLE('',#2585,76.8227040807944);
#141=CIRCLE('',#2586,1.99999999988599);
#142=CIRCLE('',#2587,1.99999999998608);
#143=CIRCLE('',#2588,40.);
#144=CIRCLE('',#2589,1.99999999981076);
#145=CIRCLE('',#2590,76.8227040807945);
#146=CIRCLE('',#2591,40.);
#147=CIRCLE('',#2592,81.8227040807944);
#148=CIRCLE('',#2593,30.);
#149=FACE_OUTER_BOUND('',#269,.T.);
#150=FACE_OUTER_BOUND('',#270,.T.);
#151=FACE_OUTER_BOUND('',#271,.T.);
#152=FACE_OUTER_BOUND('',#272,.T.);
#153=FACE_OUTER_BOUND('',#273,.T.);
#154=FACE_OUTER_BOUND('',#274,.T.);
#155=FACE_OUTER_BOUND('',#275,.T.);
#156=FACE_OUTER_BOUND('',#277,.T.);
#157=FACE_OUTER_BOUND('',#278,.T.);
#158=FACE_OUTER_BOUND('',#279,.T.);
#159=FACE_OUTER_BOUND('',#280,.T.);
#160=FACE_OUTER_BOUND('',#281,.T.);
#161=FACE_OUTER_BOUND('',#282,.T.);
#162=FACE_OUTER_BOUND('',#283,.T.);
#163=FACE_OUTER_BOUND('',#285,.T.);
#164=FACE_OUTER_BOUND('',#286,.T.);
#165=FACE_OUTER_BOUND('',#287,.T.);
#166=FACE_OUTER_BOUND('',#288,.T.);
#167=FACE_OUTER_BOUND('',#289,.T.);
#168=FACE_OUTER_BOUND('',#290,.T.);
#169=FACE_OUTER_BOUND('',#291,.T.);
#170=FACE_OUTER_BOUND('',#293,.T.);
#171=FACE_OUTER_BOUND('',#294,.T.);
#172=FACE_OUTER_BOUND('',#295,.T.);
#173=FACE_OUTER_BOUND('',#296,.T.);
#174=FACE_OUTER_BOUND('',#297,.T.);
#175=FACE_OUTER_BOUND('',#298,.T.);
#176=FACE_OUTER_BOUND('',#299,.T.);
#177=FACE_OUTER_BOUND('',#301,.T.);
#178=FACE_OUTER_BOUND('',#302,.T.);
#179=FACE_OUTER_BOUND('',#303,.T.);
#180=FACE_OUTER_BOUND('',#304,.T.);
#181=FACE_OUTER_BOUND('',#305,.T.);
#182=FACE_OUTER_BOUND('',#306,.T.);
#183=FACE_OUTER_BOUND('',#307,.T.);
#184=FACE_OUTER_BOUND('',#308,.T.);
#185=FACE_OUTER_BOUND('',#309,.T.);
#186=FACE_OUTER_BOUND('',#310,.T.);
#187=FACE_OUTER_BOUND('',#311,.T.);
#188=FACE_OUTER_BOUND('',#312,.T.);
#189=FACE_OUTER_BOUND('',#313,.T.);
#190=FACE_OUTER_BOUND('',#314,.T.);
#191=FACE_OUTER_BOUND('',#315,.T.);
#192=FACE_OUTER_BOUND('',#316,.T.);
#193=FACE_OUTER_BOUND('',#317,.T.);
#194=FACE_OUTER_BOUND('',#318,.T.);
#195=FACE_OUTER_BOUND('',#319,.T.);
#196=FACE_OUTER_BOUND('',#320,.T.);
#197=FACE_OUTER_BOUND('',#321,.T.);
#198=FACE_OUTER_BOUND('',#322,.T.);
#199=FACE_OUTER_BOUND('',#323,.T.);
#200=FACE_OUTER_BOUND('',#324,.T.);
#201=FACE_OUTER_BOUND('',#334,.T.);
#202=FACE_OUTER_BOUND('',#335,.T.);
#203=FACE_OUTER_BOUND('',#336,.T.);
#204=FACE_OUTER_BOUND('',#337,.T.);
#205=FACE_OUTER_BOUND('',#338,.T.);
#206=FACE_OUTER_BOUND('',#339,.T.);
#207=FACE_OUTER_BOUND('',#340,.T.);
#208=FACE_OUTER_BOUND('',#341,.T.);
#209=FACE_OUTER_BOUND('',#342,.T.);
#210=FACE_OUTER_BOUND('',#348,.T.);
#211=FACE_OUTER_BOUND('',#349,.T.);
#212=FACE_OUTER_BOUND('',#350,.T.);
#213=FACE_OUTER_BOUND('',#351,.T.);
#214=FACE_OUTER_BOUND('',#352,.T.);
#215=FACE_OUTER_BOUND('',#353,.T.);
#216=FACE_OUTER_BOUND('',#354,.T.);
#217=FACE_OUTER_BOUND('',#355,.T.);
#218=FACE_OUTER_BOUND('',#356,.T.);
#219=FACE_OUTER_BOUND('',#357,.T.);
#220=FACE_OUTER_BOUND('',#358,.T.);
#221=FACE_OUTER_BOUND('',#359,.T.);
#222=FACE_OUTER_BOUND('',#360,.T.);
#223=FACE_OUTER_BOUND('',#361,.T.);
#224=FACE_OUTER_BOUND('',#362,.T.);
#225=FACE_OUTER_BOUND('',#363,.T.);
#226=FACE_OUTER_BOUND('',#364,.T.);
#227=FACE_OUTER_BOUND('',#365,.T.);
#228=FACE_OUTER_BOUND('',#366,.T.);
#229=FACE_OUTER_BOUND('',#367,.T.);
#230=FACE_OUTER_BOUND('',#368,.T.);
#231=FACE_OUTER_BOUND('',#369,.T.);
#232=FACE_OUTER_BOUND('',#370,.T.);
#233=FACE_OUTER_BOUND('',#371,.T.);
#234=FACE_OUTER_BOUND('',#372,.T.);
#235=FACE_OUTER_BOUND('',#373,.T.);
#236=FACE_OUTER_BOUND('',#374,.T.);
#237=FACE_OUTER_BOUND('',#375,.T.);
#238=FACE_OUTER_BOUND('',#376,.T.);
#239=FACE_OUTER_BOUND('',#377,.T.);
#240=FACE_OUTER_BOUND('',#378,.T.);
#241=FACE_OUTER_BOUND('',#379,.T.);
#242=FACE_OUTER_BOUND('',#380,.T.);
#243=FACE_OUTER_BOUND('',#381,.T.);
#244=FACE_OUTER_BOUND('',#382,.T.);
#245=FACE_OUTER_BOUND('',#383,.T.);
#246=FACE_OUTER_BOUND('',#384,.T.);
#247=FACE_OUTER_BOUND('',#385,.T.);
#248=FACE_OUTER_BOUND('',#386,.T.);
#249=FACE_OUTER_BOUND('',#387,.T.);
#250=FACE_OUTER_BOUND('',#388,.T.);
#251=FACE_OUTER_BOUND('',#389,.T.);
#252=FACE_OUTER_BOUND('',#390,.T.);
#253=FACE_OUTER_BOUND('',#391,.T.);
#254=FACE_OUTER_BOUND('',#392,.T.);
#255=FACE_OUTER_BOUND('',#393,.T.);
#256=FACE_OUTER_BOUND('',#394,.T.);
#257=FACE_OUTER_BOUND('',#395,.T.);
#258=FACE_OUTER_BOUND('',#396,.T.);
#259=FACE_OUTER_BOUND('',#397,.T.);
#260=FACE_OUTER_BOUND('',#398,.T.);
#261=FACE_OUTER_BOUND('',#399,.T.);
#262=FACE_OUTER_BOUND('',#400,.T.);
#263=FACE_OUTER_BOUND('',#401,.T.);
#264=FACE_OUTER_BOUND('',#402,.T.);
#265=FACE_OUTER_BOUND('',#403,.T.);
#266=FACE_OUTER_BOUND('',#404,.T.);
#267=FACE_OUTER_BOUND('',#405,.T.);
#268=FACE_OUTER_BOUND('',#406,.T.);
#269=EDGE_LOOP('',(#1538,#1539,#1540,#1541,#1542));
#270=EDGE_LOOP('',(#1543,#1544,#1545,#1546,#1547,#1548,#1549));
#271=EDGE_LOOP('',(#1550,#1551,#1552,#1553));
#272=EDGE_LOOP('',(#1554,#1555,#1556,#1557,#1558));
#273=EDGE_LOOP('',(#1559,#1560,#1561,#1562));
#274=EDGE_LOOP('',(#1563,#1564,#1565,#1566));
#275=EDGE_LOOP('',(#1567,#1568,#1569,#1570,#1571,#1572,#1573));
#276=EDGE_LOOP('',(#1574));
#277=EDGE_LOOP('',(#1575,#1576,#1577,#1578,#1579));
#278=EDGE_LOOP('',(#1580,#1581,#1582,#1583,#1584,#1585));
#279=EDGE_LOOP('',(#1586,#1587,#1588,#1589,#1590,#1591));
#280=EDGE_LOOP('',(#1592,#1593,#1594,#1595,#1596,#1597));
#281=EDGE_LOOP('',(#1598,#1599,#1600,#1601,#1602));
#282=EDGE_LOOP('',(#1603,#1604,#1605,#1606));
#283=EDGE_LOOP('',(#1607,#1608,#1609,#1610,#1611,#1612));
#284=EDGE_LOOP('',(#1613));
#285=EDGE_LOOP('',(#1614,#1615,#1616,#1617,#1618));
#286=EDGE_LOOP('',(#1619,#1620,#1621,#1622,#1623,#1624));
#287=EDGE_LOOP('',(#1625,#1626,#1627,#1628,#1629,#1630));
#288=EDGE_LOOP('',(#1631,#1632,#1633,#1634,#1635,#1636));
#289=EDGE_LOOP('',(#1637,#1638,#1639,#1640,#1641));
#290=EDGE_LOOP('',(#1642,#1643,#1644,#1645));
#291=EDGE_LOOP('',(#1646,#1647,#1648,#1649,#1650,#1651));
#292=EDGE_LOOP('',(#1652));
#293=EDGE_LOOP('',(#1653,#1654,#1655,#1656,#1657));
#294=EDGE_LOOP('',(#1658,#1659,#1660,#1661,#1662,#1663,#1664));
#295=EDGE_LOOP('',(#1665,#1666,#1667,#1668));
#296=EDGE_LOOP('',(#1669,#1670,#1671,#1672));
#297=EDGE_LOOP('',(#1673,#1674,#1675,#1676,#1677));
#298=EDGE_LOOP('',(#1678,#1679,#1680,#1681));
#299=EDGE_LOOP('',(#1682,#1683,#1684,#1685,#1686,#1687,#1688));
#300=EDGE_LOOP('',(#1689));
#301=EDGE_LOOP('',(#1690,#1691,#1692,#1693,#1694,#1695));
#302=EDGE_LOOP('',(#1696,#1697,#1698,#1699,#1700,#1701,#1702,#1703));
#303=EDGE_LOOP('',(#1704,#1705,#1706,#1707,#1708,#1709,#1710,#1711,#1712,
#1713,#1714,#1715));
#304=EDGE_LOOP('',(#1716,#1717,#1718,#1719,#1720,#1721,#1722,#1723,#1724,
#1725));
#305=EDGE_LOOP('',(#1726,#1727,#1728,#1729,#1730,#1731,#1732,#1733));
#306=EDGE_LOOP('',(#1734,#1735,#1736,#1737,#1738,#1739));
#307=EDGE_LOOP('',(#1740,#1741,#1742,#1743,#1744,#1745));
#308=EDGE_LOOP('',(#1746,#1747,#1748,#1749,#1750,#1751,#1752,#1753,#1754,
#1755,#1756,#1757));
#309=EDGE_LOOP('',(#1758,#1759,#1760,#1761));
#310=EDGE_LOOP('',(#1762,#1763,#1764,#1765));
#311=EDGE_LOOP('',(#1766,#1767,#1768,#1769));
#312=EDGE_LOOP('',(#1770,#1771,#1772,#1773));
#313=EDGE_LOOP('',(#1774,#1775,#1776,#1777));
#314=EDGE_LOOP('',(#1778,#1779,#1780,#1781));
#315=EDGE_LOOP('',(#1782,#1783,#1784,#1785,#1786,#1787,#1788,#1789,#1790,
#1791,#1792,#1793,#1794,#1795,#1796,#1797,#1798));
#316=EDGE_LOOP('',(#1799,#1800,#1801,#1802));
#317=EDGE_LOOP('',(#1803,#1804,#1805,#1806,#1807,#1808,#1809,#1810));
#318=EDGE_LOOP('',(#1811,#1812,#1813,#1814));
#319=EDGE_LOOP('',(#1815,#1816,#1817,#1818));
#320=EDGE_LOOP('',(#1819,#1820,#1821,#1822,#1823,#1824,#1825,#1826));
#321=EDGE_LOOP('',(#1827,#1828,#1829,#1830,#1831,#1832,#1833,#1834));
#322=EDGE_LOOP('',(#1835,#1836,#1837,#1838));
#323=EDGE_LOOP('',(#1839,#1840,#1841,#1842,#1843,#1844,#1845,#1846,#1847,
#1848,#1849,#1850,#1851,#1852,#1853,#1854,#1855));
#324=EDGE_LOOP('',(#1856,#1857,#1858,#1859,#1860,#1861,#1862,#1863));
#325=EDGE_LOOP('',(#1864,#1865,#1866,#1867,#1868,#1869));
#326=EDGE_LOOP('',(#1870,#1871,#1872,#1873,#1874,#1875));
#327=EDGE_LOOP('',(#1876,#1877,#1878,#1879));
#328=EDGE_LOOP('',(#1880,#1881,#1882,#1883,#1884,#1885));
#329=EDGE_LOOP('',(#1886,#1887,#1888,#1889,#1890,#1891));
#330=EDGE_LOOP('',(#1892));
#331=EDGE_LOOP('',(#1893));
#332=EDGE_LOOP('',(#1894));
#333=EDGE_LOOP('',(#1895));
#334=EDGE_LOOP('',(#1896,#1897,#1898,#1899));
#335=EDGE_LOOP('',(#1900,#1901,#1902,#1903));
#336=EDGE_LOOP('',(#1904,#1905,#1906,#1907));
#337=EDGE_LOOP('',(#1908,#1909,#1910,#1911));
#338=EDGE_LOOP('',(#1912,#1913,#1914,#1915,#1916,#1917,#1918,#1919,#1920));
#339=EDGE_LOOP('',(#1921,#1922,#1923,#1924,#1925,#1926,#1927,#1928,#1929,
#1930,#1931,#1932));
#340=EDGE_LOOP('',(#1933,#1934,#1935,#1936,#1937,#1938,#1939,#1940));
#341=EDGE_LOOP('',(#1941,#1942,#1943,#1944,#1945,#1946,#1947,#1948));
#342=EDGE_LOOP('',(#1949,#1950,#1951,#1952,#1953,#1954,#1955,#1956,#1957,
#1958,#1959,#1960,#1961,#1962,#1963,#1964,#1965,#1966,#1967,#1968));
#343=EDGE_LOOP('',(#1969,#1970,#1971,#1972,#1973,#1974));
#344=EDGE_LOOP('',(#1975,#1976,#1977,#1978,#1979,#1980));
#345=EDGE_LOOP('',(#1981,#1982,#1983,#1984,#1985,#1986));
#346=EDGE_LOOP('',(#1987,#1988,#1989,#1990,#1991,#1992));
#347=EDGE_LOOP('',(#1993,#1994,#1995,#1996));
#348=EDGE_LOOP('',(#1997,#1998,#1999));
#349=EDGE_LOOP('',(#2000,#2001,#2002));
#350=EDGE_LOOP('',(#2003,#2004,#2005,#2006));
#351=EDGE_LOOP('',(#2007,#2008,#2009,#2010));
#352=EDGE_LOOP('',(#2011,#2012,#2013,#2014));
#353=EDGE_LOOP('',(#2015,#2016,#2017,#2018));
#354=EDGE_LOOP('',(#2019,#2020,#2021,#2022));
#355=EDGE_LOOP('',(#2023,#2024,#2025,#2026));
#356=EDGE_LOOP('',(#2027,#2028,#2029,#2030));
#357=EDGE_LOOP('',(#2031,#2032,#2033,#2034));
#358=EDGE_LOOP('',(#2035,#2036,#2037,#2038));
#359=EDGE_LOOP('',(#2039,#2040,#2041,#2042));
#360=EDGE_LOOP('',(#2043,#2044,#2045,#2046));
#361=EDGE_LOOP('',(#2047,#2048,#2049,#2050));
#362=EDGE_LOOP('',(#2051,#2052,#2053,#2054));
#363=EDGE_LOOP('',(#2055,#2056,#2057,#2058));
#364=EDGE_LOOP('',(#2059,#2060,#2061,#2062));
#365=EDGE_LOOP('',(#2063,#2064,#2065,#2066,#2067,#2068,#2069,#2070));
#366=EDGE_LOOP('',(#2071,#2072,#2073,#2074));
#367=EDGE_LOOP('',(#2075,#2076,#2077,#2078,#2079,#2080,#2081,#2082,#2083));
#368=EDGE_LOOP('',(#2084,#2085,#2086,#2087,#2088));
#369=EDGE_LOOP('',(#2089,#2090,#2091,#2092));
#370=EDGE_LOOP('',(#2093,#2094,#2095,#2096,#2097,#2098,#2099,#2100));
#371=EDGE_LOOP('',(#2101,#2102,#2103,#2104));
#372=EDGE_LOOP('',(#2105,#2106,#2107,#2108));
#373=EDGE_LOOP('',(#2109,#2110,#2111,#2112));
#374=EDGE_LOOP('',(#2113,#2114,#2115,#2116,#2117));
#375=EDGE_LOOP('',(#2118,#2119,#2120,#2121));
#376=EDGE_LOOP('',(#2122,#2123,#2124,#2125));
#377=EDGE_LOOP('',(#2126,#2127,#2128,#2129));
#378=EDGE_LOOP('',(#2130,#2131,#2132,#2133));
#379=EDGE_LOOP('',(#2134,#2135,#2136,#2137));
#380=EDGE_LOOP('',(#2138,#2139,#2140,#2141));
#381=EDGE_LOOP('',(#2142,#2143,#2144,#2145));
#382=EDGE_LOOP('',(#2146,#2147,#2148,#2149));
#383=EDGE_LOOP('',(#2150,#2151,#2152,#2153));
#384=EDGE_LOOP('',(#2154,#2155,#2156,#2157));
#385=EDGE_LOOP('',(#2158,#2159,#2160,#2161));
#386=EDGE_LOOP('',(#2162,#2163,#2164,#2165));
#387=EDGE_LOOP('',(#2166,#2167,#2168,#2169));
#388=EDGE_LOOP('',(#2170,#2171,#2172,#2173));
#389=EDGE_LOOP('',(#2174,#2175,#2176,#2177));
#390=EDGE_LOOP('',(#2178,#2179,#2180,#2181));
#391=EDGE_LOOP('',(#2182,#2183,#2184,#2185));
#392=EDGE_LOOP('',(#2186,#2187,#2188,#2189));
#393=EDGE_LOOP('',(#2190,#2191,#2192,#2193));
#394=EDGE_LOOP('',(#2194,#2195,#2196,#2197));
#395=EDGE_LOOP('',(#2198,#2199,#2200,#2201));
#396=EDGE_LOOP('',(#2202,#2203,#2204,#2205));
#397=EDGE_LOOP('',(#2206,#2207,#2208,#2209));
#398=EDGE_LOOP('',(#2210,#2211,#2212,#2213));
#399=EDGE_LOOP('',(#2214,#2215,#2216,#2217));
#400=EDGE_LOOP('',(#2218,#2219,#2220,#2221));
#401=EDGE_LOOP('',(#2222,#2223,#2224,#2225));
#402=EDGE_LOOP('',(#2226,#2227,#2228,#2229));
#403=EDGE_LOOP('',(#2230,#2231,#2232,#2233,#2234,#2235));
#404=EDGE_LOOP('',(#2236,#2237,#2238,#2239));
#405=EDGE_LOOP('',(#2240,#2241,#2242,#2243,#2244,#2245,#2246,#2247,#2248,
#2249));
#406=EDGE_LOOP('',(#2250,#2251,#2252,#2253));
#407=LINE('',#3294,#663);
#408=LINE('',#3296,#664);
#409=LINE('',#3298,#665);
#410=LINE('',#3299,#666);
#411=LINE('',#3307,#667);
#412=LINE('',#3309,#668);
#413=LINE('',#3311,#669);
#414=LINE('',#3313,#670);
#415=LINE('',#3321,#671);
#416=LINE('',#3322,#672);
#417=LINE('',#3323,#673);
#418=LINE('',#3331,#674);
#419=LINE('',#3332,#675);
#420=LINE('',#3335,#676);
#421=LINE('',#3336,#677);
#422=LINE('',#3338,#678);
#423=LINE('',#3341,#679);
#424=LINE('',#3353,#680);
#425=LINE('',#3355,#681);
#426=LINE('',#3357,#682);
#427=LINE('',#3358,#683);
#428=LINE('',#3366,#684);
#429=LINE('',#3368,#685);
#430=LINE('',#3370,#686);
#431=LINE('',#3371,#687);
#432=LINE('',#3374,#688);
#433=LINE('',#3376,#689);
#434=LINE('',#3378,#690);
#435=LINE('',#3379,#691);
#436=LINE('',#3382,#692);
#437=LINE('',#3384,#693);
#438=LINE('',#3386,#694);
#439=LINE('',#3388,#695);
#440=LINE('',#3389,#696);
#441=LINE('',#3397,#697);
#442=LINE('',#3398,#698);
#443=LINE('',#3400,#699);
#444=LINE('',#3401,#700);
#445=LINE('',#3403,#701);
#446=LINE('',#3414,#702);
#447=LINE('',#3416,#703);
#448=LINE('',#3418,#704);
#449=LINE('',#3419,#705);
#450=LINE('',#3427,#706);
#451=LINE('',#3429,#707);
#452=LINE('',#3431,#708);
#453=LINE('',#3432,#709);
#454=LINE('',#3435,#710);
#455=LINE('',#3437,#711);
#456=LINE('',#3439,#712);
#457=LINE('',#3440,#713);
#458=LINE('',#3443,#714);
#459=LINE('',#3445,#715);
#460=LINE('',#3447,#716);
#461=LINE('',#3449,#717);
#462=LINE('',#3450,#718);
#463=LINE('',#3458,#719);
#464=LINE('',#3459,#720);
#465=LINE('',#3461,#721);
#466=LINE('',#3462,#722);
#467=LINE('',#3464,#723);
#468=LINE('',#3475,#724);
#469=LINE('',#3477,#725);
#470=LINE('',#3479,#726);
#471=LINE('',#3480,#727);
#472=LINE('',#3488,#728);
#473=LINE('',#3490,#729);
#474=LINE('',#3492,#730);
#475=LINE('',#3494,#731);
#476=LINE('',#3502,#732);
#477=LINE('',#3503,#733);
#478=LINE('',#3504,#734);
#479=LINE('',#3507,#735);
#480=LINE('',#3508,#736);
#481=LINE('',#3519,#737);
#482=LINE('',#3520,#738);
#483=LINE('',#3522,#739);
#484=LINE('',#3526,#740);
#485=LINE('',#3611,#741);
#486=LINE('',#3613,#742);
#487=LINE('',#3620,#743);
#488=LINE('',#3621,#744);
#489=LINE('',#3663,#745);
#490=LINE('',#3695,#746);
#491=LINE('',#3696,#747);
#492=LINE('',#3699,#748);
#493=LINE('',#3701,#749);
#494=LINE('',#3702,#750);
#495=LINE('',#3705,#751);
#496=LINE('',#3706,#752);
#497=LINE('',#3708,#753);
#498=LINE('',#3709,#754);
#499=LINE('',#3714,#755);
#500=LINE('',#3717,#756);
#501=LINE('',#3837,#757);
#502=LINE('',#3857,#758);
#503=LINE('',#3858,#759);
#504=LINE('',#3862,#760);
#505=LINE('',#3866,#761);
#506=LINE('',#3870,#762);
#507=LINE('',#3874,#763);
#508=LINE('',#3878,#764);
#509=LINE('',#3880,#765);
#510=LINE('',#3882,#766);
#511=LINE('',#3883,#767);
#512=LINE('',#3887,#768);
#513=LINE('',#3889,#769);
#514=LINE('',#3891,#770);
#515=LINE('',#3892,#771);
#516=LINE('',#3894,#772);
#517=LINE('',#3896,#773);
#518=LINE('',#3900,#774);
#519=LINE('',#3904,#775);
#520=LINE('',#3906,#776);
#521=LINE('',#3908,#777);
#522=LINE('',#3914,#778);
#523=LINE('',#3918,#779);
#524=LINE('',#3921,#780);
#525=LINE('',#3924,#781);
#526=LINE('',#3925,#782);
#527=LINE('',#3928,#783);
#528=LINE('',#3930,#784);
#529=LINE('',#3932,#785);
#530=LINE('',#3936,#786);
#531=LINE('',#3941,#787);
#532=LINE('',#3943,#788);
#533=LINE('',#3945,#789);
#534=LINE('',#3946,#790);
#535=LINE('',#3950,#791);
#536=LINE('',#3952,#792);
#537=LINE('',#3954,#793);
#538=LINE('',#3955,#794);
#539=LINE('',#3958,#795);
#540=LINE('',#3960,#796);
#541=LINE('',#3962,#797);
#542=LINE('',#3964,#798);
#543=LINE('',#3965,#799);
#544=LINE('',#3966,#800);
#545=LINE('',#3969,#801);
#546=LINE('',#3973,#802);
#547=LINE('',#3977,#803);
#548=LINE('',#3978,#804);
#549=LINE('',#3981,#805);
#550=LINE('',#3982,#806);
#551=LINE('',#3985,#807);
#552=LINE('',#3989,#808);
#553=LINE('',#3993,#809);
#554=LINE('',#3999,#810);
#555=LINE('',#4001,#811);
#556=LINE('',#4003,#812);
#557=LINE('',#4007,#813);
#558=LINE('',#4013,#814);
#559=LINE('',#4019,#815);
#560=LINE('',#4022,#816);
#561=LINE('',#4026,#817);
#562=LINE('',#4028,#818);
#563=LINE('',#4031,#819);
#564=LINE('',#4034,#820);
#565=LINE('',#4038,#821);
#566=LINE('',#4040,#822);
#567=LINE('',#4043,#823);
#568=LINE('',#4048,#824);
#569=LINE('',#4051,#825);
#570=LINE('',#4054,#826);
#571=LINE('',#4060,#827);
#572=LINE('',#4063,#828);
#573=LINE('',#4066,#829);
#574=LINE('',#4070,#830);
#575=LINE('',#4075,#831);
#576=LINE('',#4078,#832);
#577=LINE('',#4080,#833);
#578=LINE('',#4081,#834);
#579=LINE('',#4084,#835);
#580=LINE('',#4086,#836);
#581=LINE('',#4087,#837);
#582=LINE('',#4090,#838);
#583=LINE('',#4092,#839);
#584=LINE('',#4093,#840);
#585=LINE('',#4096,#841);
#586=LINE('',#4098,#842);
#587=LINE('',#4099,#843);
#588=LINE('',#4109,#844);
#589=LINE('',#4113,#845);
#590=LINE('',#4116,#846);
#591=LINE('',#4262,#847);
#592=LINE('',#4264,#848);
#593=LINE('',#4266,#849);
#594=LINE('',#4267,#850);
#595=LINE('',#4272,#851);
#596=LINE('',#4276,#852);
#597=LINE('',#4278,#853);
#598=LINE('',#4279,#854);
#599=LINE('',#4280,#855);
#600=LINE('',#4282,#856);
#601=LINE('',#4286,#857);
#602=LINE('',#4288,#858);
#603=LINE('',#4291,#859);
#604=LINE('',#4295,#860);
#605=LINE('',#4302,#861);
#606=LINE('',#4304,#862);
#607=LINE('',#4307,#863);
#608=LINE('',#4313,#864);
#609=LINE('',#4316,#865);
#610=LINE('',#4321,#866);
#611=LINE('',#4324,#867);
#612=LINE('',#4328,#868);
#613=LINE('',#4329,#869);
#614=LINE('',#4331,#870);
#615=LINE('',#4333,#871);
#616=LINE('',#4334,#872);
#617=LINE('',#4336,#873);
#618=LINE('',#4338,#874);
#619=LINE('',#4340,#875);
#620=LINE('',#4341,#876);
#621=LINE('',#4343,#877);
#622=LINE('',#4345,#878);
#623=LINE('',#4349,#879);
#624=LINE('',#4350,#880);
#625=LINE('',#4353,#881);
#626=LINE('',#4357,#882);
#627=LINE('',#4358,#883);
#628=LINE('',#4360,#884);
#629=LINE('',#4361,#885);
#630=LINE('',#4363,#886);
#631=LINE('',#4365,#887);
#632=LINE('',#4367,#888);
#633=LINE('',#4372,#889);
#634=LINE('',#4374,#890);
#635=LINE('',#4378,#891);
#636=LINE('',#4379,#892);
#637=LINE('',#4381,#893);
#638=LINE('',#4383,#894);
#639=LINE('',#4388,#895);
#640=LINE('',#4389,#896);
#641=LINE('',#4391,#897);
#642=LINE('',#4394,#898);
#643=LINE('',#4396,#899);
#644=LINE('',#4398,#900);
#645=LINE('',#4400,#901);
#646=LINE('',#4403,#902);
#647=LINE('',#4406,#903);
#648=LINE('',#4408,#904);
#649=LINE('',#4410,#905);
#650=LINE('',#4412,#906);
#651=LINE('',#4414,#907);
#652=LINE('',#4417,#908);
#653=LINE('',#4419,#909);
#654=LINE('',#4421,#910);
#655=LINE('',#4424,#911);
#656=LINE('',#4425,#912);
#657=LINE('',#4427,#913);
#658=LINE('',#4429,#914);
#659=LINE('',#4432,#915);
#660=LINE('',#4433,#916);
#661=LINE('',#4436,#917);
#662=LINE('',#4439,#918);
#663=VECTOR('',#2659,10.);
#664=VECTOR('',#2660,10.);
#665=VECTOR('',#2661,10.);
#666=VECTOR('',#2662,10.);
#667=VECTOR('',#2665,10.);
#668=VECTOR('',#2666,10.);
#669=VECTOR('',#2667,10.);
#670=VECTOR('',#2668,10.);
#671=VECTOR('',#2671,10.);
#672=VECTOR('',#2672,10.);
#673=VECTOR('',#2673,10.);
#674=VECTOR('',#2676,10.);
#675=VECTOR('',#2677,10.);
#676=VECTOR('',#2680,10.);
#677=VECTOR('',#2681,10.);
#678=VECTOR('',#2684,10.);
#679=VECTOR('',#2687,10.);
#680=VECTOR('',#2694,10.);
#681=VECTOR('',#2695,10.);
#682=VECTOR('',#2696,10.);
#683=VECTOR('',#2697,10.);
#684=VECTOR('',#2700,10.);
#685=VECTOR('',#2701,10.);
#686=VECTOR('',#2702,10.);
#687=VECTOR('',#2703,10.);
#688=VECTOR('',#2706,10.);
#689=VECTOR('',#2707,10.);
#690=VECTOR('',#2708,10.);
#691=VECTOR('',#2709,10.);
#692=VECTOR('',#2712,10.);
#693=VECTOR('',#2713,10.);
#694=VECTOR('',#2714,10.);
#695=VECTOR('',#2715,10.);
#696=VECTOR('',#2716,10.);
#697=VECTOR('',#2719,10.);
#698=VECTOR('',#2720,10.);
#699=VECTOR('',#2723,10.);
#700=VECTOR('',#2724,10.);
#701=VECTOR('',#2727,10.);
#702=VECTOR('',#2732,10.);
#703=VECTOR('',#2733,10.);
#704=VECTOR('',#2734,10.);
#705=VECTOR('',#2735,10.);
#706=VECTOR('',#2738,10.);
#707=VECTOR('',#2739,10.);
#708=VECTOR('',#2740,10.);
#709=VECTOR('',#2741,10.);
#710=VECTOR('',#2744,10.);
#711=VECTOR('',#2745,10.);
#712=VECTOR('',#2746,10.);
#713=VECTOR('',#2747,10.);
#714=VECTOR('',#2750,10.);
#715=VECTOR('',#2751,10.);
#716=VECTOR('',#2752,10.);
#717=VECTOR('',#2753,10.);
#718=VECTOR('',#2754,10.);
#719=VECTOR('',#2757,10.);
#720=VECTOR('',#2758,10.);
#721=VECTOR('',#2761,10.);
#722=VECTOR('',#2762,10.);
#723=VECTOR('',#2765,10.);
#724=VECTOR('',#2770,10.);
#725=VECTOR('',#2771,10.);
#726=VECTOR('',#2772,10.);
#727=VECTOR('',#2773,10.);
#728=VECTOR('',#2776,10.);
#729=VECTOR('',#2777,10.);
#730=VECTOR('',#2778,10.);
#731=VECTOR('',#2779,10.);
#732=VECTOR('',#2782,10.);
#733=VECTOR('',#2783,10.);
#734=VECTOR('',#2784,10.);
#735=VECTOR('',#2787,10.);
#736=VECTOR('',#2788,10.);
#737=VECTOR('',#2791,10.);
#738=VECTOR('',#2792,10.);
#739=VECTOR('',#2795,10.);
#740=VECTOR('',#2800,10.);
#741=VECTOR('',#2809,10.);
#742=VECTOR('',#2810,10.);
#743=VECTOR('',#2811,10.);
#744=VECTOR('',#2812,10.);
#745=VECTOR('',#2813,10.);
#746=VECTOR('',#2814,10.);
#747=VECTOR('',#2815,10.);
#748=VECTOR('',#2818,10.);
#749=VECTOR('',#2819,10.);
#750=VECTOR('',#2820,10.);
#751=VECTOR('',#2823,10.);
#752=VECTOR('',#2824,10.);
#753=VECTOR('',#2825,10.);
#754=VECTOR('',#2826,10.);
#755=VECTOR('',#2831,10.);
#756=VECTOR('',#2834,10.);
#757=VECTOR('',#2837,10.);
#758=VECTOR('',#2838,10.);
#759=VECTOR('',#2839,10.);
#760=VECTOR('',#2844,1.25);
#761=VECTOR('',#2849,1.25);
#762=VECTOR('',#2854,1.25);
#763=VECTOR('',#2859,1.25);
#764=VECTOR('',#2862,10.);
#765=VECTOR('',#2863,10.);
#766=VECTOR('',#2864,10.);
#767=VECTOR('',#2865,10.);
#768=VECTOR('',#2868,10.);
#769=VECTOR('',#2869,10.);
#770=VECTOR('',#2870,10.);
#771=VECTOR('',#2871,10.);
#772=VECTOR('',#2874,10.);
#773=VECTOR('',#2875,10.);
#774=VECTOR('',#2878,10.);
#775=VECTOR('',#2881,10.);
#776=VECTOR('',#2882,10.);
#777=VECTOR('',#2883,10.);
#778=VECTOR('',#2888,10.);
#779=VECTOR('',#2891,10.);
#780=VECTOR('',#2894,10.);
#781=VECTOR('',#2897,10.);
#782=VECTOR('',#2898,10.);
#783=VECTOR('',#2901,10.);
#784=VECTOR('',#2902,10.);
#785=VECTOR('',#2903,10.);
#786=VECTOR('',#2906,10.);
#787=VECTOR('',#2911,10.);
#788=VECTOR('',#2912,10.);
#789=VECTOR('',#2913,10.);
#790=VECTOR('',#2914,10.);
#791=VECTOR('',#2917,10.);
#792=VECTOR('',#2918,10.);
#793=VECTOR('',#2919,10.);
#794=VECTOR('',#2920,10.);
#795=VECTOR('',#2923,10.);
#796=VECTOR('',#2924,10.);
#797=VECTOR('',#2925,10.);
#798=VECTOR('',#2926,10.);
#799=VECTOR('',#2927,10.);
#800=VECTOR('',#2928,10.);
#801=VECTOR('',#2931,10.);
#802=VECTOR('',#2934,10.);
#803=VECTOR('',#2937,10.);
#804=VECTOR('',#2938,10.);
#805=VECTOR('',#2941,10.);
#806=VECTOR('',#2942,10.);
#807=VECTOR('',#2945,10.);
#808=VECTOR('',#2948,10.);
#809=VECTOR('',#2951,10.);
#810=VECTOR('',#2956,10.);
#811=VECTOR('',#2957,10.);
#812=VECTOR('',#2958,10.);
#813=VECTOR('',#2961,10.);
#814=VECTOR('',#2968,10.);
#815=VECTOR('',#2975,10.);
#816=VECTOR('',#2976,10.);
#817=VECTOR('',#2979,10.);
#818=VECTOR('',#2980,10.);
#819=VECTOR('',#2983,10.);
#820=VECTOR('',#2984,10.);
#821=VECTOR('',#2987,10.);
#822=VECTOR('',#2988,10.);
#823=VECTOR('',#2991,10.);
#824=VECTOR('',#2994,10.);
#825=VECTOR('',#2997,10.);
#826=VECTOR('',#2998,10.);
#827=VECTOR('',#3003,10.);
#828=VECTOR('',#3006,10.);
#829=VECTOR('',#3007,10.);
#830=VECTOR('',#3010,10.);
#831=VECTOR('',#3015,10.);
#832=VECTOR('',#3018,10.);
#833=VECTOR('',#3019,10.);
#834=VECTOR('',#3020,10.);
#835=VECTOR('',#3023,10.);
#836=VECTOR('',#3024,10.);
#837=VECTOR('',#3025,10.);
#838=VECTOR('',#3028,10.);
#839=VECTOR('',#3029,10.);
#840=VECTOR('',#3030,10.);
#841=VECTOR('',#3033,10.);
#842=VECTOR('',#3034,10.);
#843=VECTOR('',#3035,10.);
#844=VECTOR('',#3040,10.);
#845=VECTOR('',#3043,10.);
#846=VECTOR('',#3046,10.);
#847=VECTOR('',#3055,10.);
#848=VECTOR('',#3056,10.);
#849=VECTOR('',#3057,10.);
#850=VECTOR('',#3058,10.);
#851=VECTOR('',#3067,10.);
#852=VECTOR('',#3070,10.);
#853=VECTOR('',#3073,10.);
#854=VECTOR('',#3074,10.);
#855=VECTOR('',#3075,10.);
#856=VECTOR('',#3076,10.);
#857=VECTOR('',#3079,10.);
#858=VECTOR('',#3080,10.);
#859=VECTOR('',#3083,10.);
#860=VECTOR('',#3086,10.);
#861=VECTOR('',#3093,10.);
#862=VECTOR('',#3094,10.);
#863=VECTOR('',#3097,10.);
#864=VECTOR('',#3102,10.);
#865=VECTOR('',#3105,10.);
#866=VECTOR('',#3108,10.);
#867=VECTOR('',#3111,10.);
#868=VECTOR('',#3118,10.);
#869=VECTOR('',#3119,10.);
#870=VECTOR('',#3122,10.);
#871=VECTOR('',#3125,10.);
#872=VECTOR('',#3126,10.);
#873=VECTOR('',#3129,10.);
#874=VECTOR('',#3132,10.);
#875=VECTOR('',#3135,10.);
#876=VECTOR('',#3136,10.);
#877=VECTOR('',#3139,10.);
#878=VECTOR('',#3142,10.);
#879=VECTOR('',#3147,10.);
#880=VECTOR('',#3148,10.);
#881=VECTOR('',#3151,10.);
#882=VECTOR('',#3156,10.);
#883=VECTOR('',#3157,10.);
#884=VECTOR('',#3160,10.);
#885=VECTOR('',#3161,10.);
#886=VECTOR('',#3164,10.);
#887=VECTOR('',#3167,10.);
#888=VECTOR('',#3170,10.);
#889=VECTOR('',#3177,10.);
#890=VECTOR('',#3180,10.);
#891=VECTOR('',#3187,10.);
#892=VECTOR('',#3188,10.);
#893=VECTOR('',#3191,10.);
#894=VECTOR('',#3194,10.);
#895=VECTOR('',#3203,10.);
#896=VECTOR('',#3204,10.);
#897=VECTOR('',#3207,10.);
#898=VECTOR('',#3212,10.);
#899=VECTOR('',#3215,10.);
#900=VECTOR('',#3218,10.);
#901=VECTOR('',#3221,10.);
#902=VECTOR('',#3226,10.);
#903=VECTOR('',#3231,10.);
#904=VECTOR('',#3234,10.);
#905=VECTOR('',#3237,10.);
#906=VECTOR('',#3240,10.);
#907=VECTOR('',#3243,10.);
#908=VECTOR('',#3248,10.);
#909=VECTOR('',#3251,10.);
#910=VECTOR('',#3254,10.);
#911=VECTOR('',#3259,10.);
#912=VECTOR('',#3260,10.);
#913=VECTOR('',#3263,10.);
#914=VECTOR('',#3266,10.);
#915=VECTOR('',#3271,10.);
#916=VECTOR('',#3272,10.);
#917=VECTOR('',#3277,10.);
#918=VECTOR('',#3282,10.);
#919=B_SPLINE_CURVE_WITH_KNOTS('',3,(#3289,#3290,#3291,#3292),
 .UNSPECIFIED.,.F.,.F.,(4,4),(-0.208255911517085,-0.14697631855232),
 .UNSPECIFIED.);
#920=B_SPLINE_CURVE_WITH_KNOTS('',3,(#3302,#3303,#3304,#3305),
 .UNSPECIFIED.,.F.,.F.,(4,4),(-0.24248711306092,0.),.UNSPECIFIED.);
#921=B_SPLINE_CURVE_WITH_KNOTS('',3,(#3314,#3315,#3316,#3317),
 .UNSPECIFIED.,.F.,.F.,(4,4),(-0.295161691723885,-0.0510555576446892),
 .UNSPECIFIED.);
#922=B_SPLINE_CURVE_WITH_KNOTS('',3,(#3326,#3327,#3328,#3329),
 .UNSPECIFIED.,.F.,.F.,(4,4),(-0.0622033120825093,0.),.UNSPECIFIED.);
#923=B_SPLINE_CURVE_WITH_KNOTS('',3,(#3348,#3349,#3350,#3351),
 .UNSPECIFIED.,.F.,.F.,(4,4),(-0.208255911517168,-0.146976318552334),
 .UNSPECIFIED.);
#924=B_SPLINE_CURVE_WITH_KNOTS('',3,(#3361,#3362,#3363,#3364),
 .UNSPECIFIED.,.F.,.F.,(4,4),(-0.534974226119305,-0.0500000000000123),
 .UNSPECIFIED.);
#925=B_SPLINE_CURVE_WITH_KNOTS('',3,(#3392,#3393,#3394,#3395),
 .UNSPECIFIED.,.F.,.F.,(4,4),(-0.0612391177774953,0.),.UNSPECIFIED.);
#926=B_SPLINE_CURVE_WITH_KNOTS('',3,(#3409,#3410,#3411,#3412),
 .UNSPECIFIED.,.F.,.F.,(4,4),(-0.208255911517264,-0.146976318552415),
 .UNSPECIFIED.);
#927=B_SPLINE_CURVE_WITH_KNOTS('',3,(#3422,#3423,#3424,#3425),
 .UNSPECIFIED.,.F.,.F.,(4,4),(-0.534974226120035,-0.0500000000007556),
 .UNSPECIFIED.);
#928=B_SPLINE_CURVE_WITH_KNOTS('',3,(#3453,#3454,#3455,#3456),
 .UNSPECIFIED.,.F.,.F.,(4,4),(-0.0612391177775322,0.),.UNSPECIFIED.);
#929=B_SPLINE_CURVE_WITH_KNOTS('',3,(#3470,#3471,#3472,#3473),
 .UNSPECIFIED.,.F.,.F.,(4,4),(-0.211579729176524,-0.149340017798279),
 .UNSPECIFIED.);
#930=B_SPLINE_CURVE_WITH_KNOTS('',3,(#3483,#3484,#3485,#3486),
 .UNSPECIFIED.,.F.,.F.,(4,4),(-0.244106134079423,0.),.UNSPECIFIED.);
#931=B_SPLINE_CURVE_WITH_KNOTS('',3,(#3495,#3496,#3497,#3498),
 .UNSPECIFIED.,.F.,.F.,(4,4),(-0.292487113060692,-0.0500000000000691),
 .UNSPECIFIED.);
#932=B_SPLINE_CURVE_WITH_KNOTS('',3,(#3511,#3512,#3513,#3514,#3515,#3516,
#3517),.UNSPECIFIED.,.F.,.F.,(4,3,4),(-0.0612391177775227,-0.0228649992833135,
0.),.UNSPECIFIED.);
#933=B_SPLINE_CURVE_WITH_KNOTS('',3,(#3615,#3616,#3617,#3618),
 .UNSPECIFIED.,.F.,.F.,(4,4),(0.,0.807500000001939),.UNSPECIFIED.);
#934=B_SPLINE_CURVE_WITH_KNOTS('',3,(#3665,#3666,#3667,#3668,#3669,#3670,
#3671,#3672,#3673,#3674),.UNSPECIFIED.,.F.,.F.,(4,3,3,4),(0.0198475203437305,
0.0780174337222075,0.137058380963623,0.18734334144802),.UNSPECIFIED.);
#935=B_SPLINE_CURVE_WITH_KNOTS('',3,(#3676,#3677,#3678,#3679),
 .UNSPECIFIED.,.F.,.F.,(4,4),(6.79686632035597,7.60436632035337),
 .UNSPECIFIED.);
#936=B_SPLINE_CURVE_WITH_KNOTS('',3,(#3853,#3854,#3855,#3856),
 .UNSPECIFIED.,.F.,.F.,(4,4),(-5.54168927359002,-5.05083719828305),
 .UNSPECIFIED.);
#937=B_SPLINE_CURVE_WITH_KNOTS('',3,(#4104,#4105,#4106,#4107),
 .UNSPECIFIED.,.F.,.F.,(4,4),(0.029079728568852,0.279080076306455),
 .UNSPECIFIED.);
#938=B_SPLINE_CURVE_WITH_KNOTS('',3,(#4218,#4219,#4220,#4221),
 .UNSPECIFIED.,.F.,.F.,(4,4),(-0.25438569542779,-0.0218819810664543),
 .UNSPECIFIED.);
#939=B_SPLINE_CURVE_WITH_KNOTS('',3,(#4223,#4224,#4225,#4226,#4227,#4228,
#4229,#4230,#4231,#4232,#4233,#4234),.UNSPECIFIED.,.F.,.F.,(4,2,2,2,2,4),
(-15.6863606236965,-12.9450869866467,-9.94944567074031,-6.63296378049356,
-3.31648189024678,-0.254385695428359),.UNSPECIFIED.);
#940=B_SPLINE_CURVE_WITH_KNOTS('',3,(#4236,#4237,#4238,#4239),
 .UNSPECIFIED.,.F.,.F.,(4,4),(-15.9188464556062,-15.6863606236967),
 .UNSPECIFIED.);
#941=B_SPLINE_CURVE_WITH_KNOTS('',3,(#4241,#4242,#4243,#4244),
 .UNSPECIFIED.,.F.,.F.,(4,4),(-0.28155811349399,-0.0259131600702641),
 .UNSPECIFIED.);
#942=B_SPLINE_CURVE_WITH_KNOTS('',3,(#4246,#4247,#4248,#4249,#4250,#4251),
 .UNSPECIFIED.,.F.,.F.,(4,2,4),(1.25190436685574,1.25874930054418,1.27517627769618),
 .UNSPECIFIED.);
#943=B_SPLINE_CURVE_WITH_KNOTS('',3,(#4256,#4257,#4258,#4259),
 .UNSPECIFIED.,.F.,.F.,(4,4),(-0.167253375366565,-0.147222844876284),
 .UNSPECIFIED.);
#944=VERTEX_POINT('',#3287);
#945=VERTEX_POINT('',#3288);
#946=VERTEX_POINT('',#3293);
#947=VERTEX_POINT('',#3295);
#948=VERTEX_POINT('',#3297);
#949=VERTEX_POINT('',#3301);
#950=VERTEX_POINT('',#3306);
#951=VERTEX_POINT('',#3308);
#952=VERTEX_POINT('',#3310);
#953=VERTEX_POINT('',#3312);
#954=VERTEX_POINT('',#3319);
#955=VERTEX_POINT('',#3320);
#956=VERTEX_POINT('',#3325);
#957=VERTEX_POINT('',#3330);
#958=VERTEX_POINT('',#3334);
#959=VERTEX_POINT('',#3340);
#960=VERTEX_POINT('',#3343);
#961=VERTEX_POINT('',#3346);
#962=VERTEX_POINT('',#3347);
#963=VERTEX_POINT('',#3352);
#964=VERTEX_POINT('',#3354);
#965=VERTEX_POINT('',#3356);
#966=VERTEX_POINT('',#3360);
#967=VERTEX_POINT('',#3365);
#968=VERTEX_POINT('',#3367);
#969=VERTEX_POINT('',#3369);
#970=VERTEX_POINT('',#3373);
#971=VERTEX_POINT('',#3375);
#972=VERTEX_POINT('',#3377);
#973=VERTEX_POINT('',#3381);
#974=VERTEX_POINT('',#3383);
#975=VERTEX_POINT('',#3385);
#976=VERTEX_POINT('',#3387);
#977=VERTEX_POINT('',#3391);
#978=VERTEX_POINT('',#3396);
#979=VERTEX_POINT('',#3404);
#980=VERTEX_POINT('',#3407);
#981=VERTEX_POINT('',#3408);
#982=VERTEX_POINT('',#3413);
#983=VERTEX_POINT('',#3415);
#984=VERTEX_POINT('',#3417);
#985=VERTEX_POINT('',#3421);
#986=VERTEX_POINT('',#3426);
#987=VERTEX_POINT('',#3428);
#988=VERTEX_POINT('',#3430);
#989=VERTEX_POINT('',#3434);
#990=VERTEX_POINT('',#3436);
#991=VERTEX_POINT('',#3438);
#992=VERTEX_POINT('',#3442);
#993=VERTEX_POINT('',#3444);
#994=VERTEX_POINT('',#3446);
#995=VERTEX_POINT('',#3448);
#996=VERTEX_POINT('',#3452);
#997=VERTEX_POINT('',#3457);
#998=VERTEX_POINT('',#3465);
#999=VERTEX_POINT('',#3468);
#1000=VERTEX_POINT('',#3469);
#1001=VERTEX_POINT('',#3474);
#1002=VERTEX_POINT('',#3476);
#1003=VERTEX_POINT('',#3478);
#1004=VERTEX_POINT('',#3482);
#1005=VERTEX_POINT('',#3487);
#1006=VERTEX_POINT('',#3489);
#1007=VERTEX_POINT('',#3491);
#1008=VERTEX_POINT('',#3493);
#1009=VERTEX_POINT('',#3500);
#1010=VERTEX_POINT('',#3501);
#1011=VERTEX_POINT('',#3506);
#1012=VERTEX_POINT('',#3510);
#1013=VERTEX_POINT('',#3518);
#1014=VERTEX_POINT('',#3524);
#1015=VERTEX_POINT('',#3527);
#1016=VERTEX_POINT('',#3574);
#1017=VERTEX_POINT('',#3576);
#1018=VERTEX_POINT('',#3592);
#1019=VERTEX_POINT('',#3610);
#1020=VERTEX_POINT('',#3612);
#1021=VERTEX_POINT('',#3614);
#1022=VERTEX_POINT('',#3619);
#1023=VERTEX_POINT('',#3662);
#1024=VERTEX_POINT('',#3664);
#1025=VERTEX_POINT('',#3675);
#1026=VERTEX_POINT('',#3680);
#1027=VERTEX_POINT('',#3698);
#1028=VERTEX_POINT('',#3700);
#1029=VERTEX_POINT('',#3704);
#1030=VERTEX_POINT('',#3707);
#1031=VERTEX_POINT('',#3711);
#1032=VERTEX_POINT('',#3713);
#1033=VERTEX_POINT('',#3715);
#1034=VERTEX_POINT('',#3763);
#1035=VERTEX_POINT('',#3779);
#1036=VERTEX_POINT('',#3836);
#1037=VERTEX_POINT('',#3852);
#1038=VERTEX_POINT('',#3860);
#1039=VERTEX_POINT('',#3864);
#1040=VERTEX_POINT('',#3868);
#1041=VERTEX_POINT('',#3872);
#1042=VERTEX_POINT('',#3876);
#1043=VERTEX_POINT('',#3877);
#1044=VERTEX_POINT('',#3879);
#1045=VERTEX_POINT('',#3881);
#1046=VERTEX_POINT('',#3885);
#1047=VERTEX_POINT('',#3886);
#1048=VERTEX_POINT('',#3888);
#1049=VERTEX_POINT('',#3890);
#1050=VERTEX_POINT('',#3895);
#1051=VERTEX_POINT('',#3897);
#1052=VERTEX_POINT('',#3899);
#1053=VERTEX_POINT('',#3901);
#1054=VERTEX_POINT('',#3903);
#1055=VERTEX_POINT('',#3905);
#1056=VERTEX_POINT('',#3907);
#1057=VERTEX_POINT('',#3909);
#1058=VERTEX_POINT('',#3911);
#1059=VERTEX_POINT('',#3913);
#1060=VERTEX_POINT('',#3915);
#1061=VERTEX_POINT('',#3917);
#1062=VERTEX_POINT('',#3919);
#1063=VERTEX_POINT('',#3923);
#1064=VERTEX_POINT('',#3927);
#1065=VERTEX_POINT('',#3929);
#1066=VERTEX_POINT('',#3931);
#1067=VERTEX_POINT('',#3933);
#1068=VERTEX_POINT('',#3935);
#1069=VERTEX_POINT('',#3939);
#1070=VERTEX_POINT('',#3940);
#1071=VERTEX_POINT('',#3942);
#1072=VERTEX_POINT('',#3944);
#1073=VERTEX_POINT('',#3948);
#1074=VERTEX_POINT('',#3949);
#1075=VERTEX_POINT('',#3951);
#1076=VERTEX_POINT('',#3953);
#1077=VERTEX_POINT('',#3957);
#1078=VERTEX_POINT('',#3959);
#1079=VERTEX_POINT('',#3961);
#1080=VERTEX_POINT('',#3963);
#1081=VERTEX_POINT('',#3968);
#1082=VERTEX_POINT('',#3970);
#1083=VERTEX_POINT('',#3972);
#1084=VERTEX_POINT('',#3974);
#1085=VERTEX_POINT('',#3976);
#1086=VERTEX_POINT('',#3980);
#1087=VERTEX_POINT('',#3984);
#1088=VERTEX_POINT('',#3986);
#1089=VERTEX_POINT('',#3988);
#1090=VERTEX_POINT('',#3990);
#1091=VERTEX_POINT('',#3992);
#1092=VERTEX_POINT('',#3994);
#1093=VERTEX_POINT('',#3996);
#1094=VERTEX_POINT('',#3998);
#1095=VERTEX_POINT('',#4000);
#1096=VERTEX_POINT('',#4002);
#1097=VERTEX_POINT('',#4004);
#1098=VERTEX_POINT('',#4006);
#1099=VERTEX_POINT('',#4010);
#1100=VERTEX_POINT('',#4011);
#1101=VERTEX_POINT('',#4014);
#1102=VERTEX_POINT('',#4017);
#1103=VERTEX_POINT('',#4020);
#1104=VERTEX_POINT('',#4021);
#1105=VERTEX_POINT('',#4023);
#1106=VERTEX_POINT('',#4025);
#1107=VERTEX_POINT('',#4027);
#1108=VERTEX_POINT('',#4029);
#1109=VERTEX_POINT('',#4032);
#1110=VERTEX_POINT('',#4033);
#1111=VERTEX_POINT('',#4035);
#1112=VERTEX_POINT('',#4037);
#1113=VERTEX_POINT('',#4039);
#1114=VERTEX_POINT('',#4041);
#1115=VERTEX_POINT('',#4044);
#1116=VERTEX_POINT('',#4045);
#1117=VERTEX_POINT('',#4047);
#1118=VERTEX_POINT('',#4049);
#1119=VERTEX_POINT('',#4052);
#1120=VERTEX_POINT('',#4053);
#1121=VERTEX_POINT('',#4055);
#1122=VERTEX_POINT('',#4057);
#1123=VERTEX_POINT('',#4059);
#1124=VERTEX_POINT('',#4061);
#1125=VERTEX_POINT('',#4064);
#1126=VERTEX_POINT('',#4065);
#1127=VERTEX_POINT('',#4067);
#1128=VERTEX_POINT('',#4069);
#1129=VERTEX_POINT('',#4071);
#1130=VERTEX_POINT('',#4073);
#1131=VERTEX_POINT('',#4077);
#1132=VERTEX_POINT('',#4079);
#1133=VERTEX_POINT('',#4083);
#1134=VERTEX_POINT('',#4085);
#1135=VERTEX_POINT('',#4089);
#1136=VERTEX_POINT('',#4091);
#1137=VERTEX_POINT('',#4095);
#1138=VERTEX_POINT('',#4097);
#1139=VERTEX_POINT('',#4101);
#1140=VERTEX_POINT('',#4103);
#1141=VERTEX_POINT('',#4108);
#1142=VERTEX_POINT('',#4110);
#1143=VERTEX_POINT('',#4112);
#1144=VERTEX_POINT('',#4114);
#1145=VERTEX_POINT('',#4217);
#1146=VERTEX_POINT('',#4222);
#1147=VERTEX_POINT('',#4235);
#1148=VERTEX_POINT('',#4240);
#1149=VERTEX_POINT('',#4245);
#1150=VERTEX_POINT('',#4254);
#1151=VERTEX_POINT('',#4261);
#1152=VERTEX_POINT('',#4263);
#1153=VERTEX_POINT('',#4265);
#1154=VERTEX_POINT('',#4273);
#1155=VERTEX_POINT('',#4275);
#1156=VERTEX_POINT('',#4281);
#1157=VERTEX_POINT('',#4283);
#1158=VERTEX_POINT('',#4285);
#1159=VERTEX_POINT('',#4287);
#1160=VERTEX_POINT('',#4290);
#1161=VERTEX_POINT('',#4292);
#1162=VERTEX_POINT('',#4294);
#1163=VERTEX_POINT('',#4296);
#1164=VERTEX_POINT('',#4299);
#1165=VERTEX_POINT('',#4301);
#1166=VERTEX_POINT('',#4303);
#1167=VERTEX_POINT('',#4305);
#1168=VERTEX_POINT('',#4308);
#1169=VERTEX_POINT('',#4310);
#1170=VERTEX_POINT('',#4312);
#1171=VERTEX_POINT('',#4314);
#1172=VERTEX_POINT('',#4317);
#1173=VERTEX_POINT('',#4318);
#1174=VERTEX_POINT('',#4320);
#1175=VERTEX_POINT('',#4322);
#1176=VERTEX_POINT('',#4348);
#1177=VERTEX_POINT('',#4352);
#1178=VERTEX_POINT('',#4356);
#1179=VERTEX_POINT('',#4370);
#1180=EDGE_CURVE('',#944,#945,#919,.T.);
#1181=EDGE_CURVE('',#946,#944,#407,.T.);
#1182=EDGE_CURVE('',#947,#946,#408,.T.);
#1183=EDGE_CURVE('',#947,#948,#409,.T.);
#1184=EDGE_CURVE('',#948,#945,#410,.T.);
#1185=EDGE_CURVE('',#945,#949,#920,.T.);
#1186=EDGE_CURVE('',#950,#948,#411,.T.);
#1187=EDGE_CURVE('',#951,#950,#412,.T.);
#1188=EDGE_CURVE('',#952,#951,#413,.T.);
#1189=EDGE_CURVE('',#953,#952,#414,.T.);
#1190=EDGE_CURVE('',#949,#953,#921,.T.);
#1191=EDGE_CURVE('',#954,#955,#415,.T.);
#1192=EDGE_CURVE('',#955,#952,#416,.T.);
#1193=EDGE_CURVE('',#954,#951,#417,.T.);
#1194=EDGE_CURVE('',#953,#956,#922,.T.);
#1195=EDGE_CURVE('',#955,#957,#418,.T.);
#1196=EDGE_CURVE('',#956,#957,#419,.T.);
#1197=EDGE_CURVE('',#947,#958,#420,.T.);
#1198=EDGE_CURVE('',#958,#950,#421,.T.);
#1199=EDGE_CURVE('',#958,#954,#422,.T.);
#1200=EDGE_CURVE('',#959,#946,#423,.T.);
#1201=EDGE_CURVE('',#957,#959,#88,.T.);
#1202=EDGE_CURVE('',#960,#960,#89,.T.);
#1203=EDGE_CURVE('',#961,#962,#923,.T.);
#1204=EDGE_CURVE('',#963,#961,#424,.T.);
#1205=EDGE_CURVE('',#964,#963,#425,.T.);
#1206=EDGE_CURVE('',#964,#965,#426,.T.);
#1207=EDGE_CURVE('',#965,#962,#427,.T.);
#1208=EDGE_CURVE('',#962,#966,#924,.T.);
#1209=EDGE_CURVE('',#967,#965,#428,.T.);
#1210=EDGE_CURVE('',#968,#967,#429,.T.);
#1211=EDGE_CURVE('',#969,#968,#430,.T.);
#1212=EDGE_CURVE('',#966,#969,#431,.T.);
#1213=EDGE_CURVE('',#967,#970,#432,.T.);
#1214=EDGE_CURVE('',#964,#971,#433,.T.);
#1215=EDGE_CURVE('',#971,#972,#434,.T.);
#1216=EDGE_CURVE('',#970,#972,#435,.T.);
#1217=EDGE_CURVE('',#973,#968,#436,.T.);
#1218=EDGE_CURVE('',#974,#973,#437,.T.);
#1219=EDGE_CURVE('',#975,#974,#438,.T.);
#1220=EDGE_CURVE('',#975,#976,#439,.T.);
#1221=EDGE_CURVE('',#976,#969,#440,.T.);
#1222=EDGE_CURVE('',#966,#977,#925,.T.);
#1223=EDGE_CURVE('',#976,#978,#441,.T.);
#1224=EDGE_CURVE('',#977,#978,#442,.T.);
#1225=EDGE_CURVE('',#972,#974,#443,.T.);
#1226=EDGE_CURVE('',#971,#975,#444,.T.);
#1227=EDGE_CURVE('',#978,#963,#445,.T.);
#1228=EDGE_CURVE('',#979,#979,#90,.T.);
#1229=EDGE_CURVE('',#980,#981,#926,.T.);
#1230=EDGE_CURVE('',#982,#980,#446,.T.);
#1231=EDGE_CURVE('',#983,#982,#447,.T.);
#1232=EDGE_CURVE('',#983,#984,#448,.T.);
#1233=EDGE_CURVE('',#984,#981,#449,.T.);
#1234=EDGE_CURVE('',#981,#985,#927,.T.);
#1235=EDGE_CURVE('',#986,#984,#450,.T.);
#1236=EDGE_CURVE('',#987,#986,#451,.T.);
#1237=EDGE_CURVE('',#988,#987,#452,.T.);
#1238=EDGE_CURVE('',#985,#988,#453,.T.);
#1239=EDGE_CURVE('',#986,#989,#454,.T.);
#1240=EDGE_CURVE('',#983,#990,#455,.T.);
#1241=EDGE_CURVE('',#990,#991,#456,.T.);
#1242=EDGE_CURVE('',#989,#991,#457,.T.);
#1243=EDGE_CURVE('',#992,#987,#458,.T.);
#1244=EDGE_CURVE('',#993,#992,#459,.T.);
#1245=EDGE_CURVE('',#994,#993,#460,.T.);
#1246=EDGE_CURVE('',#994,#995,#461,.T.);
#1247=EDGE_CURVE('',#995,#988,#462,.T.);
#1248=EDGE_CURVE('',#985,#996,#928,.T.);
#1249=EDGE_CURVE('',#995,#997,#463,.T.);
#1250=EDGE_CURVE('',#996,#997,#464,.T.);
#1251=EDGE_CURVE('',#991,#993,#465,.T.);
#1252=EDGE_CURVE('',#990,#994,#466,.T.);
#1253=EDGE_CURVE('',#997,#982,#467,.T.);
#1254=EDGE_CURVE('',#998,#998,#91,.T.);
#1255=EDGE_CURVE('',#999,#1000,#929,.T.);
#1256=EDGE_CURVE('',#1001,#999,#468,.T.);
#1257=EDGE_CURVE('',#1002,#1001,#469,.T.);
#1258=EDGE_CURVE('',#1002,#1003,#470,.T.);
#1259=EDGE_CURVE('',#1003,#1000,#471,.T.);
#1260=EDGE_CURVE('',#1000,#1004,#930,.T.);
#1261=EDGE_CURVE('',#1005,#1003,#472,.T.);
#1262=EDGE_CURVE('',#1006,#1005,#473,.T.);
#1263=EDGE_CURVE('',#1007,#1006,#474,.T.);
#1264=EDGE_CURVE('',#1008,#1007,#475,.T.);
#1265=EDGE_CURVE('',#1004,#1008,#931,.T.);
#1266=EDGE_CURVE('',#1009,#1010,#476,.T.);
#1267=EDGE_CURVE('',#1010,#1006,#477,.T.);
#1268=EDGE_CURVE('',#1009,#1005,#478,.T.);
#1269=EDGE_CURVE('',#1010,#1011,#479,.T.);
#1270=EDGE_CURVE('',#1011,#1007,#480,.T.);
#1271=EDGE_CURVE('',#1008,#1012,#932,.T.);
#1272=EDGE_CURVE('',#1011,#1013,#481,.T.);
#1273=EDGE_CURVE('',#1012,#1013,#482,.T.);
#1274=EDGE_CURVE('',#1002,#1009,#483,.T.);
#1275=EDGE_CURVE('',#1014,#1001,#92,.T.);
#1276=EDGE_CURVE('',#1013,#1014,#484,.T.);
#1277=EDGE_CURVE('',#1015,#1015,#93,.T.);
#1278=EDGE_CURVE('',#1016,#956,#94,.T.);
#1279=EDGE_CURVE('',#1017,#1016,#59,.T.);
#1280=EDGE_CURVE('',#1018,#1017,#95,.T.);
#1281=EDGE_CURVE('',#1018,#949,#60,.T.);
#1282=EDGE_CURVE('',#1019,#970,#485,.F.);
#1283=EDGE_CURVE('',#1019,#1020,#486,.F.);
#1284=EDGE_CURVE('',#1020,#1021,#933,.F.);
#1285=EDGE_CURVE('',#1022,#1021,#487,.F.);
#1286=EDGE_CURVE('',#973,#1022,#488,.F.);
#1287=EDGE_CURVE('',#1023,#1018,#489,.T.);
#1288=EDGE_CURVE('',#1023,#1024,#934,.T.);
#1289=EDGE_CURVE('',#1025,#1024,#935,.F.);
#1290=EDGE_CURVE('',#1026,#1025,#61,.T.);
#1291=EDGE_CURVE('',#980,#1026,#490,.T.);
#1292=EDGE_CURVE('',#944,#996,#491,.T.);
#1293=EDGE_CURVE('',#1026,#1027,#492,.T.);
#1294=EDGE_CURVE('',#1028,#1027,#493,.T.);
#1295=EDGE_CURVE('',#959,#1028,#494,.T.);
#1296=EDGE_CURVE('',#1029,#989,#495,.F.);
#1297=EDGE_CURVE('',#1025,#1029,#496,.T.);
#1298=EDGE_CURVE('',#1030,#1024,#497,.T.);
#1299=EDGE_CURVE('',#992,#1030,#498,.F.);
#1300=EDGE_CURVE('',#999,#1031,#96,.T.);
#1301=EDGE_CURVE('',#1031,#1032,#499,.T.);
#1302=EDGE_CURVE('',#1033,#1032,#97,.T.);
#1303=EDGE_CURVE('',#1014,#1033,#500,.T.);
#1304=EDGE_CURVE('',#1034,#1004,#62,.T.);
#1305=EDGE_CURVE('',#1035,#1034,#98,.T.);
#1306=EDGE_CURVE('',#1035,#1031,#63,.T.);
#1307=EDGE_CURVE('',#1036,#977,#501,.T.);
#1308=EDGE_CURVE('',#1021,#1036,#64,.F.);
#1309=EDGE_CURVE('',#1037,#1020,#936,.T.);
#1310=EDGE_CURVE('',#1034,#1037,#502,.T.);
#1311=EDGE_CURVE('',#961,#1012,#503,.T.);
#1312=EDGE_CURVE('',#1038,#1038,#99,.T.);
#1313=EDGE_CURVE('',#1038,#998,#504,.T.);
#1314=EDGE_CURVE('',#1039,#1039,#100,.T.);
#1315=EDGE_CURVE('',#1039,#1015,#505,.T.);
#1316=EDGE_CURVE('',#1040,#1040,#101,.T.);
#1317=EDGE_CURVE('',#1040,#979,#506,.T.);
#1318=EDGE_CURVE('',#1041,#1041,#102,.T.);
#1319=EDGE_CURVE('',#1041,#960,#507,.T.);
#1320=EDGE_CURVE('',#1042,#1043,#508,.T.);
#1321=EDGE_CURVE('',#1044,#1042,#509,.T.);
#1322=EDGE_CURVE('',#1045,#1044,#510,.T.);
#1323=EDGE_CURVE('',#1043,#1045,#511,.T.);
#1324=EDGE_CURVE('',#1046,#1047,#512,.T.);
#1325=EDGE_CURVE('',#1048,#1046,#513,.T.);
#1326=EDGE_CURVE('',#1049,#1048,#514,.T.);
#1327=EDGE_CURVE('',#1047,#1049,#515,.T.);
#1328=EDGE_CURVE('',#1047,#1042,#516,.T.);
#1329=EDGE_CURVE('',#1050,#1043,#517,.T.);
#1330=EDGE_CURVE('',#1051,#1050,#103,.T.);
#1331=EDGE_CURVE('',#1052,#1051,#518,.T.);
#1332=EDGE_CURVE('',#1053,#1052,#104,.T.);
#1333=EDGE_CURVE('',#1054,#1053,#519,.T.);
#1334=EDGE_CURVE('',#1055,#1054,#520,.T.);
#1335=EDGE_CURVE('',#1056,#1055,#521,.T.);
#1336=EDGE_CURVE('',#1057,#1056,#105,.T.);
#1337=EDGE_CURVE('',#1058,#1057,#106,.T.);
#1338=EDGE_CURVE('',#1059,#1058,#522,.T.);
#1339=EDGE_CURVE('',#1060,#1059,#107,.T.);
#1340=EDGE_CURVE('',#1061,#1060,#523,.T.);
#1341=EDGE_CURVE('',#1062,#1061,#108,.T.);
#1342=EDGE_CURVE('',#1046,#1062,#524,.T.);
#1343=EDGE_CURVE('',#1063,#1045,#525,.F.);
#1344=EDGE_CURVE('',#1050,#1063,#526,.T.);
#1345=EDGE_CURVE('',#1064,#1044,#527,.T.);
#1346=EDGE_CURVE('',#1064,#1065,#528,.F.);
#1347=EDGE_CURVE('',#1065,#1066,#529,.F.);
#1348=EDGE_CURVE('',#1066,#1067,#15,.F.);
#1349=EDGE_CURVE('',#1067,#1068,#530,.F.);
#1350=EDGE_CURVE('',#1068,#1063,#16,.F.);
#1351=EDGE_CURVE('',#1069,#1070,#531,.T.);
#1352=EDGE_CURVE('',#1069,#1071,#532,.T.);
#1353=EDGE_CURVE('',#1072,#1071,#533,.T.);
#1354=EDGE_CURVE('',#1070,#1072,#534,.T.);
#1355=EDGE_CURVE('',#1073,#1074,#535,.T.);
#1356=EDGE_CURVE('',#1075,#1073,#536,.T.);
#1357=EDGE_CURVE('',#1076,#1075,#537,.T.);
#1358=EDGE_CURVE('',#1076,#1074,#538,.T.);
#1359=EDGE_CURVE('',#1069,#1077,#539,.T.);
#1360=EDGE_CURVE('',#1078,#1077,#540,.T.);
#1361=EDGE_CURVE('',#1079,#1078,#541,.T.);
#1362=EDGE_CURVE('',#1080,#1079,#542,.F.);
#1363=EDGE_CURVE('',#1080,#1074,#543,.T.);
#1364=EDGE_CURVE('',#1071,#1076,#544,.T.);
#1365=EDGE_CURVE('',#1070,#1081,#545,.F.);
#1366=EDGE_CURVE('',#1081,#1082,#17,.F.);
#1367=EDGE_CURVE('',#1082,#1083,#546,.F.);
#1368=EDGE_CURVE('',#1083,#1084,#18,.F.);
#1369=EDGE_CURVE('',#1084,#1085,#547,.F.);
#1370=EDGE_CURVE('',#1085,#1077,#548,.F.);
#1371=EDGE_CURVE('',#1072,#1086,#549,.T.);
#1372=EDGE_CURVE('',#1086,#1081,#550,.T.);
#1373=EDGE_CURVE('',#1087,#1075,#551,.T.);
#1374=EDGE_CURVE('',#1088,#1087,#109,.T.);
#1375=EDGE_CURVE('',#1089,#1088,#552,.T.);
#1376=EDGE_CURVE('',#1090,#1089,#110,.T.);
#1377=EDGE_CURVE('',#1091,#1090,#553,.T.);
#1378=EDGE_CURVE('',#1092,#1091,#111,.T.);
#1379=EDGE_CURVE('',#1093,#1092,#112,.T.);
#1380=EDGE_CURVE('',#1094,#1093,#554,.T.);
#1381=EDGE_CURVE('',#1095,#1094,#555,.T.);
#1382=EDGE_CURVE('',#1096,#1095,#556,.T.);
#1383=EDGE_CURVE('',#1097,#1096,#113,.T.);
#1384=EDGE_CURVE('',#1098,#1097,#557,.T.);
#1385=EDGE_CURVE('',#1086,#1098,#114,.T.);
#1386=EDGE_CURVE('',#1099,#1100,#115,.T.);
#1387=EDGE_CURVE('',#1100,#1033,#558,.T.);
#1388=EDGE_CURVE('',#1032,#1101,#116,.T.);
#1389=EDGE_CURVE('',#1101,#1028,#117,.T.);
#1390=EDGE_CURVE('',#1027,#1102,#118,.T.);
#1391=EDGE_CURVE('',#1102,#1099,#559,.T.);
#1392=EDGE_CURVE('',#1103,#1104,#560,.F.);
#1393=EDGE_CURVE('',#1104,#1105,#119,.F.);
#1394=EDGE_CURVE('',#1105,#1106,#561,.F.);
#1395=EDGE_CURVE('',#1106,#1107,#562,.T.);
#1396=EDGE_CURVE('',#1107,#1108,#120,.T.);
#1397=EDGE_CURVE('',#1108,#1103,#563,.T.);
#1398=EDGE_CURVE('',#1109,#1110,#564,.T.);
#1399=EDGE_CURVE('',#1110,#1111,#121,.T.);
#1400=EDGE_CURVE('',#1111,#1112,#565,.T.);
#1401=EDGE_CURVE('',#1112,#1113,#566,.F.);
#1402=EDGE_CURVE('',#1113,#1114,#122,.F.);
#1403=EDGE_CURVE('',#1114,#1109,#567,.F.);
#1404=EDGE_CURVE('',#1115,#1116,#123,.T.);
#1405=EDGE_CURVE('',#1116,#1117,#568,.T.);
#1406=EDGE_CURVE('',#1117,#1118,#124,.T.);
#1407=EDGE_CURVE('',#1118,#1115,#569,.T.);
#1408=EDGE_CURVE('',#1119,#1120,#570,.F.);
#1409=EDGE_CURVE('',#1120,#1121,#125,.F.);
#1410=EDGE_CURVE('',#1121,#1122,#126,.F.);
#1411=EDGE_CURVE('',#1122,#1123,#571,.T.);
#1412=EDGE_CURVE('',#1123,#1124,#127,.T.);
#1413=EDGE_CURVE('',#1124,#1119,#572,.T.);
#1414=EDGE_CURVE('',#1125,#1126,#573,.T.);
#1415=EDGE_CURVE('',#1126,#1127,#128,.T.);
#1416=EDGE_CURVE('',#1127,#1128,#574,.T.);
#1417=EDGE_CURVE('',#1128,#1129,#129,.F.);
#1418=EDGE_CURVE('',#1129,#1130,#130,.F.);
#1419=EDGE_CURVE('',#1130,#1125,#575,.F.);
#1420=EDGE_CURVE('',#1131,#1119,#576,.T.);
#1421=EDGE_CURVE('',#1131,#1132,#577,.F.);
#1422=EDGE_CURVE('',#1132,#1120,#578,.T.);
#1423=EDGE_CURVE('',#1109,#1133,#579,.T.);
#1424=EDGE_CURVE('',#1134,#1114,#580,.T.);
#1425=EDGE_CURVE('',#1134,#1133,#581,.F.);
#1426=EDGE_CURVE('',#1135,#1103,#582,.T.);
#1427=EDGE_CURVE('',#1135,#1136,#583,.F.);
#1428=EDGE_CURVE('',#1136,#1104,#584,.T.);
#1429=EDGE_CURVE('',#1125,#1137,#585,.T.);
#1430=EDGE_CURVE('',#1138,#1130,#586,.T.);
#1431=EDGE_CURVE('',#1138,#1137,#587,.F.);
#1432=EDGE_CURVE('',#1080,#1139,#19,.F.);
#1433=EDGE_CURVE('',#1140,#1139,#937,.T.);
#1434=EDGE_CURVE('',#1140,#1141,#588,.F.);
#1435=EDGE_CURVE('',#1141,#1142,#20,.F.);
#1436=EDGE_CURVE('',#1142,#1143,#589,.F.);
#1437=EDGE_CURVE('',#1143,#1144,#21,.F.);
#1438=EDGE_CURVE('',#1144,#1073,#590,.F.);
#1439=EDGE_CURVE('',#1145,#1139,#938,.T.);
#1440=EDGE_CURVE('',#1146,#1145,#939,.T.);
#1441=EDGE_CURVE('',#1147,#1146,#940,.T.);
#1442=EDGE_CURVE('',#1148,#1147,#941,.T.);
#1443=EDGE_CURVE('',#1148,#1149,#942,.T.);
#1444=EDGE_CURVE('',#1017,#1149,#131,.T.);
#1445=EDGE_CURVE('',#1031,#1016,#132,.T.);
#1446=EDGE_CURVE('',#1150,#1035,#133,.T.);
#1447=EDGE_CURVE('',#1140,#1150,#943,.T.);
#1448=EDGE_CURVE('',#1049,#1151,#591,.T.);
#1449=EDGE_CURVE('',#1151,#1152,#592,.T.);
#1450=EDGE_CURVE('',#1153,#1152,#593,.T.);
#1451=EDGE_CURVE('',#1153,#1064,#594,.T.);
#1452=EDGE_CURVE('',#1152,#1079,#134,.F.);
#1453=EDGE_CURVE('',#1147,#1151,#22,.F.);
#1454=EDGE_CURVE('',#1022,#1036,#595,.T.);
#1455=EDGE_CURVE('',#1154,#1036,#135,.T.);
#1456=EDGE_CURVE('',#1154,#1155,#596,.F.);
#1457=EDGE_CURVE('',#1026,#1155,#136,.T.);
#1458=EDGE_CURVE('',#1026,#1029,#597,.T.);
#1459=EDGE_CURVE('',#1030,#1153,#598,.T.);
#1460=EDGE_CURVE('',#1078,#1019,#599,.T.);
#1461=EDGE_CURVE('',#1156,#1135,#600,.T.);
#1462=EDGE_CURVE('',#1157,#1156,#137,.T.);
#1463=EDGE_CURVE('',#1158,#1157,#601,.T.);
#1464=EDGE_CURVE('',#1159,#1158,#602,.F.);
#1465=EDGE_CURVE('',#1136,#1159,#138,.F.);
#1466=EDGE_CURVE('',#1160,#1131,#603,.T.);
#1467=EDGE_CURVE('',#1161,#1160,#139,.T.);
#1468=EDGE_CURVE('',#1162,#1161,#604,.T.);
#1469=EDGE_CURVE('',#1163,#1162,#140,.F.);
#1470=EDGE_CURVE('',#1132,#1163,#141,.F.);
#1471=EDGE_CURVE('',#1164,#1134,#142,.F.);
#1472=EDGE_CURVE('',#1165,#1164,#605,.F.);
#1473=EDGE_CURVE('',#1166,#1165,#606,.T.);
#1474=EDGE_CURVE('',#1167,#1166,#143,.T.);
#1475=EDGE_CURVE('',#1133,#1167,#607,.T.);
#1476=EDGE_CURVE('',#1168,#1138,#144,.F.);
#1477=EDGE_CURVE('',#1169,#1168,#145,.F.);
#1478=EDGE_CURVE('',#1170,#1169,#608,.T.);
#1479=EDGE_CURVE('',#1171,#1170,#146,.T.);
#1480=EDGE_CURVE('',#1137,#1171,#609,.T.);
#1481=EDGE_CURVE('',#1172,#1173,#147,.T.);
#1482=EDGE_CURVE('',#1174,#1172,#610,.T.);
#1483=EDGE_CURVE('',#1175,#1174,#148,.T.);
#1484=EDGE_CURVE('',#1173,#1175,#611,.T.);
#1485=EDGE_CURVE('',#1092,#1035,#612,.T.);
#1486=EDGE_CURVE('',#1091,#1150,#613,.T.);
#1487=EDGE_CURVE('',#1093,#1034,#614,.T.);
#1488=EDGE_CURVE('',#1056,#1018,#615,.T.);
#1489=EDGE_CURVE('',#1023,#1055,#616,.T.);
#1490=EDGE_CURVE('',#1057,#1017,#617,.T.);
#1491=EDGE_CURVE('',#1058,#1149,#618,.T.);
#1492=EDGE_CURVE('',#1053,#1066,#619,.T.);
#1493=EDGE_CURVE('',#1054,#1065,#620,.T.);
#1494=EDGE_CURVE('',#1052,#1067,#621,.T.);
#1495=EDGE_CURVE('',#1051,#1068,#622,.T.);
#1496=EDGE_CURVE('',#1062,#1176,#623,.T.);
#1497=EDGE_CURVE('',#1048,#1176,#624,.F.);
#1498=EDGE_CURVE('',#1061,#1177,#625,.T.);
#1499=EDGE_CURVE('',#1176,#1177,#23,.F.);
#1500=EDGE_CURVE('',#1060,#1178,#626,.T.);
#1501=EDGE_CURVE('',#1177,#1178,#627,.F.);
#1502=EDGE_CURVE('',#1097,#1083,#628,.T.);
#1503=EDGE_CURVE('',#1098,#1082,#629,.T.);
#1504=EDGE_CURVE('',#1096,#1084,#630,.T.);
#1505=EDGE_CURVE('',#1095,#1085,#631,.T.);
#1506=EDGE_CURVE('',#1037,#1094,#632,.T.);
#1507=EDGE_CURVE('',#1178,#1179,#24,.F.);
#1508=EDGE_CURVE('',#1179,#1148,#633,.F.);
#1509=EDGE_CURVE('',#1059,#1179,#634,.T.);
#1510=EDGE_CURVE('',#1087,#1144,#635,.T.);
#1511=EDGE_CURVE('',#1088,#1143,#636,.T.);
#1512=EDGE_CURVE('',#1089,#1142,#637,.T.);
#1513=EDGE_CURVE('',#1090,#1141,#638,.T.);
#1514=EDGE_CURVE('',#1161,#1123,#639,.T.);
#1515=EDGE_CURVE('',#1162,#1122,#640,.F.);
#1516=EDGE_CURVE('',#1163,#1121,#641,.T.);
#1517=EDGE_CURVE('',#1164,#1113,#642,.T.);
#1518=EDGE_CURVE('',#1165,#1112,#643,.T.);
#1519=EDGE_CURVE('',#1166,#1111,#644,.T.);
#1520=EDGE_CURVE('',#1167,#1110,#645,.T.);
#1521=EDGE_CURVE('',#1160,#1124,#646,.T.);
#1522=EDGE_CURVE('',#1171,#1126,#647,.T.);
#1523=EDGE_CURVE('',#1156,#1108,#648,.T.);
#1524=EDGE_CURVE('',#1157,#1107,#649,.T.);
#1525=EDGE_CURVE('',#1158,#1106,#650,.F.);
#1526=EDGE_CURVE('',#1159,#1105,#651,.T.);
#1527=EDGE_CURVE('',#1168,#1129,#652,.T.);
#1528=EDGE_CURVE('',#1169,#1128,#653,.T.);
#1529=EDGE_CURVE('',#1170,#1127,#654,.T.);
#1530=EDGE_CURVE('',#1172,#1115,#655,.T.);
#1531=EDGE_CURVE('',#1174,#1118,#656,.T.);
#1532=EDGE_CURVE('',#1175,#1117,#657,.T.);
#1533=EDGE_CURVE('',#1173,#1116,#658,.T.);
#1534=EDGE_CURVE('',#1154,#1099,#659,.T.);
#1535=EDGE_CURVE('',#1155,#1102,#660,.T.);
#1536=EDGE_CURVE('',#1016,#1101,#661,.T.);
#1537=EDGE_CURVE('',#1036,#1100,#662,.T.);
#1538=ORIENTED_EDGE('',*,*,#1180,.F.);
#1539=ORIENTED_EDGE('',*,*,#1181,.F.);
#1540=ORIENTED_EDGE('',*,*,#1182,.F.);
#1541=ORIENTED_EDGE('',*,*,#1183,.T.);
#1542=ORIENTED_EDGE('',*,*,#1184,.T.);
#1543=ORIENTED_EDGE('',*,*,#1185,.F.);
#1544=ORIENTED_EDGE('',*,*,#1184,.F.);
#1545=ORIENTED_EDGE('',*,*,#1186,.F.);
#1546=ORIENTED_EDGE('',*,*,#1187,.F.);
#1547=ORIENTED_EDGE('',*,*,#1188,.F.);
#1548=ORIENTED_EDGE('',*,*,#1189,.F.);
#1549=ORIENTED_EDGE('',*,*,#1190,.F.);
#1550=ORIENTED_EDGE('',*,*,#1191,.T.);
#1551=ORIENTED_EDGE('',*,*,#1192,.T.);
#1552=ORIENTED_EDGE('',*,*,#1188,.T.);
#1553=ORIENTED_EDGE('',*,*,#1193,.F.);
#1554=ORIENTED_EDGE('',*,*,#1194,.F.);
#1555=ORIENTED_EDGE('',*,*,#1189,.T.);
#1556=ORIENTED_EDGE('',*,*,#1192,.F.);
#1557=ORIENTED_EDGE('',*,*,#1195,.T.);
#1558=ORIENTED_EDGE('',*,*,#1196,.F.);
#1559=ORIENTED_EDGE('',*,*,#1197,.T.);
#1560=ORIENTED_EDGE('',*,*,#1198,.T.);
#1561=ORIENTED_EDGE('',*,*,#1186,.T.);
#1562=ORIENTED_EDGE('',*,*,#1183,.F.);
#1563=ORIENTED_EDGE('',*,*,#1199,.T.);
#1564=ORIENTED_EDGE('',*,*,#1193,.T.);
#1565=ORIENTED_EDGE('',*,*,#1187,.T.);
#1566=ORIENTED_EDGE('',*,*,#1198,.F.);
#1567=ORIENTED_EDGE('',*,*,#1199,.F.);
#1568=ORIENTED_EDGE('',*,*,#1197,.F.);
#1569=ORIENTED_EDGE('',*,*,#1182,.T.);
#1570=ORIENTED_EDGE('',*,*,#1200,.F.);
#1571=ORIENTED_EDGE('',*,*,#1201,.F.);
#1572=ORIENTED_EDGE('',*,*,#1195,.F.);
#1573=ORIENTED_EDGE('',*,*,#1191,.F.);
#1574=ORIENTED_EDGE('',*,*,#1202,.F.);
#1575=ORIENTED_EDGE('',*,*,#1203,.F.);
#1576=ORIENTED_EDGE('',*,*,#1204,.F.);
#1577=ORIENTED_EDGE('',*,*,#1205,.F.);
#1578=ORIENTED_EDGE('',*,*,#1206,.T.);
#1579=ORIENTED_EDGE('',*,*,#1207,.T.);
#1580=ORIENTED_EDGE('',*,*,#1208,.F.);
#1581=ORIENTED_EDGE('',*,*,#1207,.F.);
#1582=ORIENTED_EDGE('',*,*,#1209,.F.);
#1583=ORIENTED_EDGE('',*,*,#1210,.F.);
#1584=ORIENTED_EDGE('',*,*,#1211,.F.);
#1585=ORIENTED_EDGE('',*,*,#1212,.F.);
#1586=ORIENTED_EDGE('',*,*,#1213,.F.);
#1587=ORIENTED_EDGE('',*,*,#1209,.T.);
#1588=ORIENTED_EDGE('',*,*,#1206,.F.);
#1589=ORIENTED_EDGE('',*,*,#1214,.T.);
#1590=ORIENTED_EDGE('',*,*,#1215,.T.);
#1591=ORIENTED_EDGE('',*,*,#1216,.F.);
#1592=ORIENTED_EDGE('',*,*,#1217,.F.);
#1593=ORIENTED_EDGE('',*,*,#1218,.F.);
#1594=ORIENTED_EDGE('',*,*,#1219,.F.);
#1595=ORIENTED_EDGE('',*,*,#1220,.T.);
#1596=ORIENTED_EDGE('',*,*,#1221,.T.);
#1597=ORIENTED_EDGE('',*,*,#1211,.T.);
#1598=ORIENTED_EDGE('',*,*,#1222,.F.);
#1599=ORIENTED_EDGE('',*,*,#1212,.T.);
#1600=ORIENTED_EDGE('',*,*,#1221,.F.);
#1601=ORIENTED_EDGE('',*,*,#1223,.T.);
#1602=ORIENTED_EDGE('',*,*,#1224,.F.);
#1603=ORIENTED_EDGE('',*,*,#1225,.F.);
#1604=ORIENTED_EDGE('',*,*,#1215,.F.);
#1605=ORIENTED_EDGE('',*,*,#1226,.T.);
#1606=ORIENTED_EDGE('',*,*,#1219,.T.);
#1607=ORIENTED_EDGE('',*,*,#1226,.F.);
#1608=ORIENTED_EDGE('',*,*,#1214,.F.);
#1609=ORIENTED_EDGE('',*,*,#1205,.T.);
#1610=ORIENTED_EDGE('',*,*,#1227,.F.);
#1611=ORIENTED_EDGE('',*,*,#1223,.F.);
#1612=ORIENTED_EDGE('',*,*,#1220,.F.);
#1613=ORIENTED_EDGE('',*,*,#1228,.F.);
#1614=ORIENTED_EDGE('',*,*,#1229,.F.);
#1615=ORIENTED_EDGE('',*,*,#1230,.F.);
#1616=ORIENTED_EDGE('',*,*,#1231,.F.);
#1617=ORIENTED_EDGE('',*,*,#1232,.T.);
#1618=ORIENTED_EDGE('',*,*,#1233,.T.);
#1619=ORIENTED_EDGE('',*,*,#1234,.F.);
#1620=ORIENTED_EDGE('',*,*,#1233,.F.);
#1621=ORIENTED_EDGE('',*,*,#1235,.F.);
#1622=ORIENTED_EDGE('',*,*,#1236,.F.);
#1623=ORIENTED_EDGE('',*,*,#1237,.F.);
#1624=ORIENTED_EDGE('',*,*,#1238,.F.);
#1625=ORIENTED_EDGE('',*,*,#1239,.F.);
#1626=ORIENTED_EDGE('',*,*,#1235,.T.);
#1627=ORIENTED_EDGE('',*,*,#1232,.F.);
#1628=ORIENTED_EDGE('',*,*,#1240,.T.);
#1629=ORIENTED_EDGE('',*,*,#1241,.T.);
#1630=ORIENTED_EDGE('',*,*,#1242,.F.);
#1631=ORIENTED_EDGE('',*,*,#1243,.F.);
#1632=ORIENTED_EDGE('',*,*,#1244,.F.);
#1633=ORIENTED_EDGE('',*,*,#1245,.F.);
#1634=ORIENTED_EDGE('',*,*,#1246,.T.);
#1635=ORIENTED_EDGE('',*,*,#1247,.T.);
#1636=ORIENTED_EDGE('',*,*,#1237,.T.);
#1637=ORIENTED_EDGE('',*,*,#1248,.F.);
#1638=ORIENTED_EDGE('',*,*,#1238,.T.);
#1639=ORIENTED_EDGE('',*,*,#1247,.F.);
#1640=ORIENTED_EDGE('',*,*,#1249,.T.);
#1641=ORIENTED_EDGE('',*,*,#1250,.F.);
#1642=ORIENTED_EDGE('',*,*,#1251,.F.);
#1643=ORIENTED_EDGE('',*,*,#1241,.F.);
#1644=ORIENTED_EDGE('',*,*,#1252,.T.);
#1645=ORIENTED_EDGE('',*,*,#1245,.T.);
#1646=ORIENTED_EDGE('',*,*,#1252,.F.);
#1647=ORIENTED_EDGE('',*,*,#1240,.F.);
#1648=ORIENTED_EDGE('',*,*,#1231,.T.);
#1649=ORIENTED_EDGE('',*,*,#1253,.F.);
#1650=ORIENTED_EDGE('',*,*,#1249,.F.);
#1651=ORIENTED_EDGE('',*,*,#1246,.F.);
#1652=ORIENTED_EDGE('',*,*,#1254,.F.);
#1653=ORIENTED_EDGE('',*,*,#1255,.F.);
#1654=ORIENTED_EDGE('',*,*,#1256,.F.);
#1655=ORIENTED_EDGE('',*,*,#1257,.F.);
#1656=ORIENTED_EDGE('',*,*,#1258,.T.);
#1657=ORIENTED_EDGE('',*,*,#1259,.T.);
#1658=ORIENTED_EDGE('',*,*,#1260,.F.);
#1659=ORIENTED_EDGE('',*,*,#1259,.F.);
#1660=ORIENTED_EDGE('',*,*,#1261,.F.);
#1661=ORIENTED_EDGE('',*,*,#1262,.F.);
#1662=ORIENTED_EDGE('',*,*,#1263,.F.);
#1663=ORIENTED_EDGE('',*,*,#1264,.F.);
#1664=ORIENTED_EDGE('',*,*,#1265,.F.);
#1665=ORIENTED_EDGE('',*,*,#1266,.T.);
#1666=ORIENTED_EDGE('',*,*,#1267,.T.);
#1667=ORIENTED_EDGE('',*,*,#1262,.T.);
#1668=ORIENTED_EDGE('',*,*,#1268,.F.);
#1669=ORIENTED_EDGE('',*,*,#1269,.T.);
#1670=ORIENTED_EDGE('',*,*,#1270,.T.);
#1671=ORIENTED_EDGE('',*,*,#1263,.T.);
#1672=ORIENTED_EDGE('',*,*,#1267,.F.);
#1673=ORIENTED_EDGE('',*,*,#1271,.F.);
#1674=ORIENTED_EDGE('',*,*,#1264,.T.);
#1675=ORIENTED_EDGE('',*,*,#1270,.F.);
#1676=ORIENTED_EDGE('',*,*,#1272,.T.);
#1677=ORIENTED_EDGE('',*,*,#1273,.F.);
#1678=ORIENTED_EDGE('',*,*,#1274,.T.);
#1679=ORIENTED_EDGE('',*,*,#1268,.T.);
#1680=ORIENTED_EDGE('',*,*,#1261,.T.);
#1681=ORIENTED_EDGE('',*,*,#1258,.F.);
#1682=ORIENTED_EDGE('',*,*,#1274,.F.);
#1683=ORIENTED_EDGE('',*,*,#1257,.T.);
#1684=ORIENTED_EDGE('',*,*,#1275,.F.);
#1685=ORIENTED_EDGE('',*,*,#1276,.F.);
#1686=ORIENTED_EDGE('',*,*,#1272,.F.);
#1687=ORIENTED_EDGE('',*,*,#1269,.F.);
#1688=ORIENTED_EDGE('',*,*,#1266,.F.);
#1689=ORIENTED_EDGE('',*,*,#1277,.F.);
#1690=ORIENTED_EDGE('',*,*,#1190,.T.);
#1691=ORIENTED_EDGE('',*,*,#1194,.T.);
#1692=ORIENTED_EDGE('',*,*,#1278,.F.);
#1693=ORIENTED_EDGE('',*,*,#1279,.F.);
#1694=ORIENTED_EDGE('',*,*,#1280,.F.);
#1695=ORIENTED_EDGE('',*,*,#1281,.T.);
#1696=ORIENTED_EDGE('',*,*,#1217,.T.);
#1697=ORIENTED_EDGE('',*,*,#1210,.T.);
#1698=ORIENTED_EDGE('',*,*,#1213,.T.);
#1699=ORIENTED_EDGE('',*,*,#1282,.F.);
#1700=ORIENTED_EDGE('',*,*,#1283,.T.);
#1701=ORIENTED_EDGE('',*,*,#1284,.T.);
#1702=ORIENTED_EDGE('',*,*,#1285,.F.);
#1703=ORIENTED_EDGE('',*,*,#1286,.F.);
#1704=ORIENTED_EDGE('',*,*,#1180,.T.);
#1705=ORIENTED_EDGE('',*,*,#1185,.T.);
#1706=ORIENTED_EDGE('',*,*,#1281,.F.);
#1707=ORIENTED_EDGE('',*,*,#1287,.F.);
#1708=ORIENTED_EDGE('',*,*,#1288,.T.);
#1709=ORIENTED_EDGE('',*,*,#1289,.F.);
#1710=ORIENTED_EDGE('',*,*,#1290,.F.);
#1711=ORIENTED_EDGE('',*,*,#1291,.F.);
#1712=ORIENTED_EDGE('',*,*,#1229,.T.);
#1713=ORIENTED_EDGE('',*,*,#1234,.T.);
#1714=ORIENTED_EDGE('',*,*,#1248,.T.);
#1715=ORIENTED_EDGE('',*,*,#1292,.F.);
#1716=ORIENTED_EDGE('',*,*,#1200,.T.);
#1717=ORIENTED_EDGE('',*,*,#1181,.T.);
#1718=ORIENTED_EDGE('',*,*,#1292,.T.);
#1719=ORIENTED_EDGE('',*,*,#1250,.T.);
#1720=ORIENTED_EDGE('',*,*,#1253,.T.);
#1721=ORIENTED_EDGE('',*,*,#1230,.T.);
#1722=ORIENTED_EDGE('',*,*,#1291,.T.);
#1723=ORIENTED_EDGE('',*,*,#1293,.T.);
#1724=ORIENTED_EDGE('',*,*,#1294,.F.);
#1725=ORIENTED_EDGE('',*,*,#1295,.F.);
#1726=ORIENTED_EDGE('',*,*,#1243,.T.);
#1727=ORIENTED_EDGE('',*,*,#1236,.T.);
#1728=ORIENTED_EDGE('',*,*,#1239,.T.);
#1729=ORIENTED_EDGE('',*,*,#1296,.F.);
#1730=ORIENTED_EDGE('',*,*,#1297,.F.);
#1731=ORIENTED_EDGE('',*,*,#1289,.T.);
#1732=ORIENTED_EDGE('',*,*,#1298,.F.);
#1733=ORIENTED_EDGE('',*,*,#1299,.F.);
#1734=ORIENTED_EDGE('',*,*,#1275,.T.);
#1735=ORIENTED_EDGE('',*,*,#1256,.T.);
#1736=ORIENTED_EDGE('',*,*,#1300,.T.);
#1737=ORIENTED_EDGE('',*,*,#1301,.T.);
#1738=ORIENTED_EDGE('',*,*,#1302,.F.);
#1739=ORIENTED_EDGE('',*,*,#1303,.F.);
#1740=ORIENTED_EDGE('',*,*,#1255,.T.);
#1741=ORIENTED_EDGE('',*,*,#1260,.T.);
#1742=ORIENTED_EDGE('',*,*,#1304,.F.);
#1743=ORIENTED_EDGE('',*,*,#1305,.F.);
#1744=ORIENTED_EDGE('',*,*,#1306,.T.);
#1745=ORIENTED_EDGE('',*,*,#1300,.F.);
#1746=ORIENTED_EDGE('',*,*,#1203,.T.);
#1747=ORIENTED_EDGE('',*,*,#1208,.T.);
#1748=ORIENTED_EDGE('',*,*,#1222,.T.);
#1749=ORIENTED_EDGE('',*,*,#1307,.F.);
#1750=ORIENTED_EDGE('',*,*,#1308,.F.);
#1751=ORIENTED_EDGE('',*,*,#1284,.F.);
#1752=ORIENTED_EDGE('',*,*,#1309,.F.);
#1753=ORIENTED_EDGE('',*,*,#1310,.F.);
#1754=ORIENTED_EDGE('',*,*,#1304,.T.);
#1755=ORIENTED_EDGE('',*,*,#1265,.T.);
#1756=ORIENTED_EDGE('',*,*,#1271,.T.);
#1757=ORIENTED_EDGE('',*,*,#1311,.F.);
#1758=ORIENTED_EDGE('',*,*,#1312,.F.);
#1759=ORIENTED_EDGE('',*,*,#1313,.T.);
#1760=ORIENTED_EDGE('',*,*,#1254,.T.);
#1761=ORIENTED_EDGE('',*,*,#1313,.F.);
#1762=ORIENTED_EDGE('',*,*,#1314,.F.);
#1763=ORIENTED_EDGE('',*,*,#1315,.T.);
#1764=ORIENTED_EDGE('',*,*,#1277,.T.);
#1765=ORIENTED_EDGE('',*,*,#1315,.F.);
#1766=ORIENTED_EDGE('',*,*,#1316,.F.);
#1767=ORIENTED_EDGE('',*,*,#1317,.T.);
#1768=ORIENTED_EDGE('',*,*,#1228,.T.);
#1769=ORIENTED_EDGE('',*,*,#1317,.F.);
#1770=ORIENTED_EDGE('',*,*,#1318,.F.);
#1771=ORIENTED_EDGE('',*,*,#1319,.T.);
#1772=ORIENTED_EDGE('',*,*,#1202,.T.);
#1773=ORIENTED_EDGE('',*,*,#1319,.F.);
#1774=ORIENTED_EDGE('',*,*,#1320,.F.);
#1775=ORIENTED_EDGE('',*,*,#1321,.F.);
#1776=ORIENTED_EDGE('',*,*,#1322,.F.);
#1777=ORIENTED_EDGE('',*,*,#1323,.F.);
#1778=ORIENTED_EDGE('',*,*,#1324,.F.);
#1779=ORIENTED_EDGE('',*,*,#1325,.F.);
#1780=ORIENTED_EDGE('',*,*,#1326,.F.);
#1781=ORIENTED_EDGE('',*,*,#1327,.F.);
#1782=ORIENTED_EDGE('',*,*,#1324,.T.);
#1783=ORIENTED_EDGE('',*,*,#1328,.T.);
#1784=ORIENTED_EDGE('',*,*,#1320,.T.);
#1785=ORIENTED_EDGE('',*,*,#1329,.F.);
#1786=ORIENTED_EDGE('',*,*,#1330,.F.);
#1787=ORIENTED_EDGE('',*,*,#1331,.F.);
#1788=ORIENTED_EDGE('',*,*,#1332,.F.);
#1789=ORIENTED_EDGE('',*,*,#1333,.F.);
#1790=ORIENTED_EDGE('',*,*,#1334,.F.);
#1791=ORIENTED_EDGE('',*,*,#1335,.F.);
#1792=ORIENTED_EDGE('',*,*,#1336,.F.);
#1793=ORIENTED_EDGE('',*,*,#1337,.F.);
#1794=ORIENTED_EDGE('',*,*,#1338,.F.);
#1795=ORIENTED_EDGE('',*,*,#1339,.F.);
#1796=ORIENTED_EDGE('',*,*,#1340,.F.);
#1797=ORIENTED_EDGE('',*,*,#1341,.F.);
#1798=ORIENTED_EDGE('',*,*,#1342,.F.);
#1799=ORIENTED_EDGE('',*,*,#1323,.T.);
#1800=ORIENTED_EDGE('',*,*,#1343,.F.);
#1801=ORIENTED_EDGE('',*,*,#1344,.F.);
#1802=ORIENTED_EDGE('',*,*,#1329,.T.);
#1803=ORIENTED_EDGE('',*,*,#1322,.T.);
#1804=ORIENTED_EDGE('',*,*,#1345,.F.);
#1805=ORIENTED_EDGE('',*,*,#1346,.T.);
#1806=ORIENTED_EDGE('',*,*,#1347,.T.);
#1807=ORIENTED_EDGE('',*,*,#1348,.T.);
#1808=ORIENTED_EDGE('',*,*,#1349,.T.);
#1809=ORIENTED_EDGE('',*,*,#1350,.T.);
#1810=ORIENTED_EDGE('',*,*,#1343,.T.);
#1811=ORIENTED_EDGE('',*,*,#1351,.F.);
#1812=ORIENTED_EDGE('',*,*,#1352,.T.);
#1813=ORIENTED_EDGE('',*,*,#1353,.F.);
#1814=ORIENTED_EDGE('',*,*,#1354,.F.);
#1815=ORIENTED_EDGE('',*,*,#1355,.F.);
#1816=ORIENTED_EDGE('',*,*,#1356,.F.);
#1817=ORIENTED_EDGE('',*,*,#1357,.F.);
#1818=ORIENTED_EDGE('',*,*,#1358,.T.);
#1819=ORIENTED_EDGE('',*,*,#1359,.T.);
#1820=ORIENTED_EDGE('',*,*,#1360,.F.);
#1821=ORIENTED_EDGE('',*,*,#1361,.F.);
#1822=ORIENTED_EDGE('',*,*,#1362,.F.);
#1823=ORIENTED_EDGE('',*,*,#1363,.T.);
#1824=ORIENTED_EDGE('',*,*,#1358,.F.);
#1825=ORIENTED_EDGE('',*,*,#1364,.F.);
#1826=ORIENTED_EDGE('',*,*,#1352,.F.);
#1827=ORIENTED_EDGE('',*,*,#1351,.T.);
#1828=ORIENTED_EDGE('',*,*,#1365,.T.);
#1829=ORIENTED_EDGE('',*,*,#1366,.T.);
#1830=ORIENTED_EDGE('',*,*,#1367,.T.);
#1831=ORIENTED_EDGE('',*,*,#1368,.T.);
#1832=ORIENTED_EDGE('',*,*,#1369,.T.);
#1833=ORIENTED_EDGE('',*,*,#1370,.T.);
#1834=ORIENTED_EDGE('',*,*,#1359,.F.);
#1835=ORIENTED_EDGE('',*,*,#1354,.T.);
#1836=ORIENTED_EDGE('',*,*,#1371,.T.);
#1837=ORIENTED_EDGE('',*,*,#1372,.T.);
#1838=ORIENTED_EDGE('',*,*,#1365,.F.);
#1839=ORIENTED_EDGE('',*,*,#1353,.T.);
#1840=ORIENTED_EDGE('',*,*,#1364,.T.);
#1841=ORIENTED_EDGE('',*,*,#1357,.T.);
#1842=ORIENTED_EDGE('',*,*,#1373,.F.);
#1843=ORIENTED_EDGE('',*,*,#1374,.F.);
#1844=ORIENTED_EDGE('',*,*,#1375,.F.);
#1845=ORIENTED_EDGE('',*,*,#1376,.F.);
#1846=ORIENTED_EDGE('',*,*,#1377,.F.);
#1847=ORIENTED_EDGE('',*,*,#1378,.F.);
#1848=ORIENTED_EDGE('',*,*,#1379,.F.);
#1849=ORIENTED_EDGE('',*,*,#1380,.F.);
#1850=ORIENTED_EDGE('',*,*,#1381,.F.);
#1851=ORIENTED_EDGE('',*,*,#1382,.F.);
#1852=ORIENTED_EDGE('',*,*,#1383,.F.);
#1853=ORIENTED_EDGE('',*,*,#1384,.F.);
#1854=ORIENTED_EDGE('',*,*,#1385,.F.);
#1855=ORIENTED_EDGE('',*,*,#1371,.F.);
#1856=ORIENTED_EDGE('',*,*,#1386,.T.);
#1857=ORIENTED_EDGE('',*,*,#1387,.T.);
#1858=ORIENTED_EDGE('',*,*,#1302,.T.);
#1859=ORIENTED_EDGE('',*,*,#1388,.T.);
#1860=ORIENTED_EDGE('',*,*,#1389,.T.);
#1861=ORIENTED_EDGE('',*,*,#1294,.T.);
#1862=ORIENTED_EDGE('',*,*,#1390,.T.);
#1863=ORIENTED_EDGE('',*,*,#1391,.T.);
#1864=ORIENTED_EDGE('',*,*,#1392,.T.);
#1865=ORIENTED_EDGE('',*,*,#1393,.T.);
#1866=ORIENTED_EDGE('',*,*,#1394,.T.);
#1867=ORIENTED_EDGE('',*,*,#1395,.T.);
#1868=ORIENTED_EDGE('',*,*,#1396,.T.);
#1869=ORIENTED_EDGE('',*,*,#1397,.T.);
#1870=ORIENTED_EDGE('',*,*,#1398,.T.);
#1871=ORIENTED_EDGE('',*,*,#1399,.T.);
#1872=ORIENTED_EDGE('',*,*,#1400,.T.);
#1873=ORIENTED_EDGE('',*,*,#1401,.T.);
#1874=ORIENTED_EDGE('',*,*,#1402,.T.);
#1875=ORIENTED_EDGE('',*,*,#1403,.T.);
#1876=ORIENTED_EDGE('',*,*,#1404,.T.);
#1877=ORIENTED_EDGE('',*,*,#1405,.T.);
#1878=ORIENTED_EDGE('',*,*,#1406,.T.);
#1879=ORIENTED_EDGE('',*,*,#1407,.T.);
#1880=ORIENTED_EDGE('',*,*,#1408,.T.);
#1881=ORIENTED_EDGE('',*,*,#1409,.T.);
#1882=ORIENTED_EDGE('',*,*,#1410,.T.);
#1883=ORIENTED_EDGE('',*,*,#1411,.T.);
#1884=ORIENTED_EDGE('',*,*,#1412,.T.);
#1885=ORIENTED_EDGE('',*,*,#1413,.T.);
#1886=ORIENTED_EDGE('',*,*,#1414,.T.);
#1887=ORIENTED_EDGE('',*,*,#1415,.T.);
#1888=ORIENTED_EDGE('',*,*,#1416,.T.);
#1889=ORIENTED_EDGE('',*,*,#1417,.T.);
#1890=ORIENTED_EDGE('',*,*,#1418,.T.);
#1891=ORIENTED_EDGE('',*,*,#1419,.T.);
#1892=ORIENTED_EDGE('',*,*,#1318,.T.);
#1893=ORIENTED_EDGE('',*,*,#1316,.T.);
#1894=ORIENTED_EDGE('',*,*,#1314,.T.);
#1895=ORIENTED_EDGE('',*,*,#1312,.T.);
#1896=ORIENTED_EDGE('',*,*,#1420,.F.);
#1897=ORIENTED_EDGE('',*,*,#1421,.T.);
#1898=ORIENTED_EDGE('',*,*,#1422,.T.);
#1899=ORIENTED_EDGE('',*,*,#1408,.F.);
#1900=ORIENTED_EDGE('',*,*,#1423,.F.);
#1901=ORIENTED_EDGE('',*,*,#1403,.F.);
#1902=ORIENTED_EDGE('',*,*,#1424,.F.);
#1903=ORIENTED_EDGE('',*,*,#1425,.T.);
#1904=ORIENTED_EDGE('',*,*,#1426,.F.);
#1905=ORIENTED_EDGE('',*,*,#1427,.T.);
#1906=ORIENTED_EDGE('',*,*,#1428,.T.);
#1907=ORIENTED_EDGE('',*,*,#1392,.F.);
#1908=ORIENTED_EDGE('',*,*,#1429,.F.);
#1909=ORIENTED_EDGE('',*,*,#1419,.F.);
#1910=ORIENTED_EDGE('',*,*,#1430,.F.);
#1911=ORIENTED_EDGE('',*,*,#1431,.T.);
#1912=ORIENTED_EDGE('',*,*,#1355,.T.);
#1913=ORIENTED_EDGE('',*,*,#1363,.F.);
#1914=ORIENTED_EDGE('',*,*,#1432,.T.);
#1915=ORIENTED_EDGE('',*,*,#1433,.F.);
#1916=ORIENTED_EDGE('',*,*,#1434,.T.);
#1917=ORIENTED_EDGE('',*,*,#1435,.T.);
#1918=ORIENTED_EDGE('',*,*,#1436,.T.);
#1919=ORIENTED_EDGE('',*,*,#1437,.T.);
#1920=ORIENTED_EDGE('',*,*,#1438,.T.);
#1921=ORIENTED_EDGE('',*,*,#1433,.T.);
#1922=ORIENTED_EDGE('',*,*,#1439,.F.);
#1923=ORIENTED_EDGE('',*,*,#1440,.F.);
#1924=ORIENTED_EDGE('',*,*,#1441,.F.);
#1925=ORIENTED_EDGE('',*,*,#1442,.F.);
#1926=ORIENTED_EDGE('',*,*,#1443,.T.);
#1927=ORIENTED_EDGE('',*,*,#1444,.F.);
#1928=ORIENTED_EDGE('',*,*,#1279,.T.);
#1929=ORIENTED_EDGE('',*,*,#1445,.F.);
#1930=ORIENTED_EDGE('',*,*,#1306,.F.);
#1931=ORIENTED_EDGE('',*,*,#1446,.F.);
#1932=ORIENTED_EDGE('',*,*,#1447,.F.);
#1933=ORIENTED_EDGE('',*,*,#1448,.T.);
#1934=ORIENTED_EDGE('',*,*,#1449,.T.);
#1935=ORIENTED_EDGE('',*,*,#1450,.F.);
#1936=ORIENTED_EDGE('',*,*,#1451,.T.);
#1937=ORIENTED_EDGE('',*,*,#1345,.T.);
#1938=ORIENTED_EDGE('',*,*,#1321,.T.);
#1939=ORIENTED_EDGE('',*,*,#1328,.F.);
#1940=ORIENTED_EDGE('',*,*,#1327,.T.);
#1941=ORIENTED_EDGE('',*,*,#1441,.T.);
#1942=ORIENTED_EDGE('',*,*,#1440,.T.);
#1943=ORIENTED_EDGE('',*,*,#1439,.T.);
#1944=ORIENTED_EDGE('',*,*,#1432,.F.);
#1945=ORIENTED_EDGE('',*,*,#1362,.T.);
#1946=ORIENTED_EDGE('',*,*,#1452,.F.);
#1947=ORIENTED_EDGE('',*,*,#1449,.F.);
#1948=ORIENTED_EDGE('',*,*,#1453,.F.);
#1949=ORIENTED_EDGE('',*,*,#1218,.T.);
#1950=ORIENTED_EDGE('',*,*,#1286,.T.);
#1951=ORIENTED_EDGE('',*,*,#1454,.T.);
#1952=ORIENTED_EDGE('',*,*,#1455,.F.);
#1953=ORIENTED_EDGE('',*,*,#1456,.T.);
#1954=ORIENTED_EDGE('',*,*,#1457,.F.);
#1955=ORIENTED_EDGE('',*,*,#1458,.T.);
#1956=ORIENTED_EDGE('',*,*,#1296,.T.);
#1957=ORIENTED_EDGE('',*,*,#1242,.T.);
#1958=ORIENTED_EDGE('',*,*,#1251,.T.);
#1959=ORIENTED_EDGE('',*,*,#1244,.T.);
#1960=ORIENTED_EDGE('',*,*,#1299,.T.);
#1961=ORIENTED_EDGE('',*,*,#1459,.T.);
#1962=ORIENTED_EDGE('',*,*,#1450,.T.);
#1963=ORIENTED_EDGE('',*,*,#1452,.T.);
#1964=ORIENTED_EDGE('',*,*,#1361,.T.);
#1965=ORIENTED_EDGE('',*,*,#1460,.T.);
#1966=ORIENTED_EDGE('',*,*,#1282,.T.);
#1967=ORIENTED_EDGE('',*,*,#1216,.T.);
#1968=ORIENTED_EDGE('',*,*,#1225,.T.);
#1969=ORIENTED_EDGE('',*,*,#1461,.F.);
#1970=ORIENTED_EDGE('',*,*,#1462,.F.);
#1971=ORIENTED_EDGE('',*,*,#1463,.F.);
#1972=ORIENTED_EDGE('',*,*,#1464,.F.);
#1973=ORIENTED_EDGE('',*,*,#1465,.F.);
#1974=ORIENTED_EDGE('',*,*,#1427,.F.);
#1975=ORIENTED_EDGE('',*,*,#1466,.F.);
#1976=ORIENTED_EDGE('',*,*,#1467,.F.);
#1977=ORIENTED_EDGE('',*,*,#1468,.F.);
#1978=ORIENTED_EDGE('',*,*,#1469,.F.);
#1979=ORIENTED_EDGE('',*,*,#1470,.F.);
#1980=ORIENTED_EDGE('',*,*,#1421,.F.);
#1981=ORIENTED_EDGE('',*,*,#1425,.F.);
#1982=ORIENTED_EDGE('',*,*,#1471,.F.);
#1983=ORIENTED_EDGE('',*,*,#1472,.F.);
#1984=ORIENTED_EDGE('',*,*,#1473,.F.);
#1985=ORIENTED_EDGE('',*,*,#1474,.F.);
#1986=ORIENTED_EDGE('',*,*,#1475,.F.);
#1987=ORIENTED_EDGE('',*,*,#1431,.F.);
#1988=ORIENTED_EDGE('',*,*,#1476,.F.);
#1989=ORIENTED_EDGE('',*,*,#1477,.F.);
#1990=ORIENTED_EDGE('',*,*,#1478,.F.);
#1991=ORIENTED_EDGE('',*,*,#1479,.F.);
#1992=ORIENTED_EDGE('',*,*,#1480,.F.);
#1993=ORIENTED_EDGE('',*,*,#1481,.F.);
#1994=ORIENTED_EDGE('',*,*,#1482,.F.);
#1995=ORIENTED_EDGE('',*,*,#1483,.F.);
#1996=ORIENTED_EDGE('',*,*,#1484,.F.);
#1997=ORIENTED_EDGE('',*,*,#1297,.T.);
#1998=ORIENTED_EDGE('',*,*,#1458,.F.);
#1999=ORIENTED_EDGE('',*,*,#1290,.T.);
#2000=ORIENTED_EDGE('',*,*,#1285,.T.);
#2001=ORIENTED_EDGE('',*,*,#1308,.T.);
#2002=ORIENTED_EDGE('',*,*,#1454,.F.);
#2003=ORIENTED_EDGE('',*,*,#1446,.T.);
#2004=ORIENTED_EDGE('',*,*,#1485,.F.);
#2005=ORIENTED_EDGE('',*,*,#1378,.T.);
#2006=ORIENTED_EDGE('',*,*,#1486,.T.);
#2007=ORIENTED_EDGE('',*,*,#1305,.T.);
#2008=ORIENTED_EDGE('',*,*,#1487,.F.);
#2009=ORIENTED_EDGE('',*,*,#1379,.T.);
#2010=ORIENTED_EDGE('',*,*,#1485,.T.);
#2011=ORIENTED_EDGE('',*,*,#1488,.F.);
#2012=ORIENTED_EDGE('',*,*,#1335,.T.);
#2013=ORIENTED_EDGE('',*,*,#1489,.F.);
#2014=ORIENTED_EDGE('',*,*,#1287,.T.);
#2015=ORIENTED_EDGE('',*,*,#1280,.T.);
#2016=ORIENTED_EDGE('',*,*,#1490,.F.);
#2017=ORIENTED_EDGE('',*,*,#1336,.T.);
#2018=ORIENTED_EDGE('',*,*,#1488,.T.);
#2019=ORIENTED_EDGE('',*,*,#1444,.T.);
#2020=ORIENTED_EDGE('',*,*,#1491,.F.);
#2021=ORIENTED_EDGE('',*,*,#1337,.T.);
#2022=ORIENTED_EDGE('',*,*,#1490,.T.);
#2023=ORIENTED_EDGE('',*,*,#1333,.T.);
#2024=ORIENTED_EDGE('',*,*,#1492,.T.);
#2025=ORIENTED_EDGE('',*,*,#1347,.F.);
#2026=ORIENTED_EDGE('',*,*,#1493,.F.);
#2027=ORIENTED_EDGE('',*,*,#1332,.T.);
#2028=ORIENTED_EDGE('',*,*,#1494,.T.);
#2029=ORIENTED_EDGE('',*,*,#1348,.F.);
#2030=ORIENTED_EDGE('',*,*,#1492,.F.);
#2031=ORIENTED_EDGE('',*,*,#1331,.T.);
#2032=ORIENTED_EDGE('',*,*,#1495,.T.);
#2033=ORIENTED_EDGE('',*,*,#1349,.F.);
#2034=ORIENTED_EDGE('',*,*,#1494,.F.);
#2035=ORIENTED_EDGE('',*,*,#1330,.T.);
#2036=ORIENTED_EDGE('',*,*,#1344,.T.);
#2037=ORIENTED_EDGE('',*,*,#1350,.F.);
#2038=ORIENTED_EDGE('',*,*,#1495,.F.);
#2039=ORIENTED_EDGE('',*,*,#1325,.T.);
#2040=ORIENTED_EDGE('',*,*,#1342,.T.);
#2041=ORIENTED_EDGE('',*,*,#1496,.T.);
#2042=ORIENTED_EDGE('',*,*,#1497,.F.);
#2043=ORIENTED_EDGE('',*,*,#1341,.T.);
#2044=ORIENTED_EDGE('',*,*,#1498,.T.);
#2045=ORIENTED_EDGE('',*,*,#1499,.F.);
#2046=ORIENTED_EDGE('',*,*,#1496,.F.);
#2047=ORIENTED_EDGE('',*,*,#1340,.T.);
#2048=ORIENTED_EDGE('',*,*,#1500,.T.);
#2049=ORIENTED_EDGE('',*,*,#1501,.F.);
#2050=ORIENTED_EDGE('',*,*,#1498,.F.);
#2051=ORIENTED_EDGE('',*,*,#1384,.T.);
#2052=ORIENTED_EDGE('',*,*,#1502,.T.);
#2053=ORIENTED_EDGE('',*,*,#1367,.F.);
#2054=ORIENTED_EDGE('',*,*,#1503,.F.);
#2055=ORIENTED_EDGE('',*,*,#1383,.T.);
#2056=ORIENTED_EDGE('',*,*,#1504,.T.);
#2057=ORIENTED_EDGE('',*,*,#1368,.F.);
#2058=ORIENTED_EDGE('',*,*,#1502,.F.);
#2059=ORIENTED_EDGE('',*,*,#1382,.T.);
#2060=ORIENTED_EDGE('',*,*,#1505,.T.);
#2061=ORIENTED_EDGE('',*,*,#1369,.F.);
#2062=ORIENTED_EDGE('',*,*,#1504,.F.);
#2063=ORIENTED_EDGE('',*,*,#1381,.T.);
#2064=ORIENTED_EDGE('',*,*,#1506,.F.);
#2065=ORIENTED_EDGE('',*,*,#1309,.T.);
#2066=ORIENTED_EDGE('',*,*,#1283,.F.);
#2067=ORIENTED_EDGE('',*,*,#1460,.F.);
#2068=ORIENTED_EDGE('',*,*,#1360,.T.);
#2069=ORIENTED_EDGE('',*,*,#1370,.F.);
#2070=ORIENTED_EDGE('',*,*,#1505,.F.);
#2071=ORIENTED_EDGE('',*,*,#1310,.T.);
#2072=ORIENTED_EDGE('',*,*,#1506,.T.);
#2073=ORIENTED_EDGE('',*,*,#1380,.T.);
#2074=ORIENTED_EDGE('',*,*,#1487,.T.);
#2075=ORIENTED_EDGE('',*,*,#1326,.T.);
#2076=ORIENTED_EDGE('',*,*,#1497,.T.);
#2077=ORIENTED_EDGE('',*,*,#1499,.T.);
#2078=ORIENTED_EDGE('',*,*,#1501,.T.);
#2079=ORIENTED_EDGE('',*,*,#1507,.T.);
#2080=ORIENTED_EDGE('',*,*,#1508,.T.);
#2081=ORIENTED_EDGE('',*,*,#1442,.T.);
#2082=ORIENTED_EDGE('',*,*,#1453,.T.);
#2083=ORIENTED_EDGE('',*,*,#1448,.F.);
#2084=ORIENTED_EDGE('',*,*,#1443,.F.);
#2085=ORIENTED_EDGE('',*,*,#1508,.F.);
#2086=ORIENTED_EDGE('',*,*,#1509,.F.);
#2087=ORIENTED_EDGE('',*,*,#1338,.T.);
#2088=ORIENTED_EDGE('',*,*,#1491,.T.);
#2089=ORIENTED_EDGE('',*,*,#1339,.T.);
#2090=ORIENTED_EDGE('',*,*,#1509,.T.);
#2091=ORIENTED_EDGE('',*,*,#1507,.F.);
#2092=ORIENTED_EDGE('',*,*,#1500,.F.);
#2093=ORIENTED_EDGE('',*,*,#1334,.T.);
#2094=ORIENTED_EDGE('',*,*,#1493,.T.);
#2095=ORIENTED_EDGE('',*,*,#1346,.F.);
#2096=ORIENTED_EDGE('',*,*,#1451,.F.);
#2097=ORIENTED_EDGE('',*,*,#1459,.F.);
#2098=ORIENTED_EDGE('',*,*,#1298,.T.);
#2099=ORIENTED_EDGE('',*,*,#1288,.F.);
#2100=ORIENTED_EDGE('',*,*,#1489,.T.);
#2101=ORIENTED_EDGE('',*,*,#1374,.T.);
#2102=ORIENTED_EDGE('',*,*,#1510,.T.);
#2103=ORIENTED_EDGE('',*,*,#1437,.F.);
#2104=ORIENTED_EDGE('',*,*,#1511,.F.);
#2105=ORIENTED_EDGE('',*,*,#1375,.T.);
#2106=ORIENTED_EDGE('',*,*,#1511,.T.);
#2107=ORIENTED_EDGE('',*,*,#1436,.F.);
#2108=ORIENTED_EDGE('',*,*,#1512,.F.);
#2109=ORIENTED_EDGE('',*,*,#1376,.T.);
#2110=ORIENTED_EDGE('',*,*,#1512,.T.);
#2111=ORIENTED_EDGE('',*,*,#1435,.F.);
#2112=ORIENTED_EDGE('',*,*,#1513,.F.);
#2113=ORIENTED_EDGE('',*,*,#1434,.F.);
#2114=ORIENTED_EDGE('',*,*,#1447,.T.);
#2115=ORIENTED_EDGE('',*,*,#1486,.F.);
#2116=ORIENTED_EDGE('',*,*,#1377,.T.);
#2117=ORIENTED_EDGE('',*,*,#1513,.T.);
#2118=ORIENTED_EDGE('',*,*,#1385,.T.);
#2119=ORIENTED_EDGE('',*,*,#1503,.T.);
#2120=ORIENTED_EDGE('',*,*,#1366,.F.);
#2121=ORIENTED_EDGE('',*,*,#1372,.F.);
#2122=ORIENTED_EDGE('',*,*,#1356,.T.);
#2123=ORIENTED_EDGE('',*,*,#1438,.F.);
#2124=ORIENTED_EDGE('',*,*,#1510,.F.);
#2125=ORIENTED_EDGE('',*,*,#1373,.T.);
#2126=ORIENTED_EDGE('',*,*,#1468,.T.);
#2127=ORIENTED_EDGE('',*,*,#1514,.T.);
#2128=ORIENTED_EDGE('',*,*,#1411,.F.);
#2129=ORIENTED_EDGE('',*,*,#1515,.F.);
#2130=ORIENTED_EDGE('',*,*,#1469,.T.);
#2131=ORIENTED_EDGE('',*,*,#1515,.T.);
#2132=ORIENTED_EDGE('',*,*,#1410,.F.);
#2133=ORIENTED_EDGE('',*,*,#1516,.F.);
#2134=ORIENTED_EDGE('',*,*,#1470,.T.);
#2135=ORIENTED_EDGE('',*,*,#1516,.T.);
#2136=ORIENTED_EDGE('',*,*,#1409,.F.);
#2137=ORIENTED_EDGE('',*,*,#1422,.F.);
#2138=ORIENTED_EDGE('',*,*,#1471,.T.);
#2139=ORIENTED_EDGE('',*,*,#1424,.T.);
#2140=ORIENTED_EDGE('',*,*,#1402,.F.);
#2141=ORIENTED_EDGE('',*,*,#1517,.F.);
#2142=ORIENTED_EDGE('',*,*,#1472,.T.);
#2143=ORIENTED_EDGE('',*,*,#1517,.T.);
#2144=ORIENTED_EDGE('',*,*,#1401,.F.);
#2145=ORIENTED_EDGE('',*,*,#1518,.F.);
#2146=ORIENTED_EDGE('',*,*,#1473,.T.);
#2147=ORIENTED_EDGE('',*,*,#1518,.T.);
#2148=ORIENTED_EDGE('',*,*,#1400,.F.);
#2149=ORIENTED_EDGE('',*,*,#1519,.F.);
#2150=ORIENTED_EDGE('',*,*,#1474,.T.);
#2151=ORIENTED_EDGE('',*,*,#1519,.T.);
#2152=ORIENTED_EDGE('',*,*,#1399,.F.);
#2153=ORIENTED_EDGE('',*,*,#1520,.F.);
#2154=ORIENTED_EDGE('',*,*,#1423,.T.);
#2155=ORIENTED_EDGE('',*,*,#1475,.T.);
#2156=ORIENTED_EDGE('',*,*,#1520,.T.);
#2157=ORIENTED_EDGE('',*,*,#1398,.F.);
#2158=ORIENTED_EDGE('',*,*,#1420,.T.);
#2159=ORIENTED_EDGE('',*,*,#1413,.F.);
#2160=ORIENTED_EDGE('',*,*,#1521,.F.);
#2161=ORIENTED_EDGE('',*,*,#1466,.T.);
#2162=ORIENTED_EDGE('',*,*,#1467,.T.);
#2163=ORIENTED_EDGE('',*,*,#1521,.T.);
#2164=ORIENTED_EDGE('',*,*,#1412,.F.);
#2165=ORIENTED_EDGE('',*,*,#1514,.F.);
#2166=ORIENTED_EDGE('',*,*,#1429,.T.);
#2167=ORIENTED_EDGE('',*,*,#1480,.T.);
#2168=ORIENTED_EDGE('',*,*,#1522,.T.);
#2169=ORIENTED_EDGE('',*,*,#1414,.F.);
#2170=ORIENTED_EDGE('',*,*,#1426,.T.);
#2171=ORIENTED_EDGE('',*,*,#1397,.F.);
#2172=ORIENTED_EDGE('',*,*,#1523,.F.);
#2173=ORIENTED_EDGE('',*,*,#1461,.T.);
#2174=ORIENTED_EDGE('',*,*,#1462,.T.);
#2175=ORIENTED_EDGE('',*,*,#1523,.T.);
#2176=ORIENTED_EDGE('',*,*,#1396,.F.);
#2177=ORIENTED_EDGE('',*,*,#1524,.F.);
#2178=ORIENTED_EDGE('',*,*,#1463,.T.);
#2179=ORIENTED_EDGE('',*,*,#1524,.T.);
#2180=ORIENTED_EDGE('',*,*,#1395,.F.);
#2181=ORIENTED_EDGE('',*,*,#1525,.F.);
#2182=ORIENTED_EDGE('',*,*,#1464,.T.);
#2183=ORIENTED_EDGE('',*,*,#1525,.T.);
#2184=ORIENTED_EDGE('',*,*,#1394,.F.);
#2185=ORIENTED_EDGE('',*,*,#1526,.F.);
#2186=ORIENTED_EDGE('',*,*,#1465,.T.);
#2187=ORIENTED_EDGE('',*,*,#1526,.T.);
#2188=ORIENTED_EDGE('',*,*,#1393,.F.);
#2189=ORIENTED_EDGE('',*,*,#1428,.F.);
#2190=ORIENTED_EDGE('',*,*,#1476,.T.);
#2191=ORIENTED_EDGE('',*,*,#1430,.T.);
#2192=ORIENTED_EDGE('',*,*,#1418,.F.);
#2193=ORIENTED_EDGE('',*,*,#1527,.F.);
#2194=ORIENTED_EDGE('',*,*,#1477,.T.);
#2195=ORIENTED_EDGE('',*,*,#1527,.T.);
#2196=ORIENTED_EDGE('',*,*,#1417,.F.);
#2197=ORIENTED_EDGE('',*,*,#1528,.F.);
#2198=ORIENTED_EDGE('',*,*,#1478,.T.);
#2199=ORIENTED_EDGE('',*,*,#1528,.T.);
#2200=ORIENTED_EDGE('',*,*,#1416,.F.);
#2201=ORIENTED_EDGE('',*,*,#1529,.F.);
#2202=ORIENTED_EDGE('',*,*,#1479,.T.);
#2203=ORIENTED_EDGE('',*,*,#1529,.T.);
#2204=ORIENTED_EDGE('',*,*,#1415,.F.);
#2205=ORIENTED_EDGE('',*,*,#1522,.F.);
#2206=ORIENTED_EDGE('',*,*,#1482,.T.);
#2207=ORIENTED_EDGE('',*,*,#1530,.T.);
#2208=ORIENTED_EDGE('',*,*,#1407,.F.);
#2209=ORIENTED_EDGE('',*,*,#1531,.F.);
#2210=ORIENTED_EDGE('',*,*,#1483,.T.);
#2211=ORIENTED_EDGE('',*,*,#1531,.T.);
#2212=ORIENTED_EDGE('',*,*,#1406,.F.);
#2213=ORIENTED_EDGE('',*,*,#1532,.F.);
#2214=ORIENTED_EDGE('',*,*,#1484,.T.);
#2215=ORIENTED_EDGE('',*,*,#1532,.T.);
#2216=ORIENTED_EDGE('',*,*,#1405,.F.);
#2217=ORIENTED_EDGE('',*,*,#1533,.F.);
#2218=ORIENTED_EDGE('',*,*,#1481,.T.);
#2219=ORIENTED_EDGE('',*,*,#1533,.T.);
#2220=ORIENTED_EDGE('',*,*,#1404,.F.);
#2221=ORIENTED_EDGE('',*,*,#1530,.F.);
#2222=ORIENTED_EDGE('',*,*,#1456,.F.);
#2223=ORIENTED_EDGE('',*,*,#1534,.T.);
#2224=ORIENTED_EDGE('',*,*,#1391,.F.);
#2225=ORIENTED_EDGE('',*,*,#1535,.F.);
#2226=ORIENTED_EDGE('',*,*,#1457,.T.);
#2227=ORIENTED_EDGE('',*,*,#1535,.T.);
#2228=ORIENTED_EDGE('',*,*,#1390,.F.);
#2229=ORIENTED_EDGE('',*,*,#1293,.F.);
#2230=ORIENTED_EDGE('',*,*,#1201,.T.);
#2231=ORIENTED_EDGE('',*,*,#1295,.T.);
#2232=ORIENTED_EDGE('',*,*,#1389,.F.);
#2233=ORIENTED_EDGE('',*,*,#1536,.F.);
#2234=ORIENTED_EDGE('',*,*,#1278,.T.);
#2235=ORIENTED_EDGE('',*,*,#1196,.T.);
#2236=ORIENTED_EDGE('',*,*,#1445,.T.);
#2237=ORIENTED_EDGE('',*,*,#1536,.T.);
#2238=ORIENTED_EDGE('',*,*,#1388,.F.);
#2239=ORIENTED_EDGE('',*,*,#1301,.F.);
#2240=ORIENTED_EDGE('',*,*,#1204,.T.);
#2241=ORIENTED_EDGE('',*,*,#1311,.T.);
#2242=ORIENTED_EDGE('',*,*,#1273,.T.);
#2243=ORIENTED_EDGE('',*,*,#1276,.T.);
#2244=ORIENTED_EDGE('',*,*,#1303,.T.);
#2245=ORIENTED_EDGE('',*,*,#1387,.F.);
#2246=ORIENTED_EDGE('',*,*,#1537,.F.);
#2247=ORIENTED_EDGE('',*,*,#1307,.T.);
#2248=ORIENTED_EDGE('',*,*,#1224,.T.);
#2249=ORIENTED_EDGE('',*,*,#1227,.T.);
#2250=ORIENTED_EDGE('',*,*,#1455,.T.);
#2251=ORIENTED_EDGE('',*,*,#1537,.T.);
#2252=ORIENTED_EDGE('',*,*,#1386,.F.);
#2253=ORIENTED_EDGE('',*,*,#1534,.F.);
#2254=PLANE('',#2469);
#2255=PLANE('',#2470);
#2256=PLANE('',#2471);
#2257=PLANE('',#2472);
#2258=PLANE('',#2473);
#2259=PLANE('',#2474);
#2260=PLANE('',#2475);
#2261=PLANE('',#2478);
#2262=PLANE('',#2479);
#2263=PLANE('',#2480);
#2264=PLANE('',#2481);
#2265=PLANE('',#2482);
#2266=PLANE('',#2483);
#2267=PLANE('',#2484);
#2268=PLANE('',#2486);
#2269=PLANE('',#2487);
#2270=PLANE('',#2488);
#2271=PLANE('',#2489);
#2272=PLANE('',#2490);
#2273=PLANE('',#2491);
#2274=PLANE('',#2492);
#2275=PLANE('',#2494);
#2276=PLANE('',#2495);
#2277=PLANE('',#2496);
#2278=PLANE('',#2497);
#2279=PLANE('',#2498);
#2280=PLANE('',#2499);
#2281=PLANE('',#2500);
#2282=PLANE('',#2505);
#2283=PLANE('',#2506);
#2284=PLANE('',#2507);
#2285=PLANE('',#2520);
#2286=PLANE('',#2521);
#2287=PLANE('',#2522);
#2288=PLANE('',#2529);
#2289=PLANE('',#2530);
#2290=PLANE('',#2533);
#2291=PLANE('',#2534);
#2292=PLANE('',#2535);
#2293=PLANE('',#2536);
#2294=PLANE('',#2539);
#2295=PLANE('',#2540);
#2296=PLANE('',#2547);
#2297=PLANE('',#2564);
#2298=PLANE('',#2565);
#2299=PLANE('',#2566);
#2300=PLANE('',#2567);
#2301=PLANE('',#2568);
#2302=PLANE('',#2575);
#2303=PLANE('',#2579);
#2304=PLANE('',#2594);
#2305=PLANE('',#2595);
#2306=PLANE('',#2598);
#2307=PLANE('',#2601);
#2308=PLANE('',#2603);
#2309=PLANE('',#2605);
#2310=PLANE('',#2608);
#2311=PLANE('',#2609);
#2312=PLANE('',#2611);
#2313=PLANE('',#2612);
#2314=PLANE('',#2613);
#2315=PLANE('',#2614);
#2316=PLANE('',#2616);
#2317=PLANE('',#2618);
#2318=PLANE('',#2620);
#2319=PLANE('',#2622);
#2320=PLANE('',#2624);
#2321=PLANE('',#2625);
#2322=PLANE('',#2629);
#2323=PLANE('',#2630);
#2324=PLANE('',#2632);
#2325=PLANE('',#2633);
#2326=PLANE('',#2635);
#2327=PLANE('',#2636);
#2328=PLANE('',#2638);
#2329=PLANE('',#2639);
#2330=PLANE('',#2643);
#2331=PLANE('',#2645);
#2332=PLANE('',#2647);
#2333=PLANE('',#2649);
#2334=PLANE('',#2653);
#2335=ADVANCED_FACE('',(#149),#2254,.F.);
#2336=ADVANCED_FACE('',(#150),#2255,.T.);
#2337=ADVANCED_FACE('',(#151),#2256,.F.);
#2338=ADVANCED_FACE('',(#152),#2257,.F.);
#2339=ADVANCED_FACE('',(#153),#2258,.F.);
#2340=ADVANCED_FACE('',(#154),#2259,.F.);
#2341=ADVANCED_FACE('',(#155,#70),#2260,.F.);
#2342=ADVANCED_FACE('',(#156),#2261,.F.);
#2343=ADVANCED_FACE('',(#157),#2262,.F.);
#2344=ADVANCED_FACE('',(#158),#2263,.F.);
#2345=ADVANCED_FACE('',(#159),#2264,.F.);
#2346=ADVANCED_FACE('',(#160),#2265,.F.);
#2347=ADVANCED_FACE('',(#161),#2266,.F.);
#2348=ADVANCED_FACE('',(#162,#71),#2267,.F.);
#2349=ADVANCED_FACE('',(#163),#2268,.F.);
#2350=ADVANCED_FACE('',(#164),#2269,.F.);
#2351=ADVANCED_FACE('',(#165),#2270,.F.);
#2352=ADVANCED_FACE('',(#166),#2271,.F.);
#2353=ADVANCED_FACE('',(#167),#2272,.F.);
#2354=ADVANCED_FACE('',(#168),#2273,.F.);
#2355=ADVANCED_FACE('',(#169,#72),#2274,.F.);
#2356=ADVANCED_FACE('',(#170),#2275,.F.);
#2357=ADVANCED_FACE('',(#171),#2276,.T.);
#2358=ADVANCED_FACE('',(#172),#2277,.F.);
#2359=ADVANCED_FACE('',(#173),#2278,.F.);
#2360=ADVANCED_FACE('',(#174),#2279,.F.);
#2361=ADVANCED_FACE('',(#175),#2280,.F.);
#2362=ADVANCED_FACE('',(#176,#73),#2281,.F.);
#2363=ADVANCED_FACE('',(#177),#65,.T.);
#2364=ADVANCED_FACE('',(#178),#2282,.T.);
#2365=ADVANCED_FACE('',(#179),#66,.T.);
#2366=ADVANCED_FACE('',(#180),#2283,.T.);
#2367=ADVANCED_FACE('',(#181),#2284,.T.);
#2368=ADVANCED_FACE('',(#182),#25,.T.);
#2369=ADVANCED_FACE('',(#183),#67,.T.);
#2370=ADVANCED_FACE('',(#184),#68,.T.);
#2371=ADVANCED_FACE('',(#185),#26,.F.);
#2372=ADVANCED_FACE('',(#186),#27,.F.);
#2373=ADVANCED_FACE('',(#187),#28,.F.);
#2374=ADVANCED_FACE('',(#188),#29,.F.);
#2375=ADVANCED_FACE('',(#189),#2285,.T.);
#2376=ADVANCED_FACE('',(#190),#2286,.T.);
#2377=ADVANCED_FACE('',(#191),#2287,.F.);
#2378=ADVANCED_FACE('',(#192),#2288,.T.);
#2379=ADVANCED_FACE('',(#193),#2289,.F.);
#2380=ADVANCED_FACE('',(#194),#2290,.F.);
#2381=ADVANCED_FACE('',(#195),#2291,.F.);
#2382=ADVANCED_FACE('',(#196),#2292,.T.);
#2383=ADVANCED_FACE('',(#197),#2293,.F.);
#2384=ADVANCED_FACE('',(#198),#2294,.T.);
#2385=ADVANCED_FACE('',(#199),#2295,.F.);
#2386=ADVANCED_FACE('',(#200,#74,#75,#76,#77,#78,#79,#80,#81,#82),#2296,
 .T.);
#2387=ADVANCED_FACE('',(#201),#2297,.T.);
#2388=ADVANCED_FACE('',(#202),#2298,.T.);
#2389=ADVANCED_FACE('',(#203),#2299,.T.);
#2390=ADVANCED_FACE('',(#204),#2300,.T.);
#2391=ADVANCED_FACE('',(#205),#2301,.F.);
#2392=ADVANCED_FACE('',(#206),#69,.T.);
#2393=ADVANCED_FACE('',(#207),#2302,.T.);
#2394=ADVANCED_FACE('',(#208),#30,.F.);
#2395=ADVANCED_FACE('',(#209,#83,#84,#85,#86,#87),#2303,.F.);
#2396=ADVANCED_FACE('',(#210),#2304,.F.);
#2397=ADVANCED_FACE('',(#211),#2305,.T.);
#2398=ADVANCED_FACE('',(#212),#31,.T.);
#2399=ADVANCED_FACE('',(#213),#32,.T.);
#2400=ADVANCED_FACE('',(#214),#2306,.T.);
#2401=ADVANCED_FACE('',(#215),#33,.T.);
#2402=ADVANCED_FACE('',(#216),#34,.T.);
#2403=ADVANCED_FACE('',(#217),#2307,.T.);
#2404=ADVANCED_FACE('',(#218),#35,.F.);
#2405=ADVANCED_FACE('',(#219),#2308,.T.);
#2406=ADVANCED_FACE('',(#220),#36,.F.);
#2407=ADVANCED_FACE('',(#221),#2309,.T.);
#2408=ADVANCED_FACE('',(#222),#37,.F.);
#2409=ADVANCED_FACE('',(#223),#2310,.T.);
#2410=ADVANCED_FACE('',(#224),#2311,.T.);
#2411=ADVANCED_FACE('',(#225),#38,.F.);
#2412=ADVANCED_FACE('',(#226),#2312,.T.);
#2413=ADVANCED_FACE('',(#227),#2313,.T.);
#2414=ADVANCED_FACE('',(#228),#2314,.T.);
#2415=ADVANCED_FACE('',(#229),#2315,.F.);
#2416=ADVANCED_FACE('',(#230),#2316,.T.);
#2417=ADVANCED_FACE('',(#231),#39,.F.);
#2418=ADVANCED_FACE('',(#232),#2317,.T.);
#2419=ADVANCED_FACE('',(#233),#40,.F.);
#2420=ADVANCED_FACE('',(#234),#2318,.T.);
#2421=ADVANCED_FACE('',(#235),#41,.F.);
#2422=ADVANCED_FACE('',(#236),#2319,.T.);
#2423=ADVANCED_FACE('',(#237),#42,.F.);
#2424=ADVANCED_FACE('',(#238),#2320,.T.);
#2425=ADVANCED_FACE('',(#239),#2321,.T.);
#2426=ADVANCED_FACE('',(#240),#43,.F.);
#2427=ADVANCED_FACE('',(#241),#44,.F.);
#2428=ADVANCED_FACE('',(#242),#45,.F.);
#2429=ADVANCED_FACE('',(#243),#2322,.T.);
#2430=ADVANCED_FACE('',(#244),#2323,.T.);
#2431=ADVANCED_FACE('',(#245),#46,.T.);
#2432=ADVANCED_FACE('',(#246),#2324,.T.);
#2433=ADVANCED_FACE('',(#247),#2325,.T.);
#2434=ADVANCED_FACE('',(#248),#47,.T.);
#2435=ADVANCED_FACE('',(#249),#2326,.T.);
#2436=ADVANCED_FACE('',(#250),#2327,.T.);
#2437=ADVANCED_FACE('',(#251),#48,.T.);
#2438=ADVANCED_FACE('',(#252),#2328,.T.);
#2439=ADVANCED_FACE('',(#253),#2329,.T.);
#2440=ADVANCED_FACE('',(#254),#49,.F.);
#2441=ADVANCED_FACE('',(#255),#50,.F.);
#2442=ADVANCED_FACE('',(#256),#51,.F.);
#2443=ADVANCED_FACE('',(#257),#2330,.T.);
#2444=ADVANCED_FACE('',(#258),#52,.T.);
#2445=ADVANCED_FACE('',(#259),#2331,.T.);
#2446=ADVANCED_FACE('',(#260),#53,.F.);
#2447=ADVANCED_FACE('',(#261),#2332,.T.);
#2448=ADVANCED_FACE('',(#262),#54,.F.);
#2449=ADVANCED_FACE('',(#263),#2333,.T.);
#2450=ADVANCED_FACE('',(#264),#55,.T.);
#2451=ADVANCED_FACE('',(#265),#56,.T.);
#2452=ADVANCED_FACE('',(#266),#57,.T.);
#2453=ADVANCED_FACE('',(#267),#2334,.T.);
#2454=ADVANCED_FACE('',(#268),#58,.T.);
#2455=CLOSED_SHELL('',(#2335,#2336,#2337,#2338,#2339,#2340,#2341,#2342,
#2343,#2344,#2345,#2346,#2347,#2348,#2349,#2350,#2351,#2352,#2353,#2354,
#2355,#2356,#2357,#2358,#2359,#2360,#2361,#2362,#2363,#2364,#2365,#2366,
#2367,#2368,#2369,#2370,#2371,#2372,#2373,#2374,#2375,#2376,#2377,#2378,
#2379,#2380,#2381,#2382,#2383,#2384,#2385,#2386,#2387,#2388,#2389,#2390,
#2391,#2392,#2393,#2394,#2395,#2396,#2397,#2398,#2399,#2400,#2401,#2402,
#2403,#2404,#2405,#2406,#2407,#2408,#2409,#2410,#2411,#2412,#2413,#2414,
#2415,#2416,#2417,#2418,#2419,#2420,#2421,#2422,#2423,#2424,#2425,#2426,
#2427,#2428,#2429,#2430,#2431,#2432,#2433,#2434,#2435,#2436,#2437,#2438,
#2439,#2440,#2441,#2442,#2443,#2444,#2445,#2446,#2447,#2448,#2449,#2450,
#2451,#2452,#2453,#2454));
#2456=DERIVED_UNIT_ELEMENT(#2458,1.);
#2457=DERIVED_UNIT_ELEMENT(#4446,-3.);
#2458=(
MASS_UNIT()
NAMED_UNIT(*)
SI_UNIT(.KILO.,.GRAM.)
);
#2459=DERIVED_UNIT((#2456,#2457));
#2460=MEASURE_REPRESENTATION_ITEM('density measure',
POSITIVE_RATIO_MEASURE(7850.),#2459);
#2461=PROPERTY_DEFINITION_REPRESENTATION(#2466,#2463);
#2462=PROPERTY_DEFINITION_REPRESENTATION(#2467,#2464);
#2463=REPRESENTATION('material name',(#2465),#4443);
#2464=REPRESENTATION('density',(#2460),#4443);
#2465=DESCRIPTIVE_REPRESENTATION_ITEM('Steel','Steel');
#2466=PROPERTY_DEFINITION('material property','material name',#4453);
#2467=PROPERTY_DEFINITION('material property','density of part',#4453);
#2468=AXIS2_PLACEMENT_3D('',#3285,#2655,#2656);
#2469=AXIS2_PLACEMENT_3D('',#3286,#2657,#2658);
#2470=AXIS2_PLACEMENT_3D('',#3300,#2663,#2664);
#2471=AXIS2_PLACEMENT_3D('',#3318,#2669,#2670);
#2472=AXIS2_PLACEMENT_3D('',#3324,#2674,#2675);
#2473=AXIS2_PLACEMENT_3D('',#3333,#2678,#2679);
#2474=AXIS2_PLACEMENT_3D('',#3337,#2682,#2683);
#2475=AXIS2_PLACEMENT_3D('',#3339,#2685,#2686);
#2476=AXIS2_PLACEMENT_3D('',#3342,#2688,#2689);
#2477=AXIS2_PLACEMENT_3D('',#3344,#2690,#2691);
#2478=AXIS2_PLACEMENT_3D('',#3345,#2692,#2693);
#2479=AXIS2_PLACEMENT_3D('',#3359,#2698,#2699);
#2480=AXIS2_PLACEMENT_3D('',#3372,#2704,#2705);
#2481=AXIS2_PLACEMENT_3D('',#3380,#2710,#2711);
#2482=AXIS2_PLACEMENT_3D('',#3390,#2717,#2718);
#2483=AXIS2_PLACEMENT_3D('',#3399,#2721,#2722);
#2484=AXIS2_PLACEMENT_3D('',#3402,#2725,#2726);
#2485=AXIS2_PLACEMENT_3D('',#3405,#2728,#2729);
#2486=AXIS2_PLACEMENT_3D('',#3406,#2730,#2731);
#2487=AXIS2_PLACEMENT_3D('',#3420,#2736,#2737);
#2488=AXIS2_PLACEMENT_3D('',#3433,#2742,#2743);
#2489=AXIS2_PLACEMENT_3D('',#3441,#2748,#2749);
#2490=AXIS2_PLACEMENT_3D('',#3451,#2755,#2756);
#2491=AXIS2_PLACEMENT_3D('',#3460,#2759,#2760);
#2492=AXIS2_PLACEMENT_3D('',#3463,#2763,#2764);
#2493=AXIS2_PLACEMENT_3D('',#3466,#2766,#2767);
#2494=AXIS2_PLACEMENT_3D('',#3467,#2768,#2769);
#2495=AXIS2_PLACEMENT_3D('',#3481,#2774,#2775);
#2496=AXIS2_PLACEMENT_3D('',#3499,#2780,#2781);
#2497=AXIS2_PLACEMENT_3D('',#3505,#2785,#2786);
#2498=AXIS2_PLACEMENT_3D('',#3509,#2789,#2790);
#2499=AXIS2_PLACEMENT_3D('',#3521,#2793,#2794);
#2500=AXIS2_PLACEMENT_3D('',#3523,#2796,#2797);
#2501=AXIS2_PLACEMENT_3D('',#3525,#2798,#2799);
#2502=AXIS2_PLACEMENT_3D('',#3528,#2801,#2802);
#2503=AXIS2_PLACEMENT_3D('',#3575,#2803,#2804);
#2504=AXIS2_PLACEMENT_3D('',#3593,#2805,#2806);
#2505=AXIS2_PLACEMENT_3D('',#3609,#2807,#2808);
#2506=AXIS2_PLACEMENT_3D('',#3697,#2816,#2817);
#2507=AXIS2_PLACEMENT_3D('',#3703,#2821,#2822);
#2508=AXIS2_PLACEMENT_3D('',#3710,#2827,#2828);
#2509=AXIS2_PLACEMENT_3D('',#3712,#2829,#2830);
#2510=AXIS2_PLACEMENT_3D('',#3716,#2832,#2833);
#2511=AXIS2_PLACEMENT_3D('',#3780,#2835,#2836);
#2512=AXIS2_PLACEMENT_3D('',#3859,#2840,#2841);
#2513=AXIS2_PLACEMENT_3D('',#3861,#2842,#2843);
#2514=AXIS2_PLACEMENT_3D('',#3863,#2845,#2846);
#2515=AXIS2_PLACEMENT_3D('',#3865,#2847,#2848);
#2516=AXIS2_PLACEMENT_3D('',#3867,#2850,#2851);
#2517=AXIS2_PLACEMENT_3D('',#3869,#2852,#2853);
#2518=AXIS2_PLACEMENT_3D('',#3871,#2855,#2856);
#2519=AXIS2_PLACEMENT_3D('',#3873,#2857,#2858);
#2520=AXIS2_PLACEMENT_3D('',#3875,#2860,#2861);
#2521=AXIS2_PLACEMENT_3D('',#3884,#2866,#2867);
#2522=AXIS2_PLACEMENT_3D('',#3893,#2872,#2873);
#2523=AXIS2_PLACEMENT_3D('',#3898,#2876,#2877);
#2524=AXIS2_PLACEMENT_3D('',#3902,#2879,#2880);
#2525=AXIS2_PLACEMENT_3D('',#3910,#2884,#2885);
#2526=AXIS2_PLACEMENT_3D('',#3912,#2886,#2887);
#2527=AXIS2_PLACEMENT_3D('',#3916,#2889,#2890);
#2528=AXIS2_PLACEMENT_3D('',#3920,#2892,#2893);
#2529=AXIS2_PLACEMENT_3D('',#3922,#2895,#2896);
#2530=AXIS2_PLACEMENT_3D('',#3926,#2899,#2900);
#2531=AXIS2_PLACEMENT_3D('',#3934,#2904,#2905);
#2532=AXIS2_PLACEMENT_3D('',#3937,#2907,#2908);
#2533=AXIS2_PLACEMENT_3D('',#3938,#2909,#2910);
#2534=AXIS2_PLACEMENT_3D('',#3947,#2915,#2916);
#2535=AXIS2_PLACEMENT_3D('',#3956,#2921,#2922);
#2536=AXIS2_PLACEMENT_3D('',#3967,#2929,#2930);
#2537=AXIS2_PLACEMENT_3D('',#3971,#2932,#2933);
#2538=AXIS2_PLACEMENT_3D('',#3975,#2935,#2936);
#2539=AXIS2_PLACEMENT_3D('',#3979,#2939,#2940);
#2540=AXIS2_PLACEMENT_3D('',#3983,#2943,#2944);
#2541=AXIS2_PLACEMENT_3D('',#3987,#2946,#2947);
#2542=AXIS2_PLACEMENT_3D('',#3991,#2949,#2950);
#2543=AXIS2_PLACEMENT_3D('',#3995,#2952,#2953);
#2544=AXIS2_PLACEMENT_3D('',#3997,#2954,#2955);
#2545=AXIS2_PLACEMENT_3D('',#4005,#2959,#2960);
#2546=AXIS2_PLACEMENT_3D('',#4008,#2962,#2963);
#2547=AXIS2_PLACEMENT_3D('',#4009,#2964,#2965);
#2548=AXIS2_PLACEMENT_3D('',#4012,#2966,#2967);
#2549=AXIS2_PLACEMENT_3D('',#4015,#2969,#2970);
#2550=AXIS2_PLACEMENT_3D('',#4016,#2971,#2972);
#2551=AXIS2_PLACEMENT_3D('',#4018,#2973,#2974);
#2552=AXIS2_PLACEMENT_3D('',#4024,#2977,#2978);
#2553=AXIS2_PLACEMENT_3D('',#4030,#2981,#2982);
#2554=AXIS2_PLACEMENT_3D('',#4036,#2985,#2986);
#2555=AXIS2_PLACEMENT_3D('',#4042,#2989,#2990);
#2556=AXIS2_PLACEMENT_3D('',#4046,#2992,#2993);
#2557=AXIS2_PLACEMENT_3D('',#4050,#2995,#2996);
#2558=AXIS2_PLACEMENT_3D('',#4056,#2999,#3000);
#2559=AXIS2_PLACEMENT_3D('',#4058,#3001,#3002);
#2560=AXIS2_PLACEMENT_3D('',#4062,#3004,#3005);
#2561=AXIS2_PLACEMENT_3D('',#4068,#3008,#3009);
#2562=AXIS2_PLACEMENT_3D('',#4072,#3011,#3012);
#2563=AXIS2_PLACEMENT_3D('',#4074,#3013,#3014);
#2564=AXIS2_PLACEMENT_3D('',#4076,#3016,#3017);
#2565=AXIS2_PLACEMENT_3D('',#4082,#3021,#3022);
#2566=AXIS2_PLACEMENT_3D('',#4088,#3026,#3027);
#2567=AXIS2_PLACEMENT_3D('',#4094,#3031,#3032);
#2568=AXIS2_PLACEMENT_3D('',#4100,#3036,#3037);
#2569=AXIS2_PLACEMENT_3D('',#4102,#3038,#3039);
#2570=AXIS2_PLACEMENT_3D('',#4111,#3041,#3042);
#2571=AXIS2_PLACEMENT_3D('',#4115,#3044,#3045);
#2572=AXIS2_PLACEMENT_3D('',#4252,#3047,#3048);
#2573=AXIS2_PLACEMENT_3D('',#4253,#3049,#3050);
#2574=AXIS2_PLACEMENT_3D('',#4255,#3051,#3052);
#2575=AXIS2_PLACEMENT_3D('',#4260,#3053,#3054);
#2576=AXIS2_PLACEMENT_3D('',#4268,#3059,#3060);
#2577=AXIS2_PLACEMENT_3D('',#4269,#3061,#3062);
#2578=AXIS2_PLACEMENT_3D('',#4270,#3063,#3064);
#2579=AXIS2_PLACEMENT_3D('',#4271,#3065,#3066);
#2580=AXIS2_PLACEMENT_3D('',#4274,#3068,#3069);
#2581=AXIS2_PLACEMENT_3D('',#4277,#3071,#3072);
#2582=AXIS2_PLACEMENT_3D('',#4284,#3077,#3078);
#2583=AXIS2_PLACEMENT_3D('',#4289,#3081,#3082);
#2584=AXIS2_PLACEMENT_3D('',#4293,#3084,#3085);
#2585=AXIS2_PLACEMENT_3D('',#4297,#3087,#3088);
#2586=AXIS2_PLACEMENT_3D('',#4298,#3089,#3090);
#2587=AXIS2_PLACEMENT_3D('',#4300,#3091,#3092);
#2588=AXIS2_PLACEMENT_3D('',#4306,#3095,#3096);
#2589=AXIS2_PLACEMENT_3D('',#4309,#3098,#3099);
#2590=AXIS2_PLACEMENT_3D('',#4311,#3100,#3101);
#2591=AXIS2_PLACEMENT_3D('',#4315,#3103,#3104);
#2592=AXIS2_PLACEMENT_3D('',#4319,#3106,#3107);
#2593=AXIS2_PLACEMENT_3D('',#4323,#3109,#3110);
#2594=AXIS2_PLACEMENT_3D('',#4325,#3112,#3113);
#2595=AXIS2_PLACEMENT_3D('',#4326,#3114,#3115);
#2596=AXIS2_PLACEMENT_3D('',#4327,#3116,#3117);
#2597=AXIS2_PLACEMENT_3D('',#4330,#3120,#3121);
#2598=AXIS2_PLACEMENT_3D('',#4332,#3123,#3124);
#2599=AXIS2_PLACEMENT_3D('',#4335,#3127,#3128);
#2600=AXIS2_PLACEMENT_3D('',#4337,#3130,#3131);
#2601=AXIS2_PLACEMENT_3D('',#4339,#3133,#3134);
#2602=AXIS2_PLACEMENT_3D('',#4342,#3137,#3138);
#2603=AXIS2_PLACEMENT_3D('',#4344,#3140,#3141);
#2604=AXIS2_PLACEMENT_3D('',#4346,#3143,#3144);
#2605=AXIS2_PLACEMENT_3D('',#4347,#3145,#3146);
#2606=AXIS2_PLACEMENT_3D('',#4351,#3149,#3150);
#2607=AXIS2_PLACEMENT_3D('',#4354,#3152,#3153);
#2608=AXIS2_PLACEMENT_3D('',#4355,#3154,#3155);
#2609=AXIS2_PLACEMENT_3D('',#4359,#3158,#3159);
#2610=AXIS2_PLACEMENT_3D('',#4362,#3162,#3163);
#2611=AXIS2_PLACEMENT_3D('',#4364,#3165,#3166);
#2612=AXIS2_PLACEMENT_3D('',#4366,#3168,#3169);
#2613=AXIS2_PLACEMENT_3D('',#4368,#3171,#3172);
#2614=AXIS2_PLACEMENT_3D('',#4369,#3173,#3174);
#2615=AXIS2_PLACEMENT_3D('',#4371,#3175,#3176);
#2616=AXIS2_PLACEMENT_3D('',#4373,#3178,#3179);
#2617=AXIS2_PLACEMENT_3D('',#4375,#3181,#3182);
#2618=AXIS2_PLACEMENT_3D('',#4376,#3183,#3184);
#2619=AXIS2_PLACEMENT_3D('',#4377,#3185,#3186);
#2620=AXIS2_PLACEMENT_3D('',#4380,#3189,#3190);
#2621=AXIS2_PLACEMENT_3D('',#4382,#3192,#3193);
#2622=AXIS2_PLACEMENT_3D('',#4384,#3195,#3196);
#2623=AXIS2_PLACEMENT_3D('',#4385,#3197,#3198);
#2624=AXIS2_PLACEMENT_3D('',#4386,#3199,#3200);
#2625=AXIS2_PLACEMENT_3D('',#4387,#3201,#3202);
#2626=AXIS2_PLACEMENT_3D('',#4390,#3205,#3206);
#2627=AXIS2_PLACEMENT_3D('',#4392,#3208,#3209);
#2628=AXIS2_PLACEMENT_3D('',#4393,#3210,#3211);
#2629=AXIS2_PLACEMENT_3D('',#4395,#3213,#3214);
#2630=AXIS2_PLACEMENT_3D('',#4397,#3216,#3217);
#2631=AXIS2_PLACEMENT_3D('',#4399,#3219,#3220);
#2632=AXIS2_PLACEMENT_3D('',#4401,#3222,#3223);
#2633=AXIS2_PLACEMENT_3D('',#4402,#3224,#3225);
#2634=AXIS2_PLACEMENT_3D('',#4404,#3227,#3228);
#2635=AXIS2_PLACEMENT_3D('',#4405,#3229,#3230);
#2636=AXIS2_PLACEMENT_3D('',#4407,#3232,#3233);
#2637=AXIS2_PLACEMENT_3D('',#4409,#3235,#3236);
#2638=AXIS2_PLACEMENT_3D('',#4411,#3238,#3239);
#2639=AXIS2_PLACEMENT_3D('',#4413,#3241,#3242);
#2640=AXIS2_PLACEMENT_3D('',#4415,#3244,#3245);
#2641=AXIS2_PLACEMENT_3D('',#4416,#3246,#3247);
#2642=AXIS2_PLACEMENT_3D('',#4418,#3249,#3250);
#2643=AXIS2_PLACEMENT_3D('',#4420,#3252,#3253);
#2644=AXIS2_PLACEMENT_3D('',#4422,#3255,#3256);
#2645=AXIS2_PLACEMENT_3D('',#4423,#3257,#3258);
#2646=AXIS2_PLACEMENT_3D('',#4426,#3261,#3262);
#2647=AXIS2_PLACEMENT_3D('',#4428,#3264,#3265);
#2648=AXIS2_PLACEMENT_3D('',#4430,#3267,#3268);
#2649=AXIS2_PLACEMENT_3D('',#4431,#3269,#3270);
#2650=AXIS2_PLACEMENT_3D('',#4434,#3273,#3274);
#2651=AXIS2_PLACEMENT_3D('',#4435,#3275,#3276);
#2652=AXIS2_PLACEMENT_3D('',#4437,#3278,#3279);
#2653=AXIS2_PLACEMENT_3D('',#4438,#3280,#3281);
#2654=AXIS2_PLACEMENT_3D('',#4440,#3283,#3284);
#2655=DIRECTION('axis',(0.,0.,1.));
#2656=DIRECTION('refdir',(1.,0.,0.));
#2657=DIRECTION('center_axis',(1.11170332198356E-12,-1.,0.));
#2658=DIRECTION('ref_axis',(-1.,-1.11170332198356E-12,0.));
#2659=DIRECTION('',(0.,0.,-1.));
#2660=DIRECTION('',(-1.,-1.11170332198356E-12,0.));
#2661=DIRECTION('',(0.,0.,-1.));
#2662=DIRECTION('',(-1.,-1.11170332198356E-12,0.));
#2663=DIRECTION('center_axis',(0.,0.,1.));
#2664=DIRECTION('ref_axis',(1.,0.,0.));
#2665=DIRECTION('',(-0.866025403784439,-0.5,0.));
#2666=DIRECTION('',(0.,-1.,0.));
#2667=DIRECTION('',(0.866025403784439,-0.499999999999999,0.));
#2668=DIRECTION('',(1.,-1.5926304078654E-15,0.));
#2669=DIRECTION('center_axis',(0.499999999999999,0.866025403784439,0.));
#2670=DIRECTION('ref_axis',(0.866025403784439,-0.499999999999999,0.));
#2671=DIRECTION('',(-0.866025403784439,0.499999999999999,0.));
#2672=DIRECTION('',(0.,0.,-1.));
#2673=DIRECTION('',(0.,0.,-1.));
#2674=DIRECTION('center_axis',(1.5926304078654E-15,1.,0.));
#2675=DIRECTION('ref_axis',(1.,-1.5926304078654E-15,0.));
#2676=DIRECTION('',(-1.,1.5926304078654E-15,0.));
#2677=DIRECTION('',(0.,0.,1.));
#2678=DIRECTION('center_axis',(0.5,-0.866025403784439,0.));
#2679=DIRECTION('ref_axis',(-0.866025403784439,-0.5,0.));
#2680=DIRECTION('',(0.866025403784439,0.5,0.));
#2681=DIRECTION('',(0.,0.,-1.));
#2682=DIRECTION('center_axis',(1.,0.,0.));
#2683=DIRECTION('ref_axis',(0.,-1.,0.));
#2684=DIRECTION('',(0.,1.,0.));
#2685=DIRECTION('center_axis',(0.,0.,1.));
#2686=DIRECTION('ref_axis',(1.,0.,0.));
#2687=DIRECTION('',(-5.75582904333448E-12,-1.,0.));
#2688=DIRECTION('center_axis',(0.,0.,1.));
#2689=DIRECTION('ref_axis',(-0.805236869472602,0.592953273067923,0.));
#2690=DIRECTION('center_axis',(0.,0.,-1.));
#2691=DIRECTION('ref_axis',(1.,0.,0.));
#2692=DIRECTION('center_axis',(2.72374715372469E-13,1.,0.));
#2693=DIRECTION('ref_axis',(1.,-2.72374715372469E-13,0.));
#2694=DIRECTION('',(0.,0.,-1.));
#2695=DIRECTION('',(1.,-2.72374715372469E-13,0.));
#2696=DIRECTION('',(0.,0.,-1.));
#2697=DIRECTION('',(1.,-2.72374715372469E-13,0.));
#2698=DIRECTION('center_axis',(0.,0.,-1.));
#2699=DIRECTION('ref_axis',(-1.,0.,0.));
#2700=DIRECTION('',(0.866025403784438,0.500000000000001,0.));
#2701=DIRECTION('',(-3.58804927379187E-13,1.,0.));
#2702=DIRECTION('',(-0.866025403784438,0.500000000000001,0.));
#2703=DIRECTION('',(-1.,2.81256499569234E-13,0.));
#2704=DIRECTION('center_axis',(-0.500000000000001,0.866025403784438,0.));
#2705=DIRECTION('ref_axis',(0.866025403784438,0.500000000000001,0.));
#2706=DIRECTION('',(2.50990339623006E-11,1.44909340145339E-11,1.));
#2707=DIRECTION('',(-0.866025403784438,-0.500000000000001,0.));
#2708=DIRECTION('',(0.,0.,-1.));
#2709=DIRECTION('',(-0.866025403784438,-0.500000000000001,0.));
#2710=DIRECTION('center_axis',(-0.500000000000001,-0.866025403784438,0.));
#2711=DIRECTION('ref_axis',(-0.866025403784438,0.500000000000001,0.));
#2712=DIRECTION('',(-2.5099033962311E-11,1.44909340145399E-11,-1.));
#2713=DIRECTION('',(0.866025403784438,-0.500000000000001,0.));
#2714=DIRECTION('',(0.,0.,-1.));
#2715=DIRECTION('',(0.866025403784438,-0.500000000000001,0.));
#2716=DIRECTION('',(0.,0.,-1.));
#2717=DIRECTION('center_axis',(-2.81256499569234E-13,-1.,0.));
#2718=DIRECTION('ref_axis',(-1.,2.81256499569234E-13,0.));
#2719=DIRECTION('',(1.,-2.81256499569234E-13,0.));
#2720=DIRECTION('',(0.,0.,1.));
#2721=DIRECTION('center_axis',(-1.,0.,0.));
#2722=DIRECTION('ref_axis',(0.,1.,0.));
#2723=DIRECTION('',(0.,-1.,0.));
#2724=DIRECTION('',(0.,-1.,0.));
#2725=DIRECTION('center_axis',(0.,0.,1.));
#2726=DIRECTION('ref_axis',(1.,0.,0.));
#2727=DIRECTION('',(-3.58804927379187E-13,1.,0.));
#2728=DIRECTION('center_axis',(0.,0.,-1.));
#2729=DIRECTION('ref_axis',(1.,0.,0.));
#2730=DIRECTION('center_axis',(3.13230922605854E-12,-1.,0.));
#2731=DIRECTION('ref_axis',(-1.,-3.13230922605854E-12,0.));
#2732=DIRECTION('',(0.,0.,-1.));
#2733=DIRECTION('',(-1.,-3.13230922605854E-12,0.));
#2734=DIRECTION('',(0.,0.,-1.));
#2735=DIRECTION('',(-1.,-3.13230922605854E-12,0.));
#2736=DIRECTION('center_axis',(0.,0.,-1.));
#2737=DIRECTION('ref_axis',(-1.,0.,0.));
#2738=DIRECTION('',(-0.86602540378444,-0.499999999999998,0.));
#2739=DIRECTION('',(-9.68127371104186E-12,-1.,0.));
#2740=DIRECTION('',(0.86602540378444,-0.499999999999998,0.));
#2741=DIRECTION('',(1.,3.13823041555098E-12,0.));
#2742=DIRECTION('center_axis',(0.499999999999998,-0.86602540378444,0.));
#2743=DIRECTION('ref_axis',(-0.86602540378444,-0.499999999999998,0.));
#2744=DIRECTION('',(-2.50990339624461E-11,-1.44909340146177E-11,1.));
#2745=DIRECTION('',(0.86602540378444,0.499999999999998,0.));
#2746=DIRECTION('',(0.,0.,-1.));
#2747=DIRECTION('',(0.86602540378444,0.499999999999998,0.));
#2748=DIRECTION('center_axis',(0.499999999999998,0.86602540378444,0.));
#2749=DIRECTION('ref_axis',(0.86602540378444,-0.499999999999998,0.));
#2750=DIRECTION('',(2.50990339621655E-11,-1.44909340144557E-11,-1.));
#2751=DIRECTION('',(-0.86602540378444,0.499999999999998,0.));
#2752=DIRECTION('',(0.,0.,-1.));
#2753=DIRECTION('',(-0.86602540378444,0.499999999999998,0.));
#2754=DIRECTION('',(0.,0.,-1.));
#2755=DIRECTION('center_axis',(-3.13823041555098E-12,1.,0.));
#2756=DIRECTION('ref_axis',(1.,3.13823041555098E-12,0.));
#2757=DIRECTION('',(-1.,-3.13823041555098E-12,0.));
#2758=DIRECTION('',(0.,0.,1.));
#2759=DIRECTION('center_axis',(1.,0.,0.));
#2760=DIRECTION('ref_axis',(0.,-1.,0.));
#2761=DIRECTION('',(0.,1.,0.));
#2762=DIRECTION('',(0.,1.,0.));
#2763=DIRECTION('center_axis',(0.,0.,1.));
#2764=DIRECTION('ref_axis',(1.,0.,0.));
#2765=DIRECTION('',(-5.75582904333448E-12,-1.,0.));
#2766=DIRECTION('center_axis',(0.,0.,-1.));
#2767=DIRECTION('ref_axis',(1.,0.,0.));
#2768=DIRECTION('center_axis',(0.,1.,0.));
#2769=DIRECTION('ref_axis',(1.,0.,0.));
#2770=DIRECTION('',(0.,0.,-1.));
#2771=DIRECTION('',(1.,0.,0.));
#2772=DIRECTION('',(0.,0.,-1.));
#2773=DIRECTION('',(1.,0.,0.));
#2774=DIRECTION('center_axis',(0.,0.,1.));
#2775=DIRECTION('ref_axis',(1.,0.,0.));
#2776=DIRECTION('',(0.866025403784438,0.5,0.));
#2777=DIRECTION('',(0.,1.,0.));
#2778=DIRECTION('',(-0.866025403784439,0.499999999999999,0.));
#2779=DIRECTION('',(-1.,1.17091521663766E-12,0.));
#2780=DIRECTION('center_axis',(-1.,0.,0.));
#2781=DIRECTION('ref_axis',(0.,1.,0.));
#2782=DIRECTION('',(0.,-1.,0.));
#2783=DIRECTION('',(0.,0.,-1.));
#2784=DIRECTION('',(0.,0.,-1.));
#2785=DIRECTION('center_axis',(-0.499999999999999,-0.866025403784439,0.));
#2786=DIRECTION('ref_axis',(-0.866025403784439,0.499999999999999,0.));
#2787=DIRECTION('',(0.866025403784439,-0.499999999999999,0.));
#2788=DIRECTION('',(0.,0.,-1.));
#2789=DIRECTION('center_axis',(-1.17091521663766E-12,-1.,0.));
#2790=DIRECTION('ref_axis',(-1.,1.17091521663766E-12,0.));
#2791=DIRECTION('',(1.,-1.17091521663766E-12,0.));
#2792=DIRECTION('',(0.,0.,1.));
#2793=DIRECTION('center_axis',(-0.5,0.866025403784438,0.));
#2794=DIRECTION('ref_axis',(0.866025403784438,0.5,0.));
#2795=DIRECTION('',(-0.866025403784438,-0.5,0.));
#2796=DIRECTION('center_axis',(0.,0.,1.));
#2797=DIRECTION('ref_axis',(1.,0.,0.));
#2798=DIRECTION('center_axis',(0.,0.,1.));
#2799=DIRECTION('ref_axis',(1.,2.09990754943824E-13,0.));
#2800=DIRECTION('',(-3.58804927379187E-13,1.,0.));
#2801=DIRECTION('center_axis',(0.,0.,-1.));
#2802=DIRECTION('ref_axis',(1.,0.,0.));
#2803=DIRECTION('center_axis',(0.,0.,1.));
#2804=DIRECTION('ref_axis',(-0.805236869472602,0.592953273067923,0.));
#2805=DIRECTION('center_axis',(0.,0.,-1.));
#2806=DIRECTION('ref_axis',(-1.,4.80637751821491E-12,0.));
#2807=DIRECTION('center_axis',(-1.,-3.58804927379187E-13,2.50990339623058E-11));
#2808=DIRECTION('ref_axis',(-2.50990339623058E-11,-1.46990964202953E-22,
-1.));
#2809=DIRECTION('',(-3.58804927379187E-13,1.,0.));
#2810=DIRECTION('',(2.50990339623058E-11,0.,1.));
#2811=DIRECTION('',(2.50990339623058E-11,1.46990646489224E-22,1.));
#2812=DIRECTION('',(-3.58804927379187E-13,1.,0.));
#2813=DIRECTION('',(9.68127371104186E-12,1.,0.));
#2814=DIRECTION('',(-5.75582904333448E-12,-1.,0.));
#2815=DIRECTION('',(-5.75582904333448E-12,-1.,0.));
#2816=DIRECTION('center_axis',(-1.,5.75582904333448E-12,0.));
#2817=DIRECTION('ref_axis',(-5.75582904333448E-12,-1.,0.));
#2818=DIRECTION('',(0.,0.,1.));
#2819=DIRECTION('',(-5.75582904333448E-12,-1.,0.));
#2820=DIRECTION('',(0.,0.,1.));
#2821=DIRECTION('center_axis',(1.,-9.68127371104186E-12,2.50990339623058E-11));
#2822=DIRECTION('ref_axis',(2.50990339623058E-11,0.,-1.));
#2823=DIRECTION('',(-9.68127371104186E-12,-1.,0.));
#2824=DIRECTION('',(-2.50990339623058E-11,0.,1.));
#2825=DIRECTION('',(2.50990339623058E-11,0.,-1.));
#2826=DIRECTION('',(-9.68127371104186E-12,-1.,0.));
#2827=DIRECTION('center_axis',(0.,0.,1.));
#2828=DIRECTION('ref_axis',(1.,2.09990754943824E-13,0.));
#2829=DIRECTION('center_axis',(0.,0.,1.));
#2830=DIRECTION('ref_axis',(1.,2.09990754943824E-13,0.));
#2831=DIRECTION('',(0.,0.,1.));
#2832=DIRECTION('center_axis',(0.,0.,1.));
#2833=DIRECTION('ref_axis',(1.,2.09990754943824E-13,0.));
#2834=DIRECTION('',(0.,0.,1.));
#2835=DIRECTION('center_axis',(0.,0.,-1.));
#2836=DIRECTION('ref_axis',(0.805236869480699,0.592953273056928,0.));
#2837=DIRECTION('',(-3.58804927379187E-13,1.,0.));
#2838=DIRECTION('',(3.58804927379187E-13,-1.,0.));
#2839=DIRECTION('',(-3.58804927379187E-13,1.,0.));
#2840=DIRECTION('center_axis',(0.,0.,-1.));
#2841=DIRECTION('ref_axis',(1.,0.,0.));
#2842=DIRECTION('center_axis',(0.,0.,-1.));
#2843=DIRECTION('ref_axis',(1.,0.,0.));
#2844=DIRECTION('',(0.,0.,-1.));
#2845=DIRECTION('center_axis',(0.,0.,-1.));
#2846=DIRECTION('ref_axis',(1.,0.,0.));
#2847=DIRECTION('center_axis',(0.,0.,-1.));
#2848=DIRECTION('ref_axis',(1.,0.,0.));
#2849=DIRECTION('',(0.,0.,-1.));
#2850=DIRECTION('center_axis',(0.,0.,-1.));
#2851=DIRECTION('ref_axis',(1.,0.,0.));
#2852=DIRECTION('center_axis',(0.,0.,-1.));
#2853=DIRECTION('ref_axis',(1.,0.,0.));
#2854=DIRECTION('',(0.,0.,-1.));
#2855=DIRECTION('center_axis',(0.,0.,-1.));
#2856=DIRECTION('ref_axis',(1.,0.,0.));
#2857=DIRECTION('center_axis',(0.,0.,-1.));
#2858=DIRECTION('ref_axis',(1.,0.,0.));
#2859=DIRECTION('',(0.,0.,-1.));
#2860=DIRECTION('center_axis',(0.,1.,0.));
#2861=DIRECTION('ref_axis',(0.,0.,-1.));
#2862=DIRECTION('',(1.,0.,0.));
#2863=DIRECTION('',(0.,0.,-1.));
#2864=DIRECTION('',(-0.707106781186514,0.,0.707106781186581));
#2865=DIRECTION('',(0.,0.,1.));
#2866=DIRECTION('center_axis',(0.,-1.,8.5960868211747E-12));
#2867=DIRECTION('ref_axis',(0.,8.5960868211747E-12,1.));
#2868=DIRECTION('',(-1.,0.,0.));
#2869=DIRECTION('',(2.62571332803393E-26,-8.5960868211747E-12,-1.));
#2870=DIRECTION('',(0.707106781186514,-6.07835128292123E-12,-0.707106781186581));
#2871=DIRECTION('',(0.,8.5960868211747E-12,1.));
#2872=DIRECTION('center_axis',(0.,0.,1.));
#2873=DIRECTION('ref_axis',(-1.,0.,0.));
#2874=DIRECTION('',(0.,-1.,0.));
#2875=DIRECTION('',(-3.05454491404859E-15,1.,0.));
#2876=DIRECTION('center_axis',(0.,0.,-1.));
#2877=DIRECTION('ref_axis',(-0.0789473684210558,0.996878785519779,0.));
#2878=DIRECTION('',(-2.03012210217172E-14,1.,0.));
#2879=DIRECTION('center_axis',(0.,0.,-1.));
#2880=DIRECTION('ref_axis',(-1.,-2.33731163078959E-14,0.));
#2881=DIRECTION('',(0.,1.,0.));
#2882=DIRECTION('',(1.,0.,0.));
#2883=DIRECTION('',(-3.6928175093971E-12,-1.,0.));
#2884=DIRECTION('center_axis',(0.,0.,1.));
#2885=DIRECTION('ref_axis',(-0.805236869472604,0.592953273067921,0.));
#2886=DIRECTION('center_axis',(0.,0.,1.));
#2887=DIRECTION('ref_axis',(-0.786935534810428,0.617035221079499,0.));
#2888=DIRECTION('',(-1.9162169489691E-12,1.,0.));
#2889=DIRECTION('center_axis',(0.,0.,-1.));
#2890=DIRECTION('ref_axis',(-0.0789473684237292,0.996878785519568,0.));
#2891=DIRECTION('',(-2.03012210217172E-14,1.,0.));
#2892=DIRECTION('center_axis',(0.,0.,-1.));
#2893=DIRECTION('ref_axis',(-1.,-4.67462326157953E-14,0.));
#2894=DIRECTION('',(-3.05454491404859E-15,1.,0.));
#2895=DIRECTION('center_axis',(1.,3.05454491404859E-15,0.));
#2896=DIRECTION('ref_axis',(-3.05454491404859E-15,1.,0.));
#2897=DIRECTION('',(3.05454491404859E-15,-1.,-3.05454491404888E-15));
#2898=DIRECTION('',(0.,0.,1.));
#2899=DIRECTION('center_axis',(-0.707106781186581,0.,-0.707106781186514));
#2900=DIRECTION('ref_axis',(-0.707106781186514,0.,0.707106781186581));
#2901=DIRECTION('',(0.,1.,0.));
#2902=DIRECTION('',(-0.707106781186514,0.,0.707106781186581));
#2903=DIRECTION('',(0.,-1.,0.));
#2904=DIRECTION('center_axis',(0.707106781186581,0.,0.707106781186514));
#2905=DIRECTION('ref_axis',(-0.707106781186514,-1.65272890387743E-14,0.707106781186581));
#2906=DIRECTION('',(2.03012210217172E-14,-1.,-2.03012210217191E-14));
#2907=DIRECTION('center_axis',(0.707106781186581,0.,0.707106781186514));
#2908=DIRECTION('ref_axis',(-0.707106781186514,-4.51918059654027E-17,0.707106781186581));
#2909=DIRECTION('center_axis',(0.,-1.,0.));
#2910=DIRECTION('ref_axis',(0.,0.,-1.));
#2911=DIRECTION('',(-0.707106781186514,0.,-0.707106781186581));
#2912=DIRECTION('',(0.,0.,-1.));
#2913=DIRECTION('',(1.,0.,0.));
#2914=DIRECTION('',(0.,0.,-1.));
#2915=DIRECTION('center_axis',(0.,1.,-8.5960868211747E-12));
#2916=DIRECTION('ref_axis',(0.,8.5960868211747E-12,1.));
#2917=DIRECTION('',(0.707106781186514,6.07835128292123E-12,0.707106781186581));
#2918=DIRECTION('',(-2.03147294326845E-25,8.5960868211747E-12,1.));
#2919=DIRECTION('',(-1.,0.,0.));
#2920=DIRECTION('',(0.,8.5960868211747E-12,1.));
#2921=DIRECTION('center_axis',(-1.,0.,0.));
#2922=DIRECTION('ref_axis',(0.,1.,0.));
#2923=DIRECTION('',(0.,-1.,0.));
#2924=DIRECTION('',(0.,0.,-1.));
#2925=DIRECTION('',(0.,-1.,0.));
#2926=DIRECTION('',(0.,0.,-1.));
#2927=DIRECTION('',(0.,-1.,0.));
#2928=DIRECTION('',(0.,1.,0.));
#2929=DIRECTION('center_axis',(0.707106781186581,0.,-0.707106781186514));
#2930=DIRECTION('ref_axis',(-0.707106781186514,0.,-0.707106781186581));
#2931=DIRECTION('',(-2.36325317034297E-14,1.,-2.36325317034319E-14));
#2932=DIRECTION('center_axis',(-0.707106781186581,0.,0.707106781186514));
#2933=DIRECTION('ref_axis',(0.707106781186514,-1.65272890387771E-14,0.707106781186581));
#2934=DIRECTION('',(1.01506105108586E-14,1.,1.01506105108595E-14));
#2935=DIRECTION('center_axis',(-0.707106781186581,0.,0.707106781186514));
#2936=DIRECTION('ref_axis',(0.707106781186514,-4.51918059654019E-17,0.707106781186581));
#2937=DIRECTION('',(-5.24307630934634E-13,1.,-5.24307630934684E-13));
#2938=DIRECTION('',(-0.707106781186514,0.,-0.707106781186581));
#2939=DIRECTION('center_axis',(-1.,-2.36325317034297E-14,0.));
#2940=DIRECTION('ref_axis',(2.36325317034297E-14,-1.,0.));
#2941=DIRECTION('',(2.36325317034297E-14,-1.,0.));
#2942=DIRECTION('',(0.,0.,1.));
#2943=DIRECTION('center_axis',(0.,0.,1.));
#2944=DIRECTION('ref_axis',(-1.,0.,0.));
#2945=DIRECTION('',(2.36325317034297E-14,-1.,0.));
#2946=DIRECTION('center_axis',(0.,0.,-1.));
#2947=DIRECTION('ref_axis',(0.0789473684036936,-0.996878785521154,0.));
#2948=DIRECTION('',(-2.03012210217172E-14,-1.,0.));
#2949=DIRECTION('center_axis',(0.,0.,-1.));
#2950=DIRECTION('ref_axis',(1.,-6.07701024005492E-14,0.));
#2951=DIRECTION('',(-2.88579519768917E-12,-1.,0.));
#2952=DIRECTION('center_axis',(0.,0.,1.));
#2953=DIRECTION('ref_axis',(0.805236869477963,0.592953273060644,0.));
#2954=DIRECTION('center_axis',(0.,0.,1.));
#2955=DIRECTION('ref_axis',(1.,1.50102152929759E-13,0.));
#2956=DIRECTION('',(-3.58688128900219E-13,1.,0.));
#2957=DIRECTION('',(1.,0.,0.));
#2958=DIRECTION('',(5.24307630934634E-13,-1.,0.));
#2959=DIRECTION('center_axis',(0.,0.,-1.));
#2960=DIRECTION('ref_axis',(0.0789473684393322,-0.996878785518332,0.));
#2961=DIRECTION('',(-1.01506105108586E-14,-1.,0.));
#2962=DIRECTION('center_axis',(0.,0.,-1.));
#2963=DIRECTION('ref_axis',(1.,-2.33731163078998E-14,0.));
#2964=DIRECTION('center_axis',(0.,0.,1.));
#2965=DIRECTION('ref_axis',(1.,0.,0.));
#2966=DIRECTION('center_axis',(0.,0.,1.));
#2967=DIRECTION('ref_axis',(-2.66453525910039E-15,-1.,0.));
#2968=DIRECTION('',(-3.58804927379187E-13,1.,0.));
#2969=DIRECTION('center_axis',(0.,0.,1.));
#2970=DIRECTION('ref_axis',(0.805236869478051,0.592953273060524,0.));
#2971=DIRECTION('center_axis',(0.,0.,1.));
#2972=DIRECTION('ref_axis',(-0.805236869472602,0.592953273067923,0.));
#2973=DIRECTION('center_axis',(0.,0.,1.));
#2974=DIRECTION('ref_axis',(-1.,5.75184344597795E-12,0.));
#2975=DIRECTION('',(1.,7.03881397574323E-13,0.));
#2976=DIRECTION('',(-1.84378078893585E-12,1.,0.));
#2977=DIRECTION('center_axis',(0.,0.,1.));
#2978=DIRECTION('ref_axis',(-7.63160962995703E-11,-1.,0.));
#2979=DIRECTION('',(1.,-9.33921514277231E-14,0.));
#2980=DIRECTION('',(-1.07914070321814E-12,1.,0.));
#2981=DIRECTION('center_axis',(0.,0.,1.));
#2982=DIRECTION('ref_axis',(1.,0.,0.));
#2983=DIRECTION('',(1.,1.75680294237587E-12,0.));
#2984=DIRECTION('',(1.,-3.73858090192271E-12,0.));
#2985=DIRECTION('center_axis',(0.,0.,1.));
#2986=DIRECTION('ref_axis',(1.,0.,0.));
#2987=DIRECTION('',(1.07914070321762E-12,-1.,0.));
#2988=DIRECTION('',(1.,-2.17658976934332E-13,0.));
#2989=DIRECTION('center_axis',(0.,0.,1.));
#2990=DIRECTION('ref_axis',(-0.999999999999908,-4.27987033750492E-7,0.));
#2991=DIRECTION('',(-7.07646916618106E-12,-1.,0.));
#2992=DIRECTION('center_axis',(0.,0.,-1.));
#2993=DIRECTION('ref_axis',(0.75721133072926,0.653169963038123,0.));
#2994=DIRECTION('',(-0.34202014332567,-0.939692620785908,0.));
#2995=DIRECTION('center_axis',(0.,0.,-1.));
#2996=DIRECTION('ref_axis',(1.,0.,0.));
#2997=DIRECTION('',(-0.342020143325273,0.939692620786052,0.));
#2998=DIRECTION('',(-7.07646916618106E-12,-1.,0.));
#2999=DIRECTION('center_axis',(0.,0.,1.));
#3000=DIRECTION('ref_axis',(-0.805236869472557,0.592953273067985,0.));
#3001=DIRECTION('center_axis',(0.,0.,1.));
#3002=DIRECTION('ref_axis',(0.75721133072926,0.653169963038123,0.));
#3003=DIRECTION('',(0.342020143325337,-0.939692620786029,0.));
#3004=DIRECTION('center_axis',(0.,0.,1.));
#3005=DIRECTION('ref_axis',(1.,0.,0.));
#3006=DIRECTION('',(-1.,3.73856076272806E-12,0.));
#3007=DIRECTION('',(-1.,-1.75674252477303E-12,0.));
#3008=DIRECTION('center_axis',(0.,0.,1.));
#3009=DIRECTION('ref_axis',(1.,0.,0.));
#3010=DIRECTION('',(0.34202014332567,0.939692620785908,0.));
#3011=DIRECTION('center_axis',(0.,0.,1.));
#3012=DIRECTION('ref_axis',(0.805236869476623,0.592953273062463,0.));
#3013=DIRECTION('center_axis',(0.,0.,1.));
#3014=DIRECTION('ref_axis',(1.,-4.46373097227073E-12,0.));
#3015=DIRECTION('',(-1.84378078893585E-12,1.,0.));
#3016=DIRECTION('center_axis',(1.,-7.07646916618106E-12,0.));
#3017=DIRECTION('ref_axis',(7.07646916618106E-12,1.,0.));
#3018=DIRECTION('',(0.,0.,1.));
#3019=DIRECTION('',(-7.07646916618106E-12,-1.,0.));
#3020=DIRECTION('',(0.,0.,1.));
#3021=DIRECTION('center_axis',(1.,-7.07646916618106E-12,0.));
#3022=DIRECTION('ref_axis',(7.07646916618106E-12,1.,0.));
#3023=DIRECTION('',(0.,0.,-1.));
#3024=DIRECTION('',(0.,0.,1.));
#3025=DIRECTION('',(-7.07646916618106E-12,-1.,0.));
#3026=DIRECTION('center_axis',(-1.,-1.84378078893585E-12,0.));
#3027=DIRECTION('ref_axis',(1.84378078893585E-12,-1.,0.));
#3028=DIRECTION('',(0.,0.,1.));
#3029=DIRECTION('',(-1.84378078893585E-12,1.,0.));
#3030=DIRECTION('',(0.,0.,1.));
#3031=DIRECTION('center_axis',(-1.,-1.84378078893585E-12,0.));
#3032=DIRECTION('ref_axis',(1.84378078893585E-12,-1.,0.));
#3033=DIRECTION('',(0.,0.,-1.));
#3034=DIRECTION('',(0.,0.,1.));
#3035=DIRECTION('',(-1.84378078893585E-12,1.,0.));
#3036=DIRECTION('center_axis',(0.707106781186581,0.,-0.707106781186514));
#3037=DIRECTION('ref_axis',(-0.707106781186514,0.,-0.707106781186581));
#3038=DIRECTION('center_axis',(0.707106781186581,0.,-0.707106781186514));
#3039=DIRECTION('ref_axis',(-0.707106781186514,7.39757323560295E-17,-0.707106781186581));
#3040=DIRECTION('',(2.88579519768917E-12,1.,2.88579519768944E-12));
#3041=DIRECTION('center_axis',(-0.707106781186581,0.,0.707106781186514));
#3042=DIRECTION('ref_axis',(0.707106781186514,-4.29709515008272E-14,0.707106781186581));
#3043=DIRECTION('',(2.03012210217172E-14,1.,2.03012210217191E-14));
#3044=DIRECTION('center_axis',(-0.707106781186581,0.,0.707106781186514));
#3045=DIRECTION('ref_axis',(0.707106781186514,-1.29119445615435E-17,0.707106781186581));
#3046=DIRECTION('',(-2.36325317034297E-14,1.,-2.36325317034319E-14));
#3047=DIRECTION('center_axis',(0.,0.,-1.));
#3048=DIRECTION('ref_axis',(-0.805236869472502,0.592953273068059,0.));
#3049=DIRECTION('center_axis',(0.,0.,1.));
#3050=DIRECTION('ref_axis',(0.805236869478051,0.592953273060524,0.));
#3051=DIRECTION('center_axis',(0.,0.,-1.));
#3052=DIRECTION('ref_axis',(-0.805236869472502,0.592953273068059,0.));
#3053=DIRECTION('center_axis',(1.,0.,0.));
#3054=DIRECTION('ref_axis',(0.,-1.,0.));
#3055=DIRECTION('',(0.,1.,0.));
#3056=DIRECTION('',(0.,0.,1.));
#3057=DIRECTION('',(0.,1.,0.));
#3058=DIRECTION('',(0.,0.,-1.));
#3059=DIRECTION('center_axis',(0.,0.,-1.));
#3060=DIRECTION('ref_axis',(-0.805236869472598,0.592953273067929,0.));
#3061=DIRECTION('center_axis',(0.,0.,1.));
#3062=DIRECTION('ref_axis',(-0.805236869472598,0.592953273067929,0.));
#3063=DIRECTION('center_axis',(-0.707106781186581,0.,-0.707106781186514));
#3064=DIRECTION('ref_axis',(-0.707106781186514,7.39757323560295E-17,0.707106781186581));
#3065=DIRECTION('center_axis',(0.,0.,1.));
#3066=DIRECTION('ref_axis',(1.,0.,0.));
#3067=DIRECTION('',(1.,5.8564264548977E-12,0.));
#3068=DIRECTION('center_axis',(0.,0.,1.));
#3069=DIRECTION('ref_axis',(-2.66453525910039E-15,-1.,0.));
#3070=DIRECTION('',(1.,7.03881397574323E-13,0.));
#3071=DIRECTION('center_axis',(0.,0.,1.));
#3072=DIRECTION('ref_axis',(-1.,5.75184344597795E-12,0.));
#3073=DIRECTION('',(1.,0.,0.));
#3074=DIRECTION('',(1.,0.,0.));
#3075=DIRECTION('',(1.,0.,0.));
#3076=DIRECTION('',(1.,1.75680294237587E-12,0.));
#3077=DIRECTION('center_axis',(0.,0.,1.));
#3078=DIRECTION('ref_axis',(1.,0.,0.));
#3079=DIRECTION('',(-1.07914070321814E-12,1.,0.));
#3080=DIRECTION('',(1.,-9.33921514277231E-14,0.));
#3081=DIRECTION('center_axis',(0.,0.,1.));
#3082=DIRECTION('ref_axis',(-7.63160962995703E-11,-1.,0.));
#3083=DIRECTION('',(-1.,3.73856076272806E-12,0.));
#3084=DIRECTION('center_axis',(0.,0.,1.));
#3085=DIRECTION('ref_axis',(1.,0.,0.));
#3086=DIRECTION('',(0.342020143325337,-0.939692620786029,0.));
#3087=DIRECTION('center_axis',(0.,0.,1.));
#3088=DIRECTION('ref_axis',(0.75721133072926,0.653169963038123,0.));
#3089=DIRECTION('center_axis',(0.,0.,1.));
#3090=DIRECTION('ref_axis',(-0.805236869472557,0.592953273067985,0.));
#3091=DIRECTION('center_axis',(0.,0.,1.));
#3092=DIRECTION('ref_axis',(-0.999999999999908,-4.27987033750492E-7,0.));
#3093=DIRECTION('',(1.,-2.17658976934332E-13,0.));
#3094=DIRECTION('',(1.07914070321762E-12,-1.,0.));
#3095=DIRECTION('center_axis',(0.,0.,1.));
#3096=DIRECTION('ref_axis',(1.,0.,0.));
#3097=DIRECTION('',(1.,-3.73858090192271E-12,0.));
#3098=DIRECTION('center_axis',(0.,0.,1.));
#3099=DIRECTION('ref_axis',(1.,-4.46373097227073E-12,0.));
#3100=DIRECTION('center_axis',(0.,0.,1.));
#3101=DIRECTION('ref_axis',(0.805236869476623,0.592953273062463,0.));
#3102=DIRECTION('',(0.34202014332567,0.939692620785908,0.));
#3103=DIRECTION('center_axis',(0.,0.,1.));
#3104=DIRECTION('ref_axis',(1.,0.,0.));
#3105=DIRECTION('',(-1.,-1.75674252477303E-12,0.));
#3106=DIRECTION('center_axis',(0.,0.,-1.));
#3107=DIRECTION('ref_axis',(0.75721133072926,0.653169963038123,0.));
#3108=DIRECTION('',(-0.342020143325273,0.939692620786052,0.));
#3109=DIRECTION('center_axis',(0.,0.,-1.));
#3110=DIRECTION('ref_axis',(1.,0.,0.));
#3111=DIRECTION('',(-0.34202014332567,-0.939692620785908,0.));
#3112=DIRECTION('center_axis',(0.,1.,0.));
#3113=DIRECTION('ref_axis',(1.,0.,0.));
#3114=DIRECTION('center_axis',(5.8564264548977E-12,-1.,0.));
#3115=DIRECTION('ref_axis',(-1.,-5.8564264548977E-12,0.));
#3116=DIRECTION('center_axis',(0.,0.,1.));
#3117=DIRECTION('ref_axis',(0.805236869477963,0.592953273060644,0.));
#3118=DIRECTION('',(0.,0.,1.));
#3119=DIRECTION('',(0.,0.,1.));
#3120=DIRECTION('center_axis',(0.,0.,-1.));
#3121=DIRECTION('ref_axis',(1.,1.50102152929759E-13,0.));
#3122=DIRECTION('',(0.,0.,1.));
#3123=DIRECTION('center_axis',(-1.,3.6928175093971E-12,0.));
#3124=DIRECTION('ref_axis',(3.6928175093971E-12,1.,0.));
#3125=DIRECTION('',(0.,0.,1.));
#3126=DIRECTION('',(0.,0.,-1.));
#3127=DIRECTION('center_axis',(0.,0.,-1.));
#3128=DIRECTION('ref_axis',(-0.805236869472604,0.592953273067921,0.));
#3129=DIRECTION('',(0.,0.,1.));
#3130=DIRECTION('center_axis',(0.,0.,1.));
#3131=DIRECTION('ref_axis',(-0.786935534810428,0.617035221079499,0.));
#3132=DIRECTION('',(0.,0.,1.));
#3133=DIRECTION('center_axis',(1.,0.,0.));
#3134=DIRECTION('ref_axis',(0.,1.,0.));
#3135=DIRECTION('',(0.,0.,1.));
#3136=DIRECTION('',(0.,0.,1.));
#3137=DIRECTION('center_axis',(0.,0.,1.));
#3138=DIRECTION('ref_axis',(-1.,-2.33731163078959E-14,0.));
#3139=DIRECTION('',(0.,0.,1.));
#3140=DIRECTION('center_axis',(1.,2.03012210217172E-14,0.));
#3141=DIRECTION('ref_axis',(-2.03012210217172E-14,1.,0.));
#3142=DIRECTION('',(0.,0.,1.));
#3143=DIRECTION('center_axis',(0.,0.,1.));
#3144=DIRECTION('ref_axis',(-0.0789473684210558,0.996878785519779,0.));
#3145=DIRECTION('center_axis',(1.,3.05454491404859E-15,0.));
#3146=DIRECTION('ref_axis',(-3.05454491404859E-15,1.,0.));
#3147=DIRECTION('',(0.,0.,1.));
#3148=DIRECTION('',(3.05454491404859E-15,-1.,-3.05454491404888E-15));
#3149=DIRECTION('center_axis',(0.,0.,1.));
#3150=DIRECTION('ref_axis',(-1.,-4.67462326157953E-14,0.));
#3151=DIRECTION('',(0.,0.,1.));
#3152=DIRECTION('center_axis',(0.707106781186581,0.,0.707106781186514));
#3153=DIRECTION('ref_axis',(-0.707106781186514,-3.30545780775511E-14,0.707106781186581));
#3154=DIRECTION('center_axis',(1.,2.03012210217172E-14,0.));
#3155=DIRECTION('ref_axis',(-2.03012210217172E-14,1.,0.));
#3156=DIRECTION('',(0.,0.,1.));
#3157=DIRECTION('',(2.03012210217172E-14,-1.,-2.03012210217191E-14));
#3158=DIRECTION('center_axis',(-1.,1.01506105108586E-14,0.));
#3159=DIRECTION('ref_axis',(-1.01506105108586E-14,-1.,0.));
#3160=DIRECTION('',(0.,0.,1.));
#3161=DIRECTION('',(0.,0.,1.));
#3162=DIRECTION('center_axis',(0.,0.,1.));
#3163=DIRECTION('ref_axis',(0.0789473684393322,-0.996878785518332,0.));
#3164=DIRECTION('',(0.,0.,1.));
#3165=DIRECTION('center_axis',(-1.,-5.24307630934634E-13,0.));
#3166=DIRECTION('ref_axis',(5.24307630934634E-13,-1.,0.));
#3167=DIRECTION('',(0.,0.,1.));
#3168=DIRECTION('center_axis',(0.,-1.,0.));
#3169=DIRECTION('ref_axis',(-1.,0.,0.));
#3170=DIRECTION('',(0.,0.,-1.));
#3171=DIRECTION('center_axis',(1.,3.58688128900219E-13,0.));
#3172=DIRECTION('ref_axis',(3.58688128900219E-13,-1.,0.));
#3173=DIRECTION('center_axis',(-0.707106781186581,0.,-0.707106781186514));
#3174=DIRECTION('ref_axis',(-0.707106781186514,0.,0.707106781186581));
#3175=DIRECTION('center_axis',(0.707106781186581,0.,0.707106781186514));
#3176=DIRECTION('ref_axis',(-0.707106781186514,1.29119445615435E-17,0.707106781186581));
#3177=DIRECTION('',(1.9162169489691E-12,-1.,-1.91621694896928E-12));
#3178=DIRECTION('center_axis',(1.,1.9162169489691E-12,0.));
#3179=DIRECTION('ref_axis',(-1.9162169489691E-12,1.,0.));
#3180=DIRECTION('',(0.,0.,1.));
#3181=DIRECTION('center_axis',(0.,0.,1.));
#3182=DIRECTION('ref_axis',(-0.0789473684237292,0.996878785519568,0.));
#3183=DIRECTION('center_axis',(0.,-1.,0.));
#3184=DIRECTION('ref_axis',(-1.,0.,0.));
#3185=DIRECTION('center_axis',(0.,0.,1.));
#3186=DIRECTION('ref_axis',(0.0789473684036936,-0.996878785521154,0.));
#3187=DIRECTION('',(0.,0.,1.));
#3188=DIRECTION('',(0.,0.,1.));
#3189=DIRECTION('center_axis',(-1.,2.03012210217172E-14,0.));
#3190=DIRECTION('ref_axis',(-2.03012210217172E-14,-1.,0.));
#3191=DIRECTION('',(0.,0.,1.));
#3192=DIRECTION('center_axis',(0.,0.,1.));
#3193=DIRECTION('ref_axis',(1.,-6.07701024005492E-14,0.));
#3194=DIRECTION('',(0.,0.,1.));
#3195=DIRECTION('center_axis',(-1.,2.88579519768917E-12,0.));
#3196=DIRECTION('ref_axis',(-2.88579519768917E-12,-1.,0.));
#3197=DIRECTION('center_axis',(0.,0.,1.));
#3198=DIRECTION('ref_axis',(1.,-2.33731163078998E-14,0.));
#3199=DIRECTION('center_axis',(-1.,-2.36325317034297E-14,0.));
#3200=DIRECTION('ref_axis',(2.36325317034297E-14,-1.,0.));
#3201=DIRECTION('center_axis',(-0.939692620786029,-0.342020143325337,0.));
#3202=DIRECTION('ref_axis',(0.342020143325337,-0.939692620786029,0.));
#3203=DIRECTION('',(0.,0.,1.));
#3204=DIRECTION('',(0.,0.,-1.));
#3205=DIRECTION('center_axis',(0.,0.,1.));
#3206=DIRECTION('ref_axis',(0.75721133072926,0.653169963038123,0.));
#3207=DIRECTION('',(0.,0.,1.));
#3208=DIRECTION('center_axis',(0.,0.,1.));
#3209=DIRECTION('ref_axis',(-0.805236869472557,0.592953273067985,0.));
#3210=DIRECTION('center_axis',(0.,0.,1.));
#3211=DIRECTION('ref_axis',(-0.999999999999908,-4.27987033750492E-7,0.));
#3212=DIRECTION('',(0.,0.,1.));
#3213=DIRECTION('center_axis',(2.17658976934332E-13,1.,0.));
#3214=DIRECTION('ref_axis',(-1.,2.17658976934332E-13,0.));
#3215=DIRECTION('',(0.,0.,1.));
#3216=DIRECTION('center_axis',(-1.,-1.07914070321762E-12,0.));
#3217=DIRECTION('ref_axis',(1.07914070321762E-12,-1.,0.));
#3218=DIRECTION('',(0.,0.,1.));
#3219=DIRECTION('center_axis',(0.,0.,1.));
#3220=DIRECTION('ref_axis',(1.,0.,0.));
#3221=DIRECTION('',(0.,0.,1.));
#3222=DIRECTION('center_axis',(-3.73858090192271E-12,-1.,0.));
#3223=DIRECTION('ref_axis',(1.,-3.73858090192271E-12,0.));
#3224=DIRECTION('center_axis',(3.73856076272806E-12,1.,0.));
#3225=DIRECTION('ref_axis',(-1.,3.73856076272806E-12,0.));
#3226=DIRECTION('',(0.,0.,1.));
#3227=DIRECTION('center_axis',(0.,0.,1.));
#3228=DIRECTION('ref_axis',(1.,0.,0.));
#3229=DIRECTION('center_axis',(-1.75674252477303E-12,1.,0.));
#3230=DIRECTION('ref_axis',(-1.,-1.75674252477303E-12,0.));
#3231=DIRECTION('',(0.,0.,1.));
#3232=DIRECTION('center_axis',(1.75680294237587E-12,-1.,0.));
#3233=DIRECTION('ref_axis',(1.,1.75680294237587E-12,0.));
#3234=DIRECTION('',(0.,0.,1.));
#3235=DIRECTION('center_axis',(0.,0.,1.));
#3236=DIRECTION('ref_axis',(1.,0.,0.));
#3237=DIRECTION('',(0.,0.,1.));
#3238=DIRECTION('center_axis',(1.,1.07914070321814E-12,0.));
#3239=DIRECTION('ref_axis',(-1.07914070321814E-12,1.,0.));
#3240=DIRECTION('',(0.,0.,-1.));
#3241=DIRECTION('center_axis',(9.33921514277231E-14,1.,0.));
#3242=DIRECTION('ref_axis',(-1.,9.33921514277231E-14,0.));
#3243=DIRECTION('',(0.,0.,1.));
#3244=DIRECTION('center_axis',(0.,0.,1.));
#3245=DIRECTION('ref_axis',(-7.63160962995703E-11,-1.,0.));
#3246=DIRECTION('center_axis',(0.,0.,1.));
#3247=DIRECTION('ref_axis',(1.,-4.46373097227073E-12,0.));
#3248=DIRECTION('',(0.,0.,1.));
#3249=DIRECTION('center_axis',(0.,0.,1.));
#3250=DIRECTION('ref_axis',(0.805236869476623,0.592953273062463,0.));
#3251=DIRECTION('',(0.,0.,1.));
#3252=DIRECTION('center_axis',(0.939692620785908,-0.34202014332567,0.));
#3253=DIRECTION('ref_axis',(0.34202014332567,0.939692620785908,0.));
#3254=DIRECTION('',(0.,0.,1.));
#3255=DIRECTION('center_axis',(0.,0.,1.));
#3256=DIRECTION('ref_axis',(1.,0.,0.));
#3257=DIRECTION('center_axis',(0.939692620786052,0.342020143325273,0.));
#3258=DIRECTION('ref_axis',(-0.342020143325273,0.939692620786052,0.));
#3259=DIRECTION('',(0.,0.,1.));
#3260=DIRECTION('',(0.,0.,1.));
#3261=DIRECTION('center_axis',(0.,0.,1.));
#3262=DIRECTION('ref_axis',(-1.1921314446235E-11,-1.,0.));
#3263=DIRECTION('',(0.,0.,1.));
#3264=DIRECTION('center_axis',(-0.939692620785908,0.34202014332567,0.));
#3265=DIRECTION('ref_axis',(-0.34202014332567,-0.939692620785908,0.));
#3266=DIRECTION('',(0.,0.,1.));
#3267=DIRECTION('center_axis',(0.,0.,1.));
#3268=DIRECTION('ref_axis',(0.75721133072926,0.653169963038123,0.));
#3269=DIRECTION('center_axis',(7.03881397574323E-13,-1.,0.));
#3270=DIRECTION('ref_axis',(1.,7.03881397574323E-13,0.));
#3271=DIRECTION('',(0.,0.,1.));
#3272=DIRECTION('',(0.,0.,1.));
#3273=DIRECTION('center_axis',(0.,0.,1.));
#3274=DIRECTION('ref_axis',(-1.,5.75184344597795E-12,0.));
#3275=DIRECTION('center_axis',(0.,0.,1.));
#3276=DIRECTION('ref_axis',(-0.805236869472602,0.592953273067923,0.));
#3277=DIRECTION('',(0.,0.,1.));
#3278=DIRECTION('center_axis',(0.,0.,1.));
#3279=DIRECTION('ref_axis',(0.805236869478051,0.592953273060524,0.));
#3280=DIRECTION('center_axis',(1.,3.58804927379187E-13,0.));
#3281=DIRECTION('ref_axis',(-3.58804927379187E-13,1.,0.));
#3282=DIRECTION('',(0.,0.,1.));
#3283=DIRECTION('center_axis',(0.,0.,1.));
#3284=DIRECTION('ref_axis',(-2.66453525910039E-15,-1.,0.));
#3285=CARTESIAN_POINT('',(0.,0.,0.));
#3286=CARTESIAN_POINT('Origin',(-71.2499999994558,25.6187920729531,19.));
#3287=CARTESIAN_POINT('',(-74.2499999994767,25.6187920729498,17.2749999999677));
#3288=CARTESIAN_POINT('',(-73.6409754747981,25.6187920729505,17.2));
#3289=CARTESIAN_POINT('Ctrl Pts',(-74.2499999999414,25.6187920729498,17.275));
#3290=CARTESIAN_POINT('Ctrl Pts',(-74.0463613033575,25.61879207295,17.2608402530642));
#3291=CARTESIAN_POINT('Ctrl Pts',(-73.8424536050824,25.6187920729503,17.2365064727419));
#3292=CARTESIAN_POINT('Ctrl Pts',(-73.6409754747981,25.6187920729505,17.2));
#3293=CARTESIAN_POINT('',(-74.2499999994767,25.6187920729498,19.));
#3294=CARTESIAN_POINT('',(-74.2499999997657,25.6187920729498,18.1));
#3295=CARTESIAN_POINT('',(-71.2499999994558,25.6187920729531,19.));
#3296=CARTESIAN_POINT('',(-71.2499999994558,25.6187920729531,19.));
#3297=CARTESIAN_POINT('',(-71.2499999994558,25.6187920729531,17.2));
#3298=CARTESIAN_POINT('',(-71.2499999994558,25.6187920729531,19.));
#3299=CARTESIAN_POINT('',(-71.2499999994558,25.6187920729531,17.2));
#3300=CARTESIAN_POINT('Origin',(-71.6999999994663,28.0436632035479,17.2));
#3301=CARTESIAN_POINT('',(-73.6409754747746,28.0436632035597,17.2));
#3302=CARTESIAN_POINT('Ctrl Pts',(-73.6409754747981,25.6187920729505,17.2));
#3303=CARTESIAN_POINT('Ctrl Pts',(-73.6409754747903,26.4270824498202,17.2));
#3304=CARTESIAN_POINT('Ctrl Pts',(-73.6409754747825,27.2353728266899,17.2));
#3305=CARTESIAN_POINT('Ctrl Pts',(-73.6409754747746,28.0436632035597,17.2));
#3306=CARTESIAN_POINT('',(-69.1499999994558,26.8312276382514,17.2));
#3307=CARTESIAN_POINT('',(-71.2499999994558,25.6187920729531,17.2));
#3308=CARTESIAN_POINT('',(-69.1499999994558,29.2560987688478,17.2));
#3309=CARTESIAN_POINT('',(-69.1499999994558,26.8312276382514,17.2));
#3310=CARTESIAN_POINT('',(-71.2499999994558,30.468534334146,17.2));
#3311=CARTESIAN_POINT('',(-69.1499999994558,29.2560987688478,17.2));
#3312=CARTESIAN_POINT('',(-73.4195946849571,30.468534334146,17.2));
#3313=CARTESIAN_POINT('',(-71.2499999994558,30.468534334146,17.2));
#3314=CARTESIAN_POINT('Ctrl Pts',(-73.6409754747746,28.0436632035597,17.2));
#3315=CARTESIAN_POINT('Ctrl Pts',(-73.6409754747717,28.857350317157,17.2));
#3316=CARTESIAN_POINT('Ctrl Pts',(-73.5668115067648,29.6689925153688,17.2));
#3317=CARTESIAN_POINT('Ctrl Pts',(-73.4195946849571,30.468534334146,17.2));
#3318=CARTESIAN_POINT('Origin',(-71.2499999994558,30.468534334146,19.));
#3319=CARTESIAN_POINT('',(-69.1499999994558,29.2560987688478,19.));
#3320=CARTESIAN_POINT('',(-71.2499999994558,30.468534334146,19.));
#3321=CARTESIAN_POINT('',(-69.1499999994558,29.2560987688478,19.));
#3322=CARTESIAN_POINT('',(-71.2499999994558,30.468534334146,19.));
#3323=CARTESIAN_POINT('',(-69.1499999994558,29.2560987688478,19.));
#3324=CARTESIAN_POINT('Origin',(-74.0384009219603,30.468534334146,19.));
#3325=CARTESIAN_POINT('',(-74.0384009219603,30.468534334146,17.2749999999677));
#3326=CARTESIAN_POINT('Ctrl Pts',(-73.4195946849571,30.468534334146,17.2));
#3327=CARTESIAN_POINT('Ctrl Pts',(-73.6243715091203,30.468534334146,17.2364907642543));
#3328=CARTESIAN_POINT('Ctrl Pts',(-73.8315410558066,30.468534334146,17.2608336720811));
#3329=CARTESIAN_POINT('Ctrl Pts',(-74.0384009224321,30.468534334146,17.275));
#3330=CARTESIAN_POINT('',(-74.0384009219603,30.468534334146,19.));
#3331=CARTESIAN_POINT('',(-71.2499999994558,30.468534334146,19.));
#3332=CARTESIAN_POINT('',(-74.0384009219603,30.468534334146,17.2));
#3333=CARTESIAN_POINT('Origin',(-69.1499999994558,26.8312276382514,19.));
#3334=CARTESIAN_POINT('',(-69.1499999994558,26.8312276382514,19.));
#3335=CARTESIAN_POINT('',(-71.2499999994558,25.6187920729531,19.));
#3336=CARTESIAN_POINT('',(-69.1499999994558,26.8312276382514,19.));
#3337=CARTESIAN_POINT('Origin',(-69.1499999994558,29.2560987688478,19.));
#3338=CARTESIAN_POINT('',(-69.1499999994558,26.8312276382514,19.));
#3339=CARTESIAN_POINT('Origin',(-71.6999999994663,28.0436632035479,19.));
#3340=CARTESIAN_POINT('',(-74.2499999994533,28.0436632035597,19.));
#3341=CARTESIAN_POINT('',(-74.2499999997518,28.0436632035611,19.));
#3342=CARTESIAN_POINT('Origin',(-60.2499999995077,28.0436632035117,19.));
#3343=CARTESIAN_POINT('',(-72.4999999994558,28.0436632035496,19.));
#3344=CARTESIAN_POINT('Origin',(-71.2499999994558,28.0436632035496,19.));
#3345=CARTESIAN_POINT('Origin',(71.2499999999922,-40.575128869403,19.));
#3346=CARTESIAN_POINT('',(74.2500000000169,-40.5751288694038,17.2749999999677));
#3347=CARTESIAN_POINT('',(73.6409754753383,-40.5751288694037,17.2));
#3348=CARTESIAN_POINT('Ctrl Pts',(74.2500000004816,-40.5751288694038,17.275));
#3349=CARTESIAN_POINT('Ctrl Pts',(74.0463613038978,-40.5751288694038,17.2608402530642));
#3350=CARTESIAN_POINT('Ctrl Pts',(73.8424536056227,-40.5751288694037,17.2365064727419));
#3351=CARTESIAN_POINT('Ctrl Pts',(73.6409754753383,-40.5751288694037,17.2));
#3352=CARTESIAN_POINT('',(74.2500000000169,-40.5751288694038,19.));
#3353=CARTESIAN_POINT('',(74.2500000000169,-40.5751288694039,18.1));
#3354=CARTESIAN_POINT('',(71.2499999999922,-40.575128869403,19.));
#3355=CARTESIAN_POINT('',(71.2499999999922,-40.575128869403,19.));
#3356=CARTESIAN_POINT('',(71.2499999999922,-40.575128869403,17.2));
#3357=CARTESIAN_POINT('',(71.2499999999922,-40.575128869403,19.));
#3358=CARTESIAN_POINT('',(71.2499999999922,-40.575128869403,17.2));
#3359=CARTESIAN_POINT('Origin',(71.7000000000054,-42.9999999999999,17.2));
#3360=CARTESIAN_POINT('',(73.64097547534,-45.4248711305965,17.2));
#3361=CARTESIAN_POINT('Ctrl Pts',(73.6409754753383,-40.5751288694037,17.2));
#3362=CARTESIAN_POINT('Ctrl Pts',(73.6409754753389,-42.1917096231347,17.2));
#3363=CARTESIAN_POINT('Ctrl Pts',(73.6409754753394,-43.8082903768656,17.2));
#3364=CARTESIAN_POINT('Ctrl Pts',(73.64097547534,-45.4248711305965,17.2));
#3365=CARTESIAN_POINT('',(70.3250000002107,-41.1091778682773,17.2));
#3366=CARTESIAN_POINT('',(71.2499999999922,-40.575128869403,17.2));
#3367=CARTESIAN_POINT('',(70.325000000212,-44.8908221317224,17.2));
#3368=CARTESIAN_POINT('',(70.3250000001986,-7.4781683985267,17.2));
#3369=CARTESIAN_POINT('',(71.2499999999922,-45.4248711305959,17.2));
#3370=CARTESIAN_POINT('',(69.1499999999922,-44.2124355652977,17.2));
#3371=CARTESIAN_POINT('',(71.2499999999922,-45.4248711305959,17.2));
#3372=CARTESIAN_POINT('Origin',(69.1499999999922,-41.7875644347012,19.));
#3373=CARTESIAN_POINT('',(70.3250000002125,-41.1091778682762,17.275));
#3374=CARTESIAN_POINT('',(70.3250000002342,-41.1091778682637,18.1375000004804));
#3375=CARTESIAN_POINT('',(69.1499999999922,-41.7875644347012,19.));
#3376=CARTESIAN_POINT('',(71.2499999999922,-40.575128869403,19.));
#3377=CARTESIAN_POINT('',(69.1499999999922,-41.7875644347012,17.275));
#3378=CARTESIAN_POINT('',(69.1499999999922,-41.7875644347012,19.));
#3379=CARTESIAN_POINT('',(53.835694134983,-50.6292830483166,17.275));
#3380=CARTESIAN_POINT('Origin',(71.2499999999922,-45.4248711305959,19.));
#3381=CARTESIAN_POINT('',(70.3250000002139,-44.8908221317234,17.275));
#3382=CARTESIAN_POINT('',(70.3250000002355,-44.890822131736,18.1374999994861));
#3383=CARTESIAN_POINT('',(69.1499999999922,-44.2124355652977,17.275));
#3384=CARTESIAN_POINT('',(33.1268058649436,-23.4144347343571,17.275));
#3385=CARTESIAN_POINT('',(69.1499999999922,-44.2124355652977,19.));
#3386=CARTESIAN_POINT('',(69.1499999999922,-44.2124355652977,19.));
#3387=CARTESIAN_POINT('',(71.2499999999922,-45.4248711305959,19.));
#3388=CARTESIAN_POINT('',(69.1499999999922,-44.2124355652977,19.));
#3389=CARTESIAN_POINT('',(71.2499999999922,-45.4248711305959,19.));
#3390=CARTESIAN_POINT('Origin',(74.2500000000186,-45.4248711305967,19.));
#3391=CARTESIAN_POINT('',(74.2500000000186,-45.4248711305967,17.2749999999677));
#3392=CARTESIAN_POINT('Ctrl Pts',(73.64097547534,-45.4248711305965,17.2));
#3393=CARTESIAN_POINT('Ctrl Pts',(73.8424536056244,-45.4248711305966,17.2365064727419));
#3394=CARTESIAN_POINT('Ctrl Pts',(74.0463613038995,-45.4248711305967,17.2608402530642));
#3395=CARTESIAN_POINT('Ctrl Pts',(74.2500000004833,-45.4248711305967,17.275));
#3396=CARTESIAN_POINT('',(74.2500000000186,-45.4248711305967,19.));
#3397=CARTESIAN_POINT('',(71.2499999999922,-45.4248711305959,19.));
#3398=CARTESIAN_POINT('',(74.2500000000186,-45.4248711305967,18.1));
#3399=CARTESIAN_POINT('Origin',(69.1499999999922,-44.2124355652977,19.));
#3400=CARTESIAN_POINT('',(69.1499999999922,-18.4812177827,17.275));
#3401=CARTESIAN_POINT('',(69.1499999999922,-41.7875644347012,19.));
#3402=CARTESIAN_POINT('Origin',(71.7000000000054,-42.9999999999999,19.));
#3403=CARTESIAN_POINT('',(74.2500000000186,-45.4999999999977,19.));
#3404=CARTESIAN_POINT('',(69.9999999999922,-42.9999999999994,19.));
#3405=CARTESIAN_POINT('Origin',(71.2499999999922,-42.9999999999994,19.));
#3406=CARTESIAN_POINT('Origin',(-71.2499999994558,-45.4248711305123,19.));
#3407=CARTESIAN_POINT('',(-74.2500000001645,-45.4248711305217,17.2749999999677));
#3408=CARTESIAN_POINT('',(-73.6409754754859,-45.4248711305198,17.2));
#3409=CARTESIAN_POINT('Ctrl Pts',(-74.2500000006293,-45.4248711305217,17.275));
#3410=CARTESIAN_POINT('Ctrl Pts',(-74.0463613040454,-45.424871130521,17.2608402530642));
#3411=CARTESIAN_POINT('Ctrl Pts',(-73.8424536057703,-45.4248711305204,17.2365064727419));
#3412=CARTESIAN_POINT('Ctrl Pts',(-73.6409754754859,-45.4248711305198,17.2));
#3413=CARTESIAN_POINT('',(-74.2500000001645,-45.4248711305217,19.));
#3414=CARTESIAN_POINT('',(-74.2500000001747,-45.4248711305217,18.1));
#3415=CARTESIAN_POINT('',(-71.2499999994558,-45.4248711305123,19.));
#3416=CARTESIAN_POINT('',(-71.2499999994558,-45.4248711305123,19.));
#3417=CARTESIAN_POINT('',(-71.2499999994558,-45.4248711305123,17.2));
#3418=CARTESIAN_POINT('',(-71.2499999994558,-45.4248711305123,19.));
#3419=CARTESIAN_POINT('',(-71.2499999994558,-45.4248711305123,17.2));
#3420=CARTESIAN_POINT('Origin',(-71.6999999998152,-42.9999999999205,17.2));
#3421=CARTESIAN_POINT('',(-73.6409754754389,-40.5751288693269,17.2));
#3422=CARTESIAN_POINT('Ctrl Pts',(-73.6409754754859,-45.4248711305198,17.2));
#3423=CARTESIAN_POINT('Ctrl Pts',(-73.6409754754703,-43.8082903767888,17.2));
#3424=CARTESIAN_POINT('Ctrl Pts',(-73.6409754754546,-42.1917096230579,17.2));
#3425=CARTESIAN_POINT('Ctrl Pts',(-73.6409754754389,-40.5751288693269,17.2));
#3426=CARTESIAN_POINT('',(-70.325000000353,-44.8908221320299,17.2));
#3427=CARTESIAN_POINT('',(-71.2499999994558,-45.4248711305123,17.2));
#3428=CARTESIAN_POINT('',(-70.3250000003163,-41.109177867823,17.2));
#3429=CARTESIAN_POINT('',(-70.3250000001265,-21.4999999999666,17.2));
#3430=CARTESIAN_POINT('',(-71.2499999994558,-40.5751288693194,17.2));
#3431=CARTESIAN_POINT('',(-69.1499999994558,-41.7875644346176,17.2));
#3432=CARTESIAN_POINT('',(-71.2499999994558,-40.5751288693194,17.2));
#3433=CARTESIAN_POINT('Origin',(-69.1499999994558,-44.2124355652141,19.));
#3434=CARTESIAN_POINT('',(-70.3250000003548,-44.8908221320309,17.275));
#3435=CARTESIAN_POINT('',(-70.3250000003765,-44.8908221320434,18.1374999996541));
#3436=CARTESIAN_POINT('',(-69.1499999994558,-44.2124355652141,19.));
#3437=CARTESIAN_POINT('',(-71.2499999994558,-45.4248711305123,19.));
#3438=CARTESIAN_POINT('',(-69.1499999994558,-44.2124355652141,17.275));
#3439=CARTESIAN_POINT('',(-69.1499999994558,-44.2124355652141,19.));
#3440=CARTESIAN_POINT('',(-32.0768058646901,-22.808216951788,17.275));
#3441=CARTESIAN_POINT('Origin',(-71.2499999994558,-40.5751288693194,19.));
#3442=CARTESIAN_POINT('',(-70.3250000003182,-41.1091778678219,17.275));
#3443=CARTESIAN_POINT('',(-70.3250000003399,-41.1091778678094,18.1375000003124));
#3444=CARTESIAN_POINT('',(-69.1499999994558,-41.7875644346176,17.275));
#3445=CARTESIAN_POINT('',(-54.8856941346932,-50.0230652654414,17.275));
#3446=CARTESIAN_POINT('',(-69.1499999994558,-41.7875644346176,19.));
#3447=CARTESIAN_POINT('',(-69.1499999994558,-41.7875644346176,19.));
#3448=CARTESIAN_POINT('',(-71.2499999994558,-40.5751288693194,19.));
#3449=CARTESIAN_POINT('',(-69.1499999994558,-41.7875644346176,19.));
#3450=CARTESIAN_POINT('',(-71.2499999994558,-40.5751288693194,19.));
#3451=CARTESIAN_POINT('Origin',(-74.2500000001176,-40.5751288693288,19.));
#3452=CARTESIAN_POINT('',(-74.2500000001176,-40.5751288693288,17.2749999999677));
#3453=CARTESIAN_POINT('Ctrl Pts',(-73.6409754754389,-40.5751288693269,17.2));
#3454=CARTESIAN_POINT('Ctrl Pts',(-73.8424536057233,-40.5751288693276,17.2365064727419));
#3455=CARTESIAN_POINT('Ctrl Pts',(-74.0463613039984,-40.5751288693282,17.2608402530642));
#3456=CARTESIAN_POINT('Ctrl Pts',(-74.2500000005823,-40.5751288693288,17.275));
#3457=CARTESIAN_POINT('',(-74.2500000001176,-40.5751288693288,19.));
#3458=CARTESIAN_POINT('',(-71.2499999994558,-40.5751288693194,19.));
#3459=CARTESIAN_POINT('',(-74.2500000001467,-40.5751288693288,18.1));
#3460=CARTESIAN_POINT('Origin',(-69.1499999994558,-41.7875644346176,19.));
#3461=CARTESIAN_POINT('',(-69.1499999994558,-17.26878221736,17.275));
#3462=CARTESIAN_POINT('',(-69.1499999994558,-44.2124355652141,19.));
#3463=CARTESIAN_POINT('Origin',(-71.6999999998152,-42.9999999999205,19.));
#3464=CARTESIAN_POINT('',(-74.2499999999562,-7.4781683981731,19.));
#3465=CARTESIAN_POINT('',(-72.4999999994558,-42.9999999999159,19.));
#3466=CARTESIAN_POINT('Origin',(-71.2499999994558,-42.9999999999159,19.));
#3467=CARTESIAN_POINT('Origin',(71.2499999999922,30.4685343335563,19.));
#3468=CARTESIAN_POINT('',(74.0384009225077,30.4685343335563,17.2749999999677));
#3469=CARTESIAN_POINT('',(73.4195946855049,30.4685343335563,17.2));
#3470=CARTESIAN_POINT('Ctrl Pts',(74.0384009229795,30.4685343335563,17.275));
#3471=CARTESIAN_POINT('Ctrl Pts',(73.8315410554328,30.4685343335563,17.260833672018));
#3472=CARTESIAN_POINT('Ctrl Pts',(73.6243715088685,30.4685343335563,17.2364907641118));
#3473=CARTESIAN_POINT('Ctrl Pts',(73.4195946855049,30.4685343335563,17.2));
#3474=CARTESIAN_POINT('',(74.0384009225077,30.4685343335563,19.));
#3475=CARTESIAN_POINT('',(74.0384009225077,30.4685343335563,17.2));
#3476=CARTESIAN_POINT('',(71.2499999999922,30.4685343335563,19.));
#3477=CARTESIAN_POINT('',(71.2499999999922,30.4685343335563,19.));
#3478=CARTESIAN_POINT('',(71.2499999999922,30.4685343335563,17.2));
#3479=CARTESIAN_POINT('',(71.2499999999922,30.4685343335563,19.));
#3480=CARTESIAN_POINT('',(71.2499999999922,30.4685343335563,17.2));
#3481=CARTESIAN_POINT('Origin',(71.6999999999927,28.0436632029581,17.2));
#3482=CARTESIAN_POINT('',(73.6409754753136,28.0436632029668,17.2));
#3483=CARTESIAN_POINT('Ctrl Pts',(73.4195946855049,30.4685343335563,17.2));
#3484=CARTESIAN_POINT('Ctrl Pts',(73.5668115073097,29.6689925147777,17.2));
#3485=CARTESIAN_POINT('Ctrl Pts',(73.6409754753137,28.8573503165649,17.2));
#3486=CARTESIAN_POINT('Ctrl Pts',(73.6409754753136,28.0436632029668,17.2));
#3487=CARTESIAN_POINT('',(69.1499999999922,29.256098768258,17.2));
#3488=CARTESIAN_POINT('',(71.2499999999922,30.4685343335563,17.2));
#3489=CARTESIAN_POINT('',(69.1499999999922,26.8312276376616,17.2));
#3490=CARTESIAN_POINT('',(69.1499999999922,29.256098768258,17.2));
#3491=CARTESIAN_POINT('',(71.2499999999922,25.6187920723634,17.2));
#3492=CARTESIAN_POINT('',(69.1499999999922,26.8312276376616,17.2));
#3493=CARTESIAN_POINT('',(73.6409754753145,25.6187920723606,17.2));
#3494=CARTESIAN_POINT('',(71.2499999999922,25.6187920723634,17.2));
#3495=CARTESIAN_POINT('Ctrl Pts',(73.6409754753136,28.0436632029668,17.2));
#3496=CARTESIAN_POINT('Ctrl Pts',(73.6409754753139,27.2353728260981,17.2));
#3497=CARTESIAN_POINT('Ctrl Pts',(73.6409754753142,26.4270824492293,17.2));
#3498=CARTESIAN_POINT('Ctrl Pts',(73.6409754753145,25.6187920723606,17.2));
#3499=CARTESIAN_POINT('Origin',(69.1499999999922,26.8312276376616,19.));
#3500=CARTESIAN_POINT('',(69.1499999999922,29.256098768258,19.));
#3501=CARTESIAN_POINT('',(69.1499999999922,26.8312276376616,19.));
#3502=CARTESIAN_POINT('',(69.1499999999922,29.256098768258,19.));
#3503=CARTESIAN_POINT('',(69.1499999999922,26.8312276376616,19.));
#3504=CARTESIAN_POINT('',(69.1499999999922,29.256098768258,19.));
#3505=CARTESIAN_POINT('Origin',(71.2499999999922,25.6187920723634,19.));
#3506=CARTESIAN_POINT('',(71.2499999999922,25.6187920723634,19.));
#3507=CARTESIAN_POINT('',(69.1499999999922,26.8312276376616,19.));
#3508=CARTESIAN_POINT('',(71.2499999999922,25.6187920723634,19.));
#3509=CARTESIAN_POINT('Origin',(74.2499999999931,25.6187920723599,19.));
#3510=CARTESIAN_POINT('',(74.2499999999931,25.6187920723599,17.2749999999677));
#3511=CARTESIAN_POINT('Ctrl Pts',(73.6409754753016,25.6187920723606,17.1999999999976));
#3512=CARTESIAN_POINT('Ctrl Pts',(73.7634144379554,25.6187920723613,17.2221851108403));
#3513=CARTESIAN_POINT('Ctrl Pts',(73.8888608528627,25.618792072362,17.2402611088796));
#3514=CARTESIAN_POINT('Ctrl Pts',(74.0172801858731,25.6187920723628,17.2542751784783));
#3515=CARTESIAN_POINT('Ctrl Pts',(74.0937981118208,25.6187920723632,17.26262538179));
#3516=CARTESIAN_POINT('Ctrl Pts',(74.1713720744649,25.6187920723637,17.2695327113519));
#3517=CARTESIAN_POINT('Ctrl Pts',(74.2500000004578,25.6187920723642,17.275));
#3518=CARTESIAN_POINT('',(74.2499999999931,25.6187920723599,19.));
#3519=CARTESIAN_POINT('',(71.2499999999922,25.6187920723634,19.));
#3520=CARTESIAN_POINT('',(74.2499999999931,25.6187920723599,18.1));
#3521=CARTESIAN_POINT('Origin',(69.1499999999922,29.256098768258,19.));
#3522=CARTESIAN_POINT('',(71.2499999999922,30.4685343335563,19.));
#3523=CARTESIAN_POINT('Origin',(71.6999999999927,28.0436632029581,19.));
#3524=CARTESIAN_POINT('',(74.2499999999922,28.0436632029704,19.));
#3525=CARTESIAN_POINT('Origin',(60.2500000000214,28.0436632029674,19.));
#3526=CARTESIAN_POINT('',(74.2500000000059,-9.97816839851871,19.));
#3527=CARTESIAN_POINT('',(69.9999999999922,28.0436632029598,19.));
#3528=CARTESIAN_POINT('Origin',(71.2499999999922,28.0436632029598,19.));
#3529=CARTESIAN_POINT('Ctrl Pts',(-70.2499999994916,28.0436632035597,11.0137765957115));
#3530=CARTESIAN_POINT('Ctrl Pts',(-70.2499999994758,31.328291847538,11.0137765957115));
#3531=CARTESIAN_POINT('Ctrl Pts',(-68.3023686942126,33.9731959341924,11.0137765957115));
#3532=CARTESIAN_POINT('Ctrl Pts',(-70.2509389845176,28.0436632035597,11.2115158039697));
#3533=CARTESIAN_POINT('Ctrl Pts',(-70.2509389845019,31.3286002692493,11.2115158039697));
#3534=CARTESIAN_POINT('Ctrl Pts',(-68.3031247995755,33.973752708437,11.2115158039697));
#3535=CARTESIAN_POINT('Ctrl Pts',(-70.2582111426292,28.0436632035597,11.6390764571602));
#3536=CARTESIAN_POINT('Ctrl Pts',(-70.2582111426134,31.3309889031329,11.6390764571602));
#3537=CARTESIAN_POINT('Ctrl Pts',(-68.3089806094075,33.9780647583915,11.6390764571602));
#3538=CARTESIAN_POINT('Ctrl Pts',(-70.2871762183292,28.0436632035597,12.2754723791451));
#3539=CARTESIAN_POINT('Ctrl Pts',(-70.2871762183134,31.3405028548649,12.2754723791451));
#3540=CARTESIAN_POINT('Ctrl Pts',(-68.3323043562883,33.9952396948324,12.2754723791451));
#3541=CARTESIAN_POINT('Ctrl Pts',(-70.364072770702,28.0436632035597,13.0848535580639));
#3542=CARTESIAN_POINT('Ctrl Pts',(-70.3640727706863,31.3657605167196,13.0848535580639));
#3543=CARTESIAN_POINT('Ctrl Pts',(-68.3942242953944,34.0408357572493,13.0848535580639));
#3544=CARTESIAN_POINT('Ctrl Pts',(-70.5296760091911,28.0436632035597,14.0115084078549));
#3545=CARTESIAN_POINT('Ctrl Pts',(-70.5296760091754,31.4201550307874,14.0115084078549));
#3546=CARTESIAN_POINT('Ctrl Pts',(-68.5275741287302,34.1390307395416,14.0115084078549));
#3547=CARTESIAN_POINT('Ctrl Pts',(-70.7825015732212,28.0436632035597,14.8584428724255));
#3548=CARTESIAN_POINT('Ctrl Pts',(-70.7825015732054,31.5031988397418,14.8584428724255));
#3549=CARTESIAN_POINT('Ctrl Pts',(-68.731158594433,34.2889444852478,14.8584428724255));
#3550=CARTESIAN_POINT('Ctrl Pts',(-71.1250620893672,28.0436632035597,15.5827715533048));
#3551=CARTESIAN_POINT('Ctrl Pts',(-71.1250620893514,31.6157172481049,15.5827715533048));
#3552=CARTESIAN_POINT('Ctrl Pts',(-69.00700095206,34.4920668645194,15.5827715533048));
#3553=CARTESIAN_POINT('Ctrl Pts',(-71.5641479125034,28.0436632035597,16.1752167190958));
#3554=CARTESIAN_POINT('Ctrl Pts',(-71.5641479124877,31.759940635289,16.1752167190958));
#3555=CARTESIAN_POINT('Ctrl Pts',(-69.3605690457129,34.7524242405046,16.1752167190958));
#3556=CARTESIAN_POINT('Ctrl Pts',(-72.1000257594881,28.0436632035597,16.63541395181));
#3557=CARTESIAN_POINT('Ctrl Pts',(-72.1000257594723,31.9359566078772,16.63541395181));
#3558=CARTESIAN_POINT('Ctrl Pts',(-69.7920776456396,35.0701747638372,16.63541395181));
#3559=CARTESIAN_POINT('Ctrl Pts',(-72.727107979697,28.0436632035597,16.9709977156842));
#3560=CARTESIAN_POINT('Ctrl Pts',(-72.7271079796812,32.1419298301403,16.9709977156842));
#3561=CARTESIAN_POINT('Ctrl Pts',(-70.2970273695438,35.442005218791,16.9709977156842));
#3562=CARTESIAN_POINT('Ctrl Pts',(-73.2966022065065,28.0436632035597,17.146790020268));
#3563=CARTESIAN_POINT('Ctrl Pts',(-73.2966022064908,32.3289875351365,17.146790020268));
#3564=CARTESIAN_POINT('Ctrl Pts',(-70.7556051179238,35.7796886845695,17.146790020268));
#3565=CARTESIAN_POINT('Ctrl Pts',(-73.7595802556163,28.0436632035597,17.2296419446755));
#3566=CARTESIAN_POINT('Ctrl Pts',(-73.7595802556005,32.4810586313006,17.2296419446755));
#3567=CARTESIAN_POINT('Ctrl Pts',(-71.1284121128244,36.0542130341464,17.2296419446755));
#3568=CARTESIAN_POINT('Ctrl Pts',(-74.0839133367763,28.0436632035597,17.2634513839513));
#3569=CARTESIAN_POINT('Ctrl Pts',(-74.0839133367606,32.5875900041576,17.2634513839513));
#3570=CARTESIAN_POINT('Ctrl Pts',(-71.3895770677648,36.2465273961836,17.2634513839513));
#3571=CARTESIAN_POINT('Ctrl Pts',(-74.249999999918,28.0436632035597,17.275));
#3572=CARTESIAN_POINT('Ctrl Pts',(-74.2499999999022,32.6421433052715,17.275));
#3573=CARTESIAN_POINT('Ctrl Pts',(-71.5233161724545,36.3450090267059,17.275));
#3574=CARTESIAN_POINT('',(-71.5233161720803,36.3450090264303,17.275));
#3575=CARTESIAN_POINT('Origin',(-60.2499999995077,28.0436632035117,17.275));
#3576=CARTESIAN_POINT('',(-68.3023686942126,33.9731959341924,11.0137765957105));
#3577=CARTESIAN_POINT('Ctrl Pts',(-68.3023686942126,33.9731959341924,11.0137765957115));
#3578=CARTESIAN_POINT('Ctrl Pts',(-68.3031247995754,33.973752708437,11.2115158039697));
#3579=CARTESIAN_POINT('Ctrl Pts',(-68.3089806094075,33.9780647583915,11.6390764571602));
#3580=CARTESIAN_POINT('Ctrl Pts',(-68.3323043562883,33.9952396948324,12.2754723791451));
#3581=CARTESIAN_POINT('Ctrl Pts',(-68.3942242953944,34.0408357572493,13.0848535580639));
#3582=CARTESIAN_POINT('Ctrl Pts',(-68.5275741287302,34.1390307395416,14.0115084078549));
#3583=CARTESIAN_POINT('Ctrl Pts',(-68.7311585944329,34.2889444852477,14.8584428724255));
#3584=CARTESIAN_POINT('Ctrl Pts',(-69.00700095206,34.4920668645194,15.5827715533048));
#3585=CARTESIAN_POINT('Ctrl Pts',(-69.3605690457129,34.7524242405046,16.1752167190958));
#3586=CARTESIAN_POINT('Ctrl Pts',(-69.7920776456396,35.0701747638372,16.63541395181));
#3587=CARTESIAN_POINT('Ctrl Pts',(-70.2970273695438,35.442005218791,16.9709977156842));
#3588=CARTESIAN_POINT('Ctrl Pts',(-70.7556051179238,35.7796886845695,17.146790020268));
#3589=CARTESIAN_POINT('Ctrl Pts',(-71.1284121128244,36.0542130341464,17.2296419446755));
#3590=CARTESIAN_POINT('Ctrl Pts',(-71.3895770677648,36.2465273961836,17.2634513839513));
#3591=CARTESIAN_POINT('Ctrl Pts',(-71.5233161724545,36.3450090267059,17.275));
#3592=CARTESIAN_POINT('',(-70.2499999994916,28.0436632035597,11.0137765957105));
#3593=CARTESIAN_POINT('Origin',(-60.2499999995076,28.0436632035116,11.0137765957105));
#3594=CARTESIAN_POINT('Ctrl Pts',(-70.2499999994916,28.0436632035597,11.0137765957115));
#3595=CARTESIAN_POINT('Ctrl Pts',(-70.2509389845176,28.0436632035597,11.2115158039697));
#3596=CARTESIAN_POINT('Ctrl Pts',(-70.2582111426292,28.0436632035597,11.6390764571602));
#3597=CARTESIAN_POINT('Ctrl Pts',(-70.2871762183292,28.0436632035597,12.2754723791451));
#3598=CARTESIAN_POINT('Ctrl Pts',(-70.364072770702,28.0436632035597,13.0848535580639));
#3599=CARTESIAN_POINT('Ctrl Pts',(-70.5296760091911,28.0436632035597,14.0115084078549));
#3600=CARTESIAN_POINT('Ctrl Pts',(-70.7825015732212,28.0436632035597,14.8584428724255));
#3601=CARTESIAN_POINT('Ctrl Pts',(-71.1250620893672,28.0436632035597,15.5827715533048));
#3602=CARTESIAN_POINT('Ctrl Pts',(-71.5641479125034,28.0436632035597,16.1752167190958));
#3603=CARTESIAN_POINT('Ctrl Pts',(-72.1000257594881,28.0436632035597,16.63541395181));
#3604=CARTESIAN_POINT('Ctrl Pts',(-72.6316954243621,28.0436632035597,16.9199375781006));
#3605=CARTESIAN_POINT('Ctrl Pts',(-73.082429854166,28.0436632035597,17.076569320416));
#3606=CARTESIAN_POINT('Ctrl Pts',(-73.4143174450166,28.0436632035597,17.1571081912652));
#3607=CARTESIAN_POINT('Ctrl Pts',(-73.6041088461841,28.0436632035597,17.1933200165704));
#3608=CARTESIAN_POINT('Ctrl Pts',(-73.6409754747746,28.0436632035597,17.2));
#3609=CARTESIAN_POINT('Origin',(70.3250000001877,28.043663202947,17.2749999999981));
#3610=CARTESIAN_POINT('',(70.3250000002121,-39.925,17.275));
#3611=CARTESIAN_POINT('',(70.3250000001915,17.6468316014349,17.275));
#3612=CARTESIAN_POINT('',(70.3250000000942,-39.925,12.5767267619477));
#3613=CARTESIAN_POINT('',(70.3250000002112,-39.925,17.2374999999981));
#3614=CARTESIAN_POINT('',(70.3250000000971,-48.0000000000194,12.5767267619477));
#3615=CARTESIAN_POINT('Ctrl Pts',(70.3250000000971,-48.0000000000194,12.5767267619477));
#3616=CARTESIAN_POINT('Ctrl Pts',(70.3250000000961,-45.3083333333463,12.5767267619477));
#3617=CARTESIAN_POINT('Ctrl Pts',(70.3250000000952,-42.6166666666731,12.5767267619477));
#3618=CARTESIAN_POINT('Ctrl Pts',(70.3250000000942,-39.925,12.5767267619477));
#3619=CARTESIAN_POINT('',(70.325000000215,-48.0000000000194,17.275));
#3620=CARTESIAN_POINT('',(70.3250000001757,-48.0000000000194,15.7096941489503));
#3621=CARTESIAN_POINT('',(70.3250000001915,17.6468316014349,17.275));
#3622=CARTESIAN_POINT('Ctrl Pts',(-70.2500000002954,-47.999999999974,10.816514740443));
#3623=CARTESIAN_POINT('Ctrl Pts',(-70.2499999995592,28.0436632035597,10.816514740443));
#3624=CARTESIAN_POINT('Ctrl Pts',(-70.2488751256606,-47.999999999974,11.0565261923168));
#3625=CARTESIAN_POINT('Ctrl Pts',(-70.2488751249244,28.0436632035597,11.0565261923168));
#3626=CARTESIAN_POINT('Ctrl Pts',(-70.2534241051781,-47.999999999974,11.5272599233303));
#3627=CARTESIAN_POINT('Ctrl Pts',(-70.2534241044419,28.0436632035597,11.5272599233303));
#3628=CARTESIAN_POINT('Ctrl Pts',(-70.2806424053069,-47.999999999974,12.2054948536938));
#3629=CARTESIAN_POINT('Ctrl Pts',(-70.2806424045707,28.0436632035597,12.2054948536938));
#3630=CARTESIAN_POINT('Ctrl Pts',(-70.3584059090414,-47.999999999974,13.0531438791289));
#3631=CARTESIAN_POINT('Ctrl Pts',(-70.3584059083052,28.0436632035597,13.0531438791289));
#3632=CARTESIAN_POINT('Ctrl Pts',(-70.5296760099274,-47.999999999974,14.0115084078549));
#3633=CARTESIAN_POINT('Ctrl Pts',(-70.5296760091911,28.0436632035597,14.0115084078549));
#3634=CARTESIAN_POINT('Ctrl Pts',(-70.7825015739574,-47.999999999974,14.8584428724255));
#3635=CARTESIAN_POINT('Ctrl Pts',(-70.7825015732212,28.0436632035597,14.8584428724255));
#3636=CARTESIAN_POINT('Ctrl Pts',(-71.1250620901034,-47.999999999974,15.5827715533048));
#3637=CARTESIAN_POINT('Ctrl Pts',(-71.1250620893672,28.0436632035597,15.5827715533048));
#3638=CARTESIAN_POINT('Ctrl Pts',(-71.5641479132397,-47.999999999974,16.1752167190958));
#3639=CARTESIAN_POINT('Ctrl Pts',(-71.5641479125034,28.0436632035597,16.1752167190958));
#3640=CARTESIAN_POINT('Ctrl Pts',(-72.1000257602243,-47.999999999974,16.63541395181));
#3641=CARTESIAN_POINT('Ctrl Pts',(-72.1000257594881,28.0436632035597,16.63541395181));
#3642=CARTESIAN_POINT('Ctrl Pts',(-72.7271079804332,-47.999999999974,16.9709977156842));
#3643=CARTESIAN_POINT('Ctrl Pts',(-72.727107979697,28.0436632035597,16.9709977156842));
#3644=CARTESIAN_POINT('Ctrl Pts',(-73.2966022072428,-47.999999999974,17.146790020268));
#3645=CARTESIAN_POINT('Ctrl Pts',(-73.2966022065065,28.0436632035597,17.146790020268));
#3646=CARTESIAN_POINT('Ctrl Pts',(-73.7595802563525,-47.999999999974,17.2296419446755));
#3647=CARTESIAN_POINT('Ctrl Pts',(-73.7595802556163,28.0436632035597,17.2296419446755));
#3648=CARTESIAN_POINT('Ctrl Pts',(-74.0839133375125,-47.999999999974,17.2634513839513));
#3649=CARTESIAN_POINT('Ctrl Pts',(-74.0839133367763,28.0436632035597,17.2634513839513));
#3650=CARTESIAN_POINT('Ctrl Pts',(-74.2500000006542,-47.999999999974,17.275));
#3651=CARTESIAN_POINT('Ctrl Pts',(-74.249999999918,28.0436632035597,17.275));
#3652=CARTESIAN_POINT('Ctrl Pts',(-78.1522368160058,-47.999999999974,17.5463368663021));
#3653=CARTESIAN_POINT('Ctrl Pts',(-78.1522368152696,28.0436632035597,17.5463368663021));
#3654=CARTESIAN_POINT('Ctrl Pts',(-82.0544736313574,-47.999999999974,17.8176737326043));
#3655=CARTESIAN_POINT('Ctrl Pts',(-82.0544736306212,28.0436632035597,17.8176737326043));
#3656=CARTESIAN_POINT('Ctrl Pts',(-85.9567104467089,-47.999999999974,18.0890105989064));
#3657=CARTESIAN_POINT('Ctrl Pts',(-85.9567104459727,28.0436632035597,18.0890105989064));
#3658=CARTESIAN_POINT('Ctrl Pts',(-89.8589472620605,-47.999999999974,18.3603474652085));
#3659=CARTESIAN_POINT('Ctrl Pts',(-89.8589472613243,28.0436632035597,18.3603474652085));
#3660=CARTESIAN_POINT('Ctrl Pts',(-93.7611840774121,-47.999999999974,18.6316843315107));
#3661=CARTESIAN_POINT('Ctrl Pts',(-93.7611840766759,28.0436632035597,18.6316843315107));
#3662=CARTESIAN_POINT('',(-70.2499999999202,-39.925,11.0137765474043));
#3663=CARTESIAN_POINT('',(-70.2499999997631,0.,11.0137765957115));
#3664=CARTESIAN_POINT('',(-70.3250000001888,-39.925,12.5767267619475));
#3665=CARTESIAN_POINT('Ctrl Pts',(-70.2499999999201,-39.925,11.0137765473758));
#3666=CARTESIAN_POINT('Ctrl Pts',(-70.2509096092414,-39.925,11.2053296726778));
#3667=CARTESIAN_POINT('Ctrl Pts',(-70.2544845691274,-39.925,11.3932411022208));
#3668=CARTESIAN_POINT('Ctrl Pts',(-70.2607509822559,-39.925,11.5774751716483));
#3669=CARTESIAN_POINT('Ctrl Pts',(-70.267111228394,-39.925,11.7644679543668));
#3670=CARTESIAN_POINT('Ctrl Pts',(-70.2762441205377,-39.925,11.9476724424668));
#3671=CARTESIAN_POINT('Ctrl Pts',(-70.2882091079751,-39.925,12.127007409777));
#3672=CARTESIAN_POINT('Ctrl Pts',(-70.2983996443503,-39.925,12.2797463505632));
#3673=CARTESIAN_POINT('Ctrl Pts',(-70.3106451652001,-39.925,12.4296775450263));
#3674=CARTESIAN_POINT('Ctrl Pts',(-70.3250000001925,-39.925,12.5767267619849));
#3675=CARTESIAN_POINT('',(-70.325000000267,-47.9999999999353,12.5767267619476));
#3676=CARTESIAN_POINT('Ctrl Pts',(-70.3250000001888,-39.925,12.5767267619476));
#3677=CARTESIAN_POINT('Ctrl Pts',(-70.3250000002149,-42.616666666658,12.5767267619476));
#3678=CARTESIAN_POINT('Ctrl Pts',(-70.3250000002409,-45.308333333316,12.5767267619476));
#3679=CARTESIAN_POINT('Ctrl Pts',(-70.325000000267,-47.999999999974,12.5767267619476));
#3680=CARTESIAN_POINT('',(-74.2500000001895,-47.9999999999353,17.275));
#3681=CARTESIAN_POINT('Ctrl Pts',(-74.2500000006542,-47.999999999974,17.275));
#3682=CARTESIAN_POINT('Ctrl Pts',(-74.0839133375125,-47.999999999974,17.2634513839513));
#3683=CARTESIAN_POINT('Ctrl Pts',(-73.7595802563525,-47.999999999974,17.2296419446755));
#3684=CARTESIAN_POINT('Ctrl Pts',(-73.2966022072428,-47.999999999974,17.146790020268));
#3685=CARTESIAN_POINT('Ctrl Pts',(-72.7271079804332,-47.999999999974,16.9709977156842));
#3686=CARTESIAN_POINT('Ctrl Pts',(-72.1000257602243,-47.999999999974,16.63541395181));
#3687=CARTESIAN_POINT('Ctrl Pts',(-71.5641479132397,-47.999999999974,16.1752167190958));
#3688=CARTESIAN_POINT('Ctrl Pts',(-71.1250620901034,-47.999999999974,15.5827715533048));
#3689=CARTESIAN_POINT('Ctrl Pts',(-70.7825015739574,-47.999999999974,14.8584428724255));
#3690=CARTESIAN_POINT('Ctrl Pts',(-70.5581020531843,-47.999999999974,14.1067321476615));
#3691=CARTESIAN_POINT('Ctrl Pts',(-70.4324616024002,-47.999999999974,13.4585604187637));
#3692=CARTESIAN_POINT('Ctrl Pts',(-70.3657933497031,-47.999999999974,12.968288896105));
#3693=CARTESIAN_POINT('Ctrl Pts',(-70.3339931332082,-47.999999999974,12.6688513428118));
#3694=CARTESIAN_POINT('Ctrl Pts',(-70.325000000267,-47.999999999974,12.5767267619476));
#3695=CARTESIAN_POINT('',(-74.2499999998116,17.6468316019423,17.275));
#3696=CARTESIAN_POINT('',(-74.2499999998116,17.6468316019423,17.275));
#3697=CARTESIAN_POINT('Origin',(-74.2499999997518,28.0436632035597,17.2));
#3698=CARTESIAN_POINT('',(-74.2500000001895,-47.9999999999353,20.2));
#3699=CARTESIAN_POINT('',(-74.2500000001895,-47.9999999999353,17.2));
#3700=CARTESIAN_POINT('',(-74.2499999997518,28.0436632035597,20.2));
#3701=CARTESIAN_POINT('',(-74.2499999997518,28.0436632035597,20.2));
#3702=CARTESIAN_POINT('',(-74.2499999997518,28.0436632035597,17.2));
#3703=CARTESIAN_POINT('Origin',(-70.3249999999202,7.26095528328139E-13,
17.2749999999981));
#3704=CARTESIAN_POINT('',(-70.3250000003849,-47.9999999999353,17.275));
#3705=CARTESIAN_POINT('',(-70.3249999998851,3.62500000028957,17.275));
#3706=CARTESIAN_POINT('',(-70.3250000003456,-47.9999999999353,15.7096941489503));
#3707=CARTESIAN_POINT('',(-70.3250000003068,-39.925,17.275));
#3708=CARTESIAN_POINT('',(-70.3250000003058,-39.925,17.237499999974));
#3709=CARTESIAN_POINT('',(-70.3249999998851,3.62500000028957,17.275));
#3710=CARTESIAN_POINT('Origin',(60.2500000000214,28.0436632029674,17.2));
#3711=CARTESIAN_POINT('',(71.5233161727089,36.3450090257726,17.275));
#3712=CARTESIAN_POINT('Origin',(60.2500000000214,28.0436632029674,17.275));
#3713=CARTESIAN_POINT('',(71.5233161727089,36.3450090257726,20.2));
#3714=CARTESIAN_POINT('',(71.5233161727089,36.3450090257726,17.2));
#3715=CARTESIAN_POINT('',(74.2499999999922,28.0436632029704,20.2));
#3716=CARTESIAN_POINT('Origin',(60.2500000000214,28.0436632029674,20.2));
#3717=CARTESIAN_POINT('',(74.2499999999922,28.0436632029704,17.2));
#3718=CARTESIAN_POINT('Ctrl Pts',(68.3023686948357,33.9731959335422,11.0137765957115));
#3719=CARTESIAN_POINT('Ctrl Pts',(70.2500000000373,31.3282918468883,11.0137765957115));
#3720=CARTESIAN_POINT('Ctrl Pts',(70.2500000000306,28.043663202947,11.0137765957115));
#3721=CARTESIAN_POINT('Ctrl Pts',(68.3031248001986,33.9737527077867,11.2115158039697));
#3722=CARTESIAN_POINT('Ctrl Pts',(70.2509389850633,31.3286002685995,11.2115158039697));
#3723=CARTESIAN_POINT('Ctrl Pts',(70.2509389850566,28.043663202947,11.2115158039697));
#3724=CARTESIAN_POINT('Ctrl Pts',(68.3089806100307,33.9780647577412,11.6390764571602));
#3725=CARTESIAN_POINT('Ctrl Pts',(70.2582111431749,31.3309889024832,11.6390764571602));
#3726=CARTESIAN_POINT('Ctrl Pts',(70.2582111431682,28.043663202947,11.6390764571602));
#3727=CARTESIAN_POINT('Ctrl Pts',(68.3323043569115,33.995239694182,12.2754723791451));
#3728=CARTESIAN_POINT('Ctrl Pts',(70.2871762188748,31.3405028542152,12.2754723791451));
#3729=CARTESIAN_POINT('Ctrl Pts',(70.2871762188682,28.0436632029472,12.2754723791451));
#3730=CARTESIAN_POINT('Ctrl Pts',(68.3942242960177,34.0408357565988,13.0848535580639));
#3731=CARTESIAN_POINT('Ctrl Pts',(70.3640727712475,31.36576051607,13.0848535580639));
#3732=CARTESIAN_POINT('Ctrl Pts',(70.364072771241,28.0436632029476,13.0848535580639));
#3733=CARTESIAN_POINT('Ctrl Pts',(68.5275741293538,34.1390307388908,14.0115084078549));
#3734=CARTESIAN_POINT('Ctrl Pts',(70.5296760097363,31.420155030138,14.0115084078549));
#3735=CARTESIAN_POINT('Ctrl Pts',(70.5296760097301,28.0436632029486,14.0115084078549));
#3736=CARTESIAN_POINT('Ctrl Pts',(68.7311585950569,34.2889444845965,14.8584428724255));
#3737=CARTESIAN_POINT('Ctrl Pts',(70.7825015737659,31.5031988390928,14.8584428724255));
#3738=CARTESIAN_POINT('Ctrl Pts',(70.7825015737602,28.0436632029501,14.8584428724255));
#3739=CARTESIAN_POINT('Ctrl Pts',(69.0070009526843,34.4920668638675,15.5827715533048));
#3740=CARTESIAN_POINT('Ctrl Pts',(71.1250620899112,31.6157172474564,15.5827715533048));
#3741=CARTESIAN_POINT('Ctrl Pts',(71.1250620899062,28.0436632029521,15.5827715533048));
#3742=CARTESIAN_POINT('Ctrl Pts',(69.3605690463379,34.7524242398518,16.1752167190958));
#3743=CARTESIAN_POINT('Ctrl Pts',(71.5641479130466,31.759940634641,16.1752167190958));
#3744=CARTESIAN_POINT('Ctrl Pts',(71.5641479130424,28.0436632029546,16.1752167190958));
#3745=CARTESIAN_POINT('Ctrl Pts',(69.7920776462653,35.0701747631835,16.63541395181));
#3746=CARTESIAN_POINT('Ctrl Pts',(72.1000257600302,31.9359566072299,16.63541395181));
#3747=CARTESIAN_POINT('Ctrl Pts',(72.1000257600271,28.0436632029578,16.63541395181));
#3748=CARTESIAN_POINT('Ctrl Pts',(70.2970273701704,35.4420052181361,16.9709977156842));
#3749=CARTESIAN_POINT('Ctrl Pts',(72.7271079802379,32.1419298294938,16.9709977156842));
#3750=CARTESIAN_POINT('Ctrl Pts',(72.7271079802359,28.0436632029614,16.9709977156842));
#3751=CARTESIAN_POINT('Ctrl Pts',(70.7556051185512,35.7796886839135,17.146790020268));
#3752=CARTESIAN_POINT('Ctrl Pts',(73.2966022070464,32.3289875344908,17.146790020268));
#3753=CARTESIAN_POINT('Ctrl Pts',(73.2966022070455,28.0436632029648,17.146790020268));
#3754=CARTESIAN_POINT('Ctrl Pts',(71.1284121134524,36.0542130334896,17.2296419446755));
#3755=CARTESIAN_POINT('Ctrl Pts',(73.7595802561552,32.4810586306555,17.2296419446755));
#3756=CARTESIAN_POINT('Ctrl Pts',(73.7595802561553,28.0436632029675,17.2296419446755));
#3757=CARTESIAN_POINT('Ctrl Pts',(71.3895770683933,36.2465273955262,17.2634513839513));
#3758=CARTESIAN_POINT('Ctrl Pts',(74.0839133373147,32.5875900035129,17.2634513839513));
#3759=CARTESIAN_POINT('Ctrl Pts',(74.0839133373153,28.0436632029694,17.2634513839513));
#3760=CARTESIAN_POINT('Ctrl Pts',(71.5233161730831,36.3450090260482,17.275));
#3761=CARTESIAN_POINT('Ctrl Pts',(74.250000000456,32.642143304627,17.275));
#3762=CARTESIAN_POINT('Ctrl Pts',(74.2500000004569,28.0436632029704,17.275));
#3763=CARTESIAN_POINT('',(70.2500000000306,28.0436632029469,11.0137765957105));
#3764=CARTESIAN_POINT('Ctrl Pts',(70.2500000000306,28.0436632029469,11.0137765957115));
#3765=CARTESIAN_POINT('Ctrl Pts',(70.2509389850566,28.043663202947,11.2115158039697));
#3766=CARTESIAN_POINT('Ctrl Pts',(70.2582111431682,28.043663202947,11.6390764571602));
#3767=CARTESIAN_POINT('Ctrl Pts',(70.2871762188682,28.0436632029472,12.2754723791451));
#3768=CARTESIAN_POINT('Ctrl Pts',(70.364072771241,28.0436632029476,13.0848535580639));
#3769=CARTESIAN_POINT('Ctrl Pts',(70.5296760097301,28.0436632029486,14.0115084078549));
#3770=CARTESIAN_POINT('Ctrl Pts',(70.7825015737602,28.0436632029501,14.8584428724255));
#3771=CARTESIAN_POINT('Ctrl Pts',(71.1250620899062,28.0436632029521,15.5827715533048));
#3772=CARTESIAN_POINT('Ctrl Pts',(71.5641479130424,28.0436632029546,16.1752167190958));
#3773=CARTESIAN_POINT('Ctrl Pts',(72.1000257600271,28.0436632029578,16.63541395181));
#3774=CARTESIAN_POINT('Ctrl Pts',(72.6316954249011,28.0436632029609,16.9199375781006));
#3775=CARTESIAN_POINT('Ctrl Pts',(73.082429854705,28.0436632029635,17.076569320416));
#3776=CARTESIAN_POINT('Ctrl Pts',(73.4143174455556,28.0436632029655,17.1571081912652));
#3777=CARTESIAN_POINT('Ctrl Pts',(73.6041088467231,28.0436632029666,17.1933200165704));
#3778=CARTESIAN_POINT('Ctrl Pts',(73.6409754753136,28.0436632029668,17.2));
#3779=CARTESIAN_POINT('',(68.3023686948357,33.9731959335422,11.0137765957105));
#3780=CARTESIAN_POINT('Origin',(60.2500000000213,28.0436632029674,11.0137765957115));
#3781=CARTESIAN_POINT('Ctrl Pts',(68.3023686948357,33.9731959335422,11.0137765957115));
#3782=CARTESIAN_POINT('Ctrl Pts',(68.3031248001986,33.9737527077867,11.2115158039697));
#3783=CARTESIAN_POINT('Ctrl Pts',(68.3089806100307,33.9780647577412,11.6390764571602));
#3784=CARTESIAN_POINT('Ctrl Pts',(68.3323043569115,33.995239694182,12.2754723791451));
#3785=CARTESIAN_POINT('Ctrl Pts',(68.3942242960177,34.0408357565988,13.0848535580639));
#3786=CARTESIAN_POINT('Ctrl Pts',(68.5275741293538,34.1390307388908,14.0115084078549));
#3787=CARTESIAN_POINT('Ctrl Pts',(68.7311585950569,34.2889444845965,14.8584428724255));
#3788=CARTESIAN_POINT('Ctrl Pts',(69.0070009526843,34.4920668638675,15.5827715533048));
#3789=CARTESIAN_POINT('Ctrl Pts',(69.3605690463379,34.7524242398518,16.1752167190958));
#3790=CARTESIAN_POINT('Ctrl Pts',(69.7920776462653,35.0701747631835,16.63541395181));
#3791=CARTESIAN_POINT('Ctrl Pts',(70.2970273701704,35.4420052181361,16.9709977156842));
#3792=CARTESIAN_POINT('Ctrl Pts',(70.7556051185512,35.7796886839135,17.146790020268));
#3793=CARTESIAN_POINT('Ctrl Pts',(71.1284121134524,36.0542130334896,17.2296419446755));
#3794=CARTESIAN_POINT('Ctrl Pts',(71.3895770683933,36.2465273955262,17.2634513839513));
#3795=CARTESIAN_POINT('Ctrl Pts',(71.5233161730831,36.3450090260482,17.275));
#3796=CARTESIAN_POINT('Ctrl Pts',(70.2500000000982,28.0436632029469,10.816514740443));
#3797=CARTESIAN_POINT('Ctrl Pts',(70.2500000001255,-48.0000000000198,10.816514740443));
#3798=CARTESIAN_POINT('Ctrl Pts',(70.2488751254634,28.0436632029469,11.0565261923168));
#3799=CARTESIAN_POINT('Ctrl Pts',(70.2488751254907,-48.0000000000198,11.0565261923168));
#3800=CARTESIAN_POINT('Ctrl Pts',(70.2534241049809,28.043663202947,11.5272599233303));
#3801=CARTESIAN_POINT('Ctrl Pts',(70.2534241050082,-48.0000000000198,11.5272599233303));
#3802=CARTESIAN_POINT('Ctrl Pts',(70.2806424051097,28.0436632029471,12.2054948536938));
#3803=CARTESIAN_POINT('Ctrl Pts',(70.280642405137,-48.0000000000196,12.2054948536938));
#3804=CARTESIAN_POINT('Ctrl Pts',(70.3584059088442,28.0436632029476,13.0531438791289));
#3805=CARTESIAN_POINT('Ctrl Pts',(70.3584059088715,-48.0000000000192,13.0531438791289));
#3806=CARTESIAN_POINT('Ctrl Pts',(70.5296760097301,28.0436632029486,14.0115084078549));
#3807=CARTESIAN_POINT('Ctrl Pts',(70.5296760097574,-48.0000000000182,14.0115084078549));
#3808=CARTESIAN_POINT('Ctrl Pts',(70.7825015737602,28.0436632029501,14.8584428724255));
#3809=CARTESIAN_POINT('Ctrl Pts',(70.7825015737875,-48.0000000000167,14.8584428724255));
#3810=CARTESIAN_POINT('Ctrl Pts',(71.1250620899062,28.0436632029521,15.5827715533048));
#3811=CARTESIAN_POINT('Ctrl Pts',(71.1250620899335,-48.0000000000147,15.5827715533048));
#3812=CARTESIAN_POINT('Ctrl Pts',(71.5641479130424,28.0436632029546,16.1752167190958));
#3813=CARTESIAN_POINT('Ctrl Pts',(71.5641479130697,-48.0000000000121,16.1752167190958));
#3814=CARTESIAN_POINT('Ctrl Pts',(72.1000257600271,28.0436632029578,16.63541395181));
#3815=CARTESIAN_POINT('Ctrl Pts',(72.1000257600544,-48.000000000009,16.63541395181));
#3816=CARTESIAN_POINT('Ctrl Pts',(72.7271079802359,28.0436632029614,16.9709977156842));
#3817=CARTESIAN_POINT('Ctrl Pts',(72.7271079802632,-48.0000000000053,16.9709977156842));
#3818=CARTESIAN_POINT('Ctrl Pts',(73.2966022070455,28.0436632029648,17.146790020268));
#3819=CARTESIAN_POINT('Ctrl Pts',(73.2966022070728,-48.000000000002,17.146790020268));
#3820=CARTESIAN_POINT('Ctrl Pts',(73.7595802561553,28.0436632029675,17.2296419446755));
#3821=CARTESIAN_POINT('Ctrl Pts',(73.7595802561826,-47.9999999999993,17.2296419446755));
#3822=CARTESIAN_POINT('Ctrl Pts',(74.0839133373153,28.0436632029694,17.2634513839513));
#3823=CARTESIAN_POINT('Ctrl Pts',(74.0839133373426,-47.9999999999974,17.2634513839513));
#3824=CARTESIAN_POINT('Ctrl Pts',(74.250000000457,28.0436632029704,17.275));
#3825=CARTESIAN_POINT('Ctrl Pts',(74.2500000004842,-47.9999999999964,17.275));
#3826=CARTESIAN_POINT('Ctrl Pts',(78.1522368158082,28.0436632029931,17.5463368663021));
#3827=CARTESIAN_POINT('Ctrl Pts',(78.1522368158355,-47.9999999999737,17.5463368663021));
#3828=CARTESIAN_POINT('Ctrl Pts',(82.0544736311594,28.0436632030159,17.8176737326043));
#3829=CARTESIAN_POINT('Ctrl Pts',(82.0544736311867,-47.9999999999509,17.8176737326043));
#3830=CARTESIAN_POINT('Ctrl Pts',(85.9567104465107,28.0436632030386,18.0890105989064));
#3831=CARTESIAN_POINT('Ctrl Pts',(85.956710446538,-47.9999999999282,18.0890105989064));
#3832=CARTESIAN_POINT('Ctrl Pts',(89.8589472618619,28.0436632030613,18.3603474652086));
#3833=CARTESIAN_POINT('Ctrl Pts',(89.8589472618892,-47.9999999999054,18.3603474652086));
#3834=CARTESIAN_POINT('Ctrl Pts',(93.7611840772131,28.0436632030841,18.6316843315107));
#3835=CARTESIAN_POINT('Ctrl Pts',(93.7611840772404,-47.9999999998827,18.6316843315107));
#3836=CARTESIAN_POINT('',(74.2500000000195,-47.9999999999964,17.275));
#3837=CARTESIAN_POINT('',(74.2500000000096,-20.3750000000361,17.275));
#3838=CARTESIAN_POINT('Ctrl Pts',(74.2500000000218,-47.9999999999964,17.2749999999678));
#3839=CARTESIAN_POINT('Ctrl Pts',(74.083913336881,-47.9999999999974,17.2634513839067));
#3840=CARTESIAN_POINT('Ctrl Pts',(73.7595802561826,-47.9999999999993,17.2296419446755));
#3841=CARTESIAN_POINT('Ctrl Pts',(73.2966022070728,-48.000000000002,17.146790020268));
#3842=CARTESIAN_POINT('Ctrl Pts',(72.7271079802632,-48.0000000000053,16.9709977156842));
#3843=CARTESIAN_POINT('Ctrl Pts',(72.1000257600544,-48.000000000009,16.63541395181));
#3844=CARTESIAN_POINT('Ctrl Pts',(71.5641479130697,-48.0000000000121,16.1752167190958));
#3845=CARTESIAN_POINT('Ctrl Pts',(71.1250620899335,-48.0000000000147,15.5827715533048));
#3846=CARTESIAN_POINT('Ctrl Pts',(70.7825015737875,-48.0000000000167,14.8584428724255));
#3847=CARTESIAN_POINT('Ctrl Pts',(70.5581020530143,-48.000000000018,14.1067321476615));
#3848=CARTESIAN_POINT('Ctrl Pts',(70.4324616022303,-48.0000000000188,13.4585604187637));
#3849=CARTESIAN_POINT('Ctrl Pts',(70.3657933495332,-48.0000000000191,12.9682888961051));
#3850=CARTESIAN_POINT('Ctrl Pts',(70.3339931330383,-48.0000000000193,12.6688513428119));
#3851=CARTESIAN_POINT('Ctrl Pts',(70.3250000000971,-48.0000000000194,12.5767267619477));
#3852=CARTESIAN_POINT('',(70.250000000055,-39.925,11.0137765957115));
#3853=CARTESIAN_POINT('Ctrl Pts',(70.250000000055,-39.925,11.0137765957115));
#3854=CARTESIAN_POINT('Ctrl Pts',(70.2523967483621,-39.925,11.5185036142483));
#3855=CARTESIAN_POINT('Ctrl Pts',(70.2735617128221,-39.925,12.0497990843177));
#3856=CARTESIAN_POINT('Ctrl Pts',(70.3250000000942,-39.925,12.5767267619477));
#3857=CARTESIAN_POINT('',(70.2500000000306,28.0436632029469,11.0137765957115));
#3858=CARTESIAN_POINT('',(74.2500000000096,-20.3750000000361,17.275));
#3859=CARTESIAN_POINT('Origin',(-71.2499999994558,-42.9999999999159,29.7));
#3860=CARTESIAN_POINT('',(-72.4999999994558,-42.9999999999159,20.2));
#3861=CARTESIAN_POINT('Origin',(-71.2499999994558,-42.9999999999159,20.2));
#3862=CARTESIAN_POINT('',(-72.4999999994558,-42.9999999999159,29.7));
#3863=CARTESIAN_POINT('Origin',(71.2499999999922,28.0436632029598,29.7));
#3864=CARTESIAN_POINT('',(69.9999999999922,28.0436632029598,20.2));
#3865=CARTESIAN_POINT('Origin',(71.2499999999922,28.0436632029598,20.2));
#3866=CARTESIAN_POINT('',(69.9999999999922,28.0436632029598,29.7));
#3867=CARTESIAN_POINT('Origin',(71.2499999999922,-42.9999999999994,29.7));
#3868=CARTESIAN_POINT('',(69.9999999999922,-42.9999999999994,20.2));
#3869=CARTESIAN_POINT('Origin',(71.2499999999922,-42.9999999999994,20.2));
#3870=CARTESIAN_POINT('',(69.9999999999922,-42.9999999999994,29.7));
#3871=CARTESIAN_POINT('Origin',(-71.2499999994558,28.0436632035496,29.7));
#3872=CARTESIAN_POINT('',(-72.4999999994558,28.0436632035496,20.2));
#3873=CARTESIAN_POINT('Origin',(-71.2499999994558,28.0436632035496,20.2));
#3874=CARTESIAN_POINT('',(-72.4999999994558,28.0436632035496,29.7));
#3875=CARTESIAN_POINT('Origin',(-68.2499999999922,-25.,12.7000000000001));
#3876=CARTESIAN_POINT('',(-68.3249999999922,-25.,7.275));
#3877=CARTESIAN_POINT('',(-66.8249999999348,-25.,7.275));
#3878=CARTESIAN_POINT('',(-68.3749999999817,-25.,7.275));
#3879=CARTESIAN_POINT('',(-68.3249999999922,-25.,12.6689339828222));
#3880=CARTESIAN_POINT('',(-68.3249999999922,-25.,11.3250000000001));
#3881=CARTESIAN_POINT('',(-66.8249999999348,-25.,11.1689339827646));
#3882=CARTESIAN_POINT('',(-68.4467830085707,-25.,12.7907169914006));
#3883=CARTESIAN_POINT('',(-66.8249999999501,-25.,9.95000000000007));
#3884=CARTESIAN_POINT('Origin',(-68.2499999999922,19.0442357465783,7.2));
#3885=CARTESIAN_POINT('',(-66.8249999999338,19.0442357465789,7.275));
#3886=CARTESIAN_POINT('',(-68.3249999999922,19.0442357465789,7.275));
#3887=CARTESIAN_POINT('',(-68.3749999999817,19.0442357465789,7.275));
#3888=CARTESIAN_POINT('',(-66.8249999999338,19.0442357466124,11.1689339827636));
#3889=CARTESIAN_POINT('',(-66.8249999999502,19.0442357465783,7.19999999977366));
#3890=CARTESIAN_POINT('',(-68.3249999999922,19.0442357466253,12.6689339828222));
#3891=CARTESIAN_POINT('',(-67.0717830085254,19.0442357466145,11.4157169913552));
#3892=CARTESIAN_POINT('',(-68.3249999999922,19.0442357465901,8.57499999990538));
#3893=CARTESIAN_POINT('Origin',(-68.4999999999711,-1.99205405792975,7.275));
#3894=CARTESIAN_POINT('',(-68.3249999999922,-2.48496809230848,7.275));
#3895=CARTESIAN_POINT('',(-66.8249999999501,-33.6154651537562,7.275));
#3896=CARTESIAN_POINT('',(-66.8249999999501,-17.803759605843,7.275));
#3897=CARTESIAN_POINT('',(-67.6999999999501,-34.5625,7.275));
#3898=CARTESIAN_POINT('Origin',(-66.7499999999501,-34.5625,7.275));
#3899=CARTESIAN_POINT('',(-67.6999999999501,-35.4375,7.275));
#3900=CARTESIAN_POINT('',(-67.6999999999505,-18.7147770289649,7.275));
#3901=CARTESIAN_POINT('',(-66.824999999973,-36.384534846242,7.275));
#3902=CARTESIAN_POINT('Origin',(-66.74999999995,-35.4375,7.275));
#3903=CARTESIAN_POINT('',(-66.824999999973,-39.925,7.275));
#3904=CARTESIAN_POINT('',(-66.824999999973,-20.9585270289649,7.275));
#3905=CARTESIAN_POINT('',(-70.2499999999922,-39.925,7.275));
#3906=CARTESIAN_POINT('',(-68.4124999999817,-39.925,7.275));
#3907=CARTESIAN_POINT('',(-70.2499999996692,28.0436632029674,7.275));
#3908=CARTESIAN_POINT('',(-70.2499999998502,-20.9585270289616,7.275));
#3909=CARTESIAN_POINT('',(-68.3023686947454,33.9731959335038,7.275));
#3910=CARTESIAN_POINT('Origin',(-60.2499999995077,28.0436632035117,7.275));
#3911=CARTESIAN_POINT('',(-66.8249999999748,35.920099276061,7.275));
#3912=CARTESIAN_POINT('Origin',(3.48610029732299E-11,-16.3227040810236,
7.275));
#3913=CARTESIAN_POINT('',(-66.8249999999528,24.4004267304376,7.275));
#3914=CARTESIAN_POINT('',(-66.8249999999275,11.2041863362555,7.275));
#3915=CARTESIAN_POINT('',(-67.6999999999502,23.453391884194,7.275));
#3916=CARTESIAN_POINT('Origin',(-66.7499999999502,23.453391884194,7.275));
#3917=CARTESIAN_POINT('',(-67.6999999999502,22.578391884194,7.275));
#3918=CARTESIAN_POINT('',(-67.69999999995,10.2931689131321,7.275));
#3919=CARTESIAN_POINT('',(-66.8249999999502,21.6313570379502,7.275));
#3920=CARTESIAN_POINT('Origin',(-66.7499999999502,22.578391884194,7.275));
#3921=CARTESIAN_POINT('',(-66.8249999999501,-17.803759605843,7.275));
#3922=CARTESIAN_POINT('Origin',(-66.8249999999501,-33.6154651537562,7.2));
#3923=CARTESIAN_POINT('',(-66.8249999999501,-33.6154651537562,11.1689339827799));
#3924=CARTESIAN_POINT('',(-66.8249999999501,-17.8089577578629,11.1689339827799));
#3925=CARTESIAN_POINT('',(-66.8249999999501,-33.6154651537562,7.2));
#3926=CARTESIAN_POINT('Origin',(-68.5905330085601,-2.0024503619695,12.9344669913901));
#3927=CARTESIAN_POINT('',(-68.3249999999922,-39.925,12.6689339828222));
#3928=CARTESIAN_POINT('',(-68.3249999999922,15.9699442698597,12.6689339828222));
#3929=CARTESIAN_POINT('',(-66.824999999973,-39.925,11.1689339828028));
#3930=CARTESIAN_POINT('',(-67.5717830085706,-39.925,11.9157169914005));
#3931=CARTESIAN_POINT('',(-66.824999999973,-36.384534846242,11.1689339828028));
#3932=CARTESIAN_POINT('',(-66.824999999973,-20.9637251809847,11.1689339828028));
#3933=CARTESIAN_POINT('',(-67.6999999999501,-35.4375,12.04393398278));
#3934=CARTESIAN_POINT('Origin',(-66.74999999995,-35.4375,11.0939339827798));
#3935=CARTESIAN_POINT('',(-67.6999999999501,-34.5625,12.0439339827799));
#3936=CARTESIAN_POINT('',(-67.6999999999505,-18.7199751809848,12.0439339827804));
#3937=CARTESIAN_POINT('Origin',(-66.7499999999501,-34.5625,11.0939339827798));
#3938=CARTESIAN_POINT('Origin',(68.2499999999922,-25.,12.7000000000001));
#3939=CARTESIAN_POINT('',(68.3249999999922,-25.,12.6689339828222));
#3940=CARTESIAN_POINT('',(66.8249999999348,-25.,11.1689339827646));
#3941=CARTESIAN_POINT('',(68.4467830085666,-25.,12.7907169913965));
#3942=CARTESIAN_POINT('',(68.3249999999922,-25.,7.275));
#3943=CARTESIAN_POINT('',(68.3249999999922,-25.,11.3250000000001));
#3944=CARTESIAN_POINT('',(66.8249999999348,-25.,7.275));
#3945=CARTESIAN_POINT('',(68.3749999999805,-25.,7.275));
#3946=CARTESIAN_POINT('',(66.8249999999348,-25.,9.95000000000007));
#3947=CARTESIAN_POINT('Origin',(68.2499999999922,19.0442357465783,7.2));
#3948=CARTESIAN_POINT('',(66.8249999999338,19.0442357466124,11.1689339827636));
#3949=CARTESIAN_POINT('',(68.3249999999922,19.0442357466253,12.6689339828222));
#3950=CARTESIAN_POINT('',(67.0717830085213,19.0442357466145,11.4157169913511));
#3951=CARTESIAN_POINT('',(66.8249999999338,19.0442357465789,7.275));
#3952=CARTESIAN_POINT('',(66.8249999999338,19.0442357465783,7.20000000001112));
#3953=CARTESIAN_POINT('',(68.3249999999922,19.0442357465789,7.275));
#3954=CARTESIAN_POINT('',(68.3749999999805,19.0442357465789,7.275));
#3955=CARTESIAN_POINT('',(68.3249999999922,19.0442357465901,8.57499999990538));
#3956=CARTESIAN_POINT('Origin',(68.3249999999922,-39.925,17.2));
#3957=CARTESIAN_POINT('',(68.3249999999922,-39.925,12.6689339828222));
#3958=CARTESIAN_POINT('',(68.3249999999922,-20.9637251810141,12.6689339828222));
#3959=CARTESIAN_POINT('',(68.3249999999922,-39.925,17.275));
#3960=CARTESIAN_POINT('',(68.3249999999922,-39.925,17.2));
#3961=CARTESIAN_POINT('',(68.3249999999759,34.0689076537948,17.275));
#3962=CARTESIAN_POINT('',(68.3249999999922,-16.3375000000512,17.275));
#3963=CARTESIAN_POINT('',(68.3249999999759,34.0689076537948,12.6689339828222));
#3964=CARTESIAN_POINT('',(68.3249999999922,34.0689076537384,14.1443882978553));
#3965=CARTESIAN_POINT('',(68.3249999999922,-20.9637251810141,12.6689339828222));
#3966=CARTESIAN_POINT('',(68.3249999999922,-2.48496809230847,7.275));
#3967=CARTESIAN_POINT('Origin',(68.590533008552,-2.00245036202826,12.9344669913819));
#3968=CARTESIAN_POINT('',(66.824999999935,-33.615465153755,11.1689339827648));
#3969=CARTESIAN_POINT('',(66.824999999934,9.81445333796034,11.1689339827638));
#3970=CARTESIAN_POINT('',(67.69999999995,-34.5625,12.0439339827799));
#3971=CARTESIAN_POINT('Origin',(66.7499999999501,-34.5625,11.0939339827798));
#3972=CARTESIAN_POINT('',(67.69999999995,-35.4375,12.0439339827799));
#3973=CARTESIAN_POINT('',(67.6999999999502,-18.2824751810141,12.04393398278));
#3974=CARTESIAN_POINT('',(66.8249999999674,-36.3845348462424,11.1689339827972));
#3975=CARTESIAN_POINT('Origin',(66.74999999995,-35.4375,11.0939339827798));
#3976=CARTESIAN_POINT('',(66.8249999999693,-39.925,11.1689339827991));
#3977=CARTESIAN_POINT('',(66.8249999999584,-19.1934926041352,11.1689339827882));
#3978=CARTESIAN_POINT('',(66.7155330085609,-39.925,11.0594669913906));
#3979=CARTESIAN_POINT('Origin',(66.8249999999337,21.6313570379489,7.2));
#3980=CARTESIAN_POINT('',(66.824999999935,-33.615465153755,7.275));
#3981=CARTESIAN_POINT('',(66.824999999934,9.81965149000958,7.275));
#3982=CARTESIAN_POINT('',(66.824999999935,-33.615465153755,7.2));
#3983=CARTESIAN_POINT('Origin',(68.4999999999689,-1.99205405792972,7.275));
#3984=CARTESIAN_POINT('',(66.8249999999337,21.6313570379489,7.275));
#3985=CARTESIAN_POINT('',(66.824999999934,9.81965149000958,7.275));
#3986=CARTESIAN_POINT('',(67.69999999995,22.578391884194,7.275));
#3987=CARTESIAN_POINT('Origin',(66.7499999999502,22.578391884194,7.275));
#3988=CARTESIAN_POINT('',(67.69999999995,23.453391884194,7.275));
#3989=CARTESIAN_POINT('',(67.6999999999498,10.7306689131321,7.275));
#3990=CARTESIAN_POINT('',(66.8249999999586,24.4004267304371,7.275));
#3991=CARTESIAN_POINT('Origin',(66.7499999999502,23.453391884194,7.275));
#3992=CARTESIAN_POINT('',(66.8249999999919,35.9200992759435,7.275));
#3993=CARTESIAN_POINT('',(66.8249999999372,16.9640226090093,7.275));
#3994=CARTESIAN_POINT('',(68.3023686947915,33.9731959335376,7.275));
#3995=CARTESIAN_POINT('Origin',(-1.17958975920374E-10,-16.3227040811969,
7.275));
#3996=CARTESIAN_POINT('',(70.2499999999922,28.0436632029674,7.275));
#3997=CARTESIAN_POINT('Origin',(60.2500000000214,28.0436632029674,7.275));
#3998=CARTESIAN_POINT('',(70.2499999999922,-39.925,7.275));
#3999=CARTESIAN_POINT('',(70.2499999999976,13.0258045725199,7.275));
#4000=CARTESIAN_POINT('',(66.8249999999693,-39.925,7.275));
#4001=CARTESIAN_POINT('',(69.3749999999927,-39.925,7.275));
#4002=CARTESIAN_POINT('',(66.8249999999674,-36.3845348462424,7.275));
#4003=CARTESIAN_POINT('',(66.8249999999584,-19.1882944520865,7.275));
#4004=CARTESIAN_POINT('',(67.69999999995,-35.4375,7.275));
#4005=CARTESIAN_POINT('Origin',(66.74999999995,-35.4375,7.275));
#4006=CARTESIAN_POINT('',(67.69999999995,-34.5625,7.275));
#4007=CARTESIAN_POINT('',(67.6999999999502,-18.2772770289649,7.275));
#4008=CARTESIAN_POINT('Origin',(66.7499999999501,-34.5625,7.275));
#4009=CARTESIAN_POINT('Origin',(-8.4980911196908E-11,7.24999999989758,20.2));
#4010=CARTESIAN_POINT('',(64.2500000000195,-58.,20.2));
#4011=CARTESIAN_POINT('',(74.2500000000195,-47.9999999999964,20.2));
#4012=CARTESIAN_POINT('Origin',(64.2500000000196,-48.,20.2));
#4013=CARTESIAN_POINT('',(74.2500000000195,-47.9999999999964,20.2));
#4014=CARTESIAN_POINT('',(-71.5233161720803,36.3450090264303,20.2));
#4015=CARTESIAN_POINT('Origin',(7.21556148164382E-11,-16.3227040810521,
20.2));
#4016=CARTESIAN_POINT('Origin',(-60.2499999995077,28.0436632035117,20.2));
#4017=CARTESIAN_POINT('',(-64.2500000001825,-57.9999999999929,20.2));
#4018=CARTESIAN_POINT('Origin',(-64.2500000001894,-47.9999999999928,20.2));
#4019=CARTESIAN_POINT('',(-60.2499999999664,-57.9999999999901,20.2));
#4020=CARTESIAN_POINT('',(62.2499999999351,-4.99999999994334,20.2));
#4021=CARTESIAN_POINT('',(62.2500000000144,-47.9999999999971,20.2));
#4022=CARTESIAN_POINT('',(62.2499999998933,17.6468316014703,20.2));
#4023=CARTESIAN_POINT('',(60.2499999994801,-50.0000000000005,20.2));
#4024=CARTESIAN_POINT('Origin',(60.2500000000138,-48.,20.2));
#4025=CARTESIAN_POINT('',(4.99999999994581,-49.9999999999954,20.2));
#4026=CARTESIAN_POINT('',(30.1249999996949,-49.9999999999977,20.2));
#4027=CARTESIAN_POINT('',(4.99999999993468,-39.6862696659771,20.2));
#4028=CARTESIAN_POINT('',(4.99999999993468,-39.6862696659771,20.2));
#4029=CARTESIAN_POINT('',(39.686269665971,-4.99999999998298,20.2));
#4030=CARTESIAN_POINT('Origin',(0.,0.,20.2));
#4031=CARTESIAN_POINT('',(39.686269665971,-4.99999999998298,20.2));
#4032=CARTESIAN_POINT('',(-62.2499999996403,-4.99999999982792,20.2));
#4033=CARTESIAN_POINT('',(-39.6862696659799,-4.99999999991227,20.2));
#4034=CARTESIAN_POINT('',(-39.6862696659799,-4.99999999991227,20.2));
#4035=CARTESIAN_POINT('',(-5.00000000006533,-39.6862696659606,20.2));
#4036=CARTESIAN_POINT('Origin',(0.,0.,20.2));
#4037=CARTESIAN_POINT('',(-5.00000000005419,-49.9999999999863,20.2));
#4038=CARTESIAN_POINT('',(-5.00000000006532,-39.6862696659606,20.2));
#4039=CARTESIAN_POINT('',(-60.2500092496563,-49.9999999999743,20.2));
#4040=CARTESIAN_POINT('',(-2.50000000007258,-49.9999999999869,20.2));
#4041=CARTESIAN_POINT('',(-62.2499999999445,-48.000002995939,20.2));
#4042=CARTESIAN_POINT('Origin',(-60.2499999999591,-47.9999999999943,20.2));
#4043=CARTESIAN_POINT('',(-62.2499999997491,-20.3750014978004,20.2));
#4044=CARTESIAN_POINT('',(-17.3866879414307,63.631395160438,20.2));
#4045=CARTESIAN_POINT('',(17.3866879421285,63.6313951603176,20.2));
#4046=CARTESIAN_POINT('Origin',(7.21556148164382E-11,-16.3227040810521,
20.2));
#4047=CARTESIAN_POINT('',(4.9935362610078,29.5814907605625,20.2));
#4048=CARTESIAN_POINT('',(8.45649044522349,39.095879186301,20.2));
#4049=CARTESIAN_POINT('',(-4.99353626028243,29.5814907605625,20.2));
#4050=CARTESIAN_POINT('Origin',(0.,0.,20.2));
#4051=CARTESIAN_POINT('',(-8.45649044454684,39.0958791864474,20.2));
#4052=CARTESIAN_POINT('',(-62.2499999995695,5.00000000017208,20.2));
#4053=CARTESIAN_POINT('',(-62.2499999994064,28.0436632035029,20.2));
#4054=CARTESIAN_POINT('',(-62.2499999997491,-20.3750014978004,20.2));
#4055=CARTESIAN_POINT('',(-61.8604737383741,29.2295697495796,20.2));
#4056=CARTESIAN_POINT('Origin',(-60.2499999995204,28.0436632035117,20.2));
#4057=CARTESIAN_POINT('',(-25.3256572514215,56.2054900717404,20.2));
#4058=CARTESIAN_POINT('Origin',(7.21556148164382E-11,-16.3227040810521,
20.2));
#4059=CARTESIAN_POINT('',(-17.8900522977032,35.7763333613919,20.2));
#4060=CARTESIAN_POINT('',(-17.8900522977032,35.7763333613919,20.2));
#4061=CARTESIAN_POINT('',(-39.6862696659578,5.00000000008773,20.2));
#4062=CARTESIAN_POINT('Origin',(0.,0.,20.2));
#4063=CARTESIAN_POINT('',(-39.6862696659578,5.00000000008773,20.2));
#4064=CARTESIAN_POINT('',(62.2499999999167,5.00000000005666,20.2));
#4065=CARTESIAN_POINT('',(39.6862696659667,5.00000000001702,20.2));
#4066=CARTESIAN_POINT('',(39.6862696659667,5.00000000001702,20.2));
#4067=CARTESIAN_POINT('',(17.8900522983207,35.7763333610831,20.2));
#4068=CARTESIAN_POINT('Origin',(0.,0.,20.2));
#4069=CARTESIAN_POINT('',(25.3256572520933,56.2054900715581,20.2));
#4070=CARTESIAN_POINT('',(17.8900522983207,35.7763333610831,20.2));
#4071=CARTESIAN_POINT('',(61.8604737388926,29.229569749065,20.2));
#4072=CARTESIAN_POINT('Origin',(6.97664148674448E-11,-16.3227040810495,
20.2));
#4073=CARTESIAN_POINT('',(62.2499999998742,28.0436632029282,20.2));
#4074=CARTESIAN_POINT('Origin',(60.2500000000634,28.0436632029687,20.2));
#4075=CARTESIAN_POINT('',(62.2499999998933,17.6468316014703,20.2));
#4076=CARTESIAN_POINT('Origin',(-62.2499999999445,-48.000002995939,17.2));
#4077=CARTESIAN_POINT('',(-62.2499999995695,5.00000000017208,17.275));
#4078=CARTESIAN_POINT('',(-62.2499999995695,5.00000000017208,17.2));
#4079=CARTESIAN_POINT('',(-62.2499999994064,28.0436632035029,17.275));
#4080=CARTESIAN_POINT('',(-62.2499999997491,-20.3750014978004,17.275));
#4081=CARTESIAN_POINT('',(-62.2499999994064,28.0436632035029,17.2));
#4082=CARTESIAN_POINT('Origin',(-62.2499999999445,-48.000002995939,17.2));
#4083=CARTESIAN_POINT('',(-62.2499999996403,-4.99999999982792,17.275));
#4084=CARTESIAN_POINT('',(-62.2499999996403,-4.99999999982792,17.2));
#4085=CARTESIAN_POINT('',(-62.2499999999445,-48.000002995939,17.275));
#4086=CARTESIAN_POINT('',(-62.2499999999445,-48.000002995939,17.2));
#4087=CARTESIAN_POINT('',(-62.2499999997491,-20.3750014978004,17.275));
#4088=CARTESIAN_POINT('Origin',(62.2499999998742,28.0436632029282,17.2));
#4089=CARTESIAN_POINT('',(62.2499999999351,-4.99999999994334,17.275));
#4090=CARTESIAN_POINT('',(62.2499999999351,-4.99999999994334,17.2));
#4091=CARTESIAN_POINT('',(62.2500000000144,-47.9999999999971,17.275));
#4092=CARTESIAN_POINT('',(62.2499999998933,17.6468316014703,17.275));
#4093=CARTESIAN_POINT('',(62.2500000000144,-47.9999999999971,17.2));
#4094=CARTESIAN_POINT('Origin',(62.2499999998742,28.0436632029282,17.2));
#4095=CARTESIAN_POINT('',(62.2499999999167,5.00000000005666,17.275));
#4096=CARTESIAN_POINT('',(62.2499999999167,5.00000000005666,17.2));
#4097=CARTESIAN_POINT('',(62.2499999998742,28.0436632029282,17.275));
#4098=CARTESIAN_POINT('',(62.2499999998742,28.0436632029282,17.2));
#4099=CARTESIAN_POINT('',(62.2499999998933,17.6468316014703,17.275));
#4100=CARTESIAN_POINT('Origin',(68.590533008552,-2.00245036202826,12.9344669913819));
#4101=CARTESIAN_POINT('',(68.2327927795208,34.1936907599871,12.5767267623508));
#4102=CARTESIAN_POINT('Origin',(7.21667170466844E-11,-16.3227040810521,
-55.6560660171044));
#4103=CARTESIAN_POINT('',(66.8249999999919,35.9222593359591,11.1689339828217));
#4104=CARTESIAN_POINT('Ctrl Pts',(66.8249999999919,35.9222593359591,11.1689339828217));
#4105=CARTESIAN_POINT('Ctrl Pts',(67.2745869831348,35.3562880939709,11.6185209659646));
#4106=CARTESIAN_POINT('Ctrl Pts',(67.7643727317982,34.7495401320744,12.1083067146281));
#4107=CARTESIAN_POINT('Ctrl Pts',(68.2327927795208,34.1936907599871,12.5767267623508));
#4108=CARTESIAN_POINT('',(66.8249999999586,24.4004267304371,11.1689339827884));
#4109=CARTESIAN_POINT('',(66.8249999999372,16.958824456957,11.168933982767));
#4110=CARTESIAN_POINT('',(67.69999999995,23.453391884194,12.0439339827799));
#4111=CARTESIAN_POINT('Origin',(66.7499999999502,23.453391884194,11.09393398278));
#4112=CARTESIAN_POINT('',(67.69999999995,22.578391884194,12.0439339827799));
#4113=CARTESIAN_POINT('',(67.6999999999498,10.7254707610828,12.0439339827796));
#4114=CARTESIAN_POINT('',(66.8249999999337,21.6313570379489,11.1689339827635));
#4115=CARTESIAN_POINT('Origin',(66.7499999999502,22.578391884194,11.09393398278));
#4116=CARTESIAN_POINT('',(66.824999999934,9.81445333796034,11.1689339827638));
#4117=CARTESIAN_POINT('Ctrl Pts',(-68.3065188705691,33.9762520047074,9.71682357857171));
#4118=CARTESIAN_POINT('Ctrl Pts',(-42.8804284627428,68.5051539820692,9.71682357857171));
#4119=CARTESIAN_POINT('Ctrl Pts',(4.75957051548903E-10,68.5051539818651,
9.71682357857171));
#4120=CARTESIAN_POINT('Ctrl Pts',(42.8804284636947,68.505153981661,9.71682357857171));
#4121=CARTESIAN_POINT('Ctrl Pts',(68.3065188711922,33.9762520040571,9.71682357857171));
#4122=CARTESIAN_POINT('Ctrl Pts',(-68.3056888353087,33.9756407906124,9.93676181094598));
#4123=CARTESIAN_POINT('Ctrl Pts',(-42.8799073958198,68.5041231856764,9.93676181094598));
#4124=CARTESIAN_POINT('Ctrl Pts',(4.75939287980509E-10,68.5041231854723,
9.93676181094598));
#4125=CARTESIAN_POINT('Ctrl Pts',(42.8799073967717,68.5041231852682,9.93676181094598));
#4126=CARTESIAN_POINT('Ctrl Pts',(68.3056888359318,33.9756407899621,9.93676181094598));
#4127=CARTESIAN_POINT('Ctrl Pts',(-68.3048588000483,33.9750295765174,10.1567000433202));
#4128=CARTESIAN_POINT('Ctrl Pts',(-42.8793863288969,68.5030923892836,10.1567000433202));
#4129=CARTESIAN_POINT('Ctrl Pts',(4.75939287980509E-10,68.5030923890795,
10.1567000433202));
#4130=CARTESIAN_POINT('Ctrl Pts',(42.8793863298487,68.5030923888754,10.1567000433202));
#4131=CARTESIAN_POINT('Ctrl Pts',(68.3048588006714,33.9750295758672,10.1567000433202));
#4132=CARTESIAN_POINT('Ctrl Pts',(-68.3040287647879,33.9744183624225,10.3766382756945));
#4133=CARTESIAN_POINT('Ctrl Pts',(-42.8788652619739,68.5020615928908,10.3766382756945));
#4134=CARTESIAN_POINT('Ctrl Pts',(4.75948169764706E-10,68.5020615926867,
10.3766382756945));
#4135=CARTESIAN_POINT('Ctrl Pts',(42.8788652629258,68.5020615924826,10.3766382756945));
#4136=CARTESIAN_POINT('Ctrl Pts',(68.304028765411,33.9744183617722,10.3766382756945));
#4137=CARTESIAN_POINT('Ctrl Pts',(-68.3031987295275,33.9738071483275,10.5965765080688));
#4138=CARTESIAN_POINT('Ctrl Pts',(-42.878344195051,68.501030796498,10.5965765080688));
#4139=CARTESIAN_POINT('Ctrl Pts',(4.75930406196312E-10,68.5010307962939,
10.5965765080688));
#4140=CARTESIAN_POINT('Ctrl Pts',(42.8783441960028,68.5010307960898,10.5965765080688));
#4141=CARTESIAN_POINT('Ctrl Pts',(68.3031987301506,33.9738071476772,10.5965765080688));
#4142=CARTESIAN_POINT('Ctrl Pts',(-68.3023686942671,33.9731959342325,10.816514740443));
#4143=CARTESIAN_POINT('Ctrl Pts',(-42.877823128128,68.5000000001052,10.816514740443));
#4144=CARTESIAN_POINT('Ctrl Pts',(4.75939287980509E-10,68.4999999999011,
10.816514740443));
#4145=CARTESIAN_POINT('Ctrl Pts',(42.8778231290799,68.499999999697,10.816514740443));
#4146=CARTESIAN_POINT('Ctrl Pts',(68.3023686948902,33.9731959335823,10.816514740443));
#4147=CARTESIAN_POINT('Ctrl Pts',(-68.3014629037376,33.972528936136,11.0565261923168));
#4148=CARTESIAN_POINT('Ctrl Pts',(-42.8772545047134,68.4988751254704,11.0565261923168));
#4149=CARTESIAN_POINT('Ctrl Pts',(4.75921524412115E-10,68.4988751252663,
11.0565261923168));
#4150=CARTESIAN_POINT('Ctrl Pts',(42.8772545056652,68.4988751250622,11.0565261923168));
#4151=CARTESIAN_POINT('Ctrl Pts',(68.3014629043607,33.9725289354858,11.0565261923168));
#4152=CARTESIAN_POINT('Ctrl Pts',(-68.3051259097635,33.97522626843,11.5272599233303));
#4153=CARTESIAN_POINT('Ctrl Pts',(-42.8795540109751,68.5034241049879,11.5272599233303));
#4154=CARTESIAN_POINT('Ctrl Pts',(4.75930406196312E-10,68.5034241047838,
11.5272599233303));
#4155=CARTESIAN_POINT('Ctrl Pts',(42.8795540119269,68.5034241045797,11.5272599233303));
#4156=CARTESIAN_POINT('Ctrl Pts',(68.3051259103867,33.9752262677797,11.5272599233303));
#4157=CARTESIAN_POINT('Ctrl Pts',(-68.3270430885517,33.9913654485787,12.2054948536938));
#4158=CARTESIAN_POINT('Ctrl Pts',(-42.8933128444316,68.5306424051168,12.2054948536938));
#4159=CARTESIAN_POINT('Ctrl Pts',(4.75974815117297E-10,68.5306424049126,
12.2054948536938));
#4160=CARTESIAN_POINT('Ctrl Pts',(42.8933128453835,68.5306424047085,12.2054948536938));
#4161=CARTESIAN_POINT('Ctrl Pts',(68.3270430891749,33.9913654479284,12.2054948536938));
#4162=CARTESIAN_POINT('Ctrl Pts',(-68.3896611288583,34.0374755726431,13.0531438791289));
#4163=CARTESIAN_POINT('Ctrl Pts',(-42.9326222462611,68.6084059088513,13.0531438791289));
#4164=CARTESIAN_POINT('Ctrl Pts',(4.7605475117507E-10,68.6084059086471,
13.0531438791289));
#4165=CARTESIAN_POINT('Ctrl Pts',(42.9326222472132,68.608405908443,13.0531438791289));
#4166=CARTESIAN_POINT('Ctrl Pts',(68.3896611294816,34.0374755719926,13.0531438791289));
#4167=CARTESIAN_POINT('Ctrl Pts',(-68.5275741287302,34.1390307395416,14.0115084078549));
#4168=CARTESIAN_POINT('Ctrl Pts',(-43.0191991736599,68.7796760097373,14.0115084078549));
#4169=CARTESIAN_POINT('Ctrl Pts',(4.76259032211601E-10,68.779676009533,
14.0115084078549));
#4170=CARTESIAN_POINT('Ctrl Pts',(43.0191991746124,68.7796760093288,14.0115084078549));
#4171=CARTESIAN_POINT('Ctrl Pts',(68.5275741293538,34.1390307388908,14.0115084078549));
#4172=CARTESIAN_POINT('Ctrl Pts',(-68.7311585944329,34.2889444852477,14.8584428724255));
#4173=CARTESIAN_POINT('Ctrl Pts',(-43.1470023359653,69.0325015737675,14.8584428724255));
#4174=CARTESIAN_POINT('Ctrl Pts',(4.76552131090102E-10,69.0325015735631,
14.8584428724255));
#4175=CARTESIAN_POINT('Ctrl Pts',(43.1470023369184,69.0325015733587,14.8584428724255));
#4176=CARTESIAN_POINT('Ctrl Pts',(68.7311585950568,34.2889444845965,14.8584428724255));
#4177=CARTESIAN_POINT('Ctrl Pts',(-69.00700095206,34.4920668645194,15.5827715533048));
#4178=CARTESIAN_POINT('Ctrl Pts',(-43.3201664596662,69.3750620899137,15.5827715533048));
#4179=CARTESIAN_POINT('Ctrl Pts',(4.76951811378967E-10,69.3750620897091,
15.5827715533048));
#4180=CARTESIAN_POINT('Ctrl Pts',(43.3201664606201,69.3750620895045,15.5827715533048));
#4181=CARTESIAN_POINT('Ctrl Pts',(69.0070009526843,34.4920668638675,15.5827715533048));
#4182=CARTESIAN_POINT('Ctrl Pts',(-69.3605690457129,34.7524242405046,16.1752167190958));
#4183=CARTESIAN_POINT('Ctrl Pts',(-43.5421240648459,69.8141479130502,16.1752167190958));
#4184=CARTESIAN_POINT('Ctrl Pts',(4.77458073078196E-10,69.8141479128453,
16.1752167190958));
#4185=CARTESIAN_POINT('Ctrl Pts',(43.5421240658008,69.8141479126405,16.1752167190958));
#4186=CARTESIAN_POINT('Ctrl Pts',(69.3605690463379,34.7524242398518,16.1752167190958));
#4187=CARTESIAN_POINT('Ctrl Pts',(-69.7920776456396,35.0701747638372,16.63541395181));
#4188=CARTESIAN_POINT('Ctrl Pts',(-43.813009976707,70.3500257600352,16.63541395181));
#4189=CARTESIAN_POINT('Ctrl Pts',(4.78079797971986E-10,70.35002575983,16.63541395181));
#4190=CARTESIAN_POINT('Ctrl Pts',(43.8130099776631,70.3500257596248,16.63541395181));
#4191=CARTESIAN_POINT('Ctrl Pts',(69.7920776462653,35.0701747631835,16.63541395181));
#4192=CARTESIAN_POINT('Ctrl Pts',(-70.2970273695438,35.442005218791,16.9709977156842));
#4193=CARTESIAN_POINT('Ctrl Pts',(-44.129999641402,70.9771079802444,16.9709977156842));
#4194=CARTESIAN_POINT('Ctrl Pts',(4.78808104276141E-10,70.9771079800389,
16.9709977156842));
#4195=CARTESIAN_POINT('Ctrl Pts',(44.1299996423596,70.9771079798333,16.9709977156842));
#4196=CARTESIAN_POINT('Ctrl Pts',(70.2970273701704,35.4420052181361,16.9709977156842));
#4197=CARTESIAN_POINT('Ctrl Pts',(-70.7556051179238,35.7796886845695,17.146790020268));
#4198=CARTESIAN_POINT('Ctrl Pts',(-44.4178786119491,71.5466022070543,17.146790020268));
#4199=CARTESIAN_POINT('Ctrl Pts',(4.79456474522522E-10,71.5466022068484,
17.146790020268));
#4200=CARTESIAN_POINT('Ctrl Pts',(44.417878612908,71.5466022066426,17.146790020268));
#4201=CARTESIAN_POINT('Ctrl Pts',(70.7556051185512,35.7796886839135,17.146790020268));
#4202=CARTESIAN_POINT('Ctrl Pts',(-71.1284121128244,36.0542130341464,17.2296419446755));
#4203=CARTESIAN_POINT('Ctrl Pts',(-44.6519137222087,72.0095802561644,17.2296419446755));
#4204=CARTESIAN_POINT('Ctrl Pts',(4.80007145142736E-10,72.0095802559582,
17.2296419446755));
#4205=CARTESIAN_POINT('Ctrl Pts',(44.6519137231687,72.009580255752,17.2296419446755));
#4206=CARTESIAN_POINT('Ctrl Pts',(71.1284121134524,36.0542130334896,17.2296419446755));
#4207=CARTESIAN_POINT('Ctrl Pts',(-71.3895770677648,36.2465273961836,17.2634513839513));
#4208=CARTESIAN_POINT('Ctrl Pts',(-44.8158638890819,72.3339133373246,17.2634513839513));
#4209=CARTESIAN_POINT('Ctrl Pts',(4.80389061863207E-10,72.3339133371182,
17.2634513839513));
#4210=CARTESIAN_POINT('Ctrl Pts',(44.8158638900426,72.3339133369119,17.2634513839513));
#4211=CARTESIAN_POINT('Ctrl Pts',(71.3895770683933,36.2465273955262,17.2634513839513));
#4212=CARTESIAN_POINT('Ctrl Pts',(-71.5233161724545,36.3450090267059,17.275));
#4213=CARTESIAN_POINT('Ctrl Pts',(-44.8998205919877,72.5000000004663,17.275));
#4214=CARTESIAN_POINT('Ctrl Pts',(4.80575579331344E-10,72.5000000002599,
17.275));
#4215=CARTESIAN_POINT('Ctrl Pts',(44.8998205929488,72.5000000000534,17.275));
#4216=CARTESIAN_POINT('Ctrl Pts',(71.5233161730831,36.3450090260482,17.275));
#4217=CARTESIAN_POINT('',(66.8249999999922,36.041783247954,12.5767267623506));
#4218=CARTESIAN_POINT('Ctrl Pts',(66.8249999999922,36.041783247954,12.5767267623506));
#4219=CARTESIAN_POINT('Ctrl Pts',(67.3023799519128,35.4325742799254,12.5767267623506));
#4220=CARTESIAN_POINT('Ctrl Pts',(67.7716975399184,34.8164948225965,12.5767267623506));
#4221=CARTESIAN_POINT('Ctrl Pts',(68.2327927795208,34.1936907599871,12.5767267623506));
#4222=CARTESIAN_POINT('',(-66.8249999999751,36.0417832477917,12.5767267623506));
#4223=CARTESIAN_POINT('Ctrl Pts',(-66.8249999999735,36.0417832477937,12.5767267623506));
#4224=CARTESIAN_POINT('Ctrl Pts',(-61.1957825875849,43.2255154444022,12.5767267623507));
#4225=CARTESIAN_POINT('Ctrl Pts',(-54.4411964458687,49.4592967542822,12.5767267623508));
#4226=CARTESIAN_POINT('Ctrl Pts',(-38.488871514147,60.0051188928256,12.5767267623508));
#4227=CARTESIAN_POINT('Ctrl Pts',(-29.2524727554057,63.9992893457778,12.5767267623507));
#4228=CARTESIAN_POINT('Ctrl Pts',(-8.77663843218611,68.8406828076995,12.5767267623507));
#4229=CARTESIAN_POINT('Ctrl Pts',(2.375658063487,69.258766444404,12.5767267623507));
#4230=CARTESIAN_POINT('Ctrl Pts',(24.2127794851031,65.7965577163061,12.5767267623507));
#4231=CARTESIAN_POINT('Ctrl Pts',(34.6888296281046,61.9493659539938,12.5767267623507));
#4232=CARTESIAN_POINT('Ctrl Pts',(52.8521998893255,50.8966957612226,12.5767267623507));
#4233=CARTESIAN_POINT('Ctrl Pts',(60.5378602943974,44.0651237265132,12.5767267623507));
#4234=CARTESIAN_POINT('Ctrl Pts',(66.8249999999887,36.0417832479585,12.5767267623507));
#4235=CARTESIAN_POINT('',(-68.232792779521,34.193690759792,12.5767267623509));
#4236=CARTESIAN_POINT('Ctrl Pts',(-68.232792779521,34.193690759792,12.5767267623507));
#4237=CARTESIAN_POINT('Ctrl Pts',(-67.7717273581128,34.8164545467942,12.5767267623507));
#4238=CARTESIAN_POINT('Ctrl Pts',(-67.3024106733441,35.4325350745486,12.5767267623507));
#4239=CARTESIAN_POINT('Ctrl Pts',(-66.8249999999751,36.0417832477917,12.5767267623507));
#4240=CARTESIAN_POINT('',(-66.8249999999749,35.9222593357959,11.1689339828046));
#4241=CARTESIAN_POINT('Ctrl Pts',(-66.8249999999749,35.9222593357959,11.1689339828046));
#4242=CARTESIAN_POINT('Ctrl Pts',(-67.274586983144,35.3562880937712,11.6185209659738));
#4243=CARTESIAN_POINT('Ctrl Pts',(-67.7643727318109,34.7495401318679,12.1083067146408));
#4244=CARTESIAN_POINT('Ctrl Pts',(-68.232792779521,34.193690759792,12.5767267623509));
#4245=CARTESIAN_POINT('',(-66.8249999999748,35.920099276061,11.0137765957115));
#4246=CARTESIAN_POINT('Ctrl Pts',(-66.8249999999749,35.9222593357959,11.1689339828046));
#4247=CARTESIAN_POINT('Ctrl Pts',(-66.8249999999749,35.9219413110772,11.1531912623474));
#4248=CARTESIAN_POINT('Ctrl Pts',(-66.8249999999749,35.9216537935614,11.1374527013874));
#4249=CARTESIAN_POINT('Ctrl Pts',(-66.8249999999749,35.9207788153734,11.083959660327));
#4250=CARTESIAN_POINT('Ctrl Pts',(-66.8249999999748,35.9203966829921,11.0523510586511));
#4251=CARTESIAN_POINT('Ctrl Pts',(-66.8249999999748,35.9200992758429,11.0137765957116));
#4252=CARTESIAN_POINT('Origin',(7.21667170466844E-11,-16.3227040810521,
11.0137765957115));
#4253=CARTESIAN_POINT('Origin',(7.21556148164382E-11,-16.3227040810521,
17.275));
#4254=CARTESIAN_POINT('',(66.8249999999919,35.9200992760057,11.0137765957115));
#4255=CARTESIAN_POINT('Origin',(7.21667170466844E-11,-16.3227040810521,
11.0137765957115));
#4256=CARTESIAN_POINT('Ctrl Pts',(66.8249999999919,35.9222593359591,11.1689339828217));
#4257=CARTESIAN_POINT('Ctrl Pts',(66.8249999999919,35.9212269588693,11.1178297039032));
#4258=CARTESIAN_POINT('Ctrl Pts',(66.8249999999919,35.9205029908348,11.0661394348489));
#4259=CARTESIAN_POINT('Ctrl Pts',(66.8249999999919,35.9200992760058,11.0137765957115));
#4260=CARTESIAN_POINT('Origin',(-68.3249999999922,33.942338901689,17.2));
#4261=CARTESIAN_POINT('',(-68.3249999999759,34.0689076535991,12.6689339828222));
#4262=CARTESIAN_POINT('',(-68.3249999999922,15.9699442698597,12.6689339828222));
#4263=CARTESIAN_POINT('',(-68.3249999999759,34.0689076535991,17.275));
#4264=CARTESIAN_POINT('',(-68.3249999999922,34.0689076535427,14.1443882978553));
#4265=CARTESIAN_POINT('',(-68.3249999999922,-39.925,17.275));
#4266=CARTESIAN_POINT('',(-68.3249999999922,20.5961694507933,17.275));
#4267=CARTESIAN_POINT('',(-68.3249999999922,-39.925,17.2));
#4268=CARTESIAN_POINT('Origin',(7.21667170466844E-11,-16.3227040810521,
14.1443882978553));
#4269=CARTESIAN_POINT('Origin',(7.21667170466844E-11,-16.3227040810521,
17.275));
#4270=CARTESIAN_POINT('Origin',(7.21667170466844E-11,-16.3227040810521,
-55.6560660172487));
#4271=CARTESIAN_POINT('Origin',(-8.4980911196908E-11,7.24999999989758,17.275));
#4272=CARTESIAN_POINT('',(36.1250000002548,-48.0000000002197,17.275));
#4273=CARTESIAN_POINT('',(64.2500000000195,-58.,17.275));
#4274=CARTESIAN_POINT('Origin',(64.2500000000196,-48.,17.275));
#4275=CARTESIAN_POINT('',(-64.2500000001825,-57.9999999999929,17.275));
#4276=CARTESIAN_POINT('',(-32.1250000001108,-57.9999999999703,17.275));
#4277=CARTESIAN_POINT('Origin',(-64.2500000001894,-47.9999999999928,17.275));
#4278=CARTESIAN_POINT('',(-36.125000000263,-47.9999999999353,17.275));
#4279=CARTESIAN_POINT('',(-34.1625000000386,-39.925,17.275));
#4280=CARTESIAN_POINT('',(35.1249999999658,-39.925,17.275));
#4281=CARTESIAN_POINT('',(39.686269665971,-4.99999999998298,17.275));
#4282=CARTESIAN_POINT('',(19.8431348329538,-5.00000000001784,17.275));
#4283=CARTESIAN_POINT('',(4.99999999993468,-39.6862696659771,17.275));
#4284=CARTESIAN_POINT('Origin',(0.,0.,17.275));
#4285=CARTESIAN_POINT('',(4.99999999994581,-49.9999999999954,17.275));
#4286=CARTESIAN_POINT('',(4.99999999991762,-23.8750000000462,17.275));
#4287=CARTESIAN_POINT('',(60.2499999994801,-50.0000000000005,17.275));
#4288=CARTESIAN_POINT('',(30.1249999996949,-49.9999999999977,17.275));
#4289=CARTESIAN_POINT('Origin',(60.2500000000138,-48.,17.275));
#4290=CARTESIAN_POINT('',(-39.6862696659578,5.00000000008772,17.275));
#4291=CARTESIAN_POINT('',(-19.8431348330256,5.00000000001354,17.275));
#4292=CARTESIAN_POINT('',(-17.8900522977032,35.7763333613919,17.275));
#4293=CARTESIAN_POINT('Origin',(0.,0.,17.275));
#4294=CARTESIAN_POINT('',(-25.3256572514215,56.2054900717404,17.275));
#4295=CARTESIAN_POINT('',(-16.8325115207004,32.8707639564211,17.275));
#4296=CARTESIAN_POINT('',(-61.8604737383741,29.2295697495796,17.275));
#4297=CARTESIAN_POINT('Origin',(7.21556148164382E-11,-16.3227040810521,
17.275));
#4298=CARTESIAN_POINT('Origin',(-60.2499999995204,28.0436632035117,17.275));
#4299=CARTESIAN_POINT('',(-60.2500092496563,-49.9999999999743,17.275));
#4300=CARTESIAN_POINT('Origin',(-60.2499999999591,-47.9999999999943,17.275));
#4301=CARTESIAN_POINT('',(-5.00000000005419,-49.9999999999863,17.275));
#4302=CARTESIAN_POINT('',(-2.50000000007258,-49.9999999999869,17.275));
#4303=CARTESIAN_POINT('',(-5.00000000006532,-39.6862696659606,17.275));
#4304=CARTESIAN_POINT('',(-5.00000000009065,-16.2181348330342,17.275));
#4305=CARTESIAN_POINT('',(-39.6862696659799,-4.99999999991226,17.275));
#4306=CARTESIAN_POINT('Origin',(0.,0.,17.275));
#4307=CARTESIAN_POINT('',(-32.6249999999573,-4.99999999993867,17.275));
#4308=CARTESIAN_POINT('',(61.8604737388926,29.229569749065,17.275));
#4309=CARTESIAN_POINT('Origin',(60.2500000000634,28.0436632029687,17.275));
#4310=CARTESIAN_POINT('',(25.3256572520933,56.2054900715581,17.275));
#4311=CARTESIAN_POINT('Origin',(6.97664148674448E-11,-16.3227040810495,
17.275));
#4312=CARTESIAN_POINT('',(17.8900522983207,35.7763333610831,17.275));
#4313=CARTESIAN_POINT('',(12.2595896027052,20.306764243798,17.275));
#4314=CARTESIAN_POINT('',(39.6862696659667,5.00000000001702,17.275));
#4315=CARTESIAN_POINT('Origin',(0.,0.,17.275));
#4316=CARTESIAN_POINT('',(32.6249999999168,5.00000000000462,17.275));
#4317=CARTESIAN_POINT('',(-17.3866879414307,63.631395160438,17.275));
#4318=CARTESIAN_POINT('',(17.3866879421285,63.6313951603176,17.275));
#4319=CARTESIAN_POINT('Origin',(7.21556148164382E-11,-16.3227040810521,
17.275));
#4320=CARTESIAN_POINT('',(-4.99353626028243,29.5814907605625,17.275));
#4321=CARTESIAN_POINT('',(-1.11286847945048,18.9194436603077,17.275));
#4322=CARTESIAN_POINT('',(4.9935362610078,29.5814907605625,17.275));
#4323=CARTESIAN_POINT('Origin',(0.,0.,17.275));
#4324=CARTESIAN_POINT('',(7.30944432067955,35.9443958600436,17.275));
#4325=CARTESIAN_POINT('Origin',(-72.250000000441,-47.9999999999353,14.1443882978542));
#4326=CARTESIAN_POINT('Origin',(72.250000000271,-48.0000000000081,14.1443882978542));
#4327=CARTESIAN_POINT('Origin',(-1.17958975920374E-10,-16.3227040811969,
7.2));
#4328=CARTESIAN_POINT('',(68.3023686947915,33.9731959335376,7.2));
#4329=CARTESIAN_POINT('',(66.8249999999919,35.9200992759435,7.2));
#4330=CARTESIAN_POINT('Origin',(60.2500000000214,28.0436632029674,17.2));
#4331=CARTESIAN_POINT('',(70.2499999999922,28.0436632029674,7.2));
#4332=CARTESIAN_POINT('Origin',(-70.2499999999202,-39.925,17.2));
#4333=CARTESIAN_POINT('',(-70.2499999996692,28.0436632029674,7.2));
#4334=CARTESIAN_POINT('',(-70.2499999999202,-39.925,17.2));
#4335=CARTESIAN_POINT('Origin',(-60.2499999995077,28.0436632035117,17.2));
#4336=CARTESIAN_POINT('',(-68.3023686947454,33.9731959335038,7.2));
#4337=CARTESIAN_POINT('Origin',(3.48610029732299E-11,-16.3227040810236,
7.2));
#4338=CARTESIAN_POINT('',(-66.8249999999748,35.920099276061,7.2));
#4339=CARTESIAN_POINT('Origin',(-66.824999999973,-39.925,7.2));
#4340=CARTESIAN_POINT('',(-66.824999999973,-36.384534846242,7.2));
#4341=CARTESIAN_POINT('',(-66.824999999973,-39.925,7.2));
#4342=CARTESIAN_POINT('Origin',(-66.74999999995,-35.4375,7.2));
#4343=CARTESIAN_POINT('',(-67.6999999999501,-35.4375,7.2));
#4344=CARTESIAN_POINT('Origin',(-67.6999999999501,-35.4375,7.2));
#4345=CARTESIAN_POINT('',(-67.6999999999501,-34.5625,7.2));
#4346=CARTESIAN_POINT('Origin',(-66.7499999999501,-34.5625,7.2));
#4347=CARTESIAN_POINT('Origin',(-66.8249999999501,-33.6154651537562,7.2));
#4348=CARTESIAN_POINT('',(-66.8249999999502,21.6313570379502,11.16893398278));
#4349=CARTESIAN_POINT('',(-66.8249999999502,21.6313570379502,7.2));
#4350=CARTESIAN_POINT('',(-66.8249999999501,-17.8089577578629,11.1689339827799));
#4351=CARTESIAN_POINT('Origin',(-66.7499999999502,22.578391884194,7.2));
#4352=CARTESIAN_POINT('',(-67.6999999999502,22.578391884194,12.0439339827801));
#4353=CARTESIAN_POINT('',(-67.6999999999502,22.578391884194,7.2));
#4354=CARTESIAN_POINT('Origin',(-66.7499999999502,22.578391884194,11.09393398278));
#4355=CARTESIAN_POINT('Origin',(-67.6999999999502,22.578391884194,7.2));
#4356=CARTESIAN_POINT('',(-67.6999999999502,23.453391884194,12.0439339827801));
#4357=CARTESIAN_POINT('',(-67.6999999999502,23.453391884194,7.2));
#4358=CARTESIAN_POINT('',(-67.69999999995,10.2879707611122,12.0439339827799));
#4359=CARTESIAN_POINT('Origin',(67.69999999995,-34.5625,7.2));
#4360=CARTESIAN_POINT('',(67.69999999995,-35.4375,7.2));
#4361=CARTESIAN_POINT('',(67.69999999995,-34.5625,7.2));
#4362=CARTESIAN_POINT('Origin',(66.74999999995,-35.4375,7.2));
#4363=CARTESIAN_POINT('',(66.8249999999674,-36.3845348462424,7.2));
#4364=CARTESIAN_POINT('Origin',(66.8249999999674,-36.3845348462424,7.2));
#4365=CARTESIAN_POINT('',(66.8249999999693,-39.925,7.2));
#4366=CARTESIAN_POINT('Origin',(70.2500000000166,-39.925,17.2));
#4367=CARTESIAN_POINT('',(70.2500000000166,-39.925,17.2));
#4368=CARTESIAN_POINT('Origin',(70.2499999999922,28.0436632029689,17.2));
#4369=CARTESIAN_POINT('Origin',(-68.5905330085601,-2.0024503619695,12.9344669913901));
#4370=CARTESIAN_POINT('',(-66.8249999999528,24.4004267304376,11.1689339827826));
#4371=CARTESIAN_POINT('Origin',(-66.7499999999502,23.453391884194,11.09393398278));
#4372=CARTESIAN_POINT('',(-66.8249999999275,11.1989881842336,11.1689339827573));
#4373=CARTESIAN_POINT('Origin',(-66.8249999999528,24.4004267304376,7.2));
#4374=CARTESIAN_POINT('',(-66.8249999999528,24.4004267304376,7.2));
#4375=CARTESIAN_POINT('Origin',(-66.7499999999502,23.453391884194,7.2));
#4376=CARTESIAN_POINT('Origin',(-68.3249999999922,-39.925,17.2));
#4377=CARTESIAN_POINT('Origin',(66.7499999999502,22.578391884194,7.2));
#4378=CARTESIAN_POINT('',(66.8249999999337,21.6313570379489,7.2));
#4379=CARTESIAN_POINT('',(67.69999999995,22.578391884194,7.2));
#4380=CARTESIAN_POINT('Origin',(67.69999999995,23.453391884194,7.2));
#4381=CARTESIAN_POINT('',(67.69999999995,23.453391884194,7.2));
#4382=CARTESIAN_POINT('Origin',(66.7499999999502,23.453391884194,7.2));
#4383=CARTESIAN_POINT('',(66.8249999999586,24.4004267304371,7.2));
#4384=CARTESIAN_POINT('Origin',(66.8249999999919,35.9200992759435,7.2));
#4385=CARTESIAN_POINT('Origin',(66.7499999999501,-34.5625,7.2));
#4386=CARTESIAN_POINT('Origin',(66.8249999999337,21.6313570379489,7.2));
#4387=CARTESIAN_POINT('Origin',(-27.0358961349239,60.9043327860419,17.2));
#4388=CARTESIAN_POINT('',(-17.8900522977032,35.7763333613919,17.2));
#4389=CARTESIAN_POINT('',(-25.3256572514215,56.2054900717404,17.2));
#4390=CARTESIAN_POINT('Origin',(7.21556148164382E-11,-16.3227040810521,
17.2));
#4391=CARTESIAN_POINT('',(-61.8604737383741,29.2295697495796,17.2));
#4392=CARTESIAN_POINT('Origin',(-60.2499999995204,28.0436632035117,17.2));
#4393=CARTESIAN_POINT('Origin',(-60.2499999999591,-47.9999999999943,17.2));
#4394=CARTESIAN_POINT('',(-60.2500092496563,-49.9999999999743,17.2));
#4395=CARTESIAN_POINT('Origin',(-5.00000000004771,-49.9999999999863,17.2));
#4396=CARTESIAN_POINT('',(-5.00000000005419,-49.9999999999863,17.2));
#4397=CARTESIAN_POINT('Origin',(-5.00000000006532,-39.6862696659606,17.2));
#4398=CARTESIAN_POINT('',(-5.00000000006532,-39.6862696659606,17.2));
#4399=CARTESIAN_POINT('Origin',(0.,0.,17.2));
#4400=CARTESIAN_POINT('',(-39.6862696659799,-4.99999999991226,17.2));
#4401=CARTESIAN_POINT('Origin',(-65.2499999997838,-4.9999999998167,17.2));
#4402=CARTESIAN_POINT('Origin',(-39.6862696659578,5.00000000008773,17.2));
#4403=CARTESIAN_POINT('',(-39.6862696659578,5.00000000008772,17.2));
#4404=CARTESIAN_POINT('Origin',(0.,0.,17.2));
#4405=CARTESIAN_POINT('Origin',(65.2499999999147,5.00000000006193,17.2));
#4406=CARTESIAN_POINT('',(39.6862696659667,5.00000000001702,17.2));
#4407=CARTESIAN_POINT('Origin',(39.686269665971,-4.99999999998298,17.2));
#4408=CARTESIAN_POINT('',(39.686269665971,-4.99999999998298,17.2));
#4409=CARTESIAN_POINT('Origin',(0.,0.,17.2));
#4410=CARTESIAN_POINT('',(4.99999999993468,-39.6862696659771,17.2));
#4411=CARTESIAN_POINT('Origin',(4.99999999995121,-54.9999999999954,17.2));
#4412=CARTESIAN_POINT('',(4.99999999994581,-49.9999999999954,17.2));
#4413=CARTESIAN_POINT('Origin',(60.2499999994801,-50.0000000000005,17.2));
#4414=CARTESIAN_POINT('',(60.2499999994801,-50.0000000000005,17.2));
#4415=CARTESIAN_POINT('Origin',(60.2500000000138,-48.,17.2));
#4416=CARTESIAN_POINT('Origin',(60.2500000000634,28.0436632029687,17.2));
#4417=CARTESIAN_POINT('',(61.8604737388926,29.229569749065,17.2));
#4418=CARTESIAN_POINT('Origin',(6.97664148674448E-11,-16.3227040810495,
17.2));
#4419=CARTESIAN_POINT('',(25.3256572520933,56.2054900715581,17.2));
#4420=CARTESIAN_POINT('Origin',(17.8900522983207,35.7763333610831,17.2));
#4421=CARTESIAN_POINT('',(17.8900522983207,35.7763333610831,17.2));
#4422=CARTESIAN_POINT('Origin',(0.,0.,17.2));
#4423=CARTESIAN_POINT('Origin',(-4.99353626028243,29.5814907605625,17.2));
#4424=CARTESIAN_POINT('',(-17.3866879414307,63.631395160438,17.2));
#4425=CARTESIAN_POINT('',(-4.99353626028243,29.5814907605625,17.2));
#4426=CARTESIAN_POINT('Origin',(0.,0.,17.2));
#4427=CARTESIAN_POINT('',(4.9935362610078,29.5814907605625,17.2));
#4428=CARTESIAN_POINT('Origin',(17.3866879421285,63.6313951603176,17.2));
#4429=CARTESIAN_POINT('',(17.3866879421285,63.6313951603176,17.2));
#4430=CARTESIAN_POINT('Origin',(7.21556148164382E-11,-16.3227040810521,
17.2));
#4431=CARTESIAN_POINT('Origin',(-64.2500000001825,-57.9999999999929,17.2));
#4432=CARTESIAN_POINT('',(64.2500000000195,-58.,17.2));
#4433=CARTESIAN_POINT('',(-64.2500000001825,-57.9999999999929,17.2));
#4434=CARTESIAN_POINT('Origin',(-64.2500000001894,-47.9999999999928,17.2));
#4435=CARTESIAN_POINT('Origin',(-60.2499999995077,28.0436632035117,17.2));
#4436=CARTESIAN_POINT('',(-71.5233161720803,36.3450090264303,17.2));
#4437=CARTESIAN_POINT('Origin',(7.21556148164382E-11,-16.3227040810521,
17.2));
#4438=CARTESIAN_POINT('Origin',(74.2500000000195,-47.9999999999964,17.2));
#4439=CARTESIAN_POINT('',(74.2500000000195,-47.9999999999964,17.2));
#4440=CARTESIAN_POINT('Origin',(64.2500000000196,-48.,17.2));
#4441=UNCERTAINTY_MEASURE_WITH_UNIT(LENGTH_MEASURE(0.01),#4445,
'DISTANCE_ACCURACY_VALUE',
'Maximum model space distance between geometric entities at asserted c
onnectivities');
#4442=UNCERTAINTY_MEASURE_WITH_UNIT(LENGTH_MEASURE(0.01),#4445,
'DISTANCE_ACCURACY_VALUE',
'Maximum model space distance between geometric entities at asserted c
onnectivities');
#4443=(
GEOMETRIC_REPRESENTATION_CONTEXT(3)
GLOBAL_UNCERTAINTY_ASSIGNED_CONTEXT((#4441))
GLOBAL_UNIT_ASSIGNED_CONTEXT((#4445,#4447,#4448))
REPRESENTATION_CONTEXT('','3D')
);
#4444=(
GEOMETRIC_REPRESENTATION_CONTEXT(3)
GLOBAL_UNCERTAINTY_ASSIGNED_CONTEXT((#4442))
GLOBAL_UNIT_ASSIGNED_CONTEXT((#4445,#4447,#4448))
REPRESENTATION_CONTEXT('','3D')
);
#4445=(
LENGTH_UNIT()
NAMED_UNIT(*)
SI_UNIT(.MILLI.,.METRE.)
);
#4446=(
LENGTH_UNIT()
NAMED_UNIT(*)
SI_UNIT($,.METRE.)
);
#4447=(
NAMED_UNIT(*)
PLANE_ANGLE_UNIT()
SI_UNIT($,.RADIAN.)
);
#4448=(
NAMED_UNIT(*)
SI_UNIT($,.STERADIAN.)
SOLID_ANGLE_UNIT()
);
#4449=SHAPE_DEFINITION_REPRESENTATION(#4450,#4451);
#4450=PRODUCT_DEFINITION_SHAPE('',$,#4453);
#4451=SHAPE_REPRESENTATION('',(#2468),#4443);
#4452=PRODUCT_DEFINITION_CONTEXT('part definition',#4457,'design');
#4453=PRODUCT_DEFINITION('2026-08-24-20-33-51-762','ThymioSkinHolder',#4454,
#4452);
#4454=PRODUCT_DEFINITION_FORMATION('',$,#4459);
#4455=PRODUCT_RELATED_PRODUCT_CATEGORY('ThymioSkinHolder',
'ThymioSkinHolder',(#4459));
#4456=APPLICATION_PROTOCOL_DEFINITION('international standard',
'automotive_design',2009,#4457);
#4457=APPLICATION_CONTEXT(
'Core Data for Automotive Mechanical Design Process');
#4458=PRODUCT_CONTEXT('part definition',#4457,'mechanical');
#4459=PRODUCT('2026-08-24-20-33-51-762','ThymioSkinHolder',$,(#4458));
#4460=PRESENTATION_STYLE_ASSIGNMENT((#4461));
#4461=SURFACE_STYLE_USAGE(.BOTH.,#4462);
#4462=SURFACE_SIDE_STYLE('',(#4463));
#4463=SURFACE_STYLE_FILL_AREA(#4464);
#4464=FILL_AREA_STYLE('Steel - Satin',(#4465));
#4465=FILL_AREA_STYLE_COLOUR('Steel - Satin',#4466);
#4466=COLOUR_RGB('Steel - Satin',0.627450980392157,0.627450980392157,0.627450980392157);
ENDSEC;
END-ISO-10303-21;
