ISO-10303-21;
HEADER;
/* Generated by software containing ST-Developer
 * from STEP Tools, Inc. (www.steptools.com) 
 */

FILE_DESCRIPTION(
/* description */ (''),
/* implementation_level */ '2;1');

FILE_NAME(
/* name */ 'ThymioSkinAdapter.step',
/* time_stamp */ '2026-08-24T20:33:45+01:00',
/* author */ (''),
/* organization */ (''),
/* preprocessor_version */ 'ST-DEVELOPER v20.1',
/* originating_system */ 'Autodesk Translation Framework v15.8.0.0',
/* authorisation */ '');

FILE_SCHEMA (('AUTOMOTIVE_DESIGN { 1 0 10303 214 3 1 1 }'));
ENDSEC;

DATA;
#10=MECHANICAL_DESIGN_GEOMETRIC_PRESENTATION_REPRESENTATION('',(#13),#13606);
#11=SHAPE_REPRESENTATION_RELATIONSHIP('SRR','None',#13613,#12);
#12=ADVANCED_BREP_SHAPE_REPRESENTATION('',(#14),#13605);
#13=STYLED_ITEM('',(#13622),#14);
#14=MANIFOLD_SOLID_BREP('Body1',#6813);
#15=B_SPLINE_SURFACE_WITH_KNOTS('',3,3,((#10837,#10838,#10839,#10840),(#10841,
#10842,#10843,#10844),(#10845,#10846,#10847,#10848),(#10849,#10850,#10851,
#10852)),.UNSPECIFIED.,.F.,.F.,.F.,(4,4),(4,4),(0.,1.),(2.49487764877264,
2.53658813803241),.UNSPECIFIED.);
#16=B_SPLINE_SURFACE_WITH_KNOTS('',3,3,((#10899,#10900,#10901,#10902),(#10903,
#10904,#10905,#10906),(#10907,#10908,#10909,#10910),(#10911,#10912,#10913,
#10914)),.UNSPECIFIED.,.F.,.F.,.F.,(4,4),(4,4),(0.,1.),(0.605004515560472,
0.646715004819863),.UNSPECIFIED.);
#17=B_SPLINE_SURFACE_WITH_KNOTS('',3,3,((#11290,#11291,#11292,#11293,#11294,
#11295,#11296,#11297,#11298,#11299,#11300,#11301,#11302,#11303,#11304,#11305,
#11306,#11307,#11308,#11309,#11310,#11311,#11312,#11313,#11314,#11315,#11316,
#11317,#11318,#11319,#11320,#11321,#11322,#11323,#11324,#11325,#11326,#11327,
#11328,#11329,#11330,#11331,#11332,#11333,#11334,#11335,#11336,#11337,#11338,
#11339,#11340,#11341,#11342,#11343,#11344,#11345,#11346,#11347,#11348,#11349,
#11350,#11351,#11352,#11353,#11354,#11355,#11356,#11357,#11358,#11359,#11360,
#11361,#11362,#11363,#11364,#11365,#11366,#11367,#11368,#11369,#11370,#11371,
#11372,#11373,#11374,#11375,#11376,#11377,#11378),(#11379,#11380,#11381,
#11382,#11383,#11384,#11385,#11386,#11387,#11388,#11389,#11390,#11391,#11392,
#11393,#11394,#11395,#11396,#11397,#11398,#11399,#11400,#11401,#11402,#11403,
#11404,#11405,#11406,#11407,#11408,#11409,#11410,#11411,#11412,#11413,#11414,
#11415,#11416,#11417,#11418,#11419,#11420,#11421,#11422,#11423,#11424,#11425,
#11426,#11427,#11428,#11429,#11430,#11431,#11432,#11433,#11434,#11435,#11436,
#11437,#11438,#11439,#11440,#11441,#11442,#11443,#11444,#11445,#11446,#11447,
#11448,#11449,#11450,#11451,#11452,#11453,#11454,#11455,#11456,#11457,#11458,
#11459,#11460,#11461,#11462,#11463,#11464,#11465,#11466,#11467),(#11468,
#11469,#11470,#11471,#11472,#11473,#11474,#11475,#11476,#11477,#11478,#11479,
#11480,#11481,#11482,#11483,#11484,#11485,#11486,#11487,#11488,#11489,#11490,
#11491,#11492,#11493,#11494,#11495,#11496,#11497,#11498,#11499,#11500,#11501,
#11502,#11503,#11504,#11505,#11506,#11507,#11508,#11509,#11510,#11511,#11512,
#11513,#11514,#11515,#11516,#11517,#11518,#11519,#11520,#11521,#11522,#11523,
#11524,#11525,#11526,#11527,#11528,#11529,#11530,#11531,#11532,#11533,#11534,
#11535,#11536,#11537,#11538,#11539,#11540,#11541,#11542,#11543,#11544,#11545,
#11546,#11547,#11548,#11549,#11550,#11551,#11552,#11553,#11554,#11555,#11556),
(#11557,#11558,#11559,#11560,#11561,#11562,#11563,#11564,#11565,#11566,
#11567,#11568,#11569,#11570,#11571,#11572,#11573,#11574,#11575,#11576,#11577,
#11578,#11579,#11580,#11581,#11582,#11583,#11584,#11585,#11586,#11587,#11588,
#11589,#11590,#11591,#11592,#11593,#11594,#11595,#11596,#11597,#11598,#11599,
#11600,#11601,#11602,#11603,#11604,#11605,#11606,#11607,#11608,#11609,#11610,
#11611,#11612,#11613,#11614,#11615,#11616,#11617,#11618,#11619,#11620,#11621,
#11622,#11623,#11624,#11625,#11626,#11627,#11628,#11629,#11630,#11631,#11632,
#11633,#11634,#11635,#11636,#11637,#11638,#11639,#11640,#11641,#11642,#11643,
#11644,#11645)),.UNSPECIFIED.,.F.,.F.,.F.,(4,4),(4,1,1,1,1,1,1,1,1,1,1,
1,1,1,1,1,1,1,1,1,1,1,1,1,1,1,1,1,1,1,1,1,1,1,1,1,1,1,1,1,1,1,1,1,1,1,1,
1,1,1,1,1,1,1,1,1,1,1,1,1,1,1,1,1,1,1,1,1,1,1,1,1,1,1,1,1,1,1,1,1,1,1,1,
1,1,1,4),(0.,0.0864928438273036),(9.01758000349878,9.5082698978063,9.99895979211382,
10.4896496864213,10.9803395807289,11.4710294750364,11.9617193693439,12.4524092636514,
12.943099157959,13.4337890522665,13.924478946574,14.4151688408815,14.9058587351891,
15.3965486294966,15.8872385238041,16.3779284181116,16.8686183124191,17.3593082067267,
17.8499981010342,18.3406879953417,18.8313778896492,19.3220677839568,19.8127576782643,
20.3034475725718,20.7941374668793,21.2848273611869,21.7755172554944,22.2662071498019,
22.7568970441094,23.2475869384169,23.7382768327245,24.228966727032,24.7196566213395,
25.210346515647,25.7010364099546,26.1917263042621,26.6824161985696,27.1731060928771,
27.6637959871847,28.1544858814922,28.6451757757997,29.1358656701072,29.6265555644147,
30.1172454587223,30.6079353530298,31.0986252473373,31.5893151416448,32.0800050359524,
32.5706949302599,33.0613848245674,33.5520747188749,34.0427646131825,34.53345450749,
35.0241444017975,35.514834296105,36.0055241904125,36.4962140847201,36.9869039790276,
37.4775938733351,37.9682837676426,38.4589736619502,38.9496635562577,39.4403534505652,
39.9310433448727,40.4217332391802,40.9124231334878,41.4031130277953,41.8938029221028,
42.3844928164103,42.8751827107179,43.3658726050254,43.8565624993329,44.3472523936404,
44.837942287948,45.3286321822555,45.819322076563,46.3100119708705,46.800701865178,
47.2913917594856,47.7820816537931,48.2727715481006,48.7634614424081,49.2541513367157,
49.7448412310232,50.2355311253307,50.7262210196382,51.2169109139458),
 .UNSPECIFIED.);
#18=B_SPLINE_SURFACE_WITH_KNOTS('',3,3,((#11794,#11795,#11796,#11797,#11798,
#11799,#11800,#11801,#11802,#11803,#11804,#11805,#11806,#11807,#11808,#11809,
#11810,#11811,#11812,#11813,#11814,#11815,#11816,#11817,#11818,#11819,#11820,
#11821,#11822,#11823,#11824,#11825,#11826,#11827,#11828,#11829,#11830,#11831,
#11832,#11833,#11834,#11835,#11836,#11837,#11838,#11839,#11840,#11841,#11842,
#11843,#11844,#11845,#11846,#11847,#11848,#11849,#11850,#11851,#11852,#11853,
#11854,#11855,#11856,#11857,#11858,#11859,#11860,#11861,#11862,#11863,#11864,
#11865,#11866,#11867,#11868,#11869,#11870,#11871,#11872,#11873,#11874,#11875,
#11876,#11877,#11878,#11879,#11880,#11881,#11882),(#11883,#11884,#11885,
#11886,#11887,#11888,#11889,#11890,#11891,#11892,#11893,#11894,#11895,#11896,
#11897,#11898,#11899,#11900,#11901,#11902,#11903,#11904,#11905,#11906,#11907,
#11908,#11909,#11910,#11911,#11912,#11913,#11914,#11915,#11916,#11917,#11918,
#11919,#11920,#11921,#11922,#11923,#11924,#11925,#11926,#11927,#11928,#11929,
#11930,#11931,#11932,#11933,#11934,#11935,#11936,#11937,#11938,#11939,#11940,
#11941,#11942,#11943,#11944,#11945,#11946,#11947,#11948,#11949,#11950,#11951,
#11952,#11953,#11954,#11955,#11956,#11957,#11958,#11959,#11960,#11961,#11962,
#11963,#11964,#11965,#11966,#11967,#11968,#11969,#11970,#11971),(#11972,
#11973,#11974,#11975,#11976,#11977,#11978,#11979,#11980,#11981,#11982,#11983,
#11984,#11985,#11986,#11987,#11988,#11989,#11990,#11991,#11992,#11993,#11994,
#11995,#11996,#11997,#11998,#11999,#12000,#12001,#12002,#12003,#12004,#12005,
#12006,#12007,#12008,#12009,#12010,#12011,#12012,#12013,#12014,#12015,#12016,
#12017,#12018,#12019,#12020,#12021,#12022,#12023,#12024,#12025,#12026,#12027,
#12028,#12029,#12030,#12031,#12032,#12033,#12034,#12035,#12036,#12037,#12038,
#12039,#12040,#12041,#12042,#12043,#12044,#12045,#12046,#12047,#12048,#12049,
#12050,#12051,#12052,#12053,#12054,#12055,#12056,#12057,#12058,#12059,#12060),
(#12061,#12062,#12063,#12064,#12065,#12066,#12067,#12068,#12069,#12070,
#12071,#12072,#12073,#12074,#12075,#12076,#12077,#12078,#12079,#12080,#12081,
#12082,#12083,#12084,#12085,#12086,#12087,#12088,#12089,#12090,#12091,#12092,
#12093,#12094,#12095,#12096,#12097,#12098,#12099,#12100,#12101,#12102,#12103,
#12104,#12105,#12106,#12107,#12108,#12109,#12110,#12111,#12112,#12113,#12114,
#12115,#12116,#12117,#12118,#12119,#12120,#12121,#12122,#12123,#12124,#12125,
#12126,#12127,#12128,#12129,#12130,#12131,#12132,#12133,#12134,#12135,#12136,
#12137,#12138,#12139,#12140,#12141,#12142,#12143,#12144,#12145,#12146,#12147,
#12148,#12149)),.UNSPECIFIED.,.F.,.F.,.F.,(4,4),(4,1,1,1,1,1,1,1,1,1,1,
1,1,1,1,1,1,1,1,1,1,1,1,1,1,1,1,1,1,1,1,1,1,1,1,1,1,1,1,1,1,1,1,1,1,1,1,
1,1,1,1,1,1,1,1,1,1,1,1,1,1,1,1,1,1,1,1,1,1,1,1,1,1,1,1,1,1,1,1,1,1,1,1,
1,1,1,4),(0.0461880215351653,0.132680865362468),(11.6149421578501,12.1056320521576,
12.5963219464651,13.0870118407727,13.5777017350802,14.0683916293877,14.5590815236952,
15.0497714180028,15.5404613123103,16.0311512066178,16.5218411009253,17.0125309952329,
17.5032208895404,17.9939107838479,18.4846006781554,18.9752905724629,19.4659804667705,
19.956670361078,20.4473602553855,20.938050149693,21.4287400440006,21.9194299383081,
22.4101198326156,22.9008097269231,23.3914996212307,23.8821895155382,24.3728794098457,
24.8635693041532,25.3542591984607,25.8449490927683,26.3356389870758,26.8263288813833,
27.3170187756908,27.8077086699984,28.2983985643059,28.7890884586134,29.2797783529209,
29.7704682472284,30.261158141536,30.7518480358435,31.242537930151,31.7332278244585,
32.2239177187661,32.7146076130736,33.2052975073811,33.6959874016886,34.1866772959962,
34.6773671903037,35.1680570846112,35.6587469789187,36.1494368732262,36.6401267675338,
37.1308166618413,37.6215065561488,38.1121964504563,38.6028863447639,39.0935762390714,
39.5842661333789,40.0749560276864,40.5656459219939,41.0563358163015,41.547025710609,
42.0377156049165,42.528405499224,43.0190953935316,43.5097852878391,44.0004751821466,
44.4911650764541,44.9818549707617,45.4725448650692,45.9632347593767,46.4539246536842,
46.9446145479917,47.4353044422993,47.9259943366068,48.4166842309143,48.9073741252218,
49.3980640195294,49.8887539138369,50.3794438081444,50.8701337024519,51.3608235967594,
51.851513491067,52.3422033853745,52.832893279682,53.3235831739895,53.8142730682971),
 .UNSPECIFIED.);
#19=ELLIPSE('',#7001,1.23743686707652,0.875000000000003);
#20=ELLIPSE('',#7002,1.23743686707652,0.875000000000003);
#21=ELLIPSE('',#7006,1.23743686707652,0.875000000000003);
#22=ELLIPSE('',#7007,1.23743686707652,0.875000000000003);
#23=ELLIPSE('',#7027,1.23743686707652,0.875000000000003);
#24=ELLIPSE('',#7028,1.23743686707652,0.875000000000003);
#25=ELLIPSE('',#7045,1.23743686707652,0.875000000000003);
#26=ELLIPSE('',#7046,1.23743686707652,0.875000000000003);
#27=ELLIPSE('',#7149,2.79508497187469,2.5);
#28=ELLIPSE('',#7150,6.14918693812431,5.5);
#29=ELLIPSE('',#7151,6.14918693812475,5.50000000000039);
#30=ELLIPSE('',#7152,2.79508497187469,2.5);
#31=ELLIPSE('',#7158,2.79508497187473,2.5);
#32=ELLIPSE('',#7159,6.14918693812446,5.50000000000004);
#33=ELLIPSE('',#7160,6.14918693812442,5.5);
#34=ELLIPSE('',#7161,2.79508497187473,2.5);
#35=ELLIPSE('',#7193,3.53553390593274,2.5);
#36=ELLIPSE('',#7194,3.53553390593274,2.5);
#37=ELLIPSE('',#7197,3.53553390593273,2.5);
#38=ELLIPSE('',#7199,3.53553390593273,2.5);
#39=ELLIPSE('',#7208,3.53553390593273,2.5);
#40=ELLIPSE('',#7210,3.53553390593273,2.5);
#41=ELLIPSE('',#7217,3.53553390593274,2.5);
#42=ELLIPSE('',#7218,3.53553390593274,2.5);
#43=ELLIPSE('',#7225,3.53553390593273,2.5);
#44=ELLIPSE('',#7227,3.53553390593273,2.5);
#45=ELLIPSE('',#7234,3.53553390593274,2.5);
#46=ELLIPSE('',#7235,3.53553390593274,2.5);
#47=ELLIPSE('',#7245,3.53553390593274,2.5);
#48=ELLIPSE('',#7246,3.53553390593274,2.5);
#49=ELLIPSE('',#7249,3.53553390593273,2.5);
#50=ELLIPSE('',#7251,3.53553390593273,2.5);
#51=FACE_BOUND('',#687,.T.);
#52=FACE_BOUND('',#688,.T.);
#53=FACE_BOUND('',#689,.T.);
#54=FACE_BOUND('',#690,.T.);
#55=FACE_BOUND('',#691,.T.);
#56=FACE_BOUND('',#692,.T.);
#57=FACE_BOUND('',#693,.T.);
#58=FACE_BOUND('',#694,.T.);
#59=FACE_BOUND('',#695,.T.);
#60=FACE_BOUND('',#696,.T.);
#61=FACE_BOUND('',#697,.T.);
#62=FACE_BOUND('',#698,.T.);
#63=FACE_BOUND('',#699,.T.);
#64=FACE_BOUND('',#700,.T.);
#65=FACE_BOUND('',#701,.T.);
#66=FACE_BOUND('',#702,.T.);
#67=FACE_BOUND('',#703,.T.);
#68=FACE_BOUND('',#704,.T.);
#69=FACE_BOUND('',#705,.T.);
#70=FACE_BOUND('',#724,.T.);
#71=FACE_BOUND('',#726,.T.);
#72=FACE_BOUND('',#728,.T.);
#73=FACE_BOUND('',#730,.T.);
#74=FACE_BOUND('',#732,.T.);
#75=FACE_BOUND('',#733,.T.);
#76=FACE_BOUND('',#734,.T.);
#77=FACE_BOUND('',#746,.T.);
#78=FACE_BOUND('',#774,.T.);
#79=FACE_BOUND('',#776,.T.);
#80=FACE_BOUND('',#778,.T.);
#81=FACE_BOUND('',#780,.T.);
#82=FACE_BOUND('',#790,.T.);
#83=FACE_BOUND('',#791,.T.);
#84=FACE_BOUND('',#906,.T.);
#85=FACE_BOUND('',#929,.T.);
#86=FACE_BOUND('',#930,.T.);
#87=FACE_BOUND('',#931,.T.);
#88=FACE_BOUND('',#932,.T.);
#89=FACE_BOUND('',#943,.T.);
#90=FACE_BOUND('',#944,.T.);
#91=FACE_BOUND('',#945,.T.);
#92=FACE_BOUND('',#946,.T.);
#93=FACE_BOUND('',#957,.T.);
#94=FACE_BOUND('',#958,.T.);
#95=FACE_BOUND('',#959,.T.);
#96=FACE_BOUND('',#960,.T.);
#97=FACE_BOUND('',#971,.T.);
#98=FACE_BOUND('',#972,.T.);
#99=FACE_BOUND('',#973,.T.);
#100=FACE_BOUND('',#974,.T.);
#101=CONICAL_SURFACE('',#6851,8.99999999999577,0.785398163397449);
#102=CONICAL_SURFACE('',#6855,8.99999999999999,0.785398163397449);
#103=CONICAL_SURFACE('',#6859,8.99999999997083,0.785398163397448);
#104=CONICAL_SURFACE('',#6862,83.8227040809064,0.78539816339745);
#105=CONICAL_SURFACE('',#6865,9.0000000001615,0.785398163397449);
#106=PLANE('',#6842);
#107=PLANE('',#6843);
#108=PLANE('',#6844);
#109=PLANE('',#6845);
#110=PLANE('',#6846);
#111=PLANE('',#6847);
#112=PLANE('',#6848);
#113=PLANE('',#6849);
#114=PLANE('',#6850);
#115=PLANE('',#6854);
#116=PLANE('',#6858);
#117=PLANE('',#6876);
#118=PLANE('',#6877);
#119=PLANE('',#6929);
#120=PLANE('',#6933);
#121=PLANE('',#6934);
#122=PLANE('',#6935);
#123=PLANE('',#6936);
#124=PLANE('',#6937);
#125=PLANE('',#6941);
#126=PLANE('',#6945);
#127=PLANE('',#6946);
#128=PLANE('',#6947);
#129=PLANE('',#6948);
#130=PLANE('',#6951);
#131=PLANE('',#6952);
#132=PLANE('',#6957);
#133=PLANE('',#6967);
#134=PLANE('',#6977);
#135=PLANE('',#6982);
#136=PLANE('',#6996);
#137=PLANE('',#6997);
#138=PLANE('',#6998);
#139=PLANE('',#6999);
#140=PLANE('',#7000);
#141=PLANE('',#7003);
#142=PLANE('',#7004);
#143=PLANE('',#7005);
#144=PLANE('',#7008);
#145=PLANE('',#7009);
#146=PLANE('',#7010);
#147=PLANE('',#7024);
#148=PLANE('',#7025);
#149=PLANE('',#7026);
#150=PLANE('',#7033);
#151=PLANE('',#7034);
#152=PLANE('',#7039);
#153=PLANE('',#7040);
#154=PLANE('',#7041);
#155=PLANE('',#7042);
#156=PLANE('',#7043);
#157=PLANE('',#7044);
#158=PLANE('',#7051);
#159=PLANE('',#7052);
#160=PLANE('',#7055);
#161=PLANE('',#7056);
#162=PLANE('',#7059);
#163=PLANE('',#7060);
#164=PLANE('',#7073);
#165=PLANE('',#7086);
#166=PLANE('',#7099);
#167=PLANE('',#7116);
#168=PLANE('',#7117);
#169=PLANE('',#7118);
#170=PLANE('',#7120);
#171=PLANE('',#7124);
#172=PLANE('',#7125);
#173=PLANE('',#7135);
#174=PLANE('',#7148);
#175=PLANE('',#7154);
#176=PLANE('',#7157);
#177=PLANE('',#7163);
#178=PLANE('',#7166);
#179=PLANE('',#7172);
#180=PLANE('',#7178);
#181=PLANE('',#7180);
#182=PLANE('',#7182);
#183=PLANE('',#7184);
#184=PLANE('',#7185);
#185=PLANE('',#7187);
#186=PLANE('',#7188);
#187=PLANE('',#7189);
#188=PLANE('',#7190);
#189=PLANE('',#7195);
#190=PLANE('',#7200);
#191=PLANE('',#7202);
#192=PLANE('',#7203);
#193=PLANE('',#7205);
#194=PLANE('',#7206);
#195=PLANE('',#7211);
#196=PLANE('',#7213);
#197=PLANE('',#7214);
#198=PLANE('',#7215);
#199=PLANE('',#7220);
#200=PLANE('',#7221);
#201=PLANE('',#7223);
#202=PLANE('',#7228);
#203=PLANE('',#7230);
#204=PLANE('',#7231);
#205=PLANE('',#7232);
#206=PLANE('',#7237);
#207=PLANE('',#7238);
#208=PLANE('',#7240);
#209=PLANE('',#7241);
#210=PLANE('',#7242);
#211=PLANE('',#7247);
#212=PLANE('',#7252);
#213=PLANE('',#7254);
#214=PLANE('',#7255);
#215=PLANE('',#7257);
#216=PLANE('',#7258);
#217=PLANE('',#7260);
#218=PLANE('',#7261);
#219=PLANE('',#7262);
#220=PLANE('',#7266);
#221=PLANE('',#7269);
#222=PLANE('',#7270);
#223=PLANE('',#7275);
#224=PLANE('',#7276);
#225=PLANE('',#7277);
#226=PLANE('',#7278);
#227=PLANE('',#7282);
#228=PLANE('',#7286);
#229=PLANE('',#7290);
#230=PLANE('',#7294);
#231=PLANE('',#7298);
#232=PLANE('',#7302);
#233=PLANE('',#7306);
#234=PLANE('',#7310);
#235=PLANE('',#7311);
#236=PLANE('',#7318);
#237=PLANE('',#7319);
#238=PLANE('',#7320);
#239=PLANE('',#7321);
#240=PLANE('',#7322);
#241=PLANE('',#7323);
#242=PLANE('',#7324);
#243=PLANE('',#7325);
#244=PLANE('',#7332);
#245=PLANE('',#7333);
#246=PLANE('',#7334);
#247=PLANE('',#7335);
#248=PLANE('',#7336);
#249=PLANE('',#7337);
#250=PLANE('',#7338);
#251=PLANE('',#7339);
#252=PLANE('',#7346);
#253=PLANE('',#7347);
#254=PLANE('',#7348);
#255=PLANE('',#7349);
#256=PLANE('',#7350);
#257=PLANE('',#7351);
#258=PLANE('',#7352);
#259=PLANE('',#7353);
#260=PLANE('',#7360);
#261=PLANE('',#7361);
#262=PLANE('',#7362);
#263=PLANE('',#7363);
#264=PLANE('',#7364);
#265=PLANE('',#7365);
#266=PLANE('',#7366);
#267=PLANE('',#7369);
#268=PLANE('',#7370);
#269=PLANE('',#7371);
#270=PLANE('',#7372);
#271=PLANE('',#7373);
#272=PLANE('',#7375);
#273=PLANE('',#7377);
#274=PLANE('',#7379);
#275=PLANE('',#7381);
#276=PLANE('',#7383);
#277=PLANE('',#7386);
#278=PLANE('',#7387);
#279=PLANE('',#7388);
#280=PLANE('',#7389);
#281=PLANE('',#7391);
#282=PLANE('',#7393);
#283=PLANE('',#7395);
#284=PLANE('',#7397);
#285=PLANE('',#7399);
#286=PLANE('',#7402);
#287=PLANE('',#7403);
#288=PLANE('',#7404);
#289=PLANE('',#7405);
#290=PLANE('',#7407);
#291=PLANE('',#7409);
#292=PLANE('',#7411);
#293=PLANE('',#7414);
#294=PLANE('',#7416);
#295=PLANE('',#7419);
#296=PLANE('',#7421);
#297=PLANE('',#7422);
#298=PLANE('',#7424);
#299=PLANE('',#7426);
#300=PLANE('',#7428);
#301=PLANE('',#7430);
#302=PLANE('',#7432);
#303=PLANE('',#7434);
#304=FACE_OUTER_BOUND('',#653,.T.);
#305=FACE_OUTER_BOUND('',#654,.T.);
#306=FACE_OUTER_BOUND('',#655,.T.);
#307=FACE_OUTER_BOUND('',#656,.T.);
#308=FACE_OUTER_BOUND('',#657,.T.);
#309=FACE_OUTER_BOUND('',#658,.T.);
#310=FACE_OUTER_BOUND('',#659,.T.);
#311=FACE_OUTER_BOUND('',#660,.T.);
#312=FACE_OUTER_BOUND('',#661,.T.);
#313=FACE_OUTER_BOUND('',#662,.T.);
#314=FACE_OUTER_BOUND('',#663,.T.);
#315=FACE_OUTER_BOUND('',#664,.T.);
#316=FACE_OUTER_BOUND('',#665,.T.);
#317=FACE_OUTER_BOUND('',#666,.T.);
#318=FACE_OUTER_BOUND('',#667,.T.);
#319=FACE_OUTER_BOUND('',#668,.T.);
#320=FACE_OUTER_BOUND('',#669,.T.);
#321=FACE_OUTER_BOUND('',#670,.T.);
#322=FACE_OUTER_BOUND('',#671,.T.);
#323=FACE_OUTER_BOUND('',#672,.T.);
#324=FACE_OUTER_BOUND('',#673,.T.);
#325=FACE_OUTER_BOUND('',#674,.T.);
#326=FACE_OUTER_BOUND('',#675,.T.);
#327=FACE_OUTER_BOUND('',#676,.T.);
#328=FACE_OUTER_BOUND('',#677,.T.);
#329=FACE_OUTER_BOUND('',#678,.T.);
#330=FACE_OUTER_BOUND('',#679,.T.);
#331=FACE_OUTER_BOUND('',#680,.T.);
#332=FACE_OUTER_BOUND('',#681,.T.);
#333=FACE_OUTER_BOUND('',#682,.T.);
#334=FACE_OUTER_BOUND('',#683,.T.);
#335=FACE_OUTER_BOUND('',#684,.T.);
#336=FACE_OUTER_BOUND('',#685,.T.);
#337=FACE_OUTER_BOUND('',#686,.T.);
#338=FACE_OUTER_BOUND('',#706,.T.);
#339=FACE_OUTER_BOUND('',#707,.T.);
#340=FACE_OUTER_BOUND('',#708,.T.);
#341=FACE_OUTER_BOUND('',#709,.T.);
#342=FACE_OUTER_BOUND('',#710,.T.);
#343=FACE_OUTER_BOUND('',#711,.T.);
#344=FACE_OUTER_BOUND('',#712,.T.);
#345=FACE_OUTER_BOUND('',#713,.T.);
#346=FACE_OUTER_BOUND('',#714,.T.);
#347=FACE_OUTER_BOUND('',#715,.T.);
#348=FACE_OUTER_BOUND('',#716,.T.);
#349=FACE_OUTER_BOUND('',#717,.T.);
#350=FACE_OUTER_BOUND('',#718,.T.);
#351=FACE_OUTER_BOUND('',#719,.T.);
#352=FACE_OUTER_BOUND('',#720,.T.);
#353=FACE_OUTER_BOUND('',#721,.T.);
#354=FACE_OUTER_BOUND('',#722,.T.);
#355=FACE_OUTER_BOUND('',#723,.T.);
#356=FACE_OUTER_BOUND('',#725,.T.);
#357=FACE_OUTER_BOUND('',#727,.T.);
#358=FACE_OUTER_BOUND('',#729,.T.);
#359=FACE_OUTER_BOUND('',#731,.T.);
#360=FACE_OUTER_BOUND('',#735,.T.);
#361=FACE_OUTER_BOUND('',#736,.T.);
#362=FACE_OUTER_BOUND('',#737,.T.);
#363=FACE_OUTER_BOUND('',#738,.T.);
#364=FACE_OUTER_BOUND('',#739,.T.);
#365=FACE_OUTER_BOUND('',#740,.T.);
#366=FACE_OUTER_BOUND('',#741,.T.);
#367=FACE_OUTER_BOUND('',#742,.T.);
#368=FACE_OUTER_BOUND('',#743,.T.);
#369=FACE_OUTER_BOUND('',#744,.T.);
#370=FACE_OUTER_BOUND('',#745,.T.);
#371=FACE_OUTER_BOUND('',#747,.T.);
#372=FACE_OUTER_BOUND('',#748,.T.);
#373=FACE_OUTER_BOUND('',#749,.T.);
#374=FACE_OUTER_BOUND('',#750,.T.);
#375=FACE_OUTER_BOUND('',#751,.T.);
#376=FACE_OUTER_BOUND('',#752,.T.);
#377=FACE_OUTER_BOUND('',#753,.T.);
#378=FACE_OUTER_BOUND('',#754,.T.);
#379=FACE_OUTER_BOUND('',#755,.T.);
#380=FACE_OUTER_BOUND('',#756,.T.);
#381=FACE_OUTER_BOUND('',#757,.T.);
#382=FACE_OUTER_BOUND('',#758,.T.);
#383=FACE_OUTER_BOUND('',#759,.T.);
#384=FACE_OUTER_BOUND('',#760,.T.);
#385=FACE_OUTER_BOUND('',#761,.T.);
#386=FACE_OUTER_BOUND('',#762,.T.);
#387=FACE_OUTER_BOUND('',#763,.T.);
#388=FACE_OUTER_BOUND('',#764,.T.);
#389=FACE_OUTER_BOUND('',#765,.T.);
#390=FACE_OUTER_BOUND('',#766,.T.);
#391=FACE_OUTER_BOUND('',#767,.T.);
#392=FACE_OUTER_BOUND('',#768,.T.);
#393=FACE_OUTER_BOUND('',#769,.T.);
#394=FACE_OUTER_BOUND('',#770,.T.);
#395=FACE_OUTER_BOUND('',#771,.T.);
#396=FACE_OUTER_BOUND('',#772,.T.);
#397=FACE_OUTER_BOUND('',#773,.T.);
#398=FACE_OUTER_BOUND('',#775,.T.);
#399=FACE_OUTER_BOUND('',#777,.T.);
#400=FACE_OUTER_BOUND('',#779,.T.);
#401=FACE_OUTER_BOUND('',#781,.T.);
#402=FACE_OUTER_BOUND('',#782,.T.);
#403=FACE_OUTER_BOUND('',#783,.T.);
#404=FACE_OUTER_BOUND('',#784,.T.);
#405=FACE_OUTER_BOUND('',#785,.T.);
#406=FACE_OUTER_BOUND('',#786,.T.);
#407=FACE_OUTER_BOUND('',#787,.T.);
#408=FACE_OUTER_BOUND('',#788,.T.);
#409=FACE_OUTER_BOUND('',#789,.T.);
#410=FACE_OUTER_BOUND('',#792,.T.);
#411=FACE_OUTER_BOUND('',#793,.T.);
#412=FACE_OUTER_BOUND('',#794,.T.);
#413=FACE_OUTER_BOUND('',#795,.T.);
#414=FACE_OUTER_BOUND('',#796,.T.);
#415=FACE_OUTER_BOUND('',#797,.T.);
#416=FACE_OUTER_BOUND('',#798,.T.);
#417=FACE_OUTER_BOUND('',#799,.T.);
#418=FACE_OUTER_BOUND('',#800,.T.);
#419=FACE_OUTER_BOUND('',#801,.T.);
#420=FACE_OUTER_BOUND('',#802,.T.);
#421=FACE_OUTER_BOUND('',#803,.T.);
#422=FACE_OUTER_BOUND('',#804,.T.);
#423=FACE_OUTER_BOUND('',#805,.T.);
#424=FACE_OUTER_BOUND('',#806,.T.);
#425=FACE_OUTER_BOUND('',#807,.T.);
#426=FACE_OUTER_BOUND('',#808,.T.);
#427=FACE_OUTER_BOUND('',#809,.T.);
#428=FACE_OUTER_BOUND('',#810,.T.);
#429=FACE_OUTER_BOUND('',#811,.T.);
#430=FACE_OUTER_BOUND('',#812,.T.);
#431=FACE_OUTER_BOUND('',#813,.T.);
#432=FACE_OUTER_BOUND('',#814,.T.);
#433=FACE_OUTER_BOUND('',#815,.T.);
#434=FACE_OUTER_BOUND('',#816,.T.);
#435=FACE_OUTER_BOUND('',#817,.T.);
#436=FACE_OUTER_BOUND('',#818,.T.);
#437=FACE_OUTER_BOUND('',#819,.T.);
#438=FACE_OUTER_BOUND('',#820,.T.);
#439=FACE_OUTER_BOUND('',#821,.T.);
#440=FACE_OUTER_BOUND('',#822,.T.);
#441=FACE_OUTER_BOUND('',#823,.T.);
#442=FACE_OUTER_BOUND('',#824,.T.);
#443=FACE_OUTER_BOUND('',#825,.T.);
#444=FACE_OUTER_BOUND('',#826,.T.);
#445=FACE_OUTER_BOUND('',#827,.T.);
#446=FACE_OUTER_BOUND('',#828,.T.);
#447=FACE_OUTER_BOUND('',#829,.T.);
#448=FACE_OUTER_BOUND('',#830,.T.);
#449=FACE_OUTER_BOUND('',#831,.T.);
#450=FACE_OUTER_BOUND('',#832,.T.);
#451=FACE_OUTER_BOUND('',#833,.T.);
#452=FACE_OUTER_BOUND('',#834,.T.);
#453=FACE_OUTER_BOUND('',#835,.T.);
#454=FACE_OUTER_BOUND('',#836,.T.);
#455=FACE_OUTER_BOUND('',#837,.T.);
#456=FACE_OUTER_BOUND('',#838,.T.);
#457=FACE_OUTER_BOUND('',#839,.T.);
#458=FACE_OUTER_BOUND('',#840,.T.);
#459=FACE_OUTER_BOUND('',#841,.T.);
#460=FACE_OUTER_BOUND('',#842,.T.);
#461=FACE_OUTER_BOUND('',#843,.T.);
#462=FACE_OUTER_BOUND('',#844,.T.);
#463=FACE_OUTER_BOUND('',#845,.T.);
#464=FACE_OUTER_BOUND('',#846,.T.);
#465=FACE_OUTER_BOUND('',#847,.T.);
#466=FACE_OUTER_BOUND('',#848,.T.);
#467=FACE_OUTER_BOUND('',#849,.T.);
#468=FACE_OUTER_BOUND('',#850,.T.);
#469=FACE_OUTER_BOUND('',#851,.T.);
#470=FACE_OUTER_BOUND('',#852,.T.);
#471=FACE_OUTER_BOUND('',#853,.T.);
#472=FACE_OUTER_BOUND('',#854,.T.);
#473=FACE_OUTER_BOUND('',#855,.T.);
#474=FACE_OUTER_BOUND('',#856,.T.);
#475=FACE_OUTER_BOUND('',#857,.T.);
#476=FACE_OUTER_BOUND('',#858,.T.);
#477=FACE_OUTER_BOUND('',#859,.T.);
#478=FACE_OUTER_BOUND('',#860,.T.);
#479=FACE_OUTER_BOUND('',#861,.T.);
#480=FACE_OUTER_BOUND('',#862,.T.);
#481=FACE_OUTER_BOUND('',#863,.T.);
#482=FACE_OUTER_BOUND('',#864,.T.);
#483=FACE_OUTER_BOUND('',#865,.T.);
#484=FACE_OUTER_BOUND('',#866,.T.);
#485=FACE_OUTER_BOUND('',#867,.T.);
#486=FACE_OUTER_BOUND('',#868,.T.);
#487=FACE_OUTER_BOUND('',#869,.T.);
#488=FACE_OUTER_BOUND('',#870,.T.);
#489=FACE_OUTER_BOUND('',#871,.T.);
#490=FACE_OUTER_BOUND('',#872,.T.);
#491=FACE_OUTER_BOUND('',#873,.T.);
#492=FACE_OUTER_BOUND('',#874,.T.);
#493=FACE_OUTER_BOUND('',#875,.T.);
#494=FACE_OUTER_BOUND('',#876,.T.);
#495=FACE_OUTER_BOUND('',#877,.T.);
#496=FACE_OUTER_BOUND('',#878,.T.);
#497=FACE_OUTER_BOUND('',#879,.T.);
#498=FACE_OUTER_BOUND('',#880,.T.);
#499=FACE_OUTER_BOUND('',#881,.T.);
#500=FACE_OUTER_BOUND('',#882,.T.);
#501=FACE_OUTER_BOUND('',#883,.T.);
#502=FACE_OUTER_BOUND('',#884,.T.);
#503=FACE_OUTER_BOUND('',#885,.T.);
#504=FACE_OUTER_BOUND('',#886,.T.);
#505=FACE_OUTER_BOUND('',#887,.T.);
#506=FACE_OUTER_BOUND('',#888,.T.);
#507=FACE_OUTER_BOUND('',#889,.T.);
#508=FACE_OUTER_BOUND('',#890,.T.);
#509=FACE_OUTER_BOUND('',#891,.T.);
#510=FACE_OUTER_BOUND('',#892,.T.);
#511=FACE_OUTER_BOUND('',#893,.T.);
#512=FACE_OUTER_BOUND('',#894,.T.);
#513=FACE_OUTER_BOUND('',#895,.T.);
#514=FACE_OUTER_BOUND('',#896,.T.);
#515=FACE_OUTER_BOUND('',#897,.T.);
#516=FACE_OUTER_BOUND('',#898,.T.);
#517=FACE_OUTER_BOUND('',#899,.T.);
#518=FACE_OUTER_BOUND('',#900,.T.);
#519=FACE_OUTER_BOUND('',#901,.T.);
#520=FACE_OUTER_BOUND('',#902,.T.);
#521=FACE_OUTER_BOUND('',#903,.T.);
#522=FACE_OUTER_BOUND('',#904,.T.);
#523=FACE_OUTER_BOUND('',#905,.T.);
#524=FACE_OUTER_BOUND('',#907,.T.);
#525=FACE_OUTER_BOUND('',#908,.T.);
#526=FACE_OUTER_BOUND('',#909,.T.);
#527=FACE_OUTER_BOUND('',#910,.T.);
#528=FACE_OUTER_BOUND('',#911,.T.);
#529=FACE_OUTER_BOUND('',#912,.T.);
#530=FACE_OUTER_BOUND('',#913,.T.);
#531=FACE_OUTER_BOUND('',#914,.T.);
#532=FACE_OUTER_BOUND('',#915,.T.);
#533=FACE_OUTER_BOUND('',#916,.T.);
#534=FACE_OUTER_BOUND('',#917,.T.);
#535=FACE_OUTER_BOUND('',#918,.T.);
#536=FACE_OUTER_BOUND('',#919,.T.);
#537=FACE_OUTER_BOUND('',#920,.T.);
#538=FACE_OUTER_BOUND('',#921,.T.);
#539=FACE_OUTER_BOUND('',#922,.T.);
#540=FACE_OUTER_BOUND('',#923,.T.);
#541=FACE_OUTER_BOUND('',#924,.T.);
#542=FACE_OUTER_BOUND('',#925,.T.);
#543=FACE_OUTER_BOUND('',#926,.T.);
#544=FACE_OUTER_BOUND('',#927,.T.);
#545=FACE_OUTER_BOUND('',#928,.T.);
#546=FACE_OUTER_BOUND('',#933,.T.);
#547=FACE_OUTER_BOUND('',#934,.T.);
#548=FACE_OUTER_BOUND('',#935,.T.);
#549=FACE_OUTER_BOUND('',#936,.T.);
#550=FACE_OUTER_BOUND('',#937,.T.);
#551=FACE_OUTER_BOUND('',#938,.T.);
#552=FACE_OUTER_BOUND('',#939,.T.);
#553=FACE_OUTER_BOUND('',#940,.T.);
#554=FACE_OUTER_BOUND('',#941,.T.);
#555=FACE_OUTER_BOUND('',#942,.T.);
#556=FACE_OUTER_BOUND('',#947,.T.);
#557=FACE_OUTER_BOUND('',#948,.T.);
#558=FACE_OUTER_BOUND('',#949,.T.);
#559=FACE_OUTER_BOUND('',#950,.T.);
#560=FACE_OUTER_BOUND('',#951,.T.);
#561=FACE_OUTER_BOUND('',#952,.T.);
#562=FACE_OUTER_BOUND('',#953,.T.);
#563=FACE_OUTER_BOUND('',#954,.T.);
#564=FACE_OUTER_BOUND('',#955,.T.);
#565=FACE_OUTER_BOUND('',#956,.T.);
#566=FACE_OUTER_BOUND('',#961,.T.);
#567=FACE_OUTER_BOUND('',#962,.T.);
#568=FACE_OUTER_BOUND('',#963,.T.);
#569=FACE_OUTER_BOUND('',#964,.T.);
#570=FACE_OUTER_BOUND('',#965,.T.);
#571=FACE_OUTER_BOUND('',#966,.T.);
#572=FACE_OUTER_BOUND('',#967,.T.);
#573=FACE_OUTER_BOUND('',#968,.T.);
#574=FACE_OUTER_BOUND('',#969,.T.);
#575=FACE_OUTER_BOUND('',#970,.T.);
#576=FACE_OUTER_BOUND('',#975,.T.);
#577=FACE_OUTER_BOUND('',#976,.T.);
#578=FACE_OUTER_BOUND('',#977,.T.);
#579=FACE_OUTER_BOUND('',#978,.T.);
#580=FACE_OUTER_BOUND('',#979,.T.);
#581=FACE_OUTER_BOUND('',#980,.T.);
#582=FACE_OUTER_BOUND('',#981,.T.);
#583=FACE_OUTER_BOUND('',#982,.T.);
#584=FACE_OUTER_BOUND('',#983,.T.);
#585=FACE_OUTER_BOUND('',#984,.T.);
#586=FACE_OUTER_BOUND('',#985,.T.);
#587=FACE_OUTER_BOUND('',#986,.T.);
#588=FACE_OUTER_BOUND('',#987,.T.);
#589=FACE_OUTER_BOUND('',#988,.T.);
#590=FACE_OUTER_BOUND('',#989,.T.);
#591=FACE_OUTER_BOUND('',#990,.T.);
#592=FACE_OUTER_BOUND('',#991,.T.);
#593=FACE_OUTER_BOUND('',#992,.T.);
#594=FACE_OUTER_BOUND('',#993,.T.);
#595=FACE_OUTER_BOUND('',#994,.T.);
#596=FACE_OUTER_BOUND('',#995,.T.);
#597=FACE_OUTER_BOUND('',#996,.T.);
#598=FACE_OUTER_BOUND('',#997,.T.);
#599=FACE_OUTER_BOUND('',#998,.T.);
#600=FACE_OUTER_BOUND('',#999,.T.);
#601=FACE_OUTER_BOUND('',#1000,.T.);
#602=FACE_OUTER_BOUND('',#1001,.T.);
#603=FACE_OUTER_BOUND('',#1002,.T.);
#604=FACE_OUTER_BOUND('',#1003,.T.);
#605=FACE_OUTER_BOUND('',#1004,.T.);
#606=FACE_OUTER_BOUND('',#1005,.T.);
#607=FACE_OUTER_BOUND('',#1006,.T.);
#608=FACE_OUTER_BOUND('',#1007,.T.);
#609=FACE_OUTER_BOUND('',#1008,.T.);
#610=FACE_OUTER_BOUND('',#1009,.T.);
#611=FACE_OUTER_BOUND('',#1010,.T.);
#612=FACE_OUTER_BOUND('',#1011,.T.);
#613=FACE_OUTER_BOUND('',#1012,.T.);
#614=FACE_OUTER_BOUND('',#1013,.T.);
#615=FACE_OUTER_BOUND('',#1014,.T.);
#616=FACE_OUTER_BOUND('',#1015,.T.);
#617=FACE_OUTER_BOUND('',#1016,.T.);
#618=FACE_OUTER_BOUND('',#1017,.T.);
#619=FACE_OUTER_BOUND('',#1018,.T.);
#620=FACE_OUTER_BOUND('',#1019,.T.);
#621=FACE_OUTER_BOUND('',#1020,.T.);
#622=FACE_OUTER_BOUND('',#1021,.T.);
#623=FACE_OUTER_BOUND('',#1022,.T.);
#624=FACE_OUTER_BOUND('',#1023,.T.);
#625=FACE_OUTER_BOUND('',#1024,.T.);
#626=FACE_OUTER_BOUND('',#1025,.T.);
#627=FACE_OUTER_BOUND('',#1026,.T.);
#628=FACE_OUTER_BOUND('',#1027,.T.);
#629=FACE_OUTER_BOUND('',#1028,.T.);
#630=FACE_OUTER_BOUND('',#1029,.T.);
#631=FACE_OUTER_BOUND('',#1030,.T.);
#632=FACE_OUTER_BOUND('',#1031,.T.);
#633=FACE_OUTER_BOUND('',#1032,.T.);
#634=FACE_OUTER_BOUND('',#1033,.T.);
#635=FACE_OUTER_BOUND('',#1034,.T.);
#636=FACE_OUTER_BOUND('',#1035,.T.);
#637=FACE_OUTER_BOUND('',#1036,.T.);
#638=FACE_OUTER_BOUND('',#1037,.T.);
#639=FACE_OUTER_BOUND('',#1038,.T.);
#640=FACE_OUTER_BOUND('',#1039,.T.);
#641=FACE_OUTER_BOUND('',#1040,.T.);
#642=FACE_OUTER_BOUND('',#1041,.T.);
#643=FACE_OUTER_BOUND('',#1042,.T.);
#644=FACE_OUTER_BOUND('',#1043,.T.);
#645=FACE_OUTER_BOUND('',#1044,.T.);
#646=FACE_OUTER_BOUND('',#1045,.T.);
#647=FACE_OUTER_BOUND('',#1046,.T.);
#648=FACE_OUTER_BOUND('',#1047,.T.);
#649=FACE_OUTER_BOUND('',#1048,.T.);
#650=FACE_OUTER_BOUND('',#1049,.T.);
#651=FACE_OUTER_BOUND('',#1050,.T.);
#652=FACE_OUTER_BOUND('',#1051,.T.);
#653=EDGE_LOOP('',(#4320,#4321,#4322,#4323));
#654=EDGE_LOOP('',(#4324,#4325,#4326,#4327));
#655=EDGE_LOOP('',(#4328,#4329,#4330,#4331));
#656=EDGE_LOOP('',(#4332,#4333,#4334,#4335));
#657=EDGE_LOOP('',(#4336,#4337,#4338,#4339));
#658=EDGE_LOOP('',(#4340,#4341,#4342,#4343));
#659=EDGE_LOOP('',(#4344,#4345,#4346,#4347));
#660=EDGE_LOOP('',(#4348,#4349,#4350,#4351));
#661=EDGE_LOOP('',(#4352,#4353,#4354,#4355));
#662=EDGE_LOOP('',(#4356,#4357,#4358,#4359));
#663=EDGE_LOOP('',(#4360,#4361,#4362,#4363));
#664=EDGE_LOOP('',(#4364,#4365,#4366,#4367));
#665=EDGE_LOOP('',(#4368,#4369,#4370,#4371));
#666=EDGE_LOOP('',(#4372,#4373,#4374,#4375));
#667=EDGE_LOOP('',(#4376,#4377,#4378,#4379));
#668=EDGE_LOOP('',(#4380,#4381,#4382,#4383));
#669=EDGE_LOOP('',(#4384,#4385,#4386,#4387));
#670=EDGE_LOOP('',(#4388,#4389,#4390,#4391));
#671=EDGE_LOOP('',(#4392,#4393,#4394,#4395));
#672=EDGE_LOOP('',(#4396,#4397,#4398,#4399));
#673=EDGE_LOOP('',(#4400,#4401,#4402,#4403));
#674=EDGE_LOOP('',(#4404,#4405,#4406,#4407));
#675=EDGE_LOOP('',(#4408,#4409,#4410,#4411));
#676=EDGE_LOOP('',(#4412,#4413,#4414,#4415));
#677=EDGE_LOOP('',(#4416,#4417,#4418,#4419));
#678=EDGE_LOOP('',(#4420,#4421,#4422,#4423));
#679=EDGE_LOOP('',(#4424,#4425,#4426,#4427));
#680=EDGE_LOOP('',(#4428,#4429,#4430,#4431));
#681=EDGE_LOOP('',(#4432,#4433,#4434,#4435));
#682=EDGE_LOOP('',(#4436,#4437,#4438,#4439));
#683=EDGE_LOOP('',(#4440,#4441,#4442,#4443,#4444,#4445,#4446,#4447,#4448,
#4449,#4450,#4451));
#684=EDGE_LOOP('',(#4452,#4453,#4454,#4455));
#685=EDGE_LOOP('',(#4456,#4457,#4458,#4459,#4460,#4461));
#686=EDGE_LOOP('',(#4462,#4463,#4464,#4465,#4466,#4467,#4468,#4469));
#687=EDGE_LOOP('',(#4470,#4471,#4472,#4473));
#688=EDGE_LOOP('',(#4474,#4475,#4476,#4477));
#689=EDGE_LOOP('',(#4478,#4479,#4480,#4481));
#690=EDGE_LOOP('',(#4482,#4483,#4484,#4485));
#691=EDGE_LOOP('',(#4486,#4487,#4488,#4489));
#692=EDGE_LOOP('',(#4490,#4491,#4492,#4493));
#693=EDGE_LOOP('',(#4494,#4495,#4496,#4497));
#694=EDGE_LOOP('',(#4498,#4499,#4500,#4501));
#695=EDGE_LOOP('',(#4502,#4503,#4504,#4505));
#696=EDGE_LOOP('',(#4506,#4507,#4508,#4509));
#697=EDGE_LOOP('',(#4510));
#698=EDGE_LOOP('',(#4511));
#699=EDGE_LOOP('',(#4512));
#700=EDGE_LOOP('',(#4513));
#701=EDGE_LOOP('',(#4514,#4515,#4516,#4517,#4518,#4519,#4520,#4521,#4522,
#4523,#4524,#4525,#4526,#4527,#4528,#4529,#4530,#4531));
#702=EDGE_LOOP('',(#4532,#4533,#4534,#4535,#4536,#4537,#4538,#4539,#4540,
#4541,#4542,#4543,#4544,#4545,#4546,#4547,#4548,#4549));
#703=EDGE_LOOP('',(#4550,#4551,#4552,#4553,#4554,#4555,#4556,#4557,#4558,
#4559));
#704=EDGE_LOOP('',(#4560,#4561,#4562,#4563));
#705=EDGE_LOOP('',(#4564,#4565,#4566,#4567));
#706=EDGE_LOOP('',(#4568,#4569,#4570,#4571,#4572));
#707=EDGE_LOOP('',(#4573,#4574,#4575,#4576));
#708=EDGE_LOOP('',(#4577,#4578,#4579,#4580,#4581));
#709=EDGE_LOOP('',(#4582,#4583,#4584,#4585));
#710=EDGE_LOOP('',(#4586,#4587,#4588,#4589));
#711=EDGE_LOOP('',(#4590,#4591,#4592,#4593));
#712=EDGE_LOOP('',(#4594,#4595,#4596,#4597));
#713=EDGE_LOOP('',(#4598,#4599,#4600,#4601));
#714=EDGE_LOOP('',(#4602,#4603,#4604,#4605,#4606));
#715=EDGE_LOOP('',(#4607,#4608,#4609,#4610));
#716=EDGE_LOOP('',(#4611,#4612,#4613,#4614,#4615));
#717=EDGE_LOOP('',(#4616,#4617,#4618,#4619));
#718=EDGE_LOOP('',(#4620,#4621,#4622,#4623));
#719=EDGE_LOOP('',(#4624,#4625,#4626,#4627));
#720=EDGE_LOOP('',(#4628,#4629,#4630,#4631));
#721=EDGE_LOOP('',(#4632,#4633,#4634,#4635));
#722=EDGE_LOOP('',(#4636,#4637,#4638,#4639));
#723=EDGE_LOOP('',(#4640,#4641,#4642,#4643,#4644,#4645));
#724=EDGE_LOOP('',(#4646));
#725=EDGE_LOOP('',(#4647,#4648,#4649,#4650,#4651,#4652,#4653,#4654,#4655,
#4656,#4657,#4658,#4659,#4660,#4661,#4662));
#726=EDGE_LOOP('',(#4663));
#727=EDGE_LOOP('',(#4664,#4665,#4666,#4667,#4668,#4669,#4670,#4671,#4672,
#4673,#4674,#4675,#4676,#4677,#4678,#4679));
#728=EDGE_LOOP('',(#4680));
#729=EDGE_LOOP('',(#4681,#4682,#4683,#4684,#4685,#4686));
#730=EDGE_LOOP('',(#4687));
#731=EDGE_LOOP('',(#4688,#4689,#4690,#4691,#4692,#4693,#4694,#4695,#4696,
#4697,#4698,#4699,#4700,#4701,#4702,#4703,#4704,#4705,#4706,#4707,#4708,
#4709,#4710,#4711,#4712,#4713,#4714,#4715,#4716,#4717,#4718,#4719));
#732=EDGE_LOOP('',(#4720,#4721,#4722,#4723));
#733=EDGE_LOOP('',(#4724,#4725,#4726,#4727));
#734=EDGE_LOOP('',(#4728,#4729,#4730,#4731));
#735=EDGE_LOOP('',(#4732,#4733,#4734,#4735));
#736=EDGE_LOOP('',(#4736,#4737,#4738,#4739,#4740));
#737=EDGE_LOOP('',(#4741,#4742,#4743,#4744));
#738=EDGE_LOOP('',(#4745,#4746,#4747,#4748));
#739=EDGE_LOOP('',(#4749,#4750,#4751,#4752,#4753,#4754,#4755,#4756));
#740=EDGE_LOOP('',(#4757,#4758,#4759,#4760));
#741=EDGE_LOOP('',(#4761,#4762,#4763,#4764));
#742=EDGE_LOOP('',(#4765,#4766,#4767,#4768,#4769,#4770,#4771,#4772));
#743=EDGE_LOOP('',(#4773,#4774,#4775,#4776,#4777));
#744=EDGE_LOOP('',(#4778,#4779,#4780,#4781,#4782));
#745=EDGE_LOOP('',(#4783,#4784,#4785,#4786,#4787,#4788,#4789,#4790,#4791,
#4792,#4793,#4794,#4795,#4796,#4797,#4798,#4799,#4800));
#746=EDGE_LOOP('',(#4801,#4802,#4803,#4804,#4805,#4806,#4807,#4808,#4809,
#4810,#4811,#4812,#4813,#4814));
#747=EDGE_LOOP('',(#4815,#4816,#4817,#4818));
#748=EDGE_LOOP('',(#4819,#4820,#4821,#4822,#4823));
#749=EDGE_LOOP('',(#4824,#4825,#4826,#4827,#4828,#4829,#4830,#4831));
#750=EDGE_LOOP('',(#4832,#4833,#4834,#4835));
#751=EDGE_LOOP('',(#4836,#4837,#4838,#4839));
#752=EDGE_LOOP('',(#4840,#4841,#4842,#4843));
#753=EDGE_LOOP('',(#4844,#4845,#4846,#4847));
#754=EDGE_LOOP('',(#4848,#4849,#4850,#4851));
#755=EDGE_LOOP('',(#4852,#4853,#4854,#4855));
#756=EDGE_LOOP('',(#4856,#4857,#4858,#4859));
#757=EDGE_LOOP('',(#4860,#4861,#4862,#4863));
#758=EDGE_LOOP('',(#4864,#4865,#4866,#4867,#4868,#4869,#4870,#4871,#4872));
#759=EDGE_LOOP('',(#4873,#4874,#4875,#4876,#4877));
#760=EDGE_LOOP('',(#4878,#4879,#4880,#4881,#4882,#4883,#4884,#4885,#4886,
#4887,#4888,#4889,#4890));
#761=EDGE_LOOP('',(#4891,#4892,#4893,#4894,#4895,#4896));
#762=EDGE_LOOP('',(#4897,#4898,#4899,#4900));
#763=EDGE_LOOP('',(#4901,#4902,#4903,#4904,#4905,#4906,#4907,#4908));
#764=EDGE_LOOP('',(#4909,#4910,#4911,#4912));
#765=EDGE_LOOP('',(#4913,#4914,#4915,#4916));
#766=EDGE_LOOP('',(#4917,#4918,#4919,#4920));
#767=EDGE_LOOP('',(#4921,#4922,#4923,#4924,#4925,#4926,#4927,#4928,#4929,
#4930,#4931,#4932,#4933));
#768=EDGE_LOOP('',(#4934,#4935,#4936,#4937,#4938,#4939,#4940,#4941,#4942));
#769=EDGE_LOOP('',(#4943,#4944,#4945,#4946));
#770=EDGE_LOOP('',(#4947,#4948,#4949,#4950));
#771=EDGE_LOOP('',(#4951,#4952,#4953,#4954));
#772=EDGE_LOOP('',(#4955,#4956,#4957,#4958));
#773=EDGE_LOOP('',(#4959,#4960,#4961,#4962,#4963,#4964,#4965,#4966,#4967,
#4968,#4969,#4970,#4971,#4972,#4973,#4974));
#774=EDGE_LOOP('',(#4975,#4976,#4977,#4978,#4979,#4980,#4981,#4982,#4983,
#4984,#4985,#4986));
#775=EDGE_LOOP('',(#4987,#4988,#4989,#4990,#4991,#4992,#4993,#4994,#4995,
#4996,#4997,#4998,#4999,#5000,#5001,#5002));
#776=EDGE_LOOP('',(#5003,#5004,#5005,#5006,#5007,#5008,#5009,#5010,#5011,
#5012,#5013,#5014));
#777=EDGE_LOOP('',(#5015,#5016,#5017,#5018,#5019,#5020,#5021,#5022,#5023,
#5024,#5025,#5026,#5027,#5028,#5029,#5030));
#778=EDGE_LOOP('',(#5031,#5032,#5033,#5034,#5035,#5036,#5037,#5038,#5039,
#5040,#5041,#5042));
#779=EDGE_LOOP('',(#5043,#5044,#5045,#5046,#5047,#5048,#5049,#5050,#5051,
#5052,#5053,#5054,#5055,#5056,#5057,#5058));
#780=EDGE_LOOP('',(#5059,#5060,#5061,#5062,#5063,#5064,#5065,#5066,#5067,
#5068,#5069,#5070));
#781=EDGE_LOOP('',(#5071,#5072,#5073,#5074));
#782=EDGE_LOOP('',(#5075,#5076,#5077,#5078));
#783=EDGE_LOOP('',(#5079,#5080,#5081,#5082));
#784=EDGE_LOOP('',(#5083,#5084,#5085,#5086));
#785=EDGE_LOOP('',(#5087,#5088,#5089,#5090,#5091));
#786=EDGE_LOOP('',(#5092,#5093,#5094,#5095,#5096,#5097));
#787=EDGE_LOOP('',(#5098,#5099,#5100,#5101,#5102,#5103));
#788=EDGE_LOOP('',(#5104,#5105,#5106,#5107));
#789=EDGE_LOOP('',(#5108,#5109,#5110,#5111,#5112,#5113,#5114,#5115,#5116,
#5117,#5118,#5119,#5120,#5121,#5122,#5123));
#790=EDGE_LOOP('',(#5124,#5125,#5126,#5127));
#791=EDGE_LOOP('',(#5128,#5129,#5130,#5131));
#792=EDGE_LOOP('',(#5132,#5133,#5134,#5135));
#793=EDGE_LOOP('',(#5136,#5137,#5138,#5139));
#794=EDGE_LOOP('',(#5140,#5141,#5142,#5143));
#795=EDGE_LOOP('',(#5144,#5145,#5146,#5147,#5148,#5149));
#796=EDGE_LOOP('',(#5150,#5151,#5152,#5153,#5154,#5155));
#797=EDGE_LOOP('',(#5156,#5157,#5158,#5159,#5160,#5161,#5162,#5163,#5164,
#5165,#5166,#5167));
#798=EDGE_LOOP('',(#5168,#5169,#5170,#5171));
#799=EDGE_LOOP('',(#5172,#5173,#5174,#5175,#5176,#5177,#5178,#5179,#5180,
#5181,#5182,#5183));
#800=EDGE_LOOP('',(#5184,#5185,#5186,#5187));
#801=EDGE_LOOP('',(#5188,#5189,#5190,#5191));
#802=EDGE_LOOP('',(#5192,#5193,#5194,#5195));
#803=EDGE_LOOP('',(#5196,#5197,#5198,#5199));
#804=EDGE_LOOP('',(#5200,#5201,#5202,#5203,#5204,#5205,#5206,#5207,#5208,
#5209,#5210,#5211,#5212,#5213,#5214,#5215,#5216));
#805=EDGE_LOOP('',(#5217,#5218,#5219,#5220));
#806=EDGE_LOOP('',(#5221,#5222,#5223,#5224,#5225,#5226,#5227,#5228,#5229,
#5230,#5231,#5232,#5233,#5234,#5235,#5236,#5237));
#807=EDGE_LOOP('',(#5238,#5239,#5240,#5241));
#808=EDGE_LOOP('',(#5242,#5243,#5244,#5245,#5246,#5247,#5248,#5249));
#809=EDGE_LOOP('',(#5250,#5251,#5252,#5253,#5254));
#810=EDGE_LOOP('',(#5255,#5256,#5257,#5258));
#811=EDGE_LOOP('',(#5259,#5260,#5261,#5262,#5263));
#812=EDGE_LOOP('',(#5264,#5265,#5266,#5267));
#813=EDGE_LOOP('',(#5268,#5269,#5270,#5271,#5272,#5273,#5274,#5275));
#814=EDGE_LOOP('',(#5276,#5277,#5278,#5279,#5280));
#815=EDGE_LOOP('',(#5281,#5282,#5283,#5284));
#816=EDGE_LOOP('',(#5285,#5286,#5287,#5288,#5289));
#817=EDGE_LOOP('',(#5290,#5291,#5292,#5293));
#818=EDGE_LOOP('',(#5294,#5295,#5296,#5297,#5298,#5299));
#819=EDGE_LOOP('',(#5300,#5301,#5302,#5303));
#820=EDGE_LOOP('',(#5304,#5305,#5306,#5307,#5308,#5309,#5310,#5311));
#821=EDGE_LOOP('',(#5312,#5313,#5314,#5315));
#822=EDGE_LOOP('',(#5316,#5317,#5318,#5319));
#823=EDGE_LOOP('',(#5320,#5321,#5322,#5323));
#824=EDGE_LOOP('',(#5324,#5325,#5326,#5327));
#825=EDGE_LOOP('',(#5328,#5329,#5330,#5331,#5332,#5333,#5334,#5335));
#826=EDGE_LOOP('',(#5336,#5337,#5338,#5339));
#827=EDGE_LOOP('',(#5340,#5341,#5342,#5343));
#828=EDGE_LOOP('',(#5344,#5345,#5346,#5347,#5348,#5349,#5350,#5351));
#829=EDGE_LOOP('',(#5352,#5353,#5354,#5355));
#830=EDGE_LOOP('',(#5356,#5357,#5358,#5359));
#831=EDGE_LOOP('',(#5360,#5361,#5362,#5363));
#832=EDGE_LOOP('',(#5364,#5365,#5366,#5367));
#833=EDGE_LOOP('',(#5368,#5369,#5370,#5371));
#834=EDGE_LOOP('',(#5372,#5373,#5374,#5375,#5376,#5377,#5378,#5379));
#835=EDGE_LOOP('',(#5380,#5381,#5382,#5383,#5384,#5385,#5386,#5387,#5388,
#5389));
#836=EDGE_LOOP('',(#5390,#5391,#5392,#5393));
#837=EDGE_LOOP('',(#5394,#5395,#5396,#5397));
#838=EDGE_LOOP('',(#5398,#5399,#5400,#5401,#5402,#5403,#5404,#5405,#5406,
#5407));
#839=EDGE_LOOP('',(#5408,#5409,#5410,#5411));
#840=EDGE_LOOP('',(#5412,#5413,#5414,#5415));
#841=EDGE_LOOP('',(#5416,#5417,#5418,#5419));
#842=EDGE_LOOP('',(#5420,#5421));
#843=EDGE_LOOP('',(#5422,#5423,#5424,#5425,#5426,#5427));
#844=EDGE_LOOP('',(#5428,#5429,#5430,#5431));
#845=EDGE_LOOP('',(#5432,#5433,#5434,#5435,#5436,#5437));
#846=EDGE_LOOP('',(#5438,#5439));
#847=EDGE_LOOP('',(#5440,#5441,#5442,#5443,#5444,#5445));
#848=EDGE_LOOP('',(#5446,#5447,#5448,#5449,#5450,#5451));
#849=EDGE_LOOP('',(#5452,#5453,#5454,#5455));
#850=EDGE_LOOP('',(#5456,#5457,#5458,#5459,#5460,#5461,#5462,#5463,#5464));
#851=EDGE_LOOP('',(#5465,#5466,#5467,#5468));
#852=EDGE_LOOP('',(#5469,#5470,#5471,#5472));
#853=EDGE_LOOP('',(#5473,#5474,#5475,#5476,#5477,#5478));
#854=EDGE_LOOP('',(#5479,#5480));
#855=EDGE_LOOP('',(#5481,#5482));
#856=EDGE_LOOP('',(#5483,#5484,#5485,#5486));
#857=EDGE_LOOP('',(#5487,#5488,#5489,#5490));
#858=EDGE_LOOP('',(#5491,#5492,#5493,#5494,#5495,#5496));
#859=EDGE_LOOP('',(#5497,#5498,#5499,#5500,#5501,#5502));
#860=EDGE_LOOP('',(#5503,#5504,#5505,#5506,#5507,#5508));
#861=EDGE_LOOP('',(#5509,#5510,#5511,#5512));
#862=EDGE_LOOP('',(#5513,#5514,#5515,#5516,#5517,#5518,#5519,#5520,#5521));
#863=EDGE_LOOP('',(#5522,#5523,#5524,#5525));
#864=EDGE_LOOP('',(#5526,#5527,#5528,#5529,#5530,#5531));
#865=EDGE_LOOP('',(#5532,#5533));
#866=EDGE_LOOP('',(#5534,#5535));
#867=EDGE_LOOP('',(#5536,#5537,#5538,#5539));
#868=EDGE_LOOP('',(#5540,#5541,#5542,#5543));
#869=EDGE_LOOP('',(#5544,#5545,#5546,#5547,#5548,#5549));
#870=EDGE_LOOP('',(#5550,#5551,#5552,#5553,#5554,#5555));
#871=EDGE_LOOP('',(#5556,#5557,#5558,#5559,#5560,#5561));
#872=EDGE_LOOP('',(#5562,#5563,#5564,#5565));
#873=EDGE_LOOP('',(#5566,#5567,#5568,#5569,#5570,#5571,#5572,#5573,#5574));
#874=EDGE_LOOP('',(#5575,#5576,#5577,#5578));
#875=EDGE_LOOP('',(#5579,#5580,#5581,#5582));
#876=EDGE_LOOP('',(#5583,#5584));
#877=EDGE_LOOP('',(#5585,#5586,#5587,#5588,#5589,#5590));
#878=EDGE_LOOP('',(#5591,#5592,#5593,#5594));
#879=EDGE_LOOP('',(#5595,#5596,#5597,#5598,#5599,#5600));
#880=EDGE_LOOP('',(#5601,#5602));
#881=EDGE_LOOP('',(#5603,#5604,#5605,#5606,#5607,#5608));
#882=EDGE_LOOP('',(#5609,#5610,#5611,#5612,#5613,#5614));
#883=EDGE_LOOP('',(#5615,#5616,#5617,#5618));
#884=EDGE_LOOP('',(#5619,#5620,#5621,#5622,#5623,#5624,#5625,#5626,#5627));
#885=EDGE_LOOP('',(#5628,#5629,#5630,#5631));
#886=EDGE_LOOP('',(#5632,#5633,#5634,#5635));
#887=EDGE_LOOP('',(#5636,#5637,#5638,#5639,#5640,#5641,#5642,#5643));
#888=EDGE_LOOP('',(#5644,#5645,#5646,#5647));
#889=EDGE_LOOP('',(#5648,#5649,#5650,#5651));
#890=EDGE_LOOP('',(#5652,#5653,#5654,#5655));
#891=EDGE_LOOP('',(#5656,#5657,#5658,#5659,#5660,#5661,#5662,#5663));
#892=EDGE_LOOP('',(#5664,#5665,#5666,#5667,#5668,#5669,#5670,#5671));
#893=EDGE_LOOP('',(#5672,#5673,#5674,#5675,#5676,#5677,#5678,#5679));
#894=EDGE_LOOP('',(#5680,#5681,#5682,#5683));
#895=EDGE_LOOP('',(#5684,#5685,#5686,#5687,#5688,#5689,#5690,#5691));
#896=EDGE_LOOP('',(#5692,#5693,#5694,#5695,#5696,#5697,#5698,#5699,#5700));
#897=EDGE_LOOP('',(#5701,#5702,#5703,#5704));
#898=EDGE_LOOP('',(#5705,#5706,#5707,#5708,#5709,#5710));
#899=EDGE_LOOP('',(#5711,#5712,#5713,#5714));
#900=EDGE_LOOP('',(#5715,#5716,#5717,#5718));
#901=EDGE_LOOP('',(#5719,#5720,#5721,#5722));
#902=EDGE_LOOP('',(#5723,#5724,#5725,#5726,#5727,#5728,#5729,#5730,#5731));
#903=EDGE_LOOP('',(#5732,#5733,#5734,#5735));
#904=EDGE_LOOP('',(#5736,#5737,#5738,#5739));
#905=EDGE_LOOP('',(#5740,#5741,#5742,#5743));
#906=EDGE_LOOP('',(#5744));
#907=EDGE_LOOP('',(#5745));
#908=EDGE_LOOP('',(#5746,#5747,#5748,#5749));
#909=EDGE_LOOP('',(#5750));
#910=EDGE_LOOP('',(#5751,#5752,#5753,#5754));
#911=EDGE_LOOP('',(#5755));
#912=EDGE_LOOP('',(#5756,#5757,#5758,#5759));
#913=EDGE_LOOP('',(#5760));
#914=EDGE_LOOP('',(#5761,#5762,#5763,#5764));
#915=EDGE_LOOP('',(#5765));
#916=EDGE_LOOP('',(#5766,#5767,#5768,#5769));
#917=EDGE_LOOP('',(#5770));
#918=EDGE_LOOP('',(#5771,#5772,#5773,#5774));
#919=EDGE_LOOP('',(#5775));
#920=EDGE_LOOP('',(#5776,#5777,#5778,#5779));
#921=EDGE_LOOP('',(#5780));
#922=EDGE_LOOP('',(#5781,#5782,#5783,#5784));
#923=EDGE_LOOP('',(#5785));
#924=EDGE_LOOP('',(#5786,#5787,#5788,#5789));
#925=EDGE_LOOP('',(#5790,#5791,#5792,#5793));
#926=EDGE_LOOP('',(#5794,#5795,#5796,#5797));
#927=EDGE_LOOP('',(#5798,#5799,#5800,#5801));
#928=EDGE_LOOP('',(#5802,#5803,#5804,#5805,#5806,#5807,#5808,#5809));
#929=EDGE_LOOP('',(#5810));
#930=EDGE_LOOP('',(#5811));
#931=EDGE_LOOP('',(#5812));
#932=EDGE_LOOP('',(#5813));
#933=EDGE_LOOP('',(#5814,#5815,#5816,#5817));
#934=EDGE_LOOP('',(#5818,#5819,#5820,#5821));
#935=EDGE_LOOP('',(#5822,#5823,#5824,#5825));
#936=EDGE_LOOP('',(#5826));
#937=EDGE_LOOP('',(#5827));
#938=EDGE_LOOP('',(#5828,#5829,#5830,#5831));
#939=EDGE_LOOP('',(#5832,#5833,#5834,#5835));
#940=EDGE_LOOP('',(#5836,#5837,#5838,#5839));
#941=EDGE_LOOP('',(#5840,#5841,#5842,#5843));
#942=EDGE_LOOP('',(#5844,#5845,#5846,#5847,#5848,#5849,#5850,#5851));
#943=EDGE_LOOP('',(#5852));
#944=EDGE_LOOP('',(#5853));
#945=EDGE_LOOP('',(#5854));
#946=EDGE_LOOP('',(#5855));
#947=EDGE_LOOP('',(#5856,#5857,#5858,#5859));
#948=EDGE_LOOP('',(#5860,#5861,#5862,#5863));
#949=EDGE_LOOP('',(#5864,#5865,#5866,#5867));
#950=EDGE_LOOP('',(#5868));
#951=EDGE_LOOP('',(#5869));
#952=EDGE_LOOP('',(#5870,#5871,#5872,#5873));
#953=EDGE_LOOP('',(#5874,#5875,#5876,#5877));
#954=EDGE_LOOP('',(#5878,#5879,#5880,#5881));
#955=EDGE_LOOP('',(#5882,#5883,#5884,#5885));
#956=EDGE_LOOP('',(#5886,#5887,#5888,#5889,#5890,#5891,#5892,#5893));
#957=EDGE_LOOP('',(#5894));
#958=EDGE_LOOP('',(#5895));
#959=EDGE_LOOP('',(#5896));
#960=EDGE_LOOP('',(#5897));
#961=EDGE_LOOP('',(#5898,#5899,#5900,#5901));
#962=EDGE_LOOP('',(#5902,#5903,#5904,#5905));
#963=EDGE_LOOP('',(#5906,#5907,#5908,#5909));
#964=EDGE_LOOP('',(#5910));
#965=EDGE_LOOP('',(#5911));
#966=EDGE_LOOP('',(#5912,#5913,#5914,#5915));
#967=EDGE_LOOP('',(#5916,#5917,#5918,#5919));
#968=EDGE_LOOP('',(#5920,#5921,#5922,#5923));
#969=EDGE_LOOP('',(#5924,#5925,#5926,#5927));
#970=EDGE_LOOP('',(#5928,#5929,#5930,#5931,#5932,#5933,#5934,#5935));
#971=EDGE_LOOP('',(#5936));
#972=EDGE_LOOP('',(#5937));
#973=EDGE_LOOP('',(#5938));
#974=EDGE_LOOP('',(#5939));
#975=EDGE_LOOP('',(#5940,#5941,#5942,#5943));
#976=EDGE_LOOP('',(#5944,#5945,#5946,#5947));
#977=EDGE_LOOP('',(#5948,#5949,#5950,#5951));
#978=EDGE_LOOP('',(#5952));
#979=EDGE_LOOP('',(#5953));
#980=EDGE_LOOP('',(#5954,#5955,#5956,#5957,#5958,#5959,#5960,#5961,#5962));
#981=EDGE_LOOP('',(#5963,#5964,#5965,#5966,#5967,#5968,#5969,#5970,#5971));
#982=EDGE_LOOP('',(#5972,#5973,#5974,#5975));
#983=EDGE_LOOP('',(#5976,#5977,#5978,#5979));
#984=EDGE_LOOP('',(#5980,#5981,#5982,#5983));
#985=EDGE_LOOP('',(#5984,#5985,#5986,#5987));
#986=EDGE_LOOP('',(#5988,#5989,#5990,#5991));
#987=EDGE_LOOP('',(#5992,#5993,#5994,#5995,#5996,#5997));
#988=EDGE_LOOP('',(#5998,#5999,#6000,#6001));
#989=EDGE_LOOP('',(#6002,#6003,#6004,#6005));
#990=EDGE_LOOP('',(#6006,#6007,#6008,#6009));
#991=EDGE_LOOP('',(#6010,#6011,#6012,#6013));
#992=EDGE_LOOP('',(#6014,#6015,#6016,#6017));
#993=EDGE_LOOP('',(#6018,#6019,#6020,#6021,#6022,#6023,#6024,#6025));
#994=EDGE_LOOP('',(#6026,#6027,#6028,#6029));
#995=EDGE_LOOP('',(#6030,#6031,#6032,#6033));
#996=EDGE_LOOP('',(#6034,#6035,#6036,#6037));
#997=EDGE_LOOP('',(#6038,#6039,#6040,#6041));
#998=EDGE_LOOP('',(#6042,#6043,#6044,#6045,#6046,#6047,#6048,#6049,#6050));
#999=EDGE_LOOP('',(#6051,#6052,#6053,#6054));
#1000=EDGE_LOOP('',(#6055,#6056,#6057,#6058));
#1001=EDGE_LOOP('',(#6059,#6060,#6061,#6062));
#1002=EDGE_LOOP('',(#6063,#6064,#6065,#6066));
#1003=EDGE_LOOP('',(#6067,#6068,#6069,#6070,#6071,#6072,#6073,#6074,#6075,
#6076));
#1004=EDGE_LOOP('',(#6077,#6078,#6079,#6080,#6081,#6082,#6083,#6084));
#1005=EDGE_LOOP('',(#6085,#6086,#6087,#6088));
#1006=EDGE_LOOP('',(#6089,#6090,#6091,#6092));
#1007=EDGE_LOOP('',(#6093,#6094,#6095,#6096,#6097,#6098));
#1008=EDGE_LOOP('',(#6099,#6100,#6101,#6102));
#1009=EDGE_LOOP('',(#6103,#6104,#6105,#6106,#6107,#6108));
#1010=EDGE_LOOP('',(#6109,#6110,#6111,#6112));
#1011=EDGE_LOOP('',(#6113,#6114,#6115,#6116));
#1012=EDGE_LOOP('',(#6117,#6118,#6119,#6120,#6121,#6122));
#1013=EDGE_LOOP('',(#6123,#6124,#6125,#6126,#6127,#6128));
#1014=EDGE_LOOP('',(#6129,#6130,#6131,#6132,#6133,#6134,#6135,#6136,#6137));
#1015=EDGE_LOOP('',(#6138,#6139,#6140,#6141));
#1016=EDGE_LOOP('',(#6142,#6143,#6144,#6145));
#1017=EDGE_LOOP('',(#6146,#6147,#6148,#6149));
#1018=EDGE_LOOP('',(#6150,#6151,#6152,#6153));
#1019=EDGE_LOOP('',(#6154,#6155,#6156,#6157,#6158,#6159,#6160,#6161,#6162));
#1020=EDGE_LOOP('',(#6163,#6164,#6165,#6166));
#1021=EDGE_LOOP('',(#6167,#6168,#6169,#6170,#6171,#6172));
#1022=EDGE_LOOP('',(#6173,#6174,#6175,#6176));
#1023=EDGE_LOOP('',(#6177,#6178,#6179,#6180));
#1024=EDGE_LOOP('',(#6181,#6182,#6183,#6184));
#1025=EDGE_LOOP('',(#6185,#6186,#6187,#6188));
#1026=EDGE_LOOP('',(#6189,#6190,#6191,#6192));
#1027=EDGE_LOOP('',(#6193,#6194,#6195,#6196,#6197,#6198));
#1028=EDGE_LOOP('',(#6199,#6200,#6201,#6202));
#1029=EDGE_LOOP('',(#6203,#6204,#6205,#6206));
#1030=EDGE_LOOP('',(#6207,#6208,#6209,#6210));
#1031=EDGE_LOOP('',(#6211,#6212,#6213,#6214,#6215,#6216,#6217,#6218,#6219));
#1032=EDGE_LOOP('',(#6220,#6221,#6222,#6223));
#1033=EDGE_LOOP('',(#6224,#6225,#6226,#6227,#6228,#6229,#6230,#6231,#6232,
#6233));
#1034=EDGE_LOOP('',(#6234,#6235,#6236,#6237));
#1035=EDGE_LOOP('',(#6238,#6239,#6240,#6241));
#1036=EDGE_LOOP('',(#6242,#6243,#6244,#6245,#6246,#6247));
#1037=EDGE_LOOP('',(#6248,#6249,#6250,#6251));
#1038=EDGE_LOOP('',(#6252,#6253,#6254,#6255,#6256,#6257));
#1039=EDGE_LOOP('',(#6258,#6259,#6260,#6261));
#1040=EDGE_LOOP('',(#6262,#6263,#6264,#6265));
#1041=EDGE_LOOP('',(#6266,#6267,#6268,#6269,#6270,#6271,#6272,#6273));
#1042=EDGE_LOOP('',(#6274,#6275,#6276,#6277));
#1043=EDGE_LOOP('',(#6278,#6279,#6280,#6281,#6282,#6283,#6284,#6285));
#1044=EDGE_LOOP('',(#6286,#6287,#6288,#6289,#6290,#6291));
#1045=EDGE_LOOP('',(#6292,#6293,#6294,#6295,#6296,#6297));
#1046=EDGE_LOOP('',(#6298,#6299,#6300,#6301));
#1047=EDGE_LOOP('',(#6302,#6303,#6304,#6305));
#1048=EDGE_LOOP('',(#6306,#6307,#6308,#6309));
#1049=EDGE_LOOP('',(#6310,#6311,#6312,#6313));
#1050=EDGE_LOOP('',(#6314,#6315,#6316,#6317));
#1051=EDGE_LOOP('',(#6318,#6319,#6320,#6321));
#1052=CIRCLE('',#6828,24.511);
#1053=CIRCLE('',#6836,23.76195);
#1054=CIRCLE('',#6852,9.99999999999577);
#1055=CIRCLE('',#6853,7.99999999999577);
#1056=CIRCLE('',#6856,9.99999999999999);
#1057=CIRCLE('',#6857,7.99999999999999);
#1058=CIRCLE('',#6860,9.99999999997083);
#1059=CIRCLE('',#6861,7.99999999997083);
#1060=CIRCLE('',#6863,84.8227040809064);
#1061=CIRCLE('',#6864,82.8227040809063);
#1062=CIRCLE('',#6866,10.0000000001615);
#1063=CIRCLE('',#6867,8.0000000001615);
#1064=CIRCLE('',#6869,9.99999999997083);
#1065=CIRCLE('',#6871,84.8227040809064);
#1066=CIRCLE('',#6872,84.8227040809064);
#1067=CIRCLE('',#6873,84.8227040809064);
#1068=CIRCLE('',#6875,10.0000000001615);
#1069=CIRCLE('',#6878,15.25);
#1070=CIRCLE('',#6879,3.87499999987706);
#1071=CIRCLE('',#6880,23.);
#1072=CIRCLE('',#6881,3.87500000000696);
#1073=CIRCLE('',#6882,2.5);
#1074=CIRCLE('',#6883,2.5);
#1075=CIRCLE('',#6884,2.5);
#1076=CIRCLE('',#6885,2.5);
#1077=CIRCLE('',#6886,2.50000000000001);
#1078=CIRCLE('',#6887,2.5);
#1079=CIRCLE('',#6888,2.5);
#1080=CIRCLE('',#6889,2.5);
#1081=CIRCLE('',#6890,2.5);
#1082=CIRCLE('',#6891,2.5);
#1083=CIRCLE('',#6892,2.5);
#1084=CIRCLE('',#6893,2.49999999999999);
#1085=CIRCLE('',#6894,2.5);
#1086=CIRCLE('',#6895,2.5);
#1087=CIRCLE('',#6896,2.5);
#1088=CIRCLE('',#6897,2.5);
#1089=CIRCLE('',#6898,15.25);
#1090=CIRCLE('',#6899,3.875);
#1091=CIRCLE('',#6900,23.);
#1092=CIRCLE('',#6901,3.875);
#1093=CIRCLE('',#6902,1.875);
#1094=CIRCLE('',#6903,1.875);
#1095=CIRCLE('',#6904,1.875);
#1096=CIRCLE('',#6905,1.875);
#1097=CIRCLE('',#6906,7.99999999999999);
#1098=CIRCLE('',#6907,8.);
#1099=CIRCLE('',#6908,5.49999999999999);
#1100=CIRCLE('',#6909,5.5);
#1101=CIRCLE('',#6910,5.5);
#1102=CIRCLE('',#6911,5.50000000000001);
#1103=CIRCLE('',#6912,5.5);
#1104=CIRCLE('',#6913,5.50000000000001);
#1105=CIRCLE('',#6914,5.49999999999998);
#1106=CIRCLE('',#6915,5.50000000000001);
#1107=CIRCLE('',#6916,5.5);
#1108=CIRCLE('',#6917,5.5);
#1109=CIRCLE('',#6918,5.50000000000001);
#1110=CIRCLE('',#6919,8.);
#1111=CIRCLE('',#6920,7.99999999999999);
#1112=CIRCLE('',#6921,5.5);
#1113=CIRCLE('',#6922,26.);
#1114=CIRCLE('',#6923,5.5);
#1115=CIRCLE('',#6924,81.8227040807945);
#1116=CIRCLE('',#6925,5.5);
#1117=CIRCLE('',#6927,8.);
#1118=CIRCLE('',#6928,8.);
#1119=CIRCLE('',#6931,7.99999999999999);
#1120=CIRCLE('',#6932,7.99999999999999);
#1121=CIRCLE('',#6939,7.99999999999999);
#1122=CIRCLE('',#6940,7.99999999999999);
#1123=CIRCLE('',#6943,8.);
#1124=CIRCLE('',#6944,8.);
#1125=CIRCLE('',#6950,26.);
#1126=CIRCLE('',#6953,6.99999999998609);
#1127=CIRCLE('',#6954,3.);
#1128=CIRCLE('',#6955,6.99999999998609);
#1129=CIRCLE('',#6956,1.875);
#1130=CIRCLE('',#6958,5.50000000000001);
#1131=CIRCLE('',#6959,5.50000000000001);
#1132=CIRCLE('',#6960,5.50000000000004);
#1133=CIRCLE('',#6961,5.5);
#1134=CIRCLE('',#6962,5.5);
#1135=CIRCLE('',#6963,81.8227040807945);
#1136=CIRCLE('',#6964,3.);
#1137=CIRCLE('',#6965,7.00000000016153);
#1138=CIRCLE('',#6966,1.875);
#1139=CIRCLE('',#6968,6.99999999981074);
#1140=CIRCLE('',#6969,3.);
#1141=CIRCLE('',#6970,81.8227040807945);
#1142=CIRCLE('',#6971,5.5);
#1143=CIRCLE('',#6972,5.5);
#1144=CIRCLE('',#6973,5.50000000000039);
#1145=CIRCLE('',#6974,5.5);
#1146=CIRCLE('',#6975,5.5);
#1147=CIRCLE('',#6976,1.875);
#1148=CIRCLE('',#6978,7.00000000000054);
#1149=CIRCLE('',#6979,3.);
#1150=CIRCLE('',#6980,7.00000000000054);
#1151=CIRCLE('',#6981,1.875);
#1152=CIRCLE('',#6983,5.49999999999984);
#1153=CIRCLE('',#6984,5.5);
#1154=CIRCLE('',#6985,5.5);
#1155=CIRCLE('',#6986,5.50000000000001);
#1156=CIRCLE('',#6987,5.49999999999998);
#1157=CIRCLE('',#6988,5.5);
#1158=CIRCLE('',#6989,5.5);
#1159=CIRCLE('',#6990,5.5);
#1160=CIRCLE('',#6991,5.5);
#1161=CIRCLE('',#6992,5.5);
#1162=CIRCLE('',#6993,5.49999999999986);
#1163=CIRCLE('',#6994,5.5);
#1164=CIRCLE('',#6995,23.76195);
#1165=CIRCLE('',#7011,9.99999999999577);
#1166=CIRCLE('',#7012,9.99999999999999);
#1167=CIRCLE('',#7013,3.);
#1168=CIRCLE('',#7014,6.99999999998609);
#1169=CIRCLE('',#7015,7.00000000016153);
#1170=CIRCLE('',#7016,3.);
#1171=CIRCLE('',#7017,81.8227040807945);
#1172=CIRCLE('',#7018,3.);
#1173=CIRCLE('',#7019,6.99999999981074);
#1174=CIRCLE('',#7020,7.00000000000054);
#1175=CIRCLE('',#7021,3.);
#1176=CIRCLE('',#7022,7.00000000000054);
#1177=CIRCLE('',#7023,6.99999999998609);
#1178=CIRCLE('',#7030,0.875000000000004);
#1179=CIRCLE('',#7032,0.875000000000004);
#1180=CIRCLE('',#7036,0.875000000000004);
#1181=CIRCLE('',#7038,0.875000000000004);
#1182=CIRCLE('',#7048,0.875000000000004);
#1183=CIRCLE('',#7050,0.875000000000004);
#1184=CIRCLE('',#7053,0.875000000000004);
#1185=CIRCLE('',#7054,0.875000000000004);
#1186=CIRCLE('',#7061,5.5);
#1187=CIRCLE('',#7062,5.5);
#1188=CIRCLE('',#7063,5.49999999999999);
#1189=CIRCLE('',#7064,5.5);
#1190=CIRCLE('',#7065,5.5);
#1191=CIRCLE('',#7066,5.5);
#1192=CIRCLE('',#7067,5.49999999999998);
#1193=CIRCLE('',#7068,5.50000000000001);
#1194=CIRCLE('',#7069,2.49999999999999);
#1195=CIRCLE('',#7070,2.5);
#1196=CIRCLE('',#7071,2.5);
#1197=CIRCLE('',#7072,2.5);
#1198=CIRCLE('',#7074,5.50000000000001);
#1199=CIRCLE('',#7075,5.5);
#1200=CIRCLE('',#7076,5.5);
#1201=CIRCLE('',#7077,5.5);
#1202=CIRCLE('',#7078,5.50000000000004);
#1203=CIRCLE('',#7079,5.50000000000001);
#1204=CIRCLE('',#7080,5.50000000000001);
#1205=CIRCLE('',#7081,5.5);
#1206=CIRCLE('',#7082,2.5);
#1207=CIRCLE('',#7083,2.5);
#1208=CIRCLE('',#7084,2.5);
#1209=CIRCLE('',#7085,2.5);
#1210=CIRCLE('',#7087,5.5);
#1211=CIRCLE('',#7088,5.5);
#1212=CIRCLE('',#7089,5.5);
#1213=CIRCLE('',#7090,5.49999999999984);
#1214=CIRCLE('',#7091,5.49999999999998);
#1215=CIRCLE('',#7092,5.5);
#1216=CIRCLE('',#7093,5.5);
#1217=CIRCLE('',#7094,5.50000000000039);
#1218=CIRCLE('',#7095,2.5);
#1219=CIRCLE('',#7096,2.5);
#1220=CIRCLE('',#7097,2.5);
#1221=CIRCLE('',#7098,2.5);
#1222=CIRCLE('',#7100,5.49999999999986);
#1223=CIRCLE('',#7101,5.5);
#1224=CIRCLE('',#7102,5.5);
#1225=CIRCLE('',#7103,5.50000000000001);
#1226=CIRCLE('',#7104,5.5);
#1227=CIRCLE('',#7105,5.5);
#1228=CIRCLE('',#7106,5.50000000000001);
#1229=CIRCLE('',#7107,5.5);
#1230=CIRCLE('',#7108,2.5);
#1231=CIRCLE('',#7109,2.50000000000001);
#1232=CIRCLE('',#7110,2.5);
#1233=CIRCLE('',#7111,2.5);
#1234=CIRCLE('',#7126,23.);
#1235=CIRCLE('',#7127,3.87499999987706);
#1236=CIRCLE('',#7128,15.25);
#1237=CIRCLE('',#7129,15.25);
#1238=CIRCLE('',#7130,3.875);
#1239=CIRCLE('',#7131,23.);
#1240=CIRCLE('',#7133,15.25);
#1241=CIRCLE('',#7134,15.25);
#1242=CIRCLE('',#7136,3.87500000000696);
#1243=CIRCLE('',#7137,23.);
#1244=CIRCLE('',#7138,3.875);
#1245=CIRCLE('',#7140,23.);
#1246=CIRCLE('',#7147,24.511);
#1247=CIRCLE('',#7191,2.5);
#1248=CIRCLE('',#7198,2.5);
#1249=CIRCLE('',#7209,2.5);
#1250=CIRCLE('',#7212,2.5);
#1251=CIRCLE('',#7226,2.5);
#1252=CIRCLE('',#7229,2.5);
#1253=CIRCLE('',#7243,2.5);
#1254=CIRCLE('',#7250,2.5);
#1255=CIRCLE('',#7280,1.25);
#1256=CIRCLE('',#7281,1.25);
#1257=CIRCLE('',#7284,1.25);
#1258=CIRCLE('',#7285,1.25);
#1259=CIRCLE('',#7288,1.25000000000001);
#1260=CIRCLE('',#7289,1.25000000000001);
#1261=CIRCLE('',#7292,1.25);
#1262=CIRCLE('',#7293,1.25);
#1263=CIRCLE('',#7296,1.25);
#1264=CIRCLE('',#7297,1.25);
#1265=CIRCLE('',#7300,1.25);
#1266=CIRCLE('',#7301,1.25);
#1267=CIRCLE('',#7304,1.25);
#1268=CIRCLE('',#7305,1.25);
#1269=CIRCLE('',#7308,1.25000000000001);
#1270=CIRCLE('',#7309,1.25000000000001);
#1271=CIRCLE('',#7313,0.950000000000002);
#1272=CIRCLE('',#7314,0.950000000000002);
#1273=CIRCLE('',#7316,0.950000000000002);
#1274=CIRCLE('',#7317,0.950000000000002);
#1275=CIRCLE('',#7327,0.949999999999998);
#1276=CIRCLE('',#7328,0.949999999999998);
#1277=CIRCLE('',#7330,0.950000000000002);
#1278=CIRCLE('',#7331,0.950000000000002);
#1279=CIRCLE('',#7341,0.950000000000002);
#1280=CIRCLE('',#7342,0.950000000000002);
#1281=CIRCLE('',#7344,0.950000000000002);
#1282=CIRCLE('',#7345,0.950000000000002);
#1283=CIRCLE('',#7355,0.950000000000002);
#1284=CIRCLE('',#7356,0.950000000000002);
#1285=CIRCLE('',#7358,0.950000000000002);
#1286=CIRCLE('',#7359,0.950000000000002);
#1287=B_SPLINE_CURVE_WITH_KNOTS('',3,(#9323,#9324,#9325,#9326,#9327,#9328,
#9329,#9330,#9331,#9332),.UNSPECIFIED.,.F.,.F.,(4,1,1,1,1,1,1,4),(12.9735685716298,
13.0870118407727,13.5777017350802,14.0683916293877,14.5590815236952,15.0497714180028,
15.5404613123103,15.707963267949),.UNSPECIFIED.);
#1288=B_SPLINE_CURVE_WITH_KNOTS('',3,(#9335,#9336,#9337,#9338),
 .UNSPECIFIED.,.F.,.F.,(4,4),(-9.42477796076936,-9.01758000349879),
 .UNSPECIFIED.);
#1289=B_SPLINE_CURVE_WITH_KNOTS('',3,(#9343,#9344,#9345,#9346,#9347,#9348,
#9349,#9350,#9351,#9352,#9353,#9354,#9355,#9356,#9357,#9358,#9359),
 .UNSPECIFIED.,.F.,.F.,(4,1,1,1,1,1,1,1,1,1,1,1,1,1,4),(15.707963267949,
16.0311512066178,16.5218411009253,17.0125309952329,17.5032208895404,17.9939107838479,
18.4846006781554,18.9752905724629,19.4659804667705,19.956670361078,20.4473602553855,
20.938050149693,21.4287400440006,21.9194299383081,21.9911485751285),
 .UNSPECIFIED.);
#1290=B_SPLINE_CURVE_WITH_KNOTS('',3,(#9360,#9361,#9362,#9363,#9364,#9365,
#9366,#9367,#9368,#9369,#9370,#9371,#9372,#9373,#9374,#9375,#9376,#9377,
#9378,#9379,#9380,#9381,#9382,#9383,#9384,#9385,#9386,#9387,#9388,#9389,
#9390,#9391,#9392,#9393,#9394,#9395,#9396,#9397,#9398,#9399,#9400,#9401,
#9402),.UNSPECIFIED.,.F.,.F.,(4,3,3,3,3,3,3,3,3,3,3,3,3,3,4),(-15.7079632679489,
-15.3965486294966,-14.9058587351891,-14.4151688408815,-13.924478946574,
-13.4337890522665,-12.943099157959,-12.4524092636514,-11.9617193693439,
-11.4710294750364,-10.9803395807289,-10.4896496864213,-9.99895979211382,
-9.5082698978063,-9.42477796076936),.UNSPECIFIED.);
#1291=B_SPLINE_CURVE_WITH_KNOTS('',3,(#9407,#9408,#9409,#9410,#9411,#9412,
#9413,#9414,#9415,#9416,#9417,#9418,#9419,#9420,#9421,#9422),
 .UNSPECIFIED.,.F.,.F.,(4,1,1,1,1,1,1,1,1,1,1,1,1,4),(21.9911485751285,
22.4101198326156,22.9008097269231,23.3914996212307,23.8821895155382,24.3728794098457,
24.8635693041532,25.3542591984607,25.8449490927683,26.3356389870758,26.8263288813833,
27.3170187756908,27.8077086699984,28.2743338823081),.UNSPECIFIED.);
#1292=B_SPLINE_CURVE_WITH_KNOTS('',3,(#9423,#9424,#9425,#9426,#9427,#9428,
#9429,#9430,#9431,#9432,#9433,#9434,#9435,#9436,#9437,#9438,#9439,#9440,
#9441,#9442,#9443,#9444,#9445,#9446,#9447,#9448,#9449,#9450,#9451,#9452,
#9453,#9454,#9455,#9456,#9457,#9458,#9459,#9460,#9461,#9462,#9463,#9464,
#9465),.UNSPECIFIED.,.F.,.F.,(4,3,3,3,3,3,3,3,3,3,3,3,3,3,4),(-21.9911485751285,
-21.7755172554944,-21.2848273611869,-20.7941374668793,-20.3034475725718,
-19.8127576782643,-19.3220677839568,-18.8313778896492,-18.3406879953417,
-17.8499981010342,-17.3593082067267,-16.8686183124191,-16.3779284181116,
-15.8872385238041,-15.7079632679489),.UNSPECIFIED.);
#1293=B_SPLINE_CURVE_WITH_KNOTS('',3,(#9470,#9471,#9472,#9473,#9474,#9475,
#9476,#9477,#9478,#9479,#9480,#9481,#9482,#9483,#9484,#9485,#9486),
 .UNSPECIFIED.,.F.,.F.,(4,1,1,1,1,1,1,1,1,1,1,1,1,1,4),(28.2743338823081,
28.2983985643059,28.7890884586134,29.2797783529209,29.7704682472284,30.261158141536,
30.7518480358435,31.242537930151,31.7332278244585,32.2239177187661,32.7146076130736,
33.2052975073811,33.6959874016886,34.1866772959962,34.5575191894877),
 .UNSPECIFIED.);
#1294=B_SPLINE_CURVE_WITH_KNOTS('',3,(#9487,#9488,#9489,#9490,#9491,#9492,
#9493,#9494,#9495,#9496,#9497,#9498,#9499,#9500,#9501,#9502,#9503,#9504,
#9505,#9506,#9507,#9508,#9509,#9510,#9511,#9512,#9513,#9514,#9515,#9516,
#9517,#9518,#9519,#9520,#9521,#9522,#9523,#9524,#9525,#9526,#9527,#9528,
#9529),.UNSPECIFIED.,.F.,.F.,(4,3,3,3,3,3,3,3,3,3,3,3,3,3,4),(-28.2743338823081,
-28.1544858814922,-27.6637959871847,-27.1731060928771,-26.6824161985696,
-26.1917263042621,-25.7010364099546,-25.210346515647,-24.7196566213395,
-24.228966727032,-23.7382768327245,-23.2475869384169,-22.7568970441094,
-22.2662071498019,-21.9911485751285),.UNSPECIFIED.);
#1295=B_SPLINE_CURVE_WITH_KNOTS('',3,(#9534,#9535,#9536,#9537,#9538,#9539,
#9540,#9541,#9542,#9543,#9544,#9545,#9546,#9547,#9548,#9549,#9550),
 .UNSPECIFIED.,.F.,.F.,(4,1,1,1,1,1,1,1,1,1,1,1,1,1,4),(34.5575191894877,
34.6773671903037,35.1680570846112,35.6587469789187,36.1494368732262,36.6401267675338,
37.1308166618413,37.6215065561488,38.1121964504563,38.6028863447639,39.0935762390714,
39.5842661333789,40.0749560276864,40.5656459219939,40.8407044966673),
 .UNSPECIFIED.);
#1296=B_SPLINE_CURVE_WITH_KNOTS('',3,(#9551,#9552,#9553,#9554,#9555,#9556,
#9557,#9558,#9559,#9560,#9561,#9562,#9563,#9564,#9565,#9566,#9567,#9568,
#9569,#9570,#9571,#9572,#9573,#9574,#9575,#9576,#9577,#9578,#9579,#9580,
#9581,#9582,#9583,#9584,#9585,#9586,#9587,#9588,#9589,#9590,#9591,#9592,
#9593),.UNSPECIFIED.,.F.,.F.,(4,3,3,3,3,3,3,3,3,3,3,3,3,3,4),(-34.5575191894877,
-34.53345450749,-34.0427646131825,-33.5520747188749,-33.0613848245674,-32.5706949302599,
-32.0800050359524,-31.5893151416448,-31.0986252473373,-30.6079353530298,
-30.1172454587223,-29.6265555644147,-29.1358656701072,-28.6451757757997,
-28.2743338823081),.UNSPECIFIED.);
#1297=B_SPLINE_CURVE_WITH_KNOTS('',3,(#9598,#9599,#9600,#9601,#9602,#9603,
#9604,#9605,#9606,#9607,#9608,#9609,#9610,#9611,#9612,#9613,#9614),
 .UNSPECIFIED.,.F.,.F.,(4,1,1,1,1,1,1,1,1,1,1,1,1,1,4),(40.8407044966673,
41.0563358163015,41.547025710609,42.0377156049165,42.528405499224,43.0190953935316,
43.5097852878391,44.0004751821466,44.4911650764541,44.9818549707617,45.4725448650692,
45.9632347593767,46.4539246536842,46.9446145479917,47.1238898038469),
 .UNSPECIFIED.);
#1298=B_SPLINE_CURVE_WITH_KNOTS('',3,(#9615,#9616,#9617,#9618,#9619,#9620,
#9621,#9622,#9623,#9624,#9625,#9626,#9627,#9628,#9629,#9630,#9631,#9632,
#9633,#9634,#9635,#9636,#9637,#9638,#9639,#9640,#9641,#9642,#9643,#9644,
#9645,#9646,#9647,#9648,#9649,#9650,#9651,#9652,#9653,#9654),
 .UNSPECIFIED.,.F.,.F.,(4,3,3,3,3,3,3,3,3,3,3,3,3,4),(-40.8407044966673,
-40.4217332391802,-39.9310433448727,-39.4403534505652,-38.9496635562577,
-38.4589736619502,-37.9682837676426,-37.4775938733351,-36.9869039790276,
-36.4962140847201,-36.0055241904125,-35.514834296105,-35.0241444017975,
-34.5575191894877),.UNSPECIFIED.);
#1299=B_SPLINE_CURVE_WITH_KNOTS('',3,(#9659,#9660,#9661,#9662,#9663,#9664,
#9665,#9666,#9667,#9668,#9669,#9670,#9671,#9672,#9673,#9674,#9675),
 .UNSPECIFIED.,.F.,.F.,(4,1,1,1,1,1,1,1,1,1,1,1,1,1,4),(47.1238898038469,
47.4353044422993,47.9259943366068,48.4166842309143,48.9073741252218,49.3980640195294,
49.8887539138369,50.3794438081444,50.8701337024519,51.3608235967594,51.851513491067,
52.3422033853745,52.832893279682,53.3235831739895,53.4070751110265),
 .UNSPECIFIED.);
#1300=B_SPLINE_CURVE_WITH_KNOTS('',3,(#9676,#9677,#9678,#9679,#9680,#9681,
#9682,#9683,#9684,#9685,#9686,#9687,#9688,#9689,#9690,#9691,#9692,#9693,
#9694,#9695,#9696,#9697,#9698,#9699,#9700,#9701,#9702,#9703,#9704,#9705,
#9706,#9707,#9708,#9709,#9710,#9711,#9712,#9713,#9714,#9715,#9716,#9717,
#9718),.UNSPECIFIED.,.F.,.F.,(4,3,3,3,3,3,3,3,3,3,3,3,3,3,4),(-47.1238898038469,
-46.8007018651781,-46.3100119708705,-45.819322076563,-45.3286321822555,
-44.837942287948,-44.3472523936404,-43.8565624993329,-43.3658726050254,
-42.8751827107179,-42.3844928164103,-41.8938029221028,-41.4031130277953,
-40.9124231334878,-40.8407044966673),.UNSPECIFIED.);
#1301=B_SPLINE_CURVE_WITH_KNOTS('',3,(#9724,#9725,#9726,#9727,#9728,#9729,
#9730,#9731,#9732,#9733,#9734,#9735,#9736,#9737,#9738),.UNSPECIFIED.,.F.,
 .F.,(4,1,1,1,1,1,1,1,1,1,1,1,4),(47.1238898038469,47.4353044422993,47.9259943366068,
48.4166842309143,48.9073741252218,49.3980640195294,49.8887539138369,50.3794438081444,
50.8701337024519,51.3608235967594,51.851513491067,52.3422033853745,52.4556466545174),
 .UNSPECIFIED.);
#1302=B_SPLINE_CURVE_WITH_KNOTS('',3,(#9741,#9742,#9743,#9744,#9745,#9746,
#9747,#9748,#9749,#9750,#9751,#9752),.UNSPECIFIED.,.F.,.F.,(4,1,1,1,1,1,
1,1,1,4),(47.1238898038469,47.2913917594856,47.7820816537931,48.2727715481006,
48.7634614424081,49.2541513367157,49.7448412310232,50.2355311253307,50.7262210196382,
51.2169109139458),.UNSPECIFIED.);
#1303=B_SPLINE_CURVE_WITH_KNOTS('',3,(#9757,#9758,#9759,#9760,#9761,#9762,
#9763,#9764,#9765,#9766,#9767,#9768,#9769,#9770,#9771,#9772,#9773),
 .UNSPECIFIED.,.F.,.F.,(4,1,1,1,1,1,1,1,1,1,1,1,1,1,4),(40.8407044966673,
41.0563358163015,41.547025710609,42.0377156049165,42.528405499224,43.0190953935316,
43.5097852878391,44.0004751821466,44.4911650764541,44.9818549707617,45.4725448650692,
45.9632347593767,46.4539246536842,46.9446145479917,47.1238898038469),
 .UNSPECIFIED.);
#1304=B_SPLINE_CURVE_WITH_KNOTS('',3,(#9774,#9775,#9776,#9777,#9778,#9779,
#9780,#9781,#9782,#9783,#9784,#9785,#9786,#9787,#9788,#9789,#9790),
 .UNSPECIFIED.,.F.,.F.,(4,1,1,1,1,1,1,1,1,1,1,1,1,1,4),(40.8407044966673,
40.9124231334878,41.4031130277953,41.8938029221028,42.3844928164103,42.8751827107179,
43.3658726050254,43.8565624993329,44.3472523936404,44.837942287948,45.3286321822555,
45.819322076563,46.3100119708705,46.800701865178,47.1238898038469),
 .UNSPECIFIED.);
#1305=B_SPLINE_CURVE_WITH_KNOTS('',3,(#9795,#9796,#9797,#9798,#9799,#9800,
#9801,#9802,#9803,#9804,#9805,#9806,#9807,#9808,#9809,#9810,#9811),
 .UNSPECIFIED.,.F.,.F.,(4,1,1,1,1,1,1,1,1,1,1,1,1,1,4),(34.5575191894877,
34.6773671903037,35.1680570846112,35.6587469789187,36.1494368732262,36.6401267675338,
37.1308166618413,37.6215065561488,38.1121964504563,38.6028863447639,39.0935762390714,
39.5842661333789,40.0749560276864,40.5656459219939,40.8407044966673),
 .UNSPECIFIED.);
#1306=B_SPLINE_CURVE_WITH_KNOTS('',3,(#9812,#9813,#9814,#9815,#9816,#9817,
#9818,#9819,#9820,#9821,#9822,#9823,#9824,#9825,#9826,#9827),
 .UNSPECIFIED.,.F.,.F.,(4,1,1,1,1,1,1,1,1,1,1,1,1,4),(34.5575191894877,
35.0241444017975,35.514834296105,36.0055241904125,36.4962140847201,36.9869039790276,
37.4775938733351,37.9682837676426,38.4589736619502,38.9496635562577,39.4403534505652,
39.9310433448727,40.4217332391802,40.8407044966673),.UNSPECIFIED.);
#1307=B_SPLINE_CURVE_WITH_KNOTS('',3,(#9832,#9833,#9834,#9835,#9836,#9837,
#9838,#9839,#9840,#9841,#9842,#9843,#9844,#9845,#9846,#9847,#9848),
 .UNSPECIFIED.,.F.,.F.,(4,1,1,1,1,1,1,1,1,1,1,1,1,1,4),(28.2743338823081,
28.2983985643059,28.7890884586134,29.2797783529209,29.7704682472284,30.261158141536,
30.7518480358435,31.242537930151,31.7332278244585,32.2239177187661,32.7146076130736,
33.2052975073811,33.6959874016886,34.1866772959962,34.5575191894877),
 .UNSPECIFIED.);
#1308=B_SPLINE_CURVE_WITH_KNOTS('',3,(#9849,#9850,#9851,#9852,#9853,#9854,
#9855,#9856,#9857,#9858,#9859,#9860,#9861,#9862,#9863,#9864,#9865),
 .UNSPECIFIED.,.F.,.F.,(4,1,1,1,1,1,1,1,1,1,1,1,1,1,4),(28.2743338823081,
28.6451757757997,29.1358656701072,29.6265555644147,30.1172454587223,30.6079353530298,
31.0986252473373,31.5893151416448,32.0800050359524,32.5706949302599,33.0613848245674,
33.5520747188749,34.0427646131825,34.53345450749,34.5575191894877),
 .UNSPECIFIED.);
#1309=B_SPLINE_CURVE_WITH_KNOTS('',3,(#9870,#9871,#9872,#9873,#9874,#9875,
#9876,#9877,#9878,#9879,#9880,#9881,#9882,#9883,#9884,#9885),
 .UNSPECIFIED.,.F.,.F.,(4,1,1,1,1,1,1,1,1,1,1,1,1,4),(21.9911485751285,
22.4101198326156,22.9008097269231,23.3914996212307,23.8821895155382,24.3728794098457,
24.8635693041532,25.3542591984607,25.8449490927683,26.3356389870758,26.8263288813833,
27.3170187756908,27.8077086699984,28.2743338823081),.UNSPECIFIED.);
#1310=B_SPLINE_CURVE_WITH_KNOTS('',3,(#9886,#9887,#9888,#9889,#9890,#9891,
#9892,#9893,#9894,#9895,#9896,#9897,#9898,#9899,#9900,#9901,#9902),
 .UNSPECIFIED.,.F.,.F.,(4,1,1,1,1,1,1,1,1,1,1,1,1,1,4),(21.9911485751285,
22.2662071498019,22.7568970441094,23.2475869384169,23.7382768327245,24.228966727032,
24.7196566213395,25.210346515647,25.7010364099546,26.1917263042621,26.6824161985696,
27.1731060928771,27.6637959871847,28.1544858814922,28.2743338823081),
 .UNSPECIFIED.);
#1311=B_SPLINE_CURVE_WITH_KNOTS('',3,(#9907,#9908,#9909,#9910,#9911,#9912,
#9913,#9914,#9915,#9916,#9917,#9918,#9919,#9920,#9921,#9922,#9923),
 .UNSPECIFIED.,.F.,.F.,(4,1,1,1,1,1,1,1,1,1,1,1,1,1,4),(15.7079632679489,
16.0311512066178,16.5218411009253,17.0125309952329,17.5032208895404,17.9939107838479,
18.4846006781554,18.9752905724629,19.4659804667705,19.956670361078,20.4473602553855,
20.938050149693,21.4287400440006,21.9194299383081,21.9911485751285),
 .UNSPECIFIED.);
#1312=B_SPLINE_CURVE_WITH_KNOTS('',3,(#9924,#9925,#9926,#9927,#9928,#9929,
#9930,#9931,#9932,#9933,#9934,#9935,#9936,#9937,#9938,#9939,#9940),
 .UNSPECIFIED.,.F.,.F.,(4,1,1,1,1,1,1,1,1,1,1,1,1,1,4),(15.7079632679489,
15.8872385238041,16.3779284181116,16.8686183124191,17.3593082067267,17.8499981010342,
18.3406879953417,18.8313778896492,19.3220677839568,19.8127576782643,20.3034475725718,
20.7941374668793,21.2848273611869,21.7755172554944,21.9911485751285),
 .UNSPECIFIED.);
#1313=B_SPLINE_CURVE_WITH_KNOTS('',3,(#10051,#10052,#10053,#10054),
 .UNSPECIFIED.,.F.,.F.,(4,4),(-2.5235631014246,-2.49487764893975),
 .UNSPECIFIED.);
#1314=B_SPLINE_CURVE_WITH_KNOTS('',3,(#10062,#10063,#10064,#10065),
 .UNSPECIFIED.,.F.,.F.,(4,4),(-0.646715004652755,-0.61802955216801),
 .UNSPECIFIED.);
#1315=B_SPLINE_CURVE_WITH_KNOTS('',3,(#10479,#10480,#10481,#10482,#10483,
#10484,#10485,#10486,#10487,#10488,#10489,#10490,#10491,#10492,#10493,#10494,
#10495,#10496,#10497,#10498,#10499,#10500,#10501,#10502,#10503,#10504,#10505,
#10506,#10507,#10508,#10509,#10510,#10511,#10512,#10513,#10514,#10515,#10516,
#10517,#10518,#10519,#10520,#10521,#10522,#10523,#10524,#10525,#10526,#10527,
#10528,#10529,#10530,#10531,#10532,#10533,#10534,#10535,#10536,#10537,#10538,
#10539,#10540,#10541,#10542,#10543,#10544,#10545,#10546,#10547,#10548,#10549,
#10550,#10551,#10552,#10553,#10554,#10555,#10556,#10557,#10558,#10559,#10560,
#10561,#10562,#10563,#10564,#10565,#10566,#10567,#10568,#10569),
 .UNSPECIFIED.,.F.,.F.,(4,3,3,3,3,3,3,3,3,3,3,3,3,3,3,3,3,3,3,3,3,3,3,3,
3,3,3,3,3,3,4),(-3.28940937174171,-3.1423900908901,-2.99595724759601,-2.85074753661271,
-2.83018268013812,-2.81136801678324,-2.66556353354441,-2.51581456979653,
-2.36606560604864,-2.21733595056221,-2.07144877661709,-1.9595462248096,
-1.91058885839383,-1.88244166495889,-1.86371428576737,-1.71948502487595,
-1.57437621496053,-1.42948867814594,-1.28594170751401,-1.17622836215718,
-1.02919981688754,-0.964874828332065,-0.934777366694963,-0.923629549571823,
-0.780894075156646,-0.637088011775423,-0.492860390371769,-0.349291137056544,
-0.206727889054004,-0.0663092356114638,0.),.UNSPECIFIED.);
#1316=B_SPLINE_CURVE_WITH_KNOTS('',3,(#10572,#10573,#10574,#10575,#10576,
#10577,#10578,#10579,#10580,#10581,#10582,#10583,#10584,#10585,#10586,#10587,
#10588,#10589,#10590,#10591,#10592,#10593,#10594,#10595,#10596,#10597,#10598,
#10599,#10600,#10601,#10602,#10603,#10604,#10605,#10606,#10607,#10608,#10609,
#10610,#10611,#10612,#10613,#10614,#10615,#10616,#10617,#10618,#10619,#10620,
#10621,#10622,#10623,#10624,#10625,#10626,#10627,#10628,#10629,#10630,#10631,
#10632,#10633,#10634,#10635,#10636,#10637,#10638,#10639,#10640,#10641,#10642,
#10643,#10644,#10645,#10646,#10647,#10648,#10649,#10650,#10651,#10652,#10653,
#10654,#10655,#10656,#10657,#10658,#10659,#10660,#10661,#10662,#10663,#10664,
#10665,#10666,#10667,#10668,#10669,#10670,#10671),.UNSPECIFIED.,.F.,.F.,
(4,3,3,3,3,3,3,3,3,3,3,3,3,3,3,3,3,3,3,3,3,3,3,3,3,3,3,3,3,3,3,3,3,4),(-5.08975325909282,
-4.94703722836557,-4.80336358505153,-4.65938632856937,-4.54132865794133,
-4.49605536814546,-4.46351547816775,-4.4486071956688,-4.30406098381971,
-4.18715564605722,-4.03873477295807,-3.90886650899631,-3.85204914351304,
-3.82986702703928,-3.81623994722241,-3.67260015464112,-3.52768014061857,
-3.38202502437663,-3.23667214936678,-3.09276162175773,-2.999788661264,-2.92477294032261,
-2.88353158107244,-2.87074490322832,-2.7269307312132,-2.58161294438279,
-2.4353230296755,-2.28871127081815,-2.14290723499287,-1.9982071749861,-1.94853966279001,
-1.93151378836701,-1.9175337063209,-1.79953712620174),.UNSPECIFIED.);
#1317=B_SPLINE_CURVE_WITH_KNOTS('',3,(#10735,#10736,#10737,#10738),
 .UNSPECIFIED.,.F.,.F.,(4,4),(2.50516703262254,2.53658813803241),
 .UNSPECIFIED.);
#1318=B_SPLINE_CURVE_WITH_KNOTS('',3,(#10754,#10755,#10756,#10757,#10758,
#10759,#10760),.UNSPECIFIED.,.F.,.F.,(4,3,4),(0.,0.273939617582382,0.546671405501904),
 .UNSPECIFIED.);
#1319=B_SPLINE_CURVE_WITH_KNOTS('',3,(#10815,#10816,#10817,#10818,#10819,
#10820,#10821),.UNSPECIFIED.,.F.,.F.,(4,3,4),(0.,0.272670312747999,0.546649417596513),
 .UNSPECIFIED.);
#1320=B_SPLINE_CURVE_WITH_KNOTS('',3,(#10833,#10834,#10835,#10836),
 .UNSPECIFIED.,.F.,.F.,(4,4),(0.605004515560472,0.636425620970206),
 .UNSPECIFIED.);
#1321=B_SPLINE_CURVE_WITH_KNOTS('',3,(#10853,#10854,#10855,#10856,#10857,
#10858,#10859),.UNSPECIFIED.,.F.,.F.,(4,3,4),(0.,0.270072817809739,0.539321402905499),
 .UNSPECIFIED.);
#1322=B_SPLINE_CURVE_WITH_KNOTS('',3,(#10915,#10916,#10917,#10918,#10919,
#10920,#10921),.UNSPECIFIED.,.F.,.F.,(4,3,4),(0.,0.269207863421544,0.539302194135142),
 .UNSPECIFIED.);
#1323=B_SPLINE_CURVE_WITH_KNOTS('',3,(#11647,#11648,#11649,#11650,#11651,
#11652,#11653,#11654,#11655,#11656,#11657,#11658,#11659,#11660,#11661,#11662,
#11663,#11664,#11665,#11666,#11667,#11668,#11669,#11670,#11671,#11672,#11673,
#11674,#11675,#11676,#11677,#11678,#11679,#11680,#11681,#11682,#11683,#11684,
#11685,#11686,#11687,#11688,#11689,#11690,#11691,#11692,#11693,#11694,#11695,
#11696,#11697,#11698,#11699,#11700,#11701,#11702,#11703,#11704,#11705,#11706,
#11707,#11708,#11709,#11710,#11711,#11712,#11713,#11714,#11715,#11716,#11717,
#11718,#11719,#11720,#11721,#11722,#11723,#11724,#11725,#11726,#11727,#11728,
#11729,#11730,#11731,#11732,#11733,#11734,#11735,#11736,#11737,#11738,#11739,
#11740,#11741,#11742,#11743),.UNSPECIFIED.,.F.,.F.,(4,3,3,3,3,3,3,3,3,3,
3,3,3,3,3,3,3,3,3,3,3,3,3,3,3,3,3,3,3,3,3,3,4),(1.79953712620177,1.91507862292968,
1.92821376918681,1.93987490657332,2.08535882080629,2.23171781143128,2.37810644502769,
2.52383097297331,2.66782552602237,2.72386910002506,2.87264650690658,2.89065206237233,
3.0345954994576,3.17971058317572,3.32534802847936,3.47253311012882,3.61652266169135,
3.76530550838427,3.8025012200575,3.81967686558483,3.83437974557426,3.91408835507719,
4.06104646807914,4.20560969759248,4.35009430706543,4.44255167606885,4.45908245900322,
4.47434140673097,4.61811381652563,4.76185973605138,4.90492389509195,5.04629029789156,
5.0897532590928),.UNSPECIFIED.);
#1324=B_SPLINE_CURVE_WITH_KNOTS('',3,(#11744,#11745,#11746,#11747,#11748,
#11749,#11750,#11751,#11752,#11753,#11754,#11755,#11756,#11757,#11758,#11759,
#11760,#11761,#11762,#11763,#11764,#11765),.UNSPECIFIED.,.F.,.F.,(4,3,3,
3,3,3,3,4),(-49.8582845001661,-49.7448412310232,-49.2541513367157,-48.7634614424081,
-48.2727715481006,-47.7820816537931,-47.2913917594856,-47.1238898038469),
 .UNSPECIFIED.);
#1325=B_SPLINE_CURVE_WITH_KNOTS('',3,(#11766,#11767,#11768,#11769,#11770,
#11771,#11772,#11773,#11774,#11775,#11776,#11777,#11778,#11779,#11780),
 .UNSPECIFIED.,.F.,.F.,(4,1,1,1,1,1,1,1,1,1,1,1,4),(10.3762064172784,10.4896496864213,
10.9803395807289,11.4710294750364,11.9617193693439,12.4524092636514,12.943099157959,
13.4337890522665,13.924478946574,14.4151688408815,14.9058587351891,15.3965486294966,
15.7079632679489),.UNSPECIFIED.);
#1326=B_SPLINE_CURVE_WITH_KNOTS('',3,(#11782,#11783,#11784,#11785,#11786,
#11787,#11788,#11789,#11790,#11791,#11792,#11793),.UNSPECIFIED.,.F.,.F.,
(4,1,1,1,1,1,1,1,1,4),(11.6149421578501,12.1056320521576,12.5963219464651,
13.0870118407727,13.5777017350802,14.0683916293877,14.5590815236952,15.0497714180028,
15.5404613123103,15.7079632679489),.UNSPECIFIED.);
#1327=B_SPLINE_CURVE_WITH_KNOTS('',3,(#12151,#12152,#12153,#12154,#12155,
#12156,#12157,#12158,#12159,#12160,#12161,#12162,#12163,#12164,#12165,#12166,
#12167,#12168,#12169,#12170,#12171,#12172,#12173,#12174,#12175,#12176,#12177,
#12178,#12179,#12180,#12181,#12182,#12183,#12184,#12185,#12186,#12187,#12188,
#12189,#12190,#12191,#12192,#12193,#12194,#12195,#12196,#12197,#12198,#12199,
#12200,#12201,#12202,#12203,#12204,#12205,#12206,#12207,#12208,#12209,#12210,
#12211,#12212,#12213,#12214,#12215,#12216,#12217,#12218,#12219,#12220,#12221,
#12222,#12223,#12224,#12225,#12226,#12227,#12228,#12229,#12230,#12231,#12232,
#12233,#12234,#12235,#12236,#12237,#12238,#12239,#12240,#12241,#12242,#12243,
#12244,#12245,#12246,#12247),.UNSPECIFIED.,.F.,.F.,(4,3,3,3,3,3,3,3,3,3,
3,3,3,3,3,3,3,3,3,3,3,3,3,3,3,3,3,3,3,3,3,3,4),(0.,0.141870357736785,0.285125991672689,
0.429195511621332,0.573217035847499,0.716524068895126,0.858040316707422,
0.90343325214988,0.931499704573143,0.944179901883174,1.08735508583776,1.23107508119844,
1.37584229823342,1.52101164164601,1.66539095214474,1.77143855748852,1.85097426149636,
1.8677489112395,1.88081314012496,2.02661217251335,2.08958137351986,2.23955987329759,
2.38519754877414,2.5312628290211,2.67706386976769,2.75360705751444,2.79857914536187,
2.81510146141969,2.82849421605817,2.97484673914192,3.12176506244215,3.26861765954019,
3.28940937174171),.UNSPECIFIED.);
#1328=B_SPLINE_CURVE_WITH_KNOTS('',3,(#12248,#12249,#12250,#12251),
 .UNSPECIFIED.,.F.,.F.,(4,4),(53.4070751110265,53.8142730682971),
 .UNSPECIFIED.);
#1329=B_SPLINE_CURVE_WITH_KNOTS('',3,(#12275,#12276,#12277,#12278,#12279,
#12280,#12281,#12282,#12283,#12284),.UNSPECIFIED.,.F.,.F.,(4,2,2,2,4),(0.971160254526687,
1.06504437627829,1.1589284980299,1.26149960959821,1.28605407996831),
 .UNSPECIFIED.);
#1330=B_SPLINE_CURVE_WITH_KNOTS('',3,(#12289,#12290,#12291,#12292,#12293,
#12294,#12295,#12296,#12297,#12298),.UNSPECIFIED.,.F.,.F.,(4,2,2,2,4),(0.656266429085022,
0.68082089945513,0.783392011023435,0.877276132775042,0.97116025452665),
 .UNSPECIFIED.);
#1331=B_SPLINE_CURVE_WITH_KNOTS('',3,(#12302,#12303,#12304,#12305,#12306,
#12307,#12308,#12309,#12310,#12311,#12312,#12313),.UNSPECIFIED.,.F.,.F.,
(4,2,2,2,2,4),(0.45929027303267,0.542016344702808,0.624742416372947,0.714037753890971,
0.816309149978156,0.82096072766682),.UNSPECIFIED.);
#1332=B_SPLINE_CURVE_WITH_KNOTS('',3,(#12336,#12337,#12338,#12339,#12340,
#12341,#12342,#12343,#12344,#12345),.UNSPECIFIED.,.F.,.F.,(4,2,2,2,4),(0.97116025452665,
1.06504437627826,1.15892849802987,1.26149960959817,1.28605407996842),
 .UNSPECIFIED.);
#1333=B_SPLINE_CURVE_WITH_KNOTS('',3,(#12350,#12351,#12352,#12353,#12354,
#12355,#12356,#12357,#12358,#12359),.UNSPECIFIED.,.F.,.F.,(4,2,2,2,4),(0.656266429084883,
0.680820899455135,0.78339201102344,0.877276132775047,0.971160254526654),
 .UNSPECIFIED.);
#1334=B_SPLINE_CURVE_WITH_KNOTS('',3,(#12363,#12364,#12365,#12366,#12367,
#12368,#12369,#12370,#12371,#12372,#12373,#12374),.UNSPECIFIED.,.F.,.F.,
(4,2,2,2,2,4),(0.45929027303267,0.542016344702808,0.624742416372947,0.714037753890971,
0.816309149978156,0.820960727667146),.UNSPECIFIED.);
#1335=B_SPLINE_CURVE_WITH_KNOTS('',3,(#12390,#12391,#12392,#12393,#12394,
#12395,#12396,#12397,#12398,#12399,#12400,#12401,#12402,#12403,#12404,#12405,
#12406,#12407),.UNSPECIFIED.,.F.,.F.,(4,2,2,2,2,2,2,2,4),(0.97116025452665,
1.0650443755452,1.15892849656374,1.26149960733116,1.36407071809857,1.48146927803278,
1.59886783796699,1.77059416971867,1.94232050147034),.UNSPECIFIED.);
#1336=B_SPLINE_CURVE_WITH_KNOTS('',3,(#12411,#12412,#12413,#12414,#12415,
#12416,#12417,#12418,#12419,#12420,#12421,#12422),.UNSPECIFIED.,.F.,.F.,
(4,2,2,2,2,4),(0.,0.102271396087184,0.204542792174369,0.293838129692393,
0.376564201362531,0.459290273032669),.UNSPECIFIED.);
#1337=B_SPLINE_CURVE_WITH_KNOTS('',3,(#12426,#12427,#12428,#12429,#12430,
#12431,#12432,#12433,#12434,#12435,#12436,#12437),.UNSPECIFIED.,.F.,.F.,
(4,2,2,2,2,4),(-0.459290273032669,-0.376564201684249,-0.29383813033583,
-0.204542793165072,-0.102271397475617,-1.78616188506453E-9),
 .UNSPECIFIED.);
#1338=B_SPLINE_CURVE_WITH_KNOTS('',3,(#12441,#12442,#12443,#12444,#12445,
#12446,#12447,#12448,#12449,#12450,#12451,#12452,#12453,#12454,#12455,#12456,
#12457,#12458),.UNSPECIFIED.,.F.,.F.,(4,2,2,2,2,2,2,2,4),(7.58295928793403E-9,
0.171726339334654,0.343452671086348,0.460851231020537,0.578249790954725,
0.680149028894464,0.782048266834203,0.876599819513092,0.97115137219198),
 .UNSPECIFIED.);
#1339=B_SPLINE_CURVE_WITH_KNOTS('',3,(#12463,#12464,#12465,#12466,#12467,
#12468,#12469,#12470,#12471,#12472,#12473,#12474),.UNSPECIFIED.,.F.,.F.,
(4,2,2,2,2,4),(1.01620036446386,1.02085194215252,1.12312333823971,1.21241867575773,
1.29514474742787,1.37787081909801),.UNSPECIFIED.);
#1340=B_SPLINE_CURVE_WITH_KNOTS('',3,(#12478,#12479,#12480,#12481,#12482,
#12483,#12484,#12485,#12486,#12487,#12488,#12489),.UNSPECIFIED.,.F.,.F.,
(4,2,2,2,2,4),(1.01620036446354,1.02085194215252,1.12312333823971,1.21241867575773,
1.29514474742787,1.37787081909801),.UNSPECIFIED.);
#1341=B_SPLINE_CURVE_WITH_KNOTS('',3,(#12493,#12494,#12495,#12496,#12497,
#12498,#12499,#12500,#12501,#12502,#12503,#12504,#12505,#12506,#12507,#12508,
#12509,#12510),.UNSPECIFIED.,.F.,.F.,(4,2,2,2,2,2,2,2,4),(0.,0.171726333092538,
0.343452666185077,0.460851227035951,0.578249787886826,0.68082089945513,
0.783392011023435,0.877276132775043,0.97116025452665),.UNSPECIFIED.);
#1342=B_SPLINE_CURVE_WITH_KNOTS('',3,(#12514,#12515,#12516,#12517,#12518,
#12519,#12520,#12521,#12522,#12523,#12524,#12525,#12526,#12527,#12528,#12529,
#12530,#12531),.UNSPECIFIED.,.F.,.F.,(4,2,2,2,2,2,2,2,4),(0.971160254526654,
1.0650443755452,1.15892849656375,1.26149960733116,1.36407071809858,1.48146927803278,
1.59886783796699,1.77059416971867,1.94232050147035),.UNSPECIFIED.);
#1343=B_SPLINE_CURVE_WITH_KNOTS('',3,(#12535,#12536,#12537,#12538,#12539,
#12540,#12541,#12542,#12543,#12544,#12545,#12546),.UNSPECIFIED.,.F.,.F.,
(4,2,2,2,2,4),(0.,0.102271396087184,0.204542792174369,0.293838129692393,
0.376564201362531,0.459290273032669),.UNSPECIFIED.);
#1344=B_SPLINE_CURVE_WITH_KNOTS('',3,(#12550,#12551,#12552,#12553,#12554,
#12555,#12556,#12557,#12558,#12559,#12560,#12561),.UNSPECIFIED.,.F.,.F.,
(4,2,2,2,2,4),(-0.459290273032669,-0.376564201362531,-0.293838129692393,
-0.204542792174369,-0.102271396087184,0.),.UNSPECIFIED.);
#1345=B_SPLINE_CURVE_WITH_KNOTS('',3,(#12615,#12616,#12617,#12618,#12619,
#12620,#12621,#12622,#12623,#12624,#12625,#12626,#12627,#12628,#12629,#12630,
#12631,#12632),.UNSPECIFIED.,.F.,.F.,(4,2,2,2,2,2,2,2,4),(0.382890280768242,
0.478527884711811,0.574165488655379,0.669973025095932,0.765780561536484,
0.861588097977037,0.957395634417589,1.05303323836116,1.14867084230473),
 .UNSPECIFIED.);
#1346=B_SPLINE_CURVE_WITH_KNOTS('',3,(#12644,#12645,#12646,#12647,#12648,
#12649,#12650,#12651,#12652,#12653,#12654,#12655,#12656,#12657,#12658,#12659,
#12660,#12661,#12662),.UNSPECIFIED.,.F.,.F.,(4,2,2,2,3,2,2,2,4),(-0.382890281083291,
-0.287252677010038,-0.191615072936785,-0.0958075364683926,0.,0.0958075364683922,
0.191615072936784,0.287252677010038,0.382890281083291),.UNSPECIFIED.);
#1347=B_SPLINE_CURVE_WITH_KNOTS('',3,(#12691,#12692,#12693,#12694,#12695,
#12696,#12697,#12698,#12699,#12700,#12701,#12702,#12703,#12704,#12705,#12706,
#12707,#12708,#12709),.UNSPECIFIED.,.F.,.F.,(4,2,2,2,3,2,2,2,4),(-0.382890281083291,
-0.287252677010037,-0.191615072936784,-0.0958075364683921,0.,0.0958075364683924,
0.191615072936785,0.287252677010038,0.382890281083291),.UNSPECIFIED.);
#1348=B_SPLINE_CURVE_WITH_KNOTS('',3,(#12739,#12740,#12741,#12742,#12743,
#12744,#12745,#12746,#12747,#12748,#12749,#12750,#12751,#12752,#12753,#12754,
#12755,#12756),.UNSPECIFIED.,.F.,.F.,(4,2,2,2,2,2,2,2,4),(0.382890280768242,
0.478527884711811,0.57416548865538,0.669973025095932,0.765780561536484,
0.861588097977037,0.957395634417589,1.05303323836116,1.14867084230473),
 .UNSPECIFIED.);
#1349=B_SPLINE_CURVE_WITH_KNOTS('',3,(#12778,#12779,#12780,#12781,#12782,
#12783,#12784,#12785,#12786,#12787,#12788,#12789,#12790,#12791,#12792,#12793,
#12794,#12795,#12796),.UNSPECIFIED.,.F.,.F.,(4,2,2,2,3,2,2,2,4),(-0.382890281083291,
-0.287252677010038,-0.191615072936784,-0.0958075364683924,0.,0.0958075364683925,
0.191615072936785,0.287252677010038,0.382890281083291),.UNSPECIFIED.);
#1350=B_SPLINE_CURVE_WITH_KNOTS('',3,(#12826,#12827,#12828,#12829,#12830,
#12831,#12832,#12833,#12834,#12835,#12836,#12837,#12838,#12839,#12840,#12841,
#12842,#12843),.UNSPECIFIED.,.F.,.F.,(4,2,2,2,2,2,2,2,4),(0.382890280768243,
0.478527884711812,0.57416548865538,0.669973025095933,0.765780561536485,
0.861588097977038,0.957395634417591,1.05303323836116,1.14867084230473),
 .UNSPECIFIED.);
#1351=B_SPLINE_CURVE_WITH_KNOTS('',3,(#12878,#12879,#12880,#12881,#12882,
#12883,#12884,#12885,#12886,#12887,#12888,#12889,#12890,#12891,#12892,#12893,
#12894,#12895),.UNSPECIFIED.,.F.,.F.,(4,2,2,2,2,2,2,2,4),(0.382890280768242,
0.478527884711811,0.57416548865538,0.669973025095932,0.765780561536484,
0.861588097977037,0.957395634417589,1.05303323836116,1.14867084230473),
 .UNSPECIFIED.);
#1352=B_SPLINE_CURVE_WITH_KNOTS('',3,(#12907,#12908,#12909,#12910,#12911,
#12912,#12913,#12914,#12915,#12916,#12917,#12918,#12919,#12920,#12921,#12922,
#12923,#12924,#12925),.UNSPECIFIED.,.F.,.F.,(4,2,2,2,3,2,2,2,4),(-0.382890281083291,
-0.287252677010037,-0.191615072936784,-0.0958075364683921,0.,0.0958075364683922,
0.191615072936784,0.287252677010038,0.382890281083291),.UNSPECIFIED.);
#1353=B_SPLINE_CURVE_WITH_KNOTS('',3,(#12954,#12955,#12956,#12957,#12958,
#12959,#12960,#12961,#12962,#12963,#12964,#12965),.UNSPECIFIED.,.F.,.F.,
(4,2,2,2,2,4),(0.45929003698513,0.542016058454909,0.624742079924687,0.714037375163047,
0.816308724566654,0.918580073970261),.UNSPECIFIED.);
#1354=B_SPLINE_CURVE_WITH_KNOTS('',3,(#12968,#12969,#12970,#12971,#12972,
#12973,#12974,#12975,#12976,#12977,#12978,#12979,#12980,#12981,#12982,#12983),
 .UNSPECIFIED.,.F.,.F.,(4,2,2,2,2,2,2,4),(0.,0.223515508344297,0.36341916632895,
0.476863056599636,0.586810064420908,0.686951780325207,0.803197302021232,
0.855955253764882),.UNSPECIFIED.);
#1355=B_SPLINE_CURVE_WITH_KNOTS('',3,(#12985,#12986,#12987,#12988,#12989,
#12990,#12991,#12992,#12993,#12994,#12995,#12996,#12997,#12998,#12999,#13000,
#13001,#13002),.UNSPECIFIED.,.F.,.F.,(4,2,2,2,2,2,2,2,4),(0.161535730859511,
0.195153404918516,0.290248281915918,0.37488798085625,0.470583929439908,
0.553130647314868,0.652231785133497,0.780585102969432,0.897804201493707),
 .UNSPECIFIED.);
#1356=B_SPLINE_CURVE_WITH_KNOTS('',3,(#13006,#13007,#13008,#13009,#13010,
#13011,#13012,#13013,#13014,#13015,#13016,#13017),.UNSPECIFIED.,.F.,.F.,
(4,2,2,2,2,4),(0.918579949340919,1.02085127129415,1.12312259324738,1.21241786396579,
1.29514385870821,1.37786985345064),.UNSPECIFIED.);
#1357=B_SPLINE_CURVE_WITH_KNOTS('',3,(#13042,#13043,#13044,#13045,#13046,
#13047,#13048,#13049,#13050,#13051,#13052,#13053),.UNSPECIFIED.,.F.,.F.,
(4,2,2,2,2,4),(0.,0.102271349403609,0.204542698807219,0.29383799404558,
0.376564015515362,0.459290036985145),.UNSPECIFIED.);
#1358=B_SPLINE_CURVE_WITH_KNOTS('',3,(#13056,#13057,#13058,#13059,#13060,
#13061,#13062,#13063,#13064,#13065,#13066,#13067),.UNSPECIFIED.,.F.,.F.,
(4,2,2,2,2,4),(-0.459289951150228,-0.376563956407801,-0.293837961665374,
-0.204542690946964,-0.102271368993729,-4.70404950547731E-8),
 .UNSPECIFIED.);
#1359=B_SPLINE_CURVE_WITH_KNOTS('',3,(#13068,#13069,#13070,#13071,#13072,
#13073,#13074,#13075,#13076,#13077,#13078,#13079,#13080,#13081,#13082,#13083),
 .UNSPECIFIED.,.F.,.F.,(4,2,2,2,2,2,2,4),(0.,0.223515569441354,0.363419189689467,
0.476863089400807,0.586810154060723,0.686951909979554,0.803197481285409,
0.855955142497462),.UNSPECIFIED.);
#1360=B_SPLINE_CURVE_WITH_KNOTS('',3,(#13084,#13085,#13086,#13087,#13088,
#13089,#13090,#13091,#13092,#13093,#13094,#13095,#13096,#13097,#13098,#13099,
#13100,#13101),.UNSPECIFIED.,.F.,.F.,(4,2,2,2,2,2,2,2,4),(0.16153573033931,
0.195153405856524,0.290248286983226,0.374887983151845,0.470583928520244,
0.553130640397359,0.652231764807004,0.780585272017333,0.897804541225834),
 .UNSPECIFIED.);
#1361=B_SPLINE_CURVE_WITH_KNOTS('',3,(#13104,#13105,#13106,#13107,#13108,
#13109,#13110,#13111,#13112,#13113,#13114,#13115,#13116,#13117,#13118,#13119),
 .UNSPECIFIED.,.F.,.F.,(4,2,2,2,2,2,2,4),(1.08407242719615,1.17785552960437,
1.27163863201258,1.37405637914329,1.47647412627399,1.64939180830357,1.82230949033315,
1.83922720083431),.UNSPECIFIED.);
#1362=B_SPLINE_CURVE_WITH_KNOTS('',3,(#13123,#13124,#13125,#13126,#13127,
#13128,#13129,#13130,#13131,#13132,#13133,#13134),.UNSPECIFIED.,.F.,.F.,
(4,2,2,2,2,4),(0.,0.102271069303345,0.204542138606691,0.293837180168401,
0.376562900437939,0.459288620707477),.UNSPECIFIED.);
#1363=B_SPLINE_CURVE_WITH_KNOTS('',3,(#13137,#13138,#13139,#13140,#13141,
#13142,#13143,#13144,#13145,#13146,#13147,#13148),.UNSPECIFIED.,.F.,.F.,
(4,2,2,2,2,4),(-0.45928853487236,-0.376562841330185,-0.29383714778801,-0.204542130746291,
-0.102271088893393,-4.70404950547731E-8),.UNSPECIFIED.);
#1364=B_SPLINE_CURVE_WITH_KNOTS('',3,(#13149,#13150,#13151,#13152,#13153,
#13154,#13155,#13156,#13157,#13158,#13159,#13160,#13161,#13162,#13163,#13164),
 .UNSPECIFIED.,.F.,.F.,(4,2,2,2,2,2,2,4),(2.49699561737116,2.51393097830597,
2.68684634360568,2.8597617089054,2.96217552902324,3.06458934914109,3.15836986034907,
3.25215037155706),.UNSPECIFIED.);
#1365=B_SPLINE_CURVE_WITH_KNOTS('',3,(#13167,#13168,#13169,#13170,#13171,
#13172,#13173,#13174,#13175,#13176,#13177,#13178,#13179,#13180,#13181,#13182),
 .UNSPECIFIED.,.F.,.F.,(4,2,2,2,2,2,2,4),(0.328917653557426,0.345835364058981,
0.518753046088472,0.691670728117962,0.794088475248585,0.896506222379208,
0.99028932478737,1.08407242719553),.UNSPECIFIED.);
#1366=B_SPLINE_CURVE_WITH_KNOTS('',3,(#13183,#13184,#13185,#13186,#13187,
#13188,#13189,#13190,#13191,#13192,#13193,#13194,#13195,#13196,#13197,#13198),
 .UNSPECIFIED.,.F.,.F.,(4,2,2,2,2,2,2,4),(3.25215037155631,3.34593088276428,
3.43971139397224,3.54212521409005,3.64453903420786,3.81745439950759,3.99036976480732,
4.00730512574224),.UNSPECIFIED.);
#1367=B_SPLINE_CURVE_WITH_KNOTS('',3,(#13200,#13201,#13202,#13203,#13204,
#13205,#13206,#13207,#13208,#13209,#13210,#13211),.UNSPECIFIED.,.F.,.F.,
(4,2,2,2,2,4),(0.918577116785181,1.02084815863808,1.12311920049097,1.21241421753269,
1.29513991107486,1.37786560461703),.UNSPECIFIED.);
#1368=B_SPLINE_CURVE_WITH_KNOTS('',3,(#13215,#13216,#13217,#13218,#13219,
#13220,#13221,#13222,#13223,#13224,#13225,#13226),.UNSPECIFIED.,.F.,.F.,
(4,2,2,2,2,4),(0.459288620707462,0.542014340976996,0.62474006124653,0.714035102808239,
0.816306172111582,0.918577241414925),.UNSPECIFIED.);
#1369=LINE('',#9321,#2021);
#1370=LINE('',#9342,#2022);
#1371=LINE('',#9406,#2023);
#1372=LINE('',#9469,#2024);
#1373=LINE('',#9533,#2025);
#1374=LINE('',#9597,#2026);
#1375=LINE('',#9658,#2027);
#1376=LINE('',#9722,#2028);
#1377=LINE('',#9756,#2029);
#1378=LINE('',#9794,#2030);
#1379=LINE('',#9831,#2031);
#1380=LINE('',#9869,#2032);
#1381=LINE('',#9906,#2033);
#1382=LINE('',#9944,#2034);
#1383=LINE('',#9946,#2035);
#1384=LINE('',#9948,#2036);
#1385=LINE('',#9949,#2037);
#1386=LINE('',#9952,#2038);
#1387=LINE('',#9954,#2039);
#1388=LINE('',#9955,#2040);
#1389=LINE('',#9958,#2041);
#1390=LINE('',#9960,#2042);
#1391=LINE('',#9961,#2043);
#1392=LINE('',#9963,#2044);
#1393=LINE('',#9964,#2045);
#1394=LINE('',#9968,#2046);
#1395=LINE('',#9970,#2047);
#1396=LINE('',#9972,#2048);
#1397=LINE('',#9973,#2049);
#1398=LINE('',#9976,#2050);
#1399=LINE('',#9978,#2051);
#1400=LINE('',#9979,#2052);
#1401=LINE('',#9982,#2053);
#1402=LINE('',#9984,#2054);
#1403=LINE('',#9985,#2055);
#1404=LINE('',#9987,#2056);
#1405=LINE('',#9988,#2057);
#1406=LINE('',#9992,#2058);
#1407=LINE('',#9994,#2059);
#1408=LINE('',#9996,#2060);
#1409=LINE('',#9997,#2061);
#1410=LINE('',#10001,#2062);
#1411=LINE('',#10007,#2063);
#1412=LINE('',#10008,#2064);
#1413=LINE('',#10009,#2065);
#1414=LINE('',#10013,#2066);
#1415=LINE('',#10019,#2067);
#1416=LINE('',#10020,#2068);
#1417=LINE('',#10021,#2069);
#1418=LINE('',#10025,#2070);
#1419=LINE('',#10031,#2071);
#1420=LINE('',#10039,#2072);
#1421=LINE('',#10042,#2073);
#1422=LINE('',#10045,#2074);
#1423=LINE('',#10049,#2075);
#1424=LINE('',#10056,#2076);
#1425=LINE('',#10060,#2077);
#1426=LINE('',#10067,#2078);
#1427=LINE('',#10071,#2079);
#1428=LINE('',#10075,#2080);
#1429=LINE('',#10077,#2081);
#1430=LINE('',#10079,#2082);
#1431=LINE('',#10080,#2083);
#1432=LINE('',#10094,#2084);
#1433=LINE('',#10097,#2085);
#1434=LINE('',#10102,#2086);
#1435=LINE('',#10105,#2087);
#1436=LINE('',#10110,#2088);
#1437=LINE('',#10113,#2089);
#1438=LINE('',#10118,#2090);
#1439=LINE('',#10121,#2091);
#1440=LINE('',#10126,#2092);
#1441=LINE('',#10129,#2093);
#1442=LINE('',#10134,#2094);
#1443=LINE('',#10137,#2095);
#1444=LINE('',#10142,#2096);
#1445=LINE('',#10145,#2097);
#1446=LINE('',#10150,#2098);
#1447=LINE('',#10153,#2099);
#1448=LINE('',#10174,#2100);
#1449=LINE('',#10178,#2101);
#1450=LINE('',#10182,#2102);
#1451=LINE('',#10186,#2103);
#1452=LINE('',#10190,#2104);
#1453=LINE('',#10194,#2105);
#1454=LINE('',#10196,#2106);
#1455=LINE('',#10198,#2107);
#1456=LINE('',#10202,#2108);
#1457=LINE('',#10205,#2109);
#1458=LINE('',#10210,#2110);
#1459=LINE('',#10212,#2111);
#1460=LINE('',#10214,#2112);
#1461=LINE('',#10218,#2113);
#1462=LINE('',#10222,#2114);
#1463=LINE('',#10226,#2115);
#1464=LINE('',#10230,#2116);
#1465=LINE('',#10234,#2117);
#1466=LINE('',#10238,#2118);
#1467=LINE('',#10241,#2119);
#1468=LINE('',#10246,#2120);
#1469=LINE('',#10248,#2121);
#1470=LINE('',#10252,#2122);
#1471=LINE('',#10256,#2123);
#1472=LINE('',#10260,#2124);
#1473=LINE('',#10261,#2125);
#1474=LINE('',#10264,#2126);
#1475=LINE('',#10269,#2127);
#1476=LINE('',#10272,#2128);
#1477=LINE('',#10273,#2129);
#1478=LINE('',#10279,#2130);
#1479=LINE('',#10282,#2131);
#1480=LINE('',#10283,#2132);
#1481=LINE('',#10286,#2133);
#1482=LINE('',#10288,#2134);
#1483=LINE('',#10289,#2135);
#1484=LINE('',#10291,#2136);
#1485=LINE('',#10294,#2137);
#1486=LINE('',#10296,#2138);
#1487=LINE('',#10297,#2139);
#1488=LINE('',#10300,#2140);
#1489=LINE('',#10302,#2141);
#1490=LINE('',#10303,#2142);
#1491=LINE('',#10309,#2143);
#1492=LINE('',#10312,#2144);
#1493=LINE('',#10313,#2145);
#1494=LINE('',#10319,#2146);
#1495=LINE('',#10321,#2147);
#1496=LINE('',#10324,#2148);
#1497=LINE('',#10326,#2149);
#1498=LINE('',#10327,#2150);
#1499=LINE('',#10330,#2151);
#1500=LINE('',#10332,#2152);
#1501=LINE('',#10333,#2153);
#1502=LINE('',#10336,#2154);
#1503=LINE('',#10338,#2155);
#1504=LINE('',#10339,#2156);
#1505=LINE('',#10343,#2157);
#1506=LINE('',#10346,#2158);
#1507=LINE('',#10347,#2159);
#1508=LINE('',#10350,#2160);
#1509=LINE('',#10357,#2161);
#1510=LINE('',#10364,#2162);
#1511=LINE('',#10368,#2163);
#1512=LINE('',#10372,#2164);
#1513=LINE('',#10376,#2165);
#1514=LINE('',#10384,#2166);
#1515=LINE('',#10389,#2167);
#1516=LINE('',#10398,#2168);
#1517=LINE('',#10402,#2169);
#1518=LINE('',#10406,#2170);
#1519=LINE('',#10410,#2171);
#1520=LINE('',#10416,#2172);
#1521=LINE('',#10423,#2173);
#1522=LINE('',#10428,#2174);
#1523=LINE('',#10432,#2175);
#1524=LINE('',#10435,#2176);
#1525=LINE('',#10437,#2177);
#1526=LINE('',#10441,#2178);
#1527=LINE('',#10444,#2179);
#1528=LINE('',#10446,#2180);
#1529=LINE('',#10450,#2181);
#1530=LINE('',#10454,#2182);
#1531=LINE('',#10458,#2183);
#1532=LINE('',#10462,#2184);
#1533=LINE('',#10466,#2185);
#1534=LINE('',#10470,#2186);
#1535=LINE('',#10474,#2187);
#1536=LINE('',#10477,#2188);
#1537=LINE('',#10675,#2189);
#1538=LINE('',#10677,#2190);
#1539=LINE('',#10679,#2191);
#1540=LINE('',#10680,#2192);
#1541=LINE('',#10683,#2193);
#1542=LINE('',#10685,#2194);
#1543=LINE('',#10687,#2195);
#1544=LINE('',#10688,#2196);
#1545=LINE('',#10691,#2197);
#1546=LINE('',#10692,#2198);
#1547=LINE('',#10696,#2199);
#1548=LINE('',#10698,#2200);
#1549=LINE('',#10700,#2201);
#1550=LINE('',#10701,#2202);
#1551=LINE('',#10704,#2203);
#1552=LINE('',#10708,#2204);
#1553=LINE('',#10712,#2205);
#1554=LINE('',#10714,#2206);
#1555=LINE('',#10715,#2207);
#1556=LINE('',#10719,#2208);
#1557=LINE('',#10721,#2209);
#1558=LINE('',#10723,#2210);
#1559=LINE('',#10724,#2211);
#1560=LINE('',#10727,#2212);
#1561=LINE('',#10729,#2213);
#1562=LINE('',#10730,#2214);
#1563=LINE('',#10733,#2215);
#1564=LINE('',#10740,#2216);
#1565=LINE('',#10744,#2217);
#1566=LINE('',#10747,#2218);
#1567=LINE('',#10750,#2219);
#1568=LINE('',#10751,#2220);
#1569=LINE('',#10753,#2221);
#1570=LINE('',#10762,#2222);
#1571=LINE('',#10763,#2223);
#1572=LINE('',#10767,#2224);
#1573=LINE('',#10771,#2225);
#1574=LINE('',#10772,#2226);
#1575=LINE('',#10774,#2227);
#1576=LINE('',#10776,#2228);
#1577=LINE('',#10777,#2229);
#1578=LINE('',#10784,#2230);
#1579=LINE('',#10796,#2231);
#1580=LINE('',#10804,#2232);
#1581=LINE('',#10809,#2233);
#1582=LINE('',#10810,#2234);
#1583=LINE('',#10811,#2235);
#1584=LINE('',#10814,#2236);
#1585=LINE('',#10824,#2237);
#1586=LINE('',#10828,#2238);
#1587=LINE('',#10832,#2239);
#1588=LINE('',#10862,#2240);
#1589=LINE('',#10865,#2241);
#1590=LINE('',#10868,#2242);
#1591=LINE('',#10871,#2243);
#1592=LINE('',#10873,#2244);
#1593=LINE('',#10876,#2245);
#1594=LINE('',#10878,#2246);
#1595=LINE('',#10879,#2247);
#1596=LINE('',#10883,#2248);
#1597=LINE('',#10886,#2249);
#1598=LINE('',#10890,#2250);
#1599=LINE('',#10891,#2251);
#1600=LINE('',#10893,#2252);
#1601=LINE('',#10895,#2253);
#1602=LINE('',#10897,#2254);
#1603=LINE('',#10924,#2255);
#1604=LINE('',#10926,#2256);
#1605=LINE('',#10930,#2257);
#1606=LINE('',#10933,#2258);
#1607=LINE('',#10936,#2259);
#1608=LINE('',#10939,#2260);
#1609=LINE('',#10942,#2261);
#1610=LINE('',#10945,#2262);
#1611=LINE('',#10947,#2263);
#1612=LINE('',#10950,#2264);
#1613=LINE('',#10954,#2265);
#1614=LINE('',#10958,#2266);
#1615=LINE('',#10960,#2267);
#1616=LINE('',#10961,#2268);
#1617=LINE('',#10962,#2269);
#1618=LINE('',#10964,#2270);
#1619=LINE('',#10966,#2271);
#1620=LINE('',#10967,#2272);
#1621=LINE('',#10969,#2273);
#1622=LINE('',#10972,#2274);
#1623=LINE('',#10978,#2275);
#1624=LINE('',#10982,#2276);
#1625=LINE('',#10986,#2277);
#1626=LINE('',#10990,#2278);
#1627=LINE('',#10994,#2279);
#1628=LINE('',#10998,#2280);
#1629=LINE('',#11002,#2281);
#1630=LINE('',#11005,#2282);
#1631=LINE('',#11010,#2283);
#1632=LINE('',#11012,#2284);
#1633=LINE('',#11014,#2285);
#1634=LINE('',#11018,#2286);
#1635=LINE('',#11022,#2287);
#1636=LINE('',#11024,#2288);
#1637=LINE('',#11026,#2289);
#1638=LINE('',#11029,#2290);
#1639=LINE('',#11035,#2291);
#1640=LINE('',#11039,#2292);
#1641=LINE('',#11043,#2293);
#1642=LINE('',#11047,#2294);
#1643=LINE('',#11051,#2295);
#1644=LINE('',#11055,#2296);
#1645=LINE('',#11059,#2297);
#1646=LINE('',#11062,#2298);
#1647=LINE('',#11065,#2299);
#1648=LINE('',#11067,#2300);
#1649=LINE('',#11069,#2301);
#1650=LINE('',#11073,#2302);
#1651=LINE('',#11077,#2303);
#1652=LINE('',#11079,#2304);
#1653=LINE('',#11081,#2305);
#1654=LINE('',#11085,#2306);
#1655=LINE('',#11092,#2307);
#1656=LINE('',#11096,#2308);
#1657=LINE('',#11100,#2309);
#1658=LINE('',#11104,#2310);
#1659=LINE('',#11108,#2311);
#1660=LINE('',#11112,#2312);
#1661=LINE('',#11116,#2313);
#1662=LINE('',#11119,#2314);
#1663=LINE('',#11124,#2315);
#1664=LINE('',#11126,#2316);
#1665=LINE('',#11128,#2317);
#1666=LINE('',#11132,#2318);
#1667=LINE('',#11136,#2319);
#1668=LINE('',#11138,#2320);
#1669=LINE('',#11140,#2321);
#1670=LINE('',#11143,#2322);
#1671=LINE('',#11149,#2323);
#1672=LINE('',#11153,#2324);
#1673=LINE('',#11157,#2325);
#1674=LINE('',#11161,#2326);
#1675=LINE('',#11165,#2327);
#1676=LINE('',#11169,#2328);
#1677=LINE('',#11173,#2329);
#1678=LINE('',#11176,#2330);
#1679=LINE('',#11181,#2331);
#1680=LINE('',#11183,#2332);
#1681=LINE('',#11185,#2333);
#1682=LINE('',#11189,#2334);
#1683=LINE('',#11193,#2335);
#1684=LINE('',#11195,#2336);
#1685=LINE('',#11197,#2337);
#1686=LINE('',#11200,#2338);
#1687=LINE('',#11202,#2339);
#1688=LINE('',#11203,#2340);
#1689=LINE('',#11205,#2341);
#1690=LINE('',#11206,#2342);
#1691=LINE('',#11208,#2343);
#1692=LINE('',#11210,#2344);
#1693=LINE('',#11213,#2345);
#1694=LINE('',#11215,#2346);
#1695=LINE('',#11217,#2347);
#1696=LINE('',#11220,#2348);
#1697=LINE('',#11222,#2349);
#1698=LINE('',#11223,#2350);
#1699=LINE('',#11225,#2351);
#1700=LINE('',#11227,#2352);
#1701=LINE('',#11228,#2353);
#1702=LINE('',#11230,#2354);
#1703=LINE('',#11232,#2355);
#1704=LINE('',#11233,#2356);
#1705=LINE('',#11235,#2357);
#1706=LINE('',#11237,#2358);
#1707=LINE('',#11238,#2359);
#1708=LINE('',#11240,#2360);
#1709=LINE('',#11242,#2361);
#1710=LINE('',#11243,#2362);
#1711=LINE('',#11245,#2363);
#1712=LINE('',#11246,#2364);
#1713=LINE('',#11264,#2365);
#1714=LINE('',#11265,#2366);
#1715=LINE('',#11267,#2367);
#1716=LINE('',#11270,#2368);
#1717=LINE('',#11271,#2369);
#1718=LINE('',#11281,#2370);
#1719=LINE('',#11282,#2371);
#1720=LINE('',#11283,#2372);
#1721=LINE('',#11284,#2373);
#1722=LINE('',#11285,#2374);
#1723=LINE('',#12259,#2375);
#1724=LINE('',#12263,#2376);
#1725=LINE('',#12267,#2377);
#1726=LINE('',#12270,#2378);
#1727=LINE('',#12272,#2379);
#1728=LINE('',#12274,#2380);
#1729=LINE('',#12286,#2381);
#1730=LINE('',#12299,#2382);
#1731=LINE('',#12314,#2383);
#1732=LINE('',#12320,#2384);
#1733=LINE('',#12324,#2385);
#1734=LINE('',#12328,#2386);
#1735=LINE('',#12331,#2387);
#1736=LINE('',#12333,#2388);
#1737=LINE('',#12335,#2389);
#1738=LINE('',#12347,#2390);
#1739=LINE('',#12360,#2391);
#1740=LINE('',#12375,#2392);
#1741=LINE('',#12378,#2393);
#1742=LINE('',#12380,#2394);
#1743=LINE('',#12383,#2395);
#1744=LINE('',#12385,#2396);
#1745=LINE('',#12409,#2397);
#1746=LINE('',#12424,#2398);
#1747=LINE('',#12439,#2399);
#1748=LINE('',#12459,#2400);
#1749=LINE('',#12462,#2401);
#1750=LINE('',#12477,#2402);
#1751=LINE('',#12512,#2403);
#1752=LINE('',#12533,#2404);
#1753=LINE('',#12548,#2405);
#1754=LINE('',#12562,#2406);
#1755=LINE('',#12564,#2407);
#1756=LINE('',#12565,#2408);
#1757=LINE('',#12567,#2409);
#1758=LINE('',#12569,#2410);
#1759=LINE('',#12570,#2411);
#1760=LINE('',#12572,#2412);
#1761=LINE('',#12574,#2413);
#1762=LINE('',#12576,#2414);
#1763=LINE('',#12577,#2415);
#1764=LINE('',#12579,#2416);
#1765=LINE('',#12580,#2417);
#1766=LINE('',#12582,#2418);
#1767=LINE('',#12583,#2419);
#1768=LINE('',#12584,#2420);
#1769=LINE('',#12586,#2421);
#1770=LINE('',#12588,#2422);
#1771=LINE('',#12590,#2423);
#1772=LINE('',#12592,#2424);
#1773=LINE('',#12593,#2425);
#1774=LINE('',#12594,#2426);
#1775=LINE('',#12596,#2427);
#1776=LINE('',#12598,#2428);
#1777=LINE('',#12602,#2429);
#1778=LINE('',#12604,#2430);
#1779=LINE('',#12606,#2431);
#1780=LINE('',#12607,#2432);
#1781=LINE('',#12611,#2433);
#1782=LINE('',#12634,#2434);
#1783=LINE('',#12639,#2435);
#1784=LINE('',#12641,#2436);
#1785=LINE('',#12642,#2437);
#1786=LINE('',#12669,#2438);
#1787=LINE('',#12671,#2439);
#1788=LINE('',#12672,#2440);
#1789=LINE('',#12673,#2441);
#1790=LINE('',#12675,#2442);
#1791=LINE('',#12677,#2443);
#1792=LINE('',#12679,#2444);
#1793=LINE('',#12681,#2445);
#1794=LINE('',#12682,#2446);
#1795=LINE('',#12683,#2447);
#1796=LINE('',#12685,#2448);
#1797=LINE('',#12687,#2449);
#1798=LINE('',#12711,#2450);
#1799=LINE('',#12718,#2451);
#1800=LINE('',#12722,#2452);
#1801=LINE('',#12725,#2453);
#1802=LINE('',#12728,#2454);
#1803=LINE('',#12730,#2455);
#1804=LINE('',#12731,#2456);
#1805=LINE('',#12734,#2457);
#1806=LINE('',#12736,#2458);
#1807=LINE('',#12737,#2459);
#1808=LINE('',#12760,#2460);
#1809=LINE('',#12761,#2461);
#1810=LINE('',#12762,#2462);
#1811=LINE('',#12764,#2463);
#1812=LINE('',#12766,#2464);
#1813=LINE('',#12768,#2465);
#1814=LINE('',#12770,#2466);
#1815=LINE('',#12771,#2467);
#1816=LINE('',#12772,#2468);
#1817=LINE('',#12774,#2469);
#1818=LINE('',#12798,#2470);
#1819=LINE('',#12805,#2471);
#1820=LINE('',#12809,#2472);
#1821=LINE('',#12812,#2473);
#1822=LINE('',#12815,#2474);
#1823=LINE('',#12817,#2475);
#1824=LINE('',#12818,#2476);
#1825=LINE('',#12821,#2477);
#1826=LINE('',#12823,#2478);
#1827=LINE('',#12824,#2479);
#1828=LINE('',#12847,#2480);
#1829=LINE('',#12848,#2481);
#1830=LINE('',#12849,#2482);
#1831=LINE('',#12851,#2483);
#1832=LINE('',#12853,#2484);
#1833=LINE('',#12855,#2485);
#1834=LINE('',#12857,#2486);
#1835=LINE('',#12858,#2487);
#1836=LINE('',#12859,#2488);
#1837=LINE('',#12861,#2489);
#1838=LINE('',#12865,#2490);
#1839=LINE('',#12867,#2491);
#1840=LINE('',#12869,#2492);
#1841=LINE('',#12870,#2493);
#1842=LINE('',#12874,#2494);
#1843=LINE('',#12897,#2495);
#1844=LINE('',#12902,#2496);
#1845=LINE('',#12904,#2497);
#1846=LINE('',#12905,#2498);
#1847=LINE('',#12932,#2499);
#1848=LINE('',#12934,#2500);
#1849=LINE('',#12935,#2501);
#1850=LINE('',#12936,#2502);
#1851=LINE('',#12938,#2503);
#1852=LINE('',#12940,#2504);
#1853=LINE('',#12942,#2505);
#1854=LINE('',#12944,#2506);
#1855=LINE('',#12945,#2507);
#1856=LINE('',#12946,#2508);
#1857=LINE('',#12948,#2509);
#1858=LINE('',#12950,#2510);
#1859=LINE('',#12967,#2511);
#1860=LINE('',#13004,#2512);
#1861=LINE('',#13018,#2513);
#1862=LINE('',#13022,#2514);
#1863=LINE('',#13024,#2515);
#1864=LINE('',#13026,#2516);
#1865=LINE('',#13027,#2517);
#1866=LINE('',#13030,#2518);
#1867=LINE('',#13032,#2519);
#1868=LINE('',#13033,#2520);
#1869=LINE('',#13036,#2521);
#1870=LINE('',#13038,#2522);
#1871=LINE('',#13039,#2523);
#1872=LINE('',#13055,#2524);
#1873=LINE('',#13121,#2525);
#1874=LINE('',#13136,#2526);
#1875=LINE('',#13213,#2527);
#1876=LINE('',#13227,#2528);
#1877=LINE('',#13229,#2529);
#1878=LINE('',#13230,#2530);
#1879=LINE('',#13232,#2531);
#1880=LINE('',#13234,#2532);
#1881=LINE('',#13236,#2533);
#1882=LINE('',#13237,#2534);
#1883=LINE('',#13238,#2535);
#1884=LINE('',#13240,#2536);
#1885=LINE('',#13242,#2537);
#1886=LINE('',#13243,#2538);
#1887=LINE('',#13244,#2539);
#1888=LINE('',#13247,#2540);
#1889=LINE('',#13249,#2541);
#1890=LINE('',#13251,#2542);
#1891=LINE('',#13253,#2543);
#1892=LINE('',#13254,#2544);
#1893=LINE('',#13255,#2545);
#1894=LINE('',#13257,#2546);
#1895=LINE('',#13259,#2547);
#1896=LINE('',#13266,#2548);
#1897=LINE('',#13273,#2549);
#1898=LINE('',#13280,#2550);
#1899=LINE('',#13287,#2551);
#1900=LINE('',#13294,#2552);
#1901=LINE('',#13301,#2553);
#1902=LINE('',#13308,#2554);
#1903=LINE('',#13315,#2555);
#1904=LINE('',#13320,#2556);
#1905=LINE('',#13321,#2557);
#1906=LINE('',#13326,#2558);
#1907=LINE('',#13332,#2559);
#1908=LINE('',#13336,#2560);
#1909=LINE('',#13337,#2561);
#1910=LINE('',#13341,#2562);
#1911=LINE('',#13342,#2563);
#1912=LINE('',#13344,#2564);
#1913=LINE('',#13346,#2565);
#1914=LINE('',#13347,#2566);
#1915=LINE('',#13348,#2567);
#1916=LINE('',#13350,#2568);
#1917=LINE('',#13351,#2569);
#1918=LINE('',#13353,#2570);
#1919=LINE('',#13355,#2571);
#1920=LINE('',#13360,#2572);
#1921=LINE('',#13361,#2573);
#1922=LINE('',#13366,#2574);
#1923=LINE('',#13372,#2575);
#1924=LINE('',#13376,#2576);
#1925=LINE('',#13377,#2577);
#1926=LINE('',#13381,#2578);
#1927=LINE('',#13382,#2579);
#1928=LINE('',#13384,#2580);
#1929=LINE('',#13386,#2581);
#1930=LINE('',#13387,#2582);
#1931=LINE('',#13388,#2583);
#1932=LINE('',#13390,#2584);
#1933=LINE('',#13391,#2585);
#1934=LINE('',#13394,#2586);
#1935=LINE('',#13395,#2587);
#1936=LINE('',#13400,#2588);
#1937=LINE('',#13401,#2589);
#1938=LINE('',#13406,#2590);
#1939=LINE('',#13412,#2591);
#1940=LINE('',#13416,#2592);
#1941=LINE('',#13417,#2593);
#1942=LINE('',#13421,#2594);
#1943=LINE('',#13422,#2595);
#1944=LINE('',#13424,#2596);
#1945=LINE('',#13426,#2597);
#1946=LINE('',#13427,#2598);
#1947=LINE('',#13428,#2599);
#1948=LINE('',#13430,#2600);
#1949=LINE('',#13431,#2601);
#1950=LINE('',#13433,#2602);
#1951=LINE('',#13439,#2603);
#1952=LINE('',#13440,#2604);
#1953=LINE('',#13445,#2605);
#1954=LINE('',#13451,#2606);
#1955=LINE('',#13455,#2607);
#1956=LINE('',#13456,#2608);
#1957=LINE('',#13460,#2609);
#1958=LINE('',#13461,#2610);
#1959=LINE('',#13463,#2611);
#1960=LINE('',#13465,#2612);
#1961=LINE('',#13466,#2613);
#1962=LINE('',#13467,#2614);
#1963=LINE('',#13469,#2615);
#1964=LINE('',#13470,#2616);
#1965=LINE('',#13472,#2617);
#1966=LINE('',#13478,#2618);
#1967=LINE('',#13481,#2619);
#1968=LINE('',#13483,#2620);
#1969=LINE('',#13486,#2621);
#1970=LINE('',#13488,#2622);
#1971=LINE('',#13490,#2623);
#1972=LINE('',#13492,#2624);
#1973=LINE('',#13494,#2625);
#1974=LINE('',#13496,#2626);
#1975=LINE('',#13498,#2627);
#1976=LINE('',#13501,#2628);
#1977=LINE('',#13503,#2629);
#1978=LINE('',#13505,#2630);
#1979=LINE('',#13508,#2631);
#1980=LINE('',#13511,#2632);
#1981=LINE('',#13513,#2633);
#1982=LINE('',#13515,#2634);
#1983=LINE('',#13517,#2635);
#1984=LINE('',#13519,#2636);
#1985=LINE('',#13521,#2637);
#1986=LINE('',#13523,#2638);
#1987=LINE('',#13525,#2639);
#1988=LINE('',#13528,#2640);
#1989=LINE('',#13530,#2641);
#1990=LINE('',#13532,#2642);
#1991=LINE('',#13534,#2643);
#1992=LINE('',#13537,#2644);
#1993=LINE('',#13540,#2645);
#1994=LINE('',#13542,#2646);
#1995=LINE('',#13544,#2647);
#1996=LINE('',#13547,#2648);
#1997=LINE('',#13549,#2649);
#1998=LINE('',#13551,#2650);
#1999=LINE('',#13553,#2651);
#2000=LINE('',#13555,#2652);
#2001=LINE('',#13559,#2653);
#2002=LINE('',#13561,#2654);
#2003=LINE('',#13563,#2655);
#2004=LINE('',#13568,#2656);
#2005=LINE('',#13569,#2657);
#2006=LINE('',#13571,#2658);
#2007=LINE('',#13574,#2659);
#2008=LINE('',#13576,#2660);
#2009=LINE('',#13578,#2661);
#2010=LINE('',#13580,#2662);
#2011=LINE('',#13582,#2663);
#2012=LINE('',#13585,#2664);
#2013=LINE('',#13587,#2665);
#2014=LINE('',#13589,#2666);
#2015=LINE('',#13591,#2667);
#2016=LINE('',#13593,#2668);
#2017=LINE('',#13596,#2669);
#2018=LINE('',#13598,#2670);
#2019=LINE('',#13600,#2671);
#2020=LINE('',#13602,#2672);
#2021=VECTOR('',#7443,24.5);
#2022=VECTOR('',#7448,24.5);
#2023=VECTOR('',#7451,24.5);
#2024=VECTOR('',#7454,24.5);
#2025=VECTOR('',#7457,24.5);
#2026=VECTOR('',#7460,24.5);
#2027=VECTOR('',#7463,24.5);
#2028=VECTOR('',#7466,23.76195);
#2029=VECTOR('',#7471,23.76195);
#2030=VECTOR('',#7474,23.76195);
#2031=VECTOR('',#7477,23.76195);
#2032=VECTOR('',#7480,23.76195);
#2033=VECTOR('',#7483,23.76195);
#2034=VECTOR('',#7486,10.);
#2035=VECTOR('',#7487,10.);
#2036=VECTOR('',#7488,10.);
#2037=VECTOR('',#7489,10.);
#2038=VECTOR('',#7492,10.);
#2039=VECTOR('',#7493,10.);
#2040=VECTOR('',#7494,10.);
#2041=VECTOR('',#7497,10.);
#2042=VECTOR('',#7498,10.);
#2043=VECTOR('',#7499,10.);
#2044=VECTOR('',#7502,10.);
#2045=VECTOR('',#7503,10.);
#2046=VECTOR('',#7506,10.);
#2047=VECTOR('',#7507,10.);
#2048=VECTOR('',#7508,10.);
#2049=VECTOR('',#7509,10.);
#2050=VECTOR('',#7512,10.);
#2051=VECTOR('',#7513,10.);
#2052=VECTOR('',#7514,10.);
#2053=VECTOR('',#7517,10.);
#2054=VECTOR('',#7518,10.);
#2055=VECTOR('',#7519,10.);
#2056=VECTOR('',#7522,10.);
#2057=VECTOR('',#7523,10.);
#2058=VECTOR('',#7526,10.);
#2059=VECTOR('',#7527,10.);
#2060=VECTOR('',#7528,10.);
#2061=VECTOR('',#7529,10.);
#2062=VECTOR('',#7532,10.);
#2063=VECTOR('',#7539,10.);
#2064=VECTOR('',#7540,10.);
#2065=VECTOR('',#7541,10.);
#2066=VECTOR('',#7544,10.);
#2067=VECTOR('',#7551,10.);
#2068=VECTOR('',#7552,10.);
#2069=VECTOR('',#7553,10.);
#2070=VECTOR('',#7556,10.);
#2071=VECTOR('',#7563,10.);
#2072=VECTOR('',#7576,10.);
#2073=VECTOR('',#7579,10.);
#2074=VECTOR('',#7582,10.);
#2075=VECTOR('',#7585,10.);
#2076=VECTOR('',#7586,10.);
#2077=VECTOR('',#7589,10.);
#2078=VECTOR('',#7590,10.);
#2079=VECTOR('',#7595,10.);
#2080=VECTOR('',#7600,10.);
#2081=VECTOR('',#7601,10.);
#2082=VECTOR('',#7602,10.);
#2083=VECTOR('',#7603,10.);
#2084=VECTOR('',#7616,10.);
#2085=VECTOR('',#7619,10.);
#2086=VECTOR('',#7622,10.);
#2087=VECTOR('',#7625,10.);
#2088=VECTOR('',#7628,10.);
#2089=VECTOR('',#7631,10.);
#2090=VECTOR('',#7634,10.);
#2091=VECTOR('',#7637,10.);
#2092=VECTOR('',#7640,10.);
#2093=VECTOR('',#7643,10.);
#2094=VECTOR('',#7646,10.);
#2095=VECTOR('',#7649,10.);
#2096=VECTOR('',#7652,10.);
#2097=VECTOR('',#7655,10.);
#2098=VECTOR('',#7658,10.);
#2099=VECTOR('',#7661,10.);
#2100=VECTOR('',#7680,10.);
#2101=VECTOR('',#7683,10.);
#2102=VECTOR('',#7686,10.);
#2103=VECTOR('',#7689,10.);
#2104=VECTOR('',#7692,10.);
#2105=VECTOR('',#7695,10.);
#2106=VECTOR('',#7696,10.);
#2107=VECTOR('',#7697,10.);
#2108=VECTOR('',#7700,10.);
#2109=VECTOR('',#7703,10.);
#2110=VECTOR('',#7706,10.);
#2111=VECTOR('',#7707,10.);
#2112=VECTOR('',#7708,10.);
#2113=VECTOR('',#7711,10.);
#2114=VECTOR('',#7714,10.);
#2115=VECTOR('',#7717,10.);
#2116=VECTOR('',#7720,10.);
#2117=VECTOR('',#7723,10.);
#2118=VECTOR('',#7726,10.);
#2119=VECTOR('',#7729,10.);
#2120=VECTOR('',#7732,10.);
#2121=VECTOR('',#7733,10.);
#2122=VECTOR('',#7736,10.);
#2123=VECTOR('',#7739,10.);
#2124=VECTOR('',#7742,10.);
#2125=VECTOR('',#7743,10.);
#2126=VECTOR('',#7746,10.);
#2127=VECTOR('',#7751,10.);
#2128=VECTOR('',#7754,10.);
#2129=VECTOR('',#7755,10.);
#2130=VECTOR('',#7762,10.);
#2131=VECTOR('',#7765,10.);
#2132=VECTOR('',#7766,10.);
#2133=VECTOR('',#7769,10.);
#2134=VECTOR('',#7770,10.);
#2135=VECTOR('',#7771,10.);
#2136=VECTOR('',#7774,10.);
#2137=VECTOR('',#7777,10.);
#2138=VECTOR('',#7778,10.);
#2139=VECTOR('',#7779,10.);
#2140=VECTOR('',#7782,10.);
#2141=VECTOR('',#7783,10.);
#2142=VECTOR('',#7784,10.);
#2143=VECTOR('',#7791,10.);
#2144=VECTOR('',#7794,10.);
#2145=VECTOR('',#7795,10.);
#2146=VECTOR('',#7802,10.);
#2147=VECTOR('',#7805,10.);
#2148=VECTOR('',#7808,10.);
#2149=VECTOR('',#7809,10.);
#2150=VECTOR('',#7810,10.);
#2151=VECTOR('',#7813,10.);
#2152=VECTOR('',#7814,10.);
#2153=VECTOR('',#7815,10.);
#2154=VECTOR('',#7818,10.);
#2155=VECTOR('',#7819,10.);
#2156=VECTOR('',#7820,10.);
#2157=VECTOR('',#7825,10.);
#2158=VECTOR('',#7828,10.);
#2159=VECTOR('',#7829,10.);
#2160=VECTOR('',#7832,10.);
#2161=VECTOR('',#7839,10.);
#2162=VECTOR('',#7846,10.);
#2163=VECTOR('',#7849,10.);
#2164=VECTOR('',#7852,10.);
#2165=VECTOR('',#7855,10.);
#2166=VECTOR('',#7864,10.);
#2167=VECTOR('',#7869,10.);
#2168=VECTOR('',#7878,10.);
#2169=VECTOR('',#7881,10.);
#2170=VECTOR('',#7884,10.);
#2171=VECTOR('',#7887,10.);
#2172=VECTOR('',#7894,10.);
#2173=VECTOR('',#7901,10.);
#2174=VECTOR('',#7906,10.);
#2175=VECTOR('',#7909,10.);
#2176=VECTOR('',#7912,10.);
#2177=VECTOR('',#7913,10.);
#2178=VECTOR('',#7916,10.);
#2179=VECTOR('',#7919,10.);
#2180=VECTOR('',#7920,10.);
#2181=VECTOR('',#7923,10.);
#2182=VECTOR('',#7926,10.);
#2183=VECTOR('',#7929,10.);
#2184=VECTOR('',#7932,10.);
#2185=VECTOR('',#7935,10.);
#2186=VECTOR('',#7938,10.);
#2187=VECTOR('',#7941,10.);
#2188=VECTOR('',#7944,10.);
#2189=VECTOR('',#7949,10.);
#2190=VECTOR('',#7950,10.);
#2191=VECTOR('',#7951,10.);
#2192=VECTOR('',#7952,10.);
#2193=VECTOR('',#7955,10.);
#2194=VECTOR('',#7956,10.);
#2195=VECTOR('',#7957,10.);
#2196=VECTOR('',#7958,10.);
#2197=VECTOR('',#7961,10.);
#2198=VECTOR('',#7962,10.);
#2199=VECTOR('',#7965,10.);
#2200=VECTOR('',#7966,10.);
#2201=VECTOR('',#7967,10.);
#2202=VECTOR('',#7968,10.);
#2203=VECTOR('',#7971,10.);
#2204=VECTOR('',#7974,10.);
#2205=VECTOR('',#7977,10.);
#2206=VECTOR('',#7978,10.);
#2207=VECTOR('',#7979,10.);
#2208=VECTOR('',#7982,10.);
#2209=VECTOR('',#7983,10.);
#2210=VECTOR('',#7984,10.);
#2211=VECTOR('',#7985,10.);
#2212=VECTOR('',#7988,10.);
#2213=VECTOR('',#7989,10.);
#2214=VECTOR('',#7990,10.);
#2215=VECTOR('',#7993,10.);
#2216=VECTOR('',#7994,10.);
#2217=VECTOR('',#7997,10.);
#2218=VECTOR('',#8000,10.);
#2219=VECTOR('',#8003,10.);
#2220=VECTOR('',#8004,10.);
#2221=VECTOR('',#8007,10.);
#2222=VECTOR('',#8010,10.);
#2223=VECTOR('',#8011,10.);
#2224=VECTOR('',#8014,10.);
#2225=VECTOR('',#8017,10.);
#2226=VECTOR('',#8018,10.);
#2227=VECTOR('',#8019,10.);
#2228=VECTOR('',#8020,10.);
#2229=VECTOR('',#8021,10.);
#2230=VECTOR('',#8026,10.);
#2231=VECTOR('',#8037,10.);
#2232=VECTOR('',#8044,10.);
#2233=VECTOR('',#8049,10.);
#2234=VECTOR('',#8050,10.);
#2235=VECTOR('',#8051,10.);
#2236=VECTOR('',#8054,10.);
#2237=VECTOR('',#8057,10.);
#2238=VECTOR('',#8060,10.);
#2239=VECTOR('',#8063,10.);
#2240=VECTOR('',#8066,10.);
#2241=VECTOR('',#8069,10.);
#2242=VECTOR('',#8072,10.);
#2243=VECTOR('',#8075,10.);
#2244=VECTOR('',#8078,10.);
#2245=VECTOR('',#8081,10.);
#2246=VECTOR('',#8082,10.);
#2247=VECTOR('',#8083,10.);
#2248=VECTOR('',#8088,10.);
#2249=VECTOR('',#8091,10.);
#2250=VECTOR('',#8096,10.);
#2251=VECTOR('',#8097,10.);
#2252=VECTOR('',#8100,10.);
#2253=VECTOR('',#8103,10.);
#2254=VECTOR('',#8106,10.);
#2255=VECTOR('',#8111,10.);
#2256=VECTOR('',#8112,10.);
#2257=VECTOR('',#8115,10.);
#2258=VECTOR('',#8118,10.);
#2259=VECTOR('',#8121,10.);
#2260=VECTOR('',#8124,10.);
#2261=VECTOR('',#8127,10.);
#2262=VECTOR('',#8130,10.);
#2263=VECTOR('',#8133,10.);
#2264=VECTOR('',#8136,10.);
#2265=VECTOR('',#8139,10.);
#2266=VECTOR('',#8142,10.);
#2267=VECTOR('',#8143,10.);
#2268=VECTOR('',#8144,10.);
#2269=VECTOR('',#8145,10.);
#2270=VECTOR('',#8148,10.);
#2271=VECTOR('',#8151,10.);
#2272=VECTOR('',#8152,10.);
#2273=VECTOR('',#8155,10.);
#2274=VECTOR('',#8160,10.);
#2275=VECTOR('',#8165,10.);
#2276=VECTOR('',#8168,10.);
#2277=VECTOR('',#8171,10.);
#2278=VECTOR('',#8174,10.);
#2279=VECTOR('',#8177,10.);
#2280=VECTOR('',#8180,10.);
#2281=VECTOR('',#8183,10.);
#2282=VECTOR('',#8186,10.);
#2283=VECTOR('',#8189,10.);
#2284=VECTOR('',#8190,10.);
#2285=VECTOR('',#8191,10.);
#2286=VECTOR('',#8194,10.);
#2287=VECTOR('',#8197,10.);
#2288=VECTOR('',#8198,10.);
#2289=VECTOR('',#8199,10.);
#2290=VECTOR('',#8202,10.);
#2291=VECTOR('',#8207,10.);
#2292=VECTOR('',#8210,10.);
#2293=VECTOR('',#8213,10.);
#2294=VECTOR('',#8216,10.);
#2295=VECTOR('',#8219,10.);
#2296=VECTOR('',#8222,10.);
#2297=VECTOR('',#8225,10.);
#2298=VECTOR('',#8228,10.);
#2299=VECTOR('',#8229,10.);
#2300=VECTOR('',#8230,10.);
#2301=VECTOR('',#8231,10.);
#2302=VECTOR('',#8234,10.);
#2303=VECTOR('',#8237,10.);
#2304=VECTOR('',#8238,10.);
#2305=VECTOR('',#8239,10.);
#2306=VECTOR('',#8242,10.);
#2307=VECTOR('',#8249,10.);
#2308=VECTOR('',#8252,10.);
#2309=VECTOR('',#8255,10.);
#2310=VECTOR('',#8258,10.);
#2311=VECTOR('',#8261,10.);
#2312=VECTOR('',#8264,10.);
#2313=VECTOR('',#8267,10.);
#2314=VECTOR('',#8270,10.);
#2315=VECTOR('',#8273,10.);
#2316=VECTOR('',#8274,10.);
#2317=VECTOR('',#8275,10.);
#2318=VECTOR('',#8278,10.);
#2319=VECTOR('',#8281,10.);
#2320=VECTOR('',#8282,10.);
#2321=VECTOR('',#8283,10.);
#2322=VECTOR('',#8286,10.);
#2323=VECTOR('',#8291,10.);
#2324=VECTOR('',#8294,10.);
#2325=VECTOR('',#8297,10.);
#2326=VECTOR('',#8300,10.);
#2327=VECTOR('',#8303,10.);
#2328=VECTOR('',#8306,10.);
#2329=VECTOR('',#8309,10.);
#2330=VECTOR('',#8312,10.);
#2331=VECTOR('',#8315,10.);
#2332=VECTOR('',#8316,10.);
#2333=VECTOR('',#8317,10.);
#2334=VECTOR('',#8320,10.);
#2335=VECTOR('',#8323,10.);
#2336=VECTOR('',#8324,10.);
#2337=VECTOR('',#8325,10.);
#2338=VECTOR('',#8328,10.);
#2339=VECTOR('',#8331,10.);
#2340=VECTOR('',#8332,10.);
#2341=VECTOR('',#8335,10.);
#2342=VECTOR('',#8336,10.);
#2343=VECTOR('',#8339,10.);
#2344=VECTOR('',#8342,10.);
#2345=VECTOR('',#8347,10.);
#2346=VECTOR('',#8350,10.);
#2347=VECTOR('',#8353,10.);
#2348=VECTOR('',#8356,10.);
#2349=VECTOR('',#8357,10.);
#2350=VECTOR('',#8358,10.);
#2351=VECTOR('',#8359,10.);
#2352=VECTOR('',#8360,10.);
#2353=VECTOR('',#8361,10.);
#2354=VECTOR('',#8362,10.);
#2355=VECTOR('',#8363,10.);
#2356=VECTOR('',#8364,10.);
#2357=VECTOR('',#8365,10.);
#2358=VECTOR('',#8366,10.);
#2359=VECTOR('',#8367,10.);
#2360=VECTOR('',#8370,10.);
#2361=VECTOR('',#8373,7.00000000016153);
#2362=VECTOR('',#8374,10.);
#2363=VECTOR('',#8377,6.99999999981074);
#2364=VECTOR('',#8378,10.);
#2365=VECTOR('',#8399,15.25);
#2366=VECTOR('',#8400,10.);
#2367=VECTOR('',#8401,10.);
#2368=VECTOR('',#8404,10.);
#2369=VECTOR('',#8405,10.);
#2370=VECTOR('',#8418,23.);
#2371=VECTOR('',#8419,10.);
#2372=VECTOR('',#8420,10.);
#2373=VECTOR('',#8421,10.);
#2374=VECTOR('',#8422,10.);
#2375=VECTOR('',#8441,10.);
#2376=VECTOR('',#8444,10.);
#2377=VECTOR('',#8447,10.);
#2378=VECTOR('',#8450,10.);
#2379=VECTOR('',#8453,10.);
#2380=VECTOR('',#8454,10.);
#2381=VECTOR('',#8457,10.);
#2382=VECTOR('',#8460,10.);
#2383=VECTOR('',#8463,10.);
#2384=VECTOR('',#8468,10.);
#2385=VECTOR('',#8471,10.);
#2386=VECTOR('',#8474,10.);
#2387=VECTOR('',#8477,10.);
#2388=VECTOR('',#8480,10.);
#2389=VECTOR('',#8481,10.);
#2390=VECTOR('',#8484,10.);
#2391=VECTOR('',#8487,10.);
#2392=VECTOR('',#8490,10.);
#2393=VECTOR('',#8495,10.);
#2394=VECTOR('',#8498,10.);
#2395=VECTOR('',#8503,10.);
#2396=VECTOR('',#8506,10.);
#2397=VECTOR('',#8511,10.);
#2398=VECTOR('',#8512,10.);
#2399=VECTOR('',#8513,10.);
#2400=VECTOR('',#8514,10.);
#2401=VECTOR('',#8517,10.);
#2402=VECTOR('',#8520,10.);
#2403=VECTOR('',#8523,10.);
#2404=VECTOR('',#8524,10.);
#2405=VECTOR('',#8525,10.);
#2406=VECTOR('',#8526,10.);
#2407=VECTOR('',#8529,10.);
#2408=VECTOR('',#8530,10.);
#2409=VECTOR('',#8533,10.);
#2410=VECTOR('',#8536,10.);
#2411=VECTOR('',#8537,10.);
#2412=VECTOR('',#8540,10.);
#2413=VECTOR('',#8543,10.);
#2414=VECTOR('',#8546,10.);
#2415=VECTOR('',#8547,10.);
#2416=VECTOR('',#8550,10.);
#2417=VECTOR('',#8551,10.);
#2418=VECTOR('',#8552,10.);
#2419=VECTOR('',#8553,10.);
#2420=VECTOR('',#8554,10.);
#2421=VECTOR('',#8557,10.);
#2422=VECTOR('',#8560,10.);
#2423=VECTOR('',#8563,10.);
#2424=VECTOR('',#8564,10.);
#2425=VECTOR('',#8565,10.);
#2426=VECTOR('',#8566,10.);
#2427=VECTOR('',#8569,10.);
#2428=VECTOR('',#8572,10.);
#2429=VECTOR('',#8575,10.);
#2430=VECTOR('',#8576,10.);
#2431=VECTOR('',#8577,10.);
#2432=VECTOR('',#8578,10.);
#2433=VECTOR('',#8581,10.);
#2434=VECTOR('',#8586,10.);
#2435=VECTOR('',#8593,10.);
#2436=VECTOR('',#8594,10.);
#2437=VECTOR('',#8595,10.);
#2438=VECTOR('',#8606,10.);
#2439=VECTOR('',#8609,10.);
#2440=VECTOR('',#8610,10.);
#2441=VECTOR('',#8611,10.);
#2442=VECTOR('',#8614,10.);
#2443=VECTOR('',#8617,10.);
#2444=VECTOR('',#8620,10.);
#2445=VECTOR('',#8621,10.);
#2446=VECTOR('',#8622,10.);
#2447=VECTOR('',#8623,10.);
#2448=VECTOR('',#8626,10.);
#2449=VECTOR('',#8629,10.);
#2450=VECTOR('',#8632,10.);
#2451=VECTOR('',#8639,10.);
#2452=VECTOR('',#8642,10.);
#2453=VECTOR('',#8647,10.);
#2454=VECTOR('',#8650,10.);
#2455=VECTOR('',#8651,10.);
#2456=VECTOR('',#8652,10.);
#2457=VECTOR('',#8655,10.);
#2458=VECTOR('',#8656,10.);
#2459=VECTOR('',#8657,10.);
#2460=VECTOR('',#8666,10.);
#2461=VECTOR('',#8667,10.);
#2462=VECTOR('',#8668,10.);
#2463=VECTOR('',#8671,10.);
#2464=VECTOR('',#8674,10.);
#2465=VECTOR('',#8677,10.);
#2466=VECTOR('',#8678,10.);
#2467=VECTOR('',#8679,10.);
#2468=VECTOR('',#8680,10.);
#2469=VECTOR('',#8683,10.);
#2470=VECTOR('',#8686,10.);
#2471=VECTOR('',#8693,10.);
#2472=VECTOR('',#8696,10.);
#2473=VECTOR('',#8701,10.);
#2474=VECTOR('',#8704,10.);
#2475=VECTOR('',#8705,10.);
#2476=VECTOR('',#8706,10.);
#2477=VECTOR('',#8709,10.);
#2478=VECTOR('',#8710,10.);
#2479=VECTOR('',#8711,10.);
#2480=VECTOR('',#8720,10.);
#2481=VECTOR('',#8721,10.);
#2482=VECTOR('',#8722,10.);
#2483=VECTOR('',#8725,10.);
#2484=VECTOR('',#8728,10.);
#2485=VECTOR('',#8731,10.);
#2486=VECTOR('',#8732,10.);
#2487=VECTOR('',#8733,10.);
#2488=VECTOR('',#8734,10.);
#2489=VECTOR('',#8737,10.);
#2490=VECTOR('',#8740,10.);
#2491=VECTOR('',#8741,10.);
#2492=VECTOR('',#8742,10.);
#2493=VECTOR('',#8743,10.);
#2494=VECTOR('',#8746,10.);
#2495=VECTOR('',#8751,10.);
#2496=VECTOR('',#8758,10.);
#2497=VECTOR('',#8759,10.);
#2498=VECTOR('',#8760,10.);
#2499=VECTOR('',#8771,10.);
#2500=VECTOR('',#8774,10.);
#2501=VECTOR('',#8775,10.);
#2502=VECTOR('',#8776,10.);
#2503=VECTOR('',#8779,10.);
#2504=VECTOR('',#8782,10.);
#2505=VECTOR('',#8785,10.);
#2506=VECTOR('',#8786,10.);
#2507=VECTOR('',#8787,10.);
#2508=VECTOR('',#8788,10.);
#2509=VECTOR('',#8791,10.);
#2510=VECTOR('',#8794,10.);
#2511=VECTOR('',#8797,10.);
#2512=VECTOR('',#8798,10.);
#2513=VECTOR('',#8799,10.);
#2514=VECTOR('',#8802,10.);
#2515=VECTOR('',#8803,10.);
#2516=VECTOR('',#8804,10.);
#2517=VECTOR('',#8805,10.);
#2518=VECTOR('',#8808,10.);
#2519=VECTOR('',#8809,10.);
#2520=VECTOR('',#8810,10.);
#2521=VECTOR('',#8813,10.);
#2522=VECTOR('',#8814,10.);
#2523=VECTOR('',#8815,10.);
#2524=VECTOR('',#8818,10.);
#2525=VECTOR('',#8821,10.);
#2526=VECTOR('',#8822,10.);
#2527=VECTOR('',#8825,10.);
#2528=VECTOR('',#8826,10.);
#2529=VECTOR('',#8829,10.);
#2530=VECTOR('',#8830,10.);
#2531=VECTOR('',#8833,10.);
#2532=VECTOR('',#8836,10.);
#2533=VECTOR('',#8837,10.);
#2534=VECTOR('',#8838,10.);
#2535=VECTOR('',#8839,10.);
#2536=VECTOR('',#8842,10.);
#2537=VECTOR('',#8845,10.);
#2538=VECTOR('',#8846,10.);
#2539=VECTOR('',#8847,10.);
#2540=VECTOR('',#8852,10.);
#2541=VECTOR('',#8855,10.);
#2542=VECTOR('',#8858,10.);
#2543=VECTOR('',#8859,10.);
#2544=VECTOR('',#8860,10.);
#2545=VECTOR('',#8861,10.);
#2546=VECTOR('',#8864,10.);
#2547=VECTOR('',#8867,10.);
#2548=VECTOR('',#8876,1.25);
#2549=VECTOR('',#8885,1.25);
#2550=VECTOR('',#8894,1.25000000000001);
#2551=VECTOR('',#8903,1.25);
#2552=VECTOR('',#8912,1.25);
#2553=VECTOR('',#8921,1.25);
#2554=VECTOR('',#8930,1.25);
#2555=VECTOR('',#8939,1.25000000000001);
#2556=VECTOR('',#8946,10.);
#2557=VECTOR('',#8947,10.);
#2558=VECTOR('',#8952,0.950000000000002);
#2559=VECTOR('',#8959,0.950000000000002);
#2560=VECTOR('',#8964,10.);
#2561=VECTOR('',#8965,10.);
#2562=VECTOR('',#8968,10.);
#2563=VECTOR('',#8969,10.);
#2564=VECTOR('',#8970,10.);
#2565=VECTOR('',#8971,10.);
#2566=VECTOR('',#8972,10.);
#2567=VECTOR('',#8973,10.);
#2568=VECTOR('',#8976,10.);
#2569=VECTOR('',#8977,10.);
#2570=VECTOR('',#8980,10.);
#2571=VECTOR('',#8983,10.);
#2572=VECTOR('',#8990,10.);
#2573=VECTOR('',#8991,10.);
#2574=VECTOR('',#8996,0.949999999999998);
#2575=VECTOR('',#9003,0.950000000000002);
#2576=VECTOR('',#9008,10.);
#2577=VECTOR('',#9009,10.);
#2578=VECTOR('',#9012,10.);
#2579=VECTOR('',#9013,10.);
#2580=VECTOR('',#9014,10.);
#2581=VECTOR('',#9015,10.);
#2582=VECTOR('',#9016,10.);
#2583=VECTOR('',#9017,10.);
#2584=VECTOR('',#9020,10.);
#2585=VECTOR('',#9021,10.);
#2586=VECTOR('',#9026,10.);
#2587=VECTOR('',#9027,10.);
#2588=VECTOR('',#9034,10.);
#2589=VECTOR('',#9035,10.);
#2590=VECTOR('',#9040,0.950000000000002);
#2591=VECTOR('',#9047,0.950000000000002);
#2592=VECTOR('',#9052,10.);
#2593=VECTOR('',#9053,10.);
#2594=VECTOR('',#9056,10.);
#2595=VECTOR('',#9057,10.);
#2596=VECTOR('',#9058,10.);
#2597=VECTOR('',#9059,10.);
#2598=VECTOR('',#9060,10.);
#2599=VECTOR('',#9061,10.);
#2600=VECTOR('',#9064,10.);
#2601=VECTOR('',#9065,10.);
#2602=VECTOR('',#9068,10.);
#2603=VECTOR('',#9077,10.);
#2604=VECTOR('',#9078,10.);
#2605=VECTOR('',#9083,0.950000000000002);
#2606=VECTOR('',#9090,0.950000000000002);
#2607=VECTOR('',#9095,10.);
#2608=VECTOR('',#9096,10.);
#2609=VECTOR('',#9099,10.);
#2610=VECTOR('',#9100,10.);
#2611=VECTOR('',#9101,10.);
#2612=VECTOR('',#9102,10.);
#2613=VECTOR('',#9103,10.);
#2614=VECTOR('',#9104,10.);
#2615=VECTOR('',#9107,10.);
#2616=VECTOR('',#9108,10.);
#2617=VECTOR('',#9111,10.);
#2618=VECTOR('',#9122,10.);
#2619=VECTOR('',#9127,10.);
#2620=VECTOR('',#9130,10.);
#2621=VECTOR('',#9135,10.);
#2622=VECTOR('',#9138,10.);
#2623=VECTOR('',#9141,10.);
#2624=VECTOR('',#9144,10.);
#2625=VECTOR('',#9147,10.);
#2626=VECTOR('',#9150,10.);
#2627=VECTOR('',#9153,10.);
#2628=VECTOR('',#9158,10.);
#2629=VECTOR('',#9161,10.);
#2630=VECTOR('',#9164,10.);
#2631=VECTOR('',#9169,10.);
#2632=VECTOR('',#9174,10.);
#2633=VECTOR('',#9177,10.);
#2634=VECTOR('',#9180,10.);
#2635=VECTOR('',#9183,10.);
#2636=VECTOR('',#9186,10.);
#2637=VECTOR('',#9189,10.);
#2638=VECTOR('',#9192,10.);
#2639=VECTOR('',#9195,10.);
#2640=VECTOR('',#9200,10.);
#2641=VECTOR('',#9203,10.);
#2642=VECTOR('',#9206,10.);
#2643=VECTOR('',#9209,10.);
#2644=VECTOR('',#9214,10.);
#2645=VECTOR('',#9219,10.);
#2646=VECTOR('',#9222,10.);
#2647=VECTOR('',#9225,10.);
#2648=VECTOR('',#9230,10.);
#2649=VECTOR('',#9233,10.);
#2650=VECTOR('',#9236,10.);
#2651=VECTOR('',#9239,10.);
#2652=VECTOR('',#9242,10.);
#2653=VECTOR('',#9249,10.);
#2654=VECTOR('',#9252,10.);
#2655=VECTOR('',#9255,10.);
#2656=VECTOR('',#9264,10.);
#2657=VECTOR('',#9265,10.);
#2658=VECTOR('',#9268,10.);
#2659=VECTOR('',#9273,10.);
#2660=VECTOR('',#9276,10.);
#2661=VECTOR('',#9279,10.);
#2662=VECTOR('',#9282,10.);
#2663=VECTOR('',#9285,10.);
#2664=VECTOR('',#9290,10.);
#2665=VECTOR('',#9293,10.);
#2666=VECTOR('',#9296,10.);
#2667=VECTOR('',#9299,10.);
#2668=VECTOR('',#9302,10.);
#2669=VECTOR('',#9307,1.875);
#2670=VECTOR('',#9310,1.875);
#2671=VECTOR('',#9313,1.875);
#2672=VECTOR('',#9316,1.875);
#2673=VERTEX_POINT('',#9319);
#2674=VERTEX_POINT('',#9320);
#2675=VERTEX_POINT('',#9322);
#2676=VERTEX_POINT('',#9333);
#2677=VERTEX_POINT('',#9340);
#2678=VERTEX_POINT('',#9341);
#2679=VERTEX_POINT('',#9404);
#2680=VERTEX_POINT('',#9405);
#2681=VERTEX_POINT('',#9467);
#2682=VERTEX_POINT('',#9468);
#2683=VERTEX_POINT('',#9531);
#2684=VERTEX_POINT('',#9532);
#2685=VERTEX_POINT('',#9595);
#2686=VERTEX_POINT('',#9596);
#2687=VERTEX_POINT('',#9656);
#2688=VERTEX_POINT('',#9657);
#2689=VERTEX_POINT('',#9720);
#2690=VERTEX_POINT('',#9721);
#2691=VERTEX_POINT('',#9723);
#2692=VERTEX_POINT('',#9739);
#2693=VERTEX_POINT('',#9754);
#2694=VERTEX_POINT('',#9755);
#2695=VERTEX_POINT('',#9792);
#2696=VERTEX_POINT('',#9793);
#2697=VERTEX_POINT('',#9829);
#2698=VERTEX_POINT('',#9830);
#2699=VERTEX_POINT('',#9867);
#2700=VERTEX_POINT('',#9868);
#2701=VERTEX_POINT('',#9904);
#2702=VERTEX_POINT('',#9905);
#2703=VERTEX_POINT('',#9942);
#2704=VERTEX_POINT('',#9943);
#2705=VERTEX_POINT('',#9945);
#2706=VERTEX_POINT('',#9947);
#2707=VERTEX_POINT('',#9951);
#2708=VERTEX_POINT('',#9953);
#2709=VERTEX_POINT('',#9957);
#2710=VERTEX_POINT('',#9959);
#2711=VERTEX_POINT('',#9966);
#2712=VERTEX_POINT('',#9967);
#2713=VERTEX_POINT('',#9969);
#2714=VERTEX_POINT('',#9971);
#2715=VERTEX_POINT('',#9975);
#2716=VERTEX_POINT('',#9977);
#2717=VERTEX_POINT('',#9981);
#2718=VERTEX_POINT('',#9983);
#2719=VERTEX_POINT('',#9990);
#2720=VERTEX_POINT('',#9991);
#2721=VERTEX_POINT('',#9993);
#2722=VERTEX_POINT('',#9995);
#2723=VERTEX_POINT('',#9999);
#2724=VERTEX_POINT('',#10000);
#2725=VERTEX_POINT('',#10005);
#2726=VERTEX_POINT('',#10006);
#2727=VERTEX_POINT('',#10011);
#2728=VERTEX_POINT('',#10012);
#2729=VERTEX_POINT('',#10017);
#2730=VERTEX_POINT('',#10018);
#2731=VERTEX_POINT('',#10023);
#2732=VERTEX_POINT('',#10024);
#2733=VERTEX_POINT('',#10029);
#2734=VERTEX_POINT('',#10030);
#2735=VERTEX_POINT('',#10038);
#2736=VERTEX_POINT('',#10040);
#2737=VERTEX_POINT('',#10044);
#2738=VERTEX_POINT('',#10046);
#2739=VERTEX_POINT('',#10048);
#2740=VERTEX_POINT('',#10050);
#2741=VERTEX_POINT('',#10055);
#2742=VERTEX_POINT('',#10057);
#2743=VERTEX_POINT('',#10059);
#2744=VERTEX_POINT('',#10061);
#2745=VERTEX_POINT('',#10066);
#2746=VERTEX_POINT('',#10070);
#2747=VERTEX_POINT('',#10074);
#2748=VERTEX_POINT('',#10076);
#2749=VERTEX_POINT('',#10078);
#2750=VERTEX_POINT('',#10082);
#2751=VERTEX_POINT('',#10083);
#2752=VERTEX_POINT('',#10085);
#2753=VERTEX_POINT('',#10087);
#2754=VERTEX_POINT('',#10090);
#2755=VERTEX_POINT('',#10091);
#2756=VERTEX_POINT('',#10093);
#2757=VERTEX_POINT('',#10095);
#2758=VERTEX_POINT('',#10098);
#2759=VERTEX_POINT('',#10099);
#2760=VERTEX_POINT('',#10101);
#2761=VERTEX_POINT('',#10103);
#2762=VERTEX_POINT('',#10106);
#2763=VERTEX_POINT('',#10107);
#2764=VERTEX_POINT('',#10109);
#2765=VERTEX_POINT('',#10111);
#2766=VERTEX_POINT('',#10114);
#2767=VERTEX_POINT('',#10115);
#2768=VERTEX_POINT('',#10117);
#2769=VERTEX_POINT('',#10119);
#2770=VERTEX_POINT('',#10122);
#2771=VERTEX_POINT('',#10123);
#2772=VERTEX_POINT('',#10125);
#2773=VERTEX_POINT('',#10127);
#2774=VERTEX_POINT('',#10130);
#2775=VERTEX_POINT('',#10131);
#2776=VERTEX_POINT('',#10133);
#2777=VERTEX_POINT('',#10135);
#2778=VERTEX_POINT('',#10138);
#2779=VERTEX_POINT('',#10139);
#2780=VERTEX_POINT('',#10141);
#2781=VERTEX_POINT('',#10143);
#2782=VERTEX_POINT('',#10146);
#2783=VERTEX_POINT('',#10147);
#2784=VERTEX_POINT('',#10149);
#2785=VERTEX_POINT('',#10151);
#2786=VERTEX_POINT('',#10154);
#2787=VERTEX_POINT('',#10155);
#2788=VERTEX_POINT('',#10157);
#2789=VERTEX_POINT('',#10159);
#2790=VERTEX_POINT('',#10162);
#2791=VERTEX_POINT('',#10164);
#2792=VERTEX_POINT('',#10166);
#2793=VERTEX_POINT('',#10168);
#2794=VERTEX_POINT('',#10170);
#2795=VERTEX_POINT('',#10171);
#2796=VERTEX_POINT('',#10173);
#2797=VERTEX_POINT('',#10175);
#2798=VERTEX_POINT('',#10177);
#2799=VERTEX_POINT('',#10179);
#2800=VERTEX_POINT('',#10181);
#2801=VERTEX_POINT('',#10183);
#2802=VERTEX_POINT('',#10185);
#2803=VERTEX_POINT('',#10187);
#2804=VERTEX_POINT('',#10189);
#2805=VERTEX_POINT('',#10191);
#2806=VERTEX_POINT('',#10193);
#2807=VERTEX_POINT('',#10195);
#2808=VERTEX_POINT('',#10197);
#2809=VERTEX_POINT('',#10199);
#2810=VERTEX_POINT('',#10201);
#2811=VERTEX_POINT('',#10203);
#2812=VERTEX_POINT('',#10206);
#2813=VERTEX_POINT('',#10207);
#2814=VERTEX_POINT('',#10209);
#2815=VERTEX_POINT('',#10211);
#2816=VERTEX_POINT('',#10213);
#2817=VERTEX_POINT('',#10215);
#2818=VERTEX_POINT('',#10217);
#2819=VERTEX_POINT('',#10219);
#2820=VERTEX_POINT('',#10221);
#2821=VERTEX_POINT('',#10223);
#2822=VERTEX_POINT('',#10225);
#2823=VERTEX_POINT('',#10227);
#2824=VERTEX_POINT('',#10229);
#2825=VERTEX_POINT('',#10231);
#2826=VERTEX_POINT('',#10233);
#2827=VERTEX_POINT('',#10235);
#2828=VERTEX_POINT('',#10237);
#2829=VERTEX_POINT('',#10239);
#2830=VERTEX_POINT('',#10242);
#2831=VERTEX_POINT('',#10243);
#2832=VERTEX_POINT('',#10245);
#2833=VERTEX_POINT('',#10247);
#2834=VERTEX_POINT('',#10249);
#2835=VERTEX_POINT('',#10251);
#2836=VERTEX_POINT('',#10253);
#2837=VERTEX_POINT('',#10255);
#2838=VERTEX_POINT('',#10257);
#2839=VERTEX_POINT('',#10259);
#2840=VERTEX_POINT('',#10263);
#2841=VERTEX_POINT('',#10265);
#2842=VERTEX_POINT('',#10267);
#2843=VERTEX_POINT('',#10271);
#2844=VERTEX_POINT('',#10275);
#2845=VERTEX_POINT('',#10277);
#2846=VERTEX_POINT('',#10281);
#2847=VERTEX_POINT('',#10285);
#2848=VERTEX_POINT('',#10287);
#2849=VERTEX_POINT('',#10293);
#2850=VERTEX_POINT('',#10295);
#2851=VERTEX_POINT('',#10299);
#2852=VERTEX_POINT('',#10301);
#2853=VERTEX_POINT('',#10305);
#2854=VERTEX_POINT('',#10307);
#2855=VERTEX_POINT('',#10311);
#2856=VERTEX_POINT('',#10315);
#2857=VERTEX_POINT('',#10317);
#2858=VERTEX_POINT('',#10323);
#2859=VERTEX_POINT('',#10325);
#2860=VERTEX_POINT('',#10329);
#2861=VERTEX_POINT('',#10331);
#2862=VERTEX_POINT('',#10335);
#2863=VERTEX_POINT('',#10337);
#2864=VERTEX_POINT('',#10341);
#2865=VERTEX_POINT('',#10345);
#2866=VERTEX_POINT('',#10349);
#2867=VERTEX_POINT('',#10351);
#2868=VERTEX_POINT('',#10353);
#2869=VERTEX_POINT('',#10355);
#2870=VERTEX_POINT('',#10358);
#2871=VERTEX_POINT('',#10361);
#2872=VERTEX_POINT('',#10363);
#2873=VERTEX_POINT('',#10365);
#2874=VERTEX_POINT('',#10367);
#2875=VERTEX_POINT('',#10369);
#2876=VERTEX_POINT('',#10371);
#2877=VERTEX_POINT('',#10373);
#2878=VERTEX_POINT('',#10375);
#2879=VERTEX_POINT('',#10378);
#2880=VERTEX_POINT('',#10380);
#2881=VERTEX_POINT('',#10382);
#2882=VERTEX_POINT('',#10385);
#2883=VERTEX_POINT('',#10388);
#2884=VERTEX_POINT('',#10390);
#2885=VERTEX_POINT('',#10392);
#2886=VERTEX_POINT('',#10395);
#2887=VERTEX_POINT('',#10397);
#2888=VERTEX_POINT('',#10399);
#2889=VERTEX_POINT('',#10401);
#2890=VERTEX_POINT('',#10403);
#2891=VERTEX_POINT('',#10405);
#2892=VERTEX_POINT('',#10407);
#2893=VERTEX_POINT('',#10409);
#2894=VERTEX_POINT('',#10412);
#2895=VERTEX_POINT('',#10415);
#2896=VERTEX_POINT('',#10417);
#2897=VERTEX_POINT('',#10419);
#2898=VERTEX_POINT('',#10421);
#2899=VERTEX_POINT('',#10424);
#2900=VERTEX_POINT('',#10427);
#2901=VERTEX_POINT('',#10429);
#2902=VERTEX_POINT('',#10431);
#2903=VERTEX_POINT('',#10433);
#2904=VERTEX_POINT('',#10436);
#2905=VERTEX_POINT('',#10438);
#2906=VERTEX_POINT('',#10440);
#2907=VERTEX_POINT('',#10442);
#2908=VERTEX_POINT('',#10445);
#2909=VERTEX_POINT('',#10447);
#2910=VERTEX_POINT('',#10449);
#2911=VERTEX_POINT('',#10451);
#2912=VERTEX_POINT('',#10453);
#2913=VERTEX_POINT('',#10455);
#2914=VERTEX_POINT('',#10457);
#2915=VERTEX_POINT('',#10459);
#2916=VERTEX_POINT('',#10461);
#2917=VERTEX_POINT('',#10463);
#2918=VERTEX_POINT('',#10465);
#2919=VERTEX_POINT('',#10467);
#2920=VERTEX_POINT('',#10469);
#2921=VERTEX_POINT('',#10471);
#2922=VERTEX_POINT('',#10473);
#2923=VERTEX_POINT('',#10475);
#2924=VERTEX_POINT('',#10478);
#2925=VERTEX_POINT('',#10570);
#2926=VERTEX_POINT('',#10673);
#2927=VERTEX_POINT('',#10674);
#2928=VERTEX_POINT('',#10676);
#2929=VERTEX_POINT('',#10678);
#2930=VERTEX_POINT('',#10682);
#2931=VERTEX_POINT('',#10684);
#2932=VERTEX_POINT('',#10686);
#2933=VERTEX_POINT('',#10690);
#2934=VERTEX_POINT('',#10694);
#2935=VERTEX_POINT('',#10695);
#2936=VERTEX_POINT('',#10697);
#2937=VERTEX_POINT('',#10699);
#2938=VERTEX_POINT('',#10703);
#2939=VERTEX_POINT('',#10705);
#2940=VERTEX_POINT('',#10707);
#2941=VERTEX_POINT('',#10709);
#2942=VERTEX_POINT('',#10711);
#2943=VERTEX_POINT('',#10713);
#2944=VERTEX_POINT('',#10717);
#2945=VERTEX_POINT('',#10718);
#2946=VERTEX_POINT('',#10720);
#2947=VERTEX_POINT('',#10722);
#2948=VERTEX_POINT('',#10726);
#2949=VERTEX_POINT('',#10728);
#2950=VERTEX_POINT('',#10732);
#2951=VERTEX_POINT('',#10734);
#2952=VERTEX_POINT('',#10739);
#2953=VERTEX_POINT('',#10741);
#2954=VERTEX_POINT('',#10743);
#2955=VERTEX_POINT('',#10745);
#2956=VERTEX_POINT('',#10749);
#2957=VERTEX_POINT('',#10764);
#2958=VERTEX_POINT('',#10766);
#2959=VERTEX_POINT('',#10768);
#2960=VERTEX_POINT('',#10770);
#2961=VERTEX_POINT('',#10773);
#2962=VERTEX_POINT('',#10775);
#2963=VERTEX_POINT('',#10778);
#2964=VERTEX_POINT('',#10779);
#2965=VERTEX_POINT('',#10781);
#2966=VERTEX_POINT('',#10783);
#2967=VERTEX_POINT('',#10785);
#2968=VERTEX_POINT('',#10787);
#2969=VERTEX_POINT('',#10789);
#2970=VERTEX_POINT('',#10791);
#2971=VERTEX_POINT('',#10793);
#2972=VERTEX_POINT('',#10795);
#2973=VERTEX_POINT('',#10797);
#2974=VERTEX_POINT('',#10799);
#2975=VERTEX_POINT('',#10801);
#2976=VERTEX_POINT('',#10803);
#2977=VERTEX_POINT('',#10807);
#2978=VERTEX_POINT('',#10808);
#2979=VERTEX_POINT('',#10813);
#2980=VERTEX_POINT('',#10823);
#2981=VERTEX_POINT('',#10825);
#2982=VERTEX_POINT('',#10827);
#2983=VERTEX_POINT('',#10829);
#2984=VERTEX_POINT('',#10831);
#2985=VERTEX_POINT('',#10861);
#2986=VERTEX_POINT('',#10863);
#2987=VERTEX_POINT('',#10867);
#2988=VERTEX_POINT('',#10869);
#2989=VERTEX_POINT('',#10875);
#2990=VERTEX_POINT('',#10877);
#2991=VERTEX_POINT('',#10881);
#2992=VERTEX_POINT('',#10885);
#2993=VERTEX_POINT('',#10889);
#2994=VERTEX_POINT('',#10923);
#2995=VERTEX_POINT('',#10925);
#2996=VERTEX_POINT('',#10927);
#2997=VERTEX_POINT('',#10929);
#2998=VERTEX_POINT('',#10931);
#2999=VERTEX_POINT('',#10935);
#3000=VERTEX_POINT('',#10937);
#3001=VERTEX_POINT('',#10941);
#3002=VERTEX_POINT('',#10943);
#3003=VERTEX_POINT('',#10949);
#3004=VERTEX_POINT('',#10951);
#3005=VERTEX_POINT('',#10953);
#3006=VERTEX_POINT('',#10955);
#3007=VERTEX_POINT('',#10957);
#3008=VERTEX_POINT('',#10959);
#3009=VERTEX_POINT('',#10974);
#3010=VERTEX_POINT('',#10975);
#3011=VERTEX_POINT('',#10977);
#3012=VERTEX_POINT('',#10979);
#3013=VERTEX_POINT('',#10981);
#3014=VERTEX_POINT('',#10983);
#3015=VERTEX_POINT('',#10985);
#3016=VERTEX_POINT('',#10987);
#3017=VERTEX_POINT('',#10989);
#3018=VERTEX_POINT('',#10991);
#3019=VERTEX_POINT('',#10993);
#3020=VERTEX_POINT('',#10995);
#3021=VERTEX_POINT('',#10997);
#3022=VERTEX_POINT('',#10999);
#3023=VERTEX_POINT('',#11001);
#3024=VERTEX_POINT('',#11003);
#3025=VERTEX_POINT('',#11006);
#3026=VERTEX_POINT('',#11007);
#3027=VERTEX_POINT('',#11009);
#3028=VERTEX_POINT('',#11011);
#3029=VERTEX_POINT('',#11013);
#3030=VERTEX_POINT('',#11015);
#3031=VERTEX_POINT('',#11017);
#3032=VERTEX_POINT('',#11019);
#3033=VERTEX_POINT('',#11021);
#3034=VERTEX_POINT('',#11023);
#3035=VERTEX_POINT('',#11025);
#3036=VERTEX_POINT('',#11027);
#3037=VERTEX_POINT('',#11031);
#3038=VERTEX_POINT('',#11032);
#3039=VERTEX_POINT('',#11034);
#3040=VERTEX_POINT('',#11036);
#3041=VERTEX_POINT('',#11038);
#3042=VERTEX_POINT('',#11040);
#3043=VERTEX_POINT('',#11042);
#3044=VERTEX_POINT('',#11044);
#3045=VERTEX_POINT('',#11046);
#3046=VERTEX_POINT('',#11048);
#3047=VERTEX_POINT('',#11050);
#3048=VERTEX_POINT('',#11052);
#3049=VERTEX_POINT('',#11054);
#3050=VERTEX_POINT('',#11056);
#3051=VERTEX_POINT('',#11058);
#3052=VERTEX_POINT('',#11060);
#3053=VERTEX_POINT('',#11063);
#3054=VERTEX_POINT('',#11064);
#3055=VERTEX_POINT('',#11066);
#3056=VERTEX_POINT('',#11068);
#3057=VERTEX_POINT('',#11070);
#3058=VERTEX_POINT('',#11072);
#3059=VERTEX_POINT('',#11074);
#3060=VERTEX_POINT('',#11076);
#3061=VERTEX_POINT('',#11078);
#3062=VERTEX_POINT('',#11080);
#3063=VERTEX_POINT('',#11082);
#3064=VERTEX_POINT('',#11084);
#3065=VERTEX_POINT('',#11088);
#3066=VERTEX_POINT('',#11089);
#3067=VERTEX_POINT('',#11091);
#3068=VERTEX_POINT('',#11093);
#3069=VERTEX_POINT('',#11095);
#3070=VERTEX_POINT('',#11097);
#3071=VERTEX_POINT('',#11099);
#3072=VERTEX_POINT('',#11101);
#3073=VERTEX_POINT('',#11103);
#3074=VERTEX_POINT('',#11105);
#3075=VERTEX_POINT('',#11107);
#3076=VERTEX_POINT('',#11109);
#3077=VERTEX_POINT('',#11111);
#3078=VERTEX_POINT('',#11113);
#3079=VERTEX_POINT('',#11115);
#3080=VERTEX_POINT('',#11117);
#3081=VERTEX_POINT('',#11120);
#3082=VERTEX_POINT('',#11121);
#3083=VERTEX_POINT('',#11123);
#3084=VERTEX_POINT('',#11125);
#3085=VERTEX_POINT('',#11127);
#3086=VERTEX_POINT('',#11129);
#3087=VERTEX_POINT('',#11131);
#3088=VERTEX_POINT('',#11133);
#3089=VERTEX_POINT('',#11135);
#3090=VERTEX_POINT('',#11137);
#3091=VERTEX_POINT('',#11139);
#3092=VERTEX_POINT('',#11141);
#3093=VERTEX_POINT('',#11145);
#3094=VERTEX_POINT('',#11146);
#3095=VERTEX_POINT('',#11148);
#3096=VERTEX_POINT('',#11150);
#3097=VERTEX_POINT('',#11152);
#3098=VERTEX_POINT('',#11154);
#3099=VERTEX_POINT('',#11156);
#3100=VERTEX_POINT('',#11158);
#3101=VERTEX_POINT('',#11160);
#3102=VERTEX_POINT('',#11162);
#3103=VERTEX_POINT('',#11164);
#3104=VERTEX_POINT('',#11166);
#3105=VERTEX_POINT('',#11168);
#3106=VERTEX_POINT('',#11170);
#3107=VERTEX_POINT('',#11172);
#3108=VERTEX_POINT('',#11174);
#3109=VERTEX_POINT('',#11177);
#3110=VERTEX_POINT('',#11178);
#3111=VERTEX_POINT('',#11180);
#3112=VERTEX_POINT('',#11182);
#3113=VERTEX_POINT('',#11184);
#3114=VERTEX_POINT('',#11186);
#3115=VERTEX_POINT('',#11188);
#3116=VERTEX_POINT('',#11190);
#3117=VERTEX_POINT('',#11192);
#3118=VERTEX_POINT('',#11194);
#3119=VERTEX_POINT('',#11196);
#3120=VERTEX_POINT('',#11198);
#3121=VERTEX_POINT('',#11219);
#3122=VERTEX_POINT('',#11221);
#3123=VERTEX_POINT('',#11224);
#3124=VERTEX_POINT('',#11226);
#3125=VERTEX_POINT('',#11229);
#3126=VERTEX_POINT('',#11231);
#3127=VERTEX_POINT('',#11234);
#3128=VERTEX_POINT('',#11236);
#3129=VERTEX_POINT('',#11249);
#3130=VERTEX_POINT('',#11250);
#3131=VERTEX_POINT('',#11252);
#3132=VERTEX_POINT('',#11254);
#3133=VERTEX_POINT('',#11256);
#3134=VERTEX_POINT('',#11258);
#3135=VERTEX_POINT('',#11262);
#3136=VERTEX_POINT('',#11266);
#3137=VERTEX_POINT('',#11268);
#3138=VERTEX_POINT('',#11273);
#3139=VERTEX_POINT('',#11275);
#3140=VERTEX_POINT('',#11279);
#3141=VERTEX_POINT('',#11646);
#3142=VERTEX_POINT('',#12150);
#3143=VERTEX_POINT('',#12255);
#3144=VERTEX_POINT('',#12256);
#3145=VERTEX_POINT('',#12258);
#3146=VERTEX_POINT('',#12260);
#3147=VERTEX_POINT('',#12262);
#3148=VERTEX_POINT('',#12264);
#3149=VERTEX_POINT('',#12266);
#3150=VERTEX_POINT('',#12268);
#3151=VERTEX_POINT('',#12273);
#3152=VERTEX_POINT('',#12288);
#3153=VERTEX_POINT('',#12301);
#3154=VERTEX_POINT('',#12316);
#3155=VERTEX_POINT('',#12317);
#3156=VERTEX_POINT('',#12319);
#3157=VERTEX_POINT('',#12321);
#3158=VERTEX_POINT('',#12323);
#3159=VERTEX_POINT('',#12325);
#3160=VERTEX_POINT('',#12327);
#3161=VERTEX_POINT('',#12329);
#3162=VERTEX_POINT('',#12334);
#3163=VERTEX_POINT('',#12349);
#3164=VERTEX_POINT('',#12362);
#3165=VERTEX_POINT('',#12388);
#3166=VERTEX_POINT('',#12389);
#3167=VERTEX_POINT('',#12408);
#3168=VERTEX_POINT('',#12410);
#3169=VERTEX_POINT('',#12423);
#3170=VERTEX_POINT('',#12425);
#3171=VERTEX_POINT('',#12438);
#3172=VERTEX_POINT('',#12440);
#3173=VERTEX_POINT('',#12461);
#3174=VERTEX_POINT('',#12476);
#3175=VERTEX_POINT('',#12491);
#3176=VERTEX_POINT('',#12492);
#3177=VERTEX_POINT('',#12511);
#3178=VERTEX_POINT('',#12513);
#3179=VERTEX_POINT('',#12532);
#3180=VERTEX_POINT('',#12534);
#3181=VERTEX_POINT('',#12547);
#3182=VERTEX_POINT('',#12549);
#3183=VERTEX_POINT('',#12581);
#3184=VERTEX_POINT('',#12591);
#3185=VERTEX_POINT('',#12600);
#3186=VERTEX_POINT('',#12601);
#3187=VERTEX_POINT('',#12603);
#3188=VERTEX_POINT('',#12605);
#3189=VERTEX_POINT('',#12609);
#3190=VERTEX_POINT('',#12610);
#3191=VERTEX_POINT('',#12614);
#3192=VERTEX_POINT('',#12633);
#3193=VERTEX_POINT('',#12638);
#3194=VERTEX_POINT('',#12640);
#3195=VERTEX_POINT('',#12663);
#3196=VERTEX_POINT('',#12665);
#3197=VERTEX_POINT('',#12680);
#3198=VERTEX_POINT('',#12689);
#3199=VERTEX_POINT('',#12690);
#3200=VERTEX_POINT('',#12710);
#3201=VERTEX_POINT('',#12712);
#3202=VERTEX_POINT('',#12714);
#3203=VERTEX_POINT('',#12716);
#3204=VERTEX_POINT('',#12720);
#3205=VERTEX_POINT('',#12721);
#3206=VERTEX_POINT('',#12727);
#3207=VERTEX_POINT('',#12729);
#3208=VERTEX_POINT('',#12733);
#3209=VERTEX_POINT('',#12735);
#3210=VERTEX_POINT('',#12769);
#3211=VERTEX_POINT('',#12776);
#3212=VERTEX_POINT('',#12777);
#3213=VERTEX_POINT('',#12797);
#3214=VERTEX_POINT('',#12799);
#3215=VERTEX_POINT('',#12801);
#3216=VERTEX_POINT('',#12803);
#3217=VERTEX_POINT('',#12807);
#3218=VERTEX_POINT('',#12808);
#3219=VERTEX_POINT('',#12814);
#3220=VERTEX_POINT('',#12816);
#3221=VERTEX_POINT('',#12820);
#3222=VERTEX_POINT('',#12822);
#3223=VERTEX_POINT('',#12856);
#3224=VERTEX_POINT('',#12863);
#3225=VERTEX_POINT('',#12864);
#3226=VERTEX_POINT('',#12866);
#3227=VERTEX_POINT('',#12868);
#3228=VERTEX_POINT('',#12872);
#3229=VERTEX_POINT('',#12873);
#3230=VERTEX_POINT('',#12877);
#3231=VERTEX_POINT('',#12896);
#3232=VERTEX_POINT('',#12901);
#3233=VERTEX_POINT('',#12903);
#3234=VERTEX_POINT('',#12926);
#3235=VERTEX_POINT('',#12928);
#3236=VERTEX_POINT('',#12943);
#3237=VERTEX_POINT('',#12952);
#3238=VERTEX_POINT('',#12953);
#3239=VERTEX_POINT('',#12966);
#3240=VERTEX_POINT('',#12984);
#3241=VERTEX_POINT('',#13003);
#3242=VERTEX_POINT('',#13005);
#3243=VERTEX_POINT('',#13020);
#3244=VERTEX_POINT('',#13021);
#3245=VERTEX_POINT('',#13023);
#3246=VERTEX_POINT('',#13025);
#3247=VERTEX_POINT('',#13029);
#3248=VERTEX_POINT('',#13031);
#3249=VERTEX_POINT('',#13035);
#3250=VERTEX_POINT('',#13037);
#3251=VERTEX_POINT('',#13041);
#3252=VERTEX_POINT('',#13054);
#3253=VERTEX_POINT('',#13103);
#3254=VERTEX_POINT('',#13120);
#3255=VERTEX_POINT('',#13122);
#3256=VERTEX_POINT('',#13135);
#3257=VERTEX_POINT('',#13166);
#3258=VERTEX_POINT('',#13199);
#3259=VERTEX_POINT('',#13212);
#3260=VERTEX_POINT('',#13214);
#3261=VERTEX_POINT('',#13235);
#3262=VERTEX_POINT('',#13252);
#3263=VERTEX_POINT('',#13263);
#3264=VERTEX_POINT('',#13265);
#3265=VERTEX_POINT('',#13270);
#3266=VERTEX_POINT('',#13272);
#3267=VERTEX_POINT('',#13277);
#3268=VERTEX_POINT('',#13279);
#3269=VERTEX_POINT('',#13284);
#3270=VERTEX_POINT('',#13286);
#3271=VERTEX_POINT('',#13291);
#3272=VERTEX_POINT('',#13293);
#3273=VERTEX_POINT('',#13298);
#3274=VERTEX_POINT('',#13300);
#3275=VERTEX_POINT('',#13305);
#3276=VERTEX_POINT('',#13307);
#3277=VERTEX_POINT('',#13312);
#3278=VERTEX_POINT('',#13314);
#3279=VERTEX_POINT('',#13319);
#3280=VERTEX_POINT('',#13323);
#3281=VERTEX_POINT('',#13325);
#3282=VERTEX_POINT('',#13329);
#3283=VERTEX_POINT('',#13331);
#3284=VERTEX_POINT('',#13335);
#3285=VERTEX_POINT('',#13339);
#3286=VERTEX_POINT('',#13340);
#3287=VERTEX_POINT('',#13343);
#3288=VERTEX_POINT('',#13345);
#3289=VERTEX_POINT('',#13359);
#3290=VERTEX_POINT('',#13363);
#3291=VERTEX_POINT('',#13365);
#3292=VERTEX_POINT('',#13369);
#3293=VERTEX_POINT('',#13371);
#3294=VERTEX_POINT('',#13375);
#3295=VERTEX_POINT('',#13379);
#3296=VERTEX_POINT('',#13380);
#3297=VERTEX_POINT('',#13383);
#3298=VERTEX_POINT('',#13385);
#3299=VERTEX_POINT('',#13399);
#3300=VERTEX_POINT('',#13403);
#3301=VERTEX_POINT('',#13405);
#3302=VERTEX_POINT('',#13409);
#3303=VERTEX_POINT('',#13411);
#3304=VERTEX_POINT('',#13415);
#3305=VERTEX_POINT('',#13419);
#3306=VERTEX_POINT('',#13420);
#3307=VERTEX_POINT('',#13423);
#3308=VERTEX_POINT('',#13425);
#3309=VERTEX_POINT('',#13438);
#3310=VERTEX_POINT('',#13442);
#3311=VERTEX_POINT('',#13444);
#3312=VERTEX_POINT('',#13448);
#3313=VERTEX_POINT('',#13450);
#3314=VERTEX_POINT('',#13454);
#3315=VERTEX_POINT('',#13458);
#3316=VERTEX_POINT('',#13459);
#3317=VERTEX_POINT('',#13462);
#3318=VERTEX_POINT('',#13464);
#3319=EDGE_CURVE('',#2673,#2674,#1369,.T.);
#3320=EDGE_CURVE('',#2673,#2675,#1287,.F.);
#3321=EDGE_CURVE('',#2676,#2675,#1052,.T.);
#3322=EDGE_CURVE('',#2676,#2674,#1288,.F.);
#3323=EDGE_CURVE('',#2677,#2678,#1370,.T.);
#3324=EDGE_CURVE('',#2677,#2673,#1289,.F.);
#3325=EDGE_CURVE('',#2674,#2678,#1290,.F.);
#3326=EDGE_CURVE('',#2679,#2680,#1371,.T.);
#3327=EDGE_CURVE('',#2679,#2677,#1291,.F.);
#3328=EDGE_CURVE('',#2678,#2680,#1292,.F.);
#3329=EDGE_CURVE('',#2681,#2682,#1372,.T.);
#3330=EDGE_CURVE('',#2681,#2679,#1293,.F.);
#3331=EDGE_CURVE('',#2680,#2682,#1294,.F.);
#3332=EDGE_CURVE('',#2683,#2684,#1373,.T.);
#3333=EDGE_CURVE('',#2683,#2681,#1295,.F.);
#3334=EDGE_CURVE('',#2682,#2684,#1296,.F.);
#3335=EDGE_CURVE('',#2685,#2686,#1374,.T.);
#3336=EDGE_CURVE('',#2685,#2683,#1297,.F.);
#3337=EDGE_CURVE('',#2684,#2686,#1298,.F.);
#3338=EDGE_CURVE('',#2687,#2688,#1375,.T.);
#3339=EDGE_CURVE('',#2687,#2685,#1299,.F.);
#3340=EDGE_CURVE('',#2686,#2688,#1300,.F.);
#3341=EDGE_CURVE('',#2689,#2690,#1376,.T.);
#3342=EDGE_CURVE('',#2689,#2691,#1301,.T.);
#3343=EDGE_CURVE('',#2692,#2691,#1053,.T.);
#3344=EDGE_CURVE('',#2690,#2692,#1302,.T.);
#3345=EDGE_CURVE('',#2693,#2694,#1377,.T.);
#3346=EDGE_CURVE('',#2693,#2689,#1303,.T.);
#3347=EDGE_CURVE('',#2694,#2690,#1304,.T.);
#3348=EDGE_CURVE('',#2695,#2696,#1378,.T.);
#3349=EDGE_CURVE('',#2695,#2693,#1305,.T.);
#3350=EDGE_CURVE('',#2696,#2694,#1306,.T.);
#3351=EDGE_CURVE('',#2697,#2698,#1379,.T.);
#3352=EDGE_CURVE('',#2697,#2695,#1307,.T.);
#3353=EDGE_CURVE('',#2698,#2696,#1308,.T.);
#3354=EDGE_CURVE('',#2699,#2700,#1380,.T.);
#3355=EDGE_CURVE('',#2699,#2697,#1309,.T.);
#3356=EDGE_CURVE('',#2700,#2698,#1310,.T.);
#3357=EDGE_CURVE('',#2701,#2702,#1381,.T.);
#3358=EDGE_CURVE('',#2701,#2699,#1311,.T.);
#3359=EDGE_CURVE('',#2702,#2700,#1312,.T.);
#3360=EDGE_CURVE('',#2703,#2704,#1382,.T.);
#3361=EDGE_CURVE('',#2705,#2703,#1383,.T.);
#3362=EDGE_CURVE('',#2706,#2705,#1384,.T.);
#3363=EDGE_CURVE('',#2706,#2704,#1385,.T.);
#3364=EDGE_CURVE('',#2704,#2707,#1386,.T.);
#3365=EDGE_CURVE('',#2708,#2706,#1387,.T.);
#3366=EDGE_CURVE('',#2708,#2707,#1388,.T.);
#3367=EDGE_CURVE('',#2707,#2709,#1389,.T.);
#3368=EDGE_CURVE('',#2710,#2708,#1390,.T.);
#3369=EDGE_CURVE('',#2710,#2709,#1391,.T.);
#3370=EDGE_CURVE('',#2709,#2703,#1392,.T.);
#3371=EDGE_CURVE('',#2705,#2710,#1393,.T.);
#3372=EDGE_CURVE('',#2711,#2712,#1394,.T.);
#3373=EDGE_CURVE('',#2713,#2711,#1395,.T.);
#3374=EDGE_CURVE('',#2714,#2713,#1396,.T.);
#3375=EDGE_CURVE('',#2714,#2712,#1397,.T.);
#3376=EDGE_CURVE('',#2712,#2715,#1398,.T.);
#3377=EDGE_CURVE('',#2716,#2714,#1399,.T.);
#3378=EDGE_CURVE('',#2716,#2715,#1400,.T.);
#3379=EDGE_CURVE('',#2715,#2717,#1401,.T.);
#3380=EDGE_CURVE('',#2718,#2716,#1402,.T.);
#3381=EDGE_CURVE('',#2718,#2717,#1403,.T.);
#3382=EDGE_CURVE('',#2717,#2711,#1404,.T.);
#3383=EDGE_CURVE('',#2713,#2718,#1405,.T.);
#3384=EDGE_CURVE('',#2719,#2720,#1406,.T.);
#3385=EDGE_CURVE('',#2720,#2721,#1407,.T.);
#3386=EDGE_CURVE('',#2721,#2722,#1408,.T.);
#3387=EDGE_CURVE('',#2722,#2719,#1409,.T.);
#3388=EDGE_CURVE('',#2723,#2724,#1410,.T.);
#3389=EDGE_CURVE('',#2724,#2720,#1054,.T.);
#3390=EDGE_CURVE('',#2719,#2723,#1055,.T.);
#3391=EDGE_CURVE('',#2725,#2726,#1411,.T.);
#3392=EDGE_CURVE('',#2726,#2724,#1412,.T.);
#3393=EDGE_CURVE('',#2723,#2725,#1413,.T.);
#3394=EDGE_CURVE('',#2727,#2728,#1414,.T.);
#3395=EDGE_CURVE('',#2728,#2726,#1056,.T.);
#3396=EDGE_CURVE('',#2725,#2727,#1057,.T.);
#3397=EDGE_CURVE('',#2729,#2730,#1415,.T.);
#3398=EDGE_CURVE('',#2730,#2728,#1416,.T.);
#3399=EDGE_CURVE('',#2727,#2729,#1417,.T.);
#3400=EDGE_CURVE('',#2731,#2732,#1418,.T.);
#3401=EDGE_CURVE('',#2732,#2730,#1058,.T.);
#3402=EDGE_CURVE('',#2729,#2731,#1059,.T.);
#3403=EDGE_CURVE('',#2733,#2734,#1419,.T.);
#3404=EDGE_CURVE('',#2734,#2732,#1060,.T.);
#3405=EDGE_CURVE('',#2731,#2733,#1061,.T.);
#3406=EDGE_CURVE('',#2721,#2734,#1062,.T.);
#3407=EDGE_CURVE('',#2733,#2722,#1063,.T.);
#3408=EDGE_CURVE('',#2732,#2735,#1420,.T.);
#3409=EDGE_CURVE('',#2735,#2736,#1064,.T.);
#3410=EDGE_CURVE('',#2730,#2736,#1421,.T.);
#3411=EDGE_CURVE('',#2734,#2737,#1422,.T.);
#3412=EDGE_CURVE('',#2737,#2738,#1065,.T.);
#3413=EDGE_CURVE('',#2738,#2739,#1423,.T.);
#3414=EDGE_CURVE('',#2740,#2739,#1313,.T.);
#3415=EDGE_CURVE('',#2740,#2741,#1424,.T.);
#3416=EDGE_CURVE('',#2742,#2741,#1066,.T.);
#3417=EDGE_CURVE('',#2742,#2743,#1425,.T.);
#3418=EDGE_CURVE('',#2744,#2743,#1314,.T.);
#3419=EDGE_CURVE('',#2744,#2745,#1426,.T.);
#3420=EDGE_CURVE('',#2745,#2735,#1067,.T.);
#3421=EDGE_CURVE('',#2721,#2746,#1427,.T.);
#3422=EDGE_CURVE('',#2746,#2737,#1068,.T.);
#3423=EDGE_CURVE('',#2720,#2747,#1428,.T.);
#3424=EDGE_CURVE('',#2748,#2747,#1429,.T.);
#3425=EDGE_CURVE('',#2748,#2749,#1430,.T.);
#3426=EDGE_CURVE('',#2749,#2746,#1431,.T.);
#3427=EDGE_CURVE('',#2750,#2751,#1069,.T.);
#3428=EDGE_CURVE('',#2751,#2752,#1070,.T.);
#3429=EDGE_CURVE('',#2752,#2753,#1071,.T.);
#3430=EDGE_CURVE('',#2753,#2750,#1072,.T.);
#3431=EDGE_CURVE('',#2754,#2755,#1073,.T.);
#3432=EDGE_CURVE('',#2755,#2756,#1432,.T.);
#3433=EDGE_CURVE('',#2756,#2757,#1074,.T.);
#3434=EDGE_CURVE('',#2757,#2754,#1433,.T.);
#3435=EDGE_CURVE('',#2758,#2759,#1075,.T.);
#3436=EDGE_CURVE('',#2759,#2760,#1434,.T.);
#3437=EDGE_CURVE('',#2760,#2761,#1076,.T.);
#3438=EDGE_CURVE('',#2761,#2758,#1435,.T.);
#3439=EDGE_CURVE('',#2762,#2763,#1077,.T.);
#3440=EDGE_CURVE('',#2763,#2764,#1436,.T.);
#3441=EDGE_CURVE('',#2764,#2765,#1078,.T.);
#3442=EDGE_CURVE('',#2765,#2762,#1437,.T.);
#3443=EDGE_CURVE('',#2766,#2767,#1079,.T.);
#3444=EDGE_CURVE('',#2767,#2768,#1438,.T.);
#3445=EDGE_CURVE('',#2768,#2769,#1080,.T.);
#3446=EDGE_CURVE('',#2769,#2766,#1439,.T.);
#3447=EDGE_CURVE('',#2770,#2771,#1081,.T.);
#3448=EDGE_CURVE('',#2771,#2772,#1440,.T.);
#3449=EDGE_CURVE('',#2772,#2773,#1082,.T.);
#3450=EDGE_CURVE('',#2773,#2770,#1441,.T.);
#3451=EDGE_CURVE('',#2774,#2775,#1083,.T.);
#3452=EDGE_CURVE('',#2775,#2776,#1442,.T.);
#3453=EDGE_CURVE('',#2776,#2777,#1084,.T.);
#3454=EDGE_CURVE('',#2777,#2774,#1443,.T.);
#3455=EDGE_CURVE('',#2778,#2779,#1085,.T.);
#3456=EDGE_CURVE('',#2779,#2780,#1444,.T.);
#3457=EDGE_CURVE('',#2780,#2781,#1086,.T.);
#3458=EDGE_CURVE('',#2781,#2778,#1445,.T.);
#3459=EDGE_CURVE('',#2782,#2783,#1087,.T.);
#3460=EDGE_CURVE('',#2783,#2784,#1446,.T.);
#3461=EDGE_CURVE('',#2784,#2785,#1088,.T.);
#3462=EDGE_CURVE('',#2785,#2782,#1447,.T.);
#3463=EDGE_CURVE('',#2786,#2787,#1089,.T.);
#3464=EDGE_CURVE('',#2787,#2788,#1090,.T.);
#3465=EDGE_CURVE('',#2788,#2789,#1091,.T.);
#3466=EDGE_CURVE('',#2789,#2786,#1092,.T.);
#3467=EDGE_CURVE('',#2790,#2790,#1093,.T.);
#3468=EDGE_CURVE('',#2791,#2791,#1094,.T.);
#3469=EDGE_CURVE('',#2792,#2792,#1095,.T.);
#3470=EDGE_CURVE('',#2793,#2793,#1096,.T.);
#3471=EDGE_CURVE('',#2794,#2795,#1097,.T.);
#3472=EDGE_CURVE('',#2795,#2796,#1448,.T.);
#3473=EDGE_CURVE('',#2796,#2797,#1098,.T.);
#3474=EDGE_CURVE('',#2797,#2798,#1449,.T.);
#3475=EDGE_CURVE('',#2798,#2799,#1099,.T.);
#3476=EDGE_CURVE('',#2799,#2800,#1450,.T.);
#3477=EDGE_CURVE('',#2800,#2801,#1100,.T.);
#3478=EDGE_CURVE('',#2801,#2802,#1451,.T.);
#3479=EDGE_CURVE('',#2802,#2803,#1101,.T.);
#3480=EDGE_CURVE('',#2803,#2804,#1452,.T.);
#3481=EDGE_CURVE('',#2804,#2805,#1102,.T.);
#3482=EDGE_CURVE('',#2805,#2806,#1453,.T.);
#3483=EDGE_CURVE('',#2806,#2807,#1454,.T.);
#3484=EDGE_CURVE('',#2807,#2808,#1455,.T.);
#3485=EDGE_CURVE('',#2808,#2809,#1103,.T.);
#3486=EDGE_CURVE('',#2809,#2810,#1456,.T.);
#3487=EDGE_CURVE('',#2810,#2811,#1104,.T.);
#3488=EDGE_CURVE('',#2811,#2794,#1457,.T.);
#3489=EDGE_CURVE('',#2812,#2813,#1105,.T.);
#3490=EDGE_CURVE('',#2813,#2814,#1458,.T.);
#3491=EDGE_CURVE('',#2814,#2815,#1459,.T.);
#3492=EDGE_CURVE('',#2815,#2816,#1460,.T.);
#3493=EDGE_CURVE('',#2816,#2817,#1106,.T.);
#3494=EDGE_CURVE('',#2817,#2818,#1461,.T.);
#3495=EDGE_CURVE('',#2818,#2819,#1107,.T.);
#3496=EDGE_CURVE('',#2819,#2820,#1462,.T.);
#3497=EDGE_CURVE('',#2820,#2821,#1108,.T.);
#3498=EDGE_CURVE('',#2821,#2822,#1463,.T.);
#3499=EDGE_CURVE('',#2822,#2823,#1109,.T.);
#3500=EDGE_CURVE('',#2823,#2824,#1464,.T.);
#3501=EDGE_CURVE('',#2824,#2825,#1110,.T.);
#3502=EDGE_CURVE('',#2825,#2826,#1465,.T.);
#3503=EDGE_CURVE('',#2826,#2827,#1111,.T.);
#3504=EDGE_CURVE('',#2827,#2828,#1466,.T.);
#3505=EDGE_CURVE('',#2828,#2829,#1112,.T.);
#3506=EDGE_CURVE('',#2829,#2812,#1467,.T.);
#3507=EDGE_CURVE('',#2830,#2831,#1113,.T.);
#3508=EDGE_CURVE('',#2831,#2832,#1468,.T.);
#3509=EDGE_CURVE('',#2832,#2833,#1469,.T.);
#3510=EDGE_CURVE('',#2833,#2834,#1114,.T.);
#3511=EDGE_CURVE('',#2834,#2835,#1470,.T.);
#3512=EDGE_CURVE('',#2835,#2836,#1115,.T.);
#3513=EDGE_CURVE('',#2836,#2837,#1471,.T.);
#3514=EDGE_CURVE('',#2837,#2838,#1116,.T.);
#3515=EDGE_CURVE('',#2838,#2839,#1472,.T.);
#3516=EDGE_CURVE('',#2839,#2830,#1473,.T.);
#3517=EDGE_CURVE('',#2840,#2824,#1474,.T.);
#3518=EDGE_CURVE('',#2841,#2840,#1117,.T.);
#3519=EDGE_CURVE('',#2842,#2841,#1118,.T.);
#3520=EDGE_CURVE('',#2842,#2825,#1475,.T.);
#3521=EDGE_CURVE('',#2842,#2843,#1476,.T.);
#3522=EDGE_CURVE('',#2843,#2826,#1477,.T.);
#3523=EDGE_CURVE('',#2844,#2843,#1119,.T.);
#3524=EDGE_CURVE('',#2845,#2844,#1120,.T.);
#3525=EDGE_CURVE('',#2845,#2827,#1478,.T.);
#3526=EDGE_CURVE('',#2846,#2845,#1479,.T.);
#3527=EDGE_CURVE('',#2846,#2828,#1480,.T.);
#3528=EDGE_CURVE('',#2847,#2814,#1481,.T.);
#3529=EDGE_CURVE('',#2848,#2847,#1482,.T.);
#3530=EDGE_CURVE('',#2848,#2815,#1483,.T.);
#3531=EDGE_CURVE('',#2841,#2844,#1484,.T.);
#3532=EDGE_CURVE('',#2849,#2806,#1485,.T.);
#3533=EDGE_CURVE('',#2850,#2849,#1486,.T.);
#3534=EDGE_CURVE('',#2850,#2807,#1487,.T.);
#3535=EDGE_CURVE('',#2851,#2811,#1488,.T.);
#3536=EDGE_CURVE('',#2852,#2851,#1489,.T.);
#3537=EDGE_CURVE('',#2852,#2794,#1490,.T.);
#3538=EDGE_CURVE('',#2853,#2852,#1121,.T.);
#3539=EDGE_CURVE('',#2854,#2853,#1122,.T.);
#3540=EDGE_CURVE('',#2854,#2795,#1491,.T.);
#3541=EDGE_CURVE('',#2854,#2855,#1492,.T.);
#3542=EDGE_CURVE('',#2855,#2796,#1493,.T.);
#3543=EDGE_CURVE('',#2856,#2855,#1123,.T.);
#3544=EDGE_CURVE('',#2857,#2856,#1124,.T.);
#3545=EDGE_CURVE('',#2857,#2797,#1494,.T.);
#3546=EDGE_CURVE('',#2853,#2856,#1495,.T.);
#3547=EDGE_CURVE('',#2858,#2834,#1496,.T.);
#3548=EDGE_CURVE('',#2859,#2858,#1497,.T.);
#3549=EDGE_CURVE('',#2859,#2835,#1498,.T.);
#3550=EDGE_CURVE('',#2860,#2836,#1499,.T.);
#3551=EDGE_CURVE('',#2861,#2860,#1500,.T.);
#3552=EDGE_CURVE('',#2861,#2837,#1501,.T.);
#3553=EDGE_CURVE('',#2862,#2839,#1502,.T.);
#3554=EDGE_CURVE('',#2863,#2862,#1503,.T.);
#3555=EDGE_CURVE('',#2863,#2830,#1504,.T.);
#3556=EDGE_CURVE('',#2864,#2863,#1125,.T.);
#3557=EDGE_CURVE('',#2864,#2831,#1505,.T.);
#3558=EDGE_CURVE('',#2865,#2864,#1506,.T.);
#3559=EDGE_CURVE('',#2865,#2832,#1507,.T.);
#3560=EDGE_CURVE('',#2856,#2866,#1508,.T.);
#3561=EDGE_CURVE('',#2866,#2867,#1126,.T.);
#3562=EDGE_CURVE('',#2867,#2868,#1127,.T.);
#3563=EDGE_CURVE('',#2868,#2869,#1128,.T.);
#3564=EDGE_CURVE('',#2869,#2857,#1509,.T.);
#3565=EDGE_CURVE('',#2870,#2870,#1129,.T.);
#3566=EDGE_CURVE('',#2851,#2871,#1130,.T.);
#3567=EDGE_CURVE('',#2871,#2872,#1510,.T.);
#3568=EDGE_CURVE('',#2872,#2873,#1131,.T.);
#3569=EDGE_CURVE('',#2873,#2874,#1511,.T.);
#3570=EDGE_CURVE('',#2874,#2875,#1132,.T.);
#3571=EDGE_CURVE('',#2875,#2876,#1512,.T.);
#3572=EDGE_CURVE('',#2876,#2877,#1133,.T.);
#3573=EDGE_CURVE('',#2877,#2878,#1513,.T.);
#3574=EDGE_CURVE('',#2878,#2861,#1134,.T.);
#3575=EDGE_CURVE('',#2879,#2860,#1135,.T.);
#3576=EDGE_CURVE('',#2879,#2880,#1136,.T.);
#3577=EDGE_CURVE('',#2880,#2881,#1137,.T.);
#3578=EDGE_CURVE('',#2881,#2853,#1514,.T.);
#3579=EDGE_CURVE('',#2882,#2882,#1138,.T.);
#3580=EDGE_CURVE('',#2844,#2883,#1515,.T.);
#3581=EDGE_CURVE('',#2883,#2884,#1139,.T.);
#3582=EDGE_CURVE('',#2884,#2885,#1140,.T.);
#3583=EDGE_CURVE('',#2859,#2885,#1141,.T.);
#3584=EDGE_CURVE('',#2858,#2886,#1142,.T.);
#3585=EDGE_CURVE('',#2886,#2887,#1516,.T.);
#3586=EDGE_CURVE('',#2887,#2888,#1143,.T.);
#3587=EDGE_CURVE('',#2888,#2889,#1517,.T.);
#3588=EDGE_CURVE('',#2889,#2890,#1144,.T.);
#3589=EDGE_CURVE('',#2890,#2891,#1518,.T.);
#3590=EDGE_CURVE('',#2891,#2892,#1145,.T.);
#3591=EDGE_CURVE('',#2892,#2893,#1519,.T.);
#3592=EDGE_CURVE('',#2893,#2846,#1146,.T.);
#3593=EDGE_CURVE('',#2894,#2894,#1147,.T.);
#3594=EDGE_CURVE('',#2840,#2895,#1520,.T.);
#3595=EDGE_CURVE('',#2895,#2896,#1148,.T.);
#3596=EDGE_CURVE('',#2896,#2897,#1149,.T.);
#3597=EDGE_CURVE('',#2897,#2898,#1150,.T.);
#3598=EDGE_CURVE('',#2898,#2841,#1521,.T.);
#3599=EDGE_CURVE('',#2899,#2899,#1151,.T.);
#3600=EDGE_CURVE('',#2847,#2900,#1522,.T.);
#3601=EDGE_CURVE('',#2900,#2901,#1152,.T.);
#3602=EDGE_CURVE('',#2901,#2902,#1523,.T.);
#3603=EDGE_CURVE('',#2902,#2903,#1153,.T.);
#3604=EDGE_CURVE('',#2903,#2865,#1524,.T.);
#3605=EDGE_CURVE('',#2862,#2904,#1525,.T.);
#3606=EDGE_CURVE('',#2904,#2905,#1154,.T.);
#3607=EDGE_CURVE('',#2905,#2906,#1526,.T.);
#3608=EDGE_CURVE('',#2906,#2907,#1155,.T.);
#3609=EDGE_CURVE('',#2907,#2850,#1527,.T.);
#3610=EDGE_CURVE('',#2849,#2908,#1528,.T.);
#3611=EDGE_CURVE('',#2908,#2909,#1156,.T.);
#3612=EDGE_CURVE('',#2909,#2910,#1529,.T.);
#3613=EDGE_CURVE('',#2910,#2911,#1157,.T.);
#3614=EDGE_CURVE('',#2911,#2912,#1530,.T.);
#3615=EDGE_CURVE('',#2912,#2913,#1158,.T.);
#3616=EDGE_CURVE('',#2913,#2914,#1531,.T.);
#3617=EDGE_CURVE('',#2914,#2915,#1159,.T.);
#3618=EDGE_CURVE('',#2915,#2916,#1532,.T.);
#3619=EDGE_CURVE('',#2916,#2917,#1160,.T.);
#3620=EDGE_CURVE('',#2917,#2918,#1533,.T.);
#3621=EDGE_CURVE('',#2918,#2919,#1161,.T.);
#3622=EDGE_CURVE('',#2919,#2920,#1534,.T.);
#3623=EDGE_CURVE('',#2920,#2921,#1162,.T.);
#3624=EDGE_CURVE('',#2921,#2922,#1535,.T.);
#3625=EDGE_CURVE('',#2922,#2923,#1163,.T.);
#3626=EDGE_CURVE('',#2923,#2848,#1536,.T.);
#3627=EDGE_CURVE('',#2675,#2924,#1315,.T.);
#3628=EDGE_CURVE('',#2924,#2925,#1164,.T.);
#3629=EDGE_CURVE('',#2925,#2676,#1316,.T.);
#3630=EDGE_CURVE('',#2926,#2927,#1537,.T.);
#3631=EDGE_CURVE('',#2927,#2928,#1538,.T.);
#3632=EDGE_CURVE('',#2928,#2929,#1539,.F.);
#3633=EDGE_CURVE('',#2929,#2926,#1540,.T.);
#3634=EDGE_CURVE('',#2926,#2930,#1541,.T.);
#3635=EDGE_CURVE('',#2931,#2930,#1542,.T.);
#3636=EDGE_CURVE('',#2932,#2931,#1543,.T.);
#3637=EDGE_CURVE('',#2932,#2927,#1544,.T.);
#3638=EDGE_CURVE('',#2929,#2933,#1545,.T.);
#3639=EDGE_CURVE('',#2930,#2933,#1546,.T.);
#3640=EDGE_CURVE('',#2934,#2935,#1547,.T.);
#3641=EDGE_CURVE('',#2935,#2936,#1548,.T.);
#3642=EDGE_CURVE('',#2936,#2937,#1549,.F.);
#3643=EDGE_CURVE('',#2937,#2934,#1550,.T.);
#3644=EDGE_CURVE('',#2938,#2937,#1551,.T.);
#3645=EDGE_CURVE('',#2938,#2939,#19,.T.);
#3646=EDGE_CURVE('',#2939,#2940,#1552,.T.);
#3647=EDGE_CURVE('',#2940,#2941,#20,.T.);
#3648=EDGE_CURVE('',#2942,#2941,#1553,.T.);
#3649=EDGE_CURVE('',#2942,#2943,#1554,.T.);
#3650=EDGE_CURVE('',#2943,#2934,#1555,.T.);
#3651=EDGE_CURVE('',#2944,#2945,#1556,.T.);
#3652=EDGE_CURVE('',#2944,#2946,#1557,.T.);
#3653=EDGE_CURVE('',#2947,#2946,#1558,.T.);
#3654=EDGE_CURVE('',#2945,#2947,#1559,.T.);
#3655=EDGE_CURVE('',#2948,#2935,#1560,.T.);
#3656=EDGE_CURVE('',#2949,#2948,#1561,.T.);
#3657=EDGE_CURVE('',#2949,#2936,#1562,.T.);
#3658=EDGE_CURVE('',#2945,#2950,#1563,.T.);
#3659=EDGE_CURVE('',#2951,#2950,#1317,.T.);
#3660=EDGE_CURVE('',#2952,#2951,#1564,.T.);
#3661=EDGE_CURVE('',#2952,#2953,#21,.T.);
#3662=EDGE_CURVE('',#2953,#2954,#1565,.T.);
#3663=EDGE_CURVE('',#2954,#2955,#22,.T.);
#3664=EDGE_CURVE('',#2944,#2955,#1566,.T.);
#3665=EDGE_CURVE('',#2943,#2956,#1567,.T.);
#3666=EDGE_CURVE('',#2948,#2956,#1568,.T.);
#3667=EDGE_CURVE('',#2741,#2947,#1569,.T.);
#3668=EDGE_CURVE('',#2950,#2740,#1318,.T.);
#3669=EDGE_CURVE('',#2946,#2949,#1570,.T.);
#3670=EDGE_CURVE('',#2956,#2748,#1571,.T.);
#3671=EDGE_CURVE('',#2747,#2957,#1165,.T.);
#3672=EDGE_CURVE('',#2957,#2958,#1572,.T.);
#3673=EDGE_CURVE('',#2958,#2959,#1166,.T.);
#3674=EDGE_CURVE('',#2959,#2960,#1573,.T.);
#3675=EDGE_CURVE('',#2960,#2931,#1574,.T.);
#3676=EDGE_CURVE('',#2933,#2961,#1575,.T.);
#3677=EDGE_CURVE('',#2961,#2962,#1576,.T.);
#3678=EDGE_CURVE('',#2962,#2742,#1577,.T.);
#3679=EDGE_CURVE('',#2963,#2964,#1167,.T.);
#3680=EDGE_CURVE('',#2965,#2964,#1168,.T.);
#3681=EDGE_CURVE('',#2965,#2966,#1578,.F.);
#3682=EDGE_CURVE('',#2967,#2966,#1169,.T.);
#3683=EDGE_CURVE('',#2967,#2968,#1170,.T.);
#3684=EDGE_CURVE('',#2968,#2969,#1171,.T.);
#3685=EDGE_CURVE('',#2969,#2970,#1172,.T.);
#3686=EDGE_CURVE('',#2971,#2970,#1173,.T.);
#3687=EDGE_CURVE('',#2971,#2972,#1579,.F.);
#3688=EDGE_CURVE('',#2973,#2972,#1174,.T.);
#3689=EDGE_CURVE('',#2973,#2974,#1175,.T.);
#3690=EDGE_CURVE('',#2975,#2974,#1176,.T.);
#3691=EDGE_CURVE('',#2975,#2976,#1580,.T.);
#3692=EDGE_CURVE('',#2963,#2976,#1177,.T.);
#3693=EDGE_CURVE('',#2977,#2978,#1581,.T.);
#3694=EDGE_CURVE('',#2962,#2977,#1582,.T.);
#3695=EDGE_CURVE('',#2961,#2978,#1583,.T.);
#3696=EDGE_CURVE('',#2977,#2979,#1584,.T.);
#3697=EDGE_CURVE('',#2743,#2979,#1319,.T.);
#3698=EDGE_CURVE('',#2978,#2980,#1585,.T.);
#3699=EDGE_CURVE('',#2980,#2981,#23,.T.);
#3700=EDGE_CURVE('',#2981,#2982,#1586,.T.);
#3701=EDGE_CURVE('',#2982,#2983,#24,.T.);
#3702=EDGE_CURVE('',#2983,#2984,#1587,.T.);
#3703=EDGE_CURVE('',#2979,#2984,#1320,.T.);
#3704=EDGE_CURVE('',#2739,#2951,#1321,.F.);
#3705=EDGE_CURVE('',#2985,#2954,#1588,.T.);
#3706=EDGE_CURVE('',#2986,#2985,#1178,.T.);
#3707=EDGE_CURVE('',#2955,#2986,#1589,.T.);
#3708=EDGE_CURVE('',#2987,#2952,#1590,.T.);
#3709=EDGE_CURVE('',#2988,#2987,#1179,.T.);
#3710=EDGE_CURVE('',#2988,#2953,#1591,.T.);
#3711=EDGE_CURVE('',#2985,#2988,#1592,.T.);
#3712=EDGE_CURVE('',#2989,#2939,#1593,.T.);
#3713=EDGE_CURVE('',#2990,#2989,#1594,.T.);
#3714=EDGE_CURVE('',#2990,#2940,#1595,.T.);
#3715=EDGE_CURVE('',#2991,#2990,#1180,.T.);
#3716=EDGE_CURVE('',#2941,#2991,#1596,.T.);
#3717=EDGE_CURVE('',#2992,#2938,#1597,.T.);
#3718=EDGE_CURVE('',#2989,#2992,#1181,.T.);
#3719=EDGE_CURVE('',#2993,#2991,#1598,.T.);
#3720=EDGE_CURVE('',#2942,#2993,#1599,.T.);
#3721=EDGE_CURVE('',#2992,#2986,#1600,.T.);
#3722=EDGE_CURVE('',#2987,#2738,#1601,.T.);
#3723=EDGE_CURVE('',#2993,#2749,#1602,.T.);
#3724=EDGE_CURVE('',#2984,#2744,#1322,.F.);
#3725=EDGE_CURVE('',#2994,#2932,#1603,.T.);
#3726=EDGE_CURVE('',#2994,#2995,#1604,.T.);
#3727=EDGE_CURVE('',#2995,#2996,#25,.T.);
#3728=EDGE_CURVE('',#2996,#2997,#1605,.T.);
#3729=EDGE_CURVE('',#2997,#2998,#26,.T.);
#3730=EDGE_CURVE('',#2998,#2928,#1606,.T.);
#3731=EDGE_CURVE('',#2999,#2980,#1607,.T.);
#3732=EDGE_CURVE('',#3000,#2999,#1182,.T.);
#3733=EDGE_CURVE('',#3000,#2981,#1608,.T.);
#3734=EDGE_CURVE('',#3001,#2982,#1609,.T.);
#3735=EDGE_CURVE('',#3002,#3001,#1183,.T.);
#3736=EDGE_CURVE('',#2983,#3002,#1610,.T.);
#3737=EDGE_CURVE('',#3001,#3000,#1611,.T.);
#3738=EDGE_CURVE('',#3003,#2999,#1612,.T.);
#3739=EDGE_CURVE('',#3003,#3004,#1184,.T.);
#3740=EDGE_CURVE('',#3004,#3005,#1613,.T.);
#3741=EDGE_CURVE('',#3005,#3006,#1185,.T.);
#3742=EDGE_CURVE('',#3007,#3006,#1614,.T.);
#3743=EDGE_CURVE('',#3007,#3008,#1615,.T.);
#3744=EDGE_CURVE('',#2736,#3008,#1616,.T.);
#3745=EDGE_CURVE('',#3002,#2745,#1617,.T.);
#3746=EDGE_CURVE('',#2998,#3003,#1618,.T.);
#3747=EDGE_CURVE('',#3005,#2996,#1619,.T.);
#3748=EDGE_CURVE('',#3004,#2997,#1620,.T.);
#3749=EDGE_CURVE('',#3006,#2995,#1621,.T.);
#3750=EDGE_CURVE('',#2994,#3007,#1622,.T.);
#3751=EDGE_CURVE('',#3009,#3010,#1186,.T.);
#3752=EDGE_CURVE('',#3010,#3011,#1623,.T.);
#3753=EDGE_CURVE('',#3011,#3012,#1187,.T.);
#3754=EDGE_CURVE('',#3012,#3013,#1624,.T.);
#3755=EDGE_CURVE('',#3013,#3014,#1188,.T.);
#3756=EDGE_CURVE('',#3015,#3014,#1625,.T.);
#3757=EDGE_CURVE('',#3015,#3016,#1189,.T.);
#3758=EDGE_CURVE('',#3016,#3017,#1626,.T.);
#3759=EDGE_CURVE('',#3017,#3018,#1190,.T.);
#3760=EDGE_CURVE('',#3018,#3019,#1627,.T.);
#3761=EDGE_CURVE('',#3019,#3020,#1191,.T.);
#3762=EDGE_CURVE('',#3020,#3021,#1628,.T.);
#3763=EDGE_CURVE('',#3021,#3022,#1192,.T.);
#3764=EDGE_CURVE('',#3022,#3023,#1629,.T.);
#3765=EDGE_CURVE('',#3023,#3024,#1193,.T.);
#3766=EDGE_CURVE('',#3024,#3009,#1630,.T.);
#3767=EDGE_CURVE('',#3025,#3026,#1194,.T.);
#3768=EDGE_CURVE('',#3026,#3027,#1631,.T.);
#3769=EDGE_CURVE('',#3027,#3028,#1632,.T.);
#3770=EDGE_CURVE('',#3028,#3029,#1633,.T.);
#3771=EDGE_CURVE('',#3029,#3030,#1195,.T.);
#3772=EDGE_CURVE('',#3030,#3031,#1634,.T.);
#3773=EDGE_CURVE('',#3031,#3032,#1196,.T.);
#3774=EDGE_CURVE('',#3032,#3033,#1635,.T.);
#3775=EDGE_CURVE('',#3033,#3034,#1636,.T.);
#3776=EDGE_CURVE('',#3034,#3035,#1637,.T.);
#3777=EDGE_CURVE('',#3035,#3036,#1197,.T.);
#3778=EDGE_CURVE('',#3036,#3025,#1638,.T.);
#3779=EDGE_CURVE('',#3037,#3038,#1198,.T.);
#3780=EDGE_CURVE('',#3038,#3039,#1639,.T.);
#3781=EDGE_CURVE('',#3039,#3040,#1199,.T.);
#3782=EDGE_CURVE('',#3040,#3041,#1640,.T.);
#3783=EDGE_CURVE('',#3041,#3042,#1200,.T.);
#3784=EDGE_CURVE('',#3042,#3043,#1641,.T.);
#3785=EDGE_CURVE('',#3043,#3044,#1201,.T.);
#3786=EDGE_CURVE('',#3044,#3045,#1642,.T.);
#3787=EDGE_CURVE('',#3045,#3046,#1202,.T.);
#3788=EDGE_CURVE('',#3046,#3047,#1643,.T.);
#3789=EDGE_CURVE('',#3047,#3048,#1203,.T.);
#3790=EDGE_CURVE('',#3048,#3049,#1644,.T.);
#3791=EDGE_CURVE('',#3049,#3050,#1204,.T.);
#3792=EDGE_CURVE('',#3050,#3051,#1645,.T.);
#3793=EDGE_CURVE('',#3051,#3052,#1205,.T.);
#3794=EDGE_CURVE('',#3052,#3037,#1646,.T.);
#3795=EDGE_CURVE('',#3053,#3054,#1647,.T.);
#3796=EDGE_CURVE('',#3054,#3055,#1648,.T.);
#3797=EDGE_CURVE('',#3055,#3056,#1649,.T.);
#3798=EDGE_CURVE('',#3056,#3057,#1206,.T.);
#3799=EDGE_CURVE('',#3057,#3058,#1650,.T.);
#3800=EDGE_CURVE('',#3058,#3059,#1207,.T.);
#3801=EDGE_CURVE('',#3059,#3060,#1651,.T.);
#3802=EDGE_CURVE('',#3060,#3061,#1652,.T.);
#3803=EDGE_CURVE('',#3061,#3062,#1653,.T.);
#3804=EDGE_CURVE('',#3062,#3063,#1208,.T.);
#3805=EDGE_CURVE('',#3063,#3064,#1654,.T.);
#3806=EDGE_CURVE('',#3064,#3053,#1209,.T.);
#3807=EDGE_CURVE('',#3065,#3066,#1210,.T.);
#3808=EDGE_CURVE('',#3066,#3067,#1655,.T.);
#3809=EDGE_CURVE('',#3067,#3068,#1211,.T.);
#3810=EDGE_CURVE('',#3068,#3069,#1656,.T.);
#3811=EDGE_CURVE('',#3069,#3070,#1212,.T.);
#3812=EDGE_CURVE('',#3070,#3071,#1657,.T.);
#3813=EDGE_CURVE('',#3071,#3072,#1213,.T.);
#3814=EDGE_CURVE('',#3072,#3073,#1658,.T.);
#3815=EDGE_CURVE('',#3073,#3074,#1214,.T.);
#3816=EDGE_CURVE('',#3074,#3075,#1659,.T.);
#3817=EDGE_CURVE('',#3075,#3076,#1215,.T.);
#3818=EDGE_CURVE('',#3076,#3077,#1660,.T.);
#3819=EDGE_CURVE('',#3077,#3078,#1216,.T.);
#3820=EDGE_CURVE('',#3078,#3079,#1661,.T.);
#3821=EDGE_CURVE('',#3079,#3080,#1217,.T.);
#3822=EDGE_CURVE('',#3080,#3065,#1662,.T.);
#3823=EDGE_CURVE('',#3081,#3082,#1218,.T.);
#3824=EDGE_CURVE('',#3082,#3083,#1663,.T.);
#3825=EDGE_CURVE('',#3083,#3084,#1664,.T.);
#3826=EDGE_CURVE('',#3084,#3085,#1665,.T.);
#3827=EDGE_CURVE('',#3085,#3086,#1219,.T.);
#3828=EDGE_CURVE('',#3086,#3087,#1666,.T.);
#3829=EDGE_CURVE('',#3087,#3088,#1220,.T.);
#3830=EDGE_CURVE('',#3088,#3089,#1667,.T.);
#3831=EDGE_CURVE('',#3089,#3090,#1668,.T.);
#3832=EDGE_CURVE('',#3090,#3091,#1669,.T.);
#3833=EDGE_CURVE('',#3091,#3092,#1221,.T.);
#3834=EDGE_CURVE('',#3092,#3081,#1670,.T.);
#3835=EDGE_CURVE('',#3093,#3094,#1222,.T.);
#3836=EDGE_CURVE('',#3094,#3095,#1671,.T.);
#3837=EDGE_CURVE('',#3095,#3096,#1223,.T.);
#3838=EDGE_CURVE('',#3096,#3097,#1672,.T.);
#3839=EDGE_CURVE('',#3097,#3098,#1224,.T.);
#3840=EDGE_CURVE('',#3099,#3098,#1673,.T.);
#3841=EDGE_CURVE('',#3099,#3100,#1225,.T.);
#3842=EDGE_CURVE('',#3100,#3101,#1674,.T.);
#3843=EDGE_CURVE('',#3101,#3102,#1226,.T.);
#3844=EDGE_CURVE('',#3102,#3103,#1675,.T.);
#3845=EDGE_CURVE('',#3103,#3104,#1227,.T.);
#3846=EDGE_CURVE('',#3104,#3105,#1676,.T.);
#3847=EDGE_CURVE('',#3105,#3106,#1228,.T.);
#3848=EDGE_CURVE('',#3106,#3107,#1677,.T.);
#3849=EDGE_CURVE('',#3107,#3108,#1229,.T.);
#3850=EDGE_CURVE('',#3108,#3093,#1678,.T.);
#3851=EDGE_CURVE('',#3109,#3110,#1230,.T.);
#3852=EDGE_CURVE('',#3110,#3111,#1679,.T.);
#3853=EDGE_CURVE('',#3111,#3112,#1680,.T.);
#3854=EDGE_CURVE('',#3112,#3113,#1681,.T.);
#3855=EDGE_CURVE('',#3113,#3114,#1231,.T.);
#3856=EDGE_CURVE('',#3114,#3115,#1682,.T.);
#3857=EDGE_CURVE('',#3115,#3116,#1232,.T.);
#3858=EDGE_CURVE('',#3116,#3117,#1683,.T.);
#3859=EDGE_CURVE('',#3117,#3118,#1684,.T.);
#3860=EDGE_CURVE('',#3118,#3119,#1685,.T.);
#3861=EDGE_CURVE('',#3119,#3120,#1233,.T.);
#3862=EDGE_CURVE('',#3120,#3109,#1686,.T.);
#3863=EDGE_CURVE('',#2964,#2867,#1687,.T.);
#3864=EDGE_CURVE('',#2868,#2963,#1688,.T.);
#3865=EDGE_CURVE('',#2974,#2896,#1689,.T.);
#3866=EDGE_CURVE('',#2897,#2973,#1690,.T.);
#3867=EDGE_CURVE('',#2976,#2869,#1691,.T.);
#3868=EDGE_CURVE('',#2972,#2898,#1692,.T.);
#3869=EDGE_CURVE('',#3008,#2960,#1693,.T.);
#3870=EDGE_CURVE('',#2728,#2959,#1694,.T.);
#3871=EDGE_CURVE('',#2895,#2975,#1695,.T.);
#3872=EDGE_CURVE('',#2823,#3121,#1696,.T.);
#3873=EDGE_CURVE('',#3121,#3122,#1697,.T.);
#3874=EDGE_CURVE('',#2916,#3122,#1698,.T.);
#3875=EDGE_CURVE('',#2915,#3123,#1699,.T.);
#3876=EDGE_CURVE('',#3123,#3124,#1700,.T.);
#3877=EDGE_CURVE('',#3124,#2798,#1701,.T.);
#3878=EDGE_CURVE('',#3125,#3014,#1702,.T.);
#3879=EDGE_CURVE('',#3125,#3126,#1703,.T.);
#3880=EDGE_CURVE('',#3126,#3015,#1704,.T.);
#3881=EDGE_CURVE('',#3127,#3098,#1705,.T.);
#3882=EDGE_CURVE('',#3127,#3128,#1706,.T.);
#3883=EDGE_CURVE('',#3128,#3099,#1707,.T.);
#3884=EDGE_CURVE('',#2866,#2965,#1708,.T.);
#3885=EDGE_CURVE('',#2966,#2881,#1709,.T.);
#3886=EDGE_CURVE('',#2880,#2967,#1710,.T.);
#3887=EDGE_CURVE('',#2883,#2971,#1711,.T.);
#3888=EDGE_CURVE('',#2884,#2970,#1712,.T.);
#3889=EDGE_CURVE('',#3129,#3130,#1234,.T.);
#3890=EDGE_CURVE('',#3131,#3129,#1235,.F.);
#3891=EDGE_CURVE('',#3132,#3131,#1236,.T.);
#3892=EDGE_CURVE('',#3133,#3132,#1237,.T.);
#3893=EDGE_CURVE('',#3134,#3133,#1238,.F.);
#3894=EDGE_CURVE('',#3130,#3134,#1239,.T.);
#3895=EDGE_CURVE('',#3135,#3135,#1240,.T.);
#3896=EDGE_CURVE('',#3135,#3132,#1713,.T.);
#3897=EDGE_CURVE('',#2751,#3131,#1714,.T.);
#3898=EDGE_CURVE('',#2750,#3136,#1715,.T.);
#3899=EDGE_CURVE('',#3136,#3137,#1241,.T.);
#3900=EDGE_CURVE('',#2787,#3137,#1716,.T.);
#3901=EDGE_CURVE('',#2786,#3133,#1717,.T.);
#3902=EDGE_CURVE('',#3138,#3136,#1242,.F.);
#3903=EDGE_CURVE('',#3139,#3138,#1243,.T.);
#3904=EDGE_CURVE('',#3137,#3139,#1244,.F.);
#3905=EDGE_CURVE('',#3140,#3140,#1245,.T.);
#3906=EDGE_CURVE('',#3140,#3130,#1718,.T.);
#3907=EDGE_CURVE('',#2789,#3134,#1719,.T.);
#3908=EDGE_CURVE('',#2788,#3139,#1720,.T.);
#3909=EDGE_CURVE('',#2753,#3138,#1721,.T.);
#3910=EDGE_CURVE('',#2752,#3129,#1722,.T.);
#3911=EDGE_CURVE('',#3141,#2692,#1323,.T.);
#3912=EDGE_CURVE('',#2688,#3141,#1324,.F.);
#3913=EDGE_CURVE('',#2925,#2702,#1325,.T.);
#3914=EDGE_CURVE('',#2924,#2701,#1326,.T.);
#3915=EDGE_CURVE('',#2691,#3142,#1327,.T.);
#3916=EDGE_CURVE('',#3142,#2687,#1328,.F.);
#3917=EDGE_CURVE('',#3141,#3142,#1246,.T.);
#3918=EDGE_CURVE('',#3143,#3144,#27,.T.);
#3919=EDGE_CURVE('',#3144,#3145,#1723,.T.);
#3920=EDGE_CURVE('',#3145,#3146,#28,.T.);
#3921=EDGE_CURVE('',#3146,#3147,#1724,.T.);
#3922=EDGE_CURVE('',#3147,#3148,#29,.T.);
#3923=EDGE_CURVE('',#3148,#3149,#1725,.T.);
#3924=EDGE_CURVE('',#3149,#3150,#30,.T.);
#3925=EDGE_CURVE('',#3150,#3143,#1726,.T.);
#3926=EDGE_CURVE('',#3147,#3080,#1727,.T.);
#3927=EDGE_CURVE('',#3151,#3079,#1728,.T.);
#3928=EDGE_CURVE('',#3151,#3148,#1329,.T.);
#3929=EDGE_CURVE('',#3146,#3065,#1729,.T.);
#3930=EDGE_CURVE('',#3145,#3152,#1330,.T.);
#3931=EDGE_CURVE('',#3152,#3066,#1730,.T.);
#3932=EDGE_CURVE('',#3153,#3144,#1331,.T.);
#3933=EDGE_CURVE('',#3152,#3153,#1731,.T.);
#3934=EDGE_CURVE('',#3154,#3155,#31,.T.);
#3935=EDGE_CURVE('',#3155,#3156,#1732,.T.);
#3936=EDGE_CURVE('',#3156,#3157,#32,.T.);
#3937=EDGE_CURVE('',#3157,#3158,#1733,.T.);
#3938=EDGE_CURVE('',#3158,#3159,#33,.T.);
#3939=EDGE_CURVE('',#3159,#3160,#1734,.T.);
#3940=EDGE_CURVE('',#3160,#3161,#34,.T.);
#3941=EDGE_CURVE('',#3161,#3154,#1735,.T.);
#3942=EDGE_CURVE('',#3158,#3044,#1736,.T.);
#3943=EDGE_CURVE('',#3162,#3043,#1737,.T.);
#3944=EDGE_CURVE('',#3162,#3159,#1332,.T.);
#3945=EDGE_CURVE('',#3157,#3045,#1738,.T.);
#3946=EDGE_CURVE('',#3156,#3163,#1333,.T.);
#3947=EDGE_CURVE('',#3163,#3046,#1739,.T.);
#3948=EDGE_CURVE('',#3164,#3155,#1334,.T.);
#3949=EDGE_CURVE('',#3163,#3164,#1740,.T.);
#3950=EDGE_CURVE('',#2879,#2968,#1741,.T.);
#3951=EDGE_CURVE('',#2885,#2969,#1742,.T.);
#3952=EDGE_CURVE('',#2724,#2957,#1743,.T.);
#3953=EDGE_CURVE('',#2726,#2958,#1744,.T.);
#3954=EDGE_CURVE('',#3165,#3166,#1335,.T.);
#3955=EDGE_CURVE('',#3165,#3167,#1745,.T.);
#3956=EDGE_CURVE('',#3168,#3167,#1336,.T.);
#3957=EDGE_CURVE('',#3169,#3168,#1746,.T.);
#3958=EDGE_CURVE('',#3170,#3169,#1337,.T.);
#3959=EDGE_CURVE('',#3170,#3171,#1747,.T.);
#3960=EDGE_CURVE('',#3172,#3171,#1338,.T.);
#3961=EDGE_CURVE('',#3166,#3172,#1748,.T.);
#3962=EDGE_CURVE('',#3173,#3151,#1749,.T.);
#3963=EDGE_CURVE('',#3149,#3173,#1339,.T.);
#3964=EDGE_CURVE('',#3174,#3162,#1750,.T.);
#3965=EDGE_CURVE('',#3160,#3174,#1340,.T.);
#3966=EDGE_CURVE('',#3175,#3176,#1341,.T.);
#3967=EDGE_CURVE('',#3177,#3175,#1751,.T.);
#3968=EDGE_CURVE('',#3178,#3177,#1342,.T.);
#3969=EDGE_CURVE('',#3178,#3179,#1752,.T.);
#3970=EDGE_CURVE('',#3180,#3179,#1343,.T.);
#3971=EDGE_CURVE('',#3181,#3180,#1753,.T.);
#3972=EDGE_CURVE('',#3182,#3181,#1344,.T.);
#3973=EDGE_CURVE('',#3182,#3176,#1754,.T.);
#3974=EDGE_CURVE('',#2875,#3177,#1755,.T.);
#3975=EDGE_CURVE('',#2874,#3178,#1756,.T.);
#3976=EDGE_CURVE('',#2876,#3175,#1757,.T.);
#3977=EDGE_CURVE('',#2890,#3171,#1758,.T.);
#3978=EDGE_CURVE('',#2889,#3172,#1759,.T.);
#3979=EDGE_CURVE('',#2888,#3166,#1760,.T.);
#3980=EDGE_CURVE('',#2887,#3165,#1761,.T.);
#3981=EDGE_CURVE('',#2886,#3067,#1762,.T.);
#3982=EDGE_CURVE('',#3167,#3153,#1763,.T.);
#3983=EDGE_CURVE('',#3174,#3182,#1764,.T.);
#3984=EDGE_CURVE('',#3181,#2757,#1765,.T.);
#3985=EDGE_CURVE('',#3183,#2756,#1766,.T.);
#3986=EDGE_CURVE('',#3183,#3059,#1767,.T.);
#3987=EDGE_CURVE('',#3161,#3058,#1768,.T.);
#3988=EDGE_CURVE('',#3180,#2754,#1769,.T.);
#3989=EDGE_CURVE('',#3154,#3057,#1770,.T.);
#3990=EDGE_CURVE('',#3143,#3092,#1771,.T.);
#3991=EDGE_CURVE('',#3184,#3091,#1772,.T.);
#3992=EDGE_CURVE('',#3184,#2783,#1773,.T.);
#3993=EDGE_CURVE('',#3168,#2782,#1774,.T.);
#3994=EDGE_CURVE('',#3150,#3081,#1775,.T.);
#3995=EDGE_CURVE('',#2785,#3169,#1776,.T.);
#3996=EDGE_CURVE('',#3185,#3186,#1777,.T.);
#3997=EDGE_CURVE('',#3187,#3185,#1778,.T.);
#3998=EDGE_CURVE('',#3188,#3187,#1779,.T.);
#3999=EDGE_CURVE('',#3188,#3186,#1780,.T.);
#4000=EDGE_CURVE('',#3189,#3190,#1781,.T.);
#4001=EDGE_CURVE('',#3190,#3189,#1247,.T.);
#4002=EDGE_CURVE('',#3191,#3188,#1345,.T.);
#4003=EDGE_CURVE('',#3191,#3192,#1782,.T.);
#4004=EDGE_CURVE('',#3190,#3192,#35,.T.);
#4005=EDGE_CURVE('',#3186,#3189,#36,.T.);
#4006=EDGE_CURVE('',#3192,#3193,#1783,.T.);
#4007=EDGE_CURVE('',#3194,#3191,#1784,.T.);
#4008=EDGE_CURVE('',#3194,#3193,#1785,.T.);
#4009=EDGE_CURVE('',#3187,#3194,#1346,.T.);
#4010=EDGE_CURVE('',#3195,#3185,#37,.T.);
#4011=EDGE_CURVE('',#3195,#3196,#1248,.T.);
#4012=EDGE_CURVE('',#3193,#3196,#38,.T.);
#4013=EDGE_CURVE('',#3196,#3195,#1786,.T.);
#4014=EDGE_CURVE('',#2907,#3188,#1787,.T.);
#4015=EDGE_CURVE('',#2906,#3038,#1788,.T.);
#4016=EDGE_CURVE('',#3191,#3037,#1789,.T.);
#4017=EDGE_CURVE('',#3187,#2808,#1790,.T.);
#4018=EDGE_CURVE('',#3194,#3052,#1791,.T.);
#4019=EDGE_CURVE('',#3192,#3063,#1792,.T.);
#4020=EDGE_CURVE('',#3197,#3062,#1793,.T.);
#4021=EDGE_CURVE('',#3197,#2779,#1794,.T.);
#4022=EDGE_CURVE('',#3186,#2778,#1795,.T.);
#4023=EDGE_CURVE('',#3193,#3064,#1796,.T.);
#4024=EDGE_CURVE('',#3185,#2781,#1797,.T.);
#4025=EDGE_CURVE('',#3198,#3199,#1347,.T.);
#4026=EDGE_CURVE('',#3198,#3200,#1798,.T.);
#4027=EDGE_CURVE('',#3201,#3200,#39,.T.);
#4028=EDGE_CURVE('',#3202,#3201,#1249,.T.);
#4029=EDGE_CURVE('',#3203,#3202,#40,.T.);
#4030=EDGE_CURVE('',#3199,#3203,#1799,.T.);
#4031=EDGE_CURVE('',#3204,#3205,#1800,.T.);
#4032=EDGE_CURVE('',#3204,#3205,#1250,.T.);
#4033=EDGE_CURVE('',#3202,#3201,#1801,.T.);
#4034=EDGE_CURVE('',#3200,#3206,#1802,.T.);
#4035=EDGE_CURVE('',#3207,#3198,#1803,.T.);
#4036=EDGE_CURVE('',#3207,#3206,#1804,.T.);
#4037=EDGE_CURVE('',#3208,#3203,#1805,.T.);
#4038=EDGE_CURVE('',#3209,#3208,#1806,.T.);
#4039=EDGE_CURVE('',#3199,#3209,#1807,.T.);
#4040=EDGE_CURVE('',#3209,#3207,#1348,.T.);
#4041=EDGE_CURVE('',#3205,#3208,#41,.T.);
#4042=EDGE_CURVE('',#3206,#3204,#42,.T.);
#4043=EDGE_CURVE('',#3199,#2805,#1808,.T.);
#4044=EDGE_CURVE('',#3024,#2804,#1809,.T.);
#4045=EDGE_CURVE('',#3198,#3023,#1810,.T.);
#4046=EDGE_CURVE('',#2908,#3209,#1811,.T.);
#4047=EDGE_CURVE('',#3207,#3022,#1812,.T.);
#4048=EDGE_CURVE('',#3200,#3030,#1813,.T.);
#4049=EDGE_CURVE('',#3210,#3029,#1814,.T.);
#4050=EDGE_CURVE('',#3210,#2759,#1815,.T.);
#4051=EDGE_CURVE('',#3203,#2758,#1816,.T.);
#4052=EDGE_CURVE('',#3206,#3031,#1817,.T.);
#4053=EDGE_CURVE('',#3211,#3212,#1349,.T.);
#4054=EDGE_CURVE('',#3211,#3213,#1818,.T.);
#4055=EDGE_CURVE('',#3214,#3213,#43,.T.);
#4056=EDGE_CURVE('',#3215,#3214,#1251,.T.);
#4057=EDGE_CURVE('',#3216,#3215,#44,.T.);
#4058=EDGE_CURVE('',#3212,#3216,#1819,.T.);
#4059=EDGE_CURVE('',#3217,#3218,#1820,.T.);
#4060=EDGE_CURVE('',#3217,#3218,#1252,.T.);
#4061=EDGE_CURVE('',#3215,#3214,#1821,.T.);
#4062=EDGE_CURVE('',#3213,#3219,#1822,.T.);
#4063=EDGE_CURVE('',#3220,#3211,#1823,.T.);
#4064=EDGE_CURVE('',#3220,#3219,#1824,.T.);
#4065=EDGE_CURVE('',#3221,#3216,#1825,.T.);
#4066=EDGE_CURVE('',#3222,#3221,#1826,.T.);
#4067=EDGE_CURVE('',#3212,#3222,#1827,.T.);
#4068=EDGE_CURVE('',#3222,#3220,#1350,.T.);
#4069=EDGE_CURVE('',#3218,#3221,#45,.T.);
#4070=EDGE_CURVE('',#3219,#3217,#46,.T.);
#4071=EDGE_CURVE('',#3212,#2813,#1828,.T.);
#4072=EDGE_CURVE('',#3074,#2812,#1829,.T.);
#4073=EDGE_CURVE('',#3211,#3073,#1830,.T.);
#4074=EDGE_CURVE('',#2900,#3222,#1831,.T.);
#4075=EDGE_CURVE('',#3220,#3072,#1832,.T.);
#4076=EDGE_CURVE('',#3213,#3086,#1833,.T.);
#4077=EDGE_CURVE('',#3223,#3085,#1834,.T.);
#4078=EDGE_CURVE('',#3223,#2767,#1835,.T.);
#4079=EDGE_CURVE('',#3216,#2766,#1836,.T.);
#4080=EDGE_CURVE('',#3219,#3087,#1837,.T.);
#4081=EDGE_CURVE('',#3224,#3225,#1838,.T.);
#4082=EDGE_CURVE('',#3226,#3224,#1839,.T.);
#4083=EDGE_CURVE('',#3227,#3226,#1840,.T.);
#4084=EDGE_CURVE('',#3227,#3225,#1841,.T.);
#4085=EDGE_CURVE('',#3228,#3229,#1842,.T.);
#4086=EDGE_CURVE('',#3229,#3228,#1253,.T.);
#4087=EDGE_CURVE('',#3230,#3227,#1351,.T.);
#4088=EDGE_CURVE('',#3230,#3231,#1843,.T.);
#4089=EDGE_CURVE('',#3229,#3231,#47,.T.);
#4090=EDGE_CURVE('',#3225,#3228,#48,.T.);
#4091=EDGE_CURVE('',#3231,#3232,#1844,.T.);
#4092=EDGE_CURVE('',#3233,#3230,#1845,.T.);
#4093=EDGE_CURVE('',#3233,#3232,#1846,.T.);
#4094=EDGE_CURVE('',#3226,#3233,#1352,.T.);
#4095=EDGE_CURVE('',#3234,#3224,#49,.T.);
#4096=EDGE_CURVE('',#3234,#3235,#1254,.T.);
#4097=EDGE_CURVE('',#3232,#3235,#50,.T.);
#4098=EDGE_CURVE('',#3235,#3234,#1847,.T.);
#4099=EDGE_CURVE('',#2923,#3227,#1848,.T.);
#4100=EDGE_CURVE('',#2922,#3108,#1849,.T.);
#4101=EDGE_CURVE('',#3230,#3107,#1850,.T.);
#4102=EDGE_CURVE('',#3226,#2816,#1851,.T.);
#4103=EDGE_CURVE('',#3233,#3106,#1852,.T.);
#4104=EDGE_CURVE('',#3231,#3120,#1853,.T.);
#4105=EDGE_CURVE('',#3236,#3119,#1854,.T.);
#4106=EDGE_CURVE('',#3236,#2771,#1855,.T.);
#4107=EDGE_CURVE('',#3225,#2770,#1856,.T.);
#4108=EDGE_CURVE('',#3232,#3109,#1857,.T.);
#4109=EDGE_CURVE('',#2773,#3224,#1858,.T.);
#4110=EDGE_CURVE('',#3237,#3238,#1353,.T.);
#4111=EDGE_CURVE('',#3239,#3237,#1859,.T.);
#4112=EDGE_CURVE('',#3128,#3239,#1354,.T.);
#4113=EDGE_CURVE('',#3240,#3127,#1355,.T.);
#4114=EDGE_CURVE('',#3241,#3240,#1860,.T.);
#4115=EDGE_CURVE('',#3242,#3241,#1356,.T.);
#4116=EDGE_CURVE('',#3238,#3242,#1861,.T.);
#4117=EDGE_CURVE('',#3243,#3244,#1862,.T.);
#4118=EDGE_CURVE('',#3245,#3243,#1863,.T.);
#4119=EDGE_CURVE('',#3246,#3245,#1864,.T.);
#4120=EDGE_CURVE('',#3246,#3244,#1865,.T.);
#4121=EDGE_CURVE('',#3247,#3237,#1866,.T.);
#4122=EDGE_CURVE('',#3248,#3247,#1867,.T.);
#4123=EDGE_CURVE('',#3248,#3239,#1868,.T.);
#4124=EDGE_CURVE('',#3241,#3249,#1869,.T.);
#4125=EDGE_CURVE('',#3250,#3240,#1870,.T.);
#4126=EDGE_CURVE('',#3249,#3250,#1871,.T.);
#4127=EDGE_CURVE('',#3251,#3247,#1357,.T.);
#4128=EDGE_CURVE('',#3252,#3251,#1872,.T.);
#4129=EDGE_CURVE('',#3249,#3252,#1358,.T.);
#4130=EDGE_CURVE('',#3122,#3250,#1359,.T.);
#4131=EDGE_CURVE('',#3248,#3121,#1360,.T.);
#4132=EDGE_CURVE('',#3253,#3123,#1361,.T.);
#4133=EDGE_CURVE('',#3253,#3254,#1873,.T.);
#4134=EDGE_CURVE('',#3255,#3254,#1362,.T.);
#4135=EDGE_CURVE('',#3256,#3255,#1874,.T.);
#4136=EDGE_CURVE('',#3245,#3256,#1363,.T.);
#4137=EDGE_CURVE('',#3124,#3243,#1364,.T.);
#4138=EDGE_CURVE('',#3126,#3257,#1365,.T.);
#4139=EDGE_CURVE('',#3244,#3125,#1366,.T.);
#4140=EDGE_CURVE('',#3258,#3246,#1367,.T.);
#4141=EDGE_CURVE('',#3259,#3258,#1875,.T.);
#4142=EDGE_CURVE('',#3260,#3259,#1368,.T.);
#4143=EDGE_CURVE('',#3257,#3260,#1876,.T.);
#4144=EDGE_CURVE('',#3257,#3253,#1877,.T.);
#4145=EDGE_CURVE('',#3254,#3260,#1878,.T.);
#4146=EDGE_CURVE('',#3013,#2799,#1879,.T.);
#4147=EDGE_CURVE('',#3238,#3114,#1880,.T.);
#4148=EDGE_CURVE('',#3261,#3113,#1881,.T.);
#4149=EDGE_CURVE('',#3261,#2763,#1882,.T.);
#4150=EDGE_CURVE('',#3251,#2762,#1883,.T.);
#4151=EDGE_CURVE('',#3242,#3115,#1884,.T.);
#4152=EDGE_CURVE('',#3248,#2822,#1885,.T.);
#4153=EDGE_CURVE('',#3101,#2821,#1886,.T.);
#4154=EDGE_CURVE('',#3239,#3100,#1887,.T.);
#4155=EDGE_CURVE('',#3240,#3097,#1888,.T.);
#4156=EDGE_CURVE('',#2917,#3250,#1889,.T.);
#4157=EDGE_CURVE('',#2777,#3256,#1890,.T.);
#4158=EDGE_CURVE('',#3262,#2776,#1891,.T.);
#4159=EDGE_CURVE('',#3262,#3026,#1892,.T.);
#4160=EDGE_CURVE('',#3258,#3025,#1893,.T.);
#4161=EDGE_CURVE('',#3255,#2774,#1894,.T.);
#4162=EDGE_CURVE('',#3259,#3036,#1895,.T.);
#4163=EDGE_CURVE('',#3263,#3263,#1255,.T.);
#4164=EDGE_CURVE('',#3263,#3264,#1896,.T.);
#4165=EDGE_CURVE('',#3264,#3264,#1256,.T.);
#4166=EDGE_CURVE('',#3265,#3265,#1257,.T.);
#4167=EDGE_CURVE('',#3265,#3266,#1897,.T.);
#4168=EDGE_CURVE('',#3266,#3266,#1258,.T.);
#4169=EDGE_CURVE('',#3267,#3267,#1259,.T.);
#4170=EDGE_CURVE('',#3267,#3268,#1898,.T.);
#4171=EDGE_CURVE('',#3268,#3268,#1260,.T.);
#4172=EDGE_CURVE('',#3269,#3269,#1261,.T.);
#4173=EDGE_CURVE('',#3269,#3270,#1899,.T.);
#4174=EDGE_CURVE('',#3270,#3270,#1262,.T.);
#4175=EDGE_CURVE('',#3271,#3271,#1263,.T.);
#4176=EDGE_CURVE('',#3271,#3272,#1900,.T.);
#4177=EDGE_CURVE('',#3272,#3272,#1264,.T.);
#4178=EDGE_CURVE('',#3273,#3273,#1265,.T.);
#4179=EDGE_CURVE('',#3273,#3274,#1901,.T.);
#4180=EDGE_CURVE('',#3274,#3274,#1266,.T.);
#4181=EDGE_CURVE('',#3275,#3275,#1267,.T.);
#4182=EDGE_CURVE('',#3275,#3276,#1902,.T.);
#4183=EDGE_CURVE('',#3276,#3276,#1268,.T.);
#4184=EDGE_CURVE('',#3277,#3277,#1269,.T.);
#4185=EDGE_CURVE('',#3277,#3278,#1903,.T.);
#4186=EDGE_CURVE('',#3278,#3278,#1270,.T.);
#4187=EDGE_CURVE('',#3279,#2760,#1904,.T.);
#4188=EDGE_CURVE('',#3279,#3210,#1905,.T.);
#4189=EDGE_CURVE('',#3280,#3280,#1271,.T.);
#4190=EDGE_CURVE('',#3280,#3281,#1906,.T.);
#4191=EDGE_CURVE('',#3281,#3281,#1272,.T.);
#4192=EDGE_CURVE('',#3282,#3282,#1273,.T.);
#4193=EDGE_CURVE('',#3282,#3283,#1907,.T.);
#4194=EDGE_CURVE('',#3283,#3283,#1274,.T.);
#4195=EDGE_CURVE('',#3284,#2775,#1908,.T.);
#4196=EDGE_CURVE('',#3262,#3284,#1909,.T.);
#4197=EDGE_CURVE('',#3285,#3286,#1910,.T.);
#4198=EDGE_CURVE('',#3262,#3285,#1911,.T.);
#4199=EDGE_CURVE('',#3287,#3284,#1912,.T.);
#4200=EDGE_CURVE('',#3288,#3287,#1913,.T.);
#4201=EDGE_CURVE('',#3279,#3288,#1914,.T.);
#4202=EDGE_CURVE('',#3286,#3210,#1915,.T.);
#4203=EDGE_CURVE('',#3288,#3033,#1916,.T.);
#4204=EDGE_CURVE('',#3279,#3032,#1917,.T.);
#4205=EDGE_CURVE('',#3287,#3034,#1918,.T.);
#4206=EDGE_CURVE('',#3284,#3035,#1919,.T.);
#4207=EDGE_CURVE('',#3289,#2755,#1920,.T.);
#4208=EDGE_CURVE('',#3183,#3289,#1921,.T.);
#4209=EDGE_CURVE('',#3290,#3290,#1275,.T.);
#4210=EDGE_CURVE('',#3290,#3291,#1922,.T.);
#4211=EDGE_CURVE('',#3291,#3291,#1276,.T.);
#4212=EDGE_CURVE('',#3292,#3292,#1277,.T.);
#4213=EDGE_CURVE('',#3292,#3293,#1923,.T.);
#4214=EDGE_CURVE('',#3293,#3293,#1278,.T.);
#4215=EDGE_CURVE('',#3294,#3197,#1924,.T.);
#4216=EDGE_CURVE('',#2780,#3294,#1925,.T.);
#4217=EDGE_CURVE('',#3295,#3296,#1926,.T.);
#4218=EDGE_CURVE('',#3294,#3295,#1927,.T.);
#4219=EDGE_CURVE('',#3297,#3197,#1928,.T.);
#4220=EDGE_CURVE('',#3298,#3297,#1929,.T.);
#4221=EDGE_CURVE('',#3183,#3298,#1930,.T.);
#4222=EDGE_CURVE('',#3296,#3289,#1931,.T.);
#4223=EDGE_CURVE('',#3297,#3061,#1932,.T.);
#4224=EDGE_CURVE('',#3298,#3060,#1933,.T.);
#4225=EDGE_CURVE('',#3295,#3054,#1934,.T.);
#4226=EDGE_CURVE('',#3294,#3053,#1935,.T.);
#4227=EDGE_CURVE('',#3299,#2764,#1936,.T.);
#4228=EDGE_CURVE('',#3299,#3261,#1937,.T.);
#4229=EDGE_CURVE('',#3300,#3300,#1279,.T.);
#4230=EDGE_CURVE('',#3300,#3301,#1938,.T.);
#4231=EDGE_CURVE('',#3301,#3301,#1280,.T.);
#4232=EDGE_CURVE('',#3302,#3302,#1281,.T.);
#4233=EDGE_CURVE('',#3302,#3303,#1939,.T.);
#4234=EDGE_CURVE('',#3303,#3303,#1282,.T.);
#4235=EDGE_CURVE('',#3304,#3236,#1940,.T.);
#4236=EDGE_CURVE('',#3304,#2772,#1941,.T.);
#4237=EDGE_CURVE('',#3305,#3306,#1942,.T.);
#4238=EDGE_CURVE('',#3304,#3305,#1943,.T.);
#4239=EDGE_CURVE('',#3307,#3236,#1944,.T.);
#4240=EDGE_CURVE('',#3308,#3307,#1945,.T.);
#4241=EDGE_CURVE('',#3299,#3308,#1946,.T.);
#4242=EDGE_CURVE('',#3306,#3261,#1947,.T.);
#4243=EDGE_CURVE('',#3308,#3117,#1948,.T.);
#4244=EDGE_CURVE('',#3299,#3116,#1949,.T.);
#4245=EDGE_CURVE('',#3307,#3118,#1950,.T.);
#4246=EDGE_CURVE('',#3309,#2768,#1951,.T.);
#4247=EDGE_CURVE('',#3309,#3223,#1952,.T.);
#4248=EDGE_CURVE('',#3310,#3310,#1283,.T.);
#4249=EDGE_CURVE('',#3310,#3311,#1953,.T.);
#4250=EDGE_CURVE('',#3311,#3311,#1284,.T.);
#4251=EDGE_CURVE('',#3312,#3312,#1285,.T.);
#4252=EDGE_CURVE('',#3312,#3313,#1954,.T.);
#4253=EDGE_CURVE('',#3313,#3313,#1286,.T.);
#4254=EDGE_CURVE('',#3314,#3184,#1955,.T.);
#4255=EDGE_CURVE('',#3314,#2784,#1956,.T.);
#4256=EDGE_CURVE('',#3315,#3316,#1957,.T.);
#4257=EDGE_CURVE('',#3314,#3315,#1958,.T.);
#4258=EDGE_CURVE('',#3317,#3184,#1959,.T.);
#4259=EDGE_CURVE('',#3318,#3317,#1960,.T.);
#4260=EDGE_CURVE('',#3309,#3318,#1961,.T.);
#4261=EDGE_CURVE('',#3316,#3223,#1962,.T.);
#4262=EDGE_CURVE('',#3318,#3089,#1963,.T.);
#4263=EDGE_CURVE('',#3309,#3088,#1964,.T.);
#4264=EDGE_CURVE('',#3317,#3090,#1965,.T.);
#4265=EDGE_CURVE('',#3208,#2761,#1966,.T.);
#4266=EDGE_CURVE('',#3286,#3028,#1967,.T.);
#4267=EDGE_CURVE('',#3285,#3027,#1968,.T.);
#4268=EDGE_CURVE('',#2803,#3009,#1969,.T.);
#4269=EDGE_CURVE('',#2909,#3021,#1970,.T.);
#4270=EDGE_CURVE('',#2910,#3020,#1971,.T.);
#4271=EDGE_CURVE('',#2911,#3019,#1972,.T.);
#4272=EDGE_CURVE('',#2912,#3018,#1973,.T.);
#4273=EDGE_CURVE('',#2913,#3017,#1974,.T.);
#4274=EDGE_CURVE('',#2914,#3016,#1975,.T.);
#4275=EDGE_CURVE('',#3012,#2800,#1976,.T.);
#4276=EDGE_CURVE('',#3011,#2801,#1977,.T.);
#4277=EDGE_CURVE('',#3010,#2802,#1978,.T.);
#4278=EDGE_CURVE('',#3221,#2769,#1979,.T.);
#4279=EDGE_CURVE('',#3316,#3084,#1980,.T.);
#4280=EDGE_CURVE('',#3315,#3083,#1981,.T.);
#4281=EDGE_CURVE('',#3314,#3082,#1982,.T.);
#4282=EDGE_CURVE('',#3173,#3170,#1983,.T.);
#4283=EDGE_CURVE('',#2891,#3078,#1984,.T.);
#4284=EDGE_CURVE('',#2892,#3077,#1985,.T.);
#4285=EDGE_CURVE('',#2893,#3076,#1986,.T.);
#4286=EDGE_CURVE('',#3075,#2829,#1987,.T.);
#4287=EDGE_CURVE('',#2901,#3071,#1988,.T.);
#4288=EDGE_CURVE('',#2902,#3070,#1989,.T.);
#4289=EDGE_CURVE('',#2903,#3069,#1990,.T.);
#4290=EDGE_CURVE('',#3068,#2833,#1991,.T.);
#4291=EDGE_CURVE('',#3252,#2765,#1992,.T.);
#4292=EDGE_CURVE('',#3306,#3112,#1993,.T.);
#4293=EDGE_CURVE('',#3305,#3111,#1994,.T.);
#4294=EDGE_CURVE('',#3304,#3110,#1995,.T.);
#4295=EDGE_CURVE('',#2921,#3093,#1996,.T.);
#4296=EDGE_CURVE('',#3105,#2817,#1997,.T.);
#4297=EDGE_CURVE('',#3104,#2818,#1998,.T.);
#4298=EDGE_CURVE('',#3103,#2819,#1999,.T.);
#4299=EDGE_CURVE('',#3102,#2820,#2000,.T.);
#4300=EDGE_CURVE('',#2918,#3096,#2001,.T.);
#4301=EDGE_CURVE('',#2919,#3095,#2002,.T.);
#4302=EDGE_CURVE('',#2920,#3094,#2003,.T.);
#4303=EDGE_CURVE('',#3289,#3056,#2004,.T.);
#4304=EDGE_CURVE('',#3179,#3164,#2005,.T.);
#4305=EDGE_CURVE('',#3296,#3055,#2006,.T.);
#4306=EDGE_CURVE('',#3051,#2809,#2007,.T.);
#4307=EDGE_CURVE('',#3050,#2810,#2008,.T.);
#4308=EDGE_CURVE('',#2871,#3049,#2009,.T.);
#4309=EDGE_CURVE('',#2872,#3048,#2010,.T.);
#4310=EDGE_CURVE('',#2873,#3047,#2011,.T.);
#4311=EDGE_CURVE('',#2877,#3176,#2012,.T.);
#4312=EDGE_CURVE('',#2878,#3042,#2013,.T.);
#4313=EDGE_CURVE('',#3041,#2838,#2014,.T.);
#4314=EDGE_CURVE('',#2904,#3040,#2015,.T.);
#4315=EDGE_CURVE('',#2905,#3039,#2016,.T.);
#4316=EDGE_CURVE('',#2899,#2793,#2017,.T.);
#4317=EDGE_CURVE('',#2894,#2792,#2018,.T.);
#4318=EDGE_CURVE('',#2882,#2791,#2019,.T.);
#4319=EDGE_CURVE('',#2870,#2790,#2020,.T.);
#4320=ORIENTED_EDGE('',*,*,#3319,.F.);
#4321=ORIENTED_EDGE('',*,*,#3320,.T.);
#4322=ORIENTED_EDGE('',*,*,#3321,.F.);
#4323=ORIENTED_EDGE('',*,*,#3322,.T.);
#4324=ORIENTED_EDGE('',*,*,#3323,.F.);
#4325=ORIENTED_EDGE('',*,*,#3324,.T.);
#4326=ORIENTED_EDGE('',*,*,#3319,.T.);
#4327=ORIENTED_EDGE('',*,*,#3325,.T.);
#4328=ORIENTED_EDGE('',*,*,#3326,.F.);
#4329=ORIENTED_EDGE('',*,*,#3327,.T.);
#4330=ORIENTED_EDGE('',*,*,#3323,.T.);
#4331=ORIENTED_EDGE('',*,*,#3328,.T.);
#4332=ORIENTED_EDGE('',*,*,#3329,.F.);
#4333=ORIENTED_EDGE('',*,*,#3330,.T.);
#4334=ORIENTED_EDGE('',*,*,#3326,.T.);
#4335=ORIENTED_EDGE('',*,*,#3331,.T.);
#4336=ORIENTED_EDGE('',*,*,#3332,.F.);
#4337=ORIENTED_EDGE('',*,*,#3333,.T.);
#4338=ORIENTED_EDGE('',*,*,#3329,.T.);
#4339=ORIENTED_EDGE('',*,*,#3334,.T.);
#4340=ORIENTED_EDGE('',*,*,#3335,.F.);
#4341=ORIENTED_EDGE('',*,*,#3336,.T.);
#4342=ORIENTED_EDGE('',*,*,#3332,.T.);
#4343=ORIENTED_EDGE('',*,*,#3337,.T.);
#4344=ORIENTED_EDGE('',*,*,#3338,.F.);
#4345=ORIENTED_EDGE('',*,*,#3339,.T.);
#4346=ORIENTED_EDGE('',*,*,#3335,.T.);
#4347=ORIENTED_EDGE('',*,*,#3340,.T.);
#4348=ORIENTED_EDGE('',*,*,#3341,.F.);
#4349=ORIENTED_EDGE('',*,*,#3342,.T.);
#4350=ORIENTED_EDGE('',*,*,#3343,.F.);
#4351=ORIENTED_EDGE('',*,*,#3344,.F.);
#4352=ORIENTED_EDGE('',*,*,#3345,.F.);
#4353=ORIENTED_EDGE('',*,*,#3346,.T.);
#4354=ORIENTED_EDGE('',*,*,#3341,.T.);
#4355=ORIENTED_EDGE('',*,*,#3347,.F.);
#4356=ORIENTED_EDGE('',*,*,#3348,.F.);
#4357=ORIENTED_EDGE('',*,*,#3349,.T.);
#4358=ORIENTED_EDGE('',*,*,#3345,.T.);
#4359=ORIENTED_EDGE('',*,*,#3350,.F.);
#4360=ORIENTED_EDGE('',*,*,#3351,.F.);
#4361=ORIENTED_EDGE('',*,*,#3352,.T.);
#4362=ORIENTED_EDGE('',*,*,#3348,.T.);
#4363=ORIENTED_EDGE('',*,*,#3353,.F.);
#4364=ORIENTED_EDGE('',*,*,#3354,.F.);
#4365=ORIENTED_EDGE('',*,*,#3355,.T.);
#4366=ORIENTED_EDGE('',*,*,#3351,.T.);
#4367=ORIENTED_EDGE('',*,*,#3356,.F.);
#4368=ORIENTED_EDGE('',*,*,#3357,.F.);
#4369=ORIENTED_EDGE('',*,*,#3358,.T.);
#4370=ORIENTED_EDGE('',*,*,#3354,.T.);
#4371=ORIENTED_EDGE('',*,*,#3359,.F.);
#4372=ORIENTED_EDGE('',*,*,#3360,.F.);
#4373=ORIENTED_EDGE('',*,*,#3361,.F.);
#4374=ORIENTED_EDGE('',*,*,#3362,.F.);
#4375=ORIENTED_EDGE('',*,*,#3363,.T.);
#4376=ORIENTED_EDGE('',*,*,#3364,.F.);
#4377=ORIENTED_EDGE('',*,*,#3363,.F.);
#4378=ORIENTED_EDGE('',*,*,#3365,.F.);
#4379=ORIENTED_EDGE('',*,*,#3366,.T.);
#4380=ORIENTED_EDGE('',*,*,#3367,.F.);
#4381=ORIENTED_EDGE('',*,*,#3366,.F.);
#4382=ORIENTED_EDGE('',*,*,#3368,.F.);
#4383=ORIENTED_EDGE('',*,*,#3369,.T.);
#4384=ORIENTED_EDGE('',*,*,#3370,.F.);
#4385=ORIENTED_EDGE('',*,*,#3369,.F.);
#4386=ORIENTED_EDGE('',*,*,#3371,.F.);
#4387=ORIENTED_EDGE('',*,*,#3361,.T.);
#4388=ORIENTED_EDGE('',*,*,#3372,.F.);
#4389=ORIENTED_EDGE('',*,*,#3373,.F.);
#4390=ORIENTED_EDGE('',*,*,#3374,.F.);
#4391=ORIENTED_EDGE('',*,*,#3375,.T.);
#4392=ORIENTED_EDGE('',*,*,#3376,.F.);
#4393=ORIENTED_EDGE('',*,*,#3375,.F.);
#4394=ORIENTED_EDGE('',*,*,#3377,.F.);
#4395=ORIENTED_EDGE('',*,*,#3378,.T.);
#4396=ORIENTED_EDGE('',*,*,#3379,.F.);
#4397=ORIENTED_EDGE('',*,*,#3378,.F.);
#4398=ORIENTED_EDGE('',*,*,#3380,.F.);
#4399=ORIENTED_EDGE('',*,*,#3381,.T.);
#4400=ORIENTED_EDGE('',*,*,#3382,.F.);
#4401=ORIENTED_EDGE('',*,*,#3381,.F.);
#4402=ORIENTED_EDGE('',*,*,#3383,.F.);
#4403=ORIENTED_EDGE('',*,*,#3373,.T.);
#4404=ORIENTED_EDGE('',*,*,#3384,.T.);
#4405=ORIENTED_EDGE('',*,*,#3385,.T.);
#4406=ORIENTED_EDGE('',*,*,#3386,.T.);
#4407=ORIENTED_EDGE('',*,*,#3387,.T.);
#4408=ORIENTED_EDGE('',*,*,#3388,.T.);
#4409=ORIENTED_EDGE('',*,*,#3389,.T.);
#4410=ORIENTED_EDGE('',*,*,#3384,.F.);
#4411=ORIENTED_EDGE('',*,*,#3390,.T.);
#4412=ORIENTED_EDGE('',*,*,#3391,.T.);
#4413=ORIENTED_EDGE('',*,*,#3392,.T.);
#4414=ORIENTED_EDGE('',*,*,#3388,.F.);
#4415=ORIENTED_EDGE('',*,*,#3393,.T.);
#4416=ORIENTED_EDGE('',*,*,#3394,.T.);
#4417=ORIENTED_EDGE('',*,*,#3395,.T.);
#4418=ORIENTED_EDGE('',*,*,#3391,.F.);
#4419=ORIENTED_EDGE('',*,*,#3396,.T.);
#4420=ORIENTED_EDGE('',*,*,#3397,.T.);
#4421=ORIENTED_EDGE('',*,*,#3398,.T.);
#4422=ORIENTED_EDGE('',*,*,#3394,.F.);
#4423=ORIENTED_EDGE('',*,*,#3399,.T.);
#4424=ORIENTED_EDGE('',*,*,#3400,.T.);
#4425=ORIENTED_EDGE('',*,*,#3401,.T.);
#4426=ORIENTED_EDGE('',*,*,#3397,.F.);
#4427=ORIENTED_EDGE('',*,*,#3402,.T.);
#4428=ORIENTED_EDGE('',*,*,#3403,.T.);
#4429=ORIENTED_EDGE('',*,*,#3404,.T.);
#4430=ORIENTED_EDGE('',*,*,#3400,.F.);
#4431=ORIENTED_EDGE('',*,*,#3405,.T.);
#4432=ORIENTED_EDGE('',*,*,#3386,.F.);
#4433=ORIENTED_EDGE('',*,*,#3406,.T.);
#4434=ORIENTED_EDGE('',*,*,#3403,.F.);
#4435=ORIENTED_EDGE('',*,*,#3407,.T.);
#4436=ORIENTED_EDGE('',*,*,#3401,.F.);
#4437=ORIENTED_EDGE('',*,*,#3408,.T.);
#4438=ORIENTED_EDGE('',*,*,#3409,.T.);
#4439=ORIENTED_EDGE('',*,*,#3410,.F.);
#4440=ORIENTED_EDGE('',*,*,#3404,.F.);
#4441=ORIENTED_EDGE('',*,*,#3411,.T.);
#4442=ORIENTED_EDGE('',*,*,#3412,.T.);
#4443=ORIENTED_EDGE('',*,*,#3413,.T.);
#4444=ORIENTED_EDGE('',*,*,#3414,.F.);
#4445=ORIENTED_EDGE('',*,*,#3415,.T.);
#4446=ORIENTED_EDGE('',*,*,#3416,.F.);
#4447=ORIENTED_EDGE('',*,*,#3417,.T.);
#4448=ORIENTED_EDGE('',*,*,#3418,.F.);
#4449=ORIENTED_EDGE('',*,*,#3419,.T.);
#4450=ORIENTED_EDGE('',*,*,#3420,.T.);
#4451=ORIENTED_EDGE('',*,*,#3408,.F.);
#4452=ORIENTED_EDGE('',*,*,#3406,.F.);
#4453=ORIENTED_EDGE('',*,*,#3421,.T.);
#4454=ORIENTED_EDGE('',*,*,#3422,.T.);
#4455=ORIENTED_EDGE('',*,*,#3411,.F.);
#4456=ORIENTED_EDGE('',*,*,#3385,.F.);
#4457=ORIENTED_EDGE('',*,*,#3423,.T.);
#4458=ORIENTED_EDGE('',*,*,#3424,.F.);
#4459=ORIENTED_EDGE('',*,*,#3425,.T.);
#4460=ORIENTED_EDGE('',*,*,#3426,.T.);
#4461=ORIENTED_EDGE('',*,*,#3421,.F.);
#4462=ORIENTED_EDGE('',*,*,#3387,.F.);
#4463=ORIENTED_EDGE('',*,*,#3407,.F.);
#4464=ORIENTED_EDGE('',*,*,#3405,.F.);
#4465=ORIENTED_EDGE('',*,*,#3402,.F.);
#4466=ORIENTED_EDGE('',*,*,#3399,.F.);
#4467=ORIENTED_EDGE('',*,*,#3396,.F.);
#4468=ORIENTED_EDGE('',*,*,#3393,.F.);
#4469=ORIENTED_EDGE('',*,*,#3390,.F.);
#4470=ORIENTED_EDGE('',*,*,#3427,.T.);
#4471=ORIENTED_EDGE('',*,*,#3428,.T.);
#4472=ORIENTED_EDGE('',*,*,#3429,.T.);
#4473=ORIENTED_EDGE('',*,*,#3430,.T.);
#4474=ORIENTED_EDGE('',*,*,#3431,.T.);
#4475=ORIENTED_EDGE('',*,*,#3432,.T.);
#4476=ORIENTED_EDGE('',*,*,#3433,.T.);
#4477=ORIENTED_EDGE('',*,*,#3434,.T.);
#4478=ORIENTED_EDGE('',*,*,#3435,.T.);
#4479=ORIENTED_EDGE('',*,*,#3436,.T.);
#4480=ORIENTED_EDGE('',*,*,#3437,.T.);
#4481=ORIENTED_EDGE('',*,*,#3438,.T.);
#4482=ORIENTED_EDGE('',*,*,#3439,.T.);
#4483=ORIENTED_EDGE('',*,*,#3440,.T.);
#4484=ORIENTED_EDGE('',*,*,#3441,.T.);
#4485=ORIENTED_EDGE('',*,*,#3442,.T.);
#4486=ORIENTED_EDGE('',*,*,#3443,.T.);
#4487=ORIENTED_EDGE('',*,*,#3444,.T.);
#4488=ORIENTED_EDGE('',*,*,#3445,.T.);
#4489=ORIENTED_EDGE('',*,*,#3446,.T.);
#4490=ORIENTED_EDGE('',*,*,#3447,.T.);
#4491=ORIENTED_EDGE('',*,*,#3448,.T.);
#4492=ORIENTED_EDGE('',*,*,#3449,.T.);
#4493=ORIENTED_EDGE('',*,*,#3450,.T.);
#4494=ORIENTED_EDGE('',*,*,#3451,.T.);
#4495=ORIENTED_EDGE('',*,*,#3452,.T.);
#4496=ORIENTED_EDGE('',*,*,#3453,.T.);
#4497=ORIENTED_EDGE('',*,*,#3454,.T.);
#4498=ORIENTED_EDGE('',*,*,#3455,.T.);
#4499=ORIENTED_EDGE('',*,*,#3456,.T.);
#4500=ORIENTED_EDGE('',*,*,#3457,.T.);
#4501=ORIENTED_EDGE('',*,*,#3458,.T.);
#4502=ORIENTED_EDGE('',*,*,#3459,.T.);
#4503=ORIENTED_EDGE('',*,*,#3460,.T.);
#4504=ORIENTED_EDGE('',*,*,#3461,.T.);
#4505=ORIENTED_EDGE('',*,*,#3462,.T.);
#4506=ORIENTED_EDGE('',*,*,#3463,.T.);
#4507=ORIENTED_EDGE('',*,*,#3464,.T.);
#4508=ORIENTED_EDGE('',*,*,#3465,.T.);
#4509=ORIENTED_EDGE('',*,*,#3466,.T.);
#4510=ORIENTED_EDGE('',*,*,#3467,.F.);
#4511=ORIENTED_EDGE('',*,*,#3468,.F.);
#4512=ORIENTED_EDGE('',*,*,#3469,.F.);
#4513=ORIENTED_EDGE('',*,*,#3470,.F.);
#4514=ORIENTED_EDGE('',*,*,#3471,.T.);
#4515=ORIENTED_EDGE('',*,*,#3472,.T.);
#4516=ORIENTED_EDGE('',*,*,#3473,.T.);
#4517=ORIENTED_EDGE('',*,*,#3474,.T.);
#4518=ORIENTED_EDGE('',*,*,#3475,.T.);
#4519=ORIENTED_EDGE('',*,*,#3476,.T.);
#4520=ORIENTED_EDGE('',*,*,#3477,.T.);
#4521=ORIENTED_EDGE('',*,*,#3478,.T.);
#4522=ORIENTED_EDGE('',*,*,#3479,.T.);
#4523=ORIENTED_EDGE('',*,*,#3480,.T.);
#4524=ORIENTED_EDGE('',*,*,#3481,.T.);
#4525=ORIENTED_EDGE('',*,*,#3482,.T.);
#4526=ORIENTED_EDGE('',*,*,#3483,.T.);
#4527=ORIENTED_EDGE('',*,*,#3484,.T.);
#4528=ORIENTED_EDGE('',*,*,#3485,.T.);
#4529=ORIENTED_EDGE('',*,*,#3486,.T.);
#4530=ORIENTED_EDGE('',*,*,#3487,.T.);
#4531=ORIENTED_EDGE('',*,*,#3488,.T.);
#4532=ORIENTED_EDGE('',*,*,#3489,.T.);
#4533=ORIENTED_EDGE('',*,*,#3490,.T.);
#4534=ORIENTED_EDGE('',*,*,#3491,.T.);
#4535=ORIENTED_EDGE('',*,*,#3492,.T.);
#4536=ORIENTED_EDGE('',*,*,#3493,.T.);
#4537=ORIENTED_EDGE('',*,*,#3494,.T.);
#4538=ORIENTED_EDGE('',*,*,#3495,.T.);
#4539=ORIENTED_EDGE('',*,*,#3496,.T.);
#4540=ORIENTED_EDGE('',*,*,#3497,.T.);
#4541=ORIENTED_EDGE('',*,*,#3498,.T.);
#4542=ORIENTED_EDGE('',*,*,#3499,.T.);
#4543=ORIENTED_EDGE('',*,*,#3500,.T.);
#4544=ORIENTED_EDGE('',*,*,#3501,.T.);
#4545=ORIENTED_EDGE('',*,*,#3502,.T.);
#4546=ORIENTED_EDGE('',*,*,#3503,.T.);
#4547=ORIENTED_EDGE('',*,*,#3504,.T.);
#4548=ORIENTED_EDGE('',*,*,#3505,.T.);
#4549=ORIENTED_EDGE('',*,*,#3506,.T.);
#4550=ORIENTED_EDGE('',*,*,#3507,.T.);
#4551=ORIENTED_EDGE('',*,*,#3508,.T.);
#4552=ORIENTED_EDGE('',*,*,#3509,.T.);
#4553=ORIENTED_EDGE('',*,*,#3510,.T.);
#4554=ORIENTED_EDGE('',*,*,#3511,.T.);
#4555=ORIENTED_EDGE('',*,*,#3512,.T.);
#4556=ORIENTED_EDGE('',*,*,#3513,.T.);
#4557=ORIENTED_EDGE('',*,*,#3514,.T.);
#4558=ORIENTED_EDGE('',*,*,#3515,.T.);
#4559=ORIENTED_EDGE('',*,*,#3516,.T.);
#4560=ORIENTED_EDGE('',*,*,#3379,.T.);
#4561=ORIENTED_EDGE('',*,*,#3382,.T.);
#4562=ORIENTED_EDGE('',*,*,#3372,.T.);
#4563=ORIENTED_EDGE('',*,*,#3376,.T.);
#4564=ORIENTED_EDGE('',*,*,#3367,.T.);
#4565=ORIENTED_EDGE('',*,*,#3370,.T.);
#4566=ORIENTED_EDGE('',*,*,#3360,.T.);
#4567=ORIENTED_EDGE('',*,*,#3364,.T.);
#4568=ORIENTED_EDGE('',*,*,#3501,.F.);
#4569=ORIENTED_EDGE('',*,*,#3517,.F.);
#4570=ORIENTED_EDGE('',*,*,#3518,.F.);
#4571=ORIENTED_EDGE('',*,*,#3519,.F.);
#4572=ORIENTED_EDGE('',*,*,#3520,.T.);
#4573=ORIENTED_EDGE('',*,*,#3502,.F.);
#4574=ORIENTED_EDGE('',*,*,#3520,.F.);
#4575=ORIENTED_EDGE('',*,*,#3521,.T.);
#4576=ORIENTED_EDGE('',*,*,#3522,.T.);
#4577=ORIENTED_EDGE('',*,*,#3503,.F.);
#4578=ORIENTED_EDGE('',*,*,#3522,.F.);
#4579=ORIENTED_EDGE('',*,*,#3523,.F.);
#4580=ORIENTED_EDGE('',*,*,#3524,.F.);
#4581=ORIENTED_EDGE('',*,*,#3525,.T.);
#4582=ORIENTED_EDGE('',*,*,#3504,.F.);
#4583=ORIENTED_EDGE('',*,*,#3525,.F.);
#4584=ORIENTED_EDGE('',*,*,#3526,.F.);
#4585=ORIENTED_EDGE('',*,*,#3527,.T.);
#4586=ORIENTED_EDGE('',*,*,#3491,.F.);
#4587=ORIENTED_EDGE('',*,*,#3528,.F.);
#4588=ORIENTED_EDGE('',*,*,#3529,.F.);
#4589=ORIENTED_EDGE('',*,*,#3530,.T.);
#4590=ORIENTED_EDGE('',*,*,#3531,.T.);
#4591=ORIENTED_EDGE('',*,*,#3523,.T.);
#4592=ORIENTED_EDGE('',*,*,#3521,.F.);
#4593=ORIENTED_EDGE('',*,*,#3519,.T.);
#4594=ORIENTED_EDGE('',*,*,#3483,.F.);
#4595=ORIENTED_EDGE('',*,*,#3532,.F.);
#4596=ORIENTED_EDGE('',*,*,#3533,.F.);
#4597=ORIENTED_EDGE('',*,*,#3534,.T.);
#4598=ORIENTED_EDGE('',*,*,#3488,.F.);
#4599=ORIENTED_EDGE('',*,*,#3535,.F.);
#4600=ORIENTED_EDGE('',*,*,#3536,.F.);
#4601=ORIENTED_EDGE('',*,*,#3537,.T.);
#4602=ORIENTED_EDGE('',*,*,#3471,.F.);
#4603=ORIENTED_EDGE('',*,*,#3537,.F.);
#4604=ORIENTED_EDGE('',*,*,#3538,.F.);
#4605=ORIENTED_EDGE('',*,*,#3539,.F.);
#4606=ORIENTED_EDGE('',*,*,#3540,.T.);
#4607=ORIENTED_EDGE('',*,*,#3472,.F.);
#4608=ORIENTED_EDGE('',*,*,#3540,.F.);
#4609=ORIENTED_EDGE('',*,*,#3541,.T.);
#4610=ORIENTED_EDGE('',*,*,#3542,.T.);
#4611=ORIENTED_EDGE('',*,*,#3473,.F.);
#4612=ORIENTED_EDGE('',*,*,#3542,.F.);
#4613=ORIENTED_EDGE('',*,*,#3543,.F.);
#4614=ORIENTED_EDGE('',*,*,#3544,.F.);
#4615=ORIENTED_EDGE('',*,*,#3545,.T.);
#4616=ORIENTED_EDGE('',*,*,#3546,.T.);
#4617=ORIENTED_EDGE('',*,*,#3543,.T.);
#4618=ORIENTED_EDGE('',*,*,#3541,.F.);
#4619=ORIENTED_EDGE('',*,*,#3539,.T.);
#4620=ORIENTED_EDGE('',*,*,#3511,.F.);
#4621=ORIENTED_EDGE('',*,*,#3547,.F.);
#4622=ORIENTED_EDGE('',*,*,#3548,.F.);
#4623=ORIENTED_EDGE('',*,*,#3549,.T.);
#4624=ORIENTED_EDGE('',*,*,#3513,.F.);
#4625=ORIENTED_EDGE('',*,*,#3550,.F.);
#4626=ORIENTED_EDGE('',*,*,#3551,.F.);
#4627=ORIENTED_EDGE('',*,*,#3552,.T.);
#4628=ORIENTED_EDGE('',*,*,#3516,.F.);
#4629=ORIENTED_EDGE('',*,*,#3553,.F.);
#4630=ORIENTED_EDGE('',*,*,#3554,.F.);
#4631=ORIENTED_EDGE('',*,*,#3555,.T.);
#4632=ORIENTED_EDGE('',*,*,#3507,.F.);
#4633=ORIENTED_EDGE('',*,*,#3555,.F.);
#4634=ORIENTED_EDGE('',*,*,#3556,.F.);
#4635=ORIENTED_EDGE('',*,*,#3557,.T.);
#4636=ORIENTED_EDGE('',*,*,#3508,.F.);
#4637=ORIENTED_EDGE('',*,*,#3557,.F.);
#4638=ORIENTED_EDGE('',*,*,#3558,.F.);
#4639=ORIENTED_EDGE('',*,*,#3559,.T.);
#4640=ORIENTED_EDGE('',*,*,#3544,.T.);
#4641=ORIENTED_EDGE('',*,*,#3560,.T.);
#4642=ORIENTED_EDGE('',*,*,#3561,.T.);
#4643=ORIENTED_EDGE('',*,*,#3562,.T.);
#4644=ORIENTED_EDGE('',*,*,#3563,.T.);
#4645=ORIENTED_EDGE('',*,*,#3564,.T.);
#4646=ORIENTED_EDGE('',*,*,#3565,.T.);
#4647=ORIENTED_EDGE('',*,*,#3536,.T.);
#4648=ORIENTED_EDGE('',*,*,#3566,.T.);
#4649=ORIENTED_EDGE('',*,*,#3567,.T.);
#4650=ORIENTED_EDGE('',*,*,#3568,.T.);
#4651=ORIENTED_EDGE('',*,*,#3569,.T.);
#4652=ORIENTED_EDGE('',*,*,#3570,.T.);
#4653=ORIENTED_EDGE('',*,*,#3571,.T.);
#4654=ORIENTED_EDGE('',*,*,#3572,.T.);
#4655=ORIENTED_EDGE('',*,*,#3573,.T.);
#4656=ORIENTED_EDGE('',*,*,#3574,.T.);
#4657=ORIENTED_EDGE('',*,*,#3551,.T.);
#4658=ORIENTED_EDGE('',*,*,#3575,.F.);
#4659=ORIENTED_EDGE('',*,*,#3576,.T.);
#4660=ORIENTED_EDGE('',*,*,#3577,.T.);
#4661=ORIENTED_EDGE('',*,*,#3578,.T.);
#4662=ORIENTED_EDGE('',*,*,#3538,.T.);
#4663=ORIENTED_EDGE('',*,*,#3579,.T.);
#4664=ORIENTED_EDGE('',*,*,#3526,.T.);
#4665=ORIENTED_EDGE('',*,*,#3524,.T.);
#4666=ORIENTED_EDGE('',*,*,#3580,.T.);
#4667=ORIENTED_EDGE('',*,*,#3581,.T.);
#4668=ORIENTED_EDGE('',*,*,#3582,.T.);
#4669=ORIENTED_EDGE('',*,*,#3583,.F.);
#4670=ORIENTED_EDGE('',*,*,#3548,.T.);
#4671=ORIENTED_EDGE('',*,*,#3584,.T.);
#4672=ORIENTED_EDGE('',*,*,#3585,.T.);
#4673=ORIENTED_EDGE('',*,*,#3586,.T.);
#4674=ORIENTED_EDGE('',*,*,#3587,.T.);
#4675=ORIENTED_EDGE('',*,*,#3588,.T.);
#4676=ORIENTED_EDGE('',*,*,#3589,.T.);
#4677=ORIENTED_EDGE('',*,*,#3590,.T.);
#4678=ORIENTED_EDGE('',*,*,#3591,.T.);
#4679=ORIENTED_EDGE('',*,*,#3592,.T.);
#4680=ORIENTED_EDGE('',*,*,#3593,.T.);
#4681=ORIENTED_EDGE('',*,*,#3518,.T.);
#4682=ORIENTED_EDGE('',*,*,#3594,.T.);
#4683=ORIENTED_EDGE('',*,*,#3595,.T.);
#4684=ORIENTED_EDGE('',*,*,#3596,.T.);
#4685=ORIENTED_EDGE('',*,*,#3597,.T.);
#4686=ORIENTED_EDGE('',*,*,#3598,.T.);
#4687=ORIENTED_EDGE('',*,*,#3599,.T.);
#4688=ORIENTED_EDGE('',*,*,#3529,.T.);
#4689=ORIENTED_EDGE('',*,*,#3600,.T.);
#4690=ORIENTED_EDGE('',*,*,#3601,.T.);
#4691=ORIENTED_EDGE('',*,*,#3602,.T.);
#4692=ORIENTED_EDGE('',*,*,#3603,.T.);
#4693=ORIENTED_EDGE('',*,*,#3604,.T.);
#4694=ORIENTED_EDGE('',*,*,#3558,.T.);
#4695=ORIENTED_EDGE('',*,*,#3556,.T.);
#4696=ORIENTED_EDGE('',*,*,#3554,.T.);
#4697=ORIENTED_EDGE('',*,*,#3605,.T.);
#4698=ORIENTED_EDGE('',*,*,#3606,.T.);
#4699=ORIENTED_EDGE('',*,*,#3607,.T.);
#4700=ORIENTED_EDGE('',*,*,#3608,.T.);
#4701=ORIENTED_EDGE('',*,*,#3609,.T.);
#4702=ORIENTED_EDGE('',*,*,#3533,.T.);
#4703=ORIENTED_EDGE('',*,*,#3610,.T.);
#4704=ORIENTED_EDGE('',*,*,#3611,.T.);
#4705=ORIENTED_EDGE('',*,*,#3612,.T.);
#4706=ORIENTED_EDGE('',*,*,#3613,.T.);
#4707=ORIENTED_EDGE('',*,*,#3614,.T.);
#4708=ORIENTED_EDGE('',*,*,#3615,.T.);
#4709=ORIENTED_EDGE('',*,*,#3616,.T.);
#4710=ORIENTED_EDGE('',*,*,#3617,.T.);
#4711=ORIENTED_EDGE('',*,*,#3618,.T.);
#4712=ORIENTED_EDGE('',*,*,#3619,.T.);
#4713=ORIENTED_EDGE('',*,*,#3620,.T.);
#4714=ORIENTED_EDGE('',*,*,#3621,.T.);
#4715=ORIENTED_EDGE('',*,*,#3622,.T.);
#4716=ORIENTED_EDGE('',*,*,#3623,.T.);
#4717=ORIENTED_EDGE('',*,*,#3624,.T.);
#4718=ORIENTED_EDGE('',*,*,#3625,.T.);
#4719=ORIENTED_EDGE('',*,*,#3626,.T.);
#4720=ORIENTED_EDGE('',*,*,#3368,.T.);
#4721=ORIENTED_EDGE('',*,*,#3365,.T.);
#4722=ORIENTED_EDGE('',*,*,#3362,.T.);
#4723=ORIENTED_EDGE('',*,*,#3371,.T.);
#4724=ORIENTED_EDGE('',*,*,#3380,.T.);
#4725=ORIENTED_EDGE('',*,*,#3377,.T.);
#4726=ORIENTED_EDGE('',*,*,#3374,.T.);
#4727=ORIENTED_EDGE('',*,*,#3383,.T.);
#4728=ORIENTED_EDGE('',*,*,#3321,.T.);
#4729=ORIENTED_EDGE('',*,*,#3627,.T.);
#4730=ORIENTED_EDGE('',*,*,#3628,.T.);
#4731=ORIENTED_EDGE('',*,*,#3629,.T.);
#4732=ORIENTED_EDGE('',*,*,#3630,.T.);
#4733=ORIENTED_EDGE('',*,*,#3631,.T.);
#4734=ORIENTED_EDGE('',*,*,#3632,.T.);
#4735=ORIENTED_EDGE('',*,*,#3633,.T.);
#4736=ORIENTED_EDGE('',*,*,#3630,.F.);
#4737=ORIENTED_EDGE('',*,*,#3634,.T.);
#4738=ORIENTED_EDGE('',*,*,#3635,.F.);
#4739=ORIENTED_EDGE('',*,*,#3636,.F.);
#4740=ORIENTED_EDGE('',*,*,#3637,.T.);
#4741=ORIENTED_EDGE('',*,*,#3633,.F.);
#4742=ORIENTED_EDGE('',*,*,#3638,.T.);
#4743=ORIENTED_EDGE('',*,*,#3639,.F.);
#4744=ORIENTED_EDGE('',*,*,#3634,.F.);
#4745=ORIENTED_EDGE('',*,*,#3640,.T.);
#4746=ORIENTED_EDGE('',*,*,#3641,.T.);
#4747=ORIENTED_EDGE('',*,*,#3642,.T.);
#4748=ORIENTED_EDGE('',*,*,#3643,.T.);
#4749=ORIENTED_EDGE('',*,*,#3643,.F.);
#4750=ORIENTED_EDGE('',*,*,#3644,.F.);
#4751=ORIENTED_EDGE('',*,*,#3645,.T.);
#4752=ORIENTED_EDGE('',*,*,#3646,.T.);
#4753=ORIENTED_EDGE('',*,*,#3647,.T.);
#4754=ORIENTED_EDGE('',*,*,#3648,.F.);
#4755=ORIENTED_EDGE('',*,*,#3649,.T.);
#4756=ORIENTED_EDGE('',*,*,#3650,.T.);
#4757=ORIENTED_EDGE('',*,*,#3651,.F.);
#4758=ORIENTED_EDGE('',*,*,#3652,.T.);
#4759=ORIENTED_EDGE('',*,*,#3653,.F.);
#4760=ORIENTED_EDGE('',*,*,#3654,.F.);
#4761=ORIENTED_EDGE('',*,*,#3641,.F.);
#4762=ORIENTED_EDGE('',*,*,#3655,.F.);
#4763=ORIENTED_EDGE('',*,*,#3656,.F.);
#4764=ORIENTED_EDGE('',*,*,#3657,.T.);
#4765=ORIENTED_EDGE('',*,*,#3651,.T.);
#4766=ORIENTED_EDGE('',*,*,#3658,.T.);
#4767=ORIENTED_EDGE('',*,*,#3659,.F.);
#4768=ORIENTED_EDGE('',*,*,#3660,.F.);
#4769=ORIENTED_EDGE('',*,*,#3661,.T.);
#4770=ORIENTED_EDGE('',*,*,#3662,.T.);
#4771=ORIENTED_EDGE('',*,*,#3663,.T.);
#4772=ORIENTED_EDGE('',*,*,#3664,.F.);
#4773=ORIENTED_EDGE('',*,*,#3640,.F.);
#4774=ORIENTED_EDGE('',*,*,#3650,.F.);
#4775=ORIENTED_EDGE('',*,*,#3665,.T.);
#4776=ORIENTED_EDGE('',*,*,#3666,.F.);
#4777=ORIENTED_EDGE('',*,*,#3655,.T.);
#4778=ORIENTED_EDGE('',*,*,#3654,.T.);
#4779=ORIENTED_EDGE('',*,*,#3667,.F.);
#4780=ORIENTED_EDGE('',*,*,#3415,.F.);
#4781=ORIENTED_EDGE('',*,*,#3668,.F.);
#4782=ORIENTED_EDGE('',*,*,#3658,.F.);
#4783=ORIENTED_EDGE('',*,*,#3653,.T.);
#4784=ORIENTED_EDGE('',*,*,#3669,.T.);
#4785=ORIENTED_EDGE('',*,*,#3656,.T.);
#4786=ORIENTED_EDGE('',*,*,#3666,.T.);
#4787=ORIENTED_EDGE('',*,*,#3670,.T.);
#4788=ORIENTED_EDGE('',*,*,#3424,.T.);
#4789=ORIENTED_EDGE('',*,*,#3671,.T.);
#4790=ORIENTED_EDGE('',*,*,#3672,.T.);
#4791=ORIENTED_EDGE('',*,*,#3673,.T.);
#4792=ORIENTED_EDGE('',*,*,#3674,.T.);
#4793=ORIENTED_EDGE('',*,*,#3675,.T.);
#4794=ORIENTED_EDGE('',*,*,#3635,.T.);
#4795=ORIENTED_EDGE('',*,*,#3639,.T.);
#4796=ORIENTED_EDGE('',*,*,#3676,.T.);
#4797=ORIENTED_EDGE('',*,*,#3677,.T.);
#4798=ORIENTED_EDGE('',*,*,#3678,.T.);
#4799=ORIENTED_EDGE('',*,*,#3416,.T.);
#4800=ORIENTED_EDGE('',*,*,#3667,.T.);
#4801=ORIENTED_EDGE('',*,*,#3679,.T.);
#4802=ORIENTED_EDGE('',*,*,#3680,.F.);
#4803=ORIENTED_EDGE('',*,*,#3681,.T.);
#4804=ORIENTED_EDGE('',*,*,#3682,.F.);
#4805=ORIENTED_EDGE('',*,*,#3683,.T.);
#4806=ORIENTED_EDGE('',*,*,#3684,.T.);
#4807=ORIENTED_EDGE('',*,*,#3685,.T.);
#4808=ORIENTED_EDGE('',*,*,#3686,.F.);
#4809=ORIENTED_EDGE('',*,*,#3687,.T.);
#4810=ORIENTED_EDGE('',*,*,#3688,.F.);
#4811=ORIENTED_EDGE('',*,*,#3689,.T.);
#4812=ORIENTED_EDGE('',*,*,#3690,.F.);
#4813=ORIENTED_EDGE('',*,*,#3691,.T.);
#4814=ORIENTED_EDGE('',*,*,#3692,.F.);
#4815=ORIENTED_EDGE('',*,*,#3693,.F.);
#4816=ORIENTED_EDGE('',*,*,#3694,.F.);
#4817=ORIENTED_EDGE('',*,*,#3677,.F.);
#4818=ORIENTED_EDGE('',*,*,#3695,.T.);
#4819=ORIENTED_EDGE('',*,*,#3694,.T.);
#4820=ORIENTED_EDGE('',*,*,#3696,.T.);
#4821=ORIENTED_EDGE('',*,*,#3697,.F.);
#4822=ORIENTED_EDGE('',*,*,#3417,.F.);
#4823=ORIENTED_EDGE('',*,*,#3678,.F.);
#4824=ORIENTED_EDGE('',*,*,#3693,.T.);
#4825=ORIENTED_EDGE('',*,*,#3698,.T.);
#4826=ORIENTED_EDGE('',*,*,#3699,.T.);
#4827=ORIENTED_EDGE('',*,*,#3700,.T.);
#4828=ORIENTED_EDGE('',*,*,#3701,.T.);
#4829=ORIENTED_EDGE('',*,*,#3702,.T.);
#4830=ORIENTED_EDGE('',*,*,#3703,.F.);
#4831=ORIENTED_EDGE('',*,*,#3696,.F.);
#4832=ORIENTED_EDGE('',*,*,#3668,.T.);
#4833=ORIENTED_EDGE('',*,*,#3414,.T.);
#4834=ORIENTED_EDGE('',*,*,#3704,.T.);
#4835=ORIENTED_EDGE('',*,*,#3659,.T.);
#4836=ORIENTED_EDGE('',*,*,#3663,.F.);
#4837=ORIENTED_EDGE('',*,*,#3705,.F.);
#4838=ORIENTED_EDGE('',*,*,#3706,.F.);
#4839=ORIENTED_EDGE('',*,*,#3707,.F.);
#4840=ORIENTED_EDGE('',*,*,#3661,.F.);
#4841=ORIENTED_EDGE('',*,*,#3708,.F.);
#4842=ORIENTED_EDGE('',*,*,#3709,.F.);
#4843=ORIENTED_EDGE('',*,*,#3710,.T.);
#4844=ORIENTED_EDGE('',*,*,#3662,.F.);
#4845=ORIENTED_EDGE('',*,*,#3710,.F.);
#4846=ORIENTED_EDGE('',*,*,#3711,.F.);
#4847=ORIENTED_EDGE('',*,*,#3705,.T.);
#4848=ORIENTED_EDGE('',*,*,#3646,.F.);
#4849=ORIENTED_EDGE('',*,*,#3712,.F.);
#4850=ORIENTED_EDGE('',*,*,#3713,.F.);
#4851=ORIENTED_EDGE('',*,*,#3714,.T.);
#4852=ORIENTED_EDGE('',*,*,#3647,.F.);
#4853=ORIENTED_EDGE('',*,*,#3714,.F.);
#4854=ORIENTED_EDGE('',*,*,#3715,.F.);
#4855=ORIENTED_EDGE('',*,*,#3716,.F.);
#4856=ORIENTED_EDGE('',*,*,#3645,.F.);
#4857=ORIENTED_EDGE('',*,*,#3717,.F.);
#4858=ORIENTED_EDGE('',*,*,#3718,.F.);
#4859=ORIENTED_EDGE('',*,*,#3712,.T.);
#4860=ORIENTED_EDGE('',*,*,#3716,.T.);
#4861=ORIENTED_EDGE('',*,*,#3719,.F.);
#4862=ORIENTED_EDGE('',*,*,#3720,.F.);
#4863=ORIENTED_EDGE('',*,*,#3648,.T.);
#4864=ORIENTED_EDGE('',*,*,#3707,.T.);
#4865=ORIENTED_EDGE('',*,*,#3721,.F.);
#4866=ORIENTED_EDGE('',*,*,#3717,.T.);
#4867=ORIENTED_EDGE('',*,*,#3644,.T.);
#4868=ORIENTED_EDGE('',*,*,#3642,.F.);
#4869=ORIENTED_EDGE('',*,*,#3657,.F.);
#4870=ORIENTED_EDGE('',*,*,#3669,.F.);
#4871=ORIENTED_EDGE('',*,*,#3652,.F.);
#4872=ORIENTED_EDGE('',*,*,#3664,.T.);
#4873=ORIENTED_EDGE('',*,*,#3708,.T.);
#4874=ORIENTED_EDGE('',*,*,#3660,.T.);
#4875=ORIENTED_EDGE('',*,*,#3704,.F.);
#4876=ORIENTED_EDGE('',*,*,#3413,.F.);
#4877=ORIENTED_EDGE('',*,*,#3722,.F.);
#4878=ORIENTED_EDGE('',*,*,#3709,.T.);
#4879=ORIENTED_EDGE('',*,*,#3722,.T.);
#4880=ORIENTED_EDGE('',*,*,#3412,.F.);
#4881=ORIENTED_EDGE('',*,*,#3422,.F.);
#4882=ORIENTED_EDGE('',*,*,#3426,.F.);
#4883=ORIENTED_EDGE('',*,*,#3723,.F.);
#4884=ORIENTED_EDGE('',*,*,#3719,.T.);
#4885=ORIENTED_EDGE('',*,*,#3715,.T.);
#4886=ORIENTED_EDGE('',*,*,#3713,.T.);
#4887=ORIENTED_EDGE('',*,*,#3718,.T.);
#4888=ORIENTED_EDGE('',*,*,#3721,.T.);
#4889=ORIENTED_EDGE('',*,*,#3706,.T.);
#4890=ORIENTED_EDGE('',*,*,#3711,.T.);
#4891=ORIENTED_EDGE('',*,*,#3720,.T.);
#4892=ORIENTED_EDGE('',*,*,#3723,.T.);
#4893=ORIENTED_EDGE('',*,*,#3425,.F.);
#4894=ORIENTED_EDGE('',*,*,#3670,.F.);
#4895=ORIENTED_EDGE('',*,*,#3665,.F.);
#4896=ORIENTED_EDGE('',*,*,#3649,.F.);
#4897=ORIENTED_EDGE('',*,*,#3697,.T.);
#4898=ORIENTED_EDGE('',*,*,#3703,.T.);
#4899=ORIENTED_EDGE('',*,*,#3724,.T.);
#4900=ORIENTED_EDGE('',*,*,#3418,.T.);
#4901=ORIENTED_EDGE('',*,*,#3631,.F.);
#4902=ORIENTED_EDGE('',*,*,#3637,.F.);
#4903=ORIENTED_EDGE('',*,*,#3725,.F.);
#4904=ORIENTED_EDGE('',*,*,#3726,.T.);
#4905=ORIENTED_EDGE('',*,*,#3727,.T.);
#4906=ORIENTED_EDGE('',*,*,#3728,.T.);
#4907=ORIENTED_EDGE('',*,*,#3729,.T.);
#4908=ORIENTED_EDGE('',*,*,#3730,.T.);
#4909=ORIENTED_EDGE('',*,*,#3699,.F.);
#4910=ORIENTED_EDGE('',*,*,#3731,.F.);
#4911=ORIENTED_EDGE('',*,*,#3732,.F.);
#4912=ORIENTED_EDGE('',*,*,#3733,.T.);
#4913=ORIENTED_EDGE('',*,*,#3701,.F.);
#4914=ORIENTED_EDGE('',*,*,#3734,.F.);
#4915=ORIENTED_EDGE('',*,*,#3735,.F.);
#4916=ORIENTED_EDGE('',*,*,#3736,.F.);
#4917=ORIENTED_EDGE('',*,*,#3700,.F.);
#4918=ORIENTED_EDGE('',*,*,#3733,.F.);
#4919=ORIENTED_EDGE('',*,*,#3737,.F.);
#4920=ORIENTED_EDGE('',*,*,#3734,.T.);
#4921=ORIENTED_EDGE('',*,*,#3735,.T.);
#4922=ORIENTED_EDGE('',*,*,#3737,.T.);
#4923=ORIENTED_EDGE('',*,*,#3732,.T.);
#4924=ORIENTED_EDGE('',*,*,#3738,.F.);
#4925=ORIENTED_EDGE('',*,*,#3739,.T.);
#4926=ORIENTED_EDGE('',*,*,#3740,.T.);
#4927=ORIENTED_EDGE('',*,*,#3741,.T.);
#4928=ORIENTED_EDGE('',*,*,#3742,.F.);
#4929=ORIENTED_EDGE('',*,*,#3743,.T.);
#4930=ORIENTED_EDGE('',*,*,#3744,.F.);
#4931=ORIENTED_EDGE('',*,*,#3409,.F.);
#4932=ORIENTED_EDGE('',*,*,#3420,.F.);
#4933=ORIENTED_EDGE('',*,*,#3745,.F.);
#4934=ORIENTED_EDGE('',*,*,#3731,.T.);
#4935=ORIENTED_EDGE('',*,*,#3698,.F.);
#4936=ORIENTED_EDGE('',*,*,#3695,.F.);
#4937=ORIENTED_EDGE('',*,*,#3676,.F.);
#4938=ORIENTED_EDGE('',*,*,#3638,.F.);
#4939=ORIENTED_EDGE('',*,*,#3632,.F.);
#4940=ORIENTED_EDGE('',*,*,#3730,.F.);
#4941=ORIENTED_EDGE('',*,*,#3746,.T.);
#4942=ORIENTED_EDGE('',*,*,#3738,.T.);
#4943=ORIENTED_EDGE('',*,*,#3728,.F.);
#4944=ORIENTED_EDGE('',*,*,#3747,.F.);
#4945=ORIENTED_EDGE('',*,*,#3740,.F.);
#4946=ORIENTED_EDGE('',*,*,#3748,.T.);
#4947=ORIENTED_EDGE('',*,*,#3727,.F.);
#4948=ORIENTED_EDGE('',*,*,#3749,.F.);
#4949=ORIENTED_EDGE('',*,*,#3741,.F.);
#4950=ORIENTED_EDGE('',*,*,#3747,.T.);
#4951=ORIENTED_EDGE('',*,*,#3729,.F.);
#4952=ORIENTED_EDGE('',*,*,#3748,.F.);
#4953=ORIENTED_EDGE('',*,*,#3739,.F.);
#4954=ORIENTED_EDGE('',*,*,#3746,.F.);
#4955=ORIENTED_EDGE('',*,*,#3749,.T.);
#4956=ORIENTED_EDGE('',*,*,#3726,.F.);
#4957=ORIENTED_EDGE('',*,*,#3750,.T.);
#4958=ORIENTED_EDGE('',*,*,#3742,.T.);
#4959=ORIENTED_EDGE('',*,*,#3751,.T.);
#4960=ORIENTED_EDGE('',*,*,#3752,.T.);
#4961=ORIENTED_EDGE('',*,*,#3753,.T.);
#4962=ORIENTED_EDGE('',*,*,#3754,.T.);
#4963=ORIENTED_EDGE('',*,*,#3755,.T.);
#4964=ORIENTED_EDGE('',*,*,#3756,.F.);
#4965=ORIENTED_EDGE('',*,*,#3757,.T.);
#4966=ORIENTED_EDGE('',*,*,#3758,.T.);
#4967=ORIENTED_EDGE('',*,*,#3759,.T.);
#4968=ORIENTED_EDGE('',*,*,#3760,.T.);
#4969=ORIENTED_EDGE('',*,*,#3761,.T.);
#4970=ORIENTED_EDGE('',*,*,#3762,.T.);
#4971=ORIENTED_EDGE('',*,*,#3763,.T.);
#4972=ORIENTED_EDGE('',*,*,#3764,.T.);
#4973=ORIENTED_EDGE('',*,*,#3765,.T.);
#4974=ORIENTED_EDGE('',*,*,#3766,.T.);
#4975=ORIENTED_EDGE('',*,*,#3767,.T.);
#4976=ORIENTED_EDGE('',*,*,#3768,.T.);
#4977=ORIENTED_EDGE('',*,*,#3769,.T.);
#4978=ORIENTED_EDGE('',*,*,#3770,.T.);
#4979=ORIENTED_EDGE('',*,*,#3771,.T.);
#4980=ORIENTED_EDGE('',*,*,#3772,.T.);
#4981=ORIENTED_EDGE('',*,*,#3773,.T.);
#4982=ORIENTED_EDGE('',*,*,#3774,.T.);
#4983=ORIENTED_EDGE('',*,*,#3775,.T.);
#4984=ORIENTED_EDGE('',*,*,#3776,.T.);
#4985=ORIENTED_EDGE('',*,*,#3777,.T.);
#4986=ORIENTED_EDGE('',*,*,#3778,.T.);
#4987=ORIENTED_EDGE('',*,*,#3779,.T.);
#4988=ORIENTED_EDGE('',*,*,#3780,.T.);
#4989=ORIENTED_EDGE('',*,*,#3781,.T.);
#4990=ORIENTED_EDGE('',*,*,#3782,.T.);
#4991=ORIENTED_EDGE('',*,*,#3783,.T.);
#4992=ORIENTED_EDGE('',*,*,#3784,.T.);
#4993=ORIENTED_EDGE('',*,*,#3785,.T.);
#4994=ORIENTED_EDGE('',*,*,#3786,.T.);
#4995=ORIENTED_EDGE('',*,*,#3787,.T.);
#4996=ORIENTED_EDGE('',*,*,#3788,.T.);
#4997=ORIENTED_EDGE('',*,*,#3789,.T.);
#4998=ORIENTED_EDGE('',*,*,#3790,.T.);
#4999=ORIENTED_EDGE('',*,*,#3791,.T.);
#5000=ORIENTED_EDGE('',*,*,#3792,.T.);
#5001=ORIENTED_EDGE('',*,*,#3793,.T.);
#5002=ORIENTED_EDGE('',*,*,#3794,.T.);
#5003=ORIENTED_EDGE('',*,*,#3795,.T.);
#5004=ORIENTED_EDGE('',*,*,#3796,.T.);
#5005=ORIENTED_EDGE('',*,*,#3797,.T.);
#5006=ORIENTED_EDGE('',*,*,#3798,.T.);
#5007=ORIENTED_EDGE('',*,*,#3799,.T.);
#5008=ORIENTED_EDGE('',*,*,#3800,.T.);
#5009=ORIENTED_EDGE('',*,*,#3801,.T.);
#5010=ORIENTED_EDGE('',*,*,#3802,.T.);
#5011=ORIENTED_EDGE('',*,*,#3803,.T.);
#5012=ORIENTED_EDGE('',*,*,#3804,.T.);
#5013=ORIENTED_EDGE('',*,*,#3805,.T.);
#5014=ORIENTED_EDGE('',*,*,#3806,.T.);
#5015=ORIENTED_EDGE('',*,*,#3807,.T.);
#5016=ORIENTED_EDGE('',*,*,#3808,.T.);
#5017=ORIENTED_EDGE('',*,*,#3809,.T.);
#5018=ORIENTED_EDGE('',*,*,#3810,.T.);
#5019=ORIENTED_EDGE('',*,*,#3811,.T.);
#5020=ORIENTED_EDGE('',*,*,#3812,.T.);
#5021=ORIENTED_EDGE('',*,*,#3813,.T.);
#5022=ORIENTED_EDGE('',*,*,#3814,.T.);
#5023=ORIENTED_EDGE('',*,*,#3815,.T.);
#5024=ORIENTED_EDGE('',*,*,#3816,.T.);
#5025=ORIENTED_EDGE('',*,*,#3817,.T.);
#5026=ORIENTED_EDGE('',*,*,#3818,.T.);
#5027=ORIENTED_EDGE('',*,*,#3819,.T.);
#5028=ORIENTED_EDGE('',*,*,#3820,.T.);
#5029=ORIENTED_EDGE('',*,*,#3821,.T.);
#5030=ORIENTED_EDGE('',*,*,#3822,.T.);
#5031=ORIENTED_EDGE('',*,*,#3823,.T.);
#5032=ORIENTED_EDGE('',*,*,#3824,.T.);
#5033=ORIENTED_EDGE('',*,*,#3825,.T.);
#5034=ORIENTED_EDGE('',*,*,#3826,.T.);
#5035=ORIENTED_EDGE('',*,*,#3827,.T.);
#5036=ORIENTED_EDGE('',*,*,#3828,.T.);
#5037=ORIENTED_EDGE('',*,*,#3829,.T.);
#5038=ORIENTED_EDGE('',*,*,#3830,.T.);
#5039=ORIENTED_EDGE('',*,*,#3831,.T.);
#5040=ORIENTED_EDGE('',*,*,#3832,.T.);
#5041=ORIENTED_EDGE('',*,*,#3833,.T.);
#5042=ORIENTED_EDGE('',*,*,#3834,.T.);
#5043=ORIENTED_EDGE('',*,*,#3835,.T.);
#5044=ORIENTED_EDGE('',*,*,#3836,.T.);
#5045=ORIENTED_EDGE('',*,*,#3837,.T.);
#5046=ORIENTED_EDGE('',*,*,#3838,.T.);
#5047=ORIENTED_EDGE('',*,*,#3839,.T.);
#5048=ORIENTED_EDGE('',*,*,#3840,.F.);
#5049=ORIENTED_EDGE('',*,*,#3841,.T.);
#5050=ORIENTED_EDGE('',*,*,#3842,.T.);
#5051=ORIENTED_EDGE('',*,*,#3843,.T.);
#5052=ORIENTED_EDGE('',*,*,#3844,.T.);
#5053=ORIENTED_EDGE('',*,*,#3845,.T.);
#5054=ORIENTED_EDGE('',*,*,#3846,.T.);
#5055=ORIENTED_EDGE('',*,*,#3847,.T.);
#5056=ORIENTED_EDGE('',*,*,#3848,.T.);
#5057=ORIENTED_EDGE('',*,*,#3849,.T.);
#5058=ORIENTED_EDGE('',*,*,#3850,.T.);
#5059=ORIENTED_EDGE('',*,*,#3851,.T.);
#5060=ORIENTED_EDGE('',*,*,#3852,.T.);
#5061=ORIENTED_EDGE('',*,*,#3853,.T.);
#5062=ORIENTED_EDGE('',*,*,#3854,.T.);
#5063=ORIENTED_EDGE('',*,*,#3855,.T.);
#5064=ORIENTED_EDGE('',*,*,#3856,.T.);
#5065=ORIENTED_EDGE('',*,*,#3857,.T.);
#5066=ORIENTED_EDGE('',*,*,#3858,.T.);
#5067=ORIENTED_EDGE('',*,*,#3859,.T.);
#5068=ORIENTED_EDGE('',*,*,#3860,.T.);
#5069=ORIENTED_EDGE('',*,*,#3861,.T.);
#5070=ORIENTED_EDGE('',*,*,#3862,.T.);
#5071=ORIENTED_EDGE('',*,*,#3863,.F.);
#5072=ORIENTED_EDGE('',*,*,#3679,.F.);
#5073=ORIENTED_EDGE('',*,*,#3864,.F.);
#5074=ORIENTED_EDGE('',*,*,#3562,.F.);
#5075=ORIENTED_EDGE('',*,*,#3865,.F.);
#5076=ORIENTED_EDGE('',*,*,#3689,.F.);
#5077=ORIENTED_EDGE('',*,*,#3866,.F.);
#5078=ORIENTED_EDGE('',*,*,#3596,.F.);
#5079=ORIENTED_EDGE('',*,*,#3864,.T.);
#5080=ORIENTED_EDGE('',*,*,#3692,.T.);
#5081=ORIENTED_EDGE('',*,*,#3867,.T.);
#5082=ORIENTED_EDGE('',*,*,#3563,.F.);
#5083=ORIENTED_EDGE('',*,*,#3866,.T.);
#5084=ORIENTED_EDGE('',*,*,#3688,.T.);
#5085=ORIENTED_EDGE('',*,*,#3868,.T.);
#5086=ORIENTED_EDGE('',*,*,#3597,.F.);
#5087=ORIENTED_EDGE('',*,*,#3736,.T.);
#5088=ORIENTED_EDGE('',*,*,#3745,.T.);
#5089=ORIENTED_EDGE('',*,*,#3419,.F.);
#5090=ORIENTED_EDGE('',*,*,#3724,.F.);
#5091=ORIENTED_EDGE('',*,*,#3702,.F.);
#5092=ORIENTED_EDGE('',*,*,#3750,.F.);
#5093=ORIENTED_EDGE('',*,*,#3725,.T.);
#5094=ORIENTED_EDGE('',*,*,#3636,.T.);
#5095=ORIENTED_EDGE('',*,*,#3675,.F.);
#5096=ORIENTED_EDGE('',*,*,#3869,.F.);
#5097=ORIENTED_EDGE('',*,*,#3743,.F.);
#5098=ORIENTED_EDGE('',*,*,#3398,.F.);
#5099=ORIENTED_EDGE('',*,*,#3410,.T.);
#5100=ORIENTED_EDGE('',*,*,#3744,.T.);
#5101=ORIENTED_EDGE('',*,*,#3869,.T.);
#5102=ORIENTED_EDGE('',*,*,#3674,.F.);
#5103=ORIENTED_EDGE('',*,*,#3870,.F.);
#5104=ORIENTED_EDGE('',*,*,#3865,.T.);
#5105=ORIENTED_EDGE('',*,*,#3595,.F.);
#5106=ORIENTED_EDGE('',*,*,#3871,.T.);
#5107=ORIENTED_EDGE('',*,*,#3690,.T.);
#5108=ORIENTED_EDGE('',*,*,#3871,.F.);
#5109=ORIENTED_EDGE('',*,*,#3594,.F.);
#5110=ORIENTED_EDGE('',*,*,#3517,.T.);
#5111=ORIENTED_EDGE('',*,*,#3500,.F.);
#5112=ORIENTED_EDGE('',*,*,#3872,.T.);
#5113=ORIENTED_EDGE('',*,*,#3873,.T.);
#5114=ORIENTED_EDGE('',*,*,#3874,.F.);
#5115=ORIENTED_EDGE('',*,*,#3618,.F.);
#5116=ORIENTED_EDGE('',*,*,#3875,.T.);
#5117=ORIENTED_EDGE('',*,*,#3876,.T.);
#5118=ORIENTED_EDGE('',*,*,#3877,.T.);
#5119=ORIENTED_EDGE('',*,*,#3474,.F.);
#5120=ORIENTED_EDGE('',*,*,#3545,.F.);
#5121=ORIENTED_EDGE('',*,*,#3564,.F.);
#5122=ORIENTED_EDGE('',*,*,#3867,.F.);
#5123=ORIENTED_EDGE('',*,*,#3691,.F.);
#5124=ORIENTED_EDGE('',*,*,#3878,.F.);
#5125=ORIENTED_EDGE('',*,*,#3879,.T.);
#5126=ORIENTED_EDGE('',*,*,#3880,.T.);
#5127=ORIENTED_EDGE('',*,*,#3756,.T.);
#5128=ORIENTED_EDGE('',*,*,#3881,.F.);
#5129=ORIENTED_EDGE('',*,*,#3882,.T.);
#5130=ORIENTED_EDGE('',*,*,#3883,.T.);
#5131=ORIENTED_EDGE('',*,*,#3840,.T.);
#5132=ORIENTED_EDGE('',*,*,#3863,.T.);
#5133=ORIENTED_EDGE('',*,*,#3561,.F.);
#5134=ORIENTED_EDGE('',*,*,#3884,.T.);
#5135=ORIENTED_EDGE('',*,*,#3680,.T.);
#5136=ORIENTED_EDGE('',*,*,#3682,.T.);
#5137=ORIENTED_EDGE('',*,*,#3885,.T.);
#5138=ORIENTED_EDGE('',*,*,#3577,.F.);
#5139=ORIENTED_EDGE('',*,*,#3886,.T.);
#5140=ORIENTED_EDGE('',*,*,#3581,.F.);
#5141=ORIENTED_EDGE('',*,*,#3887,.T.);
#5142=ORIENTED_EDGE('',*,*,#3686,.T.);
#5143=ORIENTED_EDGE('',*,*,#3888,.F.);
#5144=ORIENTED_EDGE('',*,*,#3868,.F.);
#5145=ORIENTED_EDGE('',*,*,#3687,.F.);
#5146=ORIENTED_EDGE('',*,*,#3887,.F.);
#5147=ORIENTED_EDGE('',*,*,#3580,.F.);
#5148=ORIENTED_EDGE('',*,*,#3531,.F.);
#5149=ORIENTED_EDGE('',*,*,#3598,.F.);
#5150=ORIENTED_EDGE('',*,*,#3889,.F.);
#5151=ORIENTED_EDGE('',*,*,#3890,.F.);
#5152=ORIENTED_EDGE('',*,*,#3891,.F.);
#5153=ORIENTED_EDGE('',*,*,#3892,.F.);
#5154=ORIENTED_EDGE('',*,*,#3893,.F.);
#5155=ORIENTED_EDGE('',*,*,#3894,.F.);
#5156=ORIENTED_EDGE('',*,*,#3895,.F.);
#5157=ORIENTED_EDGE('',*,*,#3896,.T.);
#5158=ORIENTED_EDGE('',*,*,#3891,.T.);
#5159=ORIENTED_EDGE('',*,*,#3897,.F.);
#5160=ORIENTED_EDGE('',*,*,#3427,.F.);
#5161=ORIENTED_EDGE('',*,*,#3898,.T.);
#5162=ORIENTED_EDGE('',*,*,#3899,.T.);
#5163=ORIENTED_EDGE('',*,*,#3900,.F.);
#5164=ORIENTED_EDGE('',*,*,#3463,.F.);
#5165=ORIENTED_EDGE('',*,*,#3901,.T.);
#5166=ORIENTED_EDGE('',*,*,#3892,.T.);
#5167=ORIENTED_EDGE('',*,*,#3896,.F.);
#5168=ORIENTED_EDGE('',*,*,#3899,.F.);
#5169=ORIENTED_EDGE('',*,*,#3902,.F.);
#5170=ORIENTED_EDGE('',*,*,#3903,.F.);
#5171=ORIENTED_EDGE('',*,*,#3904,.F.);
#5172=ORIENTED_EDGE('',*,*,#3905,.T.);
#5173=ORIENTED_EDGE('',*,*,#3906,.T.);
#5174=ORIENTED_EDGE('',*,*,#3894,.T.);
#5175=ORIENTED_EDGE('',*,*,#3907,.F.);
#5176=ORIENTED_EDGE('',*,*,#3465,.F.);
#5177=ORIENTED_EDGE('',*,*,#3908,.T.);
#5178=ORIENTED_EDGE('',*,*,#3903,.T.);
#5179=ORIENTED_EDGE('',*,*,#3909,.F.);
#5180=ORIENTED_EDGE('',*,*,#3429,.F.);
#5181=ORIENTED_EDGE('',*,*,#3910,.T.);
#5182=ORIENTED_EDGE('',*,*,#3889,.T.);
#5183=ORIENTED_EDGE('',*,*,#3906,.F.);
#5184=ORIENTED_EDGE('',*,*,#3428,.F.);
#5185=ORIENTED_EDGE('',*,*,#3897,.T.);
#5186=ORIENTED_EDGE('',*,*,#3890,.T.);
#5187=ORIENTED_EDGE('',*,*,#3910,.F.);
#5188=ORIENTED_EDGE('',*,*,#3430,.F.);
#5189=ORIENTED_EDGE('',*,*,#3909,.T.);
#5190=ORIENTED_EDGE('',*,*,#3902,.T.);
#5191=ORIENTED_EDGE('',*,*,#3898,.F.);
#5192=ORIENTED_EDGE('',*,*,#3464,.F.);
#5193=ORIENTED_EDGE('',*,*,#3900,.T.);
#5194=ORIENTED_EDGE('',*,*,#3904,.T.);
#5195=ORIENTED_EDGE('',*,*,#3908,.F.);
#5196=ORIENTED_EDGE('',*,*,#3466,.F.);
#5197=ORIENTED_EDGE('',*,*,#3907,.T.);
#5198=ORIENTED_EDGE('',*,*,#3893,.T.);
#5199=ORIENTED_EDGE('',*,*,#3901,.F.);
#5200=ORIENTED_EDGE('',*,*,#3911,.F.);
#5201=ORIENTED_EDGE('',*,*,#3912,.F.);
#5202=ORIENTED_EDGE('',*,*,#3340,.F.);
#5203=ORIENTED_EDGE('',*,*,#3337,.F.);
#5204=ORIENTED_EDGE('',*,*,#3334,.F.);
#5205=ORIENTED_EDGE('',*,*,#3331,.F.);
#5206=ORIENTED_EDGE('',*,*,#3328,.F.);
#5207=ORIENTED_EDGE('',*,*,#3325,.F.);
#5208=ORIENTED_EDGE('',*,*,#3322,.F.);
#5209=ORIENTED_EDGE('',*,*,#3629,.F.);
#5210=ORIENTED_EDGE('',*,*,#3913,.T.);
#5211=ORIENTED_EDGE('',*,*,#3359,.T.);
#5212=ORIENTED_EDGE('',*,*,#3356,.T.);
#5213=ORIENTED_EDGE('',*,*,#3353,.T.);
#5214=ORIENTED_EDGE('',*,*,#3350,.T.);
#5215=ORIENTED_EDGE('',*,*,#3347,.T.);
#5216=ORIENTED_EDGE('',*,*,#3344,.T.);
#5217=ORIENTED_EDGE('',*,*,#3357,.T.);
#5218=ORIENTED_EDGE('',*,*,#3913,.F.);
#5219=ORIENTED_EDGE('',*,*,#3628,.F.);
#5220=ORIENTED_EDGE('',*,*,#3914,.T.);
#5221=ORIENTED_EDGE('',*,*,#3915,.F.);
#5222=ORIENTED_EDGE('',*,*,#3342,.F.);
#5223=ORIENTED_EDGE('',*,*,#3346,.F.);
#5224=ORIENTED_EDGE('',*,*,#3349,.F.);
#5225=ORIENTED_EDGE('',*,*,#3352,.F.);
#5226=ORIENTED_EDGE('',*,*,#3355,.F.);
#5227=ORIENTED_EDGE('',*,*,#3358,.F.);
#5228=ORIENTED_EDGE('',*,*,#3914,.F.);
#5229=ORIENTED_EDGE('',*,*,#3627,.F.);
#5230=ORIENTED_EDGE('',*,*,#3320,.F.);
#5231=ORIENTED_EDGE('',*,*,#3324,.F.);
#5232=ORIENTED_EDGE('',*,*,#3327,.F.);
#5233=ORIENTED_EDGE('',*,*,#3330,.F.);
#5234=ORIENTED_EDGE('',*,*,#3333,.F.);
#5235=ORIENTED_EDGE('',*,*,#3336,.F.);
#5236=ORIENTED_EDGE('',*,*,#3339,.F.);
#5237=ORIENTED_EDGE('',*,*,#3916,.F.);
#5238=ORIENTED_EDGE('',*,*,#3338,.T.);
#5239=ORIENTED_EDGE('',*,*,#3912,.T.);
#5240=ORIENTED_EDGE('',*,*,#3917,.T.);
#5241=ORIENTED_EDGE('',*,*,#3916,.T.);
#5242=ORIENTED_EDGE('',*,*,#3918,.T.);
#5243=ORIENTED_EDGE('',*,*,#3919,.T.);
#5244=ORIENTED_EDGE('',*,*,#3920,.T.);
#5245=ORIENTED_EDGE('',*,*,#3921,.T.);
#5246=ORIENTED_EDGE('',*,*,#3922,.T.);
#5247=ORIENTED_EDGE('',*,*,#3923,.T.);
#5248=ORIENTED_EDGE('',*,*,#3924,.T.);
#5249=ORIENTED_EDGE('',*,*,#3925,.T.);
#5250=ORIENTED_EDGE('',*,*,#3922,.F.);
#5251=ORIENTED_EDGE('',*,*,#3926,.T.);
#5252=ORIENTED_EDGE('',*,*,#3821,.F.);
#5253=ORIENTED_EDGE('',*,*,#3927,.F.);
#5254=ORIENTED_EDGE('',*,*,#3928,.T.);
#5255=ORIENTED_EDGE('',*,*,#3921,.F.);
#5256=ORIENTED_EDGE('',*,*,#3929,.T.);
#5257=ORIENTED_EDGE('',*,*,#3822,.F.);
#5258=ORIENTED_EDGE('',*,*,#3926,.F.);
#5259=ORIENTED_EDGE('',*,*,#3920,.F.);
#5260=ORIENTED_EDGE('',*,*,#3930,.T.);
#5261=ORIENTED_EDGE('',*,*,#3931,.T.);
#5262=ORIENTED_EDGE('',*,*,#3807,.F.);
#5263=ORIENTED_EDGE('',*,*,#3929,.F.);
#5264=ORIENTED_EDGE('',*,*,#3919,.F.);
#5265=ORIENTED_EDGE('',*,*,#3932,.F.);
#5266=ORIENTED_EDGE('',*,*,#3933,.F.);
#5267=ORIENTED_EDGE('',*,*,#3930,.F.);
#5268=ORIENTED_EDGE('',*,*,#3934,.T.);
#5269=ORIENTED_EDGE('',*,*,#3935,.T.);
#5270=ORIENTED_EDGE('',*,*,#3936,.T.);
#5271=ORIENTED_EDGE('',*,*,#3937,.T.);
#5272=ORIENTED_EDGE('',*,*,#3938,.T.);
#5273=ORIENTED_EDGE('',*,*,#3939,.T.);
#5274=ORIENTED_EDGE('',*,*,#3940,.T.);
#5275=ORIENTED_EDGE('',*,*,#3941,.T.);
#5276=ORIENTED_EDGE('',*,*,#3938,.F.);
#5277=ORIENTED_EDGE('',*,*,#3942,.T.);
#5278=ORIENTED_EDGE('',*,*,#3785,.F.);
#5279=ORIENTED_EDGE('',*,*,#3943,.F.);
#5280=ORIENTED_EDGE('',*,*,#3944,.T.);
#5281=ORIENTED_EDGE('',*,*,#3937,.F.);
#5282=ORIENTED_EDGE('',*,*,#3945,.T.);
#5283=ORIENTED_EDGE('',*,*,#3786,.F.);
#5284=ORIENTED_EDGE('',*,*,#3942,.F.);
#5285=ORIENTED_EDGE('',*,*,#3936,.F.);
#5286=ORIENTED_EDGE('',*,*,#3946,.T.);
#5287=ORIENTED_EDGE('',*,*,#3947,.T.);
#5288=ORIENTED_EDGE('',*,*,#3787,.F.);
#5289=ORIENTED_EDGE('',*,*,#3945,.F.);
#5290=ORIENTED_EDGE('',*,*,#3935,.F.);
#5291=ORIENTED_EDGE('',*,*,#3948,.F.);
#5292=ORIENTED_EDGE('',*,*,#3949,.F.);
#5293=ORIENTED_EDGE('',*,*,#3946,.F.);
#5294=ORIENTED_EDGE('',*,*,#3884,.F.);
#5295=ORIENTED_EDGE('',*,*,#3560,.F.);
#5296=ORIENTED_EDGE('',*,*,#3546,.F.);
#5297=ORIENTED_EDGE('',*,*,#3578,.F.);
#5298=ORIENTED_EDGE('',*,*,#3885,.F.);
#5299=ORIENTED_EDGE('',*,*,#3681,.F.);
#5300=ORIENTED_EDGE('',*,*,#3576,.F.);
#5301=ORIENTED_EDGE('',*,*,#3950,.T.);
#5302=ORIENTED_EDGE('',*,*,#3683,.F.);
#5303=ORIENTED_EDGE('',*,*,#3886,.F.);
#5304=ORIENTED_EDGE('',*,*,#3575,.T.);
#5305=ORIENTED_EDGE('',*,*,#3550,.T.);
#5306=ORIENTED_EDGE('',*,*,#3512,.F.);
#5307=ORIENTED_EDGE('',*,*,#3549,.F.);
#5308=ORIENTED_EDGE('',*,*,#3583,.T.);
#5309=ORIENTED_EDGE('',*,*,#3951,.T.);
#5310=ORIENTED_EDGE('',*,*,#3684,.F.);
#5311=ORIENTED_EDGE('',*,*,#3950,.F.);
#5312=ORIENTED_EDGE('',*,*,#3582,.F.);
#5313=ORIENTED_EDGE('',*,*,#3888,.T.);
#5314=ORIENTED_EDGE('',*,*,#3685,.F.);
#5315=ORIENTED_EDGE('',*,*,#3951,.F.);
#5316=ORIENTED_EDGE('',*,*,#3389,.F.);
#5317=ORIENTED_EDGE('',*,*,#3952,.T.);
#5318=ORIENTED_EDGE('',*,*,#3671,.F.);
#5319=ORIENTED_EDGE('',*,*,#3423,.F.);
#5320=ORIENTED_EDGE('',*,*,#3395,.F.);
#5321=ORIENTED_EDGE('',*,*,#3870,.T.);
#5322=ORIENTED_EDGE('',*,*,#3673,.F.);
#5323=ORIENTED_EDGE('',*,*,#3953,.F.);
#5324=ORIENTED_EDGE('',*,*,#3392,.F.);
#5325=ORIENTED_EDGE('',*,*,#3953,.T.);
#5326=ORIENTED_EDGE('',*,*,#3672,.F.);
#5327=ORIENTED_EDGE('',*,*,#3952,.F.);
#5328=ORIENTED_EDGE('',*,*,#3954,.F.);
#5329=ORIENTED_EDGE('',*,*,#3955,.T.);
#5330=ORIENTED_EDGE('',*,*,#3956,.F.);
#5331=ORIENTED_EDGE('',*,*,#3957,.F.);
#5332=ORIENTED_EDGE('',*,*,#3958,.F.);
#5333=ORIENTED_EDGE('',*,*,#3959,.T.);
#5334=ORIENTED_EDGE('',*,*,#3960,.F.);
#5335=ORIENTED_EDGE('',*,*,#3961,.F.);
#5336=ORIENTED_EDGE('',*,*,#3923,.F.);
#5337=ORIENTED_EDGE('',*,*,#3928,.F.);
#5338=ORIENTED_EDGE('',*,*,#3962,.F.);
#5339=ORIENTED_EDGE('',*,*,#3963,.F.);
#5340=ORIENTED_EDGE('',*,*,#3939,.F.);
#5341=ORIENTED_EDGE('',*,*,#3944,.F.);
#5342=ORIENTED_EDGE('',*,*,#3964,.F.);
#5343=ORIENTED_EDGE('',*,*,#3965,.F.);
#5344=ORIENTED_EDGE('',*,*,#3966,.F.);
#5345=ORIENTED_EDGE('',*,*,#3967,.F.);
#5346=ORIENTED_EDGE('',*,*,#3968,.F.);
#5347=ORIENTED_EDGE('',*,*,#3969,.T.);
#5348=ORIENTED_EDGE('',*,*,#3970,.F.);
#5349=ORIENTED_EDGE('',*,*,#3971,.F.);
#5350=ORIENTED_EDGE('',*,*,#3972,.F.);
#5351=ORIENTED_EDGE('',*,*,#3973,.T.);
#5352=ORIENTED_EDGE('',*,*,#3968,.T.);
#5353=ORIENTED_EDGE('',*,*,#3974,.F.);
#5354=ORIENTED_EDGE('',*,*,#3570,.F.);
#5355=ORIENTED_EDGE('',*,*,#3975,.T.);
#5356=ORIENTED_EDGE('',*,*,#3967,.T.);
#5357=ORIENTED_EDGE('',*,*,#3976,.F.);
#5358=ORIENTED_EDGE('',*,*,#3571,.F.);
#5359=ORIENTED_EDGE('',*,*,#3974,.T.);
#5360=ORIENTED_EDGE('',*,*,#3960,.T.);
#5361=ORIENTED_EDGE('',*,*,#3977,.F.);
#5362=ORIENTED_EDGE('',*,*,#3588,.F.);
#5363=ORIENTED_EDGE('',*,*,#3978,.T.);
#5364=ORIENTED_EDGE('',*,*,#3961,.T.);
#5365=ORIENTED_EDGE('',*,*,#3978,.F.);
#5366=ORIENTED_EDGE('',*,*,#3587,.F.);
#5367=ORIENTED_EDGE('',*,*,#3979,.T.);
#5368=ORIENTED_EDGE('',*,*,#3954,.T.);
#5369=ORIENTED_EDGE('',*,*,#3979,.F.);
#5370=ORIENTED_EDGE('',*,*,#3586,.F.);
#5371=ORIENTED_EDGE('',*,*,#3980,.T.);
#5372=ORIENTED_EDGE('',*,*,#3980,.F.);
#5373=ORIENTED_EDGE('',*,*,#3585,.F.);
#5374=ORIENTED_EDGE('',*,*,#3981,.T.);
#5375=ORIENTED_EDGE('',*,*,#3808,.F.);
#5376=ORIENTED_EDGE('',*,*,#3931,.F.);
#5377=ORIENTED_EDGE('',*,*,#3933,.T.);
#5378=ORIENTED_EDGE('',*,*,#3982,.F.);
#5379=ORIENTED_EDGE('',*,*,#3955,.F.);
#5380=ORIENTED_EDGE('',*,*,#3940,.F.);
#5381=ORIENTED_EDGE('',*,*,#3965,.T.);
#5382=ORIENTED_EDGE('',*,*,#3983,.T.);
#5383=ORIENTED_EDGE('',*,*,#3972,.T.);
#5384=ORIENTED_EDGE('',*,*,#3984,.T.);
#5385=ORIENTED_EDGE('',*,*,#3433,.F.);
#5386=ORIENTED_EDGE('',*,*,#3985,.F.);
#5387=ORIENTED_EDGE('',*,*,#3986,.T.);
#5388=ORIENTED_EDGE('',*,*,#3800,.F.);
#5389=ORIENTED_EDGE('',*,*,#3987,.F.);
#5390=ORIENTED_EDGE('',*,*,#3971,.T.);
#5391=ORIENTED_EDGE('',*,*,#3988,.T.);
#5392=ORIENTED_EDGE('',*,*,#3434,.F.);
#5393=ORIENTED_EDGE('',*,*,#3984,.F.);
#5394=ORIENTED_EDGE('',*,*,#3941,.F.);
#5395=ORIENTED_EDGE('',*,*,#3987,.T.);
#5396=ORIENTED_EDGE('',*,*,#3799,.F.);
#5397=ORIENTED_EDGE('',*,*,#3989,.F.);
#5398=ORIENTED_EDGE('',*,*,#3918,.F.);
#5399=ORIENTED_EDGE('',*,*,#3990,.T.);
#5400=ORIENTED_EDGE('',*,*,#3833,.F.);
#5401=ORIENTED_EDGE('',*,*,#3991,.F.);
#5402=ORIENTED_EDGE('',*,*,#3992,.T.);
#5403=ORIENTED_EDGE('',*,*,#3459,.F.);
#5404=ORIENTED_EDGE('',*,*,#3993,.F.);
#5405=ORIENTED_EDGE('',*,*,#3956,.T.);
#5406=ORIENTED_EDGE('',*,*,#3982,.T.);
#5407=ORIENTED_EDGE('',*,*,#3932,.T.);
#5408=ORIENTED_EDGE('',*,*,#3925,.F.);
#5409=ORIENTED_EDGE('',*,*,#3994,.T.);
#5410=ORIENTED_EDGE('',*,*,#3834,.F.);
#5411=ORIENTED_EDGE('',*,*,#3990,.F.);
#5412=ORIENTED_EDGE('',*,*,#3957,.T.);
#5413=ORIENTED_EDGE('',*,*,#3993,.T.);
#5414=ORIENTED_EDGE('',*,*,#3462,.F.);
#5415=ORIENTED_EDGE('',*,*,#3995,.T.);
#5416=ORIENTED_EDGE('',*,*,#3996,.F.);
#5417=ORIENTED_EDGE('',*,*,#3997,.F.);
#5418=ORIENTED_EDGE('',*,*,#3998,.F.);
#5419=ORIENTED_EDGE('',*,*,#3999,.T.);
#5420=ORIENTED_EDGE('',*,*,#4000,.F.);
#5421=ORIENTED_EDGE('',*,*,#4001,.F.);
#5422=ORIENTED_EDGE('',*,*,#4002,.F.);
#5423=ORIENTED_EDGE('',*,*,#4003,.T.);
#5424=ORIENTED_EDGE('',*,*,#4004,.F.);
#5425=ORIENTED_EDGE('',*,*,#4001,.T.);
#5426=ORIENTED_EDGE('',*,*,#4005,.F.);
#5427=ORIENTED_EDGE('',*,*,#3999,.F.);
#5428=ORIENTED_EDGE('',*,*,#4006,.F.);
#5429=ORIENTED_EDGE('',*,*,#4003,.F.);
#5430=ORIENTED_EDGE('',*,*,#4007,.F.);
#5431=ORIENTED_EDGE('',*,*,#4008,.T.);
#5432=ORIENTED_EDGE('',*,*,#4009,.F.);
#5433=ORIENTED_EDGE('',*,*,#3997,.T.);
#5434=ORIENTED_EDGE('',*,*,#4010,.F.);
#5435=ORIENTED_EDGE('',*,*,#4011,.T.);
#5436=ORIENTED_EDGE('',*,*,#4012,.F.);
#5437=ORIENTED_EDGE('',*,*,#4008,.F.);
#5438=ORIENTED_EDGE('',*,*,#4013,.F.);
#5439=ORIENTED_EDGE('',*,*,#4011,.F.);
#5440=ORIENTED_EDGE('',*,*,#4002,.T.);
#5441=ORIENTED_EDGE('',*,*,#4014,.F.);
#5442=ORIENTED_EDGE('',*,*,#3608,.F.);
#5443=ORIENTED_EDGE('',*,*,#4015,.T.);
#5444=ORIENTED_EDGE('',*,*,#3779,.F.);
#5445=ORIENTED_EDGE('',*,*,#4016,.F.);
#5446=ORIENTED_EDGE('',*,*,#3998,.T.);
#5447=ORIENTED_EDGE('',*,*,#4017,.T.);
#5448=ORIENTED_EDGE('',*,*,#3484,.F.);
#5449=ORIENTED_EDGE('',*,*,#3534,.F.);
#5450=ORIENTED_EDGE('',*,*,#3609,.F.);
#5451=ORIENTED_EDGE('',*,*,#4014,.T.);
#5452=ORIENTED_EDGE('',*,*,#4007,.T.);
#5453=ORIENTED_EDGE('',*,*,#4016,.T.);
#5454=ORIENTED_EDGE('',*,*,#3794,.F.);
#5455=ORIENTED_EDGE('',*,*,#4018,.F.);
#5456=ORIENTED_EDGE('',*,*,#4005,.T.);
#5457=ORIENTED_EDGE('',*,*,#4000,.T.);
#5458=ORIENTED_EDGE('',*,*,#4004,.T.);
#5459=ORIENTED_EDGE('',*,*,#4019,.T.);
#5460=ORIENTED_EDGE('',*,*,#3804,.F.);
#5461=ORIENTED_EDGE('',*,*,#4020,.F.);
#5462=ORIENTED_EDGE('',*,*,#4021,.T.);
#5463=ORIENTED_EDGE('',*,*,#3455,.F.);
#5464=ORIENTED_EDGE('',*,*,#4022,.F.);
#5465=ORIENTED_EDGE('',*,*,#4006,.T.);
#5466=ORIENTED_EDGE('',*,*,#4023,.T.);
#5467=ORIENTED_EDGE('',*,*,#3805,.F.);
#5468=ORIENTED_EDGE('',*,*,#4019,.F.);
#5469=ORIENTED_EDGE('',*,*,#3996,.T.);
#5470=ORIENTED_EDGE('',*,*,#4022,.T.);
#5471=ORIENTED_EDGE('',*,*,#3458,.F.);
#5472=ORIENTED_EDGE('',*,*,#4024,.F.);
#5473=ORIENTED_EDGE('',*,*,#4025,.F.);
#5474=ORIENTED_EDGE('',*,*,#4026,.T.);
#5475=ORIENTED_EDGE('',*,*,#4027,.F.);
#5476=ORIENTED_EDGE('',*,*,#4028,.F.);
#5477=ORIENTED_EDGE('',*,*,#4029,.F.);
#5478=ORIENTED_EDGE('',*,*,#4030,.F.);
#5479=ORIENTED_EDGE('',*,*,#4031,.F.);
#5480=ORIENTED_EDGE('',*,*,#4032,.T.);
#5481=ORIENTED_EDGE('',*,*,#4033,.F.);
#5482=ORIENTED_EDGE('',*,*,#4028,.T.);
#5483=ORIENTED_EDGE('',*,*,#4034,.F.);
#5484=ORIENTED_EDGE('',*,*,#4026,.F.);
#5485=ORIENTED_EDGE('',*,*,#4035,.F.);
#5486=ORIENTED_EDGE('',*,*,#4036,.T.);
#5487=ORIENTED_EDGE('',*,*,#4037,.F.);
#5488=ORIENTED_EDGE('',*,*,#4038,.F.);
#5489=ORIENTED_EDGE('',*,*,#4039,.F.);
#5490=ORIENTED_EDGE('',*,*,#4030,.T.);
#5491=ORIENTED_EDGE('',*,*,#4040,.F.);
#5492=ORIENTED_EDGE('',*,*,#4038,.T.);
#5493=ORIENTED_EDGE('',*,*,#4041,.F.);
#5494=ORIENTED_EDGE('',*,*,#4032,.F.);
#5495=ORIENTED_EDGE('',*,*,#4042,.F.);
#5496=ORIENTED_EDGE('',*,*,#4036,.F.);
#5497=ORIENTED_EDGE('',*,*,#4025,.T.);
#5498=ORIENTED_EDGE('',*,*,#4043,.T.);
#5499=ORIENTED_EDGE('',*,*,#3481,.F.);
#5500=ORIENTED_EDGE('',*,*,#4044,.F.);
#5501=ORIENTED_EDGE('',*,*,#3765,.F.);
#5502=ORIENTED_EDGE('',*,*,#4045,.F.);
#5503=ORIENTED_EDGE('',*,*,#4039,.T.);
#5504=ORIENTED_EDGE('',*,*,#4046,.F.);
#5505=ORIENTED_EDGE('',*,*,#3610,.F.);
#5506=ORIENTED_EDGE('',*,*,#3532,.T.);
#5507=ORIENTED_EDGE('',*,*,#3482,.F.);
#5508=ORIENTED_EDGE('',*,*,#4043,.F.);
#5509=ORIENTED_EDGE('',*,*,#4035,.T.);
#5510=ORIENTED_EDGE('',*,*,#4045,.T.);
#5511=ORIENTED_EDGE('',*,*,#3764,.F.);
#5512=ORIENTED_EDGE('',*,*,#4047,.F.);
#5513=ORIENTED_EDGE('',*,*,#4029,.T.);
#5514=ORIENTED_EDGE('',*,*,#4033,.T.);
#5515=ORIENTED_EDGE('',*,*,#4027,.T.);
#5516=ORIENTED_EDGE('',*,*,#4048,.T.);
#5517=ORIENTED_EDGE('',*,*,#3771,.F.);
#5518=ORIENTED_EDGE('',*,*,#4049,.F.);
#5519=ORIENTED_EDGE('',*,*,#4050,.T.);
#5520=ORIENTED_EDGE('',*,*,#3435,.F.);
#5521=ORIENTED_EDGE('',*,*,#4051,.F.);
#5522=ORIENTED_EDGE('',*,*,#4034,.T.);
#5523=ORIENTED_EDGE('',*,*,#4052,.T.);
#5524=ORIENTED_EDGE('',*,*,#3772,.F.);
#5525=ORIENTED_EDGE('',*,*,#4048,.F.);
#5526=ORIENTED_EDGE('',*,*,#4053,.F.);
#5527=ORIENTED_EDGE('',*,*,#4054,.T.);
#5528=ORIENTED_EDGE('',*,*,#4055,.F.);
#5529=ORIENTED_EDGE('',*,*,#4056,.F.);
#5530=ORIENTED_EDGE('',*,*,#4057,.F.);
#5531=ORIENTED_EDGE('',*,*,#4058,.F.);
#5532=ORIENTED_EDGE('',*,*,#4059,.F.);
#5533=ORIENTED_EDGE('',*,*,#4060,.T.);
#5534=ORIENTED_EDGE('',*,*,#4061,.F.);
#5535=ORIENTED_EDGE('',*,*,#4056,.T.);
#5536=ORIENTED_EDGE('',*,*,#4062,.F.);
#5537=ORIENTED_EDGE('',*,*,#4054,.F.);
#5538=ORIENTED_EDGE('',*,*,#4063,.F.);
#5539=ORIENTED_EDGE('',*,*,#4064,.T.);
#5540=ORIENTED_EDGE('',*,*,#4065,.F.);
#5541=ORIENTED_EDGE('',*,*,#4066,.F.);
#5542=ORIENTED_EDGE('',*,*,#4067,.F.);
#5543=ORIENTED_EDGE('',*,*,#4058,.T.);
#5544=ORIENTED_EDGE('',*,*,#4068,.F.);
#5545=ORIENTED_EDGE('',*,*,#4066,.T.);
#5546=ORIENTED_EDGE('',*,*,#4069,.F.);
#5547=ORIENTED_EDGE('',*,*,#4060,.F.);
#5548=ORIENTED_EDGE('',*,*,#4070,.F.);
#5549=ORIENTED_EDGE('',*,*,#4064,.F.);
#5550=ORIENTED_EDGE('',*,*,#4053,.T.);
#5551=ORIENTED_EDGE('',*,*,#4071,.T.);
#5552=ORIENTED_EDGE('',*,*,#3489,.F.);
#5553=ORIENTED_EDGE('',*,*,#4072,.F.);
#5554=ORIENTED_EDGE('',*,*,#3815,.F.);
#5555=ORIENTED_EDGE('',*,*,#4073,.F.);
#5556=ORIENTED_EDGE('',*,*,#4067,.T.);
#5557=ORIENTED_EDGE('',*,*,#4074,.F.);
#5558=ORIENTED_EDGE('',*,*,#3600,.F.);
#5559=ORIENTED_EDGE('',*,*,#3528,.T.);
#5560=ORIENTED_EDGE('',*,*,#3490,.F.);
#5561=ORIENTED_EDGE('',*,*,#4071,.F.);
#5562=ORIENTED_EDGE('',*,*,#4063,.T.);
#5563=ORIENTED_EDGE('',*,*,#4073,.T.);
#5564=ORIENTED_EDGE('',*,*,#3814,.F.);
#5565=ORIENTED_EDGE('',*,*,#4075,.F.);
#5566=ORIENTED_EDGE('',*,*,#4057,.T.);
#5567=ORIENTED_EDGE('',*,*,#4061,.T.);
#5568=ORIENTED_EDGE('',*,*,#4055,.T.);
#5569=ORIENTED_EDGE('',*,*,#4076,.T.);
#5570=ORIENTED_EDGE('',*,*,#3827,.F.);
#5571=ORIENTED_EDGE('',*,*,#4077,.F.);
#5572=ORIENTED_EDGE('',*,*,#4078,.T.);
#5573=ORIENTED_EDGE('',*,*,#3443,.F.);
#5574=ORIENTED_EDGE('',*,*,#4079,.F.);
#5575=ORIENTED_EDGE('',*,*,#4062,.T.);
#5576=ORIENTED_EDGE('',*,*,#4080,.T.);
#5577=ORIENTED_EDGE('',*,*,#3828,.F.);
#5578=ORIENTED_EDGE('',*,*,#4076,.F.);
#5579=ORIENTED_EDGE('',*,*,#4081,.F.);
#5580=ORIENTED_EDGE('',*,*,#4082,.F.);
#5581=ORIENTED_EDGE('',*,*,#4083,.F.);
#5582=ORIENTED_EDGE('',*,*,#4084,.T.);
#5583=ORIENTED_EDGE('',*,*,#4085,.F.);
#5584=ORIENTED_EDGE('',*,*,#4086,.F.);
#5585=ORIENTED_EDGE('',*,*,#4087,.F.);
#5586=ORIENTED_EDGE('',*,*,#4088,.T.);
#5587=ORIENTED_EDGE('',*,*,#4089,.F.);
#5588=ORIENTED_EDGE('',*,*,#4086,.T.);
#5589=ORIENTED_EDGE('',*,*,#4090,.F.);
#5590=ORIENTED_EDGE('',*,*,#4084,.F.);
#5591=ORIENTED_EDGE('',*,*,#4091,.F.);
#5592=ORIENTED_EDGE('',*,*,#4088,.F.);
#5593=ORIENTED_EDGE('',*,*,#4092,.F.);
#5594=ORIENTED_EDGE('',*,*,#4093,.T.);
#5595=ORIENTED_EDGE('',*,*,#4094,.F.);
#5596=ORIENTED_EDGE('',*,*,#4082,.T.);
#5597=ORIENTED_EDGE('',*,*,#4095,.F.);
#5598=ORIENTED_EDGE('',*,*,#4096,.T.);
#5599=ORIENTED_EDGE('',*,*,#4097,.F.);
#5600=ORIENTED_EDGE('',*,*,#4093,.F.);
#5601=ORIENTED_EDGE('',*,*,#4098,.F.);
#5602=ORIENTED_EDGE('',*,*,#4096,.F.);
#5603=ORIENTED_EDGE('',*,*,#4087,.T.);
#5604=ORIENTED_EDGE('',*,*,#4099,.F.);
#5605=ORIENTED_EDGE('',*,*,#3625,.F.);
#5606=ORIENTED_EDGE('',*,*,#4100,.T.);
#5607=ORIENTED_EDGE('',*,*,#3849,.F.);
#5608=ORIENTED_EDGE('',*,*,#4101,.F.);
#5609=ORIENTED_EDGE('',*,*,#4083,.T.);
#5610=ORIENTED_EDGE('',*,*,#4102,.T.);
#5611=ORIENTED_EDGE('',*,*,#3492,.F.);
#5612=ORIENTED_EDGE('',*,*,#3530,.F.);
#5613=ORIENTED_EDGE('',*,*,#3626,.F.);
#5614=ORIENTED_EDGE('',*,*,#4099,.T.);
#5615=ORIENTED_EDGE('',*,*,#4092,.T.);
#5616=ORIENTED_EDGE('',*,*,#4101,.T.);
#5617=ORIENTED_EDGE('',*,*,#3848,.F.);
#5618=ORIENTED_EDGE('',*,*,#4103,.F.);
#5619=ORIENTED_EDGE('',*,*,#4090,.T.);
#5620=ORIENTED_EDGE('',*,*,#4085,.T.);
#5621=ORIENTED_EDGE('',*,*,#4089,.T.);
#5622=ORIENTED_EDGE('',*,*,#4104,.T.);
#5623=ORIENTED_EDGE('',*,*,#3861,.F.);
#5624=ORIENTED_EDGE('',*,*,#4105,.F.);
#5625=ORIENTED_EDGE('',*,*,#4106,.T.);
#5626=ORIENTED_EDGE('',*,*,#3447,.F.);
#5627=ORIENTED_EDGE('',*,*,#4107,.F.);
#5628=ORIENTED_EDGE('',*,*,#4091,.T.);
#5629=ORIENTED_EDGE('',*,*,#4108,.T.);
#5630=ORIENTED_EDGE('',*,*,#3862,.F.);
#5631=ORIENTED_EDGE('',*,*,#4104,.F.);
#5632=ORIENTED_EDGE('',*,*,#4081,.T.);
#5633=ORIENTED_EDGE('',*,*,#4107,.T.);
#5634=ORIENTED_EDGE('',*,*,#3450,.F.);
#5635=ORIENTED_EDGE('',*,*,#4109,.T.);
#5636=ORIENTED_EDGE('',*,*,#4110,.F.);
#5637=ORIENTED_EDGE('',*,*,#4111,.F.);
#5638=ORIENTED_EDGE('',*,*,#4112,.F.);
#5639=ORIENTED_EDGE('',*,*,#3882,.F.);
#5640=ORIENTED_EDGE('',*,*,#4113,.F.);
#5641=ORIENTED_EDGE('',*,*,#4114,.F.);
#5642=ORIENTED_EDGE('',*,*,#4115,.F.);
#5643=ORIENTED_EDGE('',*,*,#4116,.F.);
#5644=ORIENTED_EDGE('',*,*,#4117,.F.);
#5645=ORIENTED_EDGE('',*,*,#4118,.F.);
#5646=ORIENTED_EDGE('',*,*,#4119,.F.);
#5647=ORIENTED_EDGE('',*,*,#4120,.T.);
#5648=ORIENTED_EDGE('',*,*,#4121,.F.);
#5649=ORIENTED_EDGE('',*,*,#4122,.F.);
#5650=ORIENTED_EDGE('',*,*,#4123,.T.);
#5651=ORIENTED_EDGE('',*,*,#4111,.T.);
#5652=ORIENTED_EDGE('',*,*,#4124,.F.);
#5653=ORIENTED_EDGE('',*,*,#4114,.T.);
#5654=ORIENTED_EDGE('',*,*,#4125,.F.);
#5655=ORIENTED_EDGE('',*,*,#4126,.F.);
#5656=ORIENTED_EDGE('',*,*,#4127,.F.);
#5657=ORIENTED_EDGE('',*,*,#4128,.F.);
#5658=ORIENTED_EDGE('',*,*,#4129,.F.);
#5659=ORIENTED_EDGE('',*,*,#4126,.T.);
#5660=ORIENTED_EDGE('',*,*,#4130,.F.);
#5661=ORIENTED_EDGE('',*,*,#3873,.F.);
#5662=ORIENTED_EDGE('',*,*,#4131,.F.);
#5663=ORIENTED_EDGE('',*,*,#4122,.T.);
#5664=ORIENTED_EDGE('',*,*,#4132,.F.);
#5665=ORIENTED_EDGE('',*,*,#4133,.T.);
#5666=ORIENTED_EDGE('',*,*,#4134,.F.);
#5667=ORIENTED_EDGE('',*,*,#4135,.F.);
#5668=ORIENTED_EDGE('',*,*,#4136,.F.);
#5669=ORIENTED_EDGE('',*,*,#4118,.T.);
#5670=ORIENTED_EDGE('',*,*,#4137,.F.);
#5671=ORIENTED_EDGE('',*,*,#3876,.F.);
#5672=ORIENTED_EDGE('',*,*,#4138,.F.);
#5673=ORIENTED_EDGE('',*,*,#3879,.F.);
#5674=ORIENTED_EDGE('',*,*,#4139,.F.);
#5675=ORIENTED_EDGE('',*,*,#4120,.F.);
#5676=ORIENTED_EDGE('',*,*,#4140,.F.);
#5677=ORIENTED_EDGE('',*,*,#4141,.F.);
#5678=ORIENTED_EDGE('',*,*,#4142,.F.);
#5679=ORIENTED_EDGE('',*,*,#4143,.F.);
#5680=ORIENTED_EDGE('',*,*,#4144,.F.);
#5681=ORIENTED_EDGE('',*,*,#4143,.T.);
#5682=ORIENTED_EDGE('',*,*,#4145,.F.);
#5683=ORIENTED_EDGE('',*,*,#4133,.F.);
#5684=ORIENTED_EDGE('',*,*,#4137,.T.);
#5685=ORIENTED_EDGE('',*,*,#4117,.T.);
#5686=ORIENTED_EDGE('',*,*,#4139,.T.);
#5687=ORIENTED_EDGE('',*,*,#3878,.T.);
#5688=ORIENTED_EDGE('',*,*,#3755,.F.);
#5689=ORIENTED_EDGE('',*,*,#4146,.T.);
#5690=ORIENTED_EDGE('',*,*,#3475,.F.);
#5691=ORIENTED_EDGE('',*,*,#3877,.F.);
#5692=ORIENTED_EDGE('',*,*,#4127,.T.);
#5693=ORIENTED_EDGE('',*,*,#4121,.T.);
#5694=ORIENTED_EDGE('',*,*,#4110,.T.);
#5695=ORIENTED_EDGE('',*,*,#4147,.T.);
#5696=ORIENTED_EDGE('',*,*,#3855,.F.);
#5697=ORIENTED_EDGE('',*,*,#4148,.F.);
#5698=ORIENTED_EDGE('',*,*,#4149,.T.);
#5699=ORIENTED_EDGE('',*,*,#3439,.F.);
#5700=ORIENTED_EDGE('',*,*,#4150,.F.);
#5701=ORIENTED_EDGE('',*,*,#4116,.T.);
#5702=ORIENTED_EDGE('',*,*,#4151,.T.);
#5703=ORIENTED_EDGE('',*,*,#3856,.F.);
#5704=ORIENTED_EDGE('',*,*,#4147,.F.);
#5705=ORIENTED_EDGE('',*,*,#4152,.T.);
#5706=ORIENTED_EDGE('',*,*,#3498,.F.);
#5707=ORIENTED_EDGE('',*,*,#4153,.F.);
#5708=ORIENTED_EDGE('',*,*,#3842,.F.);
#5709=ORIENTED_EDGE('',*,*,#4154,.F.);
#5710=ORIENTED_EDGE('',*,*,#4123,.F.);
#5711=ORIENTED_EDGE('',*,*,#4112,.T.);
#5712=ORIENTED_EDGE('',*,*,#4154,.T.);
#5713=ORIENTED_EDGE('',*,*,#3841,.F.);
#5714=ORIENTED_EDGE('',*,*,#3883,.F.);
#5715=ORIENTED_EDGE('',*,*,#4113,.T.);
#5716=ORIENTED_EDGE('',*,*,#3881,.T.);
#5717=ORIENTED_EDGE('',*,*,#3839,.F.);
#5718=ORIENTED_EDGE('',*,*,#4155,.F.);
#5719=ORIENTED_EDGE('',*,*,#4130,.T.);
#5720=ORIENTED_EDGE('',*,*,#4156,.F.);
#5721=ORIENTED_EDGE('',*,*,#3619,.F.);
#5722=ORIENTED_EDGE('',*,*,#3874,.T.);
#5723=ORIENTED_EDGE('',*,*,#4140,.T.);
#5724=ORIENTED_EDGE('',*,*,#4119,.T.);
#5725=ORIENTED_EDGE('',*,*,#4136,.T.);
#5726=ORIENTED_EDGE('',*,*,#4157,.F.);
#5727=ORIENTED_EDGE('',*,*,#3453,.F.);
#5728=ORIENTED_EDGE('',*,*,#4158,.F.);
#5729=ORIENTED_EDGE('',*,*,#4159,.T.);
#5730=ORIENTED_EDGE('',*,*,#3767,.F.);
#5731=ORIENTED_EDGE('',*,*,#4160,.F.);
#5732=ORIENTED_EDGE('',*,*,#4135,.T.);
#5733=ORIENTED_EDGE('',*,*,#4161,.T.);
#5734=ORIENTED_EDGE('',*,*,#3454,.F.);
#5735=ORIENTED_EDGE('',*,*,#4157,.T.);
#5736=ORIENTED_EDGE('',*,*,#4141,.T.);
#5737=ORIENTED_EDGE('',*,*,#4160,.T.);
#5738=ORIENTED_EDGE('',*,*,#3778,.F.);
#5739=ORIENTED_EDGE('',*,*,#4162,.F.);
#5740=ORIENTED_EDGE('',*,*,#3915,.T.);
#5741=ORIENTED_EDGE('',*,*,#3917,.F.);
#5742=ORIENTED_EDGE('',*,*,#3911,.T.);
#5743=ORIENTED_EDGE('',*,*,#3343,.T.);
#5744=ORIENTED_EDGE('',*,*,#3905,.F.);
#5745=ORIENTED_EDGE('',*,*,#3895,.T.);
#5746=ORIENTED_EDGE('',*,*,#4163,.F.);
#5747=ORIENTED_EDGE('',*,*,#4164,.T.);
#5748=ORIENTED_EDGE('',*,*,#4165,.F.);
#5749=ORIENTED_EDGE('',*,*,#4164,.F.);
#5750=ORIENTED_EDGE('',*,*,#4163,.T.);
#5751=ORIENTED_EDGE('',*,*,#4166,.F.);
#5752=ORIENTED_EDGE('',*,*,#4167,.T.);
#5753=ORIENTED_EDGE('',*,*,#4168,.F.);
#5754=ORIENTED_EDGE('',*,*,#4167,.F.);
#5755=ORIENTED_EDGE('',*,*,#4166,.T.);
#5756=ORIENTED_EDGE('',*,*,#4169,.F.);
#5757=ORIENTED_EDGE('',*,*,#4170,.T.);
#5758=ORIENTED_EDGE('',*,*,#4171,.F.);
#5759=ORIENTED_EDGE('',*,*,#4170,.F.);
#5760=ORIENTED_EDGE('',*,*,#4169,.T.);
#5761=ORIENTED_EDGE('',*,*,#4172,.F.);
#5762=ORIENTED_EDGE('',*,*,#4173,.T.);
#5763=ORIENTED_EDGE('',*,*,#4174,.F.);
#5764=ORIENTED_EDGE('',*,*,#4173,.F.);
#5765=ORIENTED_EDGE('',*,*,#4172,.T.);
#5766=ORIENTED_EDGE('',*,*,#4175,.F.);
#5767=ORIENTED_EDGE('',*,*,#4176,.T.);
#5768=ORIENTED_EDGE('',*,*,#4177,.F.);
#5769=ORIENTED_EDGE('',*,*,#4176,.F.);
#5770=ORIENTED_EDGE('',*,*,#4175,.T.);
#5771=ORIENTED_EDGE('',*,*,#4178,.F.);
#5772=ORIENTED_EDGE('',*,*,#4179,.T.);
#5773=ORIENTED_EDGE('',*,*,#4180,.F.);
#5774=ORIENTED_EDGE('',*,*,#4179,.F.);
#5775=ORIENTED_EDGE('',*,*,#4178,.T.);
#5776=ORIENTED_EDGE('',*,*,#4181,.F.);
#5777=ORIENTED_EDGE('',*,*,#4182,.T.);
#5778=ORIENTED_EDGE('',*,*,#4183,.F.);
#5779=ORIENTED_EDGE('',*,*,#4182,.F.);
#5780=ORIENTED_EDGE('',*,*,#4181,.T.);
#5781=ORIENTED_EDGE('',*,*,#4184,.F.);
#5782=ORIENTED_EDGE('',*,*,#4185,.T.);
#5783=ORIENTED_EDGE('',*,*,#4186,.F.);
#5784=ORIENTED_EDGE('',*,*,#4185,.F.);
#5785=ORIENTED_EDGE('',*,*,#4184,.T.);
#5786=ORIENTED_EDGE('',*,*,#4187,.T.);
#5787=ORIENTED_EDGE('',*,*,#3436,.F.);
#5788=ORIENTED_EDGE('',*,*,#4050,.F.);
#5789=ORIENTED_EDGE('',*,*,#4188,.F.);
#5790=ORIENTED_EDGE('',*,*,#4189,.F.);
#5791=ORIENTED_EDGE('',*,*,#4190,.T.);
#5792=ORIENTED_EDGE('',*,*,#4191,.F.);
#5793=ORIENTED_EDGE('',*,*,#4190,.F.);
#5794=ORIENTED_EDGE('',*,*,#4192,.F.);
#5795=ORIENTED_EDGE('',*,*,#4193,.T.);
#5796=ORIENTED_EDGE('',*,*,#4194,.F.);
#5797=ORIENTED_EDGE('',*,*,#4193,.F.);
#5798=ORIENTED_EDGE('',*,*,#4195,.F.);
#5799=ORIENTED_EDGE('',*,*,#4196,.F.);
#5800=ORIENTED_EDGE('',*,*,#4158,.T.);
#5801=ORIENTED_EDGE('',*,*,#3452,.F.);
#5802=ORIENTED_EDGE('',*,*,#4197,.F.);
#5803=ORIENTED_EDGE('',*,*,#4198,.F.);
#5804=ORIENTED_EDGE('',*,*,#4196,.T.);
#5805=ORIENTED_EDGE('',*,*,#4199,.F.);
#5806=ORIENTED_EDGE('',*,*,#4200,.F.);
#5807=ORIENTED_EDGE('',*,*,#4201,.F.);
#5808=ORIENTED_EDGE('',*,*,#4188,.T.);
#5809=ORIENTED_EDGE('',*,*,#4202,.F.);
#5810=ORIENTED_EDGE('',*,*,#4186,.T.);
#5811=ORIENTED_EDGE('',*,*,#4192,.T.);
#5812=ORIENTED_EDGE('',*,*,#4189,.T.);
#5813=ORIENTED_EDGE('',*,*,#4174,.T.);
#5814=ORIENTED_EDGE('',*,*,#4201,.T.);
#5815=ORIENTED_EDGE('',*,*,#4203,.T.);
#5816=ORIENTED_EDGE('',*,*,#3774,.F.);
#5817=ORIENTED_EDGE('',*,*,#4204,.F.);
#5818=ORIENTED_EDGE('',*,*,#4200,.T.);
#5819=ORIENTED_EDGE('',*,*,#4205,.T.);
#5820=ORIENTED_EDGE('',*,*,#3775,.F.);
#5821=ORIENTED_EDGE('',*,*,#4203,.F.);
#5822=ORIENTED_EDGE('',*,*,#4199,.T.);
#5823=ORIENTED_EDGE('',*,*,#4206,.T.);
#5824=ORIENTED_EDGE('',*,*,#3776,.F.);
#5825=ORIENTED_EDGE('',*,*,#4205,.F.);
#5826=ORIENTED_EDGE('',*,*,#4194,.T.);
#5827=ORIENTED_EDGE('',*,*,#4191,.T.);
#5828=ORIENTED_EDGE('',*,*,#3985,.T.);
#5829=ORIENTED_EDGE('',*,*,#3432,.F.);
#5830=ORIENTED_EDGE('',*,*,#4207,.F.);
#5831=ORIENTED_EDGE('',*,*,#4208,.F.);
#5832=ORIENTED_EDGE('',*,*,#4209,.F.);
#5833=ORIENTED_EDGE('',*,*,#4210,.T.);
#5834=ORIENTED_EDGE('',*,*,#4211,.F.);
#5835=ORIENTED_EDGE('',*,*,#4210,.F.);
#5836=ORIENTED_EDGE('',*,*,#4212,.F.);
#5837=ORIENTED_EDGE('',*,*,#4213,.T.);
#5838=ORIENTED_EDGE('',*,*,#4214,.F.);
#5839=ORIENTED_EDGE('',*,*,#4213,.F.);
#5840=ORIENTED_EDGE('',*,*,#4021,.F.);
#5841=ORIENTED_EDGE('',*,*,#4215,.F.);
#5842=ORIENTED_EDGE('',*,*,#4216,.F.);
#5843=ORIENTED_EDGE('',*,*,#3456,.F.);
#5844=ORIENTED_EDGE('',*,*,#4217,.F.);
#5845=ORIENTED_EDGE('',*,*,#4218,.F.);
#5846=ORIENTED_EDGE('',*,*,#4215,.T.);
#5847=ORIENTED_EDGE('',*,*,#4219,.F.);
#5848=ORIENTED_EDGE('',*,*,#4220,.F.);
#5849=ORIENTED_EDGE('',*,*,#4221,.F.);
#5850=ORIENTED_EDGE('',*,*,#4208,.T.);
#5851=ORIENTED_EDGE('',*,*,#4222,.F.);
#5852=ORIENTED_EDGE('',*,*,#4177,.T.);
#5853=ORIENTED_EDGE('',*,*,#4212,.T.);
#5854=ORIENTED_EDGE('',*,*,#4209,.T.);
#5855=ORIENTED_EDGE('',*,*,#4165,.T.);
#5856=ORIENTED_EDGE('',*,*,#4220,.T.);
#5857=ORIENTED_EDGE('',*,*,#4223,.T.);
#5858=ORIENTED_EDGE('',*,*,#3802,.F.);
#5859=ORIENTED_EDGE('',*,*,#4224,.F.);
#5860=ORIENTED_EDGE('',*,*,#4219,.T.);
#5861=ORIENTED_EDGE('',*,*,#4020,.T.);
#5862=ORIENTED_EDGE('',*,*,#3803,.F.);
#5863=ORIENTED_EDGE('',*,*,#4223,.F.);
#5864=ORIENTED_EDGE('',*,*,#4218,.T.);
#5865=ORIENTED_EDGE('',*,*,#4225,.T.);
#5866=ORIENTED_EDGE('',*,*,#3795,.F.);
#5867=ORIENTED_EDGE('',*,*,#4226,.F.);
#5868=ORIENTED_EDGE('',*,*,#4214,.T.);
#5869=ORIENTED_EDGE('',*,*,#4211,.T.);
#5870=ORIENTED_EDGE('',*,*,#4227,.T.);
#5871=ORIENTED_EDGE('',*,*,#3440,.F.);
#5872=ORIENTED_EDGE('',*,*,#4149,.F.);
#5873=ORIENTED_EDGE('',*,*,#4228,.F.);
#5874=ORIENTED_EDGE('',*,*,#4229,.F.);
#5875=ORIENTED_EDGE('',*,*,#4230,.T.);
#5876=ORIENTED_EDGE('',*,*,#4231,.F.);
#5877=ORIENTED_EDGE('',*,*,#4230,.F.);
#5878=ORIENTED_EDGE('',*,*,#4232,.F.);
#5879=ORIENTED_EDGE('',*,*,#4233,.T.);
#5880=ORIENTED_EDGE('',*,*,#4234,.F.);
#5881=ORIENTED_EDGE('',*,*,#4233,.F.);
#5882=ORIENTED_EDGE('',*,*,#4106,.F.);
#5883=ORIENTED_EDGE('',*,*,#4235,.F.);
#5884=ORIENTED_EDGE('',*,*,#4236,.T.);
#5885=ORIENTED_EDGE('',*,*,#3448,.F.);
#5886=ORIENTED_EDGE('',*,*,#4237,.F.);
#5887=ORIENTED_EDGE('',*,*,#4238,.F.);
#5888=ORIENTED_EDGE('',*,*,#4235,.T.);
#5889=ORIENTED_EDGE('',*,*,#4239,.F.);
#5890=ORIENTED_EDGE('',*,*,#4240,.F.);
#5891=ORIENTED_EDGE('',*,*,#4241,.F.);
#5892=ORIENTED_EDGE('',*,*,#4228,.T.);
#5893=ORIENTED_EDGE('',*,*,#4242,.F.);
#5894=ORIENTED_EDGE('',*,*,#4180,.T.);
#5895=ORIENTED_EDGE('',*,*,#4168,.T.);
#5896=ORIENTED_EDGE('',*,*,#4232,.T.);
#5897=ORIENTED_EDGE('',*,*,#4229,.T.);
#5898=ORIENTED_EDGE('',*,*,#4241,.T.);
#5899=ORIENTED_EDGE('',*,*,#4243,.T.);
#5900=ORIENTED_EDGE('',*,*,#3858,.F.);
#5901=ORIENTED_EDGE('',*,*,#4244,.F.);
#5902=ORIENTED_EDGE('',*,*,#4240,.T.);
#5903=ORIENTED_EDGE('',*,*,#4245,.T.);
#5904=ORIENTED_EDGE('',*,*,#3859,.F.);
#5905=ORIENTED_EDGE('',*,*,#4243,.F.);
#5906=ORIENTED_EDGE('',*,*,#4239,.T.);
#5907=ORIENTED_EDGE('',*,*,#4105,.T.);
#5908=ORIENTED_EDGE('',*,*,#3860,.F.);
#5909=ORIENTED_EDGE('',*,*,#4245,.F.);
#5910=ORIENTED_EDGE('',*,*,#4234,.T.);
#5911=ORIENTED_EDGE('',*,*,#4231,.T.);
#5912=ORIENTED_EDGE('',*,*,#4246,.T.);
#5913=ORIENTED_EDGE('',*,*,#3444,.F.);
#5914=ORIENTED_EDGE('',*,*,#4078,.F.);
#5915=ORIENTED_EDGE('',*,*,#4247,.F.);
#5916=ORIENTED_EDGE('',*,*,#4248,.F.);
#5917=ORIENTED_EDGE('',*,*,#4249,.T.);
#5918=ORIENTED_EDGE('',*,*,#4250,.F.);
#5919=ORIENTED_EDGE('',*,*,#4249,.F.);
#5920=ORIENTED_EDGE('',*,*,#4251,.F.);
#5921=ORIENTED_EDGE('',*,*,#4252,.T.);
#5922=ORIENTED_EDGE('',*,*,#4253,.F.);
#5923=ORIENTED_EDGE('',*,*,#4252,.F.);
#5924=ORIENTED_EDGE('',*,*,#3992,.F.);
#5925=ORIENTED_EDGE('',*,*,#4254,.F.);
#5926=ORIENTED_EDGE('',*,*,#4255,.T.);
#5927=ORIENTED_EDGE('',*,*,#3460,.F.);
#5928=ORIENTED_EDGE('',*,*,#4256,.F.);
#5929=ORIENTED_EDGE('',*,*,#4257,.F.);
#5930=ORIENTED_EDGE('',*,*,#4254,.T.);
#5931=ORIENTED_EDGE('',*,*,#4258,.F.);
#5932=ORIENTED_EDGE('',*,*,#4259,.F.);
#5933=ORIENTED_EDGE('',*,*,#4260,.F.);
#5934=ORIENTED_EDGE('',*,*,#4247,.T.);
#5935=ORIENTED_EDGE('',*,*,#4261,.F.);
#5936=ORIENTED_EDGE('',*,*,#4251,.T.);
#5937=ORIENTED_EDGE('',*,*,#4171,.T.);
#5938=ORIENTED_EDGE('',*,*,#4183,.T.);
#5939=ORIENTED_EDGE('',*,*,#4248,.T.);
#5940=ORIENTED_EDGE('',*,*,#4260,.T.);
#5941=ORIENTED_EDGE('',*,*,#4262,.T.);
#5942=ORIENTED_EDGE('',*,*,#3830,.F.);
#5943=ORIENTED_EDGE('',*,*,#4263,.F.);
#5944=ORIENTED_EDGE('',*,*,#4259,.T.);
#5945=ORIENTED_EDGE('',*,*,#4264,.T.);
#5946=ORIENTED_EDGE('',*,*,#3831,.F.);
#5947=ORIENTED_EDGE('',*,*,#4262,.F.);
#5948=ORIENTED_EDGE('',*,*,#4258,.T.);
#5949=ORIENTED_EDGE('',*,*,#3991,.T.);
#5950=ORIENTED_EDGE('',*,*,#3832,.F.);
#5951=ORIENTED_EDGE('',*,*,#4264,.F.);
#5952=ORIENTED_EDGE('',*,*,#4253,.T.);
#5953=ORIENTED_EDGE('',*,*,#4250,.T.);
#5954=ORIENTED_EDGE('',*,*,#4142,.T.);
#5955=ORIENTED_EDGE('',*,*,#4162,.T.);
#5956=ORIENTED_EDGE('',*,*,#3777,.F.);
#5957=ORIENTED_EDGE('',*,*,#4206,.F.);
#5958=ORIENTED_EDGE('',*,*,#4195,.T.);
#5959=ORIENTED_EDGE('',*,*,#3451,.F.);
#5960=ORIENTED_EDGE('',*,*,#4161,.F.);
#5961=ORIENTED_EDGE('',*,*,#4134,.T.);
#5962=ORIENTED_EDGE('',*,*,#4145,.T.);
#5963=ORIENTED_EDGE('',*,*,#4041,.T.);
#5964=ORIENTED_EDGE('',*,*,#4265,.T.);
#5965=ORIENTED_EDGE('',*,*,#3437,.F.);
#5966=ORIENTED_EDGE('',*,*,#4187,.F.);
#5967=ORIENTED_EDGE('',*,*,#4204,.T.);
#5968=ORIENTED_EDGE('',*,*,#3773,.F.);
#5969=ORIENTED_EDGE('',*,*,#4052,.F.);
#5970=ORIENTED_EDGE('',*,*,#4042,.T.);
#5971=ORIENTED_EDGE('',*,*,#4031,.T.);
#5972=ORIENTED_EDGE('',*,*,#4037,.T.);
#5973=ORIENTED_EDGE('',*,*,#4051,.T.);
#5974=ORIENTED_EDGE('',*,*,#3438,.F.);
#5975=ORIENTED_EDGE('',*,*,#4265,.F.);
#5976=ORIENTED_EDGE('',*,*,#4202,.T.);
#5977=ORIENTED_EDGE('',*,*,#4049,.T.);
#5978=ORIENTED_EDGE('',*,*,#3770,.F.);
#5979=ORIENTED_EDGE('',*,*,#4266,.F.);
#5980=ORIENTED_EDGE('',*,*,#4197,.T.);
#5981=ORIENTED_EDGE('',*,*,#4266,.T.);
#5982=ORIENTED_EDGE('',*,*,#3769,.F.);
#5983=ORIENTED_EDGE('',*,*,#4267,.F.);
#5984=ORIENTED_EDGE('',*,*,#4198,.T.);
#5985=ORIENTED_EDGE('',*,*,#4267,.T.);
#5986=ORIENTED_EDGE('',*,*,#3768,.F.);
#5987=ORIENTED_EDGE('',*,*,#4159,.F.);
#5988=ORIENTED_EDGE('',*,*,#4268,.T.);
#5989=ORIENTED_EDGE('',*,*,#3766,.F.);
#5990=ORIENTED_EDGE('',*,*,#4044,.T.);
#5991=ORIENTED_EDGE('',*,*,#3480,.F.);
#5992=ORIENTED_EDGE('',*,*,#4040,.T.);
#5993=ORIENTED_EDGE('',*,*,#4047,.T.);
#5994=ORIENTED_EDGE('',*,*,#3763,.F.);
#5995=ORIENTED_EDGE('',*,*,#4269,.F.);
#5996=ORIENTED_EDGE('',*,*,#3611,.F.);
#5997=ORIENTED_EDGE('',*,*,#4046,.T.);
#5998=ORIENTED_EDGE('',*,*,#3612,.F.);
#5999=ORIENTED_EDGE('',*,*,#4269,.T.);
#6000=ORIENTED_EDGE('',*,*,#3762,.F.);
#6001=ORIENTED_EDGE('',*,*,#4270,.F.);
#6002=ORIENTED_EDGE('',*,*,#3613,.F.);
#6003=ORIENTED_EDGE('',*,*,#4270,.T.);
#6004=ORIENTED_EDGE('',*,*,#3761,.F.);
#6005=ORIENTED_EDGE('',*,*,#4271,.F.);
#6006=ORIENTED_EDGE('',*,*,#3614,.F.);
#6007=ORIENTED_EDGE('',*,*,#4271,.T.);
#6008=ORIENTED_EDGE('',*,*,#3760,.F.);
#6009=ORIENTED_EDGE('',*,*,#4272,.F.);
#6010=ORIENTED_EDGE('',*,*,#3615,.F.);
#6011=ORIENTED_EDGE('',*,*,#4272,.T.);
#6012=ORIENTED_EDGE('',*,*,#3759,.F.);
#6013=ORIENTED_EDGE('',*,*,#4273,.F.);
#6014=ORIENTED_EDGE('',*,*,#3616,.F.);
#6015=ORIENTED_EDGE('',*,*,#4273,.T.);
#6016=ORIENTED_EDGE('',*,*,#3758,.F.);
#6017=ORIENTED_EDGE('',*,*,#4274,.F.);
#6018=ORIENTED_EDGE('',*,*,#4132,.T.);
#6019=ORIENTED_EDGE('',*,*,#3875,.F.);
#6020=ORIENTED_EDGE('',*,*,#3617,.F.);
#6021=ORIENTED_EDGE('',*,*,#4274,.T.);
#6022=ORIENTED_EDGE('',*,*,#3757,.F.);
#6023=ORIENTED_EDGE('',*,*,#3880,.F.);
#6024=ORIENTED_EDGE('',*,*,#4138,.T.);
#6025=ORIENTED_EDGE('',*,*,#4144,.T.);
#6026=ORIENTED_EDGE('',*,*,#4146,.F.);
#6027=ORIENTED_EDGE('',*,*,#3754,.F.);
#6028=ORIENTED_EDGE('',*,*,#4275,.T.);
#6029=ORIENTED_EDGE('',*,*,#3476,.F.);
#6030=ORIENTED_EDGE('',*,*,#4275,.F.);
#6031=ORIENTED_EDGE('',*,*,#3753,.F.);
#6032=ORIENTED_EDGE('',*,*,#4276,.T.);
#6033=ORIENTED_EDGE('',*,*,#3477,.F.);
#6034=ORIENTED_EDGE('',*,*,#4276,.F.);
#6035=ORIENTED_EDGE('',*,*,#3752,.F.);
#6036=ORIENTED_EDGE('',*,*,#4277,.T.);
#6037=ORIENTED_EDGE('',*,*,#3478,.F.);
#6038=ORIENTED_EDGE('',*,*,#4277,.F.);
#6039=ORIENTED_EDGE('',*,*,#3751,.F.);
#6040=ORIENTED_EDGE('',*,*,#4268,.F.);
#6041=ORIENTED_EDGE('',*,*,#3479,.F.);
#6042=ORIENTED_EDGE('',*,*,#4069,.T.);
#6043=ORIENTED_EDGE('',*,*,#4278,.T.);
#6044=ORIENTED_EDGE('',*,*,#3445,.F.);
#6045=ORIENTED_EDGE('',*,*,#4246,.F.);
#6046=ORIENTED_EDGE('',*,*,#4263,.T.);
#6047=ORIENTED_EDGE('',*,*,#3829,.F.);
#6048=ORIENTED_EDGE('',*,*,#4080,.F.);
#6049=ORIENTED_EDGE('',*,*,#4070,.T.);
#6050=ORIENTED_EDGE('',*,*,#4059,.T.);
#6051=ORIENTED_EDGE('',*,*,#4065,.T.);
#6052=ORIENTED_EDGE('',*,*,#4079,.T.);
#6053=ORIENTED_EDGE('',*,*,#3446,.F.);
#6054=ORIENTED_EDGE('',*,*,#4278,.F.);
#6055=ORIENTED_EDGE('',*,*,#4261,.T.);
#6056=ORIENTED_EDGE('',*,*,#4077,.T.);
#6057=ORIENTED_EDGE('',*,*,#3826,.F.);
#6058=ORIENTED_EDGE('',*,*,#4279,.F.);
#6059=ORIENTED_EDGE('',*,*,#4256,.T.);
#6060=ORIENTED_EDGE('',*,*,#4279,.T.);
#6061=ORIENTED_EDGE('',*,*,#3825,.F.);
#6062=ORIENTED_EDGE('',*,*,#4280,.F.);
#6063=ORIENTED_EDGE('',*,*,#4257,.T.);
#6064=ORIENTED_EDGE('',*,*,#4280,.T.);
#6065=ORIENTED_EDGE('',*,*,#3824,.F.);
#6066=ORIENTED_EDGE('',*,*,#4281,.F.);
#6067=ORIENTED_EDGE('',*,*,#3924,.F.);
#6068=ORIENTED_EDGE('',*,*,#3963,.T.);
#6069=ORIENTED_EDGE('',*,*,#4282,.T.);
#6070=ORIENTED_EDGE('',*,*,#3958,.T.);
#6071=ORIENTED_EDGE('',*,*,#3995,.F.);
#6072=ORIENTED_EDGE('',*,*,#3461,.F.);
#6073=ORIENTED_EDGE('',*,*,#4255,.F.);
#6074=ORIENTED_EDGE('',*,*,#4281,.T.);
#6075=ORIENTED_EDGE('',*,*,#3823,.F.);
#6076=ORIENTED_EDGE('',*,*,#3994,.F.);
#6077=ORIENTED_EDGE('',*,*,#3589,.F.);
#6078=ORIENTED_EDGE('',*,*,#3977,.T.);
#6079=ORIENTED_EDGE('',*,*,#3959,.F.);
#6080=ORIENTED_EDGE('',*,*,#4282,.F.);
#6081=ORIENTED_EDGE('',*,*,#3962,.T.);
#6082=ORIENTED_EDGE('',*,*,#3927,.T.);
#6083=ORIENTED_EDGE('',*,*,#3820,.F.);
#6084=ORIENTED_EDGE('',*,*,#4283,.F.);
#6085=ORIENTED_EDGE('',*,*,#3590,.F.);
#6086=ORIENTED_EDGE('',*,*,#4283,.T.);
#6087=ORIENTED_EDGE('',*,*,#3819,.F.);
#6088=ORIENTED_EDGE('',*,*,#4284,.F.);
#6089=ORIENTED_EDGE('',*,*,#3591,.F.);
#6090=ORIENTED_EDGE('',*,*,#4284,.T.);
#6091=ORIENTED_EDGE('',*,*,#3818,.F.);
#6092=ORIENTED_EDGE('',*,*,#4285,.F.);
#6093=ORIENTED_EDGE('',*,*,#3592,.F.);
#6094=ORIENTED_EDGE('',*,*,#4285,.T.);
#6095=ORIENTED_EDGE('',*,*,#3817,.F.);
#6096=ORIENTED_EDGE('',*,*,#4286,.T.);
#6097=ORIENTED_EDGE('',*,*,#3505,.F.);
#6098=ORIENTED_EDGE('',*,*,#3527,.F.);
#6099=ORIENTED_EDGE('',*,*,#4286,.F.);
#6100=ORIENTED_EDGE('',*,*,#3816,.F.);
#6101=ORIENTED_EDGE('',*,*,#4072,.T.);
#6102=ORIENTED_EDGE('',*,*,#3506,.F.);
#6103=ORIENTED_EDGE('',*,*,#4068,.T.);
#6104=ORIENTED_EDGE('',*,*,#4075,.T.);
#6105=ORIENTED_EDGE('',*,*,#3813,.F.);
#6106=ORIENTED_EDGE('',*,*,#4287,.F.);
#6107=ORIENTED_EDGE('',*,*,#3601,.F.);
#6108=ORIENTED_EDGE('',*,*,#4074,.T.);
#6109=ORIENTED_EDGE('',*,*,#3602,.F.);
#6110=ORIENTED_EDGE('',*,*,#4287,.T.);
#6111=ORIENTED_EDGE('',*,*,#3812,.F.);
#6112=ORIENTED_EDGE('',*,*,#4288,.F.);
#6113=ORIENTED_EDGE('',*,*,#3603,.F.);
#6114=ORIENTED_EDGE('',*,*,#4288,.T.);
#6115=ORIENTED_EDGE('',*,*,#3811,.F.);
#6116=ORIENTED_EDGE('',*,*,#4289,.F.);
#6117=ORIENTED_EDGE('',*,*,#3604,.F.);
#6118=ORIENTED_EDGE('',*,*,#4289,.T.);
#6119=ORIENTED_EDGE('',*,*,#3810,.F.);
#6120=ORIENTED_EDGE('',*,*,#4290,.T.);
#6121=ORIENTED_EDGE('',*,*,#3509,.F.);
#6122=ORIENTED_EDGE('',*,*,#3559,.F.);
#6123=ORIENTED_EDGE('',*,*,#4290,.F.);
#6124=ORIENTED_EDGE('',*,*,#3809,.F.);
#6125=ORIENTED_EDGE('',*,*,#3981,.F.);
#6126=ORIENTED_EDGE('',*,*,#3584,.F.);
#6127=ORIENTED_EDGE('',*,*,#3547,.T.);
#6128=ORIENTED_EDGE('',*,*,#3510,.F.);
#6129=ORIENTED_EDGE('',*,*,#4129,.T.);
#6130=ORIENTED_EDGE('',*,*,#4291,.T.);
#6131=ORIENTED_EDGE('',*,*,#3441,.F.);
#6132=ORIENTED_EDGE('',*,*,#4227,.F.);
#6133=ORIENTED_EDGE('',*,*,#4244,.T.);
#6134=ORIENTED_EDGE('',*,*,#3857,.F.);
#6135=ORIENTED_EDGE('',*,*,#4151,.F.);
#6136=ORIENTED_EDGE('',*,*,#4115,.T.);
#6137=ORIENTED_EDGE('',*,*,#4124,.T.);
#6138=ORIENTED_EDGE('',*,*,#4128,.T.);
#6139=ORIENTED_EDGE('',*,*,#4150,.T.);
#6140=ORIENTED_EDGE('',*,*,#3442,.F.);
#6141=ORIENTED_EDGE('',*,*,#4291,.F.);
#6142=ORIENTED_EDGE('',*,*,#4242,.T.);
#6143=ORIENTED_EDGE('',*,*,#4148,.T.);
#6144=ORIENTED_EDGE('',*,*,#3854,.F.);
#6145=ORIENTED_EDGE('',*,*,#4292,.F.);
#6146=ORIENTED_EDGE('',*,*,#4237,.T.);
#6147=ORIENTED_EDGE('',*,*,#4292,.T.);
#6148=ORIENTED_EDGE('',*,*,#3853,.F.);
#6149=ORIENTED_EDGE('',*,*,#4293,.F.);
#6150=ORIENTED_EDGE('',*,*,#4238,.T.);
#6151=ORIENTED_EDGE('',*,*,#4293,.T.);
#6152=ORIENTED_EDGE('',*,*,#3852,.F.);
#6153=ORIENTED_EDGE('',*,*,#4294,.F.);
#6154=ORIENTED_EDGE('',*,*,#4095,.T.);
#6155=ORIENTED_EDGE('',*,*,#4109,.F.);
#6156=ORIENTED_EDGE('',*,*,#3449,.F.);
#6157=ORIENTED_EDGE('',*,*,#4236,.F.);
#6158=ORIENTED_EDGE('',*,*,#4294,.T.);
#6159=ORIENTED_EDGE('',*,*,#3851,.F.);
#6160=ORIENTED_EDGE('',*,*,#4108,.F.);
#6161=ORIENTED_EDGE('',*,*,#4097,.T.);
#6162=ORIENTED_EDGE('',*,*,#4098,.T.);
#6163=ORIENTED_EDGE('',*,*,#3624,.F.);
#6164=ORIENTED_EDGE('',*,*,#4295,.T.);
#6165=ORIENTED_EDGE('',*,*,#3850,.F.);
#6166=ORIENTED_EDGE('',*,*,#4100,.F.);
#6167=ORIENTED_EDGE('',*,*,#4094,.T.);
#6168=ORIENTED_EDGE('',*,*,#4103,.T.);
#6169=ORIENTED_EDGE('',*,*,#3847,.F.);
#6170=ORIENTED_EDGE('',*,*,#4296,.T.);
#6171=ORIENTED_EDGE('',*,*,#3493,.F.);
#6172=ORIENTED_EDGE('',*,*,#4102,.F.);
#6173=ORIENTED_EDGE('',*,*,#4296,.F.);
#6174=ORIENTED_EDGE('',*,*,#3846,.F.);
#6175=ORIENTED_EDGE('',*,*,#4297,.T.);
#6176=ORIENTED_EDGE('',*,*,#3494,.F.);
#6177=ORIENTED_EDGE('',*,*,#4297,.F.);
#6178=ORIENTED_EDGE('',*,*,#3845,.F.);
#6179=ORIENTED_EDGE('',*,*,#4298,.T.);
#6180=ORIENTED_EDGE('',*,*,#3495,.F.);
#6181=ORIENTED_EDGE('',*,*,#4298,.F.);
#6182=ORIENTED_EDGE('',*,*,#3844,.F.);
#6183=ORIENTED_EDGE('',*,*,#4299,.T.);
#6184=ORIENTED_EDGE('',*,*,#3496,.F.);
#6185=ORIENTED_EDGE('',*,*,#4299,.F.);
#6186=ORIENTED_EDGE('',*,*,#3843,.F.);
#6187=ORIENTED_EDGE('',*,*,#4153,.T.);
#6188=ORIENTED_EDGE('',*,*,#3497,.F.);
#6189=ORIENTED_EDGE('',*,*,#4131,.T.);
#6190=ORIENTED_EDGE('',*,*,#3872,.F.);
#6191=ORIENTED_EDGE('',*,*,#3499,.F.);
#6192=ORIENTED_EDGE('',*,*,#4152,.F.);
#6193=ORIENTED_EDGE('',*,*,#4300,.F.);
#6194=ORIENTED_EDGE('',*,*,#3620,.F.);
#6195=ORIENTED_EDGE('',*,*,#4156,.T.);
#6196=ORIENTED_EDGE('',*,*,#4125,.T.);
#6197=ORIENTED_EDGE('',*,*,#4155,.T.);
#6198=ORIENTED_EDGE('',*,*,#3838,.F.);
#6199=ORIENTED_EDGE('',*,*,#3621,.F.);
#6200=ORIENTED_EDGE('',*,*,#4300,.T.);
#6201=ORIENTED_EDGE('',*,*,#3837,.F.);
#6202=ORIENTED_EDGE('',*,*,#4301,.F.);
#6203=ORIENTED_EDGE('',*,*,#3622,.F.);
#6204=ORIENTED_EDGE('',*,*,#4301,.T.);
#6205=ORIENTED_EDGE('',*,*,#3836,.F.);
#6206=ORIENTED_EDGE('',*,*,#4302,.F.);
#6207=ORIENTED_EDGE('',*,*,#3623,.F.);
#6208=ORIENTED_EDGE('',*,*,#4302,.T.);
#6209=ORIENTED_EDGE('',*,*,#3835,.F.);
#6210=ORIENTED_EDGE('',*,*,#4295,.F.);
#6211=ORIENTED_EDGE('',*,*,#4010,.T.);
#6212=ORIENTED_EDGE('',*,*,#4024,.T.);
#6213=ORIENTED_EDGE('',*,*,#3457,.F.);
#6214=ORIENTED_EDGE('',*,*,#4216,.T.);
#6215=ORIENTED_EDGE('',*,*,#4226,.T.);
#6216=ORIENTED_EDGE('',*,*,#3806,.F.);
#6217=ORIENTED_EDGE('',*,*,#4023,.F.);
#6218=ORIENTED_EDGE('',*,*,#4012,.T.);
#6219=ORIENTED_EDGE('',*,*,#4013,.T.);
#6220=ORIENTED_EDGE('',*,*,#4221,.T.);
#6221=ORIENTED_EDGE('',*,*,#4224,.T.);
#6222=ORIENTED_EDGE('',*,*,#3801,.F.);
#6223=ORIENTED_EDGE('',*,*,#3986,.F.);
#6224=ORIENTED_EDGE('',*,*,#3934,.F.);
#6225=ORIENTED_EDGE('',*,*,#3989,.T.);
#6226=ORIENTED_EDGE('',*,*,#3798,.F.);
#6227=ORIENTED_EDGE('',*,*,#4303,.F.);
#6228=ORIENTED_EDGE('',*,*,#4207,.T.);
#6229=ORIENTED_EDGE('',*,*,#3431,.F.);
#6230=ORIENTED_EDGE('',*,*,#3988,.F.);
#6231=ORIENTED_EDGE('',*,*,#3970,.T.);
#6232=ORIENTED_EDGE('',*,*,#4304,.T.);
#6233=ORIENTED_EDGE('',*,*,#3948,.T.);
#6234=ORIENTED_EDGE('',*,*,#4222,.T.);
#6235=ORIENTED_EDGE('',*,*,#4303,.T.);
#6236=ORIENTED_EDGE('',*,*,#3797,.F.);
#6237=ORIENTED_EDGE('',*,*,#4305,.F.);
#6238=ORIENTED_EDGE('',*,*,#4217,.T.);
#6239=ORIENTED_EDGE('',*,*,#4305,.T.);
#6240=ORIENTED_EDGE('',*,*,#3796,.F.);
#6241=ORIENTED_EDGE('',*,*,#4225,.F.);
#6242=ORIENTED_EDGE('',*,*,#4009,.T.);
#6243=ORIENTED_EDGE('',*,*,#4018,.T.);
#6244=ORIENTED_EDGE('',*,*,#3793,.F.);
#6245=ORIENTED_EDGE('',*,*,#4306,.T.);
#6246=ORIENTED_EDGE('',*,*,#3485,.F.);
#6247=ORIENTED_EDGE('',*,*,#4017,.F.);
#6248=ORIENTED_EDGE('',*,*,#4306,.F.);
#6249=ORIENTED_EDGE('',*,*,#3792,.F.);
#6250=ORIENTED_EDGE('',*,*,#4307,.T.);
#6251=ORIENTED_EDGE('',*,*,#3486,.F.);
#6252=ORIENTED_EDGE('',*,*,#4307,.F.);
#6253=ORIENTED_EDGE('',*,*,#3791,.F.);
#6254=ORIENTED_EDGE('',*,*,#4308,.F.);
#6255=ORIENTED_EDGE('',*,*,#3566,.F.);
#6256=ORIENTED_EDGE('',*,*,#3535,.T.);
#6257=ORIENTED_EDGE('',*,*,#3487,.F.);
#6258=ORIENTED_EDGE('',*,*,#3567,.F.);
#6259=ORIENTED_EDGE('',*,*,#4308,.T.);
#6260=ORIENTED_EDGE('',*,*,#3790,.F.);
#6261=ORIENTED_EDGE('',*,*,#4309,.F.);
#6262=ORIENTED_EDGE('',*,*,#3568,.F.);
#6263=ORIENTED_EDGE('',*,*,#4309,.T.);
#6264=ORIENTED_EDGE('',*,*,#3789,.F.);
#6265=ORIENTED_EDGE('',*,*,#4310,.F.);
#6266=ORIENTED_EDGE('',*,*,#3569,.F.);
#6267=ORIENTED_EDGE('',*,*,#4310,.T.);
#6268=ORIENTED_EDGE('',*,*,#3788,.F.);
#6269=ORIENTED_EDGE('',*,*,#3947,.F.);
#6270=ORIENTED_EDGE('',*,*,#3949,.T.);
#6271=ORIENTED_EDGE('',*,*,#4304,.F.);
#6272=ORIENTED_EDGE('',*,*,#3969,.F.);
#6273=ORIENTED_EDGE('',*,*,#3975,.F.);
#6274=ORIENTED_EDGE('',*,*,#3966,.T.);
#6275=ORIENTED_EDGE('',*,*,#4311,.F.);
#6276=ORIENTED_EDGE('',*,*,#3572,.F.);
#6277=ORIENTED_EDGE('',*,*,#3976,.T.);
#6278=ORIENTED_EDGE('',*,*,#4312,.F.);
#6279=ORIENTED_EDGE('',*,*,#3573,.F.);
#6280=ORIENTED_EDGE('',*,*,#4311,.T.);
#6281=ORIENTED_EDGE('',*,*,#3973,.F.);
#6282=ORIENTED_EDGE('',*,*,#3983,.F.);
#6283=ORIENTED_EDGE('',*,*,#3964,.T.);
#6284=ORIENTED_EDGE('',*,*,#3943,.T.);
#6285=ORIENTED_EDGE('',*,*,#3784,.F.);
#6286=ORIENTED_EDGE('',*,*,#3574,.F.);
#6287=ORIENTED_EDGE('',*,*,#4312,.T.);
#6288=ORIENTED_EDGE('',*,*,#3783,.F.);
#6289=ORIENTED_EDGE('',*,*,#4313,.T.);
#6290=ORIENTED_EDGE('',*,*,#3514,.F.);
#6291=ORIENTED_EDGE('',*,*,#3552,.F.);
#6292=ORIENTED_EDGE('',*,*,#4313,.F.);
#6293=ORIENTED_EDGE('',*,*,#3782,.F.);
#6294=ORIENTED_EDGE('',*,*,#4314,.F.);
#6295=ORIENTED_EDGE('',*,*,#3605,.F.);
#6296=ORIENTED_EDGE('',*,*,#3553,.T.);
#6297=ORIENTED_EDGE('',*,*,#3515,.F.);
#6298=ORIENTED_EDGE('',*,*,#3606,.F.);
#6299=ORIENTED_EDGE('',*,*,#4314,.T.);
#6300=ORIENTED_EDGE('',*,*,#3781,.F.);
#6301=ORIENTED_EDGE('',*,*,#4315,.F.);
#6302=ORIENTED_EDGE('',*,*,#3607,.F.);
#6303=ORIENTED_EDGE('',*,*,#4315,.T.);
#6304=ORIENTED_EDGE('',*,*,#3780,.F.);
#6305=ORIENTED_EDGE('',*,*,#4015,.F.);
#6306=ORIENTED_EDGE('',*,*,#3599,.F.);
#6307=ORIENTED_EDGE('',*,*,#4316,.T.);
#6308=ORIENTED_EDGE('',*,*,#3470,.T.);
#6309=ORIENTED_EDGE('',*,*,#4316,.F.);
#6310=ORIENTED_EDGE('',*,*,#3593,.F.);
#6311=ORIENTED_EDGE('',*,*,#4317,.T.);
#6312=ORIENTED_EDGE('',*,*,#3469,.T.);
#6313=ORIENTED_EDGE('',*,*,#4317,.F.);
#6314=ORIENTED_EDGE('',*,*,#3579,.F.);
#6315=ORIENTED_EDGE('',*,*,#4318,.T.);
#6316=ORIENTED_EDGE('',*,*,#3468,.T.);
#6317=ORIENTED_EDGE('',*,*,#4318,.F.);
#6318=ORIENTED_EDGE('',*,*,#3565,.F.);
#6319=ORIENTED_EDGE('',*,*,#4319,.T.);
#6320=ORIENTED_EDGE('',*,*,#3467,.T.);
#6321=ORIENTED_EDGE('',*,*,#4319,.F.);
#6322=CYLINDRICAL_SURFACE('',#6827,24.511);
#6323=CYLINDRICAL_SURFACE('',#6829,24.511);
#6324=CYLINDRICAL_SURFACE('',#6830,24.511);
#6325=CYLINDRICAL_SURFACE('',#6831,24.511);
#6326=CYLINDRICAL_SURFACE('',#6832,24.511);
#6327=CYLINDRICAL_SURFACE('',#6833,24.511);
#6328=CYLINDRICAL_SURFACE('',#6834,24.511);
#6329=CYLINDRICAL_SURFACE('',#6835,23.76195);
#6330=CYLINDRICAL_SURFACE('',#6837,23.76195);
#6331=CYLINDRICAL_SURFACE('',#6838,23.76195);
#6332=CYLINDRICAL_SURFACE('',#6839,23.76195);
#6333=CYLINDRICAL_SURFACE('',#6840,23.76195);
#6334=CYLINDRICAL_SURFACE('',#6841,23.76195);
#6335=CYLINDRICAL_SURFACE('',#6868,9.99999999997083);
#6336=CYLINDRICAL_SURFACE('',#6870,84.8227040809064);
#6337=CYLINDRICAL_SURFACE('',#6874,10.0000000001615);
#6338=CYLINDRICAL_SURFACE('',#6926,8.);
#6339=CYLINDRICAL_SURFACE('',#6930,7.99999999999999);
#6340=CYLINDRICAL_SURFACE('',#6938,7.99999999999999);
#6341=CYLINDRICAL_SURFACE('',#6942,8.);
#6342=CYLINDRICAL_SURFACE('',#6949,26.);
#6343=CYLINDRICAL_SURFACE('',#7029,0.875000000000004);
#6344=CYLINDRICAL_SURFACE('',#7031,0.875000000000004);
#6345=CYLINDRICAL_SURFACE('',#7035,0.875000000000004);
#6346=CYLINDRICAL_SURFACE('',#7037,0.875000000000004);
#6347=CYLINDRICAL_SURFACE('',#7047,0.875000000000004);
#6348=CYLINDRICAL_SURFACE('',#7049,0.875000000000004);
#6349=CYLINDRICAL_SURFACE('',#7057,0.875000000000004);
#6350=CYLINDRICAL_SURFACE('',#7058,0.875000000000004);
#6351=CYLINDRICAL_SURFACE('',#7112,3.);
#6352=CYLINDRICAL_SURFACE('',#7113,3.);
#6353=CYLINDRICAL_SURFACE('',#7114,6.99999999998609);
#6354=CYLINDRICAL_SURFACE('',#7115,7.00000000000054);
#6355=CYLINDRICAL_SURFACE('',#7119,7.00000000000054);
#6356=CYLINDRICAL_SURFACE('',#7121,6.99999999998609);
#6357=CYLINDRICAL_SURFACE('',#7122,7.00000000016153);
#6358=CYLINDRICAL_SURFACE('',#7123,6.99999999981074);
#6359=CYLINDRICAL_SURFACE('',#7132,15.25);
#6360=CYLINDRICAL_SURFACE('',#7139,23.);
#6361=CYLINDRICAL_SURFACE('',#7141,3.87499999987706);
#6362=CYLINDRICAL_SURFACE('',#7142,3.87500000000696);
#6363=CYLINDRICAL_SURFACE('',#7143,3.875);
#6364=CYLINDRICAL_SURFACE('',#7144,3.875);
#6365=CYLINDRICAL_SURFACE('',#7145,23.76195);
#6366=CYLINDRICAL_SURFACE('',#7146,24.511);
#6367=CYLINDRICAL_SURFACE('',#7153,5.50000000000039);
#6368=CYLINDRICAL_SURFACE('',#7155,5.5);
#6369=CYLINDRICAL_SURFACE('',#7156,2.5);
#6370=CYLINDRICAL_SURFACE('',#7162,5.5);
#6371=CYLINDRICAL_SURFACE('',#7164,5.50000000000004);
#6372=CYLINDRICAL_SURFACE('',#7165,2.5);
#6373=CYLINDRICAL_SURFACE('',#7167,3.);
#6374=CYLINDRICAL_SURFACE('',#7168,81.8227040807945);
#6375=CYLINDRICAL_SURFACE('',#7169,3.);
#6376=CYLINDRICAL_SURFACE('',#7170,9.99999999999577);
#6377=CYLINDRICAL_SURFACE('',#7171,9.99999999999999);
#6378=CYLINDRICAL_SURFACE('',#7173,2.5);
#6379=CYLINDRICAL_SURFACE('',#7174,2.5);
#6380=CYLINDRICAL_SURFACE('',#7175,2.5);
#6381=CYLINDRICAL_SURFACE('',#7176,2.5);
#6382=CYLINDRICAL_SURFACE('',#7177,5.50000000000004);
#6383=CYLINDRICAL_SURFACE('',#7179,5.50000000000039);
#6384=CYLINDRICAL_SURFACE('',#7181,5.5);
#6385=CYLINDRICAL_SURFACE('',#7183,2.5);
#6386=CYLINDRICAL_SURFACE('',#7186,2.5);
#6387=CYLINDRICAL_SURFACE('',#7192,2.5);
#6388=CYLINDRICAL_SURFACE('',#7196,2.5);
#6389=CYLINDRICAL_SURFACE('',#7201,5.50000000000001);
#6390=CYLINDRICAL_SURFACE('',#7204,2.5);
#6391=CYLINDRICAL_SURFACE('',#7207,2.5);
#6392=CYLINDRICAL_SURFACE('',#7216,2.5);
#6393=CYLINDRICAL_SURFACE('',#7219,5.50000000000001);
#6394=CYLINDRICAL_SURFACE('',#7222,2.5);
#6395=CYLINDRICAL_SURFACE('',#7224,2.5);
#6396=CYLINDRICAL_SURFACE('',#7233,2.5);
#6397=CYLINDRICAL_SURFACE('',#7236,5.49999999999998);
#6398=CYLINDRICAL_SURFACE('',#7239,2.5);
#6399=CYLINDRICAL_SURFACE('',#7244,2.5);
#6400=CYLINDRICAL_SURFACE('',#7248,2.5);
#6401=CYLINDRICAL_SURFACE('',#7253,5.5);
#6402=CYLINDRICAL_SURFACE('',#7256,2.5);
#6403=CYLINDRICAL_SURFACE('',#7259,2.49999999999996);
#6404=CYLINDRICAL_SURFACE('',#7263,2.50000000000001);
#6405=CYLINDRICAL_SURFACE('',#7264,2.50000000000001);
#6406=CYLINDRICAL_SURFACE('',#7265,2.49999999999996);
#6407=CYLINDRICAL_SURFACE('',#7267,5.49999999999999);
#6408=CYLINDRICAL_SURFACE('',#7268,2.50000000000001);
#6409=CYLINDRICAL_SURFACE('',#7271,5.50000000000001);
#6410=CYLINDRICAL_SURFACE('',#7272,5.5);
#6411=CYLINDRICAL_SURFACE('',#7273,5.5);
#6412=CYLINDRICAL_SURFACE('',#7274,2.49999999999999);
#6413=CYLINDRICAL_SURFACE('',#7279,1.25);
#6414=CYLINDRICAL_SURFACE('',#7283,1.25);
#6415=CYLINDRICAL_SURFACE('',#7287,1.25000000000001);
#6416=CYLINDRICAL_SURFACE('',#7291,1.25);
#6417=CYLINDRICAL_SURFACE('',#7295,1.25);
#6418=CYLINDRICAL_SURFACE('',#7299,1.25);
#6419=CYLINDRICAL_SURFACE('',#7303,1.25);
#6420=CYLINDRICAL_SURFACE('',#7307,1.25000000000001);
#6421=CYLINDRICAL_SURFACE('',#7312,0.950000000000002);
#6422=CYLINDRICAL_SURFACE('',#7315,0.950000000000002);
#6423=CYLINDRICAL_SURFACE('',#7326,0.949999999999998);
#6424=CYLINDRICAL_SURFACE('',#7329,0.950000000000002);
#6425=CYLINDRICAL_SURFACE('',#7340,0.950000000000002);
#6426=CYLINDRICAL_SURFACE('',#7343,0.950000000000002);
#6427=CYLINDRICAL_SURFACE('',#7354,0.950000000000002);
#6428=CYLINDRICAL_SURFACE('',#7357,0.950000000000002);
#6429=CYLINDRICAL_SURFACE('',#7367,2.5);
#6430=CYLINDRICAL_SURFACE('',#7368,2.5);
#6431=CYLINDRICAL_SURFACE('',#7374,5.49999999999998);
#6432=CYLINDRICAL_SURFACE('',#7376,5.5);
#6433=CYLINDRICAL_SURFACE('',#7378,5.5);
#6434=CYLINDRICAL_SURFACE('',#7380,5.5);
#6435=CYLINDRICAL_SURFACE('',#7382,5.5);
#6436=CYLINDRICAL_SURFACE('',#7384,5.5);
#6437=CYLINDRICAL_SURFACE('',#7385,2.5);
#6438=CYLINDRICAL_SURFACE('',#7390,2.5);
#6439=CYLINDRICAL_SURFACE('',#7392,5.5);
#6440=CYLINDRICAL_SURFACE('',#7394,5.5);
#6441=CYLINDRICAL_SURFACE('',#7396,5.49999999999984);
#6442=CYLINDRICAL_SURFACE('',#7398,5.5);
#6443=CYLINDRICAL_SURFACE('',#7400,5.5);
#6444=CYLINDRICAL_SURFACE('',#7401,2.5);
#6445=CYLINDRICAL_SURFACE('',#7406,2.5);
#6446=CYLINDRICAL_SURFACE('',#7408,5.50000000000001);
#6447=CYLINDRICAL_SURFACE('',#7410,5.5);
#6448=CYLINDRICAL_SURFACE('',#7412,5.5);
#6449=CYLINDRICAL_SURFACE('',#7413,5.50000000000001);
#6450=CYLINDRICAL_SURFACE('',#7415,5.5);
#6451=CYLINDRICAL_SURFACE('',#7417,5.49999999999986);
#6452=CYLINDRICAL_SURFACE('',#7418,2.5);
#6453=CYLINDRICAL_SURFACE('',#7420,2.5);
#6454=CYLINDRICAL_SURFACE('',#7423,5.5);
#6455=CYLINDRICAL_SURFACE('',#7425,5.50000000000001);
#6456=CYLINDRICAL_SURFACE('',#7427,5.50000000000001);
#6457=CYLINDRICAL_SURFACE('',#7429,5.5);
#6458=CYLINDRICAL_SURFACE('',#7431,5.5);
#6459=CYLINDRICAL_SURFACE('',#7433,5.5);
#6460=CYLINDRICAL_SURFACE('',#7435,1.875);
#6461=CYLINDRICAL_SURFACE('',#7436,1.875);
#6462=CYLINDRICAL_SURFACE('',#7437,1.875);
#6463=CYLINDRICAL_SURFACE('',#7438,1.875);
#6464=ADVANCED_FACE('',(#304),#6322,.T.);
#6465=ADVANCED_FACE('',(#305),#6323,.T.);
#6466=ADVANCED_FACE('',(#306),#6324,.T.);
#6467=ADVANCED_FACE('',(#307),#6325,.T.);
#6468=ADVANCED_FACE('',(#308),#6326,.T.);
#6469=ADVANCED_FACE('',(#309),#6327,.T.);
#6470=ADVANCED_FACE('',(#310),#6328,.T.);
#6471=ADVANCED_FACE('',(#311),#6329,.T.);
#6472=ADVANCED_FACE('',(#312),#6330,.T.);
#6473=ADVANCED_FACE('',(#313),#6331,.T.);
#6474=ADVANCED_FACE('',(#314),#6332,.T.);
#6475=ADVANCED_FACE('',(#315),#6333,.T.);
#6476=ADVANCED_FACE('',(#316),#6334,.T.);
#6477=ADVANCED_FACE('',(#317),#106,.F.);
#6478=ADVANCED_FACE('',(#318),#107,.F.);
#6479=ADVANCED_FACE('',(#319),#108,.F.);
#6480=ADVANCED_FACE('',(#320),#109,.F.);
#6481=ADVANCED_FACE('',(#321),#110,.F.);
#6482=ADVANCED_FACE('',(#322),#111,.F.);
#6483=ADVANCED_FACE('',(#323),#112,.F.);
#6484=ADVANCED_FACE('',(#324),#113,.F.);
#6485=ADVANCED_FACE('',(#325),#114,.T.);
#6486=ADVANCED_FACE('',(#326),#101,.T.);
#6487=ADVANCED_FACE('',(#327),#115,.T.);
#6488=ADVANCED_FACE('',(#328),#102,.T.);
#6489=ADVANCED_FACE('',(#329),#116,.T.);
#6490=ADVANCED_FACE('',(#330),#103,.T.);
#6491=ADVANCED_FACE('',(#331),#104,.T.);
#6492=ADVANCED_FACE('',(#332),#105,.T.);
#6493=ADVANCED_FACE('',(#333),#6335,.T.);
#6494=ADVANCED_FACE('',(#334),#6336,.T.);
#6495=ADVANCED_FACE('',(#335),#6337,.T.);
#6496=ADVANCED_FACE('',(#336),#117,.T.);
#6497=ADVANCED_FACE('',(#337,#51,#52,#53,#54,#55,#56,#57,#58,#59,#60,#61,
#62,#63,#64,#65,#66,#67,#68,#69),#118,.F.);
#6498=ADVANCED_FACE('',(#338),#6338,.T.);
#6499=ADVANCED_FACE('',(#339),#119,.F.);
#6500=ADVANCED_FACE('',(#340),#6339,.T.);
#6501=ADVANCED_FACE('',(#341),#120,.F.);
#6502=ADVANCED_FACE('',(#342),#121,.F.);
#6503=ADVANCED_FACE('',(#343),#122,.F.);
#6504=ADVANCED_FACE('',(#344),#123,.F.);
#6505=ADVANCED_FACE('',(#345),#124,.F.);
#6506=ADVANCED_FACE('',(#346),#6340,.T.);
#6507=ADVANCED_FACE('',(#347),#125,.F.);
#6508=ADVANCED_FACE('',(#348),#6341,.T.);
#6509=ADVANCED_FACE('',(#349),#126,.F.);
#6510=ADVANCED_FACE('',(#350),#127,.F.);
#6511=ADVANCED_FACE('',(#351),#128,.F.);
#6512=ADVANCED_FACE('',(#352),#129,.F.);
#6513=ADVANCED_FACE('',(#353),#6342,.T.);
#6514=ADVANCED_FACE('',(#354),#130,.F.);
#6515=ADVANCED_FACE('',(#355,#70),#131,.T.);
#6516=ADVANCED_FACE('',(#356,#71),#132,.T.);
#6517=ADVANCED_FACE('',(#357,#72),#133,.T.);
#6518=ADVANCED_FACE('',(#358,#73),#134,.T.);
#6519=ADVANCED_FACE('',(#359,#74,#75,#76),#135,.T.);
#6520=ADVANCED_FACE('',(#360),#136,.T.);
#6521=ADVANCED_FACE('',(#361),#137,.F.);
#6522=ADVANCED_FACE('',(#362),#138,.F.);
#6523=ADVANCED_FACE('',(#363),#139,.T.);
#6524=ADVANCED_FACE('',(#364),#140,.T.);
#6525=ADVANCED_FACE('',(#365),#141,.F.);
#6526=ADVANCED_FACE('',(#366),#142,.F.);
#6527=ADVANCED_FACE('',(#367),#143,.T.);
#6528=ADVANCED_FACE('',(#368),#144,.T.);
#6529=ADVANCED_FACE('',(#369),#145,.T.);
#6530=ADVANCED_FACE('',(#370,#77),#146,.T.);
#6531=ADVANCED_FACE('',(#371),#147,.F.);
#6532=ADVANCED_FACE('',(#372),#148,.F.);
#6533=ADVANCED_FACE('',(#373),#149,.F.);
#6534=ADVANCED_FACE('',(#374),#15,.T.);
#6535=ADVANCED_FACE('',(#375),#6343,.T.);
#6536=ADVANCED_FACE('',(#376),#6344,.T.);
#6537=ADVANCED_FACE('',(#377),#150,.F.);
#6538=ADVANCED_FACE('',(#378),#151,.F.);
#6539=ADVANCED_FACE('',(#379),#6345,.T.);
#6540=ADVANCED_FACE('',(#380),#6346,.T.);
#6541=ADVANCED_FACE('',(#381),#152,.T.);
#6542=ADVANCED_FACE('',(#382),#153,.T.);
#6543=ADVANCED_FACE('',(#383),#154,.T.);
#6544=ADVANCED_FACE('',(#384),#155,.T.);
#6545=ADVANCED_FACE('',(#385),#156,.F.);
#6546=ADVANCED_FACE('',(#386),#16,.T.);
#6547=ADVANCED_FACE('',(#387),#157,.F.);
#6548=ADVANCED_FACE('',(#388),#6347,.T.);
#6549=ADVANCED_FACE('',(#389),#6348,.T.);
#6550=ADVANCED_FACE('',(#390),#158,.T.);
#6551=ADVANCED_FACE('',(#391),#159,.F.);
#6552=ADVANCED_FACE('',(#392),#160,.F.);
#6553=ADVANCED_FACE('',(#393),#161,.T.);
#6554=ADVANCED_FACE('',(#394),#6349,.T.);
#6555=ADVANCED_FACE('',(#395),#6350,.T.);
#6556=ADVANCED_FACE('',(#396),#162,.F.);
#6557=ADVANCED_FACE('',(#397,#78),#163,.T.);
#6558=ADVANCED_FACE('',(#398,#79),#164,.T.);
#6559=ADVANCED_FACE('',(#399,#80),#165,.T.);
#6560=ADVANCED_FACE('',(#400,#81),#166,.T.);
#6561=ADVANCED_FACE('',(#401),#6351,.F.);
#6562=ADVANCED_FACE('',(#402),#6352,.F.);
#6563=ADVANCED_FACE('',(#403),#6353,.F.);
#6564=ADVANCED_FACE('',(#404),#6354,.F.);
#6565=ADVANCED_FACE('',(#405),#167,.F.);
#6566=ADVANCED_FACE('',(#406),#168,.T.);
#6567=ADVANCED_FACE('',(#407),#169,.T.);
#6568=ADVANCED_FACE('',(#408),#6355,.F.);
#6569=ADVANCED_FACE('',(#409,#82,#83),#170,.T.);
#6570=ADVANCED_FACE('',(#410),#6356,.F.);
#6571=ADVANCED_FACE('',(#411),#6357,.F.);
#6572=ADVANCED_FACE('',(#412),#6358,.F.);
#6573=ADVANCED_FACE('',(#413),#171,.T.);
#6574=ADVANCED_FACE('',(#414),#172,.T.);
#6575=ADVANCED_FACE('',(#415),#6359,.T.);
#6576=ADVANCED_FACE('',(#416),#173,.T.);
#6577=ADVANCED_FACE('',(#417),#6360,.F.);
#6578=ADVANCED_FACE('',(#418),#6361,.F.);
#6579=ADVANCED_FACE('',(#419),#6362,.F.);
#6580=ADVANCED_FACE('',(#420),#6363,.F.);
#6581=ADVANCED_FACE('',(#421),#6364,.F.);
#6582=ADVANCED_FACE('',(#422),#17,.F.);
#6583=ADVANCED_FACE('',(#423),#6365,.T.);
#6584=ADVANCED_FACE('',(#424),#18,.F.);
#6585=ADVANCED_FACE('',(#425),#6366,.T.);
#6586=ADVANCED_FACE('',(#426),#174,.T.);
#6587=ADVANCED_FACE('',(#427),#6367,.T.);
#6588=ADVANCED_FACE('',(#428),#175,.T.);
#6589=ADVANCED_FACE('',(#429),#6368,.T.);
#6590=ADVANCED_FACE('',(#430),#6369,.F.);
#6591=ADVANCED_FACE('',(#431),#176,.T.);
#6592=ADVANCED_FACE('',(#432),#6370,.T.);
#6593=ADVANCED_FACE('',(#433),#177,.T.);
#6594=ADVANCED_FACE('',(#434),#6371,.T.);
#6595=ADVANCED_FACE('',(#435),#6372,.F.);
#6596=ADVANCED_FACE('',(#436),#178,.T.);
#6597=ADVANCED_FACE('',(#437),#6373,.F.);
#6598=ADVANCED_FACE('',(#438),#6374,.F.);
#6599=ADVANCED_FACE('',(#439),#6375,.F.);
#6600=ADVANCED_FACE('',(#440),#6376,.T.);
#6601=ADVANCED_FACE('',(#441),#6377,.T.);
#6602=ADVANCED_FACE('',(#442),#179,.T.);
#6603=ADVANCED_FACE('',(#443),#6378,.F.);
#6604=ADVANCED_FACE('',(#444),#6379,.F.);
#6605=ADVANCED_FACE('',(#445),#6380,.F.);
#6606=ADVANCED_FACE('',(#446),#6381,.F.);
#6607=ADVANCED_FACE('',(#447),#6382,.T.);
#6608=ADVANCED_FACE('',(#448),#180,.T.);
#6609=ADVANCED_FACE('',(#449),#6383,.T.);
#6610=ADVANCED_FACE('',(#450),#181,.T.);
#6611=ADVANCED_FACE('',(#451),#6384,.T.);
#6612=ADVANCED_FACE('',(#452),#182,.T.);
#6613=ADVANCED_FACE('',(#453),#6385,.F.);
#6614=ADVANCED_FACE('',(#454),#183,.T.);
#6615=ADVANCED_FACE('',(#455),#184,.T.);
#6616=ADVANCED_FACE('',(#456),#6386,.F.);
#6617=ADVANCED_FACE('',(#457),#185,.T.);
#6618=ADVANCED_FACE('',(#458),#186,.T.);
#6619=ADVANCED_FACE('',(#459),#187,.F.);
#6620=ADVANCED_FACE('',(#460),#188,.T.);
#6621=ADVANCED_FACE('',(#461),#6387,.F.);
#6622=ADVANCED_FACE('',(#462),#189,.F.);
#6623=ADVANCED_FACE('',(#463),#6388,.F.);
#6624=ADVANCED_FACE('',(#464),#190,.T.);
#6625=ADVANCED_FACE('',(#465),#6389,.T.);
#6626=ADVANCED_FACE('',(#466),#191,.T.);
#6627=ADVANCED_FACE('',(#467),#192,.T.);
#6628=ADVANCED_FACE('',(#468),#6390,.F.);
#6629=ADVANCED_FACE('',(#469),#193,.T.);
#6630=ADVANCED_FACE('',(#470),#194,.T.);
#6631=ADVANCED_FACE('',(#471),#6391,.F.);
#6632=ADVANCED_FACE('',(#472),#195,.F.);
#6633=ADVANCED_FACE('',(#473),#196,.F.);
#6634=ADVANCED_FACE('',(#474),#197,.T.);
#6635=ADVANCED_FACE('',(#475),#198,.T.);
#6636=ADVANCED_FACE('',(#476),#6392,.F.);
#6637=ADVANCED_FACE('',(#477),#6393,.T.);
#6638=ADVANCED_FACE('',(#478),#199,.T.);
#6639=ADVANCED_FACE('',(#479),#200,.T.);
#6640=ADVANCED_FACE('',(#480),#6394,.F.);
#6641=ADVANCED_FACE('',(#481),#201,.T.);
#6642=ADVANCED_FACE('',(#482),#6395,.F.);
#6643=ADVANCED_FACE('',(#483),#202,.F.);
#6644=ADVANCED_FACE('',(#484),#203,.F.);
#6645=ADVANCED_FACE('',(#485),#204,.T.);
#6646=ADVANCED_FACE('',(#486),#205,.T.);
#6647=ADVANCED_FACE('',(#487),#6396,.F.);
#6648=ADVANCED_FACE('',(#488),#6397,.T.);
#6649=ADVANCED_FACE('',(#489),#206,.T.);
#6650=ADVANCED_FACE('',(#490),#207,.T.);
#6651=ADVANCED_FACE('',(#491),#6398,.F.);
#6652=ADVANCED_FACE('',(#492),#208,.T.);
#6653=ADVANCED_FACE('',(#493),#209,.F.);
#6654=ADVANCED_FACE('',(#494),#210,.T.);
#6655=ADVANCED_FACE('',(#495),#6399,.F.);
#6656=ADVANCED_FACE('',(#496),#211,.F.);
#6657=ADVANCED_FACE('',(#497),#6400,.F.);
#6658=ADVANCED_FACE('',(#498),#212,.T.);
#6659=ADVANCED_FACE('',(#499),#6401,.T.);
#6660=ADVANCED_FACE('',(#500),#213,.T.);
#6661=ADVANCED_FACE('',(#501),#214,.T.);
#6662=ADVANCED_FACE('',(#502),#6402,.F.);
#6663=ADVANCED_FACE('',(#503),#215,.T.);
#6664=ADVANCED_FACE('',(#504),#216,.T.);
#6665=ADVANCED_FACE('',(#505),#6403,.F.);
#6666=ADVANCED_FACE('',(#506),#217,.F.);
#6667=ADVANCED_FACE('',(#507),#218,.F.);
#6668=ADVANCED_FACE('',(#508),#219,.F.);
#6669=ADVANCED_FACE('',(#509),#6404,.F.);
#6670=ADVANCED_FACE('',(#510),#6405,.F.);
#6671=ADVANCED_FACE('',(#511),#6406,.F.);
#6672=ADVANCED_FACE('',(#512),#220,.F.);
#6673=ADVANCED_FACE('',(#513),#6407,.T.);
#6674=ADVANCED_FACE('',(#514),#6408,.F.);
#6675=ADVANCED_FACE('',(#515),#221,.T.);
#6676=ADVANCED_FACE('',(#516),#222,.T.);
#6677=ADVANCED_FACE('',(#517),#6409,.T.);
#6678=ADVANCED_FACE('',(#518),#6410,.T.);
#6679=ADVANCED_FACE('',(#519),#6411,.T.);
#6680=ADVANCED_FACE('',(#520),#6412,.F.);
#6681=ADVANCED_FACE('',(#521),#223,.T.);
#6682=ADVANCED_FACE('',(#522),#224,.T.);
#6683=ADVANCED_FACE('',(#523,#84),#225,.T.);
#6684=ADVANCED_FACE('',(#524),#226,.T.);
#6685=ADVANCED_FACE('',(#525),#6413,.T.);
#6686=ADVANCED_FACE('',(#526),#227,.T.);
#6687=ADVANCED_FACE('',(#527),#6414,.T.);
#6688=ADVANCED_FACE('',(#528),#228,.T.);
#6689=ADVANCED_FACE('',(#529),#6415,.T.);
#6690=ADVANCED_FACE('',(#530),#229,.T.);
#6691=ADVANCED_FACE('',(#531),#6416,.T.);
#6692=ADVANCED_FACE('',(#532),#230,.T.);
#6693=ADVANCED_FACE('',(#533),#6417,.T.);
#6694=ADVANCED_FACE('',(#534),#231,.T.);
#6695=ADVANCED_FACE('',(#535),#6418,.T.);
#6696=ADVANCED_FACE('',(#536),#232,.T.);
#6697=ADVANCED_FACE('',(#537),#6419,.T.);
#6698=ADVANCED_FACE('',(#538),#233,.T.);
#6699=ADVANCED_FACE('',(#539),#6420,.T.);
#6700=ADVANCED_FACE('',(#540),#234,.T.);
#6701=ADVANCED_FACE('',(#541),#235,.T.);
#6702=ADVANCED_FACE('',(#542),#6421,.F.);
#6703=ADVANCED_FACE('',(#543),#6422,.F.);
#6704=ADVANCED_FACE('',(#544),#236,.T.);
#6705=ADVANCED_FACE('',(#545,#85,#86,#87,#88),#237,.T.);
#6706=ADVANCED_FACE('',(#546),#238,.T.);
#6707=ADVANCED_FACE('',(#547),#239,.T.);
#6708=ADVANCED_FACE('',(#548),#240,.T.);
#6709=ADVANCED_FACE('',(#549),#241,.T.);
#6710=ADVANCED_FACE('',(#550),#242,.T.);
#6711=ADVANCED_FACE('',(#551),#243,.T.);
#6712=ADVANCED_FACE('',(#552),#6423,.F.);
#6713=ADVANCED_FACE('',(#553),#6424,.F.);
#6714=ADVANCED_FACE('',(#554),#244,.T.);
#6715=ADVANCED_FACE('',(#555,#89,#90,#91,#92),#245,.T.);
#6716=ADVANCED_FACE('',(#556),#246,.T.);
#6717=ADVANCED_FACE('',(#557),#247,.T.);
#6718=ADVANCED_FACE('',(#558),#248,.T.);
#6719=ADVANCED_FACE('',(#559),#249,.T.);
#6720=ADVANCED_FACE('',(#560),#250,.T.);
#6721=ADVANCED_FACE('',(#561),#251,.T.);
#6722=ADVANCED_FACE('',(#562),#6425,.F.);
#6723=ADVANCED_FACE('',(#563),#6426,.F.);
#6724=ADVANCED_FACE('',(#564),#252,.T.);
#6725=ADVANCED_FACE('',(#565,#93,#94,#95,#96),#253,.T.);
#6726=ADVANCED_FACE('',(#566),#254,.T.);
#6727=ADVANCED_FACE('',(#567),#255,.T.);
#6728=ADVANCED_FACE('',(#568),#256,.T.);
#6729=ADVANCED_FACE('',(#569),#257,.T.);
#6730=ADVANCED_FACE('',(#570),#258,.T.);
#6731=ADVANCED_FACE('',(#571),#259,.T.);
#6732=ADVANCED_FACE('',(#572),#6427,.F.);
#6733=ADVANCED_FACE('',(#573),#6428,.F.);
#6734=ADVANCED_FACE('',(#574),#260,.T.);
#6735=ADVANCED_FACE('',(#575,#97,#98,#99,#100),#261,.T.);
#6736=ADVANCED_FACE('',(#576),#262,.T.);
#6737=ADVANCED_FACE('',(#577),#263,.T.);
#6738=ADVANCED_FACE('',(#578),#264,.T.);
#6739=ADVANCED_FACE('',(#579),#265,.T.);
#6740=ADVANCED_FACE('',(#580),#266,.T.);
#6741=ADVANCED_FACE('',(#581),#6429,.F.);
#6742=ADVANCED_FACE('',(#582),#6430,.F.);
#6743=ADVANCED_FACE('',(#583),#267,.T.);
#6744=ADVANCED_FACE('',(#584),#268,.T.);
#6745=ADVANCED_FACE('',(#585),#269,.T.);
#6746=ADVANCED_FACE('',(#586),#270,.T.);
#6747=ADVANCED_FACE('',(#587),#271,.T.);
#6748=ADVANCED_FACE('',(#588),#6431,.T.);
#6749=ADVANCED_FACE('',(#589),#272,.T.);
#6750=ADVANCED_FACE('',(#590),#6432,.T.);
#6751=ADVANCED_FACE('',(#591),#273,.T.);
#6752=ADVANCED_FACE('',(#592),#6433,.T.);
#6753=ADVANCED_FACE('',(#593),#274,.T.);
#6754=ADVANCED_FACE('',(#594),#6434,.T.);
#6755=ADVANCED_FACE('',(#595),#275,.T.);
#6756=ADVANCED_FACE('',(#596),#6435,.T.);
#6757=ADVANCED_FACE('',(#597),#276,.T.);
#6758=ADVANCED_FACE('',(#598),#6436,.T.);
#6759=ADVANCED_FACE('',(#599),#6437,.F.);
#6760=ADVANCED_FACE('',(#600),#277,.T.);
#6761=ADVANCED_FACE('',(#601),#278,.T.);
#6762=ADVANCED_FACE('',(#602),#279,.T.);
#6763=ADVANCED_FACE('',(#603),#280,.T.);
#6764=ADVANCED_FACE('',(#604),#6438,.F.);
#6765=ADVANCED_FACE('',(#605),#281,.T.);
#6766=ADVANCED_FACE('',(#606),#6439,.T.);
#6767=ADVANCED_FACE('',(#607),#282,.T.);
#6768=ADVANCED_FACE('',(#608),#6440,.T.);
#6769=ADVANCED_FACE('',(#609),#283,.T.);
#6770=ADVANCED_FACE('',(#610),#6441,.T.);
#6771=ADVANCED_FACE('',(#611),#284,.T.);
#6772=ADVANCED_FACE('',(#612),#6442,.T.);
#6773=ADVANCED_FACE('',(#613),#285,.T.);
#6774=ADVANCED_FACE('',(#614),#6443,.T.);
#6775=ADVANCED_FACE('',(#615),#6444,.F.);
#6776=ADVANCED_FACE('',(#616),#286,.T.);
#6777=ADVANCED_FACE('',(#617),#287,.T.);
#6778=ADVANCED_FACE('',(#618),#288,.T.);
#6779=ADVANCED_FACE('',(#619),#289,.T.);
#6780=ADVANCED_FACE('',(#620),#6445,.F.);
#6781=ADVANCED_FACE('',(#621),#290,.T.);
#6782=ADVANCED_FACE('',(#622),#6446,.T.);
#6783=ADVANCED_FACE('',(#623),#291,.T.);
#6784=ADVANCED_FACE('',(#624),#6447,.T.);
#6785=ADVANCED_FACE('',(#625),#292,.T.);
#6786=ADVANCED_FACE('',(#626),#6448,.T.);
#6787=ADVANCED_FACE('',(#627),#6449,.T.);
#6788=ADVANCED_FACE('',(#628),#293,.T.);
#6789=ADVANCED_FACE('',(#629),#6450,.T.);
#6790=ADVANCED_FACE('',(#630),#294,.T.);
#6791=ADVANCED_FACE('',(#631),#6451,.T.);
#6792=ADVANCED_FACE('',(#632),#6452,.F.);
#6793=ADVANCED_FACE('',(#633),#295,.T.);
#6794=ADVANCED_FACE('',(#634),#6453,.F.);
#6795=ADVANCED_FACE('',(#635),#296,.T.);
#6796=ADVANCED_FACE('',(#636),#297,.T.);
#6797=ADVANCED_FACE('',(#637),#6454,.T.);
#6798=ADVANCED_FACE('',(#638),#298,.T.);
#6799=ADVANCED_FACE('',(#639),#6455,.T.);
#6800=ADVANCED_FACE('',(#640),#299,.T.);
#6801=ADVANCED_FACE('',(#641),#6456,.T.);
#6802=ADVANCED_FACE('',(#642),#300,.T.);
#6803=ADVANCED_FACE('',(#643),#6457,.T.);
#6804=ADVANCED_FACE('',(#644),#301,.T.);
#6805=ADVANCED_FACE('',(#645),#6458,.T.);
#6806=ADVANCED_FACE('',(#646),#302,.T.);
#6807=ADVANCED_FACE('',(#647),#6459,.T.);
#6808=ADVANCED_FACE('',(#648),#303,.T.);
#6809=ADVANCED_FACE('',(#649),#6460,.F.);
#6810=ADVANCED_FACE('',(#650),#6461,.F.);
#6811=ADVANCED_FACE('',(#651),#6462,.F.);
#6812=ADVANCED_FACE('',(#652),#6463,.F.);
#6813=CLOSED_SHELL('',(#6464,#6465,#6466,#6467,#6468,#6469,#6470,#6471,
#6472,#6473,#6474,#6475,#6476,#6477,#6478,#6479,#6480,#6481,#6482,#6483,
#6484,#6485,#6486,#6487,#6488,#6489,#6490,#6491,#6492,#6493,#6494,#6495,
#6496,#6497,#6498,#6499,#6500,#6501,#6502,#6503,#6504,#6505,#6506,#6507,
#6508,#6509,#6510,#6511,#6512,#6513,#6514,#6515,#6516,#6517,#6518,#6519,
#6520,#6521,#6522,#6523,#6524,#6525,#6526,#6527,#6528,#6529,#6530,#6531,
#6532,#6533,#6534,#6535,#6536,#6537,#6538,#6539,#6540,#6541,#6542,#6543,
#6544,#6545,#6546,#6547,#6548,#6549,#6550,#6551,#6552,#6553,#6554,#6555,
#6556,#6557,#6558,#6559,#6560,#6561,#6562,#6563,#6564,#6565,#6566,#6567,
#6568,#6569,#6570,#6571,#6572,#6573,#6574,#6575,#6576,#6577,#6578,#6579,
#6580,#6581,#6582,#6583,#6584,#6585,#6586,#6587,#6588,#6589,#6590,#6591,
#6592,#6593,#6594,#6595,#6596,#6597,#6598,#6599,#6600,#6601,#6602,#6603,
#6604,#6605,#6606,#6607,#6608,#6609,#6610,#6611,#6612,#6613,#6614,#6615,
#6616,#6617,#6618,#6619,#6620,#6621,#6622,#6623,#6624,#6625,#6626,#6627,
#6628,#6629,#6630,#6631,#6632,#6633,#6634,#6635,#6636,#6637,#6638,#6639,
#6640,#6641,#6642,#6643,#6644,#6645,#6646,#6647,#6648,#6649,#6650,#6651,
#6652,#6653,#6654,#6655,#6656,#6657,#6658,#6659,#6660,#6661,#6662,#6663,
#6664,#6665,#6666,#6667,#6668,#6669,#6670,#6671,#6672,#6673,#6674,#6675,
#6676,#6677,#6678,#6679,#6680,#6681,#6682,#6683,#6684,#6685,#6686,#6687,
#6688,#6689,#6690,#6691,#6692,#6693,#6694,#6695,#6696,#6697,#6698,#6699,
#6700,#6701,#6702,#6703,#6704,#6705,#6706,#6707,#6708,#6709,#6710,#6711,
#6712,#6713,#6714,#6715,#6716,#6717,#6718,#6719,#6720,#6721,#6722,#6723,
#6724,#6725,#6726,#6727,#6728,#6729,#6730,#6731,#6732,#6733,#6734,#6735,
#6736,#6737,#6738,#6739,#6740,#6741,#6742,#6743,#6744,#6745,#6746,#6747,
#6748,#6749,#6750,#6751,#6752,#6753,#6754,#6755,#6756,#6757,#6758,#6759,
#6760,#6761,#6762,#6763,#6764,#6765,#6766,#6767,#6768,#6769,#6770,#6771,
#6772,#6773,#6774,#6775,#6776,#6777,#6778,#6779,#6780,#6781,#6782,#6783,
#6784,#6785,#6786,#6787,#6788,#6789,#6790,#6791,#6792,#6793,#6794,#6795,
#6796,#6797,#6798,#6799,#6800,#6801,#6802,#6803,#6804,#6805,#6806,#6807,
#6808,#6809,#6810,#6811,#6812));
#6814=DERIVED_UNIT_ELEMENT(#6816,1.);
#6815=DERIVED_UNIT_ELEMENT(#13608,-3.);
#6816=(
MASS_UNIT()
NAMED_UNIT(*)
SI_UNIT(.KILO.,.GRAM.)
);
#6817=DERIVED_UNIT((#6814,#6815));
#6818=MEASURE_REPRESENTATION_ITEM('density measure',
POSITIVE_RATIO_MEASURE(7850.),#6817);
#6819=PROPERTY_DEFINITION_REPRESENTATION(#6824,#6821);
#6820=PROPERTY_DEFINITION_REPRESENTATION(#6825,#6822);
#6821=REPRESENTATION('material name',(#6823),#13605);
#6822=REPRESENTATION('density',(#6818),#13605);
#6823=DESCRIPTIVE_REPRESENTATION_ITEM('Steel','Steel');
#6824=PROPERTY_DEFINITION('material property','material name',#13615);
#6825=PROPERTY_DEFINITION('material property','density of part',#13615);
#6826=AXIS2_PLACEMENT_3D('',#9317,#7439,#7440);
#6827=AXIS2_PLACEMENT_3D('',#9318,#7441,#7442);
#6828=AXIS2_PLACEMENT_3D('',#9334,#7444,#7445);
#6829=AXIS2_PLACEMENT_3D('',#9339,#7446,#7447);
#6830=AXIS2_PLACEMENT_3D('',#9403,#7449,#7450);
#6831=AXIS2_PLACEMENT_3D('',#9466,#7452,#7453);
#6832=AXIS2_PLACEMENT_3D('',#9530,#7455,#7456);
#6833=AXIS2_PLACEMENT_3D('',#9594,#7458,#7459);
#6834=AXIS2_PLACEMENT_3D('',#9655,#7461,#7462);
#6835=AXIS2_PLACEMENT_3D('',#9719,#7464,#7465);
#6836=AXIS2_PLACEMENT_3D('',#9740,#7467,#7468);
#6837=AXIS2_PLACEMENT_3D('',#9753,#7469,#7470);
#6838=AXIS2_PLACEMENT_3D('',#9791,#7472,#7473);
#6839=AXIS2_PLACEMENT_3D('',#9828,#7475,#7476);
#6840=AXIS2_PLACEMENT_3D('',#9866,#7478,#7479);
#6841=AXIS2_PLACEMENT_3D('',#9903,#7481,#7482);
#6842=AXIS2_PLACEMENT_3D('',#9941,#7484,#7485);
#6843=AXIS2_PLACEMENT_3D('',#9950,#7490,#7491);
#6844=AXIS2_PLACEMENT_3D('',#9956,#7495,#7496);
#6845=AXIS2_PLACEMENT_3D('',#9962,#7500,#7501);
#6846=AXIS2_PLACEMENT_3D('',#9965,#7504,#7505);
#6847=AXIS2_PLACEMENT_3D('',#9974,#7510,#7511);
#6848=AXIS2_PLACEMENT_3D('',#9980,#7515,#7516);
#6849=AXIS2_PLACEMENT_3D('',#9986,#7520,#7521);
#6850=AXIS2_PLACEMENT_3D('',#9989,#7524,#7525);
#6851=AXIS2_PLACEMENT_3D('',#9998,#7530,#7531);
#6852=AXIS2_PLACEMENT_3D('',#10002,#7533,#7534);
#6853=AXIS2_PLACEMENT_3D('',#10003,#7535,#7536);
#6854=AXIS2_PLACEMENT_3D('',#10004,#7537,#7538);
#6855=AXIS2_PLACEMENT_3D('',#10010,#7542,#7543);
#6856=AXIS2_PLACEMENT_3D('',#10014,#7545,#7546);
#6857=AXIS2_PLACEMENT_3D('',#10015,#7547,#7548);
#6858=AXIS2_PLACEMENT_3D('',#10016,#7549,#7550);
#6859=AXIS2_PLACEMENT_3D('',#10022,#7554,#7555);
#6860=AXIS2_PLACEMENT_3D('',#10026,#7557,#7558);
#6861=AXIS2_PLACEMENT_3D('',#10027,#7559,#7560);
#6862=AXIS2_PLACEMENT_3D('',#10028,#7561,#7562);
#6863=AXIS2_PLACEMENT_3D('',#10032,#7564,#7565);
#6864=AXIS2_PLACEMENT_3D('',#10033,#7566,#7567);
#6865=AXIS2_PLACEMENT_3D('',#10034,#7568,#7569);
#6866=AXIS2_PLACEMENT_3D('',#10035,#7570,#7571);
#6867=AXIS2_PLACEMENT_3D('',#10036,#7572,#7573);
#6868=AXIS2_PLACEMENT_3D('',#10037,#7574,#7575);
#6869=AXIS2_PLACEMENT_3D('',#10041,#7577,#7578);
#6870=AXIS2_PLACEMENT_3D('',#10043,#7580,#7581);
#6871=AXIS2_PLACEMENT_3D('',#10047,#7583,#7584);
#6872=AXIS2_PLACEMENT_3D('',#10058,#7587,#7588);
#6873=AXIS2_PLACEMENT_3D('',#10068,#7591,#7592);
#6874=AXIS2_PLACEMENT_3D('',#10069,#7593,#7594);
#6875=AXIS2_PLACEMENT_3D('',#10072,#7596,#7597);
#6876=AXIS2_PLACEMENT_3D('',#10073,#7598,#7599);
#6877=AXIS2_PLACEMENT_3D('',#10081,#7604,#7605);
#6878=AXIS2_PLACEMENT_3D('',#10084,#7606,#7607);
#6879=AXIS2_PLACEMENT_3D('',#10086,#7608,#7609);
#6880=AXIS2_PLACEMENT_3D('',#10088,#7610,#7611);
#6881=AXIS2_PLACEMENT_3D('',#10089,#7612,#7613);
#6882=AXIS2_PLACEMENT_3D('',#10092,#7614,#7615);
#6883=AXIS2_PLACEMENT_3D('',#10096,#7617,#7618);
#6884=AXIS2_PLACEMENT_3D('',#10100,#7620,#7621);
#6885=AXIS2_PLACEMENT_3D('',#10104,#7623,#7624);
#6886=AXIS2_PLACEMENT_3D('',#10108,#7626,#7627);
#6887=AXIS2_PLACEMENT_3D('',#10112,#7629,#7630);
#6888=AXIS2_PLACEMENT_3D('',#10116,#7632,#7633);
#6889=AXIS2_PLACEMENT_3D('',#10120,#7635,#7636);
#6890=AXIS2_PLACEMENT_3D('',#10124,#7638,#7639);
#6891=AXIS2_PLACEMENT_3D('',#10128,#7641,#7642);
#6892=AXIS2_PLACEMENT_3D('',#10132,#7644,#7645);
#6893=AXIS2_PLACEMENT_3D('',#10136,#7647,#7648);
#6894=AXIS2_PLACEMENT_3D('',#10140,#7650,#7651);
#6895=AXIS2_PLACEMENT_3D('',#10144,#7653,#7654);
#6896=AXIS2_PLACEMENT_3D('',#10148,#7656,#7657);
#6897=AXIS2_PLACEMENT_3D('',#10152,#7659,#7660);
#6898=AXIS2_PLACEMENT_3D('',#10156,#7662,#7663);
#6899=AXIS2_PLACEMENT_3D('',#10158,#7664,#7665);
#6900=AXIS2_PLACEMENT_3D('',#10160,#7666,#7667);
#6901=AXIS2_PLACEMENT_3D('',#10161,#7668,#7669);
#6902=AXIS2_PLACEMENT_3D('',#10163,#7670,#7671);
#6903=AXIS2_PLACEMENT_3D('',#10165,#7672,#7673);
#6904=AXIS2_PLACEMENT_3D('',#10167,#7674,#7675);
#6905=AXIS2_PLACEMENT_3D('',#10169,#7676,#7677);
#6906=AXIS2_PLACEMENT_3D('',#10172,#7678,#7679);
#6907=AXIS2_PLACEMENT_3D('',#10176,#7681,#7682);
#6908=AXIS2_PLACEMENT_3D('',#10180,#7684,#7685);
#6909=AXIS2_PLACEMENT_3D('',#10184,#7687,#7688);
#6910=AXIS2_PLACEMENT_3D('',#10188,#7690,#7691);
#6911=AXIS2_PLACEMENT_3D('',#10192,#7693,#7694);
#6912=AXIS2_PLACEMENT_3D('',#10200,#7698,#7699);
#6913=AXIS2_PLACEMENT_3D('',#10204,#7701,#7702);
#6914=AXIS2_PLACEMENT_3D('',#10208,#7704,#7705);
#6915=AXIS2_PLACEMENT_3D('',#10216,#7709,#7710);
#6916=AXIS2_PLACEMENT_3D('',#10220,#7712,#7713);
#6917=AXIS2_PLACEMENT_3D('',#10224,#7715,#7716);
#6918=AXIS2_PLACEMENT_3D('',#10228,#7718,#7719);
#6919=AXIS2_PLACEMENT_3D('',#10232,#7721,#7722);
#6920=AXIS2_PLACEMENT_3D('',#10236,#7724,#7725);
#6921=AXIS2_PLACEMENT_3D('',#10240,#7727,#7728);
#6922=AXIS2_PLACEMENT_3D('',#10244,#7730,#7731);
#6923=AXIS2_PLACEMENT_3D('',#10250,#7734,#7735);
#6924=AXIS2_PLACEMENT_3D('',#10254,#7737,#7738);
#6925=AXIS2_PLACEMENT_3D('',#10258,#7740,#7741);
#6926=AXIS2_PLACEMENT_3D('',#10262,#7744,#7745);
#6927=AXIS2_PLACEMENT_3D('',#10266,#7747,#7748);
#6928=AXIS2_PLACEMENT_3D('',#10268,#7749,#7750);
#6929=AXIS2_PLACEMENT_3D('',#10270,#7752,#7753);
#6930=AXIS2_PLACEMENT_3D('',#10274,#7756,#7757);
#6931=AXIS2_PLACEMENT_3D('',#10276,#7758,#7759);
#6932=AXIS2_PLACEMENT_3D('',#10278,#7760,#7761);
#6933=AXIS2_PLACEMENT_3D('',#10280,#7763,#7764);
#6934=AXIS2_PLACEMENT_3D('',#10284,#7767,#7768);
#6935=AXIS2_PLACEMENT_3D('',#10290,#7772,#7773);
#6936=AXIS2_PLACEMENT_3D('',#10292,#7775,#7776);
#6937=AXIS2_PLACEMENT_3D('',#10298,#7780,#7781);
#6938=AXIS2_PLACEMENT_3D('',#10304,#7785,#7786);
#6939=AXIS2_PLACEMENT_3D('',#10306,#7787,#7788);
#6940=AXIS2_PLACEMENT_3D('',#10308,#7789,#7790);
#6941=AXIS2_PLACEMENT_3D('',#10310,#7792,#7793);
#6942=AXIS2_PLACEMENT_3D('',#10314,#7796,#7797);
#6943=AXIS2_PLACEMENT_3D('',#10316,#7798,#7799);
#6944=AXIS2_PLACEMENT_3D('',#10318,#7800,#7801);
#6945=AXIS2_PLACEMENT_3D('',#10320,#7803,#7804);
#6946=AXIS2_PLACEMENT_3D('',#10322,#7806,#7807);
#6947=AXIS2_PLACEMENT_3D('',#10328,#7811,#7812);
#6948=AXIS2_PLACEMENT_3D('',#10334,#7816,#7817);
#6949=AXIS2_PLACEMENT_3D('',#10340,#7821,#7822);
#6950=AXIS2_PLACEMENT_3D('',#10342,#7823,#7824);
#6951=AXIS2_PLACEMENT_3D('',#10344,#7826,#7827);
#6952=AXIS2_PLACEMENT_3D('',#10348,#7830,#7831);
#6953=AXIS2_PLACEMENT_3D('',#10352,#7833,#7834);
#6954=AXIS2_PLACEMENT_3D('',#10354,#7835,#7836);
#6955=AXIS2_PLACEMENT_3D('',#10356,#7837,#7838);
#6956=AXIS2_PLACEMENT_3D('',#10359,#7840,#7841);
#6957=AXIS2_PLACEMENT_3D('',#10360,#7842,#7843);
#6958=AXIS2_PLACEMENT_3D('',#10362,#7844,#7845);
#6959=AXIS2_PLACEMENT_3D('',#10366,#7847,#7848);
#6960=AXIS2_PLACEMENT_3D('',#10370,#7850,#7851);
#6961=AXIS2_PLACEMENT_3D('',#10374,#7853,#7854);
#6962=AXIS2_PLACEMENT_3D('',#10377,#7856,#7857);
#6963=AXIS2_PLACEMENT_3D('',#10379,#7858,#7859);
#6964=AXIS2_PLACEMENT_3D('',#10381,#7860,#7861);
#6965=AXIS2_PLACEMENT_3D('',#10383,#7862,#7863);
#6966=AXIS2_PLACEMENT_3D('',#10386,#7865,#7866);
#6967=AXIS2_PLACEMENT_3D('',#10387,#7867,#7868);
#6968=AXIS2_PLACEMENT_3D('',#10391,#7870,#7871);
#6969=AXIS2_PLACEMENT_3D('',#10393,#7872,#7873);
#6970=AXIS2_PLACEMENT_3D('',#10394,#7874,#7875);
#6971=AXIS2_PLACEMENT_3D('',#10396,#7876,#7877);
#6972=AXIS2_PLACEMENT_3D('',#10400,#7879,#7880);
#6973=AXIS2_PLACEMENT_3D('',#10404,#7882,#7883);
#6974=AXIS2_PLACEMENT_3D('',#10408,#7885,#7886);
#6975=AXIS2_PLACEMENT_3D('',#10411,#7888,#7889);
#6976=AXIS2_PLACEMENT_3D('',#10413,#7890,#7891);
#6977=AXIS2_PLACEMENT_3D('',#10414,#7892,#7893);
#6978=AXIS2_PLACEMENT_3D('',#10418,#7895,#7896);
#6979=AXIS2_PLACEMENT_3D('',#10420,#7897,#7898);
#6980=AXIS2_PLACEMENT_3D('',#10422,#7899,#7900);
#6981=AXIS2_PLACEMENT_3D('',#10425,#7902,#7903);
#6982=AXIS2_PLACEMENT_3D('',#10426,#7904,#7905);
#6983=AXIS2_PLACEMENT_3D('',#10430,#7907,#7908);
#6984=AXIS2_PLACEMENT_3D('',#10434,#7910,#7911);
#6985=AXIS2_PLACEMENT_3D('',#10439,#7914,#7915);
#6986=AXIS2_PLACEMENT_3D('',#10443,#7917,#7918);
#6987=AXIS2_PLACEMENT_3D('',#10448,#7921,#7922);
#6988=AXIS2_PLACEMENT_3D('',#10452,#7924,#7925);
#6989=AXIS2_PLACEMENT_3D('',#10456,#7927,#7928);
#6990=AXIS2_PLACEMENT_3D('',#10460,#7930,#7931);
#6991=AXIS2_PLACEMENT_3D('',#10464,#7933,#7934);
#6992=AXIS2_PLACEMENT_3D('',#10468,#7936,#7937);
#6993=AXIS2_PLACEMENT_3D('',#10472,#7939,#7940);
#6994=AXIS2_PLACEMENT_3D('',#10476,#7942,#7943);
#6995=AXIS2_PLACEMENT_3D('',#10571,#7945,#7946);
#6996=AXIS2_PLACEMENT_3D('',#10672,#7947,#7948);
#6997=AXIS2_PLACEMENT_3D('',#10681,#7953,#7954);
#6998=AXIS2_PLACEMENT_3D('',#10689,#7959,#7960);
#6999=AXIS2_PLACEMENT_3D('',#10693,#7963,#7964);
#7000=AXIS2_PLACEMENT_3D('',#10702,#7969,#7970);
#7001=AXIS2_PLACEMENT_3D('',#10706,#7972,#7973);
#7002=AXIS2_PLACEMENT_3D('',#10710,#7975,#7976);
#7003=AXIS2_PLACEMENT_3D('',#10716,#7980,#7981);
#7004=AXIS2_PLACEMENT_3D('',#10725,#7986,#7987);
#7005=AXIS2_PLACEMENT_3D('',#10731,#7991,#7992);
#7006=AXIS2_PLACEMENT_3D('',#10742,#7995,#7996);
#7007=AXIS2_PLACEMENT_3D('',#10746,#7998,#7999);
#7008=AXIS2_PLACEMENT_3D('',#10748,#8001,#8002);
#7009=AXIS2_PLACEMENT_3D('',#10752,#8005,#8006);
#7010=AXIS2_PLACEMENT_3D('',#10761,#8008,#8009);
#7011=AXIS2_PLACEMENT_3D('',#10765,#8012,#8013);
#7012=AXIS2_PLACEMENT_3D('',#10769,#8015,#8016);
#7013=AXIS2_PLACEMENT_3D('',#10780,#8022,#8023);
#7014=AXIS2_PLACEMENT_3D('',#10782,#8024,#8025);
#7015=AXIS2_PLACEMENT_3D('',#10786,#8027,#8028);
#7016=AXIS2_PLACEMENT_3D('',#10788,#8029,#8030);
#7017=AXIS2_PLACEMENT_3D('',#10790,#8031,#8032);
#7018=AXIS2_PLACEMENT_3D('',#10792,#8033,#8034);
#7019=AXIS2_PLACEMENT_3D('',#10794,#8035,#8036);
#7020=AXIS2_PLACEMENT_3D('',#10798,#8038,#8039);
#7021=AXIS2_PLACEMENT_3D('',#10800,#8040,#8041);
#7022=AXIS2_PLACEMENT_3D('',#10802,#8042,#8043);
#7023=AXIS2_PLACEMENT_3D('',#10805,#8045,#8046);
#7024=AXIS2_PLACEMENT_3D('',#10806,#8047,#8048);
#7025=AXIS2_PLACEMENT_3D('',#10812,#8052,#8053);
#7026=AXIS2_PLACEMENT_3D('',#10822,#8055,#8056);
#7027=AXIS2_PLACEMENT_3D('',#10826,#8058,#8059);
#7028=AXIS2_PLACEMENT_3D('',#10830,#8061,#8062);
#7029=AXIS2_PLACEMENT_3D('',#10860,#8064,#8065);
#7030=AXIS2_PLACEMENT_3D('',#10864,#8067,#8068);
#7031=AXIS2_PLACEMENT_3D('',#10866,#8070,#8071);
#7032=AXIS2_PLACEMENT_3D('',#10870,#8073,#8074);
#7033=AXIS2_PLACEMENT_3D('',#10872,#8076,#8077);
#7034=AXIS2_PLACEMENT_3D('',#10874,#8079,#8080);
#7035=AXIS2_PLACEMENT_3D('',#10880,#8084,#8085);
#7036=AXIS2_PLACEMENT_3D('',#10882,#8086,#8087);
#7037=AXIS2_PLACEMENT_3D('',#10884,#8089,#8090);
#7038=AXIS2_PLACEMENT_3D('',#10887,#8092,#8093);
#7039=AXIS2_PLACEMENT_3D('',#10888,#8094,#8095);
#7040=AXIS2_PLACEMENT_3D('',#10892,#8098,#8099);
#7041=AXIS2_PLACEMENT_3D('',#10894,#8101,#8102);
#7042=AXIS2_PLACEMENT_3D('',#10896,#8104,#8105);
#7043=AXIS2_PLACEMENT_3D('',#10898,#8107,#8108);
#7044=AXIS2_PLACEMENT_3D('',#10922,#8109,#8110);
#7045=AXIS2_PLACEMENT_3D('',#10928,#8113,#8114);
#7046=AXIS2_PLACEMENT_3D('',#10932,#8116,#8117);
#7047=AXIS2_PLACEMENT_3D('',#10934,#8119,#8120);
#7048=AXIS2_PLACEMENT_3D('',#10938,#8122,#8123);
#7049=AXIS2_PLACEMENT_3D('',#10940,#8125,#8126);
#7050=AXIS2_PLACEMENT_3D('',#10944,#8128,#8129);
#7051=AXIS2_PLACEMENT_3D('',#10946,#8131,#8132);
#7052=AXIS2_PLACEMENT_3D('',#10948,#8134,#8135);
#7053=AXIS2_PLACEMENT_3D('',#10952,#8137,#8138);
#7054=AXIS2_PLACEMENT_3D('',#10956,#8140,#8141);
#7055=AXIS2_PLACEMENT_3D('',#10963,#8146,#8147);
#7056=AXIS2_PLACEMENT_3D('',#10965,#8149,#8150);
#7057=AXIS2_PLACEMENT_3D('',#10968,#8153,#8154);
#7058=AXIS2_PLACEMENT_3D('',#10970,#8156,#8157);
#7059=AXIS2_PLACEMENT_3D('',#10971,#8158,#8159);
#7060=AXIS2_PLACEMENT_3D('',#10973,#8161,#8162);
#7061=AXIS2_PLACEMENT_3D('',#10976,#8163,#8164);
#7062=AXIS2_PLACEMENT_3D('',#10980,#8166,#8167);
#7063=AXIS2_PLACEMENT_3D('',#10984,#8169,#8170);
#7064=AXIS2_PLACEMENT_3D('',#10988,#8172,#8173);
#7065=AXIS2_PLACEMENT_3D('',#10992,#8175,#8176);
#7066=AXIS2_PLACEMENT_3D('',#10996,#8178,#8179);
#7067=AXIS2_PLACEMENT_3D('',#11000,#8181,#8182);
#7068=AXIS2_PLACEMENT_3D('',#11004,#8184,#8185);
#7069=AXIS2_PLACEMENT_3D('',#11008,#8187,#8188);
#7070=AXIS2_PLACEMENT_3D('',#11016,#8192,#8193);
#7071=AXIS2_PLACEMENT_3D('',#11020,#8195,#8196);
#7072=AXIS2_PLACEMENT_3D('',#11028,#8200,#8201);
#7073=AXIS2_PLACEMENT_3D('',#11030,#8203,#8204);
#7074=AXIS2_PLACEMENT_3D('',#11033,#8205,#8206);
#7075=AXIS2_PLACEMENT_3D('',#11037,#8208,#8209);
#7076=AXIS2_PLACEMENT_3D('',#11041,#8211,#8212);
#7077=AXIS2_PLACEMENT_3D('',#11045,#8214,#8215);
#7078=AXIS2_PLACEMENT_3D('',#11049,#8217,#8218);
#7079=AXIS2_PLACEMENT_3D('',#11053,#8220,#8221);
#7080=AXIS2_PLACEMENT_3D('',#11057,#8223,#8224);
#7081=AXIS2_PLACEMENT_3D('',#11061,#8226,#8227);
#7082=AXIS2_PLACEMENT_3D('',#11071,#8232,#8233);
#7083=AXIS2_PLACEMENT_3D('',#11075,#8235,#8236);
#7084=AXIS2_PLACEMENT_3D('',#11083,#8240,#8241);
#7085=AXIS2_PLACEMENT_3D('',#11086,#8243,#8244);
#7086=AXIS2_PLACEMENT_3D('',#11087,#8245,#8246);
#7087=AXIS2_PLACEMENT_3D('',#11090,#8247,#8248);
#7088=AXIS2_PLACEMENT_3D('',#11094,#8250,#8251);
#7089=AXIS2_PLACEMENT_3D('',#11098,#8253,#8254);
#7090=AXIS2_PLACEMENT_3D('',#11102,#8256,#8257);
#7091=AXIS2_PLACEMENT_3D('',#11106,#8259,#8260);
#7092=AXIS2_PLACEMENT_3D('',#11110,#8262,#8263);
#7093=AXIS2_PLACEMENT_3D('',#11114,#8265,#8266);
#7094=AXIS2_PLACEMENT_3D('',#11118,#8268,#8269);
#7095=AXIS2_PLACEMENT_3D('',#11122,#8271,#8272);
#7096=AXIS2_PLACEMENT_3D('',#11130,#8276,#8277);
#7097=AXIS2_PLACEMENT_3D('',#11134,#8279,#8280);
#7098=AXIS2_PLACEMENT_3D('',#11142,#8284,#8285);
#7099=AXIS2_PLACEMENT_3D('',#11144,#8287,#8288);
#7100=AXIS2_PLACEMENT_3D('',#11147,#8289,#8290);
#7101=AXIS2_PLACEMENT_3D('',#11151,#8292,#8293);
#7102=AXIS2_PLACEMENT_3D('',#11155,#8295,#8296);
#7103=AXIS2_PLACEMENT_3D('',#11159,#8298,#8299);
#7104=AXIS2_PLACEMENT_3D('',#11163,#8301,#8302);
#7105=AXIS2_PLACEMENT_3D('',#11167,#8304,#8305);
#7106=AXIS2_PLACEMENT_3D('',#11171,#8307,#8308);
#7107=AXIS2_PLACEMENT_3D('',#11175,#8310,#8311);
#7108=AXIS2_PLACEMENT_3D('',#11179,#8313,#8314);
#7109=AXIS2_PLACEMENT_3D('',#11187,#8318,#8319);
#7110=AXIS2_PLACEMENT_3D('',#11191,#8321,#8322);
#7111=AXIS2_PLACEMENT_3D('',#11199,#8326,#8327);
#7112=AXIS2_PLACEMENT_3D('',#11201,#8329,#8330);
#7113=AXIS2_PLACEMENT_3D('',#11204,#8333,#8334);
#7114=AXIS2_PLACEMENT_3D('',#11207,#8337,#8338);
#7115=AXIS2_PLACEMENT_3D('',#11209,#8340,#8341);
#7116=AXIS2_PLACEMENT_3D('',#11211,#8343,#8344);
#7117=AXIS2_PLACEMENT_3D('',#11212,#8345,#8346);
#7118=AXIS2_PLACEMENT_3D('',#11214,#8348,#8349);
#7119=AXIS2_PLACEMENT_3D('',#11216,#8351,#8352);
#7120=AXIS2_PLACEMENT_3D('',#11218,#8354,#8355);
#7121=AXIS2_PLACEMENT_3D('',#11239,#8368,#8369);
#7122=AXIS2_PLACEMENT_3D('',#11241,#8371,#8372);
#7123=AXIS2_PLACEMENT_3D('',#11244,#8375,#8376);
#7124=AXIS2_PLACEMENT_3D('',#11247,#8379,#8380);
#7125=AXIS2_PLACEMENT_3D('',#11248,#8381,#8382);
#7126=AXIS2_PLACEMENT_3D('',#11251,#8383,#8384);
#7127=AXIS2_PLACEMENT_3D('',#11253,#8385,#8386);
#7128=AXIS2_PLACEMENT_3D('',#11255,#8387,#8388);
#7129=AXIS2_PLACEMENT_3D('',#11257,#8389,#8390);
#7130=AXIS2_PLACEMENT_3D('',#11259,#8391,#8392);
#7131=AXIS2_PLACEMENT_3D('',#11260,#8393,#8394);
#7132=AXIS2_PLACEMENT_3D('',#11261,#8395,#8396);
#7133=AXIS2_PLACEMENT_3D('',#11263,#8397,#8398);
#7134=AXIS2_PLACEMENT_3D('',#11269,#8402,#8403);
#7135=AXIS2_PLACEMENT_3D('',#11272,#8406,#8407);
#7136=AXIS2_PLACEMENT_3D('',#11274,#8408,#8409);
#7137=AXIS2_PLACEMENT_3D('',#11276,#8410,#8411);
#7138=AXIS2_PLACEMENT_3D('',#11277,#8412,#8413);
#7139=AXIS2_PLACEMENT_3D('',#11278,#8414,#8415);
#7140=AXIS2_PLACEMENT_3D('',#11280,#8416,#8417);
#7141=AXIS2_PLACEMENT_3D('',#11286,#8423,#8424);
#7142=AXIS2_PLACEMENT_3D('',#11287,#8425,#8426);
#7143=AXIS2_PLACEMENT_3D('',#11288,#8427,#8428);
#7144=AXIS2_PLACEMENT_3D('',#11289,#8429,#8430);
#7145=AXIS2_PLACEMENT_3D('',#11781,#8431,#8432);
#7146=AXIS2_PLACEMENT_3D('',#12252,#8433,#8434);
#7147=AXIS2_PLACEMENT_3D('',#12253,#8435,#8436);
#7148=AXIS2_PLACEMENT_3D('',#12254,#8437,#8438);
#7149=AXIS2_PLACEMENT_3D('',#12257,#8439,#8440);
#7150=AXIS2_PLACEMENT_3D('',#12261,#8442,#8443);
#7151=AXIS2_PLACEMENT_3D('',#12265,#8445,#8446);
#7152=AXIS2_PLACEMENT_3D('',#12269,#8448,#8449);
#7153=AXIS2_PLACEMENT_3D('',#12271,#8451,#8452);
#7154=AXIS2_PLACEMENT_3D('',#12285,#8455,#8456);
#7155=AXIS2_PLACEMENT_3D('',#12287,#8458,#8459);
#7156=AXIS2_PLACEMENT_3D('',#12300,#8461,#8462);
#7157=AXIS2_PLACEMENT_3D('',#12315,#8464,#8465);
#7158=AXIS2_PLACEMENT_3D('',#12318,#8466,#8467);
#7159=AXIS2_PLACEMENT_3D('',#12322,#8469,#8470);
#7160=AXIS2_PLACEMENT_3D('',#12326,#8472,#8473);
#7161=AXIS2_PLACEMENT_3D('',#12330,#8475,#8476);
#7162=AXIS2_PLACEMENT_3D('',#12332,#8478,#8479);
#7163=AXIS2_PLACEMENT_3D('',#12346,#8482,#8483);
#7164=AXIS2_PLACEMENT_3D('',#12348,#8485,#8486);
#7165=AXIS2_PLACEMENT_3D('',#12361,#8488,#8489);
#7166=AXIS2_PLACEMENT_3D('',#12376,#8491,#8492);
#7167=AXIS2_PLACEMENT_3D('',#12377,#8493,#8494);
#7168=AXIS2_PLACEMENT_3D('',#12379,#8496,#8497);
#7169=AXIS2_PLACEMENT_3D('',#12381,#8499,#8500);
#7170=AXIS2_PLACEMENT_3D('',#12382,#8501,#8502);
#7171=AXIS2_PLACEMENT_3D('',#12384,#8504,#8505);
#7172=AXIS2_PLACEMENT_3D('',#12386,#8507,#8508);
#7173=AXIS2_PLACEMENT_3D('',#12387,#8509,#8510);
#7174=AXIS2_PLACEMENT_3D('',#12460,#8515,#8516);
#7175=AXIS2_PLACEMENT_3D('',#12475,#8518,#8519);
#7176=AXIS2_PLACEMENT_3D('',#12490,#8521,#8522);
#7177=AXIS2_PLACEMENT_3D('',#12563,#8527,#8528);
#7178=AXIS2_PLACEMENT_3D('',#12566,#8531,#8532);
#7179=AXIS2_PLACEMENT_3D('',#12568,#8534,#8535);
#7180=AXIS2_PLACEMENT_3D('',#12571,#8538,#8539);
#7181=AXIS2_PLACEMENT_3D('',#12573,#8541,#8542);
#7182=AXIS2_PLACEMENT_3D('',#12575,#8544,#8545);
#7183=AXIS2_PLACEMENT_3D('',#12578,#8548,#8549);
#7184=AXIS2_PLACEMENT_3D('',#12585,#8555,#8556);
#7185=AXIS2_PLACEMENT_3D('',#12587,#8558,#8559);
#7186=AXIS2_PLACEMENT_3D('',#12589,#8561,#8562);
#7187=AXIS2_PLACEMENT_3D('',#12595,#8567,#8568);
#7188=AXIS2_PLACEMENT_3D('',#12597,#8570,#8571);
#7189=AXIS2_PLACEMENT_3D('',#12599,#8573,#8574);
#7190=AXIS2_PLACEMENT_3D('',#12608,#8579,#8580);
#7191=AXIS2_PLACEMENT_3D('',#12612,#8582,#8583);
#7192=AXIS2_PLACEMENT_3D('',#12613,#8584,#8585);
#7193=AXIS2_PLACEMENT_3D('',#12635,#8587,#8588);
#7194=AXIS2_PLACEMENT_3D('',#12636,#8589,#8590);
#7195=AXIS2_PLACEMENT_3D('',#12637,#8591,#8592);
#7196=AXIS2_PLACEMENT_3D('',#12643,#8596,#8597);
#7197=AXIS2_PLACEMENT_3D('',#12664,#8598,#8599);
#7198=AXIS2_PLACEMENT_3D('',#12666,#8600,#8601);
#7199=AXIS2_PLACEMENT_3D('',#12667,#8602,#8603);
#7200=AXIS2_PLACEMENT_3D('',#12668,#8604,#8605);
#7201=AXIS2_PLACEMENT_3D('',#12670,#8607,#8608);
#7202=AXIS2_PLACEMENT_3D('',#12674,#8612,#8613);
#7203=AXIS2_PLACEMENT_3D('',#12676,#8615,#8616);
#7204=AXIS2_PLACEMENT_3D('',#12678,#8618,#8619);
#7205=AXIS2_PLACEMENT_3D('',#12684,#8624,#8625);
#7206=AXIS2_PLACEMENT_3D('',#12686,#8627,#8628);
#7207=AXIS2_PLACEMENT_3D('',#12688,#8630,#8631);
#7208=AXIS2_PLACEMENT_3D('',#12713,#8633,#8634);
#7209=AXIS2_PLACEMENT_3D('',#12715,#8635,#8636);
#7210=AXIS2_PLACEMENT_3D('',#12717,#8637,#8638);
#7211=AXIS2_PLACEMENT_3D('',#12719,#8640,#8641);
#7212=AXIS2_PLACEMENT_3D('',#12723,#8643,#8644);
#7213=AXIS2_PLACEMENT_3D('',#12724,#8645,#8646);
#7214=AXIS2_PLACEMENT_3D('',#12726,#8648,#8649);
#7215=AXIS2_PLACEMENT_3D('',#12732,#8653,#8654);
#7216=AXIS2_PLACEMENT_3D('',#12738,#8658,#8659);
#7217=AXIS2_PLACEMENT_3D('',#12757,#8660,#8661);
#7218=AXIS2_PLACEMENT_3D('',#12758,#8662,#8663);
#7219=AXIS2_PLACEMENT_3D('',#12759,#8664,#8665);
#7220=AXIS2_PLACEMENT_3D('',#12763,#8669,#8670);
#7221=AXIS2_PLACEMENT_3D('',#12765,#8672,#8673);
#7222=AXIS2_PLACEMENT_3D('',#12767,#8675,#8676);
#7223=AXIS2_PLACEMENT_3D('',#12773,#8681,#8682);
#7224=AXIS2_PLACEMENT_3D('',#12775,#8684,#8685);
#7225=AXIS2_PLACEMENT_3D('',#12800,#8687,#8688);
#7226=AXIS2_PLACEMENT_3D('',#12802,#8689,#8690);
#7227=AXIS2_PLACEMENT_3D('',#12804,#8691,#8692);
#7228=AXIS2_PLACEMENT_3D('',#12806,#8694,#8695);
#7229=AXIS2_PLACEMENT_3D('',#12810,#8697,#8698);
#7230=AXIS2_PLACEMENT_3D('',#12811,#8699,#8700);
#7231=AXIS2_PLACEMENT_3D('',#12813,#8702,#8703);
#7232=AXIS2_PLACEMENT_3D('',#12819,#8707,#8708);
#7233=AXIS2_PLACEMENT_3D('',#12825,#8712,#8713);
#7234=AXIS2_PLACEMENT_3D('',#12844,#8714,#8715);
#7235=AXIS2_PLACEMENT_3D('',#12845,#8716,#8717);
#7236=AXIS2_PLACEMENT_3D('',#12846,#8718,#8719);
#7237=AXIS2_PLACEMENT_3D('',#12850,#8723,#8724);
#7238=AXIS2_PLACEMENT_3D('',#12852,#8726,#8727);
#7239=AXIS2_PLACEMENT_3D('',#12854,#8729,#8730);
#7240=AXIS2_PLACEMENT_3D('',#12860,#8735,#8736);
#7241=AXIS2_PLACEMENT_3D('',#12862,#8738,#8739);
#7242=AXIS2_PLACEMENT_3D('',#12871,#8744,#8745);
#7243=AXIS2_PLACEMENT_3D('',#12875,#8747,#8748);
#7244=AXIS2_PLACEMENT_3D('',#12876,#8749,#8750);
#7245=AXIS2_PLACEMENT_3D('',#12898,#8752,#8753);
#7246=AXIS2_PLACEMENT_3D('',#12899,#8754,#8755);
#7247=AXIS2_PLACEMENT_3D('',#12900,#8756,#8757);
#7248=AXIS2_PLACEMENT_3D('',#12906,#8761,#8762);
#7249=AXIS2_PLACEMENT_3D('',#12927,#8763,#8764);
#7250=AXIS2_PLACEMENT_3D('',#12929,#8765,#8766);
#7251=AXIS2_PLACEMENT_3D('',#12930,#8767,#8768);
#7252=AXIS2_PLACEMENT_3D('',#12931,#8769,#8770);
#7253=AXIS2_PLACEMENT_3D('',#12933,#8772,#8773);
#7254=AXIS2_PLACEMENT_3D('',#12937,#8777,#8778);
#7255=AXIS2_PLACEMENT_3D('',#12939,#8780,#8781);
#7256=AXIS2_PLACEMENT_3D('',#12941,#8783,#8784);
#7257=AXIS2_PLACEMENT_3D('',#12947,#8789,#8790);
#7258=AXIS2_PLACEMENT_3D('',#12949,#8792,#8793);
#7259=AXIS2_PLACEMENT_3D('',#12951,#8795,#8796);
#7260=AXIS2_PLACEMENT_3D('',#13019,#8800,#8801);
#7261=AXIS2_PLACEMENT_3D('',#13028,#8806,#8807);
#7262=AXIS2_PLACEMENT_3D('',#13034,#8811,#8812);
#7263=AXIS2_PLACEMENT_3D('',#13040,#8816,#8817);
#7264=AXIS2_PLACEMENT_3D('',#13102,#8819,#8820);
#7265=AXIS2_PLACEMENT_3D('',#13165,#8823,#8824);
#7266=AXIS2_PLACEMENT_3D('',#13228,#8827,#8828);
#7267=AXIS2_PLACEMENT_3D('',#13231,#8831,#8832);
#7268=AXIS2_PLACEMENT_3D('',#13233,#8834,#8835);
#7269=AXIS2_PLACEMENT_3D('',#13239,#8840,#8841);
#7270=AXIS2_PLACEMENT_3D('',#13241,#8843,#8844);
#7271=AXIS2_PLACEMENT_3D('',#13245,#8848,#8849);
#7272=AXIS2_PLACEMENT_3D('',#13246,#8850,#8851);
#7273=AXIS2_PLACEMENT_3D('',#13248,#8853,#8854);
#7274=AXIS2_PLACEMENT_3D('',#13250,#8856,#8857);
#7275=AXIS2_PLACEMENT_3D('',#13256,#8862,#8863);
#7276=AXIS2_PLACEMENT_3D('',#13258,#8865,#8866);
#7277=AXIS2_PLACEMENT_3D('',#13260,#8868,#8869);
#7278=AXIS2_PLACEMENT_3D('',#13261,#8870,#8871);
#7279=AXIS2_PLACEMENT_3D('',#13262,#8872,#8873);
#7280=AXIS2_PLACEMENT_3D('',#13264,#8874,#8875);
#7281=AXIS2_PLACEMENT_3D('',#13267,#8877,#8878);
#7282=AXIS2_PLACEMENT_3D('',#13268,#8879,#8880);
#7283=AXIS2_PLACEMENT_3D('',#13269,#8881,#8882);
#7284=AXIS2_PLACEMENT_3D('',#13271,#8883,#8884);
#7285=AXIS2_PLACEMENT_3D('',#13274,#8886,#8887);
#7286=AXIS2_PLACEMENT_3D('',#13275,#8888,#8889);
#7287=AXIS2_PLACEMENT_3D('',#13276,#8890,#8891);
#7288=AXIS2_PLACEMENT_3D('',#13278,#8892,#8893);
#7289=AXIS2_PLACEMENT_3D('',#13281,#8895,#8896);
#7290=AXIS2_PLACEMENT_3D('',#13282,#8897,#8898);
#7291=AXIS2_PLACEMENT_3D('',#13283,#8899,#8900);
#7292=AXIS2_PLACEMENT_3D('',#13285,#8901,#8902);
#7293=AXIS2_PLACEMENT_3D('',#13288,#8904,#8905);
#7294=AXIS2_PLACEMENT_3D('',#13289,#8906,#8907);
#7295=AXIS2_PLACEMENT_3D('',#13290,#8908,#8909);
#7296=AXIS2_PLACEMENT_3D('',#13292,#8910,#8911);
#7297=AXIS2_PLACEMENT_3D('',#13295,#8913,#8914);
#7298=AXIS2_PLACEMENT_3D('',#13296,#8915,#8916);
#7299=AXIS2_PLACEMENT_3D('',#13297,#8917,#8918);
#7300=AXIS2_PLACEMENT_3D('',#13299,#8919,#8920);
#7301=AXIS2_PLACEMENT_3D('',#13302,#8922,#8923);
#7302=AXIS2_PLACEMENT_3D('',#13303,#8924,#8925);
#7303=AXIS2_PLACEMENT_3D('',#13304,#8926,#8927);
#7304=AXIS2_PLACEMENT_3D('',#13306,#8928,#8929);
#7305=AXIS2_PLACEMENT_3D('',#13309,#8931,#8932);
#7306=AXIS2_PLACEMENT_3D('',#13310,#8933,#8934);
#7307=AXIS2_PLACEMENT_3D('',#13311,#8935,#8936);
#7308=AXIS2_PLACEMENT_3D('',#13313,#8937,#8938);
#7309=AXIS2_PLACEMENT_3D('',#13316,#8940,#8941);
#7310=AXIS2_PLACEMENT_3D('',#13317,#8942,#8943);
#7311=AXIS2_PLACEMENT_3D('',#13318,#8944,#8945);
#7312=AXIS2_PLACEMENT_3D('',#13322,#8948,#8949);
#7313=AXIS2_PLACEMENT_3D('',#13324,#8950,#8951);
#7314=AXIS2_PLACEMENT_3D('',#13327,#8953,#8954);
#7315=AXIS2_PLACEMENT_3D('',#13328,#8955,#8956);
#7316=AXIS2_PLACEMENT_3D('',#13330,#8957,#8958);
#7317=AXIS2_PLACEMENT_3D('',#13333,#8960,#8961);
#7318=AXIS2_PLACEMENT_3D('',#13334,#8962,#8963);
#7319=AXIS2_PLACEMENT_3D('',#13338,#8966,#8967);
#7320=AXIS2_PLACEMENT_3D('',#13349,#8974,#8975);
#7321=AXIS2_PLACEMENT_3D('',#13352,#8978,#8979);
#7322=AXIS2_PLACEMENT_3D('',#13354,#8981,#8982);
#7323=AXIS2_PLACEMENT_3D('',#13356,#8984,#8985);
#7324=AXIS2_PLACEMENT_3D('',#13357,#8986,#8987);
#7325=AXIS2_PLACEMENT_3D('',#13358,#8988,#8989);
#7326=AXIS2_PLACEMENT_3D('',#13362,#8992,#8993);
#7327=AXIS2_PLACEMENT_3D('',#13364,#8994,#8995);
#7328=AXIS2_PLACEMENT_3D('',#13367,#8997,#8998);
#7329=AXIS2_PLACEMENT_3D('',#13368,#8999,#9000);
#7330=AXIS2_PLACEMENT_3D('',#13370,#9001,#9002);
#7331=AXIS2_PLACEMENT_3D('',#13373,#9004,#9005);
#7332=AXIS2_PLACEMENT_3D('',#13374,#9006,#9007);
#7333=AXIS2_PLACEMENT_3D('',#13378,#9010,#9011);
#7334=AXIS2_PLACEMENT_3D('',#13389,#9018,#9019);
#7335=AXIS2_PLACEMENT_3D('',#13392,#9022,#9023);
#7336=AXIS2_PLACEMENT_3D('',#13393,#9024,#9025);
#7337=AXIS2_PLACEMENT_3D('',#13396,#9028,#9029);
#7338=AXIS2_PLACEMENT_3D('',#13397,#9030,#9031);
#7339=AXIS2_PLACEMENT_3D('',#13398,#9032,#9033);
#7340=AXIS2_PLACEMENT_3D('',#13402,#9036,#9037);
#7341=AXIS2_PLACEMENT_3D('',#13404,#9038,#9039);
#7342=AXIS2_PLACEMENT_3D('',#13407,#9041,#9042);
#7343=AXIS2_PLACEMENT_3D('',#13408,#9043,#9044);
#7344=AXIS2_PLACEMENT_3D('',#13410,#9045,#9046);
#7345=AXIS2_PLACEMENT_3D('',#13413,#9048,#9049);
#7346=AXIS2_PLACEMENT_3D('',#13414,#9050,#9051);
#7347=AXIS2_PLACEMENT_3D('',#13418,#9054,#9055);
#7348=AXIS2_PLACEMENT_3D('',#13429,#9062,#9063);
#7349=AXIS2_PLACEMENT_3D('',#13432,#9066,#9067);
#7350=AXIS2_PLACEMENT_3D('',#13434,#9069,#9070);
#7351=AXIS2_PLACEMENT_3D('',#13435,#9071,#9072);
#7352=AXIS2_PLACEMENT_3D('',#13436,#9073,#9074);
#7353=AXIS2_PLACEMENT_3D('',#13437,#9075,#9076);
#7354=AXIS2_PLACEMENT_3D('',#13441,#9079,#9080);
#7355=AXIS2_PLACEMENT_3D('',#13443,#9081,#9082);
#7356=AXIS2_PLACEMENT_3D('',#13446,#9084,#9085);
#7357=AXIS2_PLACEMENT_3D('',#13447,#9086,#9087);
#7358=AXIS2_PLACEMENT_3D('',#13449,#9088,#9089);
#7359=AXIS2_PLACEMENT_3D('',#13452,#9091,#9092);
#7360=AXIS2_PLACEMENT_3D('',#13453,#9093,#9094);
#7361=AXIS2_PLACEMENT_3D('',#13457,#9097,#9098);
#7362=AXIS2_PLACEMENT_3D('',#13468,#9105,#9106);
#7363=AXIS2_PLACEMENT_3D('',#13471,#9109,#9110);
#7364=AXIS2_PLACEMENT_3D('',#13473,#9112,#9113);
#7365=AXIS2_PLACEMENT_3D('',#13474,#9114,#9115);
#7366=AXIS2_PLACEMENT_3D('',#13475,#9116,#9117);
#7367=AXIS2_PLACEMENT_3D('',#13476,#9118,#9119);
#7368=AXIS2_PLACEMENT_3D('',#13477,#9120,#9121);
#7369=AXIS2_PLACEMENT_3D('',#13479,#9123,#9124);
#7370=AXIS2_PLACEMENT_3D('',#13480,#9125,#9126);
#7371=AXIS2_PLACEMENT_3D('',#13482,#9128,#9129);
#7372=AXIS2_PLACEMENT_3D('',#13484,#9131,#9132);
#7373=AXIS2_PLACEMENT_3D('',#13485,#9133,#9134);
#7374=AXIS2_PLACEMENT_3D('',#13487,#9136,#9137);
#7375=AXIS2_PLACEMENT_3D('',#13489,#9139,#9140);
#7376=AXIS2_PLACEMENT_3D('',#13491,#9142,#9143);
#7377=AXIS2_PLACEMENT_3D('',#13493,#9145,#9146);
#7378=AXIS2_PLACEMENT_3D('',#13495,#9148,#9149);
#7379=AXIS2_PLACEMENT_3D('',#13497,#9151,#9152);
#7380=AXIS2_PLACEMENT_3D('',#13499,#9154,#9155);
#7381=AXIS2_PLACEMENT_3D('',#13500,#9156,#9157);
#7382=AXIS2_PLACEMENT_3D('',#13502,#9159,#9160);
#7383=AXIS2_PLACEMENT_3D('',#13504,#9162,#9163);
#7384=AXIS2_PLACEMENT_3D('',#13506,#9165,#9166);
#7385=AXIS2_PLACEMENT_3D('',#13507,#9167,#9168);
#7386=AXIS2_PLACEMENT_3D('',#13509,#9170,#9171);
#7387=AXIS2_PLACEMENT_3D('',#13510,#9172,#9173);
#7388=AXIS2_PLACEMENT_3D('',#13512,#9175,#9176);
#7389=AXIS2_PLACEMENT_3D('',#13514,#9178,#9179);
#7390=AXIS2_PLACEMENT_3D('',#13516,#9181,#9182);
#7391=AXIS2_PLACEMENT_3D('',#13518,#9184,#9185);
#7392=AXIS2_PLACEMENT_3D('',#13520,#9187,#9188);
#7393=AXIS2_PLACEMENT_3D('',#13522,#9190,#9191);
#7394=AXIS2_PLACEMENT_3D('',#13524,#9193,#9194);
#7395=AXIS2_PLACEMENT_3D('',#13526,#9196,#9197);
#7396=AXIS2_PLACEMENT_3D('',#13527,#9198,#9199);
#7397=AXIS2_PLACEMENT_3D('',#13529,#9201,#9202);
#7398=AXIS2_PLACEMENT_3D('',#13531,#9204,#9205);
#7399=AXIS2_PLACEMENT_3D('',#13533,#9207,#9208);
#7400=AXIS2_PLACEMENT_3D('',#13535,#9210,#9211);
#7401=AXIS2_PLACEMENT_3D('',#13536,#9212,#9213);
#7402=AXIS2_PLACEMENT_3D('',#13538,#9215,#9216);
#7403=AXIS2_PLACEMENT_3D('',#13539,#9217,#9218);
#7404=AXIS2_PLACEMENT_3D('',#13541,#9220,#9221);
#7405=AXIS2_PLACEMENT_3D('',#13543,#9223,#9224);
#7406=AXIS2_PLACEMENT_3D('',#13545,#9226,#9227);
#7407=AXIS2_PLACEMENT_3D('',#13546,#9228,#9229);
#7408=AXIS2_PLACEMENT_3D('',#13548,#9231,#9232);
#7409=AXIS2_PLACEMENT_3D('',#13550,#9234,#9235);
#7410=AXIS2_PLACEMENT_3D('',#13552,#9237,#9238);
#7411=AXIS2_PLACEMENT_3D('',#13554,#9240,#9241);
#7412=AXIS2_PLACEMENT_3D('',#13556,#9243,#9244);
#7413=AXIS2_PLACEMENT_3D('',#13557,#9245,#9246);
#7414=AXIS2_PLACEMENT_3D('',#13558,#9247,#9248);
#7415=AXIS2_PLACEMENT_3D('',#13560,#9250,#9251);
#7416=AXIS2_PLACEMENT_3D('',#13562,#9253,#9254);
#7417=AXIS2_PLACEMENT_3D('',#13564,#9256,#9257);
#7418=AXIS2_PLACEMENT_3D('',#13565,#9258,#9259);
#7419=AXIS2_PLACEMENT_3D('',#13566,#9260,#9261);
#7420=AXIS2_PLACEMENT_3D('',#13567,#9262,#9263);
#7421=AXIS2_PLACEMENT_3D('',#13570,#9266,#9267);
#7422=AXIS2_PLACEMENT_3D('',#13572,#9269,#9270);
#7423=AXIS2_PLACEMENT_3D('',#13573,#9271,#9272);
#7424=AXIS2_PLACEMENT_3D('',#13575,#9274,#9275);
#7425=AXIS2_PLACEMENT_3D('',#13577,#9277,#9278);
#7426=AXIS2_PLACEMENT_3D('',#13579,#9280,#9281);
#7427=AXIS2_PLACEMENT_3D('',#13581,#9283,#9284);
#7428=AXIS2_PLACEMENT_3D('',#13583,#9286,#9287);
#7429=AXIS2_PLACEMENT_3D('',#13584,#9288,#9289);
#7430=AXIS2_PLACEMENT_3D('',#13586,#9291,#9292);
#7431=AXIS2_PLACEMENT_3D('',#13588,#9294,#9295);
#7432=AXIS2_PLACEMENT_3D('',#13590,#9297,#9298);
#7433=AXIS2_PLACEMENT_3D('',#13592,#9300,#9301);
#7434=AXIS2_PLACEMENT_3D('',#13594,#9303,#9304);
#7435=AXIS2_PLACEMENT_3D('',#13595,#9305,#9306);
#7436=AXIS2_PLACEMENT_3D('',#13597,#9308,#9309);
#7437=AXIS2_PLACEMENT_3D('',#13599,#9311,#9312);
#7438=AXIS2_PLACEMENT_3D('',#13601,#9314,#9315);
#7439=DIRECTION('axis',(0.,0.,1.));
#7440=DIRECTION('refdir',(1.,0.,0.));
#7441=DIRECTION('center_axis',(0.,0.,1.));
#7442=DIRECTION('ref_axis',(0.202208071851283,-0.979342583408986,0.));
#7443=DIRECTION('',(0.,0.,-1.));
#7444=DIRECTION('center_axis',(0.,0.,-1.));
#7445=DIRECTION('ref_axis',(-1.,0.,0.));
#7446=DIRECTION('center_axis',(0.,0.,1.));
#7447=DIRECTION('ref_axis',(-1.,0.,0.));
#7448=DIRECTION('',(0.,0.,-1.));
#7449=DIRECTION('center_axis',(0.,0.,1.));
#7450=DIRECTION('ref_axis',(-1.,0.,0.));
#7451=DIRECTION('',(0.,0.,-1.));
#7452=DIRECTION('center_axis',(0.,0.,1.));
#7453=DIRECTION('ref_axis',(-1.,0.,0.));
#7454=DIRECTION('',(0.,0.,-1.));
#7455=DIRECTION('center_axis',(0.,0.,1.));
#7456=DIRECTION('ref_axis',(-1.,0.,0.));
#7457=DIRECTION('',(0.,0.,-1.));
#7458=DIRECTION('center_axis',(0.,0.,1.));
#7459=DIRECTION('ref_axis',(-1.,0.,0.));
#7460=DIRECTION('',(0.,0.,-1.));
#7461=DIRECTION('center_axis',(0.,0.,1.));
#7462=DIRECTION('ref_axis',(-1.,0.,0.));
#7463=DIRECTION('',(0.,0.,-1.));
#7464=DIRECTION('center_axis',(0.,0.,1.));
#7465=DIRECTION('ref_axis',(-0.888961897007763,0.457981163006034,1.16806809271246E-17));
#7466=DIRECTION('',(0.,0.,1.));
#7467=DIRECTION('center_axis',(0.,0.,1.));
#7468=DIRECTION('ref_axis',(-1.,-3.98128460565363E-15,1.16806809271246E-17));
#7469=DIRECTION('center_axis',(0.,0.,1.));
#7470=DIRECTION('ref_axis',(-1.,-3.98128460565363E-15,1.16806809271246E-17));
#7471=DIRECTION('',(0.,0.,1.));
#7472=DIRECTION('center_axis',(0.,0.,1.));
#7473=DIRECTION('ref_axis',(-1.,-3.98128460565363E-15,1.16806809271246E-17));
#7474=DIRECTION('',(0.,0.,1.));
#7475=DIRECTION('center_axis',(0.,0.,1.));
#7476=DIRECTION('ref_axis',(-1.,-3.98128460565363E-15,1.16806809271246E-17));
#7477=DIRECTION('',(0.,0.,1.));
#7478=DIRECTION('center_axis',(0.,0.,1.));
#7479=DIRECTION('ref_axis',(-1.,-3.98128460565363E-15,1.16806809271246E-17));
#7480=DIRECTION('',(0.,0.,1.));
#7481=DIRECTION('center_axis',(0.,0.,1.));
#7482=DIRECTION('ref_axis',(-1.,-3.98128460565363E-15,1.16806809271246E-17));
#7483=DIRECTION('',(0.,0.,1.));
#7484=DIRECTION('center_axis',(-1.,0.,0.));
#7485=DIRECTION('ref_axis',(0.,1.,0.));
#7486=DIRECTION('',(0.,-1.,0.));
#7487=DIRECTION('',(0.,0.,-1.));
#7488=DIRECTION('',(0.,1.,0.));
#7489=DIRECTION('',(0.,0.,-1.));
#7490=DIRECTION('center_axis',(0.,-1.,0.));
#7491=DIRECTION('ref_axis',(-1.,0.,0.));
#7492=DIRECTION('',(1.,0.,0.));
#7493=DIRECTION('',(-1.,0.,0.));
#7494=DIRECTION('',(0.,0.,-1.));
#7495=DIRECTION('center_axis',(1.,0.,0.));
#7496=DIRECTION('ref_axis',(0.,-1.,0.));
#7497=DIRECTION('',(0.,1.,0.));
#7498=DIRECTION('',(0.,-1.,0.));
#7499=DIRECTION('',(0.,0.,-1.));
#7500=DIRECTION('center_axis',(0.,1.,0.));
#7501=DIRECTION('ref_axis',(1.,0.,0.));
#7502=DIRECTION('',(-1.,0.,0.));
#7503=DIRECTION('',(1.,0.,0.));
#7504=DIRECTION('center_axis',(-1.,0.,0.));
#7505=DIRECTION('ref_axis',(0.,1.,0.));
#7506=DIRECTION('',(0.,-1.,0.));
#7507=DIRECTION('',(0.,0.,-1.));
#7508=DIRECTION('',(0.,1.,0.));
#7509=DIRECTION('',(0.,0.,-1.));
#7510=DIRECTION('center_axis',(0.,-1.,0.));
#7511=DIRECTION('ref_axis',(-1.,0.,0.));
#7512=DIRECTION('',(1.,0.,0.));
#7513=DIRECTION('',(-1.,0.,0.));
#7514=DIRECTION('',(0.,0.,-1.));
#7515=DIRECTION('center_axis',(1.,0.,0.));
#7516=DIRECTION('ref_axis',(0.,-1.,0.));
#7517=DIRECTION('',(0.,1.,0.));
#7518=DIRECTION('',(0.,-1.,0.));
#7519=DIRECTION('',(0.,0.,-1.));
#7520=DIRECTION('center_axis',(0.,1.,0.));
#7521=DIRECTION('ref_axis',(1.,0.,0.));
#7522=DIRECTION('',(-1.,0.,0.));
#7523=DIRECTION('',(1.,0.,0.));
#7524=DIRECTION('center_axis',(-0.707106781186547,2.70289008870248E-12,
-0.707106781186548));
#7525=DIRECTION('ref_axis',(-0.707106781186548,0.,0.707106781186547));
#7526=DIRECTION('',(-0.707106781187317,2.70369921385052E-12,0.707106781185778));
#7527=DIRECTION('',(3.82246382104687E-12,1.,0.));
#7528=DIRECTION('',(0.707106781188291,-2.7036992138468E-12,-0.707106781184804));
#7529=DIRECTION('',(-3.82246382104687E-12,-1.,0.));
#7530=DIRECTION('center_axis',(0.,0.,1.));
#7531=DIRECTION('ref_axis',(-1.,3.82271991839096E-12,0.));
#7532=DIRECTION('',(-8.54130297521864E-13,-0.707106781188294,0.707106781184801));
#7533=DIRECTION('center_axis',(0.,0.,-1.));
#7534=DIRECTION('ref_axis',(-1.,3.82271991839096E-12,0.));
#7535=DIRECTION('center_axis',(0.,0.,1.));
#7536=DIRECTION('ref_axis',(-1.,3.82271991839096E-12,0.));
#7537=DIRECTION('center_axis',(0.,-0.707106781186547,-0.707106781186548));
#7538=DIRECTION('ref_axis',(-1.,0.,0.));
#7539=DIRECTION('',(3.1401849173676E-15,-0.707106781186537,0.707106781186558));
#7540=DIRECTION('',(-1.,0.,0.));
#7541=DIRECTION('',(1.,0.,0.));
#7542=DIRECTION('center_axis',(0.,0.,1.));
#7543=DIRECTION('ref_axis',(-7.37188088351105E-13,-1.,0.));
#7544=DIRECTION('',(0.707106781188005,1.06766287190277E-13,0.70710678118509));
#7545=DIRECTION('center_axis',(0.,0.,-1.));
#7546=DIRECTION('ref_axis',(-7.37188088351105E-13,-1.,0.));
#7547=DIRECTION('center_axis',(0.,0.,1.));
#7548=DIRECTION('ref_axis',(-7.37188088351105E-13,-1.,0.));
#7549=DIRECTION('center_axis',(0.707106781186549,-2.10633942149578E-13,
-0.707106781186546));
#7550=DIRECTION('ref_axis',(-0.707106781186546,0.,-0.707106781186549));
#7551=DIRECTION('',(0.707106781176264,-2.10392389466686E-13,0.707106781196831));
#7552=DIRECTION('',(-2.97881377684042E-13,-1.,0.));
#7553=DIRECTION('',(2.97881377684042E-13,1.,0.));
#7554=DIRECTION('center_axis',(0.,0.,1.));
#7555=DIRECTION('ref_axis',(1.,1.50102152929759E-13,0.));
#7556=DIRECTION('',(0.569388450870281,0.419281280306599,0.707106781186548));
#7557=DIRECTION('center_axis',(0.,0.,-1.));
#7558=DIRECTION('ref_axis',(1.,1.50102152929759E-13,0.));
#7559=DIRECTION('center_axis',(0.,0.,1.));
#7560=DIRECTION('ref_axis',(1.,1.50102152929759E-13,0.));
#7561=DIRECTION('center_axis',(0.,0.,1.));
#7562=DIRECTION('ref_axis',(0.805236869477989,0.592953273060608,0.));
#7563=DIRECTION('',(-0.569388450887838,0.419281280329536,0.70710678115881));
#7564=DIRECTION('center_axis',(0.,0.,-1.));
#7565=DIRECTION('ref_axis',(0.805236869477989,0.592953273060608,0.));
#7566=DIRECTION('center_axis',(0.,0.,1.));
#7567=DIRECTION('ref_axis',(0.805236869477989,0.592953273060608,0.));
#7568=DIRECTION('center_axis',(0.,0.,1.));
#7569=DIRECTION('ref_axis',(-0.805236869472604,0.592953273067921,0.));
#7570=DIRECTION('center_axis',(0.,0.,-1.));
#7571=DIRECTION('ref_axis',(-0.805236869472604,0.592953273067922,0.));
#7572=DIRECTION('center_axis',(0.,0.,1.));
#7573=DIRECTION('ref_axis',(-0.805236869472604,0.592953273067922,0.));
#7574=DIRECTION('center_axis',(0.,0.,1.));
#7575=DIRECTION('ref_axis',(1.,1.50102152929759E-13,0.));
#7576=DIRECTION('',(0.,0.,1.));
#7577=DIRECTION('center_axis',(0.,0.,-1.));
#7578=DIRECTION('ref_axis',(1.,1.50102152929759E-13,0.));
#7579=DIRECTION('',(0.,0.,1.));
#7580=DIRECTION('center_axis',(0.,0.,1.));
#7581=DIRECTION('ref_axis',(0.805236869477989,0.592953273060608,0.));
#7582=DIRECTION('',(0.,0.,1.));
#7583=DIRECTION('center_axis',(0.,0.,-1.));
#7584=DIRECTION('ref_axis',(0.805236869477989,0.592953273060608,0.));
#7585=DIRECTION('',(0.,0.,1.));
#7586=DIRECTION('',(0.,0.,1.));
#7587=DIRECTION('center_axis',(0.,0.,1.));
#7588=DIRECTION('ref_axis',(0.805236869477989,0.592953273060608,0.));
#7589=DIRECTION('',(0.,0.,-1.));
#7590=DIRECTION('',(0.,0.,-1.));
#7591=DIRECTION('center_axis',(0.,0.,-1.));
#7592=DIRECTION('ref_axis',(0.805236869477989,0.592953273060608,0.));
#7593=DIRECTION('center_axis',(0.,0.,1.));
#7594=DIRECTION('ref_axis',(-0.805236869472604,0.592953273067921,0.));
#7595=DIRECTION('',(0.,0.,1.));
#7596=DIRECTION('center_axis',(0.,0.,-1.));
#7597=DIRECTION('ref_axis',(-0.805236869472604,0.592953273067921,0.));
#7598=DIRECTION('center_axis',(-1.,3.82246382104687E-12,0.));
#7599=DIRECTION('ref_axis',(-3.82246382104687E-12,-1.,0.));
#7600=DIRECTION('',(0.,0.,1.));
#7601=DIRECTION('',(-3.82246382104687E-12,-1.,0.));
#7602=DIRECTION('',(0.,0.,-1.));
#7603=DIRECTION('',(3.82246382104687E-12,1.,0.));
#7604=DIRECTION('center_axis',(0.,0.,1.));
#7605=DIRECTION('ref_axis',(1.,0.,0.));
#7606=DIRECTION('center_axis',(0.,0.,-1.));
#7607=DIRECTION('ref_axis',(-1.,0.,0.));
#7608=DIRECTION('center_axis',(0.,0.,1.));
#7609=DIRECTION('ref_axis',(-1.,0.,0.));
#7610=DIRECTION('center_axis',(0.,0.,1.));
#7611=DIRECTION('ref_axis',(-1.,0.,0.));
#7612=DIRECTION('center_axis',(0.,0.,1.));
#7613=DIRECTION('ref_axis',(-1.,0.,0.));
#7614=DIRECTION('center_axis',(0.,0.,1.));
#7615=DIRECTION('ref_axis',(7.14464754025812E-9,1.,0.));
#7616=DIRECTION('',(1.,-4.44089209850063E-16,0.));
#7617=DIRECTION('center_axis',(0.,0.,1.));
#7618=DIRECTION('ref_axis',(0.,-1.,0.));
#7619=DIRECTION('',(-1.,0.,0.));
#7620=DIRECTION('center_axis',(0.,0.,1.));
#7621=DIRECTION('ref_axis',(7.14464754025812E-9,1.,0.));
#7622=DIRECTION('',(1.,2.1094237467878E-15,0.));
#7623=DIRECTION('center_axis',(0.,0.,1.));
#7624=DIRECTION('ref_axis',(0.,-1.,0.));
#7625=DIRECTION('',(-1.,0.,0.));
#7626=DIRECTION('center_axis',(0.,0.,1.));
#7627=DIRECTION('ref_axis',(-7.13785297534739E-9,-1.,0.));
#7628=DIRECTION('',(-1.,0.,0.));
#7629=DIRECTION('center_axis',(0.,0.,1.));
#7630=DIRECTION('ref_axis',(0.,1.,0.));
#7631=DIRECTION('',(1.,0.,0.));
#7632=DIRECTION('center_axis',(0.,0.,1.));
#7633=DIRECTION('ref_axis',(-7.14464931661496E-9,-1.,0.));
#7634=DIRECTION('',(-1.,8.88178419700127E-16,0.));
#7635=DIRECTION('center_axis',(0.,0.,1.));
#7636=DIRECTION('ref_axis',(1.77635683940025E-15,1.,0.));
#7637=DIRECTION('',(1.,5.55111512312578E-16,0.));
#7638=DIRECTION('center_axis',(0.,0.,1.));
#7639=DIRECTION('ref_axis',(0.,1.,0.));
#7640=DIRECTION('',(1.,1.2712053631958E-13,0.));
#7641=DIRECTION('center_axis',(0.,0.,1.));
#7642=DIRECTION('ref_axis',(-7.14464754025812E-9,-1.,0.));
#7643=DIRECTION('',(-1.,0.,0.));
#7644=DIRECTION('center_axis',(0.,0.,1.));
#7645=DIRECTION('ref_axis',(1.77635683940025E-15,-1.,0.));
#7646=DIRECTION('',(-1.,0.,0.));
#7647=DIRECTION('center_axis',(0.,0.,1.));
#7648=DIRECTION('ref_axis',(0.,1.,0.));
#7649=DIRECTION('',(1.,0.,0.));
#7650=DIRECTION('center_axis',(0.,0.,1.));
#7651=DIRECTION('ref_axis',(-1.77635683940025E-15,-1.,0.));
#7652=DIRECTION('',(-1.,4.44089209850063E-16,0.));
#7653=DIRECTION('center_axis',(0.,0.,1.));
#7654=DIRECTION('ref_axis',(7.14464931661496E-9,1.,0.));
#7655=DIRECTION('',(1.,-1.66533452206495E-15,0.));
#7656=DIRECTION('center_axis',(0.,0.,1.));
#7657=DIRECTION('ref_axis',(0.,1.,0.));
#7658=DIRECTION('',(1.,4.44089209850063E-16,0.));
#7659=DIRECTION('center_axis',(0.,0.,1.));
#7660=DIRECTION('ref_axis',(-7.14464754025812E-9,-1.,0.));
#7661=DIRECTION('',(-1.,0.,0.));
#7662=DIRECTION('center_axis',(0.,0.,-1.));
#7663=DIRECTION('ref_axis',(-1.,0.,0.));
#7664=DIRECTION('center_axis',(0.,0.,1.));
#7665=DIRECTION('ref_axis',(-1.,0.,0.));
#7666=DIRECTION('center_axis',(0.,0.,1.));
#7667=DIRECTION('ref_axis',(-1.,0.,0.));
#7668=DIRECTION('center_axis',(0.,0.,1.));
#7669=DIRECTION('ref_axis',(-1.,0.,0.));
#7670=DIRECTION('center_axis',(0.,0.,-1.));
#7671=DIRECTION('ref_axis',(1.,0.,0.));
#7672=DIRECTION('center_axis',(0.,0.,-1.));
#7673=DIRECTION('ref_axis',(1.,0.,0.));
#7674=DIRECTION('center_axis',(0.,0.,-1.));
#7675=DIRECTION('ref_axis',(1.,0.,0.));
#7676=DIRECTION('center_axis',(0.,0.,-1.));
#7677=DIRECTION('ref_axis',(1.,0.,0.));
#7678=DIRECTION('center_axis',(0.,0.,-1.));
#7679=DIRECTION('ref_axis',(-0.955124819772291,-0.296203610131526,0.));
#7680=DIRECTION('',(-3.4537308868895E-12,-1.,0.));
#7681=DIRECTION('center_axis',(0.,0.,-1.));
#7682=DIRECTION('ref_axis',(-1.,0.,0.));
#7683=DIRECTION('',(1.,-2.17658976934332E-13,0.));
#7684=DIRECTION('center_axis',(0.,0.,-1.));
#7685=DIRECTION('ref_axis',(-0.995859195463938,-0.0909090909090924,0.));
#7686=DIRECTION('',(-1.,0.,0.));
#7687=DIRECTION('center_axis',(0.,0.,-1.));
#7688=DIRECTION('ref_axis',(-1.,0.,0.));
#7689=DIRECTION('',(0.,1.,0.));
#7690=DIRECTION('center_axis',(0.,0.,-1.));
#7691=DIRECTION('ref_axis',(0.,1.,0.));
#7692=DIRECTION('',(1.,0.,0.));
#7693=DIRECTION('center_axis',(0.,0.,-1.));
#7694=DIRECTION('ref_axis',(0.,1.,0.));
#7695=DIRECTION('',(1.,-1.11022301966756E-15,0.));
#7696=DIRECTION('',(7.01193489236723E-16,1.,0.));
#7697=DIRECTION('',(-1.,8.3266726475067E-16,0.));
#7698=DIRECTION('center_axis',(0.,0.,-1.));
#7699=DIRECTION('ref_axis',(-0.995859195463938,-0.090909090909091,0.));
#7700=DIRECTION('',(-1.,0.,0.));
#7701=DIRECTION('center_axis',(0.,0.,-1.));
#7702=DIRECTION('ref_axis',(-1.,0.,0.));
#7703=DIRECTION('',(-0.610597958759178,0.791940738161085,0.));
#7704=DIRECTION('center_axis',(0.,0.,-1.));
#7705=DIRECTION('ref_axis',(1.61486985400023E-15,-1.,0.));
#7706=DIRECTION('',(-1.,-7.49400538275599E-15,0.));
#7707=DIRECTION('',(1.16865581539454E-15,-1.,0.));
#7708=DIRECTION('',(1.,1.94289028441823E-15,0.));
#7709=DIRECTION('center_axis',(0.,0.,-1.));
#7710=DIRECTION('ref_axis',(0.995859195358952,0.0909090920591584,0.));
#7711=DIRECTION('',(1.,0.,0.));
#7712=DIRECTION('center_axis',(0.,0.,-1.));
#7713=DIRECTION('ref_axis',(1.,0.,0.));
#7714=DIRECTION('',(0.,-1.,0.));
#7715=DIRECTION('center_axis',(0.,0.,-1.));
#7716=DIRECTION('ref_axis',(0.,-1.,0.));
#7717=DIRECTION('',(-1.,0.,0.));
#7718=DIRECTION('center_axis',(0.,0.,-1.));
#7719=DIRECTION('ref_axis',(0.,-1.,0.));
#7720=DIRECTION('',(1.,-2.17658976934332E-13,0.));
#7721=DIRECTION('center_axis',(0.,0.,-1.));
#7722=DIRECTION('ref_axis',(-1.,0.,0.));
#7723=DIRECTION('',(-1.84378078893585E-12,1.,0.));
#7724=DIRECTION('center_axis',(0.,0.,-1.));
#7725=DIRECTION('ref_axis',(-0.0976404530151455,0.995221755155602,0.));
#7726=DIRECTION('',(-0.614954020417427,-0.788562966904002,0.));
#7727=DIRECTION('center_axis',(0.,0.,-1.));
#7728=DIRECTION('ref_axis',(0.,-1.,0.));
#7729=DIRECTION('',(-1.,0.,0.));
#7730=DIRECTION('center_axis',(0.,0.,-1.));
#7731=DIRECTION('ref_axis',(-1.,0.,0.));
#7732=DIRECTION('',(0.342020143325668,0.939692620785909,0.));
#7733=DIRECTION('',(-1.77635683980904E-16,1.,0.));
#7734=DIRECTION('center_axis',(0.,0.,-1.));
#7735=DIRECTION('ref_axis',(0.,1.,0.));
#7736=DIRECTION('',(-0.422618261740699,0.90630778703665,0.));
#7737=DIRECTION('center_axis',(0.,0.,1.));
#7738=DIRECTION('ref_axis',(0.757211330729289,0.65316996303809,0.));
#7739=DIRECTION('',(-0.422618261740699,-0.90630778703665,0.));
#7740=DIRECTION('center_axis',(0.,0.,-1.));
#7741=DIRECTION('ref_axis',(1.,0.,0.));
#7742=DIRECTION('',(-3.55271367891772E-16,-1.,0.));
#7743=DIRECTION('',(0.342020143325669,-0.939692620785908,0.));
#7744=DIRECTION('center_axis',(0.,0.,-1.));
#7745=DIRECTION('ref_axis',(-1.,0.,0.));
#7746=DIRECTION('',(0.,0.,-1.));
#7747=DIRECTION('center_axis',(0.,0.,1.));
#7748=DIRECTION('ref_axis',(-1.,0.,0.));
#7749=DIRECTION('center_axis',(0.,0.,1.));
#7750=DIRECTION('ref_axis',(-1.,0.,0.));
#7751=DIRECTION('',(0.,0.,-1.));
#7752=DIRECTION('center_axis',(1.,1.84378078893585E-12,0.));
#7753=DIRECTION('ref_axis',(1.84378078893585E-12,-1.,0.));
#7754=DIRECTION('',(-1.84378078893585E-12,1.,0.));
#7755=DIRECTION('',(0.,0.,-1.));
#7756=DIRECTION('center_axis',(0.,0.,-1.));
#7757=DIRECTION('ref_axis',(-0.184729334035647,-0.982789434796054,0.));
#7758=DIRECTION('center_axis',(0.,0.,1.));
#7759=DIRECTION('ref_axis',(-0.0976404530151455,0.995221755155602,0.));
#7760=DIRECTION('center_axis',(0.,0.,1.));
#7761=DIRECTION('ref_axis',(-0.0976404530151455,0.995221755155602,0.));
#7762=DIRECTION('',(0.,0.,-1.));
#7763=DIRECTION('center_axis',(-0.788562966904002,0.614954020417427,0.));
#7764=DIRECTION('ref_axis',(0.614954020417427,0.788562966904002,0.));
#7765=DIRECTION('',(0.614954020417427,0.788562966904002,0.));
#7766=DIRECTION('',(0.,0.,-1.));
#7767=DIRECTION('center_axis',(-1.,-1.16865581539454E-15,0.));
#7768=DIRECTION('ref_axis',(-1.16865581539454E-15,1.,0.));
#7769=DIRECTION('',(0.,0.,-1.));
#7770=DIRECTION('',(-1.16865581539454E-15,1.,0.));
#7771=DIRECTION('',(0.,0.,-1.));
#7772=DIRECTION('center_axis',(0.,0.,1.));
#7773=DIRECTION('ref_axis',(-1.,0.,0.));
#7774=DIRECTION('',(-1.75711631754409E-12,1.,0.));
#7775=DIRECTION('center_axis',(1.,-7.01193489236723E-16,0.));
#7776=DIRECTION('ref_axis',(-7.01193489236723E-16,-1.,0.));
#7777=DIRECTION('',(0.,0.,-1.));
#7778=DIRECTION('',(-7.01193489236723E-16,-1.,0.));
#7779=DIRECTION('',(0.,0.,-1.));
#7780=DIRECTION('center_axis',(0.791940738161086,0.610597958759178,0.));
#7781=DIRECTION('ref_axis',(0.610597958759178,-0.791940738161086,0.));
#7782=DIRECTION('',(0.,0.,-1.));
#7783=DIRECTION('',(0.610597958759178,-0.791940738161085,0.));
#7784=DIRECTION('',(0.,0.,-1.));
#7785=DIRECTION('center_axis',(0.,0.,-1.));
#7786=DIRECTION('ref_axis',(-0.955124819772291,-0.296203610131526,0.));
#7787=DIRECTION('center_axis',(0.,0.,1.));
#7788=DIRECTION('ref_axis',(-0.955124819772291,-0.296203610131526,0.));
#7789=DIRECTION('center_axis',(0.,0.,1.));
#7790=DIRECTION('ref_axis',(-0.955124819772291,-0.296203610131526,0.));
#7791=DIRECTION('',(0.,0.,-1.));
#7792=DIRECTION('center_axis',(-1.,3.4537308868895E-12,0.));
#7793=DIRECTION('ref_axis',(3.4537308868895E-12,1.,0.));
#7794=DIRECTION('',(-3.4537308868895E-12,-1.,0.));
#7795=DIRECTION('',(0.,0.,-1.));
#7796=DIRECTION('center_axis',(0.,0.,-1.));
#7797=DIRECTION('ref_axis',(0.707106781188552,0.707106781184543,0.));
#7798=DIRECTION('center_axis',(0.,0.,1.));
#7799=DIRECTION('ref_axis',(-1.,0.,0.));
#7800=DIRECTION('center_axis',(0.,0.,1.));
#7801=DIRECTION('ref_axis',(-1.,0.,0.));
#7802=DIRECTION('',(0.,0.,-1.));
#7803=DIRECTION('center_axis',(0.,0.,1.));
#7804=DIRECTION('ref_axis',(-1.,0.,0.));
#7805=DIRECTION('',(-3.73860236585884E-12,-1.,0.));
#7806=DIRECTION('center_axis',(0.90630778703665,0.422618261740699,0.));
#7807=DIRECTION('ref_axis',(0.422618261740699,-0.90630778703665,0.));
#7808=DIRECTION('',(0.,0.,-1.));
#7809=DIRECTION('',(0.422618261740699,-0.90630778703665,0.));
#7810=DIRECTION('',(0.,0.,-1.));
#7811=DIRECTION('center_axis',(-0.90630778703665,0.422618261740699,0.));
#7812=DIRECTION('ref_axis',(0.422618261740699,0.90630778703665,0.));
#7813=DIRECTION('',(0.,0.,-1.));
#7814=DIRECTION('',(0.422618261740699,0.90630778703665,0.));
#7815=DIRECTION('',(0.,0.,-1.));
#7816=DIRECTION('center_axis',(-0.939692620785908,-0.342020143325669,0.));
#7817=DIRECTION('ref_axis',(-0.342020143325669,0.939692620785908,0.));
#7818=DIRECTION('',(0.,0.,-1.));
#7819=DIRECTION('',(-0.342020143325669,0.939692620785908,0.));
#7820=DIRECTION('',(0.,0.,-1.));
#7821=DIRECTION('center_axis',(0.,0.,-1.));
#7822=DIRECTION('ref_axis',(-1.,0.,0.));
#7823=DIRECTION('center_axis',(0.,0.,1.));
#7824=DIRECTION('ref_axis',(-1.,0.,0.));
#7825=DIRECTION('',(0.,0.,-1.));
#7826=DIRECTION('center_axis',(0.939692620785909,-0.342020143325668,0.));
#7827=DIRECTION('ref_axis',(-0.342020143325668,-0.939692620785909,0.));
#7828=DIRECTION('',(-0.342020143325668,-0.939692620785909,0.));
#7829=DIRECTION('',(0.,0.,-1.));
#7830=DIRECTION('center_axis',(0.,0.,1.));
#7831=DIRECTION('ref_axis',(1.,0.,0.));
#7832=DIRECTION('',(-3.73860236585884E-12,-1.,0.));
#7833=DIRECTION('center_axis',(0.,0.,1.));
#7834=DIRECTION('ref_axis',(-0.707106781187902,-0.707106781185193,0.));
#7835=DIRECTION('center_axis',(0.,0.,1.));
#7836=DIRECTION('ref_axis',(-1.,0.,0.));
#7837=DIRECTION('center_axis',(0.,0.,1.));
#7838=DIRECTION('ref_axis',(-0.707106781187902,-0.707106781185193,0.));
#7839=DIRECTION('',(1.,-9.33877154675918E-14,0.));
#7840=DIRECTION('center_axis',(0.,0.,-1.));
#7841=DIRECTION('ref_axis',(1.,0.,0.));
#7842=DIRECTION('center_axis',(0.,0.,1.));
#7843=DIRECTION('ref_axis',(1.,0.,0.));
#7844=DIRECTION('center_axis',(0.,0.,-1.));
#7845=DIRECTION('ref_axis',(-1.,0.,0.));
#7846=DIRECTION('',(0.,1.,0.));
#7847=DIRECTION('center_axis',(0.,0.,-1.));
#7848=DIRECTION('ref_axis',(0.,1.,0.));
#7849=DIRECTION('',(1.,0.,0.));
#7850=DIRECTION('center_axis',(0.,0.,-1.));
#7851=DIRECTION('ref_axis',(-2.42230478100032E-15,1.,0.));
#7852=DIRECTION('',(1.,-8.88178415734045E-15,0.));
#7853=DIRECTION('center_axis',(0.,0.,-1.));
#7854=DIRECTION('ref_axis',(0.995859195463938,0.0909090909090906,0.));
#7855=DIRECTION('',(1.,0.,0.));
#7856=DIRECTION('center_axis',(0.,0.,-1.));
#7857=DIRECTION('ref_axis',(1.,0.,0.));
#7858=DIRECTION('center_axis',(0.,0.,-1.));
#7859=DIRECTION('ref_axis',(0.805236869476623,0.592953273062463,0.));
#7860=DIRECTION('center_axis',(0.,0.,1.));
#7861=DIRECTION('ref_axis',(1.,0.,0.));
#7862=DIRECTION('center_axis',(0.,0.,1.));
#7863=DIRECTION('ref_axis',(-0.97115886574004,0.238433339729408,0.));
#7864=DIRECTION('',(-3.73860236585884E-12,-1.,0.));
#7865=DIRECTION('center_axis',(0.,0.,-1.));
#7866=DIRECTION('ref_axis',(1.,0.,0.));
#7867=DIRECTION('center_axis',(0.,0.,1.));
#7868=DIRECTION('ref_axis',(1.,0.,0.));
#7869=DIRECTION('',(-1.75711631754409E-12,1.,0.));
#7870=DIRECTION('center_axis',(0.,0.,1.));
#7871=DIRECTION('ref_axis',(0.980055396132345,0.198724483926548,0.));
#7872=DIRECTION('center_axis',(0.,0.,1.));
#7873=DIRECTION('ref_axis',(1.,0.,0.));
#7874=DIRECTION('center_axis',(0.,0.,-1.));
#7875=DIRECTION('ref_axis',(0.805236869476623,0.592953273062463,0.));
#7876=DIRECTION('center_axis',(0.,0.,-1.));
#7877=DIRECTION('ref_axis',(0.,1.,0.));
#7878=DIRECTION('',(1.,0.,0.));
#7879=DIRECTION('center_axis',(0.,0.,-1.));
#7880=DIRECTION('ref_axis',(0.,1.,0.));
#7881=DIRECTION('',(1.,1.55431222753459E-14,0.));
#7882=DIRECTION('center_axis',(0.,0.,-1.));
#7883=DIRECTION('ref_axis',(0.995859195453426,0.090909091024247,0.));
#7884=DIRECTION('',(1.,0.,0.));
#7885=DIRECTION('center_axis',(0.,0.,-1.));
#7886=DIRECTION('ref_axis',(1.,-1.61486985400023E-15,0.));
#7887=DIRECTION('',(-1.06581410362454E-15,-1.,0.));
#7888=DIRECTION('center_axis',(0.,0.,-1.));
#7889=DIRECTION('ref_axis',(0.,-1.,0.));
#7890=DIRECTION('center_axis',(0.,0.,-1.));
#7891=DIRECTION('ref_axis',(1.,0.,0.));
#7892=DIRECTION('center_axis',(0.,0.,1.));
#7893=DIRECTION('ref_axis',(1.,0.,0.));
#7894=DIRECTION('',(1.,-9.33877154675918E-14,0.));
#7895=DIRECTION('center_axis',(0.,0.,1.));
#7896=DIRECTION('ref_axis',(0.707106781187135,-0.70710678118596,0.));
#7897=DIRECTION('center_axis',(0.,0.,1.));
#7898=DIRECTION('ref_axis',(-1.,0.,0.));
#7899=DIRECTION('center_axis',(0.,0.,1.));
#7900=DIRECTION('ref_axis',(0.707106781187135,-0.70710678118596,0.));
#7901=DIRECTION('',(-1.75711631754409E-12,1.,0.));
#7902=DIRECTION('center_axis',(0.,0.,-1.));
#7903=DIRECTION('ref_axis',(1.,0.,0.));
#7904=DIRECTION('center_axis',(0.,0.,1.));
#7905=DIRECTION('ref_axis',(1.,0.,0.));
#7906=DIRECTION('',(-1.,-7.49400538275599E-15,0.));
#7907=DIRECTION('center_axis',(0.,0.,-1.));
#7908=DIRECTION('ref_axis',(-0.995859195568189,-0.0909090897670794,0.));
#7909=DIRECTION('',(-1.,0.,0.));
#7910=DIRECTION('center_axis',(0.,0.,-1.));
#7911=DIRECTION('ref_axis',(-1.,0.,0.));
#7912=DIRECTION('',(-1.77635683980904E-16,1.,0.));
#7913=DIRECTION('',(-3.55271367891772E-16,-1.,0.));
#7914=DIRECTION('center_axis',(0.,0.,-1.));
#7915=DIRECTION('ref_axis',(0.,-1.,0.));
#7916=DIRECTION('',(-1.,0.,0.));
#7917=DIRECTION('center_axis',(0.,0.,-1.));
#7918=DIRECTION('ref_axis',(-1.61486985400023E-15,-1.,0.));
#7919=DIRECTION('',(-1.,8.3266726475067E-16,0.));
#7920=DIRECTION('',(1.,-1.11022301966756E-15,0.));
#7921=DIRECTION('center_axis',(0.,0.,-1.));
#7922=DIRECTION('ref_axis',(0.995859195439508,0.0909090911767083,0.));
#7923=DIRECTION('',(1.,0.,0.));
#7924=DIRECTION('center_axis',(0.,0.,-1.));
#7925=DIRECTION('ref_axis',(1.,0.,0.));
#7926=DIRECTION('',(-3.55271367859133E-16,-1.,0.));
#7927=DIRECTION('center_axis',(0.,0.,-1.));
#7928=DIRECTION('ref_axis',(0.,-1.,0.));
#7929=DIRECTION('',(-1.,0.,0.));
#7930=DIRECTION('center_axis',(0.,0.,-1.));
#7931=DIRECTION('ref_axis',(8.07434927000114E-16,-1.,0.));
#7932=DIRECTION('',(1.,-9.33877154675918E-14,0.));
#7933=DIRECTION('center_axis',(0.,0.,-1.));
#7934=DIRECTION('ref_axis',(-0.995859195463443,-0.0909090909145198,0.));
#7935=DIRECTION('',(-1.,3.89989394441359E-13,0.));
#7936=DIRECTION('center_axis',(0.,0.,-1.));
#7937=DIRECTION('ref_axis',(-1.,0.,0.));
#7938=DIRECTION('',(8.88178419702037E-17,1.,0.));
#7939=DIRECTION('center_axis',(0.,0.,-1.));
#7940=DIRECTION('ref_axis',(6.92213962917215E-12,1.,0.));
#7941=DIRECTION('',(1.,-6.92231176725518E-12,0.));
#7942=DIRECTION('center_axis',(0.,0.,-1.));
#7943=DIRECTION('ref_axis',(0.,1.,0.));
#7944=DIRECTION('',(1.,1.94289028441823E-15,0.));
#7945=DIRECTION('center_axis',(0.,0.,-1.));
#7946=DIRECTION('ref_axis',(-1.,-3.98128460565363E-15,1.16806809271246E-17));
#7947=DIRECTION('center_axis',(0.500000000000023,0.707106781186548,-0.499999999999976));
#7948=DIRECTION('ref_axis',(-0.707106781186514,0.,-0.707106781186581));
#7949=DIRECTION('',(0.,-0.577350269189607,-0.816496580927739));
#7950=DIRECTION('',(-0.707106781186514,0.,-0.707106781186581));
#7951=DIRECTION('',(0.,-0.577350269189607,-0.816496580927739));
#7952=DIRECTION('',(0.707106781186514,0.,0.707106781186581));
#7953=DIRECTION('center_axis',(-1.,0.,0.));
#7954=DIRECTION('ref_axis',(0.,0.,1.));
#7955=DIRECTION('',(0.,0.,1.));
#7956=DIRECTION('',(0.,1.,0.));
#7957=DIRECTION('',(0.,0.,1.));
#7958=DIRECTION('',(0.,1.,0.));
#7959=DIRECTION('center_axis',(0.,-1.,0.));
#7960=DIRECTION('ref_axis',(0.,0.,1.));
#7961=DIRECTION('',(0.,0.,1.));
#7962=DIRECTION('',(-1.,0.,0.));
#7963=DIRECTION('center_axis',(-0.500000000000023,0.707106781186548,-0.499999999999976));
#7964=DIRECTION('ref_axis',(-0.707106781186514,0.,0.707106781186581));
#7965=DIRECTION('',(0.,0.577350269189607,0.81649658092774));
#7966=DIRECTION('',(0.707106781186514,0.,-0.707106781186581));
#7967=DIRECTION('',(0.,0.577350269189607,0.81649658092774));
#7968=DIRECTION('',(-0.707106781186514,0.,0.707106781186581));
#7969=DIRECTION('center_axis',(-0.707106781186581,0.,-0.707106781186514));
#7970=DIRECTION('ref_axis',(-0.707106781186514,0.,0.707106781186581));
#7971=DIRECTION('',(0.,1.,0.));
#7972=DIRECTION('center_axis',(0.707106781186581,0.,0.707106781186514));
#7973=DIRECTION('ref_axis',(0.707106781186514,0.,-0.707106781186581));
#7974=DIRECTION('',(-9.84609219546791E-13,-1.,9.84609219546884E-13));
#7975=DIRECTION('center_axis',(0.707106781186581,0.,0.707106781186514));
#7976=DIRECTION('ref_axis',(0.707106781186514,0.,-0.707106781186581));
#7977=DIRECTION('',(0.,1.,0.));
#7978=DIRECTION('',(-0.707106781186514,0.,0.707106781186581));
#7979=DIRECTION('',(0.,1.,0.));
#7980=DIRECTION('center_axis',(0.,1.,-8.59534667249025E-12));
#7981=DIRECTION('ref_axis',(0.,8.59534667249025E-12,1.));
#7982=DIRECTION('',(-0.707106781186514,6.07782791876737E-12,0.707106781186581));
#7983=DIRECTION('',(0.,8.59534667249025E-12,1.));
#7984=DIRECTION('',(1.,0.,0.));
#7985=DIRECTION('',(0.,8.59534667249025E-12,1.));
#7986=DIRECTION('center_axis',(0.,-1.,0.));
#7987=DIRECTION('ref_axis',(0.,0.,-1.));
#7988=DIRECTION('',(0.,0.,-1.));
#7989=DIRECTION('',(-1.,0.,0.));
#7990=DIRECTION('',(0.,0.,-1.));
#7991=DIRECTION('center_axis',(-0.707106781186581,0.,-0.707106781186514));
#7992=DIRECTION('ref_axis',(-0.707106781186514,0.,0.707106781186581));
#7993=DIRECTION('',(0.,1.,0.));
#7994=DIRECTION('',(0.,1.,0.));
#7995=DIRECTION('center_axis',(0.707106781186581,0.,0.707106781186514));
#7996=DIRECTION('ref_axis',(0.707106781186514,0.,-0.707106781186581));
#7997=DIRECTION('',(2.03012002971042E-14,-1.,-2.03012002971062E-14));
#7998=DIRECTION('center_axis',(0.707106781186581,0.,0.707106781186514));
#7999=DIRECTION('ref_axis',(0.707106781186514,0.,-0.707106781186581));
#8000=DIRECTION('',(0.,1.,0.));
#8001=DIRECTION('center_axis',(-1.,0.,0.));
#8002=DIRECTION('ref_axis',(0.,0.,1.));
#8003=DIRECTION('',(0.,0.,1.));
#8004=DIRECTION('',(0.,-1.,0.));
#8005=DIRECTION('center_axis',(-1.,0.,0.));
#8006=DIRECTION('ref_axis',(0.,0.,1.));
#8007=DIRECTION('',(0.,-1.,0.));
#8008=DIRECTION('center_axis',(0.,0.,1.));
#8009=DIRECTION('ref_axis',(1.,0.,0.));
#8010=DIRECTION('',(0.,-1.,0.));
#8011=DIRECTION('',(-1.,0.,0.));
#8012=DIRECTION('center_axis',(0.,0.,1.));
#8013=DIRECTION('ref_axis',(-1.,3.82271991839096E-12,0.));
#8014=DIRECTION('',(1.,0.,0.));
#8015=DIRECTION('center_axis',(0.,0.,1.));
#8016=DIRECTION('ref_axis',(-7.37188088351105E-13,-1.,0.));
#8017=DIRECTION('',(2.97881377684042E-13,1.,0.));
#8018=DIRECTION('',(-1.,0.,0.));
#8019=DIRECTION('',(0.,1.,0.));
#8020=DIRECTION('',(1.,0.,0.));
#8021=DIRECTION('',(0.,1.,0.));
#8022=DIRECTION('center_axis',(0.,0.,-1.));
#8023=DIRECTION('ref_axis',(-1.,0.,0.));
#8024=DIRECTION('center_axis',(0.,0.,1.));
#8025=DIRECTION('ref_axis',(-0.707106781187902,-0.707106781185193,0.));
#8026=DIRECTION('',(-3.73860236585884E-12,-1.,0.));
#8027=DIRECTION('center_axis',(0.,0.,1.));
#8028=DIRECTION('ref_axis',(-0.97115886574004,0.238433339729408,0.));
#8029=DIRECTION('center_axis',(0.,0.,-1.));
#8030=DIRECTION('ref_axis',(1.,0.,0.));
#8031=DIRECTION('center_axis',(0.,0.,-1.));
#8032=DIRECTION('ref_axis',(0.805236869476623,0.592953273062463,0.));
#8033=DIRECTION('center_axis',(0.,0.,-1.));
#8034=DIRECTION('ref_axis',(1.,0.,0.));
#8035=DIRECTION('center_axis',(0.,0.,1.));
#8036=DIRECTION('ref_axis',(0.980055396132345,0.198724483926548,0.));
#8037=DIRECTION('',(-1.75711631754409E-12,1.,0.));
#8038=DIRECTION('center_axis',(0.,0.,1.));
#8039=DIRECTION('ref_axis',(0.707106781187135,-0.70710678118596,0.));
#8040=DIRECTION('center_axis',(0.,0.,-1.));
#8041=DIRECTION('ref_axis',(-1.,0.,0.));
#8042=DIRECTION('center_axis',(0.,0.,1.));
#8043=DIRECTION('ref_axis',(0.707106781187135,-0.70710678118596,0.));
#8044=DIRECTION('',(-1.,9.33877154675918E-14,0.));
#8045=DIRECTION('center_axis',(0.,0.,1.));
#8046=DIRECTION('ref_axis',(-0.707106781187902,-0.707106781185193,0.));
#8047=DIRECTION('center_axis',(0.,1.,-8.5960868211747E-12));
#8048=DIRECTION('ref_axis',(0.,-8.5960868211747E-12,-1.));
#8049=DIRECTION('',(-0.707106781186514,-6.07835128292123E-12,-0.707106781186581));
#8050=DIRECTION('',(0.,-8.5960868211747E-12,-1.));
#8051=DIRECTION('',(0.,-8.5960868211747E-12,-1.));
#8052=DIRECTION('center_axis',(-1.,0.,0.));
#8053=DIRECTION('ref_axis',(0.,0.,1.));
#8054=DIRECTION('',(0.,1.,0.));
#8055=DIRECTION('center_axis',(-0.707106781186581,0.,0.707106781186514));
#8056=DIRECTION('ref_axis',(0.707106781186514,0.,0.707106781186581));
#8057=DIRECTION('',(0.,1.,0.));
#8058=DIRECTION('center_axis',(-0.707106781186581,0.,0.707106781186514));
#8059=DIRECTION('ref_axis',(-0.707106781186514,0.,-0.707106781186581));
#8060=DIRECTION('',(2.03012002971042E-14,1.,2.03012002971062E-14));
#8061=DIRECTION('center_axis',(-0.707106781186581,0.,0.707106781186514));
#8062=DIRECTION('ref_axis',(-0.707106781186514,0.,-0.707106781186581));
#8063=DIRECTION('',(0.,1.,0.));
#8064=DIRECTION('center_axis',(0.,0.,-1.));
#8065=DIRECTION('ref_axis',(1.,0.,0.));
#8066=DIRECTION('',(0.,0.,1.));
#8067=DIRECTION('center_axis',(0.,0.,-1.));
#8068=DIRECTION('ref_axis',(1.,0.,0.));
#8069=DIRECTION('',(0.,0.,-1.));
#8070=DIRECTION('center_axis',(0.,0.,-1.));
#8071=DIRECTION('ref_axis',(1.,0.,0.));
#8072=DIRECTION('',(0.,0.,1.));
#8073=DIRECTION('center_axis',(0.,0.,-1.));
#8074=DIRECTION('ref_axis',(1.,0.,0.));
#8075=DIRECTION('',(0.,0.,1.));
#8076=DIRECTION('center_axis',(1.,2.03012002971042E-14,0.));
#8077=DIRECTION('ref_axis',(-2.03012002971042E-14,1.,0.));
#8078=DIRECTION('',(-2.03012002971042E-14,1.,0.));
#8079=DIRECTION('center_axis',(1.,-9.84609219546791E-13,0.));
#8080=DIRECTION('ref_axis',(9.84609219546791E-13,1.,0.));
#8081=DIRECTION('',(0.,0.,1.));
#8082=DIRECTION('',(9.84609219546791E-13,1.,0.));
#8083=DIRECTION('',(0.,0.,1.));
#8084=DIRECTION('center_axis',(0.,0.,-1.));
#8085=DIRECTION('ref_axis',(-0.707106781259159,-0.707106781113936,0.));
#8086=DIRECTION('center_axis',(0.,0.,-1.));
#8087=DIRECTION('ref_axis',(1.,0.,0.));
#8088=DIRECTION('',(0.,0.,-1.));
#8089=DIRECTION('center_axis',(0.,0.,-1.));
#8090=DIRECTION('ref_axis',(1.,0.,0.));
#8091=DIRECTION('',(0.,0.,1.));
#8092=DIRECTION('center_axis',(0.,0.,-1.));
#8093=DIRECTION('ref_axis',(1.,0.,0.));
#8094=DIRECTION('center_axis',(-1.,0.,0.));
#8095=DIRECTION('ref_axis',(0.,0.,1.));
#8096=DIRECTION('',(0.,1.,0.));
#8097=DIRECTION('',(0.,0.,-1.));
#8098=DIRECTION('center_axis',(-1.,0.,0.));
#8099=DIRECTION('ref_axis',(0.,0.,1.));
#8100=DIRECTION('',(0.,1.,0.));
#8101=DIRECTION('center_axis',(-1.,0.,0.));
#8102=DIRECTION('ref_axis',(0.,0.,1.));
#8103=DIRECTION('',(0.,1.,0.));
#8104=DIRECTION('center_axis',(0.,0.,1.));
#8105=DIRECTION('ref_axis',(1.,0.,0.));
#8106=DIRECTION('',(-1.,0.,0.));
#8107=DIRECTION('center_axis',(0.,-1.,0.));
#8108=DIRECTION('ref_axis',(1.,0.,0.));
#8109=DIRECTION('center_axis',(-0.707106781186581,0.,0.707106781186514));
#8110=DIRECTION('ref_axis',(0.707106781186514,0.,0.707106781186581));
#8111=DIRECTION('',(0.707106781186514,0.,0.707106781186581));
#8112=DIRECTION('',(0.,1.,0.));
#8113=DIRECTION('center_axis',(-0.707106781186581,0.,0.707106781186514));
#8114=DIRECTION('ref_axis',(-0.707106781186514,0.,-0.707106781186581));
#8115=DIRECTION('',(-9.84609219546791E-13,1.,-9.84609219546884E-13));
#8116=DIRECTION('center_axis',(-0.707106781186581,0.,0.707106781186514));
#8117=DIRECTION('ref_axis',(-0.707106781186514,0.,-0.707106781186581));
#8118=DIRECTION('',(0.,1.,0.));
#8119=DIRECTION('center_axis',(0.,0.,1.));
#8120=DIRECTION('ref_axis',(-1.,0.,0.));
#8121=DIRECTION('',(0.,0.,1.));
#8122=DIRECTION('center_axis',(0.,0.,-1.));
#8123=DIRECTION('ref_axis',(-1.,0.,0.));
#8124=DIRECTION('',(0.,0.,1.));
#8125=DIRECTION('center_axis',(0.,0.,1.));
#8126=DIRECTION('ref_axis',(-1.,0.,0.));
#8127=DIRECTION('',(0.,0.,1.));
#8128=DIRECTION('center_axis',(0.,0.,-1.));
#8129=DIRECTION('ref_axis',(-1.,0.,0.));
#8130=DIRECTION('',(0.,0.,-1.));
#8131=DIRECTION('center_axis',(1.,-2.03012002971042E-14,0.));
#8132=DIRECTION('ref_axis',(2.03012002971042E-14,1.,0.));
#8133=DIRECTION('',(-2.03012002971042E-14,-1.,0.));
#8134=DIRECTION('center_axis',(0.,0.,-1.));
#8135=DIRECTION('ref_axis',(-1.,0.,0.));
#8136=DIRECTION('',(0.,1.,0.));
#8137=DIRECTION('center_axis',(0.,0.,-1.));
#8138=DIRECTION('ref_axis',(-1.,0.,0.));
#8139=DIRECTION('',(9.84609219546791E-13,-1.,0.));
#8140=DIRECTION('center_axis',(0.,0.,-1.));
#8141=DIRECTION('ref_axis',(-1.,0.,0.));
#8142=DIRECTION('',(0.,1.,0.));
#8143=DIRECTION('',(1.,0.,0.));
#8144=DIRECTION('',(-2.97881377684042E-13,-1.,0.));
#8145=DIRECTION('',(0.,1.,0.));
#8146=DIRECTION('center_axis',(-1.,0.,0.));
#8147=DIRECTION('ref_axis',(0.,0.,1.));
#8148=DIRECTION('',(0.,0.,-1.));
#8149=DIRECTION('center_axis',(1.,9.84609219546791E-13,0.));
#8150=DIRECTION('ref_axis',(-9.84609219546791E-13,1.,0.));
#8151=DIRECTION('',(0.,0.,1.));
#8152=DIRECTION('',(0.,0.,1.));
#8153=DIRECTION('center_axis',(0.,0.,1.));
#8154=DIRECTION('ref_axis',(0.707106781259159,-0.707106781113936,0.));
#8155=DIRECTION('',(0.,0.,1.));
#8156=DIRECTION('center_axis',(0.,0.,1.));
#8157=DIRECTION('ref_axis',(-1.,0.,0.));
#8158=DIRECTION('center_axis',(-1.,0.,0.));
#8159=DIRECTION('ref_axis',(0.,0.,1.));
#8160=DIRECTION('',(0.,0.,-1.));
#8161=DIRECTION('center_axis',(0.,0.,1.));
#8162=DIRECTION('ref_axis',(-1.,0.,0.));
#8163=DIRECTION('center_axis',(0.,0.,1.));
#8164=DIRECTION('ref_axis',(0.,1.,0.));
#8165=DIRECTION('',(0.,-1.,0.));
#8166=DIRECTION('center_axis',(0.,0.,1.));
#8167=DIRECTION('ref_axis',(-1.,0.,0.));
#8168=DIRECTION('',(1.,0.,0.));
#8169=DIRECTION('center_axis',(0.,0.,1.));
#8170=DIRECTION('ref_axis',(-0.995859195463938,-0.0909090909090924,0.));
#8171=DIRECTION('',(-1.,9.33877154675918E-14,0.));
#8172=DIRECTION('center_axis',(0.,0.,1.));
#8173=DIRECTION('ref_axis',(8.07434927000114E-16,-1.,0.));
#8174=DIRECTION('',(1.,0.,0.));
#8175=DIRECTION('center_axis',(0.,0.,1.));
#8176=DIRECTION('ref_axis',(0.,-1.,0.));
#8177=DIRECTION('',(3.55271367859133E-16,1.,0.));
#8178=DIRECTION('center_axis',(0.,0.,1.));
#8179=DIRECTION('ref_axis',(1.,0.,0.));
#8180=DIRECTION('',(-1.,0.,0.));
#8181=DIRECTION('center_axis',(0.,0.,1.));
#8182=DIRECTION('ref_axis',(0.995859195439508,0.0909090911767083,0.));
#8183=DIRECTION('',(-1.,1.11022301966756E-15,0.));
#8184=DIRECTION('center_axis',(0.,0.,1.));
#8185=DIRECTION('ref_axis',(0.,1.,0.));
#8186=DIRECTION('',(-1.,0.,0.));
#8187=DIRECTION('center_axis',(0.,0.,-1.));
#8188=DIRECTION('ref_axis',(0.,1.,0.));
#8189=DIRECTION('',(-1.,0.,0.));
#8190=DIRECTION('',(0.,1.,0.));
#8191=DIRECTION('',(1.,2.1094237467878E-15,0.));
#8192=DIRECTION('center_axis',(0.,0.,-1.));
#8193=DIRECTION('ref_axis',(7.14464754025812E-9,1.,0.));
#8194=DIRECTION('',(1.,0.,0.));
#8195=DIRECTION('center_axis',(0.,0.,-1.));
#8196=DIRECTION('ref_axis',(0.,-1.,0.));
#8197=DIRECTION('',(1.,2.1094237467878E-15,0.));
#8198=DIRECTION('',(-2.96059473233375E-16,-1.,0.));
#8199=DIRECTION('',(-1.,0.,0.));
#8200=DIRECTION('center_axis',(0.,0.,-1.));
#8201=DIRECTION('ref_axis',(1.77635683940025E-15,-1.,0.));
#8202=DIRECTION('',(-1.,0.,0.));
#8203=DIRECTION('center_axis',(0.,0.,1.));
#8204=DIRECTION('ref_axis',(-1.,0.,0.));
#8205=DIRECTION('center_axis',(0.,0.,1.));
#8206=DIRECTION('ref_axis',(-1.61486985400023E-15,-1.,0.));
#8207=DIRECTION('',(1.,0.,0.));
#8208=DIRECTION('center_axis',(0.,0.,1.));
#8209=DIRECTION('ref_axis',(0.,-1.,0.));
#8210=DIRECTION('',(3.55271367891772E-16,1.,0.));
#8211=DIRECTION('center_axis',(0.,0.,1.));
#8212=DIRECTION('ref_axis',(1.,0.,0.));
#8213=DIRECTION('',(-1.,0.,0.));
#8214=DIRECTION('center_axis',(0.,0.,1.));
#8215=DIRECTION('ref_axis',(0.995859195463938,0.0909090909090906,0.));
#8216=DIRECTION('',(-1.,8.88178415734045E-15,0.));
#8217=DIRECTION('center_axis',(0.,0.,1.));
#8218=DIRECTION('ref_axis',(-2.42230478100032E-15,1.,0.));
#8219=DIRECTION('',(-1.,0.,0.));
#8220=DIRECTION('center_axis',(0.,0.,1.));
#8221=DIRECTION('ref_axis',(0.,1.,0.));
#8222=DIRECTION('',(0.,-1.,0.));
#8223=DIRECTION('center_axis',(0.,0.,1.));
#8224=DIRECTION('ref_axis',(-1.,0.,0.));
#8225=DIRECTION('',(1.,0.,0.));
#8226=DIRECTION('center_axis',(0.,0.,1.));
#8227=DIRECTION('ref_axis',(-0.995859195463938,-0.090909090909091,0.));
#8228=DIRECTION('',(1.,-8.3266726475067E-16,0.));
#8229=DIRECTION('',(-1.,4.44089209850063E-16,0.));
#8230=DIRECTION('',(0.,1.,0.));
#8231=DIRECTION('',(1.,-4.44089209850063E-16,0.));
#8232=DIRECTION('center_axis',(0.,0.,-1.));
#8233=DIRECTION('ref_axis',(7.14464754025812E-9,1.,0.));
#8234=DIRECTION('',(1.,0.,0.));
#8235=DIRECTION('center_axis',(0.,0.,-1.));
#8236=DIRECTION('ref_axis',(0.,-1.,0.));
#8237=DIRECTION('',(1.,-4.44089209850063E-16,0.));
#8238=DIRECTION('',(-1.48029736616688E-16,-1.,0.));
#8239=DIRECTION('',(-1.,4.44089209850063E-16,0.));
#8240=DIRECTION('center_axis',(0.,0.,-1.));
#8241=DIRECTION('ref_axis',(-1.77635683940025E-15,-1.,0.));
#8242=DIRECTION('',(-1.,1.66533452206495E-15,0.));
#8243=DIRECTION('center_axis',(0.,0.,-1.));
#8244=DIRECTION('ref_axis',(7.14464931661496E-9,1.,0.));
#8245=DIRECTION('center_axis',(0.,0.,1.));
#8246=DIRECTION('ref_axis',(-1.,0.,0.));
#8247=DIRECTION('center_axis',(0.,0.,1.));
#8248=DIRECTION('ref_axis',(0.,1.,0.));
#8249=DIRECTION('',(-1.,0.,0.));
#8250=DIRECTION('center_axis',(0.,0.,1.));
#8251=DIRECTION('ref_axis',(0.,1.,0.));
#8252=DIRECTION('',(1.77635683980904E-16,-1.,0.));
#8253=DIRECTION('center_axis',(0.,0.,1.));
#8254=DIRECTION('ref_axis',(-1.,0.,0.));
#8255=DIRECTION('',(1.,0.,0.));
#8256=DIRECTION('center_axis',(0.,0.,1.));
#8257=DIRECTION('ref_axis',(-0.995859195568189,-0.0909090897670794,0.));
#8258=DIRECTION('',(1.,7.49400538275599E-15,0.));
#8259=DIRECTION('center_axis',(0.,0.,1.));
#8260=DIRECTION('ref_axis',(1.61486985400023E-15,-1.,0.));
#8261=DIRECTION('',(1.,0.,0.));
#8262=DIRECTION('center_axis',(0.,0.,1.));
#8263=DIRECTION('ref_axis',(0.,-1.,0.));
#8264=DIRECTION('',(1.06581410362454E-15,1.,0.));
#8265=DIRECTION('center_axis',(0.,0.,1.));
#8266=DIRECTION('ref_axis',(1.,-1.61486985400023E-15,0.));
#8267=DIRECTION('',(-1.,0.,0.));
#8268=DIRECTION('center_axis',(0.,0.,1.));
#8269=DIRECTION('ref_axis',(0.995859195453426,0.090909091024247,0.));
#8270=DIRECTION('',(-1.,-1.55431222753459E-14,0.));
#8271=DIRECTION('center_axis',(0.,0.,-1.));
#8272=DIRECTION('ref_axis',(-7.14464754025812E-9,-1.,0.));
#8273=DIRECTION('',(1.,4.44089209850063E-16,0.));
#8274=DIRECTION('',(-1.1842378929335E-15,-1.,0.));
#8275=DIRECTION('',(-1.,8.88178419700127E-16,0.));
#8276=DIRECTION('center_axis',(0.,0.,-1.));
#8277=DIRECTION('ref_axis',(-7.14464931661496E-9,-1.,0.));
#8278=DIRECTION('',(-1.,-5.55111512312578E-16,0.));
#8279=DIRECTION('center_axis',(0.,0.,-1.));
#8280=DIRECTION('ref_axis',(1.77635683940025E-15,1.,0.));
#8281=DIRECTION('',(-1.,8.88178419700127E-16,0.));
#8282=DIRECTION('',(-1.48029736616688E-16,1.,0.));
#8283=DIRECTION('',(1.,4.44089209850063E-16,0.));
#8284=DIRECTION('center_axis',(0.,0.,-1.));
#8285=DIRECTION('ref_axis',(0.,1.,0.));
#8286=DIRECTION('',(1.,0.,0.));
#8287=DIRECTION('center_axis',(0.,0.,1.));
#8288=DIRECTION('ref_axis',(-1.,0.,0.));
#8289=DIRECTION('center_axis',(0.,0.,1.));
#8290=DIRECTION('ref_axis',(6.92213962917215E-12,1.,0.));
#8291=DIRECTION('',(-8.88178419702037E-17,-1.,0.));
#8292=DIRECTION('center_axis',(0.,0.,1.));
#8293=DIRECTION('ref_axis',(-1.,0.,0.));
#8294=DIRECTION('',(1.,-3.89989394441359E-13,0.));
#8295=DIRECTION('center_axis',(0.,0.,1.));
#8296=DIRECTION('ref_axis',(-0.995859195463443,-0.0909090909145198,0.));
#8297=DIRECTION('',(-1.,9.33877154675918E-14,0.));
#8298=DIRECTION('center_axis',(0.,0.,1.));
#8299=DIRECTION('ref_axis',(0.,-1.,0.));
#8300=DIRECTION('',(1.,0.,0.));
#8301=DIRECTION('center_axis',(0.,0.,1.));
#8302=DIRECTION('ref_axis',(0.,-1.,0.));
#8303=DIRECTION('',(0.,1.,0.));
#8304=DIRECTION('center_axis',(0.,0.,1.));
#8305=DIRECTION('ref_axis',(1.,0.,0.));
#8306=DIRECTION('',(-1.,0.,0.));
#8307=DIRECTION('center_axis',(0.,0.,1.));
#8308=DIRECTION('ref_axis',(0.995859195358952,0.0909090920591584,0.));
#8309=DIRECTION('',(-1.,-1.94289028441823E-15,0.));
#8310=DIRECTION('center_axis',(0.,0.,1.));
#8311=DIRECTION('ref_axis',(0.,1.,0.));
#8312=DIRECTION('',(-1.,6.92231176725518E-12,0.));
#8313=DIRECTION('center_axis',(0.,0.,-1.));
#8314=DIRECTION('ref_axis',(-7.14464754025812E-9,-1.,0.));
#8315=DIRECTION('',(1.,1.2712053631958E-13,0.));
#8316=DIRECTION('',(0.,-1.,0.));
#8317=DIRECTION('',(-1.,0.,0.));
#8318=DIRECTION('center_axis',(0.,0.,-1.));
#8319=DIRECTION('ref_axis',(-7.13785297534739E-9,-1.,0.));
#8320=DIRECTION('',(-1.,0.,0.));
#8321=DIRECTION('center_axis',(0.,0.,-1.));
#8322=DIRECTION('ref_axis',(0.,1.,0.));
#8323=DIRECTION('',(-1.,0.,0.));
#8324=DIRECTION('',(2.96059473233375E-16,1.,0.));
#8325=DIRECTION('',(1.,1.2712053631958E-13,0.));
#8326=DIRECTION('center_axis',(0.,0.,-1.));
#8327=DIRECTION('ref_axis',(0.,1.,0.));
#8328=DIRECTION('',(1.,0.,0.));
#8329=DIRECTION('center_axis',(0.,0.,1.));
#8330=DIRECTION('ref_axis',(-1.,0.,0.));
#8331=DIRECTION('',(0.,0.,-1.));
#8332=DIRECTION('',(0.,0.,1.));
#8333=DIRECTION('center_axis',(0.,0.,1.));
#8334=DIRECTION('ref_axis',(0.894427191000461,-0.447213595498869,0.));
#8335=DIRECTION('',(0.,0.,-1.));
#8336=DIRECTION('',(0.,0.,1.));
#8337=DIRECTION('center_axis',(0.,0.,-1.));
#8338=DIRECTION('ref_axis',(-0.707106781187902,-0.707106781185193,0.));
#8339=DIRECTION('',(0.,0.,-1.));
#8340=DIRECTION('center_axis',(0.,0.,1.));
#8341=DIRECTION('ref_axis',(0.707106781187135,-0.70710678118596,0.));
#8342=DIRECTION('',(0.,0.,-1.));
#8343=DIRECTION('center_axis',(-1.,0.,0.));
#8344=DIRECTION('ref_axis',(0.,0.,1.));
#8345=DIRECTION('center_axis',(0.,1.,0.));
#8346=DIRECTION('ref_axis',(-1.,0.,0.));
#8347=DIRECTION('',(0.,0.,1.));
#8348=DIRECTION('center_axis',(1.,-2.97881377684042E-13,0.));
#8349=DIRECTION('ref_axis',(2.97881377684042E-13,1.,0.));
#8350=DIRECTION('',(0.,0.,1.));
#8351=DIRECTION('center_axis',(0.,0.,1.));
#8352=DIRECTION('ref_axis',(0.707106781187135,-0.70710678118596,0.));
#8353=DIRECTION('',(0.,0.,1.));
#8354=DIRECTION('center_axis',(9.33877154675918E-14,1.,0.));
#8355=DIRECTION('ref_axis',(-1.,9.33877154675918E-14,0.));
#8356=DIRECTION('',(0.,0.,1.));
#8357=DIRECTION('',(-0.999999999999969,9.35251867145276E-14,-2.50879488904486E-7));
#8358=DIRECTION('',(0.,0.,1.));
#8359=DIRECTION('',(0.,0.,1.));
#8360=DIRECTION('',(-0.999999999999969,9.35251867145276E-14,-2.50879488904486E-7));
#8361=DIRECTION('',(0.,0.,-1.));
#8362=DIRECTION('',(0.,0.,1.));
#8363=DIRECTION('',(0.999999999999969,-9.33475511767238E-14,-2.50879488765391E-7));
#8364=DIRECTION('',(0.,0.,1.));
#8365=DIRECTION('',(0.,0.,1.));
#8366=DIRECTION('',(0.999999999999969,-9.33475511767238E-14,-2.50879488765391E-7));
#8367=DIRECTION('',(0.,0.,1.));
#8368=DIRECTION('center_axis',(0.,0.,-1.));
#8369=DIRECTION('ref_axis',(-0.707106781187902,-0.707106781185193,0.));
#8370=DIRECTION('',(0.,0.,1.));
#8371=DIRECTION('center_axis',(0.,0.,1.));
#8372=DIRECTION('ref_axis',(-0.97115886574004,0.238433339729408,0.));
#8373=DIRECTION('',(0.,0.,-1.));
#8374=DIRECTION('',(0.,0.,1.));
#8375=DIRECTION('center_axis',(0.,0.,-1.));
#8376=DIRECTION('ref_axis',(0.980055396132345,0.198724483926548,0.));
#8377=DIRECTION('',(0.,0.,1.));
#8378=DIRECTION('',(0.,0.,1.));
#8379=DIRECTION('center_axis',(-1.,-1.75711631754409E-12,0.));
#8380=DIRECTION('ref_axis',(1.75711631754409E-12,-1.,0.));
#8381=DIRECTION('center_axis',(0.,0.,1.));
#8382=DIRECTION('ref_axis',(1.,0.,0.));
#8383=DIRECTION('center_axis',(0.,0.,-1.));
#8384=DIRECTION('ref_axis',(-1.,0.,0.));
#8385=DIRECTION('center_axis',(0.,0.,-1.));
#8386=DIRECTION('ref_axis',(-1.,0.,0.));
#8387=DIRECTION('center_axis',(0.,0.,1.));
#8388=DIRECTION('ref_axis',(-1.,0.,0.));
#8389=DIRECTION('center_axis',(0.,0.,1.));
#8390=DIRECTION('ref_axis',(-1.,0.,0.));
#8391=DIRECTION('center_axis',(0.,0.,-1.));
#8392=DIRECTION('ref_axis',(-1.,0.,0.));
#8393=DIRECTION('center_axis',(0.,0.,-1.));
#8394=DIRECTION('ref_axis',(-1.,0.,0.));
#8395=DIRECTION('center_axis',(0.,0.,1.));
#8396=DIRECTION('ref_axis',(-1.,0.,0.));
#8397=DIRECTION('center_axis',(0.,0.,1.));
#8398=DIRECTION('ref_axis',(-1.,0.,0.));
#8399=DIRECTION('',(0.,0.,-1.));
#8400=DIRECTION('',(0.,0.,1.));
#8401=DIRECTION('',(0.,0.,1.));
#8402=DIRECTION('center_axis',(0.,0.,1.));
#8403=DIRECTION('ref_axis',(-1.,0.,0.));
#8404=DIRECTION('',(0.,0.,1.));
#8405=DIRECTION('',(0.,0.,1.));
#8406=DIRECTION('center_axis',(0.,0.,1.));
#8407=DIRECTION('ref_axis',(1.,0.,0.));
#8408=DIRECTION('center_axis',(0.,0.,-1.));
#8409=DIRECTION('ref_axis',(-1.,0.,0.));
#8410=DIRECTION('center_axis',(0.,0.,-1.));
#8411=DIRECTION('ref_axis',(-1.,0.,0.));
#8412=DIRECTION('center_axis',(0.,0.,-1.));
#8413=DIRECTION('ref_axis',(-1.,0.,0.));
#8414=DIRECTION('center_axis',(0.,0.,1.));
#8415=DIRECTION('ref_axis',(-1.,0.,0.));
#8416=DIRECTION('center_axis',(0.,0.,1.));
#8417=DIRECTION('ref_axis',(-1.,0.,0.));
#8418=DIRECTION('',(0.,0.,-1.));
#8419=DIRECTION('',(0.,0.,1.));
#8420=DIRECTION('',(0.,0.,1.));
#8421=DIRECTION('',(0.,0.,1.));
#8422=DIRECTION('',(0.,0.,1.));
#8423=DIRECTION('center_axis',(0.,0.,-1.));
#8424=DIRECTION('ref_axis',(0.983111613703279,-0.183006980745913,0.));
#8425=DIRECTION('center_axis',(0.,0.,-1.));
#8426=DIRECTION('ref_axis',(-1.,0.,0.));
#8427=DIRECTION('center_axis',(0.,0.,-1.));
#8428=DIRECTION('ref_axis',(-1.,0.,0.));
#8429=DIRECTION('center_axis',(0.,0.,-1.));
#8430=DIRECTION('ref_axis',(0.983111696502701,0.183006535947713,0.));
#8431=DIRECTION('center_axis',(0.,0.,1.));
#8432=DIRECTION('ref_axis',(-0.888961897006299,-0.457981163008875,1.16806809271246E-17));
#8433=DIRECTION('center_axis',(0.,0.,1.));
#8434=DIRECTION('ref_axis',(0.2022080599333,0.979342585869731,0.));
#8435=DIRECTION('center_axis',(0.,0.,-1.));
#8436=DIRECTION('ref_axis',(-1.,0.,0.));
#8437=DIRECTION('center_axis',(-6.95109559805245E-15,0.447213595499927,
-0.894427190999932));
#8438=DIRECTION('ref_axis',(-1.,0.,7.77156113767228E-15));
#8439=DIRECTION('center_axis',(6.95109559805245E-15,-0.447213595499927,
0.894427190999932));
#8440=DIRECTION('ref_axis',(0.,0.894427190999932,0.447213595499927));
#8441=DIRECTION('',(-1.,0.,0.));
#8442=DIRECTION('center_axis',(-6.95109559805245E-15,0.447213595499927,
-0.894427190999932));
#8443=DIRECTION('ref_axis',(0.,0.894427190999931,0.447213595499927));
#8444=DIRECTION('',(1.,1.55431222753459E-14,0.));
#8445=DIRECTION('center_axis',(-6.95109559805245E-15,0.447213595499927,
-0.894427190999932));
#8446=DIRECTION('ref_axis',(-1.3811917288975E-14,0.894427190999932,0.447213595499927));
#8447=DIRECTION('',(-1.,0.,0.));
#8448=DIRECTION('center_axis',(6.95109559805245E-15,-0.447213595499927,
0.894427190999932));
#8449=DIRECTION('ref_axis',(-6.39036703011764E-9,-0.894427190999932,-0.447213595499927));
#8450=DIRECTION('',(-1.,0.,7.77156113767228E-15));
#8451=DIRECTION('center_axis',(0.,0.,1.));
#8452=DIRECTION('ref_axis',(0.995859195453426,0.090909091024247,0.));
#8453=DIRECTION('',(0.,0.,1.));
#8454=DIRECTION('',(0.,0.,1.));
#8455=DIRECTION('center_axis',(-1.55431222753459E-14,1.,0.));
#8456=DIRECTION('ref_axis',(-1.,-1.55431222753459E-14,0.));
#8457=DIRECTION('',(0.,0.,1.));
#8458=DIRECTION('center_axis',(0.,0.,1.));
#8459=DIRECTION('ref_axis',(0.,1.,0.));
#8460=DIRECTION('',(0.,0.,1.));
#8461=DIRECTION('center_axis',(1.,0.,0.));
#8462=DIRECTION('ref_axis',(0.,1.,0.));
#8463=DIRECTION('',(1.,0.,0.));
#8464=DIRECTION('center_axis',(3.97205462745877E-15,0.447213595499956,-0.894427190999917));
#8465=DIRECTION('ref_axis',(-1.,0.,-4.4408920786702E-15));
#8466=DIRECTION('center_axis',(-3.97205462745877E-15,-0.447213595499956,
0.894427190999917));
#8467=DIRECTION('ref_axis',(6.39036703011754E-9,0.894427190999917,0.447213595499956));
#8468=DIRECTION('',(-1.,0.,0.));
#8469=DIRECTION('center_axis',(3.97205462745877E-15,0.447213595499956,-0.894427190999917));
#8470=DIRECTION('ref_axis',(-2.16657526101579E-15,0.894427190999917,0.447213595499956));
#8471=DIRECTION('',(1.,-8.88178415734045E-15,0.));
#8472=DIRECTION('center_axis',(3.97205462745877E-15,0.447213595499956,-0.894427190999917));
#8473=DIRECTION('ref_axis',(7.83126682888004E-15,0.894427190999917,0.447213595499956));
#8474=DIRECTION('',(-1.,0.,0.));
#8475=DIRECTION('center_axis',(-3.97205462745877E-15,-0.447213595499956,
0.894427190999917));
#8476=DIRECTION('ref_axis',(0.,-0.894427190999917,-0.447213595499956));
#8477=DIRECTION('',(-1.,0.,-4.4408920786702E-15));
#8478=DIRECTION('center_axis',(0.,0.,1.));
#8479=DIRECTION('ref_axis',(0.995859195463938,0.0909090909090906,0.));
#8480=DIRECTION('',(0.,0.,1.));
#8481=DIRECTION('',(0.,0.,1.));
#8482=DIRECTION('center_axis',(8.88178415734045E-15,1.,0.));
#8483=DIRECTION('ref_axis',(-1.,8.88178415734045E-15,0.));
#8484=DIRECTION('',(0.,0.,1.));
#8485=DIRECTION('center_axis',(0.,0.,1.));
#8486=DIRECTION('ref_axis',(-2.42230478100032E-15,1.,0.));
#8487=DIRECTION('',(0.,0.,1.));
#8488=DIRECTION('center_axis',(1.,0.,0.));
#8489=DIRECTION('ref_axis',(0.,1.,0.));
#8490=DIRECTION('',(1.,0.,0.));
#8491=DIRECTION('center_axis',(1.,-3.73860236585884E-12,0.));
#8492=DIRECTION('ref_axis',(3.73860236585884E-12,1.,0.));
#8493=DIRECTION('center_axis',(0.,0.,1.));
#8494=DIRECTION('ref_axis',(-0.776109179065062,0.630598558649602,0.));
#8495=DIRECTION('',(0.,0.,1.));
#8496=DIRECTION('center_axis',(0.,0.,1.));
#8497=DIRECTION('ref_axis',(0.805236869476623,0.592953273062463,0.));
#8498=DIRECTION('',(0.,0.,1.));
#8499=DIRECTION('center_axis',(0.,0.,1.));
#8500=DIRECTION('ref_axis',(1.,0.,0.));
#8501=DIRECTION('center_axis',(0.,0.,1.));
#8502=DIRECTION('ref_axis',(-1.,3.82271991839096E-12,0.));
#8503=DIRECTION('',(0.,0.,1.));
#8504=DIRECTION('center_axis',(0.,0.,1.));
#8505=DIRECTION('ref_axis',(-7.37188088351105E-13,-1.,0.));
#8506=DIRECTION('',(0.,0.,1.));
#8507=DIRECTION('center_axis',(0.,-1.,0.));
#8508=DIRECTION('ref_axis',(1.,0.,0.));
#8509=DIRECTION('center_axis',(1.,0.,0.));
#8510=DIRECTION('ref_axis',(0.,1.,0.));
#8511=DIRECTION('',(1.,0.,0.));
#8512=DIRECTION('',(-1.,0.,0.));
#8513=DIRECTION('',(1.,0.,0.));
#8514=DIRECTION('',(1.,0.,0.));
#8515=DIRECTION('center_axis',(1.,0.,0.));
#8516=DIRECTION('ref_axis',(0.,1.,0.));
#8517=DIRECTION('',(1.,0.,0.));
#8518=DIRECTION('center_axis',(1.,0.,0.));
#8519=DIRECTION('ref_axis',(0.,1.,0.));
#8520=DIRECTION('',(1.,0.,0.));
#8521=DIRECTION('center_axis',(1.,0.,0.));
#8522=DIRECTION('ref_axis',(0.,1.,0.));
#8523=DIRECTION('',(1.,0.,0.));
#8524=DIRECTION('',(1.,0.,0.));
#8525=DIRECTION('',(-1.,0.,0.));
#8526=DIRECTION('',(1.,0.,0.));
#8527=DIRECTION('center_axis',(0.,0.,1.));
#8528=DIRECTION('ref_axis',(-2.42230478100032E-15,1.,0.));
#8529=DIRECTION('',(0.,0.,1.));
#8530=DIRECTION('',(0.,0.,1.));
#8531=DIRECTION('center_axis',(8.88178415734045E-15,1.,0.));
#8532=DIRECTION('ref_axis',(-1.,8.88178415734045E-15,0.));
#8533=DIRECTION('',(0.,0.,1.));
#8534=DIRECTION('center_axis',(0.,0.,1.));
#8535=DIRECTION('ref_axis',(0.995859195453426,0.090909091024247,0.));
#8536=DIRECTION('',(0.,0.,1.));
#8537=DIRECTION('',(0.,0.,1.));
#8538=DIRECTION('center_axis',(-1.55431222753459E-14,1.,0.));
#8539=DIRECTION('ref_axis',(-1.,-1.55431222753459E-14,0.));
#8540=DIRECTION('',(0.,0.,1.));
#8541=DIRECTION('center_axis',(0.,0.,1.));
#8542=DIRECTION('ref_axis',(0.,1.,0.));
#8543=DIRECTION('',(0.,0.,1.));
#8544=DIRECTION('center_axis',(0.,1.,0.));
#8545=DIRECTION('ref_axis',(-1.,0.,0.));
#8546=DIRECTION('',(0.,0.,1.));
#8547=DIRECTION('',(0.,0.,1.));
#8548=DIRECTION('center_axis',(0.,0.,1.));
#8549=DIRECTION('ref_axis',(0.,-1.,0.));
#8550=DIRECTION('',(0.,0.,-1.));
#8551=DIRECTION('',(0.,0.,-1.));
#8552=DIRECTION('',(0.,0.,-1.));
#8553=DIRECTION('',(0.,0.,1.));
#8554=DIRECTION('',(0.,0.,1.));
#8555=DIRECTION('center_axis',(0.,-1.,0.));
#8556=DIRECTION('ref_axis',(1.,0.,0.));
#8557=DIRECTION('',(0.,0.,-1.));
#8558=DIRECTION('center_axis',(0.,-1.,0.));
#8559=DIRECTION('ref_axis',(1.,0.,0.));
#8560=DIRECTION('',(0.,0.,1.));
#8561=DIRECTION('center_axis',(0.,0.,1.));
#8562=DIRECTION('ref_axis',(0.,1.,0.));
#8563=DIRECTION('',(0.,0.,1.));
#8564=DIRECTION('',(0.,0.,1.));
#8565=DIRECTION('',(0.,0.,-1.));
#8566=DIRECTION('',(0.,0.,-1.));
#8567=DIRECTION('center_axis',(0.,-1.,0.));
#8568=DIRECTION('ref_axis',(1.,0.,0.));
#8569=DIRECTION('',(0.,0.,1.));
#8570=DIRECTION('center_axis',(0.,-1.,0.));
#8571=DIRECTION('ref_axis',(1.,0.,0.));
#8572=DIRECTION('',(0.,0.,1.));
#8573=DIRECTION('center_axis',(-8.32667256570639E-16,0.,-1.));
#8574=DIRECTION('ref_axis',(-1.,0.,8.32667256570639E-16));
#8575=DIRECTION('',(1.,-1.66533452206495E-15,-8.32667256570639E-16));
#8576=DIRECTION('',(0.,1.,0.));
#8577=DIRECTION('',(-1.,8.3266726475067E-16,8.32667256570639E-16));
#8578=DIRECTION('',(0.,1.,0.));
#8579=DIRECTION('center_axis',(0.,-1.,0.));
#8580=DIRECTION('ref_axis',(1.,0.,0.));
#8581=DIRECTION('',(0.,0.,1.));
#8582=DIRECTION('center_axis',(0.,1.,0.));
#8583=DIRECTION('ref_axis',(1.,0.,0.));
#8584=DIRECTION('center_axis',(0.,1.,0.));
#8585=DIRECTION('ref_axis',(1.,0.,0.));
#8586=DIRECTION('',(0.,1.,0.));
#8587=DIRECTION('center_axis',(0.,-0.707106781186547,-0.707106781186548));
#8588=DIRECTION('ref_axis',(0.,0.707106781186548,-0.707106781186547));
#8589=DIRECTION('center_axis',(0.,-0.707106781186547,0.707106781186548));
#8590=DIRECTION('ref_axis',(0.,-0.707106781186548,-0.707106781186547));
#8591=DIRECTION('center_axis',(-5.55111504380426E-16,0.,1.));
#8592=DIRECTION('ref_axis',(1.,0.,5.55111504380426E-16));
#8593=DIRECTION('',(-1.,1.66533452206495E-15,-5.55111504380426E-16));
#8594=DIRECTION('',(1.,-8.3266726475067E-16,5.55111504380426E-16));
#8595=DIRECTION('',(0.,1.,0.));
#8596=DIRECTION('center_axis',(0.,1.,0.));
#8597=DIRECTION('ref_axis',(-1.,0.,1.22464679914735E-16));
#8598=DIRECTION('center_axis',(0.,-0.707106781186547,0.707106781186548));
#8599=DIRECTION('ref_axis',(0.,-0.707106781186548,-0.707106781186547));
#8600=DIRECTION('center_axis',(0.,1.,0.));
#8601=DIRECTION('ref_axis',(1.,0.,0.));
#8602=DIRECTION('center_axis',(0.,-0.707106781186547,-0.707106781186548));
#8603=DIRECTION('ref_axis',(0.,0.707106781186548,-0.707106781186547));
#8604=DIRECTION('center_axis',(0.,-1.,0.));
#8605=DIRECTION('ref_axis',(1.,0.,0.));
#8606=DIRECTION('',(0.,0.,-1.));
#8607=DIRECTION('center_axis',(0.,0.,1.));
#8608=DIRECTION('ref_axis',(-1.61486985400023E-15,-1.,0.));
#8609=DIRECTION('',(0.,0.,1.));
#8610=DIRECTION('',(0.,0.,1.));
#8611=DIRECTION('',(0.,0.,1.));
#8612=DIRECTION('center_axis',(-8.32667264750669E-16,-1.,0.));
#8613=DIRECTION('ref_axis',(1.,-8.3266726475067E-16,0.));
#8614=DIRECTION('',(0.,0.,-1.));
#8615=DIRECTION('center_axis',(-8.32667264750669E-16,-1.,0.));
#8616=DIRECTION('ref_axis',(1.,-8.3266726475067E-16,0.));
#8617=DIRECTION('',(0.,0.,1.));
#8618=DIRECTION('center_axis',(0.,0.,1.));
#8619=DIRECTION('ref_axis',(-1.77635683940025E-15,-1.,0.));
#8620=DIRECTION('',(0.,0.,1.));
#8621=DIRECTION('',(0.,0.,1.));
#8622=DIRECTION('',(0.,0.,-1.));
#8623=DIRECTION('',(0.,0.,-1.));
#8624=DIRECTION('center_axis',(1.66533452206495E-15,1.,0.));
#8625=DIRECTION('ref_axis',(-1.,1.66533452206495E-15,0.));
#8626=DIRECTION('',(0.,0.,1.));
#8627=DIRECTION('center_axis',(1.66533452206495E-15,1.,0.));
#8628=DIRECTION('ref_axis',(-1.,1.66533452206495E-15,0.));
#8629=DIRECTION('',(0.,0.,-1.));
#8630=DIRECTION('center_axis',(0.,1.,0.));
#8631=DIRECTION('ref_axis',(-1.,0.,7.6571373978539E-16));
#8632=DIRECTION('',(0.,-1.,0.));
#8633=DIRECTION('center_axis',(0.,0.707106781186547,-0.707106781186548));
#8634=DIRECTION('ref_axis',(0.,-0.707106781186548,-0.707106781186547));
#8635=DIRECTION('center_axis',(0.,1.,0.));
#8636=DIRECTION('ref_axis',(1.,0.,0.));
#8637=DIRECTION('center_axis',(0.,0.707106781186547,0.707106781186548));
#8638=DIRECTION('ref_axis',(0.,0.707106781186548,-0.707106781186547));
#8639=DIRECTION('',(0.,-1.,0.));
#8640=DIRECTION('center_axis',(0.,-1.,0.));
#8641=DIRECTION('ref_axis',(1.,0.,0.));
#8642=DIRECTION('',(0.,0.,-1.));
#8643=DIRECTION('center_axis',(0.,1.,0.));
#8644=DIRECTION('ref_axis',(1.,0.,0.));
#8645=DIRECTION('center_axis',(0.,-1.,0.));
#8646=DIRECTION('ref_axis',(1.,0.,0.));
#8647=DIRECTION('',(0.,0.,1.));
#8648=DIRECTION('center_axis',(5.55111504380426E-16,0.,-1.));
#8649=DIRECTION('ref_axis',(1.,0.,5.55111504380426E-16));
#8650=DIRECTION('',(1.,0.,5.55111504380426E-16));
#8651=DIRECTION('',(-1.,1.11022301966756E-15,-5.55111504380426E-16));
#8652=DIRECTION('',(0.,-1.,0.));
#8653=DIRECTION('center_axis',(8.32667256570639E-16,0.,1.));
#8654=DIRECTION('ref_axis',(-1.,0.,8.32667256570639E-16));
#8655=DIRECTION('',(-1.,0.,8.32667256570639E-16));
#8656=DIRECTION('',(0.,-1.,0.));
#8657=DIRECTION('',(1.,-1.11022301966756E-15,-8.32667256570639E-16));
#8658=DIRECTION('center_axis',(0.,1.,0.));
#8659=DIRECTION('ref_axis',(1.,0.,0.));
#8660=DIRECTION('center_axis',(0.,0.707106781186548,0.707106781186548));
#8661=DIRECTION('ref_axis',(0.,0.707106781186547,-0.707106781186547));
#8662=DIRECTION('center_axis',(0.,0.707106781186548,-0.707106781186548));
#8663=DIRECTION('ref_axis',(0.,-0.707106781186547,-0.707106781186547));
#8664=DIRECTION('center_axis',(0.,0.,1.));
#8665=DIRECTION('ref_axis',(0.,1.,0.));
#8666=DIRECTION('',(0.,0.,-1.));
#8667=DIRECTION('',(0.,0.,-1.));
#8668=DIRECTION('',(0.,0.,1.));
#8669=DIRECTION('center_axis',(1.11022301966756E-15,1.,0.));
#8670=DIRECTION('ref_axis',(-1.,1.11022301966756E-15,0.));
#8671=DIRECTION('',(0.,0.,1.));
#8672=DIRECTION('center_axis',(1.11022301966756E-15,1.,0.));
#8673=DIRECTION('ref_axis',(-1.,1.11022301966756E-15,0.));
#8674=DIRECTION('',(0.,0.,1.));
#8675=DIRECTION('center_axis',(0.,0.,1.));
#8676=DIRECTION('ref_axis',(-1.,6.12323401477166E-17,0.));
#8677=DIRECTION('',(0.,0.,1.));
#8678=DIRECTION('',(0.,0.,1.));
#8679=DIRECTION('',(0.,0.,-1.));
#8680=DIRECTION('',(0.,0.,-1.));
#8681=DIRECTION('center_axis',(0.,-1.,0.));
#8682=DIRECTION('ref_axis',(1.,0.,0.));
#8683=DIRECTION('',(0.,0.,1.));
#8684=DIRECTION('center_axis',(0.,-1.,0.));
#8685=DIRECTION('ref_axis',(1.,0.,7.6571373978539E-16));
#8686=DIRECTION('',(0.,1.,0.));
#8687=DIRECTION('center_axis',(0.,-0.707106781186547,-0.707106781186548));
#8688=DIRECTION('ref_axis',(0.,0.707106781186548,-0.707106781186547));
#8689=DIRECTION('center_axis',(0.,-1.,0.));
#8690=DIRECTION('ref_axis',(-1.,0.,0.));
#8691=DIRECTION('center_axis',(0.,-0.707106781186547,0.707106781186548));
#8692=DIRECTION('ref_axis',(0.,-0.707106781186548,-0.707106781186547));
#8693=DIRECTION('',(0.,1.,0.));
#8694=DIRECTION('center_axis',(0.,1.,0.));
#8695=DIRECTION('ref_axis',(-1.,0.,0.));
#8696=DIRECTION('',(0.,0.,-1.));
#8697=DIRECTION('center_axis',(0.,-1.,0.));
#8698=DIRECTION('ref_axis',(-1.,0.,0.));
#8699=DIRECTION('center_axis',(0.,1.,0.));
#8700=DIRECTION('ref_axis',(-1.,0.,0.));
#8701=DIRECTION('',(0.,0.,1.));
#8702=DIRECTION('center_axis',(-5.55111504380426E-16,0.,-1.));
#8703=DIRECTION('ref_axis',(-1.,0.,5.55111504380426E-16));
#8704=DIRECTION('',(-1.,-5.55111512312578E-16,5.55111504380426E-16));
#8705=DIRECTION('',(1.,7.49400538275599E-15,-5.55111504380426E-16));
#8706=DIRECTION('',(0.,1.,0.));
#8707=DIRECTION('center_axis',(-8.32667256570639E-16,0.,1.));
#8708=DIRECTION('ref_axis',(1.,0.,8.32667256570639E-16));
#8709=DIRECTION('',(1.,5.55111512312578E-16,8.32667256570639E-16));
#8710=DIRECTION('',(0.,1.,0.));
#8711=DIRECTION('',(-1.,-7.49400538275599E-15,-8.32667256570639E-16));
#8712=DIRECTION('center_axis',(0.,-1.,0.));
#8713=DIRECTION('ref_axis',(-1.,0.,0.));
#8714=DIRECTION('center_axis',(0.,-0.707106781186547,0.707106781186548));
#8715=DIRECTION('ref_axis',(0.,-0.707106781186548,-0.707106781186547));
#8716=DIRECTION('center_axis',(0.,-0.707106781186547,-0.707106781186548));
#8717=DIRECTION('ref_axis',(0.,0.707106781186548,-0.707106781186547));
#8718=DIRECTION('center_axis',(0.,0.,1.));
#8719=DIRECTION('ref_axis',(1.61486985400023E-15,-1.,0.));
#8720=DIRECTION('',(0.,0.,-1.));
#8721=DIRECTION('',(0.,0.,-1.));
#8722=DIRECTION('',(0.,0.,1.));
#8723=DIRECTION('center_axis',(7.49400538275599E-15,-1.,0.));
#8724=DIRECTION('ref_axis',(1.,7.49400538275599E-15,0.));
#8725=DIRECTION('',(0.,0.,1.));
#8726=DIRECTION('center_axis',(7.49400538275599E-15,-1.,0.));
#8727=DIRECTION('ref_axis',(1.,7.49400538275599E-15,0.));
#8728=DIRECTION('',(0.,0.,1.));
#8729=DIRECTION('center_axis',(0.,0.,1.));
#8730=DIRECTION('ref_axis',(1.,-6.12323401477166E-17,0.));
#8731=DIRECTION('',(0.,0.,1.));
#8732=DIRECTION('',(0.,0.,1.));
#8733=DIRECTION('',(0.,0.,-1.));
#8734=DIRECTION('',(0.,0.,-1.));
#8735=DIRECTION('center_axis',(-5.55111512312578E-16,1.,0.));
#8736=DIRECTION('ref_axis',(-1.,-5.55111512312578E-16,0.));
#8737=DIRECTION('',(0.,0.,1.));
#8738=DIRECTION('center_axis',(8.32667256570639E-16,0.,-1.));
#8739=DIRECTION('ref_axis',(1.,0.,8.32667256570639E-16));
#8740=DIRECTION('',(-1.,0.,-8.32667256570639E-16));
#8741=DIRECTION('',(0.,-1.,0.));
#8742=DIRECTION('',(1.,1.94289028441823E-15,8.32667256570639E-16));
#8743=DIRECTION('',(0.,-1.,0.));
#8744=DIRECTION('center_axis',(0.,1.,0.));
#8745=DIRECTION('ref_axis',(-1.,0.,0.));
#8746=DIRECTION('',(0.,0.,1.));
#8747=DIRECTION('center_axis',(0.,-1.,0.));
#8748=DIRECTION('ref_axis',(-1.,0.,0.));
#8749=DIRECTION('center_axis',(0.,-1.,0.));
#8750=DIRECTION('ref_axis',(-1.,0.,0.));
#8751=DIRECTION('',(0.,-1.,0.));
#8752=DIRECTION('center_axis',(0.,0.707106781186548,-0.707106781186548));
#8753=DIRECTION('ref_axis',(0.,-0.707106781186547,-0.707106781186547));
#8754=DIRECTION('center_axis',(0.,0.707106781186548,0.707106781186548));
#8755=DIRECTION('ref_axis',(0.,0.707106781186547,-0.707106781186547));
#8756=DIRECTION('center_axis',(5.55111504380426E-16,0.,1.));
#8757=DIRECTION('ref_axis',(-1.,0.,5.55111504380426E-16));
#8758=DIRECTION('',(1.,0.,-5.55111504380426E-16));
#8759=DIRECTION('',(-1.,-1.94289028441823E-15,5.55111504380426E-16));
#8760=DIRECTION('',(0.,-1.,0.));
#8761=DIRECTION('center_axis',(0.,-1.,0.));
#8762=DIRECTION('ref_axis',(1.,0.,1.01064309961486E-15));
#8763=DIRECTION('center_axis',(0.,0.707106781186547,0.707106781186548));
#8764=DIRECTION('ref_axis',(0.,0.707106781186548,-0.707106781186547));
#8765=DIRECTION('center_axis',(0.,-1.,0.));
#8766=DIRECTION('ref_axis',(-1.,0.,0.));
#8767=DIRECTION('center_axis',(0.,0.707106781186547,-0.707106781186548));
#8768=DIRECTION('ref_axis',(0.,-0.707106781186548,-0.707106781186547));
#8769=DIRECTION('center_axis',(0.,1.,0.));
#8770=DIRECTION('ref_axis',(-1.,0.,0.));
#8771=DIRECTION('',(0.,0.,-1.));
#8772=DIRECTION('center_axis',(0.,0.,1.));
#8773=DIRECTION('ref_axis',(0.,1.,0.));
#8774=DIRECTION('',(0.,0.,1.));
#8775=DIRECTION('',(0.,0.,1.));
#8776=DIRECTION('',(0.,0.,1.));
#8777=DIRECTION('center_axis',(-1.94289028441823E-15,1.,0.));
#8778=DIRECTION('ref_axis',(-1.,-1.94289028441823E-15,0.));
#8779=DIRECTION('',(0.,0.,-1.));
#8780=DIRECTION('center_axis',(-1.94289028441823E-15,1.,0.));
#8781=DIRECTION('ref_axis',(-1.,-1.94289028441823E-15,0.));
#8782=DIRECTION('',(0.,0.,1.));
#8783=DIRECTION('center_axis',(0.,0.,1.));
#8784=DIRECTION('ref_axis',(0.,1.,0.));
#8785=DIRECTION('',(0.,0.,1.));
#8786=DIRECTION('',(0.,0.,1.));
#8787=DIRECTION('',(0.,0.,-1.));
#8788=DIRECTION('',(0.,0.,-1.));
#8789=DIRECTION('center_axis',(0.,-1.,0.));
#8790=DIRECTION('ref_axis',(1.,0.,0.));
#8791=DIRECTION('',(0.,0.,1.));
#8792=DIRECTION('center_axis',(0.,-1.,0.));
#8793=DIRECTION('ref_axis',(1.,0.,0.));
#8794=DIRECTION('',(0.,0.,1.));
#8795=DIRECTION('center_axis',(-0.999999999999982,-1.88161981817814E-7,
4.44089209850063E-17));
#8796=DIRECTION('ref_axis',(-1.88075377663459E-7,0.999539736163124,-0.030336707647948));
#8797=DIRECTION('',(-0.999999999999982,-1.88161981817814E-7,4.44089209850063E-17));
#8798=DIRECTION('',(-0.999999999999982,-1.88161981817814E-7,4.44089209850063E-17));
#8799=DIRECTION('',(-0.999999999999999,-2.22044604925031E-15,-3.84085990789984E-8));
#8800=DIRECTION('center_axis',(-1.88161981817814E-7,0.999999999999982,0.));
#8801=DIRECTION('ref_axis',(0.,0.,-1.));
#8802=DIRECTION('',(0.,0.,1.));
#8803=DIRECTION('',(-0.999999999999982,-1.88161981817814E-7,4.44089209850063E-17));
#8804=DIRECTION('',(0.,0.,-1.));
#8805=DIRECTION('',(-0.999999999999982,-1.88161981817814E-7,4.44089209850063E-17));
#8806=DIRECTION('center_axis',(-1.88161981817814E-7,0.999999999999982,0.));
#8807=DIRECTION('ref_axis',(0.,0.,-1.));
#8808=DIRECTION('',(0.,0.,1.));
#8809=DIRECTION('',(-0.999999999999982,-1.88161981817814E-7,4.44089209850063E-17));
#8810=DIRECTION('',(0.,0.,1.));
#8811=DIRECTION('center_axis',(-1.88161981817814E-7,0.999999999999982,0.));
#8812=DIRECTION('ref_axis',(0.,0.,-1.));
#8813=DIRECTION('',(0.,0.,-1.));
#8814=DIRECTION('',(0.,0.,1.));
#8815=DIRECTION('',(-0.999999999999982,-1.88161981817814E-7,4.44089209850063E-17));
#8816=DIRECTION('center_axis',(-0.999999999999982,-1.88161981817814E-7,
4.44089209850063E-17));
#8817=DIRECTION('ref_axis',(-1.87959813743923E-7,0.998925563634061,-0.0463434819401657));
#8818=DIRECTION('',(0.999999999999999,-2.22044604925031E-15,-3.84085999116656E-8));
#8819=DIRECTION('center_axis',(-0.999999999999982,-1.88161981817814E-7,
4.44089209850063E-17));
#8820=DIRECTION('ref_axis',(-1.87959813743923E-7,0.998925563634061,-0.0463434819401657));
#8821=DIRECTION('',(-0.999999999999982,-1.88161981817814E-7,4.44089209850063E-17));
#8822=DIRECTION('',(0.999999999999999,0.,-3.84095933899212E-8));
#8823=DIRECTION('center_axis',(-0.999999999999982,-1.88161981817814E-7,
4.44089209850063E-17));
#8824=DIRECTION('ref_axis',(-1.88075377663459E-7,0.999539736163124,-0.030336707647948));
#8825=DIRECTION('',(-0.999999999999999,2.22044603934454E-15,-3.84095931123655E-8));
#8826=DIRECTION('',(-0.999999999999982,-1.88161981817814E-7,4.44089209850063E-17));
#8827=DIRECTION('center_axis',(-1.88161981817814E-7,0.999999999999982,0.));
#8828=DIRECTION('ref_axis',(0.,0.,-1.));
#8829=DIRECTION('',(0.,0.,-1.));
#8830=DIRECTION('',(0.,0.,1.));
#8831=DIRECTION('center_axis',(0.,0.,1.));
#8832=DIRECTION('ref_axis',(-0.995859195463938,-0.0909090909090924,0.));
#8833=DIRECTION('',(0.,0.,-1.));
#8834=DIRECTION('center_axis',(0.,0.,1.));
#8835=DIRECTION('ref_axis',(1.,-3.56892654890602E-9,0.));
#8836=DIRECTION('',(0.,0.,1.));
#8837=DIRECTION('',(0.,0.,1.));
#8838=DIRECTION('',(0.,0.,-1.));
#8839=DIRECTION('',(0.,0.,-1.));
#8840=DIRECTION('center_axis',(0.,1.,0.));
#8841=DIRECTION('ref_axis',(-1.,0.,0.));
#8842=DIRECTION('',(0.,0.,1.));
#8843=DIRECTION('center_axis',(0.,-1.,0.));
#8844=DIRECTION('ref_axis',(1.,0.,0.));
#8845=DIRECTION('',(0.,0.,-1.));
#8846=DIRECTION('',(0.,0.,-1.));
#8847=DIRECTION('',(0.,0.,1.));
#8848=DIRECTION('center_axis',(0.,0.,1.));
#8849=DIRECTION('ref_axis',(0.,-1.,0.));
#8850=DIRECTION('center_axis',(0.,0.,1.));
#8851=DIRECTION('ref_axis',(-0.995859195463443,-0.0909090909145198,0.));
#8852=DIRECTION('',(0.,0.,1.));
#8853=DIRECTION('center_axis',(0.,0.,1.));
#8854=DIRECTION('ref_axis',(-0.995859195463443,-0.0909090909145198,0.));
#8855=DIRECTION('',(0.,0.,1.));
#8856=DIRECTION('center_axis',(0.,0.,1.));
#8857=DIRECTION('ref_axis',(0.,1.,0.));
#8858=DIRECTION('',(0.,0.,1.));
#8859=DIRECTION('',(0.,0.,-1.));
#8860=DIRECTION('',(0.,0.,1.));
#8861=DIRECTION('',(0.,0.,1.));
#8862=DIRECTION('center_axis',(0.,1.,0.));
#8863=DIRECTION('ref_axis',(-1.,0.,0.));
#8864=DIRECTION('',(0.,0.,-1.));
#8865=DIRECTION('center_axis',(0.,1.,0.));
#8866=DIRECTION('ref_axis',(-1.,0.,0.));
#8867=DIRECTION('',(0.,0.,1.));
#8868=DIRECTION('center_axis',(0.,0.,1.));
#8869=DIRECTION('ref_axis',(-1.,0.,0.));
#8870=DIRECTION('center_axis',(0.,0.,1.));
#8871=DIRECTION('ref_axis',(-1.,0.,0.));
#8872=DIRECTION('center_axis',(0.,0.,1.));
#8873=DIRECTION('ref_axis',(-1.,0.,0.));
#8874=DIRECTION('center_axis',(0.,0.,1.));
#8875=DIRECTION('ref_axis',(-1.,0.,0.));
#8876=DIRECTION('',(0.,0.,-1.));
#8877=DIRECTION('center_axis',(0.,0.,-1.));
#8878=DIRECTION('ref_axis',(-1.,0.,0.));
#8879=DIRECTION('center_axis',(0.,0.,1.));
#8880=DIRECTION('ref_axis',(-1.,0.,0.));
#8881=DIRECTION('center_axis',(0.,0.,1.));
#8882=DIRECTION('ref_axis',(-1.,0.,0.));
#8883=DIRECTION('center_axis',(0.,0.,1.));
#8884=DIRECTION('ref_axis',(-1.,0.,0.));
#8885=DIRECTION('',(0.,0.,-1.));
#8886=DIRECTION('center_axis',(0.,0.,-1.));
#8887=DIRECTION('ref_axis',(-1.,0.,0.));
#8888=DIRECTION('center_axis',(0.,0.,1.));
#8889=DIRECTION('ref_axis',(-1.,0.,0.));
#8890=DIRECTION('center_axis',(0.,0.,1.));
#8891=DIRECTION('ref_axis',(-1.,0.,0.));
#8892=DIRECTION('center_axis',(0.,0.,1.));
#8893=DIRECTION('ref_axis',(-1.,0.,0.));
#8894=DIRECTION('',(0.,0.,-1.));
#8895=DIRECTION('center_axis',(0.,0.,-1.));
#8896=DIRECTION('ref_axis',(-1.,0.,0.));
#8897=DIRECTION('center_axis',(0.,0.,1.));
#8898=DIRECTION('ref_axis',(-1.,0.,0.));
#8899=DIRECTION('center_axis',(0.,0.,1.));
#8900=DIRECTION('ref_axis',(-1.,0.,0.));
#8901=DIRECTION('center_axis',(0.,0.,1.));
#8902=DIRECTION('ref_axis',(-1.,0.,0.));
#8903=DIRECTION('',(0.,0.,-1.));
#8904=DIRECTION('center_axis',(0.,0.,-1.));
#8905=DIRECTION('ref_axis',(-1.,0.,0.));
#8906=DIRECTION('center_axis',(0.,0.,1.));
#8907=DIRECTION('ref_axis',(-1.,0.,0.));
#8908=DIRECTION('center_axis',(0.,0.,1.));
#8909=DIRECTION('ref_axis',(-1.,0.,0.));
#8910=DIRECTION('center_axis',(0.,0.,1.));
#8911=DIRECTION('ref_axis',(-1.,0.,0.));
#8912=DIRECTION('',(0.,0.,-1.));
#8913=DIRECTION('center_axis',(0.,0.,-1.));
#8914=DIRECTION('ref_axis',(-1.,0.,0.));
#8915=DIRECTION('center_axis',(0.,0.,1.));
#8916=DIRECTION('ref_axis',(-1.,0.,0.));
#8917=DIRECTION('center_axis',(0.,0.,1.));
#8918=DIRECTION('ref_axis',(-1.,0.,0.));
#8919=DIRECTION('center_axis',(0.,0.,1.));
#8920=DIRECTION('ref_axis',(-1.,0.,0.));
#8921=DIRECTION('',(0.,0.,-1.));
#8922=DIRECTION('center_axis',(0.,0.,-1.));
#8923=DIRECTION('ref_axis',(-1.,0.,0.));
#8924=DIRECTION('center_axis',(0.,0.,1.));
#8925=DIRECTION('ref_axis',(-1.,0.,0.));
#8926=DIRECTION('center_axis',(0.,0.,1.));
#8927=DIRECTION('ref_axis',(-1.,0.,0.));
#8928=DIRECTION('center_axis',(0.,0.,1.));
#8929=DIRECTION('ref_axis',(-1.,0.,0.));
#8930=DIRECTION('',(0.,0.,-1.));
#8931=DIRECTION('center_axis',(0.,0.,-1.));
#8932=DIRECTION('ref_axis',(-1.,0.,0.));
#8933=DIRECTION('center_axis',(0.,0.,1.));
#8934=DIRECTION('ref_axis',(-1.,0.,0.));
#8935=DIRECTION('center_axis',(0.,0.,1.));
#8936=DIRECTION('ref_axis',(-1.,0.,0.));
#8937=DIRECTION('center_axis',(0.,0.,1.));
#8938=DIRECTION('ref_axis',(-1.,0.,0.));
#8939=DIRECTION('',(0.,0.,-1.));
#8940=DIRECTION('center_axis',(0.,0.,-1.));
#8941=DIRECTION('ref_axis',(-1.,0.,0.));
#8942=DIRECTION('center_axis',(0.,0.,1.));
#8943=DIRECTION('ref_axis',(-1.,0.,0.));
#8944=DIRECTION('center_axis',(-2.1094237467878E-15,1.,0.));
#8945=DIRECTION('ref_axis',(-1.,-2.1094237467878E-15,0.));
#8946=DIRECTION('',(0.,0.,-1.));
#8947=DIRECTION('',(-1.,-2.1094237467878E-15,0.));
#8948=DIRECTION('center_axis',(0.,0.,1.));
#8949=DIRECTION('ref_axis',(-1.,0.,0.));
#8950=DIRECTION('center_axis',(0.,0.,-1.));
#8951=DIRECTION('ref_axis',(-1.,0.,0.));
#8952=DIRECTION('',(0.,0.,-1.));
#8953=DIRECTION('center_axis',(0.,0.,1.));
#8954=DIRECTION('ref_axis',(-1.,0.,0.));
#8955=DIRECTION('center_axis',(0.,0.,1.));
#8956=DIRECTION('ref_axis',(-1.,0.,0.));
#8957=DIRECTION('center_axis',(0.,0.,-1.));
#8958=DIRECTION('ref_axis',(-1.,0.,0.));
#8959=DIRECTION('',(0.,0.,-1.));
#8960=DIRECTION('center_axis',(0.,0.,1.));
#8961=DIRECTION('ref_axis',(-1.,0.,0.));
#8962=DIRECTION('center_axis',(0.,-1.,0.));
#8963=DIRECTION('ref_axis',(1.,0.,0.));
#8964=DIRECTION('',(0.,0.,-1.));
#8965=DIRECTION('',(1.,0.,0.));
#8966=DIRECTION('center_axis',(0.,0.,1.));
#8967=DIRECTION('ref_axis',(-1.,0.,0.));
#8968=DIRECTION('',(0.,1.,0.));
#8969=DIRECTION('',(-1.,0.,0.));
#8970=DIRECTION('',(-1.,0.,0.));
#8971=DIRECTION('',(-2.96059473233375E-16,-1.,0.));
#8972=DIRECTION('',(1.,2.1094237467878E-15,0.));
#8973=DIRECTION('',(1.,2.1094237467878E-15,0.));
#8974=DIRECTION('center_axis',(2.1094237467878E-15,-1.,0.));
#8975=DIRECTION('ref_axis',(1.,2.1094237467878E-15,0.));
#8976=DIRECTION('',(0.,0.,1.));
#8977=DIRECTION('',(0.,0.,1.));
#8978=DIRECTION('center_axis',(-1.,2.96059473233375E-16,0.));
#8979=DIRECTION('ref_axis',(-2.96059473233375E-16,-1.,0.));
#8980=DIRECTION('',(0.,0.,1.));
#8981=DIRECTION('center_axis',(0.,1.,0.));
#8982=DIRECTION('ref_axis',(-1.,0.,0.));
#8983=DIRECTION('',(0.,0.,1.));
#8984=DIRECTION('center_axis',(0.,0.,1.));
#8985=DIRECTION('ref_axis',(1.,0.,0.));
#8986=DIRECTION('center_axis',(0.,0.,1.));
#8987=DIRECTION('ref_axis',(1.,0.,0.));
#8988=DIRECTION('center_axis',(4.44089209850063E-16,1.,0.));
#8989=DIRECTION('ref_axis',(-1.,4.44089209850063E-16,0.));
#8990=DIRECTION('',(0.,0.,-1.));
#8991=DIRECTION('',(-1.,4.44089209850063E-16,0.));
#8992=DIRECTION('center_axis',(0.,0.,1.));
#8993=DIRECTION('ref_axis',(-1.,0.,0.));
#8994=DIRECTION('center_axis',(0.,0.,-1.));
#8995=DIRECTION('ref_axis',(-1.,0.,0.));
#8996=DIRECTION('',(0.,0.,-1.));
#8997=DIRECTION('center_axis',(0.,0.,1.));
#8998=DIRECTION('ref_axis',(-1.,0.,0.));
#8999=DIRECTION('center_axis',(0.,0.,1.));
#9000=DIRECTION('ref_axis',(-1.,0.,0.));
#9001=DIRECTION('center_axis',(0.,0.,-1.));
#9002=DIRECTION('ref_axis',(-1.,0.,0.));
#9003=DIRECTION('',(0.,0.,-1.));
#9004=DIRECTION('center_axis',(0.,0.,1.));
#9005=DIRECTION('ref_axis',(-1.,0.,0.));
#9006=DIRECTION('center_axis',(-4.44089209850063E-16,-1.,0.));
#9007=DIRECTION('ref_axis',(1.,-4.44089209850063E-16,0.));
#9008=DIRECTION('',(1.,-4.44089209850063E-16,0.));
#9009=DIRECTION('',(0.,0.,1.));
#9010=DIRECTION('center_axis',(0.,0.,1.));
#9011=DIRECTION('ref_axis',(-1.,0.,0.));
#9012=DIRECTION('',(0.,1.,0.));
#9013=DIRECTION('',(-1.,4.44089209850063E-16,0.));
#9014=DIRECTION('',(-1.,4.44089209850063E-16,0.));
#9015=DIRECTION('',(-1.48029736616688E-16,-1.,0.));
#9016=DIRECTION('',(1.,-4.44089209850063E-16,0.));
#9017=DIRECTION('',(1.,-4.44089209850063E-16,0.));
#9018=DIRECTION('center_axis',(-1.,1.48029736616688E-16,0.));
#9019=DIRECTION('ref_axis',(-1.48029736616688E-16,-1.,0.));
#9020=DIRECTION('',(0.,0.,1.));
#9021=DIRECTION('',(0.,0.,1.));
#9022=DIRECTION('center_axis',(4.44089209850063E-16,1.,0.));
#9023=DIRECTION('ref_axis',(-1.,4.44089209850063E-16,0.));
#9024=DIRECTION('center_axis',(4.44089209850063E-16,1.,0.));
#9025=DIRECTION('ref_axis',(-1.,4.44089209850063E-16,0.));
#9026=DIRECTION('',(0.,0.,1.));
#9027=DIRECTION('',(0.,0.,1.));
#9028=DIRECTION('center_axis',(0.,0.,1.));
#9029=DIRECTION('ref_axis',(1.,0.,0.));
#9030=DIRECTION('center_axis',(0.,0.,1.));
#9031=DIRECTION('ref_axis',(1.,0.,0.));
#9032=DIRECTION('center_axis',(0.,-1.,0.));
#9033=DIRECTION('ref_axis',(1.,0.,0.));
#9034=DIRECTION('',(0.,0.,-1.));
#9035=DIRECTION('',(1.,0.,0.));
#9036=DIRECTION('center_axis',(0.,0.,1.));
#9037=DIRECTION('ref_axis',(-1.,0.,0.));
#9038=DIRECTION('center_axis',(0.,0.,-1.));
#9039=DIRECTION('ref_axis',(-1.,0.,0.));
#9040=DIRECTION('',(0.,0.,-1.));
#9041=DIRECTION('center_axis',(0.,0.,1.));
#9042=DIRECTION('ref_axis',(-1.,0.,0.));
#9043=DIRECTION('center_axis',(0.,0.,1.));
#9044=DIRECTION('ref_axis',(-1.,0.,0.));
#9045=DIRECTION('center_axis',(0.,0.,-1.));
#9046=DIRECTION('ref_axis',(-1.,0.,0.));
#9047=DIRECTION('',(0.,0.,-1.));
#9048=DIRECTION('center_axis',(0.,0.,1.));
#9049=DIRECTION('ref_axis',(-1.,0.,0.));
#9050=DIRECTION('center_axis',(-1.2712053631958E-13,1.,0.));
#9051=DIRECTION('ref_axis',(-1.,-1.2712053631958E-13,0.));
#9052=DIRECTION('',(-1.,-1.2712053631958E-13,0.));
#9053=DIRECTION('',(0.,0.,-1.));
#9054=DIRECTION('center_axis',(0.,0.,1.));
#9055=DIRECTION('ref_axis',(-1.,0.,0.));
#9056=DIRECTION('',(0.,-1.,0.));
#9057=DIRECTION('',(1.,1.2712053631958E-13,0.));
#9058=DIRECTION('',(1.,1.2712053631958E-13,0.));
#9059=DIRECTION('',(2.96059473233375E-16,1.,0.));
#9060=DIRECTION('',(-1.,0.,0.));
#9061=DIRECTION('',(-1.,0.,0.));
#9062=DIRECTION('center_axis',(0.,1.,0.));
#9063=DIRECTION('ref_axis',(-1.,0.,0.));
#9064=DIRECTION('',(0.,0.,1.));
#9065=DIRECTION('',(0.,0.,1.));
#9066=DIRECTION('center_axis',(1.,-2.96059473233375E-16,0.));
#9067=DIRECTION('ref_axis',(2.96059473233375E-16,1.,0.));
#9068=DIRECTION('',(0.,0.,1.));
#9069=DIRECTION('center_axis',(1.2712053631958E-13,-1.,0.));
#9070=DIRECTION('ref_axis',(1.,1.2712053631958E-13,0.));
#9071=DIRECTION('center_axis',(0.,0.,1.));
#9072=DIRECTION('ref_axis',(1.,0.,0.));
#9073=DIRECTION('center_axis',(0.,0.,1.));
#9074=DIRECTION('ref_axis',(1.,0.,0.));
#9075=DIRECTION('center_axis',(-8.88178419700127E-16,-1.,0.));
#9076=DIRECTION('ref_axis',(1.,-8.88178419700127E-16,0.));
#9077=DIRECTION('',(0.,0.,-1.));
#9078=DIRECTION('',(1.,-8.88178419700127E-16,0.));
#9079=DIRECTION('center_axis',(0.,0.,1.));
#9080=DIRECTION('ref_axis',(-1.,0.,0.));
#9081=DIRECTION('center_axis',(0.,0.,-1.));
#9082=DIRECTION('ref_axis',(-1.,0.,0.));
#9083=DIRECTION('',(0.,0.,-1.));
#9084=DIRECTION('center_axis',(0.,0.,1.));
#9085=DIRECTION('ref_axis',(-1.,0.,0.));
#9086=DIRECTION('center_axis',(0.,0.,1.));
#9087=DIRECTION('ref_axis',(-1.,0.,0.));
#9088=DIRECTION('center_axis',(0.,0.,-1.));
#9089=DIRECTION('ref_axis',(-1.,0.,0.));
#9090=DIRECTION('',(0.,0.,-1.));
#9091=DIRECTION('center_axis',(0.,0.,1.));
#9092=DIRECTION('ref_axis',(-1.,0.,0.));
#9093=DIRECTION('center_axis',(-4.44089209850063E-16,1.,0.));
#9094=DIRECTION('ref_axis',(-1.,-4.44089209850063E-16,0.));
#9095=DIRECTION('',(-1.,-4.44089209850063E-16,0.));
#9096=DIRECTION('',(0.,0.,-1.));
#9097=DIRECTION('center_axis',(0.,0.,1.));
#9098=DIRECTION('ref_axis',(-1.,0.,0.));
#9099=DIRECTION('',(-1.1842378929335E-15,-1.,0.));
#9100=DIRECTION('',(1.,4.44089209850063E-16,0.));
#9101=DIRECTION('',(1.,4.44089209850063E-16,0.));
#9102=DIRECTION('',(-1.48029736616688E-16,1.,0.));
#9103=DIRECTION('',(-1.,8.88178419700127E-16,0.));
#9104=DIRECTION('',(-1.,8.88178419700127E-16,0.));
#9105=DIRECTION('center_axis',(8.88178419700127E-16,1.,0.));
#9106=DIRECTION('ref_axis',(-1.,8.88178419700127E-16,0.));
#9107=DIRECTION('',(0.,0.,1.));
#9108=DIRECTION('',(0.,0.,1.));
#9109=DIRECTION('center_axis',(1.,1.48029736616688E-16,0.));
#9110=DIRECTION('ref_axis',(-1.48029736616688E-16,1.,0.));
#9111=DIRECTION('',(0.,0.,1.));
#9112=DIRECTION('center_axis',(4.44089209850063E-16,-1.,0.));
#9113=DIRECTION('ref_axis',(1.,4.44089209850063E-16,0.));
#9114=DIRECTION('center_axis',(0.,0.,1.));
#9115=DIRECTION('ref_axis',(1.,0.,0.));
#9116=DIRECTION('center_axis',(0.,0.,1.));
#9117=DIRECTION('ref_axis',(1.,0.,0.));
#9118=DIRECTION('center_axis',(0.,0.,1.));
#9119=DIRECTION('ref_axis',(1.77635683940025E-15,-1.,0.));
#9120=DIRECTION('center_axis',(0.,0.,1.));
#9121=DIRECTION('ref_axis',(0.,-1.,0.));
#9122=DIRECTION('',(0.,0.,-1.));
#9123=DIRECTION('center_axis',(0.,-1.,0.));
#9124=DIRECTION('ref_axis',(1.,0.,0.));
#9125=DIRECTION('center_axis',(2.1094237467878E-15,-1.,0.));
#9126=DIRECTION('ref_axis',(1.,2.1094237467878E-15,0.));
#9127=DIRECTION('',(0.,0.,1.));
#9128=DIRECTION('center_axis',(1.,0.,0.));
#9129=DIRECTION('ref_axis',(0.,1.,0.));
#9130=DIRECTION('',(0.,0.,1.));
#9131=DIRECTION('center_axis',(0.,1.,0.));
#9132=DIRECTION('ref_axis',(-1.,0.,0.));
#9133=DIRECTION('center_axis',(0.,1.,0.));
#9134=DIRECTION('ref_axis',(-1.,0.,0.));
#9135=DIRECTION('',(0.,0.,1.));
#9136=DIRECTION('center_axis',(0.,0.,1.));
#9137=DIRECTION('ref_axis',(0.995859195439508,0.0909090911767083,0.));
#9138=DIRECTION('',(0.,0.,1.));
#9139=DIRECTION('center_axis',(0.,1.,0.));
#9140=DIRECTION('ref_axis',(-1.,0.,0.));
#9141=DIRECTION('',(0.,0.,1.));
#9142=DIRECTION('center_axis',(0.,0.,1.));
#9143=DIRECTION('ref_axis',(1.,0.,0.));
#9144=DIRECTION('',(0.,0.,1.));
#9145=DIRECTION('center_axis',(1.,-3.55271367859133E-16,0.));
#9146=DIRECTION('ref_axis',(3.55271367859133E-16,1.,0.));
#9147=DIRECTION('',(0.,0.,1.));
#9148=DIRECTION('center_axis',(0.,0.,1.));
#9149=DIRECTION('ref_axis',(0.,-1.,0.));
#9150=DIRECTION('',(0.,0.,1.));
#9151=DIRECTION('center_axis',(0.,-1.,0.));
#9152=DIRECTION('ref_axis',(1.,0.,0.));
#9153=DIRECTION('',(0.,0.,1.));
#9154=DIRECTION('center_axis',(0.,0.,1.));
#9155=DIRECTION('ref_axis',(8.07434927000114E-16,-1.,0.));
#9156=DIRECTION('center_axis',(0.,-1.,0.));
#9157=DIRECTION('ref_axis',(1.,0.,0.));
#9158=DIRECTION('',(0.,0.,-1.));
#9159=DIRECTION('center_axis',(0.,0.,1.));
#9160=DIRECTION('ref_axis',(-1.,0.,0.));
#9161=DIRECTION('',(0.,0.,-1.));
#9162=DIRECTION('center_axis',(-1.,0.,0.));
#9163=DIRECTION('ref_axis',(0.,-1.,0.));
#9164=DIRECTION('',(0.,0.,-1.));
#9165=DIRECTION('center_axis',(0.,0.,1.));
#9166=DIRECTION('ref_axis',(0.,1.,0.));
#9167=DIRECTION('center_axis',(0.,0.,1.));
#9168=DIRECTION('ref_axis',(1.77635683940025E-15,1.,0.));
#9169=DIRECTION('',(0.,0.,-1.));
#9170=DIRECTION('center_axis',(-5.55111512312578E-16,1.,0.));
#9171=DIRECTION('ref_axis',(-1.,-5.55111512312578E-16,0.));
#9172=DIRECTION('center_axis',(8.88178419700127E-16,1.,0.));
#9173=DIRECTION('ref_axis',(-1.,8.88178419700127E-16,0.));
#9174=DIRECTION('',(0.,0.,1.));
#9175=DIRECTION('center_axis',(-1.,1.1842378929335E-15,0.));
#9176=DIRECTION('ref_axis',(-1.1842378929335E-15,-1.,0.));
#9177=DIRECTION('',(0.,0.,1.));
#9178=DIRECTION('center_axis',(4.44089209850063E-16,-1.,0.));
#9179=DIRECTION('ref_axis',(1.,4.44089209850063E-16,0.));
#9180=DIRECTION('',(0.,0.,1.));
#9181=DIRECTION('center_axis',(0.,0.,1.));
#9182=DIRECTION('ref_axis',(-7.14464754025812E-9,-1.,0.));
#9183=DIRECTION('',(0.,0.,-1.));
#9184=DIRECTION('center_axis',(0.,1.,0.));
#9185=DIRECTION('ref_axis',(-1.,0.,0.));
#9186=DIRECTION('',(0.,0.,1.));
#9187=DIRECTION('center_axis',(0.,0.,1.));
#9188=DIRECTION('ref_axis',(1.,-1.61486985400023E-15,0.));
#9189=DIRECTION('',(0.,0.,1.));
#9190=DIRECTION('center_axis',(1.,-1.06581410362454E-15,0.));
#9191=DIRECTION('ref_axis',(1.06581410362454E-15,1.,0.));
#9192=DIRECTION('',(0.,0.,1.));
#9193=DIRECTION('center_axis',(0.,0.,1.));
#9194=DIRECTION('ref_axis',(0.,-1.,0.));
#9195=DIRECTION('',(0.,0.,-1.));
#9196=DIRECTION('center_axis',(0.,-1.,0.));
#9197=DIRECTION('ref_axis',(1.,0.,0.));
#9198=DIRECTION('center_axis',(0.,0.,1.));
#9199=DIRECTION('ref_axis',(-0.995859195568189,-0.0909090897670794,0.));
#9200=DIRECTION('',(0.,0.,1.));
#9201=DIRECTION('center_axis',(0.,-1.,0.));
#9202=DIRECTION('ref_axis',(1.,0.,0.));
#9203=DIRECTION('',(0.,0.,1.));
#9204=DIRECTION('center_axis',(0.,0.,1.));
#9205=DIRECTION('ref_axis',(-1.,0.,0.));
#9206=DIRECTION('',(0.,0.,1.));
#9207=DIRECTION('center_axis',(-1.,-1.77635683980904E-16,0.));
#9208=DIRECTION('ref_axis',(1.77635683980904E-16,-1.,0.));
#9209=DIRECTION('',(0.,0.,-1.));
#9210=DIRECTION('center_axis',(0.,0.,1.));
#9211=DIRECTION('ref_axis',(0.,1.,0.));
#9212=DIRECTION('center_axis',(0.,0.,1.));
#9213=DIRECTION('ref_axis',(0.,1.,0.));
#9214=DIRECTION('',(0.,0.,-1.));
#9215=DIRECTION('center_axis',(0.,1.,0.));
#9216=DIRECTION('ref_axis',(-1.,0.,0.));
#9217=DIRECTION('center_axis',(0.,1.,0.));
#9218=DIRECTION('ref_axis',(-1.,0.,0.));
#9219=DIRECTION('',(0.,0.,1.));
#9220=DIRECTION('center_axis',(-1.,0.,0.));
#9221=DIRECTION('ref_axis',(0.,-1.,0.));
#9222=DIRECTION('',(0.,0.,1.));
#9223=DIRECTION('center_axis',(1.2712053631958E-13,-1.,0.));
#9224=DIRECTION('ref_axis',(1.,1.2712053631958E-13,0.));
#9225=DIRECTION('',(0.,0.,1.));
#9226=DIRECTION('center_axis',(0.,0.,1.));
#9227=DIRECTION('ref_axis',(-7.14464754025812E-9,-1.,0.));
#9228=DIRECTION('center_axis',(6.92231176725518E-12,1.,0.));
#9229=DIRECTION('ref_axis',(-1.,6.92231176725518E-12,0.));
#9230=DIRECTION('',(0.,0.,1.));
#9231=DIRECTION('center_axis',(0.,0.,1.));
#9232=DIRECTION('ref_axis',(0.995859195358952,0.0909090920591584,0.));
#9233=DIRECTION('',(0.,0.,-1.));
#9234=DIRECTION('center_axis',(0.,1.,0.));
#9235=DIRECTION('ref_axis',(-1.,0.,0.));
#9236=DIRECTION('',(0.,0.,-1.));
#9237=DIRECTION('center_axis',(0.,0.,1.));
#9238=DIRECTION('ref_axis',(1.,0.,0.));
#9239=DIRECTION('',(0.,0.,-1.));
#9240=DIRECTION('center_axis',(1.,0.,0.));
#9241=DIRECTION('ref_axis',(0.,1.,0.));
#9242=DIRECTION('',(0.,0.,-1.));
#9243=DIRECTION('center_axis',(0.,0.,1.));
#9244=DIRECTION('ref_axis',(0.,-1.,0.));
#9245=DIRECTION('center_axis',(0.,0.,1.));
#9246=DIRECTION('ref_axis',(0.,-1.,0.));
#9247=DIRECTION('center_axis',(-3.89989394441359E-13,-1.,0.));
#9248=DIRECTION('ref_axis',(1.,-3.89989394441359E-13,0.));
#9249=DIRECTION('',(0.,0.,1.));
#9250=DIRECTION('center_axis',(0.,0.,1.));
#9251=DIRECTION('ref_axis',(-1.,0.,0.));
#9252=DIRECTION('',(0.,0.,1.));
#9253=DIRECTION('center_axis',(-1.,8.88178419702037E-17,0.));
#9254=DIRECTION('ref_axis',(-8.88178419702037E-17,-1.,0.));
#9255=DIRECTION('',(0.,0.,1.));
#9256=DIRECTION('center_axis',(0.,0.,1.));
#9257=DIRECTION('ref_axis',(6.92213962917215E-12,1.,0.));
#9258=DIRECTION('center_axis',(0.,0.,1.));
#9259=DIRECTION('ref_axis',(7.14464931661496E-9,1.,0.));
#9260=DIRECTION('center_axis',(-4.44089209850063E-16,-1.,0.));
#9261=DIRECTION('ref_axis',(1.,-4.44089209850063E-16,0.));
#9262=DIRECTION('center_axis',(0.,0.,1.));
#9263=DIRECTION('ref_axis',(-1.,6.12323401477166E-17,0.));
#9264=DIRECTION('',(0.,0.,1.));
#9265=DIRECTION('',(0.,0.,1.));
#9266=DIRECTION('center_axis',(-4.44089209850063E-16,-1.,0.));
#9267=DIRECTION('ref_axis',(1.,-4.44089209850063E-16,0.));
#9268=DIRECTION('',(0.,0.,1.));
#9269=DIRECTION('center_axis',(1.,0.,0.));
#9270=DIRECTION('ref_axis',(0.,1.,0.));
#9271=DIRECTION('center_axis',(0.,0.,1.));
#9272=DIRECTION('ref_axis',(-0.995859195463938,-0.090909090909091,0.));
#9273=DIRECTION('',(0.,0.,-1.));
#9274=DIRECTION('center_axis',(0.,-1.,0.));
#9275=DIRECTION('ref_axis',(1.,0.,0.));
#9276=DIRECTION('',(0.,0.,-1.));
#9277=DIRECTION('center_axis',(0.,0.,1.));
#9278=DIRECTION('ref_axis',(-1.,0.,0.));
#9279=DIRECTION('',(0.,0.,1.));
#9280=DIRECTION('center_axis',(-1.,0.,0.));
#9281=DIRECTION('ref_axis',(0.,-1.,0.));
#9282=DIRECTION('',(0.,0.,1.));
#9283=DIRECTION('center_axis',(0.,0.,1.));
#9284=DIRECTION('ref_axis',(0.,1.,0.));
#9285=DIRECTION('',(0.,0.,1.));
#9286=DIRECTION('center_axis',(0.,1.,0.));
#9287=DIRECTION('ref_axis',(-1.,0.,0.));
#9288=DIRECTION('center_axis',(0.,0.,1.));
#9289=DIRECTION('ref_axis',(0.995859195463938,0.0909090909090906,0.));
#9290=DIRECTION('',(0.,0.,1.));
#9291=DIRECTION('center_axis',(0.,1.,0.));
#9292=DIRECTION('ref_axis',(-1.,0.,0.));
#9293=DIRECTION('',(0.,0.,1.));
#9294=DIRECTION('center_axis',(0.,0.,1.));
#9295=DIRECTION('ref_axis',(1.,0.,0.));
#9296=DIRECTION('',(0.,0.,-1.));
#9297=DIRECTION('center_axis',(1.,-3.55271367891772E-16,0.));
#9298=DIRECTION('ref_axis',(3.55271367891772E-16,1.,0.));
#9299=DIRECTION('',(0.,0.,1.));
#9300=DIRECTION('center_axis',(0.,0.,1.));
#9301=DIRECTION('ref_axis',(0.,-1.,0.));
#9302=DIRECTION('',(0.,0.,1.));
#9303=DIRECTION('center_axis',(0.,-1.,0.));
#9304=DIRECTION('ref_axis',(1.,0.,0.));
#9305=DIRECTION('center_axis',(0.,0.,1.));
#9306=DIRECTION('ref_axis',(1.,0.,0.));
#9307=DIRECTION('',(0.,0.,-1.));
#9308=DIRECTION('center_axis',(0.,0.,1.));
#9309=DIRECTION('ref_axis',(1.,0.,0.));
#9310=DIRECTION('',(0.,0.,-1.));
#9311=DIRECTION('center_axis',(0.,0.,1.));
#9312=DIRECTION('ref_axis',(1.,0.,0.));
#9313=DIRECTION('',(0.,0.,-1.));
#9314=DIRECTION('center_axis',(0.,0.,1.));
#9315=DIRECTION('ref_axis',(1.,0.,0.));
#9316=DIRECTION('',(0.,0.,-1.));
#9317=CARTESIAN_POINT('',(0.,0.,0.));
#9318=CARTESIAN_POINT('Origin',(0.,0.,2.));
#9319=CARTESIAN_POINT('',(24.5097972654028,-0.000480971225952919,2.87038486456693));
#9320=CARTESIAN_POINT('',(24.5115618860891,0.000640562863338422,2.12961513543307));
#9321=CARTESIAN_POINT('',(24.511,3.00173176939008E-15,2.));
#9322=CARTESIAN_POINT('',(-22.5065985319688,-9.70782480734933,2.));
#9323=CARTESIAN_POINT('Ctrl Pts',(-22.5065985319689,-9.70782480734934,1.99999999999998));
#9324=CARTESIAN_POINT('Ctrl Pts',(-22.1403625431552,-10.559212331458,2.01203670469638));
#9325=CARTESIAN_POINT('Ctrl Pts',(-19.93346902432,-14.9820078638871,2.07613722419563));
#9326=CARTESIAN_POINT('Ctrl Pts',(-13.5424666005448,-21.6264545251472,2.19230155849774));
#9327=CARTESIAN_POINT('Ctrl Pts',(-1.75353047017665,-25.4561353129531,2.34849300290631));
#9328=CARTESIAN_POINT('Ctrl Pts',(10.4492314551465,-23.2789646410298,2.50468444731487));
#9329=CARTESIAN_POINT('Ctrl Pts',(20.1861307494424,-15.6081292904134,2.66087589172344));
#9330=CARTESIAN_POINT('Ctrl Pts',(24.067559049926,-6.74685947254209,2.78277603080744));
#9331=CARTESIAN_POINT('Ctrl Pts',(24.5107978322405,-1.36919578031707,2.8526123550886));
#9332=CARTESIAN_POINT('Ctrl Pts',(24.5097972654028,-0.000480971225953614,
2.8703848645669));
#9333=CARTESIAN_POINT('',(22.5068370390122,-9.70728630974434,2.));
#9334=CARTESIAN_POINT('Origin',(0.,0.,2.));
#9335=CARTESIAN_POINT('Ctrl Pts',(24.5115618860891,0.000640562863338422,
2.12961513543307));
#9336=CARTESIAN_POINT('Ctrl Pts',(24.5079262573784,-3.32539153127712,2.08641009028871));
#9337=CARTESIAN_POINT('Ctrl Pts',(23.8244327576684,-6.65237362077495,2.04320504514436));
#9338=CARTESIAN_POINT('Ctrl Pts',(22.5068370390123,-9.70728630974409,2.));
#9339=CARTESIAN_POINT('Origin',(0.,0.,2.));
#9340=CARTESIAN_POINT('',(24.5119985569528,-0.000484362960915529,4.87038486456693));
#9341=CARTESIAN_POINT('',(24.5095937231255,0.000423189243765658,4.12961513543307));
#9342=CARTESIAN_POINT('',(24.511,3.00173176939008E-15,2.));
#9343=CARTESIAN_POINT('Ctrl Pts',(24.5097972654028,-0.000480971225953614,
2.8703848645669));
#9344=CARTESIAN_POINT('Ctrl Pts',(24.5078667140099,2.64039636115515,2.90467616989146));
#9345=CARTESIAN_POINT('Ctrl Pts',(23.4361262182537,9.29240054883897,2.99103129001887));
#9346=CARTESIAN_POINT('Ctrl Pts',(17.5218226359344,18.5493934653258,3.12945022494912));
#9347=CARTESIAN_POINT('Ctrl Pts',(6.71327137397518,24.6176044414287,3.28564166935769));
#9348=CARTESIAN_POINT('Ctrl Pts',(-5.67950460135803,24.8764459960433,3.44183311376625));
#9349=CARTESIAN_POINT('Ctrl Pts',(-16.7320081709394,19.2648462391485,3.59802455817482));
#9350=CARTESIAN_POINT('Ctrl Pts',(-23.8360243083216,9.10704788391257,3.75421600258338));
#9351=CARTESIAN_POINT('Ctrl Pts',(-25.3151185394599,-3.19986773019328,3.91040744699194));
#9352=CARTESIAN_POINT('Ctrl Pts',(-20.8202481178789,-14.7516660238279,4.06659889140051));
#9353=CARTESIAN_POINT('Ctrl Pts',(-11.4121308840357,-22.822305929674,4.22279033580907));
#9354=CARTESIAN_POINT('Ctrl Pts',(0.689067414648992,-25.5072453913961,4.37898178021763));
#9355=CARTESIAN_POINT('Ctrl Pts',(12.6276567790678,-22.1728812854195,4.5351732246262));
#9356=CARTESIAN_POINT('Ctrl Pts',(21.5863203428104,-13.6060705112541,4.69136466903475));
#9357=CARTESIAN_POINT('Ctrl Pts',(24.3510277658469,-5.18051822989443,4.80310188234833));
#9358=CARTESIAN_POINT('Ctrl Pts',(24.5125251773565,-0.586369602017007,4.86277528085905));
#9359=CARTESIAN_POINT('Ctrl Pts',(24.5119985569529,-0.000484362960915599,
4.87038486456691));
#9360=CARTESIAN_POINT('Ctrl Pts',(24.5095937231255,0.000423189243765658,
4.12961513543307));
#9361=CARTESIAN_POINT('Ctrl Pts',(24.5079647068502,-2.54431014745862,4.09657301605915));
#9362=CARTESIAN_POINT('Ctrl Pts',(24.1133310775644,-5.08953728060313,4.06353089668524));
#9363=CARTESIAN_POINT('Ctrl Pts',(23.3339204333079,-7.51090922335782,4.03048877731133));
#9364=CARTESIAN_POINT('Ctrl Pts',(22.1058184771731,-11.3262171631971,3.97842496250847));
#9365=CARTESIAN_POINT('Ctrl Pts',(19.922404368985,-14.8340213700411,3.92636114770561));
#9366=CARTESIAN_POINT('Ctrl Pts',(17.0413040838482,-17.6204296371198,3.87429733290276));
#9367=CARTESIAN_POINT('Ctrl Pts',(14.1602037987113,-20.4068379041986,3.82223351809991));
#9368=CARTESIAN_POINT('Ctrl Pts',(10.5814173366256,-22.4718502315121,3.77016970329706));
#9369=CARTESIAN_POINT('Ctrl Pts',(6.72721200293135,-23.5718101595551,3.7181058884942));
#9370=CARTESIAN_POINT('Ctrl Pts',(2.87300666923712,-24.671770087598,3.66604207369135));
#9371=CARTESIAN_POINT('Ctrl Pts',(-1.25661753606569,-24.8066776163704,3.61397825888849));
#9372=CARTESIAN_POINT('Ctrl Pts',(-5.17439592636615,-23.9606175789445,3.56191444408563));
#9373=CARTESIAN_POINT('Ctrl Pts',(-9.09217431666666,-23.1145575415186,3.50985062928278));
#9374=CARTESIAN_POINT('Ctrl Pts',(-12.7981068919648,-21.2875299378944,3.45778681447993));
#9375=CARTESIAN_POINT('Ctrl Pts',(-15.8549269040394,-18.6951039039593,3.40572299967707));
#9376=CARTESIAN_POINT('Ctrl Pts',(-18.911746916114,-16.1026778700243,3.35365918487422));
#9377=CARTESIAN_POINT('Ctrl Pts',(-21.3194543649649,-12.7448534057784,3.30159537007136));
#9378=CARTESIAN_POINT('Ctrl Pts',(-22.7939515768453,-9.01783793157647,3.24953155526851));
#9379=CARTESIAN_POINT('Ctrl Pts',(-24.2684487887258,-5.29082245737454,3.19746774046565));
#9380=CARTESIAN_POINT('Ctrl Pts',(-24.8097357636356,-1.19461597321659,3.1454039256628));
#9381=CARTESIAN_POINT('Ctrl Pts',(-24.3539593730427,2.78748306981233,3.09334011085994));
#9382=CARTESIAN_POINT('Ctrl Pts',(-23.8981829824498,6.76958211284125,3.04127629605709));
#9383=CARTESIAN_POINT('Ctrl Pts',(-22.4453432263542,10.6375737147411,2.98921248125423));
#9384=CARTESIAN_POINT('Ctrl Pts',(-20.166835420353,13.935024067758,2.93714866645138));
#9385=CARTESIAN_POINT('Ctrl Pts',(-17.8883276143517,17.2324744207748,2.88508485164852));
#9386=CARTESIAN_POINT('Ctrl Pts',(-14.7841517584448,19.9593835249087,2.83302103684567));
#9387=CARTESIAN_POINT('Ctrl Pts',(-11.2206310305584,21.7940792097731,2.78095722204282));
#9388=CARTESIAN_POINT('Ctrl Pts',(-7.65711030267189,23.6287748946375,2.72889340723996));
#9389=CARTESIAN_POINT('Ctrl Pts',(-3.63424470280583,24.5712571602325,2.67682959243711));
#9390=CARTESIAN_POINT('Ctrl Pts',(0.373407669475915,24.5101613481309,2.62476577763425));
#9391=CARTESIAN_POINT('Ctrl Pts',(4.38106004175765,24.4490655360292,2.5727019628314));
#9392=CARTESIAN_POINT('Ctrl Pts',(8.37349918645507,23.384391646231,2.52063814802854));
#9393=CARTESIAN_POINT('Ctrl Pts',(11.879436383485,21.4420755727581,2.46857433322569));
#9394=CARTESIAN_POINT('Ctrl Pts',(15.3853735805149,19.4997594992852,2.41651051842283));
#9395=CARTESIAN_POINT('Ctrl Pts',(18.4048088298773,16.6798012421376,2.36444670361998));
#9396=CARTESIAN_POINT('Ctrl Pts',(20.581905277516,13.3143061152637,2.31238288881712));
#9397=CARTESIAN_POINT('Ctrl Pts',(22.7590017251547,9.9488109883898,2.26031907401427));
#9398=CARTESIAN_POINT('Ctrl Pts',(24.0937593710697,6.03777899178963,2.20825525921141));
#9399=CARTESIAN_POINT('Ctrl Pts',(24.4276571406458,2.0440777912452,2.15619144440856));
#9400=CARTESIAN_POINT('Ctrl Pts',(24.4844705616631,1.36454097369821,2.14733267475006));
#9401=CARTESIAN_POINT('Ctrl Pts',(24.512307336006,0.682610737881414,2.13847390509157));
#9402=CARTESIAN_POINT('Ctrl Pts',(24.5115618860891,0.000640562863338422,
2.12961513543307));
#9403=CARTESIAN_POINT('Origin',(0.,0.,2.));
#9404=CARTESIAN_POINT('',(24.5128333158498,0.000191180527844281,6.87038486456693));
#9405=CARTESIAN_POINT('',(24.5091553549082,-0.000207440753752846,6.12961513543307));
#9406=CARTESIAN_POINT('',(24.511,3.00173176939008E-15,2.));
#9407=CARTESIAN_POINT('Ctrl Pts',(24.5119985569529,-0.000484362960915599,
4.87038486456691));
#9408=CARTESIAN_POINT('Ctrl Pts',(24.5089221067789,3.42218352690632,4.9148390956619));
#9409=CARTESIAN_POINT('Ctrl Pts',(22.9372533437397,10.8561422627487,5.01135714155974));
#9410=CARTESIAN_POINT('Ctrl Pts',(15.6675001234337,20.1401047784058,5.15993900226046));
#9411=CARTESIAN_POINT('Ctrl Pts',(4.32814786994125,25.1467993308237,5.31613044666902));
#9412=CARTESIAN_POINT('Ctrl Pts',(-8.03257832019453,24.2192499082691,5.47232189107758));
#9413=CARTESIAN_POINT('Ctrl Pts',(-18.4977440104411,17.5763433940033,5.62851333548615));
#9414=CARTESIAN_POINT('Ctrl Pts',(-24.5977368402622,6.78569988432823,5.7847047798947));
#9415=CARTESIAN_POINT('Ctrl Pts',(-24.893055693466,-5.60626068110812,5.94089622430328));
#9416=CARTESIAN_POINT('Ctrl Pts',(-19.3140100260471,-16.6752330507201,6.09708766871183));
#9417=CARTESIAN_POINT('Ctrl Pts',(-9.17716572413308,-23.8091161082137,6.25327911312041));
#9418=CARTESIAN_POINT('Ctrl Pts',(3.12534346816573,-25.3244271166841,6.40947055752896));
#9419=CARTESIAN_POINT('Ctrl Pts',(14.6903213983234,-20.863576821734,6.56566200193753));
#9420=CARTESIAN_POINT('Ctrl Pts',(22.6562305186094,-11.6326651675382,6.71930010428351));
#9421=CARTESIAN_POINT('Ctrl Pts',(24.5112104827533,-3.81139571720319,6.82087439182663));
#9422=CARTESIAN_POINT('Ctrl Pts',(24.5128333158498,0.000191180527844073,
6.8703848645669));
#9423=CARTESIAN_POINT('Ctrl Pts',(24.5091553549082,-0.000207440753752846,
6.12961513543307));
#9424=CARTESIAN_POINT('Ctrl Pts',(24.5096948460636,-1.76233505165759,6.1067359418296));
#9425=CARTESIAN_POINT('Ctrl Pts',(24.3221476299409,-3.52434950605077,6.08385674822613));
#9426=CARTESIAN_POINT('Ctrl Pts',(23.9452845684081,-5.24489683668852,6.06097755462266));
#9427=CARTESIAN_POINT('Ctrl Pts',(23.0876962730451,-9.16016846445637,6.00891373981981));
#9428=CARTESIAN_POINT('Ctrl Pts',(21.2497661983631,-12.8607092343946,5.95684992501695));
#9429=CARTESIAN_POINT('Ctrl Pts',(18.6483554511492,-15.9098848160335,5.90478611021409));
#9430=CARTESIAN_POINT('Ctrl Pts',(16.0469447039352,-18.9590603976724,5.85272229541124));
#9431=CARTESIAN_POINT('Ctrl Pts',(12.6820532841893,-21.3568707910119,5.80065848060839));
#9432=CARTESIAN_POINT('Ctrl Pts',(8.95071157306208,-22.820393472128,5.74859466580553));
#9433=CARTESIAN_POINT('Ctrl Pts',(5.21936986193482,-24.283916153244,5.69653085100268));
#9434=CARTESIAN_POINT('Ctrl Pts',(1.12157785942619,-24.8131511221366,5.64446703619982));
#9435=CARTESIAN_POINT('Ctrl Pts',(-2.85915762370621,-24.3456528681817,5.59240322139696));
#9436=CARTESIAN_POINT('Ctrl Pts',(-6.83989310683858,-23.8781546142267,5.54033940659411));
#9437=CARTESIAN_POINT('Ctrl Pts',(-10.7035720705947,-22.4139231374242,5.48827559179125));
#9438=CARTESIAN_POINT('Ctrl Pts',(-13.9943111767855,-20.1257260880902,5.4362117769884));
#9439=CARTESIAN_POINT('Ctrl Pts',(-17.2850502829762,-17.8375290387562,5.38414796218555));
#9440=CARTESIAN_POINT('Ctrl Pts',(-20.0028495316016,-14.7253664168907,5.33208414738269));
#9441=CARTESIAN_POINT('Ctrl Pts',(-21.827030263987,-11.1564486169246,5.28002033257984));
#9442=CARTESIAN_POINT('Ctrl Pts',(-23.6512109963724,-7.58753081695853,5.22795651777698));
#9443=CARTESIAN_POINT('Ctrl Pts',(-24.581773212518,-3.56185783889188,5.17589270297413));
#9444=CARTESIAN_POINT('Ctrl Pts',(-24.5089179819177,0.445572973062215,5.12382888817127));
#9445=CARTESIAN_POINT('Ctrl Pts',(-24.4360627513174,4.45300378501634,5.07176507336842));
#9446=CARTESIAN_POINT('Ctrl Pts',(-23.3597900739713,8.44219243085782,5.01970125856556));
#9447=CARTESIAN_POINT('Ctrl Pts',(-21.4070915562548,11.9424464372208,4.96763744376271));
#9448=CARTESIAN_POINT('Ctrl Pts',(-19.4543930385383,15.4427004435839,4.91557362895986));
#9449=CARTESIAN_POINT('Ctrl Pts',(-16.6252686804514,18.4540198104683,4.863509814157));
#9450=CARTESIAN_POINT('Ctrl Pts',(-13.2535326088881,20.6210928290541,4.81144599935415));
#9451=CARTESIAN_POINT('Ctrl Pts',(-9.88179653732482,22.7881658476398,4.75938218455129));
#9452=CARTESIAN_POINT('Ctrl Pts',(-5.96744875228508,24.1109925179269,4.70731836974844));
#9453=CARTESIAN_POINT('Ctrl Pts',(-1.97235112625108,24.4334898572232,4.65525455494558));
#9454=CARTESIAN_POINT('Ctrl Pts',(2.0227464997829,24.7559871965194,4.60319074014273));
#9455=CARTESIAN_POINT('Ctrl Pts',(6.09859396681117,24.078155204825,4.55112692533987));
#9456=CARTESIAN_POINT('Ctrl Pts',(9.77427377864483,22.4799726062468,4.49906311053701));
#9457=CARTESIAN_POINT('Ctrl Pts',(13.4499535904785,20.8817900076687,4.44699929573416));
#9458=CARTESIAN_POINT('Ctrl Pts',(16.7254657471176,18.3632568022068,4.39493548093131));
#9459=CARTESIAN_POINT('Ctrl Pts',(19.2143258410786,15.2215399437101,4.34287166612845));
#9460=CARTESIAN_POINT('Ctrl Pts',(21.7031859350397,12.0798230852134,4.2908078513256));
#9461=CARTESIAN_POINT('Ctrl Pts',(23.4053939663228,8.31492257368195,4.23874403652275));
#9462=CARTESIAN_POINT('Ctrl Pts',(24.1201030799235,4.37106648149896,4.18668022171989));
#9463=CARTESIAN_POINT('Ctrl Pts',(24.3812245350201,2.93016497082122,4.16765852629095));
#9464=CARTESIAN_POINT('Ctrl Pts',(24.5105315156166,1.4653759040155,4.14863683086201));
#9465=CARTESIAN_POINT('Ctrl Pts',(24.5095937231255,0.000423189243765658,
4.12961513543307));
#9466=CARTESIAN_POINT('Origin',(0.,0.,2.));
#9467=CARTESIAN_POINT('',(24.5108372996761,0.000585950154426972,8.87038486456693));
#9468=CARTESIAN_POINT('',(24.5108373525587,-0.00058595015617037,8.12961513543307));
#9469=CARTESIAN_POINT('',(24.511,3.00173176939008E-15,2.));
#9470=CARTESIAN_POINT('Ctrl Pts',(24.5128333158498,0.000191180527844073,
6.8703848645669));
#9471=CARTESIAN_POINT('Ctrl Pts',(24.5129170082037,0.196761413299079,6.87293820662949));
#9472=CARTESIAN_POINT('Ctrl Pts',(24.4633600844171,4.40144647590073,6.92755536349493));
#9473=CARTESIAN_POINT('Ctrl Pts',(22.2099524945387,12.562340178992,7.03423633516323));
#9474=CARTESIAN_POINT('Ctrl Pts',(13.6695470372736,21.5461798093801,7.19042777957178));
#9475=CARTESIAN_POINT('Ctrl Pts',(1.90334627718933,25.4454643017472,7.34661922398036));
#9476=CARTESIAN_POINT('Ctrl Pts',(-10.3120138781444,23.3400246435031,7.5028106683889));
#9477=CARTESIAN_POINT('Ctrl Pts',(-20.0939030603712,15.7267110478568,7.65900211279749));
#9478=CARTESIAN_POINT('Ctrl Pts',(-25.1339512781021,4.40214421985108,7.81519355720603));
#9479=CARTESIAN_POINT('Ctrl Pts',(-24.2427874554406,-7.96125850432638,7.97138500161461));
#9480=CARTESIAN_POINT('Ctrl Pts',(-17.630712055551,-18.4459310688462,8.12757644602316));
#9481=CARTESIAN_POINT('Ctrl Pts',(-6.85806952208534,-24.5776578016014,8.28376789043173));
#9482=CARTESIAN_POINT('Ctrl Pts',(5.5329681484267,-24.9094488909505,8.4399593348403));
#9483=CARTESIAN_POINT('Ctrl Pts',(16.6183134931305,-19.3630069262605,8.59615077924885));
#9484=CARTESIAN_POINT('Ctrl Pts',(23.1987726526403,-10.0707781514965,8.7396259558244));
#9485=CARTESIAN_POINT('Ctrl Pts',(24.5079136812572,-3.02931689306101,8.83103731759708));
#9486=CARTESIAN_POINT('Ctrl Pts',(24.5108372996761,0.000585950154426002,
8.87038486456691));
#9487=CARTESIAN_POINT('Ctrl Pts',(24.5108373525587,-0.00058595015617037,
8.12961513543307));
#9488=CARTESIAN_POINT('Ctrl Pts',(24.511782202182,-0.979784378333816,8.11689886760004));
#9489=CARTESIAN_POINT('Ctrl Pts',(24.454176788237,-1.9588723395408,8.10418259976702));
#9490=CARTESIAN_POINT('Ctrl Pts',(24.3371319948571,-2.93080230569998,8.09146633193399));
#9491=CARTESIAN_POINT('Ctrl Pts',(23.8579191844486,-6.91014454855797,8.03940251713113));
#9492=CARTESIAN_POINT('Ctrl Pts',(22.3823220038353,-10.7694970732283,7.98733870232827));
#9493=CARTESIAN_POINT('Ctrl Pts',(20.0844491649263,-14.0534870274848,7.93527488752542));
#9494=CARTESIAN_POINT('Ctrl Pts',(17.7865763260172,-17.3374769817413,7.88321107272257));
#9495=CARTESIAN_POINT('Ctrl Pts',(14.6664278288122,-20.0461043655841,7.83114725791972));
#9496=CARTESIAN_POINT('Ctrl Pts',(11.0921563391947,-21.859772726107,7.77908344311686));
#9497=CARTESIAN_POINT('Ctrl Pts',(7.51788484957733,-23.67344108663,7.72701962831401));
#9498=CARTESIAN_POINT('Ctrl Pts',(3.48949036754756,-24.5921504238331,7.67495581351115));
#9499=CARTESIAN_POINT('Ctrl Pts',(-0.517708650379636,-24.507500354861,7.62289199870829));
#9500=CARTESIAN_POINT('Ctrl Pts',(-4.5249076683068,-24.4228502858889,7.57082818390544));
#9501=CARTESIAN_POINT('Ctrl Pts',(-8.51091122213137,-23.3348408107414,7.51876436910259));
#9502=CARTESIAN_POINT('Ctrl Pts',(-12.0054026471574,-21.3718483798154,7.46670055429973));
#9503=CARTESIAN_POINT('Ctrl Pts',(-15.4998940721835,-19.4088559488893,7.41463673949688));
#9504=CARTESIAN_POINT('Ctrl Pts',(-18.5028733684112,-16.5708805621845,7.36257292469402));
#9505=CARTESIAN_POINT('Ctrl Pts',(-20.660012902239,-13.192780706489,7.31050910989117));
#9506=CARTESIAN_POINT('Ctrl Pts',(-22.8171524360669,-9.81468085079347,7.25844529508831));
#9507=CARTESIAN_POINT('Ctrl Pts',(-24.1284522074949,-5.89645652610722,7.20638148028546));
#9508=CARTESIAN_POINT('Ctrl Pts',(-24.4391892900167,-1.90042698805315,7.1543176654826));
#9509=CARTESIAN_POINT('Ctrl Pts',(-24.7499263725384,2.09560255000093,7.10225385067975));
#9510=CARTESIAN_POINT('Ctrl Pts',(-24.0601007661539,6.16943730142283,7.05019003587689));
#9511=CARTESIAN_POINT('Ctrl Pts',(-22.4511063968927,9.84039721990983,6.99812622107404));
#9512=CARTESIAN_POINT('Ctrl Pts',(-20.8421120276314,13.5113571383969,6.94606240627119));
#9513=CARTESIAN_POINT('Ctrl Pts',(-18.3139488954934,16.779442223949,6.89399859146833));
#9514=CARTESIAN_POINT('Ctrl Pts',(-15.1649201093605,19.2590444718027,6.84193477666548));
#9515=CARTESIAN_POINT('Ctrl Pts',(-12.0158913232277,21.7386467196563,6.78987096186263));
#9516=CARTESIAN_POINT('Ctrl Pts',(-8.24599688310001,23.4297661298115,6.73780714705976));
#9517=CARTESIAN_POINT('Ctrl Pts',(-4.30005429989608,24.1328640842356,6.68574333225691));
#9518=CARTESIAN_POINT('Ctrl Pts',(-0.354111716692143,24.8359620386597,6.63367951745405));
#9519=CARTESIAN_POINT('Ctrl Pts',(3.76787900958807,24.5510385373527,6.5816157026512));
#9520=CARTESIAN_POINT('Ctrl Pts',(7.57955581124045,23.3117122836228,6.52955188784835));
#9521=CARTESIAN_POINT('Ctrl Pts',(11.3912326128928,22.0723860298928,6.4774880730455));
#9522=CARTESIAN_POINT('Ctrl Pts',(14.8925954899174,19.8786570237399,6.42542425824264));
#9523=CARTESIAN_POINT('Ctrl Pts',(17.6705115165826,16.9893678114447,6.37336044343979));
#9524=CARTESIAN_POINT('Ctrl Pts',(20.4484275432477,14.1000785991494,6.32129662863693));
#9525=CARTESIAN_POINT('Ctrl Pts',(22.5028967195535,10.5152291807118,6.26923281383407));
#9526=CARTESIAN_POINT('Ctrl Pts',(23.5915080496843,6.65780322869431,6.21716899903122));
#9527=CARTESIAN_POINT('Ctrl Pts',(24.2017343541442,4.49550460266011,6.18798437783183));
#9528=CARTESIAN_POINT('Ctrl Pts',(24.5084671818335,2.24755651983487,6.15879975663245));
#9529=CARTESIAN_POINT('Ctrl Pts',(24.5091553549082,-0.000207440753752846,
6.12961513543307));
#9530=CARTESIAN_POINT('Origin',(0.,0.,2.));
#9531=CARTESIAN_POINT('',(24.5091553020291,0.00020744075260537,10.8703848645669));
#9532=CARTESIAN_POINT('',(24.5128333687367,-0.000191180528649739,10.1296151354331));
#9533=CARTESIAN_POINT('',(24.511,3.00173176939008E-15,2.));
#9534=CARTESIAN_POINT('Ctrl Pts',(24.5108372996761,0.000585950154426002,
8.87038486456691));
#9535=CARTESIAN_POINT('Ctrl Pts',(24.5117821492975,0.97978437621955,8.88310113239993));
#9536=CARTESIAN_POINT('Ctrl Pts',(24.2183247043472,5.96752132315774,8.94788121503582));
#9537=CARTESIAN_POINT('Ctrl Pts',(20.9067247781156,14.6288495663365,9.06472511247456));
#9538=CARTESIAN_POINT('Ctrl Pts',(11.5462793066962,22.754731700333,9.22091655688311));
#9539=CARTESIAN_POINT('Ctrl Pts',(-0.53890411331938,25.5108597059962,9.37710800129168));
#9540=CARTESIAN_POINT('Ctrl Pts',(-12.4969147489934,22.2468312875963,9.53329944570023));
#9541=CARTESIAN_POINT('Ctrl Pts',(-21.5058526182395,13.7329051458509,9.68949089010882));
#9542=CARTESIAN_POINT('Ctrl Pts',(-25.4397519240363,1.97823219715302,9.84568233451736));
#9543=CARTESIAN_POINT('Ctrl Pts',(-23.3702751093477,-10.2432720307447,10.0018737789259));
#9544=CARTESIAN_POINT('Ctrl Pts',(-15.7857857292974,-20.0475272662481,10.1580652233345));
#9545=CARTESIAN_POINT('Ctrl Pts',(-4.47610243331534,-25.1208854857681,10.3142566677431));
#9546=CARTESIAN_POINT('Ctrl Pts',(7.88986971884559,-24.2661149836912,10.4704481121516));
#9547=CARTESIAN_POINT('Ctrl Pts',(18.3939583272564,-17.6849279794318,10.6266395565602));
#9548=CARTESIAN_POINT('Ctrl Pts',(23.6545392230132,-8.50572462009645,10.7599518073653));
#9549=CARTESIAN_POINT('Ctrl Pts',(24.5084671289559,-2.24755651498625,10.8412002433675));
#9550=CARTESIAN_POINT('Ctrl Pts',(24.5091553020292,0.000207440752607591,
10.8703848645669));
#9551=CARTESIAN_POINT('Ctrl Pts',(24.5128333687367,-0.000191180528649739,
10.1296151354331));
#9552=CARTESIAN_POINT('Ctrl Pts',(24.5129170610907,-0.196761413723872,10.1270617933705));
#9553=CARTESIAN_POINT('Ctrl Pts',(24.5106002839912,-0.393329669370442,10.1245084513079));
#9554=CARTESIAN_POINT('Ctrl Pts',(24.5058704160689,-0.589839843541468,10.1219551092453));
#9555=CARTESIAN_POINT('Ctrl Pts',(24.4094262415285,-4.59677235166414,10.0698912944425));
#9556=CARTESIAN_POINT('Ctrl Pts',(23.3096893919927,-8.5795562788798,10.0178274796396));
#9557=CARTESIAN_POINT('Ctrl Pts',(21.3364200546097,-12.0682548507828,9.96576366483676));
#9558=CARTESIAN_POINT('Ctrl Pts',(19.3631507172266,-15.5569534226858,9.9136998500339));
#9559=CARTESIAN_POINT('Ctrl Pts',(16.5163488919962,-18.5515666392761,9.86163603523105));
#9560=CARTESIAN_POINT('Ctrl Pts',(13.1319145151359,-20.6987539977012,9.80957222042819));
#9561=CARTESIAN_POINT('Ctrl Pts',(9.7474801382757,-22.8459413561263,9.75750840562534));
#9562=CARTESIAN_POINT('Ctrl Pts',(5.8254132097857,-24.1457028563862,9.70544459082248));
#9563=CARTESIAN_POINT('Ctrl Pts',(1.82848638192595,-24.4446769960518,9.65338077601962));
#9564=CARTESIAN_POINT('Ctrl Pts',(-2.1684404459338,-24.7436511357173,9.60131696121677));
#9565=CARTESIAN_POINT('Ctrl Pts',(-6.24022717316329,-24.0418379147884,9.54925314641392));
#9566=CARTESIAN_POINT('Ctrl Pts',(-9.90643540399993,-22.422045702312,9.49718933161107));
#9567=CARTESIAN_POINT('Ctrl Pts',(-13.5726436348366,-20.8022534898355,9.44512551680821));
#9568=CARTESIAN_POINT('Ctrl Pts',(-16.8332733692804,-18.2644822858115,9.39306170200535));
#9569=CARTESIAN_POINT('Ctrl Pts',(-19.3035962746031,-15.1081688750596,9.34099788720249));
#9570=CARTESIAN_POINT('Ctrl Pts',(-21.7739191799258,-11.9518554643078,9.28893407239964));
#9571=CARTESIAN_POINT('Ctrl Pts',(-23.4539352561274,-8.17699984682815,9.23687025759679));
#9572=CARTESIAN_POINT('Ctrl Pts',(-24.1454159901308,-4.22900491294639,9.18480644279394));
#9573=CARTESIAN_POINT('Ctrl Pts',(-24.8368967241343,-0.28100997906463,9.13274262799109));
#9574=CARTESIAN_POINT('Ctrl Pts',(-24.5398421159395,3.84012427121922,9.08067881318823));
#9575=CARTESIAN_POINT('Ctrl Pts',(-23.2893022428162,7.64813682755129,9.02861499838537));
#9576=CARTESIAN_POINT('Ctrl Pts',(-22.038762369693,11.4561493838833,8.97655118358251));
#9577=CARTESIAN_POINT('Ctrl Pts',(-19.8347372316411,14.9510402462636,8.92448736877966));
#9578=CARTESIAN_POINT('Ctrl Pts',(-16.9372842364973,17.7204401351177,8.87242355397681));
#9579=CARTESIAN_POINT('Ctrl Pts',(-14.0398312413534,20.4898400239719,8.82035973917395));
#9580=CARTESIAN_POINT('Ctrl Pts',(-10.4489503891175,22.5337489393,8.76829592437109));
#9581=CARTESIAN_POINT('Ctrl Pts',(-6.5883370134585,23.6110019119749,8.71623210956824));
#9582=CARTESIAN_POINT('Ctrl Pts',(-2.72772363779954,24.6882548846498,8.66416829476539));
#9583=CARTESIAN_POINT('Ctrl Pts',(1.40262226128241,24.7988519146714,8.61210447996254));
#9584=CARTESIAN_POINT('Ctrl Pts',(5.31535277226015,23.9297434335727,8.56004066515968));
#9585=CARTESIAN_POINT('Ctrl Pts',(9.2280832832379,23.0606349524741,8.50797685035683));
#9586=CARTESIAN_POINT('Ctrl Pts',(12.9231984061114,21.2118209602552,8.45591303555397));
#9587=CARTESIAN_POINT('Ctrl Pts',(15.9647039936629,18.601446779348,8.40384922075111));
#9588=CARTESIAN_POINT('Ctrl Pts',(19.0062095812143,15.9910725984407,8.35178540594826));
#9589=CARTESIAN_POINT('Ctrl Pts',(21.3941056334437,12.619138228845,8.29972159114541));
#9590=CARTESIAN_POINT('Ctrl Pts',(22.8466394394565,8.88350506352431,8.24765777634255));
#9591=CARTESIAN_POINT('Ctrl Pts',(23.9444007612837,6.06027741508767,8.20831022937273));
#9592=CARTESIAN_POINT('Ctrl Pts',(24.5079137341335,3.02931689959642,8.1689626824029));
#9593=CARTESIAN_POINT('Ctrl Pts',(24.5108373525587,-0.00058595015617037,
8.12961513543307));
#9594=CARTESIAN_POINT('Origin',(0.,0.,2.));
#9595=CARTESIAN_POINT('',(24.5095936704095,-0.000423189085506647,12.8703848645669));
#9596=CARTESIAN_POINT('',(24.5119986098389,0.0004843629672209,12.1296151354331));
#9597=CARTESIAN_POINT('',(24.511,3.00173176939008E-15,2.));
#9598=CARTESIAN_POINT('Ctrl Pts',(24.5091553020292,0.000207440752607591,
10.8703848645669));
#9599=CARTESIAN_POINT('Ctrl Pts',(24.5096947931834,1.76233504785469,10.8932640581704));
#9600=CARTESIAN_POINT('Ctrl Pts',(23.8953657740868,7.53398356271889,10.9682070665767));
#9601=CARTESIAN_POINT('Ctrl Pts',(19.4118360818009,16.5612499686027,11.0952138897859));
#9602=CARTESIAN_POINT('Ctrl Pts',(9.31716184433993,23.7546811330982,11.2514053341945));
#9603=CARTESIAN_POINT('Ctrl Pts',(-2.97621413665763,25.3423860363565,11.407596778603));
#9604=CARTESIAN_POINT('Ctrl Pts',(-14.5672510029279,20.9496916154153,11.5637882230116));
#9605=CARTESIAN_POINT('Ctrl Pts',(-22.7206487311947,11.6132037699834,11.7199796674201));
#9606=CARTESIAN_POINT('Ctrl Pts',(-25.5123353736428,-0.463815138199486,
11.8761711118287));
#9607=CARTESIAN_POINT('Ctrl Pts',(-22.2835173485058,-12.4313810498305,12.0323625562373));
#9608=CARTESIAN_POINT('Ctrl Pts',(-13.7961442926792,-21.4653391311295,12.1885540006458));
#9609=CARTESIAN_POINT('Ctrl Pts',(-2.05310096266628,-25.4338191331756,12.3447454450544));
#9610=CARTESIAN_POINT('Ctrl Pts',(10.1744414116066,-23.4003231629476,12.5009368894629));
#9611=CARTESIAN_POINT('Ctrl Pts',(20.0009778611297,-15.8447235620014,12.6571283338715));
#9612=CARTESIAN_POINT('Ctrl Pts',(24.0273015256692,-6.93940309118942,12.7802776589062));
#9613=CARTESIAN_POINT('Ctrl Pts',(24.5105314627275,-1.46537590087298,12.851363169138));
#9614=CARTESIAN_POINT('Ctrl Pts',(24.5095936704095,-0.000423189085506648,
12.8703848645669));
#9615=CARTESIAN_POINT('Ctrl Pts',(24.5119986098389,0.0004843629672209,12.1296151354331));
#9616=CARTESIAN_POINT('Ctrl Pts',(24.5089221596583,-3.42218353428383,12.0851609043381));
#9617=CARTESIAN_POINT('Ctrl Pts',(23.7850437812903,-6.84611236783278,12.0407066732431));
#9618=CARTESIAN_POINT('Ctrl Pts',(22.3927907620626,-9.97238776683015,11.9962524421481));
#9619=CARTESIAN_POINT('Ctrl Pts',(20.7622147388963,-13.6338125488337,11.9441886273452));
#9620=CARTESIAN_POINT('Ctrl Pts',(18.2148574480668,-16.8869586853436,11.8921248125424));
#9621=CARTESIAN_POINT('Ctrl Pts',(15.0512867563256,-19.3479808474698,11.8400609977395));
#9622=CARTESIAN_POINT('Ctrl Pts',(11.8877160645844,-21.809003009596,11.7879971829367));
#9623=CARTESIAN_POINT('Ctrl Pts',(8.10793197193152,-23.4779011973385,11.7359333681338));
#9624=CARTESIAN_POINT('Ctrl Pts',(4.15791888947115,-24.1577587204498,11.683869553331));
#9625=CARTESIAN_POINT('Ctrl Pts',(0.20790580701078,-24.837616243561,11.6318057385281));
#9626=CARTESIAN_POINT('Ctrl Pts',(-3.91233626525707,-24.528433102041,11.5797419237253));
#9627=CARTESIAN_POINT('Ctrl Pts',(-7.71665158686193,-23.2666904431817,11.5276781089224));
#9628=CARTESIAN_POINT('Ctrl Pts',(-11.5209669084668,-22.0049477843223,11.4756142941195));
#9629=CARTESIAN_POINT('Ctrl Pts',(-15.0093554794087,-19.7906456081237,11.4235504793167));
#9630=CARTESIAN_POINT('Ctrl Pts',(-17.7702152387099,-16.8850539311982,11.3714866645138));
#9631=CARTESIAN_POINT('Ctrl Pts',(-20.5310749980111,-13.9794622542727,11.319422849711));
#9632=CARTESIAN_POINT('Ctrl Pts',(-22.5644059456717,-10.3825810766203,11.2673590349081));
#9633=CARTESIAN_POINT('Ctrl Pts',(-23.6302912284754,-6.51881372243216,11.2152952201053));
#9634=CARTESIAN_POINT('Ctrl Pts',(-24.6961765112792,-2.65504636824404,11.1632314053024));
#9635=CARTESIAN_POINT('Ctrl Pts',(-24.7946161292262,1.47560716247979,11.1111675904996));
#9636=CARTESIAN_POINT('Ctrl Pts',(-23.9139949916237,5.38576266009067,11.0591037756967));
#9637=CARTESIAN_POINT('Ctrl Pts',(-23.0333738540212,9.29591815770154,11.0070399608938));
#9638=CARTESIAN_POINT('Ctrl Pts',(-21.1736919608693,12.9855756221995,10.954976146091));
#9639=CARTESIAN_POINT('Ctrl Pts',(-18.5543769603292,16.0193848665959,10.9029123312881));
#9640=CARTESIAN_POINT('Ctrl Pts',(-15.9350619597892,19.0531941109923,10.8508485164853));
#9641=CARTESIAN_POINT('Ctrl Pts',(-12.5561138518611,21.4311551352873,10.7987847016824));
#9642=CARTESIAN_POINT('Ctrl Pts',(-8.81622159475671,22.8726874827247,10.7467208868796));
#9643=CARTESIAN_POINT('Ctrl Pts',(-5.07632933765236,24.3142198301621,10.6946570720767));
#9644=CARTESIAN_POINT('Ctrl Pts',(-0.975492931371803,24.819323500742,10.6425932572739));
#9645=CARTESIAN_POINT('Ctrl Pts',(3.00242159762002,24.3284002852696,10.590529442471));
#9646=CARTESIAN_POINT('Ctrl Pts',(6.98033612661184,23.8374770697971,10.5384656276682));
#9647=CARTESIAN_POINT('Ctrl Pts',(10.8353287783149,22.3505269682723,10.4864018128653));
#9648=CARTESIAN_POINT('Ctrl Pts',(14.1125411307801,20.0429982468254,10.4343379980624));
#9649=CARTESIAN_POINT('Ctrl Pts',(17.3897534832452,17.7354695253785,10.3822741832596));
#9650=CARTESIAN_POINT('Ctrl Pts',(20.0891855364724,14.6073621840095,10.3302103684567));
#9651=CARTESIAN_POINT('Ctrl Pts',(21.8923258133134,11.0277679688102,10.2781465536539));
#9652=CARTESIAN_POINT('Ctrl Pts',(23.6070354991379,7.62372616964598,10.2286360809136));
#9653=CARTESIAN_POINT('Ctrl Pts',(24.5112105356367,3.81139572542605,10.1791256081733));
#9654=CARTESIAN_POINT('Ctrl Pts',(24.5128333687367,-0.000191180528649739,
10.1296151354331));
#9655=CARTESIAN_POINT('Origin',(0.,0.,2.));
#9656=CARTESIAN_POINT('',(24.5115630999695,-0.000639966314422423,14.8703848645669));
#9657=CARTESIAN_POINT('',(24.5097973137639,0.000480957390257253,14.1296151354331));
#9658=CARTESIAN_POINT('',(24.511,3.00173176939008E-15,2.));
#9659=CARTESIAN_POINT('Ctrl Pts',(24.5095936704095,-0.000423189085506648,
12.8703848645669));
#9660=CARTESIAN_POINT('Ctrl Pts',(24.5079646544348,2.54431014243273,12.9034269839408));
#9661=CARTESIAN_POINT('Ctrl Pts',(23.4915146137686,9.10000137897153,12.9885329181176));
#9662=CARTESIAN_POINT('Ctrl Pts',(17.7389902191258,18.3418255339175,13.1257026670972));
#9663=CARTESIAN_POINT('Ctrl Pts',(7.00263086573298,24.5368625120158,13.2818941115058));
#9664=CARTESIAN_POINT('Ctrl Pts',(-5.38624174139249,24.9415850803412,13.4380855559144));
#9665=CARTESIAN_POINT('Ctrl Pts',(-16.504039410205,19.4605023118293,13.5942770003229));
#9666=CARTESIAN_POINT('Ctrl Pts',(-23.7271618019856,9.38702888686143,13.7504684447315));
#9667=CARTESIAN_POINT('Ctrl Pts',(-25.3510226119276,-2.90159044480428,13.90665988914));
#9668=CARTESIAN_POINT('Ctrl Pts',(-20.9925035557525,-14.5055653879212,14.0628513335486));
#9669=CARTESIAN_POINT('Ctrl Pts',(-11.6799756407817,-22.6862924077947,14.2190427779571));
#9670=CARTESIAN_POINT('Ctrl Pts',(0.388620470511923,-25.5137396530777,14.3752342223657));
#9671=CARTESIAN_POINT('Ctrl Pts',(12.3659390698314,-22.3197172578601,14.5314256667743));
#9672=CARTESIAN_POINT('Ctrl Pts',(21.4242426342079,-13.8598436741219,14.6876171111828));
#9673=CARTESIAN_POINT('Ctrl Pts',(24.3208727654078,-5.37230776620922,14.8006035104471));
#9674=CARTESIAN_POINT('Ctrl Pts',(24.5123086113654,-0.682610110841914,14.8615260949084));
#9675=CARTESIAN_POINT('Ctrl Pts',(24.5115630999696,-0.000639966314422494,
14.8703848645669));
#9676=CARTESIAN_POINT('Ctrl Pts',(24.5097973137639,0.000480957390257253,
14.1296151354331));
#9677=CARTESIAN_POINT('Ctrl Pts',(24.5078667638309,-2.64039637546988,14.0953238301085));
#9678=CARTESIAN_POINT('Ctrl Pts',(24.0822824990473,-5.28188313033378,14.061032524784));
#9679=CARTESIAN_POINT('Ctrl Pts',(23.2438769977251,-7.78510110575921,14.0267412194594));
#9680=CARTESIAN_POINT('Ctrl Pts',(21.9709424057811,-11.5856877515649,13.9746774046566));
#9681=CARTESIAN_POINT('Ctrl Pts',(19.7463825376233,-15.0675406361712,13.9226135898537));
#9682=CARTESIAN_POINT('Ctrl Pts',(16.8326773904129,-17.8198355726841,13.8705497750509));
#9683=CARTESIAN_POINT('Ctrl Pts',(13.9189722432025,-20.5721305091971,13.818485960248));
#9684=CARTESIAN_POINT('Ctrl Pts',(10.3161218169393,-22.5948674976165,13.7664221454451));
#9685=CARTESIAN_POINT('Ctrl Pts',(6.4492339362346,-23.6493762532167,13.7143583306423));
#9686=CARTESIAN_POINT('Ctrl Pts',(2.58234605553007,-24.7038850088168,13.6622945158394));
#9687=CARTESIAN_POINT('Ctrl Pts',(-1.54857927961609,-24.7901655315978,13.6102307010366));
#9688=CARTESIAN_POINT('Ctrl Pts',(-5.45612587913581,-23.8980391636196,13.5581668862337));
#9689=CARTESIAN_POINT('Ctrl Pts',(-9.36367247865559,-23.0059127956414,13.5061030714309));
#9690=CARTESIAN_POINT('Ctrl Pts',(-13.0478403425489,-21.135379536904,13.454039256628));
#9691=CARTESIAN_POINT('Ctrl Pts',(-16.0739269667648,-18.5071465119984,13.4019754418252));
#9692=CARTESIAN_POINT('Ctrl Pts',(-19.1000135909807,-15.8789134870929,13.3499116270223));
#9693=CARTESIAN_POINT('Ctrl Pts',(-21.4680189755192,-12.4929806960192,13.2978478122194));
#9694=CARTESIAN_POINT('Ctrl Pts',(-22.8985373734317,-8.74886169335023,13.2457839974166));
#9695=CARTESIAN_POINT('Ctrl Pts',(-24.3290557713442,-5.00474269068127,13.1937201826137));
#9696=CARTESIAN_POINT('Ctrl Pts',(-24.8220871826307,-0.902437476417066,
13.1416563678109));
#9697=CARTESIAN_POINT('Ctrl Pts',(-24.3194578164348,3.07401485028215,13.089592553008));
#9698=CARTESIAN_POINT('Ctrl Pts',(-23.8168284502388,7.05046717698136,13.0375287382052));
#9699=CARTESIAN_POINT('Ctrl Pts',(-22.3185383065605,10.9010666161156,12.9854649234023));
#9700=CARTESIAN_POINT('Ctrl Pts',(-20.0013736923433,14.171472989663,12.9334011085995));
#9701=CARTESIAN_POINT('Ctrl Pts',(-17.6842090781262,17.4418793632104,12.8813372937966));
#9702=CARTESIAN_POINT('Ctrl Pts',(-14.5481699933703,20.132092671171,12.8292734789938));
#9703=CARTESIAN_POINT('Ctrl Pts',(-10.9632840635377,21.9246892363479,12.7772096641909));
#9704=CARTESIAN_POINT('Ctrl Pts',(-7.37839813370511,23.7172858015248,12.725145849388));
#9705=CARTESIAN_POINT('Ctrl Pts',(-3.34466535879588,24.612265623918,12.6730820345852));
#9706=CARTESIAN_POINT('Ctrl Pts',(0.661965927027145,24.5040281829495,12.6210182197823));
#9707=CARTESIAN_POINT('Ctrl Pts',(4.66859721285017,24.395790741981,12.5689544049795));
#9708=CARTESIAN_POINT('Ctrl Pts',(8.64812700958699,23.2843360376508,12.5168905901766));
#9709=CARTESIAN_POINT('Ctrl Pts',(12.1310025051309,21.3008068866949,12.4648267753738));
#9710=CARTESIAN_POINT('Ctrl Pts',(15.6138780006749,19.3172777357391,12.4127629605709));
#9711=CARTESIAN_POINT('Ctrl Pts',(18.600099195026,16.4616741381575,12.3606991457681));
#9712=CARTESIAN_POINT('Ctrl Pts',(20.7373157766779,13.0709345609653,12.3086353309652));
#9713=CARTESIAN_POINT('Ctrl Pts',(22.8745323583298,9.68019498377311,12.2565715161624));
#9714=CARTESIAN_POINT('Ctrl Pts',(24.1627443272824,5.75431942697035,12.2045077013595));
#9715=CARTESIAN_POINT('Ctrl Pts',(24.4499529340071,1.75652993482038,12.1524438865567));
#9716=CARTESIAN_POINT('Ctrl Pts',(24.4919309938701,1.17221789579449,12.1448343028488));
#9717=CARTESIAN_POINT('Ctrl Pts',(24.5125252302436,0.586369603287428,12.1372247191409));
#9718=CARTESIAN_POINT('Ctrl Pts',(24.5119986098389,0.0004843629672209,12.1296151354331));
#9719=CARTESIAN_POINT('Origin',(0.,0.,-1.69715091629658));
#9720=CARTESIAN_POINT('',(23.7605866474883,-0.000410256533914315,13.3028490837034));
#9721=CARTESIAN_POINT('',(23.760784067553,0.00046625945328449,13.6971509162966));
#9722=CARTESIAN_POINT('',(23.76195,9.75130853362112E-14,-1.69715091629658));
#9723=CARTESIAN_POINT('',(13.7938325990078,-19.3483897499625,15.));
#9724=CARTESIAN_POINT('Ctrl Pts',(23.7605866474883,-0.000410256533914244,
13.3028490837034));
#9725=CARTESIAN_POINT('Ctrl Pts',(23.7590074138324,2.46655666390482,13.3358912030773));
#9726=CARTESIAN_POINT('Ctrl Pts',(22.7736198309592,8.82190762380356,13.4209971372541));
#9727=CARTESIAN_POINT('Ctrl Pts',(17.1968911361166,17.7813039551903,13.5581668862337));
#9728=CARTESIAN_POINT('Ctrl Pts',(6.78863222634748,23.7870221601483,13.7143583306423));
#9729=CARTESIAN_POINT('Ctrl Pts',(-5.22163954742283,24.1793765084987,13.8705497750509));
#9730=CARTESIAN_POINT('Ctrl Pts',(-15.9996801135539,18.8657942519102,14.0267412194594));
#9731=CARTESIAN_POINT('Ctrl Pts',(-23.002065700326,9.10016364318698,14.182932663868));
#9732=CARTESIAN_POINT('Ctrl Pts',(-24.576301732018,-2.81291857002638,14.3391241082765));
#9733=CARTESIAN_POINT('Ctrl Pts',(-20.3509779228352,-14.0622789551432,14.4953155526851));
#9734=CARTESIAN_POINT('Ctrl Pts',(-11.323038520561,-21.9930050132347,14.6515069970937));
#9735=CARTESIAN_POINT('Ctrl Pts',(0.376744326599524,-24.7340461812839,14.8076984415022));
#9736=CARTESIAN_POINT('Ctrl Pts',(9.01241787758539,-22.4311488766063,14.9238627758043));
#9737=CARTESIAN_POINT('Ctrl Pts',(13.0627401599255,-19.8706871389837,14.9879632953036));
#9738=CARTESIAN_POINT('Ctrl Pts',(13.7938325990078,-19.3483897499625,15.));
#9739=CARTESIAN_POINT('',(-13.794300704326,-19.3480628456994,15.));
#9740=CARTESIAN_POINT('Origin',(0.,0.,15.));
#9741=CARTESIAN_POINT('Ctrl Pts',(23.760784067553,0.000466259453284351,
13.6971509162966));
#9742=CARTESIAN_POINT('Ctrl Pts',(23.7617540565861,1.32735348819897,13.7149234257749));
#9743=CARTESIAN_POINT('Ctrl Pts',(23.3320605387585,6.54067713789472,13.784759750056));
#9744=CARTESIAN_POINT('Ctrl Pts',(19.5692477386497,15.1311489002736,13.90665988914));
#9745=CARTESIAN_POINT('Ctrl Pts',(10.129905532805,22.5675652299389,14.0628513335486));
#9746=CARTESIAN_POINT('Ctrl Pts',(-1.69994291365427,24.6782025302007,14.2190427779572));
#9747=CARTESIAN_POINT('Ctrl Pts',(-13.1286124643726,20.9655551073495,14.3752342223658));
#9748=CARTESIAN_POINT('Ctrl Pts',(-21.4591769736106,12.304630844619,14.5314256667743));
#9749=CARTESIAN_POINT('Ctrl Pts',(-24.7256396647789,0.741467331531856,14.6876171111829));
#9750=CARTESIAN_POINT('Ctrl Pts',(-22.1574302109829,-10.9996370600002,14.8438085555914));
#9751=CARTESIAN_POINT('Ctrl Pts',(-16.958933675263,-17.0918215274822,14.9479361851971));
#9752=CARTESIAN_POINT('Ctrl Pts',(-13.7943007043258,-19.3480628456995,15.));
#9753=CARTESIAN_POINT('Origin',(0.,0.,-1.69715091629658));
#9754=CARTESIAN_POINT('',(23.7601616755355,0.000201101415004054,11.3028490837034));
#9755=CARTESIAN_POINT('',(23.7629180925732,0.000469560956676274,11.6971509162966));
#9756=CARTESIAN_POINT('',(23.76195,9.75130853362112E-14,-1.69715091629658));
#9757=CARTESIAN_POINT('Ctrl Pts',(23.7601616755355,0.000201101415004262,
11.3028490837034));
#9758=CARTESIAN_POINT('Ctrl Pts',(23.7606846799757,1.70847853169455,11.3257282773069));
#9759=CARTESIAN_POINT('Ctrl Pts',(23.1651294013122,7.3037469184507,11.4006712857132));
#9760=CARTESIAN_POINT('Ctrl Pts',(18.8186152496409,16.0551423316649,11.5276781089224));
#9761=CARTESIAN_POINT('Ctrl Pts',(9.03243171992627,23.0287440475958,11.683869553331));
#9762=CARTESIAN_POINT('Ctrl Pts',(-2.88526178061082,24.5679290880258,11.8400609977395));
#9763=CARTESIAN_POINT('Ctrl Pts',(-14.1220794732578,20.3094743046353,11.9962524421481));
#9764=CARTESIAN_POINT('Ctrl Pts',(-22.0263114160259,11.2583071813536,12.1524438865567));
#9765=CARTESIAN_POINT('Ctrl Pts',(-24.7326848162756,-0.449641064140159,
12.3086353309652));
#9766=CARTESIAN_POINT('Ctrl Pts',(-21.602538658534,-12.0514811691494,12.4648267753738));
#9767=CARTESIAN_POINT('Ctrl Pts',(-13.3745375902831,-20.8093637618597,12.6210182197823));
#9768=CARTESIAN_POINT('Ctrl Pts',(-1.99035871322377,-24.6565680123847,12.7772096641909));
#9769=CARTESIAN_POINT('Ctrl Pts',(9.8635130390651,-22.6852151679574,12.9334011085995));
#9770=CARTESIAN_POINT('Ctrl Pts',(19.389753004254,-15.3605127919749,13.089592553008));
#9771=CARTESIAN_POINT('Ctrl Pts',(23.2930332294836,-6.72733667670402,13.2127418780427));
#9772=CARTESIAN_POINT('Ctrl Pts',(23.7614957811088,-1.42059438161466,13.2838273882745));
#9773=CARTESIAN_POINT('Ctrl Pts',(23.7605866474883,-0.000410256533914244,
13.3028490837034));
#9774=CARTESIAN_POINT('Ctrl Pts',(23.7629180925731,0.000469560956675441,
11.6971509162966));
#9775=CARTESIAN_POINT('Ctrl Pts',(23.7634286195907,0.568450295574878,11.7047605000044));
#9776=CARTESIAN_POINT('Ctrl Pts',(23.6068665280518,5.02220290557305,11.7644338985152));
#9777=CARTESIAN_POINT('Ctrl Pts',(20.9266478632599,13.1902724442754,11.8761711118287));
#9778=CARTESIAN_POINT('Ctrl Pts',(12.2417587878514,21.4952836521684,12.0323625562373));
#9779=CARTESIAN_POINT('Ctrl Pts',(0.668009689050421,24.727750435844,12.1885540006459));
#9780=CARTESIAN_POINT('Ctrl Pts',(-11.0633790560952,22.124862044014,12.3447454450544));
#9781=CARTESIAN_POINT('Ctrl Pts',(-20.1839866114804,14.3008588479272,12.500936889463));
#9782=CARTESIAN_POINT('Ctrl Pts',(-24.5414949317747,3.10208058395563,12.6571283338716));
#9783=CARTESIAN_POINT('Ctrl Pts',(-23.1076014459824,-8.82873880971479,12.8133197782801));
#9784=CARTESIAN_POINT('Ctrl Pts',(-16.2206822406703,-18.6761174174648,12.9695112226887));
#9785=CARTESIAN_POINT('Ctrl Pts',(-5.50594038108402,-24.1162281147993,13.1257026670972));
#9786=CARTESIAN_POINT('Ctrl Pts',(6.50811550412816,-23.8652966797339,13.2818941115058));
#9787=CARTESIAN_POINT('Ctrl Pts',(16.9863601721962,-17.9825287165374,13.4380855559144));
#9788=CARTESIAN_POINT('Ctrl Pts',(22.7199241465102,-9.00842712062364,13.5765044908446));
#9789=CARTESIAN_POINT('Ctrl Pts',(23.7589125147408,-2.55970652580873,13.662859610972));
#9790=CARTESIAN_POINT('Ctrl Pts',(23.760784067553,0.000466259453284351,
13.6971509162966));
#9791=CARTESIAN_POINT('Origin',(0.,0.,-1.69715091629658));
#9792=CARTESIAN_POINT('',(23.7617922717571,0.000568043664624971,9.30284908370341));
#9793=CARTESIAN_POINT('',(23.7637273414488,-0.000185338099741861,9.69715091629658));
#9794=CARTESIAN_POINT('',(23.76195,9.75130853362112E-14,-1.69715091629658));
#9795=CARTESIAN_POINT('Ctrl Pts',(23.7617922717571,0.000568043664624374,
9.30284908370341));
#9796=CARTESIAN_POINT('Ctrl Pts',(23.7627082470115,0.949842411917282,9.31556535153644));
#9797=CARTESIAN_POINT('Ctrl Pts',(23.4782187878285,5.78515537125393,9.38034543417232));
#9798=CARTESIAN_POINT('Ctrl Pts',(20.2678205230853,14.1817956000493,9.49718933161108));
#9799=CARTESIAN_POINT('Ctrl Pts',(11.1934279128452,22.0593528181929,9.65338077601962));
#9800=CARTESIAN_POINT('Ctrl Pts',(-0.522435339051426,24.7312542446614,9.80957222042819));
#9801=CARTESIAN_POINT('Ctrl Pts',(-12.1150121749355,21.5669737144261,9.96576366483675));
#9802=CARTESIAN_POINT('Ctrl Pts',(-20.8486391669853,13.3132310158888,10.1219551092453));
#9803=CARTESIAN_POINT('Ctrl Pts',(-24.6623194986477,1.9177779183689,10.2781465536539));
#9804=CARTESIAN_POINT('Ctrl Pts',(-22.6560853753239,-9.93024021178057,10.4343379980624));
#9805=CARTESIAN_POINT('Ctrl Pts',(-15.3033760846264,-19.4348798712505,10.590529442471));
#9806=CARTESIAN_POINT('Ctrl Pts',(-4.3393138678682,-24.3531975385968,10.7467208868796));
#9807=CARTESIAN_POINT('Ctrl Pts',(7.6487572830861,-23.524548608246,10.9029123312881));
#9808=CARTESIAN_POINT('Ctrl Pts',(17.8318435834666,-17.1444810248811,11.0591037756967));
#9809=CARTESIAN_POINT('Ctrl Pts',(22.9316624491158,-8.24579181332882,11.1924160265018));
#9810=CARTESIAN_POINT('Ctrl Pts',(23.7594945328584,-2.17887175273481,11.273664462504));
#9811=CARTESIAN_POINT('Ctrl Pts',(23.7601616755355,0.000201101415004262,
11.3028490837034));
#9812=CARTESIAN_POINT('Ctrl Pts',(23.7637273414488,-0.000185338099742034,
9.69715091629658));
#9813=CARTESIAN_POINT('Ctrl Pts',(23.7621541017205,3.69492042992076,9.74666138903686));
#9814=CARTESIAN_POINT('Ctrl Pts',(21.9638618552154,11.2771738678206,9.84823567657996));
#9815=CARTESIAN_POINT('Ctrl Pts',(14.2413888990256,20.2259912010448,10.001873778926));
#9816=CARTESIAN_POINT('Ctrl Pts',(3.02983376376353,24.5505190413934,10.1580652233345));
#9817=CARTESIAN_POINT('Ctrl Pts',(-8.8967138651645,23.0815155533509,10.3142566677431));
#9818=CARTESIAN_POINT('Ctrl Pts',(-18.7237787739625,16.1656421543164,10.4704481121516));
#9819=CARTESIAN_POINT('Ctrl Pts',(-24.1323302195562,5.43493477536085,10.6266395565602));
#9820=CARTESIAN_POINT('Ctrl Pts',(-23.8460362356704,-6.57833061540859,10.7828310009688));
#9821=CARTESIAN_POINT('Ctrl Pts',(-17.932457640946,-17.0392147938571,10.9390224453773));
#9822=CARTESIAN_POINT('Ctrl Pts',(-7.78710476224351,-23.4791157684061,11.0952138897859));
#9823=CARTESIAN_POINT('Ctrl Pts',(4.19588076781956,-24.3783195156594,11.2514053341945));
#9824=CARTESIAN_POINT('Ctrl Pts',(15.1887052899215,-19.5246282800228,11.407596778603));
#9825=CARTESIAN_POINT('Ctrl Pts',(22.2362966940214,-10.5243813062338,11.5561786393037));
#9826=CARTESIAN_POINT('Ctrl Pts',(23.759935657937,-3.31760246552468,11.6526966852016));
#9827=CARTESIAN_POINT('Ctrl Pts',(23.7629180925731,0.000469560956675441,
11.6971509162966));
#9828=CARTESIAN_POINT('Origin',(0.,0.,-1.69715091629658));
#9829=CARTESIAN_POINT('',(23.7637272901781,0.000185338098625722,7.30284908370341));
#9830=CARTESIAN_POINT('',(23.7617923230236,-0.000568043666570039,7.69715091629658));
#9831=CARTESIAN_POINT('',(23.76195,9.75130853362112E-14,-1.69715091629658));
#9832=CARTESIAN_POINT('Ctrl Pts',(23.7637272901781,0.000185338098624109,
7.30284908370342));
#9833=CARTESIAN_POINT('Ctrl Pts',(23.7638084249147,0.190748433957675,7.305402425766));
#9834=CARTESIAN_POINT('Ctrl Pts',(23.7157659482647,4.26693937774985,7.36001958263144));
#9835=CARTESIAN_POINT('Ctrl Pts',(21.5312219280161,12.1784382202357,7.46670055429973));
#9836=CARTESIAN_POINT('Ctrl Pts',(13.2518091151868,20.8877339692994,7.6228919987083));
#9837=CARTESIAN_POINT('Ctrl Pts',(1.84518049329929,24.6678573075313,7.77908344311686));
#9838=CARTESIAN_POINT('Ctrl Pts',(-9.99688132559962,22.6267593561131,7.93527488752543));
#9839=CARTESIAN_POINT('Ctrl Pts',(-19.4798384327603,15.2461067106042,8.09146633193399));
#9840=CARTESIAN_POINT('Ctrl Pts',(-24.3658640436007,4.26761579882053,8.24765777634255));
#9841=CARTESIAN_POINT('Ctrl Pts',(-23.5019339633963,-7.71796444522369,8.40384922075111));
#9842=CARTESIAN_POINT('Ctrl Pts',(-17.0919219260087,-17.882228051135,8.56004066515968));
#9843=CARTESIAN_POINT('Ctrl Pts',(-6.64848864103118,-23.8265707559366,8.71623210956824));
#9844=CARTESIAN_POINT('Ctrl Pts',(5.36388203233273,-24.1482223929795,8.87242355397681));
#9845=CARTESIAN_POINT('Ctrl Pts',(16.1104620092241,-18.7712783008223,9.02861499838537));
#9846=CARTESIAN_POINT('Ctrl Pts',(22.4898239905921,-9.76301770213183,9.17209017496092));
#9847=CARTESIAN_POINT('Ctrl Pts',(23.7589579983823,-2.93674173012429,9.26350153673359));
#9848=CARTESIAN_POINT('Ctrl Pts',(23.7617922717571,0.000568043664624374,
9.30284908370341));
#9849=CARTESIAN_POINT('Ctrl Pts',(23.7617923230236,-0.000568043666571288,
7.69715091629658));
#9850=CARTESIAN_POINT('Ctrl Pts',(23.7589580496428,2.93674173645983,7.73649846326641));
#9851=CARTESIAN_POINT('Ctrl Pts',(22.4898240391145,9.7630177231954,7.82790982503909));
#9852=CARTESIAN_POINT('Ctrl Pts',(16.1104620439829,18.7712783413215,7.97138500161462));
#9853=CARTESIAN_POINT('Ctrl Pts',(5.36388204390561,24.1482224450796,8.12757644602319));
#9854=CARTESIAN_POINT('Ctrl Pts',(-6.64848865537521,23.826570807343,8.28376789043176));
#9855=CARTESIAN_POINT('Ctrl Pts',(-17.0919219628847,17.8822280897163,8.4399593348403));
#9856=CARTESIAN_POINT('Ctrl Pts',(-23.5019340141021,7.71796446187554,8.5961507792489));
#9857=CARTESIAN_POINT('Ctrl Pts',(-24.3658640961705,-4.26761580802789,8.75234222365744));
#9858=CARTESIAN_POINT('Ctrl Pts',(-19.4798384747884,-15.2461067434979,8.90853366806601));
#9859=CARTESIAN_POINT('Ctrl Pts',(-9.99688134716813,-22.6267594049307,9.06472511247458));
#9860=CARTESIAN_POINT('Ctrl Pts',(1.84518049728017,-24.6678573607526,9.22091655688313));
#9861=CARTESIAN_POINT('Ctrl Pts',(13.2518091437777,-20.8877340143652,9.37710800129172));
#9862=CARTESIAN_POINT('Ctrl Pts',(21.5312219744701,-12.178438246511,9.53329944570025));
#9863=CARTESIAN_POINT('Ctrl Pts',(23.7157659994318,-4.26693938695611,9.63998041736856));
#9864=CARTESIAN_POINT('Ctrl Pts',(23.7638084761856,-0.190748434369711,9.694597574234));
#9865=CARTESIAN_POINT('Ctrl Pts',(23.7637273414488,-0.000185338099742034,
9.69715091629658));
#9866=CARTESIAN_POINT('Origin',(0.,0.,-1.69715091629658));
#9867=CARTESIAN_POINT('',(23.7629180413033,-0.000469560950887628,5.30284908370341));
#9868=CARTESIAN_POINT('',(23.7601617267986,-0.000201101416364979,5.69715091629658));
#9869=CARTESIAN_POINT('',(23.76195,9.75130853362112E-14,-1.69715091629658));
#9870=CARTESIAN_POINT('Ctrl Pts',(23.7629180413033,-0.000469560950887363,
5.30284908370341));
#9871=CARTESIAN_POINT('Ctrl Pts',(23.7599356066735,3.31760245837241,5.34730331479841));
#9872=CARTESIAN_POINT('Ctrl Pts',(22.2362966460478,10.5243812835184,5.44382136069627));
#9873=CARTESIAN_POINT('Ctrl Pts',(15.1887052571509,19.5246282379029,5.59240322139697));
#9874=CARTESIAN_POINT('Ctrl Pts',(4.19588075876749,24.37831946306,5.74859466580553));
#9875=CARTESIAN_POINT('Ctrl Pts',(-7.78710474544269,23.4791157177509,5.9047861102141));
#9876=CARTESIAN_POINT('Ctrl Pts',(-17.9324576022561,17.0392147570942,6.06097755462265));
#9877=CARTESIAN_POINT('Ctrl Pts',(-23.8460361842221,6.57833060121631,6.21716899903123));
#9878=CARTESIAN_POINT('Ctrl Pts',(-24.1323301674903,-5.43493476363499,6.37336044343979));
#9879=CARTESIAN_POINT('Ctrl Pts',(-18.7237787335657,-16.1656421194385,6.52955188784835));
#9880=CARTESIAN_POINT('Ctrl Pts',(-8.89671384596971,-23.0815155035522,6.68574333225692));
#9881=CARTESIAN_POINT('Ctrl Pts',(3.02983375722657,-24.5505189884252,6.84193477666547));
#9882=CARTESIAN_POINT('Ctrl Pts',(14.2413888682995,-20.2259911574069,6.99812622107406));
#9883=CARTESIAN_POINT('Ctrl Pts',(21.9638618078278,-11.2771738434901,7.15176432342001));
#9884=CARTESIAN_POINT('Ctrl Pts',(23.7621540504531,-3.69492042194939,7.25333861096315));
#9885=CARTESIAN_POINT('Ctrl Pts',(23.7637272901781,0.000185338098624109,
7.30284908370342));
#9886=CARTESIAN_POINT('Ctrl Pts',(23.7601617267986,-0.000201101416366506,
5.69715091629658));
#9887=CARTESIAN_POINT('Ctrl Pts',(23.7594945841201,2.1788717574351,5.72633553749596));
#9888=CARTESIAN_POINT('Ctrl Pts',(22.9316624985912,8.24579183111912,5.80758397349821));
#9889=CARTESIAN_POINT('Ctrl Pts',(17.8318436219394,17.1444810618703,5.94089622430329));
#9890=CARTESIAN_POINT('Ctrl Pts',(7.64875729958854,23.5245486590007,6.09708766871187));
#9891=CARTESIAN_POINT('Ctrl Pts',(-4.3393138772301,24.3531975911392,6.25327911312041));
#9892=CARTESIAN_POINT('Ctrl Pts',(-15.3033761176436,19.4348799131818,6.40947055752899));
#9893=CARTESIAN_POINT('Ctrl Pts',(-22.6560854242047,9.93024023320536,6.56566200193755));
#9894=CARTESIAN_POINT('Ctrl Pts',(-24.662319551857,-1.91777792250642,6.72185344634612));
#9895=CARTESIAN_POINT('Ctrl Pts',(-20.8486392119667,-13.3132310446122,6.87804489075468));
#9896=CARTESIAN_POINT('Ctrl Pts',(-12.115012201074,-21.5669737609571,7.03423633516324));
#9897=CARTESIAN_POINT('Ctrl Pts',(-0.522435340178809,-24.7312542980195,
7.1904277795718));
#9898=CARTESIAN_POINT('Ctrl Pts',(11.1934279369951,-22.0593528657865,7.34661922398038));
#9899=CARTESIAN_POINT('Ctrl Pts',(20.2678205668134,-14.1817956306469,7.50281066838893));
#9900=CARTESIAN_POINT('Ctrl Pts',(23.4782188384831,-5.78515538373582,7.61965456582767));
#9901=CARTESIAN_POINT('Ctrl Pts',(23.7627082982799,-0.949842413967108,7.68443464846355));
#9902=CARTESIAN_POINT('Ctrl Pts',(23.7617923230236,-0.000568043666571288,
7.69715091629658));
#9903=CARTESIAN_POINT('Origin',(0.,0.,-1.69715091629658));
#9904=CARTESIAN_POINT('',(23.7607840206698,-0.000466272866500099,3.30284908370341));
#9905=CARTESIAN_POINT('',(23.7605866985934,0.00041025668679695,3.69715091629658));
#9906=CARTESIAN_POINT('',(23.76195,9.75130853362112E-14,-1.69715091629658));
#9907=CARTESIAN_POINT('Ctrl Pts',(23.7607840206698,-0.000466272866499889,
3.30284908370341));
#9908=CARTESIAN_POINT('Ctrl Pts',(23.7589124664423,2.55970651193118,3.33714038902797));
#9909=CARTESIAN_POINT('Ctrl Pts',(22.7199240908912,9.00842712339282,3.42349550915538));
#9910=CARTESIAN_POINT('Ctrl Pts',(16.9863601396899,17.9825286627799,3.56191444408564));
#9911=CARTESIAN_POINT('Ctrl Pts',(6.50811548793723,23.86529663649,3.7181058884942));
#9912=CARTESIAN_POINT('Ctrl Pts',(-5.5059403680894,24.1162280582465,3.87429733290277));
#9913=CARTESIAN_POINT('Ctrl Pts',(-16.2206822062525,18.6761173796391,4.03048877731133));
#9914=CARTESIAN_POINT('Ctrl Pts',(-23.1076013958272,8.82873878932464,4.1866802217199));
#9915=CARTESIAN_POINT('Ctrl Pts',(-24.5414948789817,-3.10208057653568,4.34287166612845));
#9916=CARTESIAN_POINT('Ctrl Pts',(-20.1839865678524,-14.3008588174655,4.49906311053703));
#9917=CARTESIAN_POINT('Ctrl Pts',(-11.0633790322676,-22.1248619960677,4.65525455494558));
#9918=CARTESIAN_POINT('Ctrl Pts',(0.668009687630834,-24.7277503826071,4.81144599935415));
#9919=CARTESIAN_POINT('Ctrl Pts',(12.2417587614283,-21.495283605731,4.96763744376271));
#9920=CARTESIAN_POINT('Ctrl Pts',(20.9266478181161,-13.1902724158498,5.12382888817128));
#9921=CARTESIAN_POINT('Ctrl Pts',(23.606866477119,-5.0222028947347,5.23556610148484));
#9922=CARTESIAN_POINT('Ctrl Pts',(23.7634285683197,-0.568450294343491,5.29523949999555));
#9923=CARTESIAN_POINT('Ctrl Pts',(23.7629180413033,-0.000469560950887363,
5.30284908370341));
#9924=CARTESIAN_POINT('Ctrl Pts',(23.7605866985934,0.000410256686797367,
3.69715091629658));
#9925=CARTESIAN_POINT('Ctrl Pts',(23.7614958323816,1.4205943846608,3.71617261172552));
#9926=CARTESIAN_POINT('Ctrl Pts',(23.2930332803813,6.72733669054974,3.78725812195731));
#9927=CARTESIAN_POINT('Ctrl Pts',(19.3897530455783,15.3605128256567,3.91040744699197));
#9928=CARTESIAN_POINT('Ctrl Pts',(9.86351306061852,22.6852152166068,4.06659889140052));
#9929=CARTESIAN_POINT('Ctrl Pts',(-1.99035871766294,24.656568065741,4.2227903358091));
#9930=CARTESIAN_POINT('Ctrl Pts',(-13.3745376190613,20.8093638066704,4.37898178021765));
#9931=CARTESIAN_POINT('Ctrl Pts',(-21.6025387051829,12.0514811951971,4.53517322462622));
#9932=CARTESIAN_POINT('Ctrl Pts',(-24.7326848696149,0.449641065085627,4.69136466903478));
#9933=CARTESIAN_POINT('Ctrl Pts',(-22.0263114635597,-11.2583072056301,4.84755611344336));
#9934=CARTESIAN_POINT('Ctrl Pts',(-14.1220795037205,-20.3094743484604,5.0037475578519));
#9935=CARTESIAN_POINT('Ctrl Pts',(-2.88526178683926,-24.5679291410278,5.15993900226048));
#9936=CARTESIAN_POINT('Ctrl Pts',(9.03243173941546,-23.0287440972828,5.31613044666903));
#9937=CARTESIAN_POINT('Ctrl Pts',(18.8186152902413,-16.0551423663032,5.47232189107761));
#9938=CARTESIAN_POINT('Ctrl Pts',(23.1651294512914,-7.30374693420931,5.59932871428678));
#9939=CARTESIAN_POINT('Ctrl Pts',(23.7606847312399,-1.70847853538141,5.6742717226931));
#9940=CARTESIAN_POINT('Ctrl Pts',(23.7601617267986,-0.000201101416366506,
5.69715091629658));
#9941=CARTESIAN_POINT('Origin',(-2.500000000047,-32.4999999999949,2.));
#9942=CARTESIAN_POINT('',(-2.500000000047,-31.4999999999949,0.));
#9943=CARTESIAN_POINT('',(-2.500000000047,-32.4999999999949,0.));
#9944=CARTESIAN_POINT('',(-2.500000000047,-13.6250000000613,0.));
#9945=CARTESIAN_POINT('',(-2.500000000047,-31.4999999999949,2.));
#9946=CARTESIAN_POINT('',(-2.500000000047,-31.4999999999949,2.));
#9947=CARTESIAN_POINT('',(-2.500000000047,-32.4999999999949,2.));
#9948=CARTESIAN_POINT('',(-2.500000000047,-13.6250000000613,2.));
#9949=CARTESIAN_POINT('',(-2.500000000047,-32.4999999999949,2.));
#9950=CARTESIAN_POINT('Origin',(2.499999999953,-32.4999999999949,2.));
#9951=CARTESIAN_POINT('',(2.499999999953,-32.4999999999949,0.));
#9952=CARTESIAN_POINT('',(1.24999999999396,-32.4999999999949,0.));
#9953=CARTESIAN_POINT('',(2.499999999953,-32.4999999999949,2.));
#9954=CARTESIAN_POINT('',(1.24999999999396,-32.4999999999949,2.));
#9955=CARTESIAN_POINT('',(2.499999999953,-32.4999999999949,2.));
#9956=CARTESIAN_POINT('Origin',(2.499999999953,-31.4999999999949,2.));
#9957=CARTESIAN_POINT('',(2.499999999953,-31.4999999999949,0.));
#9958=CARTESIAN_POINT('',(2.499999999953,-13.1250000000613,0.));
#9959=CARTESIAN_POINT('',(2.499999999953,-31.4999999999949,2.));
#9960=CARTESIAN_POINT('',(2.499999999953,-13.1250000000613,2.));
#9961=CARTESIAN_POINT('',(2.499999999953,-31.4999999999949,2.));
#9962=CARTESIAN_POINT('Origin',(-2.500000000047,-31.4999999999949,2.));
#9963=CARTESIAN_POINT('',(-1.25000000000604,-31.4999999999949,0.));
#9964=CARTESIAN_POINT('',(-1.25000000000604,-31.4999999999949,2.));
#9965=CARTESIAN_POINT('Origin',(-2.50000000008206,-47.4999999999949,2.));
#9966=CARTESIAN_POINT('',(-2.50000000008206,-46.4999999999949,0.));
#9967=CARTESIAN_POINT('',(-2.50000000008206,-47.4999999999949,0.));
#9968=CARTESIAN_POINT('',(-2.50000000008206,-21.1250000000613,0.));
#9969=CARTESIAN_POINT('',(-2.50000000008206,-46.4999999999949,2.));
#9970=CARTESIAN_POINT('',(-2.50000000008206,-46.4999999999949,2.));
#9971=CARTESIAN_POINT('',(-2.50000000008206,-47.4999999999949,2.));
#9972=CARTESIAN_POINT('',(-2.50000000008206,-21.1250000000613,2.));
#9973=CARTESIAN_POINT('',(-2.50000000008206,-47.4999999999949,2.));
#9974=CARTESIAN_POINT('Origin',(2.49999999991794,-47.4999999999949,2.));
#9975=CARTESIAN_POINT('',(2.49999999991794,-47.4999999999949,0.));
#9976=CARTESIAN_POINT('',(1.24999999997643,-47.4999999999949,0.));
#9977=CARTESIAN_POINT('',(2.49999999991794,-47.4999999999949,2.));
#9978=CARTESIAN_POINT('',(1.24999999997643,-47.4999999999949,2.));
#9979=CARTESIAN_POINT('',(2.49999999991794,-47.4999999999949,2.));
#9980=CARTESIAN_POINT('Origin',(2.49999999991794,-46.4999999999949,2.));
#9981=CARTESIAN_POINT('',(2.49999999991794,-46.4999999999949,0.));
#9982=CARTESIAN_POINT('',(2.49999999991794,-20.6250000000613,0.));
#9983=CARTESIAN_POINT('',(2.49999999991794,-46.4999999999949,2.));
#9984=CARTESIAN_POINT('',(2.49999999991794,-20.6250000000613,2.));
#9985=CARTESIAN_POINT('',(2.49999999991794,-46.4999999999949,2.));
#9986=CARTESIAN_POINT('Origin',(-2.50000000008206,-46.4999999999949,2.));
#9987=CARTESIAN_POINT('',(-1.25000000002357,-46.4999999999949,0.));
#9988=CARTESIAN_POINT('',(-1.25000000002357,-46.4999999999949,2.));
#9989=CARTESIAN_POINT('Origin',(-69.2499999997029,16.6468316018395,1.));
#9990=CARTESIAN_POINT('',(-68.24999999995,-47.9999999999637,0.));
#9991=CARTESIAN_POINT('',(-70.2499999999544,-47.9999999999561,2.));
#9992=CARTESIAN_POINT('',(-68.24999999995,-47.9999999999637,0.));
#9993=CARTESIAN_POINT('',(-70.2499999996692,28.043663203546,2.));
#9994=CARTESIAN_POINT('',(-70.2499999997029,16.6468316018434,2.));
#9995=CARTESIAN_POINT('',(-68.2499999996594,28.0436632035383,0.));
#9996=CARTESIAN_POINT('',(-70.2499999996692,28.043663203546,2.));
#9997=CARTESIAN_POINT('',(-68.2499999997029,16.6468316018357,0.));
#9998=CARTESIAN_POINT('Origin',(-60.2499999999543,-47.9999999999943,1.));
#9999=CARTESIAN_POINT('',(-60.2499999999639,-55.9999999999901,0.));
#10000=CARTESIAN_POINT('',(-60.2499999999664,-58.,2.));
#10001=CARTESIAN_POINT('',(-60.2499999999639,-55.9999999999901,0.));
#10002=CARTESIAN_POINT('Origin',(-60.2499999999543,-47.9999999999943,2.));
#10003=CARTESIAN_POINT('Origin',(-60.2499999999543,-47.9999999999943,0.));
#10004=CARTESIAN_POINT('Origin',(-30.1249999999657,-57.,1.));
#10005=CARTESIAN_POINT('',(60.2500000000121,-56.,0.));
#10006=CARTESIAN_POINT('',(60.2500000000121,-57.9999999999999,2.));
#10007=CARTESIAN_POINT('',(60.2500000000121,-56.,0.));
#10008=CARTESIAN_POINT('',(-30.1249999999657,-58.,2.));
#10009=CARTESIAN_POINT('',(-30.1249999999657,-56.,0.));
#10010=CARTESIAN_POINT('Origin',(60.2500000000195,-48.,1.));
#10011=CARTESIAN_POINT('',(68.2500000000195,-47.9999999999988,0.));
#10012=CARTESIAN_POINT('',(70.2500000000277,-47.9999999999985,2.));
#10013=CARTESIAN_POINT('',(68.2500000000195,-47.9999999999988,0.));
#10014=CARTESIAN_POINT('Origin',(60.2500000000195,-48.,2.));
#10015=CARTESIAN_POINT('Origin',(60.2500000000195,-48.,0.));
#10016=CARTESIAN_POINT('Origin',(69.2500000000357,-21.3750000000733,1.));
#10017=CARTESIAN_POINT('',(68.2500000000504,28.0436632029695,0.));
#10018=CARTESIAN_POINT('',(70.2499999999922,28.0436632029689,2.));
#10019=CARTESIAN_POINT('',(68.2500000000504,28.0436632029695,0.));
#10020=CARTESIAN_POINT('',(70.2500000000357,-21.3750000000736,2.));
#10021=CARTESIAN_POINT('',(68.2500000000357,-21.375000000073,0.));
#10022=CARTESIAN_POINT('Origin',(60.2500000000214,28.0436632029674,1.));
#10023=CARTESIAN_POINT('',(66.6918949558328,32.7872893874201,0.));
#10024=CARTESIAN_POINT('',(68.3023686947915,33.9731959335376,2.));
#10025=CARTESIAN_POINT('',(66.6918949558328,32.7872893874201,0.));
#10026=CARTESIAN_POINT('Origin',(60.2500000000214,28.0436632029674,2.));
#10027=CARTESIAN_POINT('Origin',(60.2500000000214,28.0436632029674,0.));
#10028=CARTESIAN_POINT('Origin',(7.21556148164382E-11,-16.3227040810521,
1.));
#10029=CARTESIAN_POINT('',(-66.6918949552923,32.7872893880578,0.));
#10030=CARTESIAN_POINT('',(-68.3023686943638,33.9731959342867,2.));
#10031=CARTESIAN_POINT('',(-66.6918949552923,32.7872893880578,0.));
#10032=CARTESIAN_POINT('Origin',(7.21556148164382E-11,-16.3227040810521,
2.));
#10033=CARTESIAN_POINT('Origin',(7.21556148164382E-11,-16.3227040810521,
0.));
#10034=CARTESIAN_POINT('Origin',(-60.2499999995077,28.0436632035117,1.));
#10035=CARTESIAN_POINT('Origin',(-60.2499999995077,28.0436632035117,2.));
#10036=CARTESIAN_POINT('Origin',(-60.2499999995077,28.0436632035117,0.));
#10037=CARTESIAN_POINT('Origin',(60.2500000000214,28.0436632029674,0.));
#10038=CARTESIAN_POINT('',(68.3023686947915,33.9731959335376,7.2));
#10039=CARTESIAN_POINT('',(68.3023686947915,33.9731959335376,0.));
#10040=CARTESIAN_POINT('',(70.2499999999922,28.0436632029674,7.2));
#10041=CARTESIAN_POINT('Origin',(60.2500000000214,28.0436632029674,7.2));
#10042=CARTESIAN_POINT('',(70.2499999999922,28.0436632029689,0.));
#10043=CARTESIAN_POINT('Origin',(7.21556148164382E-11,-16.3227040810521,
0.));
#10044=CARTESIAN_POINT('',(-68.3023686947915,33.9731959335376,7.2));
#10045=CARTESIAN_POINT('',(-68.3023686943638,33.9731959342867,0.));
#10046=CARTESIAN_POINT('',(-66.7499999999922,36.0158918841405,7.2));
#10047=CARTESIAN_POINT('Origin',(7.21556148164382E-11,-16.3227040810521,
7.2));
#10048=CARTESIAN_POINT('',(-66.7500000088936,36.0158918726041,14.7137807973764));
#10049=CARTESIAN_POINT('',(-66.7499999999922,36.0158918839564,0.));
#10050=CARTESIAN_POINT('',(-68.2499999941056,34.0442357544366,16.1780603054791));
#10051=CARTESIAN_POINT('Ctrl Pts',(-68.2499997215296,34.0442353397829,16.1780600090069));
#10052=CARTESIAN_POINT('Ctrl Pts',(-67.7594065096806,34.7090157542111,15.6993314538837));
#10053=CARTESIAN_POINT('Ctrl Pts',(-67.259329262791,35.3663190844399,15.211168152803));
#10054=CARTESIAN_POINT('Ctrl Pts',(-66.7500000088936,36.0158918726042,14.7137807973764));
#10055=CARTESIAN_POINT('',(-68.2499999999922,34.0442357466555,17.2));
#10056=CARTESIAN_POINT('',(-68.2499999999922,34.0442357464599,0.));
#10057=CARTESIAN_POINT('',(68.2499999999922,34.0442357466555,17.2));
#10058=CARTESIAN_POINT('Origin',(7.21556148164382E-11,-16.3227040810521,
17.2));
#10059=CARTESIAN_POINT('',(68.2499999941056,34.0442357546321,16.1780603054826));
#10060=CARTESIAN_POINT('',(68.2499999999922,34.0442357466555,0.));
#10061=CARTESIAN_POINT('',(66.7500000088936,36.0158918727882,14.7137807973798));
#10062=CARTESIAN_POINT('Ctrl Pts',(66.7500000088936,36.0158918727882,14.7137807973798));
#10063=CARTESIAN_POINT('Ctrl Pts',(67.2593292627909,35.3663190846277,15.2111681528064));
#10064=CARTESIAN_POINT('Ctrl Pts',(67.7594065096806,34.7090157544027,15.6993314538871));
#10065=CARTESIAN_POINT('Ctrl Pts',(68.2499997215296,34.0442353399784,16.1780600090104));
#10066=CARTESIAN_POINT('',(66.7499999999922,36.0158918841405,7.2));
#10067=CARTESIAN_POINT('',(66.7499999999922,36.0158918841405,0.));
#10068=CARTESIAN_POINT('Origin',(7.21556148164382E-11,-16.3227040810521,
7.2));
#10069=CARTESIAN_POINT('Origin',(-60.2499999995077,28.0436632035117,0.));
#10070=CARTESIAN_POINT('',(-70.2499999999922,28.0436632029674,7.2));
#10071=CARTESIAN_POINT('',(-70.2499999996692,28.043663203546,0.));
#10072=CARTESIAN_POINT('Origin',(-60.2499999995077,28.0436632035117,7.2));
#10073=CARTESIAN_POINT('Origin',(-70.2499999996594,28.043663203546,0.));
#10074=CARTESIAN_POINT('',(-70.2499999999544,-47.9999999999561,17.2));
#10075=CARTESIAN_POINT('',(-70.2499999999544,-47.9999999999561,0.));
#10076=CARTESIAN_POINT('',(-70.2499999999922,-40.,17.2));
#10077=CARTESIAN_POINT('',(-70.2499999996594,28.043663203546,17.2));
#10078=CARTESIAN_POINT('',(-70.2499999999922,-40.,7.2));
#10079=CARTESIAN_POINT('',(-70.2499999999195,-40.,6.1));
#10080=CARTESIAN_POINT('',(-70.2499999997894,-5.97816839822702,7.2));
#10081=CARTESIAN_POINT('Origin',(3.49231754626089E-11,5.24999999987222,
0.));
#10082=CARTESIAN_POINT('',(-2.79084289002786,14.9924546343237,0.));
#10083=CARTESIAN_POINT('',(2.79085645639593,14.9924521090866,0.));
#10084=CARTESIAN_POINT('Origin',(0.,0.,0.));
#10085=CARTESIAN_POINT('',(4.20916055713175,22.6115671150453,0.));
#10086=CARTESIAN_POINT('Origin',(3.50000850676384,18.8020096120659,0.));
#10087=CARTESIAN_POINT('',(-4.20914009644083,22.611570923927,0.));
#10088=CARTESIAN_POINT('Origin',(0.,0.,0.));
#10089=CARTESIAN_POINT('Origin',(-3.49999149323435,18.8020127791254,0.));
#10090=CARTESIAN_POINT('',(-35.,52.5,0.));
#10091=CARTESIAN_POINT('',(-35.,47.5,0.));
#10092=CARTESIAN_POINT('Origin',(-35.0000000178616,50.,0.));
#10093=CARTESIAN_POINT('',(-31.,47.5,0.));
#10094=CARTESIAN_POINT('',(-15.4999999999825,47.5,0.));
#10095=CARTESIAN_POINT('',(-31.,52.5,0.));
#10096=CARTESIAN_POINT('Origin',(-31.,50.,0.));
#10097=CARTESIAN_POINT('',(-17.4999999999825,52.5,0.));
#10098=CARTESIAN_POINT('',(-35.,-12.5000000000059,0.));
#10099=CARTESIAN_POINT('',(-35.,-17.5000000000059,0.));
#10100=CARTESIAN_POINT('Origin',(-35.0000000178616,-15.0000000000059,0.));
#10101=CARTESIAN_POINT('',(-31.,-17.5000000000059,0.));
#10102=CARTESIAN_POINT('',(-15.4999999999825,-17.5000000000058,0.));
#10103=CARTESIAN_POINT('',(-31.,-12.5000000000059,0.));
#10104=CARTESIAN_POINT('Origin',(-31.,-15.0000000000059,0.));
#10105=CARTESIAN_POINT('',(-17.4999999999825,-12.5000000000059,0.));
#10106=CARTESIAN_POINT('',(35.,-52.5000000000059,0.));
#10107=CARTESIAN_POINT('',(35.0000000178446,-47.5,0.));
#10108=CARTESIAN_POINT('Origin',(35.0000000178446,-50.0000000000059,0.));
#10109=CARTESIAN_POINT('',(31.,-47.5,0.));
#10110=CARTESIAN_POINT('',(15.5000000000175,-47.5,0.));
#10111=CARTESIAN_POINT('',(31.,-52.5000000000059,0.));
#10112=CARTESIAN_POINT('Origin',(31.,-50.0000000000059,0.));
#10113=CARTESIAN_POINT('',(17.5000000000175,-52.5000000000059,0.));
#10114=CARTESIAN_POINT('',(35.,12.5,0.));
#10115=CARTESIAN_POINT('',(35.,17.5,0.));
#10116=CARTESIAN_POINT('Origin',(35.0000000178616,15.,0.));
#10117=CARTESIAN_POINT('',(31.,17.5,0.));
#10118=CARTESIAN_POINT('',(15.5000000000175,17.5,0.));
#10119=CARTESIAN_POINT('',(31.,12.5,0.));
#10120=CARTESIAN_POINT('Origin',(31.,15.,0.));
#10121=CARTESIAN_POINT('',(17.5000000000175,12.5,0.));
#10122=CARTESIAN_POINT('',(31.,-12.5000000000059,0.));
#10123=CARTESIAN_POINT('',(31.,-17.499999999999,0.));
#10124=CARTESIAN_POINT('Origin',(31.,-15.0000000000059,0.));
#10125=CARTESIAN_POINT('',(35.,-17.4999999999985,0.));
#10126=CARTESIAN_POINT('',(17.5000000000189,-17.5000000000007,0.));
#10127=CARTESIAN_POINT('',(35.0000000357233,-12.5000000000059,0.));
#10128=CARTESIAN_POINT('Origin',(35.0000000178616,-15.0000000000059,0.));
#10129=CARTESIAN_POINT('',(15.5000000000175,-12.5000000000059,0.));
#10130=CARTESIAN_POINT('',(-31.,-52.5000000000059,0.));
#10131=CARTESIAN_POINT('',(-31.,-47.5000000000059,0.));
#10132=CARTESIAN_POINT('Origin',(-31.,-50.0000000000059,0.));
#10133=CARTESIAN_POINT('',(-35.0000000178446,-47.5000000000059,0.));
#10134=CARTESIAN_POINT('',(-17.5000000089049,-47.5000000000059,0.));
#10135=CARTESIAN_POINT('',(-35.0000000178446,-52.5000000000059,0.));
#10136=CARTESIAN_POINT('Origin',(-35.0000000178446,-50.0000000000059,0.));
#10137=CARTESIAN_POINT('',(-15.4999999999825,-52.5000000000059,0.));
#10138=CARTESIAN_POINT('',(-31.,12.5,0.));
#10139=CARTESIAN_POINT('',(-31.,17.5,0.));
#10140=CARTESIAN_POINT('Origin',(-31.,15.,0.));
#10141=CARTESIAN_POINT('',(-35.,17.5,0.));
#10142=CARTESIAN_POINT('',(-17.4999999999825,17.5,0.));
#10143=CARTESIAN_POINT('',(-35.0000000357232,12.5,0.));
#10144=CARTESIAN_POINT('Origin',(-35.0000000178616,15.,0.));
#10145=CARTESIAN_POINT('',(-15.4999999999825,12.5,0.));
#10146=CARTESIAN_POINT('',(31.,52.5,0.));
#10147=CARTESIAN_POINT('',(31.,47.5,0.));
#10148=CARTESIAN_POINT('Origin',(31.,50.,0.));
#10149=CARTESIAN_POINT('',(35.,47.5,0.));
#10150=CARTESIAN_POINT('',(17.5000000000174,47.5,0.));
#10151=CARTESIAN_POINT('',(35.0000000357232,52.5,0.));
#10152=CARTESIAN_POINT('Origin',(35.0000000178616,50.,0.));
#10153=CARTESIAN_POINT('',(15.5000000000175,52.5,0.));
#10154=CARTESIAN_POINT('',(2.79084967320262,-14.9924533716662,0.));
#10155=CARTESIAN_POINT('',(-2.79084967320261,-14.9924533716662,0.));
#10156=CARTESIAN_POINT('Origin',(0.,0.,0.));
#10157=CARTESIAN_POINT('',(-4.20915032679738,-22.6115690195621,0.));
#10158=CARTESIAN_POINT('Origin',(-3.49999999999999,-18.8020111956142,0.));
#10159=CARTESIAN_POINT('',(4.20915032679739,-22.6115690195621,0.));
#10160=CARTESIAN_POINT('Origin',(0.,0.,0.));
#10161=CARTESIAN_POINT('Origin',(3.50000000000001,-18.8020111956142,0.));
#10162=CARTESIAN_POINT('',(-64.12499999999,-50.,0.));
#10163=CARTESIAN_POINT('Origin',(-62.24999999999,-50.,0.));
#10164=CARTESIAN_POINT('',(-64.0577376005055,34.2015594652808,0.));
#10165=CARTESIAN_POINT('Origin',(-62.1827376005055,34.2015594652808,0.));
#10166=CARTESIAN_POINT('',(60.3750000000025,34.1357632536128,0.));
#10167=CARTESIAN_POINT('Origin',(62.2500000000025,34.1357632536128,0.));
#10168=CARTESIAN_POINT('',(60.3750000000198,-50.,0.));
#10169=CARTESIAN_POINT('Origin',(62.2500000000198,-50.,0.));
#10170=CARTESIAN_POINT('',(-55.2785997280488,30.1601636373386,0.));
#10171=CARTESIAN_POINT('',(-67.249999999682,28.0110141114454,0.));
#10172=CARTESIAN_POINT('Origin',(-62.1827376005055,34.2015594652808,0.));
#10173=CARTESIAN_POINT('',(-67.2499999999299,-43.7550020015534,0.));
#10174=CARTESIAN_POINT('',(-67.2499999998452,-19.2525010007245,0.));
#10175=CARTESIAN_POINT('',(-56.0050020015718,-54.9999999999752,0.));
#10176=CARTESIAN_POINT('Origin',(-62.24999999999,-50.,0.));
#10177=CARTESIAN_POINT('',(-37.2912878653806,-54.9999999999793,0.));
#10178=CARTESIAN_POINT('',(-18.6456439326794,-54.9999999999834,0.));
#10179=CARTESIAN_POINT('',(-40.4772255928963,-50.5000000000059,0.));
#10180=CARTESIAN_POINT('Origin',(-35.0000000178446,-50.0000000000059,0.));
#10181=CARTESIAN_POINT('',(-40.5,-50.5000000000059,0.));
#10182=CARTESIAN_POINT('',(-20.2499999999825,-50.5000000000059,0.));
#10183=CARTESIAN_POINT('',(-46.,-45.0000000000059,0.));
#10184=CARTESIAN_POINT('Origin',(-40.5,-45.0000000000059,0.));
#10185=CARTESIAN_POINT('',(-46.,-20.0000000010534,0.));
#10186=CARTESIAN_POINT('',(-46.,-7.37500000059059,0.));
#10187=CARTESIAN_POINT('',(-40.5,-14.5000000010534,0.));
#10188=CARTESIAN_POINT('Origin',(-40.5,-20.0000000010534,0.));
#10189=CARTESIAN_POINT('',(-40.4772255930089,-14.5000000010534,0.));
#10190=CARTESIAN_POINT('',(-20.238612796487,-14.5000000010534,0.));
#10191=CARTESIAN_POINT('',(-35.0000000178616,-9.50000000000587,0.));
#10192=CARTESIAN_POINT('Origin',(-35.0000000178616,-15.0000000000059,0.));
#10193=CARTESIAN_POINT('',(-33.0000000089308,-9.50000000000588,0.));
#10194=CARTESIAN_POINT('',(-16.500000004448,-9.50000000000589,0.));
#10195=CARTESIAN_POINT('',(-33.0000000089308,9.50000000000002,0.));
#10196=CARTESIAN_POINT('',(-33.0000000089308,7.37499999993613,0.));
#10197=CARTESIAN_POINT('',(-35.0000000178616,9.50000000000002,0.));
#10198=CARTESIAN_POINT('',(-17.5000000089133,9.50000000000001,0.));
#10199=CARTESIAN_POINT('',(-40.4772255929133,14.5,0.));
#10200=CARTESIAN_POINT('Origin',(-35.0000000178616,15.,0.));
#10201=CARTESIAN_POINT('',(-40.5,14.5,0.));
#10202=CARTESIAN_POINT('',(-20.2499999999825,14.5,0.));
#10203=CARTESIAN_POINT('',(-44.855674059886,16.6417112268245,0.));
#10204=CARTESIAN_POINT('Origin',(-40.5,20.,0.));
#10205=CARTESIAN_POINT('',(-38.9510962707292,8.98352038980176,1.38777878078145E-16));
#10206=CARTESIAN_POINT('',(40.4772255929375,14.5000000002672,0.));
#10207=CARTESIAN_POINT('',(35.0000000178616,9.50000000000005,0.));
#10208=CARTESIAN_POINT('Origin',(35.0000000178616,15.,0.));
#10209=CARTESIAN_POINT('',(33.0000000089308,9.50000000000003,0.));
#10210=CARTESIAN_POINT('',(16.5000000044828,9.49999999999991,0.));
#10211=CARTESIAN_POINT('',(33.0000000089308,-9.50000000000587,0.));
#10212=CARTESIAN_POINT('',(33.0000000089308,-2.12500000006681,0.));
#10213=CARTESIAN_POINT('',(35.0000000178616,-9.50000000000587,0.));
#10214=CARTESIAN_POINT('',(17.5000000089483,-9.50000000000591,0.));
#10215=CARTESIAN_POINT('',(40.4772255923359,-14.4999999936805,0.));
#10216=CARTESIAN_POINT('Origin',(35.0000000178616,-15.0000000000059,0.));
#10217=CARTESIAN_POINT('',(40.5,-14.4999999936805,0.));
#10218=CARTESIAN_POINT('',(20.2500000000175,-14.4999999936805,0.));
#10219=CARTESIAN_POINT('',(46.,-19.9999999936805,0.));
#10220=CARTESIAN_POINT('Origin',(40.5,-19.9999999936805,0.));
#10221=CARTESIAN_POINT('',(46.,-44.9999999996599,0.));
#10222=CARTESIAN_POINT('',(46.,-19.8749999998939,0.));
#10223=CARTESIAN_POINT('',(40.5,-50.4999999996599,0.));
#10224=CARTESIAN_POINT('Origin',(40.5,-44.9999999996599,0.));
#10225=CARTESIAN_POINT('',(40.4772255929279,-50.4999999996599,0.));
#10226=CARTESIAN_POINT('',(20.2386127964814,-50.4999999996599,0.));
#10227=CARTESIAN_POINT('',(37.2912878653452,-54.9999999999955,0.));
#10228=CARTESIAN_POINT('Origin',(35.0000000178446,-50.0000000000059,0.));
#10229=CARTESIAN_POINT('',(56.0050020016211,-54.9999999999996,0.));
#10230=CARTESIAN_POINT('',(28.0025010008215,-54.9999999999935,0.));
#10231=CARTESIAN_POINT('',(67.2500000000066,-43.755002001591,0.));
#10232=CARTESIAN_POINT('Origin',(62.2500000000198,-50.,0.));
#10233=CARTESIAN_POINT('',(67.2499999998745,27.8907652551119,0.));
#10234=CARTESIAN_POINT('',(67.2499999998953,16.570382627554,0.));
#10235=CARTESIAN_POINT('',(55.3236900234374,30.132485832732,0.));
#10236=CARTESIAN_POINT('Origin',(62.2500000000025,34.1357632536128,0.));
#10237=CARTESIAN_POINT('',(45.2194970359682,17.1757571411123,0.));
#10238=CARTESIAN_POINT('',(33.7776250391423,2.50370650124774,1.38777878078145E-16));
#10239=CARTESIAN_POINT('',(40.4999999999999,14.5000000002672,0.));
#10240=CARTESIAN_POINT('Origin',(40.4999999999999,20.0000000002672,0.));
#10241=CARTESIAN_POINT('',(20.2386127964862,14.5000000002672,0.));
#10242=CARTESIAN_POINT('',(-15.7110616134764,20.7162386300068,0.));
#10243=CARTESIAN_POINT('',(15.7110616111432,20.7162386265883,0.));
#10244=CARTESIAN_POINT('Origin',(0.,0.,0.));
#10245=CARTESIAN_POINT('',(20.,32.5000000034045,0.));
#10246=CARTESIAN_POINT('',(14.4512316240398,17.2548841846698,1.38777878078145E-16));
#10247=CARTESIAN_POINT('',(20.,45.0000000005279,0.));
#10248=CARTESIAN_POINT('',(20.,25.1250000002,0.));
#10249=CARTESIAN_POINT('',(21.610912703474,48.8890872970539,0.));
#10250=CARTESIAN_POINT('Origin',(25.5,45.0000000005279,0.));
#10251=CARTESIAN_POINT('',(14.466165890985,64.2110462817251,0.));
#10252=CARTESIAN_POINT('',(24.4659879330142,42.7663587087294,0.));
#10253=CARTESIAN_POINT('',(-14.4661658906777,64.2110462818564,0.));
#10254=CARTESIAN_POINT('Origin',(6.97664148674448E-11,-16.3227040810495,
0.));
#10255=CARTESIAN_POINT('',(-21.610912703474,48.889087296526,0.));
#10256=CARTESIAN_POINT('',(-28.0383613391514,35.1053792160961,0.));
#10257=CARTESIAN_POINT('',(-20.,45.,0.));
#10258=CARTESIAN_POINT('Origin',(-25.5,45.,0.));
#10259=CARTESIAN_POINT('',(-20.,32.5000000004124,0.));
#10260=CARTESIAN_POINT('',(-20.,18.8750000001423,0.));
#10261=CARTESIAN_POINT('',(-12.3067624312547,11.3630034977847,0.));
#10262=CARTESIAN_POINT('Origin',(62.2500000000198,-50.,2.));
#10263=CARTESIAN_POINT('',(56.0050020016211,-54.9999999999996,2.));
#10264=CARTESIAN_POINT('',(56.0050020016211,-54.9999999999996,2.));
#10265=CARTESIAN_POINT('',(65.2499999999983,-42.5838015128956,2.));
#10266=CARTESIAN_POINT('Origin',(62.2500000000198,-50.,2.));
#10267=CARTESIAN_POINT('',(67.2500000000066,-43.755002001591,2.));
#10268=CARTESIAN_POINT('Origin',(62.2500000000198,-50.,2.));
#10269=CARTESIAN_POINT('',(67.2500000000066,-43.755002001591,2.));
#10270=CARTESIAN_POINT('Origin',(67.2499999998745,27.8907652551119,2.));
#10271=CARTESIAN_POINT('',(67.2499999998745,27.8907652551119,2.));
#10272=CARTESIAN_POINT('',(67.2500000000144,-47.9999999999878,2.));
#10273=CARTESIAN_POINT('',(67.2499999998745,27.8907652551119,2.));
#10274=CARTESIAN_POINT('Origin',(62.2500000000025,34.1357632536128,2.));
#10275=CARTESIAN_POINT('',(65.2499999998765,26.7195647664662,2.));
#10276=CARTESIAN_POINT('Origin',(62.2500000000025,34.1357632536128,2.));
#10277=CARTESIAN_POINT('',(55.3236900234374,30.132485832732,2.));
#10278=CARTESIAN_POINT('Origin',(62.2500000000025,34.1357632536128,2.));
#10279=CARTESIAN_POINT('',(55.3236900234374,30.132485832732,2.));
#10280=CARTESIAN_POINT('Origin',(45.2194970359682,17.1757571411123,2.));
#10281=CARTESIAN_POINT('',(45.2194970359682,17.1757571411123,2.));
#10282=CARTESIAN_POINT('',(33.7776250391423,2.50370650124774,2.));
#10283=CARTESIAN_POINT('',(45.2194970359682,17.1757571411123,2.));
#10284=CARTESIAN_POINT('Origin',(33.0000000089308,-9.50000000000587,2.));
#10285=CARTESIAN_POINT('',(33.0000000089308,9.50000000000003,2.));
#10286=CARTESIAN_POINT('',(33.0000000089308,9.50000000000003,2.));
#10287=CARTESIAN_POINT('',(33.0000000089308,-9.50000000000587,2.));
#10288=CARTESIAN_POINT('',(33.0000000089308,-2.12500000006681,2.));
#10289=CARTESIAN_POINT('',(33.0000000089308,-9.50000000000587,2.));
#10290=CARTESIAN_POINT('Origin',(50.1250000044687,-12.4337570836338,2.));
#10291=CARTESIAN_POINT('',(65.2499999998942,16.6468316014604,2.));
#10292=CARTESIAN_POINT('Origin',(-33.0000000089308,9.50000000000002,2.));
#10293=CARTESIAN_POINT('',(-33.0000000089308,-9.50000000000588,2.));
#10294=CARTESIAN_POINT('',(-33.0000000089308,-9.50000000000588,2.));
#10295=CARTESIAN_POINT('',(-33.0000000089308,9.50000000000002,2.));
#10296=CARTESIAN_POINT('',(-33.0000000089308,7.37499999993613,2.));
#10297=CARTESIAN_POINT('',(-33.0000000089308,9.50000000000002,2.));
#10298=CARTESIAN_POINT('Origin',(-55.2785997280488,30.1601636373386,2.));
#10299=CARTESIAN_POINT('',(-44.855674059886,16.6417112268245,2.));
#10300=CARTESIAN_POINT('',(-44.855674059886,16.6417112268245,2.));
#10301=CARTESIAN_POINT('',(-55.2785997280488,30.1601636373386,2.));
#10302=CARTESIAN_POINT('',(-38.9510962707292,8.98352038980176,2.));
#10303=CARTESIAN_POINT('',(-55.2785997280488,30.1601636373386,2.));
#10304=CARTESIAN_POINT('Origin',(-62.1827376005055,34.2015594652808,2.));
#10305=CARTESIAN_POINT('',(-65.2499999996648,26.8129262104289,2.));
#10306=CARTESIAN_POINT('Origin',(-62.1827376005055,34.2015594652808,2.));
#10307=CARTESIAN_POINT('',(-67.249999999682,28.0110141114454,2.));
#10308=CARTESIAN_POINT('Origin',(-62.1827376005055,34.2015594652808,2.));
#10309=CARTESIAN_POINT('',(-67.249999999682,28.0110141114454,2.));
#10310=CARTESIAN_POINT('Origin',(-67.2499999999299,-43.7550020015534,2.));
#10311=CARTESIAN_POINT('',(-67.2499999999299,-43.7550020015534,2.));
#10312=CARTESIAN_POINT('',(-67.2499999996819,28.0436632035383,2.));
#10313=CARTESIAN_POINT('',(-67.2499999999299,-43.7550020015534,2.));
#10314=CARTESIAN_POINT('Origin',(-62.24999999999,-50.,2.));
#10315=CARTESIAN_POINT('',(-65.2499999999243,-42.5838015128777,2.));
#10316=CARTESIAN_POINT('Origin',(-62.24999999999,-50.,2.));
#10317=CARTESIAN_POINT('',(-56.0050020015718,-54.9999999999752,2.));
#10318=CARTESIAN_POINT('Origin',(-62.24999999999,-50.,2.));
#10319=CARTESIAN_POINT('',(-56.0050020015718,-54.9999999999752,2.));
#10320=CARTESIAN_POINT('Origin',(-50.1250000044303,-12.4199181813203,2.));
#10321=CARTESIAN_POINT('',(-65.249999999845,-21.3750014978974,2.));
#10322=CARTESIAN_POINT('Origin',(14.466165890985,64.2110462817251,2.));
#10323=CARTESIAN_POINT('',(21.610912703474,48.8890872970539,2.));
#10324=CARTESIAN_POINT('',(21.610912703474,48.8890872970539,2.));
#10325=CARTESIAN_POINT('',(14.466165890985,64.2110462817251,2.));
#10326=CARTESIAN_POINT('',(24.4659879330142,42.7663587087294,2.));
#10327=CARTESIAN_POINT('',(14.466165890985,64.2110462817251,2.));
#10328=CARTESIAN_POINT('Origin',(-21.610912703474,48.889087296526,2.));
#10329=CARTESIAN_POINT('',(-14.4661658906777,64.2110462818564,2.));
#10330=CARTESIAN_POINT('',(-14.4661658906777,64.2110462818564,2.));
#10331=CARTESIAN_POINT('',(-21.610912703474,48.889087296526,2.));
#10332=CARTESIAN_POINT('',(-28.0383613391514,35.1053792160961,2.));
#10333=CARTESIAN_POINT('',(-21.610912703474,48.889087296526,2.));
#10334=CARTESIAN_POINT('Origin',(-15.7110616134764,20.7162386300068,2.));
#10335=CARTESIAN_POINT('',(-20.,32.5000000004124,2.));
#10336=CARTESIAN_POINT('',(-20.,32.5000000004124,2.));
#10337=CARTESIAN_POINT('',(-15.7110616134764,20.7162386300068,2.));
#10338=CARTESIAN_POINT('',(-12.3067624312547,11.3630034977847,2.));
#10339=CARTESIAN_POINT('',(-15.7110616134764,20.7162386300068,2.));
#10340=CARTESIAN_POINT('Origin',(0.,0.,2.));
#10341=CARTESIAN_POINT('',(15.7110616111432,20.7162386265883,2.));
#10342=CARTESIAN_POINT('Origin',(0.,0.,2.));
#10343=CARTESIAN_POINT('',(15.7110616111432,20.7162386265883,2.));
#10344=CARTESIAN_POINT('Origin',(20.,32.5000000034045,2.));
#10345=CARTESIAN_POINT('',(20.,32.5000000034045,2.));
#10346=CARTESIAN_POINT('',(14.4512316240398,17.2548841846698,2.));
#10347=CARTESIAN_POINT('',(20.,32.5000000034045,2.));
#10348=CARTESIAN_POINT('Origin',(3.49231754626089E-11,5.24999999987222,
2.));
#10349=CARTESIAN_POINT('',(-65.2499999999445,-47.9999999999772,2.));
#10350=CARTESIAN_POINT('',(-65.249999999845,-21.3750014978974,2.));
#10351=CARTESIAN_POINT('',(-65.1444271909625,-49.2111456178995,2.));
#10352=CARTESIAN_POINT('Origin',(-58.2499999999585,-48.0000000000034,2.));
#10353=CARTESIAN_POINT('',(-63.3555728089146,-52.7888543820298,2.));
#10354=CARTESIAN_POINT('Origin',(-62.24999999999,-50.,2.));
#10355=CARTESIAN_POINT('',(-58.2499999999591,-54.9999999999895,2.));
#10356=CARTESIAN_POINT('Origin',(-58.2499999999585,-48.0000000000034,2.));
#10357=CARTESIAN_POINT('',(-60.2500092496574,-54.9999999999893,2.));
#10358=CARTESIAN_POINT('',(-64.12499999999,-50.,2.));
#10359=CARTESIAN_POINT('Origin',(-62.24999999999,-50.,2.));
#10360=CARTESIAN_POINT('Origin',(3.49231754626089E-11,5.24999999987222,
2.));
#10361=CARTESIAN_POINT('',(-46.,20.,2.));
#10362=CARTESIAN_POINT('Origin',(-40.5,20.,2.));
#10363=CARTESIAN_POINT('',(-46.,45.000000002067,2.));
#10364=CARTESIAN_POINT('',(-46.,25.1250000009696,2.));
#10365=CARTESIAN_POINT('',(-40.5,50.500000002067,2.));
#10366=CARTESIAN_POINT('Origin',(-40.5,45.000000002067,2.));
#10367=CARTESIAN_POINT('',(-40.4772255927244,50.500000002067,2.));
#10368=CARTESIAN_POINT('',(-20.2386127963447,50.500000002067,2.));
#10369=CARTESIAN_POINT('',(-35.0000000178616,55.5000000000001,2.));
#10370=CARTESIAN_POINT('Origin',(-35.0000000178616,50.,2.));
#10371=CARTESIAN_POINT('',(-31.,55.5,2.));
#10372=CARTESIAN_POINT('',(-15.4999999999823,55.4999999999999,2.));
#10373=CARTESIAN_POINT('',(-25.5227744249483,50.5,2.));
#10374=CARTESIAN_POINT('Origin',(-31.,50.,2.));
#10375=CARTESIAN_POINT('',(-25.5,50.5,2.));
#10376=CARTESIAN_POINT('',(-12.7499999999825,50.5,2.));
#10377=CARTESIAN_POINT('Origin',(-25.5,45.,2.));
#10378=CARTESIAN_POINT('',(-61.8994577517123,37.1881549396073,2.));
#10379=CARTESIAN_POINT('Origin',(6.97664148674448E-11,-16.3227040810495,
2.));
#10380=CARTESIAN_POINT('',(-65.0481120598224,33.3129486348862,2.));
#10381=CARTESIAN_POINT('Origin',(-62.1827376005055,34.2015594652808,2.));
#10382=CARTESIAN_POINT('',(-65.2499999996468,31.643915256768,2.));
#10383=CARTESIAN_POINT('Origin',(-58.2499999994853,31.6439152567418,2.));
#10384=CARTESIAN_POINT('',(-65.249999999845,-21.3750014978974,2.));
#10385=CARTESIAN_POINT('',(-64.0577376005055,34.2015594652808,2.));
#10386=CARTESIAN_POINT('Origin',(-62.1827376005055,34.2015594652808,2.));
#10387=CARTESIAN_POINT('Origin',(3.49231754626089E-11,5.24999999987222,
2.));
#10388=CARTESIAN_POINT('',(65.2499999998675,31.8401578484397,2.));
#10389=CARTESIAN_POINT('',(65.2499999998942,16.6468316014604,2.));
#10390=CARTESIAN_POINT('',(65.1103877727977,33.2312292358756,2.));
#10391=CARTESIAN_POINT('Origin',(58.2500000000568,31.8401578484274,2.));
#10392=CARTESIAN_POINT('',(61.957078640957,37.1214285190796,2.));
#10393=CARTESIAN_POINT('Origin',(62.2500000000025,34.1357632536128,2.));
#10394=CARTESIAN_POINT('Origin',(6.97664148674448E-11,-16.3227040810495,
2.));
#10395=CARTESIAN_POINT('',(25.5,50.5000000005279,2.));
#10396=CARTESIAN_POINT('Origin',(25.5,45.0000000005279,2.));
#10397=CARTESIAN_POINT('',(25.5227744249961,50.5000000005279,2.));
#10398=CARTESIAN_POINT('',(12.7613872125155,50.5000000005279,2.));
#10399=CARTESIAN_POINT('',(31.,55.5,2.));
#10400=CARTESIAN_POINT('Origin',(31.,50.,2.));
#10401=CARTESIAN_POINT('',(35.0000000178616,55.5000000000001,2.));
#10402=CARTESIAN_POINT('',(17.5000000089479,55.4999999999998,2.));
#10403=CARTESIAN_POINT('',(40.4772255928558,50.5000000006334,2.));
#10404=CARTESIAN_POINT('Origin',(35.0000000178616,50.,2.));
#10405=CARTESIAN_POINT('',(40.5,50.5000000006334,2.));
#10406=CARTESIAN_POINT('',(20.2500000000174,50.5000000006334,2.));
#10407=CARTESIAN_POINT('',(46.,45.0000000006334,2.));
#10408=CARTESIAN_POINT('Origin',(40.5,45.0000000006334,2.));
#10409=CARTESIAN_POINT('',(45.9999999999999,20.0000000002671,2.));
#10410=CARTESIAN_POINT('',(45.9999999999999,12.6250000000697,2.));
#10411=CARTESIAN_POINT('Origin',(40.4999999999999,20.0000000002672,2.));
#10412=CARTESIAN_POINT('',(60.3750000000025,34.1357632536128,2.));
#10413=CARTESIAN_POINT('Origin',(62.2500000000025,34.1357632536128,2.));
#10414=CARTESIAN_POINT('Origin',(3.49231754626089E-11,5.24999999987222,
2.));
#10415=CARTESIAN_POINT('',(58.2500000000066,-55.0000000000003,2.));
#10416=CARTESIAN_POINT('',(-60.2500092496574,-54.9999999999893,2.));
#10417=CARTESIAN_POINT('',(63.3555728090008,-52.7888543820074,2.));
#10418=CARTESIAN_POINT('Origin',(58.2500000000072,-47.9999999999998,2.));
#10419=CARTESIAN_POINT('',(65.1444271910124,-49.2111456179733,2.));
#10420=CARTESIAN_POINT('Origin',(62.2500000000198,-50.,2.));
#10421=CARTESIAN_POINT('',(65.2500000000078,-47.9999999999875,2.));
#10422=CARTESIAN_POINT('Origin',(58.2500000000072,-47.9999999999998,2.));
#10423=CARTESIAN_POINT('',(65.2499999998942,16.6468316014604,2.));
#10424=CARTESIAN_POINT('',(60.3750000000198,-50.,2.));
#10425=CARTESIAN_POINT('Origin',(62.2500000000198,-50.,2.));
#10426=CARTESIAN_POINT('Origin',(3.49231754626089E-11,5.24999999987222,
2.));
#10427=CARTESIAN_POINT('',(31.,9.50000000000002,2.));
#10428=CARTESIAN_POINT('',(15.5000000000174,9.4999999999999,2.));
#10429=CARTESIAN_POINT('',(25.5227744243751,14.5000000062811,2.));
#10430=CARTESIAN_POINT('Origin',(31.,15.,2.));
#10431=CARTESIAN_POINT('',(25.5,14.5000000062811,2.));
#10432=CARTESIAN_POINT('',(12.7500000000175,14.5000000062811,2.));
#10433=CARTESIAN_POINT('',(20.,20.0000000062811,2.));
#10434=CARTESIAN_POINT('Origin',(25.5,20.0000000062811,2.));
#10435=CARTESIAN_POINT('',(20.,25.1250000002,2.));
#10436=CARTESIAN_POINT('',(-20.,20.0000000008249,2.));
#10437=CARTESIAN_POINT('',(-20.,12.6250000003485,2.));
#10438=CARTESIAN_POINT('',(-25.5,14.5000000008248,2.));
#10439=CARTESIAN_POINT('Origin',(-25.5,20.0000000008249,2.));
#10440=CARTESIAN_POINT('',(-25.522774424873,14.5000000008248,2.));
#10441=CARTESIAN_POINT('',(-12.7613872124191,14.5000000008248,2.));
#10442=CARTESIAN_POINT('',(-31.,9.50000000000002,2.));
#10443=CARTESIAN_POINT('Origin',(-31.,15.,2.));
#10444=CARTESIAN_POINT('',(-17.5000000089133,9.50000000000001,2.));
#10445=CARTESIAN_POINT('',(-31.,-9.50000000000588,2.));
#10446=CARTESIAN_POINT('',(-15.4999999999826,-9.50000000000589,2.));
#10447=CARTESIAN_POINT('',(-25.5227744250827,-14.499999998534,2.));
#10448=CARTESIAN_POINT('Origin',(-31.,-15.0000000000059,2.));
#10449=CARTESIAN_POINT('',(-25.5,-14.499999998534,2.));
#10450=CARTESIAN_POINT('',(-12.7499999999825,-14.499999998534,2.));
#10451=CARTESIAN_POINT('',(-20.,-19.999999998534,2.));
#10452=CARTESIAN_POINT('Origin',(-25.5,-19.999999998534,2.));
#10453=CARTESIAN_POINT('',(-20.,-45.0000000000059,2.));
#10454=CARTESIAN_POINT('',(-20.,-19.8750000000668,2.));
#10455=CARTESIAN_POINT('',(-25.5,-50.5000000000059,2.));
#10456=CARTESIAN_POINT('Origin',(-25.5,-45.0000000000059,2.));
#10457=CARTESIAN_POINT('',(-25.5227744249484,-50.5000000000059,2.));
#10458=CARTESIAN_POINT('',(-12.7613872124567,-50.5000000000059,2.));
#10459=CARTESIAN_POINT('',(-28.7087121524681,-54.9999999999812,2.));
#10460=CARTESIAN_POINT('Origin',(-31.,-50.0000000000059,2.));
#10461=CARTESIAN_POINT('',(28.7087121524954,-54.9999999999937,2.));
#10462=CARTESIAN_POINT('',(-60.2500092496574,-54.9999999999893,2.));
#10463=CARTESIAN_POINT('',(25.5227744249511,-50.5000000000358,2.));
#10464=CARTESIAN_POINT('Origin',(31.,-50.0000000000059,2.));
#10465=CARTESIAN_POINT('',(25.499999999996,-50.5000000000358,2.));
#10466=CARTESIAN_POINT('',(12.7500000000046,-50.5000000000308,2.));
#10467=CARTESIAN_POINT('',(20.,-45.0000000000358,2.));
#10468=CARTESIAN_POINT('Origin',(25.5,-45.0000000000358,2.));
#10469=CARTESIAN_POINT('',(20.,-20.0000000000896,2.));
#10470=CARTESIAN_POINT('',(20.,-7.37500000010868,2.));
#10471=CARTESIAN_POINT('',(25.5000000000379,-14.5000000000897,2.));
#10472=CARTESIAN_POINT('Origin',(25.4999999999999,-20.0000000000896,2.));
#10473=CARTESIAN_POINT('',(25.5227744249407,-14.5000000000899,2.));
#10474=CARTESIAN_POINT('',(12.7613872124194,-14.5000000000015,2.));
#10475=CARTESIAN_POINT('',(31.,-9.50000000000588,2.));
#10476=CARTESIAN_POINT('Origin',(31.,-15.0000000000059,2.));
#10477=CARTESIAN_POINT('',(17.5000000089483,-9.50000000000591,2.));
#10478=CARTESIAN_POINT('',(-13.7943007043259,19.3480628456994,2.));
#10479=CARTESIAN_POINT('Ctrl Pts',(-22.5065985319689,-9.70782480734929,
2.));
#10480=CARTESIAN_POINT('Ctrl Pts',(-22.6893160121473,-9.25528830809009,
2.));
#10481=CARTESIAN_POINT('Ctrl Pts',(-22.8585558056317,-8.79725531135495,
2.));
#10482=CARTESIAN_POINT('Ctrl Pts',(-23.0141341120805,-8.33435993842637,
2.));
#10483=CARTESIAN_POINT('Ctrl Pts',(-23.1690918403201,-7.8733109847587,2.));
#10484=CARTESIAN_POINT('Ctrl Pts',(-23.3104969451327,-7.40743785454485,
2.));
#10485=CARTESIAN_POINT('Ctrl Pts',(-23.4381169759566,-6.93735879619746,
2.));
#10486=CARTESIAN_POINT('Ctrl Pts',(-23.5646710151648,-6.47120624007432,
2.));
#10487=CARTESIAN_POINT('Ctrl Pts',(-23.6776693669095,-6.0009172332502,2.));
#10488=CARTESIAN_POINT('Ctrl Pts',(-23.776834183438,-5.52709395114584,2.));
#10489=CARTESIAN_POINT('Ctrl Pts',(-23.7908780804021,-5.45999025866679,
2.));
#10490=CARTESIAN_POINT('Ctrl Pts',(-23.8046444365704,-5.39281568611515,
2.));
#10491=CARTESIAN_POINT('Ctrl Pts',(-23.8181323777188,-5.32557195160972,
2.));
#10492=CARTESIAN_POINT('Ctrl Pts',(-23.8304724138562,-5.2640510638268,2.));
#10493=CARTESIAN_POINT('Ctrl Pts',(-23.8425806058702,-5.20246585327011,
2.));
#10494=CARTESIAN_POINT('Ctrl Pts',(-23.8544496925095,-5.14085241262365,
2.));
#10495=CARTESIAN_POINT('Ctrl Pts',(-23.9464293368607,-4.66337823705248,
2.));
#10496=CARTESIAN_POINT('Ctrl Pts',(-24.0241193303098,-4.18389742334943,
2.));
#10497=CARTESIAN_POINT('Ctrl Pts',(-24.087422033873,-3.70304952886343,2.));
#10498=CARTESIAN_POINT('Ctrl Pts',(-24.1524372792925,-3.2091931513357,2.));
#10499=CARTESIAN_POINT('Ctrl Pts',(-24.2022766160204,-2.71389422257731,
2.));
#10500=CARTESIAN_POINT('Ctrl Pts',(-24.2367791007879,-2.21783100376476,
2.));
#10501=CARTESIAN_POINT('Ctrl Pts',(-24.2712815855554,-1.7217677849522,2.));
#10502=CARTESIAN_POINT('Ctrl Pts',(-24.2904473440106,-1.22493969459652,
2.));
#10503=CARTESIAN_POINT('Ctrl Pts',(-24.2940577182043,-0.728018886375541,
2.));
#10504=CARTESIAN_POINT('Ctrl Pts',(-24.297643517375,-0.234480508806698,
2.));
#10505=CARTESIAN_POINT('Ctrl Pts',(-24.2858848282608,0.259149898477555,
2.));
#10506=CARTESIAN_POINT('Ctrl Pts',(-24.2589590248877,0.752192837953921,
2.));
#10507=CARTESIAN_POINT('Ctrl Pts',(-24.2325478202933,1.23581287215997,2.));
#10508=CARTESIAN_POINT('Ctrl Pts',(-24.1915434004636,1.71886817800079,2.));
#10509=CARTESIAN_POINT('Ctrl Pts',(-24.1360617515634,2.20070715803746,2.));
#10510=CARTESIAN_POINT('Ctrl Pts',(-24.0935046307246,2.57030107070522,2.));
#10511=CARTESIAN_POINT('Ctrl Pts',(-24.0424285942245,2.93917919945778,2.));
#10512=CARTESIAN_POINT('Ctrl Pts',(-23.9828663950281,3.30704049933617,2.));
#10513=CARTESIAN_POINT('Ctrl Pts',(-23.9568079328797,3.46797981803297,2.));
#10514=CARTESIAN_POINT('Ctrl Pts',(-23.9291249502872,3.62872441637824,2.));
#10515=CARTESIAN_POINT('Ctrl Pts',(-23.899819193119,3.78924860490383,2.));
#10516=CARTESIAN_POINT('Ctrl Pts',(-23.8829703534824,3.88153921847653,2.));
#10517=CARTESIAN_POINT('Ctrl Pts',(-23.865585098396,3.97375697029446,2.));
#10518=CARTESIAN_POINT('Ctrl Pts',(-23.847663670262,4.06589692823559,2.));
#10519=CARTESIAN_POINT('Ctrl Pts',(-23.8357398746945,4.12720108401378,2.));
#10520=CARTESIAN_POINT('Ctrl Pts',(-23.8235773816047,4.18847725378264,2.));
#10521=CARTESIAN_POINT('Ctrl Pts',(-23.8111833305819,4.24968958141441,2.));
#10522=CARTESIAN_POINT('Ctrl Pts',(-23.715730314963,4.72111746683746,2.));
#10523=CARTESIAN_POINT('Ctrl Pts',(-23.6064933524805,5.18905118993888,2.));
#10524=CARTESIAN_POINT('Ctrl Pts',(-23.4837084602556,5.65288126570993,2.));
#10525=CARTESIAN_POINT('Ctrl Pts',(-23.3601747925642,6.11953990267529,2.));
#10526=CARTESIAN_POINT('Ctrl Pts',(-23.2229273528266,6.58204520737536,2.));
#10527=CARTESIAN_POINT('Ctrl Pts',(-23.0721543122348,7.03976980588931,2.));
#10528=CARTESIAN_POINT('Ctrl Pts',(-22.9216111819994,7.4967964306462,2.));
#10529=CARTESIAN_POINT('Ctrl Pts',(-22.7575835115925,7.94905742379269,2.));
#10530=CARTESIAN_POINT('Ctrl Pts',(-22.5802087779302,8.39591397374284,2.));
#10531=CARTESIAN_POINT('Ctrl Pts',(-22.4044751969499,8.83863600120379,2.));
#10532=CARTESIAN_POINT('Ctrl Pts',(-22.2156401923379,9.27605358998785,2.));
#10533=CARTESIAN_POINT('Ctrl Pts',(-22.0137912931461,9.7075243070568,2.));
#10534=CARTESIAN_POINT('Ctrl Pts',(-21.8595176230753,10.0372985655086,2.));
#10535=CARTESIAN_POINT('Ctrl Pts',(-21.6976408292373,10.3635985379092,2.));
#10536=CARTESIAN_POINT('Ctrl Pts',(-21.5281825934902,10.6861264145838,2.));
#10537=CARTESIAN_POINT('Ctrl Pts',(-21.3010889996815,11.1183509936642,2.));
#10538=CARTESIAN_POINT('Ctrl Pts',(-21.0603809662076,11.5438027451359,2.));
#10539=CARTESIAN_POINT('Ctrl Pts',(-20.8064707455894,11.9619414228026,2.));
#10540=CARTESIAN_POINT('Ctrl Pts',(-20.695385024069,12.1448770942818,2.));
#10541=CARTESIAN_POINT('Ctrl Pts',(-20.5817718078782,12.3264125072205,2.));
#10542=CARTESIAN_POINT('Ctrl Pts',(-20.4656633481031,12.5064999896705,2.));
#10543=CARTESIAN_POINT('Ctrl Pts',(-20.411336561697,12.5907623613565,2.));
#10544=CARTESIAN_POINT('Ctrl Pts',(-20.3564634792335,12.6747077189481,2.));
#10545=CARTESIAN_POINT('Ctrl Pts',(-20.3010473088088,12.7583310582956,2.));
#10546=CARTESIAN_POINT('Ctrl Pts',(-20.2805216797372,12.7893043578221,2.));
#10547=CARTESIAN_POINT('Ctrl Pts',(-20.2599225413753,12.820231948832,2.));
#10548=CARTESIAN_POINT('Ctrl Pts',(-20.2392551997075,12.8511060107335,2.));
#10549=CARTESIAN_POINT('Ctrl Pts',(-19.9746327372761,13.2464142422882,2.));
#10550=CARTESIAN_POINT('Ctrl Pts',(-19.6986002687063,13.6333006881123,2.));
#10551=CARTESIAN_POINT('Ctrl Pts',(-19.4116682888328,14.011359650276,2.));
#10552=CARTESIAN_POINT('Ctrl Pts',(-19.1225841725482,14.392254247765,2.));
#10553=CARTESIAN_POINT('Ctrl Pts',(-18.8224361119257,14.7641888476915,2.));
#10554=CARTESIAN_POINT('Ctrl Pts',(-18.5117000697024,15.1267222515018,2.));
#10555=CARTESIAN_POINT('Ctrl Pts',(-18.2000531251959,15.4903183981561,2.));
#10556=CARTESIAN_POINT('Ctrl Pts',(-17.8777556811709,15.8444585453948,2.));
#10557=CARTESIAN_POINT('Ctrl Pts',(-17.5452467768402,16.1886652467457,2.));
#10558=CARTESIAN_POINT('Ctrl Pts',(-17.2142557041814,16.5313007184958,2.));
#10559=CARTESIAN_POINT('Ctrl Pts',(-16.8731457989916,16.8640935747895,2.));
#10560=CARTESIAN_POINT('Ctrl Pts',(-16.5223150153638,17.1865353535723,2.));
#10561=CARTESIAN_POINT('Ctrl Pts',(-16.1739425410468,17.5067177478768,2.));
#10562=CARTESIAN_POINT('Ctrl Pts',(-15.8159845650204,17.8166939403729,2.));
#10563=CARTESIAN_POINT('Ctrl Pts',(-15.4488017356033,18.1159240299102,2.));
#10564=CARTESIAN_POINT('Ctrl Pts',(-15.0871424777205,18.4106527684247,2.));
#10565=CARTESIAN_POINT('Ctrl Pts',(-14.7165334439555,18.6949565221192,2.));
#10566=CARTESIAN_POINT('Ctrl Pts',(-14.3372966294639,18.9682743906826,2.));
#10567=CARTESIAN_POINT('Ctrl Pts',(-14.1582114248407,19.0973419931633,2.));
#10568=CARTESIAN_POINT('Ctrl Pts',(-13.9772019587828,19.2239591020006,2.));
#10569=CARTESIAN_POINT('Ctrl Pts',(-13.7943007043259,19.3480628456994,2.));
#10570=CARTESIAN_POINT('',(13.793832605669,19.348389832953,2.));
#10571=CARTESIAN_POINT('Origin',(0.,0.,2.));
#10572=CARTESIAN_POINT('Ctrl Pts',(13.7938326056691,19.3483898329529,2.));
#10573=CARTESIAN_POINT('Ctrl Pts',(14.186857971373,19.0811595202083,2.));
#10574=CARTESIAN_POINT('Ctrl Pts',(14.5715239479947,18.8023903291871,2.));
#10575=CARTESIAN_POINT('Ctrl Pts',(14.9474094857195,18.5125977956732,2.));
#10576=CARTESIAN_POINT('Ctrl Pts',(15.3258171838511,18.2208607785843,2.));
#10577=CARTESIAN_POINT('Ctrl Pts',(15.6953266358388,17.9179516974562,2.));
#10578=CARTESIAN_POINT('Ctrl Pts',(16.055483846967,17.604349562691,2.));
#10579=CARTESIAN_POINT('Ctrl Pts',(16.4164021473903,17.2900847194744,2.));
#10580=CARTESIAN_POINT('Ctrl Pts',(16.7679290535588,16.9650812504612,2.));
#10581=CARTESIAN_POINT('Ctrl Pts',(17.1095769914362,16.6297789551222,2.));
#10582=CARTESIAN_POINT('Ctrl Pts',(17.3897195688556,16.3548396424061,2.));
#10583=CARTESIAN_POINT('Ctrl Pts',(17.6632194803082,16.0729749700501,2.));
#10584=CARTESIAN_POINT('Ctrl Pts',(17.9297895968724,15.7844086391349,2.));
#10585=CARTESIAN_POINT('Ctrl Pts',(18.0320151115207,15.6737479166646,2.));
#10586=CARTESIAN_POINT('Ctrl Pts',(18.1332213416422,15.5621014803189,2.));
#10587=CARTESIAN_POINT('Ctrl Pts',(18.2333913712282,15.4494813514372,2.));
#10588=CARTESIAN_POINT('Ctrl Pts',(18.3053879448478,15.3685363478908,2.));
#10589=CARTESIAN_POINT('Ctrl Pts',(18.3768492166148,15.2870883353908,2.));
#10590=CARTESIAN_POINT('Ctrl Pts',(18.4477687690739,15.2051416793029,2.));
#10591=CARTESIAN_POINT('Ctrl Pts',(18.4802608495168,15.1675974866323,2.));
#10592=CARTESIAN_POINT('Ctrl Pts',(18.5126379394161,15.1299500667585,2.));
#10593=CARTESIAN_POINT('Ctrl Pts',(18.5448920363464,15.0922086314513,2.));
#10594=CARTESIAN_POINT('Ctrl Pts',(18.8576180346779,14.7262790548024,2.));
#10595=CARTESIAN_POINT('Ctrl Pts',(19.1589809706176,14.3512883946796,2.));
#10596=CARTESIAN_POINT('Ctrl Pts',(19.4485205775053,13.9677100933589,2.));
#10597=CARTESIAN_POINT('Ctrl Pts',(19.6826929235379,13.6574816183224,2.));
#10598=CARTESIAN_POINT('Ctrl Pts',(19.9091309589416,13.3416349309072,2.));
#10599=CARTESIAN_POINT('Ctrl Pts',(20.1275742370698,13.0204021997321,2.));
#10600=CARTESIAN_POINT('Ctrl Pts',(20.4049058173292,12.6125710147617,2.));
#10601=CARTESIAN_POINT('Ctrl Pts',(20.6693529449486,12.1960593022912,2.));
#10602=CARTESIAN_POINT('Ctrl Pts',(20.9207255675607,11.7715633563184,2.));
#10603=CARTESIAN_POINT('Ctrl Pts',(21.1406766123464,11.4001294035922,2.));
#10604=CARTESIAN_POINT('Ctrl Pts',(21.3506168824389,11.0225817133706,2.));
#10605=CARTESIAN_POINT('Ctrl Pts',(21.5503875475096,10.6393676115198,2.));
#10606=CARTESIAN_POINT('Ctrl Pts',(21.6377872134781,10.4717114419601,2.));
#10607=CARTESIAN_POINT('Ctrl Pts',(21.723239962724,10.3029704835703,2.));
#10608=CARTESIAN_POINT('Ctrl Pts',(21.8067306312758,10.1331813470242,2.));
#10609=CARTESIAN_POINT('Ctrl Pts',(21.8393262949172,10.0668938243484,2.));
#10610=CARTESIAN_POINT('Ctrl Pts',(21.8716228844769,10.0004465327866,2.));
#10611=CARTESIAN_POINT('Ctrl Pts',(21.9036194492191,9.93384163298976,2.));
#10612=CARTESIAN_POINT('Ctrl Pts',(21.9232758125839,9.89292442444472,2.));
#10613=CARTESIAN_POINT('Ctrl Pts',(21.9428184162498,9.85194878397448,2.));
#10614=CARTESIAN_POINT('Ctrl Pts',(21.9622417067199,9.81092667603556,2.));
#10615=CARTESIAN_POINT('Ctrl Pts',(22.1669779709715,9.3785224372127,2.));
#10616=CARTESIAN_POINT('Ctrl Pts',(22.3586243659759,8.94061911611319,2.));
#10617=CARTESIAN_POINT('Ctrl Pts',(22.5370767699898,8.4978798919086,2.));
#10618=CARTESIAN_POINT('Ctrl Pts',(22.7171196705491,8.05119465638271,2.));
#10619=CARTESIAN_POINT('Ctrl Pts',(22.883732581019,7.59958648968489,2.));
#10620=CARTESIAN_POINT('Ctrl Pts',(23.0367662135013,7.14370452191379,2.));
#10621=CARTESIAN_POINT('Ctrl Pts',(23.1905761042779,6.68551010717978,2.));
#10622=CARTESIAN_POINT('Ctrl Pts',(23.3306688320408,6.22299794662631,2.));
#10623=CARTESIAN_POINT('Ctrl Pts',(23.4568467687505,5.75680195271869,2.));
#10624=CARTESIAN_POINT('Ctrl Pts',(23.5827628802938,5.29157333747399,2.));
#10625=CARTESIAN_POINT('Ctrl Pts',(23.6948220652764,4.82267565926633,2.));
#10626=CARTESIAN_POINT('Ctrl Pts',(23.7927792403582,4.35072130589458,2.));
#10627=CARTESIAN_POINT('Ctrl Pts',(23.8897643790984,3.88345019071014,2.));
#10628=CARTESIAN_POINT('Ctrl Pts',(23.9729261010401,3.41318226845956,2.));
#10629=CARTESIAN_POINT('Ctrl Pts',(24.0419767347635,2.94050205482445,2.));
#10630=CARTESIAN_POINT('Ctrl Pts',(24.0865866875438,2.63512843443268,2.));
#10631=CARTESIAN_POINT('Ctrl Pts',(24.1253059898457,2.32874780027863,2.));
#10632=CARTESIAN_POINT('Ctrl Pts',(24.1580454906376,2.0215170035745,2.));
#10633=CARTESIAN_POINT('Ctrl Pts',(24.1844615286137,1.773626223419,2.));
#10634=CARTESIAN_POINT('Ctrl Pts',(24.2069844239145,1.52518195209728,2.));
#10635=CARTESIAN_POINT('Ctrl Pts',(24.2256217082553,1.27627038785011,2.));
#10636=CARTESIAN_POINT('Ctrl Pts',(24.2358679197068,1.13942638883476,2.));
#10637=CARTESIAN_POINT('Ctrl Pts',(24.2449396537561,1.00244115665739,2.));
#10638=CARTESIAN_POINT('Ctrl Pts',(24.25283768826,0.865329067302622,2.));
#10639=CARTESIAN_POINT('Ctrl Pts',(24.2552864344857,0.822818147512655,2.));
#10640=CARTESIAN_POINT('Ctrl Pts',(24.2576220111291,0.780300737418453,2.));
#10641=CARTESIAN_POINT('Ctrl Pts',(24.2598441738774,0.737784770655522,2.));
#10642=CARTESIAN_POINT('Ctrl Pts',(24.2848372564929,0.259599691468088,2.));
#10643=CARTESIAN_POINT('Ctrl Pts',(24.2955047182065,-0.218693091804,2.));
#10644=CARTESIAN_POINT('Ctrl Pts',(24.2920889985998,-0.696467704305614,
2.));
#10645=CARTESIAN_POINT('Ctrl Pts',(24.2886375667506,-1.17923757545009,2.));
#10646=CARTESIAN_POINT('Ctrl Pts',(24.2708069417903,-1.66147885745535,2.));
#10647=CARTESIAN_POINT('Ctrl Pts',(24.2387949921923,-2.14255883764286,2.));
#10648=CARTESIAN_POINT('Ctrl Pts',(24.2065688932512,-2.62685708360464,2.));
#10649=CARTESIAN_POINT('Ctrl Pts',(24.1599710855119,-3.10997894459168,2.));
#10650=CARTESIAN_POINT('Ctrl Pts',(24.0991507898858,-3.59128460076626,2.));
#10651=CARTESIAN_POINT('Ctrl Pts',(24.0381966869745,-4.07364915023599,2.));
#10652=CARTESIAN_POINT('Ctrl Pts',(23.9629574014244,-4.55419001716512,2.));
#10653=CARTESIAN_POINT('Ctrl Pts',(23.8735309398548,-5.03226107596401,2.));
#10654=CARTESIAN_POINT('Ctrl Pts',(23.7845971523603,-5.50769831460981,2.));
#10655=CARTESIAN_POINT('Ctrl Pts',(23.6816319768749,-5.98069339155761,2.));
#10656=CARTESIAN_POINT('Ctrl Pts',(23.5646814522755,-6.45060105995374,2.));
#10657=CARTESIAN_POINT('Ctrl Pts',(23.4486164350655,-6.91695075617233,2.));
#10658=CARTESIAN_POINT('Ctrl Pts',(23.3187769416335,-7.38026010403826,2.));
#10659=CARTESIAN_POINT('Ctrl Pts',(23.1751598447165,-7.83988141841888,2.));
#10660=CARTESIAN_POINT('Ctrl Pts',(23.1258640537379,-7.99764394620575,2.));
#10661=CARTESIAN_POINT('Ctrl Pts',(23.0749446169278,-8.1549717804666,2.));
#10662=CARTESIAN_POINT('Ctrl Pts',(23.0224001205153,-8.31183810437765,2.));
#10663=CARTESIAN_POINT('Ctrl Pts',(23.0043880245197,-8.36561141038829,2.));
#10664=CARTESIAN_POINT('Ctrl Pts',(22.9861849624604,-8.41933048131252,2.));
#10665=CARTESIAN_POINT('Ctrl Pts',(22.9677908597054,-8.47299422693066,2.));
#10666=CARTESIAN_POINT('Ctrl Pts',(22.952687314402,-8.51705795887204,2.));
#10667=CARTESIAN_POINT('Ctrl Pts',(22.9374576838898,-8.56107641988508,2.));
#10668=CARTESIAN_POINT('Ctrl Pts',(22.9221042970578,-8.60504276098903,2.));
#10669=CARTESIAN_POINT('Ctrl Pts',(22.7925165640641,-8.97613342222484,2.));
#10670=CARTESIAN_POINT('Ctrl Pts',(22.6540644610662,-9.34365662546979,2.));
#10671=CARTESIAN_POINT('Ctrl Pts',(22.5068370390122,-9.70728630974437,2.));
#10672=CARTESIAN_POINT('Origin',(66.064339830977,-26.5,12.6356601745445));
#10673=CARTESIAN_POINT('',(68.2499999999922,-25.,16.9426406871196));
#10674=CARTESIAN_POINT('',(68.2499999999922,-28.,12.7000000000001));
#10675=CARTESIAN_POINT('',(68.2499999999922,-29.7651650422932,10.203679657362));
#10676=CARTESIAN_POINT('',(66.7499999999922,-28.,11.2));
#10677=CARTESIAN_POINT('',(67.1250000027569,-28.,11.5750000027647));
#10678=CARTESIAN_POINT('',(66.7499999999922,-25.,15.4426406871195));
#10679=CARTESIAN_POINT('',(66.7499999999922,-30.354420693282,7.87034632402858));
#10680=CARTESIAN_POINT('',(65.0036796591971,-25.,13.6963203463242));
#10681=CARTESIAN_POINT('Origin',(68.2499999999922,-40.,12.7000000000001));
#10682=CARTESIAN_POINT('',(68.2499999999922,-25.,17.2));
#10683=CARTESIAN_POINT('',(68.2499999999922,-25.,11.9500000055294));
#10684=CARTESIAN_POINT('',(68.2499999999922,-40.,17.2));
#10685=CARTESIAN_POINT('',(68.2499999999922,-17.3750000000364,17.2));
#10686=CARTESIAN_POINT('',(68.2499999999922,-40.,12.7000000000001));
#10687=CARTESIAN_POINT('',(68.2499999999922,-40.,11.2));
#10688=CARTESIAN_POINT('',(68.2499999999922,-40.,12.7000000000001));
#10689=CARTESIAN_POINT('Origin',(68.2499999999922,-25.,11.2000000110587));
#10690=CARTESIAN_POINT('',(66.7499999999922,-25.,17.2));
#10691=CARTESIAN_POINT('',(66.7499999999922,-25.,12.7000000082941));
#10692=CARTESIAN_POINT('',(34.1250000000147,-25.,17.2));
#10693=CARTESIAN_POINT('Origin',(-67.5643398282123,-26.5,14.1356601717799));
#10694=CARTESIAN_POINT('',(-68.2499999999922,-28.,12.7000000000001));
#10695=CARTESIAN_POINT('',(-68.2499999999922,-25.,16.9426406871196));
#10696=CARTESIAN_POINT('',(-68.2499999999922,-29.4116116523516,10.7036796564405));
#10697=CARTESIAN_POINT('',(-66.7499999999922,-25.,15.4426406871195));
#10698=CARTESIAN_POINT('',(-66.5036796564324,-25.,15.1963203435597));
#10699=CARTESIAN_POINT('',(-66.7499999999922,-28.,11.2));
#10700=CARTESIAN_POINT('',(-66.7499999999922,-30.0008673033403,8.37034632310708));
#10701=CARTESIAN_POINT('',(-68.6249999999922,-28.,13.0750000000001));
#10702=CARTESIAN_POINT('Origin',(-66.7499999999922,-40.,11.2));
#10703=CARTESIAN_POINT('',(-66.7499999999501,-33.6875,11.1999999999578));
#10704=CARTESIAN_POINT('',(-66.7499999999922,-40.,11.2));
#10705=CARTESIAN_POINT('',(-67.6249999999492,-34.5624999998145,12.074999999957));
#10706=CARTESIAN_POINT('Origin',(-66.7499999999501,-34.5625,11.1999999999578));
#10707=CARTESIAN_POINT('',(-67.62499999995,-35.4374999998203,12.0749999999579));
#10708=CARTESIAN_POINT('',(-67.6249999999523,-37.7187499999069,12.0749999999601));
#10709=CARTESIAN_POINT('',(-66.7499999999501,-36.3125,11.1999999999578));
#10710=CARTESIAN_POINT('Origin',(-66.7499999999501,-35.4375,11.1999999999578));
#10711=CARTESIAN_POINT('',(-66.7499999999922,-40.,11.2));
#10712=CARTESIAN_POINT('',(-66.7499999999922,-40.,11.2));
#10713=CARTESIAN_POINT('',(-68.2499999999922,-40.,12.7000000000001));
#10714=CARTESIAN_POINT('',(-66.7499999999922,-40.,11.2));
#10715=CARTESIAN_POINT('',(-68.2499999999922,-40.,12.7000000000001));
#10716=CARTESIAN_POINT('Origin',(-68.2499999999922,19.0442357466127,11.2000000110587));
#10717=CARTESIAN_POINT('',(-66.7499999999922,19.0442357466127,11.199999999958));
#10718=CARTESIAN_POINT('',(-68.2499999999922,19.0442357466256,12.7000000000001));
#10719=CARTESIAN_POINT('',(-67.12500000263,19.0442357466159,11.5750000026378));
#10720=CARTESIAN_POINT('',(-66.7499999999922,19.0442357466643,17.2));
#10721=CARTESIAN_POINT('',(-66.7499999999922,19.0442357466256,12.7000000054242));
#10722=CARTESIAN_POINT('',(-68.2499999999922,19.0442357466643,17.2));
#10723=CARTESIAN_POINT('',(-34.1249999999776,19.0442357466643,17.2));
#10724=CARTESIAN_POINT('',(-68.2499999999922,19.0442357466191,11.9500000052757));
#10725=CARTESIAN_POINT('Origin',(-68.2499999999922,-25.,17.2));
#10726=CARTESIAN_POINT('',(-68.2499999999922,-25.,17.2));
#10727=CARTESIAN_POINT('',(-68.2499999999922,-25.,14.9500000000001));
#10728=CARTESIAN_POINT('',(-66.7499999999922,-25.,17.2));
#10729=CARTESIAN_POINT('',(-34.1249999999776,-25.,17.2));
#10730=CARTESIAN_POINT('',(-66.7499999999922,-25.,15.6999999999895));
#10731=CARTESIAN_POINT('Origin',(-66.7499999999922,-40.,11.2));
#10732=CARTESIAN_POINT('',(-68.2499999999922,29.8240160007096,12.7000000000001));
#10733=CARTESIAN_POINT('',(-68.2499999999922,-40.,12.7000000000001));
#10734=CARTESIAN_POINT('',(-66.7500000169182,31.921937191732,11.200000016926));
#10735=CARTESIAN_POINT('Ctrl Pts',(-66.7499997879479,31.9219368533126,11.1999997879557));
#10736=CARTESIAN_POINT('Ctrl Pts',(-67.2612251660917,31.2301585426953,11.7112251660996));
#10737=CARTESIAN_POINT('Ctrl Pts',(-67.7613032699937,30.5307266314576,12.2113032700016));
#10738=CARTESIAN_POINT('Ctrl Pts',(-68.2499999999922,29.8240160007096,12.7000000000001));
#10739=CARTESIAN_POINT('',(-66.7499999999502,24.328391884194,11.199999999958));
#10740=CARTESIAN_POINT('',(-66.7499999999922,-40.,11.2));
#10741=CARTESIAN_POINT('',(-67.6249999999502,23.4533927774435,12.0749999999581));
#10742=CARTESIAN_POINT('Origin',(-66.7499999999502,23.453391884194,11.199999999958));
#10743=CARTESIAN_POINT('',(-67.6249999999502,22.578391884194,12.0749999999581));
#10744=CARTESIAN_POINT('',(-67.6249999999496,-8.71080405790306,12.0749999999574));
#10745=CARTESIAN_POINT('',(-66.7499999999502,21.703391884194,11.199999999958));
#10746=CARTESIAN_POINT('Origin',(-66.7499999999502,22.578391884194,11.199999999958));
#10747=CARTESIAN_POINT('',(-66.7499999999922,-40.,11.2));
#10748=CARTESIAN_POINT('Origin',(-68.2499999999922,-40.,12.7000000000001));
#10749=CARTESIAN_POINT('',(-68.2499999999922,-40.,17.2));
#10750=CARTESIAN_POINT('',(-68.2499999999922,-40.,11.2));
#10751=CARTESIAN_POINT('',(-68.2499999999922,-17.3750000000364,17.2));
#10752=CARTESIAN_POINT('Origin',(-68.2499999999922,-40.,12.7000000000001));
#10753=CARTESIAN_POINT('',(-68.2499999999922,-17.3750000000364,17.2));
#10754=CARTESIAN_POINT('Ctrl Pts',(-68.2499999999922,29.8240160007096,12.7000000000001));
#10755=CARTESIAN_POINT('Ctrl Pts',(-68.2499999999922,30.5331806748236,13.2752352748629));
#10756=CARTESIAN_POINT('Ctrl Pts',(-68.2499999097524,31.2408034004736,13.8541840946957));
#10757=CARTESIAN_POINT('Ctrl Pts',(-68.2499998426524,31.9453553507031,14.4350287955855));
#10758=CARTESIAN_POINT('Ctrl Pts',(-68.2499997758483,32.646800854512,15.0133124888143));
#10759=CARTESIAN_POINT('Ctrl Pts',(-68.2499997263818,33.3468891791068,15.5948659263012));
#10760=CARTESIAN_POINT('Ctrl Pts',(-68.249999712816,34.0442353515904,16.1780600005039));
#10761=CARTESIAN_POINT('Origin',(3.71169761592682E-11,5.24999999992712,
17.2));
#10762=CARTESIAN_POINT('',(-66.7499999999922,1.13605893662962,17.2));
#10763=CARTESIAN_POINT('',(-34.2499999999776,-40.,17.2));
#10764=CARTESIAN_POINT('',(-60.2499999999664,-58.,17.2));
#10765=CARTESIAN_POINT('Origin',(-60.2499999999543,-47.9999999999943,17.2));
#10766=CARTESIAN_POINT('',(60.2500000000121,-57.9999999999999,17.2));
#10767=CARTESIAN_POINT('',(-60.2499999999664,-58.,17.2));
#10768=CARTESIAN_POINT('',(70.2500000000277,-47.9999999999985,17.2));
#10769=CARTESIAN_POINT('Origin',(60.2500000000195,-48.,17.2));
#10770=CARTESIAN_POINT('',(70.2499999999922,-40.,17.2));
#10771=CARTESIAN_POINT('',(70.2500000000248,-58.,17.2));
#10772=CARTESIAN_POINT('',(34.2500000000147,-40.,17.2));
#10773=CARTESIAN_POINT('',(66.7499999999922,19.0442357466643,17.2));
#10774=CARTESIAN_POINT('',(66.7499999999922,1.13605893662962,17.2));
#10775=CARTESIAN_POINT('',(68.2499999999922,19.0442357466643,17.2));
#10776=CARTESIAN_POINT('',(34.1250000000147,19.0442357466643,17.2));
#10777=CARTESIAN_POINT('',(68.2499999999922,-17.3750000000364,17.2));
#10778=CARTESIAN_POINT('',(-63.3555728089146,-52.7888543820298,17.2));
#10779=CARTESIAN_POINT('',(-65.1444271909625,-49.2111456178995,17.2));
#10780=CARTESIAN_POINT('Origin',(-62.24999999999,-50.,17.2));
#10781=CARTESIAN_POINT('',(-65.2499999999445,-47.9999999999772,17.2));
#10782=CARTESIAN_POINT('Origin',(-58.2499999999585,-48.0000000000034,17.2));
#10783=CARTESIAN_POINT('',(-65.2499999996468,31.643915256768,17.2));
#10784=CARTESIAN_POINT('',(-65.249999999845,-21.37500149787,17.2));
#10785=CARTESIAN_POINT('',(-65.0481120598224,33.3129486348862,17.2));
#10786=CARTESIAN_POINT('Origin',(-58.2499999994853,31.6439152567418,17.2));
#10787=CARTESIAN_POINT('',(-61.8994577517123,37.1881549396073,17.2));
#10788=CARTESIAN_POINT('Origin',(-62.1827376005055,34.2015594652808,17.2));
#10789=CARTESIAN_POINT('',(61.957078640957,37.1214285190796,17.2));
#10790=CARTESIAN_POINT('Origin',(6.97664148674448E-11,-16.3227040810495,
17.2));
#10791=CARTESIAN_POINT('',(65.1103877727977,33.2312292358756,17.2));
#10792=CARTESIAN_POINT('Origin',(62.2500000000025,34.1357632536128,17.2));
#10793=CARTESIAN_POINT('',(65.2499999998675,31.8401578484397,17.2));
#10794=CARTESIAN_POINT('Origin',(58.2500000000568,31.8401578484274,17.2));
#10795=CARTESIAN_POINT('',(65.2500000000078,-47.9999999999875,17.2));
#10796=CARTESIAN_POINT('',(65.2499999998942,16.6468316014879,17.2));
#10797=CARTESIAN_POINT('',(65.1444271910124,-49.2111456179733,17.2));
#10798=CARTESIAN_POINT('Origin',(58.2500000000072,-47.9999999999998,17.2));
#10799=CARTESIAN_POINT('',(63.3555728090008,-52.7888543820074,17.2));
#10800=CARTESIAN_POINT('Origin',(62.2500000000198,-50.,17.2));
#10801=CARTESIAN_POINT('',(58.2500000000066,-55.0000000000003,17.2));
#10802=CARTESIAN_POINT('Origin',(58.2500000000072,-47.9999999999998,17.2));
#10803=CARTESIAN_POINT('',(-58.2499999999591,-54.9999999999895,17.2));
#10804=CARTESIAN_POINT('',(-60.2500092496574,-54.9999999999893,17.2));
#10805=CARTESIAN_POINT('Origin',(-58.2499999999585,-48.0000000000034,17.2));
#10806=CARTESIAN_POINT('Origin',(68.2499999999922,19.0442357466643,17.2));
#10807=CARTESIAN_POINT('',(68.2499999999922,19.0442357466256,12.7000000000001));
#10808=CARTESIAN_POINT('',(66.7499999999922,19.0442357466127,11.2000000110587));
#10809=CARTESIAN_POINT('',(68.6249999998653,19.0442357466288,13.0749999998732));
#10810=CARTESIAN_POINT('',(68.2499999999922,19.0442357466449,14.9499999997463));
#10811=CARTESIAN_POINT('',(66.7499999999922,19.0442357466514,15.70000000267));
#10812=CARTESIAN_POINT('Origin',(68.2499999999922,-40.,12.7000000000001));
#10813=CARTESIAN_POINT('',(68.2499999999922,29.8240160009184,12.7000000000001));
#10814=CARTESIAN_POINT('',(68.2499999999922,-40.,12.7000000000001));
#10815=CARTESIAN_POINT('Ctrl Pts',(68.2499997128159,34.0442353517859,16.1780600005074));
#10816=CARTESIAN_POINT('Ctrl Pts',(68.2499997263793,33.3470183248161,15.5949739313382));
#10817=CARTESIAN_POINT('Ctrl Pts',(68.2499997758279,32.6470603200714,15.0135280240341));
#10818=CARTESIAN_POINT('Ctrl Pts',(68.2499998426152,31.9457455269427,14.4353504638514));
#10819=CARTESIAN_POINT('Ctrl Pts',(68.2499999097231,31.2410644881381,13.85439770524));
#10820=CARTESIAN_POINT('Ctrl Pts',(68.2499999999922,30.5333114246598,13.2753413317528));
#10821=CARTESIAN_POINT('Ctrl Pts',(68.2499999999922,29.8240160009183,12.7000000000001));
#10822=CARTESIAN_POINT('Origin',(66.7499999999922,-40.,11.2));
#10823=CARTESIAN_POINT('',(66.7499999999502,21.703391884194,11.199999999958));
#10824=CARTESIAN_POINT('',(66.7499999999922,-40.,11.2));
#10825=CARTESIAN_POINT('',(67.6249999999502,22.578391884194,12.0749999999581));
#10826=CARTESIAN_POINT('Origin',(66.7499999999502,22.578391884194,11.199999999958));
#10827=CARTESIAN_POINT('',(67.6249999999502,23.4533927774435,12.0749999999581));
#10828=CARTESIAN_POINT('',(67.6249999999496,-8.71080405790306,12.0749999999574));
#10829=CARTESIAN_POINT('',(66.7499999999502,24.328391884194,11.199999999958));
#10830=CARTESIAN_POINT('Origin',(66.7499999999502,23.453391884194,11.199999999958));
#10831=CARTESIAN_POINT('',(66.7500000169182,31.9219371919272,11.200000016926));
#10832=CARTESIAN_POINT('',(66.7499999999922,-40.,11.2));
#10833=CARTESIAN_POINT('Ctrl Pts',(68.2499999999922,29.8240160009183,12.7000000000001));
#10834=CARTESIAN_POINT('Ctrl Pts',(67.7613032699936,30.5307266316617,12.2113032700015));
#10835=CARTESIAN_POINT('Ctrl Pts',(67.2612251660916,31.230158542895,11.7112251660994));
#10836=CARTESIAN_POINT('Ctrl Pts',(66.7499997879479,31.9219368535079,11.1999997879557));
#10837=CARTESIAN_POINT('Ctrl Pts',(-66.7499999999922,36.0158918839565,14.7137807886837));
#10838=CARTESIAN_POINT('Ctrl Pts',(-67.4905974296508,35.0713713533941,15.4370139314034));
#10839=CARTESIAN_POINT('Ctrl Pts',(-68.2116333161797,34.1105061170899,16.1407446313806));
#10840=CARTESIAN_POINT('Ctrl Pts',(-68.9123943284177,33.1340753886194,16.824325152693));
#10841=CARTESIAN_POINT('Ctrl Pts',(-66.5813977107374,34.8769498466389,13.3739182365343));
#10842=CARTESIAN_POINT('Ctrl Pts',(-67.3045603717407,33.9434009483656,14.085504706245));
#10843=CARTESIAN_POINT('Ctrl Pts',(-68.0081792381917,32.9943878239959,14.7775867816615));
#10844=CARTESIAN_POINT('Ctrl Pts',(-68.6915962189426,32.0307222593161,15.4495501017954));
#10845=CARTESIAN_POINT('Ctrl Pts',(-66.4127954214825,33.7380078093214,12.0340556843849));
#10846=CARTESIAN_POINT('Ctrl Pts',(-67.1185233138306,32.8154305433371,12.7339954810866));
#10847=CARTESIAN_POINT('Ctrl Pts',(-67.8047251602037,31.8782695309019,13.4144289319425));
#10848=CARTESIAN_POINT('Ctrl Pts',(-68.4707981094674,30.9273691300129,14.0747750508978));
#10849=CARTESIAN_POINT('Ctrl Pts',(-66.2441931322277,32.5990657720038,10.6941931322354));
#10850=CARTESIAN_POINT('Ctrl Pts',(-66.9324862559205,31.6874601383087,11.3824862559282));
#10851=CARTESIAN_POINT('Ctrl Pts',(-67.6012710822157,30.7621512378079,12.0512710822235));
#10852=CARTESIAN_POINT('Ctrl Pts',(-68.2499999999922,29.8240160007096,12.7000000000001));
#10853=CARTESIAN_POINT('Ctrl Pts',(-66.7499996317913,31.9219370646201,11.1999996317991));
#10854=CARTESIAN_POINT('Ctrl Pts',(-66.7499997467926,32.6085669663192,11.7822165182189));
#10855=CARTESIAN_POINT('Ctrl Pts',(-66.7499998449211,33.2941120151215,12.3673327833661));
#10856=CARTESIAN_POINT('Ctrl Pts',(-66.7499999082074,33.9771593279671,12.9537223086828));
#10857=CARTESIAN_POINT('Ctrl Pts',(-66.7499999713005,34.6581220550887,13.5383222372759));
#10858=CARTESIAN_POINT('Ctrl Pts',(-66.7499999999922,35.3381282623402,14.1254977919458));
#10859=CARTESIAN_POINT('Ctrl Pts',(-66.7499999999922,36.0158918839565,14.7137807886837));
#10860=CARTESIAN_POINT('Origin',(-66.7499999999502,22.578391884194,7.2));
#10861=CARTESIAN_POINT('',(-67.6249999999502,22.578391884194,7.2));
#10862=CARTESIAN_POINT('',(-67.6249999999502,22.578391884194,7.2));
#10863=CARTESIAN_POINT('',(-66.7499999999502,21.703391884194,7.2));
#10864=CARTESIAN_POINT('Origin',(-66.7499999999502,22.578391884194,7.2));
#10865=CARTESIAN_POINT('',(-66.7499999999922,21.703391884194,7.2));
#10866=CARTESIAN_POINT('Origin',(-66.7499999999502,23.453391884194,7.2));
#10867=CARTESIAN_POINT('',(-66.7499999999502,24.328391884194,7.2));
#10868=CARTESIAN_POINT('',(-66.7499999999922,24.328391884194,7.2));
#10869=CARTESIAN_POINT('',(-67.6249999999502,23.4533927774435,7.2));
#10870=CARTESIAN_POINT('Origin',(-66.7499999999502,23.453391884194,7.2));
#10871=CARTESIAN_POINT('',(-67.6249999999502,23.4533927774435,7.2));
#10872=CARTESIAN_POINT('Origin',(-67.6249999999502,22.578391884194,7.2));
#10873=CARTESIAN_POINT('',(-67.6249999999496,-8.71080405790296,7.2));
#10874=CARTESIAN_POINT('Origin',(-67.62499999995,-35.4374999998203,7.2));
#10875=CARTESIAN_POINT('',(-67.6249999999492,-34.5624999998145,7.2));
#10876=CARTESIAN_POINT('',(-67.6249999999492,-34.5624999998145,7.2));
#10877=CARTESIAN_POINT('',(-67.62499999995,-35.4374999998203,7.2));
#10878=CARTESIAN_POINT('',(-67.6249999999523,-37.7187499999114,7.2));
#10879=CARTESIAN_POINT('',(-67.62499999995,-35.4374999998203,7.2));
#10880=CARTESIAN_POINT('Origin',(-66.7499999999501,-35.4375,7.2));
#10881=CARTESIAN_POINT('',(-66.7499999999501,-36.3125,7.2));
#10882=CARTESIAN_POINT('Origin',(-66.7499999999501,-35.4375,7.2));
#10883=CARTESIAN_POINT('',(-66.7499999999922,-36.3125,7.2));
#10884=CARTESIAN_POINT('Origin',(-66.7499999999501,-34.5625,7.2));
#10885=CARTESIAN_POINT('',(-66.7499999999501,-33.6875,7.2));
#10886=CARTESIAN_POINT('',(-66.7499999999922,-33.6875,7.2));
#10887=CARTESIAN_POINT('Origin',(-66.7499999999501,-34.5625,7.2));
#10888=CARTESIAN_POINT('Origin',(-66.7499999999922,-40.,7.2));
#10889=CARTESIAN_POINT('',(-66.7499999999922,-40.,7.2));
#10890=CARTESIAN_POINT('',(-66.7499999999922,-40.,7.2));
#10891=CARTESIAN_POINT('',(-66.7499999999922,-40.,11.2));
#10892=CARTESIAN_POINT('Origin',(-66.7499999999922,-40.,7.2));
#10893=CARTESIAN_POINT('',(-66.7499999999922,-40.,7.2));
#10894=CARTESIAN_POINT('Origin',(-66.7499999999922,-40.,7.2));
#10895=CARTESIAN_POINT('',(-66.7499999999922,-40.,7.2));
#10896=CARTESIAN_POINT('Origin',(-70.2499999999922,-40.,7.2));
#10897=CARTESIAN_POINT('',(-66.7499999999922,-40.,7.2));
#10898=CARTESIAN_POINT('Origin',(-68.4999999999922,-40.,12.2));
#10899=CARTESIAN_POINT('Ctrl Pts',(68.9123943284062,33.1340753888366,16.8243251526853));
#10900=CARTESIAN_POINT('Ctrl Pts',(68.2116333161716,34.1105061172958,16.1407446313761));
#10901=CARTESIAN_POINT('Ctrl Pts',(67.4905974296466,35.0713713535889,15.4370139314027));
#10902=CARTESIAN_POINT('Ctrl Pts',(66.7499999999922,36.0158918841405,14.7137807886871));
#10903=CARTESIAN_POINT('Ctrl Pts',(68.6915962189349,32.0307222595305,15.4495501017902));
#10904=CARTESIAN_POINT('Ctrl Pts',(68.0081792381873,32.9943878241993,14.7775867816596));
#10905=CARTESIAN_POINT('Ctrl Pts',(67.30456037174,33.9434009485581,14.0855047062467));
#10906=CARTESIAN_POINT('Ctrl Pts',(66.5813977107408,34.8769498468208,13.37391823654));
#10907=CARTESIAN_POINT('Ctrl Pts',(68.4707981094635,30.9273691302244,14.0747750508952));
#10908=CARTESIAN_POINT('Ctrl Pts',(67.804725160203,31.8782695311027,13.414428931943));
#10909=CARTESIAN_POINT('Ctrl Pts',(67.1185233138334,32.8154305435273,12.7339954810907));
#10910=CARTESIAN_POINT('Ctrl Pts',(66.4127954214893,33.7380078095011,12.0340556843928));
#10911=CARTESIAN_POINT('Ctrl Pts',(68.2499999999922,29.8240160009183,12.7000000000001));
#10912=CARTESIAN_POINT('Ctrl Pts',(67.6012710822187,30.7621512380061,12.0512710822265));
#10913=CARTESIAN_POINT('Ctrl Pts',(66.9324862559268,31.6874601384965,11.3824862559346));
#10914=CARTESIAN_POINT('Ctrl Pts',(66.2441931322379,32.5990657721814,10.6941931322456));
#10915=CARTESIAN_POINT('Ctrl Pts',(66.7499999999922,36.0158918841405,14.7137807886871));
#10916=CARTESIAN_POINT('Ctrl Pts',(66.7499999999922,35.3382066336472,14.1255658162518));
#10917=CARTESIAN_POINT('Ctrl Pts',(66.7499999713076,34.6582794058239,13.5384581076513));
#10918=CARTESIAN_POINT('Ctrl Pts',(66.7499999082293,33.9773958123411,12.953925328211));
#10919=CARTESIAN_POINT('Ctrl Pts',(66.7499998449432,33.2942701556896,12.3674677565915));
#10920=CARTESIAN_POINT('Ctrl Pts',(66.7499997468058,32.6086461175796,11.782283633106));
#10921=CARTESIAN_POINT('Ctrl Pts',(66.7499996317913,31.9219370648154,11.1999996317991));
#10922=CARTESIAN_POINT('Origin',(66.7499999999922,-40.,11.2));
#10923=CARTESIAN_POINT('',(66.7499999999922,-40.,11.2));
#10924=CARTESIAN_POINT('',(66.7499999999922,-40.,11.2));
#10925=CARTESIAN_POINT('',(66.7499999999501,-36.3125,11.1999999999578));
#10926=CARTESIAN_POINT('',(66.7499999999922,-40.,11.2));
#10927=CARTESIAN_POINT('',(67.62499999995,-35.4374999998203,12.0749999999579));
#10928=CARTESIAN_POINT('Origin',(66.7499999999501,-35.4375,11.1999999999578));
#10929=CARTESIAN_POINT('',(67.6249999999492,-34.5624999998145,12.074999999957));
#10930=CARTESIAN_POINT('',(67.6249999999523,-37.7187499999069,12.0749999999601));
#10931=CARTESIAN_POINT('',(66.7499999999501,-33.6875,11.1999999999578));
#10932=CARTESIAN_POINT('Origin',(66.7499999999501,-34.5625,11.1999999999578));
#10933=CARTESIAN_POINT('',(66.7499999999922,-40.,11.2));
#10934=CARTESIAN_POINT('Origin',(66.7499999999502,22.578391884194,7.2));
#10935=CARTESIAN_POINT('',(66.7499999999502,21.703391884194,7.2));
#10936=CARTESIAN_POINT('',(66.7499999999922,21.703391884194,7.2));
#10937=CARTESIAN_POINT('',(67.6249999999502,22.578391884194,7.2));
#10938=CARTESIAN_POINT('Origin',(66.7499999999502,22.578391884194,7.2));
#10939=CARTESIAN_POINT('',(67.6249999999502,22.578391884194,7.2));
#10940=CARTESIAN_POINT('Origin',(66.7499999999502,23.453391884194,7.2));
#10941=CARTESIAN_POINT('',(67.6249999999502,23.4533927774435,7.2));
#10942=CARTESIAN_POINT('',(67.6249999999502,23.4533927774435,7.2));
#10943=CARTESIAN_POINT('',(66.7499999999502,24.328391884194,7.2));
#10944=CARTESIAN_POINT('Origin',(66.7499999999502,23.453391884194,7.2));
#10945=CARTESIAN_POINT('',(66.7499999999922,24.328391884194,7.2));
#10946=CARTESIAN_POINT('Origin',(67.6249999999502,22.578391884194,7.2));
#10947=CARTESIAN_POINT('',(67.6249999999496,-8.71080405790296,7.2));
#10948=CARTESIAN_POINT('Origin',(70.2499999999922,-40.,7.2));
#10949=CARTESIAN_POINT('',(66.7499999999501,-33.6875,7.2));
#10950=CARTESIAN_POINT('',(66.7499999999922,-40.,7.2));
#10951=CARTESIAN_POINT('',(67.6249999999492,-34.5624999998145,7.2));
#10952=CARTESIAN_POINT('Origin',(66.7499999999501,-34.5625,7.2));
#10953=CARTESIAN_POINT('',(67.62499999995,-35.4374999998203,7.2));
#10954=CARTESIAN_POINT('',(67.6249999999523,-37.7187499999114,7.2));
#10955=CARTESIAN_POINT('',(66.7499999999501,-36.3125,7.2));
#10956=CARTESIAN_POINT('Origin',(66.7499999999501,-35.4375,7.2));
#10957=CARTESIAN_POINT('',(66.7499999999922,-40.,7.2));
#10958=CARTESIAN_POINT('',(66.7499999999922,-40.,7.2));
#10959=CARTESIAN_POINT('',(70.2499999999922,-40.,7.2));
#10960=CARTESIAN_POINT('',(66.7499999999922,-40.,7.2));
#10961=CARTESIAN_POINT('',(70.2500000000289,-43.9999999999992,7.2));
#10962=CARTESIAN_POINT('',(66.7499999999922,-40.,7.2));
#10963=CARTESIAN_POINT('Origin',(66.7499999999922,-40.,7.2));
#10964=CARTESIAN_POINT('',(66.7499999999922,-33.6875,7.2));
#10965=CARTESIAN_POINT('Origin',(67.62499999995,-35.4374999998203,7.2));
#10966=CARTESIAN_POINT('',(67.62499999995,-35.4374999998203,7.2));
#10967=CARTESIAN_POINT('',(67.6249999999492,-34.5624999998145,7.2));
#10968=CARTESIAN_POINT('Origin',(66.7499999999501,-35.4375,7.2));
#10969=CARTESIAN_POINT('',(66.7499999999922,-36.3125,7.2));
#10970=CARTESIAN_POINT('Origin',(66.7499999999501,-34.5625,7.2));
#10971=CARTESIAN_POINT('Origin',(66.7499999999922,-40.,7.2));
#10972=CARTESIAN_POINT('',(66.7499999999922,-40.,11.2));
#10973=CARTESIAN_POINT('Origin',(-33.,-32.2499999999935,17.));
#10974=CARTESIAN_POINT('',(-40.5,-14.5000000010534,17.));
#10975=CARTESIAN_POINT('',(-46.,-20.0000000010534,17.));
#10976=CARTESIAN_POINT('Origin',(-40.5,-20.0000000010534,17.));
#10977=CARTESIAN_POINT('',(-46.,-45.0000000000059,17.));
#10978=CARTESIAN_POINT('',(-46.,-45.0000000000059,17.));
#10979=CARTESIAN_POINT('',(-40.5,-50.5000000000059,17.));
#10980=CARTESIAN_POINT('Origin',(-40.5,-45.0000000000059,17.));
#10981=CARTESIAN_POINT('',(-40.4772255928963,-50.5000000000059,17.));
#10982=CARTESIAN_POINT('',(-40.4772255928963,-50.5000000000059,17.));
#10983=CARTESIAN_POINT('',(-37.2912878653806,-54.9999999999793,17.));
#10984=CARTESIAN_POINT('Origin',(-35.0000000178446,-50.0000000000059,17.));
#10985=CARTESIAN_POINT('',(-28.7087121524681,-54.9999999999812,17.));
#10986=CARTESIAN_POINT('',(13.6249999997387,-54.9999999999962,17.));
#10987=CARTESIAN_POINT('',(-25.5227744249484,-50.5000000000059,17.));
#10988=CARTESIAN_POINT('Origin',(-31.,-50.0000000000059,17.));
#10989=CARTESIAN_POINT('',(-25.5,-50.5000000000059,17.));
#10990=CARTESIAN_POINT('',(-25.5,-50.5000000000059,17.));
#10991=CARTESIAN_POINT('',(-20.,-45.0000000000059,17.));
#10992=CARTESIAN_POINT('Origin',(-25.5,-45.0000000000059,17.));
#10993=CARTESIAN_POINT('',(-20.,-19.999999998534,17.));
#10994=CARTESIAN_POINT('',(-20.,-19.999999998534,17.));
#10995=CARTESIAN_POINT('',(-25.5,-14.499999998534,17.));
#10996=CARTESIAN_POINT('Origin',(-25.5,-19.999999998534,17.));
#10997=CARTESIAN_POINT('',(-25.5227744250827,-14.499999998534,17.));
#10998=CARTESIAN_POINT('',(-25.5227744250827,-14.499999998534,17.));
#10999=CARTESIAN_POINT('',(-31.,-9.50000000000588,17.));
#11000=CARTESIAN_POINT('Origin',(-31.,-15.0000000000059,17.));
#11001=CARTESIAN_POINT('',(-35.0000000178616,-9.50000000000587,17.));
#11002=CARTESIAN_POINT('',(-35.0000000178616,-9.50000000000587,17.));
#11003=CARTESIAN_POINT('',(-40.4772255930089,-14.5000000010534,17.));
#11004=CARTESIAN_POINT('Origin',(-35.0000000178616,-15.0000000000059,17.));
#11005=CARTESIAN_POINT('',(-40.5,-14.5000000010534,17.));
#11006=CARTESIAN_POINT('',(-35.0000000178446,-52.5000000000059,17.));
#11007=CARTESIAN_POINT('',(-35.0000000178446,-47.5000000000059,17.));
#11008=CARTESIAN_POINT('Origin',(-35.0000000178446,-50.0000000000059,17.));
#11009=CARTESIAN_POINT('',(-43.,-47.5000000000059,17.));
#11010=CARTESIAN_POINT('',(-23.,-47.5000000000059,17.));
#11011=CARTESIAN_POINT('',(-43.,-17.5000000000059,17.));
#11012=CARTESIAN_POINT('',(-43.,-47.5000000000059,17.));
#11013=CARTESIAN_POINT('',(-35.,-17.5000000000059,17.));
#11014=CARTESIAN_POINT('',(-43.,-17.5000000000059,17.));
#11015=CARTESIAN_POINT('',(-35.,-12.5000000000059,17.));
#11016=CARTESIAN_POINT('Origin',(-35.0000000178616,-15.0000000000059,17.));
#11017=CARTESIAN_POINT('',(-31.,-12.5000000000059,17.));
#11018=CARTESIAN_POINT('',(-35.,-12.5000000000059,17.));
#11019=CARTESIAN_POINT('',(-31.,-17.5000000000059,17.));
#11020=CARTESIAN_POINT('Origin',(-31.,-15.0000000000059,17.));
#11021=CARTESIAN_POINT('',(-23.,-17.5000000000059,17.));
#11022=CARTESIAN_POINT('',(-43.,-17.5000000000059,17.));
#11023=CARTESIAN_POINT('',(-23.,-47.5000000000059,17.));
#11024=CARTESIAN_POINT('',(-23.,-17.5000000000059,17.));
#11025=CARTESIAN_POINT('',(-31.,-47.5000000000059,17.));
#11026=CARTESIAN_POINT('',(-23.,-47.5000000000059,17.));
#11027=CARTESIAN_POINT('',(-31.,-52.5000000000059,17.));
#11028=CARTESIAN_POINT('Origin',(-31.,-50.0000000000059,17.));
#11029=CARTESIAN_POINT('',(-31.,-52.5000000000059,17.));
#11030=CARTESIAN_POINT('Origin',(-9.99999999999999,14.75,17.));
#11031=CARTESIAN_POINT('',(-31.,9.50000000000002,17.));
#11032=CARTESIAN_POINT('',(-25.522774424873,14.5000000008248,17.));
#11033=CARTESIAN_POINT('Origin',(-31.,15.,17.));
#11034=CARTESIAN_POINT('',(-25.5,14.5000000008248,17.));
#11035=CARTESIAN_POINT('',(-25.5,14.5000000008248,17.));
#11036=CARTESIAN_POINT('',(-20.,20.0000000008249,17.));
#11037=CARTESIAN_POINT('Origin',(-25.5,20.0000000008249,17.));
#11038=CARTESIAN_POINT('',(-20.,45.,17.));
#11039=CARTESIAN_POINT('',(-20.,45.,17.));
#11040=CARTESIAN_POINT('',(-25.5,50.5,17.));
#11041=CARTESIAN_POINT('Origin',(-25.5,45.,17.));
#11042=CARTESIAN_POINT('',(-25.5227744249483,50.5,17.));
#11043=CARTESIAN_POINT('',(-25.5227744249483,50.5,17.));
#11044=CARTESIAN_POINT('',(-31.,55.5,17.));
#11045=CARTESIAN_POINT('Origin',(-31.,50.,17.));
#11046=CARTESIAN_POINT('',(-35.0000000178616,55.5000000000001,17.));
#11047=CARTESIAN_POINT('',(-35.0000000178616,55.5000000000001,17.));
#11048=CARTESIAN_POINT('',(-40.4772255927244,50.500000002067,17.));
#11049=CARTESIAN_POINT('Origin',(-35.0000000178616,50.,17.));
#11050=CARTESIAN_POINT('',(-40.5,50.500000002067,17.));
#11051=CARTESIAN_POINT('',(-40.5,50.500000002067,17.));
#11052=CARTESIAN_POINT('',(-46.,45.000000002067,17.));
#11053=CARTESIAN_POINT('Origin',(-40.5,45.000000002067,17.));
#11054=CARTESIAN_POINT('',(-46.,20.,17.));
#11055=CARTESIAN_POINT('',(-46.,20.,17.));
#11056=CARTESIAN_POINT('',(-40.5,14.5,17.));
#11057=CARTESIAN_POINT('Origin',(-40.5,20.,17.));
#11058=CARTESIAN_POINT('',(-40.4772255929133,14.5,17.));
#11059=CARTESIAN_POINT('',(-40.4772255929133,14.5,17.));
#11060=CARTESIAN_POINT('',(-35.0000000178616,9.50000000000002,17.));
#11061=CARTESIAN_POINT('Origin',(-35.0000000178616,15.,17.));
#11062=CARTESIAN_POINT('',(-31.,9.50000000000002,17.));
#11063=CARTESIAN_POINT('',(-35.,17.5,17.));
#11064=CARTESIAN_POINT('',(-43.,17.5,17.));
#11065=CARTESIAN_POINT('',(-23.,17.5,17.));
#11066=CARTESIAN_POINT('',(-43.,47.5,17.));
#11067=CARTESIAN_POINT('',(-43.,17.5,17.));
#11068=CARTESIAN_POINT('',(-35.,47.5,17.));
#11069=CARTESIAN_POINT('',(-43.,47.5,17.));
#11070=CARTESIAN_POINT('',(-35.,52.5,17.));
#11071=CARTESIAN_POINT('Origin',(-35.0000000178616,50.,17.));
#11072=CARTESIAN_POINT('',(-31.,52.5,17.));
#11073=CARTESIAN_POINT('',(-35.,52.5,17.));
#11074=CARTESIAN_POINT('',(-31.,47.5,17.));
#11075=CARTESIAN_POINT('Origin',(-31.,50.,17.));
#11076=CARTESIAN_POINT('',(-23.,47.5,17.));
#11077=CARTESIAN_POINT('',(-43.,47.5,17.));
#11078=CARTESIAN_POINT('',(-23.,17.5,17.));
#11079=CARTESIAN_POINT('',(-23.,47.5,17.));
#11080=CARTESIAN_POINT('',(-31.,17.5,17.));
#11081=CARTESIAN_POINT('',(-23.,17.5,17.));
#11082=CARTESIAN_POINT('',(-31.,12.5,17.));
#11083=CARTESIAN_POINT('Origin',(-31.,15.,17.));
#11084=CARTESIAN_POINT('',(-35.0000000357232,12.5,17.));
#11085=CARTESIAN_POINT('',(-31.,12.5,17.));
#11086=CARTESIAN_POINT('Origin',(-35.0000000178616,15.,17.));
#11087=CARTESIAN_POINT('Origin',(33.,32.5000000000002,17.));
#11088=CARTESIAN_POINT('',(31.,55.5,17.));
#11089=CARTESIAN_POINT('',(25.5227744249961,50.5000000005279,17.));
#11090=CARTESIAN_POINT('Origin',(31.,50.,17.));
#11091=CARTESIAN_POINT('',(25.5,50.5000000005279,17.));
#11092=CARTESIAN_POINT('',(25.5,50.5000000005279,17.));
#11093=CARTESIAN_POINT('',(20.,45.0000000005279,17.));
#11094=CARTESIAN_POINT('Origin',(25.5,45.0000000005279,17.));
#11095=CARTESIAN_POINT('',(20.,20.0000000062811,17.));
#11096=CARTESIAN_POINT('',(20.,20.0000000062811,17.));
#11097=CARTESIAN_POINT('',(25.5,14.5000000062811,17.));
#11098=CARTESIAN_POINT('Origin',(25.5,20.0000000062811,17.));
#11099=CARTESIAN_POINT('',(25.5227744243751,14.5000000062811,17.));
#11100=CARTESIAN_POINT('',(25.5227744243751,14.5000000062811,17.));
#11101=CARTESIAN_POINT('',(31.,9.50000000000002,17.));
#11102=CARTESIAN_POINT('Origin',(31.,15.,17.));
#11103=CARTESIAN_POINT('',(35.0000000178616,9.50000000000005,17.));
#11104=CARTESIAN_POINT('',(35.0000000178616,9.50000000000005,17.));
#11105=CARTESIAN_POINT('',(40.4772255929375,14.5000000002672,17.));
#11106=CARTESIAN_POINT('Origin',(35.0000000178616,15.,17.));
#11107=CARTESIAN_POINT('',(40.4999999999999,14.5000000002672,17.));
#11108=CARTESIAN_POINT('',(40.4999999999999,14.5000000002672,17.));
#11109=CARTESIAN_POINT('',(45.9999999999999,20.0000000002671,17.));
#11110=CARTESIAN_POINT('Origin',(40.4999999999999,20.0000000002672,17.));
#11111=CARTESIAN_POINT('',(46.,45.0000000006334,17.));
#11112=CARTESIAN_POINT('',(46.,45.0000000006334,17.));
#11113=CARTESIAN_POINT('',(40.5,50.5000000006334,17.));
#11114=CARTESIAN_POINT('Origin',(40.5,45.0000000006334,17.));
#11115=CARTESIAN_POINT('',(40.4772255928558,50.5000000006334,17.));
#11116=CARTESIAN_POINT('',(40.4772255928558,50.5000000006334,17.));
#11117=CARTESIAN_POINT('',(35.0000000178616,55.5000000000001,17.));
#11118=CARTESIAN_POINT('Origin',(35.0000000178616,50.,17.));
#11119=CARTESIAN_POINT('',(31.,55.5,17.));
#11120=CARTESIAN_POINT('',(35.0000000357232,52.5,17.));
#11121=CARTESIAN_POINT('',(35.,47.5,17.));
#11122=CARTESIAN_POINT('Origin',(35.0000000178616,50.,17.));
#11123=CARTESIAN_POINT('',(43.,47.5,17.));
#11124=CARTESIAN_POINT('',(23.,47.5,17.));
#11125=CARTESIAN_POINT('',(43.,17.5,17.));
#11126=CARTESIAN_POINT('',(43.,47.5,17.));
#11127=CARTESIAN_POINT('',(35.,17.5,17.));
#11128=CARTESIAN_POINT('',(43.,17.5,17.));
#11129=CARTESIAN_POINT('',(35.,12.5,17.));
#11130=CARTESIAN_POINT('Origin',(35.0000000178616,15.,17.));
#11131=CARTESIAN_POINT('',(31.,12.5,17.));
#11132=CARTESIAN_POINT('',(35.,12.5,17.));
#11133=CARTESIAN_POINT('',(31.,17.5,17.));
#11134=CARTESIAN_POINT('Origin',(31.,15.,17.));
#11135=CARTESIAN_POINT('',(23.,17.5,17.));
#11136=CARTESIAN_POINT('',(43.,17.5,17.));
#11137=CARTESIAN_POINT('',(23.,47.5,17.));
#11138=CARTESIAN_POINT('',(23.,17.5,17.));
#11139=CARTESIAN_POINT('',(31.,47.5,17.));
#11140=CARTESIAN_POINT('',(23.,47.5,17.));
#11141=CARTESIAN_POINT('',(31.,52.5,17.));
#11142=CARTESIAN_POINT('Origin',(31.,50.,17.));
#11143=CARTESIAN_POINT('',(31.,52.5,17.));
#11144=CARTESIAN_POINT('Origin',(33.,-32.2500000000007,17.));
#11145=CARTESIAN_POINT('',(25.5000000000379,-14.5000000000897,17.));
#11146=CARTESIAN_POINT('',(20.,-20.0000000000896,17.));
#11147=CARTESIAN_POINT('Origin',(25.4999999999999,-20.0000000000896,17.));
#11148=CARTESIAN_POINT('',(20.,-45.0000000000358,17.));
#11149=CARTESIAN_POINT('',(20.,-45.0000000000358,17.));
#11150=CARTESIAN_POINT('',(25.499999999996,-50.5000000000358,17.));
#11151=CARTESIAN_POINT('Origin',(25.5,-45.0000000000358,17.));
#11152=CARTESIAN_POINT('',(25.5227744249511,-50.5000000000358,17.));
#11153=CARTESIAN_POINT('',(25.5227744249511,-50.5000000000358,17.));
#11154=CARTESIAN_POINT('',(28.7087121524954,-54.9999999999937,17.));
#11155=CARTESIAN_POINT('Origin',(31.,-50.0000000000059,17.));
#11156=CARTESIAN_POINT('',(37.2912878653452,-54.9999999999955,17.));
#11157=CARTESIAN_POINT('',(46.6249999997387,-54.9999999999993,17.));
#11158=CARTESIAN_POINT('',(40.4772255929279,-50.4999999996599,17.));
#11159=CARTESIAN_POINT('Origin',(35.0000000178446,-50.0000000000059,17.));
#11160=CARTESIAN_POINT('',(40.5,-50.4999999996599,17.));
#11161=CARTESIAN_POINT('',(40.5,-50.4999999996599,17.));
#11162=CARTESIAN_POINT('',(46.,-44.9999999996599,17.));
#11163=CARTESIAN_POINT('Origin',(40.5,-44.9999999996599,17.));
#11164=CARTESIAN_POINT('',(46.,-19.9999999936805,17.));
#11165=CARTESIAN_POINT('',(46.,-19.9999999936805,17.));
#11166=CARTESIAN_POINT('',(40.5,-14.4999999936805,17.));
#11167=CARTESIAN_POINT('Origin',(40.5,-19.9999999936805,17.));
#11168=CARTESIAN_POINT('',(40.4772255923359,-14.4999999936805,17.));
#11169=CARTESIAN_POINT('',(40.4772255923359,-14.4999999936805,17.));
#11170=CARTESIAN_POINT('',(35.0000000178616,-9.50000000000587,17.));
#11171=CARTESIAN_POINT('Origin',(35.0000000178616,-15.0000000000059,17.));
#11172=CARTESIAN_POINT('',(31.,-9.50000000000588,17.));
#11173=CARTESIAN_POINT('',(31.,-9.50000000000588,17.));
#11174=CARTESIAN_POINT('',(25.5227744249407,-14.5000000000899,17.));
#11175=CARTESIAN_POINT('Origin',(31.,-15.0000000000059,17.));
#11176=CARTESIAN_POINT('',(25.5000000000379,-14.5000000000897,17.));
#11177=CARTESIAN_POINT('',(35.0000000357233,-12.5000000000059,17.));
#11178=CARTESIAN_POINT('',(35.,-17.4999999999985,17.));
#11179=CARTESIAN_POINT('Origin',(35.0000000178616,-15.0000000000059,17.));
#11180=CARTESIAN_POINT('',(43.,-17.4999999999975,17.));
#11181=CARTESIAN_POINT('',(23.,-17.5,17.));
#11182=CARTESIAN_POINT('',(43.,-47.5,17.));
#11183=CARTESIAN_POINT('',(43.,-17.4999999999975,17.));
#11184=CARTESIAN_POINT('',(35.0000000178446,-47.5,17.));
#11185=CARTESIAN_POINT('',(43.,-47.5,17.));
#11186=CARTESIAN_POINT('',(35.,-52.5000000000059,17.));
#11187=CARTESIAN_POINT('Origin',(35.0000000178446,-50.0000000000059,17.));
#11188=CARTESIAN_POINT('',(31.,-52.5000000000059,17.));
#11189=CARTESIAN_POINT('',(35.,-52.5000000000059,17.));
#11190=CARTESIAN_POINT('',(31.,-47.5,17.));
#11191=CARTESIAN_POINT('Origin',(31.,-50.0000000000059,17.));
#11192=CARTESIAN_POINT('',(23.,-47.5,17.));
#11193=CARTESIAN_POINT('',(43.,-47.5,17.));
#11194=CARTESIAN_POINT('',(23.,-17.5,17.));
#11195=CARTESIAN_POINT('',(23.,-47.5,17.));
#11196=CARTESIAN_POINT('',(31.,-17.499999999999,17.));
#11197=CARTESIAN_POINT('',(23.,-17.5,17.));
#11198=CARTESIAN_POINT('',(31.,-12.5000000000059,17.));
#11199=CARTESIAN_POINT('Origin',(31.,-15.0000000000059,17.));
#11200=CARTESIAN_POINT('',(31.,-12.5000000000059,17.));
#11201=CARTESIAN_POINT('Origin',(-62.24999999999,-50.,2.));
#11202=CARTESIAN_POINT('',(-65.1444271909625,-49.2111456178995,2.));
#11203=CARTESIAN_POINT('',(-63.3555728089146,-52.7888543820298,2.));
#11204=CARTESIAN_POINT('Origin',(62.2500000000198,-50.,2.));
#11205=CARTESIAN_POINT('',(63.3555728090008,-52.7888543820074,2.));
#11206=CARTESIAN_POINT('',(65.1444271910124,-49.2111456179733,2.));
#11207=CARTESIAN_POINT('Origin',(-58.2499999999585,-48.0000000000034,0.));
#11208=CARTESIAN_POINT('',(-58.2499999999591,-54.9999999999895,0.));
#11209=CARTESIAN_POINT('Origin',(58.2500000000072,-47.9999999999998,0.));
#11210=CARTESIAN_POINT('',(65.2500000000078,-47.9999999999875,0.));
#11211=CARTESIAN_POINT('Origin',(66.7499999999922,-40.,7.2));
#11212=CARTESIAN_POINT('Origin',(68.4999999999922,-40.,12.2));
#11213=CARTESIAN_POINT('',(70.2500000000301,-40.,6.1));
#11214=CARTESIAN_POINT('Origin',(70.2500000000277,-47.9999999999985,0.));
#11215=CARTESIAN_POINT('',(70.2500000000277,-47.9999999999985,0.));
#11216=CARTESIAN_POINT('Origin',(58.2500000000072,-47.9999999999998,0.));
#11217=CARTESIAN_POINT('',(58.2500000000066,-55.0000000000003,0.));
#11218=CARTESIAN_POINT('Origin',(60.2499999994796,-55.0000000000005,0.));
#11219=CARTESIAN_POINT('',(37.2912878653452,-54.9999999999955,4.99999781510549));
#11220=CARTESIAN_POINT('',(37.2912878653452,-54.9999999999955,2.));
#11221=CARTESIAN_POINT('',(28.7087121524954,-54.9999999999937,4.99999566189103));
#11222=CARTESIAN_POINT('',(-3.99999952959419,-54.9999999999945,4.99998745599829));
#11223=CARTESIAN_POINT('',(28.7087121524954,-54.9999999999937,2.));
#11224=CARTESIAN_POINT('',(-28.7087121524682,-54.9999999999812,4.99998125701244));
#11225=CARTESIAN_POINT('',(-28.7087121524681,-54.9999999999812,2.));
#11226=CARTESIAN_POINT('',(-37.2912878653806,-54.9999999999793,4.99997910383513));
#11227=CARTESIAN_POINT('',(-3.99999952959419,-54.9999999999945,4.99998745599829));
#11228=CARTESIAN_POINT('',(-37.2912878653806,-54.9999999999793,2.));
#11229=CARTESIAN_POINT('',(-37.2912878653805,-54.9999999999793,13.0000208961649));
#11230=CARTESIAN_POINT('',(-37.2912878653806,-54.9999999999793,2.));
#11231=CARTESIAN_POINT('',(-28.7087121524681,-54.9999999999812,13.0000187429876));
#11232=CARTESIAN_POINT('',(-3.99999960697432,-54.9999999999945,13.0000125440017));
#11233=CARTESIAN_POINT('',(-28.7087121524681,-54.9999999999812,2.));
#11234=CARTESIAN_POINT('',(28.7087121524954,-54.9999999999937,13.000004338109));
#11235=CARTESIAN_POINT('',(28.7087121524954,-54.9999999999937,2.));
#11236=CARTESIAN_POINT('',(37.2912878653452,-54.9999999999955,13.0000021848945));
#11237=CARTESIAN_POINT('',(-3.99999960697432,-54.9999999999945,13.0000125440017));
#11238=CARTESIAN_POINT('',(37.2912878653452,-54.9999999999955,2.));
#11239=CARTESIAN_POINT('Origin',(-58.2499999999585,-48.0000000000034,0.));
#11240=CARTESIAN_POINT('',(-65.2499999999445,-47.9999999999772,0.));
#11241=CARTESIAN_POINT('Origin',(-58.2499999994853,31.6439152567418,0.));
#11242=CARTESIAN_POINT('',(-65.2499999996468,31.643915256768,0.));
#11243=CARTESIAN_POINT('',(-65.0481120598224,33.3129486348862,0.));
#11244=CARTESIAN_POINT('Origin',(58.2500000000568,31.8401578484274,0.));
#11245=CARTESIAN_POINT('',(65.2499999998675,31.8401578484397,0.));
#11246=CARTESIAN_POINT('',(65.1103877727977,33.2312292358756,0.));
#11247=CARTESIAN_POINT('Origin',(65.2499999998742,28.0436632029339,0.));
#11248=CARTESIAN_POINT('Origin',(0.,9.52190486458449E-7,10.));
#11249=CARTESIAN_POINT('',(4.20916055713175,22.6115671150453,10.));
#11250=CARTESIAN_POINT('',(23.,2.81668763803891E-15,10.));
#11251=CARTESIAN_POINT('Origin',(0.,0.,10.));
#11252=CARTESIAN_POINT('',(2.79085645639593,14.9924521090866,10.));
#11253=CARTESIAN_POINT('Origin',(3.50000850676384,18.8020096120659,10.));
#11254=CARTESIAN_POINT('',(15.25,1.86758636869971E-15,10.));
#11255=CARTESIAN_POINT('Origin',(0.,0.,10.));
#11256=CARTESIAN_POINT('',(2.79084967320262,-14.9924533716662,10.));
#11257=CARTESIAN_POINT('Origin',(0.,0.,10.));
#11258=CARTESIAN_POINT('',(4.20915032679739,-22.6115690195621,10.));
#11259=CARTESIAN_POINT('Origin',(3.50000000000001,-18.8020111956142,10.));
#11260=CARTESIAN_POINT('Origin',(0.,0.,10.));
#11261=CARTESIAN_POINT('Origin',(0.,0.,2.));
#11262=CARTESIAN_POINT('',(15.25,1.86758636869971E-15,16.));
#11263=CARTESIAN_POINT('Origin',(0.,0.,16.));
#11264=CARTESIAN_POINT('',(15.25,1.86758636869971E-15,2.));
#11265=CARTESIAN_POINT('',(2.79085645639593,14.9924521090866,2.));
#11266=CARTESIAN_POINT('',(-2.79084289002786,14.9924546343237,10.));
#11267=CARTESIAN_POINT('',(-2.79084289002786,14.9924546343237,2.));
#11268=CARTESIAN_POINT('',(-2.79084967320261,-14.9924533716662,10.));
#11269=CARTESIAN_POINT('Origin',(0.,0.,10.));
#11270=CARTESIAN_POINT('',(-2.79084967320261,-14.9924533716662,2.));
#11271=CARTESIAN_POINT('',(2.79084967320262,-14.9924533716662,2.));
#11272=CARTESIAN_POINT('Origin',(0.,9.52190486458449E-7,10.));
#11273=CARTESIAN_POINT('',(-4.20914009644083,22.611570923927,10.));
#11274=CARTESIAN_POINT('Origin',(-3.49999149323435,18.8020127791254,10.));
#11275=CARTESIAN_POINT('',(-4.20915032679738,-22.6115690195621,10.));
#11276=CARTESIAN_POINT('Origin',(0.,0.,10.));
#11277=CARTESIAN_POINT('Origin',(-3.49999999999999,-18.8020111956142,10.));
#11278=CARTESIAN_POINT('Origin',(0.,0.,2.));
#11279=CARTESIAN_POINT('',(23.,2.81668763803891E-15,15.));
#11280=CARTESIAN_POINT('Origin',(0.,0.,15.));
#11281=CARTESIAN_POINT('',(23.,2.81668763803891E-15,2.));
#11282=CARTESIAN_POINT('',(4.20915032679739,-22.6115690195621,2.));
#11283=CARTESIAN_POINT('',(-4.20915032679738,-22.6115690195621,2.));
#11284=CARTESIAN_POINT('',(-4.20914009644084,22.611570923927,2.));
#11285=CARTESIAN_POINT('',(4.20916055713176,22.6115671150453,2.));
#11286=CARTESIAN_POINT('Origin',(3.50000850676384,18.8020096120659,2.));
#11287=CARTESIAN_POINT('Origin',(-3.49999149323435,18.8020127791254,2.));
#11288=CARTESIAN_POINT('Origin',(-3.49999999999999,-18.8020111956142,2.));
#11289=CARTESIAN_POINT('Origin',(3.50000000000001,-18.8020111956142,2.));
#11290=CARTESIAN_POINT('Ctrl Pts',(21.8190337554223,-9.41063407971238,1.56753578086351));
#11291=CARTESIAN_POINT('Ctrl Pts',(23.3582681027359,-5.84184095726558,1.61959959566636));
#11292=CARTESIAN_POINT('Ctrl Pts',(24.6514279275321,2.06175414150147,1.72372722527207));
#11293=CARTESIAN_POINT('Ctrl Pts',(20.7695245644277,13.4362896665653,1.87991866968063));
#11294=CARTESIAN_POINT('Ctrl Pts',(11.9880383635074,21.6376327910925,2.0361101140892));
#11295=CARTESIAN_POINT('Ctrl Pts',(0.376744740112608,24.7340459609784,2.19230155849776));
#11296=CARTESIAN_POINT('Ctrl Pts',(-11.3230387743181,21.9930052277213,2.34849300290633));
#11297=CARTESIAN_POINT('Ctrl Pts',(-20.350977839954,14.0622788860413,2.50468444731489));
#11298=CARTESIAN_POINT('Ctrl Pts',(-24.5763018547664,2.81291863414236,2.66087589172346));
#11299=CARTESIAN_POINT('Ctrl Pts',(-23.0020657117949,-9.1001636961874,2.81706733613202));
#11300=CARTESIAN_POINT('Ctrl Pts',(-15.9996801688682,-18.8657942736654,
2.97325878054058));
#11301=CARTESIAN_POINT('Ctrl Pts',(-5.22163954739964,-24.17937657132,3.12945022494914));
#11302=CARTESIAN_POINT('Ctrl Pts',(6.78863223488534,-23.7870222055276,3.28564166935771));
#11303=CARTESIAN_POINT('Ctrl Pts',(17.1968911765144,-17.7813039968449,3.44183311376627));
#11304=CARTESIAN_POINT('Ctrl Pts',(23.5469597418189,-7.57948422129717,3.59802455817484));
#11305=CARTESIAN_POINT('Ctrl Pts',(24.3403199904945,4.41097453142334,3.7542160025834));
#11306=CARTESIAN_POINT('Ctrl Pts',(19.3897530455783,15.3605128256567,3.91040744699197));
#11307=CARTESIAN_POINT('Ctrl Pts',(9.86351306061852,22.6852152166068,4.06659889140052));
#11308=CARTESIAN_POINT('Ctrl Pts',(-1.99035871766294,24.656568065741,4.2227903358091));
#11309=CARTESIAN_POINT('Ctrl Pts',(-13.3745376190613,20.8093638066704,4.37898178021765));
#11310=CARTESIAN_POINT('Ctrl Pts',(-21.6025387051829,12.0514811951971,4.53517322462622));
#11311=CARTESIAN_POINT('Ctrl Pts',(-24.7326848696149,0.449641065085627,
4.69136466903478));
#11312=CARTESIAN_POINT('Ctrl Pts',(-22.0263114635597,-11.2583072056301,
4.84755611344336));
#11313=CARTESIAN_POINT('Ctrl Pts',(-14.1220795037205,-20.3094743484604,
5.0037475578519));
#11314=CARTESIAN_POINT('Ctrl Pts',(-2.88526178683926,-24.5679291410278,
5.15993900226048));
#11315=CARTESIAN_POINT('Ctrl Pts',(9.03243173941546,-23.0287440972828,5.31613044666903));
#11316=CARTESIAN_POINT('Ctrl Pts',(18.8186152902413,-16.0551423663032,5.47232189107761));
#11317=CARTESIAN_POINT('Ctrl Pts',(24.1639054707427,-5.29278284426398,5.62851333548616));
#11318=CARTESIAN_POINT('Ctrl Pts',(23.8068989657342,6.71858909845262,5.78470477989474));
#11319=CARTESIAN_POINT('Ctrl Pts',(17.8318436219394,17.1444810618703,5.94089622430329));
#11320=CARTESIAN_POINT('Ctrl Pts',(7.64875729958854,23.5245486590007,6.09708766871187));
#11321=CARTESIAN_POINT('Ctrl Pts',(-4.3393138772301,24.3531975911392,6.25327911312041));
#11322=CARTESIAN_POINT('Ctrl Pts',(-15.3033761176436,19.4348799131818,6.40947055752899));
#11323=CARTESIAN_POINT('Ctrl Pts',(-22.6560854242047,9.93024023320536,6.56566200193755));
#11324=CARTESIAN_POINT('Ctrl Pts',(-24.662319551857,-1.91777792250642,6.72185344634612));
#11325=CARTESIAN_POINT('Ctrl Pts',(-20.8486392119667,-13.3132310446122,
6.87804489075468));
#11326=CARTESIAN_POINT('Ctrl Pts',(-12.115012201074,-21.5669737609571,7.03423633516324));
#11327=CARTESIAN_POINT('Ctrl Pts',(-0.522435340178809,-24.7312542980195,
7.1904277795718));
#11328=CARTESIAN_POINT('Ctrl Pts',(11.1934279369951,-22.0593528657865,7.34661922398038));
#11329=CARTESIAN_POINT('Ctrl Pts',(20.2678205668134,-14.1817956306469,7.50281066838893));
#11330=CARTESIAN_POINT('Ctrl Pts',(24.5593304716568,-2.95756058634971,7.6590021127975));
#11331=CARTESIAN_POINT('Ctrl Pts',(23.0552296909501,8.96461163327863,7.81519355720606));
#11332=CARTESIAN_POINT('Ctrl Pts',(16.1104620439829,18.7712783413215,7.97138500161462));
#11333=CARTESIAN_POINT('Ctrl Pts',(5.36388204390561,24.1482224450796,8.12757644602319));
#11334=CARTESIAN_POINT('Ctrl Pts',(-6.64848865537521,23.826570807343,8.28376789043176));
#11335=CARTESIAN_POINT('Ctrl Pts',(-17.0919219628847,17.8822280897163,8.4399593348403));
#11336=CARTESIAN_POINT('Ctrl Pts',(-23.5019340141021,7.71796446187554,8.5961507792489));
#11337=CARTESIAN_POINT('Ctrl Pts',(-24.3658640961705,-4.26761580802789,
8.75234222365744));
#11338=CARTESIAN_POINT('Ctrl Pts',(-19.4798384747884,-15.2461067434979,
8.90853366806601));
#11339=CARTESIAN_POINT('Ctrl Pts',(-9.99688134716813,-22.6267594049307,
9.06472511247458));
#11340=CARTESIAN_POINT('Ctrl Pts',(1.84518049728017,-24.6678573607526,9.22091655688313));
#11341=CARTESIAN_POINT('Ctrl Pts',(13.2518091437777,-20.8877340143652,9.37710800129172));
#11342=CARTESIAN_POINT('Ctrl Pts',(21.5312219744701,-12.178438246511,9.53329944570025));
#11343=CARTESIAN_POINT('Ctrl Pts',(24.7296094778554,-0.595225092502303,
9.68949089010885));
#11344=CARTESIAN_POINT('Ctrl Pts',(22.0922031632966,11.1284516995669,9.84568233451738));
#11345=CARTESIAN_POINT('Ctrl Pts',(14.2413888990256,20.2259912010448,10.001873778926));
#11346=CARTESIAN_POINT('Ctrl Pts',(3.02983376376353,24.5505190413934,10.1580652233345));
#11347=CARTESIAN_POINT('Ctrl Pts',(-8.8967138651645,23.0815155533509,10.3142566677431));
#11348=CARTESIAN_POINT('Ctrl Pts',(-18.7237787739625,16.1656421543164,10.4704481121516));
#11349=CARTESIAN_POINT('Ctrl Pts',(-24.1323302195562,5.43493477536085,10.6266395565602));
#11350=CARTESIAN_POINT('Ctrl Pts',(-23.8460362356704,-6.57833061540859,
10.7828310009688));
#11351=CARTESIAN_POINT('Ctrl Pts',(-17.932457640946,-17.0392147938571,10.9390224453773));
#11352=CARTESIAN_POINT('Ctrl Pts',(-7.78710476224351,-23.4791157684061,
11.0952138897859));
#11353=CARTESIAN_POINT('Ctrl Pts',(4.19588076781956,-24.3783195156594,11.2514053341945));
#11354=CARTESIAN_POINT('Ctrl Pts',(15.1887052899215,-19.5246282800228,11.407596778603));
#11355=CARTESIAN_POINT('Ctrl Pts',(22.5972373665596,-10.0634358555881,11.5637882230116));
#11356=CARTESIAN_POINT('Ctrl Pts',(24.6731814680478,1.77256708501199,11.7199796674202));
#11357=CARTESIAN_POINT('Ctrl Pts',(20.9266478632599,13.1902724442754,11.8761711118287));
#11358=CARTESIAN_POINT('Ctrl Pts',(12.2417587878514,21.4952836521684,12.0323625562373));
#11359=CARTESIAN_POINT('Ctrl Pts',(0.668009689050421,24.727750435844,12.1885540006459));
#11360=CARTESIAN_POINT('Ctrl Pts',(-11.0633790560952,22.124862044014,12.3447454450544));
#11361=CARTESIAN_POINT('Ctrl Pts',(-20.1839866114804,14.3008588479272,12.500936889463));
#11362=CARTESIAN_POINT('Ctrl Pts',(-24.5414949317747,3.10208058395563,12.6571283338716));
#11363=CARTESIAN_POINT('Ctrl Pts',(-23.1076014459824,-8.82873880971479,
12.8133197782801));
#11364=CARTESIAN_POINT('Ctrl Pts',(-16.2206822406703,-18.6761174174648,
12.9695112226887));
#11365=CARTESIAN_POINT('Ctrl Pts',(-5.50594038108402,-24.1162281147993,
13.1257026670972));
#11366=CARTESIAN_POINT('Ctrl Pts',(6.50811550412816,-23.8652966797339,13.2818941115058));
#11367=CARTESIAN_POINT('Ctrl Pts',(16.9863601721962,-17.9825287165374,13.4380855559144));
#11368=CARTESIAN_POINT('Ctrl Pts',(23.4560938051577,-7.85618371004548,13.5942770003229));
#11369=CARTESIAN_POINT('Ctrl Pts',(24.3905643565328,4.12412132180462,13.7504684447315));
#11370=CARTESIAN_POINT('Ctrl Pts',(19.5692477386497,15.1311489002736,13.90665988914));
#11371=CARTESIAN_POINT('Ctrl Pts',(10.129905532805,22.5675652299389,14.0628513335486));
#11372=CARTESIAN_POINT('Ctrl Pts',(-1.69994291365427,24.6782025302007,14.2190427779572));
#11373=CARTESIAN_POINT('Ctrl Pts',(-13.1286124643726,20.9655551073495,14.3752342223658));
#11374=CARTESIAN_POINT('Ctrl Pts',(-21.4591769736106,12.304630844619,14.5314256667743));
#11375=CARTESIAN_POINT('Ctrl Pts',(-24.7256396647789,0.741467331531856,
14.6876171111829));
#11376=CARTESIAN_POINT('Ctrl Pts',(-22.1574302109829,-10.9996370600002,
14.8438085555914));
#11377=CARTESIAN_POINT('Ctrl Pts',(-16.958933675263,-17.0918215274822,14.9479361851971));
#11378=CARTESIAN_POINT('Ctrl Pts',(-13.7943007043258,-19.3480628456995,
15.));
#11379=CARTESIAN_POINT('Ctrl Pts',(22.0483015166189,-9.50951815638971,1.71169052057568));
#11380=CARTESIAN_POINT('Ctrl Pts',(23.6037096696437,-5.90322524277301,1.76375433537853));
#11381=CARTESIAN_POINT('Ctrl Pts',(24.9104576240163,2.08341842606416,1.86788196498424));
#11382=CARTESIAN_POINT('Ctrl Pts',(20.9877644026984,13.5774741060402,2.02407340939281));
#11383=CARTESIAN_POINT('Ctrl Pts',(12.1140050193891,21.864994446206,2.18026485380137));
#11384=CARTESIAN_POINT('Ctrl Pts',(0.38070345909513,24.9939437825947,2.33645629820993));
#11385=CARTESIAN_POINT('Ctrl Pts',(-11.4420178170581,22.2241010281617,2.4926477426185));
#11386=CARTESIAN_POINT('Ctrl Pts',(-20.5648197167222,14.2100410295746,2.64883918702706));
#11387=CARTESIAN_POINT('Ctrl Pts',(-24.8345421493594,2.84247592640871,2.80503063143563));
#11388=CARTESIAN_POINT('Ctrl Pts',(-23.2437644124686,-9.19578544463579,
2.96122207584419));
#11389=CARTESIAN_POINT('Ctrl Pts',(-16.1677999349998,-19.064030293867,3.11741352025275));
#11390=CARTESIAN_POINT('Ctrl Pts',(-5.27650694538929,-24.4334460959276,
3.27360496466131));
#11391=CARTESIAN_POINT('Ctrl Pts',(6.85996511477022,-24.0369689899603,3.42979640906988));
#11392=CARTESIAN_POINT('Ctrl Pts',(17.3775908712752,-17.968144523525,3.58598785347845));
#11393=CARTESIAN_POINT('Ctrl Pts',(23.7943840229997,-7.65912713298248,3.74217929788701));
#11394=CARTESIAN_POINT('Ctrl Pts',(24.5960806595316,4.45732370833239,3.89837074229557));
#11395=CARTESIAN_POINT('Ctrl Pts',(19.5934946649711,15.5219164160194,4.05456218670414));
#11396=CARTESIAN_POINT('Ctrl Pts',(9.96715585169216,22.9235845487814,4.2107536311127));
#11397=CARTESIAN_POINT('Ctrl Pts',(-2.01127280085709,24.915651773232,4.36694507552127));
#11398=CARTESIAN_POINT('Ctrl Pts',(-13.515073186829,21.0280222635646,4.52313651992983));
#11399=CARTESIAN_POINT('Ctrl Pts',(-21.8295316023303,12.1781144890312,4.67932796433839));
#11400=CARTESIAN_POINT('Ctrl Pts',(-24.9925683892978,0.454365756448673,
4.83551940874696));
#11401=CARTESIAN_POINT('Ctrl Pts',(-22.2577572357821,-11.3766060687618,
4.99171085315552));
#11402=CARTESIAN_POINT('Ctrl Pts',(-14.2704700139306,-20.5228801191809,
5.14790229756409));
#11403=CARTESIAN_POINT('Ctrl Pts',(-2.91557923892031,-24.8260814576949,
5.30409374197264));
#11404=CARTESIAN_POINT('Ctrl Pts',(9.12734178109144,-23.2707231263057,5.46028518638122));
#11405=CARTESIAN_POINT('Ctrl Pts',(19.0163555680546,-16.2238449123131,5.61647663078977));
#11406=CARTESIAN_POINT('Ctrl Pts',(24.4178124297374,-5.3483977943487,5.77266807519834));
#11407=CARTESIAN_POINT('Ctrl Pts',(24.0570546091093,6.78918598639317,5.9288595196069));
#11408=CARTESIAN_POINT('Ctrl Pts',(18.0192152036069,17.3246300471092,6.08505096401547));
#11409=CARTESIAN_POINT('Ctrl Pts',(7.72912811168182,23.7717374513491,6.24124240842404));
#11410=CARTESIAN_POINT('Ctrl Pts',(-4.38491006581086,24.6090935740817,6.39743385283259));
#11411=CARTESIAN_POINT('Ctrl Pts',(-15.4641793328808,19.6390957119549,6.55362529724116));
#11412=CARTESIAN_POINT('Ctrl Pts',(-22.894148669393,10.0345841730852,6.70981674164972));
#11413=CARTESIAN_POINT('Ctrl Pts',(-24.9214636942124,-1.93792934881126,
6.86600818605829));
#11414=CARTESIAN_POINT('Ctrl Pts',(-21.0677103628574,-13.453122421568,7.02219963046685));
#11415=CARTESIAN_POINT('Ctrl Pts',(-12.2423130593679,-21.7935929525028,
7.17839107487542));
#11416=CARTESIAN_POINT('Ctrl Pts',(-0.527924931613306,-24.9911227856918,
7.33458251928398));
#11417=CARTESIAN_POINT('Ctrl Pts',(11.3110450685325,-22.2911458269999,7.49077396369255));
#11418=CARTESIAN_POINT('Ctrl Pts',(20.480788652283,-14.3308136197308,7.6469654081011));
#11419=CARTESIAN_POINT('Ctrl Pts',(24.8173924361252,-2.98863773219569,7.80315685250967));
#11420=CARTESIAN_POINT('Ctrl Pts',(23.2974870225244,9.05880904193556,7.95934829691824));
#11421=CARTESIAN_POINT('Ctrl Pts',(16.2797458723169,18.9685212168932,8.11553974132679));
#11422=CARTESIAN_POINT('Ctrl Pts',(5.42024408272521,24.4019646116174,8.27173118573537));
#11423=CARTESIAN_POINT('Ctrl Pts',(-6.71834894921065,24.076933156438,8.42792263014393));
#11424=CARTESIAN_POINT('Ctrl Pts',(-17.2715186731196,18.0701290960255,8.58411407455249));
#11425=CARTESIAN_POINT('Ctrl Pts',(-23.7488851786496,7.7990624817514,8.74030551896105));
#11426=CARTESIAN_POINT('Ctrl Pts',(-24.62189317489,-4.3124586151348,8.89649696336962));
#11427=CARTESIAN_POINT('Ctrl Pts',(-19.6845266844337,-15.4063081895944,
9.05268840777818));
#11428=CARTESIAN_POINT('Ctrl Pts',(-10.1019255315764,-22.8645145012403,
9.20887985218675));
#11429=CARTESIAN_POINT('Ctrl Pts',(1.86456909195202,-24.9270596927172,9.36507129659531));
#11430=CARTESIAN_POINT('Ctrl Pts',(13.391055118107,-21.1072159615322,9.52126274100388));
#11431=CARTESIAN_POINT('Ctrl Pts',(21.7574654971324,-12.3064055663725,9.67745418541244));
#11432=CARTESIAN_POINT('Ctrl Pts',(24.9894606822584,-0.601479536484359,
9.83364562982101));
#11433=CARTESIAN_POINT('Ctrl Pts',(22.3243413054309,11.2453860805915,9.98983707422956));
#11434=CARTESIAN_POINT('Ctrl Pts',(14.3910330760231,20.438519756279,10.1460285186381));
#11435=CARTESIAN_POINT('Ctrl Pts',(3.06167033414527,24.8084884180363,10.3022199630467));
#11436=CARTESIAN_POINT('Ctrl Pts',(-8.99019782475397,23.3240490887614,10.4584114074553));
#11437=CARTESIAN_POINT('Ctrl Pts',(-18.9205225385475,16.3355057984434,10.6146028518638));
#11438=CARTESIAN_POINT('Ctrl Pts',(-24.3859053954285,5.49204341464177,10.7707942962724));
#11439=CARTESIAN_POINT('Ctrl Pts',(-24.0966031215577,-6.64745370992835,
10.9269857406809));
#11440=CARTESIAN_POINT('Ctrl Pts',(-18.1208864440808,-17.2182576732131,
11.0831771850895));
#11441=CARTESIAN_POINT('Ctrl Pts',(-7.86892928733733,-23.7258271657777,
11.2393686294981));
#11442=CARTESIAN_POINT('Ctrl Pts',(4.23996980497259,-24.6344794721333,11.3955600739066));
#11443=CARTESIAN_POINT('Ctrl Pts',(15.3483035790268,-19.7297871272997,11.5517515183152));
#11444=CARTESIAN_POINT('Ctrl Pts',(22.8346822542817,-10.1691793745,11.7079429627238));
#11445=CARTESIAN_POINT('Ctrl Pts',(24.9324397441102,1.79119268006385,11.8641344071323));
#11446=CARTESIAN_POINT('Ctrl Pts',(21.146538705299,13.3288718097089,12.0203258515409));
#11447=CARTESIAN_POINT('Ctrl Pts',(12.3703914606756,21.7211495458858,12.1765172959495));
#11448=CARTESIAN_POINT('Ctrl Pts',(0.675028931404725,24.9875821059997,12.332708740358));
#11449=CARTESIAN_POINT('Ctrl Pts',(-11.1796296736016,22.3573433557199,12.4889001847666));
#11450=CARTESIAN_POINT('Ctrl Pts',(-20.396073795281,14.4511279170347,12.6450916291751));
#11451=CARTESIAN_POINT('Ctrl Pts',(-24.7993694858222,3.13467630191947,12.8012830735837));
#11452=CARTESIAN_POINT('Ctrl Pts',(-23.3504090840075,-8.92150850812502,
12.9574745179923));
#11453=CARTESIAN_POINT('Ctrl Pts',(-16.391124229261,-18.8723603710321,13.1136659624009));
#11454=CARTESIAN_POINT('Ctrl Pts',(-5.56379512564343,-24.3696340946592,
13.2698574068094));
#11455=CARTESIAN_POINT('Ctrl Pts',(6.57650079964427,-24.1160659485012,13.426048851218));
#11456=CARTESIAN_POINT('Ctrl Pts',(17.1648476712859,-18.1714836512842,13.5822402956265));
#11457=CARTESIAN_POINT('Ctrl Pts',(23.7025632947514,-7.93873409568319,13.7384317400351));
#11458=CARTESIAN_POINT('Ctrl Pts',(24.6468529780652,4.16745633255499,13.8946231844437));
#11459=CARTESIAN_POINT('Ctrl Pts',(19.774875433608,15.2901424043666,14.0508146288522));
#11460=CARTESIAN_POINT('Ctrl Pts',(10.2363474948402,22.8046983318868,14.2070060732608));
#11461=CARTESIAN_POINT('Ctrl Pts',(-1.71780539603293,24.9375135660549,14.3631975176694));
#11462=CARTESIAN_POINT('Ctrl Pts',(-13.2665639255173,21.1858547748595,14.5193889620779));
#11463=CARTESIAN_POINT('Ctrl Pts',(-21.6846634693469,12.4339241578664,14.6755804064865));
#11464=CARTESIAN_POINT('Ctrl Pts',(-24.9854491555951,0.749258444420107,
14.831771850895));
#11465=CARTESIAN_POINT('Ctrl Pts',(-22.3902537390679,-11.1152178960257,
14.9879632953036));
#11466=CARTESIAN_POINT('Ctrl Pts',(-17.1371329850763,-17.2714171823725,
15.0920909249093));
#11467=CARTESIAN_POINT('Ctrl Pts',(-13.9392470147447,-19.5513663971697,
15.1441547397122));
#11468=CARTESIAN_POINT('Ctrl Pts',(22.2775692778156,-9.60840223306705,1.85584526028785));
#11469=CARTESIAN_POINT('Ctrl Pts',(23.8491512365515,-5.96460952828045,1.90790907509071));
#11470=CARTESIAN_POINT('Ctrl Pts',(25.1694873205005,2.10508271062681,2.01203670469642));
#11471=CARTESIAN_POINT('Ctrl Pts',(21.206004240969,13.7186585455151,2.16822814910498));
#11472=CARTESIAN_POINT('Ctrl Pts',(12.2399716752708,22.0923561013194,2.32441959351354));
#11473=CARTESIAN_POINT('Ctrl Pts',(0.384662178077683,25.2538416042111,2.48061103792211));
#11474=CARTESIAN_POINT('Ctrl Pts',(-11.560996859798,22.4551968286021,2.63680248233067));
#11475=CARTESIAN_POINT('Ctrl Pts',(-20.7786615934904,14.3578031731078,2.79299392673924));
#11476=CARTESIAN_POINT('Ctrl Pts',(-25.0927824439524,2.87203321867504,2.9491853711478));
#11477=CARTESIAN_POINT('Ctrl Pts',(-23.4854631131423,-9.29140719308417,
3.10537681555637));
#11478=CARTESIAN_POINT('Ctrl Pts',(-16.3359197011314,-19.2622663140686,
3.26156825996492));
#11479=CARTESIAN_POINT('Ctrl Pts',(-5.33137434337891,-24.6875156205352,
3.41775970437349));
#11480=CARTESIAN_POINT('Ctrl Pts',(6.93129799465508,-24.286915774393,3.57395114878205));
#11481=CARTESIAN_POINT('Ctrl Pts',(17.5582905660361,-18.1549850502051,3.73014259319062));
#11482=CARTESIAN_POINT('Ctrl Pts',(24.0418083041804,-7.73877004466779,3.88633403759918));
#11483=CARTESIAN_POINT('Ctrl Pts',(24.8518413285688,4.50367288524144,4.04252548200775));
#11484=CARTESIAN_POINT('Ctrl Pts',(19.7972362843639,15.6833200063822,4.19871692641631));
#11485=CARTESIAN_POINT('Ctrl Pts',(10.0707986427658,23.161953880956,4.35490837082487));
#11486=CARTESIAN_POINT('Ctrl Pts',(-2.03218688405124,25.174735480723,4.51109981523345));
#11487=CARTESIAN_POINT('Ctrl Pts',(-13.6556087545968,21.2466807204587,4.667291259642));
#11488=CARTESIAN_POINT('Ctrl Pts',(-22.0565244994778,12.3047477828654,4.82348270405057));
#11489=CARTESIAN_POINT('Ctrl Pts',(-25.2524519089807,0.459090447811714,
4.97967414845913));
#11490=CARTESIAN_POINT('Ctrl Pts',(-22.4892030080046,-11.4949049318935,
5.1358655928677));
#11491=CARTESIAN_POINT('Ctrl Pts',(-14.4188605241408,-20.7362858899013,
5.29205703727625));
#11492=CARTESIAN_POINT('Ctrl Pts',(-2.94589669100138,-25.0842337743621,
5.44824848168483));
#11493=CARTESIAN_POINT('Ctrl Pts',(9.22225182276747,-23.5127021553286,5.60443992609338));
#11494=CARTESIAN_POINT('Ctrl Pts',(19.2140958458679,-16.3925474583231,5.76063137050195));
#11495=CARTESIAN_POINT('Ctrl Pts',(24.6717193887323,-5.40401274443341,5.91682281491051));
#11496=CARTESIAN_POINT('Ctrl Pts',(24.3072102524843,6.8597828743337,6.07301425931908));
#11497=CARTESIAN_POINT('Ctrl Pts',(18.2065867852745,17.5047790323481,6.22920570372764));
#11498=CARTESIAN_POINT('Ctrl Pts',(7.80949892377505,24.0189262436974,6.38539714813621));
#11499=CARTESIAN_POINT('Ctrl Pts',(-4.43050625439161,24.8649895570243,6.54158859254475));
#11500=CARTESIAN_POINT('Ctrl Pts',(-15.6249825481181,19.843311510728,6.69778003695335));
#11501=CARTESIAN_POINT('Ctrl Pts',(-23.1322119145812,10.138928112965,6.85397148136189));
#11502=CARTESIAN_POINT('Ctrl Pts',(-25.1806078365677,-1.95808077511611,
7.01016292577047));
#11503=CARTESIAN_POINT('Ctrl Pts',(-21.2867815137482,-13.5930137985239,
7.16635437017902));
#11504=CARTESIAN_POINT('Ctrl Pts',(-12.3696139176619,-22.0202121440484,
7.32254581458759));
#11505=CARTESIAN_POINT('Ctrl Pts',(-0.533414523047818,-25.250991273364,
7.47873725899615));
#11506=CARTESIAN_POINT('Ctrl Pts',(11.4286622000699,-22.5229387882134,7.63492870340473));
#11507=CARTESIAN_POINT('Ctrl Pts',(20.6937567377526,-14.4798316088147,7.79112014781327));
#11508=CARTESIAN_POINT('Ctrl Pts',(25.0754544005935,-3.01971487804171,7.94731159222185));
#11509=CARTESIAN_POINT('Ctrl Pts',(23.5397443540987,9.15300645059254,8.10350303663041));
#11510=CARTESIAN_POINT('Ctrl Pts',(16.4490297006509,19.1657640924648,8.25969448103896));
#11511=CARTESIAN_POINT('Ctrl Pts',(5.4766061215448,24.6557067781552,8.41588592544754));
#11512=CARTESIAN_POINT('Ctrl Pts',(-6.78820924304608,24.3272955055331,8.5720773698561));
#11513=CARTESIAN_POINT('Ctrl Pts',(-17.4511153833545,18.2580301023346,8.72826881426466));
#11514=CARTESIAN_POINT('Ctrl Pts',(-23.9958363431972,7.88016050162728,8.88446025867324));
#11515=CARTESIAN_POINT('Ctrl Pts',(-24.8779222536095,-4.35730142224175,
9.04065170308179));
#11516=CARTESIAN_POINT('Ctrl Pts',(-19.889214894079,-15.5665096356909,9.19684314749036));
#11517=CARTESIAN_POINT('Ctrl Pts',(-10.2069697159846,-23.10226959755,9.35303459189892));
#11518=CARTESIAN_POINT('Ctrl Pts',(1.88395768662386,-25.1862620246817,9.50922603630749));
#11519=CARTESIAN_POINT('Ctrl Pts',(13.5303010924364,-21.3266979086993,9.66541748071604));
#11520=CARTESIAN_POINT('Ctrl Pts',(21.9837090197947,-12.434372886234,9.82160892512461));
#11521=CARTESIAN_POINT('Ctrl Pts',(25.2493118866613,-0.607733980466425,
9.97780036953318));
#11522=CARTESIAN_POINT('Ctrl Pts',(22.5564794475653,11.362320461616,10.1339918139417));
#11523=CARTESIAN_POINT('Ctrl Pts',(14.5406772530206,20.6510483115133,10.2901832583503));
#11524=CARTESIAN_POINT('Ctrl Pts',(3.09350690452701,25.0664577946791,10.4463747027589));
#11525=CARTESIAN_POINT('Ctrl Pts',(-9.08368178434345,23.5665826241718,10.6025661471674));
#11526=CARTESIAN_POINT('Ctrl Pts',(-19.1172663031324,16.5053694425704,10.758757591576));
#11527=CARTESIAN_POINT('Ctrl Pts',(-24.6394805713009,5.54915205392272,10.9149490359845));
#11528=CARTESIAN_POINT('Ctrl Pts',(-24.347170007445,-6.71657680444813,11.0711404803931));
#11529=CARTESIAN_POINT('Ctrl Pts',(-18.3093152472157,-17.3973005525691,
11.2273319248017));
#11530=CARTESIAN_POINT('Ctrl Pts',(-7.95075381243113,-23.9725385631494,
11.3835233692102));
#11531=CARTESIAN_POINT('Ctrl Pts',(4.28405884212562,-24.8906394286072,11.5397148136188));
#11532=CARTESIAN_POINT('Ctrl Pts',(15.5079018681321,-19.9349459745766,11.6959062580274));
#11533=CARTESIAN_POINT('Ctrl Pts',(23.0721271420038,-10.2749228934119,11.852097702436));
#11534=CARTESIAN_POINT('Ctrl Pts',(25.1916980201726,1.80981827511572,12.0082891468445));
#11535=CARTESIAN_POINT('Ctrl Pts',(21.3664295473381,13.4674711751423,12.1644805912531));
#11536=CARTESIAN_POINT('Ctrl Pts',(12.4990241334997,21.9470154396033,12.3206720356616));
#11537=CARTESIAN_POINT('Ctrl Pts',(0.682048173759052,25.2474137761555,12.4768634800702));
#11538=CARTESIAN_POINT('Ctrl Pts',(-11.295880291108,22.5898246674258,12.6330549244787));
#11539=CARTESIAN_POINT('Ctrl Pts',(-20.6081609790816,14.6013969861423,12.7892463688873));
#11540=CARTESIAN_POINT('Ctrl Pts',(-25.0572440398697,3.1672720198833,12.9454378132959));
#11541=CARTESIAN_POINT('Ctrl Pts',(-23.5932167220326,-9.01427820653526,
13.1016292577045));
#11542=CARTESIAN_POINT('Ctrl Pts',(-16.5615662178516,-19.0686033245994,
13.257820702113));
#11543=CARTESIAN_POINT('Ctrl Pts',(-5.62164987020285,-24.623040074519,13.4140121465216));
#11544=CARTESIAN_POINT('Ctrl Pts',(6.64488609516038,-24.3668352172685,13.5702035909301));
#11545=CARTESIAN_POINT('Ctrl Pts',(17.3433351703756,-18.3604385860311,13.7263950353387));
#11546=CARTESIAN_POINT('Ctrl Pts',(23.9490327843451,-8.02128448132086,13.8825864797473));
#11547=CARTESIAN_POINT('Ctrl Pts',(24.9031415995976,4.21079134330534,14.0387779241558));
#11548=CARTESIAN_POINT('Ctrl Pts',(19.9805031285662,15.4491359084596,14.1949693685644));
#11549=CARTESIAN_POINT('Ctrl Pts',(10.3427894568754,23.0418314338346,14.351160812973));
#11550=CARTESIAN_POINT('Ctrl Pts',(-1.73566787841159,25.1968246019091,14.5073522573815));
#11551=CARTESIAN_POINT('Ctrl Pts',(-13.4045153866619,21.4061544423694,14.6635437017901));
#11552=CARTESIAN_POINT('Ctrl Pts',(-21.9101499650832,12.5632174711139,14.8197351461986));
#11553=CARTESIAN_POINT('Ctrl Pts',(-25.2452586464114,0.757049557308341,
14.9759265906072));
#11554=CARTESIAN_POINT('Ctrl Pts',(-22.6230772671529,-11.2307987320513,
15.1321180350158));
#11555=CARTESIAN_POINT('Ctrl Pts',(-17.3153322948897,-17.4510128372628,
15.2362456646215));
#11556=CARTESIAN_POINT('Ctrl Pts',(-14.0841933251636,-19.7546699486399,
15.2883094794243));
#11557=CARTESIAN_POINT('Ctrl Pts',(22.5068370390122,-9.70728630974438,2.00000000000002));
#11558=CARTESIAN_POINT('Ctrl Pts',(24.0945928034593,-6.02599381378788,2.05206381480288));
#11559=CARTESIAN_POINT('Ctrl Pts',(25.4285170169847,2.12674699518947,2.15619144440859));
#11560=CARTESIAN_POINT('Ctrl Pts',(21.4242440792397,13.85984298499,2.31238288881715));
#11561=CARTESIAN_POINT('Ctrl Pts',(12.3659383311525,22.3197177564328,2.46857433322572));
#11562=CARTESIAN_POINT('Ctrl Pts',(0.388620897060214,25.5137394258275,2.62476577763428));
#11563=CARTESIAN_POINT('Ctrl Pts',(-11.679975902538,22.6862926290425,2.78095722204285));
#11564=CARTESIAN_POINT('Ctrl Pts',(-20.9925034702587,14.5055653166411,2.9371486664514));
#11565=CARTESIAN_POINT('Ctrl Pts',(-25.3510227385454,2.90159051094136,3.09334011085997));
#11566=CARTESIAN_POINT('Ctrl Pts',(-23.727161813816,-9.38702894153253,3.24953155526853));
#11567=CARTESIAN_POINT('Ctrl Pts',(-16.504039467263,-19.4605023342703,3.4057229996771));
#11568=CARTESIAN_POINT('Ctrl Pts',(-5.38624174136857,-24.9415851451427,
3.56191444408566));
#11569=CARTESIAN_POINT('Ctrl Pts',(7.00263087453996,-24.5368625588257,3.71810588849423));
#11570=CARTESIAN_POINT('Ctrl Pts',(17.738990260797,-18.3418255768851,3.87429733290279));
#11571=CARTESIAN_POINT('Ctrl Pts',(24.2892325853612,-7.81841295635312,4.03048877731136));
#11572=CARTESIAN_POINT('Ctrl Pts',(25.1076019976059,4.5500220621505,4.18668022171992));
#11573=CARTESIAN_POINT('Ctrl Pts',(20.0009779037567,15.8447235967449,4.34287166612848));
#11574=CARTESIAN_POINT('Ctrl Pts',(10.1744414338394,23.4003232131306,4.49906311053704));
#11575=CARTESIAN_POINT('Ctrl Pts',(-2.05310096724539,25.4338191882139,4.65525455494562));
#11576=CARTESIAN_POINT('Ctrl Pts',(-13.7961443223646,21.4653391773529,4.81144599935417));
#11577=CARTESIAN_POINT('Ctrl Pts',(-22.2835173966252,12.4313810766994,4.96763744376274));
#11578=CARTESIAN_POINT('Ctrl Pts',(-25.5123354286636,0.463815139174773,
5.1238288881713));
#11579=CARTESIAN_POINT('Ctrl Pts',(-22.7206487802269,-11.6132037950252,
5.28002033257987));
#11580=CARTESIAN_POINT('Ctrl Pts',(-14.5672510343509,-20.9496916606218,
5.43621177698843));
#11581=CARTESIAN_POINT('Ctrl Pts',(-2.97621414308241,-25.3423860910293,
5.59240322139699));
#11582=CARTESIAN_POINT('Ctrl Pts',(9.31716186444346,-23.7546811843515,5.74859466580557));
#11583=CARTESIAN_POINT('Ctrl Pts',(19.4118361236812,-16.561250004333,5.90478611021411));
#11584=CARTESIAN_POINT('Ctrl Pts',(24.9256263477271,-5.45962769451812,6.0609775546227));
#11585=CARTESIAN_POINT('Ctrl Pts',(24.5573658958593,6.93037976227425,6.21716899903124));
#11586=CARTESIAN_POINT('Ctrl Pts',(18.393958366942,17.684928017587,6.37336044343982));
#11587=CARTESIAN_POINT('Ctrl Pts',(7.88986973586829,24.2661150360458,6.52955188784838));
#11588=CARTESIAN_POINT('Ctrl Pts',(-4.47610244297236,25.1208855399668,6.68574333225693));
#11589=CARTESIAN_POINT('Ctrl Pts',(-15.7857857633554,20.0475273095011,6.84193477666551));
#11590=CARTESIAN_POINT('Ctrl Pts',(-23.3702751597694,10.2432720528448,6.99812622107406));
#11591=CARTESIAN_POINT('Ctrl Pts',(-25.439751978923,-1.97823220142095,7.15431766548263));
#11592=CARTESIAN_POINT('Ctrl Pts',(-21.5058526646389,-13.7329051754797,
7.3105091098912));
#11593=CARTESIAN_POINT('Ctrl Pts',(-12.4969147759559,-22.2468313355941,
7.46670055429976));
#11594=CARTESIAN_POINT('Ctrl Pts',(-0.538904114482309,-25.5108597610363,
7.62289199870832));
#11595=CARTESIAN_POINT('Ctrl Pts',(11.5462793316073,-22.7547317494268,7.7790834431169));
#11596=CARTESIAN_POINT('Ctrl Pts',(20.9067248232221,-14.6288495978986,7.93527488752545));
#11597=CARTESIAN_POINT('Ctrl Pts',(25.3335163650619,-3.0507920238877,8.09146633193402));
#11598=CARTESIAN_POINT('Ctrl Pts',(23.782001685673,9.24720385924949,8.24765777634259));
#11599=CARTESIAN_POINT('Ctrl Pts',(16.618313528985,19.3630069680364,8.40384922075113));
#11600=CARTESIAN_POINT('Ctrl Pts',(5.53296816036438,24.909448944693,8.56004066515972));
#11601=CARTESIAN_POINT('Ctrl Pts',(-6.85806953688151,24.5776578546282,8.71623210956826));
#11602=CARTESIAN_POINT('Ctrl Pts',(-17.6307120935894,18.4459311086438,8.87242355397684));
#11603=CARTESIAN_POINT('Ctrl Pts',(-24.2427875077448,7.96125852150314,9.02861499838539));
#11604=CARTESIAN_POINT('Ctrl Pts',(-25.1339513323291,-4.40214422934866,
9.18480644279398));
#11605=CARTESIAN_POINT('Ctrl Pts',(-20.0939031037242,-15.7267110817874,
9.34099788720252));
#11606=CARTESIAN_POINT('Ctrl Pts',(-10.3120139003928,-23.3400246938597,
9.49718933161111));
#11607=CARTESIAN_POINT('Ctrl Pts',(1.9033462812957,-25.4454643566462,9.65338077601965));
#11608=CARTESIAN_POINT('Ctrl Pts',(13.6695470667658,-21.5461798558664,9.80957222042823));
#11609=CARTESIAN_POINT('Ctrl Pts',(22.209952542457,-12.5623402060955,9.96576366483678));
#11610=CARTESIAN_POINT('Ctrl Pts',(25.5091630910643,-0.613988424448488,
10.1219551092454));
#11611=CARTESIAN_POINT('Ctrl Pts',(22.7886175896996,11.4792548426406,10.2781465536539));
#11612=CARTESIAN_POINT('Ctrl Pts',(14.690321430018,20.8635768667475,10.4343379980625));
#11613=CARTESIAN_POINT('Ctrl Pts',(3.12534347490876,25.324427171322,10.590529442471));
#11614=CARTESIAN_POINT('Ctrl Pts',(-9.17716574393294,23.8091161595823,10.7467208868796));
#11615=CARTESIAN_POINT('Ctrl Pts',(-19.3140100677174,16.6752330866974,10.9029123312882));
#11616=CARTESIAN_POINT('Ctrl Pts',(-24.8930557471732,5.60626069320363,11.0591037756967));
#11617=CARTESIAN_POINT('Ctrl Pts',(-24.5977368933323,-6.78569989896789,
11.2152952201053));
#11618=CARTESIAN_POINT('Ctrl Pts',(-18.4977440503506,-17.5763434319251,
11.3714866645138));
#11619=CARTESIAN_POINT('Ctrl Pts',(-8.03257833752494,-24.219249960521,11.5276781089224));
#11620=CARTESIAN_POINT('Ctrl Pts',(4.32814787927864,-25.1467993850811,11.683869553331));
#11621=CARTESIAN_POINT('Ctrl Pts',(15.6675001572374,-20.1401048218534,11.8400609977396));
#11622=CARTESIAN_POINT('Ctrl Pts',(23.3095720297258,-10.3806664123239,11.9962524421481));
#11623=CARTESIAN_POINT('Ctrl Pts',(25.450956296235,1.82844387016759,12.1524438865567));
#11624=CARTESIAN_POINT('Ctrl Pts',(21.5863203893773,13.6060705405758,12.3086353309652));
#11625=CARTESIAN_POINT('Ctrl Pts',(12.6276568063239,22.1728813333207,12.4648267753738));
#11626=CARTESIAN_POINT('Ctrl Pts',(0.689067416113354,25.5072454463112,12.6210182197824));
#11627=CARTESIAN_POINT('Ctrl Pts',(-11.4121309086144,22.8223059791317,12.7772096641909));
#11628=CARTESIAN_POINT('Ctrl Pts',(-20.8202481628821,14.7516660552498,12.9334011085995));
#11629=CARTESIAN_POINT('Ctrl Pts',(-25.3151185939172,3.19986773784714,13.0895925530081));
#11630=CARTESIAN_POINT('Ctrl Pts',(-23.8360243600577,-9.10704790494549,
13.2457839974166));
#11631=CARTESIAN_POINT('Ctrl Pts',(-16.7320082064423,-19.2648462781666,
13.4019754418252));
#11632=CARTESIAN_POINT('Ctrl Pts',(-5.67950461476227,-24.8764460543789,
13.5581668862337));
#11633=CARTESIAN_POINT('Ctrl Pts',(6.71327139067648,-24.6176044860358,13.7143583306423));
#11634=CARTESIAN_POINT('Ctrl Pts',(17.5218226694654,-18.5493935207779,13.8705497750509));
#11635=CARTESIAN_POINT('Ctrl Pts',(24.1955022739388,-8.10383486695855,14.0267412194595));
#11636=CARTESIAN_POINT('Ctrl Pts',(25.1594302211299,4.25412635405569,14.182932663868));
#11637=CARTESIAN_POINT('Ctrl Pts',(20.1861308235244,15.6081294125527,14.3391241082766));
#11638=CARTESIAN_POINT('Ctrl Pts',(10.4492314189106,23.2789645357824,14.4953155526851));
#11639=CARTESIAN_POINT('Ctrl Pts',(-1.75353036079024,25.4561356377633,14.6515069970937));
#11640=CARTESIAN_POINT('Ctrl Pts',(-13.5424668478066,21.6264541098793,14.8076984415023));
#11641=CARTESIAN_POINT('Ctrl Pts',(-22.1356364608195,12.6925107843614,14.9638898859108));
#11642=CARTESIAN_POINT('Ctrl Pts',(-25.5050681372277,0.764840670196582,
15.1200813303194));
#11643=CARTESIAN_POINT('Ctrl Pts',(-22.8559007952379,-11.3463795680769,
15.2762727747279));
#11644=CARTESIAN_POINT('Ctrl Pts',(-17.493531604703,-17.6306084921531,15.3804004043337));
#11645=CARTESIAN_POINT('Ctrl Pts',(-14.2291396355826,-19.9579735001101,
15.4324642191365));
#11646=CARTESIAN_POINT('',(-22.5065985821709,9.70782487703055,15.));
#11647=CARTESIAN_POINT('Ctrl Pts',(-22.506598582171,9.70782487703039,15.));
#11648=CARTESIAN_POINT('Ctrl Pts',(-22.6504150161284,9.35163463937824,15.));
#11649=CARTESIAN_POINT('Ctrl Pts',(-22.7859966813278,8.99175160097056,15.));
#11650=CARTESIAN_POINT('Ctrl Pts',(-22.913214783435,8.62847380174666,15.));
#11651=CARTESIAN_POINT('Ctrl Pts',(-22.9276773654947,8.58717515874907,15.));
#11652=CARTESIAN_POINT('Ctrl Pts',(-22.9420318362188,8.54583264144307,15.));
#11653=CARTESIAN_POINT('Ctrl Pts',(-22.9562779898217,8.50444668741793,15.));
#11654=CARTESIAN_POINT('Ctrl Pts',(-22.9689254587679,8.46770501082662,15.));
#11655=CARTESIAN_POINT('Ctrl Pts',(-22.9814864309371,8.43093233159,15.));
#11656=CARTESIAN_POINT('Ctrl Pts',(-22.9939582697514,8.39413657239258,15.));
#11657=CARTESIAN_POINT('Ctrl Pts',(-23.1495564647006,7.93507405578028,15.));
#11658=CARTESIAN_POINT('Ctrl Pts',(-23.2914088774362,7.47206166943629,15.));
#11659=CARTESIAN_POINT('Ctrl Pts',(-23.419444454588,7.00574985665525,15.));
#11660=CARTESIAN_POINT('Ctrl Pts',(-23.5482501575059,6.5366332082961,15.));
#11661=CARTESIAN_POINT('Ctrl Pts',(-23.66307246287,6.06417682550276,15.));
#11662=CARTESIAN_POINT('Ctrl Pts',(-23.7637905355883,5.58902245176483,15.));
#11663=CARTESIAN_POINT('Ctrl Pts',(-23.8645290073469,5.11377184213828,15.));
#11664=CARTESIAN_POINT('Ctrl Pts',(-23.9511576457273,4.63582163435069,15.));
#11665=CARTESIAN_POINT('Ctrl Pts',(-24.0235052483368,4.15580113959396,15.));
#11666=CARTESIAN_POINT('Ctrl Pts',(-24.0955246393185,3.67795830245468,15.));
#11667=CARTESIAN_POINT('Ctrl Pts',(-24.153392352482,3.19806341374717,15.));
#11668=CARTESIAN_POINT('Ctrl Pts',(-24.1968883086847,2.71673219064431,15.));
#11669=CARTESIAN_POINT('Ctrl Pts',(-24.2398679008038,2.24111511151319,15.));
#11670=CARTESIAN_POINT('Ctrl Pts',(-24.2688149564513,1.76409512598946,15.));
#11671=CARTESIAN_POINT('Ctrl Pts',(-24.2834664439231,1.28626858069006,15.));
#11672=CARTESIAN_POINT('Ctrl Pts',(-24.2891688938074,1.10029552278689,15.));
#11673=CARTESIAN_POINT('Ctrl Pts',(-24.2927052807605,0.914200348473779,
15.));
#11674=CARTESIAN_POINT('Ctrl Pts',(-24.294057973743,0.728018546811966,15.));
#11675=CARTESIAN_POINT('Ctrl Pts',(-24.2976489323467,0.233766598168461,
15.));
#11676=CARTESIAN_POINT('Ctrl Pts',(-24.2858544660813,-0.261097145765318,
15.));
#11677=CARTESIAN_POINT('Ctrl Pts',(-24.2587575707726,-0.755879520650053,
15.));
#11678=CARTESIAN_POINT('Ctrl Pts',(-24.2554782109446,-0.815759791997703,
15.));
#11679=CARTESIAN_POINT('Ctrl Pts',(-24.2519742697572,-0.875644465285236,
15.));
#11680=CARTESIAN_POINT('Ctrl Pts',(-24.2482479723556,-0.935499941718705,
15.));
#11681=CARTESIAN_POINT('Ctrl Pts',(-24.2184584967348,-1.41400797900732,
15.));
#11682=CARTESIAN_POINT('Ctrl Pts',(-24.1744471591307,-1.8909796970664,15.));
#11683=CARTESIAN_POINT('Ctrl Pts',(-24.1164789064495,-2.36580518187815,
15.));
#11684=CARTESIAN_POINT('Ctrl Pts',(-24.0580388135134,-2.84449557148681,
15.));
#11685=CARTESIAN_POINT('Ctrl Pts',(-23.9854135928053,-3.32100515241617,
15.));
#11686=CARTESIAN_POINT('Ctrl Pts',(-23.8988213648352,-3.79470956527946,
15.));
#11687=CARTESIAN_POINT('Ctrl Pts',(-23.8119174363006,-4.27011914194675,
15.));
#11688=CARTESIAN_POINT('Ctrl Pts',(-23.7109456522618,-4.74270383770612,
15.));
#11689=CARTESIAN_POINT('Ctrl Pts',(-23.5960745098227,-5.21182536648359,
15.));
#11690=CARTESIAN_POINT('Ctrl Pts',(-23.4799826733872,-5.68593207971707,
15.));
#11691=CARTESIAN_POINT('Ctrl Pts',(-23.3496944492319,-6.15650219335724,
15.));
#11692=CARTESIAN_POINT('Ctrl Pts',(-23.2053319427445,-6.62286136173591,
15.));
#11693=CARTESIAN_POINT('Ctrl Pts',(-23.0641036855149,-7.07909542275201,
15.));
#11694=CARTESIAN_POINT('Ctrl Pts',(-22.9094053451632,-7.5312998248479,15.));
#11695=CARTESIAN_POINT('Ctrl Pts',(-22.7413049533497,-7.97882128750658,
15.));
#11696=CARTESIAN_POINT('Ctrl Pts',(-22.5676086361322,-8.44124037589178,
15.));
#11697=CARTESIAN_POINT('Ctrl Pts',(-22.3796032616621,-8.89866028149804,
15.));
#11698=CARTESIAN_POINT('Ctrl Pts',(-22.1773145961097,-9.35032759148494,
15.));
#11699=CARTESIAN_POINT('Ctrl Pts',(-22.1267424297216,-9.46324441898166,
15.));
#11700=CARTESIAN_POINT('Ctrl Pts',(-22.0752773186334,-9.57580152324903,
15.));
#11701=CARTESIAN_POINT('Ctrl Pts',(-22.0229191915061,-9.68798674229246,
15.));
#11702=CARTESIAN_POINT('Ctrl Pts',(-21.9987420863626,-9.73978985262473,
15.));
#11703=CARTESIAN_POINT('Ctrl Pts',(-21.9743745642656,-9.79151366497407,
15.));
#11704=CARTESIAN_POINT('Ctrl Pts',(-21.9498166047919,-9.8431569695653,15.));
#11705=CARTESIAN_POINT('Ctrl Pts',(-21.9287942373733,-9.88736522412284,
15.));
#11706=CARTESIAN_POINT('Ctrl Pts',(-21.9076314066322,-9.9315163172214,15.));
#11707=CARTESIAN_POINT('Ctrl Pts',(-21.886335927589,-9.97559343996786,15.));
#11708=CARTESIAN_POINT('Ctrl Pts',(-21.7708869118553,-10.2145484044059,
15.));
#11709=CARTESIAN_POINT('Ctrl Pts',(-21.6514935338023,-10.451427477667,15.));
#11710=CARTESIAN_POINT('Ctrl Pts',(-21.5281818234323,-10.6861252106592,
15.));
#11711=CARTESIAN_POINT('Ctrl Pts',(-21.3008330291174,-11.1188355060897,
15.));
#11712=CARTESIAN_POINT('Ctrl Pts',(-21.0601680645564,-11.5441326756791,
15.));
#11713=CARTESIAN_POINT('Ctrl Pts',(-20.8067092823648,-11.9615462183493,
15.));
#11714=CARTESIAN_POINT('Ctrl Pts',(-20.5573809577581,-12.372157436324,15.));
#11715=CARTESIAN_POINT('Ctrl Pts',(-20.2956718986708,-12.7751402005157,
15.));
#11716=CARTESIAN_POINT('Ctrl Pts',(-20.022033987308,-13.170018249381,15.));
#11717=CARTESIAN_POINT('Ctrl Pts',(-19.7485448926512,-13.564681545655,15.));
#11718=CARTESIAN_POINT('Ctrl Pts',(-19.4631395516076,-13.9512493254332,
15.));
#11719=CARTESIAN_POINT('Ctrl Pts',(-19.1662297304553,-14.3292121648997,
15.));
#11720=CARTESIAN_POINT('Ctrl Pts',(-18.9762337094594,-14.5710749476944,
15.));
#11721=CARTESIAN_POINT('Ctrl Pts',(-18.781525978963,-14.8094134209037,15.));
#11722=CARTESIAN_POINT('Ctrl Pts',(-18.5822070105786,-15.044085684189,15.));
#11723=CARTESIAN_POINT('Ctrl Pts',(-18.5465700609597,-15.0860435755599,
15.));
#11724=CARTESIAN_POINT('Ctrl Pts',(-18.5107856894225,-15.1278842505195,
15.));
#11725=CARTESIAN_POINT('Ctrl Pts',(-18.4748544524717,-15.1696068739402,
15.));
#11726=CARTESIAN_POINT('Ctrl Pts',(-18.4416876709224,-15.2081194678307,
15.));
#11727=CARTESIAN_POINT('Ctrl Pts',(-18.4084014710575,-15.2465248280793,
15.));
#11728=CARTESIAN_POINT('Ctrl Pts',(-18.3749983010398,-15.2848202628457,
15.));
#11729=CARTESIAN_POINT('Ctrl Pts',(-18.0602679320847,-15.6456463852452,
15.));
#11730=CARTESIAN_POINT('Ctrl Pts',(-17.7351027665244,-15.996778869139,15.));
#11731=CARTESIAN_POINT('Ctrl Pts',(-17.3999650328829,-16.3377635113105,
15.));
#11732=CARTESIAN_POINT('Ctrl Pts',(-17.0648890488406,-16.6786853265816,
15.));
#11733=CARTESIAN_POINT('Ctrl Pts',(-16.7198438021069,-17.0094634158144,
15.));
#11734=CARTESIAN_POINT('Ctrl Pts',(-16.3652531956439,-17.3296086104138,
15.));
#11735=CARTESIAN_POINT('Ctrl Pts',(-16.0123443472767,-17.648235415177,15.));
#11736=CARTESIAN_POINT('Ctrl Pts',(-15.6499800881292,-17.9563302884462,
15.));
#11737=CARTESIAN_POINT('Ctrl Pts',(-15.2785462437836,-18.2533707730354,
15.));
#11738=CARTESIAN_POINT('Ctrl Pts',(-14.9115202408679,-18.5468862494051,
15.));
#11739=CARTESIAN_POINT('Ctrl Pts',(-14.5356382503745,-18.8296084214727,
15.));
#11740=CARTESIAN_POINT('Ctrl Pts',(-14.1512468528331,-19.100989357729,15.));
#11741=CARTESIAN_POINT('Ctrl Pts',(-14.033066096539,-19.1844251590911,15.));
#11742=CARTESIAN_POINT('Ctrl Pts',(-13.9140808265962,-19.2667885994478,
15.));
#11743=CARTESIAN_POINT('Ctrl Pts',(-13.7943007043258,-19.3480628456995,
15.));
#11744=CARTESIAN_POINT('Ctrl Pts',(-22.5065985821709,9.70782487703055,15.));
#11745=CARTESIAN_POINT('Ctrl Pts',(-22.1403625471461,10.5592124775024,14.9879632953036));
#11746=CARTESIAN_POINT('Ctrl Pts',(-21.7259551691421,11.3897188193489,14.9759265906072));
#11747=CARTESIAN_POINT('Ctrl Pts',(-21.2650134713853,12.1935563195869,14.9638898859108));
#11748=CARTESIAN_POINT('Ctrl Pts',(-19.2712465898151,15.6704918928673,14.9118260711079));
#11749=CARTESIAN_POINT('Ctrl Pts',(-16.4068567188109,18.6484730013733,14.8597622563051));
#11750=CARTESIAN_POINT('Ctrl Pts',(-13.0098390354727,20.7757438102736,14.8076984415022));
#11751=CARTESIAN_POINT('Ctrl Pts',(-9.61282135213449,22.9030146191739,14.7556346266994));
#11752=CARTESIAN_POINT('Ctrl Pts',(-5.68317585646239,24.1795751284686,14.7035708118965));
#11753=CARTESIAN_POINT('Ctrl Pts',(-1.68455947867621,24.4549935327858,14.6515069970937));
#11754=CARTESIAN_POINT('Ctrl Pts',(2.31405689911008,24.730411937103,14.5994431822908));
#11755=CARTESIAN_POINT('Ctrl Pts',(6.38164415901046,24.0046882364426,14.547379367488));
#11756=CARTESIAN_POINT('Ctrl Pts',(10.0382543563963,22.3633538655741,14.4953155526851));
#11757=CARTESIAN_POINT('Ctrl Pts',(13.694864553782,20.7220194947057,14.4432517378823));
#11758=CARTESIAN_POINT('Ctrl Pts',(16.9404976886531,18.1650744536292,14.3911879230794));
#11759=CARTESIAN_POINT('Ctrl Pts',(19.392197489023,14.9942680900081,14.3391241082765));
#11760=CARTESIAN_POINT('Ctrl Pts',(21.8438972893928,11.823461726387,14.2870602934737));
#11761=CARTESIAN_POINT('Ctrl Pts',(23.5016637552613,8.03879404022133,14.2349964786708));
#11762=CARTESIAN_POINT('Ctrl Pts',(24.1698923303304,4.08679999363614,14.182932663868));
#11763=CARTESIAN_POINT('Ctrl Pts',(24.397998909325,2.73774687647413,14.1651601543897));
#11764=CARTESIAN_POINT('Ctrl Pts',(24.510797879845,1.36919576672979,14.1473876449114));
#11765=CARTESIAN_POINT('Ctrl Pts',(24.5097973137639,0.000480957390257253,
14.1296151354331));
#11766=CARTESIAN_POINT('Ctrl Pts',(13.793832605669,19.348389832953,2.));
#11767=CARTESIAN_POINT('Ctrl Pts',(13.0627400899305,19.8706872621134,2.0120367046964));
#11768=CARTESIAN_POINT('Ctrl Pts',(9.01241745096698,22.4311491796208,2.07613722419565));
#11769=CARTESIAN_POINT('Ctrl Pts',(0.376744740112608,24.7340459609784,2.19230155849776));
#11770=CARTESIAN_POINT('Ctrl Pts',(-11.3230387743181,21.9930052277213,2.34849300290633));
#11771=CARTESIAN_POINT('Ctrl Pts',(-20.350977839954,14.0622788860413,2.50468444731489));
#11772=CARTESIAN_POINT('Ctrl Pts',(-24.5763018547664,2.81291863414236,2.66087589172346));
#11773=CARTESIAN_POINT('Ctrl Pts',(-23.0020657117949,-9.1001636961874,2.81706733613202));
#11774=CARTESIAN_POINT('Ctrl Pts',(-15.9996801688682,-18.8657942736654,
2.97325878054058));
#11775=CARTESIAN_POINT('Ctrl Pts',(-5.22163954739964,-24.17937657132,3.12945022494914));
#11776=CARTESIAN_POINT('Ctrl Pts',(6.78863223488534,-23.7870222055276,3.28564166935771));
#11777=CARTESIAN_POINT('Ctrl Pts',(17.1968911765144,-17.7813039968449,3.44183311376627));
#11778=CARTESIAN_POINT('Ctrl Pts',(22.7736198789378,-8.82190764164669,3.5790028627459));
#11779=CARTESIAN_POINT('Ctrl Pts',(23.759007464646,-2.46655666877749,3.66410879692266));
#11780=CARTESIAN_POINT('Ctrl Pts',(23.7605866985934,0.000410256686797367,
3.69715091629658));
#11781=CARTESIAN_POINT('Origin',(0.,0.,-1.69715091629658));
#11782=CARTESIAN_POINT('Ctrl Pts',(-13.7943007043258,19.3480628456995,2.));
#11783=CARTESIAN_POINT('Ctrl Pts',(-16.958933675263,17.0918215274822,2.05206381480285));
#11784=CARTESIAN_POINT('Ctrl Pts',(-22.1574317598164,10.9996394711722,2.15619144440856));
#11785=CARTESIAN_POINT('Ctrl Pts',(-24.7256388121976,-0.741468628399971,
2.31238288881712));
#11786=CARTESIAN_POINT('Ctrl Pts',(-21.4591773360049,-12.3046300603414,
2.46857433322569));
#11787=CARTESIAN_POINT('Ctrl Pts',(-13.128612224667,-20.965555509927,2.62476577763425));
#11788=CARTESIAN_POINT('Ctrl Pts',(-1.69994301969786,-24.6782022153167,
2.78095722204282));
#11789=CARTESIAN_POINT('Ctrl Pts',(10.1299055679335,-22.56756533197,2.93714866645138));
#11790=CARTESIAN_POINT('Ctrl Pts',(19.5692476668317,-15.1311487818668,3.09334011085995));
#11791=CARTESIAN_POINT('Ctrl Pts',(23.3320604939165,-6.54067714265325,3.21524024994396));
#11792=CARTESIAN_POINT('Ctrl Pts',(23.7617540104364,-1.32735350137125,3.28507657422511));
#11793=CARTESIAN_POINT('Ctrl Pts',(23.7607840206698,-0.000466272866499889,
3.30284908370341));
#11794=CARTESIAN_POINT('Ctrl Pts',(-14.2291396355826,19.9579735001101,1.56753578086349));
#11795=CARTESIAN_POINT('Ctrl Pts',(-17.493531604703,17.6306084921531,1.61959959566634));
#11796=CARTESIAN_POINT('Ctrl Pts',(-22.8559023928954,11.3463820552565,1.72372722527205));
#11797=CARTESIAN_POINT('Ctrl Pts',(-25.5050672577703,-0.764842007945974,
1.87991866968061));
#11798=CARTESIAN_POINT('Ctrl Pts',(-22.1356368346376,-12.6925099753609,
2.03611011408918));
#11799=CARTESIAN_POINT('Ctrl Pts',(-13.5424666005448,-21.6264545251472,
2.19230155849774));
#11800=CARTESIAN_POINT('Ctrl Pts',(-1.75353047017665,-25.4561353129531,
2.34849300290631));
#11801=CARTESIAN_POINT('Ctrl Pts',(10.4492314551465,-23.2789646410298,2.50468444731487));
#11802=CARTESIAN_POINT('Ctrl Pts',(20.1861307494424,-15.6081292904134,2.66087589172344));
#11803=CARTESIAN_POINT('Ctrl Pts',(25.1594301827022,-4.25412639470336,2.81706733613199));
#11804=CARTESIAN_POINT('Ctrl Pts',(24.1955022135053,8.10383487730179,2.97325878054056));
#11805=CARTESIAN_POINT('Ctrl Pts',(17.5218226359344,18.5493934653258,3.12945022494912));
#11806=CARTESIAN_POINT('Ctrl Pts',(6.71327137397518,24.6176044414287,3.28564166935769));
#11807=CARTESIAN_POINT('Ctrl Pts',(-5.67950460135803,24.8764459960433,3.44183311376625));
#11808=CARTESIAN_POINT('Ctrl Pts',(-16.7320081709394,19.2648462391485,3.59802455817482));
#11809=CARTESIAN_POINT('Ctrl Pts',(-23.8360243083216,9.10704788391257,3.75421600258338));
#11810=CARTESIAN_POINT('Ctrl Pts',(-25.3151185394599,-3.19986773019328,
3.91040744699194));
#11811=CARTESIAN_POINT('Ctrl Pts',(-20.8202481178789,-14.7516660238279,
4.06659889140051));
#11812=CARTESIAN_POINT('Ctrl Pts',(-11.4121308840357,-22.822305929674,4.22279033580907));
#11813=CARTESIAN_POINT('Ctrl Pts',(0.689067414648992,-25.5072453913961,
4.37898178021763));
#11814=CARTESIAN_POINT('Ctrl Pts',(12.6276567790678,-22.1728812854195,4.5351732246262));
#11815=CARTESIAN_POINT('Ctrl Pts',(21.5863203428104,-13.6060705112541,4.69136466903475));
#11816=CARTESIAN_POINT('Ctrl Pts',(25.450956241321,-1.82844386620483,4.84755611344334));
#11817=CARTESIAN_POINT('Ctrl Pts',(23.3095719794367,10.3806663899177,5.00374755785189));
#11818=CARTESIAN_POINT('Ctrl Pts',(15.6675001234337,20.1401047784058,5.15993900226046));
#11819=CARTESIAN_POINT('Ctrl Pts',(4.32814786994125,25.1467993308237,5.31613044666902));
#11820=CARTESIAN_POINT('Ctrl Pts',(-8.03257832019453,24.2192499082691,5.47232189107758));
#11821=CARTESIAN_POINT('Ctrl Pts',(-18.4977440104411,17.5763433940033,5.62851333548615));
#11822=CARTESIAN_POINT('Ctrl Pts',(-24.5977368402622,6.78569988432823,5.7847047798947));
#11823=CARTESIAN_POINT('Ctrl Pts',(-24.893055693466,-5.60626068110812,5.94089622430328));
#11824=CARTESIAN_POINT('Ctrl Pts',(-19.3140100260471,-16.6752330507201,
6.09708766871183));
#11825=CARTESIAN_POINT('Ctrl Pts',(-9.17716572413308,-23.8091161082137,
6.25327911312041));
#11826=CARTESIAN_POINT('Ctrl Pts',(3.12534346816573,-25.3244271166841,6.40947055752896));
#11827=CARTESIAN_POINT('Ctrl Pts',(14.6903213983234,-20.863576821734,6.56566200193753));
#11828=CARTESIAN_POINT('Ctrl Pts',(22.7886175405328,-11.479254817874,6.72185344634609));
#11829=CARTESIAN_POINT('Ctrl Pts',(25.5091630360278,0.613988423123754,6.87804489075465));
#11830=CARTESIAN_POINT('Ctrl Pts',(22.2099524945387,12.562340178992,7.03423633516323));
#11831=CARTESIAN_POINT('Ctrl Pts',(13.6695470372736,21.5461798093801,7.19042777957178));
#11832=CARTESIAN_POINT('Ctrl Pts',(1.90334627718933,25.4454643017472,7.34661922398036));
#11833=CARTESIAN_POINT('Ctrl Pts',(-10.3120138781444,23.3400246435031,7.5028106683889));
#11834=CARTESIAN_POINT('Ctrl Pts',(-20.0939030603712,15.7267110478568,7.65900211279749));
#11835=CARTESIAN_POINT('Ctrl Pts',(-25.1339512781021,4.40214421985108,7.81519355720603));
#11836=CARTESIAN_POINT('Ctrl Pts',(-24.2427874554406,-7.96125850432638,
7.97138500161461));
#11837=CARTESIAN_POINT('Ctrl Pts',(-17.630712055551,-18.4459310688462,8.12757644602316));
#11838=CARTESIAN_POINT('Ctrl Pts',(-6.85806952208534,-24.5776578016014,
8.28376789043173));
#11839=CARTESIAN_POINT('Ctrl Pts',(5.5329681484267,-24.9094488909505,8.4399593348403));
#11840=CARTESIAN_POINT('Ctrl Pts',(16.6183134931305,-19.3630069262605,8.59615077924885));
#11841=CARTESIAN_POINT('Ctrl Pts',(23.7820016343629,-9.24720383929862,8.75234222365743));
#11842=CARTESIAN_POINT('Ctrl Pts',(25.3335163104043,3.05079201730541,8.90853366806599));
#11843=CARTESIAN_POINT('Ctrl Pts',(20.9067247781156,14.6288495663365,9.06472511247456));
#11844=CARTESIAN_POINT('Ctrl Pts',(11.5462793066962,22.754731700333,9.22091655688311));
#11845=CARTESIAN_POINT('Ctrl Pts',(-0.53890411331938,25.5108597059962,9.37710800129168));
#11846=CARTESIAN_POINT('Ctrl Pts',(-12.4969147489934,22.2468312875963,9.53329944570023));
#11847=CARTESIAN_POINT('Ctrl Pts',(-21.5058526182395,13.7329051458509,9.68949089010882));
#11848=CARTESIAN_POINT('Ctrl Pts',(-25.4397519240363,1.97823219715302,9.84568233451736));
#11849=CARTESIAN_POINT('Ctrl Pts',(-23.3702751093477,-10.2432720307447,
10.0018737789259));
#11850=CARTESIAN_POINT('Ctrl Pts',(-15.7857857292974,-20.0475272662481,
10.1580652233345));
#11851=CARTESIAN_POINT('Ctrl Pts',(-4.47610243331534,-25.1208854857681,
10.3142566677431));
#11852=CARTESIAN_POINT('Ctrl Pts',(7.88986971884559,-24.2661149836912,10.4704481121516));
#11853=CARTESIAN_POINT('Ctrl Pts',(18.3939583272564,-17.6849279794318,10.6266395565602));
#11854=CARTESIAN_POINT('Ctrl Pts',(24.5573658428765,-6.93037974732174,10.7828310009687));
#11855=CARTESIAN_POINT('Ctrl Pts',(24.9256262939492,5.45962768273808,10.9390224453773));
#11856=CARTESIAN_POINT('Ctrl Pts',(19.4118360818009,16.5612499686027,11.0952138897859));
#11857=CARTESIAN_POINT('Ctrl Pts',(9.31716184433993,23.7546811330982,11.2514053341945));
#11858=CARTESIAN_POINT('Ctrl Pts',(-2.97621413665763,25.3423860363565,11.407596778603));
#11859=CARTESIAN_POINT('Ctrl Pts',(-14.5672510029279,20.9496916154153,11.5637882230116));
#11860=CARTESIAN_POINT('Ctrl Pts',(-22.7206487311947,11.6132037699834,11.7199796674201));
#11861=CARTESIAN_POINT('Ctrl Pts',(-25.5123353736428,-0.463815138199486,
11.8761711118287));
#11862=CARTESIAN_POINT('Ctrl Pts',(-22.2835173485058,-12.4313810498305,
12.0323625562373));
#11863=CARTESIAN_POINT('Ctrl Pts',(-13.7961442926792,-21.4653391311295,
12.1885540006458));
#11864=CARTESIAN_POINT('Ctrl Pts',(-2.05310096266628,-25.4338191331756,
12.3447454450544));
#11865=CARTESIAN_POINT('Ctrl Pts',(10.1744414116066,-23.4003231629476,12.5009368894629));
#11866=CARTESIAN_POINT('Ctrl Pts',(20.0009778611297,-15.8447235620014,12.6571283338715));
#11867=CARTESIAN_POINT('Ctrl Pts',(25.1076019424542,-4.55002205335815,12.8133197782801));
#11868=CARTESIAN_POINT('Ctrl Pts',(24.2892325347857,7.81841294135366,12.9695112226887));
#11869=CARTESIAN_POINT('Ctrl Pts',(17.7389902191258,18.3418255339175,13.1257026670972));
#11870=CARTESIAN_POINT('Ctrl Pts',(7.00263086573298,24.5368625120158,13.2818941115058));
#11871=CARTESIAN_POINT('Ctrl Pts',(-5.38624174139249,24.9415850803412,13.4380855559144));
#11872=CARTESIAN_POINT('Ctrl Pts',(-16.504039410205,19.4605023118293,13.5942770003229));
#11873=CARTESIAN_POINT('Ctrl Pts',(-23.7271618019856,9.38702888686143,13.7504684447315));
#11874=CARTESIAN_POINT('Ctrl Pts',(-25.3510226119276,-2.90159044480428,
13.90665988914));
#11875=CARTESIAN_POINT('Ctrl Pts',(-20.9925035557525,-14.5055653879212,
14.0628513335486));
#11876=CARTESIAN_POINT('Ctrl Pts',(-11.6799756407817,-22.6862924077947,
14.2190427779571));
#11877=CARTESIAN_POINT('Ctrl Pts',(0.388620470511923,-25.5137396530777,
14.3752342223657));
#11878=CARTESIAN_POINT('Ctrl Pts',(12.3659390698314,-22.3197172578601,14.5314256667743));
#11879=CARTESIAN_POINT('Ctrl Pts',(21.4242426342079,-13.8598436741219,14.6876171111828));
#11880=CARTESIAN_POINT('Ctrl Pts',(25.428519671584,-2.12674569454612,14.8438085555914));
#11881=CARTESIAN_POINT('Ctrl Pts',(24.0945928034594,6.02599381378749,14.9479361851971));
#11882=CARTESIAN_POINT('Ctrl Pts',(22.5068370390124,9.70728630974402,15.));
#11883=CARTESIAN_POINT('Ctrl Pts',(-14.0841933251636,19.7546699486399,1.71169052057566));
#11884=CARTESIAN_POINT('Ctrl Pts',(-17.3153322948897,17.4510128372628,1.76375433537851));
#11885=CARTESIAN_POINT('Ctrl Pts',(-22.6230788485357,11.230801193895,1.86788196498422));
#11886=CARTESIAN_POINT('Ctrl Pts',(-25.2452577759127,-0.757050881430642,
2.02407340939278));
#11887=CARTESIAN_POINT('Ctrl Pts',(-21.9101503350933,-12.5632166703544,
2.18026485380135));
#11888=CARTESIAN_POINT('Ctrl Pts',(-13.4045151419189,-21.4061548534071,
2.33645629820991));
#11889=CARTESIAN_POINT('Ctrl Pts',(-1.73566798668372,-25.1968242804077,
2.49264774261848));
#11890=CARTESIAN_POINT('Ctrl Pts',(10.3427894927421,-23.0418315380099,2.64883918702704));
#11891=CARTESIAN_POINT('Ctrl Pts',(19.9805030552388,-15.4491357875645,2.80503063143561));
#11892=CARTESIAN_POINT('Ctrl Pts',(24.9031415615613,-4.21079138353895,2.96122207584417));
#11893=CARTESIAN_POINT('Ctrl Pts',(23.9490327245272,8.02128449155875,3.11741352025273));
#11894=CARTESIAN_POINT('Ctrl Pts',(17.3433351371862,18.3604385311438,3.2736049646613));
#11895=CARTESIAN_POINT('Ctrl Pts',(6.64488607862921,24.3668351731158,3.42979640906986));
#11896=CARTESIAN_POINT('Ctrl Pts',(-5.62164985693517,24.6230400167777,3.58598785347842));
#11897=CARTESIAN_POINT('Ctrl Pts',(-16.5615661827104,19.0686032859787,3.74217929788699));
#11898=CARTESIAN_POINT('Ctrl Pts',(-23.5932166708234,9.01427818571661,3.89837074229555));
#11899=CARTESIAN_POINT('Ctrl Pts',(-25.0572439859672,-3.16727201230742,
4.05456218670412));
#11900=CARTESIAN_POINT('Ctrl Pts',(-20.6081609345368,-14.6013969550405,
4.21075363111268));
#11901=CARTESIAN_POINT('Ctrl Pts',(-11.2958802667796,-22.5898246184719,
4.36694507552124));
#11902=CARTESIAN_POINT('Ctrl Pts',(0.682048172309596,-25.2474137217997,
4.52313651992981));
#11903=CARTESIAN_POINT('Ctrl Pts',(12.4990241065213,-21.9470153921901,4.67932796433837));
#11904=CARTESIAN_POINT('Ctrl Pts',(21.3664295012456,-13.4674711461194,4.83551940874693));
#11905=CARTESIAN_POINT('Ctrl Pts',(25.1916979658179,-1.80981827119332,4.9917108531555));
#11906=CARTESIAN_POINT('Ctrl Pts',(23.0721270922269,10.274922871234,5.14790229756406));
#11907=CARTESIAN_POINT('Ctrl Pts',(15.5079018346728,19.9349459315715,5.30409374197263));
#11908=CARTESIAN_POINT('Ctrl Pts',(4.28405883288335,24.8906393749025,5.46028518638119));
#11909=CARTESIAN_POINT('Ctrl Pts',(-7.95075379527727,23.9725385114297,5.61647663078976));
#11910=CARTESIAN_POINT('Ctrl Pts',(-18.3093152077127,17.3973005150335,5.77266807519831));
#11911=CARTESIAN_POINT('Ctrl Pts',(-24.3471699549156,6.71657678995759,5.92885951960688));
#11912=CARTESIAN_POINT('Ctrl Pts',(-24.6394805181407,-5.54915204195041,
6.08505096401545));
#11913=CARTESIAN_POINT('Ctrl Pts',(-19.1172662618867,-16.5053694069596,
6.241242408424));
#11914=CARTESIAN_POINT('Ctrl Pts',(-9.08368176474528,-23.5665825733266,
6.39743385283258));
#11915=CARTESIAN_POINT('Ctrl Pts',(3.09350689785266,-25.0664577405978,6.55362529724113));
#11916=CARTESIAN_POINT('Ctrl Pts',(14.5406772216488,-20.6510482669583,6.70981674164971));
#11917=CARTESIAN_POINT('Ctrl Pts',(22.5564793988993,-11.3623204371017,6.86600818605826));
#11918=CARTESIAN_POINT('Ctrl Pts',(25.2493118321855,0.607733979155177,7.02219963046683));
#11919=CARTESIAN_POINT('Ctrl Pts',(21.9837089723645,12.4343728594066,7.17839107487539));
#11920=CARTESIAN_POINT('Ctrl Pts',(13.5303010632447,21.3266978626865,7.33458251928395));
#11921=CARTESIAN_POINT('Ctrl Pts',(1.88395768255933,25.1862619703419,7.49077396369252));
#11922=CARTESIAN_POINT('Ctrl Pts',(-10.2069696939628,23.1022695477065,7.64696540810108));
#11923=CARTESIAN_POINT('Ctrl Pts',(-19.8892148511676,15.566509602106,7.80315685250965));
#11924=CARTESIAN_POINT('Ctrl Pts',(-24.877922199935,4.35730141284089,7.9593482969182));
#11925=CARTESIAN_POINT('Ctrl Pts',(-23.9958362914258,-7.88016048462547,
8.11553974132678));
#11926=CARTESIAN_POINT('Ctrl Pts',(-17.4511153457036,-18.2580300629425,
8.27173118573533));
#11927=CARTESIAN_POINT('Ctrl Pts',(-6.78820922840061,-24.3272954530465,
8.42792263014391));
#11928=CARTESIAN_POINT('Ctrl Pts',(5.4766061097287,-24.6557067249601,8.58411407455247));
#11929=CARTESIAN_POINT('Ctrl Pts',(16.4490296651617,-19.1657640511145,8.74030551896103));
#11930=CARTESIAN_POINT('Ctrl Pts',(23.5397443033113,-9.15300643084489,8.8964969633696));
#11931=CARTESIAN_POINT('Ctrl Pts',(25.0754543464928,3.01971487152645,9.05268840777815));
#11932=CARTESIAN_POINT('Ctrl Pts',(20.6937566931055,14.4798315775741,9.20887985218673));
#11933=CARTESIAN_POINT('Ctrl Pts',(11.4286621754125,22.5229387396196,9.36507129659527));
#11934=CARTESIAN_POINT('Ctrl Pts',(-0.533414521896734,25.2509912188846,
9.52126274100386));
#11935=CARTESIAN_POINT('Ctrl Pts',(-12.3696138909741,22.0202120965396,9.6774541854124));
#11936=CARTESIAN_POINT('Ctrl Pts',(-21.2867814678215,13.5930137691969,9.83364562982099));
#11937=CARTESIAN_POINT('Ctrl Pts',(-25.1806077822401,1.95808077089165,9.98983707422953));
#11938=CARTESIAN_POINT('Ctrl Pts',(-23.1322118646731,-10.13892809109,10.1460285186381));
#11939=CARTESIAN_POINT('Ctrl Pts',(-15.6249825144071,-19.8433114679156,
10.3022199630467));
#11940=CARTESIAN_POINT('Ctrl Pts',(-4.43050624483297,-24.8649895033776,
10.4584114074552));
#11941=CARTESIAN_POINT('Ctrl Pts',(7.80949890692578,-24.0189261918762,10.6146028518638));
#11942=CARTESIAN_POINT('Ctrl Pts',(18.2065867459931,-17.5047789945816,10.7707942962724));
#11943=CARTESIAN_POINT('Ctrl Pts',(24.3072102000413,-6.85978285953351,10.9269857406809));
#11944=CARTESIAN_POINT('Ctrl Pts',(24.6717193355022,5.40401273277336,11.0831771850895));
#11945=CARTESIAN_POINT('Ctrl Pts',(19.2140958044142,16.3925474229568,11.239368629498));
#11946=CARTESIAN_POINT('Ctrl Pts',(9.22225180286871,23.5127021045974,11.3955600739066));
#11947=CARTESIAN_POINT('Ctrl Pts',(-2.94589668464203,25.0842337202463,11.5517515183152));
#11948=CARTESIAN_POINT('Ctrl Pts',(-14.4188604930379,20.7362858451553,11.7079429627238));
#11949=CARTESIAN_POINT('Ctrl Pts',(-22.4892029594718,11.4949049071068,11.8641344071323));
#11950=CARTESIAN_POINT('Ctrl Pts',(-25.2524518545204,-0.459090446846377,
12.0203258515409));
#11951=CARTESIAN_POINT('Ctrl Pts',(-22.0565244518485,-12.3047477562701,
12.1765172959494));
#11952=CARTESIAN_POINT('Ctrl Pts',(-13.6556087252138,-21.2466806747063,
12.332708740358));
#11953=CARTESIAN_POINT('Ctrl Pts',(-2.0321868795188,-25.1747354262453,12.4889001847666));
#11954=CARTESIAN_POINT('Ctrl Pts',(10.0707986207594,-23.1619538312842,12.6450916291751));
#11955=CARTESIAN_POINT('Ctrl Pts',(19.7972362421711,-15.6833199719926,12.8012830735837));
#11956=CARTESIAN_POINT('Ctrl Pts',(24.8518412739789,-4.50367287653865,12.9574745179923));
#11957=CARTESIAN_POINT('Ctrl Pts',(24.0418082541201,7.73877002982114,13.1136659624008));
#11958=CARTESIAN_POINT('Ctrl Pts',(17.5582905247894,18.1549850076751,13.2698574068094));
#11959=CARTESIAN_POINT('Ctrl Pts',(6.9312979859378,24.28691572806,13.4260488512179));
#11960=CARTESIAN_POINT('Ctrl Pts',(-5.33137434340261,24.6875155563937,13.5822402956265));
#11961=CARTESIAN_POINT('Ctrl Pts',(-16.3359196446546,19.2622662918563,13.7384317400351));
#11962=CARTESIAN_POINT('Ctrl Pts',(-23.4854631014325,9.29140713896993,13.8946231844436));
#11963=CARTESIAN_POINT('Ctrl Pts',(-25.0927823186244,-2.87203315321163,
14.0508146288522));
#11964=CARTESIAN_POINT('Ctrl Pts',(-20.7786616781134,-14.3578032436619,
14.2070060732608));
#11965=CARTESIAN_POINT('Ctrl Pts',(-11.5609966007081,-22.4551966096081,
14.3631975176693));
#11966=CARTESIAN_POINT('Ctrl Pts',(0.384661755874458,-25.2538418291465,
14.5193889620779));
#11967=CARTESIAN_POINT('Ctrl Pts',(12.239972406425,-22.0923556078254,14.6755804064865));
#11968=CARTESIAN_POINT('Ctrl Pts',(21.2060028106572,-13.7186592276271,14.831771850895));
#11969=CARTESIAN_POINT('Ctrl Pts',(25.1694899480585,-2.10508142323256,14.9879632953036));
#11970=CARTESIAN_POINT('Ctrl Pts',(23.8491512365516,5.96460952828006,15.0920909249093));
#11971=CARTESIAN_POINT('Ctrl Pts',(22.2775692778157,9.60840223306669,15.1441547397121));
#11972=CARTESIAN_POINT('Ctrl Pts',(-13.9392470147447,19.5513663971697,1.85584526028783));
#11973=CARTESIAN_POINT('Ctrl Pts',(-17.1371329850764,17.2714171823725,1.90790907509068));
#11974=CARTESIAN_POINT('Ctrl Pts',(-22.3902553041761,11.1152203325336,2.01203670469639));
#11975=CARTESIAN_POINT('Ctrl Pts',(-24.9854482940552,-0.749259754915303,
2.16822814910495));
#11976=CARTESIAN_POINT('Ctrl Pts',(-21.6846638355491,-12.4339233653479,
2.32441959351352));
#11977=CARTESIAN_POINT('Ctrl Pts',(-13.2665636832929,-21.1858551816671,
2.48061103792208));
#11978=CARTESIAN_POINT('Ctrl Pts',(-1.71780550319079,-24.9375132478622,
2.63680248233065));
#11979=CARTESIAN_POINT('Ctrl Pts',(10.2363475303378,-22.80469843499,2.79299392673921));
#11980=CARTESIAN_POINT('Ctrl Pts',(19.7748753610353,-15.2901422847157,2.94918537114778));
#11981=CARTESIAN_POINT('Ctrl Pts',(24.6468529404204,-4.16745637237454,3.10537681555634));
#11982=CARTESIAN_POINT('Ctrl Pts',(23.7025632355491,7.9387341058157,3.2615682599649));
#11983=CARTESIAN_POINT('Ctrl Pts',(17.1648476384381,18.1714835969619,3.41775970437347));
#11984=CARTESIAN_POINT('Ctrl Pts',(6.57650078328321,24.1160659048029,3.57395114878203));
#11985=CARTESIAN_POINT('Ctrl Pts',(-5.56379511251228,24.3696340375121,3.7301425931906));
#11986=CARTESIAN_POINT('Ctrl Pts',(-16.3911241944815,18.8723603328089,3.88633403759915));
#11987=CARTESIAN_POINT('Ctrl Pts',(-23.3504090333253,8.92150848752062,4.04252548200773));
#11988=CARTESIAN_POINT('Ctrl Pts',(-24.7993694324744,-3.13467629442155,
4.19871692641628));
#11989=CARTESIAN_POINT('Ctrl Pts',(-20.3960737511946,-14.451127886253,4.35490837082485));
#11990=CARTESIAN_POINT('Ctrl Pts',(-11.1796296495236,-22.3573433072698,
4.51109981523341));
#11991=CARTESIAN_POINT('Ctrl Pts',(0.675028929970217,-24.9875820522034,
4.66729125964198));
#11992=CARTESIAN_POINT('Ctrl Pts',(12.3703914339748,-21.7211494989605,4.82348270405054));
#11993=CARTESIAN_POINT('Ctrl Pts',(21.1465386596808,-13.3288717809846,4.97967414845911));
#11994=CARTESIAN_POINT('Ctrl Pts',(24.932439690315,-1.79119267618182,5.13586559286767));
#11995=CARTESIAN_POINT('Ctrl Pts',(22.8346822050171,10.1691793525503,5.29205703727624));
#11996=CARTESIAN_POINT('Ctrl Pts',(15.3483035459118,19.7297870847372,5.4482484816848));
#11997=CARTESIAN_POINT('Ctrl Pts',(4.23996979582541,24.6344794189813,5.60443992609336));
#11998=CARTESIAN_POINT('Ctrl Pts',(-7.86892927035998,23.7258271145903,5.76063137050193));
#11999=CARTESIAN_POINT('Ctrl Pts',(-18.1208864049844,17.2182576360639,5.91682281491049));
#12000=CARTESIAN_POINT('Ctrl Pts',(-24.0966030695689,6.64745369558692,6.07301425931905));
#12001=CARTESIAN_POINT('Ctrl Pts',(-24.3859053428155,-5.49204340279267,
6.22920570372762));
#12002=CARTESIAN_POINT('Ctrl Pts',(-18.9205224977262,-16.3355057631991,
6.38539714813618));
#12003=CARTESIAN_POINT('Ctrl Pts',(-8.99019780535748,-23.3240490384394,
6.54158859254475));
#12004=CARTESIAN_POINT('Ctrl Pts',(3.06167032753961,-24.8084883645115,6.6977800369533));
#12005=CARTESIAN_POINT('Ctrl Pts',(14.3910330449741,-20.4385197121826,6.85397148136188));
#12006=CARTESIAN_POINT('Ctrl Pts',(22.3243412572657,-11.2453860563294,7.01016292577043));
#12007=CARTESIAN_POINT('Ctrl Pts',(24.9894606283432,0.601479535186614,7.166354370179));
#12008=CARTESIAN_POINT('Ctrl Pts',(21.7574654501903,12.3064055398211,7.32254581458756));
#12009=CARTESIAN_POINT('Ctrl Pts',(13.3910550892157,21.107215915993,7.47873725899613));
#12010=CARTESIAN_POINT('Ctrl Pts',(1.8645690879293,24.9270596389366,7.63492870340469));
#12011=CARTESIAN_POINT('Ctrl Pts',(-10.1019255097812,22.8645144519098,7.79112014781325));
#12012=CARTESIAN_POINT('Ctrl Pts',(-19.6845266419639,15.4063081563551,7.94731159222183));
#12013=CARTESIAN_POINT('Ctrl Pts',(-24.6218931217678,4.31245860583071,8.10350303663038));
#12014=CARTESIAN_POINT('Ctrl Pts',(-23.7488851274111,-7.79906246492459,
8.25969448103895));
#12015=CARTESIAN_POINT('Ctrl Pts',(-17.2715186358561,-18.0701290570387,
8.41588592544751));
#12016=CARTESIAN_POINT('Ctrl Pts',(-6.71834893471589,-24.0769331044916,
8.57207736985607));
#12017=CARTESIAN_POINT('Ctrl Pts',(5.42024407103071,-24.4019645589698,8.72826881426464));
#12018=CARTESIAN_POINT('Ctrl Pts',(16.2797458371929,-18.9685211759684,8.88446025867319));
#12019=CARTESIAN_POINT('Ctrl Pts',(23.2974869722596,-9.05880902239118,9.04065170308177));
#12020=CARTESIAN_POINT('Ctrl Pts',(24.8173923825812,2.98863772574752,9.19684314749032));
#12021=CARTESIAN_POINT('Ctrl Pts',(20.4807886080954,14.3308135888117,9.3530345918989));
#12022=CARTESIAN_POINT('Ctrl Pts',(11.3110450441289,22.2911457789063,9.50922603630746));
#12023=CARTESIAN_POINT('Ctrl Pts',(-0.52792493047408,24.991122731773,9.66541748071602));
#12024=CARTESIAN_POINT('Ctrl Pts',(-12.2423130329548,21.7935929054828,9.82160892512458));
#12025=CARTESIAN_POINT('Ctrl Pts',(-21.0677103174034,13.4531223925429,9.97780036953315));
#12026=CARTESIAN_POINT('Ctrl Pts',(-24.9214636404439,1.93792934463027,10.1339918139417));
#12027=CARTESIAN_POINT('Ctrl Pts',(-22.8941486199985,-10.0345841514353,
10.2901832583503));
#12028=CARTESIAN_POINT('Ctrl Pts',(-15.4641792995167,-19.6390956695831,
10.4463747027588));
#12029=CARTESIAN_POINT('Ctrl Pts',(-4.38491005635058,-24.6090935209872,
10.6025661471674));
#12030=CARTESIAN_POINT('Ctrl Pts',(7.72912809500593,-23.7717374000611,10.758757591576));
#12031=CARTESIAN_POINT('Ctrl Pts',(18.0192151647299,-17.3246300097313,10.9149490359845));
#12032=CARTESIAN_POINT('Ctrl Pts',(24.057054557206,-6.78918597174528,11.0711404803931));
#12033=CARTESIAN_POINT('Ctrl Pts',(24.4178123770552,5.34839778280864,11.2273319248017));
#12034=CARTESIAN_POINT('Ctrl Pts',(19.0163555270275,16.2238448773109,11.3835233692102));
#12035=CARTESIAN_POINT('Ctrl Pts',(9.12734176139749,23.2707230760966,11.5397148136188));
#12036=CARTESIAN_POINT('Ctrl Pts',(-2.91557923262642,24.8260814041361,11.6959062580273));
#12037=CARTESIAN_POINT('Ctrl Pts',(-14.2704699831479,20.5228800748953,11.8520977024359));
#12038=CARTESIAN_POINT('Ctrl Pts',(-22.2577571877488,11.3766060442302,12.0082891468445));
#12039=CARTESIAN_POINT('Ctrl Pts',(-24.992568335398,-0.454365755493258,
12.164480591253));
#12040=CARTESIAN_POINT('Ctrl Pts',(-21.8295315551912,-12.1781144627098,
12.3206720356616));
#12041=CARTESIAN_POINT('Ctrl Pts',(-13.5150731577485,-21.028022218283,12.4768634800702));
#12042=CARTESIAN_POINT('Ctrl Pts',(-2.01127279637128,-24.915651719315,12.6330549244787));
#12043=CARTESIAN_POINT('Ctrl Pts',(9.96715582991226,-22.9235844996208,12.7892463688873));
#12044=CARTESIAN_POINT('Ctrl Pts',(19.5934946232125,-15.5219163819838,12.9454378132959));
#12045=CARTESIAN_POINT('Ctrl Pts',(24.5960806055035,-4.45732369971916,13.1016292577044));
#12046=CARTESIAN_POINT('Ctrl Pts',(23.7943839734546,7.65912711828863,13.257820702113));
#12047=CARTESIAN_POINT('Ctrl Pts',(17.377590830453,17.9681444814327,13.4140121465215));
#12048=CARTESIAN_POINT('Ctrl Pts',(6.85996510614266,24.0369689441041,13.5702035909301));
#12049=CARTESIAN_POINT('Ctrl Pts',(-5.27650694541273,24.4334460324462,13.7263950353387));
#12050=CARTESIAN_POINT('Ctrl Pts',(-16.1677998791042,19.0640302718833,13.8825864797472));
#12051=CARTESIAN_POINT('Ctrl Pts',(-23.2437644008793,9.19578539107847,14.0387779241558));
#12052=CARTESIAN_POINT('Ctrl Pts',(-24.8345420253212,-2.84247586161902,
14.1949693685644));
#12053=CARTESIAN_POINT('Ctrl Pts',(-20.5648198004743,-14.2100410994025,
14.3511608129729));
#12054=CARTESIAN_POINT('Ctrl Pts',(-11.4420175606346,-22.2241008114214,
14.5073522573815));
#12055=CARTESIAN_POINT('Ctrl Pts',(0.380703041236985,-24.9939440052152,
14.6635437017901));
#12056=CARTESIAN_POINT('Ctrl Pts',(12.1140057430187,-21.8649939577907,14.8197351461986));
#12057=CARTESIAN_POINT('Ctrl Pts',(20.9877629871065,-13.5774747811323,14.9759265906072));
#12058=CARTESIAN_POINT('Ctrl Pts',(24.910460224533,-2.08341715191899,15.1321180350158));
#12059=CARTESIAN_POINT('Ctrl Pts',(23.6037096696438,5.90322524277263,15.2362456646215));
#12060=CARTESIAN_POINT('Ctrl Pts',(22.0483015166191,9.50951815638936,15.2883094794243));
#12061=CARTESIAN_POINT('Ctrl Pts',(-13.7943007043258,19.3480628456995,2.));
#12062=CARTESIAN_POINT('Ctrl Pts',(-16.958933675263,17.0918215274822,2.05206381480285));
#12063=CARTESIAN_POINT('Ctrl Pts',(-22.1574317598164,10.9996394711722,2.15619144440856));
#12064=CARTESIAN_POINT('Ctrl Pts',(-24.7256388121976,-0.741468628399971,
2.31238288881712));
#12065=CARTESIAN_POINT('Ctrl Pts',(-21.4591773360049,-12.3046300603414,
2.46857433322569));
#12066=CARTESIAN_POINT('Ctrl Pts',(-13.128612224667,-20.965555509927,2.62476577763425));
#12067=CARTESIAN_POINT('Ctrl Pts',(-1.69994301969786,-24.6782022153167,
2.78095722204282));
#12068=CARTESIAN_POINT('Ctrl Pts',(10.1299055679335,-22.56756533197,2.93714866645138));
#12069=CARTESIAN_POINT('Ctrl Pts',(19.5692476668317,-15.1311487818668,3.09334011085995));
#12070=CARTESIAN_POINT('Ctrl Pts',(24.3905643192795,-4.12412136121012,3.24953155526851));
#12071=CARTESIAN_POINT('Ctrl Pts',(23.456093746571,7.85618372007266,3.40572299967708));
#12072=CARTESIAN_POINT('Ctrl Pts',(16.9863601396899,17.9825286627799,3.56191444408564));
#12073=CARTESIAN_POINT('Ctrl Pts',(6.50811548793723,23.86529663649,3.7181058884942));
#12074=CARTESIAN_POINT('Ctrl Pts',(-5.5059403680894,24.1162280582465,3.87429733290277));
#12075=CARTESIAN_POINT('Ctrl Pts',(-16.2206822062525,18.6761173796391,4.03048877731133));
#12076=CARTESIAN_POINT('Ctrl Pts',(-23.1076013958272,8.82873878932464,4.1866802217199));
#12077=CARTESIAN_POINT('Ctrl Pts',(-24.5414948789817,-3.10208057653568,
4.34287166612845));
#12078=CARTESIAN_POINT('Ctrl Pts',(-20.1839865678524,-14.3008588174655,
4.49906311053703));
#12079=CARTESIAN_POINT('Ctrl Pts',(-11.0633790322676,-22.1248619960677,
4.65525455494558));
#12080=CARTESIAN_POINT('Ctrl Pts',(0.668009687630834,-24.7277503826071,
4.81144599935415));
#12081=CARTESIAN_POINT('Ctrl Pts',(12.2417587614283,-21.495283605731,4.96763744376271));
#12082=CARTESIAN_POINT('Ctrl Pts',(20.9266478181161,-13.1902724158498,5.12382888817128));
#12083=CARTESIAN_POINT('Ctrl Pts',(24.6731814148119,-1.7725670811703,5.28002033257984));
#12084=CARTESIAN_POINT('Ctrl Pts',(22.5972373178073,10.0634358338666,5.43621177698841));
#12085=CARTESIAN_POINT('Ctrl Pts',(15.1887052571509,19.5246282379029,5.59240322139697));
#12086=CARTESIAN_POINT('Ctrl Pts',(4.19588075876749,24.37831946306,5.74859466580553));
#12087=CARTESIAN_POINT('Ctrl Pts',(-7.78710474544269,23.4791157177509,5.9047861102141));
#12088=CARTESIAN_POINT('Ctrl Pts',(-17.9324576022561,17.0392147570942,6.06097755462265));
#12089=CARTESIAN_POINT('Ctrl Pts',(-23.8460361842221,6.57833060121631,6.21716899903123));
#12090=CARTESIAN_POINT('Ctrl Pts',(-24.1323301674903,-5.43493476363499,
6.37336044343979));
#12091=CARTESIAN_POINT('Ctrl Pts',(-18.7237787335657,-16.1656421194385,
6.52955188784835));
#12092=CARTESIAN_POINT('Ctrl Pts',(-8.89671384596971,-23.0815155035522,
6.68574333225692));
#12093=CARTESIAN_POINT('Ctrl Pts',(3.02983375722657,-24.5505189884252,6.84193477666547));
#12094=CARTESIAN_POINT('Ctrl Pts',(14.2413888682995,-20.2259911574069,6.99812622107406));
#12095=CARTESIAN_POINT('Ctrl Pts',(22.0922031156322,-11.1284516755571,7.1543176654826));
#12096=CARTESIAN_POINT('Ctrl Pts',(24.7296094245008,0.59522509121804,7.31050910989117));
#12097=CARTESIAN_POINT('Ctrl Pts',(21.5312219280161,12.1784382202357,7.46670055429973));
#12098=CARTESIAN_POINT('Ctrl Pts',(13.2518091151868,20.8877339692994,7.6228919987083));
#12099=CARTESIAN_POINT('Ctrl Pts',(1.84518049329929,24.6678573075313,7.77908344311686));
#12100=CARTESIAN_POINT('Ctrl Pts',(-9.99688132559962,22.6267593561131,7.93527488752543));
#12101=CARTESIAN_POINT('Ctrl Pts',(-19.4798384327603,15.2461067106042,8.09146633193399));
#12102=CARTESIAN_POINT('Ctrl Pts',(-24.3658640436007,4.26761579882053,8.24765777634255));
#12103=CARTESIAN_POINT('Ctrl Pts',(-23.5019339633963,-7.71796444522369,
8.40384922075111));
#12104=CARTESIAN_POINT('Ctrl Pts',(-17.0919219260087,-17.882228051135,8.56004066515968));
#12105=CARTESIAN_POINT('Ctrl Pts',(-6.64848864103118,-23.8265707559366,
8.71623210956824));
#12106=CARTESIAN_POINT('Ctrl Pts',(5.36388203233273,-24.1482223929795,8.87242355397681));
#12107=CARTESIAN_POINT('Ctrl Pts',(16.1104620092241,-18.7712783008223,9.02861499838537));
#12108=CARTESIAN_POINT('Ctrl Pts',(23.055229641208,-8.96461161393746,9.18480644279394));
#12109=CARTESIAN_POINT('Ctrl Pts',(24.5593304186696,2.95756057996858,9.34099788720249));
#12110=CARTESIAN_POINT('Ctrl Pts',(20.2678205230853,14.1817956000493,9.49718933161108));
#12111=CARTESIAN_POINT('Ctrl Pts',(11.1934279128452,22.0593528181929,9.65338077601962));
#12112=CARTESIAN_POINT('Ctrl Pts',(-0.522435339051426,24.7312542446614,
9.80957222042819));
#12113=CARTESIAN_POINT('Ctrl Pts',(-12.1150121749355,21.5669737144261,9.96576366483675));
#12114=CARTESIAN_POINT('Ctrl Pts',(-20.8486391669853,13.3132310158888,10.1219551092453));
#12115=CARTESIAN_POINT('Ctrl Pts',(-24.6623194986477,1.9177779183689,10.2781465536539));
#12116=CARTESIAN_POINT('Ctrl Pts',(-22.6560853753239,-9.93024021178057,
10.4343379980624));
#12117=CARTESIAN_POINT('Ctrl Pts',(-15.3033760846264,-19.4348798712505,
10.590529442471));
#12118=CARTESIAN_POINT('Ctrl Pts',(-4.3393138678682,-24.3531975385968,10.7467208868796));
#12119=CARTESIAN_POINT('Ctrl Pts',(7.6487572830861,-23.524548608246,10.9029123312881));
#12120=CARTESIAN_POINT('Ctrl Pts',(17.8318435834666,-17.1444810248811,11.0591037756967));
#12121=CARTESIAN_POINT('Ctrl Pts',(23.8068989143707,-6.71858908395705,11.2152952201053));
#12122=CARTESIAN_POINT('Ctrl Pts',(24.1639054186082,5.29278283284393,11.3714866645139));
#12123=CARTESIAN_POINT('Ctrl Pts',(18.8186152496409,16.0551423316649,11.5276781089224));
#12124=CARTESIAN_POINT('Ctrl Pts',(9.03243171992627,23.0287440475958,11.683869553331));
#12125=CARTESIAN_POINT('Ctrl Pts',(-2.88526178061082,24.5679290880258,11.8400609977395));
#12126=CARTESIAN_POINT('Ctrl Pts',(-14.1220794732578,20.3094743046353,11.9962524421481));
#12127=CARTESIAN_POINT('Ctrl Pts',(-22.0263114160259,11.2583071813536,12.1524438865567));
#12128=CARTESIAN_POINT('Ctrl Pts',(-24.7326848162756,-0.449641064140159,
12.3086353309652));
#12129=CARTESIAN_POINT('Ctrl Pts',(-21.602538658534,-12.0514811691494,12.4648267753738));
#12130=CARTESIAN_POINT('Ctrl Pts',(-13.3745375902831,-20.8093637618597,
12.6210182197823));
#12131=CARTESIAN_POINT('Ctrl Pts',(-1.99035871322377,-24.6565680123847,
12.7772096641909));
#12132=CARTESIAN_POINT('Ctrl Pts',(9.8635130390651,-22.6852151679574,12.9334011085995));
#12133=CARTESIAN_POINT('Ctrl Pts',(19.389753004254,-15.3605127919749,13.089592553008));
#12134=CARTESIAN_POINT('Ctrl Pts',(24.3403199370282,-4.41097452289968,13.2457839974166));
#12135=CARTESIAN_POINT('Ctrl Pts',(23.5469596927889,7.57948420675611,13.4019754418252));
#12136=CARTESIAN_POINT('Ctrl Pts',(17.1968911361166,17.7813039551903,13.5581668862337));
#12137=CARTESIAN_POINT('Ctrl Pts',(6.78863222634748,23.7870221601483,13.7143583306423));
#12138=CARTESIAN_POINT('Ctrl Pts',(-5.22163954742283,24.1793765084987,13.8705497750509));
#12139=CARTESIAN_POINT('Ctrl Pts',(-15.9996801135539,18.8657942519102,14.0267412194594));
#12140=CARTESIAN_POINT('Ctrl Pts',(-23.002065700326,9.10016364318698,14.182932663868));
#12141=CARTESIAN_POINT('Ctrl Pts',(-24.576301732018,-2.81291857002638,14.3391241082765));
#12142=CARTESIAN_POINT('Ctrl Pts',(-20.3509779228352,-14.0622789551432,
14.4953155526851));
#12143=CARTESIAN_POINT('Ctrl Pts',(-11.323038520561,-21.9930050132347,14.6515069970937));
#12144=CARTESIAN_POINT('Ctrl Pts',(0.376744326599524,-24.7340461812839,
14.8076984415022));
#12145=CARTESIAN_POINT('Ctrl Pts',(11.9880390796124,-21.637632307756,14.9638898859108));
#12146=CARTESIAN_POINT('Ctrl Pts',(20.7695231635558,-13.4362903346375,15.1200813303194));
#12147=CARTESIAN_POINT('Ctrl Pts',(24.6514305010075,-2.06175288060544,15.2762727747279));
#12148=CARTESIAN_POINT('Ctrl Pts',(23.358268102736,5.84184095726521,15.3804004043336));
#12149=CARTESIAN_POINT('Ctrl Pts',(21.8190337554224,9.41063407971203,15.4324642191365));
#12150=CARTESIAN_POINT('',(22.5068370390125,9.70728630974369,15.));
#12151=CARTESIAN_POINT('Ctrl Pts',(13.7938325990078,-19.3483897499625,15.));
#12152=CARTESIAN_POINT('Ctrl Pts',(14.1848685288192,-19.0825121109345,15.));
#12153=CARTESIAN_POINT('Ctrl Pts',(14.5674530263672,-18.8053320599687,15.));
#12154=CARTESIAN_POINT('Ctrl Pts',(14.9411924748551,-18.5173891184957,15.));
#12155=CARTESIAN_POINT('Ctrl Pts',(15.3185812576431,-18.2266345924894,15.));
#12156=CARTESIAN_POINT('Ctrl Pts',(15.6869518281679,-17.9249056986274,15.));
#12157=CARTESIAN_POINT('Ctrl Pts',(16.0458785928575,-17.6127085732609,15.));
#12158=CARTESIAN_POINT('Ctrl Pts',(16.4068445476672,-17.2987377454118,15.));
#12159=CARTESIAN_POINT('Ctrl Pts',(16.7582595052286,-16.9741790945006,15.));
#12160=CARTESIAN_POINT('Ctrl Pts',(17.09966382773,-16.639502139771,15.));
#12161=CARTESIAN_POINT('Ctrl Pts',(17.4409544138413,-16.3049366802573,15.));
#12162=CARTESIAN_POINT('Ctrl Pts',(17.7722414347657,-15.9602593098793,15.));
#12163=CARTESIAN_POINT('Ctrl Pts',(18.0930329224754,-15.60589892506,15.));
#12164=CARTESIAN_POINT('Ctrl Pts',(18.4122329627307,-15.2532965230862,15.));
#12165=CARTESIAN_POINT('Ctrl Pts',(18.721041719157,-14.8911065793158,15.));
#12166=CARTESIAN_POINT('Ctrl Pts',(19.0189363138128,-14.5197172347625,15.));
#12167=CARTESIAN_POINT('Ctrl Pts',(19.3131083748954,-14.1529688247164,15.));
#12168=CARTESIAN_POINT('Ctrl Pts',(19.5966376422121,-13.7772491153018,15.));
#12169=CARTESIAN_POINT('Ctrl Pts',(19.8689783453393,-13.3929037897105,15.));
#12170=CARTESIAN_POINT('Ctrl Pts',(19.9563347029768,-13.2696206839055,15.));
#12171=CARTESIAN_POINT('Ctrl Pts',(20.0425395466232,-13.1454499121271,15.));
#12172=CARTESIAN_POINT('Ctrl Pts',(20.127573848043,-13.020402355762,15.));
#12173=CARTESIAN_POINT('Ctrl Pts',(20.1801505574335,-12.9430854504516,15.));
#12174=CARTESIAN_POINT('Ctrl Pts',(20.232279763827,-12.8654333496705,15.));
#12175=CARTESIAN_POINT('Ctrl Pts',(20.2839594895994,-12.7874503177686,15.));
#12176=CARTESIAN_POINT('Ctrl Pts',(20.3073079737555,-12.7522182116072,15.));
#12177=CARTESIAN_POINT('Ctrl Pts',(20.3305598342425,-12.7169259054567,15.));
#12178=CARTESIAN_POINT('Ctrl Pts',(20.3537133462399,-12.6815764280551,15.));
#12179=CARTESIAN_POINT('Ctrl Pts',(20.6151452670814,-12.2824369031776,15.));
#12180=CARTESIAN_POINT('Ctrl Pts',(20.8641111489965,-11.8759069980272,15.));
#12181=CARTESIAN_POINT('Ctrl Pts',(21.100526562467,-11.462675227153,15.));
#12182=CARTESIAN_POINT('Ctrl Pts',(21.337841585844,-11.0478710232921,15.));
#12183=CARTESIAN_POINT('Ctrl Pts',(21.5625106418745,-10.6263133969911,15.));
#12184=CARTESIAN_POINT('Ctrl Pts',(21.774409243893,-10.1986609636038,15.));
#12185=CARTESIAN_POINT('Ctrl Pts',(21.9878518538153,-9.76789242312086,15.));
#12186=CARTESIAN_POINT('Ctrl Pts',(22.1883374616067,-9.3309394815507,15.));
#12187=CARTESIAN_POINT('Ctrl Pts',(22.3756959585177,-8.88844379785134,15.));
#12188=CARTESIAN_POINT('Ctrl Pts',(22.5635748895106,-8.44471897408811,15.));
#12189=CARTESIAN_POINT('Ctrl Pts',(22.7382538957082,-7.99542008939496,15.));
#12190=CARTESIAN_POINT('Ctrl Pts',(22.899515142167,-7.5411697186424,15.));
#12191=CARTESIAN_POINT('Ctrl Pts',(23.0598987812092,-7.08939144520456,15.));
#12192=CARTESIAN_POINT('Ctrl Pts',(23.2070104602757,-6.63271493051352,15.));
#12193=CARTESIAN_POINT('Ctrl Pts',(23.3405874798499,-6.17173590777412,15.));
#12194=CARTESIAN_POINT('Ctrl Pts',(23.4387007275574,-5.83314361704793,15.));
#12195=CARTESIAN_POINT('Ctrl Pts',(23.5295110357977,-5.49222974371047,15.));
#12196=CARTESIAN_POINT('Ctrl Pts',(23.6128967629487,-5.14922692076059,15.));
#12197=CARTESIAN_POINT('Ctrl Pts',(23.6754360583121,-4.89197480354818,15.));
#12198=CARTESIAN_POINT('Ctrl Pts',(23.7337987250759,-4.63354758620189,15.));
#12199=CARTESIAN_POINT('Ctrl Pts',(23.7879277061457,-4.37404293146734,15.));
#12200=CARTESIAN_POINT('Ctrl Pts',(23.7993438960157,-4.31931154077696,15.));
#12201=CARTESIAN_POINT('Ctrl Pts',(23.8105717459756,-4.26453222313623,15.));
#12202=CARTESIAN_POINT('Ctrl Pts',(23.8216106919971,-4.20970589426586,15.));
#12203=CARTESIAN_POINT('Ctrl Pts',(23.8302079098041,-4.16700671900561,15.));
#12204=CARTESIAN_POINT('Ctrl Pts',(23.838690635493,-4.1242784565956,15.));
#12205=CARTESIAN_POINT('Ctrl Pts',(23.847055635143,-4.08153707783562,15.));
#12206=CARTESIAN_POINT('Ctrl Pts',(23.9404104642409,-3.60453596886949,15.));
#12207=CARTESIAN_POINT('Ctrl Pts',(24.0192005706278,-3.12544066285635,15.));
#12208=CARTESIAN_POINT('Ctrl Pts',(24.0832762836352,-2.64489922757655,15.));
#12209=CARTESIAN_POINT('Ctrl Pts',(24.110949968336,-2.43735799952861,15.));
#12210=CARTESIAN_POINT('Ctrl Pts',(24.1358783997385,-2.22954672098444,15.));
#12211=CARTESIAN_POINT('Ctrl Pts',(24.1580467838822,-2.02151636682778,15.));
#12212=CARTESIAN_POINT('Ctrl Pts',(24.2108468979574,-1.52603476747539,15.));
#12213=CARTESIAN_POINT('Ctrl Pts',(24.2479938880694,-1.0293113896592,15.));
#12214=CARTESIAN_POINT('Ctrl Pts',(24.2697147467773,-0.532051735152455,
15.));
#12215=CARTESIAN_POINT('Ctrl Pts',(24.2908069391666,-0.0491842554939736,
15.));
#12216=CARTESIAN_POINT('Ctrl Pts',(24.2973526966387,0.434189489216663,15.));
#12217=CARTESIAN_POINT('Ctrl Pts',(24.2895061253574,0.91743286844571,15.));
#12218=CARTESIAN_POINT('Ctrl Pts',(24.2816365158664,1.40209509189587,15.));
#12219=CARTESIAN_POINT('Ctrl Pts',(24.2592899044123,1.8866267005206,15.));
#12220=CARTESIAN_POINT('Ctrl Pts',(24.22256923381,2.37038692685448,15.));
#12221=CARTESIAN_POINT('Ctrl Pts',(24.1859149927632,2.85327200640273,15.));
#12222=CARTESIAN_POINT('Ctrl Pts',(24.1349385835643,3.33538901098319,15.));
#12223=CARTESIAN_POINT('Ctrl Pts',(24.0696909727334,3.81609435474712,15.));
#12224=CARTESIAN_POINT('Ctrl Pts',(24.0354370325675,4.06845688378105,15.));
#12225=CARTESIAN_POINT('Ctrl Pts',(23.997248985164,4.32043019562379,15.));
#12226=CARTESIAN_POINT('Ctrl Pts',(23.955128608733,4.57191973562852,15.));
#12227=CARTESIAN_POINT('Ctrl Pts',(23.9303812559667,4.71967958230777,15.));
#12228=CARTESIAN_POINT('Ctrl Pts',(23.9042763839843,4.8672724083231,15.));
#12229=CARTESIAN_POINT('Ctrl Pts',(23.8768137381709,5.01467881887083,15.));
#12230=CARTESIAN_POINT('Ctrl Pts',(23.8667242240826,5.06883452790266,15.));
#12231=CARTESIAN_POINT('Ctrl Pts',(23.8564514390341,5.12296507364555,15.));
#12232=CARTESIAN_POINT('Ctrl Pts',(23.8459953550208,5.17706948810901,15.));
#12233=CARTESIAN_POINT('Ctrl Pts',(23.8375198018853,5.22092575772835,15.));
#12234=CARTESIAN_POINT('Ctrl Pts',(23.8289235398252,5.26476610261986,15.));
#12235=CARTESIAN_POINT('Ctrl Pts',(23.8202099714732,5.30857317640779,15.));
#12236=CARTESIAN_POINT('Ctrl Pts',(23.7249903734295,5.78728543171631,15.));
#12237=CARTESIAN_POINT('Ctrl Pts',(23.6156781670225,6.26248949481236,15.));
#12238=CARTESIAN_POINT('Ctrl Pts',(23.4924714517027,6.73355152366483,15.));
#12239=CARTESIAN_POINT('Ctrl Pts',(23.3687884180747,7.20643468270547,15.));
#12240=CARTESIAN_POINT('Ctrl Pts',(23.2311031886781,7.6751442407906,15.));
#12241=CARTESIAN_POINT('Ctrl Pts',(23.0795636374291,8.13903949660417,15.));
#12242=CARTESIAN_POINT('Ctrl Pts',(22.9280918797607,8.60272722164353,15.));
#12243=CARTESIAN_POINT('Ctrl Pts',(22.7627781164741,9.06160547311221,15.));
#12244=CARTESIAN_POINT('Ctrl Pts',(22.5837186230556,9.51502709267201,15.));
#12245=CARTESIAN_POINT('Ctrl Pts',(22.5583669879625,9.57922351824521,15.));
#12246=CARTESIAN_POINT('Ctrl Pts',(22.5327397295258,9.64331054326049,15.));
#12247=CARTESIAN_POINT('Ctrl Pts',(22.5068370390124,9.70728630974368,15.));
#12248=CARTESIAN_POINT('Ctrl Pts',(24.5115630999696,-0.000639966314422494,
14.8703848645669));
#12249=CARTESIAN_POINT('Ctrl Pts',(24.50792717142,3.32539197911969,14.9135899097113));
#12250=CARTESIAN_POINT('Ctrl Pts',(23.8244327576684,6.65237362077494,14.9567949548556));
#12251=CARTESIAN_POINT('Ctrl Pts',(22.5068370390124,9.70728630974402,15.));
#12252=CARTESIAN_POINT('Origin',(0.,0.,2.));
#12253=CARTESIAN_POINT('Origin',(0.,0.,15.));
#12254=CARTESIAN_POINT('Origin',(-20.,53.8999999999989,14.6999999999997));
#12255=CARTESIAN_POINT('',(31.,52.5,13.9999999999999));
#12256=CARTESIAN_POINT('',(30.0202041017705,52.2999999997615,13.8999999999304));
#12257=CARTESIAN_POINT('Origin',(31.,50.,12.75));
#12258=CARTESIAN_POINT('',(26.0040016006618,52.2999999993264,13.8999999998035));
#12259=CARTESIAN_POINT('',(-20.,52.2999999999986,13.8999999999996));
#12260=CARTESIAN_POINT('',(31.,55.5,15.4999999999998));
#12261=CARTESIAN_POINT('Origin',(31.,50.,12.75));
#12262=CARTESIAN_POINT('',(35.0000000178616,55.5000000000001,15.4999999999998));
#12263=CARTESIAN_POINT('',(-20.,55.4999999999992,15.4999999999998));
#12264=CARTESIAN_POINT('',(39.9959984172003,52.2999999993265,13.8999999998035));
#12265=CARTESIAN_POINT('Origin',(35.0000000178616,50.,12.75));
#12266=CARTESIAN_POINT('',(35.9797959160911,52.2999999997615,13.8999999999304));
#12267=CARTESIAN_POINT('',(-20.,52.2999999999986,13.8999999999996));
#12268=CARTESIAN_POINT('',(35.0000000357232,52.5,13.9999999999999));
#12269=CARTESIAN_POINT('Origin',(35.0000000178616,50.,12.75));
#12270=CARTESIAN_POINT('',(5.50000000000003,52.5,14.0000000000001));
#12271=CARTESIAN_POINT('Origin',(35.0000000178616,50.,2.));
#12272=CARTESIAN_POINT('',(35.0000000178616,55.5000000000001,2.));
#12273=CARTESIAN_POINT('',(40.4772255929137,50.5,11.5));
#12274=CARTESIAN_POINT('',(40.4772255928558,50.5000000006334,2.));
#12275=CARTESIAN_POINT('Ctrl Pts',(40.4772255929137,50.5,11.5));
#12276=CARTESIAN_POINT('Ctrl Pts',(40.4772255929137,50.5,11.8129470725054));
#12277=CARTESIAN_POINT('Ctrl Pts',(40.4726499299845,50.5624391551775,12.1467010074261));
#12278=CARTESIAN_POINT('Ctrl Pts',(40.4407330404397,50.8152665175258,12.7597079601989));
#12279=CARTESIAN_POINT('Ctrl Pts',(40.4118686838285,51.0056715574437,13.0388737827859));
#12280=CARTESIAN_POINT('Ctrl Pts',(40.3081371921187,51.4604793457154,13.4984596773177));
#12281=CARTESIAN_POINT('Ctrl Pts',(40.2218545288705,51.7597711551186,13.6967636356506));
#12282=CARTESIAN_POINT('Ctrl Pts',(40.063723678981,52.1483174701604,13.8518431495477));
#12283=CARTESIAN_POINT('Ctrl Pts',(40.0309183253862,52.2241479093272,13.8778764735269));
#12284=CARTESIAN_POINT('Ctrl Pts',(39.9959984169414,52.2999999992166,13.8999999997715));
#12285=CARTESIAN_POINT('Origin',(35.0000000178616,55.5000000000001,2.));
#12286=CARTESIAN_POINT('',(31.,55.5,2.));
#12287=CARTESIAN_POINT('Origin',(31.,50.,2.));
#12288=CARTESIAN_POINT('',(25.5227744249483,50.5,11.5));
#12289=CARTESIAN_POINT('Ctrl Pts',(26.0040016009206,52.2999999992166,13.8999999997715));
#12290=CARTESIAN_POINT('Ctrl Pts',(25.9690816924758,52.2241479093272,13.8778764735269));
#12291=CARTESIAN_POINT('Ctrl Pts',(25.936276338881,52.1483174701604,13.8518431495477));
#12292=CARTESIAN_POINT('Ctrl Pts',(25.7781454889915,51.7597711551186,13.6967636356506));
#12293=CARTESIAN_POINT('Ctrl Pts',(25.6918628257433,51.4604793457154,13.4984596773177));
#12294=CARTESIAN_POINT('Ctrl Pts',(25.5881313340335,51.0056715574437,13.0388737827859));
#12295=CARTESIAN_POINT('Ctrl Pts',(25.5592669774223,50.8152665175258,12.7597079601989));
#12296=CARTESIAN_POINT('Ctrl Pts',(25.5273500878775,50.5624391551775,12.1467010074261));
#12297=CARTESIAN_POINT('Ctrl Pts',(25.5227744249483,50.5,11.8129470725054));
#12298=CARTESIAN_POINT('Ctrl Pts',(25.5227744249483,50.5,11.5));
#12299=CARTESIAN_POINT('',(25.5227744249961,50.5000000005279,2.));
#12300=CARTESIAN_POINT('Origin',(-20.,53.,11.5));
#12301=CARTESIAN_POINT('',(28.5505102572168,50.5,11.5));
#12302=CARTESIAN_POINT('Ctrl Pts',(28.5505102572168,50.5,11.5));
#12303=CARTESIAN_POINT('Ctrl Pts',(28.5505102572168,50.5,11.7757535722338));
#12304=CARTESIAN_POINT('Ctrl Pts',(28.5588064456012,50.5487242030911,12.0716700570708));
#12305=CARTESIAN_POINT('Ctrl Pts',(28.611973738588,50.7468976439849,12.6220909043099));
#12306=CARTESIAN_POINT('Ctrl Pts',(28.6589105018445,50.8963374630348,12.8763971719238));
#12307=CARTESIAN_POINT('Ctrl Pts',(28.8223101567789,51.2439542058111,13.3021389948489));
#12308=CARTESIAN_POINT('Ctrl Pts',(28.9759488031191,51.492240689101,13.5078754899236));
#12309=CARTESIAN_POINT('Ctrl Pts',(29.3697418516068,51.9206139338169,13.7708904717499));
#12310=CARTESIAN_POINT('Ctrl Pts',(29.6534649649798,52.1358426874479,13.8507652124268));
#12311=CARTESIAN_POINT('Ctrl Pts',(29.9906448146139,52.2872386807656,13.8962509248199));
#12312=CARTESIAN_POINT('Ctrl Pts',(30.0053890124462,52.2936887978926,13.8981592327174));
#12313=CARTESIAN_POINT('Ctrl Pts',(30.020204101862,52.2999999995635,13.8999999998727));
#12314=CARTESIAN_POINT('',(-20.,50.5,11.5));
#12315=CARTESIAN_POINT('Origin',(-20.,53.8999999999999,14.7));
#12316=CARTESIAN_POINT('',(-35.,52.5,14.));
#12317=CARTESIAN_POINT('',(-35.979795916088,52.2999999997629,13.8999999999308));
#12318=CARTESIAN_POINT('Origin',(-35.0000000178616,50.,12.75));
#12319=CARTESIAN_POINT('',(-39.9959984171993,52.2999999993278,13.8999999998039));
#12320=CARTESIAN_POINT('',(-20.,52.2999999999999,13.9));
#12321=CARTESIAN_POINT('',(-35.0000000178616,55.5000000000001,15.5));
#12322=CARTESIAN_POINT('Origin',(-35.0000000178616,50.,12.75));
#12323=CARTESIAN_POINT('',(-31.,55.5,15.5));
#12324=CARTESIAN_POINT('',(-20.,55.4999999999999,15.5));
#12325=CARTESIAN_POINT('',(-26.0040016006624,52.2999999993278,13.8999999998039));
#12326=CARTESIAN_POINT('Origin',(-31.,50.,12.75));
#12327=CARTESIAN_POINT('',(-30.0202041017736,52.2999999997629,13.8999999999308));
#12328=CARTESIAN_POINT('',(-20.,52.2999999999999,13.9));
#12329=CARTESIAN_POINT('',(-31.,52.5,14.));
#12330=CARTESIAN_POINT('Origin',(-31.,50.,12.75));
#12331=CARTESIAN_POINT('',(-27.5,52.5,14.));
#12332=CARTESIAN_POINT('Origin',(-31.,50.,2.));
#12333=CARTESIAN_POINT('',(-31.,55.5,2.));
#12334=CARTESIAN_POINT('',(-25.5227744249483,50.5,11.5));
#12335=CARTESIAN_POINT('',(-25.5227744249483,50.5,2.));
#12336=CARTESIAN_POINT('Ctrl Pts',(-25.5227744249483,50.5,11.5));
#12337=CARTESIAN_POINT('Ctrl Pts',(-25.5227744249483,50.5,11.8129470725054));
#12338=CARTESIAN_POINT('Ctrl Pts',(-25.5273500878775,50.5624391551775,12.1467010074261));
#12339=CARTESIAN_POINT('Ctrl Pts',(-25.5592669774223,50.8152665175258,12.7597079601989));
#12340=CARTESIAN_POINT('Ctrl Pts',(-25.5881313340335,51.0056715574437,13.0388737827859));
#12341=CARTESIAN_POINT('Ctrl Pts',(-25.6918628257433,51.4604793457154,13.4984596773177));
#12342=CARTESIAN_POINT('Ctrl Pts',(-25.7781454889915,51.7597711551186,13.6967636356506));
#12343=CARTESIAN_POINT('Ctrl Pts',(-25.9362763388812,52.1483174701608,13.8518431495479));
#12344=CARTESIAN_POINT('Ctrl Pts',(-25.9690816924762,52.2241479093281,13.8778764735272));
#12345=CARTESIAN_POINT('Ctrl Pts',(-26.0040016009212,52.2999999992179,13.8999999997719));
#12346=CARTESIAN_POINT('Origin',(-31.,55.5,2.));
#12347=CARTESIAN_POINT('',(-35.0000000178616,55.5000000000001,2.));
#12348=CARTESIAN_POINT('Origin',(-35.0000000178616,50.,2.));
#12349=CARTESIAN_POINT('',(-40.4772255929133,50.5,11.5));
#12350=CARTESIAN_POINT('Ctrl Pts',(-39.9959984169404,52.2999999992179,13.8999999997719));
#12351=CARTESIAN_POINT('Ctrl Pts',(-40.0309183253854,52.2241479093281,13.8778764735272));
#12352=CARTESIAN_POINT('Ctrl Pts',(-40.0637236789805,52.1483174701608,13.8518431495479));
#12353=CARTESIAN_POINT('Ctrl Pts',(-40.2218545288702,51.7597711551186,13.6967636356506));
#12354=CARTESIAN_POINT('Ctrl Pts',(-40.3081371921183,51.4604793457154,13.4984596773177));
#12355=CARTESIAN_POINT('Ctrl Pts',(-40.4118686838281,51.0056715574437,13.0388737827859));
#12356=CARTESIAN_POINT('Ctrl Pts',(-40.4407330404393,50.8152665175258,12.7597079601989));
#12357=CARTESIAN_POINT('Ctrl Pts',(-40.4726499299841,50.5624391551775,12.1467010074261));
#12358=CARTESIAN_POINT('Ctrl Pts',(-40.4772255929133,50.5,11.8129470725054));
#12359=CARTESIAN_POINT('Ctrl Pts',(-40.4772255929133,50.5,11.5));
#12360=CARTESIAN_POINT('',(-40.4772255927244,50.500000002067,2.));
#12361=CARTESIAN_POINT('Origin',(-20.,53.,11.5));
#12362=CARTESIAN_POINT('',(-37.4494897606448,50.5,11.5));
#12363=CARTESIAN_POINT('Ctrl Pts',(-37.4494897606448,50.5,11.5));
#12364=CARTESIAN_POINT('Ctrl Pts',(-37.4494897606448,50.5,11.7757535722338));
#12365=CARTESIAN_POINT('Ctrl Pts',(-37.4411935722604,50.5487242030911,12.0716700570708));
#12366=CARTESIAN_POINT('Ctrl Pts',(-37.3880262792736,50.7468976439849,12.6220909043099));
#12367=CARTESIAN_POINT('Ctrl Pts',(-37.341089516017,50.8963374630348,12.8763971719238));
#12368=CARTESIAN_POINT('Ctrl Pts',(-37.1776898610827,51.2439542058111,13.3021389948489));
#12369=CARTESIAN_POINT('Ctrl Pts',(-37.0240512147424,51.492240689101,13.5078754899236));
#12370=CARTESIAN_POINT('Ctrl Pts',(-36.6302581662548,51.9206139338169,13.7708904717499));
#12371=CARTESIAN_POINT('Ctrl Pts',(-36.3465350528818,52.1358426874479,13.8507652124268));
#12372=CARTESIAN_POINT('Ctrl Pts',(-36.0093552032467,52.287238680766,13.8962509248201));
#12373=CARTESIAN_POINT('Ctrl Pts',(-35.9946110054134,52.2936887978936,13.8981592327177));
#12374=CARTESIAN_POINT('Ctrl Pts',(-35.9797959159965,52.2999999995648,13.8999999998731));
#12375=CARTESIAN_POINT('',(-20.,50.5,11.5));
#12376=CARTESIAN_POINT('Origin',(-65.2499999999445,-48.0000029959111,0.));
#12377=CARTESIAN_POINT('Origin',(-62.1827376005055,34.2015594652808,0.));
#12378=CARTESIAN_POINT('',(-61.8994577517123,37.1881549396073,0.));
#12379=CARTESIAN_POINT('Origin',(6.97664148674448E-11,-16.3227040810495,
0.));
#12380=CARTESIAN_POINT('',(61.957078640957,37.1214285190796,0.));
#12381=CARTESIAN_POINT('Origin',(62.2500000000025,34.1357632536128,0.));
#12382=CARTESIAN_POINT('Origin',(-60.2499999999543,-47.9999999999943,0.));
#12383=CARTESIAN_POINT('',(-60.2499999999664,-58.,0.));
#12384=CARTESIAN_POINT('Origin',(60.2500000000195,-48.,0.));
#12385=CARTESIAN_POINT('',(60.2500000000121,-57.9999999999999,0.));
#12386=CARTESIAN_POINT('Origin',(-60.2499999999664,-58.,0.));
#12387=CARTESIAN_POINT('Origin',(-20.,53.,6.5));
#12388=CARTESIAN_POINT('',(25.5227744249961,50.5000000005279,6.5));
#12389=CARTESIAN_POINT('',(31.,55.5,6.49999986435189));
#12390=CARTESIAN_POINT('Ctrl Pts',(25.5227744249483,50.5,6.5));
#12391=CARTESIAN_POINT('Ctrl Pts',(25.5227744249483,50.5,6.18705292749464));
#12392=CARTESIAN_POINT('Ctrl Pts',(25.5273500878775,50.5624391551775,5.85329899257386));
#12393=CARTESIAN_POINT('Ctrl Pts',(25.5592669774223,50.8152665175258,5.2402920398011));
#12394=CARTESIAN_POINT('Ctrl Pts',(25.5881313340335,51.0056715574437,4.96112621721415));
#12395=CARTESIAN_POINT('Ctrl Pts',(25.6918628257433,51.4604793457154,4.5015403226823));
#12396=CARTESIAN_POINT('Ctrl Pts',(25.7781454889915,51.7597711551186,4.30323636434937));
#12397=CARTESIAN_POINT('Ctrl Pts',(26.0333208329166,52.3867673398662,4.05298495343186));
#12398=CARTESIAN_POINT('Ctrl Pts',(26.2037348412294,52.7134366899582,4.));
#12399=CARTESIAN_POINT('Ctrl Pts',(26.6036797001733,53.3279882578748,4.));
#12400=CARTESIAN_POINT('Ctrl Pts',(26.8678901534499,53.652391731437,4.06738527988698));
#12401=CARTESIAN_POINT('Ctrl Pts',(27.447967547214,54.2186918739859,4.29590833071129));
#12402=CARTESIAN_POINT('Ctrl Pts',(27.7637246912951,54.4611685401896,4.45588566791106));
#12403=CARTESIAN_POINT('Ctrl Pts',(28.5014081598445,54.9270248526279,4.86529301698637));
#12404=CARTESIAN_POINT('Ctrl Pts',(28.9965434080649,55.1490393311903,5.1732536776886));
#12405=CARTESIAN_POINT('Ctrl Pts',(30.0083701394783,55.4353575407301,5.83092435611775));
#12406=CARTESIAN_POINT('Ctrl Pts',(30.5253734259037,55.4999999942912,6.18000682897705));
#12407=CARTESIAN_POINT('Ctrl Pts',(30.9999999371254,55.5,6.49999995760997));
#12408=CARTESIAN_POINT('',(28.5505102572168,50.5,6.5));
#12409=CARTESIAN_POINT('',(-20.,50.5,6.5));
#12410=CARTESIAN_POINT('',(31.,52.5,4.05051025721682));
#12411=CARTESIAN_POINT('Ctrl Pts',(31.,52.5,4.05051025721682));
#12412=CARTESIAN_POINT('Ctrl Pts',(30.659095346376,52.5,4.05051025721682));
#12413=CARTESIAN_POINT('Ctrl Pts',(30.2984873158702,52.4254620096913,4.0622209841933));
#12414=CARTESIAN_POINT('Ctrl Pts',(29.6534649649798,52.1358426874479,4.14923478757317));
#12415=CARTESIAN_POINT('Ctrl Pts',(29.3697418516068,51.9206139338169,4.22910952825009));
#12416=CARTESIAN_POINT('Ctrl Pts',(28.9759488031192,51.492240689101,4.49212451007642));
#12417=CARTESIAN_POINT('Ctrl Pts',(28.8223101567789,51.2439542058112,4.69786100515112));
#12418=CARTESIAN_POINT('Ctrl Pts',(28.6589105018445,50.8963374630348,5.12360282807625));
#12419=CARTESIAN_POINT('Ctrl Pts',(28.611973738588,50.7468976439849,5.37790909569008));
#12420=CARTESIAN_POINT('Ctrl Pts',(28.5588064456012,50.5487242030912,5.92832994292924));
#12421=CARTESIAN_POINT('Ctrl Pts',(28.5505102572168,50.5,6.22424642776621));
#12422=CARTESIAN_POINT('Ctrl Pts',(28.5505102572168,50.5,6.5));
#12423=CARTESIAN_POINT('',(35.0000000357232,52.5,4.05051025721682));
#12424=CARTESIAN_POINT('',(-20.,52.5,4.05051025721682));
#12425=CARTESIAN_POINT('',(37.4494897606448,50.5,6.5));
#12426=CARTESIAN_POINT('Ctrl Pts',(37.4494897606448,50.5,6.5));
#12427=CARTESIAN_POINT('Ctrl Pts',(37.4494897606448,50.5,6.22424642776621));
#12428=CARTESIAN_POINT('Ctrl Pts',(37.4411935722604,50.5487242030912,5.92832994292924));
#12429=CARTESIAN_POINT('Ctrl Pts',(37.3880262792735,50.7468976439849,5.37790909569008));
#12430=CARTESIAN_POINT('Ctrl Pts',(37.341089516017,50.8963374630348,5.12360282807625));
#12431=CARTESIAN_POINT('Ctrl Pts',(37.1776898610827,51.2439542058112,4.69786100515112));
#12432=CARTESIAN_POINT('Ctrl Pts',(37.0240512147424,51.492240689101,4.49212451007642));
#12433=CARTESIAN_POINT('Ctrl Pts',(36.6302581662548,51.9206139338169,4.22910952825009));
#12434=CARTESIAN_POINT('Ctrl Pts',(36.3465350528818,52.1358426874479,4.14923478757317));
#12435=CARTESIAN_POINT('Ctrl Pts',(35.7015127019914,52.4254620096913,4.0622209841933));
#12436=CARTESIAN_POINT('Ctrl Pts',(35.3409046893472,52.4999999975644,4.050510257714));
#12437=CARTESIAN_POINT('Ctrl Pts',(35.0000000357232,52.5,4.05051025721682));
#12438=CARTESIAN_POINT('',(40.4772255929137,50.5,6.5));
#12439=CARTESIAN_POINT('',(-20.,50.5,6.5));
#12440=CARTESIAN_POINT('',(35.0000000178616,55.5,6.49999986435189));
#12441=CARTESIAN_POINT('Ctrl Pts',(35.0000000807362,55.5,6.49999995760997));
#12442=CARTESIAN_POINT('Ctrl Pts',(35.474626591958,55.4999999942912,6.180006828977));
#12443=CARTESIAN_POINT('Ctrl Pts',(35.9916298783841,55.4353575407304,5.83092435611846));
#12444=CARTESIAN_POINT('Ctrl Pts',(37.0034566097974,55.1490393311904,5.17325367768873));
#12445=CARTESIAN_POINT('Ctrl Pts',(37.4985918580179,54.927024852628,4.86529301698642));
#12446=CARTESIAN_POINT('Ctrl Pts',(38.2362753265672,54.4611685401895,4.45588566791103));
#12447=CARTESIAN_POINT('Ctrl Pts',(38.5520324706482,54.2186918739859,4.29590833071127));
#12448=CARTESIAN_POINT('Ctrl Pts',(39.1321098644122,53.652391731437,4.06738527988698));
#12449=CARTESIAN_POINT('Ctrl Pts',(39.3963203176888,53.3279882578748,4.));
#12450=CARTESIAN_POINT('Ctrl Pts',(39.7950435896637,52.7153137691863,4.));
#12451=CARTESIAN_POINT('Ctrl Pts',(39.9646183419646,52.3908076710068,4.05227921948274));
#12452=CARTESIAN_POINT('Ctrl Pts',(40.2192020988994,51.7672930920651,4.29934394542674));
#12453=CARTESIAN_POINT('Ctrl Pts',(40.3056882788433,51.4693001663493,4.49516592771796));
#12454=CARTESIAN_POINT('Ctrl Pts',(40.4107554647641,51.0122602123628,4.95220588170453));
#12455=CARTESIAN_POINT('Ctrl Pts',(40.4401445180374,50.8194454348972,5.23250054772618));
#12456=CARTESIAN_POINT('Ctrl Pts',(40.4725979254471,50.5633246623595,5.84885721745964));
#12457=CARTESIAN_POINT('Ctrl Pts',(40.4772255929137,50.5,6.18482815527611));
#12458=CARTESIAN_POINT('Ctrl Pts',(40.4772255929137,50.5,6.5));
#12459=CARTESIAN_POINT('',(-20.,55.4999999999992,6.5));
#12460=CARTESIAN_POINT('Origin',(-20.,53.,11.5));
#12461=CARTESIAN_POINT('',(37.4494897606448,50.5,11.5));
#12462=CARTESIAN_POINT('',(-20.,50.5,11.5));
#12463=CARTESIAN_POINT('Ctrl Pts',(35.9797959159996,52.2999999995635,13.8999999998727));
#12464=CARTESIAN_POINT('Ctrl Pts',(35.9946110054154,52.2936887978926,13.8981592327174));
#12465=CARTESIAN_POINT('Ctrl Pts',(36.0093552032477,52.2872386807656,13.8962509248199));
#12466=CARTESIAN_POINT('Ctrl Pts',(36.3465350528818,52.1358426874479,13.8507652124268));
#12467=CARTESIAN_POINT('Ctrl Pts',(36.6302581662548,51.9206139338169,13.7708904717499));
#12468=CARTESIAN_POINT('Ctrl Pts',(37.0240512147424,51.492240689101,13.5078754899236));
#12469=CARTESIAN_POINT('Ctrl Pts',(37.1776898610827,51.2439542058111,13.3021389948489));
#12470=CARTESIAN_POINT('Ctrl Pts',(37.341089516017,50.8963374630348,12.8763971719238));
#12471=CARTESIAN_POINT('Ctrl Pts',(37.3880262792736,50.7468976439849,12.6220909043099));
#12472=CARTESIAN_POINT('Ctrl Pts',(37.4411935722604,50.5487242030911,12.0716700570708));
#12473=CARTESIAN_POINT('Ctrl Pts',(37.4494897606448,50.5,11.7757535722338));
#12474=CARTESIAN_POINT('Ctrl Pts',(37.4494897606448,50.5,11.5));
#12475=CARTESIAN_POINT('Origin',(-20.,53.,11.5));
#12476=CARTESIAN_POINT('',(-28.5505102572168,50.5,11.5));
#12477=CARTESIAN_POINT('',(-20.,50.5,11.5));
#12478=CARTESIAN_POINT('Ctrl Pts',(-30.0202041018651,52.2999999995648,13.8999999998731));
#12479=CARTESIAN_POINT('Ctrl Pts',(-30.0053890124482,52.2936887978935,13.8981592327177));
#12480=CARTESIAN_POINT('Ctrl Pts',(-29.9906448146149,52.287238680766,13.8962509248201));
#12481=CARTESIAN_POINT('Ctrl Pts',(-29.6534649649798,52.1358426874479,13.8507652124268));
#12482=CARTESIAN_POINT('Ctrl Pts',(-29.3697418516068,51.9206139338169,13.7708904717499));
#12483=CARTESIAN_POINT('Ctrl Pts',(-28.9759488031191,51.492240689101,13.5078754899236));
#12484=CARTESIAN_POINT('Ctrl Pts',(-28.8223101567789,51.2439542058111,13.3021389948489));
#12485=CARTESIAN_POINT('Ctrl Pts',(-28.6589105018445,50.8963374630348,12.8763971719238));
#12486=CARTESIAN_POINT('Ctrl Pts',(-28.611973738588,50.7468976439849,12.6220909043099));
#12487=CARTESIAN_POINT('Ctrl Pts',(-28.5588064456012,50.5487242030911,12.0716700570708));
#12488=CARTESIAN_POINT('Ctrl Pts',(-28.5505102572168,50.5,11.7757535722338));
#12489=CARTESIAN_POINT('Ctrl Pts',(-28.5505102572168,50.5,11.5));
#12490=CARTESIAN_POINT('Origin',(-20.,53.,6.5));
#12491=CARTESIAN_POINT('',(-31.,55.5,6.5));
#12492=CARTESIAN_POINT('',(-25.5227744249483,50.5,6.5));
#12493=CARTESIAN_POINT('Ctrl Pts',(-31.,55.5,6.5));
#12494=CARTESIAN_POINT('Ctrl Pts',(-30.525373488757,55.5,6.18000687139859));
#12495=CARTESIAN_POINT('Ctrl Pts',(-30.0083701394783,55.4353575407301,5.83092435611776));
#12496=CARTESIAN_POINT('Ctrl Pts',(-28.9965434080649,55.1490393311903,5.17325367768859));
#12497=CARTESIAN_POINT('Ctrl Pts',(-28.5014081598445,54.9270248526279,4.86529301698637));
#12498=CARTESIAN_POINT('Ctrl Pts',(-27.7637246912951,54.4611685401896,4.45588566791106));
#12499=CARTESIAN_POINT('Ctrl Pts',(-27.447967547214,54.2186918739859,4.2959083307113));
#12500=CARTESIAN_POINT('Ctrl Pts',(-26.8678901534499,53.652391731437,4.06738527988699));
#12501=CARTESIAN_POINT('Ctrl Pts',(-26.6036797001733,53.3279882578748,4.));
#12502=CARTESIAN_POINT('Ctrl Pts',(-26.2037348412294,52.7134366899582,4.));
#12503=CARTESIAN_POINT('Ctrl Pts',(-26.0333208329166,52.3867673398662,4.05298495343186));
#12504=CARTESIAN_POINT('Ctrl Pts',(-25.7781454889915,51.7597711551186,4.30323636434937));
#12505=CARTESIAN_POINT('Ctrl Pts',(-25.6918628257433,51.4604793457154,4.5015403226823));
#12506=CARTESIAN_POINT('Ctrl Pts',(-25.5881313340335,51.0056715574437,4.96112621721415));
#12507=CARTESIAN_POINT('Ctrl Pts',(-25.5592669774223,50.8152665175258,5.2402920398011));
#12508=CARTESIAN_POINT('Ctrl Pts',(-25.5273500878775,50.5624391551775,5.85329899257386));
#12509=CARTESIAN_POINT('Ctrl Pts',(-25.5227744249483,50.5,6.18705292749464));
#12510=CARTESIAN_POINT('Ctrl Pts',(-25.5227744249483,50.5,6.5));
#12511=CARTESIAN_POINT('',(-35.0000000178616,55.5,6.49999986435189));
#12512=CARTESIAN_POINT('',(-20.,55.4999999999999,6.5));
#12513=CARTESIAN_POINT('',(-40.4772255929133,50.5,6.5));
#12514=CARTESIAN_POINT('Ctrl Pts',(-40.4772255929133,50.5,6.5));
#12515=CARTESIAN_POINT('Ctrl Pts',(-40.4772255929133,50.5,6.18705292749464));
#12516=CARTESIAN_POINT('Ctrl Pts',(-40.4726499299841,50.5624391551775,5.85329899257386));
#12517=CARTESIAN_POINT('Ctrl Pts',(-40.4407330404393,50.8152665175258,5.2402920398011));
#12518=CARTESIAN_POINT('Ctrl Pts',(-40.4118686838281,51.0056715574437,4.96112621721415));
#12519=CARTESIAN_POINT('Ctrl Pts',(-40.3081371921183,51.4604793457154,4.5015403226823));
#12520=CARTESIAN_POINT('Ctrl Pts',(-40.2218545288702,51.7597711551186,4.30323636434937));
#12521=CARTESIAN_POINT('Ctrl Pts',(-39.966679184945,52.3867673398662,4.05298495343186));
#12522=CARTESIAN_POINT('Ctrl Pts',(-39.7962651766323,52.7134366899582,4.));
#12523=CARTESIAN_POINT('Ctrl Pts',(-39.3963203176883,53.3279882578748,4.));
#12524=CARTESIAN_POINT('Ctrl Pts',(-39.1321098644118,53.652391731437,4.06738527988698));
#12525=CARTESIAN_POINT('Ctrl Pts',(-38.5520324706477,54.2186918739859,4.29590833071129));
#12526=CARTESIAN_POINT('Ctrl Pts',(-38.2362753265666,54.4611685401896,4.45588566791106));
#12527=CARTESIAN_POINT('Ctrl Pts',(-37.4985918580172,54.927024852628,4.86529301698637));
#12528=CARTESIAN_POINT('Ctrl Pts',(-37.0034566097968,55.1490393311903,5.17325367768859));
#12529=CARTESIAN_POINT('Ctrl Pts',(-35.9916298783834,55.4353575407302,5.83092435611782));
#12530=CARTESIAN_POINT('Ctrl Pts',(-35.4746265919579,55.4999999942912,6.18000682897705));
#12531=CARTESIAN_POINT('Ctrl Pts',(-35.0000000807362,55.5,6.49999995760997));
#12532=CARTESIAN_POINT('',(-37.4494897606448,50.5,6.5));
#12533=CARTESIAN_POINT('',(-20.,50.5,6.5));
#12534=CARTESIAN_POINT('',(-35.,52.5,4.05051025721682));
#12535=CARTESIAN_POINT('Ctrl Pts',(-35.0000000178616,52.5,4.05051025721682));
#12536=CARTESIAN_POINT('Ctrl Pts',(-35.3409046714856,52.5,4.05051025721682));
#12537=CARTESIAN_POINT('Ctrl Pts',(-35.7015127019914,52.4254620096913,4.0622209841933));
#12538=CARTESIAN_POINT('Ctrl Pts',(-36.3465350528818,52.1358426874479,4.14923478757317));
#12539=CARTESIAN_POINT('Ctrl Pts',(-36.6302581662548,51.9206139338169,4.22910952825009));
#12540=CARTESIAN_POINT('Ctrl Pts',(-37.0240512147424,51.492240689101,4.49212451007642));
#12541=CARTESIAN_POINT('Ctrl Pts',(-37.1776898610827,51.2439542058112,4.69786100515112));
#12542=CARTESIAN_POINT('Ctrl Pts',(-37.341089516017,50.8963374630348,5.12360282807625));
#12543=CARTESIAN_POINT('Ctrl Pts',(-37.3880262792735,50.7468976439849,5.37790909569008));
#12544=CARTESIAN_POINT('Ctrl Pts',(-37.4411935722604,50.5487242030912,5.92832994292924));
#12545=CARTESIAN_POINT('Ctrl Pts',(-37.4494897606448,50.5,6.22424642776621));
#12546=CARTESIAN_POINT('Ctrl Pts',(-37.4494897606448,50.5,6.5));
#12547=CARTESIAN_POINT('',(-31.,52.5,4.05051025721682));
#12548=CARTESIAN_POINT('',(-20.,52.5,4.05051025721682));
#12549=CARTESIAN_POINT('',(-28.5505102572168,50.5,6.5));
#12550=CARTESIAN_POINT('Ctrl Pts',(-28.5505102572168,50.5,6.5));
#12551=CARTESIAN_POINT('Ctrl Pts',(-28.5505102572168,50.5,6.22424642776621));
#12552=CARTESIAN_POINT('Ctrl Pts',(-28.5588064456012,50.5487242030912,5.92832994292924));
#12553=CARTESIAN_POINT('Ctrl Pts',(-28.611973738588,50.7468976439849,5.37790909569008));
#12554=CARTESIAN_POINT('Ctrl Pts',(-28.6589105018445,50.8963374630348,5.12360282807625));
#12555=CARTESIAN_POINT('Ctrl Pts',(-28.8223101567789,51.2439542058112,4.69786100515112));
#12556=CARTESIAN_POINT('Ctrl Pts',(-28.9759488031192,51.492240689101,4.49212451007642));
#12557=CARTESIAN_POINT('Ctrl Pts',(-29.3697418516068,51.9206139338169,4.22910952825009));
#12558=CARTESIAN_POINT('Ctrl Pts',(-29.6534649649798,52.1358426874479,4.14923478757317));
#12559=CARTESIAN_POINT('Ctrl Pts',(-30.2984873158702,52.4254620096913,4.0622209841933));
#12560=CARTESIAN_POINT('Ctrl Pts',(-30.659095346376,52.5,4.05051025721682));
#12561=CARTESIAN_POINT('Ctrl Pts',(-31.,52.5,4.05051025721682));
#12562=CARTESIAN_POINT('',(-20.,50.5,6.5));
#12563=CARTESIAN_POINT('Origin',(-35.0000000178616,50.,2.));
#12564=CARTESIAN_POINT('',(-35.0000000178616,55.5000000000001,2.));
#12565=CARTESIAN_POINT('',(-40.4772255927244,50.500000002067,2.));
#12566=CARTESIAN_POINT('Origin',(-31.,55.5,2.));
#12567=CARTESIAN_POINT('',(-31.,55.5,2.));
#12568=CARTESIAN_POINT('Origin',(35.0000000178616,50.,2.));
#12569=CARTESIAN_POINT('',(40.4772255928558,50.5000000006334,2.));
#12570=CARTESIAN_POINT('',(35.0000000178616,55.5000000000001,2.));
#12571=CARTESIAN_POINT('Origin',(35.0000000178616,55.5000000000001,2.));
#12572=CARTESIAN_POINT('',(31.,55.5,2.));
#12573=CARTESIAN_POINT('Origin',(31.,50.,2.));
#12574=CARTESIAN_POINT('',(25.5227744249961,50.5000000005279,2.));
#12575=CARTESIAN_POINT('Origin',(25.5227744249961,50.5000000005279,2.));
#12576=CARTESIAN_POINT('',(25.5,50.5000000005279,2.));
#12577=CARTESIAN_POINT('',(28.5505102572168,50.5,2.));
#12578=CARTESIAN_POINT('Origin',(-31.,50.,2.));
#12579=CARTESIAN_POINT('',(-28.5505102572168,50.5,2.));
#12580=CARTESIAN_POINT('',(-31.,52.5,2.));
#12581=CARTESIAN_POINT('',(-31.,47.5,12.));
#12582=CARTESIAN_POINT('',(-31.,47.5,2.));
#12583=CARTESIAN_POINT('',(-31.,47.5,2.));
#12584=CARTESIAN_POINT('',(-31.,52.5,2.));
#12585=CARTESIAN_POINT('Origin',(-35.,52.5,2.));
#12586=CARTESIAN_POINT('',(-35.,52.5,2.));
#12587=CARTESIAN_POINT('Origin',(-35.,52.5,2.));
#12588=CARTESIAN_POINT('',(-35.,52.5,2.));
#12589=CARTESIAN_POINT('Origin',(31.,50.,2.));
#12590=CARTESIAN_POINT('',(31.,52.5,2.));
#12591=CARTESIAN_POINT('',(31.,47.5,12.));
#12592=CARTESIAN_POINT('',(31.,47.5,2.));
#12593=CARTESIAN_POINT('',(31.,47.5,2.));
#12594=CARTESIAN_POINT('',(31.,52.5,2.));
#12595=CARTESIAN_POINT('Origin',(31.,52.5,2.));
#12596=CARTESIAN_POINT('',(35.0000000357232,52.5,2.));
#12597=CARTESIAN_POINT('Origin',(31.,52.5,2.));
#12598=CARTESIAN_POINT('',(35.0000000357232,52.5,2.));
#12599=CARTESIAN_POINT('Origin',(-31.,9.50000000000588,4.));
#12600=CARTESIAN_POINT('',(-35.0000000571572,12.5,4.));
#12601=CARTESIAN_POINT('',(-31.,12.5,4.));
#12602=CARTESIAN_POINT('',(-31.,12.5,4.));
#12603=CARTESIAN_POINT('',(-35.0000000571572,9.50000000000588,4.));
#12604=CARTESIAN_POINT('',(-35.0000000571572,9.50000000000588,4.));
#12605=CARTESIAN_POINT('',(-31.,9.50000000000588,4.));
#12606=CARTESIAN_POINT('',(-33.0000000089308,9.50000000000002,4.));
#12607=CARTESIAN_POINT('',(-31.,9.50000000000588,4.));
#12608=CARTESIAN_POINT('Origin',(-33.0000000285786,14.5000000000059,6.5));
#12609=CARTESIAN_POINT('',(-28.5505102572156,14.5000000000059,6.00000000000599));
#12610=CARTESIAN_POINT('',(-28.5505102572156,14.5000000000059,6.99999999999401));
#12611=CARTESIAN_POINT('',(-28.5505102572156,14.5000000000059,2.));
#12612=CARTESIAN_POINT('Origin',(-31.,14.5000000000059,6.5));
#12613=CARTESIAN_POINT('Origin',(-31.,9.50000000000588,6.5));
#12614=CARTESIAN_POINT('',(-31.,9.50000000000588,9.));
#12615=CARTESIAN_POINT('Ctrl Pts',(-31.,9.50000000000002,9.));
#12616=CARTESIAN_POINT('Ctrl Pts',(-30.6812079868548,9.50000000000002,9.));
#12617=CARTESIAN_POINT('Ctrl Pts',(-30.3442273238325,9.5303177240031,8.9353441885678));
#12618=CARTESIAN_POINT('Ctrl Pts',(-29.7294972740417,9.63965627994481,8.67870642614861));
#12619=CARTESIAN_POINT('Ctrl Pts',(-29.4514282050466,9.71743365150768,8.48696211097929));
#12620=CARTESIAN_POINT('Ctrl Pts',(-29.0126484148077,9.86636521665426,8.04818232074046));
#12621=CARTESIAN_POINT('Ctrl Pts',(-28.8211947227827,9.94799521078617,7.77025265418485));
#12622=CARTESIAN_POINT('Ctrl Pts',(-28.5647856965372,10.0664740917927,7.15609708278168));
#12623=CARTESIAN_POINT('Ctrl Pts',(-28.5,10.1010205144336,6.81935845480184));
#12624=CARTESIAN_POINT('Ctrl Pts',(-28.5,10.1010205144336,6.18064154519816));
#12625=CARTESIAN_POINT('Ctrl Pts',(-28.5647856965372,10.0664740917927,5.84390291721832));
#12626=CARTESIAN_POINT('Ctrl Pts',(-28.8211947227827,9.94799521078617,5.22974734581515));
#12627=CARTESIAN_POINT('Ctrl Pts',(-29.0126484148077,9.86636521665426,4.95181767925954));
#12628=CARTESIAN_POINT('Ctrl Pts',(-29.4514282050466,9.71743365150769,4.51303788902071));
#12629=CARTESIAN_POINT('Ctrl Pts',(-29.7294972740417,9.63965627994481,4.32129357385139));
#12630=CARTESIAN_POINT('Ctrl Pts',(-30.3442273238325,9.5303177240031,4.0646558114322));
#12631=CARTESIAN_POINT('Ctrl Pts',(-30.6812079868548,9.50000000000002,4.));
#12632=CARTESIAN_POINT('Ctrl Pts',(-31.,9.50000000000002,4.));
#12633=CARTESIAN_POINT('',(-31.,12.5,9.));
#12634=CARTESIAN_POINT('',(-31.,9.50000000000588,9.));
#12635=CARTESIAN_POINT('Origin',(-31.,15.,6.5));
#12636=CARTESIAN_POINT('Origin',(-31.,15.,6.5));
#12637=CARTESIAN_POINT('Origin',(-35.0000000571572,9.50000000000588,9.));
#12638=CARTESIAN_POINT('',(-35.0000000571572,12.5,9.));
#12639=CARTESIAN_POINT('',(-33.0000000285786,12.5,9.));
#12640=CARTESIAN_POINT('',(-35.0000000571572,9.50000000000588,9.));
#12641=CARTESIAN_POINT('',(-35.0000000375094,9.50000000000002,9.));
#12642=CARTESIAN_POINT('',(-35.0000000571572,9.50000000000588,9.));
#12643=CARTESIAN_POINT('Origin',(-35.0000000571572,9.50000000000588,6.5));
#12644=CARTESIAN_POINT('Ctrl Pts',(-35.0000000571572,9.50000000000003,4.));
#12645=CARTESIAN_POINT('Ctrl Pts',(-35.3187920707347,9.50000000227768,4.));
#12646=CARTESIAN_POINT('Ctrl Pts',(-35.6557727339606,9.53031772876404,4.06465581158973));
#12647=CARTESIAN_POINT('Ctrl Pts',(-36.2705027838594,9.63965628940785,4.32129357426987));
#12648=CARTESIAN_POINT('Ctrl Pts',(-36.5485718527704,9.71743366319748,4.51303788953473));
#12649=CARTESIAN_POINT('Ctrl Pts',(-36.987351642631,9.8663652319629,4.9518176796871));
#12650=CARTESIAN_POINT('Ctrl Pts',(-37.1788053344805,9.94799522776689,5.2297473460364));
#12651=CARTESIAN_POINT('Ctrl Pts',(-37.4352143605868,10.0664741111603,5.84390291717137));
#12652=CARTESIAN_POINT('Ctrl Pts',(-37.5000000571572,10.1010205344866,6.18064154510536));
#12653=CARTESIAN_POINT('Ctrl Pts',(-37.5000000571572,10.1010205344866,6.5));
#12654=CARTESIAN_POINT('Ctrl Pts',(-37.5000000571572,10.1010205344866,6.81935845489464));
#12655=CARTESIAN_POINT('Ctrl Pts',(-37.4352143605868,10.0664741111603,7.15609708282863));
#12656=CARTESIAN_POINT('Ctrl Pts',(-37.1788053344805,9.94799522776689,7.77025265396359));
#12657=CARTESIAN_POINT('Ctrl Pts',(-36.987351642631,9.8663652319629,8.0481823203129));
#12658=CARTESIAN_POINT('Ctrl Pts',(-36.5485718527704,9.71743366319748,8.48696211046527));
#12659=CARTESIAN_POINT('Ctrl Pts',(-36.2705027838594,9.63965628940785,8.67870642573012));
#12660=CARTESIAN_POINT('Ctrl Pts',(-35.6557727339606,9.53031772876404,8.93534418841027));
#12661=CARTESIAN_POINT('Ctrl Pts',(-35.3187920707347,9.50000000227769,8.99999999999999));
#12662=CARTESIAN_POINT('Ctrl Pts',(-35.0000000571572,9.50000000000003,8.99999999999999));
#12663=CARTESIAN_POINT('',(-37.449489760646,14.5000000000059,5.9999998074977));
#12664=CARTESIAN_POINT('Origin',(-35.0000000571572,15.,6.5));
#12665=CARTESIAN_POINT('',(-37.449489760646,14.5000000000059,7.0000001925023));
#12666=CARTESIAN_POINT('Origin',(-35.0000000571572,14.5000000000059,6.5));
#12667=CARTESIAN_POINT('Origin',(-35.0000000571572,15.,6.5));
#12668=CARTESIAN_POINT('Origin',(-33.0000000285786,14.5000000000059,6.5));
#12669=CARTESIAN_POINT('',(-37.449489760646,14.5000000000059,2.));
#12670=CARTESIAN_POINT('Origin',(-31.,15.,2.));
#12671=CARTESIAN_POINT('',(-31.,9.50000000000002,2.));
#12672=CARTESIAN_POINT('',(-25.522774424873,14.5000000008248,2.));
#12673=CARTESIAN_POINT('',(-31.,9.50000000000002,2.));
#12674=CARTESIAN_POINT('Origin',(-35.0000000178616,9.50000000000002,2.));
#12675=CARTESIAN_POINT('',(-35.0000000178616,9.50000000000002,2.));
#12676=CARTESIAN_POINT('Origin',(-35.0000000178616,9.50000000000002,2.));
#12677=CARTESIAN_POINT('',(-35.0000000178616,9.50000000000002,2.));
#12678=CARTESIAN_POINT('Origin',(-31.,15.,2.));
#12679=CARTESIAN_POINT('',(-31.,12.5,2.));
#12680=CARTESIAN_POINT('',(-31.,17.5,12.));
#12681=CARTESIAN_POINT('',(-31.,17.5,2.));
#12682=CARTESIAN_POINT('',(-31.,17.5,2.));
#12683=CARTESIAN_POINT('',(-31.,12.5,2.));
#12684=CARTESIAN_POINT('Origin',(-31.,12.5,2.));
#12685=CARTESIAN_POINT('',(-35.0000000357232,12.5,2.));
#12686=CARTESIAN_POINT('Origin',(-31.,12.5,2.));
#12687=CARTESIAN_POINT('',(-35.0000000357232,12.5,2.));
#12688=CARTESIAN_POINT('Origin',(-35.0000000571572,-9.50000000000588,6.5));
#12689=CARTESIAN_POINT('',(-35.0000000571572,-9.50000000000588,9.));
#12690=CARTESIAN_POINT('',(-35.0000000571572,-9.50000000000588,4.));
#12691=CARTESIAN_POINT('Ctrl Pts',(-35.0000000571572,-9.50000000000587,
8.99999999999999));
#12692=CARTESIAN_POINT('Ctrl Pts',(-35.3187920707347,-9.50000000228353,
8.99999999999999));
#12693=CARTESIAN_POINT('Ctrl Pts',(-35.6557727339606,-9.53031772876989,
8.93534418841027));
#12694=CARTESIAN_POINT('Ctrl Pts',(-36.2705027838594,-9.6396562894137,8.67870642573012));
#12695=CARTESIAN_POINT('Ctrl Pts',(-36.5485718527704,-9.71743366320332,
8.48696211046527));
#12696=CARTESIAN_POINT('Ctrl Pts',(-36.987351642631,-9.86636523196874,8.04818232031289));
#12697=CARTESIAN_POINT('Ctrl Pts',(-37.1788053344805,-9.94799522777273,
7.77025265396359));
#12698=CARTESIAN_POINT('Ctrl Pts',(-37.4352143605868,-10.0664741111662,
7.15609708282863));
#12699=CARTESIAN_POINT('Ctrl Pts',(-37.5000000571572,-10.1010205344924,
6.81935845489464));
#12700=CARTESIAN_POINT('Ctrl Pts',(-37.5000000571572,-10.1010205344924,
6.5));
#12701=CARTESIAN_POINT('Ctrl Pts',(-37.5000000571572,-10.1010205344924,
6.18064154510536));
#12702=CARTESIAN_POINT('Ctrl Pts',(-37.4352143605868,-10.0664741111662,
5.84390291717137));
#12703=CARTESIAN_POINT('Ctrl Pts',(-37.1788053344805,-9.94799522777273,
5.2297473460364));
#12704=CARTESIAN_POINT('Ctrl Pts',(-36.987351642631,-9.86636523196874,4.9518176796871));
#12705=CARTESIAN_POINT('Ctrl Pts',(-36.5485718527704,-9.71743366320332,
4.51303788953473));
#12706=CARTESIAN_POINT('Ctrl Pts',(-36.2705027838594,-9.63965628941369,
4.32129357426987));
#12707=CARTESIAN_POINT('Ctrl Pts',(-35.6557727339606,-9.53031772876989,
4.06465581158972));
#12708=CARTESIAN_POINT('Ctrl Pts',(-35.3187920707347,-9.50000000228353,
4.));
#12709=CARTESIAN_POINT('Ctrl Pts',(-35.0000000571572,-9.50000000000587,
4.));
#12710=CARTESIAN_POINT('',(-35.0000000571572,-12.5000000000059,9.));
#12711=CARTESIAN_POINT('',(-35.0000000571572,-9.50000000000588,9.));
#12712=CARTESIAN_POINT('',(-37.4494897606448,-14.5000000000059,7.00000019250807));
#12713=CARTESIAN_POINT('Origin',(-35.0000000571572,-15.0000000000059,6.5));
#12714=CARTESIAN_POINT('',(-37.4494897606448,-14.5000000000059,5.99999980749193));
#12715=CARTESIAN_POINT('Origin',(-35.0000000571572,-14.5000000000059,6.5));
#12716=CARTESIAN_POINT('',(-35.0000000571572,-12.5000000000059,4.));
#12717=CARTESIAN_POINT('Origin',(-35.0000000571572,-15.0000000000059,6.5));
#12718=CARTESIAN_POINT('',(-35.0000000571572,-9.50000000000588,4.));
#12719=CARTESIAN_POINT('Origin',(-33.0000000285786,-14.5000000000059,6.5));
#12720=CARTESIAN_POINT('',(-28.5505102572168,-14.5000000000059,7.00000000000002));
#12721=CARTESIAN_POINT('',(-28.5505102572168,-14.5000000000059,5.99999999999998));
#12722=CARTESIAN_POINT('',(-28.5505102572168,-14.5000000000059,2.));
#12723=CARTESIAN_POINT('Origin',(-31.,-14.5000000000059,6.5));
#12724=CARTESIAN_POINT('Origin',(-33.0000000285786,-14.5000000000059,6.5));
#12725=CARTESIAN_POINT('',(-37.4494897606448,-14.5000000000059,2.));
#12726=CARTESIAN_POINT('Origin',(-35.0000000571572,-9.50000000000588,9.));
#12727=CARTESIAN_POINT('',(-31.,-12.5000000000059,9.));
#12728=CARTESIAN_POINT('',(-35.0000000285786,-12.5000000000059,9.));
#12729=CARTESIAN_POINT('',(-31.,-9.50000000000588,9.));
#12730=CARTESIAN_POINT('',(-33.0000000285786,-9.50000000000588,9.));
#12731=CARTESIAN_POINT('',(-31.,-9.50000000000588,9.));
#12732=CARTESIAN_POINT('Origin',(-31.,-9.50000000000588,4.));
#12733=CARTESIAN_POINT('',(-31.,-12.5000000000059,4.));
#12734=CARTESIAN_POINT('',(-33.,-12.5000000000059,4.));
#12735=CARTESIAN_POINT('',(-31.,-9.50000000000588,4.));
#12736=CARTESIAN_POINT('',(-31.,-9.50000000000588,4.));
#12737=CARTESIAN_POINT('',(-31.,-9.50000000000588,4.));
#12738=CARTESIAN_POINT('Origin',(-31.,-9.50000000000588,6.5));
#12739=CARTESIAN_POINT('Ctrl Pts',(-31.,-9.5000000000059,4.));
#12740=CARTESIAN_POINT('Ctrl Pts',(-30.6812079868548,-9.5000000000059,4.));
#12741=CARTESIAN_POINT('Ctrl Pts',(-30.3442273238325,-9.53031772400898,
4.0646558114322));
#12742=CARTESIAN_POINT('Ctrl Pts',(-29.7294972740417,-9.6396562799507,4.32129357385139));
#12743=CARTESIAN_POINT('Ctrl Pts',(-29.4514282050466,-9.71743365151358,
4.51303788902071));
#12744=CARTESIAN_POINT('Ctrl Pts',(-29.0126484148077,-9.86636521666015,
4.95181767925954));
#12745=CARTESIAN_POINT('Ctrl Pts',(-28.8211947227827,-9.94799521079207,
5.22974734581515));
#12746=CARTESIAN_POINT('Ctrl Pts',(-28.5647856965372,-10.0664740917986,
5.84390291721832));
#12747=CARTESIAN_POINT('Ctrl Pts',(-28.5,-10.1010205144395,6.18064154519816));
#12748=CARTESIAN_POINT('Ctrl Pts',(-28.5,-10.1010205144395,6.81935845480184));
#12749=CARTESIAN_POINT('Ctrl Pts',(-28.5647856965372,-10.0664740917986,
7.15609708278168));
#12750=CARTESIAN_POINT('Ctrl Pts',(-28.8211947227827,-9.94799521079207,
7.77025265418485));
#12751=CARTESIAN_POINT('Ctrl Pts',(-29.0126484148077,-9.86636521666015,
8.04818232074046));
#12752=CARTESIAN_POINT('Ctrl Pts',(-29.4514282050466,-9.71743365151358,
8.48696211097929));
#12753=CARTESIAN_POINT('Ctrl Pts',(-29.7294972740416,-9.6396562799507,8.6787064261486));
#12754=CARTESIAN_POINT('Ctrl Pts',(-30.3442273238325,-9.53031772400898,
8.9353441885678));
#12755=CARTESIAN_POINT('Ctrl Pts',(-30.6812079868548,-9.5000000000059,9.));
#12756=CARTESIAN_POINT('Ctrl Pts',(-31.,-9.5000000000059,9.));
#12757=CARTESIAN_POINT('Origin',(-31.,-15.0000000000059,6.5));
#12758=CARTESIAN_POINT('Origin',(-31.,-15.0000000000059,6.5));
#12759=CARTESIAN_POINT('Origin',(-35.0000000178616,-15.0000000000059,2.));
#12760=CARTESIAN_POINT('',(-35.0000000178616,-9.50000000000587,2.));
#12761=CARTESIAN_POINT('',(-40.4772255930089,-14.5000000010534,2.));
#12762=CARTESIAN_POINT('',(-35.0000000178616,-9.50000000000587,2.));
#12763=CARTESIAN_POINT('Origin',(-31.,-9.50000000000588,2.));
#12764=CARTESIAN_POINT('',(-31.,-9.50000000000588,2.));
#12765=CARTESIAN_POINT('Origin',(-31.,-9.50000000000588,2.));
#12766=CARTESIAN_POINT('',(-31.,-9.50000000000588,2.));
#12767=CARTESIAN_POINT('Origin',(-35.0000000178616,-15.0000000000059,2.));
#12768=CARTESIAN_POINT('',(-35.,-12.5000000000059,2.));
#12769=CARTESIAN_POINT('',(-35.0000000178616,-17.5000000000059,12.));
#12770=CARTESIAN_POINT('',(-35.,-17.5000000000059,2.));
#12771=CARTESIAN_POINT('',(-35.,-17.5000000000059,2.));
#12772=CARTESIAN_POINT('',(-35.,-12.5000000000059,2.));
#12773=CARTESIAN_POINT('Origin',(-35.,-12.5000000000059,2.));
#12774=CARTESIAN_POINT('',(-31.,-12.5000000000059,2.));
#12775=CARTESIAN_POINT('Origin',(35.0000000571572,9.50000000000588,6.5));
#12776=CARTESIAN_POINT('',(35.0000000571572,9.50000000000588,9.));
#12777=CARTESIAN_POINT('',(35.0000000571572,9.50000000000588,4.));
#12778=CARTESIAN_POINT('Ctrl Pts',(35.0000000571572,9.50000000000005,8.99999999999999));
#12779=CARTESIAN_POINT('Ctrl Pts',(35.3187920707347,9.50000000227771,8.99999999999999));
#12780=CARTESIAN_POINT('Ctrl Pts',(35.6557727339606,9.53031772876406,8.93534418841027));
#12781=CARTESIAN_POINT('Ctrl Pts',(36.2705027838594,9.63965628940787,8.67870642573012));
#12782=CARTESIAN_POINT('Ctrl Pts',(36.5485718527704,9.71743366319751,8.48696211046527));
#12783=CARTESIAN_POINT('Ctrl Pts',(36.987351642631,9.86636523196292,8.0481823203129));
#12784=CARTESIAN_POINT('Ctrl Pts',(37.1788053344805,9.94799522776691,7.7702526539636));
#12785=CARTESIAN_POINT('Ctrl Pts',(37.4352143605868,10.0664741111603,7.15609708282863));
#12786=CARTESIAN_POINT('Ctrl Pts',(37.5000000571572,10.1010205344866,6.81935845489464));
#12787=CARTESIAN_POINT('Ctrl Pts',(37.5000000571572,10.1010205344866,6.5));
#12788=CARTESIAN_POINT('Ctrl Pts',(37.5000000571572,10.1010205344866,6.18064154510536));
#12789=CARTESIAN_POINT('Ctrl Pts',(37.4352143605868,10.0664741111603,5.84390291717137));
#12790=CARTESIAN_POINT('Ctrl Pts',(37.1788053344805,9.94799522776691,5.2297473460364));
#12791=CARTESIAN_POINT('Ctrl Pts',(36.987351642631,9.86636523196292,4.9518176796871));
#12792=CARTESIAN_POINT('Ctrl Pts',(36.5485718527704,9.7174336631975,4.51303788953473));
#12793=CARTESIAN_POINT('Ctrl Pts',(36.2705027838594,9.63965628940787,4.32129357426987));
#12794=CARTESIAN_POINT('Ctrl Pts',(35.6557727339606,9.53031772876406,4.06465581158972));
#12795=CARTESIAN_POINT('Ctrl Pts',(35.3187920707347,9.50000000227771,4.));
#12796=CARTESIAN_POINT('Ctrl Pts',(35.0000000571572,9.50000000000005,4.));
#12797=CARTESIAN_POINT('',(35.0000000571572,12.5,9.));
#12798=CARTESIAN_POINT('',(35.0000000571572,9.50000000000588,9.));
#12799=CARTESIAN_POINT('',(37.449489760646,14.5000000000059,7.0000001925023));
#12800=CARTESIAN_POINT('Origin',(35.0000000571572,15.,6.5));
#12801=CARTESIAN_POINT('',(37.449489760646,14.5000000000059,5.9999998074977));
#12802=CARTESIAN_POINT('Origin',(35.0000000571572,14.5000000000059,6.5));
#12803=CARTESIAN_POINT('',(35.0000000571572,12.5,4.));
#12804=CARTESIAN_POINT('Origin',(35.0000000571572,15.,6.5));
#12805=CARTESIAN_POINT('',(35.0000000571572,9.50000000000588,4.));
#12806=CARTESIAN_POINT('Origin',(33.0000000285786,14.5000000000059,6.5));
#12807=CARTESIAN_POINT('',(28.5505102572156,14.5000000000059,6.99999999999401));
#12808=CARTESIAN_POINT('',(28.5505102572156,14.5000000000059,6.00000000000599));
#12809=CARTESIAN_POINT('',(28.5505102572156,14.5000000000059,2.));
#12810=CARTESIAN_POINT('Origin',(31.,14.5000000000059,6.5));
#12811=CARTESIAN_POINT('Origin',(33.0000000285786,14.5000000000059,6.5));
#12812=CARTESIAN_POINT('',(37.449489760646,14.5000000000059,2.));
#12813=CARTESIAN_POINT('Origin',(35.0000000571572,9.50000000000588,9.));
#12814=CARTESIAN_POINT('',(31.,12.5,9.));
#12815=CARTESIAN_POINT('',(35.0000000285786,12.5,9.));
#12816=CARTESIAN_POINT('',(31.,9.50000000000588,9.));
#12817=CARTESIAN_POINT('',(33.0000000285786,9.50000000000003,9.));
#12818=CARTESIAN_POINT('',(31.,9.50000000000588,9.));
#12819=CARTESIAN_POINT('Origin',(31.,9.50000000000588,4.));
#12820=CARTESIAN_POINT('',(31.,12.5,4.));
#12821=CARTESIAN_POINT('',(33.,12.5,4.));
#12822=CARTESIAN_POINT('',(31.,9.50000000000588,4.));
#12823=CARTESIAN_POINT('',(31.,9.50000000000588,4.));
#12824=CARTESIAN_POINT('',(31.,9.50000000000002,4.));
#12825=CARTESIAN_POINT('Origin',(31.,9.50000000000588,6.5));
#12826=CARTESIAN_POINT('Ctrl Pts',(31.,9.50000000000018,4.));
#12827=CARTESIAN_POINT('Ctrl Pts',(30.6812079868548,9.50000000000018,4.));
#12828=CARTESIAN_POINT('Ctrl Pts',(30.3442273238325,9.53031772400326,4.0646558114322));
#12829=CARTESIAN_POINT('Ctrl Pts',(29.7294972740417,9.63965627994498,4.3212935738514));
#12830=CARTESIAN_POINT('Ctrl Pts',(29.4514282050466,9.71743365150786,4.51303788902071));
#12831=CARTESIAN_POINT('Ctrl Pts',(29.0126484148077,9.86636521665443,4.95181767925954));
#12832=CARTESIAN_POINT('Ctrl Pts',(28.8211947227827,9.94799521078635,5.22974734581515));
#12833=CARTESIAN_POINT('Ctrl Pts',(28.5647856965372,10.0664740917929,5.84390291721832));
#12834=CARTESIAN_POINT('Ctrl Pts',(28.5,10.1010205144338,6.18064154519816));
#12835=CARTESIAN_POINT('Ctrl Pts',(28.5,10.1010205144338,6.81935845480184));
#12836=CARTESIAN_POINT('Ctrl Pts',(28.5647856965372,10.0664740917929,7.15609708278168));
#12837=CARTESIAN_POINT('Ctrl Pts',(28.8211947227827,9.94799521078635,7.77025265418485));
#12838=CARTESIAN_POINT('Ctrl Pts',(29.0126484148077,9.86636521665443,8.04818232074046));
#12839=CARTESIAN_POINT('Ctrl Pts',(29.4514282050466,9.71743365150785,8.48696211097929));
#12840=CARTESIAN_POINT('Ctrl Pts',(29.7294972740416,9.63965627994498,8.6787064261486));
#12841=CARTESIAN_POINT('Ctrl Pts',(30.3442273238325,9.53031772400326,8.9353441885678));
#12842=CARTESIAN_POINT('Ctrl Pts',(30.6812079868548,9.50000000000018,9.));
#12843=CARTESIAN_POINT('Ctrl Pts',(31.,9.50000000000018,9.));
#12844=CARTESIAN_POINT('Origin',(31.,15.,6.5));
#12845=CARTESIAN_POINT('Origin',(31.,15.,6.5));
#12846=CARTESIAN_POINT('Origin',(35.0000000178616,15.,2.));
#12847=CARTESIAN_POINT('',(35.0000000178616,9.50000000000005,2.));
#12848=CARTESIAN_POINT('',(40.4772255929375,14.5000000002672,2.));
#12849=CARTESIAN_POINT('',(35.0000000178616,9.50000000000005,2.));
#12850=CARTESIAN_POINT('Origin',(31.,9.50000000000002,2.));
#12851=CARTESIAN_POINT('',(31.,9.50000000000002,2.));
#12852=CARTESIAN_POINT('Origin',(31.,9.50000000000002,2.));
#12853=CARTESIAN_POINT('',(31.,9.50000000000002,2.));
#12854=CARTESIAN_POINT('Origin',(35.0000000178616,15.,2.));
#12855=CARTESIAN_POINT('',(35.,12.5,2.));
#12856=CARTESIAN_POINT('',(35.0000000178616,17.5,12.));
#12857=CARTESIAN_POINT('',(35.,17.5,2.));
#12858=CARTESIAN_POINT('',(35.,17.5,2.));
#12859=CARTESIAN_POINT('',(35.,12.5,2.));
#12860=CARTESIAN_POINT('Origin',(35.,12.5,2.));
#12861=CARTESIAN_POINT('',(31.,12.5,2.));
#12862=CARTESIAN_POINT('Origin',(31.,-9.50000000000588,4.));
#12863=CARTESIAN_POINT('',(35.0000000571572,-12.5000000000059,4.));
#12864=CARTESIAN_POINT('',(31.,-12.5000000000059,4.));
#12865=CARTESIAN_POINT('',(31.,-12.5000000000059,4.));
#12866=CARTESIAN_POINT('',(35.0000000571572,-9.50000000000588,4.));
#12867=CARTESIAN_POINT('',(35.0000000571572,-9.50000000000588,4.));
#12868=CARTESIAN_POINT('',(31.,-9.50000000000588,4.));
#12869=CARTESIAN_POINT('',(33.0000000089308,-9.50000000000588,4.));
#12870=CARTESIAN_POINT('',(31.,-9.50000000000588,4.));
#12871=CARTESIAN_POINT('Origin',(33.0000000285786,-14.5000000000059,6.5));
#12872=CARTESIAN_POINT('',(28.5505102572168,-14.5000000000059,5.99999999999998));
#12873=CARTESIAN_POINT('',(28.5505102572168,-14.5000000000059,7.00000000000002));
#12874=CARTESIAN_POINT('',(28.5505102572168,-14.5000000000059,2.));
#12875=CARTESIAN_POINT('Origin',(31.,-14.5000000000059,6.5));
#12876=CARTESIAN_POINT('Origin',(31.,-9.50000000000588,6.5));
#12877=CARTESIAN_POINT('',(31.,-9.50000000000588,9.));
#12878=CARTESIAN_POINT('Ctrl Pts',(31.,-9.50000000000588,9.));
#12879=CARTESIAN_POINT('Ctrl Pts',(30.6812079868548,-9.50000000000588,9.));
#12880=CARTESIAN_POINT('Ctrl Pts',(30.3442273238325,-9.53031772400896,8.9353441885678));
#12881=CARTESIAN_POINT('Ctrl Pts',(29.7294972740417,-9.63965627995068,8.6787064261486));
#12882=CARTESIAN_POINT('Ctrl Pts',(29.4514282050466,-9.71743365151356,8.48696211097929));
#12883=CARTESIAN_POINT('Ctrl Pts',(29.0126484148077,-9.86636521666013,8.04818232074046));
#12884=CARTESIAN_POINT('Ctrl Pts',(28.8211947227827,-9.94799521079205,7.77025265418485));
#12885=CARTESIAN_POINT('Ctrl Pts',(28.5647856965372,-10.0664740917986,7.15609708278168));
#12886=CARTESIAN_POINT('Ctrl Pts',(28.5,-10.1010205144395,6.81935845480184));
#12887=CARTESIAN_POINT('Ctrl Pts',(28.5,-10.1010205144395,6.18064154519816));
#12888=CARTESIAN_POINT('Ctrl Pts',(28.5647856965372,-10.0664740917986,5.84390291721832));
#12889=CARTESIAN_POINT('Ctrl Pts',(28.8211947227827,-9.94799521079205,5.22974734581515));
#12890=CARTESIAN_POINT('Ctrl Pts',(29.0126484148077,-9.86636521666013,4.95181767925954));
#12891=CARTESIAN_POINT('Ctrl Pts',(29.4514282050466,-9.71743365151356,4.51303788902071));
#12892=CARTESIAN_POINT('Ctrl Pts',(29.7294972740416,-9.63965627995068,4.3212935738514));
#12893=CARTESIAN_POINT('Ctrl Pts',(30.3442273238325,-9.53031772400896,4.0646558114322));
#12894=CARTESIAN_POINT('Ctrl Pts',(30.6812079868548,-9.50000000000588,4.));
#12895=CARTESIAN_POINT('Ctrl Pts',(31.,-9.50000000000588,4.));
#12896=CARTESIAN_POINT('',(31.,-12.5000000000059,9.));
#12897=CARTESIAN_POINT('',(31.,-9.50000000000588,9.));
#12898=CARTESIAN_POINT('Origin',(31.,-15.0000000000059,6.5));
#12899=CARTESIAN_POINT('Origin',(31.,-15.0000000000059,6.5));
#12900=CARTESIAN_POINT('Origin',(35.0000000571572,-9.50000000000588,9.));
#12901=CARTESIAN_POINT('',(35.0000000571572,-12.5000000000059,9.));
#12902=CARTESIAN_POINT('',(33.0000000285786,-12.5000000000059,9.));
#12903=CARTESIAN_POINT('',(35.0000000571572,-9.50000000000588,9.));
#12904=CARTESIAN_POINT('',(35.0000000375094,-9.50000000000587,9.));
#12905=CARTESIAN_POINT('',(35.0000000571572,-9.50000000000588,9.));
#12906=CARTESIAN_POINT('Origin',(35.0000000571572,-9.50000000000588,6.5));
#12907=CARTESIAN_POINT('Ctrl Pts',(35.0000000571572,-9.50000000000587,4.));
#12908=CARTESIAN_POINT('Ctrl Pts',(35.3187920707347,-9.50000000228353,4.));
#12909=CARTESIAN_POINT('Ctrl Pts',(35.6557727339606,-9.53031772876989,4.06465581158972));
#12910=CARTESIAN_POINT('Ctrl Pts',(36.2705027838594,-9.63965628941369,4.32129357426988));
#12911=CARTESIAN_POINT('Ctrl Pts',(36.5485718527704,-9.71743366320332,4.51303788953473));
#12912=CARTESIAN_POINT('Ctrl Pts',(36.987351642631,-9.86636523196874,4.9518176796871));
#12913=CARTESIAN_POINT('Ctrl Pts',(37.1788053344805,-9.94799522777273,5.22974734603641));
#12914=CARTESIAN_POINT('Ctrl Pts',(37.4352143605868,-10.0664741111662,5.84390291717137));
#12915=CARTESIAN_POINT('Ctrl Pts',(37.5000000571572,-10.1010205344924,6.18064154510536));
#12916=CARTESIAN_POINT('Ctrl Pts',(37.5000000571572,-10.1010205344924,6.5));
#12917=CARTESIAN_POINT('Ctrl Pts',(37.5000000571572,-10.1010205344924,6.81935845489464));
#12918=CARTESIAN_POINT('Ctrl Pts',(37.4352143605868,-10.0664741111662,7.15609708282863));
#12919=CARTESIAN_POINT('Ctrl Pts',(37.1788053344805,-9.94799522777273,7.77025265396359));
#12920=CARTESIAN_POINT('Ctrl Pts',(36.987351642631,-9.86636523196874,8.0481823203129));
#12921=CARTESIAN_POINT('Ctrl Pts',(36.5485718527704,-9.71743366320332,8.48696211046527));
#12922=CARTESIAN_POINT('Ctrl Pts',(36.2705027838594,-9.6396562894137,8.67870642573012));
#12923=CARTESIAN_POINT('Ctrl Pts',(35.6557727339606,-9.53031772876989,8.93534418841027));
#12924=CARTESIAN_POINT('Ctrl Pts',(35.3187920707347,-9.50000000228353,9.));
#12925=CARTESIAN_POINT('Ctrl Pts',(35.0000000571572,-9.50000000000587,8.99999999999999));
#12926=CARTESIAN_POINT('',(37.4494897606448,-14.5000000000059,5.99999980749193));
#12927=CARTESIAN_POINT('Origin',(35.0000000571572,-15.0000000000059,6.5));
#12928=CARTESIAN_POINT('',(37.4494897606448,-14.5000000000059,7.00000019250807));
#12929=CARTESIAN_POINT('Origin',(35.0000000571572,-14.5000000000059,6.5));
#12930=CARTESIAN_POINT('Origin',(35.0000000571572,-15.0000000000059,6.5));
#12931=CARTESIAN_POINT('Origin',(33.0000000285786,-14.5000000000059,6.5));
#12932=CARTESIAN_POINT('',(37.4494897606448,-14.5000000000059,2.));
#12933=CARTESIAN_POINT('Origin',(31.,-15.0000000000059,2.));
#12934=CARTESIAN_POINT('',(31.,-9.50000000000588,2.));
#12935=CARTESIAN_POINT('',(25.5227744249407,-14.5000000000899,2.));
#12936=CARTESIAN_POINT('',(31.,-9.50000000000588,2.));
#12937=CARTESIAN_POINT('Origin',(35.0000000178616,-9.50000000000587,2.));
#12938=CARTESIAN_POINT('',(35.0000000178616,-9.50000000000587,2.));
#12939=CARTESIAN_POINT('Origin',(35.0000000178616,-9.50000000000587,2.));
#12940=CARTESIAN_POINT('',(35.0000000178616,-9.50000000000587,2.));
#12941=CARTESIAN_POINT('Origin',(31.,-15.0000000000059,2.));
#12942=CARTESIAN_POINT('',(31.,-12.5000000000059,2.));
#12943=CARTESIAN_POINT('',(31.0000000000003,-17.499999999999,12.));
#12944=CARTESIAN_POINT('',(31.,-17.499999999999,2.));
#12945=CARTESIAN_POINT('',(31.,-17.499999999999,2.));
#12946=CARTESIAN_POINT('',(31.,-12.5000000000059,2.));
#12947=CARTESIAN_POINT('Origin',(31.,-12.5000000000059,2.));
#12948=CARTESIAN_POINT('',(35.0000000357233,-12.5000000000059,2.));
#12949=CARTESIAN_POINT('Origin',(31.,-12.5000000000059,2.));
#12950=CARTESIAN_POINT('',(35.0000000357233,-12.5000000000059,2.));
#12951=CARTESIAN_POINT('Origin',(46.0000007860496,-53.0000000000196,11.5));
#12952=CARTESIAN_POINT('',(37.449489432213,-50.5000016089008,11.5));
#12953=CARTESIAN_POINT('',(35.,-52.5000000000059,13.949489320287));
#12954=CARTESIAN_POINT('Ctrl Pts',(37.449489432213,-50.5000016089008,11.5));
#12955=CARTESIAN_POINT('Ctrl Pts',(37.449489432213,-50.5000016089008,11.7757534048993));
#12956=CARTESIAN_POINT('Ctrl Pts',(37.4411932192093,-50.5487257552416,12.0716697172027));
#12957=CARTESIAN_POINT('Ctrl Pts',(37.3880258591013,-50.7468989737809,12.6220902748915));
#12958=CARTESIAN_POINT('Ctrl Pts',(37.3410890568894,-50.8963386270767,12.8763964255317));
#12959=CARTESIAN_POINT('Ctrl Pts',(37.1776893912885,-51.2439550030227,13.3021381286937));
#12960=CARTESIAN_POINT('Ctrl Pts',(37.0240507734611,-51.4922412557245,13.5078746297301));
#12961=CARTESIAN_POINT('Ctrl Pts',(36.6302578836913,-51.9206141419911,13.7708897130415));
#12962=CARTESIAN_POINT('Ctrl Pts',(36.3465348998995,-52.1358427567587,13.8507645638412));
#12963=CARTESIAN_POINT('Ctrl Pts',(35.7015128476017,-52.4254619436871,13.9377785374411));
#12964=CARTESIAN_POINT('Ctrl Pts',(35.3409049862616,-52.4999999358606,13.949489320287));
#12965=CARTESIAN_POINT('Ctrl Pts',(35.0000004882496,-52.5000000000059,13.949489320287));
#12966=CARTESIAN_POINT('',(40.4772255929279,-50.4999999996599,11.5));
#12967=CARTESIAN_POINT('',(46.0000007860496,-50.5000000000196,11.5));
#12968=CARTESIAN_POINT('Ctrl Pts',(37.2912878653452,-54.9999999999955,13.0000021848945));
#12969=CARTESIAN_POINT('Ctrl Pts',(37.8833952866319,-54.7286622922332,13.3617848233012));
#12970=CARTESIAN_POINT('Ctrl Pts',(38.4045276900041,-54.3623999407145,13.6458182330881));
#12971=CARTESIAN_POINT('Ctrl Pts',(39.1137376729787,-53.6705104584265,13.9254797740863));
#12972=CARTESIAN_POINT('Ctrl Pts',(39.3655473037886,-53.3686611035158,13.9944713043836));
#12973=CARTESIAN_POINT('Ctrl Pts',(39.7606773340778,-52.7728045440453,14.0039146252069));
#12974=CARTESIAN_POINT('Ctrl Pts',(39.9116603345728,-52.4937843846416,13.9658794828126));
#12975=CARTESIAN_POINT('Ctrl Pts',(40.1538815960605,-51.9429886629737,13.7834780490089));
#12976=CARTESIAN_POINT('Ctrl Pts',(40.2422540321638,-51.6819160971881,13.6456527469844));
#12977=CARTESIAN_POINT('Ctrl Pts',(40.3653325132663,-51.2300568065377,13.2868783154352));
#12978=CARTESIAN_POINT('Ctrl Pts',(40.4025061954619,-51.0422011514177,13.0796909712314));
#12979=CARTESIAN_POINT('Ctrl Pts',(40.4559320679913,-50.7170375073094,12.5694509626843));
#12980=CARTESIAN_POINT('Ctrl Pts',(40.4678199929481,-50.5969096837308,12.2627892833462));
#12981=CARTESIAN_POINT('Ctrl Pts',(40.4760782837168,-50.5130869176949,11.795356088328));
#12982=CARTESIAN_POINT('Ctrl Pts',(40.4772254980316,-50.500001039196,11.6476522614902));
#12983=CARTESIAN_POINT('Ctrl Pts',(40.4772254980316,-50.500001039196,11.5));
#12984=CARTESIAN_POINT('',(25.5227747766834,-50.500003853055,11.5));
#12985=CARTESIAN_POINT('Ctrl Pts',(25.5227747766834,-50.500003853055,11.5));
#12986=CARTESIAN_POINT('Ctrl Pts',(25.5227747766834,-50.500003853055,11.6117688214461));
#12987=CARTESIAN_POINT('Ctrl Pts',(25.5234435060478,-50.5075006026058,11.7236448559428));
#12988=CARTESIAN_POINT('Ctrl Pts',(25.5289346934378,-50.5650379906265,12.1493671349044));
#12989=CARTESIAN_POINT('Ctrl Pts',(25.5383475900772,-50.6671048642575,12.4526577245993));
#12990=CARTESIAN_POINT('Ctrl Pts',(25.5827436867915,-50.9606676237322,12.9731963098143));
#12991=CARTESIAN_POINT('Ctrl Pts',(25.6148374537103,-51.1384377472824,13.1915893440149));
#12992=CARTESIAN_POINT('Ctrl Pts',(25.7267250422633,-51.5815797468824,13.5823975139408));
#12993=CARTESIAN_POINT('Ctrl Pts',(25.8104806489604,-51.8467155867669,13.7379849636556));
#12994=CARTESIAN_POINT('Ctrl Pts',(26.0281946524436,-52.3662652294231,13.9319410734766));
#12995=CARTESIAN_POINT('Ctrl Pts',(26.1502301241724,-52.6088169016716,13.9805228672865));
#12996=CARTESIAN_POINT('Ctrl Pts',(26.4644375294744,-53.1286565103074,14.0128055803548));
#12997=CARTESIAN_POINT('Ctrl Pts',(26.6616076877617,-53.396296611381,13.9813257508132));
#12998=CARTESIAN_POINT('Ctrl Pts',(27.1573886030939,-53.9576448898279,13.8324503456211));
#12999=CARTESIAN_POINT('Ctrl Pts',(27.4666591407968,-54.2336902844794,13.6932564802194));
#13000=CARTESIAN_POINT('Ctrl Pts',(28.085438867551,-54.678422461763,13.3712556715727));
#13001=CARTESIAN_POINT('Ctrl Pts',(28.3944186620813,-54.8559726289662,13.1920400438778));
#13002=CARTESIAN_POINT('Ctrl Pts',(28.7087121524954,-54.9999999999937,13.0000043381089));
#13003=CARTESIAN_POINT('',(28.550510927429,-50.5000032833502,11.5));
#13004=CARTESIAN_POINT('',(46.0000007860496,-50.5000000000196,11.5));
#13005=CARTESIAN_POINT('',(31.,-52.5000000000059,13.9494891666526));
#13006=CARTESIAN_POINT('Ctrl Pts',(31.,-52.5000000000059,13.9494891666526));
#13007=CARTESIAN_POINT('Ctrl Pts',(30.6590955585738,-52.5000000000059,13.9494891535589));
#13008=CARTESIAN_POINT('Ctrl Pts',(30.2984881960026,-52.4254622316784,13.9377783634907));
#13009=CARTESIAN_POINT('Ctrl Pts',(29.6534661234764,-52.1358433808262,13.8507643279931));
#13010=CARTESIAN_POINT('Ctrl Pts',(29.3697430910827,-51.9206149427388,13.770889437149));
#13011=CARTESIAN_POINT('Ctrl Pts',(28.9759500685112,-51.4922423619543,13.5078743169344));
#13012=CARTESIAN_POINT('Ctrl Pts',(28.8223113506277,-51.2439562614325,13.3021378137301));
#13013=CARTESIAN_POINT('Ctrl Pts',(28.6589115265472,-50.8963400915497,12.8763961541182));
#13014=CARTESIAN_POINT('Ctrl Pts',(28.6119746437072,-50.7469005194027,12.6220900460135));
#13015=CARTESIAN_POINT('Ctrl Pts',(28.558807171055,-50.548727405365,12.0716695936152));
#13016=CARTESIAN_POINT('Ctrl Pts',(28.550510927429,-50.5000032833502,11.7757533440507));
#13017=CARTESIAN_POINT('Ctrl Pts',(28.550510927429,-50.5000032833502,11.5));
#13018=CARTESIAN_POINT('',(33.,-52.5000000000059,13.9494892434698));
#13019=CARTESIAN_POINT('Origin',(46.,-50.5000000000196,11.5));
#13020=CARTESIAN_POINT('',(-40.4772241074721,-50.5000162717455,6.5));
#13021=CARTESIAN_POINT('',(-40.4772241074721,-50.5000162717456,11.5));
#13022=CARTESIAN_POINT('',(-40.4772241074721,-50.5000162717455,2.));
#13023=CARTESIAN_POINT('',(-37.449486555411,-50.5000157020404,6.5));
#13024=CARTESIAN_POINT('',(46.,-50.5000000000197,6.5));
#13025=CARTESIAN_POINT('',(-37.449486555411,-50.5000157020405,11.5));
#13026=CARTESIAN_POINT('',(-37.449486555411,-50.5000157020404,2.));
#13027=CARTESIAN_POINT('',(46.0000007860496,-50.5000000000196,11.5));
#13028=CARTESIAN_POINT('Origin',(46.,-50.5000000000196,11.5));
#13029=CARTESIAN_POINT('',(37.449489432213,-50.5000016089007,6.5));
#13030=CARTESIAN_POINT('',(37.449489432213,-50.5000016089006,2.));
#13031=CARTESIAN_POINT('',(40.4772254980316,-50.5000010391959,6.5));
#13032=CARTESIAN_POINT('',(46.,-50.5000000000197,6.5));
#13033=CARTESIAN_POINT('',(40.4772255929279,-50.4999999996599,2.));
#13034=CARTESIAN_POINT('Origin',(46.,-50.5000000000196,11.5));
#13035=CARTESIAN_POINT('',(28.550510927429,-50.5000032833501,6.5));
#13036=CARTESIAN_POINT('',(28.5505109274289,-50.5000032833501,2.));
#13037=CARTESIAN_POINT('',(25.5227747766834,-50.5000038530549,6.5));
#13038=CARTESIAN_POINT('',(25.5227744249511,-50.5000000000358,2.));
#13039=CARTESIAN_POINT('',(46.,-50.5000000000197,6.5));
#13040=CARTESIAN_POINT('Origin',(46.000000470405,-53.0000000000196,6.5));
#13041=CARTESIAN_POINT('',(35.,-52.5000000000059,4.05051067971298));
#13042=CARTESIAN_POINT('Ctrl Pts',(35.0000004882496,-52.5000000000059,4.05051067971297));
#13043=CARTESIAN_POINT('Ctrl Pts',(35.3409049862616,-52.4999999358606,4.05051067971297));
#13044=CARTESIAN_POINT('Ctrl Pts',(35.7015128476018,-52.4254619436871,4.06222146255886));
#13045=CARTESIAN_POINT('Ctrl Pts',(36.3465348998995,-52.1358427567587,4.14923543615874));
#13046=CARTESIAN_POINT('Ctrl Pts',(36.6302578836913,-51.9206141419911,4.22911028695848));
#13047=CARTESIAN_POINT('Ctrl Pts',(37.0240507734611,-51.4922412557244,4.49212537026984));
#13048=CARTESIAN_POINT('Ctrl Pts',(37.1776893912885,-51.2439550030227,4.69786187130628));
#13049=CARTESIAN_POINT('Ctrl Pts',(37.3410890568894,-50.8963386270767,5.12360357446824));
#13050=CARTESIAN_POINT('Ctrl Pts',(37.3880258591013,-50.7468989737808,5.37790972510848));
#13051=CARTESIAN_POINT('Ctrl Pts',(37.4411932192093,-50.5487257552415,5.92833028279725));
#13052=CARTESIAN_POINT('Ctrl Pts',(37.449489432213,-50.5000016089007,6.22424659510073));
#13053=CARTESIAN_POINT('Ctrl Pts',(37.449489432213,-50.5000016089007,6.5));
#13054=CARTESIAN_POINT('',(31.,-52.5000000000059,4.05051083334738));
#13055=CARTESIAN_POINT('',(33.,-52.5000000000059,4.05051075653018));
#13056=CARTESIAN_POINT('Ctrl Pts',(28.550510927429,-50.5000032833501,6.5));
#13057=CARTESIAN_POINT('Ctrl Pts',(28.550510927429,-50.5000032833501,6.22424665594924));
#13058=CARTESIAN_POINT('Ctrl Pts',(28.558807171055,-50.548727405365,5.92833040638481));
#13059=CARTESIAN_POINT('Ctrl Pts',(28.6119746437071,-50.7469005194026,5.37790995398644));
#13060=CARTESIAN_POINT('Ctrl Pts',(28.6589115265472,-50.8963400915496,5.12360384588179));
#13061=CARTESIAN_POINT('Ctrl Pts',(28.8223113506277,-51.2439562614324,4.69786218626984));
#13062=CARTESIAN_POINT('Ctrl Pts',(28.9759500685111,-51.4922423619543,4.49212568306557));
#13063=CARTESIAN_POINT('Ctrl Pts',(29.3697430910827,-51.9206149427387,4.22911056285091));
#13064=CARTESIAN_POINT('Ctrl Pts',(29.6534661234764,-52.1358433808262,4.14923567200683));
#13065=CARTESIAN_POINT('Ctrl Pts',(30.2984881960026,-52.4254622316784,4.06222163650925));
#13066=CARTESIAN_POINT('Ctrl Pts',(30.6590955585738,-52.5000000000059,4.05051084644105));
#13067=CARTESIAN_POINT('Ctrl Pts',(31.,-52.5000000000059,4.05051083334738));
#13068=CARTESIAN_POINT('Ctrl Pts',(28.7087121524954,-54.9999999999937,4.99999566189104));
#13069=CARTESIAN_POINT('Ctrl Pts',(28.116604370869,-54.7286621271023,4.63821331766867));
#13070=CARTESIAN_POINT('Ctrl Pts',(27.5954719043326,-54.3623996167262,4.35418025847766));
#13071=CARTESIAN_POINT('Ctrl Pts',(26.8862620877158,-53.6705101517387,4.07451951962695));
#13072=CARTESIAN_POINT('Ctrl Pts',(26.6344526196875,-53.3686609508489,4.00552833776325));
#13073=CARTESIAN_POINT('Ctrl Pts',(26.2393227776543,-52.7728046940275,3.99608559427735));
#13074=CARTESIAN_POINT('Ctrl Pts',(26.0883398346375,-52.4937846608682,4.03412099980296));
#13075=CARTESIAN_POINT('Ctrl Pts',(25.8461186137852,-51.9429891654459,4.21652295454476));
#13076=CARTESIAN_POINT('Ctrl Pts',(25.7577461877918,-51.6819167032762,4.35434854660375));
#13077=CARTESIAN_POINT('Ctrl Pts',(25.6346677299369,-51.2300577577003,4.71312348456484));
#13078=CARTESIAN_POINT('Ctrl Pts',(25.5974940544685,-51.0422023187001,4.92031103328758));
#13079=CARTESIAN_POINT('Ctrl Pts',(25.5440681820662,-50.7170392053043,5.4305513969236));
#13080=CARTESIAN_POINT('Ctrl Pts',(25.5321802484629,-50.5969116991184,5.73721321566128));
#13081=CARTESIAN_POINT('Ctrl Pts',(25.5239219847491,-50.5130895767312,6.2046456503245));
#13082=CARTESIAN_POINT('Ctrl Pts',(25.5227747766834,-50.5000038530549,6.35234860911011));
#13083=CARTESIAN_POINT('Ctrl Pts',(25.5227747766834,-50.5000038530549,6.5));
#13084=CARTESIAN_POINT('Ctrl Pts',(40.4772254980316,-50.5000010391959,6.5));
#13085=CARTESIAN_POINT('Ctrl Pts',(40.4772254980316,-50.5000010391959,6.38823117367517));
#13086=CARTESIAN_POINT('Ctrl Pts',(40.4765567724697,-50.5074977896508,6.27635513429371));
#13087=CARTESIAN_POINT('Ctrl Pts',(40.4710656142104,-50.5650351847946,5.8506328368142));
#13088=CARTESIAN_POINT('Ctrl Pts',(40.4616527692793,-50.6671020708211,5.54734223467381));
#13089=CARTESIAN_POINT('Ctrl Pts',(40.4172568206544,-50.9606648626987,5.02680364979945));
#13090=CARTESIAN_POINT('Ctrl Pts',(40.385163145009,-51.1384349981958,4.80841062345848));
#13091=CARTESIAN_POINT('Ctrl Pts',(40.2732757870887,-51.5815770398774,4.41760246624677));
#13092=CARTESIAN_POINT('Ctrl Pts',(40.1895203196333,-51.8467129132547,4.26201501914239));
#13093=CARTESIAN_POINT('Ctrl Pts',(39.9718065965622,-52.3662626404494,4.06805891808424));
#13094=CARTESIAN_POINT('Ctrl Pts',(39.8497712606478,-52.6088143583017,4.01947712692411));
#13095=CARTESIAN_POINT('Ctrl Pts',(39.5355641639519,-53.1286540764335,3.98719442244287));
#13096=CARTESIAN_POINT('Ctrl Pts',(39.3383941777892,-53.3962942465478,4.01867425213409));
#13097=CARTESIAN_POINT('Ctrl Pts',(38.842613195064,-53.9576432273451,4.16754979980251));
#13098=CARTESIAN_POINT('Ctrl Pts',(38.5333423159166,-54.233689133212,4.30674398496006));
#13099=CARTESIAN_POINT('Ctrl Pts',(37.9145618822678,-54.6784220426325,4.62874555485416));
#13100=CARTESIAN_POINT('Ctrl Pts',(37.605581709653,-54.8559724667939,4.80796162008268));
#13101=CARTESIAN_POINT('Ctrl Pts',(37.2912878653452,-54.9999999999955,4.99999781510548));
#13102=CARTESIAN_POINT('Origin',(46.000000470405,-53.0000000000196,6.5));
#13103=CARTESIAN_POINT('',(-25.5227756534959,-50.5000134578869,6.5));
#13104=CARTESIAN_POINT('Ctrl Pts',(-25.5227756534959,-50.5000134578869,
6.5));
#13105=CARTESIAN_POINT('Ctrl Pts',(-25.5227756534959,-50.5000134578869,
6.18738965863928));
#13106=CARTESIAN_POINT('Ctrl Pts',(-25.5273436057885,-50.5623191182709,
5.8539715809554));
#13107=CARTESIAN_POINT('Ctrl Pts',(-25.5591804135168,-50.8146492977918,
5.24147334318909));
#13108=CARTESIAN_POINT('Ctrl Pts',(-25.5879663824663,-51.004690381227,4.9624798071542));
#13109=CARTESIAN_POINT('Ctrl Pts',(-25.6913631138436,-51.458568364969,4.50310676069579));
#13110=CARTESIAN_POINT('Ctrl Pts',(-25.7773374404308,-51.7572479716187,
4.30472904464031));
#13111=CARTESIAN_POINT('Ctrl Pts',(-26.0316547955075,-52.3832062006836,
4.05393616055299));
#13112=CARTESIAN_POINT('Ctrl Pts',(-26.201519280817,-52.7094522292631,4.00049099025831));
#13113=CARTESIAN_POINT('Ctrl Pts',(-26.7014207743477,-53.4791441500201,
3.9991807709055));
#13114=CARTESIAN_POINT('Ctrl Pts',(-27.0511617920039,-53.8595050543275,
4.12486305328896));
#13115=CARTESIAN_POINT('Ctrl Pts',(-27.7939792475085,-54.4956127339343,
4.4645190365059));
#13116=CARTESIAN_POINT('Ctrl Pts',(-28.1872597870794,-54.7475255821297,
4.68518275901712));
#13117=CARTESIAN_POINT('Ctrl Pts',(-28.6291286431767,-54.962951538028,4.95151419329369));
#13118=CARTESIAN_POINT('Ctrl Pts',(-28.668799320075,-54.9817096424165,4.97559459973505));
#13119=CARTESIAN_POINT('Ctrl Pts',(-28.7087121524682,-54.9999999999812,
4.99998125701244));
#13120=CARTESIAN_POINT('',(-28.5505131206277,-50.500014027592,6.5));
#13121=CARTESIAN_POINT('',(46.,-50.5000000000197,6.5));
#13122=CARTESIAN_POINT('',(-31.,-52.5000000000059,4.05051321471135));
#13123=CARTESIAN_POINT('Ctrl Pts',(-30.9999995295951,-52.5000000000059,
4.05051321471134));
#13124=CARTESIAN_POINT('Ctrl Pts',(-30.6590959652506,-52.4999999358608,
4.05051321471134));
#13125=CARTESIAN_POINT('Ctrl Pts',(-30.2984890347498,-52.4254623396127,
4.06222433276962));
#13126=CARTESIAN_POINT('Ctrl Pts',(-29.6534684470324,-52.1358446927782,
4.14923932767634));
#13127=CARTESIAN_POINT('Ctrl Pts',(-29.3697459977396,-51.9206172315005,
4.22911483920399));
#13128=CARTESIAN_POINT('Ctrl Pts',(-28.9759535766574,-51.4922469404947,
4.49213053141267));
#13129=CARTESIAN_POINT('Ctrl Pts',(-28.8223148496024,-51.2439622447647,
4.69786706821474));
#13130=CARTESIAN_POINT('Ctrl Pts',(-28.6589147275615,-50.8963482542559,
5.1236080527968));
#13131=CARTESIAN_POINT('Ctrl Pts',(-28.6119775229101,-50.7469096484673,
5.377913501598));
#13132=CARTESIAN_POINT('Ctrl Pts',(-28.5588095363528,-50.5487378240681,
5.92833232199297));
#13133=CARTESIAN_POINT('Ctrl Pts',(-28.5505131206277,-50.5000140275919,
6.22424759910154));
#13134=CARTESIAN_POINT('Ctrl Pts',(-28.5505131206277,-50.5000140275919,
6.5));
#13135=CARTESIAN_POINT('',(-35.0000000178447,-52.5000000000059,4.05051336834973));
#13136=CARTESIAN_POINT('',(-33.0000000089224,-52.5000000000059,4.05051329153054));
#13137=CARTESIAN_POINT('Ctrl Pts',(-37.449486555411,-50.5000157020404,6.5));
#13138=CARTESIAN_POINT('Ctrl Pts',(-37.449486555411,-50.5000157020404,6.2242476599501));
#13139=CARTESIAN_POINT('Ctrl Pts',(-37.441190109064,-50.5487394741905,5.92833244558067));
#13140=CARTESIAN_POINT('Ctrl Pts',(-37.3880220099635,-50.746911194088,5.3779137304764));
#13141=CARTESIAN_POINT('Ctrl Pts',(-37.3410847246848,-50.8963497187278,
5.12360832421101));
#13142=CARTESIAN_POINT('Ctrl Pts',(-37.1776844441658,-51.2439635031733,
4.69786738317955));
#13143=CARTESIAN_POINT('Ctrl Pts',(-37.0240456170556,-51.4922480467234,
4.49213084421012));
#13144=CARTESIAN_POINT('Ctrl Pts',(-36.6302530631731,-51.9206180322472,
4.22911511509906));
#13145=CARTESIAN_POINT('Ctrl Pts',(-36.3465305652792,-52.1358453168447,
4.14923956352755));
#13146=CARTESIAN_POINT('Ctrl Pts',(-35.7015099573345,-52.4254626276033,
4.0622245067238));
#13147=CARTESIAN_POINT('Ctrl Pts',(-35.3409035256031,-52.5000000000059,
4.05051338144371));
#13148=CARTESIAN_POINT('Ctrl Pts',(-35.0000000178447,-52.5000000000059,
4.05051336834973));
#13149=CARTESIAN_POINT('Ctrl Pts',(-37.2912878653806,-54.9999999999793,
4.99997910383512));
#13150=CARTESIAN_POINT('Ctrl Pts',(-37.3312429784039,-54.9816902669957,
4.97556664788789));
#13151=CARTESIAN_POINT('Ctrl Pts',(-37.3709556152881,-54.9629117069321,
4.95146097338637));
#13152=CARTESIAN_POINT('Ctrl Pts',(-37.8128649949233,-54.747452081186,4.68510952581092));
#13153=CARTESIAN_POINT('Ctrl Pts',(-38.2061388268242,-54.4955282812435,
4.46445536433821));
#13154=CARTESIAN_POINT('Ctrl Pts',(-38.9489362158638,-53.8594044919403,
4.12482569866552));
#13155=CARTESIAN_POINT('Ctrl Pts',(-39.2986639074681,-53.4790382582632,
3.99915985532147));
#13156=CARTESIAN_POINT('Ctrl Pts',(-39.7985362423113,-52.7093522745614,
4.00050366552967));
#13157=CARTESIAN_POINT('Ctrl Pts',(-39.9683868051593,-52.383117177091,4.0539606198397));
#13158=CARTESIAN_POINT('Ctrl Pts',(-40.2226824776991,-51.7571856620145,
4.30476736045626));
#13159=CARTESIAN_POINT('Ctrl Pts',(-40.3086490466475,-51.458521776425,4.50314695743037));
#13160=CARTESIAN_POINT('Ctrl Pts',(-40.4120374095483,-51.0046676651912,
4.96251454125677));
#13161=CARTESIAN_POINT('Ctrl Pts',(-40.4408214556135,-50.8146359263487,
5.24150365225466));
#13162=CARTESIAN_POINT('Ctrl Pts',(-40.4726563248467,-50.5623185080554,
5.8539888343547));
#13163=CARTESIAN_POINT('Ctrl Pts',(-40.4772241074721,-50.5000162717455,
6.18739829597339));
#13164=CARTESIAN_POINT('Ctrl Pts',(-40.4772241074721,-50.5000162717455,
6.5));
#13165=CARTESIAN_POINT('Origin',(46.0000007860496,-53.0000000000196,11.5));
#13166=CARTESIAN_POINT('',(-25.5227756534959,-50.500013457887,11.5));
#13167=CARTESIAN_POINT('Ctrl Pts',(-28.7087121524682,-54.9999999999812,
13.0000187429876));
#13168=CARTESIAN_POINT('Ctrl Pts',(-28.668799320074,-54.981709642416,13.0244054002655));
#13169=CARTESIAN_POINT('Ctrl Pts',(-28.6291286431748,-54.9629515380271,
13.0484858067075));
#13170=CARTESIAN_POINT('Ctrl Pts',(-28.1872597870766,-54.747525582128,13.3148172409845));
#13171=CARTESIAN_POINT('Ctrl Pts',(-27.7939792475059,-54.4956127339324,
13.5354809634955));
#13172=CARTESIAN_POINT('Ctrl Pts',(-27.0511617920018,-53.8595050543253,
13.8751369467118));
#13173=CARTESIAN_POINT('Ctrl Pts',(-26.7014207743459,-53.4791441500178,
14.0008192290949));
#13174=CARTESIAN_POINT('Ctrl Pts',(-26.2015192808159,-52.7094522292611,
13.9995090097414));
#13175=CARTESIAN_POINT('Ctrl Pts',(-26.0316547955067,-52.3832062006819,
13.9460638394465));
#13176=CARTESIAN_POINT('Ctrl Pts',(-25.7773374404304,-51.7572479716174,
13.6952709553589));
#13177=CARTESIAN_POINT('Ctrl Pts',(-25.6913631138434,-51.4585683649681,
13.4968932393034));
#13178=CARTESIAN_POINT('Ctrl Pts',(-25.5879663824663,-51.0046903812266,
13.0375201928451));
#13179=CARTESIAN_POINT('Ctrl Pts',(-25.5591804135168,-50.8146492977916,
12.7585266568103));
#13180=CARTESIAN_POINT('Ctrl Pts',(-25.5273436057885,-50.5623191182709,
12.1460284190442));
#13181=CARTESIAN_POINT('Ctrl Pts',(-25.5227756534959,-50.500013457887,11.8126103413605));
#13182=CARTESIAN_POINT('Ctrl Pts',(-25.5227756534959,-50.500013457887,11.5));
#13183=CARTESIAN_POINT('Ctrl Pts',(-40.4772241074721,-50.5000162717456,
11.5));
#13184=CARTESIAN_POINT('Ctrl Pts',(-40.4772241074721,-50.5000162717456,
11.8126017040265));
#13185=CARTESIAN_POINT('Ctrl Pts',(-40.4726563248467,-50.5623185080555,
12.1460111656452));
#13186=CARTESIAN_POINT('Ctrl Pts',(-40.4408214556135,-50.8146359263487,
12.7584963477451));
#13187=CARTESIAN_POINT('Ctrl Pts',(-40.4120374095483,-51.0046676651911,
13.0374854587429));
#13188=CARTESIAN_POINT('Ctrl Pts',(-40.3086490466476,-51.4585217764248,
13.4968530425693));
#13189=CARTESIAN_POINT('Ctrl Pts',(-40.2226824776993,-51.7571856620141,
13.6952326395434));
#13190=CARTESIAN_POINT('Ctrl Pts',(-39.9683868051596,-52.3831171770903,
13.9460393801601));
#13191=CARTESIAN_POINT('Ctrl Pts',(-39.7985362423117,-52.7093522745606,
13.9994963344702));
#13192=CARTESIAN_POINT('Ctrl Pts',(-39.2986639074687,-53.4790382582625,
14.0008401446787));
#13193=CARTESIAN_POINT('Ctrl Pts',(-38.9489362158644,-53.8594044919396,
13.8751743013347));
#13194=CARTESIAN_POINT('Ctrl Pts',(-38.2061388268249,-54.495528281243,13.5355446356622));
#13195=CARTESIAN_POINT('Ctrl Pts',(-37.812864994924,-54.7474520811856,13.3148904741895));
#13196=CARTESIAN_POINT('Ctrl Pts',(-37.3709556152886,-54.9629117069319,
13.0485390266139));
#13197=CARTESIAN_POINT('Ctrl Pts',(-37.3312429784041,-54.9816902669956,
13.0244333521123));
#13198=CARTESIAN_POINT('Ctrl Pts',(-37.2912878653805,-54.9999999999793,
13.0000208961649));
#13199=CARTESIAN_POINT('',(-35.0000000178446,-52.5000000000059,13.9494866316502));
#13200=CARTESIAN_POINT('Ctrl Pts',(-35.0000000178447,-52.5000000000059,
13.9494866316502));
#13201=CARTESIAN_POINT('Ctrl Pts',(-35.3409035256031,-52.5000000000059,
13.9494866185562));
#13202=CARTESIAN_POINT('Ctrl Pts',(-35.7015099573345,-52.4254626276033,
13.9377754932761));
#13203=CARTESIAN_POINT('Ctrl Pts',(-36.3465305652791,-52.1358453168448,
13.8507604364724));
#13204=CARTESIAN_POINT('Ctrl Pts',(-36.630253063173,-51.9206180322472,13.7708848849009));
#13205=CARTESIAN_POINT('Ctrl Pts',(-37.0240456170556,-51.4922480467235,
13.5078691557898));
#13206=CARTESIAN_POINT('Ctrl Pts',(-37.1776844441658,-51.2439635031734,
13.3021326168204));
#13207=CARTESIAN_POINT('Ctrl Pts',(-37.3410847246848,-50.8963497187278,
12.8763916757889));
#13208=CARTESIAN_POINT('Ctrl Pts',(-37.3880220099635,-50.7469111940881,
12.6220862695236));
#13209=CARTESIAN_POINT('Ctrl Pts',(-37.441190109064,-50.5487394741906,12.0716675544193));
#13210=CARTESIAN_POINT('Ctrl Pts',(-37.449486555411,-50.5000157020405,11.7757523400499));
#13211=CARTESIAN_POINT('Ctrl Pts',(-37.449486555411,-50.5000157020405,11.5));
#13212=CARTESIAN_POINT('',(-31.,-52.5000000000059,13.9494867852886));
#13213=CARTESIAN_POINT('',(-33.0000000089223,-52.5000000000059,13.9494867084694));
#13214=CARTESIAN_POINT('',(-28.5505131206277,-50.5000140275921,11.5));
#13215=CARTESIAN_POINT('Ctrl Pts',(-28.5505131206277,-50.5000140275921,
11.5));
#13216=CARTESIAN_POINT('Ctrl Pts',(-28.5505131206277,-50.5000140275921,
11.7757524008984));
#13217=CARTESIAN_POINT('Ctrl Pts',(-28.5588095363528,-50.5487378240682,
12.071667678007));
#13218=CARTESIAN_POINT('Ctrl Pts',(-28.6119775229102,-50.7469096484674,
12.622086498402));
#13219=CARTESIAN_POINT('Ctrl Pts',(-28.6589147275615,-50.8963482542559,
12.8763919472032));
#13220=CARTESIAN_POINT('Ctrl Pts',(-28.8223148496024,-51.2439622447647,
13.3021329317852));
#13221=CARTESIAN_POINT('Ctrl Pts',(-28.9759535766575,-51.4922469404947,
13.5078694685873));
#13222=CARTESIAN_POINT('Ctrl Pts',(-29.3697459977397,-51.9206172315005,
13.7708851607959));
#13223=CARTESIAN_POINT('Ctrl Pts',(-29.6534684470324,-52.1358446927782,
13.8507606723236));
#13224=CARTESIAN_POINT('Ctrl Pts',(-30.2984890347499,-52.4254623396127,
13.9377756672303));
#13225=CARTESIAN_POINT('Ctrl Pts',(-30.6590959652506,-52.4999999358608,
13.9494867852886));
#13226=CARTESIAN_POINT('Ctrl Pts',(-30.9999995295951,-52.5000000000059,
13.9494867852886));
#13227=CARTESIAN_POINT('',(46.0000007860496,-50.5000000000196,11.5));
#13228=CARTESIAN_POINT('Origin',(46.,-50.5000000000196,11.5));
#13229=CARTESIAN_POINT('',(-25.5227756534959,-50.5000134578868,2.));
#13230=CARTESIAN_POINT('',(-28.5505131206277,-50.5000140275919,2.));
#13231=CARTESIAN_POINT('Origin',(-35.0000000178446,-50.0000000000059,2.));
#13232=CARTESIAN_POINT('',(-40.4772255928963,-50.5000000000059,2.));
#13233=CARTESIAN_POINT('Origin',(35.0000000178446,-50.0000000000059,2.));
#13234=CARTESIAN_POINT('',(35.,-52.5000000000059,2.));
#13235=CARTESIAN_POINT('',(35.0000000178446,-47.5,12.));
#13236=CARTESIAN_POINT('',(35.0000000178446,-47.5,2.));
#13237=CARTESIAN_POINT('',(35.0000000178446,-47.5,2.));
#13238=CARTESIAN_POINT('',(35.,-52.5000000000059,2.));
#13239=CARTESIAN_POINT('Origin',(35.,-52.5000000000059,2.));
#13240=CARTESIAN_POINT('',(31.,-52.5000000000059,2.));
#13241=CARTESIAN_POINT('Origin',(40.4772255929279,-50.4999999996599,2.));
#13242=CARTESIAN_POINT('',(40.4772255929279,-50.4999999996599,2.));
#13243=CARTESIAN_POINT('',(40.5,-50.4999999996599,2.));
#13244=CARTESIAN_POINT('',(40.4772255929279,-50.4999999996599,2.));
#13245=CARTESIAN_POINT('Origin',(35.0000000178446,-50.0000000000059,2.));
#13246=CARTESIAN_POINT('Origin',(31.,-50.0000000000059,2.));
#13247=CARTESIAN_POINT('',(25.5227744249511,-50.5000000000358,2.));
#13248=CARTESIAN_POINT('Origin',(31.,-50.0000000000059,2.));
#13249=CARTESIAN_POINT('',(25.5227744249511,-50.5000000000358,2.));
#13250=CARTESIAN_POINT('Origin',(-35.0000000178446,-50.0000000000059,2.));
#13251=CARTESIAN_POINT('',(-35.0000000178446,-52.5000000000059,2.));
#13252=CARTESIAN_POINT('',(-35.0000000178446,-47.5000000000059,12.));
#13253=CARTESIAN_POINT('',(-35.0000000178446,-47.5000000000059,2.));
#13254=CARTESIAN_POINT('',(-35.0000000178446,-47.5000000000059,2.));
#13255=CARTESIAN_POINT('',(-35.0000000178446,-52.5000000000059,2.));
#13256=CARTESIAN_POINT('Origin',(-31.,-52.5000000000059,2.));
#13257=CARTESIAN_POINT('',(-31.,-52.5000000000059,2.));
#13258=CARTESIAN_POINT('Origin',(-31.,-52.5000000000059,2.));
#13259=CARTESIAN_POINT('',(-31.,-52.5000000000059,2.));
#13260=CARTESIAN_POINT('Origin',(0.,0.,15.));
#13261=CARTESIAN_POINT('Origin',(0.,0.,16.));
#13262=CARTESIAN_POINT('Origin',(-26.725,22.36,2.));
#13263=CARTESIAN_POINT('',(-25.475,22.36,16.));
#13264=CARTESIAN_POINT('Origin',(-26.725,22.36,16.));
#13265=CARTESIAN_POINT('',(-25.475,22.36,12.));
#13266=CARTESIAN_POINT('',(-25.475,22.36,2.));
#13267=CARTESIAN_POINT('Origin',(-26.725,22.36,12.));
#13268=CARTESIAN_POINT('Origin',(-26.725,22.36,16.));
#13269=CARTESIAN_POINT('Origin',(39.275,-42.6399999999994,2.));
#13270=CARTESIAN_POINT('',(40.525,-42.6399999999994,16.));
#13271=CARTESIAN_POINT('Origin',(39.275,-42.6399999999994,16.));
#13272=CARTESIAN_POINT('',(40.525,-42.6399999999994,12.));
#13273=CARTESIAN_POINT('',(40.525,-42.6399999999994,2.));
#13274=CARTESIAN_POINT('Origin',(39.275,-42.6399999999994,12.));
#13275=CARTESIAN_POINT('Origin',(39.275,-42.6399999999994,16.));
#13276=CARTESIAN_POINT('Origin',(39.275,42.64,2.));
#13277=CARTESIAN_POINT('',(40.525,42.64,16.));
#13278=CARTESIAN_POINT('Origin',(39.275,42.64,16.));
#13279=CARTESIAN_POINT('',(40.525,42.64,12.));
#13280=CARTESIAN_POINT('',(40.525,42.64,2.));
#13281=CARTESIAN_POINT('Origin',(39.275,42.64,12.));
#13282=CARTESIAN_POINT('Origin',(39.275,42.64,16.));
#13283=CARTESIAN_POINT('Origin',(-39.275,-42.6400000000055,2.));
#13284=CARTESIAN_POINT('',(-38.025,-42.6400000000055,16.));
#13285=CARTESIAN_POINT('Origin',(-39.275,-42.6400000000055,16.));
#13286=CARTESIAN_POINT('',(-38.025,-42.6400000000055,12.));
#13287=CARTESIAN_POINT('',(-38.025,-42.6400000000055,2.));
#13288=CARTESIAN_POINT('Origin',(-39.275,-42.6400000000055,12.));
#13289=CARTESIAN_POINT('Origin',(-39.275,-42.6400000000055,16.));
#13290=CARTESIAN_POINT('Origin',(-39.275,42.6400000000001,2.));
#13291=CARTESIAN_POINT('',(-38.025,42.6400000000001,16.));
#13292=CARTESIAN_POINT('Origin',(-39.275,42.6400000000001,16.));
#13293=CARTESIAN_POINT('',(-38.025,42.6400000000001,12.));
#13294=CARTESIAN_POINT('',(-38.025,42.6400000000001,2.));
#13295=CARTESIAN_POINT('Origin',(-39.275,42.6400000000001,12.));
#13296=CARTESIAN_POINT('Origin',(-39.275,42.6400000000001,16.));
#13297=CARTESIAN_POINT('Origin',(26.725,-22.3599999999994,2.));
#13298=CARTESIAN_POINT('',(27.975,-22.3599999999994,16.));
#13299=CARTESIAN_POINT('Origin',(26.725,-22.3599999999994,16.));
#13300=CARTESIAN_POINT('',(27.975,-22.3599999999994,12.));
#13301=CARTESIAN_POINT('',(27.975,-22.3599999999994,2.));
#13302=CARTESIAN_POINT('Origin',(26.725,-22.3599999999994,12.));
#13303=CARTESIAN_POINT('Origin',(26.725,-22.3599999999994,16.));
#13304=CARTESIAN_POINT('Origin',(26.725,22.36,2.));
#13305=CARTESIAN_POINT('',(27.975,22.36,16.));
#13306=CARTESIAN_POINT('Origin',(26.725,22.36,16.));
#13307=CARTESIAN_POINT('',(27.975,22.36,12.));
#13308=CARTESIAN_POINT('',(27.975,22.36,2.));
#13309=CARTESIAN_POINT('Origin',(26.725,22.36,12.));
#13310=CARTESIAN_POINT('Origin',(26.725,22.36,16.));
#13311=CARTESIAN_POINT('Origin',(-26.725,-22.3600000000062,2.));
#13312=CARTESIAN_POINT('',(-25.475,-22.3600000000062,16.));
#13313=CARTESIAN_POINT('Origin',(-26.725,-22.3600000000062,16.));
#13314=CARTESIAN_POINT('',(-25.475,-22.3600000000062,12.));
#13315=CARTESIAN_POINT('',(-25.475,-22.3600000000062,2.));
#13316=CARTESIAN_POINT('Origin',(-26.725,-22.3600000000062,12.));
#13317=CARTESIAN_POINT('Origin',(-26.725,-22.3600000000062,16.));
#13318=CARTESIAN_POINT('Origin',(-23.,-17.5000000000059,2.));
#13319=CARTESIAN_POINT('',(-31.,-17.5000000000059,12.));
#13320=CARTESIAN_POINT('',(-31.,-17.5000000000059,2.));
#13321=CARTESIAN_POINT('',(-43.,-17.5000000000059,12.));
#13322=CARTESIAN_POINT('Origin',(-26.725,-42.6400000000062,2.));
#13323=CARTESIAN_POINT('',(-25.775,-42.6400000000062,12.));
#13324=CARTESIAN_POINT('Origin',(-26.725,-42.6400000000062,12.));
#13325=CARTESIAN_POINT('',(-25.775,-42.6400000000062,2.));
#13326=CARTESIAN_POINT('',(-25.775,-42.6400000000062,2.));
#13327=CARTESIAN_POINT('Origin',(-26.725,-42.6400000000062,2.));
#13328=CARTESIAN_POINT('Origin',(-39.275,-22.3600000000056,2.));
#13329=CARTESIAN_POINT('',(-38.325,-22.3600000000056,12.));
#13330=CARTESIAN_POINT('Origin',(-39.275,-22.3600000000056,12.));
#13331=CARTESIAN_POINT('',(-38.325,-22.3600000000056,2.));
#13332=CARTESIAN_POINT('',(-38.325,-22.3600000000056,2.));
#13333=CARTESIAN_POINT('Origin',(-39.275,-22.3600000000056,2.));
#13334=CARTESIAN_POINT('Origin',(-43.,-47.5000000000059,2.));
#13335=CARTESIAN_POINT('',(-31.,-47.5000000000059,12.));
#13336=CARTESIAN_POINT('',(-31.,-47.5000000000059,2.));
#13337=CARTESIAN_POINT('',(-23.,-47.5000000000059,12.));
#13338=CARTESIAN_POINT('Origin',(-33.,-32.5000000000059,12.));
#13339=CARTESIAN_POINT('',(-43.,-47.5000000000059,12.));
#13340=CARTESIAN_POINT('',(-43.,-17.5000000000059,12.));
#13341=CARTESIAN_POINT('',(-43.,-40.0000000000059,12.));
#13342=CARTESIAN_POINT('',(-34.0000000089223,-47.5000000000059,12.));
#13343=CARTESIAN_POINT('',(-23.,-47.5000000000059,12.));
#13344=CARTESIAN_POINT('',(-28.,-47.5000000000059,12.));
#13345=CARTESIAN_POINT('',(-23.,-17.5000000000059,12.));
#13346=CARTESIAN_POINT('',(-23.,-25.0000000000059,12.));
#13347=CARTESIAN_POINT('',(-32.,-17.5000000000059,12.));
#13348=CARTESIAN_POINT('',(-38.,-17.5000000000059,12.));
#13349=CARTESIAN_POINT('Origin',(-31.,-17.5000000000059,2.));
#13350=CARTESIAN_POINT('',(-23.,-17.5000000000059,2.));
#13351=CARTESIAN_POINT('',(-31.,-17.5000000000059,2.));
#13352=CARTESIAN_POINT('Origin',(-23.,-17.5000000000059,2.));
#13353=CARTESIAN_POINT('',(-23.,-47.5000000000059,2.));
#13354=CARTESIAN_POINT('Origin',(-23.,-47.5000000000059,2.));
#13355=CARTESIAN_POINT('',(-31.,-47.5000000000059,2.));
#13356=CARTESIAN_POINT('Origin',(3.49231754626089E-11,5.24999999987222,
2.));
#13357=CARTESIAN_POINT('Origin',(3.49231754626089E-11,5.24999999987222,
2.));
#13358=CARTESIAN_POINT('Origin',(-23.,47.5,2.));
#13359=CARTESIAN_POINT('',(-35.0000000178616,47.5,12.));
#13360=CARTESIAN_POINT('',(-35.,47.5,2.));
#13361=CARTESIAN_POINT('',(-43.,47.5,12.));
#13362=CARTESIAN_POINT('Origin',(-39.275,22.3599999999999,2.));
#13363=CARTESIAN_POINT('',(-38.325,22.3599999999999,12.));
#13364=CARTESIAN_POINT('Origin',(-39.275,22.3599999999999,12.));
#13365=CARTESIAN_POINT('',(-38.325,22.3599999999999,2.));
#13366=CARTESIAN_POINT('',(-38.325,22.3599999999999,2.));
#13367=CARTESIAN_POINT('Origin',(-39.275,22.3599999999999,2.));
#13368=CARTESIAN_POINT('Origin',(-26.725,42.64,2.));
#13369=CARTESIAN_POINT('',(-25.775,42.64,12.));
#13370=CARTESIAN_POINT('Origin',(-26.725,42.64,12.));
#13371=CARTESIAN_POINT('',(-25.775,42.64,2.));
#13372=CARTESIAN_POINT('',(-25.775,42.64,2.));
#13373=CARTESIAN_POINT('Origin',(-26.725,42.64,2.));
#13374=CARTESIAN_POINT('Origin',(-43.,17.5,2.));
#13375=CARTESIAN_POINT('',(-35.0000000178616,17.5,12.));
#13376=CARTESIAN_POINT('',(-23.,17.5,12.));
#13377=CARTESIAN_POINT('',(-35.,17.5,2.));
#13378=CARTESIAN_POINT('Origin',(-33.,32.5,12.));
#13379=CARTESIAN_POINT('',(-43.,17.5,12.));
#13380=CARTESIAN_POINT('',(-43.,47.5,12.));
#13381=CARTESIAN_POINT('',(-43.,25.,12.));
#13382=CARTESIAN_POINT('',(-34.,17.5,12.));
#13383=CARTESIAN_POINT('',(-23.,17.5,12.));
#13384=CARTESIAN_POINT('',(-28.,17.5,12.));
#13385=CARTESIAN_POINT('',(-23.,47.5,12.));
#13386=CARTESIAN_POINT('',(-23.,40.,12.));
#13387=CARTESIAN_POINT('',(-32.,47.5,12.));
#13388=CARTESIAN_POINT('',(-38.,47.5,12.));
#13389=CARTESIAN_POINT('Origin',(-23.,47.5,2.));
#13390=CARTESIAN_POINT('',(-23.,17.5,2.));
#13391=CARTESIAN_POINT('',(-23.,47.5,2.));
#13392=CARTESIAN_POINT('Origin',(-23.,17.5,2.));
#13393=CARTESIAN_POINT('Origin',(-35.,17.5,2.));
#13394=CARTESIAN_POINT('',(-43.,17.5,2.));
#13395=CARTESIAN_POINT('',(-35.,17.5,2.));
#13396=CARTESIAN_POINT('Origin',(3.49231754626089E-11,5.24999999987222,
2.));
#13397=CARTESIAN_POINT('Origin',(3.49231754626089E-11,5.24999999987222,
2.));
#13398=CARTESIAN_POINT('Origin',(23.,-47.5,2.));
#13399=CARTESIAN_POINT('',(31.,-47.5,12.));
#13400=CARTESIAN_POINT('',(31.,-47.5,2.));
#13401=CARTESIAN_POINT('',(43.,-47.5,12.));
#13402=CARTESIAN_POINT('Origin',(39.275,-22.3599999999994,2.));
#13403=CARTESIAN_POINT('',(40.225,-22.3599999999994,12.));
#13404=CARTESIAN_POINT('Origin',(39.275,-22.3599999999994,12.));
#13405=CARTESIAN_POINT('',(40.225,-22.3599999999994,2.));
#13406=CARTESIAN_POINT('',(40.225,-22.3599999999994,2.));
#13407=CARTESIAN_POINT('Origin',(39.275,-22.3599999999994,2.));
#13408=CARTESIAN_POINT('Origin',(26.725,-42.6399999999994,2.));
#13409=CARTESIAN_POINT('',(27.675,-42.6399999999994,12.));
#13410=CARTESIAN_POINT('Origin',(26.725,-42.6399999999994,12.));
#13411=CARTESIAN_POINT('',(27.675,-42.6399999999994,2.));
#13412=CARTESIAN_POINT('',(27.675,-42.6399999999994,2.));
#13413=CARTESIAN_POINT('Origin',(26.725,-42.6399999999994,2.));
#13414=CARTESIAN_POINT('Origin',(43.,-17.4999999999975,2.));
#13415=CARTESIAN_POINT('',(35.000000017862,-17.4999999999985,12.));
#13416=CARTESIAN_POINT('',(23.,-17.5,12.));
#13417=CARTESIAN_POINT('',(35.,-17.4999999999985,2.));
#13418=CARTESIAN_POINT('Origin',(33.,-32.4999999999987,12.));
#13419=CARTESIAN_POINT('',(43.,-17.4999999999975,12.));
#13420=CARTESIAN_POINT('',(43.,-47.5,12.));
#13421=CARTESIAN_POINT('',(43.,-24.9999999999981,12.));
#13422=CARTESIAN_POINT('',(33.999999999999,-17.4999999999986,12.));
#13423=CARTESIAN_POINT('',(23.,-17.5,12.));
#13424=CARTESIAN_POINT('',(27.999999999999,-17.4999999999994,12.));
#13425=CARTESIAN_POINT('',(23.,-47.5,12.));
#13426=CARTESIAN_POINT('',(23.,-39.9999999999994,12.));
#13427=CARTESIAN_POINT('',(32.,-47.5,12.));
#13428=CARTESIAN_POINT('',(38.,-47.5,12.));
#13429=CARTESIAN_POINT('Origin',(31.,-47.5,2.));
#13430=CARTESIAN_POINT('',(23.,-47.5,2.));
#13431=CARTESIAN_POINT('',(31.,-47.5,2.));
#13432=CARTESIAN_POINT('Origin',(23.,-47.5,2.));
#13433=CARTESIAN_POINT('',(23.,-17.5,2.));
#13434=CARTESIAN_POINT('Origin',(23.,-17.5,2.));
#13435=CARTESIAN_POINT('Origin',(3.49231754626089E-11,5.24999999987222,
2.));
#13436=CARTESIAN_POINT('Origin',(3.49231754626089E-11,5.24999999987222,
2.));
#13437=CARTESIAN_POINT('Origin',(23.,17.5,2.));
#13438=CARTESIAN_POINT('',(31.,17.5,12.));
#13439=CARTESIAN_POINT('',(31.,17.5,2.));
#13440=CARTESIAN_POINT('',(43.,17.5,12.));
#13441=CARTESIAN_POINT('Origin',(26.725,42.64,2.));
#13442=CARTESIAN_POINT('',(27.675,42.64,12.));
#13443=CARTESIAN_POINT('Origin',(26.725,42.64,12.));
#13444=CARTESIAN_POINT('',(27.675,42.64,2.));
#13445=CARTESIAN_POINT('',(27.675,42.64,2.));
#13446=CARTESIAN_POINT('Origin',(26.725,42.64,2.));
#13447=CARTESIAN_POINT('Origin',(39.275,22.36,2.));
#13448=CARTESIAN_POINT('',(40.225,22.36,12.));
#13449=CARTESIAN_POINT('Origin',(39.275,22.36,12.));
#13450=CARTESIAN_POINT('',(40.225,22.36,2.));
#13451=CARTESIAN_POINT('',(40.225,22.36,2.));
#13452=CARTESIAN_POINT('Origin',(39.275,22.36,2.));
#13453=CARTESIAN_POINT('Origin',(43.,47.5,2.));
#13454=CARTESIAN_POINT('',(35.0000000178616,47.5,12.));
#13455=CARTESIAN_POINT('',(23.,47.5,12.));
#13456=CARTESIAN_POINT('',(35.,47.5,2.));
#13457=CARTESIAN_POINT('Origin',(33.,32.5,12.));
#13458=CARTESIAN_POINT('',(43.,47.5,12.));
#13459=CARTESIAN_POINT('',(43.,17.5,12.));
#13460=CARTESIAN_POINT('',(43.,40.,12.));
#13461=CARTESIAN_POINT('',(34.,47.5,12.));
#13462=CARTESIAN_POINT('',(23.,47.5,12.));
#13463=CARTESIAN_POINT('',(28.,47.5,12.));
#13464=CARTESIAN_POINT('',(23.,17.5,12.));
#13465=CARTESIAN_POINT('',(23.,25.,12.));
#13466=CARTESIAN_POINT('',(32.,17.5,12.));
#13467=CARTESIAN_POINT('',(38.,17.5,12.));
#13468=CARTESIAN_POINT('Origin',(31.,17.5,2.));
#13469=CARTESIAN_POINT('',(23.,17.5,2.));
#13470=CARTESIAN_POINT('',(31.,17.5,2.));
#13471=CARTESIAN_POINT('Origin',(23.,17.5,2.));
#13472=CARTESIAN_POINT('',(23.,47.5,2.));
#13473=CARTESIAN_POINT('Origin',(23.,47.5,2.));
#13474=CARTESIAN_POINT('Origin',(3.49231754626089E-11,5.24999999987222,
2.));
#13475=CARTESIAN_POINT('Origin',(3.49231754626089E-11,5.24999999987222,
2.));
#13476=CARTESIAN_POINT('Origin',(-31.,-50.0000000000059,2.));
#13477=CARTESIAN_POINT('Origin',(-31.,-15.0000000000059,2.));
#13478=CARTESIAN_POINT('',(-31.,-12.5000000000059,2.));
#13479=CARTESIAN_POINT('Origin',(-35.,-12.5000000000059,2.));
#13480=CARTESIAN_POINT('Origin',(-43.,-17.5000000000059,2.));
#13481=CARTESIAN_POINT('',(-43.,-17.5000000000059,2.));
#13482=CARTESIAN_POINT('Origin',(-43.,-47.5000000000059,2.));
#13483=CARTESIAN_POINT('',(-43.,-47.5000000000059,2.));
#13484=CARTESIAN_POINT('Origin',(-35.0000000178446,-47.5000000000059,2.));
#13485=CARTESIAN_POINT('Origin',(-40.4772255930089,-14.5000000010534,2.));
#13486=CARTESIAN_POINT('',(-40.5,-14.5000000010534,2.));
#13487=CARTESIAN_POINT('Origin',(-31.,-15.0000000000059,2.));
#13488=CARTESIAN_POINT('',(-25.5227744250827,-14.499999998534,2.));
#13489=CARTESIAN_POINT('Origin',(-25.5,-14.499999998534,2.));
#13490=CARTESIAN_POINT('',(-25.5,-14.499999998534,2.));
#13491=CARTESIAN_POINT('Origin',(-25.5,-19.999999998534,2.));
#13492=CARTESIAN_POINT('',(-20.,-19.999999998534,2.));
#13493=CARTESIAN_POINT('Origin',(-20.,-45.0000000000059,2.));
#13494=CARTESIAN_POINT('',(-20.,-45.0000000000059,2.));
#13495=CARTESIAN_POINT('Origin',(-25.5,-45.0000000000059,2.));
#13496=CARTESIAN_POINT('',(-25.5,-50.5000000000059,2.));
#13497=CARTESIAN_POINT('Origin',(-25.5227744249484,-50.5000000000059,2.));
#13498=CARTESIAN_POINT('',(-25.5227744249484,-50.5000000000059,2.));
#13499=CARTESIAN_POINT('Origin',(-31.,-50.0000000000059,2.));
#13500=CARTESIAN_POINT('Origin',(-40.5,-50.5000000000059,2.));
#13501=CARTESIAN_POINT('',(-40.5,-50.5000000000059,2.));
#13502=CARTESIAN_POINT('Origin',(-40.5,-45.0000000000059,2.));
#13503=CARTESIAN_POINT('',(-46.,-45.0000000000059,2.));
#13504=CARTESIAN_POINT('Origin',(-46.,-20.0000000010534,2.));
#13505=CARTESIAN_POINT('',(-46.,-20.0000000010534,2.));
#13506=CARTESIAN_POINT('Origin',(-40.5,-20.0000000010534,2.));
#13507=CARTESIAN_POINT('Origin',(31.,15.,2.));
#13508=CARTESIAN_POINT('',(31.,12.5,2.));
#13509=CARTESIAN_POINT('Origin',(35.,12.5,2.));
#13510=CARTESIAN_POINT('Origin',(43.,17.5,2.));
#13511=CARTESIAN_POINT('',(43.,17.5,2.));
#13512=CARTESIAN_POINT('Origin',(43.,47.5,2.));
#13513=CARTESIAN_POINT('',(43.,47.5,2.));
#13514=CARTESIAN_POINT('Origin',(35.,47.5,2.));
#13515=CARTESIAN_POINT('',(35.,47.5,2.));
#13516=CARTESIAN_POINT('Origin',(35.0000000178616,50.,2.));
#13517=CARTESIAN_POINT('',(37.4494897606448,50.5,2.));
#13518=CARTESIAN_POINT('Origin',(40.5,50.5000000006334,2.));
#13519=CARTESIAN_POINT('',(40.5,50.5000000006334,2.));
#13520=CARTESIAN_POINT('Origin',(40.5,45.0000000006334,2.));
#13521=CARTESIAN_POINT('',(46.,45.0000000006334,2.));
#13522=CARTESIAN_POINT('Origin',(45.9999999999999,20.0000000002671,2.));
#13523=CARTESIAN_POINT('',(45.9999999999999,20.0000000002671,2.));
#13524=CARTESIAN_POINT('Origin',(40.4999999999999,20.0000000002672,2.));
#13525=CARTESIAN_POINT('',(40.4999999999999,14.5000000002672,2.));
#13526=CARTESIAN_POINT('Origin',(40.4772255929375,14.5000000002672,2.));
#13527=CARTESIAN_POINT('Origin',(31.,15.,2.));
#13528=CARTESIAN_POINT('',(25.5227744243751,14.5000000062811,2.));
#13529=CARTESIAN_POINT('Origin',(25.5,14.5000000062811,2.));
#13530=CARTESIAN_POINT('',(25.5,14.5000000062811,2.));
#13531=CARTESIAN_POINT('Origin',(25.5,20.0000000062811,2.));
#13532=CARTESIAN_POINT('',(20.,20.0000000062811,2.));
#13533=CARTESIAN_POINT('Origin',(20.,45.0000000005279,2.));
#13534=CARTESIAN_POINT('',(20.,45.0000000005279,2.));
#13535=CARTESIAN_POINT('Origin',(25.5,45.0000000005279,2.));
#13536=CARTESIAN_POINT('Origin',(31.,-50.0000000000059,2.));
#13537=CARTESIAN_POINT('',(31.,-52.5000000000059,2.));
#13538=CARTESIAN_POINT('Origin',(35.,-52.5000000000059,2.));
#13539=CARTESIAN_POINT('Origin',(43.,-47.5,2.));
#13540=CARTESIAN_POINT('',(43.,-47.5,2.));
#13541=CARTESIAN_POINT('Origin',(43.,-17.4999999999975,2.));
#13542=CARTESIAN_POINT('',(43.,-17.4999999999975,2.));
#13543=CARTESIAN_POINT('Origin',(35.,-17.4999999999985,2.));
#13544=CARTESIAN_POINT('',(35.,-17.4999999999985,2.));
#13545=CARTESIAN_POINT('Origin',(35.0000000178616,-15.0000000000059,2.));
#13546=CARTESIAN_POINT('Origin',(25.5227744249407,-14.5000000000899,2.));
#13547=CARTESIAN_POINT('',(25.5000000000379,-14.5000000000897,2.));
#13548=CARTESIAN_POINT('Origin',(35.0000000178616,-15.0000000000059,2.));
#13549=CARTESIAN_POINT('',(40.4772255923359,-14.4999999936805,2.));
#13550=CARTESIAN_POINT('Origin',(40.5,-14.4999999936805,2.));
#13551=CARTESIAN_POINT('',(40.5,-14.4999999936805,2.));
#13552=CARTESIAN_POINT('Origin',(40.5,-19.9999999936805,2.));
#13553=CARTESIAN_POINT('',(46.,-19.9999999936805,2.));
#13554=CARTESIAN_POINT('Origin',(46.,-44.9999999996599,2.));
#13555=CARTESIAN_POINT('',(46.,-44.9999999996599,2.));
#13556=CARTESIAN_POINT('Origin',(40.5,-44.9999999996599,2.));
#13557=CARTESIAN_POINT('Origin',(35.0000000178446,-50.0000000000059,2.));
#13558=CARTESIAN_POINT('Origin',(25.499999999996,-50.5000000000358,2.));
#13559=CARTESIAN_POINT('',(25.499999999996,-50.5000000000358,2.));
#13560=CARTESIAN_POINT('Origin',(25.5,-45.0000000000358,2.));
#13561=CARTESIAN_POINT('',(20.,-45.0000000000358,2.));
#13562=CARTESIAN_POINT('Origin',(20.,-20.0000000000896,2.));
#13563=CARTESIAN_POINT('',(20.,-20.0000000000896,2.));
#13564=CARTESIAN_POINT('Origin',(25.4999999999999,-20.0000000000896,2.));
#13565=CARTESIAN_POINT('Origin',(-35.0000000178616,15.,2.));
#13566=CARTESIAN_POINT('Origin',(-31.,47.5,2.));
#13567=CARTESIAN_POINT('Origin',(-35.0000000178616,50.,2.));
#13568=CARTESIAN_POINT('',(-35.,47.5,2.));
#13569=CARTESIAN_POINT('',(-37.4494897606448,50.5,2.));
#13570=CARTESIAN_POINT('Origin',(-43.,47.5,2.));
#13571=CARTESIAN_POINT('',(-43.,47.5,2.));
#13572=CARTESIAN_POINT('Origin',(-43.,17.5,2.));
#13573=CARTESIAN_POINT('Origin',(-35.0000000178616,15.,2.));
#13574=CARTESIAN_POINT('',(-40.4772255929133,14.5,2.));
#13575=CARTESIAN_POINT('Origin',(-40.5,14.5,2.));
#13576=CARTESIAN_POINT('',(-40.5,14.5,2.));
#13577=CARTESIAN_POINT('Origin',(-40.5,20.,2.));
#13578=CARTESIAN_POINT('',(-46.,20.,2.));
#13579=CARTESIAN_POINT('Origin',(-46.,45.000000002067,2.));
#13580=CARTESIAN_POINT('',(-46.,45.000000002067,2.));
#13581=CARTESIAN_POINT('Origin',(-40.5,45.000000002067,2.));
#13582=CARTESIAN_POINT('',(-40.5,50.500000002067,2.));
#13583=CARTESIAN_POINT('Origin',(-40.4772255927244,50.500000002067,2.));
#13584=CARTESIAN_POINT('Origin',(-31.,50.,2.));
#13585=CARTESIAN_POINT('',(-25.5227744249483,50.5,2.));
#13586=CARTESIAN_POINT('Origin',(-25.5,50.5,2.));
#13587=CARTESIAN_POINT('',(-25.5,50.5,2.));
#13588=CARTESIAN_POINT('Origin',(-25.5,45.,2.));
#13589=CARTESIAN_POINT('',(-20.,45.,2.));
#13590=CARTESIAN_POINT('Origin',(-20.,20.0000000008249,2.));
#13591=CARTESIAN_POINT('',(-20.,20.0000000008249,2.));
#13592=CARTESIAN_POINT('Origin',(-25.5,20.0000000008249,2.));
#13593=CARTESIAN_POINT('',(-25.5,14.5000000008248,2.));
#13594=CARTESIAN_POINT('Origin',(-25.522774424873,14.5000000008248,2.));
#13595=CARTESIAN_POINT('Origin',(62.2500000000198,-50.,0.));
#13596=CARTESIAN_POINT('',(60.3750000000198,-50.,0.));
#13597=CARTESIAN_POINT('Origin',(62.2500000000025,34.1357632536128,0.));
#13598=CARTESIAN_POINT('',(60.3750000000025,34.1357632536128,0.));
#13599=CARTESIAN_POINT('Origin',(-62.1827376005055,34.2015594652808,0.));
#13600=CARTESIAN_POINT('',(-64.0577376005055,34.2015594652808,0.));
#13601=CARTESIAN_POINT('Origin',(-62.24999999999,-50.,0.));
#13602=CARTESIAN_POINT('',(-64.12499999999,-50.,0.));
#13603=UNCERTAINTY_MEASURE_WITH_UNIT(LENGTH_MEASURE(0.01),#13607,
'DISTANCE_ACCURACY_VALUE',
'Maximum model space distance between geometric entities at asserted c
onnectivities');
#13604=UNCERTAINTY_MEASURE_WITH_UNIT(LENGTH_MEASURE(0.01),#13607,
'DISTANCE_ACCURACY_VALUE',
'Maximum model space distance between geometric entities at asserted c
onnectivities');
#13605=(
GEOMETRIC_REPRESENTATION_CONTEXT(3)
GLOBAL_UNCERTAINTY_ASSIGNED_CONTEXT((#13603))
GLOBAL_UNIT_ASSIGNED_CONTEXT((#13607,#13609,#13610))
REPRESENTATION_CONTEXT('','3D')
);
#13606=(
GEOMETRIC_REPRESENTATION_CONTEXT(3)
GLOBAL_UNCERTAINTY_ASSIGNED_CONTEXT((#13604))
GLOBAL_UNIT_ASSIGNED_CONTEXT((#13607,#13609,#13610))
REPRESENTATION_CONTEXT('','3D')
);
#13607=(
LENGTH_UNIT()
NAMED_UNIT(*)
SI_UNIT(.MILLI.,.METRE.)
);
#13608=(
LENGTH_UNIT()
NAMED_UNIT(*)
SI_UNIT($,.METRE.)
);
#13609=(
NAMED_UNIT(*)
PLANE_ANGLE_UNIT()
SI_UNIT($,.RADIAN.)
);
#13610=(
NAMED_UNIT(*)
SI_UNIT($,.STERADIAN.)
SOLID_ANGLE_UNIT()
);
#13611=SHAPE_DEFINITION_REPRESENTATION(#13612,#13613);
#13612=PRODUCT_DEFINITION_SHAPE('',$,#13615);
#13613=SHAPE_REPRESENTATION('',(#6826),#13605);
#13614=PRODUCT_DEFINITION_CONTEXT('part definition',#13619,'design');
#13615=PRODUCT_DEFINITION('2026-08-24-20-33-45-155','ThymioSkinAdapter',
#13616,#13614);
#13616=PRODUCT_DEFINITION_FORMATION('',$,#13621);
#13617=PRODUCT_RELATED_PRODUCT_CATEGORY('ThymioSkinAdapter',
'ThymioSkinAdapter',(#13621));
#13618=APPLICATION_PROTOCOL_DEFINITION('international standard',
'automotive_design',2009,#13619);
#13619=APPLICATION_CONTEXT(
'Core Data for Automotive Mechanical Design Process');
#13620=PRODUCT_CONTEXT('part definition',#13619,'mechanical');
#13621=PRODUCT('2026-08-24-20-33-45-155','ThymioSkinAdapter',$,(#13620));
#13622=PRESENTATION_STYLE_ASSIGNMENT((#13623));
#13623=SURFACE_STYLE_USAGE(.BOTH.,#13624);
#13624=SURFACE_SIDE_STYLE('',(#13625));
#13625=SURFACE_STYLE_FILL_AREA(#13626);
#13626=FILL_AREA_STYLE('Steel - Satin',(#13627));
#13627=FILL_AREA_STYLE_COLOUR('Steel - Satin',#13628);
#13628=COLOUR_RGB('Steel - Satin',0.627450980392157,0.627450980392157,0.627450980392157);
ENDSEC;
END-ISO-10303-21;
