ISO-10303-21;
HEADER;
/* Generated by software containing ST-Developer
 * from STEP Tools, Inc. (www.steptools.com) 
 */

FILE_DESCRIPTION(
/* description */ (''),
/* implementation_level */ '2;1');

FILE_NAME(
/* name */ 'TreeSkinBase.step',
/* time_stamp */ '2026-08-24T20:16:20+01:00',
/* author */ (''),
/* organization */ (''),
/* preprocessor_version */ 'ST-DEVELOPER v20.1',
/* originating_system */ 'Autodesk Translation Framework v15.8.0.0',
/* authorisation */ '');

FILE_SCHEMA (('AUTOMOTIVE_DESIGN { 1 0 10303 214 3 1 1 }'));
ENDSEC;

DATA;
#10=MECHANICAL_DESIGN_GEOMETRIC_PRESENTATION_REPRESENTATION('',(#13),#2125);
#11=SHAPE_REPRESENTATION_RELATIONSHIP('SRR','None',#2132,#12);
#12=ADVANCED_BREP_SHAPE_REPRESENTATION('',(#14),#2124);
#13=STYLED_ITEM('',(#2141),#14);
#14=MANIFOLD_SOLID_BREP('Body1',#1090);
#15=FACE_BOUND('',#165,.T.);
#16=FACE_BOUND('',#166,.T.);
#17=FACE_BOUND('',#167,.T.);
#18=FACE_BOUND('',#168,.T.);
#19=FACE_BOUND('',#169,.T.);
#20=FACE_BOUND('',#170,.T.);
#21=FACE_BOUND('',#171,.T.);
#22=FACE_BOUND('',#174,.T.);
#23=FACE_BOUND('',#175,.T.);
#24=FACE_BOUND('',#176,.T.);
#25=FACE_BOUND('',#177,.T.);
#26=FACE_BOUND('',#178,.T.);
#27=TOROIDAL_SURFACE('',#1128,35.7706773014274,0.5);
#28=TOROIDAL_SURFACE('',#1130,42.494655685829,0.5);
#29=TOROIDAL_SURFACE('',#1147,35.7706773014274,0.5);
#30=TOROIDAL_SURFACE('',#1149,42.494655685829,0.5);
#31=TOROIDAL_SURFACE('',#1195,35.7706773014274,0.5);
#32=TOROIDAL_SURFACE('',#1197,42.494655685829,0.5);
#33=PLANE('',#1125);
#34=PLANE('',#1137);
#35=PLANE('',#1144);
#36=PLANE('',#1156);
#37=PLANE('',#1162);
#38=PLANE('',#1171);
#39=PLANE('',#1172);
#40=PLANE('',#1182);
#41=PLANE('',#1183);
#42=PLANE('',#1184);
#43=PLANE('',#1185);
#44=PLANE('',#1186);
#45=PLANE('',#1187);
#46=PLANE('',#1188);
#47=PLANE('',#1189);
#48=PLANE('',#1190);
#49=PLANE('',#1192);
#50=PLANE('',#1203);
#51=PLANE('',#1207);
#52=PLANE('',#1208);
#53=PLANE('',#1209);
#54=PLANE('',#1210);
#55=PLANE('',#1211);
#56=PLANE('',#1212);
#57=PLANE('',#1215);
#58=PLANE('',#1218);
#59=(
BOUNDED_CURVE()
B_SPLINE_CURVE(5,(#1685,#1686,#1687,#1688,#1689,#1690),.UNSPECIFIED.,.F.,
 .F.)
B_SPLINE_CURVE_WITH_KNOTS((6,6),(0.,0.0550191645100498),.UNSPECIFIED.)
CURVE()
GEOMETRIC_REPRESENTATION_ITEM()
RATIONAL_B_SPLINE_CURVE((1.,1.,1.,1.,1.,1.))
REPRESENTATION_ITEM('')
);
#60=(
BOUNDED_SURFACE()
B_SPLINE_SURFACE(5,2,((#1628,#1629,#1630,#1631,#1632,#1633,#1634,#1635,
#1636),(#1637,#1638,#1639,#1640,#1641,#1642,#1643,#1644,#1645),(#1646,#1647,
#1648,#1649,#1650,#1651,#1652,#1653,#1654),(#1655,#1656,#1657,#1658,#1659,
#1660,#1661,#1662,#1663),(#1664,#1665,#1666,#1667,#1668,#1669,#1670,#1671,
#1672),(#1673,#1674,#1675,#1676,#1677,#1678,#1679,#1680,#1681)),
 .UNSPECIFIED.,.F.,.T.,.F.)
B_SPLINE_SURFACE_WITH_KNOTS((6,6),(3,2,2,2,3),(-0.0550191645100498,0.),
(0.,1.5707963267949,3.14159265358979,4.71238898038469,6.28318530717959),
 .UNSPECIFIED.)
GEOMETRIC_REPRESENTATION_ITEM()
RATIONAL_B_SPLINE_SURFACE(((1.,0.707106781186548,1.,0.707106781186548,1.,
0.707106781186548,1.,0.707106781186548,1.),(1.,0.707106781186548,1.,0.707106781186548,
1.,0.707106781186548,1.,0.707106781186548,1.),(1.,0.707106781186548,1.,
0.707106781186548,1.,0.707106781186548,1.,0.707106781186548,1.),(1.,0.707106781186548,
1.,0.707106781186548,1.,0.707106781186548,1.,0.707106781186548,1.),(1.,
0.707106781186548,1.,0.707106781186548,1.,0.707106781186548,1.,0.707106781186548,
1.),(1.,0.707106781186548,1.,0.707106781186548,1.,0.707106781186548,1.,
0.707106781186548,1.)))
REPRESENTATION_ITEM('')
SURFACE()
);
#61=CYLINDRICAL_SURFACE('',#1107,0.75);
#62=CYLINDRICAL_SURFACE('',#1112,0.75);
#63=CYLINDRICAL_SURFACE('',#1118,0.75);
#64=CYLINDRICAL_SURFACE('',#1124,0.5);
#65=CYLINDRICAL_SURFACE('',#1132,0.5);
#66=CYLINDRICAL_SURFACE('',#1133,42.994655685829);
#67=CYLINDRICAL_SURFACE('',#1138,35.2706773014274);
#68=CYLINDRICAL_SURFACE('',#1143,0.5);
#69=CYLINDRICAL_SURFACE('',#1151,0.5);
#70=CYLINDRICAL_SURFACE('',#1152,42.994655685829);
#71=CYLINDRICAL_SURFACE('',#1157,35.2706773014274);
#72=CYLINDRICAL_SURFACE('',#1191,0.5);
#73=CYLINDRICAL_SURFACE('',#1199,0.5);
#74=CYLINDRICAL_SURFACE('',#1200,42.994655685829);
#75=CYLINDRICAL_SURFACE('',#1204,35.2706773014274);
#76=CYLINDRICAL_SURFACE('',#1213,25.);
#77=CYLINDRICAL_SURFACE('',#1214,43.6781990611886);
#78=CYLINDRICAL_SURFACE('',#1216,25.);
#79=CYLINDRICAL_SURFACE('',#1217,43.6781990611886);
#80=CYLINDRICAL_SURFACE('',#1219,25.);
#81=CYLINDRICAL_SURFACE('',#1220,43.6781990611886);
#82=CYLINDRICAL_SURFACE('',#1221,19.);
#83=FACE_OUTER_BOUND('',#141,.T.);
#84=FACE_OUTER_BOUND('',#142,.T.);
#85=FACE_OUTER_BOUND('',#143,.T.);
#86=FACE_OUTER_BOUND('',#144,.T.);
#87=FACE_OUTER_BOUND('',#145,.T.);
#88=FACE_OUTER_BOUND('',#146,.T.);
#89=FACE_OUTER_BOUND('',#147,.T.);
#90=FACE_OUTER_BOUND('',#148,.T.);
#91=FACE_OUTER_BOUND('',#149,.T.);
#92=FACE_OUTER_BOUND('',#150,.T.);
#93=FACE_OUTER_BOUND('',#151,.T.);
#94=FACE_OUTER_BOUND('',#152,.T.);
#95=FACE_OUTER_BOUND('',#153,.T.);
#96=FACE_OUTER_BOUND('',#154,.T.);
#97=FACE_OUTER_BOUND('',#155,.T.);
#98=FACE_OUTER_BOUND('',#156,.T.);
#99=FACE_OUTER_BOUND('',#157,.T.);
#100=FACE_OUTER_BOUND('',#158,.T.);
#101=FACE_OUTER_BOUND('',#159,.T.);
#102=FACE_OUTER_BOUND('',#160,.T.);
#103=FACE_OUTER_BOUND('',#161,.T.);
#104=FACE_OUTER_BOUND('',#162,.T.);
#105=FACE_OUTER_BOUND('',#163,.T.);
#106=FACE_OUTER_BOUND('',#164,.T.);
#107=FACE_OUTER_BOUND('',#172,.T.);
#108=FACE_OUTER_BOUND('',#173,.T.);
#109=FACE_OUTER_BOUND('',#179,.T.);
#110=FACE_OUTER_BOUND('',#180,.T.);
#111=FACE_OUTER_BOUND('',#181,.T.);
#112=FACE_OUTER_BOUND('',#182,.T.);
#113=FACE_OUTER_BOUND('',#183,.T.);
#114=FACE_OUTER_BOUND('',#184,.T.);
#115=FACE_OUTER_BOUND('',#185,.T.);
#116=FACE_OUTER_BOUND('',#186,.T.);
#117=FACE_OUTER_BOUND('',#187,.T.);
#118=FACE_OUTER_BOUND('',#188,.T.);
#119=FACE_OUTER_BOUND('',#189,.T.);
#120=FACE_OUTER_BOUND('',#190,.T.);
#121=FACE_OUTER_BOUND('',#191,.T.);
#122=FACE_OUTER_BOUND('',#192,.T.);
#123=FACE_OUTER_BOUND('',#193,.T.);
#124=FACE_OUTER_BOUND('',#194,.T.);
#125=FACE_OUTER_BOUND('',#195,.T.);
#126=FACE_OUTER_BOUND('',#196,.T.);
#127=FACE_OUTER_BOUND('',#197,.T.);
#128=FACE_OUTER_BOUND('',#198,.T.);
#129=FACE_OUTER_BOUND('',#199,.T.);
#130=FACE_OUTER_BOUND('',#200,.T.);
#131=FACE_OUTER_BOUND('',#201,.T.);
#132=FACE_OUTER_BOUND('',#202,.T.);
#133=FACE_OUTER_BOUND('',#203,.T.);
#134=FACE_OUTER_BOUND('',#204,.T.);
#135=FACE_OUTER_BOUND('',#205,.T.);
#136=FACE_OUTER_BOUND('',#206,.T.);
#137=FACE_OUTER_BOUND('',#207,.T.);
#138=FACE_OUTER_BOUND('',#208,.T.);
#139=FACE_OUTER_BOUND('',#209,.T.);
#140=FACE_OUTER_BOUND('',#210,.T.);
#141=EDGE_LOOP('',(#711,#712,#713,#714,#715,#716));
#142=EDGE_LOOP('',(#717,#718,#719,#720));
#143=EDGE_LOOP('',(#721,#722,#723,#724));
#144=EDGE_LOOP('',(#725,#726,#727,#728));
#145=EDGE_LOOP('',(#729,#730,#731,#732,#733,#734));
#146=EDGE_LOOP('',(#735,#736,#737,#738));
#147=EDGE_LOOP('',(#739,#740,#741,#742,#743,#744,#745,#746,#747));
#148=EDGE_LOOP('',(#748,#749,#750,#751));
#149=EDGE_LOOP('',(#752,#753,#754,#755));
#150=EDGE_LOOP('',(#756,#757,#758,#759));
#151=EDGE_LOOP('',(#760,#761,#762,#763));
#152=EDGE_LOOP('',(#764,#765,#766,#767));
#153=EDGE_LOOP('',(#768,#769,#770,#771,#772,#773,#774));
#154=EDGE_LOOP('',(#775,#776,#777,#778));
#155=EDGE_LOOP('',(#779,#780,#781,#782,#783,#784,#785,#786,#787));
#156=EDGE_LOOP('',(#788,#789,#790,#791));
#157=EDGE_LOOP('',(#792,#793,#794,#795));
#158=EDGE_LOOP('',(#796,#797,#798,#799));
#159=EDGE_LOOP('',(#800,#801,#802,#803));
#160=EDGE_LOOP('',(#804,#805,#806,#807));
#161=EDGE_LOOP('',(#808,#809,#810,#811,#812,#813,#814));
#162=EDGE_LOOP('',(#815,#816,#817,#818));
#163=EDGE_LOOP('',(#819,#820,#821,#822,#823,#824,#825,#826,#827));
#164=EDGE_LOOP('',(#828));
#165=EDGE_LOOP('',(#829,#830,#831,#832,#833,#834));
#166=EDGE_LOOP('',(#835,#836,#837,#838,#839,#840));
#167=EDGE_LOOP('',(#841));
#168=EDGE_LOOP('',(#842,#843,#844,#845,#846,#847));
#169=EDGE_LOOP('',(#848));
#170=EDGE_LOOP('',(#849));
#171=EDGE_LOOP('',(#850));
#172=EDGE_LOOP('',(#851,#852,#853,#854,#855,#856));
#173=EDGE_LOOP('',(#857,#858,#859,#860,#861,#862));
#174=EDGE_LOOP('',(#863));
#175=EDGE_LOOP('',(#864,#865,#866,#867,#868,#869,#870,#871));
#176=EDGE_LOOP('',(#872,#873,#874,#875,#876,#877,#878,#879));
#177=EDGE_LOOP('',(#880,#881,#882,#883,#884,#885,#886,#887));
#178=EDGE_LOOP('',(#888));
#179=EDGE_LOOP('',(#889,#890,#891,#892,#893,#894));
#180=EDGE_LOOP('',(#895,#896,#897,#898));
#181=EDGE_LOOP('',(#899,#900,#901,#902));
#182=EDGE_LOOP('',(#903,#904,#905,#906));
#183=EDGE_LOOP('',(#907,#908,#909,#910));
#184=EDGE_LOOP('',(#911,#912,#913,#914));
#185=EDGE_LOOP('',(#915,#916,#917,#918));
#186=EDGE_LOOP('',(#919,#920,#921,#922));
#187=EDGE_LOOP('',(#923,#924,#925,#926));
#188=EDGE_LOOP('',(#927,#928,#929,#930));
#189=EDGE_LOOP('',(#931,#932,#933,#934));
#190=EDGE_LOOP('',(#935,#936,#937,#938));
#191=EDGE_LOOP('',(#939,#940,#941,#942));
#192=EDGE_LOOP('',(#943,#944,#945,#946));
#193=EDGE_LOOP('',(#947,#948,#949,#950,#951,#952,#953));
#194=EDGE_LOOP('',(#954,#955,#956,#957));
#195=EDGE_LOOP('',(#958,#959,#960,#961,#962,#963,#964,#965,#966));
#196=EDGE_LOOP('',(#967,#968,#969,#970,#971,#972));
#197=EDGE_LOOP('',(#973,#974,#975,#976));
#198=EDGE_LOOP('',(#977,#978,#979,#980));
#199=EDGE_LOOP('',(#981,#982,#983,#984));
#200=EDGE_LOOP('',(#985,#986,#987,#988));
#201=EDGE_LOOP('',(#989,#990,#991,#992));
#202=EDGE_LOOP('',(#993,#994,#995,#996));
#203=EDGE_LOOP('',(#997,#998,#999,#1000));
#204=EDGE_LOOP('',(#1001,#1002,#1003,#1004));
#205=EDGE_LOOP('',(#1005,#1006,#1007,#1008));
#206=EDGE_LOOP('',(#1009,#1010,#1011,#1012));
#207=EDGE_LOOP('',(#1013,#1014,#1015,#1016));
#208=EDGE_LOOP('',(#1017,#1018,#1019,#1020));
#209=EDGE_LOOP('',(#1021,#1022,#1023,#1024));
#210=EDGE_LOOP('',(#1025,#1026,#1027,#1028));
#211=LINE('',#1577,#293);
#212=LINE('',#1581,#294);
#213=LINE('',#1587,#295);
#214=LINE('',#1591,#296);
#215=LINE('',#1621,#297);
#216=LINE('',#1626,#298);
#217=LINE('',#1712,#299);
#218=LINE('',#1728,#300);
#219=LINE('',#1733,#301);
#220=LINE('',#1770,#302);
#221=LINE('',#1773,#303);
#222=LINE('',#1777,#304);
#223=LINE('',#1781,#305);
#224=LINE('',#1785,#306);
#225=LINE('',#1786,#307);
#226=LINE('',#1791,#308);
#227=LINE('',#1795,#309);
#228=LINE('',#1799,#310);
#229=LINE('',#1819,#311);
#230=LINE('',#1835,#312);
#231=LINE('',#1840,#313);
#232=LINE('',#1877,#314);
#233=LINE('',#1880,#315);
#234=LINE('',#1884,#316);
#235=LINE('',#1888,#317);
#236=LINE('',#1892,#318);
#237=LINE('',#1893,#319);
#238=LINE('',#1898,#320);
#239=LINE('',#1902,#321);
#240=LINE('',#1906,#322);
#241=LINE('',#1910,#323);
#242=LINE('',#1912,#324);
#243=LINE('',#1916,#325);
#244=LINE('',#1920,#326);
#245=LINE('',#1924,#327);
#246=LINE('',#1928,#328);
#247=LINE('',#1933,#329);
#248=LINE('',#1935,#330);
#249=LINE('',#1939,#331);
#250=LINE('',#1943,#332);
#251=LINE('',#1944,#333);
#252=LINE('',#1945,#334);
#253=LINE('',#1950,#335);
#254=LINE('',#1953,#336);
#255=LINE('',#1954,#337);
#256=LINE('',#1959,#338);
#257=LINE('',#1962,#339);
#258=LINE('',#1963,#340);
#259=LINE('',#1964,#341);
#260=LINE('',#1969,#342);
#261=LINE('',#1973,#343);
#262=LINE('',#1977,#344);
#263=LINE('',#1980,#345);
#264=LINE('',#1984,#346);
#265=LINE('',#1985,#347);
#266=LINE('',#1987,#348);
#267=LINE('',#1990,#349);
#268=LINE('',#1995,#350);
#269=LINE('',#1997,#351);
#270=LINE('',#2016,#352);
#271=LINE('',#2032,#353);
#272=LINE('',#2037,#354);
#273=LINE('',#2074,#355);
#274=LINE('',#2077,#356);
#275=LINE('',#2080,#357);
#276=LINE('',#2082,#358);
#277=LINE('',#2086,#359);
#278=LINE('',#2087,#360);
#279=LINE('',#2091,#361);
#280=LINE('',#2092,#362);
#281=LINE('',#2094,#363);
#282=LINE('',#2097,#364);
#283=LINE('',#2098,#365);
#284=LINE('',#2100,#366);
#285=LINE('',#2104,#367);
#286=LINE('',#2106,#368);
#287=LINE('',#2107,#369);
#288=LINE('',#2111,#370);
#289=LINE('',#2112,#371);
#290=LINE('',#2116,#372);
#291=LINE('',#2117,#373);
#292=LINE('',#2121,#374);
#293=VECTOR('',#1228,1.375);
#294=VECTOR('',#1233,0.75);
#295=VECTOR('',#1240,1.375);
#296=VECTOR('',#1245,0.75);
#297=VECTOR('',#1252,1.375);
#298=VECTOR('',#1259,0.75);
#299=VECTOR('',#1272,10.);
#300=VECTOR('',#1273,10.);
#301=VECTOR('',#1278,10.);
#302=VECTOR('',#1291,10.);
#303=VECTOR('',#1294,10.);
#304=VECTOR('',#1297,10.);
#305=VECTOR('',#1300,10.);
#306=VECTOR('',#1305,10.);
#307=VECTOR('',#1306,10.);
#308=VECTOR('',#1311,10.);
#309=VECTOR('',#1314,10.);
#310=VECTOR('',#1317,10.);
#311=VECTOR('',#1322,10.);
#312=VECTOR('',#1323,10.);
#313=VECTOR('',#1328,10.);
#314=VECTOR('',#1341,10.);
#315=VECTOR('',#1344,10.);
#316=VECTOR('',#1347,10.);
#317=VECTOR('',#1350,10.);
#318=VECTOR('',#1355,10.);
#319=VECTOR('',#1356,10.);
#320=VECTOR('',#1361,10.);
#321=VECTOR('',#1364,10.);
#322=VECTOR('',#1367,10.);
#323=VECTOR('',#1372,10.);
#324=VECTOR('',#1373,10.);
#325=VECTOR('',#1376,10.);
#326=VECTOR('',#1379,10.);
#327=VECTOR('',#1382,10.);
#328=VECTOR('',#1385,10.);
#329=VECTOR('',#1390,10.);
#330=VECTOR('',#1391,10.);
#331=VECTOR('',#1394,10.);
#332=VECTOR('',#1399,10.);
#333=VECTOR('',#1400,10.);
#334=VECTOR('',#1401,10.);
#335=VECTOR('',#1406,10.);
#336=VECTOR('',#1409,10.);
#337=VECTOR('',#1410,10.);
#338=VECTOR('',#1413,10.);
#339=VECTOR('',#1416,10.);
#340=VECTOR('',#1417,10.);
#341=VECTOR('',#1418,10.);
#342=VECTOR('',#1421,10.);
#343=VECTOR('',#1424,10.);
#344=VECTOR('',#1427,10.);
#345=VECTOR('',#1430,10.);
#346=VECTOR('',#1435,10.);
#347=VECTOR('',#1436,10.);
#348=VECTOR('',#1439,10.);
#349=VECTOR('',#1444,10.);
#350=VECTOR('',#1453,10.);
#351=VECTOR('',#1456,10.);
#352=VECTOR('',#1459,10.);
#353=VECTOR('',#1460,10.);
#354=VECTOR('',#1465,10.);
#355=VECTOR('',#1478,10.);
#356=VECTOR('',#1481,10.);
#357=VECTOR('',#1484,10.);
#358=VECTOR('',#1485,10.);
#359=VECTOR('',#1490,10.);
#360=VECTOR('',#1491,10.);
#361=VECTOR('',#1496,10.);
#362=VECTOR('',#1497,10.);
#363=VECTOR('',#1498,10.);
#364=VECTOR('',#1503,10.);
#365=VECTOR('',#1504,10.);
#366=VECTOR('',#1507,10.);
#367=VECTOR('',#1514,10.);
#368=VECTOR('',#1517,10.);
#369=VECTOR('',#1518,10.);
#370=VECTOR('',#1525,10.);
#371=VECTOR('',#1526,10.);
#372=VECTOR('',#1533,10.);
#373=VECTOR('',#1534,10.);
#374=VECTOR('',#1541,19.);
#375=CIRCLE('',#1105,2.);
#376=CIRCLE('',#1106,0.75);
#377=CIRCLE('',#1108,0.75);
#378=CIRCLE('',#1110,2.);
#379=CIRCLE('',#1111,0.75);
#380=CIRCLE('',#1113,0.75);
#381=CIRCLE('',#1115,2.);
#382=CIRCLE('',#1116,0.75);
#383=CIRCLE('',#1117,2.);
#384=CIRCLE('',#1119,0.75);
#385=CIRCLE('',#1120,53.7343699365395);
#386=CIRCLE('',#1121,54.);
#387=CIRCLE('',#1122,53.7343699365395);
#388=CIRCLE('',#1123,53.7343699365395);
#389=CIRCLE('',#1126,35.7706773014274);
#390=CIRCLE('',#1127,42.494655685829);
#391=CIRCLE('',#1129,35.2706773014274);
#392=CIRCLE('',#1131,42.994655685829);
#393=CIRCLE('',#1134,42.9946556858293);
#394=CIRCLE('',#1135,42.9946556858293);
#395=CIRCLE('',#1136,42.994655685829);
#396=CIRCLE('',#1139,35.2706773014274);
#397=CIRCLE('',#1140,35.2706773014274);
#398=CIRCLE('',#1141,35.2706773014271);
#399=CIRCLE('',#1142,35.2706773014271);
#400=CIRCLE('',#1145,35.7706773014274);
#401=CIRCLE('',#1146,42.494655685829);
#402=CIRCLE('',#1148,35.2706773014274);
#403=CIRCLE('',#1150,42.994655685829);
#404=CIRCLE('',#1153,42.9946556858293);
#405=CIRCLE('',#1154,42.9946556858293);
#406=CIRCLE('',#1155,42.994655685829);
#407=CIRCLE('',#1158,35.2706773014274);
#408=CIRCLE('',#1159,35.2706773014274);
#409=CIRCLE('',#1160,35.2706773014271);
#410=CIRCLE('',#1161,35.2706773014271);
#411=CIRCLE('',#1163,25.);
#412=CIRCLE('',#1164,43.6781990611886);
#413=CIRCLE('',#1165,35.2706773014271);
#414=CIRCLE('',#1166,25.);
#415=CIRCLE('',#1167,43.6781990611886);
#416=CIRCLE('',#1168,19.);
#417=CIRCLE('',#1169,25.);
#418=CIRCLE('',#1170,43.6781990611886);
#419=CIRCLE('',#1173,43.6781990611886);
#420=CIRCLE('',#1174,25.);
#421=CIRCLE('',#1175,43.6781990611886);
#422=CIRCLE('',#1176,25.);
#423=CIRCLE('',#1177,43.6781990611886);
#424=CIRCLE('',#1178,25.);
#425=CIRCLE('',#1179,35.2706773014274);
#426=CIRCLE('',#1180,42.9946556858293);
#427=CIRCLE('',#1181,19.);
#428=CIRCLE('',#1193,35.7706773014274);
#429=CIRCLE('',#1194,42.494655685829);
#430=CIRCLE('',#1196,35.2706773014274);
#431=CIRCLE('',#1198,42.994655685829);
#432=CIRCLE('',#1201,42.9946556858293);
#433=CIRCLE('',#1202,42.994655685829);
#434=CIRCLE('',#1205,35.2706773014274);
#435=CIRCLE('',#1206,35.2706773014271);
#436=B_SPLINE_CURVE_WITH_KNOTS('',3,(#1546,#1547,#1548,#1549,#1550,#1551,
#1552,#1553,#1554,#1555,#1556,#1557,#1558,#1559,#1560,#1561,#1562,#1563,
#1564,#1565,#1566,#1567),.UNSPECIFIED.,.F.,.F.,(4,2,2,2,2,2,2,2,2,2,4),
(-0.220604087568175,-0.147592112830079,-0.117155763317271,-0.114978466073887,
-0.113983245288614,-0.113234246532245,-0.112530867290679,-0.111558367949446,
-0.109071549954327,-0.0795775364514949,-0.0242234786189637),
 .UNSPECIFIED.);
#437=B_SPLINE_CURVE_WITH_KNOTS('',3,(#1570,#1571,#1572,#1573,#1574,#1575),
 .UNSPECIFIED.,.F.,.F.,(4,2,4),(-0.0242234786189637,-0.00467537702523373,
0.),.UNSPECIFIED.);
#438=B_SPLINE_CURVE_WITH_KNOTS('',3,(#1596,#1597,#1598,#1599,#1600,#1601,
#1602,#1603,#1604,#1605,#1606,#1607,#1608,#1609,#1610,#1611,#1612,#1613,
#1614,#1615,#1616,#1617),.UNSPECIFIED.,.F.,.F.,(4,2,2,2,2,2,2,2,2,2,4),
(-0.0822040926416194,-0.0781384329390948,-0.0455676555087887,-0.0429855677404751,
-0.0418201767902023,-0.0409491565486272,-0.0401355734888125,-0.0390175831158019,
-0.0361950581014129,-0.00458686473542482,0.),.UNSPECIFIED.);
#439=B_SPLINE_CURVE_WITH_KNOTS('',3,(#1697,#1698,#1699,#1700,#1701,#1702,
#1703,#1704,#1705,#1706,#1707,#1708,#1709,#1710),.UNSPECIFIED.,.F.,.F.,
(4,2,2,2,2,2,4),(-0.0922511271939165,-0.077570870168844,-0.0611193253737178,
-0.0402356343238662,-0.0202941240757393,0.,0.000367295197770961),
 .UNSPECIFIED.);
#440=B_SPLINE_CURVE_WITH_KNOTS('',3,(#1714,#1715,#1716,#1717,#1718,#1719,
#1720,#1721,#1722,#1723,#1724,#1725,#1726,#1727),.UNSPECIFIED.,.F.,.F.,
(4,2,2,2,2,2,4),(-0.0982840168339193,-0.097860562858467,-0.073090072590605,
-0.0493748793874013,-0.028634290866235,-0.0133528627848773,-0.000160945341318105),
 .UNSPECIFIED.);
#441=B_SPLINE_CURVE_WITH_KNOTS('',3,(#1738,#1739,#1740,#1741,#1742,#1743,
#1744,#1745,#1746,#1747,#1748,#1749,#1750,#1751),.UNSPECIFIED.,.F.,.F.,
(4,2,2,2,2,2,4),(-0.0947942227002144,-0.0943542349920809,-0.0724126638940823,
-0.0514666693132232,-0.0300688529005922,-0.0140313445059947,0.),
 .UNSPECIFIED.);
#442=B_SPLINE_CURVE_WITH_KNOTS('',3,(#1754,#1755,#1756,#1757,#1758,#1759,
#1760,#1761,#1762,#1763,#1764,#1765,#1766,#1767),.UNSPECIFIED.,.F.,.F.,
(4,2,2,2,2,2,4),(-0.00044982570643598,0.,0.0224378553396607,0.0437588790463066,
0.0653255649374291,0.0815009400520677,0.0956652393774245),.UNSPECIFIED.);
#443=B_SPLINE_CURVE_WITH_KNOTS('',3,(#1804,#1805,#1806,#1807,#1808,#1809,
#1810,#1811,#1812,#1813,#1814,#1815,#1816,#1817),.UNSPECIFIED.,.F.,.F.,
(4,2,2,2,2,2,4),(-0.09224881794095,-0.0775655774129178,-0.0610986202263902,
-0.0401826340777622,-0.0202767606180836,0.,0.000369907886169021),
 .UNSPECIFIED.);
#444=B_SPLINE_CURVE_WITH_KNOTS('',3,(#1821,#1822,#1823,#1824,#1825,#1826,
#1827,#1828,#1829,#1830,#1831,#1832,#1833,#1834),.UNSPECIFIED.,.F.,.F.,
(4,2,2,2,2,2,4),(-0.098284041339491,-0.0978619161020232,-0.0730881733265494,
-0.0493560014477594,-0.0286286021884476,-0.0133520558568972,-0.00016094533899578),
 .UNSPECIFIED.);
#445=B_SPLINE_CURVE_WITH_KNOTS('',3,(#1845,#1846,#1847,#1848,#1849,#1850,
#1851,#1852,#1853,#1854,#1855,#1856,#1857,#1858),.UNSPECIFIED.,.F.,.F.,
(4,2,2,2,2,2,4),(-0.0947942227002306,-0.0943542349921003,-0.0724126638940903,
-0.0514666693132301,-0.0300688529005863,-0.0140313445059917,0.),
 .UNSPECIFIED.);
#446=B_SPLINE_CURVE_WITH_KNOTS('',3,(#1861,#1862,#1863,#1864,#1865,#1866,
#1867,#1868,#1869,#1870,#1871,#1872,#1873,#1874),.UNSPECIFIED.,.F.,.F.,
(4,2,2,2,2,2,4),(-0.00044982570643975,0.,0.0224378553397755,0.0437588790465663,
0.0653255649378244,0.0815009400525743,0.0956652393780247),.UNSPECIFIED.);
#447=B_SPLINE_CURVE_WITH_KNOTS('',3,(#2001,#2002,#2003,#2004,#2005,#2006,
#2007,#2008,#2009,#2010,#2011,#2012,#2013,#2014),.UNSPECIFIED.,.F.,.F.,
(4,2,2,2,2,2,4),(-0.0922583400205821,-0.0775877526348813,-0.0611855506706884,
-0.0404036353728731,-0.0203494729940248,0.,0.000359144772188633),
 .UNSPECIFIED.);
#448=B_SPLINE_CURVE_WITH_KNOTS('',3,(#2018,#2019,#2020,#2021,#2022,#2023,
#2024,#2025,#2026,#2027,#2028,#2029,#2030,#2031),.UNSPECIFIED.,.F.,.F.,
(4,2,2,2,2,2,4),(-0.0982840839730566,-0.0978644397793999,-0.0730845272808982,
-0.0493205274833331,-0.0286178747278847,-0.0133505299589184,-0.000160945334602822),
 .UNSPECIFIED.);
#449=B_SPLINE_CURVE_WITH_KNOTS('',3,(#2042,#2043,#2044,#2045,#2046,#2047,
#2048,#2049,#2050,#2051,#2052,#2053,#2054,#2055),.UNSPECIFIED.,.F.,.F.,
(4,2,2,2,2,2,4),(-0.0947942227002588,-0.0943542349921258,-0.0724126638941084,
-0.0514666693132323,-0.0300688529005928,-0.0140313445059946,0.),
 .UNSPECIFIED.);
#450=B_SPLINE_CURVE_WITH_KNOTS('',3,(#2058,#2059,#2060,#2061,#2062,#2063,
#2064,#2065,#2066,#2067,#2068,#2069,#2070,#2071),.UNSPECIFIED.,.F.,.F.,
(4,2,2,2,2,2,4),(-0.000449825706426319,0.,0.0224378553392815,0.0437588790455048,
0.0653255649361794,0.0815009400504763,0.095665239375558),.UNSPECIFIED.);
#451=VERTEX_POINT('',#1544);
#452=VERTEX_POINT('',#1545);
#453=VERTEX_POINT('',#1568);
#454=VERTEX_POINT('',#1576);
#455=VERTEX_POINT('',#1580);
#456=VERTEX_POINT('',#1584);
#457=VERTEX_POINT('',#1586);
#458=VERTEX_POINT('',#1590);
#459=VERTEX_POINT('',#1594);
#460=VERTEX_POINT('',#1595);
#461=VERTEX_POINT('',#1618);
#462=VERTEX_POINT('',#1620);
#463=VERTEX_POINT('',#1625);
#464=VERTEX_POINT('',#1682);
#465=VERTEX_POINT('',#1684);
#466=VERTEX_POINT('',#1695);
#467=VERTEX_POINT('',#1696);
#468=VERTEX_POINT('',#1711);
#469=VERTEX_POINT('',#1713);
#470=VERTEX_POINT('',#1730);
#471=VERTEX_POINT('',#1732);
#472=VERTEX_POINT('',#1736);
#473=VERTEX_POINT('',#1753);
#474=VERTEX_POINT('',#1772);
#475=VERTEX_POINT('',#1774);
#476=VERTEX_POINT('',#1776);
#477=VERTEX_POINT('',#1778);
#478=VERTEX_POINT('',#1780);
#479=VERTEX_POINT('',#1784);
#480=VERTEX_POINT('',#1788);
#481=VERTEX_POINT('',#1790);
#482=VERTEX_POINT('',#1792);
#483=VERTEX_POINT('',#1794);
#484=VERTEX_POINT('',#1796);
#485=VERTEX_POINT('',#1798);
#486=VERTEX_POINT('',#1802);
#487=VERTEX_POINT('',#1803);
#488=VERTEX_POINT('',#1818);
#489=VERTEX_POINT('',#1820);
#490=VERTEX_POINT('',#1837);
#491=VERTEX_POINT('',#1839);
#492=VERTEX_POINT('',#1843);
#493=VERTEX_POINT('',#1860);
#494=VERTEX_POINT('',#1879);
#495=VERTEX_POINT('',#1881);
#496=VERTEX_POINT('',#1883);
#497=VERTEX_POINT('',#1885);
#498=VERTEX_POINT('',#1887);
#499=VERTEX_POINT('',#1891);
#500=VERTEX_POINT('',#1895);
#501=VERTEX_POINT('',#1897);
#502=VERTEX_POINT('',#1899);
#503=VERTEX_POINT('',#1901);
#504=VERTEX_POINT('',#1903);
#505=VERTEX_POINT('',#1905);
#506=VERTEX_POINT('',#1909);
#507=VERTEX_POINT('',#1911);
#508=VERTEX_POINT('',#1913);
#509=VERTEX_POINT('',#1915);
#510=VERTEX_POINT('',#1918);
#511=VERTEX_POINT('',#1919);
#512=VERTEX_POINT('',#1921);
#513=VERTEX_POINT('',#1923);
#514=VERTEX_POINT('',#1925);
#515=VERTEX_POINT('',#1927);
#516=VERTEX_POINT('',#1930);
#517=VERTEX_POINT('',#1932);
#518=VERTEX_POINT('',#1934);
#519=VERTEX_POINT('',#1936);
#520=VERTEX_POINT('',#1938);
#521=VERTEX_POINT('',#1942);
#522=VERTEX_POINT('',#1947);
#523=VERTEX_POINT('',#1949);
#524=VERTEX_POINT('',#1951);
#525=VERTEX_POINT('',#1955);
#526=VERTEX_POINT('',#1956);
#527=VERTEX_POINT('',#1958);
#528=VERTEX_POINT('',#1960);
#529=VERTEX_POINT('',#1965);
#530=VERTEX_POINT('',#1966);
#531=VERTEX_POINT('',#1968);
#532=VERTEX_POINT('',#1970);
#533=VERTEX_POINT('',#1972);
#534=VERTEX_POINT('',#1974);
#535=VERTEX_POINT('',#1976);
#536=VERTEX_POINT('',#1978);
#537=VERTEX_POINT('',#1981);
#538=VERTEX_POINT('',#1999);
#539=VERTEX_POINT('',#2000);
#540=VERTEX_POINT('',#2015);
#541=VERTEX_POINT('',#2017);
#542=VERTEX_POINT('',#2034);
#543=VERTEX_POINT('',#2036);
#544=VERTEX_POINT('',#2040);
#545=VERTEX_POINT('',#2057);
#546=VERTEX_POINT('',#2076);
#547=VERTEX_POINT('',#2078);
#548=VERTEX_POINT('',#2081);
#549=VERTEX_POINT('',#2085);
#550=VERTEX_POINT('',#2089);
#551=VERTEX_POINT('',#2093);
#552=EDGE_CURVE('',#451,#452,#436,.T.);
#553=EDGE_CURVE('',#453,#451,#375,.T.);
#554=EDGE_CURVE('',#452,#453,#437,.T.);
#555=EDGE_CURVE('',#452,#454,#211,.T.);
#556=EDGE_CURVE('',#454,#454,#376,.T.);
#557=EDGE_CURVE('',#454,#455,#212,.T.);
#558=EDGE_CURVE('',#455,#455,#377,.T.);
#559=EDGE_CURVE('',#456,#456,#378,.T.);
#560=EDGE_CURVE('',#456,#457,#213,.T.);
#561=EDGE_CURVE('',#457,#457,#379,.T.);
#562=EDGE_CURVE('',#457,#458,#214,.T.);
#563=EDGE_CURVE('',#458,#458,#380,.T.);
#564=EDGE_CURVE('',#459,#460,#438,.T.);
#565=EDGE_CURVE('',#461,#459,#381,.T.);
#566=EDGE_CURVE('',#461,#462,#215,.T.);
#567=EDGE_CURVE('',#462,#462,#382,.T.);
#568=EDGE_CURVE('',#460,#461,#383,.T.);
#569=EDGE_CURVE('',#462,#463,#216,.T.);
#570=EDGE_CURVE('',#463,#463,#384,.T.);
#571=EDGE_CURVE('',#464,#453,#385,.T.);
#572=EDGE_CURVE('',#465,#464,#59,.T.);
#573=EDGE_CURVE('',#465,#465,#386,.T.);
#574=EDGE_CURVE('',#459,#464,#387,.T.);
#575=EDGE_CURVE('',#451,#460,#388,.T.);
#576=EDGE_CURVE('',#466,#467,#439,.T.);
#577=EDGE_CURVE('',#467,#468,#217,.T.);
#578=EDGE_CURVE('',#468,#469,#440,.T.);
#579=EDGE_CURVE('',#466,#469,#218,.T.);
#580=EDGE_CURVE('',#470,#467,#389,.T.);
#581=EDGE_CURVE('',#471,#470,#219,.T.);
#582=EDGE_CURVE('',#468,#471,#390,.T.);
#583=EDGE_CURVE('',#466,#472,#391,.T.);
#584=EDGE_CURVE('',#470,#472,#441,.T.);
#585=EDGE_CURVE('',#471,#473,#442,.T.);
#586=EDGE_CURVE('',#473,#469,#392,.T.);
#587=EDGE_CURVE('',#472,#473,#220,.T.);
#588=EDGE_CURVE('',#474,#473,#221,.T.);
#589=EDGE_CURVE('',#474,#475,#393,.T.);
#590=EDGE_CURVE('',#476,#475,#222,.T.);
#591=EDGE_CURVE('',#477,#476,#394,.T.);
#592=EDGE_CURVE('',#477,#478,#223,.T.);
#593=EDGE_CURVE('',#478,#469,#395,.T.);
#594=EDGE_CURVE('',#479,#472,#224,.T.);
#595=EDGE_CURVE('',#479,#474,#225,.T.);
#596=EDGE_CURVE('',#466,#480,#396,.T.);
#597=EDGE_CURVE('',#480,#481,#226,.T.);
#598=EDGE_CURVE('',#481,#482,#397,.T.);
#599=EDGE_CURVE('',#483,#482,#227,.T.);
#600=EDGE_CURVE('',#483,#484,#398,.T.);
#601=EDGE_CURVE('',#485,#484,#228,.T.);
#602=EDGE_CURVE('',#479,#485,#399,.T.);
#603=EDGE_CURVE('',#486,#487,#443,.T.);
#604=EDGE_CURVE('',#487,#488,#229,.T.);
#605=EDGE_CURVE('',#488,#489,#444,.T.);
#606=EDGE_CURVE('',#486,#489,#230,.T.);
#607=EDGE_CURVE('',#490,#487,#400,.T.);
#608=EDGE_CURVE('',#491,#490,#231,.T.);
#609=EDGE_CURVE('',#488,#491,#401,.T.);
#610=EDGE_CURVE('',#486,#492,#402,.T.);
#611=EDGE_CURVE('',#490,#492,#445,.T.);
#612=EDGE_CURVE('',#491,#493,#446,.T.);
#613=EDGE_CURVE('',#493,#489,#403,.T.);
#614=EDGE_CURVE('',#492,#493,#232,.T.);
#615=EDGE_CURVE('',#494,#493,#233,.T.);
#616=EDGE_CURVE('',#494,#495,#404,.T.);
#617=EDGE_CURVE('',#496,#495,#234,.T.);
#618=EDGE_CURVE('',#497,#496,#405,.T.);
#619=EDGE_CURVE('',#497,#498,#235,.T.);
#620=EDGE_CURVE('',#498,#489,#406,.T.);
#621=EDGE_CURVE('',#499,#492,#236,.T.);
#622=EDGE_CURVE('',#499,#494,#237,.T.);
#623=EDGE_CURVE('',#486,#500,#407,.T.);
#624=EDGE_CURVE('',#500,#501,#238,.T.);
#625=EDGE_CURVE('',#501,#502,#408,.T.);
#626=EDGE_CURVE('',#503,#502,#239,.T.);
#627=EDGE_CURVE('',#503,#504,#409,.T.);
#628=EDGE_CURVE('',#505,#504,#240,.T.);
#629=EDGE_CURVE('',#499,#505,#410,.T.);
#630=EDGE_CURVE('',#484,#506,#241,.T.);
#631=EDGE_CURVE('',#483,#507,#242,.T.);
#632=EDGE_CURVE('',#507,#508,#411,.T.);
#633=EDGE_CURVE('',#508,#509,#243,.T.);
#634=EDGE_CURVE('',#509,#506,#412,.T.);
#635=EDGE_CURVE('',#510,#511,#244,.T.);
#636=EDGE_CURVE('',#512,#510,#413,.T.);
#637=EDGE_CURVE('',#512,#513,#245,.T.);
#638=EDGE_CURVE('',#513,#514,#414,.T.);
#639=EDGE_CURVE('',#514,#515,#246,.T.);
#640=EDGE_CURVE('',#515,#511,#415,.T.);
#641=EDGE_CURVE('',#516,#516,#416,.T.);
#642=EDGE_CURVE('',#504,#517,#247,.T.);
#643=EDGE_CURVE('',#503,#518,#248,.T.);
#644=EDGE_CURVE('',#518,#519,#417,.T.);
#645=EDGE_CURVE('',#519,#520,#249,.T.);
#646=EDGE_CURVE('',#520,#517,#418,.T.);
#647=EDGE_CURVE('',#521,#506,#250,.T.);
#648=EDGE_CURVE('',#521,#476,#251,.T.);
#649=EDGE_CURVE('',#475,#485,#252,.T.);
#650=EDGE_CURVE('',#521,#522,#419,.T.);
#651=EDGE_CURVE('',#522,#523,#253,.T.);
#652=EDGE_CURVE('',#523,#524,#420,.T.);
#653=EDGE_CURVE('',#524,#482,#254,.T.);
#654=EDGE_CURVE('',#481,#477,#255,.T.);
#655=EDGE_CURVE('',#525,#526,#421,.T.);
#656=EDGE_CURVE('',#526,#527,#256,.T.);
#657=EDGE_CURVE('',#527,#528,#422,.T.);
#658=EDGE_CURVE('',#528,#502,#257,.T.);
#659=EDGE_CURVE('',#501,#497,#258,.T.);
#660=EDGE_CURVE('',#525,#496,#259,.T.);
#661=EDGE_CURVE('',#529,#530,#423,.T.);
#662=EDGE_CURVE('',#530,#531,#260,.T.);
#663=EDGE_CURVE('',#531,#532,#424,.T.);
#664=EDGE_CURVE('',#532,#533,#261,.T.);
#665=EDGE_CURVE('',#534,#533,#425,.T.);
#666=EDGE_CURVE('',#534,#535,#262,.T.);
#667=EDGE_CURVE('',#535,#536,#426,.T.);
#668=EDGE_CURVE('',#529,#536,#263,.T.);
#669=EDGE_CURVE('',#537,#537,#427,.T.);
#670=EDGE_CURVE('',#525,#517,#264,.T.);
#671=EDGE_CURVE('',#495,#505,#265,.T.);
#672=EDGE_CURVE('',#478,#480,#266,.T.);
#673=EDGE_CURVE('',#498,#500,#267,.T.);
#674=EDGE_CURVE('',#507,#524,#268,.T.);
#675=EDGE_CURVE('',#518,#528,#269,.T.);
#676=EDGE_CURVE('',#538,#539,#447,.T.);
#677=EDGE_CURVE('',#539,#540,#270,.T.);
#678=EDGE_CURVE('',#540,#541,#448,.T.);
#679=EDGE_CURVE('',#538,#541,#271,.T.);
#680=EDGE_CURVE('',#542,#539,#428,.T.);
#681=EDGE_CURVE('',#543,#542,#272,.T.);
#682=EDGE_CURVE('',#540,#543,#429,.T.);
#683=EDGE_CURVE('',#538,#544,#430,.T.);
#684=EDGE_CURVE('',#542,#544,#449,.T.);
#685=EDGE_CURVE('',#543,#545,#450,.T.);
#686=EDGE_CURVE('',#545,#541,#431,.T.);
#687=EDGE_CURVE('',#544,#545,#273,.T.);
#688=EDGE_CURVE('',#546,#545,#274,.T.);
#689=EDGE_CURVE('',#546,#547,#432,.T.);
#690=EDGE_CURVE('',#536,#547,#275,.T.);
#691=EDGE_CURVE('',#535,#548,#276,.T.);
#692=EDGE_CURVE('',#548,#541,#433,.T.);
#693=EDGE_CURVE('',#549,#544,#277,.T.);
#694=EDGE_CURVE('',#549,#546,#278,.T.);
#695=EDGE_CURVE('',#538,#550,#434,.T.);
#696=EDGE_CURVE('',#550,#534,#279,.T.);
#697=EDGE_CURVE('',#512,#533,#280,.T.);
#698=EDGE_CURVE('',#551,#510,#281,.T.);
#699=EDGE_CURVE('',#549,#551,#435,.T.);
#700=EDGE_CURVE('',#529,#511,#282,.T.);
#701=EDGE_CURVE('',#547,#551,#283,.T.);
#702=EDGE_CURVE('',#548,#550,#284,.T.);
#703=EDGE_CURVE('',#513,#532,#285,.T.);
#704=EDGE_CURVE('',#514,#531,#286,.T.);
#705=EDGE_CURVE('',#515,#530,#287,.T.);
#706=EDGE_CURVE('',#508,#523,#288,.T.);
#707=EDGE_CURVE('',#509,#522,#289,.T.);
#708=EDGE_CURVE('',#519,#527,#290,.T.);
#709=EDGE_CURVE('',#520,#526,#291,.T.);
#710=EDGE_CURVE('',#516,#537,#292,.T.);
#711=ORIENTED_EDGE('',*,*,#552,.F.);
#712=ORIENTED_EDGE('',*,*,#553,.F.);
#713=ORIENTED_EDGE('',*,*,#554,.F.);
#714=ORIENTED_EDGE('',*,*,#555,.T.);
#715=ORIENTED_EDGE('',*,*,#556,.T.);
#716=ORIENTED_EDGE('',*,*,#555,.F.);
#717=ORIENTED_EDGE('',*,*,#556,.F.);
#718=ORIENTED_EDGE('',*,*,#557,.T.);
#719=ORIENTED_EDGE('',*,*,#558,.F.);
#720=ORIENTED_EDGE('',*,*,#557,.F.);
#721=ORIENTED_EDGE('',*,*,#559,.F.);
#722=ORIENTED_EDGE('',*,*,#560,.T.);
#723=ORIENTED_EDGE('',*,*,#561,.T.);
#724=ORIENTED_EDGE('',*,*,#560,.F.);
#725=ORIENTED_EDGE('',*,*,#561,.F.);
#726=ORIENTED_EDGE('',*,*,#562,.T.);
#727=ORIENTED_EDGE('',*,*,#563,.F.);
#728=ORIENTED_EDGE('',*,*,#562,.F.);
#729=ORIENTED_EDGE('',*,*,#564,.F.);
#730=ORIENTED_EDGE('',*,*,#565,.F.);
#731=ORIENTED_EDGE('',*,*,#566,.T.);
#732=ORIENTED_EDGE('',*,*,#567,.T.);
#733=ORIENTED_EDGE('',*,*,#566,.F.);
#734=ORIENTED_EDGE('',*,*,#568,.F.);
#735=ORIENTED_EDGE('',*,*,#567,.F.);
#736=ORIENTED_EDGE('',*,*,#569,.T.);
#737=ORIENTED_EDGE('',*,*,#570,.F.);
#738=ORIENTED_EDGE('',*,*,#569,.F.);
#739=ORIENTED_EDGE('',*,*,#552,.T.);
#740=ORIENTED_EDGE('',*,*,#554,.T.);
#741=ORIENTED_EDGE('',*,*,#571,.F.);
#742=ORIENTED_EDGE('',*,*,#572,.F.);
#743=ORIENTED_EDGE('',*,*,#573,.T.);
#744=ORIENTED_EDGE('',*,*,#572,.T.);
#745=ORIENTED_EDGE('',*,*,#574,.F.);
#746=ORIENTED_EDGE('',*,*,#564,.T.);
#747=ORIENTED_EDGE('',*,*,#575,.F.);
#748=ORIENTED_EDGE('',*,*,#576,.T.);
#749=ORIENTED_EDGE('',*,*,#577,.T.);
#750=ORIENTED_EDGE('',*,*,#578,.T.);
#751=ORIENTED_EDGE('',*,*,#579,.F.);
#752=ORIENTED_EDGE('',*,*,#577,.F.);
#753=ORIENTED_EDGE('',*,*,#580,.F.);
#754=ORIENTED_EDGE('',*,*,#581,.F.);
#755=ORIENTED_EDGE('',*,*,#582,.F.);
#756=ORIENTED_EDGE('',*,*,#576,.F.);
#757=ORIENTED_EDGE('',*,*,#583,.T.);
#758=ORIENTED_EDGE('',*,*,#584,.F.);
#759=ORIENTED_EDGE('',*,*,#580,.T.);
#760=ORIENTED_EDGE('',*,*,#578,.F.);
#761=ORIENTED_EDGE('',*,*,#582,.T.);
#762=ORIENTED_EDGE('',*,*,#585,.T.);
#763=ORIENTED_EDGE('',*,*,#586,.T.);
#764=ORIENTED_EDGE('',*,*,#587,.T.);
#765=ORIENTED_EDGE('',*,*,#585,.F.);
#766=ORIENTED_EDGE('',*,*,#581,.T.);
#767=ORIENTED_EDGE('',*,*,#584,.T.);
#768=ORIENTED_EDGE('',*,*,#586,.F.);
#769=ORIENTED_EDGE('',*,*,#588,.F.);
#770=ORIENTED_EDGE('',*,*,#589,.T.);
#771=ORIENTED_EDGE('',*,*,#590,.F.);
#772=ORIENTED_EDGE('',*,*,#591,.F.);
#773=ORIENTED_EDGE('',*,*,#592,.T.);
#774=ORIENTED_EDGE('',*,*,#593,.T.);
#775=ORIENTED_EDGE('',*,*,#587,.F.);
#776=ORIENTED_EDGE('',*,*,#594,.F.);
#777=ORIENTED_EDGE('',*,*,#595,.T.);
#778=ORIENTED_EDGE('',*,*,#588,.T.);
#779=ORIENTED_EDGE('',*,*,#583,.F.);
#780=ORIENTED_EDGE('',*,*,#596,.T.);
#781=ORIENTED_EDGE('',*,*,#597,.T.);
#782=ORIENTED_EDGE('',*,*,#598,.T.);
#783=ORIENTED_EDGE('',*,*,#599,.F.);
#784=ORIENTED_EDGE('',*,*,#600,.T.);
#785=ORIENTED_EDGE('',*,*,#601,.F.);
#786=ORIENTED_EDGE('',*,*,#602,.F.);
#787=ORIENTED_EDGE('',*,*,#594,.T.);
#788=ORIENTED_EDGE('',*,*,#603,.T.);
#789=ORIENTED_EDGE('',*,*,#604,.T.);
#790=ORIENTED_EDGE('',*,*,#605,.T.);
#791=ORIENTED_EDGE('',*,*,#606,.F.);
#792=ORIENTED_EDGE('',*,*,#604,.F.);
#793=ORIENTED_EDGE('',*,*,#607,.F.);
#794=ORIENTED_EDGE('',*,*,#608,.F.);
#795=ORIENTED_EDGE('',*,*,#609,.F.);
#796=ORIENTED_EDGE('',*,*,#603,.F.);
#797=ORIENTED_EDGE('',*,*,#610,.T.);
#798=ORIENTED_EDGE('',*,*,#611,.F.);
#799=ORIENTED_EDGE('',*,*,#607,.T.);
#800=ORIENTED_EDGE('',*,*,#605,.F.);
#801=ORIENTED_EDGE('',*,*,#609,.T.);
#802=ORIENTED_EDGE('',*,*,#612,.T.);
#803=ORIENTED_EDGE('',*,*,#613,.T.);
#804=ORIENTED_EDGE('',*,*,#614,.T.);
#805=ORIENTED_EDGE('',*,*,#612,.F.);
#806=ORIENTED_EDGE('',*,*,#608,.T.);
#807=ORIENTED_EDGE('',*,*,#611,.T.);
#808=ORIENTED_EDGE('',*,*,#613,.F.);
#809=ORIENTED_EDGE('',*,*,#615,.F.);
#810=ORIENTED_EDGE('',*,*,#616,.T.);
#811=ORIENTED_EDGE('',*,*,#617,.F.);
#812=ORIENTED_EDGE('',*,*,#618,.F.);
#813=ORIENTED_EDGE('',*,*,#619,.T.);
#814=ORIENTED_EDGE('',*,*,#620,.T.);
#815=ORIENTED_EDGE('',*,*,#614,.F.);
#816=ORIENTED_EDGE('',*,*,#621,.F.);
#817=ORIENTED_EDGE('',*,*,#622,.T.);
#818=ORIENTED_EDGE('',*,*,#615,.T.);
#819=ORIENTED_EDGE('',*,*,#610,.F.);
#820=ORIENTED_EDGE('',*,*,#623,.T.);
#821=ORIENTED_EDGE('',*,*,#624,.T.);
#822=ORIENTED_EDGE('',*,*,#625,.T.);
#823=ORIENTED_EDGE('',*,*,#626,.F.);
#824=ORIENTED_EDGE('',*,*,#627,.T.);
#825=ORIENTED_EDGE('',*,*,#628,.F.);
#826=ORIENTED_EDGE('',*,*,#629,.F.);
#827=ORIENTED_EDGE('',*,*,#621,.T.);
#828=ORIENTED_EDGE('',*,*,#573,.F.);
#829=ORIENTED_EDGE('',*,*,#630,.F.);
#830=ORIENTED_EDGE('',*,*,#600,.F.);
#831=ORIENTED_EDGE('',*,*,#631,.T.);
#832=ORIENTED_EDGE('',*,*,#632,.T.);
#833=ORIENTED_EDGE('',*,*,#633,.T.);
#834=ORIENTED_EDGE('',*,*,#634,.T.);
#835=ORIENTED_EDGE('',*,*,#635,.F.);
#836=ORIENTED_EDGE('',*,*,#636,.F.);
#837=ORIENTED_EDGE('',*,*,#637,.T.);
#838=ORIENTED_EDGE('',*,*,#638,.T.);
#839=ORIENTED_EDGE('',*,*,#639,.T.);
#840=ORIENTED_EDGE('',*,*,#640,.T.);
#841=ORIENTED_EDGE('',*,*,#641,.T.);
#842=ORIENTED_EDGE('',*,*,#642,.F.);
#843=ORIENTED_EDGE('',*,*,#627,.F.);
#844=ORIENTED_EDGE('',*,*,#643,.T.);
#845=ORIENTED_EDGE('',*,*,#644,.T.);
#846=ORIENTED_EDGE('',*,*,#645,.T.);
#847=ORIENTED_EDGE('',*,*,#646,.T.);
#848=ORIENTED_EDGE('',*,*,#570,.T.);
#849=ORIENTED_EDGE('',*,*,#563,.T.);
#850=ORIENTED_EDGE('',*,*,#558,.T.);
#851=ORIENTED_EDGE('',*,*,#647,.F.);
#852=ORIENTED_EDGE('',*,*,#648,.T.);
#853=ORIENTED_EDGE('',*,*,#590,.T.);
#854=ORIENTED_EDGE('',*,*,#649,.T.);
#855=ORIENTED_EDGE('',*,*,#601,.T.);
#856=ORIENTED_EDGE('',*,*,#630,.T.);
#857=ORIENTED_EDGE('',*,*,#553,.T.);
#858=ORIENTED_EDGE('',*,*,#575,.T.);
#859=ORIENTED_EDGE('',*,*,#568,.T.);
#860=ORIENTED_EDGE('',*,*,#565,.T.);
#861=ORIENTED_EDGE('',*,*,#574,.T.);
#862=ORIENTED_EDGE('',*,*,#571,.T.);
#863=ORIENTED_EDGE('',*,*,#559,.T.);
#864=ORIENTED_EDGE('',*,*,#650,.T.);
#865=ORIENTED_EDGE('',*,*,#651,.T.);
#866=ORIENTED_EDGE('',*,*,#652,.T.);
#867=ORIENTED_EDGE('',*,*,#653,.T.);
#868=ORIENTED_EDGE('',*,*,#598,.F.);
#869=ORIENTED_EDGE('',*,*,#654,.T.);
#870=ORIENTED_EDGE('',*,*,#591,.T.);
#871=ORIENTED_EDGE('',*,*,#648,.F.);
#872=ORIENTED_EDGE('',*,*,#655,.T.);
#873=ORIENTED_EDGE('',*,*,#656,.T.);
#874=ORIENTED_EDGE('',*,*,#657,.T.);
#875=ORIENTED_EDGE('',*,*,#658,.T.);
#876=ORIENTED_EDGE('',*,*,#625,.F.);
#877=ORIENTED_EDGE('',*,*,#659,.T.);
#878=ORIENTED_EDGE('',*,*,#618,.T.);
#879=ORIENTED_EDGE('',*,*,#660,.F.);
#880=ORIENTED_EDGE('',*,*,#661,.T.);
#881=ORIENTED_EDGE('',*,*,#662,.T.);
#882=ORIENTED_EDGE('',*,*,#663,.T.);
#883=ORIENTED_EDGE('',*,*,#664,.T.);
#884=ORIENTED_EDGE('',*,*,#665,.F.);
#885=ORIENTED_EDGE('',*,*,#666,.T.);
#886=ORIENTED_EDGE('',*,*,#667,.T.);
#887=ORIENTED_EDGE('',*,*,#668,.F.);
#888=ORIENTED_EDGE('',*,*,#669,.T.);
#889=ORIENTED_EDGE('',*,*,#670,.F.);
#890=ORIENTED_EDGE('',*,*,#660,.T.);
#891=ORIENTED_EDGE('',*,*,#617,.T.);
#892=ORIENTED_EDGE('',*,*,#671,.T.);
#893=ORIENTED_EDGE('',*,*,#628,.T.);
#894=ORIENTED_EDGE('',*,*,#642,.T.);
#895=ORIENTED_EDGE('',*,*,#579,.T.);
#896=ORIENTED_EDGE('',*,*,#593,.F.);
#897=ORIENTED_EDGE('',*,*,#672,.T.);
#898=ORIENTED_EDGE('',*,*,#596,.F.);
#899=ORIENTED_EDGE('',*,*,#597,.F.);
#900=ORIENTED_EDGE('',*,*,#672,.F.);
#901=ORIENTED_EDGE('',*,*,#592,.F.);
#902=ORIENTED_EDGE('',*,*,#654,.F.);
#903=ORIENTED_EDGE('',*,*,#606,.T.);
#904=ORIENTED_EDGE('',*,*,#620,.F.);
#905=ORIENTED_EDGE('',*,*,#673,.T.);
#906=ORIENTED_EDGE('',*,*,#623,.F.);
#907=ORIENTED_EDGE('',*,*,#624,.F.);
#908=ORIENTED_EDGE('',*,*,#673,.F.);
#909=ORIENTED_EDGE('',*,*,#619,.F.);
#910=ORIENTED_EDGE('',*,*,#659,.F.);
#911=ORIENTED_EDGE('',*,*,#602,.T.);
#912=ORIENTED_EDGE('',*,*,#649,.F.);
#913=ORIENTED_EDGE('',*,*,#589,.F.);
#914=ORIENTED_EDGE('',*,*,#595,.F.);
#915=ORIENTED_EDGE('',*,*,#629,.T.);
#916=ORIENTED_EDGE('',*,*,#671,.F.);
#917=ORIENTED_EDGE('',*,*,#616,.F.);
#918=ORIENTED_EDGE('',*,*,#622,.F.);
#919=ORIENTED_EDGE('',*,*,#599,.T.);
#920=ORIENTED_EDGE('',*,*,#653,.F.);
#921=ORIENTED_EDGE('',*,*,#674,.F.);
#922=ORIENTED_EDGE('',*,*,#631,.F.);
#923=ORIENTED_EDGE('',*,*,#626,.T.);
#924=ORIENTED_EDGE('',*,*,#658,.F.);
#925=ORIENTED_EDGE('',*,*,#675,.F.);
#926=ORIENTED_EDGE('',*,*,#643,.F.);
#927=ORIENTED_EDGE('',*,*,#676,.T.);
#928=ORIENTED_EDGE('',*,*,#677,.T.);
#929=ORIENTED_EDGE('',*,*,#678,.T.);
#930=ORIENTED_EDGE('',*,*,#679,.F.);
#931=ORIENTED_EDGE('',*,*,#677,.F.);
#932=ORIENTED_EDGE('',*,*,#680,.F.);
#933=ORIENTED_EDGE('',*,*,#681,.F.);
#934=ORIENTED_EDGE('',*,*,#682,.F.);
#935=ORIENTED_EDGE('',*,*,#676,.F.);
#936=ORIENTED_EDGE('',*,*,#683,.T.);
#937=ORIENTED_EDGE('',*,*,#684,.F.);
#938=ORIENTED_EDGE('',*,*,#680,.T.);
#939=ORIENTED_EDGE('',*,*,#678,.F.);
#940=ORIENTED_EDGE('',*,*,#682,.T.);
#941=ORIENTED_EDGE('',*,*,#685,.T.);
#942=ORIENTED_EDGE('',*,*,#686,.T.);
#943=ORIENTED_EDGE('',*,*,#687,.T.);
#944=ORIENTED_EDGE('',*,*,#685,.F.);
#945=ORIENTED_EDGE('',*,*,#681,.T.);
#946=ORIENTED_EDGE('',*,*,#684,.T.);
#947=ORIENTED_EDGE('',*,*,#686,.F.);
#948=ORIENTED_EDGE('',*,*,#688,.F.);
#949=ORIENTED_EDGE('',*,*,#689,.T.);
#950=ORIENTED_EDGE('',*,*,#690,.F.);
#951=ORIENTED_EDGE('',*,*,#667,.F.);
#952=ORIENTED_EDGE('',*,*,#691,.T.);
#953=ORIENTED_EDGE('',*,*,#692,.T.);
#954=ORIENTED_EDGE('',*,*,#687,.F.);
#955=ORIENTED_EDGE('',*,*,#693,.F.);
#956=ORIENTED_EDGE('',*,*,#694,.T.);
#957=ORIENTED_EDGE('',*,*,#688,.T.);
#958=ORIENTED_EDGE('',*,*,#683,.F.);
#959=ORIENTED_EDGE('',*,*,#695,.T.);
#960=ORIENTED_EDGE('',*,*,#696,.T.);
#961=ORIENTED_EDGE('',*,*,#665,.T.);
#962=ORIENTED_EDGE('',*,*,#697,.F.);
#963=ORIENTED_EDGE('',*,*,#636,.T.);
#964=ORIENTED_EDGE('',*,*,#698,.F.);
#965=ORIENTED_EDGE('',*,*,#699,.F.);
#966=ORIENTED_EDGE('',*,*,#693,.T.);
#967=ORIENTED_EDGE('',*,*,#700,.F.);
#968=ORIENTED_EDGE('',*,*,#668,.T.);
#969=ORIENTED_EDGE('',*,*,#690,.T.);
#970=ORIENTED_EDGE('',*,*,#701,.T.);
#971=ORIENTED_EDGE('',*,*,#698,.T.);
#972=ORIENTED_EDGE('',*,*,#635,.T.);
#973=ORIENTED_EDGE('',*,*,#679,.T.);
#974=ORIENTED_EDGE('',*,*,#692,.F.);
#975=ORIENTED_EDGE('',*,*,#702,.T.);
#976=ORIENTED_EDGE('',*,*,#695,.F.);
#977=ORIENTED_EDGE('',*,*,#696,.F.);
#978=ORIENTED_EDGE('',*,*,#702,.F.);
#979=ORIENTED_EDGE('',*,*,#691,.F.);
#980=ORIENTED_EDGE('',*,*,#666,.F.);
#981=ORIENTED_EDGE('',*,*,#699,.T.);
#982=ORIENTED_EDGE('',*,*,#701,.F.);
#983=ORIENTED_EDGE('',*,*,#689,.F.);
#984=ORIENTED_EDGE('',*,*,#694,.F.);
#985=ORIENTED_EDGE('',*,*,#697,.T.);
#986=ORIENTED_EDGE('',*,*,#664,.F.);
#987=ORIENTED_EDGE('',*,*,#703,.F.);
#988=ORIENTED_EDGE('',*,*,#637,.F.);
#989=ORIENTED_EDGE('',*,*,#639,.F.);
#990=ORIENTED_EDGE('',*,*,#704,.T.);
#991=ORIENTED_EDGE('',*,*,#662,.F.);
#992=ORIENTED_EDGE('',*,*,#705,.F.);
#993=ORIENTED_EDGE('',*,*,#638,.F.);
#994=ORIENTED_EDGE('',*,*,#703,.T.);
#995=ORIENTED_EDGE('',*,*,#663,.F.);
#996=ORIENTED_EDGE('',*,*,#704,.F.);
#997=ORIENTED_EDGE('',*,*,#700,.T.);
#998=ORIENTED_EDGE('',*,*,#640,.F.);
#999=ORIENTED_EDGE('',*,*,#705,.T.);
#1000=ORIENTED_EDGE('',*,*,#661,.F.);
#1001=ORIENTED_EDGE('',*,*,#633,.F.);
#1002=ORIENTED_EDGE('',*,*,#706,.T.);
#1003=ORIENTED_EDGE('',*,*,#651,.F.);
#1004=ORIENTED_EDGE('',*,*,#707,.F.);
#1005=ORIENTED_EDGE('',*,*,#632,.F.);
#1006=ORIENTED_EDGE('',*,*,#674,.T.);
#1007=ORIENTED_EDGE('',*,*,#652,.F.);
#1008=ORIENTED_EDGE('',*,*,#706,.F.);
#1009=ORIENTED_EDGE('',*,*,#647,.T.);
#1010=ORIENTED_EDGE('',*,*,#634,.F.);
#1011=ORIENTED_EDGE('',*,*,#707,.T.);
#1012=ORIENTED_EDGE('',*,*,#650,.F.);
#1013=ORIENTED_EDGE('',*,*,#645,.F.);
#1014=ORIENTED_EDGE('',*,*,#708,.T.);
#1015=ORIENTED_EDGE('',*,*,#656,.F.);
#1016=ORIENTED_EDGE('',*,*,#709,.F.);
#1017=ORIENTED_EDGE('',*,*,#644,.F.);
#1018=ORIENTED_EDGE('',*,*,#675,.T.);
#1019=ORIENTED_EDGE('',*,*,#657,.F.);
#1020=ORIENTED_EDGE('',*,*,#708,.F.);
#1021=ORIENTED_EDGE('',*,*,#670,.T.);
#1022=ORIENTED_EDGE('',*,*,#646,.F.);
#1023=ORIENTED_EDGE('',*,*,#709,.T.);
#1024=ORIENTED_EDGE('',*,*,#655,.F.);
#1025=ORIENTED_EDGE('',*,*,#641,.F.);
#1026=ORIENTED_EDGE('',*,*,#710,.T.);
#1027=ORIENTED_EDGE('',*,*,#669,.F.);
#1028=ORIENTED_EDGE('',*,*,#710,.F.);
#1029=CONICAL_SURFACE('',#1104,1.375,0.785398163397448);
#1030=CONICAL_SURFACE('',#1109,1.375,0.785398163397448);
#1031=CONICAL_SURFACE('',#1114,1.375,0.785398163397448);
#1032=ADVANCED_FACE('',(#83),#1029,.F.);
#1033=ADVANCED_FACE('',(#84),#61,.F.);
#1034=ADVANCED_FACE('',(#85),#1030,.F.);
#1035=ADVANCED_FACE('',(#86),#62,.F.);
#1036=ADVANCED_FACE('',(#87),#1031,.F.);
#1037=ADVANCED_FACE('',(#88),#63,.F.);
#1038=ADVANCED_FACE('',(#89),#60,.T.);
#1039=ADVANCED_FACE('',(#90),#64,.T.);
#1040=ADVANCED_FACE('',(#91),#33,.T.);
#1041=ADVANCED_FACE('',(#92),#27,.T.);
#1042=ADVANCED_FACE('',(#93),#28,.T.);
#1043=ADVANCED_FACE('',(#94),#65,.T.);
#1044=ADVANCED_FACE('',(#95),#66,.T.);
#1045=ADVANCED_FACE('',(#96),#34,.F.);
#1046=ADVANCED_FACE('',(#97),#67,.F.);
#1047=ADVANCED_FACE('',(#98),#68,.T.);
#1048=ADVANCED_FACE('',(#99),#35,.T.);
#1049=ADVANCED_FACE('',(#100),#29,.T.);
#1050=ADVANCED_FACE('',(#101),#30,.T.);
#1051=ADVANCED_FACE('',(#102),#69,.T.);
#1052=ADVANCED_FACE('',(#103),#70,.T.);
#1053=ADVANCED_FACE('',(#104),#36,.F.);
#1054=ADVANCED_FACE('',(#105),#71,.F.);
#1055=ADVANCED_FACE('',(#106,#15,#16,#17,#18,#19,#20,#21),#37,.T.);
#1056=ADVANCED_FACE('',(#107),#38,.T.);
#1057=ADVANCED_FACE('',(#108,#22,#23,#24,#25,#26),#39,.T.);
#1058=ADVANCED_FACE('',(#109),#40,.T.);
#1059=ADVANCED_FACE('',(#110),#41,.F.);
#1060=ADVANCED_FACE('',(#111),#42,.F.);
#1061=ADVANCED_FACE('',(#112),#43,.F.);
#1062=ADVANCED_FACE('',(#113),#44,.F.);
#1063=ADVANCED_FACE('',(#114),#45,.T.);
#1064=ADVANCED_FACE('',(#115),#46,.T.);
#1065=ADVANCED_FACE('',(#116),#47,.F.);
#1066=ADVANCED_FACE('',(#117),#48,.F.);
#1067=ADVANCED_FACE('',(#118),#72,.T.);
#1068=ADVANCED_FACE('',(#119),#49,.T.);
#1069=ADVANCED_FACE('',(#120),#31,.T.);
#1070=ADVANCED_FACE('',(#121),#32,.T.);
#1071=ADVANCED_FACE('',(#122),#73,.T.);
#1072=ADVANCED_FACE('',(#123),#74,.T.);
#1073=ADVANCED_FACE('',(#124),#50,.F.);
#1074=ADVANCED_FACE('',(#125),#75,.F.);
#1075=ADVANCED_FACE('',(#126),#51,.T.);
#1076=ADVANCED_FACE('',(#127),#52,.F.);
#1077=ADVANCED_FACE('',(#128),#53,.F.);
#1078=ADVANCED_FACE('',(#129),#54,.T.);
#1079=ADVANCED_FACE('',(#130),#55,.F.);
#1080=ADVANCED_FACE('',(#131),#56,.F.);
#1081=ADVANCED_FACE('',(#132),#76,.T.);
#1082=ADVANCED_FACE('',(#133),#77,.F.);
#1083=ADVANCED_FACE('',(#134),#57,.F.);
#1084=ADVANCED_FACE('',(#135),#78,.T.);
#1085=ADVANCED_FACE('',(#136),#79,.F.);
#1086=ADVANCED_FACE('',(#137),#58,.F.);
#1087=ADVANCED_FACE('',(#138),#80,.T.);
#1088=ADVANCED_FACE('',(#139),#81,.F.);
#1089=ADVANCED_FACE('',(#140),#82,.F.);
#1090=CLOSED_SHELL('',(#1032,#1033,#1034,#1035,#1036,#1037,#1038,#1039,
#1040,#1041,#1042,#1043,#1044,#1045,#1046,#1047,#1048,#1049,#1050,#1051,
#1052,#1053,#1054,#1055,#1056,#1057,#1058,#1059,#1060,#1061,#1062,#1063,
#1064,#1065,#1066,#1067,#1068,#1069,#1070,#1071,#1072,#1073,#1074,#1075,
#1076,#1077,#1078,#1079,#1080,#1081,#1082,#1083,#1084,#1085,#1086,#1087,
#1088,#1089));
#1091=DERIVED_UNIT_ELEMENT(#1093,1.);
#1092=DERIVED_UNIT_ELEMENT(#2127,-3.);
#1093=(
MASS_UNIT()
NAMED_UNIT(*)
SI_UNIT(.KILO.,.GRAM.)
);
#1094=DERIVED_UNIT((#1091,#1092));
#1095=MEASURE_REPRESENTATION_ITEM('density measure',
POSITIVE_RATIO_MEASURE(7850.),#1094);
#1096=PROPERTY_DEFINITION_REPRESENTATION(#1101,#1098);
#1097=PROPERTY_DEFINITION_REPRESENTATION(#1102,#1099);
#1098=REPRESENTATION('material name',(#1100),#2124);
#1099=REPRESENTATION('density',(#1095),#2124);
#1100=DESCRIPTIVE_REPRESENTATION_ITEM('Steel','Steel');
#1101=PROPERTY_DEFINITION('material property','material name',#2134);
#1102=PROPERTY_DEFINITION('material property','density of part',#2134);
#1103=AXIS2_PLACEMENT_3D('',#1542,#1222,#1223);
#1104=AXIS2_PLACEMENT_3D('',#1543,#1224,#1225);
#1105=AXIS2_PLACEMENT_3D('',#1569,#1226,#1227);
#1106=AXIS2_PLACEMENT_3D('',#1578,#1229,#1230);
#1107=AXIS2_PLACEMENT_3D('',#1579,#1231,#1232);
#1108=AXIS2_PLACEMENT_3D('',#1582,#1234,#1235);
#1109=AXIS2_PLACEMENT_3D('',#1583,#1236,#1237);
#1110=AXIS2_PLACEMENT_3D('',#1585,#1238,#1239);
#1111=AXIS2_PLACEMENT_3D('',#1588,#1241,#1242);
#1112=AXIS2_PLACEMENT_3D('',#1589,#1243,#1244);
#1113=AXIS2_PLACEMENT_3D('',#1592,#1246,#1247);
#1114=AXIS2_PLACEMENT_3D('',#1593,#1248,#1249);
#1115=AXIS2_PLACEMENT_3D('',#1619,#1250,#1251);
#1116=AXIS2_PLACEMENT_3D('',#1622,#1253,#1254);
#1117=AXIS2_PLACEMENT_3D('',#1623,#1255,#1256);
#1118=AXIS2_PLACEMENT_3D('',#1624,#1257,#1258);
#1119=AXIS2_PLACEMENT_3D('',#1627,#1260,#1261);
#1120=AXIS2_PLACEMENT_3D('',#1683,#1262,#1263);
#1121=AXIS2_PLACEMENT_3D('',#1691,#1264,#1265);
#1122=AXIS2_PLACEMENT_3D('',#1692,#1266,#1267);
#1123=AXIS2_PLACEMENT_3D('',#1693,#1268,#1269);
#1124=AXIS2_PLACEMENT_3D('',#1694,#1270,#1271);
#1125=AXIS2_PLACEMENT_3D('',#1729,#1274,#1275);
#1126=AXIS2_PLACEMENT_3D('',#1731,#1276,#1277);
#1127=AXIS2_PLACEMENT_3D('',#1734,#1279,#1280);
#1128=AXIS2_PLACEMENT_3D('',#1735,#1281,#1282);
#1129=AXIS2_PLACEMENT_3D('',#1737,#1283,#1284);
#1130=AXIS2_PLACEMENT_3D('',#1752,#1285,#1286);
#1131=AXIS2_PLACEMENT_3D('',#1768,#1287,#1288);
#1132=AXIS2_PLACEMENT_3D('',#1769,#1289,#1290);
#1133=AXIS2_PLACEMENT_3D('',#1771,#1292,#1293);
#1134=AXIS2_PLACEMENT_3D('',#1775,#1295,#1296);
#1135=AXIS2_PLACEMENT_3D('',#1779,#1298,#1299);
#1136=AXIS2_PLACEMENT_3D('',#1782,#1301,#1302);
#1137=AXIS2_PLACEMENT_3D('',#1783,#1303,#1304);
#1138=AXIS2_PLACEMENT_3D('',#1787,#1307,#1308);
#1139=AXIS2_PLACEMENT_3D('',#1789,#1309,#1310);
#1140=AXIS2_PLACEMENT_3D('',#1793,#1312,#1313);
#1141=AXIS2_PLACEMENT_3D('',#1797,#1315,#1316);
#1142=AXIS2_PLACEMENT_3D('',#1800,#1318,#1319);
#1143=AXIS2_PLACEMENT_3D('',#1801,#1320,#1321);
#1144=AXIS2_PLACEMENT_3D('',#1836,#1324,#1325);
#1145=AXIS2_PLACEMENT_3D('',#1838,#1326,#1327);
#1146=AXIS2_PLACEMENT_3D('',#1841,#1329,#1330);
#1147=AXIS2_PLACEMENT_3D('',#1842,#1331,#1332);
#1148=AXIS2_PLACEMENT_3D('',#1844,#1333,#1334);
#1149=AXIS2_PLACEMENT_3D('',#1859,#1335,#1336);
#1150=AXIS2_PLACEMENT_3D('',#1875,#1337,#1338);
#1151=AXIS2_PLACEMENT_3D('',#1876,#1339,#1340);
#1152=AXIS2_PLACEMENT_3D('',#1878,#1342,#1343);
#1153=AXIS2_PLACEMENT_3D('',#1882,#1345,#1346);
#1154=AXIS2_PLACEMENT_3D('',#1886,#1348,#1349);
#1155=AXIS2_PLACEMENT_3D('',#1889,#1351,#1352);
#1156=AXIS2_PLACEMENT_3D('',#1890,#1353,#1354);
#1157=AXIS2_PLACEMENT_3D('',#1894,#1357,#1358);
#1158=AXIS2_PLACEMENT_3D('',#1896,#1359,#1360);
#1159=AXIS2_PLACEMENT_3D('',#1900,#1362,#1363);
#1160=AXIS2_PLACEMENT_3D('',#1904,#1365,#1366);
#1161=AXIS2_PLACEMENT_3D('',#1907,#1368,#1369);
#1162=AXIS2_PLACEMENT_3D('',#1908,#1370,#1371);
#1163=AXIS2_PLACEMENT_3D('',#1914,#1374,#1375);
#1164=AXIS2_PLACEMENT_3D('',#1917,#1377,#1378);
#1165=AXIS2_PLACEMENT_3D('',#1922,#1380,#1381);
#1166=AXIS2_PLACEMENT_3D('',#1926,#1383,#1384);
#1167=AXIS2_PLACEMENT_3D('',#1929,#1386,#1387);
#1168=AXIS2_PLACEMENT_3D('',#1931,#1388,#1389);
#1169=AXIS2_PLACEMENT_3D('',#1937,#1392,#1393);
#1170=AXIS2_PLACEMENT_3D('',#1940,#1395,#1396);
#1171=AXIS2_PLACEMENT_3D('',#1941,#1397,#1398);
#1172=AXIS2_PLACEMENT_3D('',#1946,#1402,#1403);
#1173=AXIS2_PLACEMENT_3D('',#1948,#1404,#1405);
#1174=AXIS2_PLACEMENT_3D('',#1952,#1407,#1408);
#1175=AXIS2_PLACEMENT_3D('',#1957,#1411,#1412);
#1176=AXIS2_PLACEMENT_3D('',#1961,#1414,#1415);
#1177=AXIS2_PLACEMENT_3D('',#1967,#1419,#1420);
#1178=AXIS2_PLACEMENT_3D('',#1971,#1422,#1423);
#1179=AXIS2_PLACEMENT_3D('',#1975,#1425,#1426);
#1180=AXIS2_PLACEMENT_3D('',#1979,#1428,#1429);
#1181=AXIS2_PLACEMENT_3D('',#1982,#1431,#1432);
#1182=AXIS2_PLACEMENT_3D('',#1983,#1433,#1434);
#1183=AXIS2_PLACEMENT_3D('',#1986,#1437,#1438);
#1184=AXIS2_PLACEMENT_3D('',#1988,#1440,#1441);
#1185=AXIS2_PLACEMENT_3D('',#1989,#1442,#1443);
#1186=AXIS2_PLACEMENT_3D('',#1991,#1445,#1446);
#1187=AXIS2_PLACEMENT_3D('',#1992,#1447,#1448);
#1188=AXIS2_PLACEMENT_3D('',#1993,#1449,#1450);
#1189=AXIS2_PLACEMENT_3D('',#1994,#1451,#1452);
#1190=AXIS2_PLACEMENT_3D('',#1996,#1454,#1455);
#1191=AXIS2_PLACEMENT_3D('',#1998,#1457,#1458);
#1192=AXIS2_PLACEMENT_3D('',#2033,#1461,#1462);
#1193=AXIS2_PLACEMENT_3D('',#2035,#1463,#1464);
#1194=AXIS2_PLACEMENT_3D('',#2038,#1466,#1467);
#1195=AXIS2_PLACEMENT_3D('',#2039,#1468,#1469);
#1196=AXIS2_PLACEMENT_3D('',#2041,#1470,#1471);
#1197=AXIS2_PLACEMENT_3D('',#2056,#1472,#1473);
#1198=AXIS2_PLACEMENT_3D('',#2072,#1474,#1475);
#1199=AXIS2_PLACEMENT_3D('',#2073,#1476,#1477);
#1200=AXIS2_PLACEMENT_3D('',#2075,#1479,#1480);
#1201=AXIS2_PLACEMENT_3D('',#2079,#1482,#1483);
#1202=AXIS2_PLACEMENT_3D('',#2083,#1486,#1487);
#1203=AXIS2_PLACEMENT_3D('',#2084,#1488,#1489);
#1204=AXIS2_PLACEMENT_3D('',#2088,#1492,#1493);
#1205=AXIS2_PLACEMENT_3D('',#2090,#1494,#1495);
#1206=AXIS2_PLACEMENT_3D('',#2095,#1499,#1500);
#1207=AXIS2_PLACEMENT_3D('',#2096,#1501,#1502);
#1208=AXIS2_PLACEMENT_3D('',#2099,#1505,#1506);
#1209=AXIS2_PLACEMENT_3D('',#2101,#1508,#1509);
#1210=AXIS2_PLACEMENT_3D('',#2102,#1510,#1511);
#1211=AXIS2_PLACEMENT_3D('',#2103,#1512,#1513);
#1212=AXIS2_PLACEMENT_3D('',#2105,#1515,#1516);
#1213=AXIS2_PLACEMENT_3D('',#2108,#1519,#1520);
#1214=AXIS2_PLACEMENT_3D('',#2109,#1521,#1522);
#1215=AXIS2_PLACEMENT_3D('',#2110,#1523,#1524);
#1216=AXIS2_PLACEMENT_3D('',#2113,#1527,#1528);
#1217=AXIS2_PLACEMENT_3D('',#2114,#1529,#1530);
#1218=AXIS2_PLACEMENT_3D('',#2115,#1531,#1532);
#1219=AXIS2_PLACEMENT_3D('',#2118,#1535,#1536);
#1220=AXIS2_PLACEMENT_3D('',#2119,#1537,#1538);
#1221=AXIS2_PLACEMENT_3D('',#2120,#1539,#1540);
#1222=DIRECTION('axis',(0.,0.,1.));
#1223=DIRECTION('refdir',(1.,0.,0.));
#1224=DIRECTION('center_axis',(0.,0.,-1.));
#1225=DIRECTION('ref_axis',(-1.,0.,0.));
#1226=DIRECTION('center_axis',(0.,0.,1.));
#1227=DIRECTION('ref_axis',(-1.,0.,0.));
#1228=DIRECTION('',(-0.707106781186547,-8.65956056235493E-17,0.707106781186548));
#1229=DIRECTION('center_axis',(0.,0.,1.));
#1230=DIRECTION('ref_axis',(-1.,0.,0.));
#1231=DIRECTION('center_axis',(0.,0.,1.));
#1232=DIRECTION('ref_axis',(-1.,0.,0.));
#1233=DIRECTION('',(0.,0.,1.));
#1234=DIRECTION('center_axis',(0.,0.,-1.));
#1235=DIRECTION('ref_axis',(-1.,0.,0.));
#1236=DIRECTION('center_axis',(0.,0.,-1.));
#1237=DIRECTION('ref_axis',(-1.,0.,0.));
#1238=DIRECTION('center_axis',(0.,0.,1.));
#1239=DIRECTION('ref_axis',(-1.,0.,0.));
#1240=DIRECTION('',(-0.707106781186547,-8.65956056235493E-17,0.707106781186548));
#1241=DIRECTION('center_axis',(0.,0.,1.));
#1242=DIRECTION('ref_axis',(-1.,0.,0.));
#1243=DIRECTION('center_axis',(0.,0.,1.));
#1244=DIRECTION('ref_axis',(-1.,0.,0.));
#1245=DIRECTION('',(0.,0.,1.));
#1246=DIRECTION('center_axis',(0.,0.,-1.));
#1247=DIRECTION('ref_axis',(-1.,0.,0.));
#1248=DIRECTION('center_axis',(0.,0.,-1.));
#1249=DIRECTION('ref_axis',(-1.,0.,0.));
#1250=DIRECTION('center_axis',(0.,0.,1.));
#1251=DIRECTION('ref_axis',(-1.,0.,0.));
#1252=DIRECTION('',(-0.707106781186547,-8.65956056235493E-17,0.707106781186548));
#1253=DIRECTION('center_axis',(0.,0.,1.));
#1254=DIRECTION('ref_axis',(-1.,0.,0.));
#1255=DIRECTION('center_axis',(0.,0.,1.));
#1256=DIRECTION('ref_axis',(-1.,0.,0.));
#1257=DIRECTION('center_axis',(0.,0.,1.));
#1258=DIRECTION('ref_axis',(-1.,0.,0.));
#1259=DIRECTION('',(0.,0.,1.));
#1260=DIRECTION('center_axis',(0.,0.,-1.));
#1261=DIRECTION('ref_axis',(-1.,0.,0.));
#1262=DIRECTION('center_axis',(0.,0.,-1.));
#1263=DIRECTION('ref_axis',(1.,0.,0.));
#1264=DIRECTION('center_axis',(0.,0.,-1.));
#1265=DIRECTION('ref_axis',(1.,0.,0.));
#1266=DIRECTION('center_axis',(0.,0.,-1.));
#1267=DIRECTION('ref_axis',(1.,0.,0.));
#1268=DIRECTION('center_axis',(0.,0.,-1.));
#1269=DIRECTION('ref_axis',(1.,0.,0.));
#1270=DIRECTION('center_axis',(-0.866025403784438,0.500000000000001,0.));
#1271=DIRECTION('ref_axis',(0.35355339059328,0.612372435695792,0.707106781186547));
#1272=DIRECTION('',(0.866025403784438,-0.5,0.));
#1273=DIRECTION('',(0.866025403784438,-0.5,0.));
#1274=DIRECTION('center_axis',(0.,0.,1.));
#1275=DIRECTION('ref_axis',(0.5,0.866025403784438,0.));
#1276=DIRECTION('center_axis',(0.,0.,1.));
#1277=DIRECTION('ref_axis',(0.78525292143429,-0.619175136273182,0.));
#1278=DIRECTION('',(-0.766044443118978,0.64278760968654,0.));
#1279=DIRECTION('center_axis',(0.,0.,-1.));
#1280=DIRECTION('ref_axis',(0.791553099917908,-0.611100392742756,0.));
#1281=DIRECTION('center_axis',(0.,0.,-1.));
#1282=DIRECTION('ref_axis',(-1.,0.,0.));
#1283=DIRECTION('center_axis',(0.,0.,-1.));
#1284=DIRECTION('ref_axis',(0.78525292143429,-0.619175136273181,0.));
#1285=DIRECTION('center_axis',(0.,0.,1.));
#1286=DIRECTION('ref_axis',(1.,0.,0.));
#1287=DIRECTION('center_axis',(0.,0.,1.));
#1288=DIRECTION('ref_axis',(0.791553099917908,-0.611100392742756,0.));
#1289=DIRECTION('center_axis',(0.766044443118978,-0.64278760968654,0.));
#1290=DIRECTION('ref_axis',(-0.454519477672049,-0.541675220419707,0.707106781186541));
#1291=DIRECTION('',(0.766044443118978,-0.64278760968654,0.));
#1292=DIRECTION('center_axis',(0.,0.,1.));
#1293=DIRECTION('ref_axis',(0.866025403784438,-0.5,0.));
#1294=DIRECTION('',(0.,0.,1.));
#1295=DIRECTION('center_axis',(0.,0.,1.));
#1296=DIRECTION('ref_axis',(0.866025403784439,-0.499999999999999,0.));
#1297=DIRECTION('',(0.,0.,-1.));
#1298=DIRECTION('center_axis',(0.,0.,1.));
#1299=DIRECTION('ref_axis',(0.866025403784439,-0.5,0.));
#1300=DIRECTION('',(0.,0.,-1.));
#1301=DIRECTION('center_axis',(0.,0.,-1.));
#1302=DIRECTION('ref_axis',(0.866025403784438,-0.5,0.));
#1303=DIRECTION('center_axis',(0.64278760968654,0.766044443118978,0.));
#1304=DIRECTION('ref_axis',(-0.766044443118978,0.64278760968654,0.));
#1305=DIRECTION('',(0.,0.,1.));
#1306=DIRECTION('',(0.766044443118978,-0.64278760968654,0.));
#1307=DIRECTION('center_axis',(0.,0.,1.));
#1308=DIRECTION('ref_axis',(0.866025403784439,-0.5,0.));
#1309=DIRECTION('center_axis',(0.,0.,1.));
#1310=DIRECTION('ref_axis',(0.866025403784439,-0.5,0.));
#1311=DIRECTION('',(0.,0.,1.));
#1312=DIRECTION('center_axis',(0.,0.,-1.));
#1313=DIRECTION('ref_axis',(0.866025403784439,-0.5,0.));
#1314=DIRECTION('',(0.,0.,-1.));
#1315=DIRECTION('center_axis',(0.,0.,1.));
#1316=DIRECTION('ref_axis',(0.866025403784439,-0.499999999999999,0.));
#1317=DIRECTION('',(3.24597798332091E-16,1.0617115586287E-15,1.));
#1318=DIRECTION('center_axis',(0.,0.,1.));
#1319=DIRECTION('ref_axis',(0.866025403784438,-0.500000000000001,0.));
#1320=DIRECTION('center_axis',(0.866025403784439,0.5,0.));
#1321=DIRECTION('ref_axis',(0.35355339059328,-0.612372435695792,0.707106781186547));
#1322=DIRECTION('',(-0.866025403784439,-0.5,0.));
#1323=DIRECTION('',(-0.866025403784439,-0.5,0.));
#1324=DIRECTION('center_axis',(0.,0.,1.));
#1325=DIRECTION('ref_axis',(0.5,-0.866025403784439,0.));
#1326=DIRECTION('center_axis',(0.,0.,1.));
#1327=DIRECTION('ref_axis',(-0.928847858121412,-0.370461410221451,0.));
#1328=DIRECTION('',(0.939692620785909,0.342020143325669,0.));
#1329=DIRECTION('center_axis',(0.,0.,-1.));
#1330=DIRECTION('ref_axis',(-0.925005014336828,-0.379954896601852,0.));
#1331=DIRECTION('center_axis',(0.,0.,-1.));
#1332=DIRECTION('ref_axis',(-1.,0.,0.));
#1333=DIRECTION('center_axis',(0.,0.,-1.));
#1334=DIRECTION('ref_axis',(-0.928847858121412,-0.370461410221451,0.));
#1335=DIRECTION('center_axis',(0.,0.,1.));
#1336=DIRECTION('ref_axis',(1.,0.,0.));
#1337=DIRECTION('center_axis',(0.,0.,1.));
#1338=DIRECTION('ref_axis',(-0.925005014336828,-0.379954896601852,0.));
#1339=DIRECTION('center_axis',(-0.939692620785909,-0.342020143325669,0.));
#1340=DIRECTION('ref_axis',(-0.24184476264797,0.664463024388675,0.707106781186549));
#1341=DIRECTION('',(-0.939692620785909,-0.342020143325669,0.));
#1342=DIRECTION('center_axis',(0.,0.,1.));
#1343=DIRECTION('ref_axis',(-0.866025403784439,-0.5,0.));
#1344=DIRECTION('',(0.,0.,1.));
#1345=DIRECTION('center_axis',(0.,0.,1.));
#1346=DIRECTION('ref_axis',(-0.866025403784438,-0.500000000000001,0.));
#1347=DIRECTION('',(0.,0.,-1.));
#1348=DIRECTION('center_axis',(0.,0.,1.));
#1349=DIRECTION('ref_axis',(-0.866025403784438,-0.5,0.));
#1350=DIRECTION('',(0.,0.,-1.));
#1351=DIRECTION('center_axis',(0.,0.,-1.));
#1352=DIRECTION('ref_axis',(-0.866025403784439,-0.5,0.));
#1353=DIRECTION('center_axis',(0.342020143325669,-0.939692620785909,0.));
#1354=DIRECTION('ref_axis',(0.939692620785909,0.342020143325669,0.));
#1355=DIRECTION('',(0.,0.,1.));
#1356=DIRECTION('',(-0.939692620785909,-0.342020143325669,0.));
#1357=DIRECTION('center_axis',(0.,0.,1.));
#1358=DIRECTION('ref_axis',(-0.866025403784438,-0.5,0.));
#1359=DIRECTION('center_axis',(0.,0.,1.));
#1360=DIRECTION('ref_axis',(-0.866025403784438,-0.5,0.));
#1361=DIRECTION('',(0.,0.,1.));
#1362=DIRECTION('center_axis',(0.,0.,-1.));
#1363=DIRECTION('ref_axis',(-0.866025403784438,-0.5,0.));
#1364=DIRECTION('',(0.,0.,-1.));
#1365=DIRECTION('center_axis',(0.,0.,1.));
#1366=DIRECTION('ref_axis',(-0.866025403784438,-0.500000000000001,0.));
#1367=DIRECTION('',(7.57170282097984E-16,-8.1196571868244E-16,1.));
#1368=DIRECTION('center_axis',(0.,0.,1.));
#1369=DIRECTION('ref_axis',(-0.866025403784439,-0.5,0.));
#1370=DIRECTION('center_axis',(0.,0.,1.));
#1371=DIRECTION('ref_axis',(1.,0.,0.));
#1372=DIRECTION('',(0.956304755963035,-0.292371704722737,0.));
#1373=DIRECTION('',(-0.866025403784439,0.5,0.));
#1374=DIRECTION('center_axis',(0.,0.,1.));
#1375=DIRECTION('ref_axis',(-1.,0.,0.));
#1376=DIRECTION('',(1.15142820595983E-17,1.,0.));
#1377=DIRECTION('center_axis',(0.,0.,-1.));
#1378=DIRECTION('ref_axis',(-1.,0.,0.));
#1379=DIRECTION('',(-0.224951054343865,0.974370064785235,0.));
#1380=DIRECTION('center_axis',(0.,0.,1.));
#1381=DIRECTION('ref_axis',(-1.35352064977074E-15,1.,0.));
#1382=DIRECTION('',(0.,-1.,0.));
#1383=DIRECTION('center_axis',(0.,0.,1.));
#1384=DIRECTION('ref_axis',(-1.,0.,0.));
#1385=DIRECTION('',(-0.866025403784439,-0.5,0.));
#1386=DIRECTION('center_axis',(0.,0.,-1.));
#1387=DIRECTION('ref_axis',(-1.,0.,0.));
#1388=DIRECTION('center_axis',(0.,0.,-1.));
#1389=DIRECTION('ref_axis',(-1.,0.,0.));
#1390=DIRECTION('',(-0.731353701619171,-0.681998360062498,0.));
#1391=DIRECTION('',(0.866025403784439,0.5,0.));
#1392=DIRECTION('center_axis',(0.,0.,1.));
#1393=DIRECTION('ref_axis',(-1.,0.,0.));
#1394=DIRECTION('',(0.866025403784439,-0.5,0.));
#1395=DIRECTION('center_axis',(0.,0.,-1.));
#1396=DIRECTION('ref_axis',(-1.,0.,0.));
#1397=DIRECTION('center_axis',(0.292371704722737,0.956304755963035,0.));
#1398=DIRECTION('ref_axis',(-0.956304755963035,0.292371704722737,0.));
#1399=DIRECTION('',(0.,0.,1.));
#1400=DIRECTION('',(-0.956304755963035,0.292371704722737,0.));
#1401=DIRECTION('',(-0.956304755963035,0.292371704722737,0.));
#1402=DIRECTION('center_axis',(0.,0.,-1.));
#1403=DIRECTION('ref_axis',(-1.,0.,0.));
#1404=DIRECTION('center_axis',(0.,0.,1.));
#1405=DIRECTION('ref_axis',(-1.,0.,0.));
#1406=DIRECTION('',(-1.15142820595983E-17,-1.,0.));
#1407=DIRECTION('center_axis',(0.,0.,-1.));
#1408=DIRECTION('ref_axis',(-1.,0.,0.));
#1409=DIRECTION('',(0.866025403784439,-0.5,0.));
#1410=DIRECTION('',(0.919135339255234,-0.393941909590952,0.));
#1411=DIRECTION('center_axis',(0.,0.,1.));
#1412=DIRECTION('ref_axis',(-1.,0.,0.));
#1413=DIRECTION('',(-0.866025403784439,0.5,0.));
#1414=DIRECTION('center_axis',(0.,0.,-1.));
#1415=DIRECTION('ref_axis',(-1.,0.,0.));
#1416=DIRECTION('',(-0.866025403784439,-0.5,0.));
#1417=DIRECTION('',(-0.800731370948734,-0.599023598515586,0.));
#1418=DIRECTION('',(0.731353701619171,0.681998360062498,0.));
#1419=DIRECTION('center_axis',(0.,0.,1.));
#1420=DIRECTION('ref_axis',(-1.,0.,0.));
#1421=DIRECTION('',(0.866025403784439,0.5,0.));
#1422=DIRECTION('center_axis',(0.,0.,-1.));
#1423=DIRECTION('ref_axis',(-1.,0.,0.));
#1424=DIRECTION('',(0.,1.,0.));
#1425=DIRECTION('center_axis',(0.,0.,-1.));
#1426=DIRECTION('ref_axis',(-4.10752105998756E-16,1.,0.));
#1427=DIRECTION('',(-0.118403968306501,0.992965508106537,0.));
#1428=DIRECTION('center_axis',(0.,0.,1.));
#1429=DIRECTION('ref_axis',(-8.65048707372277E-16,1.,0.));
#1430=DIRECTION('',(0.224951054343865,-0.974370064785235,0.));
#1431=DIRECTION('center_axis',(0.,0.,1.));
#1432=DIRECTION('ref_axis',(-1.,0.,0.));
#1433=DIRECTION('center_axis',(0.681998360062498,-0.731353701619171,0.));
#1434=DIRECTION('ref_axis',(0.731353701619171,0.681998360062498,0.));
#1435=DIRECTION('',(0.,0.,1.));
#1436=DIRECTION('',(0.731353701619171,0.681998360062498,0.));
#1437=DIRECTION('center_axis',(0.,0.,-1.));
#1438=DIRECTION('ref_axis',(0.5,0.866025403784438,0.));
#1439=DIRECTION('',(-0.919135339255234,0.393941909590952,0.));
#1440=DIRECTION('center_axis',(0.393941909590952,0.919135339255234,0.));
#1441=DIRECTION('ref_axis',(-0.919135339255234,0.393941909590952,0.));
#1442=DIRECTION('center_axis',(0.,0.,-1.));
#1443=DIRECTION('ref_axis',(0.5,-0.866025403784439,0.));
#1444=DIRECTION('',(0.800731370948734,0.599023598515586,0.));
#1445=DIRECTION('center_axis',(0.599023598515586,-0.800731370948734,0.));
#1446=DIRECTION('ref_axis',(0.800731370948734,0.599023598515586,0.));
#1447=DIRECTION('center_axis',(0.,0.,-1.));
#1448=DIRECTION('ref_axis',(0.5,0.866025403784438,0.));
#1449=DIRECTION('center_axis',(0.,0.,-1.));
#1450=DIRECTION('ref_axis',(0.5,-0.866025403784439,0.));
#1451=DIRECTION('center_axis',(-0.5,-0.866025403784439,0.));
#1452=DIRECTION('ref_axis',(-0.866025403784439,0.5,0.));
#1453=DIRECTION('',(0.,0.,-1.));
#1454=DIRECTION('center_axis',(-0.5,0.866025403784439,0.));
#1455=DIRECTION('ref_axis',(0.866025403784439,0.5,0.));
#1456=DIRECTION('',(0.,0.,-1.));
#1457=DIRECTION('center_axis',(-1.15142820595983E-17,-1.,0.));
#1458=DIRECTION('ref_axis',(-0.707106781186549,0.,0.707106781186546));
#1459=DIRECTION('',(1.15142820595983E-17,1.,0.));
#1460=DIRECTION('',(1.15142820595983E-17,1.,0.));
#1461=DIRECTION('center_axis',(0.,0.,1.));
#1462=DIRECTION('ref_axis',(-1.,0.,0.));
#1463=DIRECTION('center_axis',(0.,0.,1.));
#1464=DIRECTION('ref_axis',(0.143594936687121,0.989636546494632,0.));
#1465=DIRECTION('',(-0.17364817766693,-0.984807753012208,0.));
#1466=DIRECTION('center_axis',(0.,0.,-1.));
#1467=DIRECTION('ref_axis',(0.13345191441892,0.991055289344608,0.));
#1468=DIRECTION('center_axis',(0.,0.,-1.));
#1469=DIRECTION('ref_axis',(-1.,0.,0.));
#1470=DIRECTION('center_axis',(0.,0.,-1.));
#1471=DIRECTION('ref_axis',(0.143594936687121,0.989636546494632,0.));
#1472=DIRECTION('center_axis',(0.,0.,1.));
#1473=DIRECTION('ref_axis',(1.,0.,0.));
#1474=DIRECTION('center_axis',(0.,0.,1.));
#1475=DIRECTION('ref_axis',(0.13345191441892,0.991055289344608,0.));
#1476=DIRECTION('center_axis',(0.17364817766693,0.984807753012208,0.));
#1477=DIRECTION('ref_axis',(0.696364240320023,-0.122787803968968,0.707106781186545));
#1478=DIRECTION('',(0.17364817766693,0.984807753012208,0.));
#1479=DIRECTION('center_axis',(0.,0.,1.));
#1480=DIRECTION('ref_axis',(-4.10752105998756E-16,1.,0.));
#1481=DIRECTION('',(0.,0.,1.));
#1482=DIRECTION('center_axis',(0.,0.,1.));
#1483=DIRECTION('ref_axis',(-1.91085386106115E-15,1.,0.));
#1484=DIRECTION('',(0.,0.,-1.));
#1485=DIRECTION('',(0.,0.,-1.));
#1486=DIRECTION('center_axis',(0.,0.,-1.));
#1487=DIRECTION('ref_axis',(-4.10752105998756E-16,1.,0.));
#1488=DIRECTION('center_axis',(-0.984807753012208,0.17364817766693,0.));
#1489=DIRECTION('ref_axis',(-0.17364817766693,-0.984807753012208,0.));
#1490=DIRECTION('',(0.,0.,1.));
#1491=DIRECTION('',(0.17364817766693,0.984807753012208,0.));
#1492=DIRECTION('center_axis',(0.,0.,1.));
#1493=DIRECTION('ref_axis',(-4.10752105998756E-16,1.,0.));
#1494=DIRECTION('center_axis',(0.,0.,1.));
#1495=DIRECTION('ref_axis',(-4.10752105998756E-16,1.,0.));
#1496=DIRECTION('',(0.,0.,1.));
#1497=DIRECTION('',(0.,0.,-1.));
#1498=DIRECTION('',(-1.08176808043007E-15,-2.49745839946264E-16,1.));
#1499=DIRECTION('center_axis',(0.,0.,1.));
#1500=DIRECTION('ref_axis',(1.25908897653092E-16,1.,0.));
#1501=DIRECTION('center_axis',(-0.974370064785235,-0.224951054343865,0.));
#1502=DIRECTION('ref_axis',(0.224951054343865,-0.974370064785235,0.));
#1503=DIRECTION('',(0.,0.,1.));
#1504=DIRECTION('',(0.224951054343865,-0.974370064785235,0.));
#1505=DIRECTION('center_axis',(0.,0.,-1.));
#1506=DIRECTION('ref_axis',(-1.,0.,0.));
#1507=DIRECTION('',(0.118403968306501,-0.992965508106537,0.));
#1508=DIRECTION('center_axis',(-0.992965508106537,-0.118403968306501,0.));
#1509=DIRECTION('ref_axis',(0.118403968306501,-0.992965508106537,0.));
#1510=DIRECTION('center_axis',(0.,0.,-1.));
#1511=DIRECTION('ref_axis',(-1.,0.,0.));
#1512=DIRECTION('center_axis',(1.,0.,0.));
#1513=DIRECTION('ref_axis',(0.,-1.,0.));
#1514=DIRECTION('',(0.,0.,-1.));
#1515=DIRECTION('center_axis',(0.5,-0.866025403784439,0.));
#1516=DIRECTION('ref_axis',(-0.866025403784439,-0.5,0.));
#1517=DIRECTION('',(0.,0.,-1.));
#1518=DIRECTION('',(0.,0.,-1.));
#1519=DIRECTION('center_axis',(0.,0.,-1.));
#1520=DIRECTION('ref_axis',(-1.,0.,0.));
#1521=DIRECTION('center_axis',(0.,0.,-1.));
#1522=DIRECTION('ref_axis',(-1.,0.,0.));
#1523=DIRECTION('center_axis',(-1.,1.15142820595983E-17,0.));
#1524=DIRECTION('ref_axis',(1.15142820595983E-17,1.,0.));
#1525=DIRECTION('',(0.,0.,-1.));
#1526=DIRECTION('',(0.,0.,-1.));
#1527=DIRECTION('center_axis',(0.,0.,-1.));
#1528=DIRECTION('ref_axis',(0.866025403784439,0.5,0.));
#1529=DIRECTION('center_axis',(0.,0.,-1.));
#1530=DIRECTION('ref_axis',(0.830277186998274,0.557350690992873,0.));
#1531=DIRECTION('center_axis',(0.5,0.866025403784439,0.));
#1532=DIRECTION('ref_axis',(0.866025403784439,-0.5,0.));
#1533=DIRECTION('',(0.,0.,-1.));
#1534=DIRECTION('',(0.,0.,-1.));
#1535=DIRECTION('center_axis',(0.,0.,-1.));
#1536=DIRECTION('ref_axis',(-1.,0.,0.));
#1537=DIRECTION('center_axis',(0.,0.,-1.));
#1538=DIRECTION('ref_axis',(-1.,0.,0.));
#1539=DIRECTION('center_axis',(0.,0.,-1.));
#1540=DIRECTION('ref_axis',(-1.,0.,0.));
#1541=DIRECTION('',(0.,0.,-1.));
#1542=CARTESIAN_POINT('',(0.,0.,0.));
#1543=CARTESIAN_POINT('Origin',(46.286229482117,-23.8051390386567,37.625));
#1544=CARTESIAN_POINT('',(47.2746964520461,-25.5437974436805,37.));
#1545=CARTESIAN_POINT('',(48.1919428872981,-23.8051390386567,37.094286594819));
#1546=CARTESIAN_POINT('Ctrl Pts',(47.2746964520708,-25.5437974436425,37.0000000000207));
#1547=CARTESIAN_POINT('Ctrl Pts',(47.4194252065825,-25.3213157335063,37.1218800509452));
#1548=CARTESIAN_POINT('Ctrl Pts',(47.5465250225978,-25.109521332138,37.2019887536508));
#1549=CARTESIAN_POINT('Ctrl Pts',(47.7130895267449,-24.810194107329,37.2575376899215));
#1550=CARTESIAN_POINT('Ctrl Pts',(47.7609647651368,-24.7211924864447,37.2669170364603));
#1551=CARTESIAN_POINT('Ctrl Pts',(47.8113589188745,-24.6240826510453,37.2689208256251));
#1552=CARTESIAN_POINT('Ctrl Pts',(47.8147165684575,-24.6175957274472,37.2690160937392));
#1553=CARTESIAN_POINT('Ctrl Pts',(47.819599444645,-24.6081376775114,37.2690987586516));
#1554=CARTESIAN_POINT('Ctrl Pts',(47.8211297883438,-24.605169919675,37.2691166385912));
#1555=CARTESIAN_POINT('Ctrl Pts',(47.8238094023888,-24.5999672565251,37.2691338607868));
#1556=CARTESIAN_POINT('Ctrl Pts',(47.8249592648587,-24.5977327253929,37.2691366948306));
#1557=CARTESIAN_POINT('Ctrl Pts',(47.8271873936528,-24.5933989334849,37.2691333449895));
#1558=CARTESIAN_POINT('Ctrl Pts',(47.8282657431512,-24.5912997463588,37.2691276998641));
#1559=CARTESIAN_POINT('Ctrl Pts',(47.8308333206754,-24.5862973373508,37.269104665393));
#1560=CARTESIAN_POINT('Ctrl Pts',(47.8323218694262,-24.583393834251,37.2690836092115));
#1561=CARTESIAN_POINT('Ctrl Pts',(47.8376119286187,-24.5730632791487,37.2689813615353));
#1562=CARTESIAN_POINT('Ctrl Pts',(47.8414054247491,-24.5656332075664,37.2688575923716));
#1563=CARTESIAN_POINT('Ctrl Pts',(47.8900723772592,-24.4700284944281,37.2666201261939));
#1564=CARTESIAN_POINT('Ctrl Pts',(47.9332560285488,-24.3820925876196,37.2575095705152));
#1565=CARTESIAN_POINT('Ctrl Pts',(48.053636323339,-24.1281332673623,37.2124603015192));
#1566=CARTESIAN_POINT('Ctrl Pts',(48.125766958398,-23.9647258856464,37.160462523719));
#1567=CARTESIAN_POINT('Ctrl Pts',(48.1919428872981,-23.8051390386567,37.094286594819));
#1568=CARTESIAN_POINT('',(48.275465778518,-23.5979218649443,37.));
#1569=CARTESIAN_POINT('Origin',(46.286229482117,-23.8051390386567,37.));
#1570=CARTESIAN_POINT('Ctrl Pts',(48.1919428872981,-23.8051390386567,37.0942865948189));
#1571=CARTESIAN_POINT('Ctrl Pts',(48.2153126967005,-23.7487814739156,37.0709167854165));
#1572=CARTESIAN_POINT('Ctrl Pts',(48.2379428789655,-23.6928977125052,37.0457882100402));
#1573=CARTESIAN_POINT('Ctrl Pts',(48.2650974611961,-23.6243217198593,37.0129290533553));
#1574=CARTESIAN_POINT('Ctrl Pts',(48.2703006718519,-23.6111091319689,37.006503622928));
#1575=CARTESIAN_POINT('Ctrl Pts',(48.2754657785015,-23.5979218649864,37.0000000000207));
#1576=CARTESIAN_POINT('',(47.036229482117,-23.8051390386567,38.25));
#1577=CARTESIAN_POINT('',(47.661229482117,-23.8051390386567,37.625));
#1578=CARTESIAN_POINT('Origin',(46.286229482117,-23.8051390386567,38.25));
#1579=CARTESIAN_POINT('Origin',(46.286229482117,-23.8051390386567,42.));
#1580=CARTESIAN_POINT('',(47.036229482117,-23.8051390386567,40.));
#1581=CARTESIAN_POINT('',(47.036229482117,-23.8051390386567,42.));
#1582=CARTESIAN_POINT('Origin',(46.286229482117,-23.8051390386567,40.));
#1583=CARTESIAN_POINT('Origin',(-2.9127284653278,51.3078372784896,37.625));
#1584=CARTESIAN_POINT('',(-0.912728465327795,51.3078372784896,37.));
#1585=CARTESIAN_POINT('Origin',(-2.9127284653278,51.3078372784896,37.));
#1586=CARTESIAN_POINT('',(-2.16272846532779,51.3078372784896,38.25));
#1587=CARTESIAN_POINT('',(-1.53772846532779,51.3078372784896,37.625));
#1588=CARTESIAN_POINT('Origin',(-2.9127284653278,51.3078372784896,38.25));
#1589=CARTESIAN_POINT('Origin',(-2.9127284653278,51.3078372784896,42.));
#1590=CARTESIAN_POINT('',(-2.16272846532779,51.3078372784896,40.));
#1591=CARTESIAN_POINT('',(-2.16272846532779,51.3078372784896,42.));
#1592=CARTESIAN_POINT('Origin',(-2.9127284653278,51.3078372784896,40.));
#1593=CARTESIAN_POINT('Origin',(-43.5226411981837,-28.0432315610179,37.625));
#1594=CARTESIAN_POINT('',(-45.3895875766301,-28.7605259357388,37.));
#1595=CARTESIAN_POINT('',(-44.9473501502634,-29.4468712590403,37.));
#1596=CARTESIAN_POINT('Ctrl Pts',(-45.3895875765669,-28.7605259358455,37.0000000000206));
#1597=CARTESIAN_POINT('Ctrl Pts',(-45.3827715905012,-28.7720231767367,37.0022390871622));
#1598=CARTESIAN_POINT('Ctrl Pts',(-45.3759265205418,-28.7835219297607,37.0043745587144));
#1599=CARTESIAN_POINT('Ctrl Pts',(-45.3139759167955,-28.8871594342693,37.0226693781805));
#1600=CARTESIAN_POINT('Ctrl Pts',(-45.2574335585711,-28.9787048486222,37.0320486259369));
#1601=CARTESIAN_POINT('Ctrl Pts',(-45.194372943383,-29.0774594330057,37.0342329051134));
#1602=CARTESIAN_POINT('Ctrl Pts',(-45.1897321515363,-29.0847081290829,37.0343470299885));
#1603=CARTESIAN_POINT('Ctrl Pts',(-45.1829837199207,-29.095221455828,37.0344453872333));
#1604=CARTESIAN_POINT('Ctrl Pts',(-45.1808833303418,-29.09848979695,37.0344665306165));
#1605=CARTESIAN_POINT('Ctrl Pts',(-45.1772099824236,-29.1041990594308,37.0344869721452));
#1606=CARTESIAN_POINT('Ctrl Pts',(-45.1756378334202,-29.1066404145522,37.0344904391141));
#1607=CARTESIAN_POINT('Ctrl Pts',(-45.1725953083419,-29.1113609456004,37.0344869394297));
#1608=CARTESIAN_POINT('Ctrl Pts',(-45.1711250736575,-29.1136401748735,37.0344806457343));
#1609=CARTESIAN_POINT('Ctrl Pts',(-45.1676324972506,-29.1190501099421,37.0344547745663));
#1610=CARTESIAN_POINT('Ctrl Pts',(-45.1656094377362,-29.1221802722877,37.034431108211));
#1611=CARTESIAN_POINT('Ctrl Pts',(-45.1584733014528,-29.1332092097014,37.0343170610455));
#1612=CARTESIAN_POINT('Ctrl Pts',(-45.1533521831006,-29.1411015361039,37.0341799850944));
#1613=CARTESIAN_POINT('Ctrl Pts',(-45.0907611835474,-29.237290184567,37.0318328860799));
#1614=CARTESIAN_POINT('Ctrl Pts',(-45.0325236461752,-29.3240016800258,37.0227541113491));
#1615=CARTESIAN_POINT('Ctrl Pts',(-44.9646043949215,-29.4221109256205,37.0049204007302));
#1616=CARTESIAN_POINT('Ctrl Pts',(-44.9559841032003,-29.4345082625647,37.0025261612983));
#1617=CARTESIAN_POINT('Ctrl Pts',(-44.9473501503344,-29.4468712589387,37.0000000000206));
#1618=CARTESIAN_POINT('',(-41.5226411981837,-28.0432315610179,37.));
#1619=CARTESIAN_POINT('Origin',(-43.5226411981837,-28.0432315610179,37.));
#1620=CARTESIAN_POINT('',(-42.7726411981837,-28.0432315610179,38.25));
#1621=CARTESIAN_POINT('',(-42.1476411981837,-28.0432315610179,37.625));
#1622=CARTESIAN_POINT('Origin',(-43.5226411981837,-28.0432315610179,38.25));
#1623=CARTESIAN_POINT('Origin',(-43.5226411981837,-28.0432315610179,37.));
#1624=CARTESIAN_POINT('Origin',(-43.5226411981837,-28.0432315610179,42.));
#1625=CARTESIAN_POINT('',(-42.7726411981837,-28.0432315610179,40.));
#1626=CARTESIAN_POINT('',(-42.7726411981837,-28.0432315610179,42.));
#1627=CARTESIAN_POINT('Origin',(-43.5226411981837,-28.0432315610179,40.));
#1628=CARTESIAN_POINT('Ctrl Pts',(-53.7343699365432,0.,37.0000000000206));
#1629=CARTESIAN_POINT('Ctrl Pts',(-53.7343699365432,53.7343699365432,37.0000000000206));
#1630=CARTESIAN_POINT('Ctrl Pts',(0.,53.7343699365432,37.0000000000206));
#1631=CARTESIAN_POINT('Ctrl Pts',(53.7343699365432,53.7343699365432,37.0000000000206));
#1632=CARTESIAN_POINT('Ctrl Pts',(53.7343699365432,0.,37.0000000000206));
#1633=CARTESIAN_POINT('Ctrl Pts',(53.7343699365432,-53.7343699365432,37.0000000000206));
#1634=CARTESIAN_POINT('Ctrl Pts',(0.,-53.7343699365432,37.0000000000206));
#1635=CARTESIAN_POINT('Ctrl Pts',(-53.7343699365432,-53.7343699365432,37.0000000000206));
#1636=CARTESIAN_POINT('Ctrl Pts',(-53.7343699365432,0.,37.0000000000206));
#1637=CARTESIAN_POINT('Ctrl Pts',(-53.8396169004785,0.,37.594727948924));
#1638=CARTESIAN_POINT('Ctrl Pts',(-53.8396169004785,53.8396169004785,37.594727948924));
#1639=CARTESIAN_POINT('Ctrl Pts',(0.,53.8396169004785,37.594727948924));
#1640=CARTESIAN_POINT('Ctrl Pts',(53.8396169004785,53.8396169004785,37.594727948924));
#1641=CARTESIAN_POINT('Ctrl Pts',(53.8396169004785,0.,37.594727948924));
#1642=CARTESIAN_POINT('Ctrl Pts',(53.8396169004785,-53.8396169004785,37.594727948924));
#1643=CARTESIAN_POINT('Ctrl Pts',(0.,-53.8396169004785,37.594727948924));
#1644=CARTESIAN_POINT('Ctrl Pts',(-53.8396169004785,-53.8396169004785,37.594727948924));
#1645=CARTESIAN_POINT('Ctrl Pts',(-53.8396169004785,0.,37.594727948924));
#1646=CARTESIAN_POINT('Ctrl Pts',(-53.9195338161138,0.,38.192473502323));
#1647=CARTESIAN_POINT('Ctrl Pts',(-53.9195338161138,53.9195338161138,38.192473502323));
#1648=CARTESIAN_POINT('Ctrl Pts',(0.,53.9195338161138,38.192473502323));
#1649=CARTESIAN_POINT('Ctrl Pts',(53.9195338161138,53.9195338161138,38.192473502323));
#1650=CARTESIAN_POINT('Ctrl Pts',(53.9195338161138,0.,38.192473502323));
#1651=CARTESIAN_POINT('Ctrl Pts',(53.9195338161138,-53.9195338161138,38.192473502323));
#1652=CARTESIAN_POINT('Ctrl Pts',(0.,-53.9195338161138,38.192473502323));
#1653=CARTESIAN_POINT('Ctrl Pts',(-53.9195338161138,-53.9195338161138,38.192473502323));
#1654=CARTESIAN_POINT('Ctrl Pts',(-53.9195338161138,0.,38.192473502323));
#1655=CARTESIAN_POINT('Ctrl Pts',(-53.973177760846,0.,38.7927457148574));
#1656=CARTESIAN_POINT('Ctrl Pts',(-53.973177760846,53.973177760846,38.7927457148574));
#1657=CARTESIAN_POINT('Ctrl Pts',(0.,53.973177760846,38.7927457148574));
#1658=CARTESIAN_POINT('Ctrl Pts',(53.973177760846,53.973177760846,38.7927457148574));
#1659=CARTESIAN_POINT('Ctrl Pts',(53.973177760846,0.,38.7927457148574));
#1660=CARTESIAN_POINT('Ctrl Pts',(53.973177760846,-53.973177760846,38.7927457148574));
#1661=CARTESIAN_POINT('Ctrl Pts',(0.,-53.973177760846,38.7927457148574));
#1662=CARTESIAN_POINT('Ctrl Pts',(-53.973177760846,-53.973177760846,38.7927457148574));
#1663=CARTESIAN_POINT('Ctrl Pts',(-53.973177760846,0.,38.7927457148574));
#1664=CARTESIAN_POINT('Ctrl Pts',(-54.,0.,39.3952546137919));
#1665=CARTESIAN_POINT('Ctrl Pts',(-54.,54.,39.3952546137919));
#1666=CARTESIAN_POINT('Ctrl Pts',(0.,54.,39.3952546137919));
#1667=CARTESIAN_POINT('Ctrl Pts',(54.,54.,39.3952546137919));
#1668=CARTESIAN_POINT('Ctrl Pts',(54.,0.,39.3952546137919));
#1669=CARTESIAN_POINT('Ctrl Pts',(54.,-54.,39.3952546137919));
#1670=CARTESIAN_POINT('Ctrl Pts',(0.,-54.,39.3952546137919));
#1671=CARTESIAN_POINT('Ctrl Pts',(-54.,-54.,39.3952546137919));
#1672=CARTESIAN_POINT('Ctrl Pts',(-54.,0.,39.3952546137919));
#1673=CARTESIAN_POINT('Ctrl Pts',(-54.,0.,40.));
#1674=CARTESIAN_POINT('Ctrl Pts',(-54.,54.,40.));
#1675=CARTESIAN_POINT('Ctrl Pts',(0.,54.,40.));
#1676=CARTESIAN_POINT('Ctrl Pts',(54.,54.,40.));
#1677=CARTESIAN_POINT('Ctrl Pts',(54.,0.,40.));
#1678=CARTESIAN_POINT('Ctrl Pts',(54.,-54.,40.));
#1679=CARTESIAN_POINT('Ctrl Pts',(0.,-54.,40.));
#1680=CARTESIAN_POINT('Ctrl Pts',(-54.,-54.,40.));
#1681=CARTESIAN_POINT('Ctrl Pts',(-54.,0.,40.));
#1682=CARTESIAN_POINT('',(-53.7343699365395,0.,37.));
#1683=CARTESIAN_POINT('Origin',(0.,0.,37.));
#1684=CARTESIAN_POINT('',(-54.,0.,40.));
#1685=CARTESIAN_POINT('Ctrl Pts',(-54.,0.,40.));
#1686=CARTESIAN_POINT('Ctrl Pts',(-54.,0.,39.3952546137919));
#1687=CARTESIAN_POINT('Ctrl Pts',(-53.973177760846,0.,38.7927457148574));
#1688=CARTESIAN_POINT('Ctrl Pts',(-53.9195338161138,0.,38.192473502323));
#1689=CARTESIAN_POINT('Ctrl Pts',(-53.8396169004785,0.,37.594727948924));
#1690=CARTESIAN_POINT('Ctrl Pts',(-53.7343699365432,0.,37.0000000000206));
#1691=CARTESIAN_POINT('Origin',(0.,0.,40.));
#1692=CARTESIAN_POINT('Origin',(0.,0.,37.));
#1693=CARTESIAN_POINT('Origin',(0.,0.,37.));
#1694=CARTESIAN_POINT('Origin',(33.0750423021431,-24.2920369993072,29.85));
#1695=CARTESIAN_POINT('',(28.3482373125042,-20.9856645969427,29.85));
#1696=CARTESIAN_POINT('',(28.4822064933864,-21.6403620087778,30.35));
#1697=CARTESIAN_POINT('Ctrl Pts',(28.3482373125042,-20.9856645969427,29.85));
#1698=CARTESIAN_POINT('Ctrl Pts',(28.3482373125042,-20.9856645969427,29.8985242382478));
#1699=CARTESIAN_POINT('Ctrl Pts',(28.3501637042745,-20.9949255947469,29.9460543647491));
#1700=CARTESIAN_POINT('Ctrl Pts',(28.3578508841892,-21.0319501445064,30.0418858248664));
#1701=CARTESIAN_POINT('Ctrl Pts',(28.3639059217915,-21.0611403839148,30.0879240794013));
#1702=CARTESIAN_POINT('Ctrl Pts',(28.3806541741052,-21.1421371396822,30.1800241035753));
#1703=CARTESIAN_POINT('Ctrl Pts',(28.3920516902059,-21.1974153795218,30.2222630485769));
#1704=CARTESIAN_POINT('Ctrl Pts',(28.4160639790317,-21.3144486079511,30.2868172195622));
#1705=CARTESIAN_POINT('Ctrl Pts',(28.4286854691314,-21.3762103568578,30.3101941353775));
#1706=CARTESIAN_POINT('Ctrl Pts',(28.4546509444698,-21.5038878001543,30.3417046712885));
#1707=CARTESIAN_POINT('Ctrl Pts',(28.4681238643854,-21.5704467541716,30.349712696062));
#1708=CARTESIAN_POINT('Ctrl Pts',(28.4817230483901,-21.6379615710886,30.3499974687151));
#1709=CARTESIAN_POINT('Ctrl Pts',(28.4819647812444,-21.6391617887334,30.35));
#1710=CARTESIAN_POINT('Ctrl Pts',(28.4822064933864,-21.6403620087778,30.35));
#1711=CARTESIAN_POINT('',(34.3445258391589,-25.0249736611351,30.35));
#1712=CARTESIAN_POINT('',(33.0750423021431,-24.2920369993072,30.35));
#1713=CARTESIAN_POINT('',(35.0729728125118,-24.8681924481012,29.85));
#1714=CARTESIAN_POINT('Ctrl Pts',(34.3445258391589,-25.0249736611351,30.35));
#1715=CARTESIAN_POINT('Ctrl Pts',(34.3459214086587,-25.0246780262176,30.35));
#1716=CARTESIAN_POINT('Ctrl Pts',(34.3473169760851,-25.0243823644382,30.3499972707274));
#1717=CARTESIAN_POINT('Ctrl Pts',(34.4303469294488,-25.0067902010226,30.3496724847941));
#1718=CARTESIAN_POINT('Ctrl Pts',(34.5126414500036,-24.9892576526438,30.3400099662041));
#1719=CARTESIAN_POINT('Ctrl Pts',(34.6677447623092,-24.9560431405932,30.3017503615303));
#1720=CARTESIAN_POINT('Ctrl Pts',(34.7422973186505,-24.9399943843699,30.2735969868815));
#1721=CARTESIAN_POINT('Ctrl Pts',(34.8696678758795,-24.9124604773311,30.2010087070467));
#1722=CARTESIAN_POINT('Ctrl Pts',(34.9251204021401,-24.9004214759495,30.158401597516));
#1723=CARTESIAN_POINT('Ctrl Pts',(35.0032755165881,-24.8834109529585,30.0684039337795));
#1724=CARTESIAN_POINT('Ctrl Pts',(35.0306434161399,-24.8774389238912,30.0252991968008));
#1725=CARTESIAN_POINT('Ctrl Pts',(35.0645743326261,-24.8700291709408,29.9368976927184));
#1726=CARTESIAN_POINT('Ctrl Pts',(35.0729728125118,-24.8681924481011,29.8939483285994));
#1727=CARTESIAN_POINT('Ctrl Pts',(35.0729728125118,-24.8681924481011,29.85));
#1728=CARTESIAN_POINT('',(35.1537184317024,-24.9148109530767,29.85));
#1729=CARTESIAN_POINT('Origin',(30.710625889459,-24.3506537535811,30.35));
#1730=CARTESIAN_POINT('',(27.7206453186593,-22.6076796182171,30.35));
#1731=CARTESIAN_POINT('Origin',(-3.68038178116803E-15,-6.37460823623386E-15,
30.35));
#1732=CARTESIAN_POINT('',(32.8719352219833,-26.9301250761836,30.35));
#1733=CARTESIAN_POINT('',(30.3161203401835,-24.7855417515079,30.35));
#1734=CARTESIAN_POINT('Origin',(-3.68038178116803E-15,-6.37460823623386E-15,
30.35));
#1735=CARTESIAN_POINT('Origin',(-3.68038178116803E-15,-6.37460823623386E-15,
29.85));
#1736=CARTESIAN_POINT('',(27.0189063518011,-22.6715543546098,29.85));
#1737=CARTESIAN_POINT('Origin',(-3.68038178116803E-15,-6.37460823623386E-15,
29.85));
#1738=CARTESIAN_POINT('Ctrl Pts',(27.7206453186593,-22.6076796182171,30.35));
#1739=CARTESIAN_POINT('Ctrl Pts',(27.7191716027628,-22.6078189370942,30.35));
#1740=CARTESIAN_POINT('Ctrl Pts',(27.7176978802517,-22.607958224193,30.3499966671839));
#1741=CARTESIAN_POINT('Ctrl Pts',(27.6427324666504,-22.6150418410316,30.3496576151934));
#1742=CARTESIAN_POINT('Ctrl Pts',(27.5688178833357,-22.6219434655324,30.3410358061828));
#1743=CARTESIAN_POINT('Ctrl Pts',(27.4291759169214,-22.6348335753051,30.3075019056492));
#1744=CARTESIAN_POINT('Ctrl Pts',(27.3623391476918,-22.6409310232773,30.283125438031));
#1745=CARTESIAN_POINT('Ctrl Pts',(27.2373708985834,-22.6522197829461,30.216463114928));
#1746=CARTESIAN_POINT('Ctrl Pts',(27.1785869685628,-22.6574666225845,30.1733082825978));
#1747=CARTESIAN_POINT('Ctrl Pts',(27.0947960014828,-22.6648922079908,30.0806661340849));
#1748=CARTESIAN_POINT('Ctrl Pts',(27.0652089623547,-22.6674945162575,30.0356267138286));
#1749=CARTESIAN_POINT('Ctrl Pts',(27.0281433553456,-22.6707473047805,29.9424811068841));
#1750=CARTESIAN_POINT('Ctrl Pts',(27.0189063518011,-22.6715543546098,29.8967711483533));
#1751=CARTESIAN_POINT('Ctrl Pts',(27.0189063518011,-22.6715543546098,29.85));
#1752=CARTESIAN_POINT('Origin',(-3.68038178116803E-15,-6.37460823623386E-15,
29.85));
#1753=CARTESIAN_POINT('',(32.9358170719431,-27.6364319575898,29.85));
#1754=CARTESIAN_POINT('Ctrl Pts',(32.8719352219833,-26.9301250761836,30.35));
#1755=CARTESIAN_POINT('Ctrl Pts',(32.872074690506,-26.9316179947791,30.35));
#1756=CARTESIAN_POINT('Ctrl Pts',(32.872214131285,-26.9331109198151,30.349996667294));
#1757=CARTESIAN_POINT('Ctrl Pts',(32.8793075304734,-27.0090719567972,30.3496575010181));
#1758=CARTESIAN_POINT('Ctrl Pts',(32.8862312450691,-27.0839907897435,30.3410295262123));
#1759=CARTESIAN_POINT('Ctrl Pts',(32.8991532427122,-27.2252032783442,30.307324165638));
#1760=CARTESIAN_POINT('Ctrl Pts',(32.905264157914,-27.2926593964027,30.2828594755927));
#1761=CARTESIAN_POINT('Ctrl Pts',(32.9165338057626,-27.4181031155452,30.2160591849791));
#1762=CARTESIAN_POINT('Ctrl Pts',(32.9217562143287,-27.4768191713367,30.1730402398767));
#1763=CARTESIAN_POINT('Ctrl Pts',(32.9291609151906,-27.5605641385726,30.0805637477453));
#1764=CARTESIAN_POINT('Ctrl Pts',(32.9317590351706,-27.590131753392,30.0355799537503));
#1765=CARTESIAN_POINT('Ctrl Pts',(32.9350098918809,-27.6271956619048,29.9424843204289));
#1766=CARTESIAN_POINT('Ctrl Pts',(32.9358170719431,-27.6364319575898,29.896769993289));
#1767=CARTESIAN_POINT('Ctrl Pts',(32.9358170719431,-27.6364319575898,29.85));
#1768=CARTESIAN_POINT('Origin',(-3.68038178116803E-15,-6.37460823623386E-15,
29.85));
#1769=CARTESIAN_POINT('Origin',(30.3161203401835,-24.7855417515079,29.85));
#1770=CARTESIAN_POINT('',(29.9947265353403,-25.1685639730674,29.85));
#1771=CARTESIAN_POINT('Origin',(-3.68038178116803E-15,-6.37460823623386E-15,
31.5));
#1772=CARTESIAN_POINT('',(32.9358170719431,-27.6364319575898,26.));
#1773=CARTESIAN_POINT('',(32.9358170719431,-27.6364319575898,26.));
#1774=CARTESIAN_POINT('',(41.1159937133514,-12.570420776833,26.));
#1775=CARTESIAN_POINT('Origin',(-2.64974590800093E-13,5.61940294455388E-14,
26.));
#1776=CARTESIAN_POINT('',(41.1159937133514,-12.5704207768329,37.));
#1777=CARTESIAN_POINT('',(41.1159937133514,-12.570420776833,34.));
#1778=CARTESIAN_POINT('',(39.5179074399564,-16.9373967630809,37.));
#1779=CARTESIAN_POINT('Origin',(-2.57043608774033E-13,1.05458030056595E-13,
37.));
#1780=CARTESIAN_POINT('',(39.5179074399564,-16.9373967630809,29.85));
#1781=CARTESIAN_POINT('',(39.5179074399564,-16.9373967630809,31.5));
#1782=CARTESIAN_POINT('Origin',(-3.68038178116803E-15,-6.37460823623386E-15,
29.85));
#1783=CARTESIAN_POINT('Origin',(29.9773617118721,-25.1539931560998,27.925));
#1784=CARTESIAN_POINT('',(27.0189063518011,-22.6715543546098,26.));
#1785=CARTESIAN_POINT('',(27.0189063518011,-22.6715543546098,29.85));
#1786=CARTESIAN_POINT('',(26.6358841302416,-22.3501605497665,26.));
#1787=CARTESIAN_POINT('Origin',(-3.68038178116803E-15,-6.37460823623386E-15,
33.));
#1788=CARTESIAN_POINT('',(32.4185259472094,-13.8945979686906,29.85));
#1789=CARTESIAN_POINT('Origin',(-3.68038178116803E-15,-6.37460823623386E-15,
29.85));
#1790=CARTESIAN_POINT('',(32.4185259472094,-13.8945979686905,37.));
#1791=CARTESIAN_POINT('',(32.4185259472094,-13.8945979686905,33.));
#1792=CARTESIAN_POINT('',(32.3482373125042,-14.0574613666672,37.));
#1793=CARTESIAN_POINT('Origin',(-3.68038178116803E-15,-6.37460823623386E-15,
37.));
#1794=CARTESIAN_POINT('',(32.3482373125042,-14.0574613666672,40.));
#1795=CARTESIAN_POINT('',(32.3482373125042,-14.0574613666672,33.));
#1796=CARTESIAN_POINT('',(33.7295164493925,-10.3121480493439,40.));
#1797=CARTESIAN_POINT('Origin',(2.14577578082121E-13,-1.79011352810766E-13,
40.));
#1798=CARTESIAN_POINT('',(33.7295164493925,-10.3121480493439,26.));
#1799=CARTESIAN_POINT('',(33.7295164493925,-10.3121480493439,30.));
#1800=CARTESIAN_POINT('Origin',(2.59064778756179E-13,-1.46366181941792E-13,
26.));
#1801=CARTESIAN_POINT('Origin',(-37.5750423021431,-16.4978083652472,29.85));
#1802=CARTESIAN_POINT('',(-32.3482373125042,-14.0574613666672,29.85));
#1803=CARTESIAN_POINT('',(-32.9822064933864,-13.8461333747178,30.35));
#1804=CARTESIAN_POINT('Ctrl Pts',(-32.3482373125042,-14.0574613666672,29.85));
#1805=CARTESIAN_POINT('Ctrl Pts',(-32.3482373125042,-14.0574613666672,29.8985337943421));
#1806=CARTESIAN_POINT('Ctrl Pts',(-32.3572243009148,-14.0544980073339,29.9460729127167));
#1807=CARTESIAN_POINT('Ctrl Pts',(-32.3931593778974,-14.0426340130376,30.0419578447454));
#1808=CARTESIAN_POINT('Ctrl Pts',(-32.4215039650763,-14.0332702866402,30.0880325021122));
#1809=CARTESIAN_POINT('Ctrl Pts',(-32.5001538771469,-14.0072330073218,30.1802215320558));
#1810=CARTESIAN_POINT('Ctrl Pts',(-32.553834025193,-13.9894281280169,30.2224950390787));
#1811=CARTESIAN_POINT('Ctrl Pts',(-32.6672298472725,-13.9516942877563,30.2869587725172));
#1812=CARTESIAN_POINT('Ctrl Pts',(-32.7269271247768,-13.9317773345431,30.3102681908572));
#1813=CARTESIAN_POINT('Ctrl Pts',(-32.8503244431272,-13.8904778461795,30.3417142806346));
#1814=CARTESIAN_POINT('Ctrl Pts',(-32.9146468854352,-13.8688849361042,30.3497108390699));
#1815=CARTESIAN_POINT('Ctrl Pts',(-32.9798694238844,-13.8469204771508,30.3499974325754));
#1816=CARTESIAN_POINT('Ctrl Pts',(-32.981037962843,-13.8465269356386,30.35));
#1817=CARTESIAN_POINT('Ctrl Pts',(-32.9822064933854,-13.8461333747202,30.35));
#1818=CARTESIAN_POINT('',(-38.8445258391589,-17.2307450270751,30.35));
#1819=CARTESIAN_POINT('',(-37.5750423021431,-16.4978083652472,30.35));
#1820=CARTESIAN_POINT('',(-39.0729728125118,-17.9399892178256,29.85));
#1821=CARTESIAN_POINT('Ctrl Pts',(-38.8445258391589,-17.2307450270751,30.35));
#1822=CARTESIAN_POINT('Ctrl Pts',(-38.8449662102339,-17.2320971864591,30.35));
#1823=CARTESIAN_POINT('Ctrl Pts',(-38.845406557158,-17.2334493573944,30.3499972878306));
#1824=CARTESIAN_POINT('Ctrl Pts',(-38.8716882815494,-17.3141576225558,30.3496734966127));
#1825=CARTESIAN_POINT('Ctrl Pts',(-38.8976553994477,-17.3942038094137,30.3400095045534));
#1826=CARTESIAN_POINT('Ctrl Pts',(-38.9464625093155,-17.5451966335527,30.3017308831764));
#1827=CARTESIAN_POINT('Ctrl Pts',(-38.9698565580963,-17.6178365960948,30.2735488149128));
#1828=CARTESIAN_POINT('Ctrl Pts',(-39.009694043552,-17.7419018020826,30.2009219295213));
#1829=CARTESIAN_POINT('Ctrl Pts',(-39.0269799592668,-17.795900169756,30.1583312433428));
#1830=CARTESIAN_POINT('Ctrl Pts',(-39.0513106259155,-17.8720418080989,30.0683699878274));
#1831=CARTESIAN_POINT('Ctrl Pts',(-39.0598187896309,-17.8987170327583,30.0252770505857));
#1832=CARTESIAN_POINT('Ctrl Pts',(-39.070364539582,-17.9317985595167,29.9368924928227));
#1833=CARTESIAN_POINT('Ctrl Pts',(-39.0729728125118,-17.9399892178256,29.8939456416279));
#1834=CARTESIAN_POINT('Ctrl Pts',(-39.0729728125118,-17.9399892178256,29.85));
#1835=CARTESIAN_POINT('',(-39.1537184317024,-17.9866077228012,29.85));
#1836=CARTESIAN_POINT('Origin',(-36.4435976940896,-14.420855309601,30.35));
#1837=CARTESIAN_POINT('',(-33.4391475293253,-12.7029432461486,30.35));
#1838=CARTESIAN_POINT('Origin',(-3.68038178116803E-15,6.37460823623387E-15,
30.35));
#1839=CARTESIAN_POINT('',(-39.758140054059,-15.0028684357023,30.35));
#1840=CARTESIAN_POINT('',(-36.6229689734575,-13.8617594830311,30.35));
#1841=CARTESIAN_POINT('Origin',(-3.68038178116803E-15,6.37460823623387E-15,
30.35));
#1842=CARTESIAN_POINT('Origin',(-3.68038178116803E-15,6.37460823623387E-15,
29.85));
#1843=CARTESIAN_POINT('',(-33.1435951902724,-12.0632821058276,29.85));
#1844=CARTESIAN_POINT('Origin',(-3.68038178116803E-15,6.37460823623387E-15,
29.85));
#1845=CARTESIAN_POINT('Ctrl Pts',(-33.4391475293253,-12.7029432461486,30.35));
#1846=CARTESIAN_POINT('Ctrl Pts',(-33.4385313250639,-12.7015973113057,30.35));
#1847=CARTESIAN_POINT('Ctrl Pts',(-33.4379150899743,-12.7002513866235,30.3499966671839));
#1848=CARTESIAN_POINT('Ctrl Pts',(-33.4065669753067,-12.6317876256206,30.3496576151934));
#1849=CARTESIAN_POINT('Ctrl Pts',(-33.3755866657943,-12.5643249065093,30.3410358061828));
#1850=CARTESIAN_POINT('Ctrl Pts',(-33.3169288451079,-12.4369463612736,30.3075019056492));
#1851=CARTESIAN_POINT('Ctrl Pts',(-33.2887910053352,-12.3760152972279,30.283125438031));
#1852=CARTESIAN_POINT('Ctrl Pts',(-33.2360832334314,-12.2621452389992,30.216463114928));
#1853=CARTESIAN_POINT('Ctrl Pts',(-33.2112351648375,-12.2086134424478,30.1733082825978));
#1854=CARTESIAN_POINT('Ctrl Pts',(-33.1757704268974,-12.1323355436458,30.080666134085));
#1855=CARTESIAN_POINT('Ctrl Pts',(-33.1632305724008,-12.1054112620047,30.0356267138287));
#1856=CARTESIAN_POINT('Ctrl Pts',(-33.1475147663903,-12.0716851104666,29.9424811068841));
#1857=CARTESIAN_POINT('Ctrl Pts',(-33.1435951902724,-12.0632821058276,29.8967711483533));
#1858=CARTESIAN_POINT('Ctrl Pts',(-33.1435951902724,-12.0632821058276,29.85));
#1859=CARTESIAN_POINT('Origin',(-3.68038178116803E-15,6.37460823623387E-15,
29.85));
#1860=CARTESIAN_POINT('',(-40.4017606812044,-14.705038299905,29.85));
#1861=CARTESIAN_POINT('Ctrl Pts',(-39.758140054059,-15.0028684357023,30.35));
#1862=CARTESIAN_POINT('Ctrl Pts',(-39.7595026937499,-15.0022427596882,30.35));
#1863=CARTESIAN_POINT('Ctrl Pts',(-39.7608653251464,-15.001617056427,30.349996667294));
#1864=CARTESIAN_POINT('Ctrl Pts',(-39.8301962124652,-14.9697796018321,30.3496575010181));
#1865=CARTESIAN_POINT('Ctrl Pts',(-39.8985396823163,-14.9383162980876,30.3410295262123));
#1866=CARTESIAN_POINT('Ctrl Pts',(-40.0272942835976,-14.8789008320138,30.307324165638));
#1867=CARTESIAN_POINT('Ctrl Pts',(-40.0887684530779,-14.8504649807897,30.2828594755927));
#1868=CARTESIAN_POINT('Ctrl Pts',(-40.2030407245246,-14.7975029225471,30.2160591849791));
#1869=CARTESIAN_POINT('Ctrl Pts',(-40.2565015247333,-14.7726676331385,30.1730402398767));
#1870=CARTESIAN_POINT('Ctrl Pts',(-40.3327291442296,-14.7372078085744,30.0805637477453));
#1871=CARTESIAN_POINT('Ctrl Pts',(-40.3596345097825,-14.7246740390695,30.0355799537502));
#1872=CARTESIAN_POINT('Ctrl Pts',(-40.3933582244732,-14.7089574093082,29.9424843204289));
#1873=CARTESIAN_POINT('Ctrl Pts',(-40.4017606812044,-14.705038299905,29.896769993289));
#1874=CARTESIAN_POINT('Ctrl Pts',(-40.4017606812044,-14.705038299905,29.85));
#1875=CARTESIAN_POINT('Origin',(-3.68038178116803E-15,6.37460823623387E-15,
29.85));
#1876=CARTESIAN_POINT('Origin',(-36.6229689734575,-13.8617594830311,29.85));
#1877=CARTESIAN_POINT('',(-36.7939790451203,-13.3919131726382,29.85));
#1878=CARTESIAN_POINT('Origin',(-3.68038178116803E-15,6.37460823623387E-15,
31.5));
#1879=CARTESIAN_POINT('',(-40.4017606812044,-14.705038299905,26.));
#1880=CARTESIAN_POINT('',(-40.4017606812044,-14.705038299905,26.));
#1881=CARTESIAN_POINT('',(-31.4443005856728,-29.3222846691871,26.));
#1882=CARTESIAN_POINT('Origin',(1.81152752440894E-13,2.01377712267498E-13,
26.));
#1883=CARTESIAN_POINT('',(-31.4443005856728,-29.3222846691871,37.));
#1884=CARTESIAN_POINT('',(-31.4443005856728,-29.3222846691871,34.));
#1885=CARTESIAN_POINT('',(-34.4271695907826,-25.7548133658639,37.));
#1886=CARTESIAN_POINT('Origin',(2.19851137449091E-13,1.69877280050444E-13,
37.));
#1887=CARTESIAN_POINT('',(-34.4271695907826,-25.7548133658639,29.85));
#1888=CARTESIAN_POINT('',(-34.4271695907826,-25.7548133658639,31.5));
#1889=CARTESIAN_POINT('Origin',(-3.68038178116803E-15,6.37460823623387E-15,
29.85));
#1890=CARTESIAN_POINT('Origin',(-36.7726779357384,-13.3841602028663,27.925));
#1891=CARTESIAN_POINT('',(-33.1435951902724,-12.0632821058276,26.));
#1892=CARTESIAN_POINT('',(-33.1435951902724,-12.0632821058276,29.85));
#1893=CARTESIAN_POINT('',(-32.6737488798794,-11.8922720341648,26.));
#1894=CARTESIAN_POINT('Origin',(-3.68038178116803E-15,6.37460823623387E-15,
33.));
#1895=CARTESIAN_POINT('',(-28.2423377898624,-21.127968039183,29.85));
#1896=CARTESIAN_POINT('Origin',(-3.68038178116803E-15,6.37460823623387E-15,
29.85));
#1897=CARTESIAN_POINT('',(-28.2423377898624,-21.127968039183,37.));
#1898=CARTESIAN_POINT('',(-28.2423377898624,-21.127968039183,33.));
#1899=CARTESIAN_POINT('',(-28.3482373125042,-20.9856645969427,37.));
#1900=CARTESIAN_POINT('Origin',(-3.68038178116803E-15,6.37460823623387E-15,
37.));
#1901=CARTESIAN_POINT('',(-28.3482373125042,-20.9856645969427,40.));
#1902=CARTESIAN_POINT('',(-28.3482373125042,-20.9856645969427,33.));
#1903=CARTESIAN_POINT('',(-25.7953404030142,-24.0545440778671,40.));
#1904=CARTESIAN_POINT('Origin',(-2.62317168141003E-13,-9.63239572962727E-14,
40.));
#1905=CARTESIAN_POINT('',(-25.7953404030142,-24.0545440778671,26.));
#1906=CARTESIAN_POINT('',(-25.7953404030142,-24.0545440778671,30.));
#1907=CARTESIAN_POINT('Origin',(-2.56289221194616E-13,-1.5117358865775E-13,
26.));
#1908=CARTESIAN_POINT('Origin',(-54.,0.,40.));
#1909=CARTESIAN_POINT('',(41.7696694941149,-12.7702695187388,40.));
#1910=CARTESIAN_POINT('',(23.5996173876402,-7.21512710608691,40.));
#1911=CARTESIAN_POINT('',(23.3717102731625,-8.87486106411531,40.));
#1912=CARTESIAN_POINT('',(0.583738376392579,4.28178064477043,40.));
#1913=CARTESIAN_POINT('',(4.,24.6779253585061,40.));
#1914=CARTESIAN_POINT('Origin',(0.,0.,40.));
#1915=CARTESIAN_POINT('',(4.,43.494655685829,40.));
#1916=CARTESIAN_POINT('',(4.,12.3389626792531,40.));
#1917=CARTESIAN_POINT('Origin',(0.,0.,40.));
#1918=CARTESIAN_POINT('',(-7.93417604637832,34.366692127211,40.));
#1919=CARTESIAN_POINT('',(-9.82545693065559,42.5587296489527,40.));
#1920=CARTESIAN_POINT('',(-5.55132532841515,24.0454317303328,40.));
#1921=CARTESIAN_POINT('',(-4.,35.0431259636098,40.));
#1922=CARTESIAN_POINT('Origin',(4.77395900588817E-14,2.75335310107039E-13,
40.));
#1923=CARTESIAN_POINT('',(-4.,24.6779253585061,40.));
#1924=CARTESIAN_POINT('',(-4.,21.7473278429145,40.));
#1925=CARTESIAN_POINT('',(-23.3717102731625,-8.87486106411531,40.));
#1926=CARTESIAN_POINT('Origin',(0.,0.,40.));
#1927=CARTESIAN_POINT('',(-39.6674767527852,-18.2832262277767,40.));
#1928=CARTESIAN_POINT('',(-32.9358551365813,-14.3967226755787,40.));
#1929=CARTESIAN_POINT('Origin',(0.,0.,40.));
#1930=CARTESIAN_POINT('',(19.,2.32682891837997E-15,40.));
#1931=CARTESIAN_POINT('Origin',(0.,0.,40.));
#1932=CARTESIAN_POINT('',(-31.9442125634593,-29.788460130214,40.));
#1933=CARTESIAN_POINT('',(-18.0482920592251,-16.8303046242459,40.));
#1934=CARTESIAN_POINT('',(-19.3717102731625,-15.8030642943908,40.));
#1935=CARTESIAN_POINT('',(-37.0837383763926,-26.0291084876849,40.));
#1936=CARTESIAN_POINT('',(19.3717102731625,-15.8030642943908,40.));
#1937=CARTESIAN_POINT('Origin',(0.,0.,40.));
#1938=CARTESIAN_POINT('',(35.6674767527852,-25.2114294580522,40.));
#1939=CARTESIAN_POINT('',(-11.5641448634187,2.05775999632564,40.));
#1940=CARTESIAN_POINT('Origin',(0.,0.,40.));
#1941=CARTESIAN_POINT('Origin',(37.6618312703627,-11.5143773392691,33.));
#1942=CARTESIAN_POINT('',(41.7696694941148,-12.7702695187388,37.));
#1943=CARTESIAN_POINT('',(41.7696694941148,-12.7702695187388,40.));
#1944=CARTESIAN_POINT('',(41.5941460913329,-12.7166066291943,37.));
#1945=CARTESIAN_POINT('',(33.251364071411,-10.1659621969825,26.));
#1946=CARTESIAN_POINT('Origin',(0.,0.,37.));
#1947=CARTESIAN_POINT('',(4.,43.494655685829,37.));
#1948=CARTESIAN_POINT('Origin',(0.,0.,37.));
#1949=CARTESIAN_POINT('',(4.,24.6779253585061,37.));
#1950=CARTESIAN_POINT('',(4.,12.3389626792531,37.));
#1951=CARTESIAN_POINT('',(23.3717102731625,-8.87486106411531,37.));
#1952=CARTESIAN_POINT('Origin',(0.,0.,37.));
#1953=CARTESIAN_POINT('',(20.8337383763926,-7.40956230631949,37.));
#1954=CARTESIAN_POINT('',(39.977475109584,-17.1343677178764,37.));
#1955=CARTESIAN_POINT('',(-31.9442125634593,-29.788460130214,37.));
#1956=CARTESIAN_POINT('',(35.6674767527852,-25.2114294580522,37.));
#1957=CARTESIAN_POINT('Origin',(0.,0.,37.));
#1958=CARTESIAN_POINT('',(19.3717102731625,-15.8030642943908,37.));
#1959=CARTESIAN_POINT('',(8.68585513658126,-9.63358295476429,37.));
#1960=CARTESIAN_POINT('',(-19.3717102731625,-15.8030642943908,37.));
#1961=CARTESIAN_POINT('Origin',(0.,0.,37.));
#1962=CARTESIAN_POINT('',(-16.8337383763926,-14.337765536595,37.));
#1963=CARTESIAN_POINT('',(-34.827535276257,-26.0543251651217,37.));
#1964=CARTESIAN_POINT('',(-31.8099774364823,-29.6632838492184,37.));
#1965=CARTESIAN_POINT('',(-9.82545693065559,42.5587296489527,37.));
#1966=CARTESIAN_POINT('',(-39.6674767527852,-18.2832262277767,37.));
#1967=CARTESIAN_POINT('Origin',(0.,0.,37.));
#1968=CARTESIAN_POINT('',(-23.3717102731625,-8.87486106411531,37.));
#1969=CARTESIAN_POINT('',(-12.6858551365813,-2.70537972448878,37.));
#1970=CARTESIAN_POINT('',(-4.,24.6779253585061,37.));
#1971=CARTESIAN_POINT('Origin',(0.,0.,37.));
#1972=CARTESIAN_POINT('',(-4.,35.0431259636099,37.));
#1973=CARTESIAN_POINT('',(-4.,21.7473278429145,37.));
#1974=CARTESIAN_POINT('',(-4.17618815734703,35.0225660078736,37.));
#1975=CARTESIAN_POINT('Origin',(7.36076356233605E-15,0.,37.));
#1976=CARTESIAN_POINT('',(-5.09073784917382,42.6922101289448,37.));
#1977=CARTESIAN_POINT('',(-5.14993983332707,43.1886928829981,37.));
#1978=CARTESIAN_POINT('',(-9.67169312767868,41.8927054460201,37.));
#1979=CARTESIAN_POINT('Origin',(3.71924713249427E-14,-2.75335310107039E-13,
37.));
#1980=CARTESIAN_POINT('',(-9.78416865485061,42.3798904784127,37.));
#1981=CARTESIAN_POINT('',(19.,2.32682891837997E-15,37.));
#1982=CARTESIAN_POINT('Origin',(0.,0.,37.));
#1983=CARTESIAN_POINT('Origin',(-28.8026589197483,-26.8589139635427,33.));
#1984=CARTESIAN_POINT('',(-31.9442125634593,-29.788460130214,40.));
#1985=CARTESIAN_POINT('',(-25.4296635522046,-23.7135448978358,26.));
#1986=CARTESIAN_POINT('Origin',(37.234464050893,-21.4973278429145,29.85));
#1987=CARTESIAN_POINT('',(39.977475109584,-17.1343677178764,29.85));
#1988=CARTESIAN_POINT('Origin',(35.9682166935829,-15.4159973658857,33.425));
#1989=CARTESIAN_POINT('Origin',(-37.234464050893,-21.4973278429145,29.85));
#1990=CARTESIAN_POINT('',(-34.827535276257,-26.0543251651217,29.85));
#1991=CARTESIAN_POINT('Origin',(-31.3347536903225,-23.4413907025235,33.425));
#1992=CARTESIAN_POINT('Origin',(37.234464050893,-21.4973278429145,26.));
#1993=CARTESIAN_POINT('Origin',(-37.234464050893,-21.4973278429145,26.));
#1994=CARTESIAN_POINT('Origin',(39.6674767527852,-18.2832262277767,40.));
#1995=CARTESIAN_POINT('',(23.3717102731625,-8.87486106411531,40.));
#1996=CARTESIAN_POINT('Origin',(-35.6674767527852,-25.2114294580522,40.));
#1997=CARTESIAN_POINT('',(-19.3717102731625,-15.8030642943908,40.));
#1998=CARTESIAN_POINT('Origin',(4.5,40.7898453645544,29.85));
#1999=CARTESIAN_POINT('',(4.,35.0431259636099,29.85));
#2000=CARTESIAN_POINT('',(4.5,35.4864953834956,30.35));
#2001=CARTESIAN_POINT('Ctrl Pts',(4.,35.0431259636098,29.85));
#2002=CARTESIAN_POINT('Ctrl Pts',(4.,35.0431259636098,29.8984932146081));
#2003=CARTESIAN_POINT('Ctrl Pts',(4.00704805761732,35.0494167269505,29.9459941478186));
#2004=CARTESIAN_POINT('Ctrl Pts',(4.03519968543556,35.0745247860753,30.0416540645475));
#2005=CARTESIAN_POINT('Ctrl Pts',(4.05735703410978,35.0942793966322,30.0875757298193));
#2006=CARTESIAN_POINT('Ctrl Pts',(4.11880185936751,35.1489920418591,30.1793944363761));
#2007=CARTESIAN_POINT('Ctrl Pts',(4.1607043201083,35.1862610841002,30.2215247633878));
#2008=CARTESIAN_POINT('Ctrl Pts',(4.24996075378478,35.265494119147,30.2863664486104));
#2009=CARTESIAN_POINT('Ctrl Pts',(4.29738755998841,35.3075282183206,30.3099578117903));
#2010=CARTESIAN_POINT('Ctrl Pts',(4.39536989115939,35.3942022302267,30.3416737255118));
#2011=CARTESIAN_POINT('Ctrl Pts',(4.44641560649452,35.4392737695668,30.3497184900549));
#2012=CARTESIAN_POINT('Ctrl Pts',(4.49820364859926,35.4849124132967,30.3499975798091));
#2013=CARTESIAN_POINT('Ctrl Pts',(4.49910181834231,35.4857039063866,30.35));
#2014=CARTESIAN_POINT('Ctrl Pts',(4.5,35.4864953834956,30.35));
#2015=CARTESIAN_POINT('',(4.5,42.2557186882102,30.35));
#2016=CARTESIAN_POINT('',(4.5,40.7898453645544,30.35));
#2017=CARTESIAN_POINT('',(4.,42.8081816659268,29.85));
#2018=CARTESIAN_POINT('Ctrl Pts',(4.5,42.2557186882102,30.35));
#2019=CARTESIAN_POINT('Ctrl Pts',(4.49905477018265,42.2567699246154,30.35));
#2020=CARTESIAN_POINT('Ctrl Pts',(4.49810951856016,42.2578211460417,30.3499973196218));
#2021=CARTESIAN_POINT('Ctrl Pts',(4.44134670765501,42.3209451388655,30.3496753849039));
#2022=CARTESIAN_POINT('Ctrl Pts',(4.38499385570012,42.3834723626096,30.3400085664254));
#2023=CARTESIAN_POINT('Ctrl Pts',(4.27855154333327,42.5013279612254,30.301694097157));
#2024=CARTESIAN_POINT('Ctrl Pts',(4.2272728200954,42.5579823592886,30.273458133844));
#2025=CARTESIAN_POINT('Ctrl Pts',(4.13975831595544,42.6545032685238,30.2007587405939));
#2026=CARTESIAN_POINT('Ctrl Pts',(4.10169613113293,42.6964076256698,30.1581988572378));
#2027=CARTESIAN_POINT('Ctrl Pts',(4.04798448171239,42.7554793891521,30.0683059591509));
#2028=CARTESIAN_POINT('Ctrl Pts',(4.02915323443932,42.7761676013417,30.0252352638105));
#2029=CARTESIAN_POINT('Ctrl Pts',(4.00578784511902,42.8018289729531,29.9368826597864));
#2030=CARTESIAN_POINT('Ctrl Pts',(4.,42.8081816659268,29.8939405605737));
#2031=CARTESIAN_POINT('Ctrl Pts',(4.,42.8081816659268,29.85));
#2032=CARTESIAN_POINT('',(4.,42.9014186758779,29.85));
#2033=CARTESIAN_POINT('Origin',(5.7329718046306,38.7715090631821,30.35));
#2034=CARTESIAN_POINT('',(5.71850221066601,35.3106228643656,30.35));
#2035=CARTESIAN_POINT('Origin',(7.36076356233605E-15,0.,30.35));
#2036=CARTESIAN_POINT('',(6.8862048320756,41.9329935118858,30.35));
#2037=CARTESIAN_POINT('',(6.30684863327393,38.647301234539,30.35));
#2038=CARTESIAN_POINT('Origin',(7.36076356233605E-15,0.,30.35));
#2039=CARTESIAN_POINT('Origin',(7.36076356233605E-15,0.,29.85));
#2040=CARTESIAN_POINT('',(6.12468883847123,34.7348364604374,29.85));
#2041=CARTESIAN_POINT('Origin',(7.36076356233605E-15,0.,29.85));
#2042=CARTESIAN_POINT('Ctrl Pts',(5.71850221066601,35.3106228643656,30.35));
#2043=CARTESIAN_POINT('Ctrl Pts',(5.71935972230103,35.3094162483999,30.35));
#2044=CARTESIAN_POINT('Ctrl Pts',(5.72021720972264,35.3082096108166,30.3499966671839));
#2045=CARTESIAN_POINT('Ctrl Pts',(5.76383450865604,35.2468294666523,30.3496576151934));
#2046=CARTESIAN_POINT('Ctrl Pts',(5.80676878245853,35.1862683720417,30.3410358061828));
#2047=CARTESIAN_POINT('Ctrl Pts',(5.88775292818654,35.0717799365787,30.3075019056492));
#2048=CARTESIAN_POINT('Ctrl Pts',(5.92645185764339,35.0169463205052,30.283125438031));
#2049=CARTESIAN_POINT('Ctrl Pts',(5.99871233484796,34.9143650219453,30.216463114928));
#2050=CARTESIAN_POINT('Ctrl Pts',(6.03264819627476,34.8660800650323,30.1733082825978));
#2051=CARTESIAN_POINT('Ctrl Pts',(6.08097442541461,34.7972277516366,30.0806661340849));
#2052=CARTESIAN_POINT('Ctrl Pts',(6.09802161004604,34.7729057782622,30.0356267138286));
#2053=CARTESIAN_POINT('Ctrl Pts',(6.11937141104465,34.7424324152471,29.9424811068841));
#2054=CARTESIAN_POINT('Ctrl Pts',(6.12468883847123,34.7348364604374,29.8967711483533));
#2055=CARTESIAN_POINT('Ctrl Pts',(6.12468883847123,34.7348364604374,29.85));
#2056=CARTESIAN_POINT('Origin',(7.36076356233605E-15,0.,29.85));
#2057=CARTESIAN_POINT('',(7.46594360926133,42.3414702574948,29.85));
#2058=CARTESIAN_POINT('Ctrl Pts',(6.8862048320756,41.9329935118858,30.35));
#2059=CARTESIAN_POINT('Ctrl Pts',(6.88742800324379,41.9338607544673,30.35));
#2060=CARTESIAN_POINT('Ctrl Pts',(6.88865119386153,41.9347279762422,30.349996667294));
#2061=CARTESIAN_POINT('Ctrl Pts',(6.9508886819902,41.9788515586293,30.3496575010181));
#2062=CARTESIAN_POINT('Ctrl Pts',(7.01230843724693,42.022307087831,30.3410295262124));
#2063=CARTESIAN_POINT('Ctrl Pts',(7.12814104088532,42.104104110358,30.307324165638));
#2064=CARTESIAN_POINT('Ctrl Pts',(7.18350429516383,42.1431243771924,30.2828594755927));
#2065=CARTESIAN_POINT('Ctrl Pts',(7.28650691876201,42.2156060380922,30.2160591849791));
#2066=CARTESIAN_POINT('Ctrl Pts',(7.3347453104045,42.2494868044752,30.1730402398767));
#2067=CARTESIAN_POINT('Ctrl Pts',(7.40356822903892,42.2977719471469,30.0805637477453));
#2068=CARTESIAN_POINT('Ctrl Pts',(7.42787547461187,42.3148057924615,30.0355799537503));
#2069=CARTESIAN_POINT('Ctrl Pts',(7.45834833259238,42.336153071213,29.9424843204288));
#2070=CARTESIAN_POINT('Ctrl Pts',(7.46594360926133,42.3414702574948,29.896769993289));
#2071=CARTESIAN_POINT('Ctrl Pts',(7.46594360926133,42.3414702574948,29.85));
#2072=CARTESIAN_POINT('Origin',(7.36076356233605E-15,0.,29.85));
#2073=CARTESIAN_POINT('Origin',(6.30684863327393,38.647301234539,29.85));
#2074=CARTESIAN_POINT('',(6.79925250978003,38.5604771457056,29.85));
#2075=CARTESIAN_POINT('Origin',(7.36076356233605E-15,0.,31.5));
#2076=CARTESIAN_POINT('',(7.46594360926133,42.3414702574948,26.));
#2077=CARTESIAN_POINT('',(7.46594360926133,42.3414702574948,26.));
#2078=CARTESIAN_POINT('',(-9.67169312767868,41.8927054460201,26.));
#2079=CARTESIAN_POINT('Origin',(8.38218383591993E-14,-2.57571741713036E-13,
26.));
#2080=CARTESIAN_POINT('',(-9.67169312767868,41.8927054460201,34.));
#2081=CARTESIAN_POINT('',(-5.09073784917382,42.6922101289448,29.85));
#2082=CARTESIAN_POINT('',(-5.09073784917382,42.6922101289448,31.5));
#2083=CARTESIAN_POINT('Origin',(7.36076356233605E-15,0.,29.85));
#2084=CARTESIAN_POINT('Origin',(6.79531622386628,38.5381533589661,27.925));
#2085=CARTESIAN_POINT('',(6.12468883847123,34.7348364604374,26.));
#2086=CARTESIAN_POINT('',(6.12468883847123,34.7348364604374,29.85));
#2087=CARTESIAN_POINT('',(6.03786474963777,34.2424325839313,26.));
#2088=CARTESIAN_POINT('Origin',(7.36076356233605E-15,0.,33.));
#2089=CARTESIAN_POINT('',(-4.17618815734703,35.0225660078736,29.85));
#2090=CARTESIAN_POINT('Origin',(7.36076356233605E-15,0.,29.85));
#2091=CARTESIAN_POINT('',(-4.17618815734703,35.0225660078736,33.));
#2092=CARTESIAN_POINT('',(-4.,35.0431259636099,33.));
#2093=CARTESIAN_POINT('',(-7.93417604637832,34.3666921272109,26.));
#2094=CARTESIAN_POINT('',(-7.93417604637832,34.366692127211,30.));
#2095=CARTESIAN_POINT('Origin',(-2.77555756156289E-15,2.97539770599542E-13,
26.));
#2096=CARTESIAN_POINT('Origin',(-8.85917235061447,38.3732913028118,33.));
#2097=CARTESIAN_POINT('',(-9.82545693065559,42.5587296489527,40.));
#2098=CARTESIAN_POINT('',(-7.82170051920639,33.8795070948183,26.));
#2099=CARTESIAN_POINT('Origin',(1.66533453693773E-15,42.994655685829,29.85));
#2100=CARTESIAN_POINT('',(-5.14993983332706,43.1886928829981,29.85));
#2101=CARTESIAN_POINT('Origin',(-4.63346300326043,38.8573880684092,33.425));
#2102=CARTESIAN_POINT('Origin',(1.66533453693773E-15,42.994655685829,26.));
#2103=CARTESIAN_POINT('Origin',(-4.,43.494655685829,40.));
#2104=CARTESIAN_POINT('',(-4.,24.6779253585061,40.));
#2105=CARTESIAN_POINT('Origin',(-23.3717102731625,-8.87486106411531,40.));
#2106=CARTESIAN_POINT('',(-23.3717102731625,-8.87486106411531,40.));
#2107=CARTESIAN_POINT('',(-39.6674767527852,-18.2832262277767,40.));
#2108=CARTESIAN_POINT('Origin',(0.,0.,40.));
#2109=CARTESIAN_POINT('Origin',(0.,0.,40.));
#2110=CARTESIAN_POINT('Origin',(4.,24.6779253585061,40.));
#2111=CARTESIAN_POINT('',(4.,24.6779253585061,40.));
#2112=CARTESIAN_POINT('',(4.,43.494655685829,40.));
#2113=CARTESIAN_POINT('Origin',(0.,0.,40.));
#2114=CARTESIAN_POINT('Origin',(0.,0.,40.));
#2115=CARTESIAN_POINT('Origin',(19.3717102731625,-15.8030642943908,40.));
#2116=CARTESIAN_POINT('',(19.3717102731625,-15.8030642943908,40.));
#2117=CARTESIAN_POINT('',(35.6674767527852,-25.2114294580522,40.));
#2118=CARTESIAN_POINT('Origin',(0.,0.,40.));
#2119=CARTESIAN_POINT('Origin',(0.,0.,40.));
#2120=CARTESIAN_POINT('Origin',(0.,0.,40.));
#2121=CARTESIAN_POINT('',(19.,-2.32682891837997E-15,40.));
#2122=UNCERTAINTY_MEASURE_WITH_UNIT(LENGTH_MEASURE(0.01),#2126,
'DISTANCE_ACCURACY_VALUE',
'Maximum model space distance between geometric entities at asserted c
onnectivities');
#2123=UNCERTAINTY_MEASURE_WITH_UNIT(LENGTH_MEASURE(0.01),#2126,
'DISTANCE_ACCURACY_VALUE',
'Maximum model space distance between geometric entities at asserted c
onnectivities');
#2124=(
GEOMETRIC_REPRESENTATION_CONTEXT(3)
GLOBAL_UNCERTAINTY_ASSIGNED_CONTEXT((#2122))
GLOBAL_UNIT_ASSIGNED_CONTEXT((#2126,#2128,#2129))
REPRESENTATION_CONTEXT('','3D')
);
#2125=(
GEOMETRIC_REPRESENTATION_CONTEXT(3)
GLOBAL_UNCERTAINTY_ASSIGNED_CONTEXT((#2123))
GLOBAL_UNIT_ASSIGNED_CONTEXT((#2126,#2128,#2129))
REPRESENTATION_CONTEXT('','3D')
);
#2126=(
LENGTH_UNIT()
NAMED_UNIT(*)
SI_UNIT(.MILLI.,.METRE.)
);
#2127=(
LENGTH_UNIT()
NAMED_UNIT(*)
SI_UNIT($,.METRE.)
);
#2128=(
NAMED_UNIT(*)
PLANE_ANGLE_UNIT()
SI_UNIT($,.RADIAN.)
);
#2129=(
NAMED_UNIT(*)
SI_UNIT($,.STERADIAN.)
SOLID_ANGLE_UNIT()
);
#2130=SHAPE_DEFINITION_REPRESENTATION(#2131,#2132);
#2131=PRODUCT_DEFINITION_SHAPE('',$,#2134);
#2132=SHAPE_REPRESENTATION('',(#1103),#2124);
#2133=PRODUCT_DEFINITION_CONTEXT('part definition',#2138,'design');
#2134=PRODUCT_DEFINITION('2026-08-24-20-16-20-316','TreeSkinBase',#2135,
#2133);
#2135=PRODUCT_DEFINITION_FORMATION('',$,#2140);
#2136=PRODUCT_RELATED_PRODUCT_CATEGORY('TreeSkinBase','TreeSkinBase',(#2140));
#2137=APPLICATION_PROTOCOL_DEFINITION('international standard',
'automotive_design',2009,#2138);
#2138=APPLICATION_CONTEXT(
'Core Data for Automotive Mechanical Design Process');
#2139=PRODUCT_CONTEXT('part definition',#2138,'mechanical');
#2140=PRODUCT('2026-08-24-20-16-20-316','TreeSkinBase',$,(#2139));
#2141=PRESENTATION_STYLE_ASSIGNMENT((#2142));
#2142=SURFACE_STYLE_USAGE(.BOTH.,#2143);
#2143=SURFACE_SIDE_STYLE('',(#2144));
#2144=SURFACE_STYLE_FILL_AREA(#2145);
#2145=FILL_AREA_STYLE('Steel - Satin',(#2146));
#2146=FILL_AREA_STYLE_COLOUR('Steel - Satin',#2147);
#2147=COLOUR_RGB('Steel - Satin',0.627450980392157,0.627450980392157,0.627450980392157);
ENDSEC;
END-ISO-10303-21;
