ISO-10303-21;
HEADER;
/* Generated by software containing ST-Developer
 * from STEP Tools, Inc. (www.steptools.com) 
 */

FILE_DESCRIPTION(
/* description */ (''),
/* implementation_level */ '2;1');

FILE_NAME(
/* name */ 'TreeSensorLEDHolder.step',
/* time_stamp */ '2026-08-24T20:16:12+01:00',
/* author */ (''),
/* organization */ (''),
/* preprocessor_version */ 'ST-DEVELOPER v20.1',
/* originating_system */ 'Autodesk Translation Framework v15.8.0.0',
/* authorisation */ '');

FILE_SCHEMA (('AUTOMOTIVE_DESIGN { 1 0 10303 214 3 1 1 }'));
ENDSEC;

DATA;
#10=MECHANICAL_DESIGN_GEOMETRIC_PRESENTATION_REPRESENTATION('',(#13),#3107);
#11=SHAPE_REPRESENTATION_RELATIONSHIP('SRR','None',#3114,#12);
#12=ADVANCED_BREP_SHAPE_REPRESENTATION('',(#14),#3106);
#13=STYLED_ITEM('',(#3123),#14);
#14=MANIFOLD_SOLID_BREP('Body1',#1574);
#15=(
BOUNDED_CURVE()
B_SPLINE_CURVE(2,(#2734,#2735,#2736),.UNSPECIFIED.,.F.,.F.)
B_SPLINE_CURVE_WITH_KNOTS((3,3),(1.1661190104637,1.18791553679127),
 .UNSPECIFIED.)
CURVE()
GEOMETRIC_REPRESENTATION_ITEM()
RATIONAL_B_SPLINE_CURVE((1.00702691704139,1.00701277590496,1.00699565111795))
REPRESENTATION_ITEM('')
);
#16=(
BOUNDED_CURVE()
B_SPLINE_CURVE(2,(#2740,#2741,#2742),.UNSPECIFIED.,.F.,.F.)
B_SPLINE_CURVE_WITH_KNOTS((3,3),(0.937711391869453,0.959507918197025),
 .UNSPECIFIED.)
CURVE()
GEOMETRIC_REPRESENTATION_ITEM()
RATIONAL_B_SPLINE_CURVE((1.00699565111795,1.00701277590496,1.00702691704139))
REPRESENTATION_ITEM('')
);
#17=(
BOUNDED_CURVE()
B_SPLINE_CURVE(2,(#2751,#2752,#2753),.UNSPECIFIED.,.F.,.F.)
B_SPLINE_CURVE_WITH_KNOTS((3,3),(1.16611901036463,1.18791553669303),
 .UNSPECIFIED.)
CURVE()
GEOMETRIC_REPRESENTATION_ITEM()
RATIONAL_B_SPLINE_CURVE((1.00702691707507,1.00701277593859,1.00699565115151))
REPRESENTATION_ITEM('')
);
#18=(
BOUNDED_CURVE()
B_SPLINE_CURVE(2,(#2757,#2758,#2759),.UNSPECIFIED.,.F.,.F.)
B_SPLINE_CURVE_WITH_KNOTS((3,3),(0.937711391967771,0.959507918296156),
 .UNSPECIFIED.)
CURVE()
GEOMETRIC_REPRESENTATION_ITEM()
RATIONAL_B_SPLINE_CURVE((1.00699565115097,1.00701277593804,1.00702691707453))
REPRESENTATION_ITEM('')
);
#19=(
BOUNDED_CURVE()
B_SPLINE_CURVE(2,(#2763,#2764,#2765),.UNSPECIFIED.,.F.,.F.)
B_SPLINE_CURVE_WITH_KNOTS((3,3),(1.16611901041394,1.18791553674194),
 .UNSPECIFIED.)
CURVE()
GEOMETRIC_REPRESENTATION_ITEM()
RATIONAL_B_SPLINE_CURVE((1.00702691705885,1.00701277592239,1.00699565113534))
REPRESENTATION_ITEM('')
);
#20=(
BOUNDED_CURVE()
B_SPLINE_CURVE(2,(#2769,#2770,#2771),.UNSPECIFIED.,.F.,.F.)
B_SPLINE_CURVE_WITH_KNOTS((3,3),(0.937711391967775,0.959507918296192),
 .UNSPECIFIED.)
CURVE()
GEOMETRIC_REPRESENTATION_ITEM()
RATIONAL_B_SPLINE_CURVE((1.00699565115244,1.00701277593952,1.00702691707601))
REPRESENTATION_ITEM('')
);
#21=(
BOUNDED_SURFACE()
B_SPLINE_SURFACE(3,2,((#2651,#2652,#2653,#2654,#2655,#2656,#2657,#2658,
#2659),(#2660,#2661,#2662,#2663,#2664,#2665,#2666,#2667,#2668),(#2669,#2670,
#2671,#2672,#2673,#2674,#2675,#2676,#2677),(#2678,#2679,#2680,#2681,#2682,
#2683,#2684,#2685,#2686)),.UNSPECIFIED.,.F.,.T.,.F.)
B_SPLINE_SURFACE_WITH_KNOTS((4,4),(3,2,2,2,3),(0.0673330378307061,0.11200963984022),
(0.,1.5707963267949,3.14159265358979,4.71238898038469,6.28318530717959),
 .UNSPECIFIED.)
GEOMETRIC_REPRESENTATION_ITEM()
RATIONAL_B_SPLINE_SURFACE(((1.,0.707106781186548,1.,0.707106781186548,1.,
0.707106781186548,1.,0.707106781186548,1.),(1.,0.707106781186548,1.,0.707106781186548,
1.,0.707106781186548,1.,0.707106781186548,1.),(1.,0.707106781186548,1.,
0.707106781186548,1.,0.707106781186548,1.,0.707106781186548,1.),(1.,0.707106781186548,
1.,0.707106781186548,1.,0.707106781186548,1.,0.707106781186548,1.)))
REPRESENTATION_ITEM('')
SURFACE()
);
#22=FACE_BOUND('',#208,.T.);
#23=FACE_BOUND('',#211,.T.);
#24=FACE_BOUND('',#212,.T.);
#25=FACE_BOUND('',#213,.T.);
#26=FACE_BOUND('',#214,.T.);
#27=FACE_BOUND('',#215,.T.);
#28=FACE_BOUND('',#216,.T.);
#29=FACE_BOUND('',#220,.T.);
#30=FACE_BOUND('',#242,.T.);
#31=FACE_BOUND('',#265,.T.);
#32=FACE_BOUND('',#266,.T.);
#33=FACE_BOUND('',#267,.T.);
#34=FACE_BOUND('',#268,.T.);
#35=FACE_BOUND('',#273,.T.);
#36=FACE_BOUND('',#274,.T.);
#37=FACE_BOUND('',#275,.T.);
#38=FACE_BOUND('',#276,.T.);
#39=FACE_BOUND('',#277,.T.);
#40=FACE_BOUND('',#278,.T.);
#41=FACE_BOUND('',#291,.T.);
#42=FACE_BOUND('',#292,.T.);
#43=FACE_BOUND('',#293,.T.);
#44=FACE_BOUND('',#294,.T.);
#45=FACE_BOUND('',#295,.T.);
#46=FACE_BOUND('',#296,.T.);
#47=FACE_BOUND('',#297,.T.);
#48=FACE_BOUND('',#298,.T.);
#49=FACE_BOUND('',#299,.T.);
#50=PLANE('',#1606);
#51=PLANE('',#1622);
#52=PLANE('',#1623);
#53=PLANE('',#1624);
#54=PLANE('',#1625);
#55=PLANE('',#1626);
#56=PLANE('',#1627);
#57=PLANE('',#1629);
#58=PLANE('',#1631);
#59=PLANE('',#1639);
#60=PLANE('',#1641);
#61=PLANE('',#1643);
#62=PLANE('',#1644);
#63=PLANE('',#1645);
#64=PLANE('',#1647);
#65=PLANE('',#1649);
#66=PLANE('',#1651);
#67=PLANE('',#1652);
#68=PLANE('',#1653);
#69=PLANE('',#1654);
#70=PLANE('',#1655);
#71=PLANE('',#1658);
#72=PLANE('',#1659);
#73=PLANE('',#1660);
#74=PLANE('',#1661);
#75=PLANE('',#1662);
#76=PLANE('',#1663);
#77=PLANE('',#1664);
#78=PLANE('',#1679);
#79=PLANE('',#1687);
#80=PLANE('',#1688);
#81=PLANE('',#1689);
#82=PLANE('',#1690);
#83=PLANE('',#1691);
#84=PLANE('',#1692);
#85=PLANE('',#1693);
#86=PLANE('',#1694);
#87=PLANE('',#1695);
#88=PLANE('',#1707);
#89=PLANE('',#1708);
#90=PLANE('',#1709);
#91=PLANE('',#1715);
#92=PLANE('',#1716);
#93=PLANE('',#1717);
#94=PLANE('',#1718);
#95=PLANE('',#1719);
#96=PLANE('',#1720);
#97=PLANE('',#1721);
#98=CYLINDRICAL_SURFACE('',#1590,0.75);
#99=CYLINDRICAL_SURFACE('',#1593,0.75);
#100=CYLINDRICAL_SURFACE('',#1596,0.75);
#101=CYLINDRICAL_SURFACE('',#1599,0.75);
#102=CYLINDRICAL_SURFACE('',#1602,0.75);
#103=CYLINDRICAL_SURFACE('',#1605,0.75);
#104=CYLINDRICAL_SURFACE('',#1618,43.6781990611886);
#105=CYLINDRICAL_SURFACE('',#1620,43.6781990611886);
#106=CYLINDRICAL_SURFACE('',#1633,0.95);
#107=CYLINDRICAL_SURFACE('',#1636,0.950000000000001);
#108=CYLINDRICAL_SURFACE('',#1667,25.5);
#109=CYLINDRICAL_SURFACE('',#1669,5.5);
#110=CYLINDRICAL_SURFACE('',#1672,5.5);
#111=CYLINDRICAL_SURFACE('',#1675,33.5);
#112=CYLINDRICAL_SURFACE('',#1681,25.5);
#113=CYLINDRICAL_SURFACE('',#1683,1.2);
#114=CYLINDRICAL_SURFACE('',#1685,1.2);
#115=CYLINDRICAL_SURFACE('',#1698,43.6781990611886);
#116=CYLINDRICAL_SURFACE('',#1702,35.);
#117=CYLINDRICAL_SURFACE('',#1710,24.);
#118=FACE_OUTER_BOUND('',#195,.T.);
#119=FACE_OUTER_BOUND('',#196,.T.);
#120=FACE_OUTER_BOUND('',#197,.T.);
#121=FACE_OUTER_BOUND('',#198,.T.);
#122=FACE_OUTER_BOUND('',#199,.T.);
#123=FACE_OUTER_BOUND('',#200,.T.);
#124=FACE_OUTER_BOUND('',#201,.T.);
#125=FACE_OUTER_BOUND('',#202,.T.);
#126=FACE_OUTER_BOUND('',#203,.T.);
#127=FACE_OUTER_BOUND('',#204,.T.);
#128=FACE_OUTER_BOUND('',#205,.T.);
#129=FACE_OUTER_BOUND('',#206,.T.);
#130=FACE_OUTER_BOUND('',#207,.T.);
#131=FACE_OUTER_BOUND('',#209,.T.);
#132=FACE_OUTER_BOUND('',#210,.T.);
#133=FACE_OUTER_BOUND('',#217,.T.);
#134=FACE_OUTER_BOUND('',#218,.T.);
#135=FACE_OUTER_BOUND('',#219,.T.);
#136=FACE_OUTER_BOUND('',#221,.T.);
#137=FACE_OUTER_BOUND('',#222,.T.);
#138=FACE_OUTER_BOUND('',#223,.T.);
#139=FACE_OUTER_BOUND('',#224,.T.);
#140=FACE_OUTER_BOUND('',#225,.T.);
#141=FACE_OUTER_BOUND('',#226,.T.);
#142=FACE_OUTER_BOUND('',#227,.T.);
#143=FACE_OUTER_BOUND('',#228,.T.);
#144=FACE_OUTER_BOUND('',#229,.T.);
#145=FACE_OUTER_BOUND('',#230,.T.);
#146=FACE_OUTER_BOUND('',#231,.T.);
#147=FACE_OUTER_BOUND('',#232,.T.);
#148=FACE_OUTER_BOUND('',#233,.T.);
#149=FACE_OUTER_BOUND('',#234,.T.);
#150=FACE_OUTER_BOUND('',#235,.T.);
#151=FACE_OUTER_BOUND('',#236,.T.);
#152=FACE_OUTER_BOUND('',#237,.T.);
#153=FACE_OUTER_BOUND('',#238,.T.);
#154=FACE_OUTER_BOUND('',#239,.T.);
#155=FACE_OUTER_BOUND('',#240,.T.);
#156=FACE_OUTER_BOUND('',#241,.T.);
#157=FACE_OUTER_BOUND('',#243,.T.);
#158=FACE_OUTER_BOUND('',#244,.T.);
#159=FACE_OUTER_BOUND('',#245,.T.);
#160=FACE_OUTER_BOUND('',#246,.T.);
#161=FACE_OUTER_BOUND('',#247,.T.);
#162=FACE_OUTER_BOUND('',#248,.T.);
#163=FACE_OUTER_BOUND('',#249,.T.);
#164=FACE_OUTER_BOUND('',#250,.T.);
#165=FACE_OUTER_BOUND('',#251,.T.);
#166=FACE_OUTER_BOUND('',#252,.T.);
#167=FACE_OUTER_BOUND('',#253,.T.);
#168=FACE_OUTER_BOUND('',#254,.T.);
#169=FACE_OUTER_BOUND('',#255,.T.);
#170=FACE_OUTER_BOUND('',#256,.T.);
#171=FACE_OUTER_BOUND('',#257,.T.);
#172=FACE_OUTER_BOUND('',#258,.T.);
#173=FACE_OUTER_BOUND('',#259,.T.);
#174=FACE_OUTER_BOUND('',#260,.T.);
#175=FACE_OUTER_BOUND('',#261,.T.);
#176=FACE_OUTER_BOUND('',#262,.T.);
#177=FACE_OUTER_BOUND('',#263,.T.);
#178=FACE_OUTER_BOUND('',#264,.T.);
#179=FACE_OUTER_BOUND('',#269,.T.);
#180=FACE_OUTER_BOUND('',#270,.T.);
#181=FACE_OUTER_BOUND('',#271,.T.);
#182=FACE_OUTER_BOUND('',#272,.T.);
#183=FACE_OUTER_BOUND('',#279,.T.);
#184=FACE_OUTER_BOUND('',#280,.T.);
#185=FACE_OUTER_BOUND('',#281,.T.);
#186=FACE_OUTER_BOUND('',#282,.T.);
#187=FACE_OUTER_BOUND('',#283,.T.);
#188=FACE_OUTER_BOUND('',#284,.T.);
#189=FACE_OUTER_BOUND('',#285,.T.);
#190=FACE_OUTER_BOUND('',#286,.T.);
#191=FACE_OUTER_BOUND('',#287,.T.);
#192=FACE_OUTER_BOUND('',#288,.T.);
#193=FACE_OUTER_BOUND('',#289,.T.);
#194=FACE_OUTER_BOUND('',#290,.T.);
#195=EDGE_LOOP('',(#1035,#1036,#1037,#1038,#1039));
#196=EDGE_LOOP('',(#1040,#1041,#1042,#1043,#1044));
#197=EDGE_LOOP('',(#1045,#1046,#1047,#1048,#1049));
#198=EDGE_LOOP('',(#1050,#1051,#1052,#1053,#1054));
#199=EDGE_LOOP('',(#1055,#1056,#1057,#1058,#1059));
#200=EDGE_LOOP('',(#1060,#1061,#1062,#1063,#1064));
#201=EDGE_LOOP('',(#1065,#1066,#1067,#1068,#1069));
#202=EDGE_LOOP('',(#1070,#1071,#1072,#1073,#1074));
#203=EDGE_LOOP('',(#1075,#1076,#1077,#1078,#1079));
#204=EDGE_LOOP('',(#1080,#1081,#1082,#1083,#1084));
#205=EDGE_LOOP('',(#1085,#1086,#1087,#1088,#1089));
#206=EDGE_LOOP('',(#1090,#1091,#1092,#1093,#1094));
#207=EDGE_LOOP('',(#1095));
#208=EDGE_LOOP('',(#1096));
#209=EDGE_LOOP('',(#1097,#1098,#1099,#1100));
#210=EDGE_LOOP('',(#1101,#1102,#1103,#1104,#1105,#1106,#1107,#1108,#1109,
#1110,#1111,#1112,#1113,#1114,#1115,#1116));
#211=EDGE_LOOP('',(#1117,#1118));
#212=EDGE_LOOP('',(#1119,#1120));
#213=EDGE_LOOP('',(#1121,#1122));
#214=EDGE_LOOP('',(#1123,#1124));
#215=EDGE_LOOP('',(#1125,#1126));
#216=EDGE_LOOP('',(#1127,#1128));
#217=EDGE_LOOP('',(#1129,#1130,#1131,#1132));
#218=EDGE_LOOP('',(#1133,#1134,#1135,#1136,#1137));
#219=EDGE_LOOP('',(#1138));
#220=EDGE_LOOP('',(#1139));
#221=EDGE_LOOP('',(#1140,#1141,#1142,#1143,#1144,#1145));
#222=EDGE_LOOP('',(#1146,#1147,#1148,#1149));
#223=EDGE_LOOP('',(#1150,#1151,#1152,#1153));
#224=EDGE_LOOP('',(#1154,#1155,#1156,#1157,#1158));
#225=EDGE_LOOP('',(#1159,#1160,#1161,#1162));
#226=EDGE_LOOP('',(#1163));
#227=EDGE_LOOP('',(#1164));
#228=EDGE_LOOP('',(#1165,#1166,#1167,#1168));
#229=EDGE_LOOP('',(#1169,#1170,#1171,#1172));
#230=EDGE_LOOP('',(#1173,#1174,#1175,#1176));
#231=EDGE_LOOP('',(#1177,#1178,#1179,#1180));
#232=EDGE_LOOP('',(#1181,#1182,#1183,#1184));
#233=EDGE_LOOP('',(#1185,#1186,#1187,#1188));
#234=EDGE_LOOP('',(#1189,#1190,#1191,#1192));
#235=EDGE_LOOP('',(#1193,#1194,#1195,#1196));
#236=EDGE_LOOP('',(#1197,#1198,#1199,#1200));
#237=EDGE_LOOP('',(#1201,#1202,#1203,#1204,#1205));
#238=EDGE_LOOP('',(#1206,#1207,#1208,#1209,#1210));
#239=EDGE_LOOP('',(#1211,#1212,#1213,#1214,#1215));
#240=EDGE_LOOP('',(#1216,#1217,#1218,#1219));
#241=EDGE_LOOP('',(#1220));
#242=EDGE_LOOP('',(#1221));
#243=EDGE_LOOP('',(#1222,#1223,#1224,#1225,#1226));
#244=EDGE_LOOP('',(#1227,#1228,#1229,#1230));
#245=EDGE_LOOP('',(#1231,#1232,#1233,#1234,#1235,#1236,#1237,#1238));
#246=EDGE_LOOP('',(#1239,#1240,#1241,#1242,#1243,#1244,#1245,#1246));
#247=EDGE_LOOP('',(#1247,#1248,#1249,#1250));
#248=EDGE_LOOP('',(#1251,#1252,#1253,#1254));
#249=EDGE_LOOP('',(#1255,#1256,#1257,#1258));
#250=EDGE_LOOP('',(#1259,#1260,#1261,#1262));
#251=EDGE_LOOP('',(#1263,#1264,#1265,#1266));
#252=EDGE_LOOP('',(#1267,#1268,#1269,#1270));
#253=EDGE_LOOP('',(#1271,#1272,#1273,#1274,#1275,#1276,#1277,#1278));
#254=EDGE_LOOP('',(#1279,#1280,#1281,#1282,#1283));
#255=EDGE_LOOP('',(#1284,#1285,#1286,#1287));
#256=EDGE_LOOP('',(#1288,#1289,#1290,#1291));
#257=EDGE_LOOP('',(#1292,#1293,#1294,#1295));
#258=EDGE_LOOP('',(#1296,#1297,#1298,#1299));
#259=EDGE_LOOP('',(#1300,#1301,#1302,#1303));
#260=EDGE_LOOP('',(#1304,#1305,#1306,#1307));
#261=EDGE_LOOP('',(#1308,#1309,#1310,#1311));
#262=EDGE_LOOP('',(#1312,#1313,#1314,#1315));
#263=EDGE_LOOP('',(#1316,#1317,#1318,#1319));
#264=EDGE_LOOP('',(#1320,#1321,#1322,#1323,#1324,#1325,#1326,#1327,#1328,
#1329));
#265=EDGE_LOOP('',(#1330));
#266=EDGE_LOOP('',(#1331));
#267=EDGE_LOOP('',(#1332));
#268=EDGE_LOOP('',(#1333));
#269=EDGE_LOOP('',(#1334,#1335,#1336,#1337,#1338,#1339,#1340,#1341));
#270=EDGE_LOOP('',(#1342,#1343,#1344,#1345,#1346));
#271=EDGE_LOOP('',(#1347,#1348,#1349,#1350));
#272=EDGE_LOOP('',(#1351,#1352,#1353,#1354));
#273=EDGE_LOOP('',(#1355,#1356));
#274=EDGE_LOOP('',(#1357,#1358));
#275=EDGE_LOOP('',(#1359,#1360));
#276=EDGE_LOOP('',(#1361,#1362));
#277=EDGE_LOOP('',(#1363,#1364));
#278=EDGE_LOOP('',(#1365,#1366));
#279=EDGE_LOOP('',(#1367,#1368,#1369,#1370,#1371,#1372,#1373,#1374,#1375,
#1376,#1377,#1378,#1379,#1380,#1381,#1382));
#280=EDGE_LOOP('',(#1383,#1384,#1385,#1386,#1387));
#281=EDGE_LOOP('',(#1388,#1389,#1390,#1391,#1392));
#282=EDGE_LOOP('',(#1393,#1394,#1395,#1396,#1397));
#283=EDGE_LOOP('',(#1398,#1399,#1400,#1401,#1402,#1403,#1404,#1405,#1406,
#1407,#1408,#1409,#1410,#1411,#1412,#1413,#1414,#1415,#1416,#1417));
#284=EDGE_LOOP('',(#1418,#1419,#1420,#1421));
#285=EDGE_LOOP('',(#1422,#1423,#1424,#1425,#1426));
#286=EDGE_LOOP('',(#1427,#1428,#1429,#1430,#1431,#1432,#1433,#1434));
#287=EDGE_LOOP('',(#1435,#1436,#1437,#1438,#1439));
#288=EDGE_LOOP('',(#1440,#1441,#1442,#1443,#1444,#1445,#1446,#1447));
#289=EDGE_LOOP('',(#1448,#1449,#1450,#1451));
#290=EDGE_LOOP('',(#1452));
#291=EDGE_LOOP('',(#1453,#1454,#1455,#1456));
#292=EDGE_LOOP('',(#1457,#1458,#1459,#1460));
#293=EDGE_LOOP('',(#1461,#1462,#1463,#1464,#1465));
#294=EDGE_LOOP('',(#1466,#1467,#1468,#1469,#1470));
#295=EDGE_LOOP('',(#1471,#1472,#1473,#1474,#1475,#1476));
#296=EDGE_LOOP('',(#1477,#1478,#1479,#1480,#1481,#1482));
#297=EDGE_LOOP('',(#1483,#1484,#1485,#1486));
#298=EDGE_LOOP('',(#1487));
#299=EDGE_LOOP('',(#1488));
#300=CIRCLE('',#1589,0.75);
#301=CIRCLE('',#1592,0.75);
#302=CIRCLE('',#1595,0.75);
#303=CIRCLE('',#1598,0.75);
#304=CIRCLE('',#1601,0.75);
#305=CIRCLE('',#1604,0.75);
#306=CIRCLE('',#1607,50.1160181212932);
#307=CIRCLE('',#1608,49.9571618763916);
#308=CIRCLE('',#1610,43.8281990611886);
#309=CIRCLE('',#1611,43.6781990611886);
#310=CIRCLE('',#1612,46.6781990611886);
#311=CIRCLE('',#1613,43.6781990611886);
#312=CIRCLE('',#1614,43.8281990611886);
#313=CIRCLE('',#1615,43.6781990611886);
#314=CIRCLE('',#1616,43.8281990611886);
#315=CIRCLE('',#1617,43.6781990611886);
#316=CIRCLE('',#1619,43.6781990611886);
#317=CIRCLE('',#1621,43.6781990611886);
#318=CIRCLE('',#1628,24.);
#319=CIRCLE('',#1630,1.2);
#320=CIRCLE('',#1632,1.2);
#321=CIRCLE('',#1634,0.95);
#322=CIRCLE('',#1635,0.95);
#323=CIRCLE('',#1637,0.950000000000001);
#324=CIRCLE('',#1638,0.950000000000001);
#325=CIRCLE('',#1640,35.);
#326=CIRCLE('',#1642,35.);
#327=CIRCLE('',#1646,24.);
#328=CIRCLE('',#1648,35.);
#329=CIRCLE('',#1650,24.);
#330=CIRCLE('',#1656,35.);
#331=CIRCLE('',#1657,33.5);
#332=CIRCLE('',#1665,24.);
#333=CIRCLE('',#1666,25.5);
#334=CIRCLE('',#1668,25.5);
#335=CIRCLE('',#1670,5.5);
#336=CIRCLE('',#1671,5.5);
#337=CIRCLE('',#1673,5.5);
#338=CIRCLE('',#1674,5.5);
#339=CIRCLE('',#1676,33.5);
#340=CIRCLE('',#1677,33.5);
#341=CIRCLE('',#1678,33.5);
#342=CIRCLE('',#1680,25.5);
#343=CIRCLE('',#1682,25.5);
#344=CIRCLE('',#1684,1.2);
#345=CIRCLE('',#1686,1.2);
#346=CIRCLE('',#1696,24.);
#347=CIRCLE('',#1697,24.);
#348=CIRCLE('',#1699,43.6781990611886);
#349=CIRCLE('',#1701,45.1160181212932);
#350=CIRCLE('',#1703,35.);
#351=CIRCLE('',#1704,35.);
#352=CIRCLE('',#1705,35.);
#353=CIRCLE('',#1706,35.);
#354=CIRCLE('',#1711,24.);
#355=CIRCLE('',#1712,24.);
#356=CIRCLE('',#1713,24.);
#357=CIRCLE('',#1714,24.);
#358=LINE('',#2172,#495);
#359=LINE('',#2176,#496);
#360=LINE('',#2258,#497);
#361=LINE('',#2262,#498);
#362=LINE('',#2344,#499);
#363=LINE('',#2348,#500);
#364=LINE('',#2430,#501);
#365=LINE('',#2434,#502);
#366=LINE('',#2516,#503);
#367=LINE('',#2520,#504);
#368=LINE('',#2602,#505);
#369=LINE('',#2606,#506);
#370=LINE('',#2746,#507);
#371=LINE('',#2775,#508);
#372=LINE('',#2778,#509);
#373=LINE('',#2781,#510);
#374=LINE('',#2784,#511);
#375=LINE('',#2789,#512);
#376=LINE('',#2791,#513);
#377=LINE('',#2793,#514);
#378=LINE('',#2795,#515);
#379=LINE('',#2797,#516);
#380=LINE('',#2798,#517);
#381=LINE('',#2801,#518);
#382=LINE('',#2803,#519);
#383=LINE('',#2805,#520);
#384=LINE('',#2806,#521);
#385=LINE('',#2809,#522);
#386=LINE('',#2811,#523);
#387=LINE('',#2813,#524);
#388=LINE('',#2814,#525);
#389=LINE('',#2817,#526);
#390=LINE('',#2819,#527);
#391=LINE('',#2821,#528);
#392=LINE('',#2822,#529);
#393=LINE('',#2825,#530);
#394=LINE('',#2837,#531);
#395=LINE('',#2843,#532);
#396=LINE('',#2847,#533);
#397=LINE('',#2849,#534);
#398=LINE('',#2853,#535);
#399=LINE('',#2855,#536);
#400=LINE('',#2859,#537);
#401=LINE('',#2860,#538);
#402=LINE('',#2863,#539);
#403=LINE('',#2864,#540);
#404=LINE('',#2868,#541);
#405=LINE('',#2872,#542);
#406=LINE('',#2873,#543);
#407=LINE('',#2876,#544);
#408=LINE('',#2878,#545);
#409=LINE('',#2883,#546);
#410=LINE('',#2887,#547);
#411=LINE('',#2888,#548);
#412=LINE('',#2891,#549);
#413=LINE('',#2893,#550);
#414=LINE('',#2894,#551);
#415=LINE('',#2897,#552);
#416=LINE('',#2898,#553);
#417=LINE('',#2901,#554);
#418=LINE('',#2903,#555);
#419=LINE('',#2904,#556);
#420=LINE('',#2907,#557);
#421=LINE('',#2909,#558);
#422=LINE('',#2910,#559);
#423=LINE('',#2918,#560);
#424=LINE('',#2919,#561);
#425=LINE('',#2922,#562);
#426=LINE('',#2924,#563);
#427=LINE('',#2925,#564);
#428=LINE('',#2928,#565);
#429=LINE('',#2930,#566);
#430=LINE('',#2932,#567);
#431=LINE('',#2934,#568);
#432=LINE('',#2936,#569);
#433=LINE('',#2937,#570);
#434=LINE('',#2940,#571);
#435=LINE('',#2942,#572);
#436=LINE('',#2944,#573);
#437=LINE('',#2946,#574);
#438=LINE('',#2948,#575);
#439=LINE('',#2949,#576);
#440=LINE('',#2953,#577);
#441=LINE('',#2955,#578);
#442=LINE('',#2957,#579);
#443=LINE('',#2958,#580);
#444=LINE('',#2962,#581);
#445=LINE('',#2964,#582);
#446=LINE('',#2966,#583);
#447=LINE('',#2967,#584);
#448=LINE('',#2973,#585);
#449=LINE('',#2976,#586);
#450=LINE('',#2982,#587);
#451=LINE('',#2987,#588);
#452=LINE('',#2991,#589);
#453=LINE('',#3001,#590);
#454=LINE('',#3005,#591);
#455=LINE('',#3009,#592);
#456=LINE('',#3011,#593);
#457=LINE('',#3012,#594);
#458=LINE('',#3015,#595);
#459=LINE('',#3017,#596);
#460=LINE('',#3018,#597);
#461=LINE('',#3021,#598);
#462=LINE('',#3022,#599);
#463=LINE('',#3024,#600);
#464=LINE('',#3027,#601);
#465=LINE('',#3028,#602);
#466=LINE('',#3030,#603);
#467=LINE('',#3032,#604);
#468=LINE('',#3035,#605);
#469=LINE('',#3037,#606);
#470=LINE('',#3038,#607);
#471=LINE('',#3046,#608);
#472=LINE('',#3050,#609);
#473=LINE('',#3053,#610);
#474=LINE('',#3056,#611);
#475=LINE('',#3059,#612);
#476=LINE('',#3062,#613);
#477=LINE('',#3065,#614);
#478=LINE('',#3067,#615);
#479=LINE('',#3070,#616);
#480=LINE('',#3071,#617);
#481=LINE('',#3074,#618);
#482=LINE('',#3077,#619);
#483=LINE('',#3080,#620);
#484=LINE('',#3085,#621);
#485=LINE('',#3086,#622);
#486=LINE('',#3088,#623);
#487=LINE('',#3091,#624);
#488=LINE('',#3092,#625);
#489=LINE('',#3094,#626);
#490=LINE('',#3095,#627);
#491=LINE('',#3097,#628);
#492=LINE('',#3099,#629);
#493=LINE('',#3100,#630);
#494=LINE('',#3102,#631);
#495=VECTOR('',#1726,1.375);
#496=VECTOR('',#1731,0.75);
#497=VECTOR('',#1734,1.375);
#498=VECTOR('',#1739,0.75);
#499=VECTOR('',#1742,1.375);
#500=VECTOR('',#1747,0.75);
#501=VECTOR('',#1750,1.375);
#502=VECTOR('',#1755,0.75);
#503=VECTOR('',#1758,1.375);
#504=VECTOR('',#1763,0.75);
#505=VECTOR('',#1766,1.375);
#506=VECTOR('',#1771,0.75);
#507=VECTOR('',#1784,45.1781990611886);
#508=VECTOR('',#1799,10.);
#509=VECTOR('',#1802,10.);
#510=VECTOR('',#1805,10.);
#511=VECTOR('',#1808,10.);
#512=VECTOR('',#1813,10.);
#513=VECTOR('',#1814,10.);
#514=VECTOR('',#1815,10.);
#515=VECTOR('',#1816,10.);
#516=VECTOR('',#1817,10.);
#517=VECTOR('',#1818,10.);
#518=VECTOR('',#1821,10.);
#519=VECTOR('',#1822,10.);
#520=VECTOR('',#1823,10.);
#521=VECTOR('',#1824,10.);
#522=VECTOR('',#1827,10.);
#523=VECTOR('',#1828,10.);
#524=VECTOR('',#1829,10.);
#525=VECTOR('',#1830,10.);
#526=VECTOR('',#1833,10.);
#527=VECTOR('',#1834,10.);
#528=VECTOR('',#1835,10.);
#529=VECTOR('',#1836,10.);
#530=VECTOR('',#1839,10.);
#531=VECTOR('',#1854,0.95);
#532=VECTOR('',#1861,0.950000000000001);
#533=VECTOR('',#1866,10.);
#534=VECTOR('',#1867,10.);
#535=VECTOR('',#1872,10.);
#536=VECTOR('',#1873,10.);
#537=VECTOR('',#1878,10.);
#538=VECTOR('',#1879,10.);
#539=VECTOR('',#1882,10.);
#540=VECTOR('',#1883,10.);
#541=VECTOR('',#1886,10.);
#542=VECTOR('',#1889,10.);
#543=VECTOR('',#1890,10.);
#544=VECTOR('',#1893,10.);
#545=VECTOR('',#1894,10.);
#546=VECTOR('',#1899,10.);
#547=VECTOR('',#1902,10.);
#548=VECTOR('',#1903,10.);
#549=VECTOR('',#1906,10.);
#550=VECTOR('',#1907,10.);
#551=VECTOR('',#1908,10.);
#552=VECTOR('',#1911,10.);
#553=VECTOR('',#1912,10.);
#554=VECTOR('',#1915,10.);
#555=VECTOR('',#1916,10.);
#556=VECTOR('',#1917,10.);
#557=VECTOR('',#1920,10.);
#558=VECTOR('',#1921,10.);
#559=VECTOR('',#1922,10.);
#560=VECTOR('',#1931,10.);
#561=VECTOR('',#1932,10.);
#562=VECTOR('',#1935,10.);
#563=VECTOR('',#1936,10.);
#564=VECTOR('',#1937,10.);
#565=VECTOR('',#1940,10.);
#566=VECTOR('',#1941,10.);
#567=VECTOR('',#1942,10.);
#568=VECTOR('',#1943,10.);
#569=VECTOR('',#1944,10.);
#570=VECTOR('',#1945,10.);
#571=VECTOR('',#1948,10.);
#572=VECTOR('',#1949,10.);
#573=VECTOR('',#1950,10.);
#574=VECTOR('',#1951,10.);
#575=VECTOR('',#1952,10.);
#576=VECTOR('',#1953,10.);
#577=VECTOR('',#1956,10.);
#578=VECTOR('',#1957,10.);
#579=VECTOR('',#1958,10.);
#580=VECTOR('',#1959,10.);
#581=VECTOR('',#1962,10.);
#582=VECTOR('',#1963,10.);
#583=VECTOR('',#1964,10.);
#584=VECTOR('',#1965,10.);
#585=VECTOR('',#1974,10.);
#586=VECTOR('',#1977,10.);
#587=VECTOR('',#1984,10.);
#588=VECTOR('',#1989,10.);
#589=VECTOR('',#1994,33.5);
#590=VECTOR('',#2011,1.2);
#591=VECTOR('',#2016,1.2);
#592=VECTOR('',#2021,10.);
#593=VECTOR('',#2022,10.);
#594=VECTOR('',#2023,10.);
#595=VECTOR('',#2026,10.);
#596=VECTOR('',#2027,10.);
#597=VECTOR('',#2028,10.);
#598=VECTOR('',#2031,10.);
#599=VECTOR('',#2032,10.);
#600=VECTOR('',#2035,10.);
#601=VECTOR('',#2038,10.);
#602=VECTOR('',#2039,10.);
#603=VECTOR('',#2042,10.);
#604=VECTOR('',#2045,10.);
#605=VECTOR('',#2048,10.);
#606=VECTOR('',#2049,10.);
#607=VECTOR('',#2050,10.);
#608=VECTOR('',#2061,10.);
#609=VECTOR('',#2066,47.6160181212932);
#610=VECTOR('',#2069,35.);
#611=VECTOR('',#2072,10.);
#612=VECTOR('',#2075,10.);
#613=VECTOR('',#2078,10.);
#614=VECTOR('',#2083,10.);
#615=VECTOR('',#2086,10.);
#616=VECTOR('',#2089,10.);
#617=VECTOR('',#2090,10.);
#618=VECTOR('',#2093,24.);
#619=VECTOR('',#2096,10.);
#620=VECTOR('',#2099,10.);
#621=VECTOR('',#2106,10.);
#622=VECTOR('',#2107,10.);
#623=VECTOR('',#2110,10.);
#624=VECTOR('',#2113,10.);
#625=VECTOR('',#2114,10.);
#626=VECTOR('',#2115,10.);
#627=VECTOR('',#2116,10.);
#628=VECTOR('',#2119,10.);
#629=VECTOR('',#2122,10.);
#630=VECTOR('',#2123,10.);
#631=VECTOR('',#2126,10.);
#632=B_SPLINE_CURVE_WITH_KNOTS('',3,(#2133,#2134,#2135,#2136,#2137,#2138),
 .UNSPECIFIED.,.F.,.F.,(4,2,4),(0.,0.0689617969411373,0.0801185934475205),
 .UNSPECIFIED.);
#633=B_SPLINE_CURVE_WITH_KNOTS('',3,(#2139,#2140,#2141,#2142,#2143,#2144,
#2145,#2146,#2147,#2148,#2149,#2150,#2151,#2152,#2153,#2154,#2155,#2156,
#2157,#2158,#2159,#2160,#2161,#2162,#2163,#2164,#2165,#2166,#2167,#2168,
#2169,#2170),.UNSPECIFIED.,.F.,.F.,(4,2,2,2,2,2,2,2,2,2,2,2,2,2,2,4),(0.0801185934475205,
0.137923593882275,0.206673984780101,0.275424375677927,0.344174766575753,
0.412925157473579,0.481886954414716,0.550848751355854,0.622818722489657,
0.69478869362346,0.765957652566619,0.837126611509778,0.908295570452938,
0.979464529396097,1.0514345005299,1.1234044716637),.UNSPECIFIED.);
#634=B_SPLINE_CURVE_WITH_KNOTS('',3,(#2178,#2179,#2180,#2181,#2182,#2183,
#2184,#2185,#2186,#2187,#2188,#2189,#2190,#2191,#2192,#2193),
 .UNSPECIFIED.,.F.,.F.,(4,2,2,2,2,2,2,4),(0.,0.0280434156538806,0.0560868313077611,
0.0841302414481634,0.112173651588566,0.140217061728968,0.168260471869371,
0.191052265774208),.UNSPECIFIED.);
#635=B_SPLINE_CURVE_WITH_KNOTS('',3,(#2194,#2195,#2196,#2197,#2198,#2199,
#2200,#2201,#2202,#2203,#2204,#2205,#2206,#2207,#2208,#2209,#2210,#2211,
#2212,#2213,#2214,#2215),.UNSPECIFIED.,.F.,.F.,(4,2,2,2,2,2,2,2,2,2,4),
(0.191052265774208,0.196303887523251,0.224347303177132,0.252807594312919,
0.281267885448707,0.309728176995972,0.338188468543238,0.366648760090503,
0.395109051637768,0.423569342773556,0.452029633909344),.UNSPECIFIED.);
#636=B_SPLINE_CURVE_WITH_KNOTS('',3,(#2219,#2220,#2221,#2222,#2223,#2224),
 .UNSPECIFIED.,.F.,.F.,(4,2,4),(0.,0.0689617969411373,0.0801185934475211),
 .UNSPECIFIED.);
#637=B_SPLINE_CURVE_WITH_KNOTS('',3,(#2225,#2226,#2227,#2228,#2229,#2230,
#2231,#2232,#2233,#2234,#2235,#2236,#2237,#2238,#2239,#2240,#2241,#2242,
#2243,#2244,#2245,#2246,#2247,#2248,#2249,#2250,#2251,#2252,#2253,#2254,
#2255,#2256),.UNSPECIFIED.,.F.,.F.,(4,2,2,2,2,2,2,2,2,2,2,2,2,2,2,4),(0.0801185934475211,
0.137923593882275,0.206673984780101,0.275424375677927,0.344174766575753,
0.412925157473579,0.481886954414716,0.550848751355853,0.622818722489657,
0.69478869362346,0.76595765256662,0.83712661150978,0.908295570452939,0.979464529396099,
1.0514345005299,1.12340447166371),.UNSPECIFIED.);
#638=B_SPLINE_CURVE_WITH_KNOTS('',3,(#2264,#2265,#2266,#2267,#2268,#2269,
#2270,#2271,#2272,#2273,#2274,#2275,#2276,#2277,#2278,#2279),
 .UNSPECIFIED.,.F.,.F.,(4,2,2,2,2,2,2,4),(0.,0.0280434156538805,0.056086831307761,
0.0841302414481638,0.112173651588567,0.140217061728969,0.168260471869371,
0.191052265774208),.UNSPECIFIED.);
#639=B_SPLINE_CURVE_WITH_KNOTS('',3,(#2280,#2281,#2282,#2283,#2284,#2285,
#2286,#2287,#2288,#2289,#2290,#2291,#2292,#2293,#2294,#2295,#2296,#2297,
#2298,#2299,#2300,#2301),.UNSPECIFIED.,.F.,.F.,(4,2,2,2,2,2,2,2,2,2,4),
(0.191052265774208,0.196303887523252,0.224347303177132,0.252807594312919,
0.281267885448707,0.309728176995972,0.338188468543238,0.366648760090503,
0.395109051637769,0.423569342773556,0.452029633909344),.UNSPECIFIED.);
#640=B_SPLINE_CURVE_WITH_KNOTS('',3,(#2305,#2306,#2307,#2308,#2309,#2310),
 .UNSPECIFIED.,.F.,.F.,(4,2,4),(0.,0.0689617969411373,0.0801185934475214),
 .UNSPECIFIED.);
#641=B_SPLINE_CURVE_WITH_KNOTS('',3,(#2311,#2312,#2313,#2314,#2315,#2316,
#2317,#2318,#2319,#2320,#2321,#2322,#2323,#2324,#2325,#2326,#2327,#2328,
#2329,#2330,#2331,#2332,#2333,#2334,#2335,#2336,#2337,#2338,#2339,#2340,
#2341,#2342),.UNSPECIFIED.,.F.,.F.,(4,2,2,2,2,2,2,2,2,2,2,2,2,2,2,4),(0.0801185934475214,
0.137923593882275,0.206673984780101,0.275424375677928,0.344174766575754,
0.41292515747358,0.481886954414717,0.550848751355855,0.622818722489658,
0.694788693623462,0.765957652566622,0.837126611509782,0.908295570452942,
0.979464529396102,1.05143450052991,1.12340447166371),.UNSPECIFIED.);
#642=B_SPLINE_CURVE_WITH_KNOTS('',3,(#2350,#2351,#2352,#2353,#2354,#2355,
#2356,#2357,#2358,#2359,#2360,#2361,#2362,#2363,#2364,#2365),
 .UNSPECIFIED.,.F.,.F.,(4,2,2,2,2,2,2,4),(0.,0.0280434156538804,0.0560868313077608,
0.0841302414481633,0.112173651588566,0.140217061728968,0.16826047186937,
0.191052265774206),.UNSPECIFIED.);
#643=B_SPLINE_CURVE_WITH_KNOTS('',3,(#2366,#2367,#2368,#2369,#2370,#2371,
#2372,#2373,#2374,#2375,#2376,#2377,#2378,#2379,#2380,#2381,#2382,#2383,
#2384,#2385,#2386,#2387),.UNSPECIFIED.,.F.,.F.,(4,2,2,2,2,2,2,2,2,2,4),
(0.191052265774206,0.196303887523251,0.224347303177132,0.252807594312919,
0.281267885448707,0.309728176995972,0.338188468543238,0.366648760090503,
0.395109051637769,0.423569342773556,0.452029633909344),.UNSPECIFIED.);
#644=B_SPLINE_CURVE_WITH_KNOTS('',3,(#2391,#2392,#2393,#2394,#2395,#2396),
 .UNSPECIFIED.,.F.,.F.,(4,2,4),(0.,0.068961796941137,0.0801185934475207),
 .UNSPECIFIED.);
#645=B_SPLINE_CURVE_WITH_KNOTS('',3,(#2397,#2398,#2399,#2400,#2401,#2402,
#2403,#2404,#2405,#2406,#2407,#2408,#2409,#2410,#2411,#2412,#2413,#2414,
#2415,#2416,#2417,#2418,#2419,#2420,#2421,#2422,#2423,#2424,#2425,#2426,
#2427,#2428),.UNSPECIFIED.,.F.,.F.,(4,2,2,2,2,2,2,2,2,2,2,2,2,2,2,4),(0.0801185934475207,
0.137923593882274,0.2066739847801,0.275424375677926,0.344174766575752,0.412925157473578,
0.481886954414715,0.550848751355852,0.622818722489655,0.694788693623458,
0.765957652566618,0.837126611509777,0.908295570452937,0.979464529396097,
1.0514345005299,1.1234044716637),.UNSPECIFIED.);
#646=B_SPLINE_CURVE_WITH_KNOTS('',3,(#2436,#2437,#2438,#2439,#2440,#2441,
#2442,#2443,#2444,#2445,#2446,#2447,#2448,#2449,#2450,#2451),
 .UNSPECIFIED.,.F.,.F.,(4,2,2,2,2,2,2,4),(0.,0.0280434156538804,0.0560868313077608,
0.0841302414481633,0.112173651588566,0.140217061728968,0.168260471869371,
0.191052265774207),.UNSPECIFIED.);
#647=B_SPLINE_CURVE_WITH_KNOTS('',3,(#2452,#2453,#2454,#2455,#2456,#2457,
#2458,#2459,#2460,#2461,#2462,#2463,#2464,#2465,#2466,#2467,#2468,#2469,
#2470,#2471,#2472,#2473),.UNSPECIFIED.,.F.,.F.,(4,2,2,2,2,2,2,2,2,2,4),
(0.191052265774207,0.196303887523251,0.224347303177132,0.25280759431292,
0.281267885448708,0.309728176995973,0.338188468543238,0.366648760090504,
0.39510905163777,0.423569342773557,0.452029633909345),.UNSPECIFIED.);
#648=B_SPLINE_CURVE_WITH_KNOTS('',3,(#2477,#2478,#2479,#2480,#2481,#2482),
 .UNSPECIFIED.,.F.,.F.,(4,2,4),(0.,0.0689617969411372,0.08011859344752),
 .UNSPECIFIED.);
#649=B_SPLINE_CURVE_WITH_KNOTS('',3,(#2483,#2484,#2485,#2486,#2487,#2488,
#2489,#2490,#2491,#2492,#2493,#2494,#2495,#2496,#2497,#2498,#2499,#2500,
#2501,#2502,#2503,#2504,#2505,#2506,#2507,#2508,#2509,#2510,#2511,#2512,
#2513,#2514),.UNSPECIFIED.,.F.,.F.,(4,2,2,2,2,2,2,2,2,2,2,2,2,2,2,4),(0.08011859344752,
0.137923593882274,0.2066739847801,0.275424375677926,0.344174766575752,0.412925157473578,
0.481886954414715,0.550848751355853,0.622818722489656,0.694788693623459,
0.765957652566618,0.837126611509777,0.908295570452937,0.979464529396096,
1.0514345005299,1.1234044716637),.UNSPECIFIED.);
#650=B_SPLINE_CURVE_WITH_KNOTS('',3,(#2522,#2523,#2524,#2525,#2526,#2527,
#2528,#2529,#2530,#2531,#2532,#2533,#2534,#2535,#2536,#2537),
 .UNSPECIFIED.,.F.,.F.,(4,2,2,2,2,2,2,4),(0.,0.0280434156538804,0.0560868313077607,
0.0841302414481632,0.112173651588566,0.140217061728968,0.16826047186937,
0.191052265774207),.UNSPECIFIED.);
#651=B_SPLINE_CURVE_WITH_KNOTS('',3,(#2538,#2539,#2540,#2541,#2542,#2543,
#2544,#2545,#2546,#2547,#2548,#2549,#2550,#2551,#2552,#2553,#2554,#2555,
#2556,#2557,#2558,#2559),.UNSPECIFIED.,.F.,.F.,(4,2,2,2,2,2,2,2,2,2,4),
(0.191052265774207,0.196303887523251,0.224347303177131,0.252807594312919,
0.281267885448707,0.309728176995972,0.338188468543238,0.366648760090503,
0.395109051637768,0.423569342773556,0.452029633909344),.UNSPECIFIED.);
#652=B_SPLINE_CURVE_WITH_KNOTS('',3,(#2563,#2564,#2565,#2566,#2567,#2568),
 .UNSPECIFIED.,.F.,.F.,(4,2,4),(0.,0.0689617969411374,0.080118593447521),
 .UNSPECIFIED.);
#653=B_SPLINE_CURVE_WITH_KNOTS('',3,(#2569,#2570,#2571,#2572,#2573,#2574,
#2575,#2576,#2577,#2578,#2579,#2580,#2581,#2582,#2583,#2584,#2585,#2586,
#2587,#2588,#2589,#2590,#2591,#2592,#2593,#2594,#2595,#2596,#2597,#2598,
#2599,#2600),.UNSPECIFIED.,.F.,.F.,(4,2,2,2,2,2,2,2,2,2,2,2,2,2,2,4),(0.080118593447521,
0.137923593882275,0.206673984780101,0.275424375677927,0.344174766575753,
0.412925157473579,0.481886954414717,0.550848751355854,0.622818722489657,
0.69478869362346,0.76595765256662,0.837126611509779,0.908295570452939,0.979464529396099,
1.0514345005299,1.12340447166371),.UNSPECIFIED.);
#654=B_SPLINE_CURVE_WITH_KNOTS('',3,(#2608,#2609,#2610,#2611,#2612,#2613,
#2614,#2615,#2616,#2617,#2618,#2619,#2620,#2621,#2622,#2623),
 .UNSPECIFIED.,.F.,.F.,(4,2,2,2,2,2,2,4),(0.,0.0280434156538805,0.056086831307761,
0.0841302414481633,0.112173651588566,0.140217061728968,0.16826047186937,
0.191052265774206),.UNSPECIFIED.);
#655=B_SPLINE_CURVE_WITH_KNOTS('',3,(#2624,#2625,#2626,#2627,#2628,#2629,
#2630,#2631,#2632,#2633,#2634,#2635,#2636,#2637,#2638,#2639,#2640,#2641,
#2642,#2643,#2644,#2645),.UNSPECIFIED.,.F.,.F.,(4,2,2,2,2,2,2,2,2,2,4),
(0.191052265774206,0.196303887523251,0.224347303177131,0.252807594312919,
0.281267885448706,0.309728176995972,0.338188468543237,0.366648760090503,
0.395109051637768,0.423569342773556,0.452029633909343),.UNSPECIFIED.);
#656=B_SPLINE_CURVE_WITH_KNOTS('',3,(#2688,#2689,#2690,#2691,#2692,#2693,
#2694,#2695,#2696,#2697,#2698,#2699,#2700,#2701,#2702,#2703,#2704,#2705,
#2706,#2707,#2708,#2709,#2710,#2711,#2712,#2713,#2714,#2715,#2716,#2717,
#2718,#2719,#2720,#2721,#2722,#2723,#2724,#2725,#2726),.UNSPECIFIED.,.T.,
 .F.,(4,2,3,2,2,2,2,2,2,2,2,2,2,2,2,2,2,2,4),(29.8267003471203,30.7032029947041,
31.8199753610627,33.792404069619,35.7648327781754,37.7372614867318,39.7096901952881,
41.6821189038445,43.6545476124009,45.6269763209572,47.5994050295136,49.5718337380699,
51.5442624466263,53.5166911551827,55.489119863739,57.4615485722954,59.4339772808518,
61.4064059894081,61.6466757081829),.UNSPECIFIED.);
#657=B_SPLINE_CURVE_WITH_KNOTS('',3,(#2727,#2728,#2729,#2730),
 .UNSPECIFIED.,.F.,.F.,(4,4),(0.0706939107590556,0.112009639846223),
 .UNSPECIFIED.);
#658=VERTEX_POINT('',#2131);
#659=VERTEX_POINT('',#2132);
#660=VERTEX_POINT('',#2171);
#661=VERTEX_POINT('',#2175);
#662=VERTEX_POINT('',#2177);
#663=VERTEX_POINT('',#2217);
#664=VERTEX_POINT('',#2218);
#665=VERTEX_POINT('',#2257);
#666=VERTEX_POINT('',#2261);
#667=VERTEX_POINT('',#2263);
#668=VERTEX_POINT('',#2303);
#669=VERTEX_POINT('',#2304);
#670=VERTEX_POINT('',#2343);
#671=VERTEX_POINT('',#2347);
#672=VERTEX_POINT('',#2349);
#673=VERTEX_POINT('',#2389);
#674=VERTEX_POINT('',#2390);
#675=VERTEX_POINT('',#2429);
#676=VERTEX_POINT('',#2433);
#677=VERTEX_POINT('',#2435);
#678=VERTEX_POINT('',#2475);
#679=VERTEX_POINT('',#2476);
#680=VERTEX_POINT('',#2515);
#681=VERTEX_POINT('',#2519);
#682=VERTEX_POINT('',#2521);
#683=VERTEX_POINT('',#2561);
#684=VERTEX_POINT('',#2562);
#685=VERTEX_POINT('',#2601);
#686=VERTEX_POINT('',#2605);
#687=VERTEX_POINT('',#2607);
#688=VERTEX_POINT('',#2647);
#689=VERTEX_POINT('',#2649);
#690=VERTEX_POINT('',#2687);
#691=VERTEX_POINT('',#2732);
#692=VERTEX_POINT('',#2733);
#693=VERTEX_POINT('',#2737);
#694=VERTEX_POINT('',#2739);
#695=VERTEX_POINT('',#2743);
#696=VERTEX_POINT('',#2745);
#697=VERTEX_POINT('',#2748);
#698=VERTEX_POINT('',#2750);
#699=VERTEX_POINT('',#2754);
#700=VERTEX_POINT('',#2756);
#701=VERTEX_POINT('',#2760);
#702=VERTEX_POINT('',#2762);
#703=VERTEX_POINT('',#2766);
#704=VERTEX_POINT('',#2768);
#705=VERTEX_POINT('',#2774);
#706=VERTEX_POINT('',#2776);
#707=VERTEX_POINT('',#2780);
#708=VERTEX_POINT('',#2782);
#709=VERTEX_POINT('',#2787);
#710=VERTEX_POINT('',#2788);
#711=VERTEX_POINT('',#2790);
#712=VERTEX_POINT('',#2792);
#713=VERTEX_POINT('',#2794);
#714=VERTEX_POINT('',#2796);
#715=VERTEX_POINT('',#2800);
#716=VERTEX_POINT('',#2802);
#717=VERTEX_POINT('',#2804);
#718=VERTEX_POINT('',#2808);
#719=VERTEX_POINT('',#2810);
#720=VERTEX_POINT('',#2812);
#721=VERTEX_POINT('',#2816);
#722=VERTEX_POINT('',#2818);
#723=VERTEX_POINT('',#2820);
#724=VERTEX_POINT('',#2824);
#725=VERTEX_POINT('',#2828);
#726=VERTEX_POINT('',#2831);
#727=VERTEX_POINT('',#2834);
#728=VERTEX_POINT('',#2836);
#729=VERTEX_POINT('',#2840);
#730=VERTEX_POINT('',#2842);
#731=VERTEX_POINT('',#2846);
#732=VERTEX_POINT('',#2848);
#733=VERTEX_POINT('',#2852);
#734=VERTEX_POINT('',#2854);
#735=VERTEX_POINT('',#2858);
#736=VERTEX_POINT('',#2862);
#737=VERTEX_POINT('',#2866);
#738=VERTEX_POINT('',#2867);
#739=VERTEX_POINT('',#2869);
#740=VERTEX_POINT('',#2871);
#741=VERTEX_POINT('',#2875);
#742=VERTEX_POINT('',#2877);
#743=VERTEX_POINT('',#2881);
#744=VERTEX_POINT('',#2882);
#745=VERTEX_POINT('',#2884);
#746=VERTEX_POINT('',#2886);
#747=VERTEX_POINT('',#2890);
#748=VERTEX_POINT('',#2892);
#749=VERTEX_POINT('',#2896);
#750=VERTEX_POINT('',#2900);
#751=VERTEX_POINT('',#2902);
#752=VERTEX_POINT('',#2906);
#753=VERTEX_POINT('',#2908);
#754=VERTEX_POINT('',#2912);
#755=VERTEX_POINT('',#2914);
#756=VERTEX_POINT('',#2917);
#757=VERTEX_POINT('',#2921);
#758=VERTEX_POINT('',#2923);
#759=VERTEX_POINT('',#2927);
#760=VERTEX_POINT('',#2929);
#761=VERTEX_POINT('',#2931);
#762=VERTEX_POINT('',#2933);
#763=VERTEX_POINT('',#2935);
#764=VERTEX_POINT('',#2939);
#765=VERTEX_POINT('',#2941);
#766=VERTEX_POINT('',#2943);
#767=VERTEX_POINT('',#2945);
#768=VERTEX_POINT('',#2947);
#769=VERTEX_POINT('',#2951);
#770=VERTEX_POINT('',#2952);
#771=VERTEX_POINT('',#2954);
#772=VERTEX_POINT('',#2956);
#773=VERTEX_POINT('',#2960);
#774=VERTEX_POINT('',#2961);
#775=VERTEX_POINT('',#2963);
#776=VERTEX_POINT('',#2965);
#777=VERTEX_POINT('',#2972);
#778=VERTEX_POINT('',#2974);
#779=VERTEX_POINT('',#2978);
#780=VERTEX_POINT('',#2980);
#781=VERTEX_POINT('',#2984);
#782=VERTEX_POINT('',#2986);
#783=VERTEX_POINT('',#2990);
#784=VERTEX_POINT('',#3000);
#785=VERTEX_POINT('',#3004);
#786=VERTEX_POINT('',#3008);
#787=VERTEX_POINT('',#3010);
#788=VERTEX_POINT('',#3014);
#789=VERTEX_POINT('',#3016);
#790=VERTEX_POINT('',#3020);
#791=VERTEX_POINT('',#3026);
#792=VERTEX_POINT('',#3034);
#793=VERTEX_POINT('',#3036);
#794=VERTEX_POINT('',#3040);
#795=VERTEX_POINT('',#3044);
#796=VERTEX_POINT('',#3048);
#797=VERTEX_POINT('',#3052);
#798=VERTEX_POINT('',#3055);
#799=VERTEX_POINT('',#3058);
#800=VERTEX_POINT('',#3061);
#801=VERTEX_POINT('',#3069);
#802=VERTEX_POINT('',#3073);
#803=VERTEX_POINT('',#3076);
#804=VERTEX_POINT('',#3079);
#805=VERTEX_POINT('',#3084);
#806=VERTEX_POINT('',#3090);
#807=VERTEX_POINT('',#3093);
#808=EDGE_CURVE('',#658,#659,#632,.T.);
#809=EDGE_CURVE('',#659,#658,#633,.T.);
#810=EDGE_CURVE('',#659,#660,#358,.T.);
#811=EDGE_CURVE('',#660,#660,#300,.T.);
#812=EDGE_CURVE('',#660,#661,#359,.T.);
#813=EDGE_CURVE('',#662,#661,#634,.T.);
#814=EDGE_CURVE('',#661,#662,#635,.T.);
#815=EDGE_CURVE('',#663,#664,#636,.T.);
#816=EDGE_CURVE('',#664,#663,#637,.T.);
#817=EDGE_CURVE('',#664,#665,#360,.T.);
#818=EDGE_CURVE('',#665,#665,#301,.T.);
#819=EDGE_CURVE('',#665,#666,#361,.T.);
#820=EDGE_CURVE('',#667,#666,#638,.T.);
#821=EDGE_CURVE('',#666,#667,#639,.T.);
#822=EDGE_CURVE('',#668,#669,#640,.T.);
#823=EDGE_CURVE('',#669,#668,#641,.T.);
#824=EDGE_CURVE('',#669,#670,#362,.T.);
#825=EDGE_CURVE('',#670,#670,#302,.T.);
#826=EDGE_CURVE('',#670,#671,#363,.T.);
#827=EDGE_CURVE('',#672,#671,#642,.T.);
#828=EDGE_CURVE('',#671,#672,#643,.T.);
#829=EDGE_CURVE('',#673,#674,#644,.T.);
#830=EDGE_CURVE('',#674,#673,#645,.T.);
#831=EDGE_CURVE('',#674,#675,#364,.T.);
#832=EDGE_CURVE('',#675,#675,#303,.T.);
#833=EDGE_CURVE('',#675,#676,#365,.T.);
#834=EDGE_CURVE('',#677,#676,#646,.T.);
#835=EDGE_CURVE('',#676,#677,#647,.T.);
#836=EDGE_CURVE('',#678,#679,#648,.T.);
#837=EDGE_CURVE('',#679,#678,#649,.T.);
#838=EDGE_CURVE('',#679,#680,#366,.T.);
#839=EDGE_CURVE('',#680,#680,#304,.T.);
#840=EDGE_CURVE('',#680,#681,#367,.T.);
#841=EDGE_CURVE('',#682,#681,#650,.T.);
#842=EDGE_CURVE('',#681,#682,#651,.T.);
#843=EDGE_CURVE('',#683,#684,#652,.T.);
#844=EDGE_CURVE('',#684,#683,#653,.T.);
#845=EDGE_CURVE('',#684,#685,#368,.T.);
#846=EDGE_CURVE('',#685,#685,#305,.T.);
#847=EDGE_CURVE('',#685,#686,#369,.T.);
#848=EDGE_CURVE('',#687,#686,#654,.T.);
#849=EDGE_CURVE('',#686,#687,#655,.T.);
#850=EDGE_CURVE('',#688,#688,#306,.T.);
#851=EDGE_CURVE('',#689,#689,#307,.T.);
#852=EDGE_CURVE('',#690,#690,#656,.T.);
#853=EDGE_CURVE('',#690,#689,#657,.T.);
#854=EDGE_CURVE('',#691,#692,#15,.T.);
#855=EDGE_CURVE('',#691,#693,#308,.F.);
#856=EDGE_CURVE('',#694,#693,#16,.T.);
#857=EDGE_CURVE('',#694,#695,#309,.T.);
#858=EDGE_CURVE('',#695,#696,#370,.T.);
#859=EDGE_CURVE('',#696,#696,#310,.T.);
#860=EDGE_CURVE('',#695,#697,#311,.T.);
#861=EDGE_CURVE('',#698,#697,#17,.T.);
#862=EDGE_CURVE('',#698,#699,#312,.F.);
#863=EDGE_CURVE('',#700,#699,#18,.T.);
#864=EDGE_CURVE('',#700,#701,#313,.T.);
#865=EDGE_CURVE('',#702,#701,#19,.T.);
#866=EDGE_CURVE('',#702,#703,#314,.F.);
#867=EDGE_CURVE('',#704,#703,#20,.T.);
#868=EDGE_CURVE('',#704,#692,#315,.T.);
#869=EDGE_CURVE('',#700,#705,#371,.T.);
#870=EDGE_CURVE('',#706,#705,#316,.T.);
#871=EDGE_CURVE('',#701,#706,#372,.T.);
#872=EDGE_CURVE('',#694,#707,#373,.T.);
#873=EDGE_CURVE('',#708,#707,#317,.T.);
#874=EDGE_CURVE('',#697,#708,#374,.T.);
#875=EDGE_CURVE('',#709,#710,#375,.T.);
#876=EDGE_CURVE('',#711,#710,#376,.T.);
#877=EDGE_CURVE('',#711,#712,#377,.T.);
#878=EDGE_CURVE('',#712,#713,#378,.F.);
#879=EDGE_CURVE('',#713,#714,#379,.T.);
#880=EDGE_CURVE('',#714,#709,#380,.T.);
#881=EDGE_CURVE('',#715,#712,#381,.T.);
#882=EDGE_CURVE('',#712,#716,#382,.T.);
#883=EDGE_CURVE('',#717,#716,#383,.T.);
#884=EDGE_CURVE('',#715,#717,#384,.F.);
#885=EDGE_CURVE('',#711,#718,#385,.T.);
#886=EDGE_CURVE('',#719,#718,#386,.F.);
#887=EDGE_CURVE('',#719,#720,#387,.T.);
#888=EDGE_CURVE('',#720,#711,#388,.T.);
#889=EDGE_CURVE('',#709,#721,#389,.T.);
#890=EDGE_CURVE('',#721,#722,#390,.T.);
#891=EDGE_CURVE('',#723,#722,#391,.T.);
#892=EDGE_CURVE('',#710,#723,#392,.T.);
#893=EDGE_CURVE('',#724,#714,#393,.T.);
#894=EDGE_CURVE('',#721,#724,#318,.T.);
#895=EDGE_CURVE('',#725,#725,#319,.T.);
#896=EDGE_CURVE('',#726,#726,#320,.T.);
#897=EDGE_CURVE('',#727,#727,#321,.T.);
#898=EDGE_CURVE('',#727,#728,#394,.T.);
#899=EDGE_CURVE('',#728,#728,#322,.T.);
#900=EDGE_CURVE('',#729,#729,#323,.T.);
#901=EDGE_CURVE('',#729,#730,#395,.T.);
#902=EDGE_CURVE('',#730,#730,#324,.T.);
#903=EDGE_CURVE('',#703,#731,#396,.T.);
#904=EDGE_CURVE('',#732,#702,#397,.T.);
#905=EDGE_CURVE('',#731,#732,#325,.T.);
#906=EDGE_CURVE('',#699,#733,#398,.T.);
#907=EDGE_CURVE('',#734,#698,#399,.T.);
#908=EDGE_CURVE('',#733,#734,#326,.T.);
#909=EDGE_CURVE('',#735,#713,#400,.T.);
#910=EDGE_CURVE('',#735,#715,#401,.F.);
#911=EDGE_CURVE('',#736,#710,#402,.T.);
#912=EDGE_CURVE('',#718,#736,#403,.F.);
#913=EDGE_CURVE('',#737,#738,#404,.T.);
#914=EDGE_CURVE('',#739,#737,#327,.T.);
#915=EDGE_CURVE('',#740,#739,#405,.T.);
#916=EDGE_CURVE('',#738,#740,#406,.T.);
#917=EDGE_CURVE('',#693,#741,#407,.T.);
#918=EDGE_CURVE('',#742,#691,#408,.T.);
#919=EDGE_CURVE('',#741,#742,#328,.T.);
#920=EDGE_CURVE('',#743,#744,#409,.T.);
#921=EDGE_CURVE('',#745,#743,#329,.T.);
#922=EDGE_CURVE('',#746,#745,#410,.T.);
#923=EDGE_CURVE('',#744,#746,#411,.T.);
#924=EDGE_CURVE('',#731,#747,#412,.T.);
#925=EDGE_CURVE('',#748,#747,#413,.T.);
#926=EDGE_CURVE('',#704,#748,#414,.T.);
#927=EDGE_CURVE('',#733,#749,#415,.T.);
#928=EDGE_CURVE('',#705,#749,#416,.T.);
#929=EDGE_CURVE('',#713,#750,#417,.T.);
#930=EDGE_CURVE('',#751,#750,#418,.T.);
#931=EDGE_CURVE('',#724,#751,#419,.T.);
#932=EDGE_CURVE('',#739,#752,#420,.T.);
#933=EDGE_CURVE('',#753,#752,#421,.T.);
#934=EDGE_CURVE('',#740,#753,#422,.T.);
#935=EDGE_CURVE('',#754,#754,#330,.F.);
#936=EDGE_CURVE('',#755,#755,#331,.F.);
#937=EDGE_CURVE('',#741,#756,#423,.T.);
#938=EDGE_CURVE('',#707,#756,#424,.T.);
#939=EDGE_CURVE('',#745,#757,#425,.T.);
#940=EDGE_CURVE('',#758,#757,#426,.T.);
#941=EDGE_CURVE('',#746,#758,#427,.T.);
#942=EDGE_CURVE('',#717,#759,#428,.F.);
#943=EDGE_CURVE('',#759,#760,#429,.F.);
#944=EDGE_CURVE('',#760,#761,#430,.F.);
#945=EDGE_CURVE('',#761,#762,#431,.F.);
#946=EDGE_CURVE('',#762,#763,#432,.F.);
#947=EDGE_CURVE('',#763,#735,#433,.F.);
#948=EDGE_CURVE('',#736,#764,#434,.F.);
#949=EDGE_CURVE('',#764,#765,#435,.F.);
#950=EDGE_CURVE('',#765,#766,#436,.F.);
#951=EDGE_CURVE('',#766,#767,#437,.F.);
#952=EDGE_CURVE('',#767,#768,#438,.F.);
#953=EDGE_CURVE('',#768,#719,#439,.F.);
#954=EDGE_CURVE('',#769,#770,#440,.T.);
#955=EDGE_CURVE('',#771,#770,#441,.T.);
#956=EDGE_CURVE('',#772,#771,#442,.F.);
#957=EDGE_CURVE('',#769,#772,#443,.T.);
#958=EDGE_CURVE('',#773,#774,#444,.T.);
#959=EDGE_CURVE('',#775,#774,#445,.T.);
#960=EDGE_CURVE('',#776,#775,#446,.F.);
#961=EDGE_CURVE('',#773,#776,#447,.T.);
#962=EDGE_CURVE('',#774,#769,#332,.T.);
#963=EDGE_CURVE('',#770,#773,#333,.T.);
#964=EDGE_CURVE('',#773,#777,#448,.T.);
#965=EDGE_CURVE('',#778,#777,#334,.T.);
#966=EDGE_CURVE('',#770,#778,#449,.T.);
#967=EDGE_CURVE('',#777,#779,#335,.T.);
#968=EDGE_CURVE('',#780,#773,#336,.T.);
#969=EDGE_CURVE('',#780,#779,#450,.T.);
#970=EDGE_CURVE('',#781,#778,#337,.T.);
#971=EDGE_CURVE('',#782,#781,#451,.T.);
#972=EDGE_CURVE('',#770,#782,#338,.T.);
#973=EDGE_CURVE('',#755,#783,#452,.T.);
#974=EDGE_CURVE('',#783,#782,#339,.T.);
#975=EDGE_CURVE('',#779,#781,#340,.T.);
#976=EDGE_CURVE('',#780,#783,#341,.T.);
#977=EDGE_CURVE('',#770,#773,#342,.T.);
#978=EDGE_CURVE('',#771,#776,#343,.F.);
#979=EDGE_CURVE('',#725,#784,#453,.T.);
#980=EDGE_CURVE('',#784,#784,#344,.T.);
#981=EDGE_CURVE('',#726,#785,#454,.T.);
#982=EDGE_CURVE('',#785,#785,#345,.T.);
#983=EDGE_CURVE('',#786,#766,#455,.T.);
#984=EDGE_CURVE('',#786,#787,#456,.T.);
#985=EDGE_CURVE('',#767,#787,#457,.T.);
#986=EDGE_CURVE('',#760,#788,#458,.T.);
#987=EDGE_CURVE('',#788,#789,#459,.T.);
#988=EDGE_CURVE('',#761,#789,#460,.T.);
#989=EDGE_CURVE('',#759,#790,#461,.T.);
#990=EDGE_CURVE('',#790,#788,#462,.T.);
#991=EDGE_CURVE('',#716,#790,#463,.T.);
#992=EDGE_CURVE('',#768,#791,#464,.T.);
#993=EDGE_CURVE('',#791,#720,#465,.T.);
#994=EDGE_CURVE('',#787,#791,#466,.T.);
#995=EDGE_CURVE('',#789,#786,#467,.T.);
#996=EDGE_CURVE('',#765,#792,#468,.T.);
#997=EDGE_CURVE('',#793,#792,#469,.T.);
#998=EDGE_CURVE('',#762,#793,#470,.T.);
#999=EDGE_CURVE('',#775,#794,#346,.F.);
#1000=EDGE_CURVE('',#794,#772,#347,.F.);
#1001=EDGE_CURVE('',#795,#748,#348,.T.);
#1002=EDGE_CURVE('',#692,#795,#471,.T.);
#1003=EDGE_CURVE('',#796,#796,#349,.T.);
#1004=EDGE_CURVE('',#796,#688,#472,.T.);
#1005=EDGE_CURVE('',#754,#797,#473,.T.);
#1006=EDGE_CURVE('',#756,#797,#350,.T.);
#1007=EDGE_CURVE('',#742,#798,#474,.T.);
#1008=EDGE_CURVE('',#747,#798,#351,.T.);
#1009=EDGE_CURVE('',#732,#799,#475,.T.);
#1010=EDGE_CURVE('',#749,#799,#352,.T.);
#1011=EDGE_CURVE('',#734,#800,#476,.T.);
#1012=EDGE_CURVE('',#797,#800,#353,.T.);
#1013=EDGE_CURVE('',#798,#795,#477,.T.);
#1014=EDGE_CURVE('',#799,#706,#478,.T.);
#1015=EDGE_CURVE('',#801,#723,#479,.T.);
#1016=EDGE_CURVE('',#764,#801,#480,.T.);
#1017=EDGE_CURVE('',#794,#802,#481,.T.);
#1018=EDGE_CURVE('',#752,#802,#354,.T.);
#1019=EDGE_CURVE('',#737,#803,#482,.T.);
#1020=EDGE_CURVE('',#757,#803,#355,.T.);
#1021=EDGE_CURVE('',#743,#804,#483,.T.);
#1022=EDGE_CURVE('',#722,#804,#356,.T.);
#1023=EDGE_CURVE('',#802,#751,#357,.T.);
#1024=EDGE_CURVE('',#744,#805,#484,.T.);
#1025=EDGE_CURVE('',#804,#805,#485,.T.);
#1026=EDGE_CURVE('',#800,#708,#486,.T.);
#1027=EDGE_CURVE('',#806,#793,#487,.T.);
#1028=EDGE_CURVE('',#738,#806,#488,.T.);
#1029=EDGE_CURVE('',#807,#753,#489,.T.);
#1030=EDGE_CURVE('',#763,#807,#490,.T.);
#1031=EDGE_CURVE('',#750,#807,#491,.T.);
#1032=EDGE_CURVE('',#805,#801,#492,.T.);
#1033=EDGE_CURVE('',#792,#758,#493,.T.);
#1034=EDGE_CURVE('',#803,#806,#494,.T.);
#1035=ORIENTED_EDGE('',*,*,#808,.F.);
#1036=ORIENTED_EDGE('',*,*,#809,.F.);
#1037=ORIENTED_EDGE('',*,*,#810,.T.);
#1038=ORIENTED_EDGE('',*,*,#811,.T.);
#1039=ORIENTED_EDGE('',*,*,#810,.F.);
#1040=ORIENTED_EDGE('',*,*,#811,.F.);
#1041=ORIENTED_EDGE('',*,*,#812,.T.);
#1042=ORIENTED_EDGE('',*,*,#813,.F.);
#1043=ORIENTED_EDGE('',*,*,#814,.F.);
#1044=ORIENTED_EDGE('',*,*,#812,.F.);
#1045=ORIENTED_EDGE('',*,*,#815,.F.);
#1046=ORIENTED_EDGE('',*,*,#816,.F.);
#1047=ORIENTED_EDGE('',*,*,#817,.T.);
#1048=ORIENTED_EDGE('',*,*,#818,.T.);
#1049=ORIENTED_EDGE('',*,*,#817,.F.);
#1050=ORIENTED_EDGE('',*,*,#818,.F.);
#1051=ORIENTED_EDGE('',*,*,#819,.T.);
#1052=ORIENTED_EDGE('',*,*,#820,.F.);
#1053=ORIENTED_EDGE('',*,*,#821,.F.);
#1054=ORIENTED_EDGE('',*,*,#819,.F.);
#1055=ORIENTED_EDGE('',*,*,#822,.F.);
#1056=ORIENTED_EDGE('',*,*,#823,.F.);
#1057=ORIENTED_EDGE('',*,*,#824,.T.);
#1058=ORIENTED_EDGE('',*,*,#825,.T.);
#1059=ORIENTED_EDGE('',*,*,#824,.F.);
#1060=ORIENTED_EDGE('',*,*,#825,.F.);
#1061=ORIENTED_EDGE('',*,*,#826,.T.);
#1062=ORIENTED_EDGE('',*,*,#827,.F.);
#1063=ORIENTED_EDGE('',*,*,#828,.F.);
#1064=ORIENTED_EDGE('',*,*,#826,.F.);
#1065=ORIENTED_EDGE('',*,*,#829,.F.);
#1066=ORIENTED_EDGE('',*,*,#830,.F.);
#1067=ORIENTED_EDGE('',*,*,#831,.T.);
#1068=ORIENTED_EDGE('',*,*,#832,.T.);
#1069=ORIENTED_EDGE('',*,*,#831,.F.);
#1070=ORIENTED_EDGE('',*,*,#832,.F.);
#1071=ORIENTED_EDGE('',*,*,#833,.T.);
#1072=ORIENTED_EDGE('',*,*,#834,.F.);
#1073=ORIENTED_EDGE('',*,*,#835,.F.);
#1074=ORIENTED_EDGE('',*,*,#833,.F.);
#1075=ORIENTED_EDGE('',*,*,#836,.F.);
#1076=ORIENTED_EDGE('',*,*,#837,.F.);
#1077=ORIENTED_EDGE('',*,*,#838,.T.);
#1078=ORIENTED_EDGE('',*,*,#839,.T.);
#1079=ORIENTED_EDGE('',*,*,#838,.F.);
#1080=ORIENTED_EDGE('',*,*,#839,.F.);
#1081=ORIENTED_EDGE('',*,*,#840,.T.);
#1082=ORIENTED_EDGE('',*,*,#841,.F.);
#1083=ORIENTED_EDGE('',*,*,#842,.F.);
#1084=ORIENTED_EDGE('',*,*,#840,.F.);
#1085=ORIENTED_EDGE('',*,*,#843,.F.);
#1086=ORIENTED_EDGE('',*,*,#844,.F.);
#1087=ORIENTED_EDGE('',*,*,#845,.T.);
#1088=ORIENTED_EDGE('',*,*,#846,.T.);
#1089=ORIENTED_EDGE('',*,*,#845,.F.);
#1090=ORIENTED_EDGE('',*,*,#846,.F.);
#1091=ORIENTED_EDGE('',*,*,#847,.T.);
#1092=ORIENTED_EDGE('',*,*,#848,.F.);
#1093=ORIENTED_EDGE('',*,*,#849,.F.);
#1094=ORIENTED_EDGE('',*,*,#847,.F.);
#1095=ORIENTED_EDGE('',*,*,#850,.F.);
#1096=ORIENTED_EDGE('',*,*,#851,.T.);
#1097=ORIENTED_EDGE('',*,*,#852,.F.);
#1098=ORIENTED_EDGE('',*,*,#853,.T.);
#1099=ORIENTED_EDGE('',*,*,#851,.F.);
#1100=ORIENTED_EDGE('',*,*,#853,.F.);
#1101=ORIENTED_EDGE('',*,*,#854,.F.);
#1102=ORIENTED_EDGE('',*,*,#855,.T.);
#1103=ORIENTED_EDGE('',*,*,#856,.F.);
#1104=ORIENTED_EDGE('',*,*,#857,.T.);
#1105=ORIENTED_EDGE('',*,*,#858,.T.);
#1106=ORIENTED_EDGE('',*,*,#859,.T.);
#1107=ORIENTED_EDGE('',*,*,#858,.F.);
#1108=ORIENTED_EDGE('',*,*,#860,.T.);
#1109=ORIENTED_EDGE('',*,*,#861,.F.);
#1110=ORIENTED_EDGE('',*,*,#862,.T.);
#1111=ORIENTED_EDGE('',*,*,#863,.F.);
#1112=ORIENTED_EDGE('',*,*,#864,.T.);
#1113=ORIENTED_EDGE('',*,*,#865,.F.);
#1114=ORIENTED_EDGE('',*,*,#866,.T.);
#1115=ORIENTED_EDGE('',*,*,#867,.F.);
#1116=ORIENTED_EDGE('',*,*,#868,.T.);
#1117=ORIENTED_EDGE('',*,*,#808,.T.);
#1118=ORIENTED_EDGE('',*,*,#809,.T.);
#1119=ORIENTED_EDGE('',*,*,#815,.T.);
#1120=ORIENTED_EDGE('',*,*,#816,.T.);
#1121=ORIENTED_EDGE('',*,*,#822,.T.);
#1122=ORIENTED_EDGE('',*,*,#823,.T.);
#1123=ORIENTED_EDGE('',*,*,#829,.T.);
#1124=ORIENTED_EDGE('',*,*,#830,.T.);
#1125=ORIENTED_EDGE('',*,*,#836,.T.);
#1126=ORIENTED_EDGE('',*,*,#837,.T.);
#1127=ORIENTED_EDGE('',*,*,#843,.T.);
#1128=ORIENTED_EDGE('',*,*,#844,.T.);
#1129=ORIENTED_EDGE('',*,*,#864,.F.);
#1130=ORIENTED_EDGE('',*,*,#869,.T.);
#1131=ORIENTED_EDGE('',*,*,#870,.F.);
#1132=ORIENTED_EDGE('',*,*,#871,.F.);
#1133=ORIENTED_EDGE('',*,*,#857,.F.);
#1134=ORIENTED_EDGE('',*,*,#872,.T.);
#1135=ORIENTED_EDGE('',*,*,#873,.F.);
#1136=ORIENTED_EDGE('',*,*,#874,.F.);
#1137=ORIENTED_EDGE('',*,*,#860,.F.);
#1138=ORIENTED_EDGE('',*,*,#852,.T.);
#1139=ORIENTED_EDGE('',*,*,#859,.F.);
#1140=ORIENTED_EDGE('',*,*,#875,.T.);
#1141=ORIENTED_EDGE('',*,*,#876,.F.);
#1142=ORIENTED_EDGE('',*,*,#877,.T.);
#1143=ORIENTED_EDGE('',*,*,#878,.T.);
#1144=ORIENTED_EDGE('',*,*,#879,.T.);
#1145=ORIENTED_EDGE('',*,*,#880,.T.);
#1146=ORIENTED_EDGE('',*,*,#881,.T.);
#1147=ORIENTED_EDGE('',*,*,#882,.T.);
#1148=ORIENTED_EDGE('',*,*,#883,.F.);
#1149=ORIENTED_EDGE('',*,*,#884,.F.);
#1150=ORIENTED_EDGE('',*,*,#885,.T.);
#1151=ORIENTED_EDGE('',*,*,#886,.F.);
#1152=ORIENTED_EDGE('',*,*,#887,.T.);
#1153=ORIENTED_EDGE('',*,*,#888,.T.);
#1154=ORIENTED_EDGE('',*,*,#875,.F.);
#1155=ORIENTED_EDGE('',*,*,#889,.T.);
#1156=ORIENTED_EDGE('',*,*,#890,.T.);
#1157=ORIENTED_EDGE('',*,*,#891,.F.);
#1158=ORIENTED_EDGE('',*,*,#892,.F.);
#1159=ORIENTED_EDGE('',*,*,#880,.F.);
#1160=ORIENTED_EDGE('',*,*,#893,.F.);
#1161=ORIENTED_EDGE('',*,*,#894,.F.);
#1162=ORIENTED_EDGE('',*,*,#889,.F.);
#1163=ORIENTED_EDGE('',*,*,#895,.F.);
#1164=ORIENTED_EDGE('',*,*,#896,.F.);
#1165=ORIENTED_EDGE('',*,*,#897,.F.);
#1166=ORIENTED_EDGE('',*,*,#898,.T.);
#1167=ORIENTED_EDGE('',*,*,#899,.T.);
#1168=ORIENTED_EDGE('',*,*,#898,.F.);
#1169=ORIENTED_EDGE('',*,*,#900,.F.);
#1170=ORIENTED_EDGE('',*,*,#901,.T.);
#1171=ORIENTED_EDGE('',*,*,#902,.T.);
#1172=ORIENTED_EDGE('',*,*,#901,.F.);
#1173=ORIENTED_EDGE('',*,*,#903,.F.);
#1174=ORIENTED_EDGE('',*,*,#866,.F.);
#1175=ORIENTED_EDGE('',*,*,#904,.F.);
#1176=ORIENTED_EDGE('',*,*,#905,.F.);
#1177=ORIENTED_EDGE('',*,*,#906,.F.);
#1178=ORIENTED_EDGE('',*,*,#862,.F.);
#1179=ORIENTED_EDGE('',*,*,#907,.F.);
#1180=ORIENTED_EDGE('',*,*,#908,.F.);
#1181=ORIENTED_EDGE('',*,*,#909,.T.);
#1182=ORIENTED_EDGE('',*,*,#878,.F.);
#1183=ORIENTED_EDGE('',*,*,#881,.F.);
#1184=ORIENTED_EDGE('',*,*,#910,.F.);
#1185=ORIENTED_EDGE('',*,*,#911,.F.);
#1186=ORIENTED_EDGE('',*,*,#912,.F.);
#1187=ORIENTED_EDGE('',*,*,#885,.F.);
#1188=ORIENTED_EDGE('',*,*,#876,.T.);
#1189=ORIENTED_EDGE('',*,*,#913,.F.);
#1190=ORIENTED_EDGE('',*,*,#914,.F.);
#1191=ORIENTED_EDGE('',*,*,#915,.F.);
#1192=ORIENTED_EDGE('',*,*,#916,.F.);
#1193=ORIENTED_EDGE('',*,*,#917,.F.);
#1194=ORIENTED_EDGE('',*,*,#855,.F.);
#1195=ORIENTED_EDGE('',*,*,#918,.F.);
#1196=ORIENTED_EDGE('',*,*,#919,.F.);
#1197=ORIENTED_EDGE('',*,*,#920,.F.);
#1198=ORIENTED_EDGE('',*,*,#921,.F.);
#1199=ORIENTED_EDGE('',*,*,#922,.F.);
#1200=ORIENTED_EDGE('',*,*,#923,.F.);
#1201=ORIENTED_EDGE('',*,*,#903,.T.);
#1202=ORIENTED_EDGE('',*,*,#924,.T.);
#1203=ORIENTED_EDGE('',*,*,#925,.F.);
#1204=ORIENTED_EDGE('',*,*,#926,.F.);
#1205=ORIENTED_EDGE('',*,*,#867,.T.);
#1206=ORIENTED_EDGE('',*,*,#906,.T.);
#1207=ORIENTED_EDGE('',*,*,#927,.T.);
#1208=ORIENTED_EDGE('',*,*,#928,.F.);
#1209=ORIENTED_EDGE('',*,*,#869,.F.);
#1210=ORIENTED_EDGE('',*,*,#863,.T.);
#1211=ORIENTED_EDGE('',*,*,#879,.F.);
#1212=ORIENTED_EDGE('',*,*,#929,.T.);
#1213=ORIENTED_EDGE('',*,*,#930,.F.);
#1214=ORIENTED_EDGE('',*,*,#931,.F.);
#1215=ORIENTED_EDGE('',*,*,#893,.T.);
#1216=ORIENTED_EDGE('',*,*,#915,.T.);
#1217=ORIENTED_EDGE('',*,*,#932,.T.);
#1218=ORIENTED_EDGE('',*,*,#933,.F.);
#1219=ORIENTED_EDGE('',*,*,#934,.F.);
#1220=ORIENTED_EDGE('',*,*,#935,.T.);
#1221=ORIENTED_EDGE('',*,*,#936,.T.);
#1222=ORIENTED_EDGE('',*,*,#917,.T.);
#1223=ORIENTED_EDGE('',*,*,#937,.T.);
#1224=ORIENTED_EDGE('',*,*,#938,.F.);
#1225=ORIENTED_EDGE('',*,*,#872,.F.);
#1226=ORIENTED_EDGE('',*,*,#856,.T.);
#1227=ORIENTED_EDGE('',*,*,#922,.T.);
#1228=ORIENTED_EDGE('',*,*,#939,.T.);
#1229=ORIENTED_EDGE('',*,*,#940,.F.);
#1230=ORIENTED_EDGE('',*,*,#941,.F.);
#1231=ORIENTED_EDGE('',*,*,#910,.T.);
#1232=ORIENTED_EDGE('',*,*,#884,.T.);
#1233=ORIENTED_EDGE('',*,*,#942,.T.);
#1234=ORIENTED_EDGE('',*,*,#943,.T.);
#1235=ORIENTED_EDGE('',*,*,#944,.T.);
#1236=ORIENTED_EDGE('',*,*,#945,.T.);
#1237=ORIENTED_EDGE('',*,*,#946,.T.);
#1238=ORIENTED_EDGE('',*,*,#947,.T.);
#1239=ORIENTED_EDGE('',*,*,#912,.T.);
#1240=ORIENTED_EDGE('',*,*,#948,.T.);
#1241=ORIENTED_EDGE('',*,*,#949,.T.);
#1242=ORIENTED_EDGE('',*,*,#950,.T.);
#1243=ORIENTED_EDGE('',*,*,#951,.T.);
#1244=ORIENTED_EDGE('',*,*,#952,.T.);
#1245=ORIENTED_EDGE('',*,*,#953,.T.);
#1246=ORIENTED_EDGE('',*,*,#886,.T.);
#1247=ORIENTED_EDGE('',*,*,#954,.T.);
#1248=ORIENTED_EDGE('',*,*,#955,.F.);
#1249=ORIENTED_EDGE('',*,*,#956,.F.);
#1250=ORIENTED_EDGE('',*,*,#957,.F.);
#1251=ORIENTED_EDGE('',*,*,#958,.T.);
#1252=ORIENTED_EDGE('',*,*,#959,.F.);
#1253=ORIENTED_EDGE('',*,*,#960,.F.);
#1254=ORIENTED_EDGE('',*,*,#961,.F.);
#1255=ORIENTED_EDGE('',*,*,#954,.F.);
#1256=ORIENTED_EDGE('',*,*,#962,.F.);
#1257=ORIENTED_EDGE('',*,*,#958,.F.);
#1258=ORIENTED_EDGE('',*,*,#963,.F.);
#1259=ORIENTED_EDGE('',*,*,#963,.T.);
#1260=ORIENTED_EDGE('',*,*,#964,.T.);
#1261=ORIENTED_EDGE('',*,*,#965,.F.);
#1262=ORIENTED_EDGE('',*,*,#966,.F.);
#1263=ORIENTED_EDGE('',*,*,#967,.F.);
#1264=ORIENTED_EDGE('',*,*,#964,.F.);
#1265=ORIENTED_EDGE('',*,*,#968,.F.);
#1266=ORIENTED_EDGE('',*,*,#969,.T.);
#1267=ORIENTED_EDGE('',*,*,#970,.F.);
#1268=ORIENTED_EDGE('',*,*,#971,.F.);
#1269=ORIENTED_EDGE('',*,*,#972,.F.);
#1270=ORIENTED_EDGE('',*,*,#966,.T.);
#1271=ORIENTED_EDGE('',*,*,#936,.F.);
#1272=ORIENTED_EDGE('',*,*,#973,.T.);
#1273=ORIENTED_EDGE('',*,*,#974,.T.);
#1274=ORIENTED_EDGE('',*,*,#971,.T.);
#1275=ORIENTED_EDGE('',*,*,#975,.F.);
#1276=ORIENTED_EDGE('',*,*,#969,.F.);
#1277=ORIENTED_EDGE('',*,*,#976,.T.);
#1278=ORIENTED_EDGE('',*,*,#973,.F.);
#1279=ORIENTED_EDGE('',*,*,#968,.T.);
#1280=ORIENTED_EDGE('',*,*,#977,.F.);
#1281=ORIENTED_EDGE('',*,*,#972,.T.);
#1282=ORIENTED_EDGE('',*,*,#974,.F.);
#1283=ORIENTED_EDGE('',*,*,#976,.F.);
#1284=ORIENTED_EDGE('',*,*,#955,.T.);
#1285=ORIENTED_EDGE('',*,*,#977,.T.);
#1286=ORIENTED_EDGE('',*,*,#961,.T.);
#1287=ORIENTED_EDGE('',*,*,#978,.F.);
#1288=ORIENTED_EDGE('',*,*,#895,.T.);
#1289=ORIENTED_EDGE('',*,*,#979,.T.);
#1290=ORIENTED_EDGE('',*,*,#980,.T.);
#1291=ORIENTED_EDGE('',*,*,#979,.F.);
#1292=ORIENTED_EDGE('',*,*,#896,.T.);
#1293=ORIENTED_EDGE('',*,*,#981,.T.);
#1294=ORIENTED_EDGE('',*,*,#982,.T.);
#1295=ORIENTED_EDGE('',*,*,#981,.F.);
#1296=ORIENTED_EDGE('',*,*,#951,.F.);
#1297=ORIENTED_EDGE('',*,*,#983,.F.);
#1298=ORIENTED_EDGE('',*,*,#984,.T.);
#1299=ORIENTED_EDGE('',*,*,#985,.F.);
#1300=ORIENTED_EDGE('',*,*,#944,.F.);
#1301=ORIENTED_EDGE('',*,*,#986,.T.);
#1302=ORIENTED_EDGE('',*,*,#987,.T.);
#1303=ORIENTED_EDGE('',*,*,#988,.F.);
#1304=ORIENTED_EDGE('',*,*,#943,.F.);
#1305=ORIENTED_EDGE('',*,*,#989,.T.);
#1306=ORIENTED_EDGE('',*,*,#990,.T.);
#1307=ORIENTED_EDGE('',*,*,#986,.F.);
#1308=ORIENTED_EDGE('',*,*,#942,.F.);
#1309=ORIENTED_EDGE('',*,*,#883,.T.);
#1310=ORIENTED_EDGE('',*,*,#991,.T.);
#1311=ORIENTED_EDGE('',*,*,#989,.F.);
#1312=ORIENTED_EDGE('',*,*,#953,.F.);
#1313=ORIENTED_EDGE('',*,*,#992,.T.);
#1314=ORIENTED_EDGE('',*,*,#993,.T.);
#1315=ORIENTED_EDGE('',*,*,#887,.F.);
#1316=ORIENTED_EDGE('',*,*,#952,.F.);
#1317=ORIENTED_EDGE('',*,*,#985,.T.);
#1318=ORIENTED_EDGE('',*,*,#994,.T.);
#1319=ORIENTED_EDGE('',*,*,#992,.F.);
#1320=ORIENTED_EDGE('',*,*,#994,.F.);
#1321=ORIENTED_EDGE('',*,*,#984,.F.);
#1322=ORIENTED_EDGE('',*,*,#995,.F.);
#1323=ORIENTED_EDGE('',*,*,#987,.F.);
#1324=ORIENTED_EDGE('',*,*,#990,.F.);
#1325=ORIENTED_EDGE('',*,*,#991,.F.);
#1326=ORIENTED_EDGE('',*,*,#882,.F.);
#1327=ORIENTED_EDGE('',*,*,#877,.F.);
#1328=ORIENTED_EDGE('',*,*,#888,.F.);
#1329=ORIENTED_EDGE('',*,*,#993,.F.);
#1330=ORIENTED_EDGE('',*,*,#902,.F.);
#1331=ORIENTED_EDGE('',*,*,#899,.F.);
#1332=ORIENTED_EDGE('',*,*,#982,.F.);
#1333=ORIENTED_EDGE('',*,*,#980,.F.);
#1334=ORIENTED_EDGE('',*,*,#988,.T.);
#1335=ORIENTED_EDGE('',*,*,#995,.T.);
#1336=ORIENTED_EDGE('',*,*,#983,.T.);
#1337=ORIENTED_EDGE('',*,*,#950,.F.);
#1338=ORIENTED_EDGE('',*,*,#996,.T.);
#1339=ORIENTED_EDGE('',*,*,#997,.F.);
#1340=ORIENTED_EDGE('',*,*,#998,.F.);
#1341=ORIENTED_EDGE('',*,*,#945,.F.);
#1342=ORIENTED_EDGE('',*,*,#999,.T.);
#1343=ORIENTED_EDGE('',*,*,#1000,.T.);
#1344=ORIENTED_EDGE('',*,*,#956,.T.);
#1345=ORIENTED_EDGE('',*,*,#978,.T.);
#1346=ORIENTED_EDGE('',*,*,#960,.T.);
#1347=ORIENTED_EDGE('',*,*,#868,.F.);
#1348=ORIENTED_EDGE('',*,*,#926,.T.);
#1349=ORIENTED_EDGE('',*,*,#1001,.F.);
#1350=ORIENTED_EDGE('',*,*,#1002,.F.);
#1351=ORIENTED_EDGE('',*,*,#1003,.F.);
#1352=ORIENTED_EDGE('',*,*,#1004,.T.);
#1353=ORIENTED_EDGE('',*,*,#850,.T.);
#1354=ORIENTED_EDGE('',*,*,#1004,.F.);
#1355=ORIENTED_EDGE('',*,*,#813,.T.);
#1356=ORIENTED_EDGE('',*,*,#814,.T.);
#1357=ORIENTED_EDGE('',*,*,#820,.T.);
#1358=ORIENTED_EDGE('',*,*,#821,.T.);
#1359=ORIENTED_EDGE('',*,*,#827,.T.);
#1360=ORIENTED_EDGE('',*,*,#828,.T.);
#1361=ORIENTED_EDGE('',*,*,#834,.T.);
#1362=ORIENTED_EDGE('',*,*,#835,.T.);
#1363=ORIENTED_EDGE('',*,*,#841,.T.);
#1364=ORIENTED_EDGE('',*,*,#842,.T.);
#1365=ORIENTED_EDGE('',*,*,#848,.T.);
#1366=ORIENTED_EDGE('',*,*,#849,.T.);
#1367=ORIENTED_EDGE('',*,*,#935,.F.);
#1368=ORIENTED_EDGE('',*,*,#1005,.T.);
#1369=ORIENTED_EDGE('',*,*,#1006,.F.);
#1370=ORIENTED_EDGE('',*,*,#937,.F.);
#1371=ORIENTED_EDGE('',*,*,#919,.T.);
#1372=ORIENTED_EDGE('',*,*,#1007,.T.);
#1373=ORIENTED_EDGE('',*,*,#1008,.F.);
#1374=ORIENTED_EDGE('',*,*,#924,.F.);
#1375=ORIENTED_EDGE('',*,*,#905,.T.);
#1376=ORIENTED_EDGE('',*,*,#1009,.T.);
#1377=ORIENTED_EDGE('',*,*,#1010,.F.);
#1378=ORIENTED_EDGE('',*,*,#927,.F.);
#1379=ORIENTED_EDGE('',*,*,#908,.T.);
#1380=ORIENTED_EDGE('',*,*,#1011,.T.);
#1381=ORIENTED_EDGE('',*,*,#1012,.F.);
#1382=ORIENTED_EDGE('',*,*,#1005,.F.);
#1383=ORIENTED_EDGE('',*,*,#918,.T.);
#1384=ORIENTED_EDGE('',*,*,#854,.T.);
#1385=ORIENTED_EDGE('',*,*,#1002,.T.);
#1386=ORIENTED_EDGE('',*,*,#1013,.F.);
#1387=ORIENTED_EDGE('',*,*,#1007,.F.);
#1388=ORIENTED_EDGE('',*,*,#904,.T.);
#1389=ORIENTED_EDGE('',*,*,#865,.T.);
#1390=ORIENTED_EDGE('',*,*,#871,.T.);
#1391=ORIENTED_EDGE('',*,*,#1014,.F.);
#1392=ORIENTED_EDGE('',*,*,#1009,.F.);
#1393=ORIENTED_EDGE('',*,*,#948,.F.);
#1394=ORIENTED_EDGE('',*,*,#911,.T.);
#1395=ORIENTED_EDGE('',*,*,#892,.T.);
#1396=ORIENTED_EDGE('',*,*,#1015,.F.);
#1397=ORIENTED_EDGE('',*,*,#1016,.F.);
#1398=ORIENTED_EDGE('',*,*,#999,.F.);
#1399=ORIENTED_EDGE('',*,*,#959,.T.);
#1400=ORIENTED_EDGE('',*,*,#962,.T.);
#1401=ORIENTED_EDGE('',*,*,#957,.T.);
#1402=ORIENTED_EDGE('',*,*,#1000,.F.);
#1403=ORIENTED_EDGE('',*,*,#1017,.T.);
#1404=ORIENTED_EDGE('',*,*,#1018,.F.);
#1405=ORIENTED_EDGE('',*,*,#932,.F.);
#1406=ORIENTED_EDGE('',*,*,#914,.T.);
#1407=ORIENTED_EDGE('',*,*,#1019,.T.);
#1408=ORIENTED_EDGE('',*,*,#1020,.F.);
#1409=ORIENTED_EDGE('',*,*,#939,.F.);
#1410=ORIENTED_EDGE('',*,*,#921,.T.);
#1411=ORIENTED_EDGE('',*,*,#1021,.T.);
#1412=ORIENTED_EDGE('',*,*,#1022,.F.);
#1413=ORIENTED_EDGE('',*,*,#890,.F.);
#1414=ORIENTED_EDGE('',*,*,#894,.T.);
#1415=ORIENTED_EDGE('',*,*,#931,.T.);
#1416=ORIENTED_EDGE('',*,*,#1023,.F.);
#1417=ORIENTED_EDGE('',*,*,#1017,.F.);
#1418=ORIENTED_EDGE('',*,*,#920,.T.);
#1419=ORIENTED_EDGE('',*,*,#1024,.T.);
#1420=ORIENTED_EDGE('',*,*,#1025,.F.);
#1421=ORIENTED_EDGE('',*,*,#1021,.F.);
#1422=ORIENTED_EDGE('',*,*,#907,.T.);
#1423=ORIENTED_EDGE('',*,*,#861,.T.);
#1424=ORIENTED_EDGE('',*,*,#874,.T.);
#1425=ORIENTED_EDGE('',*,*,#1026,.F.);
#1426=ORIENTED_EDGE('',*,*,#1011,.F.);
#1427=ORIENTED_EDGE('',*,*,#946,.F.);
#1428=ORIENTED_EDGE('',*,*,#998,.T.);
#1429=ORIENTED_EDGE('',*,*,#1027,.F.);
#1430=ORIENTED_EDGE('',*,*,#1028,.F.);
#1431=ORIENTED_EDGE('',*,*,#916,.T.);
#1432=ORIENTED_EDGE('',*,*,#934,.T.);
#1433=ORIENTED_EDGE('',*,*,#1029,.F.);
#1434=ORIENTED_EDGE('',*,*,#1030,.F.);
#1435=ORIENTED_EDGE('',*,*,#947,.F.);
#1436=ORIENTED_EDGE('',*,*,#1030,.T.);
#1437=ORIENTED_EDGE('',*,*,#1031,.F.);
#1438=ORIENTED_EDGE('',*,*,#929,.F.);
#1439=ORIENTED_EDGE('',*,*,#909,.F.);
#1440=ORIENTED_EDGE('',*,*,#949,.F.);
#1441=ORIENTED_EDGE('',*,*,#1016,.T.);
#1442=ORIENTED_EDGE('',*,*,#1032,.F.);
#1443=ORIENTED_EDGE('',*,*,#1024,.F.);
#1444=ORIENTED_EDGE('',*,*,#923,.T.);
#1445=ORIENTED_EDGE('',*,*,#941,.T.);
#1446=ORIENTED_EDGE('',*,*,#1033,.F.);
#1447=ORIENTED_EDGE('',*,*,#996,.F.);
#1448=ORIENTED_EDGE('',*,*,#913,.T.);
#1449=ORIENTED_EDGE('',*,*,#1028,.T.);
#1450=ORIENTED_EDGE('',*,*,#1034,.F.);
#1451=ORIENTED_EDGE('',*,*,#1019,.F.);
#1452=ORIENTED_EDGE('',*,*,#1003,.T.);
#1453=ORIENTED_EDGE('',*,*,#925,.T.);
#1454=ORIENTED_EDGE('',*,*,#1008,.T.);
#1455=ORIENTED_EDGE('',*,*,#1013,.T.);
#1456=ORIENTED_EDGE('',*,*,#1001,.T.);
#1457=ORIENTED_EDGE('',*,*,#928,.T.);
#1458=ORIENTED_EDGE('',*,*,#1010,.T.);
#1459=ORIENTED_EDGE('',*,*,#1014,.T.);
#1460=ORIENTED_EDGE('',*,*,#870,.T.);
#1461=ORIENTED_EDGE('',*,*,#1015,.T.);
#1462=ORIENTED_EDGE('',*,*,#891,.T.);
#1463=ORIENTED_EDGE('',*,*,#1022,.T.);
#1464=ORIENTED_EDGE('',*,*,#1025,.T.);
#1465=ORIENTED_EDGE('',*,*,#1032,.T.);
#1466=ORIENTED_EDGE('',*,*,#938,.T.);
#1467=ORIENTED_EDGE('',*,*,#1006,.T.);
#1468=ORIENTED_EDGE('',*,*,#1012,.T.);
#1469=ORIENTED_EDGE('',*,*,#1026,.T.);
#1470=ORIENTED_EDGE('',*,*,#873,.T.);
#1471=ORIENTED_EDGE('',*,*,#1029,.T.);
#1472=ORIENTED_EDGE('',*,*,#933,.T.);
#1473=ORIENTED_EDGE('',*,*,#1018,.T.);
#1474=ORIENTED_EDGE('',*,*,#1023,.T.);
#1475=ORIENTED_EDGE('',*,*,#930,.T.);
#1476=ORIENTED_EDGE('',*,*,#1031,.T.);
#1477=ORIENTED_EDGE('',*,*,#997,.T.);
#1478=ORIENTED_EDGE('',*,*,#1033,.T.);
#1479=ORIENTED_EDGE('',*,*,#940,.T.);
#1480=ORIENTED_EDGE('',*,*,#1020,.T.);
#1481=ORIENTED_EDGE('',*,*,#1034,.T.);
#1482=ORIENTED_EDGE('',*,*,#1027,.T.);
#1483=ORIENTED_EDGE('',*,*,#975,.T.);
#1484=ORIENTED_EDGE('',*,*,#970,.T.);
#1485=ORIENTED_EDGE('',*,*,#965,.T.);
#1486=ORIENTED_EDGE('',*,*,#967,.T.);
#1487=ORIENTED_EDGE('',*,*,#900,.T.);
#1488=ORIENTED_EDGE('',*,*,#897,.T.);
#1489=CONICAL_SURFACE('',#1588,1.375,0.785398163397448);
#1490=CONICAL_SURFACE('',#1591,1.375,0.785398163397448);
#1491=CONICAL_SURFACE('',#1594,1.375,0.785398163397448);
#1492=CONICAL_SURFACE('',#1597,1.375,0.785398163397448);
#1493=CONICAL_SURFACE('',#1600,1.375,0.785398163397448);
#1494=CONICAL_SURFACE('',#1603,1.375,0.785398163397448);
#1495=CONICAL_SURFACE('',#1609,45.1781990611886,0.785398163397448);
#1496=CONICAL_SURFACE('',#1700,47.6160181212932,0.785398163397446);
#1497=ADVANCED_FACE('',(#118),#1489,.F.);
#1498=ADVANCED_FACE('',(#119),#98,.F.);
#1499=ADVANCED_FACE('',(#120),#1490,.F.);
#1500=ADVANCED_FACE('',(#121),#99,.F.);
#1501=ADVANCED_FACE('',(#122),#1491,.F.);
#1502=ADVANCED_FACE('',(#123),#100,.F.);
#1503=ADVANCED_FACE('',(#124),#1492,.F.);
#1504=ADVANCED_FACE('',(#125),#101,.F.);
#1505=ADVANCED_FACE('',(#126),#1493,.F.);
#1506=ADVANCED_FACE('',(#127),#102,.F.);
#1507=ADVANCED_FACE('',(#128),#1494,.F.);
#1508=ADVANCED_FACE('',(#129),#103,.F.);
#1509=ADVANCED_FACE('',(#130,#22),#50,.F.);
#1510=ADVANCED_FACE('',(#131),#21,.F.);
#1511=ADVANCED_FACE('',(#132,#23,#24,#25,#26,#27,#28),#1495,.F.);
#1512=ADVANCED_FACE('',(#133),#104,.F.);
#1513=ADVANCED_FACE('',(#134),#105,.F.);
#1514=ADVANCED_FACE('',(#135,#29),#51,.T.);
#1515=ADVANCED_FACE('',(#136),#52,.T.);
#1516=ADVANCED_FACE('',(#137),#53,.F.);
#1517=ADVANCED_FACE('',(#138),#54,.F.);
#1518=ADVANCED_FACE('',(#139),#55,.F.);
#1519=ADVANCED_FACE('',(#140),#56,.T.);
#1520=ADVANCED_FACE('',(#141),#57,.T.);
#1521=ADVANCED_FACE('',(#142),#58,.T.);
#1522=ADVANCED_FACE('',(#143),#106,.F.);
#1523=ADVANCED_FACE('',(#144),#107,.F.);
#1524=ADVANCED_FACE('',(#145),#59,.T.);
#1525=ADVANCED_FACE('',(#146),#60,.T.);
#1526=ADVANCED_FACE('',(#147),#61,.F.);
#1527=ADVANCED_FACE('',(#148),#62,.F.);
#1528=ADVANCED_FACE('',(#149),#63,.T.);
#1529=ADVANCED_FACE('',(#150),#64,.T.);
#1530=ADVANCED_FACE('',(#151),#65,.T.);
#1531=ADVANCED_FACE('',(#152),#66,.F.);
#1532=ADVANCED_FACE('',(#153),#67,.F.);
#1533=ADVANCED_FACE('',(#154),#68,.F.);
#1534=ADVANCED_FACE('',(#155),#69,.F.);
#1535=ADVANCED_FACE('',(#156,#30),#70,.T.);
#1536=ADVANCED_FACE('',(#157),#71,.F.);
#1537=ADVANCED_FACE('',(#158),#72,.F.);
#1538=ADVANCED_FACE('',(#159),#73,.T.);
#1539=ADVANCED_FACE('',(#160),#74,.T.);
#1540=ADVANCED_FACE('',(#161),#75,.F.);
#1541=ADVANCED_FACE('',(#162),#76,.F.);
#1542=ADVANCED_FACE('',(#163),#77,.T.);
#1543=ADVANCED_FACE('',(#164),#108,.T.);
#1544=ADVANCED_FACE('',(#165),#109,.F.);
#1545=ADVANCED_FACE('',(#166),#110,.F.);
#1546=ADVANCED_FACE('',(#167),#111,.F.);
#1547=ADVANCED_FACE('',(#168),#78,.T.);
#1548=ADVANCED_FACE('',(#169),#112,.T.);
#1549=ADVANCED_FACE('',(#170),#113,.T.);
#1550=ADVANCED_FACE('',(#171),#114,.T.);
#1551=ADVANCED_FACE('',(#172),#79,.F.);
#1552=ADVANCED_FACE('',(#173),#80,.F.);
#1553=ADVANCED_FACE('',(#174),#81,.F.);
#1554=ADVANCED_FACE('',(#175),#82,.F.);
#1555=ADVANCED_FACE('',(#176),#83,.F.);
#1556=ADVANCED_FACE('',(#177),#84,.F.);
#1557=ADVANCED_FACE('',(#178,#31,#32,#33,#34),#85,.T.);
#1558=ADVANCED_FACE('',(#179),#86,.F.);
#1559=ADVANCED_FACE('',(#180),#87,.T.);
#1560=ADVANCED_FACE('',(#181),#115,.F.);
#1561=ADVANCED_FACE('',(#182,#35,#36,#37,#38,#39,#40),#1496,.T.);
#1562=ADVANCED_FACE('',(#183),#116,.T.);
#1563=ADVANCED_FACE('',(#184),#88,.F.);
#1564=ADVANCED_FACE('',(#185),#89,.F.);
#1565=ADVANCED_FACE('',(#186),#90,.F.);
#1566=ADVANCED_FACE('',(#187),#117,.F.);
#1567=ADVANCED_FACE('',(#188),#91,.F.);
#1568=ADVANCED_FACE('',(#189),#92,.F.);
#1569=ADVANCED_FACE('',(#190),#93,.F.);
#1570=ADVANCED_FACE('',(#191),#94,.F.);
#1571=ADVANCED_FACE('',(#192),#95,.F.);
#1572=ADVANCED_FACE('',(#193),#96,.F.);
#1573=ADVANCED_FACE('',(#194,#41,#42,#43,#44,#45,#46,#47,#48,#49),#97,.T.);
#1574=CLOSED_SHELL('',(#1497,#1498,#1499,#1500,#1501,#1502,#1503,#1504,
#1505,#1506,#1507,#1508,#1509,#1510,#1511,#1512,#1513,#1514,#1515,#1516,
#1517,#1518,#1519,#1520,#1521,#1522,#1523,#1524,#1525,#1526,#1527,#1528,
#1529,#1530,#1531,#1532,#1533,#1534,#1535,#1536,#1537,#1538,#1539,#1540,
#1541,#1542,#1543,#1544,#1545,#1546,#1547,#1548,#1549,#1550,#1551,#1552,
#1553,#1554,#1555,#1556,#1557,#1558,#1559,#1560,#1561,#1562,#1563,#1564,
#1565,#1566,#1567,#1568,#1569,#1570,#1571,#1572,#1573));
#1575=DERIVED_UNIT_ELEMENT(#1577,1.);
#1576=DERIVED_UNIT_ELEMENT(#3109,-3.);
#1577=(
MASS_UNIT()
NAMED_UNIT(*)
SI_UNIT(.KILO.,.GRAM.)
);
#1578=DERIVED_UNIT((#1575,#1576));
#1579=MEASURE_REPRESENTATION_ITEM('density measure',
POSITIVE_RATIO_MEASURE(7850.),#1578);
#1580=PROPERTY_DEFINITION_REPRESENTATION(#1585,#1582);
#1581=PROPERTY_DEFINITION_REPRESENTATION(#1586,#1583);
#1582=REPRESENTATION('material name',(#1584),#3106);
#1583=REPRESENTATION('density',(#1579),#3106);
#1584=DESCRIPTIVE_REPRESENTATION_ITEM('Steel','Steel');
#1585=PROPERTY_DEFINITION('material property','material name',#3116);
#1586=PROPERTY_DEFINITION('material property','density of part',#3116);
#1587=AXIS2_PLACEMENT_3D('',#2129,#1722,#1723);
#1588=AXIS2_PLACEMENT_3D('',#2130,#1724,#1725);
#1589=AXIS2_PLACEMENT_3D('',#2173,#1727,#1728);
#1590=AXIS2_PLACEMENT_3D('',#2174,#1729,#1730);
#1591=AXIS2_PLACEMENT_3D('',#2216,#1732,#1733);
#1592=AXIS2_PLACEMENT_3D('',#2259,#1735,#1736);
#1593=AXIS2_PLACEMENT_3D('',#2260,#1737,#1738);
#1594=AXIS2_PLACEMENT_3D('',#2302,#1740,#1741);
#1595=AXIS2_PLACEMENT_3D('',#2345,#1743,#1744);
#1596=AXIS2_PLACEMENT_3D('',#2346,#1745,#1746);
#1597=AXIS2_PLACEMENT_3D('',#2388,#1748,#1749);
#1598=AXIS2_PLACEMENT_3D('',#2431,#1751,#1752);
#1599=AXIS2_PLACEMENT_3D('',#2432,#1753,#1754);
#1600=AXIS2_PLACEMENT_3D('',#2474,#1756,#1757);
#1601=AXIS2_PLACEMENT_3D('',#2517,#1759,#1760);
#1602=AXIS2_PLACEMENT_3D('',#2518,#1761,#1762);
#1603=AXIS2_PLACEMENT_3D('',#2560,#1764,#1765);
#1604=AXIS2_PLACEMENT_3D('',#2603,#1767,#1768);
#1605=AXIS2_PLACEMENT_3D('',#2604,#1769,#1770);
#1606=AXIS2_PLACEMENT_3D('',#2646,#1772,#1773);
#1607=AXIS2_PLACEMENT_3D('',#2648,#1774,#1775);
#1608=AXIS2_PLACEMENT_3D('',#2650,#1776,#1777);
#1609=AXIS2_PLACEMENT_3D('',#2731,#1778,#1779);
#1610=AXIS2_PLACEMENT_3D('',#2738,#1780,#1781);
#1611=AXIS2_PLACEMENT_3D('',#2744,#1782,#1783);
#1612=AXIS2_PLACEMENT_3D('',#2747,#1785,#1786);
#1613=AXIS2_PLACEMENT_3D('',#2749,#1787,#1788);
#1614=AXIS2_PLACEMENT_3D('',#2755,#1789,#1790);
#1615=AXIS2_PLACEMENT_3D('',#2761,#1791,#1792);
#1616=AXIS2_PLACEMENT_3D('',#2767,#1793,#1794);
#1617=AXIS2_PLACEMENT_3D('',#2772,#1795,#1796);
#1618=AXIS2_PLACEMENT_3D('',#2773,#1797,#1798);
#1619=AXIS2_PLACEMENT_3D('',#2777,#1800,#1801);
#1620=AXIS2_PLACEMENT_3D('',#2779,#1803,#1804);
#1621=AXIS2_PLACEMENT_3D('',#2783,#1806,#1807);
#1622=AXIS2_PLACEMENT_3D('',#2785,#1809,#1810);
#1623=AXIS2_PLACEMENT_3D('',#2786,#1811,#1812);
#1624=AXIS2_PLACEMENT_3D('',#2799,#1819,#1820);
#1625=AXIS2_PLACEMENT_3D('',#2807,#1825,#1826);
#1626=AXIS2_PLACEMENT_3D('',#2815,#1831,#1832);
#1627=AXIS2_PLACEMENT_3D('',#2823,#1837,#1838);
#1628=AXIS2_PLACEMENT_3D('',#2826,#1840,#1841);
#1629=AXIS2_PLACEMENT_3D('',#2827,#1842,#1843);
#1630=AXIS2_PLACEMENT_3D('',#2829,#1844,#1845);
#1631=AXIS2_PLACEMENT_3D('',#2830,#1846,#1847);
#1632=AXIS2_PLACEMENT_3D('',#2832,#1848,#1849);
#1633=AXIS2_PLACEMENT_3D('',#2833,#1850,#1851);
#1634=AXIS2_PLACEMENT_3D('',#2835,#1852,#1853);
#1635=AXIS2_PLACEMENT_3D('',#2838,#1855,#1856);
#1636=AXIS2_PLACEMENT_3D('',#2839,#1857,#1858);
#1637=AXIS2_PLACEMENT_3D('',#2841,#1859,#1860);
#1638=AXIS2_PLACEMENT_3D('',#2844,#1862,#1863);
#1639=AXIS2_PLACEMENT_3D('',#2845,#1864,#1865);
#1640=AXIS2_PLACEMENT_3D('',#2850,#1868,#1869);
#1641=AXIS2_PLACEMENT_3D('',#2851,#1870,#1871);
#1642=AXIS2_PLACEMENT_3D('',#2856,#1874,#1875);
#1643=AXIS2_PLACEMENT_3D('',#2857,#1876,#1877);
#1644=AXIS2_PLACEMENT_3D('',#2861,#1880,#1881);
#1645=AXIS2_PLACEMENT_3D('',#2865,#1884,#1885);
#1646=AXIS2_PLACEMENT_3D('',#2870,#1887,#1888);
#1647=AXIS2_PLACEMENT_3D('',#2874,#1891,#1892);
#1648=AXIS2_PLACEMENT_3D('',#2879,#1895,#1896);
#1649=AXIS2_PLACEMENT_3D('',#2880,#1897,#1898);
#1650=AXIS2_PLACEMENT_3D('',#2885,#1900,#1901);
#1651=AXIS2_PLACEMENT_3D('',#2889,#1904,#1905);
#1652=AXIS2_PLACEMENT_3D('',#2895,#1909,#1910);
#1653=AXIS2_PLACEMENT_3D('',#2899,#1913,#1914);
#1654=AXIS2_PLACEMENT_3D('',#2905,#1918,#1919);
#1655=AXIS2_PLACEMENT_3D('',#2911,#1923,#1924);
#1656=AXIS2_PLACEMENT_3D('',#2913,#1925,#1926);
#1657=AXIS2_PLACEMENT_3D('',#2915,#1927,#1928);
#1658=AXIS2_PLACEMENT_3D('',#2916,#1929,#1930);
#1659=AXIS2_PLACEMENT_3D('',#2920,#1933,#1934);
#1660=AXIS2_PLACEMENT_3D('',#2926,#1938,#1939);
#1661=AXIS2_PLACEMENT_3D('',#2938,#1946,#1947);
#1662=AXIS2_PLACEMENT_3D('',#2950,#1954,#1955);
#1663=AXIS2_PLACEMENT_3D('',#2959,#1960,#1961);
#1664=AXIS2_PLACEMENT_3D('',#2968,#1966,#1967);
#1665=AXIS2_PLACEMENT_3D('',#2969,#1968,#1969);
#1666=AXIS2_PLACEMENT_3D('',#2970,#1970,#1971);
#1667=AXIS2_PLACEMENT_3D('',#2971,#1972,#1973);
#1668=AXIS2_PLACEMENT_3D('',#2975,#1975,#1976);
#1669=AXIS2_PLACEMENT_3D('',#2977,#1978,#1979);
#1670=AXIS2_PLACEMENT_3D('',#2979,#1980,#1981);
#1671=AXIS2_PLACEMENT_3D('',#2981,#1982,#1983);
#1672=AXIS2_PLACEMENT_3D('',#2983,#1985,#1986);
#1673=AXIS2_PLACEMENT_3D('',#2985,#1987,#1988);
#1674=AXIS2_PLACEMENT_3D('',#2988,#1990,#1991);
#1675=AXIS2_PLACEMENT_3D('',#2989,#1992,#1993);
#1676=AXIS2_PLACEMENT_3D('',#2992,#1995,#1996);
#1677=AXIS2_PLACEMENT_3D('',#2993,#1997,#1998);
#1678=AXIS2_PLACEMENT_3D('',#2994,#1999,#2000);
#1679=AXIS2_PLACEMENT_3D('',#2995,#2001,#2002);
#1680=AXIS2_PLACEMENT_3D('',#2996,#2003,#2004);
#1681=AXIS2_PLACEMENT_3D('',#2997,#2005,#2006);
#1682=AXIS2_PLACEMENT_3D('',#2998,#2007,#2008);
#1683=AXIS2_PLACEMENT_3D('',#2999,#2009,#2010);
#1684=AXIS2_PLACEMENT_3D('',#3002,#2012,#2013);
#1685=AXIS2_PLACEMENT_3D('',#3003,#2014,#2015);
#1686=AXIS2_PLACEMENT_3D('',#3006,#2017,#2018);
#1687=AXIS2_PLACEMENT_3D('',#3007,#2019,#2020);
#1688=AXIS2_PLACEMENT_3D('',#3013,#2024,#2025);
#1689=AXIS2_PLACEMENT_3D('',#3019,#2029,#2030);
#1690=AXIS2_PLACEMENT_3D('',#3023,#2033,#2034);
#1691=AXIS2_PLACEMENT_3D('',#3025,#2036,#2037);
#1692=AXIS2_PLACEMENT_3D('',#3029,#2040,#2041);
#1693=AXIS2_PLACEMENT_3D('',#3031,#2043,#2044);
#1694=AXIS2_PLACEMENT_3D('',#3033,#2046,#2047);
#1695=AXIS2_PLACEMENT_3D('',#3039,#2051,#2052);
#1696=AXIS2_PLACEMENT_3D('',#3041,#2053,#2054);
#1697=AXIS2_PLACEMENT_3D('',#3042,#2055,#2056);
#1698=AXIS2_PLACEMENT_3D('',#3043,#2057,#2058);
#1699=AXIS2_PLACEMENT_3D('',#3045,#2059,#2060);
#1700=AXIS2_PLACEMENT_3D('',#3047,#2062,#2063);
#1701=AXIS2_PLACEMENT_3D('',#3049,#2064,#2065);
#1702=AXIS2_PLACEMENT_3D('',#3051,#2067,#2068);
#1703=AXIS2_PLACEMENT_3D('',#3054,#2070,#2071);
#1704=AXIS2_PLACEMENT_3D('',#3057,#2073,#2074);
#1705=AXIS2_PLACEMENT_3D('',#3060,#2076,#2077);
#1706=AXIS2_PLACEMENT_3D('',#3063,#2079,#2080);
#1707=AXIS2_PLACEMENT_3D('',#3064,#2081,#2082);
#1708=AXIS2_PLACEMENT_3D('',#3066,#2084,#2085);
#1709=AXIS2_PLACEMENT_3D('',#3068,#2087,#2088);
#1710=AXIS2_PLACEMENT_3D('',#3072,#2091,#2092);
#1711=AXIS2_PLACEMENT_3D('',#3075,#2094,#2095);
#1712=AXIS2_PLACEMENT_3D('',#3078,#2097,#2098);
#1713=AXIS2_PLACEMENT_3D('',#3081,#2100,#2101);
#1714=AXIS2_PLACEMENT_3D('',#3082,#2102,#2103);
#1715=AXIS2_PLACEMENT_3D('',#3083,#2104,#2105);
#1716=AXIS2_PLACEMENT_3D('',#3087,#2108,#2109);
#1717=AXIS2_PLACEMENT_3D('',#3089,#2111,#2112);
#1718=AXIS2_PLACEMENT_3D('',#3096,#2117,#2118);
#1719=AXIS2_PLACEMENT_3D('',#3098,#2120,#2121);
#1720=AXIS2_PLACEMENT_3D('',#3101,#2124,#2125);
#1721=AXIS2_PLACEMENT_3D('',#3103,#2127,#2128);
#1722=DIRECTION('axis',(0.,0.,1.));
#1723=DIRECTION('refdir',(1.,0.,0.));
#1724=DIRECTION('center_axis',(0.454519477672044,0.541675220419702,0.707106781186547));
#1725=DIRECTION('ref_axis',(0.473094324169732,-0.819423406234438,0.323615577118185));
#1726=DIRECTION('',(0.0131343999180138,-0.962442068770839,-0.271169230922133));
#1727=DIRECTION('center_axis',(-0.454519477672044,-0.541675220419702,-0.707106781186547));
#1728=DIRECTION('ref_axis',(0.473094324169732,-0.819423406234438,0.323615577118185));
#1729=DIRECTION('center_axis',(-0.454519477672044,-0.541675220419702,-0.707106781186547));
#1730=DIRECTION('ref_axis',(0.473094324169732,-0.819423406234438,0.323615577118185));
#1731=DIRECTION('',(-0.454519477672045,-0.541675220419702,-0.707106781186547));
#1732=DIRECTION('center_axis',(0.69636424032002,-0.122787803968973,0.707106781186547));
#1733=DIRECTION('ref_axis',(-0.473094324169733,-0.819423406234437,0.323615577118185));
#1734=DIRECTION('',(-0.826932081267389,-0.492595758377884,-0.271169230922133));
#1735=DIRECTION('center_axis',(-0.69636424032002,0.122787803968973,-0.707106781186547));
#1736=DIRECTION('ref_axis',(-0.473094324169733,-0.819423406234437,0.323615577118185));
#1737=DIRECTION('center_axis',(-0.69636424032002,0.122787803968973,-0.707106781186547));
#1738=DIRECTION('ref_axis',(-0.473094324169733,-0.819423406234437,0.323615577118185));
#1739=DIRECTION('',(-0.696364240320019,0.122787803968973,-0.707106781186547));
#1740=DIRECTION('center_axis',(0.241844762647975,-0.664463024388675,0.707106781186547));
#1741=DIRECTION('ref_axis',(-0.946188648339465,1.51394048812521E-16,0.323615577118185));
#1742=DIRECTION('',(-0.840066481185404,0.469846310392955,-0.271169230922133));
#1743=DIRECTION('center_axis',(-0.241844762647975,0.664463024388675,-0.707106781186547));
#1744=DIRECTION('ref_axis',(-0.946188648339465,1.38777878078145E-16,0.323615577118185));
#1745=DIRECTION('center_axis',(-0.241844762647975,0.664463024388675,-0.707106781186547));
#1746=DIRECTION('ref_axis',(-0.946188648339465,1.38777878078145E-16,0.323615577118185));
#1747=DIRECTION('',(-0.241844762647975,0.664463024388675,-0.707106781186547));
#1748=DIRECTION('center_axis',(-0.454519477672044,-0.541675220419702,0.707106781186547));
#1749=DIRECTION('ref_axis',(-0.473094324169732,0.819423406234438,0.323615577118185));
#1750=DIRECTION('',(-0.0131343999180145,0.962442068770839,-0.271169230922133));
#1751=DIRECTION('center_axis',(0.454519477672044,0.541675220419702,-0.707106781186547));
#1752=DIRECTION('ref_axis',(-0.473094324169732,0.819423406234438,0.323615577118185));
#1753=DIRECTION('center_axis',(0.454519477672044,0.541675220419702,-0.707106781186547));
#1754=DIRECTION('ref_axis',(-0.473094324169732,0.819423406234438,0.323615577118185));
#1755=DIRECTION('',(0.454519477672044,0.541675220419702,-0.707106781186547));
#1756=DIRECTION('center_axis',(-0.69636424032002,0.122787803968973,0.707106781186547));
#1757=DIRECTION('ref_axis',(0.473094324169733,0.819423406234437,0.323615577118185));
#1758=DIRECTION('',(0.826932081267389,0.492595758377884,-0.271169230922133));
#1759=DIRECTION('center_axis',(0.69636424032002,-0.122787803968973,-0.707106781186547));
#1760=DIRECTION('ref_axis',(0.473094324169733,0.819423406234438,0.323615577118185));
#1761=DIRECTION('center_axis',(0.69636424032002,-0.122787803968973,-0.707106781186547));
#1762=DIRECTION('ref_axis',(0.473094324169733,0.819423406234438,0.323615577118185));
#1763=DIRECTION('',(0.696364240320019,-0.122787803968973,-0.707106781186547));
#1764=DIRECTION('center_axis',(-0.241844762647975,0.664463024388675,0.707106781186547));
#1765=DIRECTION('ref_axis',(0.946188648339465,0.,0.323615577118185));
#1766=DIRECTION('',(0.840066481185404,-0.469846310392955,-0.271169230922133));
#1767=DIRECTION('center_axis',(0.241844762647975,-0.664463024388675,-0.707106781186547));
#1768=DIRECTION('ref_axis',(0.946188648339465,0.,0.323615577118185));
#1769=DIRECTION('center_axis',(0.241844762647975,-0.664463024388675,-0.707106781186547));
#1770=DIRECTION('ref_axis',(0.946188648339465,0.,0.323615577118185));
#1771=DIRECTION('',(0.241844762647975,-0.664463024388675,-0.707106781186547));
#1772=DIRECTION('center_axis',(0.,0.,-1.));
#1773=DIRECTION('ref_axis',(-1.,0.,0.));
#1774=DIRECTION('center_axis',(0.,0.,-1.));
#1775=DIRECTION('ref_axis',(1.,0.,0.));
#1776=DIRECTION('center_axis',(0.,0.,-1.));
#1777=DIRECTION('ref_axis',(1.,0.,0.));
#1778=DIRECTION('center_axis',(0.,0.,1.));
#1779=DIRECTION('ref_axis',(-1.,0.,0.));
#1780=DIRECTION('center_axis',(0.,0.,1.));
#1781=DIRECTION('ref_axis',(-1.,0.,0.));
#1782=DIRECTION('center_axis',(0.,0.,-1.));
#1783=DIRECTION('ref_axis',(-1.,0.,0.));
#1784=DIRECTION('',(0.707106781186547,-8.65956056235493E-17,0.707106781186548));
#1785=DIRECTION('center_axis',(0.,0.,1.));
#1786=DIRECTION('ref_axis',(-1.,0.,0.));
#1787=DIRECTION('center_axis',(0.,0.,-1.));
#1788=DIRECTION('ref_axis',(-1.,0.,0.));
#1789=DIRECTION('center_axis',(0.,0.,1.));
#1790=DIRECTION('ref_axis',(-1.,0.,0.));
#1791=DIRECTION('center_axis',(0.,0.,-1.));
#1792=DIRECTION('ref_axis',(-1.,0.,0.));
#1793=DIRECTION('center_axis',(0.,0.,1.));
#1794=DIRECTION('ref_axis',(-1.,0.,0.));
#1795=DIRECTION('center_axis',(0.,0.,-1.));
#1796=DIRECTION('ref_axis',(-1.,0.,0.));
#1797=DIRECTION('center_axis',(0.,0.,-1.));
#1798=DIRECTION('ref_axis',(-1.,0.,0.));
#1799=DIRECTION('',(0.,0.,-1.));
#1800=DIRECTION('center_axis',(0.,0.,1.));
#1801=DIRECTION('ref_axis',(-1.,0.,0.));
#1802=DIRECTION('',(0.,0.,-1.));
#1803=DIRECTION('center_axis',(0.,0.,-1.));
#1804=DIRECTION('ref_axis',(0.866025403784439,0.5,0.));
#1805=DIRECTION('',(0.,0.,-1.));
#1806=DIRECTION('center_axis',(0.,0.,1.));
#1807=DIRECTION('ref_axis',(-1.,0.,0.));
#1808=DIRECTION('',(0.,0.,-1.));
#1809=DIRECTION('center_axis',(0.,0.,1.));
#1810=DIRECTION('ref_axis',(1.,0.,0.));
#1811=DIRECTION('center_axis',(0.,-0.371390676354104,0.928476690885259));
#1812=DIRECTION('ref_axis',(1.,0.,0.));
#1813=DIRECTION('',(0.,-0.928476690885259,-0.371390676354104));
#1814=DIRECTION('',(0.,0.928476690885259,0.371390676354104));
#1815=DIRECTION('',(1.,0.,0.));
#1816=DIRECTION('',(-1.06907425046153E-17,-0.928476690885259,-0.371390676354104));
#1817=DIRECTION('',(1.06907425046153E-17,0.928476690885259,0.371390676354104));
#1818=DIRECTION('',(-1.,0.,0.));
#1819=DIRECTION('center_axis',(0.,1.,0.));
#1820=DIRECTION('ref_axis',(1.,0.,0.));
#1821=DIRECTION('',(0.,0.,-1.));
#1822=DIRECTION('',(1.,0.,0.));
#1823=DIRECTION('',(0.,0.,-1.));
#1824=DIRECTION('',(-1.,0.,0.));
#1825=DIRECTION('center_axis',(0.,1.,0.));
#1826=DIRECTION('ref_axis',(1.,0.,0.));
#1827=DIRECTION('',(0.,0.,1.));
#1828=DIRECTION('',(-1.,0.,0.));
#1829=DIRECTION('',(0.,0.,-1.));
#1830=DIRECTION('',(1.,0.,0.));
#1831=DIRECTION('center_axis',(1.,0.,0.));
#1832=DIRECTION('ref_axis',(0.,-1.,0.));
#1833=DIRECTION('',(0.,1.,0.));
#1834=DIRECTION('',(0.,0.,-1.));
#1835=DIRECTION('',(0.,1.,0.));
#1836=DIRECTION('',(0.,0.,-1.));
#1837=DIRECTION('center_axis',(0.,0.,1.));
#1838=DIRECTION('ref_axis',(-1.,0.,0.));
#1839=DIRECTION('',(-1.15142820595983E-17,-1.,0.));
#1840=DIRECTION('center_axis',(0.,0.,-1.));
#1841=DIRECTION('ref_axis',(-1.,0.,0.));
#1842=DIRECTION('center_axis',(0.,0.,1.));
#1843=DIRECTION('ref_axis',(1.,0.,0.));
#1844=DIRECTION('center_axis',(0.,0.,-1.));
#1845=DIRECTION('ref_axis',(-1.,0.,0.));
#1846=DIRECTION('center_axis',(0.,0.,1.));
#1847=DIRECTION('ref_axis',(1.,0.,0.));
#1848=DIRECTION('center_axis',(0.,0.,-1.));
#1849=DIRECTION('ref_axis',(-1.,0.,0.));
#1850=DIRECTION('center_axis',(0.,0.,-1.));
#1851=DIRECTION('ref_axis',(-1.,0.,0.));
#1852=DIRECTION('center_axis',(0.,0.,1.));
#1853=DIRECTION('ref_axis',(-1.,0.,0.));
#1854=DIRECTION('',(0.,0.,1.));
#1855=DIRECTION('center_axis',(0.,0.,1.));
#1856=DIRECTION('ref_axis',(-1.,0.,0.));
#1857=DIRECTION('center_axis',(0.,0.,-1.));
#1858=DIRECTION('ref_axis',(-1.,0.,0.));
#1859=DIRECTION('center_axis',(0.,0.,1.));
#1860=DIRECTION('ref_axis',(-1.,0.,0.));
#1861=DIRECTION('',(0.,0.,1.));
#1862=DIRECTION('center_axis',(0.,0.,1.));
#1863=DIRECTION('ref_axis',(-1.,0.,0.));
#1864=DIRECTION('center_axis',(0.,0.,1.));
#1865=DIRECTION('ref_axis',(-1.,0.,0.));
#1866=DIRECTION('',(0.866025403784439,0.5,0.));
#1867=DIRECTION('',(-0.866025403784439,-0.5,0.));
#1868=DIRECTION('center_axis',(0.,0.,1.));
#1869=DIRECTION('ref_axis',(-1.,0.,0.));
#1870=DIRECTION('center_axis',(0.,0.,1.));
#1871=DIRECTION('ref_axis',(-1.,0.,0.));
#1872=DIRECTION('',(-0.866025403784439,0.5,0.));
#1873=DIRECTION('',(0.866025403784439,-0.5,0.));
#1874=DIRECTION('center_axis',(0.,0.,1.));
#1875=DIRECTION('ref_axis',(-1.,0.,0.));
#1876=DIRECTION('center_axis',(1.,-1.15142820595983E-17,0.));
#1877=DIRECTION('ref_axis',(-1.15142820595983E-17,-1.,0.));
#1878=DIRECTION('',(0.,0.,-1.));
#1879=DIRECTION('',(1.15142820595983E-17,1.,0.));
#1880=DIRECTION('center_axis',(-1.,0.,0.));
#1881=DIRECTION('ref_axis',(0.,1.,0.));
#1882=DIRECTION('',(0.,0.,-1.));
#1883=DIRECTION('',(0.,-1.,0.));
#1884=DIRECTION('center_axis',(0.,0.,1.));
#1885=DIRECTION('ref_axis',(-1.,0.,0.));
#1886=DIRECTION('',(-0.866025403784439,0.5,0.));
#1887=DIRECTION('center_axis',(0.,0.,-1.));
#1888=DIRECTION('ref_axis',(-1.,0.,0.));
#1889=DIRECTION('',(0.866025403784439,-0.5,0.));
#1890=DIRECTION('',(0.,1.,0.));
#1891=DIRECTION('center_axis',(0.,0.,1.));
#1892=DIRECTION('ref_axis',(-1.,0.,0.));
#1893=DIRECTION('',(-1.15142820595983E-17,-1.,0.));
#1894=DIRECTION('',(0.,1.,0.));
#1895=DIRECTION('center_axis',(0.,0.,1.));
#1896=DIRECTION('ref_axis',(-1.,0.,0.));
#1897=DIRECTION('center_axis',(0.,0.,1.));
#1898=DIRECTION('ref_axis',(-1.,0.,0.));
#1899=DIRECTION('',(0.866025403784439,0.5,0.));
#1900=DIRECTION('center_axis',(0.,0.,-1.));
#1901=DIRECTION('ref_axis',(-1.,0.,0.));
#1902=DIRECTION('',(-0.866025403784439,-0.5,0.));
#1903=DIRECTION('',(0.,-1.,0.));
#1904=DIRECTION('center_axis',(0.5,-0.866025403784439,0.));
#1905=DIRECTION('ref_axis',(-0.866025403784439,-0.5,0.));
#1906=DIRECTION('',(0.,0.,-1.));
#1907=DIRECTION('',(0.866025403784439,0.5,0.));
#1908=DIRECTION('',(0.,0.,-1.));
#1909=DIRECTION('center_axis',(0.5,0.866025403784439,0.));
#1910=DIRECTION('ref_axis',(0.866025403784439,-0.5,0.));
#1911=DIRECTION('',(0.,0.,-1.));
#1912=DIRECTION('',(-0.866025403784439,0.5,0.));
#1913=DIRECTION('center_axis',(-1.,1.15142820595983E-17,0.));
#1914=DIRECTION('ref_axis',(1.15142820595983E-17,1.,0.));
#1915=DIRECTION('',(0.,0.,-1.));
#1916=DIRECTION('',(-1.15142820595983E-17,-1.,0.));
#1917=DIRECTION('',(0.,0.,-1.));
#1918=DIRECTION('center_axis',(-0.5,-0.866025403784439,0.));
#1919=DIRECTION('ref_axis',(-0.866025403784439,0.5,0.));
#1920=DIRECTION('',(0.,0.,-1.));
#1921=DIRECTION('',(0.866025403784439,-0.5,0.));
#1922=DIRECTION('',(0.,0.,-1.));
#1923=DIRECTION('center_axis',(0.,0.,1.));
#1924=DIRECTION('ref_axis',(1.,0.,0.));
#1925=DIRECTION('center_axis',(0.,0.,-1.));
#1926=DIRECTION('ref_axis',(-1.,0.,0.));
#1927=DIRECTION('center_axis',(0.,0.,1.));
#1928=DIRECTION('ref_axis',(-1.,0.,0.));
#1929=DIRECTION('center_axis',(-1.,1.15142820595983E-17,0.));
#1930=DIRECTION('ref_axis',(1.15142820595983E-17,1.,0.));
#1931=DIRECTION('',(0.,0.,-1.));
#1932=DIRECTION('',(-1.15142820595983E-17,-1.,0.));
#1933=DIRECTION('center_axis',(-0.5,0.866025403784439,0.));
#1934=DIRECTION('ref_axis',(0.866025403784439,0.5,0.));
#1935=DIRECTION('',(0.,0.,-1.));
#1936=DIRECTION('',(-0.866025403784439,-0.5,0.));
#1937=DIRECTION('',(0.,0.,-1.));
#1938=DIRECTION('center_axis',(0.,0.,1.));
#1939=DIRECTION('ref_axis',(1.,0.,0.));
#1940=DIRECTION('',(0.,1.,0.));
#1941=DIRECTION('',(1.,0.,0.));
#1942=DIRECTION('',(0.,1.,0.));
#1943=DIRECTION('',(-1.,0.,0.));
#1944=DIRECTION('',(0.,-1.,0.));
#1945=DIRECTION('',(1.,0.,0.));
#1946=DIRECTION('center_axis',(0.,0.,1.));
#1947=DIRECTION('ref_axis',(1.,0.,0.));
#1948=DIRECTION('',(1.,0.,0.));
#1949=DIRECTION('',(0.,1.,0.));
#1950=DIRECTION('',(-1.,0.,0.));
#1951=DIRECTION('',(0.,-1.,0.));
#1952=DIRECTION('',(1.,0.,0.));
#1953=DIRECTION('',(0.,-1.,0.));
#1954=DIRECTION('center_axis',(1.,0.,0.));
#1955=DIRECTION('ref_axis',(0.,-1.,0.));
#1956=DIRECTION('',(0.,-1.,0.));
#1957=DIRECTION('',(0.,0.,-1.));
#1958=DIRECTION('',(0.,1.,0.));
#1959=DIRECTION('',(0.,0.,1.));
#1960=DIRECTION('center_axis',(-1.,8.79237342142207E-15,0.));
#1961=DIRECTION('ref_axis',(8.79237342142207E-15,1.,0.));
#1962=DIRECTION('',(8.79237342142207E-15,1.,0.));
#1963=DIRECTION('',(0.,0.,-1.));
#1964=DIRECTION('',(-8.79237342142207E-15,-1.,0.));
#1965=DIRECTION('',(0.,0.,1.));
#1966=DIRECTION('center_axis',(0.,0.,1.));
#1967=DIRECTION('ref_axis',(1.,0.,0.));
#1968=DIRECTION('center_axis',(0.,0.,1.));
#1969=DIRECTION('ref_axis',(-1.,0.,0.));
#1970=DIRECTION('center_axis',(0.,0.,-1.));
#1971=DIRECTION('ref_axis',(-1.,0.,0.));
#1972=DIRECTION('center_axis',(0.,0.,-1.));
#1973=DIRECTION('ref_axis',(-1.,0.,0.));
#1974=DIRECTION('',(0.,0.,-1.));
#1975=DIRECTION('center_axis',(0.,0.,-1.));
#1976=DIRECTION('ref_axis',(-1.,0.,0.));
#1977=DIRECTION('',(0.,0.,-1.));
#1978=DIRECTION('center_axis',(0.,0.,-1.));
#1979=DIRECTION('ref_axis',(-1.,0.,0.));
#1980=DIRECTION('center_axis',(0.,0.,1.));
#1981=DIRECTION('ref_axis',(-1.,0.,0.));
#1982=DIRECTION('center_axis',(0.,0.,-1.));
#1983=DIRECTION('ref_axis',(-1.,0.,0.));
#1984=DIRECTION('',(0.,0.,-1.));
#1985=DIRECTION('center_axis',(0.,0.,-1.));
#1986=DIRECTION('ref_axis',(0.997941520644709,0.0641305026748288,0.));
#1987=DIRECTION('center_axis',(0.,0.,1.));
#1988=DIRECTION('ref_axis',(-1.,0.,0.));
#1989=DIRECTION('',(0.,0.,-1.));
#1990=DIRECTION('center_axis',(0.,0.,-1.));
#1991=DIRECTION('ref_axis',(-1.,0.,0.));
#1992=DIRECTION('center_axis',(0.,0.,-1.));
#1993=DIRECTION('ref_axis',(-1.,0.,0.));
#1994=DIRECTION('',(0.,0.,-1.));
#1995=DIRECTION('center_axis',(0.,0.,-1.));
#1996=DIRECTION('ref_axis',(-1.,0.,0.));
#1997=DIRECTION('center_axis',(0.,0.,1.));
#1998=DIRECTION('ref_axis',(-1.,0.,0.));
#1999=DIRECTION('center_axis',(0.,0.,-1.));
#2000=DIRECTION('ref_axis',(-1.,0.,0.));
#2001=DIRECTION('center_axis',(0.,0.,1.));
#2002=DIRECTION('ref_axis',(-1.,0.,0.));
#2003=DIRECTION('center_axis',(0.,0.,1.));
#2004=DIRECTION('ref_axis',(-1.,0.,0.));
#2005=DIRECTION('center_axis',(0.,0.,-1.));
#2006=DIRECTION('ref_axis',(1.83697019872103E-16,1.,0.));
#2007=DIRECTION('center_axis',(0.,0.,-1.));
#2008=DIRECTION('ref_axis',(-1.,0.,0.));
#2009=DIRECTION('center_axis',(0.,0.,-1.));
#2010=DIRECTION('ref_axis',(-1.,0.,0.));
#2011=DIRECTION('',(0.,0.,-1.));
#2012=DIRECTION('center_axis',(0.,0.,1.));
#2013=DIRECTION('ref_axis',(-1.,0.,0.));
#2014=DIRECTION('center_axis',(0.,0.,-1.));
#2015=DIRECTION('ref_axis',(-1.,0.,0.));
#2016=DIRECTION('',(0.,0.,-1.));
#2017=DIRECTION('center_axis',(0.,0.,1.));
#2018=DIRECTION('ref_axis',(-1.,0.,0.));
#2019=DIRECTION('center_axis',(-1.,0.,0.));
#2020=DIRECTION('ref_axis',(0.,1.,0.));
#2021=DIRECTION('',(0.,0.,1.));
#2022=DIRECTION('',(0.,1.,0.));
#2023=DIRECTION('',(0.,0.,-1.));
#2024=DIRECTION('center_axis',(1.,0.,0.));
#2025=DIRECTION('ref_axis',(0.,-1.,0.));
#2026=DIRECTION('',(0.,0.,-1.));
#2027=DIRECTION('',(0.,-1.,0.));
#2028=DIRECTION('',(0.,0.,-1.));
#2029=DIRECTION('center_axis',(0.,-1.,0.));
#2030=DIRECTION('ref_axis',(-1.,0.,0.));
#2031=DIRECTION('',(0.,0.,-1.));
#2032=DIRECTION('',(-1.,0.,0.));
#2033=DIRECTION('center_axis',(1.,0.,0.));
#2034=DIRECTION('ref_axis',(0.,-1.,0.));
#2035=DIRECTION('',(0.,-1.,0.));
#2036=DIRECTION('center_axis',(-1.,0.,0.));
#2037=DIRECTION('ref_axis',(0.,1.,0.));
#2038=DIRECTION('',(0.,0.,-1.));
#2039=DIRECTION('',(0.,1.,0.));
#2040=DIRECTION('center_axis',(0.,-1.,0.));
#2041=DIRECTION('ref_axis',(-1.,0.,0.));
#2042=DIRECTION('',(-1.,0.,0.));
#2043=DIRECTION('center_axis',(0.,0.,1.));
#2044=DIRECTION('ref_axis',(-1.,0.,0.));
#2045=DIRECTION('',(-1.,0.,0.));
#2046=DIRECTION('center_axis',(0.,1.,0.));
#2047=DIRECTION('ref_axis',(1.,0.,0.));
#2048=DIRECTION('',(0.,0.,-1.));
#2049=DIRECTION('',(-1.,0.,0.));
#2050=DIRECTION('',(0.,0.,-1.));
#2051=DIRECTION('center_axis',(0.,0.,1.));
#2052=DIRECTION('ref_axis',(1.,0.,0.));
#2053=DIRECTION('center_axis',(0.,0.,1.));
#2054=DIRECTION('ref_axis',(-1.,0.,0.));
#2055=DIRECTION('center_axis',(0.,0.,1.));
#2056=DIRECTION('ref_axis',(-1.,0.,0.));
#2057=DIRECTION('center_axis',(0.,0.,-1.));
#2058=DIRECTION('ref_axis',(-1.,0.,0.));
#2059=DIRECTION('center_axis',(0.,0.,1.));
#2060=DIRECTION('ref_axis',(-1.,0.,0.));
#2061=DIRECTION('',(0.,0.,-1.));
#2062=DIRECTION('center_axis',(0.,0.,1.));
#2063=DIRECTION('ref_axis',(1.,0.,0.));
#2064=DIRECTION('center_axis',(0.,0.,-1.));
#2065=DIRECTION('ref_axis',(1.,0.,0.));
#2066=DIRECTION('',(-0.707106781186546,8.65956056235491E-17,0.707106781186549));
#2067=DIRECTION('center_axis',(0.,0.,-1.));
#2068=DIRECTION('ref_axis',(-1.,0.,0.));
#2069=DIRECTION('',(0.,0.,-1.));
#2070=DIRECTION('center_axis',(0.,0.,-1.));
#2071=DIRECTION('ref_axis',(-1.,0.,0.));
#2072=DIRECTION('',(0.,0.,-1.));
#2073=DIRECTION('center_axis',(0.,0.,-1.));
#2074=DIRECTION('ref_axis',(-1.,0.,0.));
#2075=DIRECTION('',(0.,0.,-1.));
#2076=DIRECTION('center_axis',(0.,0.,-1.));
#2077=DIRECTION('ref_axis',(-1.,0.,0.));
#2078=DIRECTION('',(0.,0.,-1.));
#2079=DIRECTION('center_axis',(0.,0.,-1.));
#2080=DIRECTION('ref_axis',(-1.,0.,0.));
#2081=DIRECTION('center_axis',(1.,0.,0.));
#2082=DIRECTION('ref_axis',(0.,-1.,0.));
#2083=DIRECTION('',(0.,1.,0.));
#2084=DIRECTION('center_axis',(-0.5,0.866025403784439,0.));
#2085=DIRECTION('ref_axis',(0.866025403784439,0.5,0.));
#2086=DIRECTION('',(-0.866025403784439,-0.5,0.));
#2087=DIRECTION('center_axis',(0.,-1.,0.));
#2088=DIRECTION('ref_axis',(-1.,0.,0.));
#2089=DIRECTION('',(1.,0.,0.));
#2090=DIRECTION('',(0.,0.,-1.));
#2091=DIRECTION('center_axis',(0.,0.,-1.));
#2092=DIRECTION('ref_axis',(-1.,0.,0.));
#2093=DIRECTION('',(0.,0.,-1.));
#2094=DIRECTION('center_axis',(0.,0.,1.));
#2095=DIRECTION('ref_axis',(-1.,0.,0.));
#2096=DIRECTION('',(0.,0.,-1.));
#2097=DIRECTION('center_axis',(0.,0.,1.));
#2098=DIRECTION('ref_axis',(-1.,0.,0.));
#2099=DIRECTION('',(0.,0.,-1.));
#2100=DIRECTION('center_axis',(0.,0.,1.));
#2101=DIRECTION('ref_axis',(-1.,0.,0.));
#2102=DIRECTION('center_axis',(0.,0.,1.));
#2103=DIRECTION('ref_axis',(-1.,0.,0.));
#2104=DIRECTION('center_axis',(0.5,-0.866025403784439,0.));
#2105=DIRECTION('ref_axis',(-0.866025403784439,-0.5,0.));
#2106=DIRECTION('',(0.,0.,-1.));
#2107=DIRECTION('',(0.866025403784439,0.5,0.));
#2108=DIRECTION('center_axis',(-0.5,-0.866025403784439,0.));
#2109=DIRECTION('ref_axis',(-0.866025403784439,0.5,0.));
#2110=DIRECTION('',(0.866025403784439,-0.5,0.));
#2111=DIRECTION('center_axis',(-1.,0.,0.));
#2112=DIRECTION('ref_axis',(0.,1.,0.));
#2113=DIRECTION('',(0.,-1.,0.));
#2114=DIRECTION('',(0.,0.,-1.));
#2115=DIRECTION('',(0.,-1.,0.));
#2116=DIRECTION('',(0.,0.,-1.));
#2117=DIRECTION('center_axis',(0.,-1.,0.));
#2118=DIRECTION('ref_axis',(-1.,0.,0.));
#2119=DIRECTION('',(1.,0.,0.));
#2120=DIRECTION('center_axis',(1.,0.,0.));
#2121=DIRECTION('ref_axis',(0.,-1.,0.));
#2122=DIRECTION('',(0.,1.,0.));
#2123=DIRECTION('',(0.,1.,0.));
#2124=DIRECTION('center_axis',(0.5,0.866025403784439,0.));
#2125=DIRECTION('ref_axis',(0.866025403784439,-0.5,0.));
#2126=DIRECTION('',(-0.866025403784439,0.5,0.));
#2127=DIRECTION('center_axis',(0.,0.,-1.));
#2128=DIRECTION('ref_axis',(-1.,0.,0.));
#2129=CARTESIAN_POINT('',(0.,0.,0.));
#2130=CARTESIAN_POINT('Origin',(-29.3040924071048,-34.9232574038798,35.0891242789364));
#2131=CARTESIAN_POINT('',(-30.4886878459604,-33.4152876277734,35.4060969299644));
#2132=CARTESIAN_POINT('',(-29.963827622729,-33.1201705824879,34.8347236512551));
#2133=CARTESIAN_POINT('Ctrl Pts',(-30.4886878459604,-33.4152876277734,35.4060969299644));
#2134=CARTESIAN_POINT('Ctrl Pts',(-30.3791300680418,-33.2952134324027,35.2435524157648));
#2135=CARTESIAN_POINT('Ctrl Pts',(-30.2282143449363,-33.1983560155639,35.0702075683878));
#2136=CARTESIAN_POINT('Ctrl Pts',(-30.0228576058625,-33.1347338347801,34.8851360085953));
#2137=CARTESIAN_POINT('Ctrl Pts',(-29.9936139525002,-33.1269195057675,34.8597116698008));
#2138=CARTESIAN_POINT('Ctrl Pts',(-29.963827622729,-33.1201705824879,34.8347236512551));
#2139=CARTESIAN_POINT('Ctrl Pts',(-29.963827622729,-33.1201705824879,34.8347236512551));
#2140=CARTESIAN_POINT('Ctrl Pts',(-29.809500275772,-33.0852034202843,34.7052570591135));
#2141=CARTESIAN_POINT('Ctrl Pts',(-29.6400223117241,-33.0798837547474,34.5879112349312));
#2142=CARTESIAN_POINT('Ctrl Pts',(-29.2765082991279,-33.1227878595385,34.3782082938513));
#2143=CARTESIAN_POINT('Ctrl Pts',(-29.0567326252607,-33.1850788701071,34.2795350617493));
#2144=CARTESIAN_POINT('Ctrl Pts',(-28.6299406054219,-33.3819904888683,34.148838436547));
#2145=CARTESIAN_POINT('Ctrl Pts',(-28.4228874712158,-33.5165561849699,34.1168524548049));
#2146=CARTESIAN_POINT('Ctrl Pts',(-28.0717817718189,-33.8111688478381,34.1168524548049));
#2147=CARTESIAN_POINT('Ctrl Pts',(-27.9033060315734,-33.9917092917852,34.148838436547));
#2148=CARTESIAN_POINT('Ctrl Pts',(-27.6352742862714,-34.3778240380868,34.2795350617492));
#2149=CARTESIAN_POINT('Ctrl Pts',(-27.5357659708579,-34.5834441051645,34.3782082938513));
#2150=CARTESIAN_POINT('Ctrl Pts',(-27.4211004679513,-34.9648881103571,34.6063981047183));
#2151=CARTESIAN_POINT('Ctrl Pts',(-27.3984509882337,-35.1666456170837,34.7516081827322));
#2152=CARTESIAN_POINT('Ctrl Pts',(-27.4449240562634,-35.5338138702487,35.0702075683878));
#2153=CARTESIAN_POINT('Ctrl Pts',(-27.5141037510044,-35.699255958342,35.2435524157648));
#2154=CARTESIAN_POINT('Ctrl Pts',(-27.716883034195,-35.9623599140145,35.5757317787328));
#2155=CARTESIAN_POINT('Ctrl Pts',(-27.8668235788275,-36.0745405666989,35.7560327172385));
#2156=CARTESIAN_POINT('Ctrl Pts',(-28.2282090039487,-36.2116273793669,36.0858902203337));
#2157=CARTESIAN_POINT('Ctrl Pts',(-28.4396021519909,-36.2365093951034,36.2355134903418));
#2158=CARTESIAN_POINT('Ctrl Pts',(-28.8545436330219,-36.2061109252745,36.4690778601331));
#2159=CARTESIAN_POINT('Ctrl Pts',(-29.0849603679033,-36.1498106131264,36.568880306859));
#2160=CARTESIAN_POINT('Ctrl Pts',(-29.5313667718391,-35.9570431380324,36.7008866979459));
#2161=CARTESIAN_POINT('Ctrl Pts',(-29.7473280705007,-35.8205492486334,36.7331475451951));
#2162=CARTESIAN_POINT('Ctrl Pts',(-30.1107853073071,-35.5155724152804,36.7331475451951));
#2163=CARTESIAN_POINT('Ctrl Pts',(-30.2827068337852,-35.3265939691647,36.7008866979459));
#2164=CARTESIAN_POINT('Ctrl Pts',(-30.5500633963287,-34.920443202338,36.568880306859));
#2165=CARTESIAN_POINT('Ctrl Pts',(-30.6455198263452,-34.7033034620096,36.4690778601331));
#2166=CARTESIAN_POINT('Ctrl Pts',(-30.7475103071319,-34.2999445133335,36.2355134903418));
#2167=CARTESIAN_POINT('Ctrl Pts',(-30.7597143400529,-34.0874421855186,36.0858902203337));
#2168=CARTESIAN_POINT('Ctrl Pts',(-30.6874641046094,-33.7077421418317,35.7560327172385));
#2169=CARTESIAN_POINT('Ctrl Pts',(-30.6030246304416,-33.5405995650786,35.5757317787328));
#2170=CARTESIAN_POINT('Ctrl Pts',(-30.4886878459604,-33.4152876277734,35.4060969299644));
#2171=CARTESIAN_POINT('',(-29.9429878237772,-34.6472368619663,34.4044708578562));
#2172=CARTESIAN_POINT('',(-29.9545971028382,-33.7965502203075,34.6441528603989));
#2173=CARTESIAN_POINT('Origin',(-29.5881670806499,-35.2618044166421,34.6471825406948));
#2174=CARTESIAN_POINT('Origin',(-30.610835905412,-36.4805736625865,33.0561922830251));
#2175=CARTESIAN_POINT('',(-31.1409891581448,-36.0749592568065,32.5407116356611));
#2176=CARTESIAN_POINT('',(-30.9656566485393,-35.8660061079106,32.8134806001864));
#2177=CARTESIAN_POINT('',(-30.2075081919573,-37.166627757357,32.778154488964));
#2178=CARTESIAN_POINT('Ctrl Pts',(-30.2075081919573,-37.166627757357,32.778154488964));
#2179=CARTESIAN_POINT('Ctrl Pts',(-30.1658186730563,-37.1153339260178,32.7120555243757));
#2180=CARTESIAN_POINT('Ctrl Pts',(-30.1357263291692,-37.0489019526887,32.6415122385377));
#2181=CARTESIAN_POINT('Ctrl Pts',(-30.1123577964996,-36.9004291491709,32.5116453973082));
#2182=CARTESIAN_POINT('Ctrl Pts',(-30.1190765476634,-36.8183823543082,32.4523295718973));
#2183=CARTESIAN_POINT('Ctrl Pts',(-30.1616238226974,-36.6622925074638,32.358637164603));
#2184=CARTESIAN_POINT('Ctrl Pts',(-30.200308939626,-36.5777656386936,32.3179695895299));
#2185=CARTESIAN_POINT('Ctrl Pts',(-30.3070845767305,-36.4191944619287,32.2640271697294));
#2186=CARTESIAN_POINT('Ctrl Pts',(-30.3751700056591,-36.3451439843769,32.2507603840578));
#2187=CARTESIAN_POINT('Ctrl Pts',(-30.5183866623535,-36.2249709405662,32.2507603840578));
#2188=CARTESIAN_POINT('Ctrl Pts',(-30.60313505742,-36.1707786127724,32.2640271697294));
#2189=CARTESIAN_POINT('Ctrl Pts',(-30.7778385765047,-36.0931607333947,32.31796958953));
#2190=CARTESIAN_POINT('Ctrl Pts',(-30.8677988922649,-36.0697412670431,32.358637164603));
#2191=CARTESIAN_POINT('Ctrl Pts',(-31.0138206058744,-36.0563305194611,32.4435567972412));
#2192=CARTESIAN_POINT('Ctrl Pts',(-31.0803338763829,-36.0600500674205,32.4897909391832));
#2193=CARTESIAN_POINT('Ctrl Pts',(-31.1409891574294,-36.0749592566288,32.5407116350651));
#2194=CARTESIAN_POINT('Ctrl Pts',(-31.1409891574294,-36.0749592566288,32.5407116350651));
#2195=CARTESIAN_POINT('Ctrl Pts',(-31.1549651785566,-36.0783945905316,32.5524446401584));
#2196=CARTESIAN_POINT('Ctrl Pts',(-31.1686413827769,-36.0824045573233,32.5644188953177));
#2197=CARTESIAN_POINT('Ctrl Pts',(-31.2530319238674,-36.1113712402651,32.6415122385377));
#2198=CARTESIAN_POINT('Ctrl Pts',(-31.3132291655722,-36.1525422049388,32.7120555243757));
#2199=CARTESIAN_POINT('Ctrl Pts',(-31.4004229754176,-36.2532114100782,32.8452360384862));
#2200=CARTESIAN_POINT('Ctrl Pts',(-31.4328140799796,-36.3197794404857,32.9167486201556));
#2201=CARTESIAN_POINT('Ctrl Pts',(-31.4601719761745,-36.4698702959098,33.0482047149302));
#2202=CARTESIAN_POINT('Ctrl Pts',(-31.4551336216796,-36.5533869215076,33.1081563769955));
#2203=CARTESIAN_POINT('Ctrl Pts',(-31.4147218848934,-36.7127849409499,33.2028064574954));
#2204=CARTESIAN_POINT('Ctrl Pts',(-31.3766743852862,-36.7992095109512,33.2437673560985));
#2205=CARTESIAN_POINT('Ctrl Pts',(-31.2699311874055,-36.9611153112859,33.2980704979036));
#2206=CARTESIAN_POINT('Ctrl Pts',(-31.2012303778122,-37.0365905505189,33.3114205558376));
#2207=CARTESIAN_POINT('Ctrl Pts',(-31.0558847232166,-37.1585500356833,33.3114205558376));
#2208=CARTESIAN_POINT('Ctrl Pts',(-30.9696263520694,-37.2131009878572,33.2980704979036));
#2209=CARTESIAN_POINT('Ctrl Pts',(-30.7916445028518,-37.2901078695296,33.2437673560985));
#2210=CARTESIAN_POINT('Ctrl Pts',(-30.6999260372922,-37.3125698730392,33.2028064574954));
#2211=CARTESIAN_POINT('Ctrl Pts',(-30.5359322074813,-37.3246884891389,33.1081563769955));
#2212=CARTESIAN_POINT('Ctrl Pts',(-30.4528094860108,-37.3151477898681,33.0482047149302));
#2213=CARTESIAN_POINT('Ctrl Pts',(-30.3097494967519,-37.2621425180604,32.9167486201556));
#2214=CARTESIAN_POINT('Ctrl Pts',(-30.2498174405836,-37.2186840899879,32.8452360384862));
#2215=CARTESIAN_POINT('Ctrl Pts',(-30.2075081919573,-37.166627757357,32.778154488964));
#2216=CARTESIAN_POINT('Origin',(-44.8964742982153,7.91645975745954,35.0891242789364));
#2217=CARTESIAN_POINT('',(-44.1828318833959,9.69633438876887,35.4060969299644));
#2218=CARTESIAN_POINT('',(-43.6648229134731,9.38935062465724,34.8347236512551));
#2219=CARTESIAN_POINT('Ctrl Pts',(-44.1828318833959,9.69633438876887,35.4060969299644));
#2220=CARTESIAN_POINT('Ctrl Pts',(-44.0240656909065,9.66149166759448,35.2435524157648));
#2221=CARTESIAN_POINT('Ctrl Pts',(-43.8647268458264,9.57922352597403,35.0702075683878));
#2222=CARTESIAN_POINT('Ctrl Pts',(-43.7069500514866,9.43319046348968,34.8851360085953));
#2223=CARTESIAN_POINT('Ctrl Pts',(-43.685560817367,9.41177188128474,34.8597116698008));
#2224=CARTESIAN_POINT('Ctrl Pts',(-43.6648229134731,9.38935062465725,34.8347236512551));
#2225=CARTESIAN_POINT('Ctrl Pts',(-43.6648229134731,9.38935062465725,34.8347236512551));
#2226=CARTESIAN_POINT('Ctrl Pts',(-43.557376789228,9.2731828027956,34.7052570591135));
#2227=CARTESIAN_POINT('Ctrl Pts',(-43.4680308417094,9.12907041331697,34.5879112349312));
#2228=CARTESIAN_POINT('Ctrl Pts',(-43.3234298800871,8.79280599138139,34.3782082938513));
#2229=CARTESIAN_POINT('Ctrl Pts',(-43.2674876407333,8.57132916939424,34.2795350617493));
#2230=CARTESIAN_POINT('Ctrl Pts',(-43.2246220949614,8.10326062870077,34.148838436547));
#2231=CARTESIAN_POINT('Ctrl Pts',(-43.2376328391603,7.85666450649434,34.1168524548049));
#2232=CARTESIAN_POINT('Ctrl Pts',(-43.3172220397823,7.40529171996901,34.1168524548049));
#2233=CARTESIAN_POINT('Ctrl Pts',(-43.3893367805283,7.16911722702154,34.148838436547));
#2234=CARTESIAN_POINT('Ctrl Pts',(-43.5897060869503,6.74393755341849,34.2795350617492));
#2235=CARTESIAN_POINT('Ctrl Pts',(-43.7180241308606,6.55495079084379,34.3782082938513));
#2236=CARTESIAN_POINT('Ctrl Pts',(-43.9910315780254,6.26492554979265,34.6063981047183));
#2237=CARTESIAN_POINT('Ctrl Pts',(-44.154433964396,6.1444317716114,34.7516081827322));
#2238=CARTESIAN_POINT('Ctrl Pts',(-44.4956475331149,6.00109450253438,35.0702075683878));
#2239=CARTESIAN_POINT('Ctrl Pts',(-44.6735144316294,5.9782848315595,35.2435524157648));
#2240=CARTESIAN_POINT('Ctrl Pts',(-45.0027587826732,6.02234486432756,35.5757317787328));
#2241=CARTESIAN_POINT('Ctrl Pts',(-45.1748803500274,6.09610685869433,35.7560327172385));
#2242=CARTESIAN_POINT('Ctrl Pts',(-45.4742937248823,6.34053241107272,36.0858902203337));
#2243=CARTESIAN_POINT('Ctrl Pts',(-45.6015387566285,6.51116323959498,36.2355134903418));
#2244=CARTESIAN_POINT('Ctrl Pts',(-45.782683650036,6.88571233816628,36.4690778601331));
#2245=CARTESIAN_POINT('Ctrl Pts',(-45.8491345169155,7.11340924010465,36.568880306859));
#2246=CARTESIAN_POINT('Ctrl Pts',(-45.9053961884286,7.59639226387211,36.7008866979459));
#2247=CARTESIAN_POINT('Ctrl Pts',(-45.8951696620785,7.85166717944678,36.7331475451951));
#2248=CARTESIAN_POINT('Ctrl Pts',(-45.8127805952322,8.31891879638698,36.7331475451951));
#2249=CARTESIAN_POINT('Ctrl Pts',(-45.7350812233674,8.56229642883223,36.7008866979459));
#2250=CARTESIAN_POINT('Ctrl Pts',(-45.5170226228007,8.99690938727673,36.568880306859));
#2251=CARTESIAN_POINT('Ctrl Pts',(-45.3767023065134,9.18814695078978,36.4690778601331));
#2252=CARTESIAN_POINT('Ctrl Pts',(-45.0783784505094,9.4781527724333,36.2355134903418));
#2253=CARTESIAN_POINT('Ctrl Pts',(-44.9004480527189,9.59497293887894,36.0858902203337));
#2254=CARTESIAN_POINT('Ctrl Pts',(-44.5354930513463,9.72225242139892,35.7560327172385));
#2255=CARTESIAN_POINT('Ctrl Pts',(-44.3485235967402,9.73269698006394,35.5757317787328));
#2256=CARTESIAN_POINT('Ctrl Pts',(-44.1828318833959,9.69633438876887,35.4060969299644));
#2257=CARTESIAN_POINT('',(-44.976881205288,8.60776968961597,34.4044708578562));
#2258=CARTESIAN_POINT('',(-44.2459696024819,9.04316694103189,34.6441528603989));
#2259=CARTESIAN_POINT('Origin',(-45.3317019484153,7.99320213494015,34.6471825406948));
#2260=CARTESIAN_POINT('Origin',(-46.8985214891354,8.26947469387034,33.0561922830251));
#2261=CARTESIAN_POINT('',(-46.8123257359554,8.93140808152593,32.5407116356611));
#2262=CARTESIAN_POINT('',(-46.5437007460081,8.88404224854616,32.8134806001864));
#2263=CARTESIAN_POINT('',(-47.2909979068497,7.57715560058299,32.778154488964));
#2264=CARTESIAN_POINT('Ctrl Pts',(-47.2909979068497,7.57715560058299,32.778154488964));
#2265=CARTESIAN_POINT('Ctrl Pts',(-47.225731386402,7.5666983338128,32.7120555243757));
#2266=CARTESIAN_POINT('Ctrl Pts',(-47.1531534379319,7.57385358621174,32.6415122385377));
#2267=CARTESIAN_POINT('Ctrl Pts',(-47.0128879519796,7.62785224502955,32.5116453973082));
#2268=CARTESIAN_POINT('Ctrl Pts',(-46.9451927189113,7.67469425165053,32.4523295718973));
#2269=CARTESIAN_POINT('Ctrl Pts',(-46.8312885837882,7.78958619611396,32.358637164603));
#2270=CARTESIAN_POINT('Ctrl Pts',(-46.7774287265952,7.86535192450756,32.3179695895299));
#2271=CARTESIAN_POINT('Ctrl Pts',(-46.6934898777611,8.03710792712781,32.2640271697294));
#2272=CARTESIAN_POINT('Ctrl Pts',(-46.6634029975031,8.13309687698345,32.2507603840578));
#2273=CARTESIAN_POINT('Ctrl Pts',(-46.6309384170602,8.31721266183125,32.2507603840578));
#2274=CARTESIAN_POINT('Ctrl Pts',(-46.6263806820337,8.41770308878564,32.2640271697294));
#2275=CARTESIAN_POINT('Ctrl Pts',(-46.6465133862472,8.60780971413242,32.3179695895299));
#2276=CARTESIAN_POINT('Ctrl Pts',(-46.6712116913237,8.69742736608899,32.358637164603));
#2277=CARTESIAN_POINT('Ctrl Pts',(-46.7326085000387,8.83059125336993,32.4435567972412));
#2278=CARTESIAN_POINT('Ctrl Pts',(-46.7690863583163,8.88633366133937,32.4897909391832));
#2279=CARTESIAN_POINT('Ctrl Pts',(-46.8123257354438,8.93140808099524,32.5407116350651));
#2280=CARTESIAN_POINT('Ctrl Pts',(-46.8123257354438,8.93140808099524,32.5407116350651));
#2281=CARTESIAN_POINT('Ctrl Pts',(-46.8222888324377,8.94179400338374,32.5524446401584));
#2282=CARTESIAN_POINT('Ctrl Pts',(-46.8325996676579,8.95163296027006,32.5644188953176));
#2283=CARTESIAN_POINT('Ctrl Pts',(-46.899880821494,9.01023397122271,32.6415122385377));
#2284=CARTESIAN_POINT('Ctrl Pts',(-46.9656345436522,9.0417808294399,32.7120555243757));
#2285=CARTESIAN_POINT('Ctrl Pts',(-47.0964135376043,9.06695828124907,32.8452360384862));
#2286=CARTESIAN_POINT('Ctrl Pts',(-47.1702586952982,9.06172578545266,32.9167486201556));
#2287=CARTESIAN_POINT('Ctrl Pts',(-47.3139201370687,9.01037299083952,33.0482047149302));
#2288=CARTESIAN_POINT('Ctrl Pts',(-47.3837284792272,8.9642513350547,33.1081563769955));
#2289=CARTESIAN_POINT('Ctrl Pts',(-47.5015653449841,8.84955473466569,33.2028064574954));
#2290=CARTESIAN_POINT('Ctrl Pts',(-47.5573874683128,8.77339234845468,33.2437673560985));
#2291=CARTESIAN_POINT('Ctrl Pts',(-47.6442304054823,8.59999712724145,33.2980704979036));
#2292=CARTESIAN_POINT('Ctrl Pts',(-47.6752434752182,8.5027628612566,33.3114205558376));
#2293=CARTESIAN_POINT('Ctrl Pts',(-47.7081906603052,8.31591008946503,33.3114205558376));
#2294=CARTESIAN_POINT('Ctrl Pts',(-47.7123039851148,8.21393267267551,33.2980704979036));
#2295=CARTESIAN_POINT('Ctrl Pts',(-47.6900029763006,8.02129242900435,33.2437673560985));
#2296=CARTESIAN_POINT('Ctrl Pts',(-47.6635964091799,7.93063090607882,33.2028064574954));
#2297=CARTESIAN_POINT('Ctrl Pts',(-47.5920945236756,7.78254877534879,33.1081563769955));
#2298=CARTESIAN_POINT('Ctrl Pts',(-47.5422706750019,7.71533273655899,33.0482047149302));
#2299=CARTESIAN_POINT('Ctrl Pts',(-47.4248367684525,7.61794178749956,32.9167486201556));
#2300=CARTESIAN_POINT('Ctrl Pts',(-47.357234637649,7.58776831839303,32.8452360384862));
#2301=CARTESIAN_POINT('Ctrl Pts',(-47.2909979068497,7.57715560058299,32.778154488964));
#2302=CARTESIAN_POINT('Origin',(-15.5923818911105,42.8397171613394,35.0891242789364));
#2303=CARTESIAN_POINT('',(-13.6941440374354,43.1116220165423,35.4060969299644));
#2304=CARTESIAN_POINT('',(-13.7009952907441,42.5095212071452,34.8347236512551));
#2305=CARTESIAN_POINT('Ctrl Pts',(-13.6941440374354,43.1116220165423,35.4060969299644));
#2306=CARTESIAN_POINT('Ctrl Pts',(-13.6449356228648,42.9567050999972,35.2435524157648));
#2307=CARTESIAN_POINT('Ctrl Pts',(-13.6365125008902,42.777579541538,35.0702075683878));
#2308=CARTESIAN_POINT('Ctrl Pts',(-13.6840924456242,42.5679242982698,34.8851360085953));
#2309=CARTESIAN_POINT('Ctrl Pts',(-13.6919468648669,42.5386913870523,34.8597116698008));
#2310=CARTESIAN_POINT('Ctrl Pts',(-13.7009952907441,42.5095212071452,34.8347236512551));
#2311=CARTESIAN_POINT('Ctrl Pts',(-13.7009952907441,42.5095212071452,34.8347236512551));
#2312=CARTESIAN_POINT('Ctrl Pts',(-13.7478765134561,42.3583862230799,34.7052570591135));
#2313=CARTESIAN_POINT('Ctrl Pts',(-13.8280085299854,42.2089541680644,34.5879112349312));
#2314=CARTESIAN_POINT('Ctrl Pts',(-14.0469215809592,41.9155938509199,34.3782082938513));
#2315=CARTESIAN_POINT('Ctrl Pts',(-14.2107550154727,41.7564080395014,34.2795350617493));
#2316=CARTESIAN_POINT('Ctrl Pts',(-14.5946814895396,41.4852511175691,34.148838436547));
#2317=CARTESIAN_POINT('Ctrl Pts',(-14.8147453679445,41.3732206914642,34.1168524548049));
#2318=CARTESIAN_POINT('Ctrl Pts',(-15.2454402679634,41.2164605678071,34.1168524548049));
#2319=CARTESIAN_POINT('Ctrl Pts',(-15.4860307489548,41.1608265188067,34.148838436547));
#2320=CARTESIAN_POINT('Ctrl Pts',(-15.9544318006789,41.1217615915053,34.2795350617492));
#2321=CARTESIAN_POINT('Ctrl Pts',(-16.1822581600027,41.1383948960083,34.3782082938513));
#2322=CARTESIAN_POINT('Ctrl Pts',(-16.5699311100741,41.2298136601497,34.6063981047183));
#2323=CARTESIAN_POINT('Ctrl Pts',(-16.7559829761623,41.3110773886951,34.7516081827322));
#2324=CARTESIAN_POINT('Ctrl Pts',(-17.0507234768516,41.5349083727831,35.0702075683878));
#2325=CARTESIAN_POINT('Ctrl Pts',(-17.159410680625,41.6775407899015,35.2435524157648));
#2326=CARTESIAN_POINT('Ctrl Pts',(-17.2858757484782,41.9847047783421,35.5757317787328));
#2327=CARTESIAN_POINT('Ctrl Pts',(-17.3080567711998,42.1706474253933,35.7560327172385));
#2328=CARTESIAN_POINT('Ctrl Pts',(-17.2460847209336,42.5521597904397,36.0858902203337));
#2329=CARTESIAN_POINT('Ctrl Pts',(-17.1619366046376,42.7476726346984,36.2355134903418));
#2330=CARTESIAN_POINT('Ctrl Pts',(-16.9281400170141,43.0918232634408,36.4690778601331));
#2331=CARTESIAN_POINT('Ctrl Pts',(-16.7641741490122,43.2632198532311,36.568880306859));
#2332=CARTESIAN_POINT('Ctrl Pts',(-16.3740294165895,43.5534354019045,36.7008866979459));
#2333=CARTESIAN_POINT('Ctrl Pts',(-16.1478415915778,43.6722164280802,36.7331475451952));
#2334=CARTESIAN_POINT('Ctrl Pts',(-15.7019952879252,43.8344912116674,36.7331475451952));
#2335=CARTESIAN_POINT('Ctrl Pts',(-15.4523743895822,43.888890397997,36.7008866979459));
#2336=CARTESIAN_POINT('Ctrl Pts',(-14.966959226472,43.9173525896147,36.568880306859));
#2337=CARTESIAN_POINT('Ctrl Pts',(-14.7311824801682,43.8914504127994,36.4690778601331));
#2338=CARTESIAN_POINT('Ctrl Pts',(-14.3308681433776,43.7780972857668,36.2355134903418));
#2339=CARTESIAN_POINT('Ctrl Pts',(-14.1407337126661,43.6824151243976,36.0858902203337));
#2340=CARTESIAN_POINT('Ctrl Pts',(-13.8480289467369,43.4299945632306,35.7560327172385));
#2341=CARTESIAN_POINT('Ctrl Pts',(-13.7454989662986,43.2732965451426,35.5757317787328));
#2342=CARTESIAN_POINT('Ctrl Pts',(-13.6941440374354,43.1116220165423,35.4060969299644));
#2343=CARTESIAN_POINT('',(-15.0338933815109,43.2550065515823,34.4044708578562));
#2344=CARTESIAN_POINT('',(-14.2913724996438,42.8397171613394,34.6441528603989));
#2345=CARTESIAN_POINT('Origin',(-15.7435348677655,43.2550065515823,34.6471825406948));
#2346=CARTESIAN_POINT('Origin',(-16.2876855837235,44.7500483564568,33.0561922830251));
#2347=CARTESIAN_POINT('',(-15.6713365778106,45.0063673383324,32.5407116356611));
#2348=CARTESIAN_POINT('',(-15.5780440974689,44.7500483564568,32.8134806001864));
#2349=CARTESIAN_POINT('',(-17.0834897148924,44.74378335794,32.778154488964));
#2350=CARTESIAN_POINT('Ctrl Pts',(-17.0834897148924,44.74378335794,32.778154488964));
#2351=CARTESIAN_POINT('Ctrl Pts',(-17.0599127133458,44.6820322598306,32.7120555243757));
#2352=CARTESIAN_POINT('Ctrl Pts',(-17.0174271087627,44.6227555389004,32.6415122385377));
#2353=CARTESIAN_POINT('Ctrl Pts',(-16.90053015548,44.5282813942005,32.5116453973082));
#2354=CARTESIAN_POINT('Ctrl Pts',(-16.8261161712479,44.4930766059587,32.4523295718973));
#2355=CARTESIAN_POINT('Ctrl Pts',(-16.6696647610908,44.4518787035777,32.358637164603));
#2356=CARTESIAN_POINT('Ctrl Pts',(-16.5771197869693,44.4431175632012,32.3179695895299));
#2357=CARTESIAN_POINT('Ctrl Pts',(-16.3864053010306,44.4563023890565,32.2640271697294));
#2358=CARTESIAN_POINT('Ctrl Pts',(-16.288232991844,44.4782408613604,32.2507603840578));
#2359=CARTESIAN_POINT('Ctrl Pts',(-16.1125517547066,44.5421836023974,32.2507603840578));
#2360=CARTESIAN_POINT('Ctrl Pts',(-16.0232456246138,44.588481701558,32.2640271697294));
#2361=CARTESIAN_POINT('Ctrl Pts',(-15.8686748097425,44.7009704475271,32.3179695895299));
#2362=CARTESIAN_POINT('Ctrl Pts',(-15.8034127990588,44.7671686331321,32.358637164603));
#2363=CARTESIAN_POINT('Ctrl Pts',(-15.7187878941644,44.8869217728311,32.4435567972412));
#2364=CARTESIAN_POINT('Ctrl Pts',(-15.6887524819335,44.9463837287599,32.4897909391832));
#2365=CARTESIAN_POINT('Ctrl Pts',(-15.6713365780144,45.0063673376241,32.5407116350651));
#2366=CARTESIAN_POINT('Ctrl Pts',(-15.6713365780144,45.0063673376241,32.5407116350651));
#2367=CARTESIAN_POINT('Ctrl Pts',(-15.6673236538812,45.0201885939154,32.5524446401584));
#2368=CARTESIAN_POINT('Ctrl Pts',(-15.663958284881,45.0340375175934,32.5644188953177));
#2369=CARTESIAN_POINT('Ctrl Pts',(-15.6468488976266,45.1216052114878,32.6415122385377));
#2370=CARTESIAN_POINT('Ctrl Pts',(-15.65240537808,45.1943230343787,32.7120555243757));
#2371=CARTESIAN_POINT('Ctrl Pts',(-15.6959905621868,45.3201696913272,32.8452360384862));
#2372=CARTESIAN_POINT('Ctrl Pts',(-15.7374446153186,45.3815052259384,32.9167486201556));
#2373=CARTESIAN_POINT('Ctrl Pts',(-15.8537481608942,45.4802432867493,33.0482047149302));
#2374=CARTESIAN_POINT('Ctrl Pts',(-15.9285948575477,45.5176382565623,33.1081563769955));
#2375=CARTESIAN_POINT('Ctrl Pts',(-16.0868434600907,45.5623396756156,33.2028064574954));
#2376=CARTESIAN_POINT('Ctrl Pts',(-16.1807130830266,45.5726018594059,33.2437673560985));
#2377=CARTESIAN_POINT('Ctrl Pts',(-16.3742992180769,45.5611124385274,33.2980704979036));
#2378=CARTESIAN_POINT('Ctrl Pts',(-16.474013097406,45.5393534117755,33.3114205558376));
#2379=CARTESIAN_POINT('Ctrl Pts',(-16.6523059370886,45.4744601251483,33.3114205558376));
#2380=CARTESIAN_POINT('Ctrl Pts',(-16.7426776330454,45.4270336605327,33.2980704979036));
#2381=CARTESIAN_POINT('Ctrl Pts',(-16.8983584734487,45.311400298534,33.2437673560985));
#2382=CARTESIAN_POINT('Ctrl Pts',(-16.9636703718877,45.243200779118,33.2028064574954));
#2383=CARTESIAN_POINT('Ctrl Pts',(-17.0561623161943,45.1072372644877,33.1081563769955));
#2384=CARTESIAN_POINT('Ctrl Pts',(-17.0894611889912,45.0304805264271,33.0482047149302));
#2385=CARTESIAN_POINT('Ctrl Pts',(-17.1150872717006,44.8800843055599,32.9167486201556));
#2386=CARTESIAN_POINT('Ctrl Pts',(-17.1074171970654,44.8064524083809,32.8452360384862));
#2387=CARTESIAN_POINT('Ctrl Pts',(-17.0834897148924,44.74378335794,32.778154488964));
#2388=CARTESIAN_POINT('Origin',(29.3040924071048,34.9232574038798,35.0891242789364));
#2389=CARTESIAN_POINT('',(30.4886878459604,33.4152876277734,35.4060969299644));
#2390=CARTESIAN_POINT('',(29.963827622729,33.1201705824879,34.8347236512551));
#2391=CARTESIAN_POINT('Ctrl Pts',(30.4886878459604,33.4152876277734,35.4060969299644));
#2392=CARTESIAN_POINT('Ctrl Pts',(30.3791300680417,33.2952134324027,35.2435524157648));
#2393=CARTESIAN_POINT('Ctrl Pts',(30.2282143449363,33.198356015564,35.0702075683878));
#2394=CARTESIAN_POINT('Ctrl Pts',(30.0228576058625,33.1347338347802,34.8851360085953));
#2395=CARTESIAN_POINT('Ctrl Pts',(29.9936139525001,33.1269195057676,34.8597116698008));
#2396=CARTESIAN_POINT('Ctrl Pts',(29.963827622729,33.120170582488,34.8347236512551));
#2397=CARTESIAN_POINT('Ctrl Pts',(29.963827622729,33.1201705824879,34.8347236512551));
#2398=CARTESIAN_POINT('Ctrl Pts',(29.809500275772,33.0852034202844,34.7052570591135));
#2399=CARTESIAN_POINT('Ctrl Pts',(29.6400223117241,33.0798837547474,34.5879112349312));
#2400=CARTESIAN_POINT('Ctrl Pts',(29.2765082991278,33.1227878595385,34.3782082938513));
#2401=CARTESIAN_POINT('Ctrl Pts',(29.0567326252606,33.1850788701072,34.2795350617492));
#2402=CARTESIAN_POINT('Ctrl Pts',(28.6299406054218,33.3819904888683,34.148838436547));
#2403=CARTESIAN_POINT('Ctrl Pts',(28.4228874712158,33.5165561849699,34.1168524548049));
#2404=CARTESIAN_POINT('Ctrl Pts',(28.0717817718188,33.8111688478381,34.1168524548049));
#2405=CARTESIAN_POINT('Ctrl Pts',(27.9033060315734,33.9917092917852,34.148838436547));
#2406=CARTESIAN_POINT('Ctrl Pts',(27.6352742862714,34.3778240380869,34.2795350617492));
#2407=CARTESIAN_POINT('Ctrl Pts',(27.5357659708579,34.5834441051645,34.3782082938513));
#2408=CARTESIAN_POINT('Ctrl Pts',(27.4211004679513,34.9648881103571,34.6063981047183));
#2409=CARTESIAN_POINT('Ctrl Pts',(27.3984509882337,35.1666456170837,34.7516081827322));
#2410=CARTESIAN_POINT('Ctrl Pts',(27.4449240562633,35.5338138702487,35.0702075683878));
#2411=CARTESIAN_POINT('Ctrl Pts',(27.5141037510044,35.699255958342,35.2435524157648));
#2412=CARTESIAN_POINT('Ctrl Pts',(27.716883034195,35.9623599140145,35.5757317787328));
#2413=CARTESIAN_POINT('Ctrl Pts',(27.8668235788275,36.074540566699,35.7560327172385));
#2414=CARTESIAN_POINT('Ctrl Pts',(28.2282090039487,36.211627379367,36.0858902203337));
#2415=CARTESIAN_POINT('Ctrl Pts',(28.4396021519909,36.2365093951034,36.2355134903418));
#2416=CARTESIAN_POINT('Ctrl Pts',(28.8545436330219,36.2061109252745,36.4690778601331));
#2417=CARTESIAN_POINT('Ctrl Pts',(29.0849603679033,36.1498106131264,36.568880306859));
#2418=CARTESIAN_POINT('Ctrl Pts',(29.5313667718391,35.9570431380324,36.7008866979459));
#2419=CARTESIAN_POINT('Ctrl Pts',(29.7473280705006,35.8205492486334,36.7331475451951));
#2420=CARTESIAN_POINT('Ctrl Pts',(30.1107853073071,35.5155724152804,36.7331475451951));
#2421=CARTESIAN_POINT('Ctrl Pts',(30.2827068337852,35.3265939691647,36.7008866979459));
#2422=CARTESIAN_POINT('Ctrl Pts',(30.5500633963286,34.920443202338,36.568880306859));
#2423=CARTESIAN_POINT('Ctrl Pts',(30.6455198263452,34.7033034620096,36.4690778601331));
#2424=CARTESIAN_POINT('Ctrl Pts',(30.7475103071319,34.2999445133336,36.2355134903418));
#2425=CARTESIAN_POINT('Ctrl Pts',(30.7597143400528,34.0874421855187,36.0858902203337));
#2426=CARTESIAN_POINT('Ctrl Pts',(30.6874641046093,33.7077421418317,35.7560327172385));
#2427=CARTESIAN_POINT('Ctrl Pts',(30.6030246304415,33.5405995650787,35.5757317787328));
#2428=CARTESIAN_POINT('Ctrl Pts',(30.4886878459604,33.4152876277734,35.4060969299644));
#2429=CARTESIAN_POINT('',(29.9429878237771,34.6472368619663,34.4044708578562));
#2430=CARTESIAN_POINT('',(29.9545971028382,33.7965502203075,34.6441528603989));
#2431=CARTESIAN_POINT('Origin',(29.5881670806498,35.2618044166422,34.6471825406948));
#2432=CARTESIAN_POINT('Origin',(30.6108359054119,36.4805736625865,33.0561922830251));
#2433=CARTESIAN_POINT('',(31.1409891581448,36.0749592568065,32.5407116356611));
#2434=CARTESIAN_POINT('',(30.9656566485392,35.8660061079107,32.8134806001864));
#2435=CARTESIAN_POINT('',(30.2075081919572,37.166627757357,32.778154488964));
#2436=CARTESIAN_POINT('Ctrl Pts',(30.2075081919572,37.166627757357,32.778154488964));
#2437=CARTESIAN_POINT('Ctrl Pts',(30.1658186730563,37.1153339260179,32.7120555243757));
#2438=CARTESIAN_POINT('Ctrl Pts',(30.1357263291692,37.0489019526887,32.6415122385377));
#2439=CARTESIAN_POINT('Ctrl Pts',(30.1123577964995,36.9004291491709,32.5116453973082));
#2440=CARTESIAN_POINT('Ctrl Pts',(30.1190765476634,36.8183823543082,32.4523295718973));
#2441=CARTESIAN_POINT('Ctrl Pts',(30.1616238226974,36.6622925074638,32.358637164603));
#2442=CARTESIAN_POINT('Ctrl Pts',(30.2003089396259,36.5777656386936,32.3179695895299));
#2443=CARTESIAN_POINT('Ctrl Pts',(30.3070845767305,36.4191944619288,32.2640271697294));
#2444=CARTESIAN_POINT('Ctrl Pts',(30.3751700056591,36.3451439843769,32.2507603840578));
#2445=CARTESIAN_POINT('Ctrl Pts',(30.5183866623535,36.2249709405662,32.2507603840578));
#2446=CARTESIAN_POINT('Ctrl Pts',(30.6031350574199,36.1707786127724,32.2640271697294));
#2447=CARTESIAN_POINT('Ctrl Pts',(30.7778385765047,36.0931607333947,32.3179695895299));
#2448=CARTESIAN_POINT('Ctrl Pts',(30.8677988922649,36.0697412670431,32.358637164603));
#2449=CARTESIAN_POINT('Ctrl Pts',(31.0138206058744,36.0563305194612,32.4435567972412));
#2450=CARTESIAN_POINT('Ctrl Pts',(31.0803338763828,36.0600500674205,32.4897909391832));
#2451=CARTESIAN_POINT('Ctrl Pts',(31.1409891574294,36.0749592566288,32.5407116350651));
#2452=CARTESIAN_POINT('Ctrl Pts',(31.1409891574294,36.0749592566288,32.5407116350651));
#2453=CARTESIAN_POINT('Ctrl Pts',(31.1549651785565,36.0783945905316,32.5524446401584));
#2454=CARTESIAN_POINT('Ctrl Pts',(31.1686413827769,36.0824045573234,32.5644188953177));
#2455=CARTESIAN_POINT('Ctrl Pts',(31.2530319238674,36.1113712402651,32.6415122385377));
#2456=CARTESIAN_POINT('Ctrl Pts',(31.3132291655722,36.1525422049388,32.7120555243757));
#2457=CARTESIAN_POINT('Ctrl Pts',(31.4004229754175,36.2532114100782,32.8452360384862));
#2458=CARTESIAN_POINT('Ctrl Pts',(31.4328140799796,36.3197794404857,32.9167486201556));
#2459=CARTESIAN_POINT('Ctrl Pts',(31.4601719761745,36.4698702959099,33.0482047149302));
#2460=CARTESIAN_POINT('Ctrl Pts',(31.4551336216795,36.5533869215076,33.1081563769955));
#2461=CARTESIAN_POINT('Ctrl Pts',(31.4147218848934,36.71278494095,33.2028064574954));
#2462=CARTESIAN_POINT('Ctrl Pts',(31.3766743852862,36.7992095109513,33.2437673560985));
#2463=CARTESIAN_POINT('Ctrl Pts',(31.2699311874054,36.961115311286,33.2980704979036));
#2464=CARTESIAN_POINT('Ctrl Pts',(31.2012303778121,37.0365905505189,33.3114205558376));
#2465=CARTESIAN_POINT('Ctrl Pts',(31.0558847232166,37.1585500356833,33.3114205558376));
#2466=CARTESIAN_POINT('Ctrl Pts',(30.9696263520694,37.2131009878572,33.2980704979036));
#2467=CARTESIAN_POINT('Ctrl Pts',(30.7916445028518,37.2901078695296,33.2437673560985));
#2468=CARTESIAN_POINT('Ctrl Pts',(30.6999260372922,37.3125698730392,33.2028064574954));
#2469=CARTESIAN_POINT('Ctrl Pts',(30.5359322074813,37.324688489139,33.1081563769955));
#2470=CARTESIAN_POINT('Ctrl Pts',(30.4528094860107,37.3151477898681,33.0482047149302));
#2471=CARTESIAN_POINT('Ctrl Pts',(30.3097494967519,37.2621425180604,32.9167486201556));
#2472=CARTESIAN_POINT('Ctrl Pts',(30.2498174405836,37.2186840899879,32.8452360384862));
#2473=CARTESIAN_POINT('Ctrl Pts',(30.2075081919572,37.166627757357,32.778154488964));
#2474=CARTESIAN_POINT('Origin',(44.8964742982153,-7.91645975745952,35.0891242789364));
#2475=CARTESIAN_POINT('',(44.1828318833959,-9.69633438876885,35.4060969299644));
#2476=CARTESIAN_POINT('',(43.6648229134731,-9.38935062465722,34.8347236512551));
#2477=CARTESIAN_POINT('Ctrl Pts',(44.1828318833959,-9.69633438876885,35.4060969299644));
#2478=CARTESIAN_POINT('Ctrl Pts',(44.0240656909065,-9.66149166759446,35.2435524157648));
#2479=CARTESIAN_POINT('Ctrl Pts',(43.8647268458264,-9.579223525974,35.0702075683878));
#2480=CARTESIAN_POINT('Ctrl Pts',(43.7069500514866,-9.43319046348966,34.8851360085953));
#2481=CARTESIAN_POINT('Ctrl Pts',(43.685560817367,-9.41177188128472,34.8597116698008));
#2482=CARTESIAN_POINT('Ctrl Pts',(43.6648229134731,-9.38935062465723,34.8347236512551));
#2483=CARTESIAN_POINT('Ctrl Pts',(43.6648229134731,-9.38935062465724,34.8347236512551));
#2484=CARTESIAN_POINT('Ctrl Pts',(43.557376789228,-9.27318280279558,34.7052570591135));
#2485=CARTESIAN_POINT('Ctrl Pts',(43.4680308417095,-9.12907041331694,34.5879112349312));
#2486=CARTESIAN_POINT('Ctrl Pts',(43.3234298800871,-8.79280599138137,34.3782082938513));
#2487=CARTESIAN_POINT('Ctrl Pts',(43.2674876407333,-8.57132916939422,34.2795350617492));
#2488=CARTESIAN_POINT('Ctrl Pts',(43.2246220949614,-8.10326062870075,34.148838436547));
#2489=CARTESIAN_POINT('Ctrl Pts',(43.2376328391603,-7.85666450649432,34.1168524548049));
#2490=CARTESIAN_POINT('Ctrl Pts',(43.3172220397823,-7.40529171996899,34.1168524548049));
#2491=CARTESIAN_POINT('Ctrl Pts',(43.3893367805283,-7.16911722702151,34.148838436547));
#2492=CARTESIAN_POINT('Ctrl Pts',(43.5897060869503,-6.74393755341847,34.2795350617492));
#2493=CARTESIAN_POINT('Ctrl Pts',(43.7180241308606,-6.55495079084377,34.3782082938513));
#2494=CARTESIAN_POINT('Ctrl Pts',(43.9910315780254,-6.26492554979263,34.6063981047183));
#2495=CARTESIAN_POINT('Ctrl Pts',(44.154433964396,-6.14443177161138,34.7516081827322));
#2496=CARTESIAN_POINT('Ctrl Pts',(44.4956475331149,-6.00109450253436,35.0702075683878));
#2497=CARTESIAN_POINT('Ctrl Pts',(44.6735144316294,-5.97828483155948,35.2435524157648));
#2498=CARTESIAN_POINT('Ctrl Pts',(45.0027587826732,-6.02234486432755,35.5757317787328));
#2499=CARTESIAN_POINT('Ctrl Pts',(45.1748803500273,-6.09610685869433,35.7560327172385));
#2500=CARTESIAN_POINT('Ctrl Pts',(45.4742937248823,-6.34053241107272,36.0858902203337));
#2501=CARTESIAN_POINT('Ctrl Pts',(45.6015387566285,-6.51116323959497,36.2355134903418));
#2502=CARTESIAN_POINT('Ctrl Pts',(45.782683650036,-6.88571233816627,36.4690778601331));
#2503=CARTESIAN_POINT('Ctrl Pts',(45.8491345169154,-7.11340924010465,36.568880306859));
#2504=CARTESIAN_POINT('Ctrl Pts',(45.9053961884286,-7.59639226387211,36.7008866979459));
#2505=CARTESIAN_POINT('Ctrl Pts',(45.8951696620785,-7.85166717944676,36.7331475451951));
#2506=CARTESIAN_POINT('Ctrl Pts',(45.8127805952322,-8.31891879638697,36.7331475451951));
#2507=CARTESIAN_POINT('Ctrl Pts',(45.7350812233674,-8.56229642883221,36.7008866979459));
#2508=CARTESIAN_POINT('Ctrl Pts',(45.5170226228007,-8.9969093872767,36.568880306859));
#2509=CARTESIAN_POINT('Ctrl Pts',(45.3767023065134,-9.18814695078976,36.4690778601331));
#2510=CARTESIAN_POINT('Ctrl Pts',(45.0783784505094,-9.47815277243328,36.2355134903418));
#2511=CARTESIAN_POINT('Ctrl Pts',(44.9004480527189,-9.59497293887892,36.0858902203337));
#2512=CARTESIAN_POINT('Ctrl Pts',(44.5354930513463,-9.7222524213989,35.7560327172385));
#2513=CARTESIAN_POINT('Ctrl Pts',(44.3485235967402,-9.73269698006392,35.5757317787328));
#2514=CARTESIAN_POINT('Ctrl Pts',(44.1828318833959,-9.69633438876885,35.4060969299644));
#2515=CARTESIAN_POINT('',(44.9768812052881,-8.60776968961596,34.4044708578562));
#2516=CARTESIAN_POINT('',(44.2459696024819,-9.04316694103187,34.6441528603989));
#2517=CARTESIAN_POINT('Origin',(45.3317019484153,-7.99320213494013,34.6471825406948));
#2518=CARTESIAN_POINT('Origin',(46.8985214891354,-8.26947469387031,33.0561922830251));
#2519=CARTESIAN_POINT('',(46.8123257359554,-8.93140808152591,32.5407116356611));
#2520=CARTESIAN_POINT('',(46.5437007460081,-8.88404224854614,32.8134806001864));
#2521=CARTESIAN_POINT('',(47.2909979068497,-7.57715560058297,32.778154488964));
#2522=CARTESIAN_POINT('Ctrl Pts',(47.2909979068497,-7.57715560058297,32.778154488964));
#2523=CARTESIAN_POINT('Ctrl Pts',(47.225731386402,-7.56669833381278,32.7120555243757));
#2524=CARTESIAN_POINT('Ctrl Pts',(47.1531534379319,-7.57385358621172,32.6415122385377));
#2525=CARTESIAN_POINT('Ctrl Pts',(47.0128879519796,-7.62785224502953,32.5116453973082));
#2526=CARTESIAN_POINT('Ctrl Pts',(46.9451927189113,-7.67469425165051,32.4523295718973));
#2527=CARTESIAN_POINT('Ctrl Pts',(46.8312885837882,-7.78958619611394,32.358637164603));
#2528=CARTESIAN_POINT('Ctrl Pts',(46.7774287265952,-7.86535192450753,32.3179695895299));
#2529=CARTESIAN_POINT('Ctrl Pts',(46.6934898777611,-8.03710792712778,32.2640271697294));
#2530=CARTESIAN_POINT('Ctrl Pts',(46.6634029975031,-8.13309687698344,32.2507603840578));
#2531=CARTESIAN_POINT('Ctrl Pts',(46.6309384170602,-8.31721266183123,32.2507603840578));
#2532=CARTESIAN_POINT('Ctrl Pts',(46.6263806820337,-8.41770308878563,32.2640271697294));
#2533=CARTESIAN_POINT('Ctrl Pts',(46.6465133862472,-8.6078097141324,32.3179695895299));
#2534=CARTESIAN_POINT('Ctrl Pts',(46.6712116913237,-8.69742736608898,32.358637164603));
#2535=CARTESIAN_POINT('Ctrl Pts',(46.7326085000387,-8.83059125336991,32.4435567972412));
#2536=CARTESIAN_POINT('Ctrl Pts',(46.7690863583163,-8.88633366133936,32.4897909391832));
#2537=CARTESIAN_POINT('Ctrl Pts',(46.8123257354439,-8.93140808099523,32.5407116350651));
#2538=CARTESIAN_POINT('Ctrl Pts',(46.8123257354439,-8.93140808099523,32.5407116350651));
#2539=CARTESIAN_POINT('Ctrl Pts',(46.8222888324377,-8.94179400338373,32.5524446401584));
#2540=CARTESIAN_POINT('Ctrl Pts',(46.8325996676579,-8.95163296027004,32.5644188953177));
#2541=CARTESIAN_POINT('Ctrl Pts',(46.899880821494,-9.01023397122269,32.6415122385377));
#2542=CARTESIAN_POINT('Ctrl Pts',(46.9656345436522,-9.04178082943988,32.7120555243757));
#2543=CARTESIAN_POINT('Ctrl Pts',(47.0964135376043,-9.06695828124905,32.8452360384862));
#2544=CARTESIAN_POINT('Ctrl Pts',(47.1702586952982,-9.06172578545264,32.9167486201556));
#2545=CARTESIAN_POINT('Ctrl Pts',(47.3139201370687,-9.0103729908395,33.0482047149302));
#2546=CARTESIAN_POINT('Ctrl Pts',(47.3837284792272,-8.96425133505469,33.1081563769955));
#2547=CARTESIAN_POINT('Ctrl Pts',(47.5015653449842,-8.84955473466567,33.2028064574954));
#2548=CARTESIAN_POINT('Ctrl Pts',(47.5573874683128,-8.77339234845466,33.2437673560985));
#2549=CARTESIAN_POINT('Ctrl Pts',(47.6442304054823,-8.59999712724143,33.2980704979036));
#2550=CARTESIAN_POINT('Ctrl Pts',(47.6752434752182,-8.50276286125657,33.3114205558376));
#2551=CARTESIAN_POINT('Ctrl Pts',(47.7081906603052,-8.31591008946501,33.3114205558376));
#2552=CARTESIAN_POINT('Ctrl Pts',(47.7123039851148,-8.21393267267549,33.2980704979036));
#2553=CARTESIAN_POINT('Ctrl Pts',(47.6900029763005,-8.02129242900433,33.2437673560985));
#2554=CARTESIAN_POINT('Ctrl Pts',(47.6635964091799,-7.93063090607879,33.2028064574954));
#2555=CARTESIAN_POINT('Ctrl Pts',(47.5920945236756,-7.78254877534876,33.1081563769955));
#2556=CARTESIAN_POINT('Ctrl Pts',(47.5422706750019,-7.71533273655897,33.0482047149302));
#2557=CARTESIAN_POINT('Ctrl Pts',(47.4248367684525,-7.61794178749954,32.9167486201556));
#2558=CARTESIAN_POINT('Ctrl Pts',(47.357234637649,-7.58776831839301,32.8452360384862));
#2559=CARTESIAN_POINT('Ctrl Pts',(47.2909979068497,-7.57715560058297,32.778154488964));
#2560=CARTESIAN_POINT('Origin',(15.5923818911105,-42.8397171613394,35.0891242789364));
#2561=CARTESIAN_POINT('',(13.6941440374354,-43.1116220165423,35.4060969299644));
#2562=CARTESIAN_POINT('',(13.7009952907441,-42.5095212071452,34.8347236512551));
#2563=CARTESIAN_POINT('Ctrl Pts',(13.6941440374354,-43.1116220165423,35.4060969299644));
#2564=CARTESIAN_POINT('Ctrl Pts',(13.6449356228648,-42.9567050999972,35.2435524157648));
#2565=CARTESIAN_POINT('Ctrl Pts',(13.6365125008902,-42.777579541538,35.0702075683878));
#2566=CARTESIAN_POINT('Ctrl Pts',(13.6840924456242,-42.5679242982698,34.8851360085953));
#2567=CARTESIAN_POINT('Ctrl Pts',(13.6919468648669,-42.5386913870523,34.8597116698008));
#2568=CARTESIAN_POINT('Ctrl Pts',(13.7009952907441,-42.5095212071452,34.8347236512551));
#2569=CARTESIAN_POINT('Ctrl Pts',(13.7009952907441,-42.5095212071452,34.8347236512551));
#2570=CARTESIAN_POINT('Ctrl Pts',(13.7478765134561,-42.3583862230799,34.7052570591135));
#2571=CARTESIAN_POINT('Ctrl Pts',(13.8280085299854,-42.2089541680644,34.5879112349312));
#2572=CARTESIAN_POINT('Ctrl Pts',(14.0469215809593,-41.9155938509199,34.3782082938513));
#2573=CARTESIAN_POINT('Ctrl Pts',(14.2107550154727,-41.7564080395014,34.2795350617493));
#2574=CARTESIAN_POINT('Ctrl Pts',(14.5946814895396,-41.4852511175691,34.148838436547));
#2575=CARTESIAN_POINT('Ctrl Pts',(14.8147453679445,-41.3732206914642,34.1168524548049));
#2576=CARTESIAN_POINT('Ctrl Pts',(15.2454402679634,-41.2164605678071,34.1168524548049));
#2577=CARTESIAN_POINT('Ctrl Pts',(15.4860307489548,-41.1608265188067,34.148838436547));
#2578=CARTESIAN_POINT('Ctrl Pts',(15.9544318006789,-41.1217615915053,34.2795350617492));
#2579=CARTESIAN_POINT('Ctrl Pts',(16.1822581600027,-41.1383948960083,34.3782082938513));
#2580=CARTESIAN_POINT('Ctrl Pts',(16.5699311100741,-41.2298136601497,34.6063981047183));
#2581=CARTESIAN_POINT('Ctrl Pts',(16.7559829761623,-41.3110773886951,34.7516081827322));
#2582=CARTESIAN_POINT('Ctrl Pts',(17.0507234768516,-41.5349083727831,35.0702075683878));
#2583=CARTESIAN_POINT('Ctrl Pts',(17.159410680625,-41.6775407899015,35.2435524157648));
#2584=CARTESIAN_POINT('Ctrl Pts',(17.2858757484782,-41.9847047783421,35.5757317787328));
#2585=CARTESIAN_POINT('Ctrl Pts',(17.3080567711999,-42.1706474253933,35.7560327172385));
#2586=CARTESIAN_POINT('Ctrl Pts',(17.2460847209336,-42.5521597904397,36.0858902203337));
#2587=CARTESIAN_POINT('Ctrl Pts',(17.1619366046376,-42.7476726346984,36.2355134903418));
#2588=CARTESIAN_POINT('Ctrl Pts',(16.9281400170141,-43.0918232634407,36.4690778601331));
#2589=CARTESIAN_POINT('Ctrl Pts',(16.7641741490122,-43.2632198532311,36.568880306859));
#2590=CARTESIAN_POINT('Ctrl Pts',(16.3740294165895,-43.5534354019045,36.7008866979459));
#2591=CARTESIAN_POINT('Ctrl Pts',(16.1478415915778,-43.6722164280802,36.7331475451951));
#2592=CARTESIAN_POINT('Ctrl Pts',(15.7019952879252,-43.8344912116674,36.7331475451951));
#2593=CARTESIAN_POINT('Ctrl Pts',(15.4523743895822,-43.888890397997,36.7008866979459));
#2594=CARTESIAN_POINT('Ctrl Pts',(14.966959226472,-43.9173525896147,36.568880306859));
#2595=CARTESIAN_POINT('Ctrl Pts',(14.7311824801683,-43.8914504127994,36.4690778601331));
#2596=CARTESIAN_POINT('Ctrl Pts',(14.3308681433776,-43.7780972857668,36.2355134903418));
#2597=CARTESIAN_POINT('Ctrl Pts',(14.1407337126661,-43.6824151243976,36.0858902203337));
#2598=CARTESIAN_POINT('Ctrl Pts',(13.8480289467369,-43.4299945632306,35.7560327172385));
#2599=CARTESIAN_POINT('Ctrl Pts',(13.7454989662987,-43.2732965451426,35.5757317787328));
#2600=CARTESIAN_POINT('Ctrl Pts',(13.6941440374354,-43.1116220165423,35.4060969299644));
#2601=CARTESIAN_POINT('',(15.0338933815109,-43.2550065515823,34.4044708578562));
#2602=CARTESIAN_POINT('',(14.2913724996438,-42.8397171613394,34.6441528603989));
#2603=CARTESIAN_POINT('Origin',(15.7435348677655,-43.2550065515823,34.6471825406948));
#2604=CARTESIAN_POINT('Origin',(16.2876855837235,-44.7500483564568,33.0561922830251));
#2605=CARTESIAN_POINT('',(15.6713365778106,-45.0063673383324,32.540711635661));
#2606=CARTESIAN_POINT('',(15.5780440974689,-44.7500483564568,32.8134806001864));
#2607=CARTESIAN_POINT('',(17.0834897148925,-44.74378335794,32.778154488964));
#2608=CARTESIAN_POINT('Ctrl Pts',(17.0834897148925,-44.74378335794,32.778154488964));
#2609=CARTESIAN_POINT('Ctrl Pts',(17.0599127133458,-44.6820322598306,32.7120555243757));
#2610=CARTESIAN_POINT('Ctrl Pts',(17.0174271087627,-44.6227555389004,32.6415122385377));
#2611=CARTESIAN_POINT('Ctrl Pts',(16.9005301554801,-44.5282813942004,32.5116453973082));
#2612=CARTESIAN_POINT('Ctrl Pts',(16.8261161712479,-44.4930766059587,32.4523295718973));
#2613=CARTESIAN_POINT('Ctrl Pts',(16.6696647610908,-44.4518787035777,32.358637164603));
#2614=CARTESIAN_POINT('Ctrl Pts',(16.5771197869693,-44.4431175632012,32.3179695895299));
#2615=CARTESIAN_POINT('Ctrl Pts',(16.3864053010306,-44.4563023890565,32.2640271697294));
#2616=CARTESIAN_POINT('Ctrl Pts',(16.288232991844,-44.4782408613604,32.2507603840578));
#2617=CARTESIAN_POINT('Ctrl Pts',(16.1125517547066,-44.5421836023974,32.2507603840578));
#2618=CARTESIAN_POINT('Ctrl Pts',(16.0232456246138,-44.588481701558,32.2640271697294));
#2619=CARTESIAN_POINT('Ctrl Pts',(15.8686748097425,-44.7009704475271,32.3179695895299));
#2620=CARTESIAN_POINT('Ctrl Pts',(15.8034127990588,-44.7671686331321,32.358637164603));
#2621=CARTESIAN_POINT('Ctrl Pts',(15.7187878941644,-44.8869217728311,32.4435567972412));
#2622=CARTESIAN_POINT('Ctrl Pts',(15.6887524819335,-44.9463837287598,32.4897909391832));
#2623=CARTESIAN_POINT('Ctrl Pts',(15.6713365780144,-45.006367337624,32.5407116350651));
#2624=CARTESIAN_POINT('Ctrl Pts',(15.6713365780144,-45.006367337624,32.5407116350651));
#2625=CARTESIAN_POINT('Ctrl Pts',(15.6673236538812,-45.0201885939153,32.5524446401584));
#2626=CARTESIAN_POINT('Ctrl Pts',(15.663958284881,-45.0340375175934,32.5644188953176));
#2627=CARTESIAN_POINT('Ctrl Pts',(15.6468488976266,-45.1216052114878,32.6415122385377));
#2628=CARTESIAN_POINT('Ctrl Pts',(15.65240537808,-45.1943230343787,32.7120555243757));
#2629=CARTESIAN_POINT('Ctrl Pts',(15.6959905621868,-45.3201696913272,32.8452360384862));
#2630=CARTESIAN_POINT('Ctrl Pts',(15.7374446153186,-45.3815052259384,32.9167486201556));
#2631=CARTESIAN_POINT('Ctrl Pts',(15.8537481608942,-45.4802432867493,33.0482047149302));
#2632=CARTESIAN_POINT('Ctrl Pts',(15.9285948575477,-45.5176382565623,33.1081563769955));
#2633=CARTESIAN_POINT('Ctrl Pts',(16.0868434600908,-45.5623396756156,33.2028064574954));
#2634=CARTESIAN_POINT('Ctrl Pts',(16.1807130830267,-45.5726018594059,33.2437673560985));
#2635=CARTESIAN_POINT('Ctrl Pts',(16.3742992180769,-45.5611124385274,33.2980704979036));
#2636=CARTESIAN_POINT('Ctrl Pts',(16.474013097406,-45.5393534117755,33.3114205558376));
#2637=CARTESIAN_POINT('Ctrl Pts',(16.6523059370886,-45.4744601251483,33.3114205558376));
#2638=CARTESIAN_POINT('Ctrl Pts',(16.7426776330454,-45.4270336605327,33.2980704979036));
#2639=CARTESIAN_POINT('Ctrl Pts',(16.8983584734488,-45.3114002985339,33.2437673560985));
#2640=CARTESIAN_POINT('Ctrl Pts',(16.9636703718877,-45.243200779118,33.2028064574954));
#2641=CARTESIAN_POINT('Ctrl Pts',(17.0561623161943,-45.1072372644877,33.1081563769955));
#2642=CARTESIAN_POINT('Ctrl Pts',(17.0894611889912,-45.0304805264271,33.0482047149302));
#2643=CARTESIAN_POINT('Ctrl Pts',(17.1150872717006,-44.8800843055599,32.9167486201556));
#2644=CARTESIAN_POINT('Ctrl Pts',(17.1074171970654,-44.8064524083809,32.8452360384862));
#2645=CARTESIAN_POINT('Ctrl Pts',(17.0834897148925,-44.74378335794,32.778154488964));
#2646=CARTESIAN_POINT('Origin',(-49.9571618763916,0.,35.));
#2647=CARTESIAN_POINT('',(-50.1160181212932,0.,35.));
#2648=CARTESIAN_POINT('Origin',(0.,0.,35.));
#2649=CARTESIAN_POINT('',(-49.9571618763916,0.,34.9999999999999));
#2650=CARTESIAN_POINT('Origin',(0.,0.,34.9999999999999));
#2651=CARTESIAN_POINT('Ctrl Pts',(-50.5247861518839,0.,36.9999999999999));
#2652=CARTESIAN_POINT('Ctrl Pts',(-50.5247861518838,50.5247861518838,36.9999999999999));
#2653=CARTESIAN_POINT('Ctrl Pts',(0.,50.5247861518839,36.9999999999999));
#2654=CARTESIAN_POINT('Ctrl Pts',(50.5247861518838,50.5247861518838,36.9999999999999));
#2655=CARTESIAN_POINT('Ctrl Pts',(50.5247861518839,0.,36.9999999999999));
#2656=CARTESIAN_POINT('Ctrl Pts',(50.5247861518838,-50.5247861518838,36.9999999999999));
#2657=CARTESIAN_POINT('Ctrl Pts',(0.,-50.5247861518839,36.9999999999999));
#2658=CARTESIAN_POINT('Ctrl Pts',(-50.5247861518838,-50.5247861518838,36.9999999999999));
#2659=CARTESIAN_POINT('Ctrl Pts',(-50.5247861518839,0.,36.9999999999999));
#2660=CARTESIAN_POINT('Ctrl Pts',(-50.3811132352678,0.,36.3336951107834));
#2661=CARTESIAN_POINT('Ctrl Pts',(-50.3811132352678,50.3811132352678,36.3336951107834));
#2662=CARTESIAN_POINT('Ctrl Pts',(0.,50.3811132352678,36.3336951107834));
#2663=CARTESIAN_POINT('Ctrl Pts',(50.3811132352678,50.3811132352678,36.3336951107834));
#2664=CARTESIAN_POINT('Ctrl Pts',(50.3811132352678,0.,36.3336951107834));
#2665=CARTESIAN_POINT('Ctrl Pts',(50.3811132352678,-50.3811132352678,36.3336951107834));
#2666=CARTESIAN_POINT('Ctrl Pts',(0.,-50.3811132352678,36.3336951107834));
#2667=CARTESIAN_POINT('Ctrl Pts',(-50.3811132352678,-50.3811132352678,36.3336951107834));
#2668=CARTESIAN_POINT('Ctrl Pts',(-50.3811132352678,0.,36.3336951107834));
#2669=CARTESIAN_POINT('Ctrl Pts',(-50.1909462598802,0.,35.6674549444777));
#2670=CARTESIAN_POINT('Ctrl Pts',(-50.1909462598802,50.1909462598802,35.6674549444777));
#2671=CARTESIAN_POINT('Ctrl Pts',(0.,50.1909462598802,35.6674549444777));
#2672=CARTESIAN_POINT('Ctrl Pts',(50.1909462598802,50.1909462598802,35.6674549444777));
#2673=CARTESIAN_POINT('Ctrl Pts',(50.1909462598802,0.,35.6674549444777));
#2674=CARTESIAN_POINT('Ctrl Pts',(50.1909462598802,-50.1909462598802,35.6674549444777));
#2675=CARTESIAN_POINT('Ctrl Pts',(0.,-50.1909462598802,35.6674549444777));
#2676=CARTESIAN_POINT('Ctrl Pts',(-50.1909462598802,-50.1909462598802,35.6674549444777));
#2677=CARTESIAN_POINT('Ctrl Pts',(-50.1909462598802,0.,35.6674549444777));
#2678=CARTESIAN_POINT('Ctrl Pts',(-49.9571618763916,0.,34.9999999999999));
#2679=CARTESIAN_POINT('Ctrl Pts',(-49.9571618763916,49.9571618763916,34.9999999999999));
#2680=CARTESIAN_POINT('Ctrl Pts',(0.,49.9571618763916,34.9999999999999));
#2681=CARTESIAN_POINT('Ctrl Pts',(49.9571618763916,49.9571618763916,34.9999999999999));
#2682=CARTESIAN_POINT('Ctrl Pts',(49.9571618763916,0.,34.9999999999999));
#2683=CARTESIAN_POINT('Ctrl Pts',(49.9571618763916,-49.9571618763916,34.9999999999999));
#2684=CARTESIAN_POINT('Ctrl Pts',(0.,-49.9571618763916,34.9999999999999));
#2685=CARTESIAN_POINT('Ctrl Pts',(-49.9571618763916,-49.9571618763916,34.9999999999999));
#2686=CARTESIAN_POINT('Ctrl Pts',(-49.9571618763916,0.,34.9999999999999));
#2687=CARTESIAN_POINT('',(-50.4916578354534,0.,36.85));
#2688=CARTESIAN_POINT('Ctrl Pts',(-50.4916578354534,-4.9960036108132E-14,
36.85));
#2689=CARTESIAN_POINT('Ctrl Pts',(-50.4916578354534,-2.91866873051685,36.85));
#2690=CARTESIAN_POINT('Ctrl Pts',(-50.2385853617122,-5.83337290996412,36.8499999999999));
#2691=CARTESIAN_POINT('Ctrl Pts',(-49.092264625594,-12.3779895870526,36.8499999999999));
#2692=CARTESIAN_POINT('Ctrl Pts',(-48.0464751639069,-15.9624965657195,36.8499999999999));
#2693=CARTESIAN_POINT('Ctrl Pts',(-46.6162285306569,-19.3993491785182,36.8499999999999));
#2694=CARTESIAN_POINT('Ctrl Pts',(-44.0901456826931,-25.4694731937326,36.8499999999999));
#2695=CARTESIAN_POINT('Ctrl Pts',(-40.402583363919,-30.988163362951,36.8499999999999));
#2696=CARTESIAN_POINT('Ctrl Pts',(-31.1196234357539,-40.3014149665274,36.8499999999999));
#2697=CARTESIAN_POINT('Ctrl Pts',(-25.6129759828802,-44.0069366394409,36.8499999999999));
#2698=CARTESIAN_POINT('Ctrl Pts',(-13.4892514456352,-49.0986263201303,36.8499999999999));
#2699=CARTESIAN_POINT('Ctrl Pts',(-6.98808377578027,-50.4361149993736,36.8499999999999));
#2700=CARTESIAN_POINT('Ctrl Pts',(6.16099989856359,-50.543813581261,36.8499999999999));
#2701=CARTESIAN_POINT('Ctrl Pts',(12.6832034963215,-49.3129938267619,36.8499999999999));
#2702=CARTESIAN_POINT('Ctrl Pts',(24.8887036465705,-44.4205745334361,36.8499999999999));
#2703=CARTESIAN_POINT('Ctrl Pts',(30.4553089651137,-40.805749189628,36.8499999999999));
#2704=CARTESIAN_POINT('Ctrl Pts',(39.889575046012,-31.6458024662977,36.8499999999999));
#2705=CARTESIAN_POINT('Ctrl Pts',(43.6670390825614,-26.1882551700073,36.8499999999999));
#2706=CARTESIAN_POINT('Ctrl Pts',(48.9173849006234,-14.1323906530929,36.8499999999999));
#2707=CARTESIAN_POINT('Ctrl Pts',(50.3400705144557,-7.64933406820443,36.8499999999999));
#2708=CARTESIAN_POINT('Ctrl Pts',(50.6203097373688,5.49720412393488,36.8499999999999));
#2709=CARTESIAN_POINT('Ctrl Pts',(49.4751841067364,12.034997660652,36.8499999999999));
#2710=CARTESIAN_POINT('Ctrl Pts',(44.7433537373065,24.3036480271095,36.8499999999999));
#2711=CARTESIAN_POINT('Ctrl Pts',(41.2018878758876,29.9172098724154,36.8499999999999));
#2712=CARTESIAN_POINT('Ctrl Pts',(32.166531787638,39.4708657599784,36.8499999999999));
#2713=CARTESIAN_POINT('Ctrl Pts',(26.7590244896605,43.3196216448056,36.8499999999999));
#2714=CARTESIAN_POINT('Ctrl Pts',(14.7730961280045,48.7277194405823,36.8499999999999));
#2715=CARTESIAN_POINT('Ctrl Pts',(8.30926707229894,50.2353569889632,36.8499999999999));
#2716=CARTESIAN_POINT('Ctrl Pts',(-4.83246167829216,50.6880885930334,36.8499999999999));
#2717=CARTESIAN_POINT('Ctrl Pts',(-11.3847192835265,49.62885428783,36.8499999999999));
#2718=CARTESIAN_POINT('Ctrl Pts',(-23.7144070875107,45.058427708645,36.8499999999999));
#2719=CARTESIAN_POINT('Ctrl Pts',(-29.3739587506553,41.5909312038353,36.8499999999999));
#2720=CARTESIAN_POINT('Ctrl Pts',(-39.0453592141617,32.6817217252157,36.8499999999999));
#2721=CARTESIAN_POINT('Ctrl Pts',(-42.9647441547718,27.3251856499158,36.8499999999999));
#2722=CARTESIAN_POINT('Ctrl Pts',(-48.5296626022094,15.4112575347724,36.8499999999999));
#2723=CARTESIAN_POINT('Ctrl Pts',(-50.1219924555646,8.96776914130218,36.8499999999999));
#2724=CARTESIAN_POINT('Ctrl Pts',(-50.4726412801497,1.60044758935751,36.8499999999999));
#2725=CARTESIAN_POINT('Ctrl Pts',(-50.4916578354534,0.800074839489855,36.85));
#2726=CARTESIAN_POINT('Ctrl Pts',(-50.4916578354534,-4.9960036108132E-14,
36.85));
#2727=CARTESIAN_POINT('Ctrl Pts',(-50.4916578354534,0.,36.85));
#2728=CARTESIAN_POINT('Ctrl Pts',(-50.3527552908956,0.,36.2355930747524));
#2729=CARTESIAN_POINT('Ctrl Pts',(-50.17356307929,0.,35.6178259244818));
#2730=CARTESIAN_POINT('Ctrl Pts',(-49.9571618762972,0.,34.9999999997306));
#2731=CARTESIAN_POINT('Origin',(0.,0.,35.35));
#2732=CARTESIAN_POINT('',(-4.,43.6452864917527,34.));
#2733=CARTESIAN_POINT('',(-4.,43.494655685829,33.85));
#2734=CARTESIAN_POINT('Ctrl Pts',(-4.,43.6452864917527,34.));
#2735=CARTESIAN_POINT('Ctrl Pts',(-4.,43.5698419861117,33.924870354396));
#2736=CARTESIAN_POINT('Ctrl Pts',(-4.,43.494655685829,33.85));
#2737=CARTESIAN_POINT('',(4.,43.6452864917527,34.));
#2738=CARTESIAN_POINT('Origin',(0.,0.,34.));
#2739=CARTESIAN_POINT('',(4.,43.494655685829,33.85));
#2740=CARTESIAN_POINT('Ctrl Pts',(4.,43.494655685829,33.85));
#2741=CARTESIAN_POINT('Ctrl Pts',(4.,43.5698419861117,33.924870354396));
#2742=CARTESIAN_POINT('Ctrl Pts',(4.,43.6452864917527,34.));
#2743=CARTESIAN_POINT('',(43.6781990611886,-5.34903666728055E-15,33.85));
#2744=CARTESIAN_POINT('Origin',(0.,0.,33.85));
#2745=CARTESIAN_POINT('',(46.6781990611886,5.71643070702476E-15,36.85));
#2746=CARTESIAN_POINT('',(45.1781990611886,-5.53273368715266E-15,35.35));
#2747=CARTESIAN_POINT('Origin',(0.,0.,36.85));
#2748=CARTESIAN_POINT('',(39.6674767527852,-18.2832262277767,33.85));
#2749=CARTESIAN_POINT('Origin',(0.,0.,33.85));
#2750=CARTESIAN_POINT('',(39.7979268573077,-18.3585416307386,34.));
#2751=CARTESIAN_POINT('Ctrl Pts',(39.7979268573077,-18.3585416307386,34.));
#2752=CARTESIAN_POINT('Ctrl Pts',(39.7325899988465,-18.3208193779181,33.9248703543958));
#2753=CARTESIAN_POINT('Ctrl Pts',(39.6674767527852,-18.2832262277768,33.85));
#2754=CARTESIAN_POINT('',(35.7979268573077,-25.2867448610141,34.));
#2755=CARTESIAN_POINT('Origin',(0.,0.,34.));
#2756=CARTESIAN_POINT('',(35.6674767527852,-25.2114294580522,33.85));
#2757=CARTESIAN_POINT('Ctrl Pts',(35.6674767527852,-25.2114294580523,33.85));
#2758=CARTESIAN_POINT('Ctrl Pts',(35.7325899988465,-25.2490226081936,33.9248703543958));
#2759=CARTESIAN_POINT('Ctrl Pts',(35.7979268573077,-25.2867448610141,34.));
#2760=CARTESIAN_POINT('',(-35.6674767527852,-25.2114294580522,33.85));
#2761=CARTESIAN_POINT('Origin',(0.,0.,33.85));
#2762=CARTESIAN_POINT('',(-35.7979268573077,-25.2867448610141,34.));
#2763=CARTESIAN_POINT('Ctrl Pts',(-35.7979268573077,-25.2867448610141,34.));
#2764=CARTESIAN_POINT('Ctrl Pts',(-35.7325899988465,-25.2490226081936,33.9248703543959));
#2765=CARTESIAN_POINT('Ctrl Pts',(-35.6674767527852,-25.2114294580522,33.85));
#2766=CARTESIAN_POINT('',(-39.7979268573077,-18.3585416307386,34.));
#2767=CARTESIAN_POINT('Origin',(0.,0.,34.));
#2768=CARTESIAN_POINT('',(-39.6674767527852,-18.2832262277767,33.85));
#2769=CARTESIAN_POINT('Ctrl Pts',(-39.6674767527852,-18.2832262277768,33.85));
#2770=CARTESIAN_POINT('Ctrl Pts',(-39.7325899988465,-18.320819377918,33.9248703543958));
#2771=CARTESIAN_POINT('Ctrl Pts',(-39.7979268573077,-18.3585416307386,34.));
#2772=CARTESIAN_POINT('Origin',(0.,0.,33.85));
#2773=CARTESIAN_POINT('Origin',(0.,0.,37.));
#2774=CARTESIAN_POINT('',(35.6674767527852,-25.2114294580522,30.));
#2775=CARTESIAN_POINT('',(35.6674767527852,-25.2114294580522,37.));
#2776=CARTESIAN_POINT('',(-35.6674767527852,-25.2114294580522,30.));
#2777=CARTESIAN_POINT('Origin',(0.,0.,30.));
#2778=CARTESIAN_POINT('',(-35.6674767527852,-25.2114294580522,37.));
#2779=CARTESIAN_POINT('Origin',(0.,0.,37.));
#2780=CARTESIAN_POINT('',(4.,43.494655685829,30.));
#2781=CARTESIAN_POINT('',(4.,43.494655685829,37.));
#2782=CARTESIAN_POINT('',(39.6674767527852,-18.2832262277767,30.));
#2783=CARTESIAN_POINT('Origin',(0.,0.,30.));
#2784=CARTESIAN_POINT('',(39.6674767527852,-18.2832262277767,37.));
#2785=CARTESIAN_POINT('Origin',(-50.6781990611886,0.,36.85));
#2786=CARTESIAN_POINT('Origin',(-5.,17.5,33.));
#2787=CARTESIAN_POINT('',(-4.,20.,34.));
#2788=CARTESIAN_POINT('',(-4.,17.,32.8));
#2789=CARTESIAN_POINT('',(-4.,20.8466892812062,34.3386757124825));
#2790=CARTESIAN_POINT('',(-4.,15.,32.));
#2791=CARTESIAN_POINT('',(-4.,17.1120689655172,32.8448275862069));
#2792=CARTESIAN_POINT('',(4.,15.,32.));
#2793=CARTESIAN_POINT('',(-10.,15.,32.));
#2794=CARTESIAN_POINT('',(4.,17.,32.8));
#2795=CARTESIAN_POINT('',(4.,20.8466892812062,34.3386757124825));
#2796=CARTESIAN_POINT('',(4.,20.,34.));
#2797=CARTESIAN_POINT('',(4.,17.9741379310345,33.1896551724138));
#2798=CARTESIAN_POINT('',(-5.,20.,34.));
#2799=CARTESIAN_POINT('Origin',(-10.,15.,37.));
#2800=CARTESIAN_POINT('',(4.,15.,36.7));
#2801=CARTESIAN_POINT('',(4.,15.,37.));
#2802=CARTESIAN_POINT('',(10.,15.,32.));
#2803=CARTESIAN_POINT('',(-10.,15.,32.));
#2804=CARTESIAN_POINT('',(10.,15.,36.7));
#2805=CARTESIAN_POINT('',(10.,15.,37.));
#2806=CARTESIAN_POINT('',(-30.3390995305943,15.,36.7));
#2807=CARTESIAN_POINT('Origin',(-10.,15.,37.));
#2808=CARTESIAN_POINT('',(-4.,15.,36.7));
#2809=CARTESIAN_POINT('',(-4.,15.,37.));
#2810=CARTESIAN_POINT('',(-10.,15.,36.7));
#2811=CARTESIAN_POINT('',(-30.3390995305943,15.,36.7));
#2812=CARTESIAN_POINT('',(-10.,15.,32.));
#2813=CARTESIAN_POINT('',(-10.,15.,37.));
#2814=CARTESIAN_POINT('',(-10.,15.,32.));
#2815=CARTESIAN_POINT('Origin',(-4.,23.6643191323985,37.));
#2816=CARTESIAN_POINT('',(-4.,23.6643191323985,34.));
#2817=CARTESIAN_POINT('',(-4.,21.5821595661992,34.));
#2818=CARTESIAN_POINT('',(-4.,23.6643191323985,30.));
#2819=CARTESIAN_POINT('',(-4.,23.6643191323985,37.));
#2820=CARTESIAN_POINT('',(-4.,17.,30.));
#2821=CARTESIAN_POINT('',(-4.,11.8321595661992,30.));
#2822=CARTESIAN_POINT('',(-4.,17.,37.));
#2823=CARTESIAN_POINT('Origin',(0.,19.5,34.));
#2824=CARTESIAN_POINT('',(3.99999999999999,23.6643191323985,34.));
#2825=CARTESIAN_POINT('',(4.,18.25,34.));
#2826=CARTESIAN_POINT('Origin',(0.,0.,34.));
#2827=CARTESIAN_POINT('Origin',(-50.6781990611886,0.,35.5));
#2828=CARTESIAN_POINT('',(-5.15,-10.16,35.5));
#2829=CARTESIAN_POINT('Origin',(-6.35,-10.16,35.5));
#2830=CARTESIAN_POINT('Origin',(-50.6781990611886,0.,35.5));
#2831=CARTESIAN_POINT('',(7.55,10.16,35.5));
#2832=CARTESIAN_POINT('Origin',(6.35,10.16,35.5));
#2833=CARTESIAN_POINT('Origin',(6.35,-10.16,37.));
#2834=CARTESIAN_POINT('',(7.3,-10.16,30.));
#2835=CARTESIAN_POINT('Origin',(6.35,-10.16,30.));
#2836=CARTESIAN_POINT('',(7.3,-10.16,32.));
#2837=CARTESIAN_POINT('',(7.3,-10.16,37.));
#2838=CARTESIAN_POINT('Origin',(6.35,-10.16,32.));
#2839=CARTESIAN_POINT('Origin',(-6.35,10.16,37.));
#2840=CARTESIAN_POINT('',(-5.4,10.16,30.));
#2841=CARTESIAN_POINT('Origin',(-6.35,10.16,30.));
#2842=CARTESIAN_POINT('',(-5.4,10.16,32.));
#2843=CARTESIAN_POINT('',(-5.4,10.16,37.));
#2844=CARTESIAN_POINT('Origin',(-6.35,10.16,32.));
#2845=CARTESIAN_POINT('Origin',(33.8898833013061,-19.5663332468141,34.));
#2846=CARTESIAN_POINT('',(-32.1122898498271,-13.9212370355759,34.));
#2847=CARTESIAN_POINT('',(-34.0010865755666,-15.0117343336261,34.));
#2848=CARTESIAN_POINT('',(-28.1122898498271,-20.8494402658515,34.));
#2849=CARTESIAN_POINT('',(-8.36126755106606,-9.44618222489147,34.));
#2850=CARTESIAN_POINT('Origin',(0.,0.,34.));
#2851=CARTESIAN_POINT('Origin',(33.8898833013061,-19.5663332468141,34.));
#2852=CARTESIAN_POINT('',(28.1122898498271,-20.8494402658515,34.));
#2853=CARTESIAN_POINT('',(30.0010865755666,-21.9399375639017,34.));
#2854=CARTESIAN_POINT('',(32.1122898498271,-13.9212370355759,34.));
#2855=CARTESIAN_POINT('',(37.7786800270457,-17.1927289297265,34.));
#2856=CARTESIAN_POINT('Origin',(0.,0.,34.));
#2857=CARTESIAN_POINT('Origin',(4.,23.6643191323985,37.));
#2858=CARTESIAN_POINT('',(4.,17.,36.7));
#2859=CARTESIAN_POINT('',(4.,17.,37.));
#2860=CARTESIAN_POINT('',(4.,11.8321595661992,36.7));
#2861=CARTESIAN_POINT('Origin',(-4.,15.,37.));
#2862=CARTESIAN_POINT('',(-4.,17.,36.7));
#2863=CARTESIAN_POINT('',(-4.,17.,37.));
#2864=CARTESIAN_POINT('',(-4.,7.5,36.7));
#2865=CARTESIAN_POINT('Origin',(17.2469507659596,-8.80283112904775,34.));
#2866=CARTESIAN_POINT('',(18.4939015319192,-15.296261181337,34.));
#2867=CARTESIAN_POINT('',(12.,-11.5470053837925,34.));
#2868=CARTESIAN_POINT('',(13.3734753829798,-12.3399817658812,34.));
#2869=CARTESIAN_POINT('',(22.4939015319192,-8.36805795106148,34.));
#2870=CARTESIAN_POINT('Origin',(0.,0.,34.));
#2871=CARTESIAN_POINT('',(12.,-2.3094010767585,34.));
#2872=CARTESIAN_POINT('',(20.6204261489394,-7.28640643437795,34.));
#2873=CARTESIAN_POINT('',(12.,17.,34.));
#2874=CARTESIAN_POINT('Origin',(33.8898833013061,-19.5663332468141,34.));
#2875=CARTESIAN_POINT('',(4.00000000000001,34.7706773014274,34.));
#2876=CARTESIAN_POINT('',(4.,36.9975577413677,34.));
#2877=CARTESIAN_POINT('',(-4.,34.7706773014274,34.));
#2878=CARTESIAN_POINT('',(-4.,11.9641612195074,34.));
#2879=CARTESIAN_POINT('Origin',(0.,0.,34.));
#2880=CARTESIAN_POINT('Origin',(-17.2469507659596,-8.80283112904774,34.));
#2881=CARTESIAN_POINT('',(-22.4939015319192,-8.36805795106147,34.));
#2882=CARTESIAN_POINT('',(-12.,-2.3094010767585,34.));
#2883=CARTESIAN_POINT('',(-15.3734753829798,-4.25707799722646,34.));
#2884=CARTESIAN_POINT('',(-18.4939015319192,-15.296261181337,34.));
#2885=CARTESIAN_POINT('Origin',(0.,0.,34.));
#2886=CARTESIAN_POINT('',(-12.,-11.5470053837925,34.));
#2887=CARTESIAN_POINT('',(-16.6204261489394,-14.2146096646535,34.));
#2888=CARTESIAN_POINT('',(-12.,-17.,34.));
#2889=CARTESIAN_POINT('Origin',(-32.1122898498271,-13.921237035576,37.));
#2890=CARTESIAN_POINT('',(-32.1122898498271,-13.921237035576,30.));
#2891=CARTESIAN_POINT('',(-32.1122898498271,-13.921237035576,37.));
#2892=CARTESIAN_POINT('',(-39.6674767527852,-18.2832262277767,30.));
#2893=CARTESIAN_POINT('',(-17.0561449249135,-5.2285677102191,30.));
#2894=CARTESIAN_POINT('',(-39.6674767527852,-18.2832262277767,37.));
#2895=CARTESIAN_POINT('Origin',(28.1122898498271,-20.8494402658515,37.));
#2896=CARTESIAN_POINT('',(28.1122898498271,-20.8494402658515,30.));
#2897=CARTESIAN_POINT('',(28.1122898498271,-20.8494402658515,37.));
#2898=CARTESIAN_POINT('',(13.0561449249135,-12.1567709404946,30.));
#2899=CARTESIAN_POINT('Origin',(4.,17.,37.));
#2900=CARTESIAN_POINT('',(4.,17.,30.));
#2901=CARTESIAN_POINT('',(4.,17.,37.));
#2902=CARTESIAN_POINT('',(4.,23.6643191323985,30.));
#2903=CARTESIAN_POINT('',(4.,8.5,30.));
#2904=CARTESIAN_POINT('',(4.,23.6643191323985,37.));
#2905=CARTESIAN_POINT('Origin',(22.4939015319192,-8.36805795106148,37.));
#2906=CARTESIAN_POINT('',(22.4939015319192,-8.36805795106148,30.));
#2907=CARTESIAN_POINT('',(22.4939015319192,-8.36805795106148,37.));
#2908=CARTESIAN_POINT('',(12.,-2.3094010767585,30.));
#2909=CARTESIAN_POINT('',(12.2469507659596,-2.45197816796186,30.));
#2910=CARTESIAN_POINT('',(12.,-2.3094010767585,37.));
#2911=CARTESIAN_POINT('Origin',(-50.6781990611886,0.,35.35));
#2912=CARTESIAN_POINT('',(35.,-4.28626379701574E-15,35.35));
#2913=CARTESIAN_POINT('Origin',(0.,0.,35.35));
#2914=CARTESIAN_POINT('',(33.5,4.10256677714363E-15,35.35));
#2915=CARTESIAN_POINT('Origin',(0.,0.,35.35));
#2916=CARTESIAN_POINT('Origin',(4.,34.7706773014274,37.));
#2917=CARTESIAN_POINT('',(4.,34.7706773014274,30.));
#2918=CARTESIAN_POINT('',(4.,34.7706773014274,37.));
#2919=CARTESIAN_POINT('',(4.,17.3853386507137,30.));
#2920=CARTESIAN_POINT('Origin',(-18.4939015319192,-15.296261181337,37.));
#2921=CARTESIAN_POINT('',(-18.4939015319192,-15.296261181337,30.));
#2922=CARTESIAN_POINT('',(-18.4939015319192,-15.296261181337,37.));
#2923=CARTESIAN_POINT('',(-12.,-11.5470053837925,30.));
#2924=CARTESIAN_POINT('',(-8.2469507659596,-9.38018139823737,30.));
#2925=CARTESIAN_POINT('',(-12.,-11.5470053837925,37.));
#2926=CARTESIAN_POINT('Origin',(-50.6781990611886,0.,36.7));
#2927=CARTESIAN_POINT('',(10.,-15.,36.7));
#2928=CARTESIAN_POINT('',(10.,7.5,36.7));
#2929=CARTESIAN_POINT('',(5.,-15.,36.7));
#2930=CARTESIAN_POINT('',(-20.3390995305943,-15.,36.7));
#2931=CARTESIAN_POINT('',(5.,-17.,36.7));
#2932=CARTESIAN_POINT('',(5.,-7.5,36.7));
#2933=CARTESIAN_POINT('',(12.,-17.,36.7));
#2934=CARTESIAN_POINT('',(-31.3390995305943,-17.,36.7));
#2935=CARTESIAN_POINT('',(12.,17.,36.7));
#2936=CARTESIAN_POINT('',(12.,-1.15470053837925,36.7));
#2937=CARTESIAN_POINT('',(-19.3390995305943,17.,36.7));
#2938=CARTESIAN_POINT('Origin',(-50.6781990611886,0.,36.7));
#2939=CARTESIAN_POINT('',(-12.,17.,36.7));
#2940=CARTESIAN_POINT('',(-27.3390995305943,17.,36.7));
#2941=CARTESIAN_POINT('',(-12.,-17.,36.7));
#2942=CARTESIAN_POINT('',(-12.,-5.77350269189626,36.7));
#2943=CARTESIAN_POINT('',(-5.,-17.,36.7));
#2944=CARTESIAN_POINT('',(-31.3390995305943,-17.,36.7));
#2945=CARTESIAN_POINT('',(-5.,-15.,36.7));
#2946=CARTESIAN_POINT('',(-5.,-8.5,36.7));
#2947=CARTESIAN_POINT('',(-10.,-15.,36.7));
#2948=CARTESIAN_POINT('',(-27.8390995305943,-15.,36.7));
#2949=CARTESIAN_POINT('',(-10.,-7.5,36.7));
#2950=CARTESIAN_POINT('Origin',(3.50135146477218,-23.7432208834467,37.));
#2951=CARTESIAN_POINT('',(3.50135146477218,-23.7432208834467,32.));
#2952=CARTESIAN_POINT('',(3.50135146477214,-25.2584745762712,32.));
#2953=CARTESIAN_POINT('',(3.50135146477218,-24.182415662585,32.));
#2954=CARTESIAN_POINT('',(3.50135146477219,-25.2584745762712,36.7));
#2955=CARTESIAN_POINT('',(3.50135146477218,-25.2584745762712,37.));
#2956=CARTESIAN_POINT('',(3.50135146477219,-23.7432208834467,36.7));
#2957=CARTESIAN_POINT('',(3.50135146477219,-11.8716104417233,36.7));
#2958=CARTESIAN_POINT('',(3.50135146477218,-23.7432208834467,37.));
#2959=CARTESIAN_POINT('Origin',(-3.50135146477216,-25.2584745762712,37.));
#2960=CARTESIAN_POINT('',(-3.50135146477215,-25.2584745762712,32.));
#2961=CARTESIAN_POINT('',(-3.50135146477215,-23.7432208834467,32.));
#2962=CARTESIAN_POINT('',(-3.50135146477216,-24.9400425089972,32.));
#2963=CARTESIAN_POINT('',(-3.50135146477215,-23.7432208834467,36.7));
#2964=CARTESIAN_POINT('',(-3.50135146477215,-23.7432208834467,37.));
#2965=CARTESIAN_POINT('',(-3.50135146477217,-25.2584745762712,36.7));
#2966=CARTESIAN_POINT('',(-3.50135146477205,-12.6292372881358,36.7));
#2967=CARTESIAN_POINT('',(-3.50135146477216,-25.2584745762712,37.));
#2968=CARTESIAN_POINT('Origin',(9.99200722162641E-15,-24.6216104417233,
32.));
#2969=CARTESIAN_POINT('Origin',(0.,0.,32.));
#2970=CARTESIAN_POINT('Origin',(0.,0.,32.));
#2971=CARTESIAN_POINT('Origin',(0.,0.,37.));
#2972=CARTESIAN_POINT('',(-3.50135146477215,-25.2584745762712,30.));
#2973=CARTESIAN_POINT('',(-3.50135146477215,-25.2584745762712,37.));
#2974=CARTESIAN_POINT('',(3.50135146477215,-25.2584745762712,30.));
#2975=CARTESIAN_POINT('Origin',(0.,0.,30.));
#2976=CARTESIAN_POINT('',(3.50135146477215,-25.2584745762712,37.));
#2977=CARTESIAN_POINT('Origin',(0.,-29.5,37.));
#2978=CARTESIAN_POINT('',(-4.01545375512197,-33.2584745762712,30.));
#2979=CARTESIAN_POINT('Origin',(0.,-29.5,30.));
#2980=CARTESIAN_POINT('',(-4.01545375512197,-33.2584745762712,32.));
#2981=CARTESIAN_POINT('Origin',(0.,-29.5,32.));
#2982=CARTESIAN_POINT('',(-4.01545375512197,-33.2584745762712,37.));
#2983=CARTESIAN_POINT('Origin',(0.,-29.5,37.));
#2984=CARTESIAN_POINT('',(4.01545375512197,-33.2584745762712,30.));
#2985=CARTESIAN_POINT('Origin',(0.,-29.5,30.));
#2986=CARTESIAN_POINT('',(4.01545375512197,-33.2584745762712,32.));
#2987=CARTESIAN_POINT('',(4.01545375512197,-33.2584745762712,37.));
#2988=CARTESIAN_POINT('Origin',(0.,-29.5,32.));
#2989=CARTESIAN_POINT('Origin',(0.,0.,37.));
#2990=CARTESIAN_POINT('',(33.5,-4.10256677714363E-15,32.));
#2991=CARTESIAN_POINT('',(33.5,-4.10256677714363E-15,37.));
#2992=CARTESIAN_POINT('Origin',(0.,0.,32.));
#2993=CARTESIAN_POINT('Origin',(0.,0.,30.));
#2994=CARTESIAN_POINT('Origin',(0.,0.,32.));
#2995=CARTESIAN_POINT('Origin',(0.,0.,32.));
#2996=CARTESIAN_POINT('Origin',(0.,0.,32.));
#2997=CARTESIAN_POINT('Origin',(0.,0.,37.));
#2998=CARTESIAN_POINT('Origin',(0.,0.,36.7));
#2999=CARTESIAN_POINT('Origin',(-6.35,-10.16,37.));
#3000=CARTESIAN_POINT('',(-5.15,-10.16,32.));
#3001=CARTESIAN_POINT('',(-5.15,-10.16,37.));
#3002=CARTESIAN_POINT('Origin',(-6.35,-10.16,32.));
#3003=CARTESIAN_POINT('Origin',(6.35,10.16,37.));
#3004=CARTESIAN_POINT('',(7.55,10.16,32.));
#3005=CARTESIAN_POINT('',(7.55,10.16,37.));
#3006=CARTESIAN_POINT('Origin',(6.35,10.16,32.));
#3007=CARTESIAN_POINT('Origin',(-5.,-17.,37.));
#3008=CARTESIAN_POINT('',(-5.,-17.,32.));
#3009=CARTESIAN_POINT('',(-5.,-17.,37.));
#3010=CARTESIAN_POINT('',(-5.,-15.,32.));
#3011=CARTESIAN_POINT('',(-5.,-15.,32.));
#3012=CARTESIAN_POINT('',(-5.,-15.,37.));
#3013=CARTESIAN_POINT('Origin',(5.,-15.,37.));
#3014=CARTESIAN_POINT('',(5.,-15.,32.));
#3015=CARTESIAN_POINT('',(5.,-15.,37.));
#3016=CARTESIAN_POINT('',(5.,-17.,32.));
#3017=CARTESIAN_POINT('',(5.,-17.,32.));
#3018=CARTESIAN_POINT('',(5.,-17.,37.));
#3019=CARTESIAN_POINT('Origin',(10.,-15.,37.));
#3020=CARTESIAN_POINT('',(10.,-15.,32.));
#3021=CARTESIAN_POINT('',(10.,-15.,37.));
#3022=CARTESIAN_POINT('',(10.,-15.,32.));
#3023=CARTESIAN_POINT('Origin',(10.,15.,37.));
#3024=CARTESIAN_POINT('',(10.,15.,32.));
#3025=CARTESIAN_POINT('Origin',(-10.,-15.,37.));
#3026=CARTESIAN_POINT('',(-10.,-15.,32.));
#3027=CARTESIAN_POINT('',(-10.,-15.,37.));
#3028=CARTESIAN_POINT('',(-10.,-15.,32.));
#3029=CARTESIAN_POINT('Origin',(-5.,-15.,37.));
#3030=CARTESIAN_POINT('',(10.,-15.,32.));
#3031=CARTESIAN_POINT('Origin',(0.,-0.999999999999999,32.));
#3032=CARTESIAN_POINT('',(-6.,-17.,32.));
#3033=CARTESIAN_POINT('Origin',(-12.,-17.,37.));
#3034=CARTESIAN_POINT('',(-12.,-17.,30.));
#3035=CARTESIAN_POINT('',(-12.,-17.,37.));
#3036=CARTESIAN_POINT('',(12.,-17.,30.));
#3037=CARTESIAN_POINT('',(-6.,-17.,30.));
#3038=CARTESIAN_POINT('',(12.,-17.,37.));
#3039=CARTESIAN_POINT('Origin',(-50.6781990611886,0.,36.7));
#3040=CARTESIAN_POINT('',(24.,-2.93915231795365E-15,36.7));
#3041=CARTESIAN_POINT('Origin',(0.,0.,36.7));
#3042=CARTESIAN_POINT('Origin',(0.,0.,36.7));
#3043=CARTESIAN_POINT('Origin',(0.,0.,37.));
#3044=CARTESIAN_POINT('',(-4.,43.494655685829,30.));
#3045=CARTESIAN_POINT('Origin',(0.,0.,30.));
#3046=CARTESIAN_POINT('',(-4.,43.494655685829,37.));
#3047=CARTESIAN_POINT('Origin',(0.,0.,32.5));
#3048=CARTESIAN_POINT('',(-45.1160181212932,0.,30.));
#3049=CARTESIAN_POINT('Origin',(0.,0.,30.));
#3050=CARTESIAN_POINT('',(-47.6160181212932,5.8312804180384E-15,32.5));
#3051=CARTESIAN_POINT('Origin',(0.,0.,37.));
#3052=CARTESIAN_POINT('',(35.,-4.28626379701574E-15,30.));
#3053=CARTESIAN_POINT('',(35.,-4.28626379701574E-15,37.));
#3054=CARTESIAN_POINT('Origin',(0.,0.,30.));
#3055=CARTESIAN_POINT('',(-4.,34.7706773014274,30.));
#3056=CARTESIAN_POINT('',(-4.,34.7706773014274,37.));
#3057=CARTESIAN_POINT('Origin',(0.,0.,30.));
#3058=CARTESIAN_POINT('',(-28.1122898498271,-20.8494402658514,30.));
#3059=CARTESIAN_POINT('',(-28.1122898498271,-20.8494402658514,37.));
#3060=CARTESIAN_POINT('Origin',(0.,0.,30.));
#3061=CARTESIAN_POINT('',(32.1122898498271,-13.9212370355759,30.));
#3062=CARTESIAN_POINT('',(32.1122898498271,-13.9212370355759,37.));
#3063=CARTESIAN_POINT('Origin',(0.,0.,30.));
#3064=CARTESIAN_POINT('Origin',(-4.,43.494655685829,37.));
#3065=CARTESIAN_POINT('',(-4.,21.7473278429145,30.));
#3066=CARTESIAN_POINT('Origin',(-35.6674767527852,-25.2114294580522,37.));
#3067=CARTESIAN_POINT('',(-16.8337383763926,-14.337765536595,30.));
#3068=CARTESIAN_POINT('Origin',(-4.,17.,37.));
#3069=CARTESIAN_POINT('',(-12.,17.,30.));
#3070=CARTESIAN_POINT('',(-2.,17.,30.));
#3071=CARTESIAN_POINT('',(-12.,17.,37.));
#3072=CARTESIAN_POINT('Origin',(0.,0.,37.));
#3073=CARTESIAN_POINT('',(24.,-2.93915231795365E-15,30.));
#3074=CARTESIAN_POINT('',(24.,-2.93915231795365E-15,37.));
#3075=CARTESIAN_POINT('Origin',(0.,0.,30.));
#3076=CARTESIAN_POINT('',(18.4939015319192,-15.296261181337,30.));
#3077=CARTESIAN_POINT('',(18.4939015319192,-15.296261181337,37.));
#3078=CARTESIAN_POINT('Origin',(0.,0.,30.));
#3079=CARTESIAN_POINT('',(-22.4939015319192,-8.36805795106148,30.));
#3080=CARTESIAN_POINT('',(-22.4939015319192,-8.36805795106148,37.));
#3081=CARTESIAN_POINT('Origin',(0.,0.,30.));
#3082=CARTESIAN_POINT('Origin',(0.,0.,30.));
#3083=CARTESIAN_POINT('Origin',(-12.,-2.3094010767585,37.));
#3084=CARTESIAN_POINT('',(-12.,-2.3094010767585,30.));
#3085=CARTESIAN_POINT('',(-12.,-2.3094010767585,37.));
#3086=CARTESIAN_POINT('',(-7.,0.577350269189627,30.));
#3087=CARTESIAN_POINT('Origin',(39.6674767527852,-18.2832262277767,37.));
#3088=CARTESIAN_POINT('',(20.8337383763926,-7.40956230631949,30.));
#3089=CARTESIAN_POINT('Origin',(12.,-2.3094010767585,37.));
#3090=CARTESIAN_POINT('',(12.,-11.5470053837925,30.));
#3091=CARTESIAN_POINT('',(12.,-8.5,30.));
#3092=CARTESIAN_POINT('',(12.,-11.5470053837925,37.));
#3093=CARTESIAN_POINT('',(12.,17.,30.));
#3094=CARTESIAN_POINT('',(12.,-1.15470053837925,30.));
#3095=CARTESIAN_POINT('',(12.,17.,37.));
#3096=CARTESIAN_POINT('Origin',(12.,17.,37.));
#3097=CARTESIAN_POINT('',(6.,17.,30.));
#3098=CARTESIAN_POINT('Origin',(-12.,-11.5470053837925,37.));
#3099=CARTESIAN_POINT('',(-12.,8.5,30.));
#3100=CARTESIAN_POINT('',(-12.,-5.77350269189626,30.));
#3101=CARTESIAN_POINT('Origin',(12.,-11.5470053837925,37.));
#3102=CARTESIAN_POINT('',(5.,-7.50555349946513,30.));
#3103=CARTESIAN_POINT('Origin',(-3.75872175638893E-15,0.,30.));
#3104=UNCERTAINTY_MEASURE_WITH_UNIT(LENGTH_MEASURE(0.01),#3108,
'DISTANCE_ACCURACY_VALUE',
'Maximum model space distance between geometric entities at asserted c
onnectivities');
#3105=UNCERTAINTY_MEASURE_WITH_UNIT(LENGTH_MEASURE(0.01),#3108,
'DISTANCE_ACCURACY_VALUE',
'Maximum model space distance between geometric entities at asserted c
onnectivities');
#3106=(
GEOMETRIC_REPRESENTATION_CONTEXT(3)
GLOBAL_UNCERTAINTY_ASSIGNED_CONTEXT((#3104))
GLOBAL_UNIT_ASSIGNED_CONTEXT((#3108,#3110,#3111))
REPRESENTATION_CONTEXT('','3D')
);
#3107=(
GEOMETRIC_REPRESENTATION_CONTEXT(3)
GLOBAL_UNCERTAINTY_ASSIGNED_CONTEXT((#3105))
GLOBAL_UNIT_ASSIGNED_CONTEXT((#3108,#3110,#3111))
REPRESENTATION_CONTEXT('','3D')
);
#3108=(
LENGTH_UNIT()
NAMED_UNIT(*)
SI_UNIT(.MILLI.,.METRE.)
);
#3109=(
LENGTH_UNIT()
NAMED_UNIT(*)
SI_UNIT($,.METRE.)
);
#3110=(
NAMED_UNIT(*)
PLANE_ANGLE_UNIT()
SI_UNIT($,.RADIAN.)
);
#3111=(
NAMED_UNIT(*)
SI_UNIT($,.STERADIAN.)
SOLID_ANGLE_UNIT()
);
#3112=SHAPE_DEFINITION_REPRESENTATION(#3113,#3114);
#3113=PRODUCT_DEFINITION_SHAPE('',$,#3116);
#3114=SHAPE_REPRESENTATION('',(#1587),#3106);
#3115=PRODUCT_DEFINITION_CONTEXT('part definition',#3120,'design');
#3116=PRODUCT_DEFINITION('2026-08-24-20-16-12-432',
'TreeSensorLEDHolder',#3117,#3115);
#3117=PRODUCT_DEFINITION_FORMATION('',$,#3122);
#3118=PRODUCT_RELATED_PRODUCT_CATEGORY('TreeSensorLEDHolder',
'TreeSensorLEDHolder',(#3122));
#3119=APPLICATION_PROTOCOL_DEFINITION('international standard',
'automotive_design',2009,#3120);
#3120=APPLICATION_CONTEXT(
'Core Data for Automotive Mechanical Design Process');
#3121=PRODUCT_CONTEXT('part definition',#3120,'mechanical');
#3122=PRODUCT('2026-08-24-20-16-12-432','TreeSensorLEDHolder',$,(#3121));
#3123=PRESENTATION_STYLE_ASSIGNMENT((#3124));
#3124=SURFACE_STYLE_USAGE(.BOTH.,#3125);
#3125=SURFACE_SIDE_STYLE('',(#3126));
#3126=SURFACE_STYLE_FILL_AREA(#3127);
#3127=FILL_AREA_STYLE('Steel - Satin',(#3128));
#3128=FILL_AREA_STYLE_COLOUR('Steel - Satin',#3129);
#3129=COLOUR_RGB('Steel - Satin',0.627450980392157,0.627450980392157,0.627450980392157);
ENDSEC;
END-ISO-10303-21;
