ISO-10303-21;
HEADER;
/* Generated by software containing ST-Developer
 * from STEP Tools, Inc. (www.steptools.com) 
 */

FILE_DESCRIPTION(
/* description */ (''),
/* implementation_level */ '2;1');

FILE_NAME(
/* name */ 'BoxFrameBackLeft.step',
/* time_stamp */ '2026-08-30T19:19:19+01:00',
/* author */ (''),
/* organization */ (''),
/* preprocessor_version */ 'ST-DEVELOPER v20.1',
/* originating_system */ 'Autodesk Translation Framework v15.8.0.0',
/* authorisation */ '');

FILE_SCHEMA (('AUTOMOTIVE_DESIGN { 1 0 10303 214 3 1 1 }'));
ENDSEC;

DATA;
#10=MECHANICAL_DESIGN_GEOMETRIC_PRESENTATION_REPRESENTATION('',(#13),#2376);
#11=SHAPE_REPRESENTATION_RELATIONSHIP('SRR','None',#2383,#12);
#12=ADVANCED_BREP_SHAPE_REPRESENTATION('',(#14),#2375);
#13=STYLED_ITEM('',(#2392),#14);
#14=MANIFOLD_SOLID_BREP('Body4',#567);
#15=B_SPLINE_SURFACE_WITH_KNOTS('',3,3,((#1433,#1434,#1435,#1436),(#1437,
#1438,#1439,#1440),(#1441,#1442,#1443,#1444),(#1445,#1446,#1447,#1448),
(#1449,#1450,#1451,#1452),(#1453,#1454,#1455,#1456),(#1457,#1458,#1459,
#1460)),.UNSPECIFIED.,.F.,.F.,.F.,(4,1,1,1,4),(4,4),(0.,0.285714285714286,
0.571428571428571,0.857142857142857,1.),(-1.,-0.995809749903074),
 .UNSPECIFIED.);
#16=B_SPLINE_SURFACE_WITH_KNOTS('',3,3,((#1508,#1509,#1510,#1511,#1512,
#1513,#1514,#1515,#1516,#1517,#1518,#1519,#1520,#1521,#1522,#1523,#1524,
#1525,#1526,#1527,#1528,#1529,#1530,#1531,#1532,#1533,#1534,#1535,#1536,
#1537,#1538,#1539,#1540,#1541,#1542,#1543,#1544,#1545,#1546,#1547,#1548,
#1549,#1550,#1551,#1552,#1553,#1554,#1555,#1556,#1557,#1558,#1559,#1560,
#1561,#1562,#1563,#1564,#1565,#1566,#1567,#1568,#1569,#1570,#1571,#1572,
#1573,#1574,#1575,#1576,#1577,#1578,#1579,#1580,#1581,#1582,#1583,#1584,
#1585),(#1586,#1587,#1588,#1589,#1590,#1591,#1592,#1593,#1594,#1595,#1596,
#1597,#1598,#1599,#1600,#1601,#1602,#1603,#1604,#1605,#1606,#1607,#1608,
#1609,#1610,#1611,#1612,#1613,#1614,#1615,#1616,#1617,#1618,#1619,#1620,
#1621,#1622,#1623,#1624,#1625,#1626,#1627,#1628,#1629,#1630,#1631,#1632,
#1633,#1634,#1635,#1636,#1637,#1638,#1639,#1640,#1641,#1642,#1643,#1644,
#1645,#1646,#1647,#1648,#1649,#1650,#1651,#1652,#1653,#1654,#1655,#1656,
#1657,#1658,#1659,#1660,#1661,#1662,#1663),(#1664,#1665,#1666,#1667,#1668,
#1669,#1670,#1671,#1672,#1673,#1674,#1675,#1676,#1677,#1678,#1679,#1680,
#1681,#1682,#1683,#1684,#1685,#1686,#1687,#1688,#1689,#1690,#1691,#1692,
#1693,#1694,#1695,#1696,#1697,#1698,#1699,#1700,#1701,#1702,#1703,#1704,
#1705,#1706,#1707,#1708,#1709,#1710,#1711,#1712,#1713,#1714,#1715,#1716,
#1717,#1718,#1719,#1720,#1721,#1722,#1723,#1724,#1725,#1726,#1727,#1728,
#1729,#1730,#1731,#1732,#1733,#1734,#1735,#1736,#1737,#1738,#1739,#1740,
#1741),(#1742,#1743,#1744,#1745,#1746,#1747,#1748,#1749,#1750,#1751,#1752,
#1753,#1754,#1755,#1756,#1757,#1758,#1759,#1760,#1761,#1762,#1763,#1764,
#1765,#1766,#1767,#1768,#1769,#1770,#1771,#1772,#1773,#1774,#1775,#1776,
#1777,#1778,#1779,#1780,#1781,#1782,#1783,#1784,#1785,#1786,#1787,#1788,
#1789,#1790,#1791,#1792,#1793,#1794,#1795,#1796,#1797,#1798,#1799,#1800,
#1801,#1802,#1803,#1804,#1805,#1806,#1807,#1808,#1809,#1810,#1811,#1812,
#1813,#1814,#1815,#1816,#1817,#1818,#1819),(#1820,#1821,#1822,#1823,#1824,
#1825,#1826,#1827,#1828,#1829,#1830,#1831,#1832,#1833,#1834,#1835,#1836,
#1837,#1838,#1839,#1840,#1841,#1842,#1843,#1844,#1845,#1846,#1847,#1848,
#1849,#1850,#1851,#1852,#1853,#1854,#1855,#1856,#1857,#1858,#1859,#1860,
#1861,#1862,#1863,#1864,#1865,#1866,#1867,#1868,#1869,#1870,#1871,#1872,
#1873,#1874,#1875,#1876,#1877,#1878,#1879,#1880,#1881,#1882,#1883,#1884,
#1885,#1886,#1887,#1888,#1889,#1890,#1891,#1892,#1893,#1894,#1895,#1896,
#1897),(#1898,#1899,#1900,#1901,#1902,#1903,#1904,#1905,#1906,#1907,#1908,
#1909,#1910,#1911,#1912,#1913,#1914,#1915,#1916,#1917,#1918,#1919,#1920,
#1921,#1922,#1923,#1924,#1925,#1926,#1927,#1928,#1929,#1930,#1931,#1932,
#1933,#1934,#1935,#1936,#1937,#1938,#1939,#1940,#1941,#1942,#1943,#1944,
#1945,#1946,#1947,#1948,#1949,#1950,#1951,#1952,#1953,#1954,#1955,#1956,
#1957,#1958,#1959,#1960,#1961,#1962,#1963,#1964,#1965,#1966,#1967,#1968,
#1969,#1970,#1971,#1972,#1973,#1974,#1975),(#1976,#1977,#1978,#1979,#1980,
#1981,#1982,#1983,#1984,#1985,#1986,#1987,#1988,#1989,#1990,#1991,#1992,
#1993,#1994,#1995,#1996,#1997,#1998,#1999,#2000,#2001,#2002,#2003,#2004,
#2005,#2006,#2007,#2008,#2009,#2010,#2011,#2012,#2013,#2014,#2015,#2016,
#2017,#2018,#2019,#2020,#2021,#2022,#2023,#2024,#2025,#2026,#2027,#2028,
#2029,#2030,#2031,#2032,#2033,#2034,#2035,#2036,#2037,#2038,#2039,#2040,
#2041,#2042,#2043,#2044,#2045,#2046,#2047,#2048,#2049,#2050,#2051,#2052,
#2053)),.UNSPECIFIED.,.F.,.F.,.F.,(4,1,1,1,4),(4,1,1,1,1,1,1,1,1,1,1,1,
1,1,1,1,1,1,1,1,1,1,1,1,1,1,1,1,1,1,1,1,1,1,1,1,1,1,1,1,1,1,1,1,1,1,1,1,
1,1,1,1,1,1,1,1,1,1,1,1,1,1,1,1,1,1,1,1,1,1,1,1,1,1,1,4),(0.,0.285714285714286,
0.571428571428571,0.857142857142857,1.),(-0.239191720636282,-0.234920439910634,
-0.230649159184987,-0.226377878459339,-0.222106597733691,-0.213564036282395,
-0.205021474831099,-0.202885834468275,-0.200750194105451,-0.196478913379803,
-0.187936351928508,-0.179393790477212,-0.177258150114388,-0.175122509751564,
-0.17298686938874,-0.170851229025916,-0.168003708542151,-0.165156188058385,
-0.159461147090855,-0.15661362660709,-0.153766106123324,-0.150918585639559,
-0.149494825397676,-0.148071065155794,-0.145223544672029,-0.142376024188263,
-0.139528503704498,-0.136680983220733,-0.13525722297885,-0.133833462736967,
-0.132409702495085,-0.130985942253202,-0.130274062132261,-0.12956218201132,
-0.128850301890378,-0.128672331860143,-0.128494361829908,-0.128138421769437,
-0.127782481708966,-0.127426541648496,-0.126714661527554,-0.126002781406613,
-0.125646841346142,-0.125468871315907,-0.125290901285672,-0.122759771966769,
-0.121494207307318,-0.119595860318141,-0.118646686823553,-0.118172100076259,
-0.117697513328964,-0.116748339834376,-0.115799166339787,-0.113900819350611,
-0.112002472361434,-0.10820577838308,-0.106782018141197,-0.105358257899315,
-0.10251073741555,-0.0996632169317843,-0.096815696448019,-0.0953919362061364,
-0.0911206554804885,-0.0797305735454274,-0.0683404916103664,-0.0626454506428358,
-0.0569504096753053,-0.0512553687077748,-0.0455603277402443,-0.0398652867727137,
-0.0341702458051832,-0.0298989650795353,-0.0256276843538874,-0.0170851229025916,
-0.0085425614512958,2.34582137099855E-34),.UNSPECIFIED.);
#17=(
BOUNDED_CURVE()
B_SPLINE_CURVE(5,(#1427,#1428,#1429,#1430,#1431,#1432),.UNSPECIFIED.,.F.,
 .F.)
B_SPLINE_CURVE_WITH_KNOTS((6,6),(0.995639073196773,1.),.UNSPECIFIED.)
CURVE()
GEOMETRIC_REPRESENTATION_ITEM()
RATIONAL_B_SPLINE_CURVE((1.,1.,1.,1.,1.,1.))
REPRESENTATION_ITEM('')
);
#18=(
BOUNDED_CURVE()
B_SPLINE_CURVE(5,(#1465,#1466,#1467,#1468,#1469,#1470,#1471,#1472,#1473,
#1474,#1475,#1476,#1477,#1478,#1479,#1480,#1481,#1482,#1483,#1484,#1485,
#1486,#1487,#1488,#1489,#1490,#1491,#1492,#1493,#1494,#1495,#1496,#1497,
#1498,#1499,#1500,#1501,#1502),.UNSPECIFIED.,.F.,.F.)
B_SPLINE_CURVE_WITH_KNOTS((6,1,1,1,1,1,1,1,1,1,1,1,1,1,1,1,1,1,1,1,1,1,
1,1,1,1,1,1,1,1,1,1,1,6),(0.,0.00869565217391304,0.0173913043478261,0.0260869565217391,
0.0347826086956522,0.0434782608695652,0.0521739130434783,0.0608695652173913,
0.0695652173913043,0.0782608695652174,0.0869565217391304,0.0956521739130435,
0.104347826086957,0.11304347826087,0.121739130434783,0.130434782608696,
0.139130434782609,0.147826086956522,0.156521739130435,0.165217391304348,
0.173913043478261,0.182608695652174,0.191304347826087,0.2,0.208695652173913,
0.217391304347826,0.226086956521739,0.234782608695652,0.243478260869565,
0.252173913043478,0.260869565217391,0.269565217391304,0.278260869565218,
0.285644178041079),.UNSPECIFIED.)
CURVE()
GEOMETRIC_REPRESENTATION_ITEM()
RATIONAL_B_SPLINE_CURVE((1.,1.,1.,1.,1.,1.,1.,1.,1.,1.,1.,1.,1.,1.,1.,1.,
1.,1.,1.,1.,1.,1.,1.,1.,1.,1.,1.,1.,1.,1.,1.,1.,1.,1.,1.,1.,1.,1.))
REPRESENTATION_ITEM('')
);
#19=(
BOUNDED_SURFACE()
B_SPLINE_SURFACE(5,1,((#1180,#1181),(#1182,#1183),(#1184,#1185),(#1186,
#1187),(#1188,#1189),(#1190,#1191),(#1192,#1193),(#1194,#1195),(#1196,#1197),
(#1198,#1199),(#1200,#1201),(#1202,#1203),(#1204,#1205),(#1206,#1207),(#1208,
#1209),(#1210,#1211),(#1212,#1213),(#1214,#1215),(#1216,#1217),(#1218,#1219),
(#1220,#1221),(#1222,#1223),(#1224,#1225),(#1226,#1227),(#1228,#1229),(#1230,
#1231),(#1232,#1233),(#1234,#1235),(#1236,#1237),(#1238,#1239),(#1240,#1241),
(#1242,#1243),(#1244,#1245),(#1246,#1247),(#1248,#1249),(#1250,#1251),(#1252,
#1253),(#1254,#1255),(#1256,#1257),(#1258,#1259),(#1260,#1261),(#1262,#1263),
(#1264,#1265),(#1266,#1267),(#1268,#1269),(#1270,#1271),(#1272,#1273),(#1274,
#1275),(#1276,#1277),(#1278,#1279),(#1280,#1281),(#1282,#1283),(#1284,#1285),
(#1286,#1287),(#1288,#1289),(#1290,#1291),(#1292,#1293),(#1294,#1295),(#1296,
#1297),(#1298,#1299),(#1300,#1301),(#1302,#1303),(#1304,#1305),(#1306,#1307),
(#1308,#1309),(#1310,#1311),(#1312,#1313),(#1314,#1315),(#1316,#1317),(#1318,
#1319),(#1320,#1321),(#1322,#1323),(#1324,#1325),(#1326,#1327),(#1328,#1329),
(#1330,#1331),(#1332,#1333),(#1334,#1335),(#1336,#1337),(#1338,#1339),(#1340,
#1341),(#1342,#1343),(#1344,#1345),(#1346,#1347),(#1348,#1349),(#1350,#1351),
(#1352,#1353),(#1354,#1355),(#1356,#1357),(#1358,#1359),(#1360,#1361),(#1362,
#1363),(#1364,#1365),(#1366,#1367),(#1368,#1369),(#1370,#1371),(#1372,#1373),
(#1374,#1375),(#1376,#1377),(#1378,#1379),(#1380,#1381),(#1382,#1383),(#1384,
#1385),(#1386,#1387),(#1388,#1389),(#1390,#1391),(#1392,#1393),(#1394,#1395),
(#1396,#1397),(#1398,#1399),(#1400,#1401),(#1402,#1403),(#1404,#1405),(#1406,
#1407),(#1408,#1409),(#1410,#1411),(#1412,#1413),(#1414,#1415),(#1416,#1417),
(#1418,#1419)),.UNSPECIFIED.,.T.,.F.,.F.)
B_SPLINE_SURFACE_WITH_KNOTS((6,1,1,1,1,1,1,1,1,1,1,1,1,1,1,1,1,1,1,1,1,
1,1,1,1,1,1,1,1,1,1,1,1,1,1,1,1,1,1,1,1,1,1,1,1,1,1,1,1,1,1,1,1,1,1,1,1,
1,1,1,1,1,1,1,1,1,1,1,1,1,1,1,1,1,1,1,1,1,1,1,1,1,1,1,1,1,1,1,1,1,1,1,1,
1,1,1,1,1,1,1,1,1,1,1,1,1,1,1,1,1,1,1,1,1,1,6),(2,2),(-1.,-0.991304347826084,
-0.982608695652171,-0.973913043478258,-0.965217391304345,-0.956521739130432,
-0.947826086956519,-0.939130434782606,-0.930434782608693,-0.92173913043478,
-0.913043478260867,-0.904347826086954,-0.895652173913041,-0.886956521739128,
-0.878260869565215,-0.869565217391302,-0.860869565217389,-0.852173913043476,
-0.843478260869563,-0.83478260869565,-0.826086956521737,-0.817391304347824,
-0.808695652173911,-0.799999999999998,-0.791304347826085,-0.782608695652173,
-0.77391304347826,-0.765217391304347,-0.756521739130434,-0.747826086956521,
-0.739130434782608,-0.730434782608695,-0.721739130434782,-0.713043478260869,
-0.704347826086956,-0.695652173913043,-0.68695652173913,-0.678260869565217,
-0.669565217391304,-0.660869565217391,-0.652173913043478,-0.643478260869565,
-0.634782608695652,-0.626086956521739,-0.617391304347826,-0.608695652173913,
-0.6,-0.591304347826087,-0.582608695652174,-0.573913043478261,-0.565217391304348,
-0.556521739130435,-0.547826086956522,-0.539130434782609,-0.530434782608696,
-0.521739130434783,-0.51304347826087,-0.504347826086957,-0.495652173913044,
-0.486956521739131,-0.478260869565218,-0.469565217391305,-0.460869565217392,
-0.452173913043478,-0.443478260869565,-0.434782608695652,-0.426086956521739,
-0.417391304347826,-0.408695652173913,-0.4,-0.391304347826087,-0.382608695652174,
-0.373913043478261,-0.365217391304348,-0.356521739130435,-0.347826086956522,
-0.339130434782609,-0.330434782608696,-0.321739130434783,-0.31304347826087,
-0.304347826086957,-0.295652173913044,-0.286956521739131,-0.278260869565218,
-0.269565217391304,-0.260869565217391,-0.252173913043478,-0.243478260869565,
-0.234782608695652,-0.226086956521739,-0.217391304347826,-0.208695652173913,
-0.2,-0.191304347826087,-0.182608695652174,-0.173913043478261,-0.165217391304348,
-0.156521739130435,-0.147826086956522,-0.139130434782609,-0.130434782608696,
-0.121739130434783,-0.11304347826087,-0.104347826086957,-0.0956521739130435,
-0.0869565217391304,-0.0782608695652174,-0.0695652173913043,-0.0608695652173913,
-0.0521739130434783,-0.0434782608695652,-0.0347826086956522,-0.0260869565217391,
-0.0173913043478261,-0.00869565217391304,0.),(0.,7.),.UNSPECIFIED.)
GEOMETRIC_REPRESENTATION_ITEM()
RATIONAL_B_SPLINE_SURFACE(((1.,1.),(1.,1.),(1.,1.),(1.,1.),(1.,1.),(1.,
1.),(1.,1.),(1.,1.),(1.,1.),(1.,1.),(1.,1.),(1.,1.),(1.,1.),(1.,1.),(1.,
1.),(1.,1.),(1.,1.),(1.,1.),(1.,1.),(1.,1.),(1.,1.),(1.,1.),(1.,1.),(1.,
1.),(1.,1.),(1.,1.),(1.,1.),(1.,1.),(1.,1.),(1.,1.),(1.,1.),(1.,1.),(1.,
1.),(1.,1.),(1.,1.),(1.,1.),(1.,1.),(1.,1.),(1.,1.),(1.,1.),(1.,1.),(1.,
1.),(1.,1.),(1.,1.),(1.,1.),(1.,1.),(1.,1.),(1.,1.),(1.,1.),(1.,1.),(1.,
1.),(1.,1.),(1.,1.),(1.,1.),(1.,1.),(1.,1.),(1.,1.),(1.,1.),(1.,1.),(1.,
1.),(1.,1.),(1.,1.),(1.,1.),(1.,1.),(1.,1.),(1.,1.),(1.,1.),(1.,1.),(1.,
1.),(1.,1.),(1.,1.),(1.,1.),(1.,1.),(1.,1.),(1.,1.),(1.,1.),(1.,1.),(1.,
1.),(1.,1.),(1.,1.),(1.,1.),(1.,1.),(1.,1.),(1.,1.),(1.,1.),(1.,1.),(1.,
1.),(1.,1.),(1.,1.),(1.,1.),(1.,1.),(1.,1.),(1.,1.),(1.,1.),(1.,1.),(1.,
1.),(1.,1.),(1.,1.),(1.,1.),(1.,1.),(1.,1.),(1.,1.),(1.,1.),(1.,1.),(1.,
1.),(1.,1.),(1.,1.),(1.,1.),(1.,1.),(1.,1.),(1.,1.),(1.,1.),(1.,1.),(1.,
1.),(1.,1.),(1.,1.),(1.,1.),(1.,1.),(1.,1.),(1.,1.)))
REPRESENTATION_ITEM('')
SURFACE()
);
#20=(
BOUNDED_SURFACE()
B_SPLINE_SURFACE(5,1,((#2132,#2133),(#2134,#2135),(#2136,#2137),(#2138,
#2139),(#2140,#2141),(#2142,#2143),(#2144,#2145),(#2146,#2147),(#2148,#2149),
(#2150,#2151),(#2152,#2153),(#2154,#2155),(#2156,#2157),(#2158,#2159),(#2160,
#2161),(#2162,#2163),(#2164,#2165),(#2166,#2167),(#2168,#2169),(#2170,#2171),
(#2172,#2173),(#2174,#2175),(#2176,#2177),(#2178,#2179),(#2180,#2181),(#2182,
#2183),(#2184,#2185),(#2186,#2187),(#2188,#2189),(#2190,#2191),(#2192,#2193),
(#2194,#2195),(#2196,#2197),(#2198,#2199),(#2200,#2201),(#2202,#2203),(#2204,
#2205),(#2206,#2207),(#2208,#2209),(#2210,#2211),(#2212,#2213),(#2214,#2215),
(#2216,#2217),(#2218,#2219),(#2220,#2221),(#2222,#2223),(#2224,#2225),(#2226,
#2227),(#2228,#2229),(#2230,#2231),(#2232,#2233),(#2234,#2235),(#2236,#2237),
(#2238,#2239),(#2240,#2241),(#2242,#2243),(#2244,#2245),(#2246,#2247),(#2248,
#2249),(#2250,#2251),(#2252,#2253),(#2254,#2255),(#2256,#2257),(#2258,#2259),
(#2260,#2261),(#2262,#2263),(#2264,#2265),(#2266,#2267),(#2268,#2269),(#2270,
#2271),(#2272,#2273),(#2274,#2275),(#2276,#2277),(#2278,#2279),(#2280,#2281),
(#2282,#2283),(#2284,#2285),(#2286,#2287),(#2288,#2289),(#2290,#2291),(#2292,
#2293),(#2294,#2295),(#2296,#2297),(#2298,#2299),(#2300,#2301),(#2302,#2303),
(#2304,#2305),(#2306,#2307),(#2308,#2309),(#2310,#2311),(#2312,#2313),(#2314,
#2315),(#2316,#2317),(#2318,#2319),(#2320,#2321),(#2322,#2323),(#2324,#2325),
(#2326,#2327),(#2328,#2329),(#2330,#2331),(#2332,#2333),(#2334,#2335),(#2336,
#2337),(#2338,#2339),(#2340,#2341),(#2342,#2343),(#2344,#2345),(#2346,#2347),
(#2348,#2349),(#2350,#2351),(#2352,#2353),(#2354,#2355),(#2356,#2357),(#2358,
#2359),(#2360,#2361),(#2362,#2363),(#2364,#2365),(#2366,#2367),(#2368,#2369),
(#2370,#2371)),.UNSPECIFIED.,.T.,.F.,.F.)
B_SPLINE_SURFACE_WITH_KNOTS((6,1,1,1,1,1,1,1,1,1,1,1,1,1,1,1,1,1,1,1,1,
1,1,1,1,1,1,1,1,1,1,1,1,1,1,1,1,1,1,1,1,1,1,1,1,1,1,1,1,1,1,1,1,1,1,1,1,
1,1,1,1,1,1,1,1,1,1,1,1,1,1,1,1,1,1,1,1,1,1,1,1,1,1,1,1,1,1,1,1,1,1,1,1,
1,1,1,1,1,1,1,1,1,1,1,1,1,1,1,1,1,1,1,1,1,1,6),(2,2),(-1.,-0.991304347826084,
-0.982608695652171,-0.973913043478258,-0.965217391304345,-0.956521739130432,
-0.947826086956519,-0.939130434782606,-0.930434782608693,-0.92173913043478,
-0.913043478260867,-0.904347826086954,-0.895652173913041,-0.886956521739128,
-0.878260869565215,-0.869565217391302,-0.860869565217389,-0.852173913043476,
-0.843478260869563,-0.83478260869565,-0.826086956521737,-0.817391304347824,
-0.808695652173911,-0.799999999999998,-0.791304347826085,-0.782608695652173,
-0.77391304347826,-0.765217391304347,-0.756521739130434,-0.747826086956521,
-0.739130434782608,-0.730434782608695,-0.721739130434782,-0.713043478260869,
-0.704347826086956,-0.695652173913043,-0.68695652173913,-0.678260869565217,
-0.669565217391304,-0.660869565217391,-0.652173913043478,-0.643478260869565,
-0.634782608695652,-0.626086956521739,-0.617391304347826,-0.608695652173913,
-0.6,-0.591304347826087,-0.582608695652174,-0.573913043478261,-0.565217391304348,
-0.556521739130435,-0.547826086956522,-0.539130434782609,-0.530434782608696,
-0.521739130434783,-0.51304347826087,-0.504347826086957,-0.495652173913044,
-0.486956521739131,-0.478260869565218,-0.469565217391305,-0.460869565217392,
-0.452173913043478,-0.443478260869565,-0.434782608695652,-0.426086956521739,
-0.417391304347826,-0.408695652173913,-0.4,-0.391304347826087,-0.382608695652174,
-0.373913043478261,-0.365217391304348,-0.356521739130435,-0.347826086956522,
-0.339130434782609,-0.330434782608696,-0.321739130434783,-0.31304347826087,
-0.304347826086957,-0.295652173913044,-0.286956521739131,-0.278260869565218,
-0.269565217391304,-0.260869565217391,-0.252173913043478,-0.243478260869565,
-0.234782608695652,-0.226086956521739,-0.217391304347826,-0.208695652173913,
-0.2,-0.191304347826087,-0.182608695652174,-0.173913043478261,-0.165217391304348,
-0.156521739130435,-0.147826086956522,-0.139130434782609,-0.130434782608696,
-0.121739130434783,-0.11304347826087,-0.104347826086957,-0.0956521739130435,
-0.0869565217391304,-0.0782608695652174,-0.0695652173913043,-0.0608695652173913,
-0.0521739130434783,-0.0434782608695652,-0.0347826086956522,-0.0260869565217391,
-0.0173913043478261,-0.00869565217391304,0.),(0.,7.),.UNSPECIFIED.)
GEOMETRIC_REPRESENTATION_ITEM()
RATIONAL_B_SPLINE_SURFACE(((1.,1.),(1.,1.),(1.,1.),(1.,1.),(1.,1.),(1.,
1.),(1.,1.),(1.,1.),(1.,1.),(1.,1.),(1.,1.),(1.,1.),(1.,1.),(1.,1.),(1.,
1.),(1.,1.),(1.,1.),(1.,1.),(1.,1.),(1.,1.),(1.,1.),(1.,1.),(1.,1.),(1.,
1.),(1.,1.),(1.,1.),(1.,1.),(1.,1.),(1.,1.),(1.,1.),(1.,1.),(1.,1.),(1.,
1.),(1.,1.),(1.,1.),(1.,1.),(1.,1.),(1.,1.),(1.,1.),(1.,1.),(1.,1.),(1.,
1.),(1.,1.),(1.,1.),(1.,1.),(1.,1.),(1.,1.),(1.,1.),(1.,1.),(1.,1.),(1.,
1.),(1.,1.),(1.,1.),(1.,1.),(1.,1.),(1.,1.),(1.,1.),(1.,1.),(1.,1.),(1.,
1.),(1.,1.),(1.,1.),(1.,1.),(1.,1.),(1.,1.),(1.,1.),(1.,1.),(1.,1.),(1.,
1.),(1.,1.),(1.,1.),(1.,1.),(1.,1.),(1.,1.),(1.,1.),(1.,1.),(1.,1.),(1.,
1.),(1.,1.),(1.,1.),(1.,1.),(1.,1.),(1.,1.),(1.,1.),(1.,1.),(1.,1.),(1.,
1.),(1.,1.),(1.,1.),(1.,1.),(1.,1.),(1.,1.),(1.,1.),(1.,1.),(1.,1.),(1.,
1.),(1.,1.),(1.,1.),(1.,1.),(1.,1.),(1.,1.),(1.,1.),(1.,1.),(1.,1.),(1.,
1.),(1.,1.),(1.,1.),(1.,1.),(1.,1.),(1.,1.),(1.,1.),(1.,1.),(1.,1.),(1.,
1.),(1.,1.),(1.,1.),(1.,1.),(1.,1.),(1.,1.),(1.,1.)))
REPRESENTATION_ITEM('')
SURFACE()
);
#21=CIRCLE('',#583,1.10000000013791);
#22=CIRCLE('',#584,1.10000000013791);
#23=CIRCLE('',#586,7.64999999997382);
#24=CIRCLE('',#587,7.64999999997382);
#25=CIRCLE('',#588,7.64999999997382);
#26=CIRCLE('',#590,1.10000000068778);
#27=CIRCLE('',#591,1.10000000068778);
#28=CIRCLE('',#594,1.39999999573262);
#29=CIRCLE('',#595,1.39999999573262);
#30=CIRCLE('',#597,3.60000000170713);
#31=CIRCLE('',#598,3.60000000170713);
#32=CIRCLE('',#600,1.39999999999973);
#33=CIRCLE('',#601,1.39999999999973);
#34=CIRCLE('',#605,1.1);
#35=CIRCLE('',#606,3.90000000000004);
#36=CIRCLE('',#607,1.1);
#37=CIRCLE('',#610,2.64999999999995);
#38=CIRCLE('',#611,7.35000000000005);
#39=CIRCLE('',#612,2.65);
#40=CIRCLE('',#615,1.1);
#41=CIRCLE('',#617,3.90000000000004);
#42=CIRCLE('',#619,1.1);
#43=CIRCLE('',#622,2.65);
#44=CIRCLE('',#624,7.35000000000005);
#45=CIRCLE('',#626,2.64999999999995);
#46=CIRCLE('',#628,20.);
#47=CYLINDRICAL_SURFACE('',#582,1.10000000013791);
#48=CYLINDRICAL_SURFACE('',#585,7.64999999997382);
#49=CYLINDRICAL_SURFACE('',#589,1.10000000068778);
#50=CYLINDRICAL_SURFACE('',#593,1.39999999573262);
#51=CYLINDRICAL_SURFACE('',#596,3.60000000170713);
#52=CYLINDRICAL_SURFACE('',#599,1.39999999999973);
#53=CYLINDRICAL_SURFACE('',#614,1.1);
#54=CYLINDRICAL_SURFACE('',#616,3.90000000000004);
#55=CYLINDRICAL_SURFACE('',#618,1.1);
#56=CYLINDRICAL_SURFACE('',#621,2.65);
#57=CYLINDRICAL_SURFACE('',#623,7.35000000000005);
#58=CYLINDRICAL_SURFACE('',#625,2.64999999999995);
#59=FACE_OUTER_BOUND('',#89,.T.);
#60=FACE_OUTER_BOUND('',#90,.T.);
#61=FACE_OUTER_BOUND('',#91,.T.);
#62=FACE_OUTER_BOUND('',#92,.T.);
#63=FACE_OUTER_BOUND('',#93,.T.);
#64=FACE_OUTER_BOUND('',#94,.T.);
#65=FACE_OUTER_BOUND('',#95,.T.);
#66=FACE_OUTER_BOUND('',#96,.T.);
#67=FACE_OUTER_BOUND('',#97,.T.);
#68=FACE_OUTER_BOUND('',#98,.T.);
#69=FACE_OUTER_BOUND('',#99,.T.);
#70=FACE_OUTER_BOUND('',#100,.T.);
#71=FACE_OUTER_BOUND('',#101,.T.);
#72=FACE_OUTER_BOUND('',#102,.T.);
#73=FACE_OUTER_BOUND('',#103,.T.);
#74=FACE_OUTER_BOUND('',#104,.T.);
#75=FACE_OUTER_BOUND('',#105,.T.);
#76=FACE_OUTER_BOUND('',#106,.T.);
#77=FACE_OUTER_BOUND('',#107,.T.);
#78=FACE_OUTER_BOUND('',#108,.T.);
#79=FACE_OUTER_BOUND('',#109,.T.);
#80=FACE_OUTER_BOUND('',#110,.T.);
#81=FACE_OUTER_BOUND('',#111,.T.);
#82=FACE_OUTER_BOUND('',#112,.T.);
#83=FACE_OUTER_BOUND('',#113,.T.);
#84=FACE_OUTER_BOUND('',#114,.T.);
#85=FACE_OUTER_BOUND('',#115,.T.);
#86=FACE_OUTER_BOUND('',#116,.T.);
#87=FACE_OUTER_BOUND('',#117,.T.);
#88=FACE_OUTER_BOUND('',#118,.T.);
#89=EDGE_LOOP('',(#357,#358,#359,#360,#361));
#90=EDGE_LOOP('',(#362,#363,#364,#365));
#91=EDGE_LOOP('',(#366,#367,#368,#369,#370,#371));
#92=EDGE_LOOP('',(#372,#373,#374,#375));
#93=EDGE_LOOP('',(#376,#377,#378,#379,#380,#381));
#94=EDGE_LOOP('',(#382,#383,#384,#385));
#95=EDGE_LOOP('',(#386,#387,#388,#389));
#96=EDGE_LOOP('',(#390,#391,#392,#393));
#97=EDGE_LOOP('',(#394,#395,#396,#397));
#98=EDGE_LOOP('',(#398,#399,#400,#401));
#99=EDGE_LOOP('',(#402,#403,#404,#405,#406,#407,#408,#409,#410,#411,#412,
#413,#414,#415));
#100=EDGE_LOOP('',(#416,#417,#418,#419));
#101=EDGE_LOOP('',(#420,#421,#422,#423,#424,#425,#426,#427,#428,#429,#430,
#431));
#102=EDGE_LOOP('',(#432,#433,#434,#435));
#103=EDGE_LOOP('',(#436,#437,#438,#439));
#104=EDGE_LOOP('',(#440,#441,#442,#443));
#105=EDGE_LOOP('',(#444,#445,#446,#447));
#106=EDGE_LOOP('',(#448,#449,#450,#451,#452,#453));
#107=EDGE_LOOP('',(#454,#455,#456,#457));
#108=EDGE_LOOP('',(#458,#459,#460,#461));
#109=EDGE_LOOP('',(#462,#463,#464,#465));
#110=EDGE_LOOP('',(#466,#467,#468,#469,#470));
#111=EDGE_LOOP('',(#471,#472,#473,#474));
#112=EDGE_LOOP('',(#475,#476,#477,#478));
#113=EDGE_LOOP('',(#479,#480,#481,#482));
#114=EDGE_LOOP('',(#483,#484,#485,#486,#487,#488,#489,#490,#491,#492,#493,
#494,#495,#496,#497,#498,#499,#500,#501,#502,#503,#504));
#115=EDGE_LOOP('',(#505,#506,#507,#508));
#116=EDGE_LOOP('',(#509,#510,#511,#512,#513,#514));
#117=EDGE_LOOP('',(#515,#516,#517,#518));
#118=EDGE_LOOP('',(#519,#520,#521,#522));
#119=B_SPLINE_CURVE_WITH_KNOTS('',3,(#790,#791,#792,#793,#794,#795),
 .UNSPECIFIED.,.F.,.F.,(4,2,4),(-5.00000000000001,-2.50000000000001,0.),
 .UNSPECIFIED.);
#120=B_SPLINE_CURVE_WITH_KNOTS('',3,(#797,#798,#799,#800,#801,#802,#803,
#804,#805,#806,#807,#808,#809,#810,#811,#812,#813,#814,#815,#816,#817,#818,
#819,#820,#821,#822,#823,#824,#825,#826,#827,#828,#829,#830,#831,#832,#833,
#834,#835,#836,#837,#838,#839,#840,#841,#842,#843,#844,#845,#846,#847,#848,
#849,#850,#851,#852,#853,#854,#855,#856,#857,#858,#859,#860,#861,#862,#863,
#864,#865,#866,#867,#868,#869,#870,#871,#872,#873,#874,#875,#876,#877,#878,
#879,#880,#881,#882,#883,#884),.UNSPECIFIED.,.F.,.F.,(4,3,3,3,3,3,3,3,3,
3,3,3,3,3,3,3,3,3,3,3,3,3,3,3,3,3,3,3,3,4),(-3.16458048749458,-3.03740708841038,
-2.91028403886324,-2.78407116119904,-2.7512905867854,-2.71126360164874,
-2.58466719259274,-2.45750967665917,-2.33830784341143,-2.21188375269258,
-2.08473716442402,-1.95782144147273,-1.83201288977575,-1.8047146997228,
-1.67793423879079,-1.5522833892279,-1.42660463946369,-1.29517303489923,
-1.16859019561492,-1.04263491983805,-0.918220543423803,-0.900878221205863,
-0.77416414740543,-0.649188731257033,-0.523129221376038,-0.392346916032028,
-0.266286127125648,-0.141123986153535,-0.0177816236664793,0.),
 .UNSPECIFIED.);
#121=B_SPLINE_CURVE_WITH_KNOTS('',3,(#900,#901,#902,#903,#904,#905,#906,
#907,#908,#909,#910,#911,#912,#913,#914,#915,#916,#917,#918,#919,#920,#921,
#922,#923,#924,#925,#926,#927,#928,#929,#930,#931,#932,#933,#934,#935,#936,
#937,#938,#939,#940,#941,#942,#943,#944,#945,#946,#947,#948,#949,#950,#951,
#952,#953,#954,#955,#956,#957,#958,#959,#960),.UNSPECIFIED.,.F.,.F.,(4,
3,3,3,3,3,3,3,3,3,3,3,3,3,3,3,3,3,3,3,4),(-0.909540970384384,-0.841567945476106,
-0.774845277176607,-0.709986508092461,-0.689851711737602,-0.628300375835172,
-0.567577936161335,-0.558454153767007,-0.50016112697658,-0.468147105646318,
-0.441351486487377,-0.40981325735259,-0.375586191509086,-0.355154637034949,
-0.294312475098016,-0.232817713696918,-0.170367244054075,-0.154952753050366,
-0.0882303892294505,-0.0192274557413484,0.),.UNSPECIFIED.);
#122=B_SPLINE_CURVE_WITH_KNOTS('',3,(#1032,#1033,#1034,#1035,#1036,#1037,
#1038,#1039,#1040,#1041,#1042,#1043,#1044,#1045,#1046,#1047,#1048,#1049,
#1050,#1051,#1052,#1053,#1054,#1055,#1056,#1057,#1058,#1059,#1060,#1061,
#1062,#1063,#1064,#1065,#1066,#1067,#1068,#1069,#1070,#1071,#1072,#1073,
#1074,#1075,#1076,#1077,#1078,#1079,#1080,#1081,#1082,#1083,#1084,#1085,
#1086,#1087,#1088,#1089,#1090,#1091,#1092,#1093,#1094,#1095,#1096,#1097,
#1098,#1099,#1100,#1101,#1102,#1103,#1104,#1105,#1106,#1107,#1108),
 .UNSPECIFIED.,.F.,.F.,(4,1,1,1,1,1,1,1,1,1,1,1,1,1,1,1,1,1,1,1,1,1,1,1,
1,1,1,1,1,1,1,1,1,1,1,1,1,1,1,1,1,1,1,1,1,1,1,1,1,1,1,1,1,1,1,1,1,1,1,1,
1,1,1,1,1,1,1,1,1,1,1,1,1,1,4),(-2.34582137099855E-34,0.0085425614512958,
0.0170851229025916,0.0256276843538874,0.0298989650795353,0.0341702458051832,
0.0398652867727137,0.0455603277402443,0.0512553687077748,0.0569504096753053,
0.0626454506428358,0.0683404916103664,0.0797305735454274,0.0911206554804885,
0.0953919362061364,0.096815696448019,0.0996632169317843,0.10251073741555,
0.105358257899315,0.106782018141197,0.10820577838308,0.112002472361434,
0.113900819350611,0.115799166339787,0.116748339834376,0.117697513328964,
0.118172100076259,0.118646686823553,0.119595860318141,0.121494207307318,
0.122759771966769,0.125290901285672,0.125468871315907,0.125646841346142,
0.126002781406613,0.126714661527554,0.127426541648496,0.127782481708966,
0.128138421769437,0.128494361829908,0.128672331860143,0.128850301890378,
0.12956218201132,0.130274062132261,0.130985942253202,0.132409702495085,
0.133833462736967,0.13525722297885,0.136680983220733,0.139528503704498,
0.142376024188263,0.145223544672029,0.148071065155794,0.149494825397676,
0.150918585639559,0.153766106123324,0.15661362660709,0.159461147090855,
0.165156188058385,0.168003708542151,0.170851229025916,0.17298686938874,
0.175122509751564,0.177258150114388,0.179393790477212,0.187936351928508,
0.196478913379803,0.200750194105451,0.202885834468275,0.205021474831099,
0.213564036282395,0.222106597733691,0.226377878459339,0.230649159184987,
0.231596078157633),.UNSPECIFIED.);
#123=B_SPLINE_CURVE_WITH_KNOTS('',3,(#1110,#1111,#1112,#1113),
 .UNSPECIFIED.,.F.,.F.,(4,4),(0.996880876459031,1.),.UNSPECIFIED.);
#124=B_SPLINE_CURVE_WITH_KNOTS('',3,(#1164,#1165,#1166,#1167,#1168,#1169,
#1170,#1171,#1172,#1173),.UNSPECIFIED.,.F.,.F.,(4,2,2,2,4),(-3.15750310389508,
-2.38473347713361,-1.59197490525138,-0.794888962122641,0.),
 .UNSPECIFIED.);
#125=B_SPLINE_CURVE_WITH_KNOTS('',3,(#1174,#1175,#1176,#1177,#1178,#1179),
 .UNSPECIFIED.,.F.,.F.,(4,2,4),(-5.00000000000001,-2.50000000000001,0.),
 .UNSPECIFIED.);
#126=B_SPLINE_CURVE_WITH_KNOTS('',3,(#1421,#1422,#1423,#1424),
 .UNSPECIFIED.,.F.,.F.,(4,4),(-1.,-0.995809749903074),.UNSPECIFIED.);
#127=B_SPLINE_CURVE_WITH_KNOTS('',3,(#1504,#1505,#1506,#1507),
 .UNSPECIFIED.,.F.,.F.,(4,4),(0.237209244174811,0.239191720636282),
 .UNSPECIFIED.);
#128=B_SPLINE_CURVE_WITH_KNOTS('',3,(#2054,#2055,#2056,#2057,#2058,#2059,
#2060,#2061,#2062,#2063,#2064,#2065,#2066,#2067,#2068,#2069,#2070,#2071,
#2072,#2073,#2074,#2075,#2076,#2077,#2078,#2079,#2080,#2081,#2082,#2083,
#2084,#2085,#2086,#2087,#2088,#2089,#2090,#2091,#2092,#2093,#2094,#2095,
#2096,#2097,#2098,#2099,#2100,#2101,#2102,#2103,#2104,#2105,#2106,#2107,
#2108,#2109,#2110,#2111,#2112,#2113,#2114,#2115,#2116,#2117,#2118,#2119,
#2120,#2121,#2122,#2123,#2124,#2125,#2126,#2127,#2128,#2129,#2130,#2131),
 .UNSPECIFIED.,.F.,.F.,(4,1,1,1,1,1,1,1,1,1,1,1,1,1,1,1,1,1,1,1,1,1,1,1,
1,1,1,1,1,1,1,1,1,1,1,1,1,1,1,1,1,1,1,1,1,1,1,1,1,1,1,1,1,1,1,1,1,1,1,1,
1,1,1,1,1,1,1,1,1,1,1,1,1,1,1,4),(-0.23735089737533,-0.234920439910634,
-0.230649159184987,-0.226377878459339,-0.222106597733691,-0.213564036282395,
-0.205021474831099,-0.202885834468275,-0.200750194105451,-0.196478913379803,
-0.187936351928508,-0.179393790477212,-0.177258150114388,-0.175122509751564,
-0.17298686938874,-0.170851229025916,-0.168003708542151,-0.165156188058385,
-0.159461147090855,-0.15661362660709,-0.153766106123324,-0.150918585639559,
-0.149494825397676,-0.148071065155794,-0.145223544672029,-0.142376024188263,
-0.139528503704498,-0.136680983220733,-0.13525722297885,-0.133833462736967,
-0.132409702495085,-0.130985942253202,-0.130274062132261,-0.12956218201132,
-0.128850301890378,-0.128672331860143,-0.128494361829908,-0.128138421769437,
-0.127782481708966,-0.127426541648496,-0.126714661527554,-0.126002781406613,
-0.125646841346142,-0.125468871315907,-0.125290901285672,-0.122759771966769,
-0.121494207307318,-0.119595860318141,-0.118646686823553,-0.118172100076259,
-0.117697513328964,-0.116748339834376,-0.115799166339787,-0.113900819350611,
-0.112002472361434,-0.10820577838308,-0.106782018141197,-0.105358257899315,
-0.10251073741555,-0.0996632169317843,-0.096815696448019,-0.0953919362061364,
-0.0911206554804885,-0.0797305735454274,-0.0683404916103664,-0.0626454506428358,
-0.0569504096753053,-0.0512553687077748,-0.0455603277402443,-0.0398652867727137,
-0.0341702458051832,-0.0298989650795353,-0.0256276843538874,-0.0170851229025916,
-0.0085425614512958,2.34582137099855E-34),.UNSPECIFIED.);
#129=LINE('',#788,#174);
#130=LINE('',#886,#175);
#131=LINE('',#887,#176);
#132=LINE('',#893,#177);
#133=LINE('',#963,#178);
#134=LINE('',#969,#179);
#135=LINE('',#972,#180);
#136=LINE('',#974,#181);
#137=LINE('',#976,#182);
#138=LINE('',#978,#183);
#139=LINE('',#979,#184);
#140=LINE('',#985,#185);
#141=LINE('',#991,#186);
#142=LINE('',#997,#187);
#143=LINE('',#1000,#188);
#144=LINE('',#1002,#189);
#145=LINE('',#1003,#190);
#146=LINE('',#1006,#191);
#147=LINE('',#1008,#192);
#148=LINE('',#1009,#193);
#149=LINE('',#1012,#194);
#150=LINE('',#1014,#195);
#151=LINE('',#1016,#196);
#152=LINE('',#1024,#197);
#153=LINE('',#1025,#198);
#154=LINE('',#1028,#199);
#155=LINE('',#1029,#200);
#156=LINE('',#1115,#201);
#157=LINE('',#1123,#202);
#158=LINE('',#1124,#203);
#159=LINE('',#1128,#204);
#160=LINE('',#1129,#205);
#161=LINE('',#1130,#206);
#162=LINE('',#1134,#207);
#163=LINE('',#1138,#208);
#164=LINE('',#1142,#209);
#165=LINE('',#1145,#210);
#166=LINE('',#1146,#211);
#167=LINE('',#1147,#212);
#168=LINE('',#1151,#213);
#169=LINE('',#1155,#214);
#170=LINE('',#1159,#215);
#171=LINE('',#1162,#216);
#172=LINE('',#1426,#217);
#173=LINE('',#1464,#218);
#174=VECTOR('',#637,10.);
#175=VECTOR('',#638,10.);
#176=VECTOR('',#639,10.);
#177=VECTOR('',#646,10.);
#178=VECTOR('',#655,10.);
#179=VECTOR('',#662,10.);
#180=VECTOR('',#665,10.);
#181=VECTOR('',#666,10.);
#182=VECTOR('',#667,10.);
#183=VECTOR('',#668,10.);
#184=VECTOR('',#669,10.);
#185=VECTOR('',#676,10.);
#186=VECTOR('',#683,10.);
#187=VECTOR('',#690,10.);
#188=VECTOR('',#693,10.);
#189=VECTOR('',#694,10.);
#190=VECTOR('',#695,10.);
#191=VECTOR('',#698,10.);
#192=VECTOR('',#699,10.);
#193=VECTOR('',#700,10.);
#194=VECTOR('',#703,10.);
#195=VECTOR('',#704,10.);
#196=VECTOR('',#705,10.);
#197=VECTOR('',#712,10.);
#198=VECTOR('',#713,10.);
#199=VECTOR('',#716,10.);
#200=VECTOR('',#717,10.);
#201=VECTOR('',#720,10.);
#202=VECTOR('',#727,10.);
#203=VECTOR('',#728,10.);
#204=VECTOR('',#731,10.);
#205=VECTOR('',#732,10.);
#206=VECTOR('',#733,10.);
#207=VECTOR('',#738,10.);
#208=VECTOR('',#743,10.);
#209=VECTOR('',#748,10.);
#210=VECTOR('',#751,10.);
#211=VECTOR('',#752,10.);
#212=VECTOR('',#753,10.);
#213=VECTOR('',#758,10.);
#214=VECTOR('',#763,10.);
#215=VECTOR('',#768,10.);
#216=VECTOR('',#771,10.);
#217=VECTOR('',#772,10.);
#218=VECTOR('',#779,10.);
#219=VERTEX_POINT('',#786);
#220=VERTEX_POINT('',#787);
#221=VERTEX_POINT('',#789);
#222=VERTEX_POINT('',#796);
#223=VERTEX_POINT('',#885);
#224=VERTEX_POINT('',#889);
#225=VERTEX_POINT('',#891);
#226=VERTEX_POINT('',#895);
#227=VERTEX_POINT('',#897);
#228=VERTEX_POINT('',#899);
#229=VERTEX_POINT('',#961);
#230=VERTEX_POINT('',#965);
#231=VERTEX_POINT('',#967);
#232=VERTEX_POINT('',#971);
#233=VERTEX_POINT('',#973);
#234=VERTEX_POINT('',#975);
#235=VERTEX_POINT('',#977);
#236=VERTEX_POINT('',#981);
#237=VERTEX_POINT('',#983);
#238=VERTEX_POINT('',#987);
#239=VERTEX_POINT('',#989);
#240=VERTEX_POINT('',#993);
#241=VERTEX_POINT('',#995);
#242=VERTEX_POINT('',#999);
#243=VERTEX_POINT('',#1001);
#244=VERTEX_POINT('',#1005);
#245=VERTEX_POINT('',#1007);
#246=VERTEX_POINT('',#1011);
#247=VERTEX_POINT('',#1013);
#248=VERTEX_POINT('',#1015);
#249=VERTEX_POINT('',#1017);
#250=VERTEX_POINT('',#1019);
#251=VERTEX_POINT('',#1021);
#252=VERTEX_POINT('',#1023);
#253=VERTEX_POINT('',#1027);
#254=VERTEX_POINT('',#1031);
#255=VERTEX_POINT('',#1109);
#256=VERTEX_POINT('',#1114);
#257=VERTEX_POINT('',#1116);
#258=VERTEX_POINT('',#1118);
#259=VERTEX_POINT('',#1120);
#260=VERTEX_POINT('',#1122);
#261=VERTEX_POINT('',#1126);
#262=VERTEX_POINT('',#1127);
#263=VERTEX_POINT('',#1132);
#264=VERTEX_POINT('',#1136);
#265=VERTEX_POINT('',#1140);
#266=VERTEX_POINT('',#1144);
#267=VERTEX_POINT('',#1149);
#268=VERTEX_POINT('',#1153);
#269=VERTEX_POINT('',#1157);
#270=VERTEX_POINT('',#1161);
#271=VERTEX_POINT('',#1163);
#272=VERTEX_POINT('',#1420);
#273=VERTEX_POINT('',#1425);
#274=EDGE_CURVE('',#219,#220,#129,.T.);
#275=EDGE_CURVE('',#221,#219,#119,.T.);
#276=EDGE_CURVE('',#222,#221,#120,.T.);
#277=EDGE_CURVE('',#223,#222,#130,.T.);
#278=EDGE_CURVE('',#220,#223,#131,.T.);
#279=EDGE_CURVE('',#220,#224,#21,.T.);
#280=EDGE_CURVE('',#225,#223,#22,.T.);
#281=EDGE_CURVE('',#224,#225,#132,.T.);
#282=EDGE_CURVE('',#224,#226,#23,.T.);
#283=EDGE_CURVE('',#227,#225,#24,.T.);
#284=EDGE_CURVE('',#228,#227,#121,.T.);
#285=EDGE_CURVE('',#229,#228,#25,.T.);
#286=EDGE_CURVE('',#226,#229,#133,.T.);
#287=EDGE_CURVE('',#226,#230,#26,.T.);
#288=EDGE_CURVE('',#231,#229,#27,.T.);
#289=EDGE_CURVE('',#230,#231,#134,.T.);
#290=EDGE_CURVE('',#230,#232,#135,.T.);
#291=EDGE_CURVE('',#233,#231,#136,.T.);
#292=EDGE_CURVE('',#234,#233,#137,.T.);
#293=EDGE_CURVE('',#235,#234,#138,.T.);
#294=EDGE_CURVE('',#232,#235,#139,.T.);
#295=EDGE_CURVE('',#232,#236,#28,.T.);
#296=EDGE_CURVE('',#237,#235,#29,.T.);
#297=EDGE_CURVE('',#236,#237,#140,.T.);
#298=EDGE_CURVE('',#236,#238,#30,.T.);
#299=EDGE_CURVE('',#239,#237,#31,.T.);
#300=EDGE_CURVE('',#238,#239,#141,.T.);
#301=EDGE_CURVE('',#238,#240,#32,.T.);
#302=EDGE_CURVE('',#241,#239,#33,.T.);
#303=EDGE_CURVE('',#240,#241,#142,.T.);
#304=EDGE_CURVE('',#240,#242,#143,.T.);
#305=EDGE_CURVE('',#243,#241,#144,.T.);
#306=EDGE_CURVE('',#242,#243,#145,.T.);
#307=EDGE_CURVE('',#244,#243,#146,.T.);
#308=EDGE_CURVE('',#245,#244,#147,.T.);
#309=EDGE_CURVE('',#245,#242,#148,.T.);
#310=EDGE_CURVE('',#246,#234,#149,.T.);
#311=EDGE_CURVE('',#247,#246,#150,.T.);
#312=EDGE_CURVE('',#247,#248,#151,.T.);
#313=EDGE_CURVE('',#248,#249,#34,.T.);
#314=EDGE_CURVE('',#249,#250,#35,.T.);
#315=EDGE_CURVE('',#250,#251,#36,.T.);
#316=EDGE_CURVE('',#251,#252,#152,.T.);
#317=EDGE_CURVE('',#252,#244,#153,.T.);
#318=EDGE_CURVE('',#253,#233,#154,.T.);
#319=EDGE_CURVE('',#246,#253,#155,.T.);
#320=EDGE_CURVE('',#254,#228,#122,.T.);
#321=EDGE_CURVE('',#255,#254,#123,.T.);
#322=EDGE_CURVE('',#255,#256,#156,.T.);
#323=EDGE_CURVE('',#256,#257,#37,.T.);
#324=EDGE_CURVE('',#257,#258,#38,.T.);
#325=EDGE_CURVE('',#258,#259,#39,.T.);
#326=EDGE_CURVE('',#259,#260,#157,.T.);
#327=EDGE_CURVE('',#260,#253,#158,.T.);
#328=EDGE_CURVE('',#261,#262,#159,.T.);
#329=EDGE_CURVE('',#252,#261,#160,.T.);
#330=EDGE_CURVE('',#262,#251,#161,.T.);
#331=EDGE_CURVE('',#262,#263,#40,.T.);
#332=EDGE_CURVE('',#263,#250,#162,.T.);
#333=EDGE_CURVE('',#263,#264,#41,.T.);
#334=EDGE_CURVE('',#264,#249,#163,.T.);
#335=EDGE_CURVE('',#264,#265,#42,.T.);
#336=EDGE_CURVE('',#265,#248,#164,.T.);
#337=EDGE_CURVE('',#265,#266,#165,.T.);
#338=EDGE_CURVE('',#260,#247,#166,.T.);
#339=EDGE_CURVE('',#266,#259,#167,.T.);
#340=EDGE_CURVE('',#266,#267,#43,.T.);
#341=EDGE_CURVE('',#267,#258,#168,.T.);
#342=EDGE_CURVE('',#267,#268,#44,.T.);
#343=EDGE_CURVE('',#268,#257,#169,.T.);
#344=EDGE_CURVE('',#268,#269,#45,.T.);
#345=EDGE_CURVE('',#269,#256,#170,.T.);
#346=EDGE_CURVE('',#269,#270,#171,.T.);
#347=EDGE_CURVE('',#271,#255,#124,.T.);
#348=EDGE_CURVE('',#270,#271,#125,.T.);
#349=EDGE_CURVE('',#272,#271,#126,.T.);
#350=EDGE_CURVE('',#273,#272,#172,.T.);
#351=EDGE_CURVE('',#270,#273,#17,.T.);
#352=EDGE_CURVE('',#254,#272,#46,.T.);
#353=EDGE_CURVE('',#261,#245,#173,.T.);
#354=EDGE_CURVE('',#273,#219,#18,.T.);
#355=EDGE_CURVE('',#227,#222,#127,.T.);
#356=EDGE_CURVE('',#221,#272,#128,.T.);
#357=ORIENTED_EDGE('',*,*,#274,.F.);
#358=ORIENTED_EDGE('',*,*,#275,.F.);
#359=ORIENTED_EDGE('',*,*,#276,.F.);
#360=ORIENTED_EDGE('',*,*,#277,.F.);
#361=ORIENTED_EDGE('',*,*,#278,.F.);
#362=ORIENTED_EDGE('',*,*,#279,.F.);
#363=ORIENTED_EDGE('',*,*,#278,.T.);
#364=ORIENTED_EDGE('',*,*,#280,.F.);
#365=ORIENTED_EDGE('',*,*,#281,.F.);
#366=ORIENTED_EDGE('',*,*,#282,.F.);
#367=ORIENTED_EDGE('',*,*,#281,.T.);
#368=ORIENTED_EDGE('',*,*,#283,.F.);
#369=ORIENTED_EDGE('',*,*,#284,.F.);
#370=ORIENTED_EDGE('',*,*,#285,.F.);
#371=ORIENTED_EDGE('',*,*,#286,.F.);
#372=ORIENTED_EDGE('',*,*,#287,.F.);
#373=ORIENTED_EDGE('',*,*,#286,.T.);
#374=ORIENTED_EDGE('',*,*,#288,.F.);
#375=ORIENTED_EDGE('',*,*,#289,.F.);
#376=ORIENTED_EDGE('',*,*,#290,.F.);
#377=ORIENTED_EDGE('',*,*,#289,.T.);
#378=ORIENTED_EDGE('',*,*,#291,.F.);
#379=ORIENTED_EDGE('',*,*,#292,.F.);
#380=ORIENTED_EDGE('',*,*,#293,.F.);
#381=ORIENTED_EDGE('',*,*,#294,.F.);
#382=ORIENTED_EDGE('',*,*,#295,.F.);
#383=ORIENTED_EDGE('',*,*,#294,.T.);
#384=ORIENTED_EDGE('',*,*,#296,.F.);
#385=ORIENTED_EDGE('',*,*,#297,.F.);
#386=ORIENTED_EDGE('',*,*,#298,.F.);
#387=ORIENTED_EDGE('',*,*,#297,.T.);
#388=ORIENTED_EDGE('',*,*,#299,.F.);
#389=ORIENTED_EDGE('',*,*,#300,.F.);
#390=ORIENTED_EDGE('',*,*,#301,.F.);
#391=ORIENTED_EDGE('',*,*,#300,.T.);
#392=ORIENTED_EDGE('',*,*,#302,.F.);
#393=ORIENTED_EDGE('',*,*,#303,.F.);
#394=ORIENTED_EDGE('',*,*,#304,.F.);
#395=ORIENTED_EDGE('',*,*,#303,.T.);
#396=ORIENTED_EDGE('',*,*,#305,.F.);
#397=ORIENTED_EDGE('',*,*,#306,.F.);
#398=ORIENTED_EDGE('',*,*,#306,.T.);
#399=ORIENTED_EDGE('',*,*,#307,.F.);
#400=ORIENTED_EDGE('',*,*,#308,.F.);
#401=ORIENTED_EDGE('',*,*,#309,.T.);
#402=ORIENTED_EDGE('',*,*,#305,.T.);
#403=ORIENTED_EDGE('',*,*,#302,.T.);
#404=ORIENTED_EDGE('',*,*,#299,.T.);
#405=ORIENTED_EDGE('',*,*,#296,.T.);
#406=ORIENTED_EDGE('',*,*,#293,.T.);
#407=ORIENTED_EDGE('',*,*,#310,.F.);
#408=ORIENTED_EDGE('',*,*,#311,.F.);
#409=ORIENTED_EDGE('',*,*,#312,.T.);
#410=ORIENTED_EDGE('',*,*,#313,.T.);
#411=ORIENTED_EDGE('',*,*,#314,.T.);
#412=ORIENTED_EDGE('',*,*,#315,.T.);
#413=ORIENTED_EDGE('',*,*,#316,.T.);
#414=ORIENTED_EDGE('',*,*,#317,.T.);
#415=ORIENTED_EDGE('',*,*,#307,.T.);
#416=ORIENTED_EDGE('',*,*,#292,.T.);
#417=ORIENTED_EDGE('',*,*,#318,.F.);
#418=ORIENTED_EDGE('',*,*,#319,.F.);
#419=ORIENTED_EDGE('',*,*,#310,.T.);
#420=ORIENTED_EDGE('',*,*,#291,.T.);
#421=ORIENTED_EDGE('',*,*,#288,.T.);
#422=ORIENTED_EDGE('',*,*,#285,.T.);
#423=ORIENTED_EDGE('',*,*,#320,.F.);
#424=ORIENTED_EDGE('',*,*,#321,.F.);
#425=ORIENTED_EDGE('',*,*,#322,.T.);
#426=ORIENTED_EDGE('',*,*,#323,.T.);
#427=ORIENTED_EDGE('',*,*,#324,.T.);
#428=ORIENTED_EDGE('',*,*,#325,.T.);
#429=ORIENTED_EDGE('',*,*,#326,.T.);
#430=ORIENTED_EDGE('',*,*,#327,.T.);
#431=ORIENTED_EDGE('',*,*,#318,.T.);
#432=ORIENTED_EDGE('',*,*,#328,.F.);
#433=ORIENTED_EDGE('',*,*,#329,.F.);
#434=ORIENTED_EDGE('',*,*,#316,.F.);
#435=ORIENTED_EDGE('',*,*,#330,.F.);
#436=ORIENTED_EDGE('',*,*,#331,.F.);
#437=ORIENTED_EDGE('',*,*,#330,.T.);
#438=ORIENTED_EDGE('',*,*,#315,.F.);
#439=ORIENTED_EDGE('',*,*,#332,.F.);
#440=ORIENTED_EDGE('',*,*,#333,.F.);
#441=ORIENTED_EDGE('',*,*,#332,.T.);
#442=ORIENTED_EDGE('',*,*,#314,.F.);
#443=ORIENTED_EDGE('',*,*,#334,.F.);
#444=ORIENTED_EDGE('',*,*,#335,.F.);
#445=ORIENTED_EDGE('',*,*,#334,.T.);
#446=ORIENTED_EDGE('',*,*,#313,.F.);
#447=ORIENTED_EDGE('',*,*,#336,.F.);
#448=ORIENTED_EDGE('',*,*,#337,.F.);
#449=ORIENTED_EDGE('',*,*,#336,.T.);
#450=ORIENTED_EDGE('',*,*,#312,.F.);
#451=ORIENTED_EDGE('',*,*,#338,.F.);
#452=ORIENTED_EDGE('',*,*,#326,.F.);
#453=ORIENTED_EDGE('',*,*,#339,.F.);
#454=ORIENTED_EDGE('',*,*,#340,.F.);
#455=ORIENTED_EDGE('',*,*,#339,.T.);
#456=ORIENTED_EDGE('',*,*,#325,.F.);
#457=ORIENTED_EDGE('',*,*,#341,.F.);
#458=ORIENTED_EDGE('',*,*,#342,.F.);
#459=ORIENTED_EDGE('',*,*,#341,.T.);
#460=ORIENTED_EDGE('',*,*,#324,.F.);
#461=ORIENTED_EDGE('',*,*,#343,.F.);
#462=ORIENTED_EDGE('',*,*,#344,.F.);
#463=ORIENTED_EDGE('',*,*,#343,.T.);
#464=ORIENTED_EDGE('',*,*,#323,.F.);
#465=ORIENTED_EDGE('',*,*,#345,.F.);
#466=ORIENTED_EDGE('',*,*,#346,.F.);
#467=ORIENTED_EDGE('',*,*,#345,.T.);
#468=ORIENTED_EDGE('',*,*,#322,.F.);
#469=ORIENTED_EDGE('',*,*,#347,.F.);
#470=ORIENTED_EDGE('',*,*,#348,.F.);
#471=ORIENTED_EDGE('',*,*,#348,.T.);
#472=ORIENTED_EDGE('',*,*,#349,.F.);
#473=ORIENTED_EDGE('',*,*,#350,.F.);
#474=ORIENTED_EDGE('',*,*,#351,.F.);
#475=ORIENTED_EDGE('',*,*,#347,.T.);
#476=ORIENTED_EDGE('',*,*,#321,.T.);
#477=ORIENTED_EDGE('',*,*,#352,.T.);
#478=ORIENTED_EDGE('',*,*,#349,.T.);
#479=ORIENTED_EDGE('',*,*,#338,.T.);
#480=ORIENTED_EDGE('',*,*,#311,.T.);
#481=ORIENTED_EDGE('',*,*,#319,.T.);
#482=ORIENTED_EDGE('',*,*,#327,.F.);
#483=ORIENTED_EDGE('',*,*,#304,.T.);
#484=ORIENTED_EDGE('',*,*,#309,.F.);
#485=ORIENTED_EDGE('',*,*,#353,.F.);
#486=ORIENTED_EDGE('',*,*,#328,.T.);
#487=ORIENTED_EDGE('',*,*,#331,.T.);
#488=ORIENTED_EDGE('',*,*,#333,.T.);
#489=ORIENTED_EDGE('',*,*,#335,.T.);
#490=ORIENTED_EDGE('',*,*,#337,.T.);
#491=ORIENTED_EDGE('',*,*,#340,.T.);
#492=ORIENTED_EDGE('',*,*,#342,.T.);
#493=ORIENTED_EDGE('',*,*,#344,.T.);
#494=ORIENTED_EDGE('',*,*,#346,.T.);
#495=ORIENTED_EDGE('',*,*,#351,.T.);
#496=ORIENTED_EDGE('',*,*,#354,.T.);
#497=ORIENTED_EDGE('',*,*,#274,.T.);
#498=ORIENTED_EDGE('',*,*,#279,.T.);
#499=ORIENTED_EDGE('',*,*,#282,.T.);
#500=ORIENTED_EDGE('',*,*,#287,.T.);
#501=ORIENTED_EDGE('',*,*,#290,.T.);
#502=ORIENTED_EDGE('',*,*,#295,.T.);
#503=ORIENTED_EDGE('',*,*,#298,.T.);
#504=ORIENTED_EDGE('',*,*,#301,.T.);
#505=ORIENTED_EDGE('',*,*,#277,.T.);
#506=ORIENTED_EDGE('',*,*,#355,.F.);
#507=ORIENTED_EDGE('',*,*,#283,.T.);
#508=ORIENTED_EDGE('',*,*,#280,.T.);
#509=ORIENTED_EDGE('',*,*,#276,.T.);
#510=ORIENTED_EDGE('',*,*,#356,.T.);
#511=ORIENTED_EDGE('',*,*,#352,.F.);
#512=ORIENTED_EDGE('',*,*,#320,.T.);
#513=ORIENTED_EDGE('',*,*,#284,.T.);
#514=ORIENTED_EDGE('',*,*,#355,.T.);
#515=ORIENTED_EDGE('',*,*,#275,.T.);
#516=ORIENTED_EDGE('',*,*,#354,.F.);
#517=ORIENTED_EDGE('',*,*,#350,.T.);
#518=ORIENTED_EDGE('',*,*,#356,.F.);
#519=ORIENTED_EDGE('',*,*,#329,.T.);
#520=ORIENTED_EDGE('',*,*,#353,.T.);
#521=ORIENTED_EDGE('',*,*,#308,.T.);
#522=ORIENTED_EDGE('',*,*,#317,.F.);
#523=PLANE('',#581);
#524=PLANE('',#592);
#525=PLANE('',#602);
#526=PLANE('',#603);
#527=PLANE('',#604);
#528=PLANE('',#608);
#529=PLANE('',#609);
#530=PLANE('',#613);
#531=PLANE('',#620);
#532=PLANE('',#627);
#533=PLANE('',#629);
#534=PLANE('',#630);
#535=PLANE('',#631);
#536=PLANE('',#632);
#537=ADVANCED_FACE('',(#59),#523,.F.);
#538=ADVANCED_FACE('',(#60),#47,.T.);
#539=ADVANCED_FACE('',(#61),#48,.F.);
#540=ADVANCED_FACE('',(#62),#49,.T.);
#541=ADVANCED_FACE('',(#63),#524,.F.);
#542=ADVANCED_FACE('',(#64),#50,.F.);
#543=ADVANCED_FACE('',(#65),#51,.T.);
#544=ADVANCED_FACE('',(#66),#52,.F.);
#545=ADVANCED_FACE('',(#67),#525,.F.);
#546=ADVANCED_FACE('',(#68),#526,.T.);
#547=ADVANCED_FACE('',(#69),#527,.T.);
#548=ADVANCED_FACE('',(#70),#528,.T.);
#549=ADVANCED_FACE('',(#71),#529,.T.);
#550=ADVANCED_FACE('',(#72),#530,.F.);
#551=ADVANCED_FACE('',(#73),#53,.T.);
#552=ADVANCED_FACE('',(#74),#54,.F.);
#553=ADVANCED_FACE('',(#75),#55,.T.);
#554=ADVANCED_FACE('',(#76),#531,.F.);
#555=ADVANCED_FACE('',(#77),#56,.F.);
#556=ADVANCED_FACE('',(#78),#57,.T.);
#557=ADVANCED_FACE('',(#79),#58,.F.);
#558=ADVANCED_FACE('',(#80),#532,.F.);
#559=ADVANCED_FACE('',(#81),#19,.T.);
#560=ADVANCED_FACE('',(#82),#15,.F.);
#561=ADVANCED_FACE('',(#83),#533,.T.);
#562=ADVANCED_FACE('',(#84),#534,.F.);
#563=ADVANCED_FACE('',(#85),#535,.T.);
#564=ADVANCED_FACE('',(#86),#16,.F.);
#565=ADVANCED_FACE('',(#87),#20,.T.);
#566=ADVANCED_FACE('',(#88),#536,.T.);
#567=CLOSED_SHELL('',(#537,#538,#539,#540,#541,#542,#543,#544,#545,#546,
#547,#548,#549,#550,#551,#552,#553,#554,#555,#556,#557,#558,#559,#560,#561,
#562,#563,#564,#565,#566));
#568=DERIVED_UNIT_ELEMENT(#570,1.);
#569=DERIVED_UNIT_ELEMENT(#2378,-3.);
#570=(
MASS_UNIT()
NAMED_UNIT(*)
SI_UNIT(.KILO.,.GRAM.)
);
#571=DERIVED_UNIT((#568,#569));
#572=MEASURE_REPRESENTATION_ITEM('density measure',
POSITIVE_RATIO_MEASURE(7850.),#571);
#573=PROPERTY_DEFINITION_REPRESENTATION(#578,#575);
#574=PROPERTY_DEFINITION_REPRESENTATION(#579,#576);
#575=REPRESENTATION('material name',(#577),#2375);
#576=REPRESENTATION('density',(#572),#2375);
#577=DESCRIPTIVE_REPRESENTATION_ITEM('Steel','Steel');
#578=PROPERTY_DEFINITION('material property','material name',#2385);
#579=PROPERTY_DEFINITION('material property','density of part',#2385);
#580=AXIS2_PLACEMENT_3D('',#784,#633,#634);
#581=AXIS2_PLACEMENT_3D('',#785,#635,#636);
#582=AXIS2_PLACEMENT_3D('',#888,#640,#641);
#583=AXIS2_PLACEMENT_3D('',#890,#642,#643);
#584=AXIS2_PLACEMENT_3D('',#892,#644,#645);
#585=AXIS2_PLACEMENT_3D('',#894,#647,#648);
#586=AXIS2_PLACEMENT_3D('',#896,#649,#650);
#587=AXIS2_PLACEMENT_3D('',#898,#651,#652);
#588=AXIS2_PLACEMENT_3D('',#962,#653,#654);
#589=AXIS2_PLACEMENT_3D('',#964,#656,#657);
#590=AXIS2_PLACEMENT_3D('',#966,#658,#659);
#591=AXIS2_PLACEMENT_3D('',#968,#660,#661);
#592=AXIS2_PLACEMENT_3D('',#970,#663,#664);
#593=AXIS2_PLACEMENT_3D('',#980,#670,#671);
#594=AXIS2_PLACEMENT_3D('',#982,#672,#673);
#595=AXIS2_PLACEMENT_3D('',#984,#674,#675);
#596=AXIS2_PLACEMENT_3D('',#986,#677,#678);
#597=AXIS2_PLACEMENT_3D('',#988,#679,#680);
#598=AXIS2_PLACEMENT_3D('',#990,#681,#682);
#599=AXIS2_PLACEMENT_3D('',#992,#684,#685);
#600=AXIS2_PLACEMENT_3D('',#994,#686,#687);
#601=AXIS2_PLACEMENT_3D('',#996,#688,#689);
#602=AXIS2_PLACEMENT_3D('',#998,#691,#692);
#603=AXIS2_PLACEMENT_3D('',#1004,#696,#697);
#604=AXIS2_PLACEMENT_3D('',#1010,#701,#702);
#605=AXIS2_PLACEMENT_3D('',#1018,#706,#707);
#606=AXIS2_PLACEMENT_3D('',#1020,#708,#709);
#607=AXIS2_PLACEMENT_3D('',#1022,#710,#711);
#608=AXIS2_PLACEMENT_3D('',#1026,#714,#715);
#609=AXIS2_PLACEMENT_3D('',#1030,#718,#719);
#610=AXIS2_PLACEMENT_3D('',#1117,#721,#722);
#611=AXIS2_PLACEMENT_3D('',#1119,#723,#724);
#612=AXIS2_PLACEMENT_3D('',#1121,#725,#726);
#613=AXIS2_PLACEMENT_3D('',#1125,#729,#730);
#614=AXIS2_PLACEMENT_3D('',#1131,#734,#735);
#615=AXIS2_PLACEMENT_3D('',#1133,#736,#737);
#616=AXIS2_PLACEMENT_3D('',#1135,#739,#740);
#617=AXIS2_PLACEMENT_3D('',#1137,#741,#742);
#618=AXIS2_PLACEMENT_3D('',#1139,#744,#745);
#619=AXIS2_PLACEMENT_3D('',#1141,#746,#747);
#620=AXIS2_PLACEMENT_3D('',#1143,#749,#750);
#621=AXIS2_PLACEMENT_3D('',#1148,#754,#755);
#622=AXIS2_PLACEMENT_3D('',#1150,#756,#757);
#623=AXIS2_PLACEMENT_3D('',#1152,#759,#760);
#624=AXIS2_PLACEMENT_3D('',#1154,#761,#762);
#625=AXIS2_PLACEMENT_3D('',#1156,#764,#765);
#626=AXIS2_PLACEMENT_3D('',#1158,#766,#767);
#627=AXIS2_PLACEMENT_3D('',#1160,#769,#770);
#628=AXIS2_PLACEMENT_3D('',#1461,#773,#774);
#629=AXIS2_PLACEMENT_3D('',#1462,#775,#776);
#630=AXIS2_PLACEMENT_3D('',#1463,#777,#778);
#631=AXIS2_PLACEMENT_3D('',#1503,#780,#781);
#632=AXIS2_PLACEMENT_3D('',#2372,#782,#783);
#633=DIRECTION('axis',(0.,0.,1.));
#634=DIRECTION('refdir',(1.,0.,0.));
#635=DIRECTION('center_axis',(-1.,1.35672884972176E-11,0.));
#636=DIRECTION('ref_axis',(-1.35672884972176E-11,-1.,0.));
#637=DIRECTION('',(-1.35672884972176E-11,-1.,0.));
#638=DIRECTION('',(1.35672884972176E-11,1.,0.));
#639=DIRECTION('',(0.,0.,1.));
#640=DIRECTION('center_axis',(0.,0.,1.));
#641=DIRECTION('ref_axis',(-0.799997505193075,-0.600003326394826,0.));
#642=DIRECTION('center_axis',(0.,0.,-1.));
#643=DIRECTION('ref_axis',(-0.799997505193075,-0.600003326394826,0.));
#644=DIRECTION('center_axis',(0.,0.,1.));
#645=DIRECTION('ref_axis',(-0.799997505193075,-0.600003326394826,0.));
#646=DIRECTION('',(0.,0.,1.));
#647=DIRECTION('center_axis',(0.,0.,1.));
#648=DIRECTION('ref_axis',(-0.999999999999961,2.79614931064812E-7,0.));
#649=DIRECTION('center_axis',(0.,0.,1.));
#650=DIRECTION('ref_axis',(0.800000358749073,0.599999521667604,0.));
#651=DIRECTION('center_axis',(0.,0.,-1.));
#652=DIRECTION('ref_axis',(0.800000358749073,0.599999521667604,0.));
#653=DIRECTION('center_axis',(0.,0.,-1.));
#654=DIRECTION('ref_axis',(0.800000358749073,0.599999521667604,0.));
#655=DIRECTION('',(0.,0.,1.));
#656=DIRECTION('center_axis',(0.,0.,1.));
#657=DIRECTION('ref_axis',(0.99999999999812,-1.93917140809478E-6,0.));
#658=DIRECTION('center_axis',(0.,0.,-1.));
#659=DIRECTION('ref_axis',(0.99999999999812,-1.93917140809478E-6,0.));
#660=DIRECTION('center_axis',(0.,0.,1.));
#661=DIRECTION('ref_axis',(0.99999999999812,-1.93917140809478E-6,0.));
#662=DIRECTION('',(0.,0.,1.));
#663=DIRECTION('center_axis',(-1.,7.88763312758213E-11,0.));
#664=DIRECTION('ref_axis',(-7.88763312758213E-11,-1.,0.));
#665=DIRECTION('',(-7.88763312758213E-11,-1.,0.));
#666=DIRECTION('',(7.88763312758213E-11,1.,0.));
#667=DIRECTION('',(0.,0.,1.));
#668=DIRECTION('',(7.88763312758213E-11,1.,0.));
#669=DIRECTION('',(0.,0.,1.));
#670=DIRECTION('center_axis',(0.,0.,1.));
#671=DIRECTION('ref_axis',(-0.999999999993357,3.64510576485435E-6,0.));
#672=DIRECTION('center_axis',(0.,0.,1.));
#673=DIRECTION('ref_axis',(-0.999999999993357,3.64510576485435E-6,0.));
#674=DIRECTION('center_axis',(0.,0.,-1.));
#675=DIRECTION('ref_axis',(-0.999999999993357,3.64510576485435E-6,0.));
#676=DIRECTION('',(0.,0.,1.));
#677=DIRECTION('center_axis',(0.,0.,1.));
#678=DIRECTION('ref_axis',(0.999999999999876,4.97528116694425E-7,0.));
#679=DIRECTION('center_axis',(0.,0.,-1.));
#680=DIRECTION('ref_axis',(-0.574999517077225,-0.818153747996645,0.));
#681=DIRECTION('center_axis',(0.,0.,1.));
#682=DIRECTION('ref_axis',(-0.574999517077225,-0.818153747996645,0.));
#683=DIRECTION('',(0.,0.,1.));
#684=DIRECTION('center_axis',(0.,0.,1.));
#685=DIRECTION('ref_axis',(0.575001243694917,0.818152534524766,0.));
#686=DIRECTION('center_axis',(0.,0.,1.));
#687=DIRECTION('ref_axis',(0.575001243694917,0.818152534524766,0.));
#688=DIRECTION('center_axis',(0.,0.,-1.));
#689=DIRECTION('ref_axis',(0.575001243694917,0.818152534524766,0.));
#690=DIRECTION('',(0.,0.,1.));
#691=DIRECTION('center_axis',(-1.,9.40104203910084E-12,0.));
#692=DIRECTION('ref_axis',(-9.40104203910084E-12,-1.,0.));
#693=DIRECTION('',(-9.40104203910084E-12,-1.,0.));
#694=DIRECTION('',(9.40104203910084E-12,1.,0.));
#695=DIRECTION('',(0.,0.,1.));
#696=DIRECTION('center_axis',(0.,-1.,0.));
#697=DIRECTION('ref_axis',(1.,0.,0.));
#698=DIRECTION('',(1.,0.,0.));
#699=DIRECTION('',(0.,0.,1.));
#700=DIRECTION('',(1.,0.,0.));
#701=DIRECTION('center_axis',(0.,0.,1.));
#702=DIRECTION('ref_axis',(1.,0.,0.));
#703=DIRECTION('',(1.,0.,0.));
#704=DIRECTION('',(-3.1347473636475E-16,1.,0.));
#705=DIRECTION('',(1.,6.1637329490048E-17,0.));
#706=DIRECTION('center_axis',(0.,0.,1.));
#707=DIRECTION('ref_axis',(0.,-1.,0.));
#708=DIRECTION('center_axis',(0.,0.,-1.));
#709=DIRECTION('ref_axis',(0.818153408597684,-0.574999999999992,0.));
#710=DIRECTION('center_axis',(0.,0.,1.));
#711=DIRECTION('ref_axis',(-0.818153408597672,0.57500000000001,0.));
#712=DIRECTION('',(1.,4.29002654079589E-17,0.));
#713=DIRECTION('',(6.34413156928661E-17,1.,0.));
#714=DIRECTION('center_axis',(0.,-1.,0.));
#715=DIRECTION('ref_axis',(1.,0.,0.));
#716=DIRECTION('',(1.,0.,0.));
#717=DIRECTION('',(0.,0.,1.));
#718=DIRECTION('center_axis',(0.,0.,1.));
#719=DIRECTION('ref_axis',(1.,0.,0.));
#720=DIRECTION('',(1.,4.48471649367592E-16,0.));
#721=DIRECTION('center_axis',(0.,0.,-1.));
#722=DIRECTION('ref_axis',(0.818153408597675,-0.575000000000005,0.));
#723=DIRECTION('center_axis',(0.,0.,1.));
#724=DIRECTION('ref_axis',(-0.818153408597669,0.575000000000014,0.));
#725=DIRECTION('center_axis',(0.,0.,-1.));
#726=DIRECTION('ref_axis',(0.,1.,0.));
#727=DIRECTION('',(1.,6.1637329490048E-17,0.));
#728=DIRECTION('',(-3.1347473636475E-16,1.,0.));
#729=DIRECTION('center_axis',(-4.29002654079589E-17,1.,0.));
#730=DIRECTION('ref_axis',(-1.,-4.29002654079589E-17,0.));
#731=DIRECTION('',(-1.,-4.29002654079589E-17,0.));
#732=DIRECTION('',(0.,0.,-1.));
#733=DIRECTION('',(0.,0.,1.));
#734=DIRECTION('center_axis',(0.,0.,1.));
#735=DIRECTION('ref_axis',(-0.818153408597672,0.57500000000001,0.));
#736=DIRECTION('center_axis',(0.,0.,-1.));
#737=DIRECTION('ref_axis',(-0.818153408597672,0.57500000000001,0.));
#738=DIRECTION('',(0.,0.,1.));
#739=DIRECTION('center_axis',(0.,0.,1.));
#740=DIRECTION('ref_axis',(-3.77191155802132E-15,1.,0.));
#741=DIRECTION('center_axis',(0.,0.,1.));
#742=DIRECTION('ref_axis',(0.818153408597684,-0.574999999999992,0.));
#743=DIRECTION('',(0.,0.,1.));
#744=DIRECTION('center_axis',(0.,0.,1.));
#745=DIRECTION('ref_axis',(0.,-1.,0.));
#746=DIRECTION('center_axis',(0.,0.,-1.));
#747=DIRECTION('ref_axis',(0.,-1.,0.));
#748=DIRECTION('',(0.,0.,1.));
#749=DIRECTION('center_axis',(-6.1637329490048E-17,1.,0.));
#750=DIRECTION('ref_axis',(-1.,-6.1637329490048E-17,0.));
#751=DIRECTION('',(-1.,-6.1637329490048E-17,0.));
#752=DIRECTION('',(0.,0.,-1.));
#753=DIRECTION('',(0.,0.,1.));
#754=DIRECTION('center_axis',(0.,0.,1.));
#755=DIRECTION('ref_axis',(0.,1.,0.));
#756=DIRECTION('center_axis',(0.,0.,1.));
#757=DIRECTION('ref_axis',(0.,1.,0.));
#758=DIRECTION('',(0.,0.,1.));
#759=DIRECTION('center_axis',(0.,0.,1.));
#760=DIRECTION('ref_axis',(-9.06304509898081E-15,-1.,0.));
#761=DIRECTION('center_axis',(0.,0.,-1.));
#762=DIRECTION('ref_axis',(-0.818153408597669,0.575000000000014,0.));
#763=DIRECTION('',(0.,0.,1.));
#764=DIRECTION('center_axis',(0.,0.,1.));
#765=DIRECTION('ref_axis',(0.818153408597675,-0.575000000000005,0.));
#766=DIRECTION('center_axis',(0.,0.,1.));
#767=DIRECTION('ref_axis',(0.818153408597675,-0.575000000000005,0.));
#768=DIRECTION('',(0.,0.,1.));
#769=DIRECTION('center_axis',(-4.48471649367592E-16,1.,0.));
#770=DIRECTION('ref_axis',(-1.,-4.48471649367592E-16,0.));
#771=DIRECTION('',(-1.,-4.48471649367592E-16,0.));
#772=DIRECTION('',(0.,0.,1.));
#773=DIRECTION('center_axis',(-0.113089577557645,-0.993584796304691,0.));
#774=DIRECTION('ref_axis',(0.,0.,1.));
#775=DIRECTION('center_axis',(1.,3.1347473636475E-16,0.));
#776=DIRECTION('ref_axis',(-3.1347473636475E-16,1.,0.));
#777=DIRECTION('center_axis',(0.,0.,1.));
#778=DIRECTION('ref_axis',(1.,0.,0.));
#779=DIRECTION('',(6.34413156928661E-17,1.,0.));
#780=DIRECTION('center_axis',(0.,0.,1.));
#781=DIRECTION('ref_axis',(1.,0.,0.));
#782=DIRECTION('center_axis',(1.,-6.34413156928661E-17,0.));
#783=DIRECTION('ref_axis',(6.34413156928661E-17,1.,0.));
#784=CARTESIAN_POINT('',(0.,0.,0.));
#785=CARTESIAN_POINT('Origin',(-11.0751935717065,205.953382255137,0.));
#786=CARTESIAN_POINT('',(-11.0751935717062,205.974461000376,0.));
#787=CARTESIAN_POINT('',(-11.0751935719806,185.74999503801,0.));
#788=CARTESIAN_POINT('',(-11.0751935730881,104.118478634442,0.));
#789=CARTESIAN_POINT('',(-11.0751935717059,205.974461000376,50.));
#790=CARTESIAN_POINT('Ctrl Pts',(-11.0751935717063,205.974461000376,50.0000000000001));
#791=CARTESIAN_POINT('Ctrl Pts',(-11.0751935717063,205.974461000376,41.6666666666668));
#792=CARTESIAN_POINT('Ctrl Pts',(-11.0751935717063,205.974461000376,33.3333333333334));
#793=CARTESIAN_POINT('Ctrl Pts',(-11.0751935717063,205.974461000376,16.6666666666667));
#794=CARTESIAN_POINT('Ctrl Pts',(-11.0751935717063,205.974461000376,8.33333333333335));
#795=CARTESIAN_POINT('Ctrl Pts',(-11.0751935717063,205.974461000376,0.));
#796=CARTESIAN_POINT('',(-11.0751935730695,185.777768753889,70.));
#797=CARTESIAN_POINT('Ctrl Pts',(-11.0751935719805,185.777768753583,70.));
#798=CARTESIAN_POINT('Ctrl Pts',(-11.0751935719748,186.201832248823,70.));
#799=CARTESIAN_POINT('Ctrl Pts',(-11.0751904800568,186.62560235666,69.9868408153727));
#800=CARTESIAN_POINT('Ctrl Pts',(-11.0751864462012,187.048435897627,69.9605767294391));
#801=CARTESIAN_POINT('Ctrl Pts',(-11.0751824139426,187.471102033514,69.9343230417851));
#802=CARTESIAN_POINT('Ctrl Pts',(-11.0751773677271,187.892832896375,69.8949748055942));
#803=CARTESIAN_POINT('Ctrl Pts',(-11.0751736920723,188.312985362035,69.8425342447076));
#804=CARTESIAN_POINT('Ctrl Pts',(-11.0751700427344,188.730129632389,69.7904691462113));
#805=CARTESIAN_POINT('Ctrl Pts',(-11.0751676749915,189.145718555207,69.7254984575473));
#806=CARTESIAN_POINT('Ctrl Pts',(-11.0751702151551,189.559113969089,69.6475738691535));
#807=CARTESIAN_POINT('Ctrl Pts',(-11.0751708748977,189.666482879281,69.6273349457111));
#808=CARTESIAN_POINT('Ctrl Pts',(-11.07517187559,189.773703752896,69.6062219302078));
#809=CARTESIAN_POINT('Ctrl Pts',(-11.0751733040638,189.880765243966,69.5842334220098));
#810=CARTESIAN_POINT('Ctrl Pts',(-11.0751750483134,190.011493542307,69.5573841764868));
#811=CARTESIAN_POINT('Ctrl Pts',(-11.0751773860268,190.14192258933,69.5292422528148));
#812=CARTESIAN_POINT('Ctrl Pts',(-11.0751804767377,190.272032423455,69.4998083017192));
#813=CARTESIAN_POINT('Ctrl Pts',(-11.0751902519655,190.683540752817,69.4067152920831));
#814=CARTESIAN_POINT('Ctrl Pts',(-11.0752074562234,191.091856754779,69.3007018131166));
#815=CARTESIAN_POINT('Ctrl Pts',(-11.0752254294492,191.496431598413,69.1820872118415));
#816=CARTESIAN_POINT('Ctrl Pts',(-11.0752434823369,191.902799618718,69.0629468810528));
#817=CARTESIAN_POINT('Ctrl Pts',(-11.0752622446216,192.305393747747,68.9310932791195));
#818=CARTESIAN_POINT('Ctrl Pts',(-11.0752768860473,192.703642929935,68.786799647385));
#819=CARTESIAN_POINT('Ctrl Pts',(-11.0752906114239,193.076975424342,68.6515338292189));
#820=CARTESIAN_POINT('Ctrl Pts',(-11.0753006881283,193.446489854285,68.5053353191942));
#821=CARTESIAN_POINT('Ctrl Pts',(-11.0753054439115,193.811698026803,68.3483916666903));
#822=CARTESIAN_POINT('Ctrl Pts',(-11.0753104878403,194.199033606095,68.1819390373868));
#823=CARTESIAN_POINT('Ctrl Pts',(-11.0753080934357,194.580659663635,68.003772243538));
#824=CARTESIAN_POINT('Ctrl Pts',(-11.075300369583,194.95604619216,67.8142282950463));
#825=CARTESIAN_POINT('Ctrl Pts',(-11.0752926015894,195.333578006806,67.6236011270705));
#826=CARTESIAN_POINT('Ctrl Pts',(-11.0752793746184,195.704799276617,67.4214661933458));
#827=CARTESIAN_POINT('Ctrl Pts',(-11.0752647891083,196.069154247842,67.2081165837507));
#828=CARTESIAN_POINT('Ctrl Pts',(-11.0752502300817,196.432847644682,66.9951543618628));
#829=CARTESIAN_POINT('Ctrl Pts',(-11.0752342508238,196.789700138382,66.7710178989337));
#830=CARTESIAN_POINT('Ctrl Pts',(-11.0752238819148,197.139135117447,66.5359527951927));
#831=CARTESIAN_POINT('Ctrl Pts',(-11.0752136034609,197.485521740052,66.3029383225295));
#832=CARTESIAN_POINT('Ctrl Pts',(-11.0752087769764,197.824620133685,66.0591847677475));
#833=CARTESIAN_POINT('Ctrl Pts',(-11.075220097757,198.155838379282,65.8048903119769));
#834=CARTESIAN_POINT('Ctrl Pts',(-11.0752225541625,198.227706773723,65.7497129946213));
#835=CARTESIAN_POINT('Ctrl Pts',(-11.0752257872622,198.299204033431,65.6940392535413));
#836=CARTESIAN_POINT('Ctrl Pts',(-11.075229934867,198.37032389021,65.637870875038));
#837=CARTESIAN_POINT('Ctrl Pts',(-11.0752491975086,198.700624478137,65.3770091511418));
#838=CARTESIAN_POINT('Ctrl Pts',(-11.0752877724444,199.022787905182,65.1054809874242));
#839=CARTESIAN_POINT('Ctrl Pts',(-11.0753302141216,199.336392429743,64.8237428034524));
#840=CARTESIAN_POINT('Ctrl Pts',(-11.0753722776444,199.647202744267,64.5445149010602));
#841=CARTESIAN_POINT('Ctrl Pts',(-11.0754180976083,199.949606280371,64.2552576602944));
#842=CARTESIAN_POINT('Ctrl Pts',(-11.075458113492,200.243150710617,63.9563875099858));
#843=CARTESIAN_POINT('Ctrl Pts',(-11.075498138261,200.536760321072,63.6574509969156));
#844=CARTESIAN_POINT('Ctrl Pts',(-11.0755308865232,200.820616305964,63.3498041805765));
#845=CARTESIAN_POINT('Ctrl Pts',(-11.0755518866349,201.094400426237,63.0339939615693));
#846=CARTESIAN_POINT('Ctrl Pts',(-11.0755738480116,201.380716818621,62.7037277558676));
#847=CARTESIAN_POINT('Ctrl Pts',(-11.0755828668116,201.656018838274,62.3645335233596));
#848=CARTESIAN_POINT('Ctrl Pts',(-11.0755789776769,201.919903370241,62.0169913563692));
#849=CARTESIAN_POINT('Ctrl Pts',(-11.0755752320198,202.17405269308,61.6822706899478));
#850=CARTESIAN_POINT('Ctrl Pts',(-11.0755594934763,202.417611514025,61.339805991178));
#851=CARTESIAN_POINT('Ctrl Pts',(-11.0755371946698,202.650179445212,60.9900816192324));
#852=CARTESIAN_POINT('Ctrl Pts',(-11.0755150064147,202.881594367449,60.6420910862079));
#853=CARTESIAN_POINT('Ctrl Pts',(-11.0754862760587,203.10212741038,60.286912238154));
#854=CARTESIAN_POINT('Ctrl Pts',(-11.0754623374743,203.311340231473,59.9249960735096));
#855=CARTESIAN_POINT('Ctrl Pts',(-11.0754386917474,203.517993605169,59.5675074835261));
#856=CARTESIAN_POINT('Ctrl Pts',(-11.0754196839689,203.713602271996,59.203444972123));
#857=CARTESIAN_POINT('Ctrl Pts',(-11.0754226988541,203.897696992569,58.8332241877871));
#858=CARTESIAN_POINT('Ctrl Pts',(-11.0754231191038,203.923358254996,58.781618510704));
#859=CARTESIAN_POINT('Ctrl Pts',(-11.0754239781597,203.948795722717,58.7298931538294));
#860=CARTESIAN_POINT('Ctrl Pts',(-11.0754253338813,203.974008047473,58.6780492205725));
#861=CARTESIAN_POINT('Ctrl Pts',(-11.0754352396488,204.15822538236,58.2992443579794));
#862=CARTESIAN_POINT('Ctrl Pts',(-11.0754710649822,204.330427252273,57.9141096585473));
#863=CARTESIAN_POINT('Ctrl Pts',(-11.0755131052238,204.490388703691,57.5232251386535));
#864=CARTESIAN_POINT('Ctrl Pts',(-11.0755545686268,204.648155306555,57.1377039879672));
#865=CARTESIAN_POINT('Ctrl Pts',(-11.0756016058147,204.793517652488,56.747805690306));
#866=CARTESIAN_POINT('Ctrl Pts',(-11.0756406441263,204.926443108057,56.3541617386754));
#867=CARTESIAN_POINT('Ctrl Pts',(-11.0756800210739,205.060521619624,55.9571031399566));
#868=CARTESIAN_POINT('Ctrl Pts',(-11.0757112315285,205.181946711229,55.5562331276108));
#869=CARTESIAN_POINT('Ctrl Pts',(-11.0757270226313,205.290638586875,55.1521745317006));
#870=CARTESIAN_POINT('Ctrl Pts',(-11.0757434053448,205.403402582885,54.7329779576613));
#871=CARTESIAN_POINT('Ctrl Pts',(-11.0757431216713,205.502461856125,54.3103489189526));
#872=CARTESIAN_POINT('Ctrl Pts',(-11.07572603009,205.587672482338,53.88496326319));
#873=CARTESIAN_POINT('Ctrl Pts',(-11.0757095555508,205.669806825629,53.4749349247704));
#874=CARTESIAN_POINT('Ctrl Pts',(-11.0756774899781,205.739074214693,53.0623447988349));
#875=CARTESIAN_POINT('Ctrl Pts',(-11.0756371394066,205.795294819456,52.6477887674755));
#876=CARTESIAN_POINT('Ctrl Pts',(-11.0755970764816,205.851114645113,52.2361879763969));
#877=CARTESIAN_POINT('Ctrl Pts',(-11.0755488348827,205.89407310429,51.822648691404));
#878=CARTESIAN_POINT('Ctrl Pts',(-11.0755069825847,205.92394354107,51.4077529626221));
#879=CARTESIAN_POINT('Ctrl Pts',(-11.0754657387926,205.953379680564,50.9988895557141));
#880=CARTESIAN_POINT('Ctrl Pts',(-11.0754306981147,205.97010562118,50.5887083882841));
#881=CARTESIAN_POINT('Ctrl Pts',(-11.0754231136903,205.973854634525,50.1777726565432));
#882=CARTESIAN_POINT('Ctrl Pts',(-11.0754220202834,205.974395110182,50.118530200135));
#883=CARTESIAN_POINT('Ctrl Pts',(-11.0754215101163,205.974665794296,50.0592720788883));
#884=CARTESIAN_POINT('Ctrl Pts',(-11.0754216596845,205.974665800425,50.));
#885=CARTESIAN_POINT('',(-11.0751935719806,185.74999503801,70.));
#886=CARTESIAN_POINT('',(-11.0751935730881,104.118478634442,70.));
#887=CARTESIAN_POINT('',(-11.0751935719806,185.74999503801,0.));
#888=CARTESIAN_POINT('Origin',(-12.175193572054,185.749999999859,0.));
#889=CARTESIAN_POINT('',(-13.0551908278767,185.089996340741,0.));
#890=CARTESIAN_POINT('Origin',(-12.175193572054,185.749999999859,0.));
#891=CARTESIAN_POINT('',(-13.0551908278767,185.089996340741,70.));
#892=CARTESIAN_POINT('Origin',(-12.175193572054,185.749999999859,70.));
#893=CARTESIAN_POINT('',(-13.0551908278767,185.089996340741,0.));
#894=CARTESIAN_POINT('Origin',(-19.1751935722862,180.5,0.));
#895=CARTESIAN_POINT('',(-13.0551933947407,175.910000236771,0.));
#896=CARTESIAN_POINT('Origin',(-19.1751935722862,180.5,0.));
#897=CARTESIAN_POINT('',(-14.0719429197453,186.199064201862,70.));
#898=CARTESIAN_POINT('Origin',(-19.1751935722862,180.5,70.));
#899=CARTESIAN_POINT('',(-22.5561560159195,187.362331450989,70.));
#900=CARTESIAN_POINT('Ctrl Pts',(-22.5561577149187,187.362050989004,70.));
#901=CARTESIAN_POINT('Ctrl Pts',(-22.3529182099028,187.462199689544,70.));
#902=CARTESIAN_POINT('Ctrl Pts',(-22.1455444474042,187.553182005922,69.9988254743018));
#903=CARTESIAN_POINT('Ctrl Pts',(-21.9346717060665,187.634767735242,69.9969291963141));
#904=CARTESIAN_POINT('Ctrl Pts',(-21.7276779465175,187.714852703695,69.9950678001596));
#905=CARTESIAN_POINT('Ctrl Pts',(-21.5173128839107,187.785883984363,69.9925112729061));
#906=CARTESIAN_POINT('Ctrl Pts',(-21.3041769385265,187.847660824439,69.9896411252941));
#907=CARTESIAN_POINT('Ctrl Pts',(-21.0969949504928,187.907711927121,69.9868511553191));
#908=CARTESIAN_POINT('Ctrl Pts',(-20.8871948119365,187.959018746946,69.9837650292155));
#909=CARTESIAN_POINT('Ctrl Pts',(-20.6753260226158,188.001407855367,69.9806850995196));
#910=CARTESIAN_POINT('Ctrl Pts',(-20.6095533447318,188.014567156381,69.9797289642415));
#911=CARTESIAN_POINT('Ctrl Pts',(-20.5435812844868,188.0268670898,69.9787730580426));
#912=CARTESIAN_POINT('Ctrl Pts',(-20.4774262239964,188.038302616624,69.9778254024753));
#913=CARTESIAN_POINT('Ctrl Pts',(-20.2751926241069,188.073260603798,69.9749284540724));
#914=CARTESIAN_POINT('Ctrl Pts',(-20.0717226966604,188.100049785216,69.972119701808));
#915=CARTESIAN_POINT('Ctrl Pts',(-19.8675126486399,188.118624795237,69.9695954112639));
#916=CARTESIAN_POINT('Ctrl Pts',(-19.6660526455398,188.13694966031,69.9671051147002));
#917=CARTESIAN_POINT('Ctrl Pts',(-19.4638723285596,188.147280261786,69.9648917368905));
#918=CARTESIAN_POINT('Ctrl Pts',(-19.261444407143,188.149574590246,69.9630929478015));
#919=CARTESIAN_POINT('Ctrl Pts',(-19.2310288257622,188.149919322007,69.9628226727548));
#920=CARTESIAN_POINT('Ctrl Pts',(-19.2006076474239,188.15008262544,69.9625616618861));
#921=CARTESIAN_POINT('Ctrl Pts',(-19.1701824682119,188.150064357893,69.9623102798663));
#922=CARTESIAN_POINT('Ctrl Pts',(-18.9757920596891,188.149947644165,69.9607041676004));
#923=CARTESIAN_POINT('Ctrl Pts',(-18.7814785974299,188.142419044599,69.9594969510416));
#924=CARTESIAN_POINT('Ctrl Pts',(-18.587656429019,188.127494529213,69.958753798443));
#925=CARTESIAN_POINT('Ctrl Pts',(-18.4812109864777,188.119298115676,69.9583456655247));
#926=CARTESIAN_POINT('Ctrl Pts',(-18.3749492205342,188.108873714971,69.9580768107719));
#927=CARTESIAN_POINT('Ctrl Pts',(-18.2689392275824,188.096228139903,69.9579516278805));
#928=CARTESIAN_POINT('Ctrl Pts',(-18.1802092498993,188.085643839666,69.9578468502567));
#929=CARTESIAN_POINT('Ctrl Pts',(-18.0916719223801,188.073505404139,69.9578426670688));
#930=CARTESIAN_POINT('Ctrl Pts',(-18.00336695613,188.059818411311,69.9579391739436));
#931=CARTESIAN_POINT('Ctrl Pts',(-17.8994327181182,188.043708930377,69.9580527617623));
#932=CARTESIAN_POINT('Ctrl Pts',(-17.7958426245611,188.025457671261,69.9583059082022));
#933=CARTESIAN_POINT('Ctrl Pts',(-17.6926610779776,188.005076285951,69.9586947484735));
#934=CARTESIAN_POINT('Ctrl Pts',(-17.5806826414696,187.982957256566,69.9591167398766));
#935=CARTESIAN_POINT('Ctrl Pts',(-17.4692234958066,187.958336935797,69.9596984730702));
#936=CARTESIAN_POINT('Ctrl Pts',(-17.3583653678032,187.931235134019,69.9604291760152));
#937=CARTESIAN_POINT('Ctrl Pts',(-17.2921895556095,187.915056945041,69.9608653628941));
#938=CARTESIAN_POINT('Ctrl Pts',(-17.2262279031441,187.897994500816,69.9613545243826));
#939=CARTESIAN_POINT('Ctrl Pts',(-17.1604977914952,187.880051809756,69.9618934048881));
#940=CARTESIAN_POINT('Ctrl Pts',(-16.9647631937125,187.826621116733,69.9634981117164));
#941=CARTESIAN_POINT('Ctrl Pts',(-16.7714124248226,187.765473693438,69.9655449876826));
#942=CARTESIAN_POINT('Ctrl Pts',(-16.58089420342,187.696799250887,69.9679070799046));
#943=CARTESIAN_POINT('Ctrl Pts',(-16.3883324634236,187.627388199002,69.9702945081777));
#944=CARTESIAN_POINT('Ctrl Pts',(-16.1986643462351,187.550287680089,69.973003847117));
#945=CARTESIAN_POINT('Ctrl Pts',(-16.0123497353837,187.465692204531,69.9758505790035));
#946=CARTESIAN_POINT('Ctrl Pts',(-15.8231395541603,187.379782005712,69.9787415527907));
#947=CARTESIAN_POINT('Ctrl Pts',(-15.6373879120866,187.286141914492,69.9817741514141));
#948=CARTESIAN_POINT('Ctrl Pts',(-15.4555731607572,187.184976322907,69.9847015814983));
#949=CARTESIAN_POINT('Ctrl Pts',(-15.4106962868964,187.160005876563,69.98542415164));
#950=CARTESIAN_POINT('Ctrl Pts',(-15.3660592483308,187.134576958317,69.9861400658455));
#951=CARTESIAN_POINT('Ctrl Pts',(-15.3216692093616,187.108692667297,69.9868451300507));
#952=CARTESIAN_POINT('Ctrl Pts',(-15.1295247960678,186.996651271818,69.9898970342881));
#953=CARTESIAN_POINT('Ctrl Pts',(-14.9424779976861,186.876354748464,69.9927421645796));
#954=CARTESIAN_POINT('Ctrl Pts',(-14.761045058828,186.74817286267,69.9950095956756));
#955=CARTESIAN_POINT('Ctrl Pts',(-14.5734107440999,186.615609721418,69.9973545275417));
#956=CARTESIAN_POINT('Ctrl Pts',(-14.3917805994897,186.474612567567,69.999081353705));
#957=CARTESIAN_POINT('Ctrl Pts',(-14.2167219318935,186.325601244663,69.9997254310394));
#958=CARTESIAN_POINT('Ctrl Pts',(-14.1679423711821,186.284079696646,69.9999049012128));
#959=CARTESIAN_POINT('Ctrl Pts',(-14.1196730260513,186.241935978829,70.));
#960=CARTESIAN_POINT('Ctrl Pts',(-14.0719261230896,186.199179384646,70.));
#961=CARTESIAN_POINT('',(-13.0551933947407,175.910000236771,70.));
#962=CARTESIAN_POINT('Origin',(-19.1751935722862,180.5,70.));
#963=CARTESIAN_POINT('',(-13.0551933947407,175.910000236771,0.));
#964=CARTESIAN_POINT('Origin',(-12.17519357191,175.250000000582,0.));
#965=CARTESIAN_POINT('',(-11.0751935712243,175.249997867494,0.));
#966=CARTESIAN_POINT('Origin',(-12.17519357191,175.250000000582,0.));
#967=CARTESIAN_POINT('',(-11.0751935712243,175.249997867494,70.));
#968=CARTESIAN_POINT('Origin',(-12.17519357191,175.250000000582,70.));
#969=CARTESIAN_POINT('',(-11.0751935712243,175.249997867494,0.));
#970=CARTESIAN_POINT('Origin',(-11.0751935712243,175.249997867494,0.));
#971=CARTESIAN_POINT('',(-11.0751935724989,159.090772145729,0.));
#972=CARTESIAN_POINT('',(-11.0751935780458,88.7667864409548,0.));
#973=CARTESIAN_POINT('',(-11.0751935716384,170.,70.));
#974=CARTESIAN_POINT('',(-11.0751935780458,88.7667864409548,70.));
#975=CARTESIAN_POINT('',(-11.0751935716384,170.,3.));
#976=CARTESIAN_POINT('',(-11.0751935716384,170.,0.));
#977=CARTESIAN_POINT('',(-11.0751935724989,159.090772145729,3.));
#978=CARTESIAN_POINT('',(-11.0751935781358,87.6249989341837,3.));
#979=CARTESIAN_POINT('',(-11.0751935724989,159.090772145729,0.));
#980=CARTESIAN_POINT('Origin',(-9.67519357677555,159.090767042581,0.));
#981=CARTESIAN_POINT('',(-8.87019476896439,157.945351437888,0.));
#982=CARTESIAN_POINT('Origin',(-9.67519357677555,159.090767042581,0.));
#983=CARTESIAN_POINT('',(-8.87019476896439,157.945351437888,3.));
#984=CARTESIAN_POINT('Origin',(-9.67519357677555,159.090767042581,3.));
#985=CARTESIAN_POINT('',(-8.87019476896439,157.945351437888,0.));
#986=CARTESIAN_POINT('Origin',(-6.80019357327478,155.,0.));
#987=CARTESIAN_POINT('',(-8.8701918357344,152.054646505815,0.));
#988=CARTESIAN_POINT('Origin',(-6.80019357327478,155.,0.));
#989=CARTESIAN_POINT('',(-8.8701918357344,152.054646505815,3.));
#990=CARTESIAN_POINT('Origin',(-6.80019357327478,155.,3.));
#991=CARTESIAN_POINT('',(-8.8701918357344,152.054646505815,0.));
#992=CARTESIAN_POINT('Origin',(-9.67519357690712,150.909232957481,0.));
#993=CARTESIAN_POINT('',(-11.0751935769023,150.909236540647,0.));
#994=CARTESIAN_POINT('Origin',(-9.67519357690712,150.909232957481,0.));
#995=CARTESIAN_POINT('',(-11.0751935769023,150.909236540647,3.));
#996=CARTESIAN_POINT('Origin',(-9.67519357690712,150.909232957481,3.));
#997=CARTESIAN_POINT('',(-11.0751935769023,150.909236540647,0.));
#998=CARTESIAN_POINT('Origin',(-11.0751935768235,150.909232960002,0.));
#999=CARTESIAN_POINT('',(-11.0751935769261,140.,0.));
#1000=CARTESIAN_POINT('',(-11.0751935775222,76.5964039868536,0.));
#1001=CARTESIAN_POINT('',(-11.0751935769261,140.,3.));
#1002=CARTESIAN_POINT('',(-11.0751935775329,75.4546164800531,3.));
#1003=CARTESIAN_POINT('',(-11.0751935769261,140.,0.));
#1004=CARTESIAN_POINT('Origin',(-129.,140.,0.));
#1005=CARTESIAN_POINT('',(-129.,140.,3.));
#1006=CARTESIAN_POINT('',(-129.,140.,3.));
#1007=CARTESIAN_POINT('',(-129.,140.,0.));
#1008=CARTESIAN_POINT('',(-129.,140.,0.));
#1009=CARTESIAN_POINT('',(-129.,140.,0.));
#1010=CARTESIAN_POINT('Origin',(-1.77635683940025E-14,0.,3.));
#1011=CARTESIAN_POINT('',(-159.,170.,3.));
#1012=CARTESIAN_POINT('',(-79.5,170.,3.));
#1013=CARTESIAN_POINT('',(-159.,0.149999999999988,3.));
#1014=CARTESIAN_POINT('',(-159.,-85.,3.));
#1015=CARTESIAN_POINT('',(-148.090767042988,0.149999999999991,3.));
#1016=CARTESIAN_POINT('',(-74.0453835214942,0.149999999999996,3.));
#1017=CARTESIAN_POINT('',(-147.190798293531,1.88249999999998,3.));
#1018=CARTESIAN_POINT('Origin',(-148.090767042988,1.24999999999999,3.));
#1019=CARTESIAN_POINT('',(-140.809201706469,1.8825,3.));
#1020=CARTESIAN_POINT('Origin',(-144.,4.12499999999999,3.));
#1021=CARTESIAN_POINT('',(-139.909232957012,0.149999999999991,3.));
#1022=CARTESIAN_POINT('Origin',(-139.909232957012,1.24999999999999,3.));
#1023=CARTESIAN_POINT('',(-129.,0.149999999999988,3.));
#1024=CARTESIAN_POINT('',(69.9546164785058,0.15,3.));
#1025=CARTESIAN_POINT('',(-129.,-140.,3.));
#1026=CARTESIAN_POINT('Origin',(-159.,170.,0.));
#1027=CARTESIAN_POINT('',(-159.,170.,70.));
#1028=CARTESIAN_POINT('',(-159.,170.,70.));
#1029=CARTESIAN_POINT('',(-159.,170.,0.));
#1030=CARTESIAN_POINT('Origin',(-0.847742744373861,2.28357501360897,70.));
#1031=CARTESIAN_POINT('',(-180.694235130684,4.74286838068935,70.));
#1032=CARTESIAN_POINT('Ctrl Pts',(-180.694235130684,4.74286838068935,70.));
#1033=CARTESIAN_POINT('Ctrl Pts',(-180.216722349786,8.9382102449697,70.));
#1034=CARTESIAN_POINT('Ctrl Pts',(-178.936247871886,17.3534912260218,70.));
#1035=CARTESIAN_POINT('Ctrl Pts',(-176.529798342109,30.0439717380367,70.));
#1036=CARTESIAN_POINT('Ctrl Pts',(-175.316284025066,40.6029512499439,70.));
#1037=CARTESIAN_POINT('Ctrl Pts',(-175.418539377686,48.9550832974778,70.));
#1038=CARTESIAN_POINT('Ctrl Pts',(-176.133090654022,55.8447259129839,70.));
#1039=CARTESIAN_POINT('Ctrl Pts',(-177.724013439238,63.3422081866933,70.));
#1040=CARTESIAN_POINT('Ctrl Pts',(-180.218594958307,71.4401238270397,70.));
#1041=CARTESIAN_POINT('Ctrl Pts',(-182.959879219636,79.4857196697143,70.));
#1042=CARTESIAN_POINT('Ctrl Pts',(-185.397948856211,87.6005691884949,70.));
#1043=CARTESIAN_POINT('Ctrl Pts',(-187.232015761481,95.8381346291655,70.));
#1044=CARTESIAN_POINT('Ctrl Pts',(-188.839883888908,106.956197562636,70.));
#1045=CARTESIAN_POINT('Ctrl Pts',(-189.504280795346,121.056294173966,69.9999999999998));
#1046=CARTESIAN_POINT('Ctrl Pts',(-188.956367139732,134.36212273308,69.9999999999997));
#1047=CARTESIAN_POINT('Ctrl Pts',(-188.217062880119,142.731687994486,69.9999999999996));
#1048=CARTESIAN_POINT('Ctrl Pts',(-187.774383197298,146.915283802505,69.9999999999996));
#1049=CARTESIAN_POINT('Ctrl Pts',(-187.360982884878,150.40022442428,69.9999999999996));
#1050=CARTESIAN_POINT('Ctrl Pts',(-186.791124755745,154.581199271068,69.9999999999995));
#1051=CARTESIAN_POINT('Ctrl Pts',(-186.252158274724,158.063172615211,69.9999999999995));
#1052=CARTESIAN_POINT('Ctrl Pts',(-185.779529202913,160.845721446842,69.9999999999995));
#1053=CARTESIAN_POINT('Ctrl Pts',(-185.194139561782,164.088321137795,69.9999999999995));
#1054=CARTESIAN_POINT('Ctrl Pts',(-184.497281628586,167.553022976268,69.9999999999995));
#1055=CARTESIAN_POINT('Ctrl Pts',(-183.655713100211,171.225095306025,69.9999999999994));
#1056=CARTESIAN_POINT('Ctrl Pts',(-183.083048028362,173.506573565114,69.9999999999994));
#1057=CARTESIAN_POINT('Ctrl Pts',(-182.592450499142,175.321035862408,69.9999999999994));
#1058=CARTESIAN_POINT('Ctrl Pts',(-182.271027877437,176.449939197728,69.9999999999994));
#1059=CARTESIAN_POINT('Ctrl Pts',(-182.004125807499,177.349516419977,69.9999999999994));
#1060=CARTESIAN_POINT('Ctrl Pts',(-181.730404203433,178.246601741965,69.9999999999994));
#1061=CARTESIAN_POINT('Ctrl Pts',(-181.232221407842,179.809347104231,69.9999999999994));
#1062=CARTESIAN_POINT('Ctrl Pts',(-180.563138239691,181.726151143044,69.9999999999996));
#1063=CARTESIAN_POINT('Ctrl Pts',(-179.527912873017,184.341184385404,69.9999999999996));
#1064=CARTESIAN_POINT('Ctrl Pts',(-178.69626332459,186.123022186048,69.9999999999998));
#1065=CARTESIAN_POINT('Ctrl Pts',(-177.997925981451,187.365188275293,69.9999999999998));
#1066=CARTESIAN_POINT('Ctrl Pts',(-177.822296519993,187.669473053279,69.9999999999997));
#1067=CARTESIAN_POINT('Ctrl Pts',(-177.505666884239,188.196622963674,69.9999999999998));
#1068=CARTESIAN_POINT('Ctrl Pts',(-177.024057093972,188.931772812626,69.9999999999998));
#1069=CARTESIAN_POINT('Ctrl Pts',(-176.492076459055,189.635090127968,69.9999999999998));
#1070=CARTESIAN_POINT('Ctrl Pts',(-176.02840926646,190.166056015107,69.9999999999998));
#1071=CARTESIAN_POINT('Ctrl Pts',(-175.659370865442,190.543443627867,69.9999999999998));
#1072=CARTESIAN_POINT('Ctrl Pts',(-175.331830992434,190.83643906441,69.9999999999998));
#1073=CARTESIAN_POINT('Ctrl Pts',(-175.056855895025,191.055261686684,69.9999999999999));
#1074=CARTESIAN_POINT('Ctrl Pts',(-174.631720471268,191.367395444888,69.9999999999998));
#1075=CARTESIAN_POINT('Ctrl Pts',(-173.946965337408,191.770042432171,69.9999999999999));
#1076=CARTESIAN_POINT('Ctrl Pts',(-172.975988764803,192.186754358915,69.9999999999998));
#1077=CARTESIAN_POINT('Ctrl Pts',(-171.639300359277,192.625698681001,69.9999999999998));
#1078=CARTESIAN_POINT('Ctrl Pts',(-169.920274076885,193.011045263799,69.9999999999998));
#1079=CARTESIAN_POINT('Ctrl Pts',(-167.826270280833,193.304594332062,69.9999999999998));
#1080=CARTESIAN_POINT('Ctrl Pts',(-165.720599032074,193.474874047772,69.9999999999998));
#1081=CARTESIAN_POINT('Ctrl Pts',(-162.910358880075,193.576629531908,69.9999999999998));
#1082=CARTESIAN_POINT('Ctrl Pts',(-159.397931149556,193.519907022437,69.9999999999998));
#1083=CARTESIAN_POINT('Ctrl Pts',(-155.17874504559,193.249586148163,69.9999999999998));
#1084=CARTESIAN_POINT('Ctrl Pts',(-150.971299188752,192.829117066366,69.9999999999998));
#1085=CARTESIAN_POINT('Ctrl Pts',(-147.47974272118,192.384328135609,69.9999999999998));
#1086=CARTESIAN_POINT('Ctrl Pts',(-144.695271402668,191.98498013859,69.9999999999998));
#1087=CARTESIAN_POINT('Ctrl Pts',(-141.915873093724,191.560057117014,69.9999999999998));
#1088=CARTESIAN_POINT('Ctrl Pts',(-138.449908534828,190.988841741207,69.9999999999998));
#1089=CARTESIAN_POINT('Ctrl Pts',(-134.296814001363,190.257597355623,69.9999999999999));
#1090=CARTESIAN_POINT('Ctrl Pts',(-128.758819494439,189.268598812236,69.9999999999999));
#1091=CARTESIAN_POINT('Ctrl Pts',(-123.198143091094,188.323662676746,69.9999999999999));
#1092=CARTESIAN_POINT('Ctrl Pts',(-117.594736025541,187.8742915873,69.9999999999999));
#1093=CARTESIAN_POINT('Ctrl Pts',(-113.738391701269,187.881860586206,69.9999999999999));
#1094=CARTESIAN_POINT('Ctrl Pts',(-110.245069992664,188.084448013357,69.9999999999999));
#1095=CARTESIAN_POINT('Ctrl Pts',(-107.110737331688,188.31748775882,69.9999999999999));
#1096=CARTESIAN_POINT('Ctrl Pts',(-103.974124815917,188.53122389102,69.9999999999999));
#1097=CARTESIAN_POINT('Ctrl Pts',(-97.6826712106885,188.892024897186,69.9999999999999));
#1098=CARTESIAN_POINT('Ctrl Pts',(-88.1222239800368,189.210003519102,69.9999999999999));
#1099=CARTESIAN_POINT('Ctrl Pts',(-77.5671034292445,189.363606718695,69.9999999999999));
#1100=CARTESIAN_POINT('Ctrl Pts',(-70.1718031263942,189.402226687556,69.9999999999999));
#1101=CARTESIAN_POINT('Ctrl Pts',(-65.9269343472337,189.406338561703,69.9999999999999));
#1102=CARTESIAN_POINT('Ctrl Pts',(-59.5437229510349,189.394931457768,69.9999999999999));
#1103=CARTESIAN_POINT('Ctrl Pts',(-49.8952692365015,189.309265160397,70.));
#1104=CARTESIAN_POINT('Ctrl Pts',(-39.081815619911,189.018972278275,70.));
#1105=CARTESIAN_POINT('Ctrl Pts',(-30.4471086723136,188.329817462,70.));
#1106=CARTESIAN_POINT('Ctrl Pts',(-25.6629196801223,187.763700444669,70.));
#1107=CARTESIAN_POINT('Ctrl Pts',(-23.0333097559575,187.424403189594,70.));
#1108=CARTESIAN_POINT('Ctrl Pts',(-22.5561577127219,187.362050988717,70.));
#1109=CARTESIAN_POINT('',(-181.157058482791,0.150000017043557,70.));
#1110=CARTESIAN_POINT('Ctrl Pts',(-181.157018700992,0.149996524507343,70.));
#1111=CARTESIAN_POINT('Ctrl Pts',(-181.022624221174,1.68031175930155,70.));
#1112=CARTESIAN_POINT('Ctrl Pts',(-180.86858814699,3.21103397178339,70.));
#1113=CARTESIAN_POINT('Ctrl Pts',(-180.694235130684,4.74286838068935,70.));
#1114=CARTESIAN_POINT('',(-177.681534085977,0.150000000000042,70.));
#1115=CARTESIAN_POINT('',(-89.2646384151752,0.150000000000051,70.));
#1116=CARTESIAN_POINT('',(-175.513427553193,-4.02374999999989,70.));
#1117=CARTESIAN_POINT('Origin',(-177.681534085977,-2.4999999999999,70.));
#1118=CARTESIAN_POINT('',(-163.486572446807,-4.02374999999998,70.));
#1119=CARTESIAN_POINT('Origin',(-169.5,-8.25000000000001,70.));
#1120=CARTESIAN_POINT('',(-161.318465914023,0.14999999999999,70.));
#1121=CARTESIAN_POINT('Origin',(-161.318465914023,-2.50000000000001,70.));
#1122=CARTESIAN_POINT('',(-159.,0.150000000000006,70.));
#1123=CARTESIAN_POINT('',(-74.4692548936811,0.149999999999996,70.));
#1124=CARTESIAN_POINT('',(-159.,-170.,70.));
#1125=CARTESIAN_POINT('Origin',(139.909232957012,0.150000000000003,0.));
#1126=CARTESIAN_POINT('',(-129.,0.149999999999988,0.));
#1127=CARTESIAN_POINT('',(-139.909232957012,0.149999999999991,0.));
#1128=CARTESIAN_POINT('',(69.5307451063189,0.15,0.));
#1129=CARTESIAN_POINT('',(-129.,0.149999999999991,0.));
#1130=CARTESIAN_POINT('',(-139.909232957012,0.149999999999991,0.));
#1131=CARTESIAN_POINT('Origin',(-139.909232957012,1.24999999999999,0.));
#1132=CARTESIAN_POINT('',(-140.809201706469,1.8825,0.));
#1133=CARTESIAN_POINT('Origin',(-139.909232957012,1.24999999999999,0.));
#1134=CARTESIAN_POINT('',(-140.809201706469,1.8825,0.));
#1135=CARTESIAN_POINT('Origin',(-144.,4.12499999999999,0.));
#1136=CARTESIAN_POINT('',(-147.190798293531,1.88249999999998,0.));
#1137=CARTESIAN_POINT('Origin',(-144.,4.12499999999999,0.));
#1138=CARTESIAN_POINT('',(-147.190798293531,1.88249999999998,0.));
#1139=CARTESIAN_POINT('Origin',(-148.090767042988,1.24999999999999,0.));
#1140=CARTESIAN_POINT('',(-148.090767042988,0.149999999999991,0.));
#1141=CARTESIAN_POINT('Origin',(-148.090767042988,1.24999999999999,0.));
#1142=CARTESIAN_POINT('',(-148.090767042988,0.149999999999991,0.));
#1143=CARTESIAN_POINT('Origin',(-148.090767042988,0.149999999999991,0.));
#1144=CARTESIAN_POINT('',(-161.318465914023,0.14999999999999,0.));
#1145=CARTESIAN_POINT('',(-74.4692548936811,0.149999999999996,0.));
#1146=CARTESIAN_POINT('',(-159.,0.150000000000005,0.));
#1147=CARTESIAN_POINT('',(-161.318465914023,0.14999999999999,0.));
#1148=CARTESIAN_POINT('Origin',(-161.318465914023,-2.50000000000001,0.));
#1149=CARTESIAN_POINT('',(-163.486572446807,-4.02374999999998,0.));
#1150=CARTESIAN_POINT('Origin',(-161.318465914023,-2.50000000000001,0.));
#1151=CARTESIAN_POINT('',(-163.486572446807,-4.02374999999998,0.));
#1152=CARTESIAN_POINT('Origin',(-169.5,-8.25000000000001,0.));
#1153=CARTESIAN_POINT('',(-175.513427553193,-4.02374999999989,0.));
#1154=CARTESIAN_POINT('Origin',(-169.5,-8.25000000000001,0.));
#1155=CARTESIAN_POINT('',(-175.513427553193,-4.02374999999989,0.));
#1156=CARTESIAN_POINT('Origin',(-177.681534085977,-2.4999999999999,0.));
#1157=CARTESIAN_POINT('',(-177.681534085977,0.150000000000042,0.));
#1158=CARTESIAN_POINT('Origin',(-177.681534085977,-2.4999999999999,0.));
#1159=CARTESIAN_POINT('',(-177.681534085977,0.150000000000042,0.));
#1160=CARTESIAN_POINT('Origin',(-177.681534085977,0.150000000000011,0.));
#1161=CARTESIAN_POINT('',(-201.226326419094,0.149999999999995,0.));
#1162=CARTESIAN_POINT('',(-89.2646384151752,0.150000000000051,0.));
#1163=CARTESIAN_POINT('',(-201.226326414483,0.150000029159846,50.));
#1164=CARTESIAN_POINT('Ctrl Pts',(-201.226326419094,0.149999999999931,50.));
#1165=CARTESIAN_POINT('Ctrl Pts',(-201.226326419094,0.149999999999931,52.5754799672886));
#1166=CARTESIAN_POINT('Ctrl Pts',(-200.727304167318,0.14999999996566,55.1263199615284));
#1167=CARTESIAN_POINT('Ctrl Pts',(-198.762164837791,0.149999999965661,59.9597897105749));
#1168=CARTESIAN_POINT('Ctrl Pts',(-197.291093212807,0.149999999744964,62.1853509246563));
#1169=CARTESIAN_POINT('Ctrl Pts',(-193.559334157189,0.149999999744966,65.9474621551754));
#1170=CARTESIAN_POINT('Ctrl Pts',(-191.331674382593,0.150000000000002,67.4426451485872));
#1171=CARTESIAN_POINT('Ctrl Pts',(-186.430899649868,0.150000000000005,69.4774863887931));
#1172=CARTESIAN_POINT('Ctrl Pts',(-183.806688359526,0.150000000000042,70.));
#1173=CARTESIAN_POINT('Ctrl Pts',(-181.157058485784,0.150000000000043,70.));
#1174=CARTESIAN_POINT('Ctrl Pts',(-201.226326419094,0.149999999999989,0.));
#1175=CARTESIAN_POINT('Ctrl Pts',(-201.226326419094,0.149999999999989,8.33333333333335));
#1176=CARTESIAN_POINT('Ctrl Pts',(-201.226326419094,0.149999999999989,16.6666666666667));
#1177=CARTESIAN_POINT('Ctrl Pts',(-201.226326419094,0.149999999999989,33.3333333333334));
#1178=CARTESIAN_POINT('Ctrl Pts',(-201.226326419094,0.149999999999989,41.6666666666668));
#1179=CARTESIAN_POINT('Ctrl Pts',(-201.226326419094,0.149999999999989,50.0000000000001));
#1180=CARTESIAN_POINT('Ctrl Pts',(-200.565931056777,7.00465993184226,0.));
#1181=CARTESIAN_POINT('Ctrl Pts',(-200.565931056777,7.00465993184226,70.));
#1182=CARTESIAN_POINT('Ctrl Pts',(-200.868025398943,4.35051308729677,0.));
#1183=CARTESIAN_POINT('Ctrl Pts',(-200.868025398943,4.35051308729677,70.));
#1184=CARTESIAN_POINT('Ctrl Pts',(-201.400364350708,-1.1160193563003,0.));
#1185=CARTESIAN_POINT('Ctrl Pts',(-201.400364350708,-1.1160193563003,70.));
#1186=CARTESIAN_POINT('Ctrl Pts',(-201.945150344628,-9.79364835268794,0.));
#1187=CARTESIAN_POINT('Ctrl Pts',(-201.945150344628,-9.79364835268794,70.));
#1188=CARTESIAN_POINT('Ctrl Pts',(-202.110106227275,-22.3052634288114,0.));
#1189=CARTESIAN_POINT('Ctrl Pts',(-202.110106227275,-22.3052634288114,70.));
#1190=CARTESIAN_POINT('Ctrl Pts',(-201.595687929382,-39.3600837950559,0.));
#1191=CARTESIAN_POINT('Ctrl Pts',(-201.595687929382,-39.3600837950559,70.));
#1192=CARTESIAN_POINT('Ctrl Pts',(-200.780492775179,-57.5730355285837,0.));
#1193=CARTESIAN_POINT('Ctrl Pts',(-200.780492775179,-57.5730355285837,70.));
#1194=CARTESIAN_POINT('Ctrl Pts',(-200.147636073302,-76.5987368498544,0.));
#1195=CARTESIAN_POINT('Ctrl Pts',(-200.147636073302,-76.5987368498544,70.));
#1196=CARTESIAN_POINT('Ctrl Pts',(-200.093615481487,-96.017916655644,0.));
#1197=CARTESIAN_POINT('Ctrl Pts',(-200.093615481487,-96.017916655644,70.));
#1198=CARTESIAN_POINT('Ctrl Pts',(-200.797991363033,-115.353609020258,0.));
#1199=CARTESIAN_POINT('Ctrl Pts',(-200.797991363033,-115.353609020258,70.));
#1200=CARTESIAN_POINT('Ctrl Pts',(-202.045346467078,-134.082719802306,0.));
#1201=CARTESIAN_POINT('Ctrl Pts',(-202.045346467078,-134.082719802306,70.));
#1202=CARTESIAN_POINT('Ctrl Pts',(-203.212904418789,-151.663694148516,0.));
#1203=CARTESIAN_POINT('Ctrl Pts',(-203.212904418789,-151.663694148516,70.));
#1204=CARTESIAN_POINT('Ctrl Pts',(-203.47198192918,-167.585666418825,0.));
#1205=CARTESIAN_POINT('Ctrl Pts',(-203.47198192918,-167.585666418825,70.));
#1206=CARTESIAN_POINT('Ctrl Pts',(-201.931921823084,-181.410943180144,0.));
#1207=CARTESIAN_POINT('Ctrl Pts',(-201.931921823084,-181.410943180144,70.));
#1208=CARTESIAN_POINT('Ctrl Pts',(-197.814853293083,-192.822941344786,0.));
#1209=CARTESIAN_POINT('Ctrl Pts',(-197.814853293083,-192.822941344786,70.));
#1210=CARTESIAN_POINT('Ctrl Pts',(-190.599832537296,-201.665558912072,0.));
#1211=CARTESIAN_POINT('Ctrl Pts',(-190.599832537296,-201.665558912072,70.));
#1212=CARTESIAN_POINT('Ctrl Pts',(-180.224301045592,-208.002174321398,0.));
#1213=CARTESIAN_POINT('Ctrl Pts',(-180.224301045592,-208.002174321398,70.));
#1214=CARTESIAN_POINT('Ctrl Pts',(-167.045218754364,-212.088592573598,0.));
#1215=CARTESIAN_POINT('Ctrl Pts',(-167.045218754364,-212.088592573598,70.));
#1216=CARTESIAN_POINT('Ctrl Pts',(-151.671371985343,-214.299606900474,0.));
#1217=CARTESIAN_POINT('Ctrl Pts',(-151.671371985343,-214.299606900474,70.));
#1218=CARTESIAN_POINT('Ctrl Pts',(-134.831435238165,-215.068189972285,0.));
#1219=CARTESIAN_POINT('Ctrl Pts',(-134.831435238165,-215.068189972285,70.));
#1220=CARTESIAN_POINT('Ctrl Pts',(-117.236228216381,-214.823333382925,0.));
#1221=CARTESIAN_POINT('Ctrl Pts',(-117.236228216381,-214.823333382925,70.));
#1222=CARTESIAN_POINT('Ctrl Pts',(-99.4219856622717,-213.919226192137,0.));
#1223=CARTESIAN_POINT('Ctrl Pts',(-99.4219856622717,-213.919226192137,70.));
#1224=CARTESIAN_POINT('Ctrl Pts',(-81.6741911834651,-212.59932630659,0.));
#1225=CARTESIAN_POINT('Ctrl Pts',(-81.6741911834651,-212.59932630659,70.));
#1226=CARTESIAN_POINT('Ctrl Pts',(-64.1143786760516,-211.030549854532,0.));
#1227=CARTESIAN_POINT('Ctrl Pts',(-64.1143786760516,-211.030549854532,70.));
#1228=CARTESIAN_POINT('Ctrl Pts',(-46.7520873835371,-209.322421174016,0.));
#1229=CARTESIAN_POINT('Ctrl Pts',(-46.7520873835371,-209.322421174016,70.));
#1230=CARTESIAN_POINT('Ctrl Pts',(-29.5492844984689,-207.551736037704,0.));
#1231=CARTESIAN_POINT('Ctrl Pts',(-29.5492844984689,-207.551736037704,70.));
#1232=CARTESIAN_POINT('Ctrl Pts',(-12.4827144676679,-205.785952940692,0.));
#1233=CARTESIAN_POINT('Ctrl Pts',(-12.4827144676679,-205.785952940692,70.));
#1234=CARTESIAN_POINT('Ctrl Pts',(4.40057606525587,-204.104531953091,0.));
#1235=CARTESIAN_POINT('Ctrl Pts',(4.40057606525587,-204.104531953091,70.));
#1236=CARTESIAN_POINT('Ctrl Pts',(20.9048951855613,-202.627830653462,0.));
#1237=CARTESIAN_POINT('Ctrl Pts',(20.9048951855613,-202.627830653462,70.));
#1238=CARTESIAN_POINT('Ctrl Pts',(36.7411880526659,-201.501057447776,0.));
#1239=CARTESIAN_POINT('Ctrl Pts',(36.7411880526659,-201.501057447776,70.));
#1240=CARTESIAN_POINT('Ctrl Pts',(51.6276673461923,-200.862772334824,0.));
#1241=CARTESIAN_POINT('Ctrl Pts',(51.6276673461923,-200.862772334824,70.));
#1242=CARTESIAN_POINT('Ctrl Pts',(65.3766760071114,-200.818369186835,0.));
#1243=CARTESIAN_POINT('Ctrl Pts',(65.3766760071114,-200.818369186835,70.));
#1244=CARTESIAN_POINT('Ctrl Pts',(77.9846139390854,-201.411744825261,0.));
#1245=CARTESIAN_POINT('Ctrl Pts',(77.9846139390854,-201.411744825261,70.));
#1246=CARTESIAN_POINT('Ctrl Pts',(89.7270493235968,-202.597051348126,0.));
#1247=CARTESIAN_POINT('Ctrl Pts',(89.7270493235968,-202.597051348126,70.));
#1248=CARTESIAN_POINT('Ctrl Pts',(101.233893463673,-204.212295307995,0.));
#1249=CARTESIAN_POINT('Ctrl Pts',(101.233893463673,-204.212295307995,70.));
#1250=CARTESIAN_POINT('Ctrl Pts',(113.245860914358,-205.995072331134,0.));
#1251=CARTESIAN_POINT('Ctrl Pts',(113.245860914358,-205.995072331134,70.));
#1252=CARTESIAN_POINT('Ctrl Pts',(126.376573183845,-207.59505551199,0.));
#1253=CARTESIAN_POINT('Ctrl Pts',(126.376573183845,-207.59505551199,70.));
#1254=CARTESIAN_POINT('Ctrl Pts',(140.894202310597,-208.58964191395,0.));
#1255=CARTESIAN_POINT('Ctrl Pts',(140.894202310597,-208.58964191395,70.));
#1256=CARTESIAN_POINT('Ctrl Pts',(156.443550109446,-208.493568535258,0.));
#1257=CARTESIAN_POINT('Ctrl Pts',(156.443550109446,-208.493568535258,70.));
#1258=CARTESIAN_POINT('Ctrl Pts',(171.957339450398,-206.785928090254,0.));
#1259=CARTESIAN_POINT('Ctrl Pts',(171.957339450398,-206.785928090254,70.));
#1260=CARTESIAN_POINT('Ctrl Pts',(186.051647567358,-202.979961257872,0.));
#1261=CARTESIAN_POINT('Ctrl Pts',(186.051647567358,-202.979961257872,70.));
#1262=CARTESIAN_POINT('Ctrl Pts',(197.336951080669,-196.686467148131,0.));
#1263=CARTESIAN_POINT('Ctrl Pts',(197.336951080669,-196.686467148131,70.));
#1264=CARTESIAN_POINT('Ctrl Pts',(204.746533750794,-187.676217646493,0.));
#1265=CARTESIAN_POINT('Ctrl Pts',(204.746533750794,-187.676217646493,70.));
#1266=CARTESIAN_POINT('Ctrl Pts',(207.895502313665,-175.95129571554,0.));
#1267=CARTESIAN_POINT('Ctrl Pts',(207.895502313665,-175.95129571554,70.));
#1268=CARTESIAN_POINT('Ctrl Pts',(207.311341735072,-161.787015548344,0.));
#1269=CARTESIAN_POINT('Ctrl Pts',(207.311341735072,-161.787015548344,70.));
#1270=CARTESIAN_POINT('Ctrl Pts',(204.086348900097,-145.645654120163,0.));
#1271=CARTESIAN_POINT('Ctrl Pts',(204.086348900097,-145.645654120163,70.));
#1272=CARTESIAN_POINT('Ctrl Pts',(199.620511814499,-128.110248213184,0.));
#1273=CARTESIAN_POINT('Ctrl Pts',(199.620511814499,-128.110248213184,70.));
#1274=CARTESIAN_POINT('Ctrl Pts',(195.317774777891,-109.807896115045,0.));
#1275=CARTESIAN_POINT('Ctrl Pts',(195.317774777891,-109.807896115045,70.));
#1276=CARTESIAN_POINT('Ctrl Pts',(192.32848878864,-91.3438355220551,0.));
#1277=CARTESIAN_POINT('Ctrl Pts',(192.32848878864,-91.3438355220551,70.));
#1278=CARTESIAN_POINT('Ctrl Pts',(191.208193283936,-73.2156088872076,0.));
#1279=CARTESIAN_POINT('Ctrl Pts',(191.208193283936,-73.2156088872076,70.));
#1280=CARTESIAN_POINT('Ctrl Pts',(191.828392284882,-55.7895567204711,0.));
#1281=CARTESIAN_POINT('Ctrl Pts',(191.828392284882,-55.7895567204711,70.));
#1282=CARTESIAN_POINT('Ctrl Pts',(193.647431026415,-39.3158439560121,0.));
#1283=CARTESIAN_POINT('Ctrl Pts',(193.647431026415,-39.3158439560121,70.));
#1284=CARTESIAN_POINT('Ctrl Pts',(195.881287709458,-23.9241654437093,0.));
#1285=CARTESIAN_POINT('Ctrl Pts',(195.881287709458,-23.9241654437093,70.));
#1286=CARTESIAN_POINT('Ctrl Pts',(197.719071799719,-9.62633705979788,0.));
#1287=CARTESIAN_POINT('Ctrl Pts',(197.719071799719,-9.62633705979788,70.));
#1288=CARTESIAN_POINT('Ctrl Pts',(198.50910058066,3.68181060850205,0.));
#1289=CARTESIAN_POINT('Ctrl Pts',(198.50910058066,3.68181060850205,70.));
#1290=CARTESIAN_POINT('Ctrl Pts',(197.982210112877,16.2238349279828,0.));
#1291=CARTESIAN_POINT('Ctrl Pts',(197.982210112877,16.2238349279828,70.));
#1292=CARTESIAN_POINT('Ctrl Pts',(196.384882552707,28.3273449170345,0.));
#1293=CARTESIAN_POINT('Ctrl Pts',(196.384882552707,28.3273449170345,70.));
#1294=CARTESIAN_POINT('Ctrl Pts',(194.25710819653,40.3354137903979,0.));
#1295=CARTESIAN_POINT('Ctrl Pts',(194.25710819653,40.3354137903979,70.));
#1296=CARTESIAN_POINT('Ctrl Pts',(192.253630010522,52.5219167286891,0.));
#1297=CARTESIAN_POINT('Ctrl Pts',(192.253630010522,52.5219167286891,70.));
#1298=CARTESIAN_POINT('Ctrl Pts',(190.964513104615,65.0193446914798,0.));
#1299=CARTESIAN_POINT('Ctrl Pts',(190.964513104615,65.0193446914798,70.));
#1300=CARTESIAN_POINT('Ctrl Pts',(190.696771816791,77.7071482362089,0.));
#1301=CARTESIAN_POINT('Ctrl Pts',(190.696771816791,77.7071482362089,70.));
#1302=CARTESIAN_POINT('Ctrl Pts',(191.4296187333,90.2530340153752,0.));
#1303=CARTESIAN_POINT('Ctrl Pts',(191.4296187333,90.2530340153752,70.));
#1304=CARTESIAN_POINT('Ctrl Pts',(192.939651355923,102.29866679384,0.));
#1305=CARTESIAN_POINT('Ctrl Pts',(192.939651355923,102.29866679384,70.));
#1306=CARTESIAN_POINT('Ctrl Pts',(194.880105647442,113.609418368625,0.));
#1307=CARTESIAN_POINT('Ctrl Pts',(194.880105647442,113.609418368625,70.));
#1308=CARTESIAN_POINT('Ctrl Pts',(196.876503804843,124.230557458472,0.));
#1309=CARTESIAN_POINT('Ctrl Pts',(196.876503804843,124.230557458472,70.));
#1310=CARTESIAN_POINT('Ctrl Pts',(198.621531920314,134.663514002065,0.));
#1311=CARTESIAN_POINT('Ctrl Pts',(198.621531920314,134.663514002065,70.));
#1312=CARTESIAN_POINT('Ctrl Pts',(199.859272093813,145.599407905333,0.));
#1313=CARTESIAN_POINT('Ctrl Pts',(199.859272093813,145.599407905333,70.));
#1314=CARTESIAN_POINT('Ctrl Pts',(200.356727991692,157.592750748423,0.));
#1315=CARTESIAN_POINT('Ctrl Pts',(200.356727991692,157.592750748423,70.));
#1316=CARTESIAN_POINT('Ctrl Pts',(199.883299198443,170.79788127317,0.));
#1317=CARTESIAN_POINT('Ctrl Pts',(199.883299198443,170.79788127317,70.));
#1318=CARTESIAN_POINT('Ctrl Pts',(198.178952010834,184.578155442098,0.));
#1319=CARTESIAN_POINT('Ctrl Pts',(198.178952010834,184.578155442098,70.));
#1320=CARTESIAN_POINT('Ctrl Pts',(194.966032487421,197.660905783373,0.));
#1321=CARTESIAN_POINT('Ctrl Pts',(194.966032487421,197.660905783373,70.));
#1322=CARTESIAN_POINT('Ctrl Pts',(189.985102931238,208.600938437797,0.));
#1323=CARTESIAN_POINT('Ctrl Pts',(189.985102931238,208.600938437797,70.));
#1324=CARTESIAN_POINT('Ctrl Pts',(183.023028562639,216.141644750425,0.));
#1325=CARTESIAN_POINT('Ctrl Pts',(183.023028562639,216.141644750425,70.));
#1326=CARTESIAN_POINT('Ctrl Pts',(173.945202172593,219.635339999503,0.));
#1327=CARTESIAN_POINT('Ctrl Pts',(173.945202172593,219.635339999503,70.));
#1328=CARTESIAN_POINT('Ctrl Pts',(162.723467611025,219.390945953593,0.));
#1329=CARTESIAN_POINT('Ctrl Pts',(162.723467611025,219.390945953593,70.));
#1330=CARTESIAN_POINT('Ctrl Pts',(149.428342822144,216.346483458056,0.));
#1331=CARTESIAN_POINT('Ctrl Pts',(149.428342822144,216.346483458056,70.));
#1332=CARTESIAN_POINT('Ctrl Pts',(134.222972361215,211.778954357485,0.));
#1333=CARTESIAN_POINT('Ctrl Pts',(134.222972361215,211.778954357485,70.));
#1334=CARTESIAN_POINT('Ctrl Pts',(117.357432610056,207.010408856552,0.));
#1335=CARTESIAN_POINT('Ctrl Pts',(117.357432610056,207.010408856552,70.));
#1336=CARTESIAN_POINT('Ctrl Pts',(99.1607749716394,203.092297654182,0.));
#1337=CARTESIAN_POINT('Ctrl Pts',(99.1607749716394,203.092297654182,70.));
#1338=CARTESIAN_POINT('Ctrl Pts',(80.0394024021338,200.570207427779,0.));
#1339=CARTESIAN_POINT('Ctrl Pts',(80.0394024021338,200.570207427779,70.));
#1340=CARTESIAN_POINT('Ctrl Pts',(60.4707757444032,199.609600751123,0.));
#1341=CARTESIAN_POINT('Ctrl Pts',(60.4707757444032,199.609600751123,70.));
#1342=CARTESIAN_POINT('Ctrl Pts',(41.022614325587,200.066679136315,0.));
#1343=CARTESIAN_POINT('Ctrl Pts',(41.022614325587,200.066679136315,70.));
#1344=CARTESIAN_POINT('Ctrl Pts',(22.3110934173096,201.585906152319,0.));
#1345=CARTESIAN_POINT('Ctrl Pts',(22.3110934173096,201.585906152319,70.));
#1346=CARTESIAN_POINT('Ctrl Pts',(5.10163889007715,203.673702162978,0.));
#1347=CARTESIAN_POINT('Ctrl Pts',(5.10163889007715,203.673702162978,70.));
#1348=CARTESIAN_POINT('Ctrl Pts',(-9.92399505018589,205.811157031147,0.));
#1349=CARTESIAN_POINT('Ctrl Pts',(-9.92399505018589,205.811157031147,70.));
#1350=CARTESIAN_POINT('Ctrl Pts',(-21.5713197349317,207.476937446657,0.));
#1351=CARTESIAN_POINT('Ctrl Pts',(-21.5713197349317,207.476937446657,70.));
#1352=CARTESIAN_POINT('Ctrl Pts',(-30.857769192577,208.533499810963,0.));
#1353=CARTESIAN_POINT('Ctrl Pts',(-30.857769192577,208.533499810963,70.));
#1354=CARTESIAN_POINT('Ctrl Pts',(-39.9626217564253,209.087374564399,0.));
#1355=CARTESIAN_POINT('Ctrl Pts',(-39.9626217564253,209.087374564399,70.));
#1356=CARTESIAN_POINT('Ctrl Pts',(-51.0001321747346,209.34307519563,0.));
#1357=CARTESIAN_POINT('Ctrl Pts',(-51.0001321747346,209.34307519563,70.));
#1358=CARTESIAN_POINT('Ctrl Pts',(-64.7406849148578,209.446420807026,0.));
#1359=CARTESIAN_POINT('Ctrl Pts',(-64.7406849148578,209.446420807026,70.));
#1360=CARTESIAN_POINT('Ctrl Pts',(-79.8092626277829,209.38229264849,0.));
#1361=CARTESIAN_POINT('Ctrl Pts',(-79.8092626277829,209.38229264849,70.));
#1362=CARTESIAN_POINT('Ctrl Pts',(-93.9482294633312,209.093493004351,0.));
#1363=CARTESIAN_POINT('Ctrl Pts',(-93.9482294633312,209.093493004351,70.));
#1364=CARTESIAN_POINT('Ctrl Pts',(-105.047758668344,208.578687345237,0.));
#1365=CARTESIAN_POINT('Ctrl Pts',(-105.047758668344,208.578687345237,70.));
#1366=CARTESIAN_POINT('Ctrl Pts',(-112.095153449555,207.972385834443,0.));
#1367=CARTESIAN_POINT('Ctrl Pts',(-112.095153449555,207.972385834443,70.));
#1368=CARTESIAN_POINT('Ctrl Pts',(-116.579186436183,207.696681542502,0.));
#1369=CARTESIAN_POINT('Ctrl Pts',(-116.579186436183,207.696681542502,70.));
#1370=CARTESIAN_POINT('Ctrl Pts',(-122.007754316868,208.31922473131,0.));
#1371=CARTESIAN_POINT('Ctrl Pts',(-122.007754316868,208.31922473131,70.));
#1372=CARTESIAN_POINT('Ctrl Pts',(-130.760945047963,209.966337409683,0.));
#1373=CARTESIAN_POINT('Ctrl Pts',(-130.760945047963,209.966337409683,70.));
#1374=CARTESIAN_POINT('Ctrl Pts',(-142.700193382267,212.078678243202,0.));
#1375=CARTESIAN_POINT('Ctrl Pts',(-142.700193382267,212.078678243202,70.));
#1376=CARTESIAN_POINT('Ctrl Pts',(-156.359834298397,213.733135174917,0.));
#1377=CARTESIAN_POINT('Ctrl Pts',(-156.359834298397,213.733135174917,70.));
#1378=CARTESIAN_POINT('Ctrl Pts',(-169.692516299578,213.863418375054,0.));
#1379=CARTESIAN_POINT('Ctrl Pts',(-169.692516299578,213.863418375054,70.));
#1380=CARTESIAN_POINT('Ctrl Pts',(-180.993152983945,211.521295183358,0.));
#1381=CARTESIAN_POINT('Ctrl Pts',(-180.993152983945,211.521295183358,70.));
#1382=CARTESIAN_POINT('Ctrl Pts',(-189.732392516273,206.117586663716,0.));
#1383=CARTESIAN_POINT('Ctrl Pts',(-189.732392516273,206.117586663716,70.));
#1384=CARTESIAN_POINT('Ctrl Pts',(-196.155617971048,197.418445853034,0.));
#1385=CARTESIAN_POINT('Ctrl Pts',(-196.155617971048,197.418445853034,70.));
#1386=CARTESIAN_POINT('Ctrl Pts',(-200.886125178276,185.541771318293,0.));
#1387=CARTESIAN_POINT('Ctrl Pts',(-200.886125178276,185.541771318293,70.));
#1388=CARTESIAN_POINT('Ctrl Pts',(-204.526192169515,170.954354052171,0.));
#1389=CARTESIAN_POINT('Ctrl Pts',(-204.526192169515,170.954354052171,70.));
#1390=CARTESIAN_POINT('Ctrl Pts',(-207.263380157844,154.467746102061,0.));
#1391=CARTESIAN_POINT('Ctrl Pts',(-207.263380157844,154.467746102061,70.));
#1392=CARTESIAN_POINT('Ctrl Pts',(-209.018955655808,137.088483183095,0.));
#1393=CARTESIAN_POINT('Ctrl Pts',(-209.018955655808,137.088483183095,70.));
#1394=CARTESIAN_POINT('Ctrl Pts',(-209.590987802413,119.869890651874,0.));
#1395=CARTESIAN_POINT('Ctrl Pts',(-209.590987802413,119.869890651874,70.));
#1396=CARTESIAN_POINT('Ctrl Pts',(-208.799748522567,103.763023620941,0.));
#1397=CARTESIAN_POINT('Ctrl Pts',(-208.799748522567,103.763023620941,70.));
#1398=CARTESIAN_POINT('Ctrl Pts',(-206.631209278751,89.4686750591747,0.));
#1399=CARTESIAN_POINT('Ctrl Pts',(-206.631209278751,89.4686750591747,70.));
#1400=CARTESIAN_POINT('Ctrl Pts',(-203.383593288683,77.2870862300463,0.));
#1401=CARTESIAN_POINT('Ctrl Pts',(-203.383593288683,77.2870862300463,70.));
#1402=CARTESIAN_POINT('Ctrl Pts',(-199.806627746031,66.9733071476031,0.));
#1403=CARTESIAN_POINT('Ctrl Pts',(-199.806627746031,66.9733071476031,70.));
#1404=CARTESIAN_POINT('Ctrl Pts',(-196.807527707867,57.9252857383305,0.));
#1405=CARTESIAN_POINT('Ctrl Pts',(-196.807527707867,57.9252857383305,70.));
#1406=CARTESIAN_POINT('Ctrl Pts',(-195.166453913776,49.3654872179381,0.));
#1407=CARTESIAN_POINT('Ctrl Pts',(-195.166453913776,49.3654872179381,70.));
#1408=CARTESIAN_POINT('Ctrl Pts',(-195.244182720464,40.5262386450109,0.));
#1409=CARTESIAN_POINT('Ctrl Pts',(-195.244182720464,40.5262386450109,70.));
#1410=CARTESIAN_POINT('Ctrl Pts',(-196.704439975377,30.8295745864224,0.));
#1411=CARTESIAN_POINT('Ctrl Pts',(-196.704439975377,30.8295745864224,70.));
#1412=CARTESIAN_POINT('Ctrl Pts',(-198.39636470961,22.0623419167714,0.));
#1413=CARTESIAN_POINT('Ctrl Pts',(-198.39636470961,22.0623419167714,70.));
#1414=CARTESIAN_POINT('Ctrl Pts',(-199.587798297714,14.8088617109695,0.));
#1415=CARTESIAN_POINT('Ctrl Pts',(-199.587798297714,14.8088617109695,70.));
#1416=CARTESIAN_POINT('Ctrl Pts',(-200.263836714612,9.65880677638696,0.));
#1417=CARTESIAN_POINT('Ctrl Pts',(-200.263836714612,9.65880677638696,70.));
#1418=CARTESIAN_POINT('Ctrl Pts',(-200.565931056777,7.00465993184226,0.));
#1419=CARTESIAN_POINT('Ctrl Pts',(-200.565931056777,7.00465993184226,70.));
#1420=CARTESIAN_POINT('',(-200.565931056777,7.00465993184226,50.));
#1421=CARTESIAN_POINT('Ctrl Pts',(-200.565931056777,7.00465993184226,50.));
#1422=CARTESIAN_POINT('Ctrl Pts',(-200.826211413289,4.71788328458856,50.));
#1423=CARTESIAN_POINT('Ctrl Pts',(-201.046188552668,2.42825402098868,50.));
#1424=CARTESIAN_POINT('Ctrl Pts',(-201.226326419094,0.149999999999809,50.));
#1425=CARTESIAN_POINT('',(-200.565931056777,7.00465993184226,0.));
#1426=CARTESIAN_POINT('',(-200.565931056777,7.00465993184226,0.));
#1427=CARTESIAN_POINT('Ctrl Pts',(-201.226326419094,0.149999999999989,0.));
#1428=CARTESIAN_POINT('Ctrl Pts',(-201.114777960346,1.56078458249022,0.));
#1429=CARTESIAN_POINT('Ctrl Pts',(-200.992529208084,2.95168045659157,0.));
#1430=CARTESIAN_POINT('Ctrl Pts',(-200.859900237081,4.32261648184814,0.));
#1431=CARTESIAN_POINT('Ctrl Pts',(-200.717433357871,5.67358781872357,0.));
#1432=CARTESIAN_POINT('Ctrl Pts',(-200.565931056777,7.00465993184226,0.));
#1433=CARTESIAN_POINT('Ctrl Pts',(-200.565931056777,7.00465993184226,50.));
#1434=CARTESIAN_POINT('Ctrl Pts',(-200.826211413289,4.71788328458856,50.));
#1435=CARTESIAN_POINT('Ctrl Pts',(-201.046188552668,2.42825402098868,50.));
#1436=CARTESIAN_POINT('Ctrl Pts',(-201.226326419094,0.149999999999809,50.));
#1437=CARTESIAN_POINT('Ctrl Pts',(-200.565931056777,7.00465993184226,52.9919930034188));
#1438=CARTESIAN_POINT('Ctrl Pts',(-200.82621506534,4.71785119832386,52.9919930034188));
#1439=CARTESIAN_POINT('Ctrl Pts',(-201.046186084575,2.4282852356455,52.9919930034189));
#1440=CARTESIAN_POINT('Ctrl Pts',(-201.226326419094,0.149999999999809,52.9919930034189));
#1441=CARTESIAN_POINT('Ctrl Pts',(-199.208317324916,6.85013667022058,58.973696294904));
#1442=CARTESIAN_POINT('Ctrl Pts',(-199.466819081668,4.57898648225165,58.973696294904));
#1443=CARTESIAN_POINT('Ctrl Pts',(-199.685262463123,2.30535077884757,58.973696294904));
#1444=CARTESIAN_POINT('Ctrl Pts',(-199.864198334009,0.0422987319293055,
58.973696294904));
#1445=CARTESIAN_POINT('Ctrl Pts',(-193.507257823792,6.20124347760037,66.1723399260321));
#1446=CARTESIAN_POINT('Ctrl Pts',(-193.758284797322,3.99576539776426,66.1723399260321));
#1447=CARTESIAN_POINT('Ctrl Pts',(-193.970297264989,1.7891901357342,66.1723399260321));
#1448=CARTESIAN_POINT('Ctrl Pts',(-194.144181602466,-0.409973754129242,
66.1723399260321));
#1449=CARTESIAN_POINT('Ctrl Pts',(-186.640696899751,5.41969319919259,69.4988257325392));
#1450=CARTESIAN_POINT('Ctrl Pts',(-186.882720293417,3.29331896126435,69.4988257325392));
#1451=CARTESIAN_POINT('Ctrl Pts',(-187.086988280924,1.16750187737036,69.4988257325392));
#1452=CARTESIAN_POINT('Ctrl Pts',(-187.254787908901,-0.954706988219617,
69.4988257325392));
#1453=CARTESIAN_POINT('Ctrl Pts',(-182.180634510107,4.91204999309539,70.));
#1454=CARTESIAN_POINT('Ctrl Pts',(-182.416809939777,2.83705492061666,70.));
#1455=CARTESIAN_POINT('Ctrl Pts',(-182.616047351793,0.763695835533807,70.));
#1456=CARTESIAN_POINT('Ctrl Pts',(-182.779894867097,-1.30852955480446,70.));
#1457=CARTESIAN_POINT('Ctrl Pts',(-180.694235130684,4.74286838068935,70.));
#1458=CARTESIAN_POINT('Ctrl Pts',(-180.92846206459,2.68499244339988,70.));
#1459=CARTESIAN_POINT('Ctrl Pts',(-181.126022192553,0.629123731912878,70.));
#1460=CARTESIAN_POINT('Ctrl Pts',(-181.288552894893,-1.42644755626984,70.));
#1461=CARTESIAN_POINT('Origin',(-180.694235130684,4.74286838068935,50.));
#1462=CARTESIAN_POINT('Origin',(-159.,-170.,0.));
#1463=CARTESIAN_POINT('Origin',(-0.847742744373861,2.28357501360897,0.));
#1464=CARTESIAN_POINT('',(-129.,-140.,0.));
#1465=CARTESIAN_POINT('Ctrl Pts',(-200.565931056777,7.00465993184226,0.));
#1466=CARTESIAN_POINT('Ctrl Pts',(-200.263836714612,9.65880677638694,0.));
#1467=CARTESIAN_POINT('Ctrl Pts',(-199.587798297714,14.8088617109695,0.));
#1468=CARTESIAN_POINT('Ctrl Pts',(-198.39636470961,22.0623419167714,0.));
#1469=CARTESIAN_POINT('Ctrl Pts',(-196.704439975377,30.8295745864224,0.));
#1470=CARTESIAN_POINT('Ctrl Pts',(-195.244182720464,40.5262386450109,0.));
#1471=CARTESIAN_POINT('Ctrl Pts',(-195.166453913776,49.3654872179381,0.));
#1472=CARTESIAN_POINT('Ctrl Pts',(-196.807527707867,57.9252857383305,0.));
#1473=CARTESIAN_POINT('Ctrl Pts',(-199.806627746031,66.9733071476031,0.));
#1474=CARTESIAN_POINT('Ctrl Pts',(-203.383593288683,77.2870862300463,0.));
#1475=CARTESIAN_POINT('Ctrl Pts',(-206.631209278751,89.4686750591747,0.));
#1476=CARTESIAN_POINT('Ctrl Pts',(-208.799748522567,103.763023620941,0.));
#1477=CARTESIAN_POINT('Ctrl Pts',(-209.590987802413,119.869890651874,0.));
#1478=CARTESIAN_POINT('Ctrl Pts',(-209.018955655808,137.088483183095,0.));
#1479=CARTESIAN_POINT('Ctrl Pts',(-207.263380157844,154.467746102061,0.));
#1480=CARTESIAN_POINT('Ctrl Pts',(-204.526192169515,170.954354052171,0.));
#1481=CARTESIAN_POINT('Ctrl Pts',(-200.886125178276,185.541771318293,0.));
#1482=CARTESIAN_POINT('Ctrl Pts',(-196.155617971048,197.418445853034,0.));
#1483=CARTESIAN_POINT('Ctrl Pts',(-189.732392516273,206.117586663716,0.));
#1484=CARTESIAN_POINT('Ctrl Pts',(-180.993152983945,211.521295183358,0.));
#1485=CARTESIAN_POINT('Ctrl Pts',(-169.692516299578,213.863418375054,0.));
#1486=CARTESIAN_POINT('Ctrl Pts',(-156.359834298397,213.733135174917,0.));
#1487=CARTESIAN_POINT('Ctrl Pts',(-142.700193382267,212.078678243202,0.));
#1488=CARTESIAN_POINT('Ctrl Pts',(-130.760945047963,209.966337409683,0.));
#1489=CARTESIAN_POINT('Ctrl Pts',(-122.007754316868,208.31922473131,0.));
#1490=CARTESIAN_POINT('Ctrl Pts',(-116.579186436183,207.696681542502,0.));
#1491=CARTESIAN_POINT('Ctrl Pts',(-112.095153449555,207.972385834443,0.));
#1492=CARTESIAN_POINT('Ctrl Pts',(-105.047758668344,208.578687345237,0.));
#1493=CARTESIAN_POINT('Ctrl Pts',(-93.9482294633312,209.093493004351,0.));
#1494=CARTESIAN_POINT('Ctrl Pts',(-79.8092626277829,209.38229264849,0.));
#1495=CARTESIAN_POINT('Ctrl Pts',(-64.7406849148578,209.446420807026,0.));
#1496=CARTESIAN_POINT('Ctrl Pts',(-51.0001321747346,209.34307519563,0.));
#1497=CARTESIAN_POINT('Ctrl Pts',(-39.9626217564253,209.087374564399,0.));
#1498=CARTESIAN_POINT('Ctrl Pts',(-31.1325891979058,208.550217913933,0.));
#1499=CARTESIAN_POINT('Ctrl Pts',(-23.9890054349927,207.751459797373,0.));
#1500=CARTESIAN_POINT('Ctrl Pts',(-17.7876449112204,206.915136923159,0.));
#1501=CARTESIAN_POINT('Ctrl Pts',(-13.261596615412,206.281674993479,0.));
#1502=CARTESIAN_POINT('Ctrl Pts',(-11.0751935717062,205.974461000376,0.));
#1503=CARTESIAN_POINT('Origin',(-0.847742744373861,2.28357501360897,70.));
#1504=CARTESIAN_POINT('Ctrl Pts',(-14.071926730269,186.199179469952,70.));
#1505=CARTESIAN_POINT('Ctrl Pts',(-13.0730661508059,186.058844330813,70.));
#1506=CARTESIAN_POINT('Ctrl Pts',(-12.0741619321216,185.918119617826,70.));
#1507=CARTESIAN_POINT('Ctrl Pts',(-11.0751935719803,185.777768753583,70.));
#1508=CARTESIAN_POINT('Ctrl Pts',(-8.2926061103206,205.583253019771,50.));
#1509=CARTESIAN_POINT('Ctrl Pts',(-10.4370762412682,205.884542077795,50.));
#1510=CARTESIAN_POINT('Ctrl Pts',(-14.7580655844954,206.495553819161,50.));
#1511=CARTESIAN_POINT('Ctrl Pts',(-21.4093932348462,207.398532010279,50.));
#1512=CARTESIAN_POINT('Ctrl Pts',(-28.4143521200897,208.232283349898,50.));
#1513=CARTESIAN_POINT('Ctrl Pts',(-38.2017405525169,209.010357081733,50.));
#1514=CARTESIAN_POINT('Ctrl Pts',(-49.6178004159085,209.305608491347,50.));
#1515=CARTESIAN_POINT('Ctrl Pts',(-59.4170698452308,209.395480664076,49.9999999999999));
#1516=CARTESIAN_POINT('Ctrl Pts',(-65.9176528466378,209.406723812446,49.9999999999999));
#1517=CARTESIAN_POINT('Ctrl Pts',(-70.2359294727587,209.402633314461,49.9999999999999));
#1518=CARTESIAN_POINT('Ctrl Pts',(-77.7700772385137,209.363367767291,49.9999999999999));
#1519=CARTESIAN_POINT('Ctrl Pts',(-88.5631120089147,209.206750652085,49.9999999999999));
#1520=CARTESIAN_POINT('Ctrl Pts',(-98.5127509657242,208.878302455534,49.9999999999999));
#1521=CARTESIAN_POINT('Ctrl Pts',(-105.230628253431,208.493711452099,49.9999999999999));
#1522=CARTESIAN_POINT('Ctrl Pts',(-108.567410995951,208.265931797856,49.9999999999999));
#1523=CARTESIAN_POINT('Ctrl Pts',(-111.683074669613,208.03469295512,49.9999999999999));
#1524=CARTESIAN_POINT('Ctrl Pts',(-114.421237487177,207.881909349661,49.9999999999999));
#1525=CARTESIAN_POINT('Ctrl Pts',(-116.798283202723,207.886636333148,49.9999999999999));
#1526=CARTESIAN_POINT('Ctrl Pts',(-120.395824099885,208.156015833278,49.9999999999999));
#1527=CARTESIAN_POINT('Ctrl Pts',(-125.242930322941,208.950876991368,49.9999999999999));
#1528=CARTESIAN_POINT('Ctrl Pts',(-130.773636251204,209.945506052021,49.9999999999999));
#1529=CARTESIAN_POINT('Ctrl Pts',(-135.067326303724,210.699705511449,49.9999999999999));
#1530=CARTESIAN_POINT('Ctrl Pts',(-138.753884715514,211.308562274571,49.9999999999999));
#1531=CARTESIAN_POINT('Ctrl Pts',(-141.757335724558,211.767562028834,49.9999999999999));
#1532=CARTESIAN_POINT('Ctrl Pts',(-144.801868425682,212.204494425709,49.9999999999999));
#1533=CARTESIAN_POINT('Ctrl Pts',(-148.687565333315,212.69997854946,49.9999999999999));
#1534=CARTESIAN_POINT('Ctrl Pts',(-153.508232621947,213.183581390674,49.9999999999999));
#1535=CARTESIAN_POINT('Ctrl Pts',(-158.544008403694,213.507968488288,49.9999999999999));
#1536=CARTESIAN_POINT('Ctrl Pts',(-162.996551738783,213.586100155982,49.9999999999999));
#1537=CARTESIAN_POINT('Ctrl Pts',(-166.852840807622,213.448257953147,49.9999999999999));
#1538=CARTESIAN_POINT('Ctrl Pts',(-169.961814249564,213.201964411303,49.9999999999999));
#1539=CARTESIAN_POINT('Ctrl Pts',(-173.406248650599,212.722633196898,49.9999999999999));
#1540=CARTESIAN_POINT('Ctrl Pts',(-176.731105543758,212.001259777104,49.9999999999999));
#1541=CARTESIAN_POINT('Ctrl Pts',(-179.970630994168,210.94717908106,49.9999999999999));
#1542=CARTESIAN_POINT('Ctrl Pts',(-182.854384268312,209.735401917438,49.9999999999999));
#1543=CARTESIAN_POINT('Ctrl Pts',(-185.492927945713,208.207262901851,49.9999999999999));
#1544=CARTESIAN_POINT('Ctrl Pts',(-187.204630735447,206.9495608164,49.9999999999999));
#1545=CARTESIAN_POINT('Ctrl Pts',(-188.291831676432,206.08415042476,49.9999999999999));
#1546=CARTESIAN_POINT('Ctrl Pts',(-189.517966023583,204.983309708523,49.9999999999999));
#1547=CARTESIAN_POINT('Ctrl Pts',(-190.742971791809,203.725736107881,49.9999999999999));
#1548=CARTESIAN_POINT('Ctrl Pts',(-192.104888139482,202.16080523521,49.9999999999999));
#1549=CARTESIAN_POINT('Ctrl Pts',(-193.418487553932,200.409530460124,49.9999999999999));
#1550=CARTESIAN_POINT('Ctrl Pts',(-194.433942323417,198.85390334124,49.9999999999998));
#1551=CARTESIAN_POINT('Ctrl Pts',(-195.046202797806,197.833682593816,49.9999999999998));
#1552=CARTESIAN_POINT('Ctrl Pts',(-195.373081235213,197.267387730286,49.9999999999998));
#1553=CARTESIAN_POINT('Ctrl Pts',(-196.638900200117,195.013980576409,49.9999999999998));
#1554=CARTESIAN_POINT('Ctrl Pts',(-197.899910764609,192.273144287596,49.9999999999997));
#1555=CARTESIAN_POINT('Ctrl Pts',(-199.33747225499,188.643744807682,49.9999999999997));
#1556=CARTESIAN_POINT('Ctrl Pts',(-200.200538558415,186.160303581407,49.9999999999996));
#1557=CARTESIAN_POINT('Ctrl Pts',(-200.822480818282,184.21038468432,49.9999999999996));
#1558=CARTESIAN_POINT('Ctrl Pts',(-201.158135046661,183.109854687422,49.9999999999996));
#1559=CARTESIAN_POINT('Ctrl Pts',(-201.482369739793,182.017056173522,49.9999999999996));
#1560=CARTESIAN_POINT('Ctrl Pts',(-201.867352897966,180.664416577471,49.9999999999996));
#1561=CARTESIAN_POINT('Ctrl Pts',(-202.446095322115,178.523454362707,49.9999999999996));
#1562=CARTESIAN_POINT('Ctrl Pts',(-203.108339627742,175.883255111736,49.9999999999996));
#1563=CARTESIAN_POINT('Ctrl Pts',(-204.063385115371,171.713834063351,49.9999999999996));
#1564=CARTESIAN_POINT('Ctrl Pts',(-204.837377969209,167.861357439798,49.9999999999996));
#1565=CARTESIAN_POINT('Ctrl Pts',(-205.4813534715,164.293979027387,49.9999999999996));
#1566=CARTESIAN_POINT('Ctrl Pts',(-205.998665390793,161.247778326799,49.9999999999996));
#1567=CARTESIAN_POINT('Ctrl Pts',(-206.585115818473,157.457499891626,49.9999999999997));
#1568=CARTESIAN_POINT('Ctrl Pts',(-207.202483628021,152.926957371023,49.9999999999997));
#1569=CARTESIAN_POINT('Ctrl Pts',(-207.649322247127,149.158831487041,49.9999999999997));
#1570=CARTESIAN_POINT('Ctrl Pts',(-208.127875519941,144.636747898529,49.9999999999997));
#1571=CARTESIAN_POINT('Ctrl Pts',(-208.926975378281,135.584582401525,49.9999999999998));
#1572=CARTESIAN_POINT('Ctrl Pts',(-209.528782775412,121.096756991639,49.9999999999999));
#1573=CARTESIAN_POINT('Ctrl Pts',(-208.799497418743,105.241896702023,50.));
#1574=CARTESIAN_POINT('Ctrl Pts',(-206.928628366296,92.2539613810395,50.));
#1575=CARTESIAN_POINT('Ctrl Pts',(-204.75319440672,82.4864782884044,50.));
#1576=CARTESIAN_POINT('Ctrl Pts',(-201.952037398951,73.2070537129795,50.));
#1577=CARTESIAN_POINT('Ctrl Pts',(-199.167315793838,65.0434633887018,50.));
#1578=CARTESIAN_POINT('Ctrl Pts',(-197.066915453177,58.1510297490499,50.));
#1579=CARTESIAN_POINT('Ctrl Pts',(-195.914967658541,52.6419295019158,50.));
#1580=CARTESIAN_POINT('Ctrl Pts',(-195.414823783136,47.8171583874662,50.));
#1581=CARTESIAN_POINT('Ctrl Pts',(-195.335835713252,41.859884077844,50.));
#1582=CARTESIAN_POINT('Ctrl Pts',(-196.243963081131,33.475568879934,50.));
#1583=CARTESIAN_POINT('Ctrl Pts',(-198.600266280826,20.9877605381629,50.));
#1584=CARTESIAN_POINT('Ctrl Pts',(-200.035303793814,11.6666561331868,50.));
#1585=CARTESIAN_POINT('Ctrl Pts',(-200.565931056777,7.00465993184226,50.));
#1586=CARTESIAN_POINT('Ctrl Pts',(-8.2926061103206,205.583253019771,52.9919930034189));
#1587=CARTESIAN_POINT('Ctrl Pts',(-10.4370751444046,205.88454192369,52.9919930034189));
#1588=CARTESIAN_POINT('Ctrl Pts',(-14.7580340540661,206.495552667595,52.9919930034188));
#1589=CARTESIAN_POINT('Ctrl Pts',(-21.4093615390975,207.39853343208,52.9919930034188));
#1590=CARTESIAN_POINT('Ctrl Pts',(-28.4143572323222,208.232292911543,52.9919930034188));
#1591=CARTESIAN_POINT('Ctrl Pts',(-38.2018649940808,209.010378586681,52.9919930034188));
#1592=CARTESIAN_POINT('Ctrl Pts',(-49.6178959557129,209.305629748538,52.9919930034188));
#1593=CARTESIAN_POINT('Ctrl Pts',(-59.4170964367417,209.395509609799,52.9919930034188));
#1594=CARTESIAN_POINT('Ctrl Pts',(-65.9176820423381,209.406754093724,52.9919930034188));
#1595=CARTESIAN_POINT('Ctrl Pts',(-70.2359621662097,209.402665298088,52.9919930034188));
#1596=CARTESIAN_POINT('Ctrl Pts',(-77.7701063215648,209.363406270631,52.9919930034188));
#1597=CARTESIAN_POINT('Ctrl Pts',(-88.563094346568,209.206824204672,52.9919930034188));
#1598=CARTESIAN_POINT('Ctrl Pts',(-98.5127413848844,208.878406557642,52.9919930034188));
#1599=CARTESIAN_POINT('Ctrl Pts',(-105.23067041122,208.493821853992,52.9919930034188));
#1600=CARTESIAN_POINT('Ctrl Pts',(-108.567477113039,208.266046801944,52.9919930034188));
#1601=CARTESIAN_POINT('Ctrl Pts',(-111.683134122585,208.034817579112,52.9919930034188));
#1602=CARTESIAN_POINT('Ctrl Pts',(-114.421190454071,207.882049342842,52.9919930034188));
#1603=CARTESIAN_POINT('Ctrl Pts',(-116.798017534306,207.886804370185,52.9919930034188));
#1604=CARTESIAN_POINT('Ctrl Pts',(-120.395278254517,208.156176605644,52.9919930034188));
#1605=CARTESIAN_POINT('Ctrl Pts',(-125.242206034181,208.951093297118,52.9919930034188));
#1606=CARTESIAN_POINT('Ctrl Pts',(-130.772851970847,209.945771054496,52.9919930034188));
#1607=CARTESIAN_POINT('Ctrl Pts',(-135.066483252334,210.700022782141,52.9919930034187));
#1608=CARTESIAN_POINT('Ctrl Pts',(-138.753021647969,211.308914902086,52.9919930034187));
#1609=CARTESIAN_POINT('Ctrl Pts',(-141.756468500157,211.767938121057,52.9919930034187));
#1610=CARTESIAN_POINT('Ctrl Pts',(-144.800994805389,212.204898359155,52.9919930034187));
#1611=CARTESIAN_POINT('Ctrl Pts',(-148.686590953409,212.700469478081,52.9919930034187));
#1612=CARTESIAN_POINT('Ctrl Pts',(-153.507161400533,213.184175059009,52.9919930034187));
#1613=CARTESIAN_POINT('Ctrl Pts',(-158.542858729578,213.5086690208,52.9919930034187));
#1614=CARTESIAN_POINT('Ctrl Pts',(-162.995289486475,213.586933291211,52.9919930034187));
#1615=CARTESIAN_POINT('Ctrl Pts',(-166.851649882905,213.449127000642,52.9919930034187));
#1616=CARTESIAN_POINT('Ctrl Pts',(-169.960682378708,213.202868833523,52.9919930034187));
#1617=CARTESIAN_POINT('Ctrl Pts',(-173.405234068969,212.723553407366,52.9919930034187));
#1618=CARTESIAN_POINT('Ctrl Pts',(-176.730226845462,212.002187009773,52.9919930034187));
#1619=CARTESIAN_POINT('Ctrl Pts',(-179.969991573834,210.948037634731,52.9919930034187));
#1620=CARTESIAN_POINT('Ctrl Pts',(-182.853990709789,209.736163548456,52.9919930034187));
#1621=CARTESIAN_POINT('Ctrl Pts',(-185.492784067048,208.207883661789,52.9919930034187));
#1622=CARTESIAN_POINT('Ctrl Pts',(-187.204663871266,206.950051424193,52.9919930034187));
#1623=CARTESIAN_POINT('Ctrl Pts',(-188.291976963569,206.084551693591,52.9919930034187));
#1624=CARTESIAN_POINT('Ctrl Pts',(-189.518231107978,204.983602562288,52.9919930034187));
#1625=CARTESIAN_POINT('Ctrl Pts',(-190.743351123816,203.725910318642,52.9919930034187));
#1626=CARTESIAN_POINT('Ctrl Pts',(-192.105386218752,202.160840582756,52.9919930034187));
#1627=CARTESIAN_POINT('Ctrl Pts',(-193.419073133487,200.409438317445,52.9919930034187));
#1628=CARTESIAN_POINT('Ctrl Pts',(-194.434583895376,198.853713370049,52.9919930034187));
#1629=CARTESIAN_POINT('Ctrl Pts',(-195.046878282715,197.833430648198,52.9919930034187));
#1630=CARTESIAN_POINT('Ctrl Pts',(-195.373777848875,197.26709904969,52.9919930034187));
#1631=CARTESIAN_POINT('Ctrl Pts',(-196.6396546811,195.013572175918,52.9919930034187));
#1632=CARTESIAN_POINT('Ctrl Pts',(-197.900591329461,192.272739690647,52.9919930034186));
#1633=CARTESIAN_POINT('Ctrl Pts',(-199.338210304944,188.643198789092,52.9919930034186));
#1634=CARTESIAN_POINT('Ctrl Pts',(-200.201167766239,186.159828042281,52.9919930034184));
#1635=CARTESIAN_POINT('Ctrl Pts',(-200.82312923822,184.209853860323,52.9919930034184));
#1636=CARTESIAN_POINT('Ctrl Pts',(-201.158779930229,183.109309444434,52.9919930034184));
#1637=CARTESIAN_POINT('Ctrl Pts',(-201.483018942949,182.016488482588,52.9919930034184));
#1638=CARTESIAN_POINT('Ctrl Pts',(-201.86799066654,180.663842643011,52.9919930034184));
#1639=CARTESIAN_POINT('Ctrl Pts',(-202.446729396766,178.522855308409,52.9919930034184));
#1640=CARTESIAN_POINT('Ctrl Pts',(-203.108924688521,175.882686653025,52.9919930034185));
#1641=CARTESIAN_POINT('Ctrl Pts',(-204.063925242894,171.713279006843,52.9919930034185));
#1642=CARTESIAN_POINT('Ctrl Pts',(-204.837866505584,167.860836964903,52.9919930034185));
#1643=CARTESIAN_POINT('Ctrl Pts',(-205.481819261702,164.293460256598,52.9919930034184));
#1644=CARTESIAN_POINT('Ctrl Pts',(-205.99911825055,161.247252220373,52.9919930034185));
#1645=CARTESIAN_POINT('Ctrl Pts',(-206.585513959047,157.45703367274,52.9919930034185));
#1646=CARTESIAN_POINT('Ctrl Pts',(-207.202852520769,152.926502540058,52.9919930034185));
#1647=CARTESIAN_POINT('Ctrl Pts',(-207.649650580484,149.158426516579,52.9919930034185));
#1648=CARTESIAN_POINT('Ctrl Pts',(-208.128205745714,144.636293904421,52.9919930034185));
#1649=CARTESIAN_POINT('Ctrl Pts',(-208.927237835317,135.584249290302,52.9919930034186));
#1650=CARTESIAN_POINT('Ctrl Pts',(-209.528953785134,121.096509128452,52.9919930034187));
#1651=CARTESIAN_POINT('Ctrl Pts',(-208.799607351196,105.241836714145,52.9919930034188));
#1652=CARTESIAN_POINT('Ctrl Pts',(-206.928686234638,92.2537614400691,52.9919930034188));
#1653=CARTESIAN_POINT('Ctrl Pts',(-204.753200377239,82.486154874468,52.9919930034188));
#1654=CARTESIAN_POINT('Ctrl Pts',(-201.951992847712,73.2066073605875,52.9919930034188));
#1655=CARTESIAN_POINT('Ctrl Pts',(-199.167252512644,65.0429677481521,52.9919930034188));
#1656=CARTESIAN_POINT('Ctrl Pts',(-197.06690158221,58.1506880656518,52.9919930034188));
#1657=CARTESIAN_POINT('Ctrl Pts',(-195.914997633739,52.6417493500647,52.9919930034189));
#1658=CARTESIAN_POINT('Ctrl Pts',(-195.414875892727,47.8171947102716,52.9919930034189));
#1659=CARTESIAN_POINT('Ctrl Pts',(-195.335885085783,41.860177518437,52.9919930034189));
#1660=CARTESIAN_POINT('Ctrl Pts',(-196.243958540693,33.4759310283952,52.9919930034188));
#1661=CARTESIAN_POINT('Ctrl Pts',(-198.600249710451,20.9880490518813,52.9919930034189));
#1662=CARTESIAN_POINT('Ctrl Pts',(-200.035296348467,11.666721546678,52.9919930034188));
#1663=CARTESIAN_POINT('Ctrl Pts',(-200.565931056777,7.00465993184226,52.9919930034188));
#1664=CARTESIAN_POINT('Ctrl Pts',(-8.48272408482811,204.230059776176,58.9737021637689));
#1665=CARTESIAN_POINT('Ctrl Pts',(-10.6277284037006,204.531423885363,58.9737021637689));
#1666=CARTESIAN_POINT('Ctrl Pts',(-14.9475442760934,205.142246367151,58.9737021637689));
#1667=CARTESIAN_POINT('Ctrl Pts',(-21.5854877115121,206.043448824313,58.9737021637689));
#1668=CARTESIAN_POINT('Ctrl Pts',(-28.5532405911066,206.872467789052,58.9737021637688));
#1669=CARTESIAN_POINT('Ctrl Pts',(-38.2619213347439,207.644471045635,58.9737021637688));
#1670=CARTESIAN_POINT('Ctrl Pts',(-49.6367969253959,207.939383567668,58.9737021637688));
#1671=CARTESIAN_POINT('Ctrl Pts',(-59.425734079987,208.028971490465,58.9737021637688));
#1672=CARTESIAN_POINT('Ctrl Pts',(-65.9182988184748,208.040226381714,58.9737021637688));
#1673=CARTESIAN_POINT('Ctrl Pts',(-70.231561330695,208.036135112483,58.9737021637688));
#1674=CARTESIAN_POINT('Ctrl Pts',(-77.7562209971908,207.996916313677,58.9737021637688));
#1675=CARTESIAN_POINT('Ctrl Pts',(-88.5329815496589,207.840519312814,58.9737021637688));
#1676=CARTESIAN_POINT('Ctrl Pts',(-98.4560325775196,207.512798810418,58.9737021637688));
#1677=CARTESIAN_POINT('Ctrl Pts',(-105.144795770123,207.12983578948,58.9737021637688));
#1678=CARTESIAN_POINT('Ctrl Pts',(-108.467911749213,206.903017510582,58.9737021637688));
#1679=CARTESIAN_POINT('Ctrl Pts',(-111.58484826768,206.671659517661,58.9737021637688));
#1680=CARTESIAN_POINT('Ctrl Pts',(-114.374563573461,206.515479330319,58.9737021637688));
#1681=CARTESIAN_POINT('Ctrl Pts',(-116.852592613267,206.51937755569,58.9737021637688));
#1682=CARTESIAN_POINT('Ctrl Pts',(-120.587069207792,206.801051890104,58.9737021637688));
#1683=CARTESIAN_POINT('Ctrl Pts',(-125.48285727024,207.606189281106,58.9737021637687));
#1684=CARTESIAN_POINT('Ctrl Pts',(-131.014036894624,208.600453358132,58.9737021637688));
#1685=CARTESIAN_POINT('Ctrl Pts',(-135.298097079451,209.353105594069,58.9737021637687));
#1686=CARTESIAN_POINT('Ctrl Pts',(-138.969575495346,209.959404856302,58.9737021637687));
#1687=CARTESIAN_POINT('Ctrl Pts',(-141.957716606897,210.416085846749,58.9737021637687));
#1688=CARTESIAN_POINT('Ctrl Pts',(-144.984478240675,210.85046159337,58.9737021637687));
#1689=CARTESIAN_POINT('Ctrl Pts',(-148.843205033992,211.34251723363,58.9737021637687));
#1690=CARTESIAN_POINT('Ctrl Pts',(-153.621935268119,211.821848111441,58.9737021637687));
#1691=CARTESIAN_POINT('Ctrl Pts',(-158.601886474492,212.142584447464,58.9737021637687));
#1692=CARTESIAN_POINT('Ctrl Pts',(-162.99015161093,212.219307041646,58.9737021637687));
#1693=CARTESIAN_POINT('Ctrl Pts',(-166.774999137128,212.083944974352,58.9737021637687));
#1694=CARTESIAN_POINT('Ctrl Pts',(-169.815446701275,211.842859336818,58.9737021637687));
#1695=CARTESIAN_POINT('Ctrl Pts',(-173.167661543303,211.376227925557,58.9737021637687));
#1696=CARTESIAN_POINT('Ctrl Pts',(-176.382856412989,210.677816103198,58.9737021637687));
#1697=CARTESIAN_POINT('Ctrl Pts',(-179.492468985664,209.665736281007,58.9737021637687));
#1698=CARTESIAN_POINT('Ctrl Pts',(-182.245632929026,208.508242045628,58.9737021637687));
#1699=CARTESIAN_POINT('Ctrl Pts',(-184.750786721531,207.0569442998,58.9737021637687));
#1700=CARTESIAN_POINT('Ctrl Pts',(-186.374657537077,205.863794686826,58.9737021637688));
#1701=CARTESIAN_POINT('Ctrl Pts',(-187.40640923156,205.04252569448,58.9737021637687));
#1702=CARTESIAN_POINT('Ctrl Pts',(-188.571196363103,203.996836439129,58.9737021637687));
#1703=CARTESIAN_POINT('Ctrl Pts',(-189.737765130365,202.799352776923,58.9737021637687));
#1704=CARTESIAN_POINT('Ctrl Pts',(-191.038357430936,201.305010477883,58.9737021637687));
#1705=CARTESIAN_POINT('Ctrl Pts',(-192.298588820144,199.625284905396,58.9737021637687));
#1706=CARTESIAN_POINT('Ctrl Pts',(-193.277591746059,198.125676604009,58.9737021637687));
#1707=CARTESIAN_POINT('Ctrl Pts',(-193.869667220215,197.139119418739,58.9737021637687));
#1708=CARTESIAN_POINT('Ctrl Pts',(-194.186220251915,196.590711302834,58.9737021637687));
#1709=CARTESIAN_POINT('Ctrl Pts',(-195.41328993675,194.406347880515,58.9737021637687));
#1710=CARTESIAN_POINT('Ctrl Pts',(-196.644934838996,191.731035905981,58.9737021637686));
#1711=CARTESIAN_POINT('Ctrl Pts',(-198.055030323383,188.170884895661,58.9737021637686));
#1712=CARTESIAN_POINT('Ctrl Pts',(-198.90479882138,185.726187220423,58.9737021637684));
#1713=CARTESIAN_POINT('Ctrl Pts',(-199.518293097539,183.802699248903,58.9737021637684));
#1714=CARTESIAN_POINT('Ctrl Pts',(-199.849714399023,182.716063602152,58.9737021637684));
#1715=CARTESIAN_POINT('Ctrl Pts',(-200.170033637304,181.636457683402,58.9737021637684));
#1716=CARTESIAN_POINT('Ctrl Pts',(-200.550669444936,180.299102153384,58.9737021637684));
#1717=CARTESIAN_POINT('Ctrl Pts',(-201.123387946804,178.180437603233,58.9737021637684));
#1718=CARTESIAN_POINT('Ctrl Pts',(-201.779491980578,175.56476005357,58.9737021637684));
#1719=CARTESIAN_POINT('Ctrl Pts',(-202.726766056332,171.429325369232,58.9737021637684));
#1720=CARTESIAN_POINT('Ctrl Pts',(-203.495467842153,167.603357137148,58.9737021637684));
#1721=CARTESIAN_POINT('Ctrl Pts',(-204.135431304515,164.058169650791,58.9737021637684));
#1722=CARTESIAN_POINT('Ctrl Pts',(-204.64968507001,161.029979774793,58.9737021637684));
#1723=CARTESIAN_POINT('Ctrl Pts',(-205.232869041307,157.260790276423,58.9737021637685));
#1724=CARTESIAN_POINT('Ctrl Pts',(-205.846978949314,152.754136287305,58.9737021637685));
#1725=CARTESIAN_POINT('Ctrl Pts',(-206.291516501858,149.00537898887,58.9737021637686));
#1726=CARTESIAN_POINT('Ctrl Pts',(-206.767619507684,144.506402447347,58.9737021637686));
#1727=CARTESIAN_POINT('Ctrl Pts',(-207.562606442627,135.500923988022,58.9737021637686));
#1728=CARTESIAN_POINT('Ctrl Pts',(-208.160694568644,121.093892046115,58.9737021637687));
#1729=CARTESIAN_POINT('Ctrl Pts',(-207.435817931848,105.359000594379,58.9737021637688));
#1730=CARTESIAN_POINT('Ctrl Pts',(-205.582897118708,92.4987660839035,58.9737021637688));
#1731=CARTESIAN_POINT('Ctrl Pts',(-203.430765766386,82.8357633497806,58.9737021637688));
#1732=CARTESIAN_POINT('Ctrl Pts',(-200.654395945616,73.6358576202542,58.9737021637688));
#1733=CARTESIAN_POINT('Ctrl Pts',(-197.872634577339,65.4803092145683,58.9737021637689));
#1734=CARTESIAN_POINT('Ctrl Pts',(-195.74532214111,58.5055743552191,58.9737021637688));
#1735=CARTESIAN_POINT('Ctrl Pts',(-194.563399498107,52.8606849619175,58.9737021637689));
#1736=CARTESIAN_POINT('Ctrl Pts',(-194.048615377299,47.8949208674371,58.9737021637689));
#1737=CARTESIAN_POINT('Ctrl Pts',(-193.968036481463,41.774123998514,58.9737021637689));
#1738=CARTESIAN_POINT('Ctrl Pts',(-194.897007329921,33.2412544887337,58.9737021637689));
#1739=CARTESIAN_POINT('Ctrl Pts',(-197.256731865127,20.7395689255395,58.9737021637689));
#1740=CARTESIAN_POINT('Ctrl Pts',(-198.681212681893,11.480263821887,58.9737021637689));
#1741=CARTESIAN_POINT('Ctrl Pts',(-199.208213956577,6.85012490486169,58.9737021637689));
#1742=CARTESIAN_POINT('Ctrl Pts',(-9.28102341857644,198.548044345535,66.1723482451158));
#1743=CARTESIAN_POINT('Ctrl Pts',(-11.4282727275984,198.849723866421,66.1723482451158));
#1744=CARTESIAN_POINT('Ctrl Pts',(-15.7432153941735,199.45975342838,66.1723482451158));
#1745=CARTESIAN_POINT('Ctrl Pts',(-22.3249592305999,200.353495055405,66.1723482451158));
#1746=CARTESIAN_POINT('Ctrl Pts',(-29.1364197696156,201.16262844237,66.1723482451158));
#1747=CARTESIAN_POINT('Ctrl Pts',(-38.5143970652609,201.909120711437,66.1723482451158));
#1748=CARTESIAN_POINT('Ctrl Pts',(-49.7163926382124,202.202610696201,66.1723482451157));
#1749=CARTESIAN_POINT('Ctrl Pts',(-59.462067602977,202.290991379711,66.1723482451157));
#1750=CARTESIAN_POINT('Ctrl Pts',(-65.920959275725,202.302293202126,66.1723482451157));
#1751=CARTESIAN_POINT('Ctrl Pts',(-70.2131614582521,202.298195664884,66.1723482451157));
#1752=CARTESIAN_POINT('Ctrl Pts',(-77.6979873226819,202.259161558198,66.1723482451157));
#1753=CARTESIAN_POINT('Ctrl Pts',(-88.4064961413704,202.103626435268,66.1723482451157));
#1754=CARTESIAN_POINT('Ctrl Pts',(-98.2178909182272,201.778907130221,66.1723482451157));
#1755=CARTESIAN_POINT('Ctrl Pts',(-104.78431287426,201.402768744678,66.1723482451157));
#1756=CARTESIAN_POINT('Ctrl Pts',(-108.049999908945,201.179979060037,66.1723482451157));
#1757=CARTESIAN_POINT('Ctrl Pts',(-111.17229292206,200.948103639265,66.1723482451157));
#1758=CARTESIAN_POINT('Ctrl Pts',(-114.178664995093,200.777633960832,66.1723482451157));
#1759=CARTESIAN_POINT('Ctrl Pts',(-117.081108897731,200.778002349118,66.1723482451157));
#1760=CARTESIAN_POINT('Ctrl Pts',(-121.391072749569,201.111315230539,66.1723482451157));
#1761=CARTESIAN_POINT('Ctrl Pts',(-126.491591874502,201.959503367318,66.1723482451157));
#1762=CARTESIAN_POINT('Ctrl Pts',(-132.024867297559,202.952148226832,66.1723482451157));
#1763=CARTESIAN_POINT('Ctrl Pts',(-136.268596565491,203.698210701652,66.1723482451156));
#1764=CARTESIAN_POINT('Ctrl Pts',(-139.876790179445,204.293708176345,66.1723482451156));
#1765=CARTESIAN_POINT('Ctrl Pts',(-142.800652915634,204.740610992374,66.1723482451156));
#1766=CARTESIAN_POINT('Ctrl Pts',(-145.752805784736,205.164201898338,66.1723482451156));
#1767=CARTESIAN_POINT('Ctrl Pts',(-149.498465241335,205.641706624879,66.1723482451156));
#1768=CARTESIAN_POINT('Ctrl Pts',(-154.101275459649,206.10291682394,66.1723482451156));
#1769=CARTESIAN_POINT('Ctrl Pts',(-158.846960665835,206.40813354781,66.1723482451156));
#1770=CARTESIAN_POINT('Ctrl Pts',(-162.965524037805,206.478703501397,66.1723482451156));
#1771=CARTESIAN_POINT('Ctrl Pts',(-166.45026385883,206.35369153336,66.1723482451156));
#1772=CARTESIAN_POINT('Ctrl Pts',(-169.202868344724,206.134410766104,66.1723482451156));
#1773=CARTESIAN_POINT('Ctrl Pts',(-172.167647455737,205.721077327226,66.1723482451156));
#1774=CARTESIAN_POINT('Ctrl Pts',(-174.922133149466,205.119068025845,66.1723482451156));
#1775=CARTESIAN_POINT('Ctrl Pts',(-177.48581984695,204.283470762542,66.1723482451156));
#1776=CARTESIAN_POINT('Ctrl Pts',(-179.690205793368,203.354081305816,66.1723482451156));
#1777=CARTESIAN_POINT('Ctrl Pts',(-181.634815356419,202.225688310427,66.1723482451156));
#1778=CARTESIAN_POINT('Ctrl Pts',(-182.889567480458,201.303824102709,66.1723482451156));
#1779=CARTESIAN_POINT('Ctrl Pts',(-183.688289961366,200.668062434947,66.1723482451156));
#1780=CARTESIAN_POINT('Ctrl Pts',(-184.595268887418,199.854145351631,66.1723482451156));
#1781=CARTESIAN_POINT('Ctrl Pts',(-185.516259224397,198.909188573863,66.1723482451156));
#1782=CARTESIAN_POINT('Ctrl Pts',(-186.559142471916,197.711492579627,66.1723482451156));
#1783=CARTESIAN_POINT('Ctrl Pts',(-187.595127499565,196.332426722573,66.1723482451156));
#1784=CARTESIAN_POINT('Ctrl Pts',(-188.420970646051,195.068213755769,66.1723482451156));
#1785=CARTESIAN_POINT('Ctrl Pts',(-188.928229592636,194.223119090732,66.1723482451156));
#1786=CARTESIAN_POINT('Ctrl Pts',(-189.201388972204,193.749882234936,66.1723482451156));
#1787=CARTESIAN_POINT('Ctrl Pts',(-190.265648678072,191.855644306335,66.1723482451156));
#1788=CARTESIAN_POINT('Ctrl Pts',(-191.374119642109,189.455460076402,66.1723482451154));
#1789=CARTESIAN_POINT('Ctrl Pts',(-192.668783937044,186.186332869703,66.1723482451154));
#1790=CARTESIAN_POINT('Ctrl Pts',(-193.462909072896,183.904192705762,66.1723482451152));
#1791=CARTESIAN_POINT('Ctrl Pts',(-194.04089634318,182.09178573824,66.1723482451152));
#1792=CARTESIAN_POINT('Ctrl Pts',(-194.354550012616,181.063517686928,66.1723482451152));
#1793=CARTESIAN_POINT('Ctrl Pts',(-194.658420693065,180.039347005362,66.1723482451152));
#1794=CARTESIAN_POINT('Ctrl Pts',(-195.020822463406,178.766179894209,66.1723482451152));
#1795=CARTESIAN_POINT('Ctrl Pts',(-195.568253280905,176.741187233613,66.1723482451153));
#1796=CARTESIAN_POINT('Ctrl Pts',(-196.198661735553,174.228421079272,66.1723482451153));
#1797=CARTESIAN_POINT('Ctrl Pts',(-197.113383865006,170.235670206459,66.1723482451153));
#1798=CARTESIAN_POINT('Ctrl Pts',(-197.859960438257,166.52094832484,66.1723482451153));
#1799=CARTESIAN_POINT('Ctrl Pts',(-198.483117952542,163.06893679914,66.1723482451153));
#1800=CARTESIAN_POINT('Ctrl Pts',(-198.984553639011,160.116386858111,66.1723482451153));
#1801=CARTESIAN_POINT('Ctrl Pts',(-199.554119244444,156.435642556723,66.1723482451153));
#1802=CARTESIAN_POINT('Ctrl Pts',(-200.154601378139,152.029275485771,66.1723482451154));
#1803=CARTESIAN_POINT('Ctrl Pts',(-200.589549006601,148.36175752862,66.1723482451154));
#1804=CARTESIAN_POINT('Ctrl Pts',(-201.055360051381,143.959893987813,66.1723482451154));
#1805=CARTESIAN_POINT('Ctrl Pts',(-201.833197555928,135.150237787616,66.1723482451155));
#1806=CARTESIAN_POINT('Ctrl Pts',(-202.415831324431,121.082303339251,66.1723482451156));
#1807=CARTESIAN_POINT('Ctrl Pts',(-201.709575458112,105.85082287437,66.1723482451157));
#1808=CARTESIAN_POINT('Ctrl Pts',(-199.932111387104,93.5270490761347,66.1723482451158));
#1809=CARTESIAN_POINT('Ctrl Pts',(-197.877919301853,84.3029757854088,66.1723482451158));
#1810=CARTESIAN_POINT('Ctrl Pts',(-195.205720002419,75.4371859497558,66.1723482451158));
#1811=CARTESIAN_POINT('Ctrl Pts',(-192.436421907213,67.3154930200933,66.1723482451158));
#1812=CARTESIAN_POINT('Ctrl Pts',(-190.196018504217,59.994903965452,66.1723482451158));
#1813=CARTESIAN_POINT('Ctrl Pts',(-188.888154394821,53.7795527935165,66.1723482451158));
#1814=CARTESIAN_POINT('Ctrl Pts',(-188.311856957425,48.2213784081658,66.1723482451158));
#1815=CARTESIAN_POINT('Ctrl Pts',(-188.224603104962,41.4134979305955,66.1723482451158));
#1816=CARTESIAN_POINT('Ctrl Pts',(-189.241191011961,32.2567313101704,66.1723482451158));
#1817=CARTESIAN_POINT('Ctrl Pts',(-191.615303035276,19.696906778849,66.1723482451158));
#1818=CARTESIAN_POINT('Ctrl Pts',(-192.99544038075,10.6974920168019,66.1723482451158));
#1819=CARTESIAN_POINT('Ctrl Pts',(-193.507202995798,6.2012372370915,66.1723482451158));
#1820=CARTESIAN_POINT('Ctrl Pts',(-10.2425293562953,191.704381393795,69.4988331291826));
#1821=CARTESIAN_POINT('Ctrl Pts',(-12.3924828170632,192.006440836658,69.4988331291826));
#1822=CARTESIAN_POINT('Ctrl Pts',(-16.7015612400648,192.615515544201,69.4988331291826));
#1823=CARTESIAN_POINT('Ctrl Pts',(-23.2156158989379,193.500270583292,69.4988331291826));
#1824=CARTESIAN_POINT('Ctrl Pts',(-29.8388248883193,194.285451522608,69.4988331291825));
#1825=CARTESIAN_POINT('Ctrl Pts',(-38.8184681727406,195.001215202715,69.4988331291826));
#1826=CARTESIAN_POINT('Ctrl Pts',(-49.8122446315846,195.29299186539,69.4988331291825));
#1827=CARTESIAN_POINT('Ctrl Pts',(-59.5058246644782,195.379917170715,69.4988331291825));
#1828=CARTESIAN_POINT('Ctrl Pts',(-65.9241586037909,195.391275288451,69.4988331291825));
#1829=CARTESIAN_POINT('Ctrl Pts',(-70.190994218564,195.387169907832,69.4988331291825));
#1830=CARTESIAN_POINT('Ctrl Pts',(-77.6278431675991,195.348357126613,69.4988331291825));
#1831=CARTESIAN_POINT('Ctrl Pts',(-88.2541547430999,195.193854035097,69.4988331291825));
#1832=CARTESIAN_POINT('Ctrl Pts',(-97.9310645496686,194.872744226356,69.4988331291825));
#1833=CARTESIAN_POINT('Ctrl Pts',(-104.350124543289,194.504824636562,69.4988331291824));
#1834=CARTESIAN_POINT('Ctrl Pts',(-107.546637558951,194.286886368956,69.4988331291825));
#1835=CARTESIAN_POINT('Ctrl Pts',(-110.675383314405,194.054386075008,69.4988331291825));
#1836=CARTESIAN_POINT('Ctrl Pts',(-113.942724470206,193.866702867448,69.4988331291825));
#1837=CARTESIAN_POINT('Ctrl Pts',(-117.356389574521,193.862814926817,69.4988331291824));
#1838=CARTESIAN_POINT('Ctrl Pts',(-122.359543321141,194.258324742065,69.4988331291825));
#1839=CARTESIAN_POINT('Ctrl Pts',(-127.70668012237,195.158355454547,69.4988331291824));
#1840=CARTESIAN_POINT('Ctrl Pts',(-133.242490172844,196.149041651502,69.4988331291824));
#1841=CARTESIAN_POINT('Ctrl Pts',(-137.437653302556,196.887158111353,69.4988331291824));
#1842=CARTESIAN_POINT('Ctrl Pts',(-140.969627444091,197.469639345681,69.4988331291824));
#1843=CARTESIAN_POINT('Ctrl Pts',(-143.816071267305,197.90476085806,69.4988331291824));
#1844=CARTESIAN_POINT('Ctrl Pts',(-146.678363246291,198.315357232795,69.4988331291824));
#1845=CARTESIAN_POINT('Ctrl Pts',(-150.287856952094,198.775321195236,69.4988331291824));
#1846=CARTESIAN_POINT('Ctrl Pts',(-154.678798282182,199.214688333846,69.4988331291824));
#1847=CARTESIAN_POINT('Ctrl Pts',(-159.142337020621,199.501194121278,69.4988331291824));
#1848=CARTESIAN_POINT('Ctrl Pts',(-162.936079463171,199.564330676694,69.4988331291824));
#1849=CARTESIAN_POINT('Ctrl Pts',(-166.059344384738,199.451778611556,69.4988331291824));
#1850=CARTESIAN_POINT('Ctrl Pts',(-168.465248132655,199.258754457248,69.4988331291824));
#1851=CARTESIAN_POINT('Ctrl Pts',(-170.963362791096,198.909612655126,69.4988331291824));
#1852=CARTESIAN_POINT('Ctrl Pts',(-173.162927143893,198.423713470035,69.4988331291824));
#1853=CARTESIAN_POINT('Ctrl Pts',(-175.069036003696,197.800691223365,69.4988331291824));
#1854=CARTESIAN_POINT('Ctrl Pts',(-176.612407758017,197.146057673934,69.4988331291824));
#1855=CARTESIAN_POINT('Ctrl Pts',(-177.881830714972,196.406609323356,69.4988331291824));
#1856=CARTESIAN_POINT('Ctrl Pts',(-178.691969902332,195.811515357737,69.4988331291824));
#1857=CARTESIAN_POINT('Ctrl Pts',(-179.210002646179,195.399202088251,69.4988331291824));
#1858=CARTESIAN_POINT('Ctrl Pts',(-179.806445635037,194.864460062209,69.4988331291824));
#1859=CARTESIAN_POINT('Ctrl Pts',(-180.431631058485,194.223677972884,69.4988331291824));
#1860=CARTESIAN_POINT('Ctrl Pts',(-181.164097973543,193.383299479272,69.4988331291824));
#1861=CARTESIAN_POINT('Ctrl Pts',(-181.92997596363,192.366383083078,69.4988331291824));
#1862=CARTESIAN_POINT('Ctrl Pts',(-182.571337239188,191.385707238045,69.4988331291823));
#1863=CARTESIAN_POINT('Ctrl Pts',(-182.976433669063,190.711006796349,69.4988331291823));
#1864=CARTESIAN_POINT('Ctrl Pts',(-183.197324225959,190.328315770904,69.4988331291823));
#1865=CARTESIAN_POINT('Ctrl Pts',(-184.065478623199,188.783538093405,69.4988331291823));
#1866=CARTESIAN_POINT('Ctrl Pts',(-185.025606377797,186.714728856094,69.4988331291822));
#1867=CARTESIAN_POINT('Ctrl Pts',(-186.18123047514,183.796147610294,69.4988331291822));
#1868=CARTESIAN_POINT('Ctrl Pts',(-186.908355152188,181.709786512795,69.498833129182));
#1869=CARTESIAN_POINT('Ctrl Pts',(-187.443572945535,180.031179813155,69.498833129182));
#1870=CARTESIAN_POINT('Ctrl Pts',(-187.735827127861,179.073214685257,69.498833129182));
#1871=CARTESIAN_POINT('Ctrl Pts',(-188.019885714384,178.11581645534,69.498833129182));
#1872=CARTESIAN_POINT('Ctrl Pts',(-188.360327602787,176.919961705344,69.498833129182));
#1873=CARTESIAN_POINT('Ctrl Pts',(-188.877301487003,175.007795820884,69.498833129182));
#1874=CARTESIAN_POINT('Ctrl Pts',(-189.476769547009,172.618975280116,69.498833129182));
#1875=CARTESIAN_POINT('Ctrl Pts',(-190.352292474763,168.798076592318,69.498833129182));
#1876=CARTESIAN_POINT('Ctrl Pts',(-191.072229400873,165.217338613345,69.498833129182));
#1877=CARTESIAN_POINT('Ctrl Pts',(-191.675149038053,161.877551914553,69.498833129182));
#1878=CARTESIAN_POINT('Ctrl Pts',(-192.161148313144,159.016107220116,69.498833129182));
#1879=CARTESIAN_POINT('Ctrl Pts',(-192.714320822327,155.441879765602,69.4988331291821));
#1880=CARTESIAN_POINT('Ctrl Pts',(-193.298394130158,151.156300591675,69.4988331291821));
#1881=CARTESIAN_POINT('Ctrl Pts',(-193.721798245623,147.586622171092,69.4988331291822));
#1882=CARTESIAN_POINT('Ctrl Pts',(-194.17521288461,143.301734155246,69.4988331291822));
#1883=CARTESIAN_POINT('Ctrl Pts',(-194.932406580451,134.727913807473,69.4988331291823));
#1884=CARTESIAN_POINT('Ctrl Pts',(-195.496442246835,121.068388197965,69.4988331291824));
#1885=CARTESIAN_POINT('Ctrl Pts',(-194.812624579784,106.443205068016,69.4988331291825));
#1886=CARTESIAN_POINT('Ctrl Pts',(-193.126052832515,94.765591710851,69.4988331291825));
#1887=CARTESIAN_POINT('Ctrl Pts',(-191.189831959072,86.0702051748708,69.4988331291825));
#1888=CARTESIAN_POINT('Ctrl Pts',(-188.643108823613,77.6068600696622,69.4988331291825));
#1889=CARTESIAN_POINT('Ctrl Pts',(-185.88882526251,69.5259526362712,69.4988331291825));
#1890=CARTESIAN_POINT('Ctrl Pts',(-183.512201720581,61.788775382345,69.4988331291825));
#1891=CARTESIAN_POINT('Ctrl Pts',(-182.052640740295,54.8863077019152,69.4988331291826));
#1892=CARTESIAN_POINT('Ctrl Pts',(-181.402250206008,48.6145715930543,69.4988331291826));
#1893=CARTESIAN_POINT('Ctrl Pts',(-181.306957222211,40.9790937726368,69.4988331291826));
#1894=CARTESIAN_POINT('Ctrl Pts',(-182.429084178509,31.0708668654429,69.4988331291826));
#1895=CARTESIAN_POINT('Ctrl Pts',(-184.82052718623,18.4410299818763,69.4988331291826));
#1896=CARTESIAN_POINT('Ctrl Pts',(-186.147253778587,9.7546768064562,69.4988331291826));
#1897=CARTESIAN_POINT('Ctrl Pts',(-186.640661013291,5.41968911460459,69.4988331291826));
#1898=CARTESIAN_POINT('Ctrl Pts',(-10.8670565165632,187.259215512427,70.));
#1899=CARTESIAN_POINT('Ctrl Pts',(-13.0187663656,187.561521720474,70.));
#1900=CARTESIAN_POINT('Ctrl Pts',(-17.3240346753313,188.169976184844,70.));
#1901=CARTESIAN_POINT('Ctrl Pts',(-23.7941231619981,189.048894257374,70.));
#1902=CARTESIAN_POINT('Ctrl Pts',(-30.2950584238518,189.818517655021,70.));
#1903=CARTESIAN_POINT('Ctrl Pts',(-39.0159760833439,190.514322623633,70.));
#1904=CARTESIAN_POINT('Ctrl Pts',(-49.8745068818338,190.804986422804,70.));
#1905=CARTESIAN_POINT('Ctrl Pts',(-59.5342471678812,190.89096669641,69.9999999999999));
#1906=CARTESIAN_POINT('Ctrl Pts',(-65.9262377287703,190.902361428364,69.9999999999999));
#1907=CARTESIAN_POINT('Ctrl Pts',(-70.1765971188465,190.898251015319,69.9999999999999));
#1908=CARTESIAN_POINT('Ctrl Pts',(-77.5822834799532,190.859582229442,69.9999999999999));
#1909=CARTESIAN_POINT('Ctrl Pts',(-88.1552037575186,190.705750751711,69.9999999999999));
#1910=CARTESIAN_POINT('Ctrl Pts',(-97.7447618068889,190.386986533989,69.9999999999999));
#1911=CARTESIAN_POINT('Ctrl Pts',(-104.068107639939,190.024405530124,69.9999999999999));
#1912=CARTESIAN_POINT('Ctrl Pts',(-107.219690913783,189.809618572313,69.9999999999999));
#1913=CARTESIAN_POINT('Ctrl Pts',(-110.352627677337,189.576712755179,69.9999999999999));
#1914=CARTESIAN_POINT('Ctrl Pts',(-113.789472254671,189.377849400807,69.9999999999999));
#1915=CARTESIAN_POINT('Ctrl Pts',(-117.535183003662,189.37119786865,69.9999999999999));
#1916=CARTESIAN_POINT('Ctrl Pts',(-122.988574315319,189.807106206885,69.9999999999999));
#1917=CARTESIAN_POINT('Ctrl Pts',(-128.495890241737,190.740812264032,69.9999999999999));
#1918=CARTESIAN_POINT('Ctrl Pts',(-134.033344421497,191.730228026374,69.9999999999999));
#1919=CARTESIAN_POINT('Ctrl Pts',(-138.196960233617,192.463185215548,69.9999999999998));
#1920=CARTESIAN_POINT('Ctrl Pts',(-141.679426794741,193.037213297863,69.9999999999998));
#1921=CARTESIAN_POINT('Ctrl Pts',(-144.475584543024,193.464683353253,69.9999999999998));
#1922=CARTESIAN_POINT('Ctrl Pts',(-147.279508925313,193.866840402631,69.9999999999998));
#1923=CARTESIAN_POINT('Ctrl Pts',(-150.800555186905,194.315414281355,69.9999999999998));
#1924=CARTESIAN_POINT('Ctrl Pts',(-155.053877740394,194.740597438949,69.9999999999998));
#1925=CARTESIAN_POINT('Ctrl Pts',(-159.334150961381,195.014953804968,69.9999999999998));
#1926=CARTESIAN_POINT('Ctrl Pts',(-162.916908289623,195.073266979495,69.9999999999998));
#1927=CARTESIAN_POINT('Ctrl Pts',(-165.805386942563,194.968809307461,69.9999999999998));
#1928=CARTESIAN_POINT('Ctrl Pts',(-167.98610023856,194.792840906722,69.9999999999998));
#1929=CARTESIAN_POINT('Ctrl Pts',(-170.181106511283,194.485394088121,69.9999999999998));
#1930=CARTESIAN_POINT('Ctrl Pts',(-172.020237640625,194.074912188137,69.9999999999998));
#1931=CARTESIAN_POINT('Ctrl Pts',(-173.499238551033,193.589961333499,69.9999999999998));
#1932=CARTESIAN_POINT('Ctrl Pts',(-174.613270580035,193.113786513488,69.9999999999999));
#1933=CARTESIAN_POINT('Ctrl Pts',(-175.444148539771,192.62696432504,69.9999999999998));
#1934=CARTESIAN_POINT('Ctrl Pts',(-175.96550464541,192.244112759175,69.9999999999999));
#1935=CARTESIAN_POINT('Ctrl Pts',(-176.30122501347,191.976932718217,69.9999999999998));
#1936=CARTESIAN_POINT('Ctrl Pts',(-176.695969896531,191.623519373929,69.9999999999998));
#1937=CARTESIAN_POINT('Ctrl Pts',(-177.129025256788,191.180303609214,69.9999999999998));
#1938=CARTESIAN_POINT('Ctrl Pts',(-177.659871714644,190.572008565131,69.9999999999998));
#1939=CARTESIAN_POINT('Ctrl Pts',(-178.250310213056,189.790314537404,69.9999999999998));
#1940=CARTESIAN_POINT('Ctrl Pts',(-178.771846980943,188.993801052901,69.9999999999998));
#1941=CARTESIAN_POINT('Ctrl Pts',(-179.11058700594,188.429774547927,69.9999999999997));
#1942=CARTESIAN_POINT('Ctrl Pts',(-179.297528153645,188.105894435634,69.9999999999998));
#1943=CARTESIAN_POINT('Ctrl Pts',(-180.038308337579,186.788097384808,69.9999999999998));
#1944=CARTESIAN_POINT('Ctrl Pts',(-180.902079999558,184.934526357036,69.9999999999996));
#1945=CARTESIAN_POINT('Ctrl Pts',(-181.967395383604,182.243630147798,69.9999999999996));
#1946=CARTESIAN_POINT('Ctrl Pts',(-182.650997268792,180.284436040076,69.9999999999994));
#1947=CARTESIAN_POINT('Ctrl Pts',(-183.158435695147,178.69273464129,69.9999999999994));
#1948=CARTESIAN_POINT('Ctrl Pts',(-183.436790135002,177.780432860645,69.9999999999994));
#1949=CARTESIAN_POINT('Ctrl Pts',(-183.70798032539,176.866404537084,69.9999999999994));
#1950=CARTESIAN_POINT('Ctrl Pts',(-184.034158189911,175.720766274106,69.9999999999994));
#1951=CARTESIAN_POINT('Ctrl Pts',(-184.531349240933,173.881883873934,69.9999999999994));
#1952=CARTESIAN_POINT('Ctrl Pts',(-185.110718792229,171.573570870213,69.9999999999994));
#1953=CARTESIAN_POINT('Ctrl Pts',(-185.960779015348,167.86429585818,69.9999999999995));
#1954=CARTESIAN_POINT('Ctrl Pts',(-186.663410804215,164.370585733696,69.9999999999995));
#1955=CARTESIAN_POINT('Ctrl Pts',(-187.253184499167,161.103692513213,69.9999999999995));
#1956=CARTESIAN_POINT('Ctrl Pts',(-187.729156887073,158.301423161833,69.9999999999995));
#1957=CARTESIAN_POINT('Ctrl Pts',(-188.271679589361,154.796383801989,69.9999999999995));
#1958=CARTESIAN_POINT('Ctrl Pts',(-188.84509380234,150.589260432316,69.9999999999996));
#1959=CARTESIAN_POINT('Ctrl Pts',(-189.260998578161,147.083133565484,69.9999999999996));
#1960=CARTESIAN_POINT('Ctrl Pts',(-189.706361446018,142.874222899911,69.9999999999996));
#1961=CARTESIAN_POINT('Ctrl Pts',(-190.45014389288,134.453589472945,69.9999999999997));
#1962=CARTESIAN_POINT('Ctrl Pts',(-191.002096195004,121.059340853998,69.9999999999998));
#1963=CARTESIAN_POINT('Ctrl Pts',(-190.332850588986,106.827973015062,70.));
#1964=CARTESIAN_POINT('Ctrl Pts',(-188.705314253763,95.570055285435,70.));
#1965=CARTESIAN_POINT('Ctrl Pts',(-186.84571735447,87.2180622690433,70.));
#1966=CARTESIAN_POINT('Ctrl Pts',(-184.380492936554,79.0161126934908,70.));
#1967=CARTESIAN_POINT('Ctrl Pts',(-181.635961085987,70.9616948748679,70.));
#1968=CARTESIAN_POINT('Ctrl Pts',(-179.170860249595,62.9539366121111,70.));
#1969=CARTESIAN_POINT('Ctrl Pts',(-177.612769166868,55.6051718877226,70.));
#1970=CARTESIAN_POINT('Ctrl Pts',(-176.914253734498,48.8699637723572,70.));
#1971=CARTESIAN_POINT('Ctrl Pts',(-176.813738992164,40.6969458470732,70.));
#1972=CARTESIAN_POINT('Ctrl Pts',(-178.004414783912,30.3006252825108,70.));
#1973=CARTESIAN_POINT('Ctrl Pts',(-180.40711435098,17.6253105752481,70.));
#1974=CARTESIAN_POINT('Ctrl Pts',(-181.699149378057,9.14229222393249,70.));
#1975=CARTESIAN_POINT('Ctrl Pts',(-182.180634510107,4.91204999309539,70.));
#1976=CARTESIAN_POINT('Ctrl Pts',(-11.0751935719803,185.777768753583,70.));
#1977=CARTESIAN_POINT('Ctrl Pts',(-13.2274886358208,186.080157181856,70.));
#1978=CARTESIAN_POINT('Ctrl Pts',(-17.5314832810478,186.688404810302,70.));
#1979=CARTESIAN_POINT('Ctrl Pts',(-23.9869190779563,187.565377915293,70.));
#1980=CARTESIAN_POINT('Ctrl Pts',(-30.4471086723136,188.329817462,70.));
#1981=CARTESIAN_POINT('Ctrl Pts',(-39.081815619911,189.018972278275,70.));
#1982=CARTESIAN_POINT('Ctrl Pts',(-49.8952692365015,189.309265160397,70.));
#1983=CARTESIAN_POINT('Ctrl Pts',(-59.5437229510349,189.394931457768,69.9999999999999));
#1984=CARTESIAN_POINT('Ctrl Pts',(-65.9269343472337,189.406338561703,69.9999999999999));
#1985=CARTESIAN_POINT('Ctrl Pts',(-70.1718031263942,189.402226687556,69.9999999999999));
#1986=CARTESIAN_POINT('Ctrl Pts',(-77.5671034292445,189.363606718695,69.9999999999999));
#1987=CARTESIAN_POINT('Ctrl Pts',(-88.1222239800368,189.210003519102,69.9999999999999));
#1988=CARTESIAN_POINT('Ctrl Pts',(-97.6826712106885,188.892024897186,69.9999999999999));
#1989=CARTESIAN_POINT('Ctrl Pts',(-103.974124815917,188.53122389102,69.9999999999999));
#1990=CARTESIAN_POINT('Ctrl Pts',(-107.110737331688,188.31748775882,69.9999999999999));
#1991=CARTESIAN_POINT('Ctrl Pts',(-110.245069992664,188.084448013357,69.9999999999999));
#1992=CARTESIAN_POINT('Ctrl Pts',(-113.738391701269,187.881860586206,69.9999999999999));
#1993=CARTESIAN_POINT('Ctrl Pts',(-117.594736025541,187.8742915873,69.9999999999999));
#1994=CARTESIAN_POINT('Ctrl Pts',(-123.198143091094,188.323662676746,69.9999999999999));
#1995=CARTESIAN_POINT('Ctrl Pts',(-128.758819494439,189.268598812236,69.9999999999999));
#1996=CARTESIAN_POINT('Ctrl Pts',(-134.296814001363,190.257597355623,69.9999999999999));
#1997=CARTESIAN_POINT('Ctrl Pts',(-138.449908534828,190.988841741207,69.9999999999998));
#1998=CARTESIAN_POINT('Ctrl Pts',(-141.915873093724,191.560057117014,69.9999999999998));
#1999=CARTESIAN_POINT('Ctrl Pts',(-144.695271402668,191.98498013859,69.9999999999998));
#2000=CARTESIAN_POINT('Ctrl Pts',(-147.47974272118,192.384328135609,69.9999999999998));
#2001=CARTESIAN_POINT('Ctrl Pts',(-150.971299188752,192.829117066366,69.9999999999998));
#2002=CARTESIAN_POINT('Ctrl Pts',(-155.17874504559,193.249586148163,69.9999999999998));
#2003=CARTESIAN_POINT('Ctrl Pts',(-159.397931149556,193.519907022437,69.9999999999998));
#2004=CARTESIAN_POINT('Ctrl Pts',(-162.910358880075,193.576629531908,69.9999999999998));
#2005=CARTESIAN_POINT('Ctrl Pts',(-165.720599032074,193.474874047772,69.9999999999998));
#2006=CARTESIAN_POINT('Ctrl Pts',(-167.826270280833,193.304594332062,69.9999999999998));
#2007=CARTESIAN_POINT('Ctrl Pts',(-169.920274076885,193.011045263799,69.9999999999998));
#2008=CARTESIAN_POINT('Ctrl Pts',(-171.639300359277,192.625698681001,69.9999999999998));
#2009=CARTESIAN_POINT('Ctrl Pts',(-172.975988764803,192.186754358915,69.9999999999998));
#2010=CARTESIAN_POINT('Ctrl Pts',(-173.946965337408,191.770042432171,69.9999999999999));
#2011=CARTESIAN_POINT('Ctrl Pts',(-174.631720471268,191.367395444888,69.9999999999998));
#2012=CARTESIAN_POINT('Ctrl Pts',(-175.056855895025,191.055261686684,69.9999999999999));
#2013=CARTESIAN_POINT('Ctrl Pts',(-175.331830992434,190.83643906441,69.9999999999998));
#2014=CARTESIAN_POINT('Ctrl Pts',(-175.659370865442,190.543443627867,69.9999999999998));
#2015=CARTESIAN_POINT('Ctrl Pts',(-176.02840926646,190.166056015107,69.9999999999998));
#2016=CARTESIAN_POINT('Ctrl Pts',(-176.492076459055,189.635090127968,69.9999999999998));
#2017=CARTESIAN_POINT('Ctrl Pts',(-177.024057093972,188.931772812626,69.9999999999998));
#2018=CARTESIAN_POINT('Ctrl Pts',(-177.505666884239,188.196622963674,69.9999999999998));
#2019=CARTESIAN_POINT('Ctrl Pts',(-177.822296519993,187.669473053279,69.9999999999997));
#2020=CARTESIAN_POINT('Ctrl Pts',(-177.997925981451,187.365188275293,69.9999999999998));
#2021=CARTESIAN_POINT('Ctrl Pts',(-178.69626332459,186.123022186048,69.9999999999998));
#2022=CARTESIAN_POINT('Ctrl Pts',(-179.527912873017,184.341184385404,69.9999999999996));
#2023=CARTESIAN_POINT('Ctrl Pts',(-180.563138239691,181.726151143044,69.9999999999996));
#2024=CARTESIAN_POINT('Ctrl Pts',(-181.232221407842,179.809347104231,69.9999999999994));
#2025=CARTESIAN_POINT('Ctrl Pts',(-181.730404203433,178.246601741965,69.9999999999994));
#2026=CARTESIAN_POINT('Ctrl Pts',(-182.004125807499,177.349516419977,69.9999999999994));
#2027=CARTESIAN_POINT('Ctrl Pts',(-182.271027877437,176.449939197728,69.9999999999994));
#2028=CARTESIAN_POINT('Ctrl Pts',(-182.592450499142,175.321035862408,69.9999999999994));
#2029=CARTESIAN_POINT('Ctrl Pts',(-183.083048028362,173.506573565114,69.9999999999994));
#2030=CARTESIAN_POINT('Ctrl Pts',(-183.655713100211,171.225095306025,69.9999999999994));
#2031=CARTESIAN_POINT('Ctrl Pts',(-184.497281628586,167.553022976268,69.9999999999995));
#2032=CARTESIAN_POINT('Ctrl Pts',(-185.194139561782,164.088321137795,69.9999999999995));
#2033=CARTESIAN_POINT('Ctrl Pts',(-185.779529202913,160.845721446842,69.9999999999995));
#2034=CARTESIAN_POINT('Ctrl Pts',(-186.252158274724,158.063172615211,69.9999999999995));
#2035=CARTESIAN_POINT('Ctrl Pts',(-186.791124755745,154.581199271068,69.9999999999995));
#2036=CARTESIAN_POINT('Ctrl Pts',(-187.360982884878,150.40022442428,69.9999999999996));
#2037=CARTESIAN_POINT('Ctrl Pts',(-187.774383197298,146.915283802505,69.9999999999996));
#2038=CARTESIAN_POINT('Ctrl Pts',(-188.217062880119,142.731687994486,69.9999999999996));
#2039=CARTESIAN_POINT('Ctrl Pts',(-188.956367139732,134.36212273308,69.9999999999997));
#2040=CARTESIAN_POINT('Ctrl Pts',(-189.504280795346,121.056294173966,69.9999999999998));
#2041=CARTESIAN_POINT('Ctrl Pts',(-188.839883888908,106.956197562636,70.));
#2042=CARTESIAN_POINT('Ctrl Pts',(-187.232015761481,95.8381346291655,70.));
#2043=CARTESIAN_POINT('Ctrl Pts',(-185.397948856211,87.6005691884949,70.));
#2044=CARTESIAN_POINT('Ctrl Pts',(-182.959879219636,79.4857196697143,70.));
#2045=CARTESIAN_POINT('Ctrl Pts',(-180.218594958307,71.4401238270397,70.));
#2046=CARTESIAN_POINT('Ctrl Pts',(-177.724013439238,63.3422081866933,70.));
#2047=CARTESIAN_POINT('Ctrl Pts',(-176.133090654022,55.8447259129839,70.));
#2048=CARTESIAN_POINT('Ctrl Pts',(-175.418539377686,48.9550832974778,70.));
#2049=CARTESIAN_POINT('Ctrl Pts',(-175.316284025066,40.6029512499439,70.));
#2050=CARTESIAN_POINT('Ctrl Pts',(-176.529798342109,30.0439717380367,70.));
#2051=CARTESIAN_POINT('Ctrl Pts',(-178.936247871886,17.3534912260218,70.));
#2052=CARTESIAN_POINT('Ctrl Pts',(-180.216722349786,8.9382102449697,70.));
#2053=CARTESIAN_POINT('Ctrl Pts',(-180.694235130684,4.74286838068935,70.));
#2054=CARTESIAN_POINT('Ctrl Pts',(-11.0751697599038,205.974630389609,50.));
#2055=CARTESIAN_POINT('Ctrl Pts',(-12.3045805906145,206.147454876856,50.));
#2056=CARTESIAN_POINT('Ctrl Pts',(-15.7135884078538,206.625274728424,50.));
#2057=CARTESIAN_POINT('Ctrl Pts',(-21.4093932348462,207.398532010279,50.));
#2058=CARTESIAN_POINT('Ctrl Pts',(-28.4143521200897,208.232283349898,50.));
#2059=CARTESIAN_POINT('Ctrl Pts',(-38.2017405525169,209.010357081733,50.));
#2060=CARTESIAN_POINT('Ctrl Pts',(-49.6178004159085,209.305608491347,50.));
#2061=CARTESIAN_POINT('Ctrl Pts',(-59.4170698452308,209.395480664076,49.9999999999999));
#2062=CARTESIAN_POINT('Ctrl Pts',(-65.9176528466378,209.406723812446,49.9999999999999));
#2063=CARTESIAN_POINT('Ctrl Pts',(-70.2359294727587,209.402633314461,49.9999999999999));
#2064=CARTESIAN_POINT('Ctrl Pts',(-77.7700772385137,209.363367767291,49.9999999999999));
#2065=CARTESIAN_POINT('Ctrl Pts',(-88.5631120089147,209.206750652085,49.9999999999999));
#2066=CARTESIAN_POINT('Ctrl Pts',(-98.5127509657242,208.878302455534,49.9999999999999));
#2067=CARTESIAN_POINT('Ctrl Pts',(-105.230628253431,208.493711452099,49.9999999999999));
#2068=CARTESIAN_POINT('Ctrl Pts',(-108.567410995951,208.265931797856,49.9999999999999));
#2069=CARTESIAN_POINT('Ctrl Pts',(-111.683074669613,208.03469295512,49.9999999999999));
#2070=CARTESIAN_POINT('Ctrl Pts',(-114.421237487177,207.881909349661,49.9999999999999));
#2071=CARTESIAN_POINT('Ctrl Pts',(-116.798283202723,207.886636333148,49.9999999999999));
#2072=CARTESIAN_POINT('Ctrl Pts',(-120.395824099885,208.156015833278,49.9999999999999));
#2073=CARTESIAN_POINT('Ctrl Pts',(-125.242930322941,208.950876991368,49.9999999999999));
#2074=CARTESIAN_POINT('Ctrl Pts',(-130.773636251204,209.945506052021,49.9999999999999));
#2075=CARTESIAN_POINT('Ctrl Pts',(-135.067326303724,210.699705511449,49.9999999999999));
#2076=CARTESIAN_POINT('Ctrl Pts',(-138.753884715514,211.308562274571,49.9999999999999));
#2077=CARTESIAN_POINT('Ctrl Pts',(-141.757335724558,211.767562028834,49.9999999999999));
#2078=CARTESIAN_POINT('Ctrl Pts',(-144.801868425682,212.204494425709,49.9999999999999));
#2079=CARTESIAN_POINT('Ctrl Pts',(-148.687565333315,212.69997854946,49.9999999999999));
#2080=CARTESIAN_POINT('Ctrl Pts',(-153.508232621947,213.183581390674,49.9999999999999));
#2081=CARTESIAN_POINT('Ctrl Pts',(-158.544008403694,213.507968488288,49.9999999999999));
#2082=CARTESIAN_POINT('Ctrl Pts',(-162.996551738783,213.586100155982,49.9999999999999));
#2083=CARTESIAN_POINT('Ctrl Pts',(-166.852840807622,213.448257953147,49.9999999999999));
#2084=CARTESIAN_POINT('Ctrl Pts',(-169.961814249564,213.201964411303,49.9999999999999));
#2085=CARTESIAN_POINT('Ctrl Pts',(-173.406248650599,212.722633196898,49.9999999999999));
#2086=CARTESIAN_POINT('Ctrl Pts',(-176.731105543758,212.001259777104,49.9999999999999));
#2087=CARTESIAN_POINT('Ctrl Pts',(-179.970630994168,210.94717908106,49.9999999999999));
#2088=CARTESIAN_POINT('Ctrl Pts',(-182.854384268312,209.735401917438,49.9999999999999));
#2089=CARTESIAN_POINT('Ctrl Pts',(-185.492927945713,208.207262901851,49.9999999999999));
#2090=CARTESIAN_POINT('Ctrl Pts',(-187.204630735447,206.9495608164,49.9999999999999));
#2091=CARTESIAN_POINT('Ctrl Pts',(-188.291831676432,206.08415042476,49.9999999999999));
#2092=CARTESIAN_POINT('Ctrl Pts',(-189.517966023583,204.983309708523,49.9999999999999));
#2093=CARTESIAN_POINT('Ctrl Pts',(-190.742971791809,203.725736107881,49.9999999999999));
#2094=CARTESIAN_POINT('Ctrl Pts',(-192.104888139482,202.16080523521,49.9999999999999));
#2095=CARTESIAN_POINT('Ctrl Pts',(-193.418487553932,200.409530460124,49.9999999999999));
#2096=CARTESIAN_POINT('Ctrl Pts',(-194.433942323417,198.85390334124,49.9999999999998));
#2097=CARTESIAN_POINT('Ctrl Pts',(-195.046202797806,197.833682593816,49.9999999999998));
#2098=CARTESIAN_POINT('Ctrl Pts',(-195.373081235213,197.267387730286,49.9999999999998));
#2099=CARTESIAN_POINT('Ctrl Pts',(-196.638900200117,195.013980576409,49.9999999999998));
#2100=CARTESIAN_POINT('Ctrl Pts',(-197.899910764609,192.273144287596,49.9999999999997));
#2101=CARTESIAN_POINT('Ctrl Pts',(-199.33747225499,188.643744807682,49.9999999999997));
#2102=CARTESIAN_POINT('Ctrl Pts',(-200.200538558415,186.160303581407,49.9999999999996));
#2103=CARTESIAN_POINT('Ctrl Pts',(-200.822480818282,184.21038468432,49.9999999999996));
#2104=CARTESIAN_POINT('Ctrl Pts',(-201.158135046661,183.109854687422,49.9999999999996));
#2105=CARTESIAN_POINT('Ctrl Pts',(-201.482369739793,182.017056173522,49.9999999999996));
#2106=CARTESIAN_POINT('Ctrl Pts',(-201.867352897966,180.664416577471,49.9999999999996));
#2107=CARTESIAN_POINT('Ctrl Pts',(-202.446095322115,178.523454362707,49.9999999999996));
#2108=CARTESIAN_POINT('Ctrl Pts',(-203.108339627742,175.883255111736,49.9999999999996));
#2109=CARTESIAN_POINT('Ctrl Pts',(-204.063385115371,171.713834063351,49.9999999999996));
#2110=CARTESIAN_POINT('Ctrl Pts',(-204.837377969209,167.861357439798,49.9999999999996));
#2111=CARTESIAN_POINT('Ctrl Pts',(-205.4813534715,164.293979027387,49.9999999999996));
#2112=CARTESIAN_POINT('Ctrl Pts',(-205.998665390793,161.247778326799,49.9999999999996));
#2113=CARTESIAN_POINT('Ctrl Pts',(-206.585115818473,157.457499891626,49.9999999999997));
#2114=CARTESIAN_POINT('Ctrl Pts',(-207.202483628021,152.926957371023,49.9999999999997));
#2115=CARTESIAN_POINT('Ctrl Pts',(-207.649322247127,149.158831487041,49.9999999999997));
#2116=CARTESIAN_POINT('Ctrl Pts',(-208.127875519941,144.636747898529,49.9999999999997));
#2117=CARTESIAN_POINT('Ctrl Pts',(-208.926975378281,135.584582401525,49.9999999999998));
#2118=CARTESIAN_POINT('Ctrl Pts',(-209.528782775412,121.096756991639,49.9999999999999));
#2119=CARTESIAN_POINT('Ctrl Pts',(-208.799497418743,105.241896702023,50.));
#2120=CARTESIAN_POINT('Ctrl Pts',(-206.928628366296,92.2539613810395,50.));
#2121=CARTESIAN_POINT('Ctrl Pts',(-204.75319440672,82.4864782884044,50.));
#2122=CARTESIAN_POINT('Ctrl Pts',(-201.952037398951,73.2070537129795,50.));
#2123=CARTESIAN_POINT('Ctrl Pts',(-199.167315793838,65.0434633887018,50.));
#2124=CARTESIAN_POINT('Ctrl Pts',(-197.066915453177,58.1510297490499,50.));
#2125=CARTESIAN_POINT('Ctrl Pts',(-195.914967658541,52.6419295019158,50.));
#2126=CARTESIAN_POINT('Ctrl Pts',(-195.414823783136,47.8171583874662,50.));
#2127=CARTESIAN_POINT('Ctrl Pts',(-195.335835713252,41.859884077844,50.));
#2128=CARTESIAN_POINT('Ctrl Pts',(-196.243963081131,33.475568879934,50.));
#2129=CARTESIAN_POINT('Ctrl Pts',(-198.600266280826,20.9877605381629,50.));
#2130=CARTESIAN_POINT('Ctrl Pts',(-200.035303793814,11.6666561331868,50.));
#2131=CARTESIAN_POINT('Ctrl Pts',(-200.565931056777,7.00465993184226,50.));
#2132=CARTESIAN_POINT('Ctrl Pts',(-200.565931056777,7.00465993184226,0.));
#2133=CARTESIAN_POINT('Ctrl Pts',(-200.565931056777,7.00465993184226,70.));
#2134=CARTESIAN_POINT('Ctrl Pts',(-200.868025398943,4.35051308729677,0.));
#2135=CARTESIAN_POINT('Ctrl Pts',(-200.868025398943,4.35051308729677,70.));
#2136=CARTESIAN_POINT('Ctrl Pts',(-201.400364350708,-1.1160193563003,0.));
#2137=CARTESIAN_POINT('Ctrl Pts',(-201.400364350708,-1.1160193563003,70.));
#2138=CARTESIAN_POINT('Ctrl Pts',(-201.945150344628,-9.79364835268794,0.));
#2139=CARTESIAN_POINT('Ctrl Pts',(-201.945150344628,-9.79364835268794,70.));
#2140=CARTESIAN_POINT('Ctrl Pts',(-202.110106227275,-22.3052634288114,0.));
#2141=CARTESIAN_POINT('Ctrl Pts',(-202.110106227275,-22.3052634288114,70.));
#2142=CARTESIAN_POINT('Ctrl Pts',(-201.595687929382,-39.3600837950559,0.));
#2143=CARTESIAN_POINT('Ctrl Pts',(-201.595687929382,-39.3600837950559,70.));
#2144=CARTESIAN_POINT('Ctrl Pts',(-200.780492775179,-57.5730355285837,0.));
#2145=CARTESIAN_POINT('Ctrl Pts',(-200.780492775179,-57.5730355285837,70.));
#2146=CARTESIAN_POINT('Ctrl Pts',(-200.147636073302,-76.5987368498544,0.));
#2147=CARTESIAN_POINT('Ctrl Pts',(-200.147636073302,-76.5987368498544,70.));
#2148=CARTESIAN_POINT('Ctrl Pts',(-200.093615481487,-96.017916655644,0.));
#2149=CARTESIAN_POINT('Ctrl Pts',(-200.093615481487,-96.017916655644,70.));
#2150=CARTESIAN_POINT('Ctrl Pts',(-200.797991363033,-115.353609020258,0.));
#2151=CARTESIAN_POINT('Ctrl Pts',(-200.797991363033,-115.353609020258,70.));
#2152=CARTESIAN_POINT('Ctrl Pts',(-202.045346467078,-134.082719802306,0.));
#2153=CARTESIAN_POINT('Ctrl Pts',(-202.045346467078,-134.082719802306,70.));
#2154=CARTESIAN_POINT('Ctrl Pts',(-203.212904418789,-151.663694148516,0.));
#2155=CARTESIAN_POINT('Ctrl Pts',(-203.212904418789,-151.663694148516,70.));
#2156=CARTESIAN_POINT('Ctrl Pts',(-203.47198192918,-167.585666418825,0.));
#2157=CARTESIAN_POINT('Ctrl Pts',(-203.47198192918,-167.585666418825,70.));
#2158=CARTESIAN_POINT('Ctrl Pts',(-201.931921823084,-181.410943180144,0.));
#2159=CARTESIAN_POINT('Ctrl Pts',(-201.931921823084,-181.410943180144,70.));
#2160=CARTESIAN_POINT('Ctrl Pts',(-197.814853293083,-192.822941344786,0.));
#2161=CARTESIAN_POINT('Ctrl Pts',(-197.814853293083,-192.822941344786,70.));
#2162=CARTESIAN_POINT('Ctrl Pts',(-190.599832537296,-201.665558912072,0.));
#2163=CARTESIAN_POINT('Ctrl Pts',(-190.599832537296,-201.665558912072,70.));
#2164=CARTESIAN_POINT('Ctrl Pts',(-180.224301045592,-208.002174321398,0.));
#2165=CARTESIAN_POINT('Ctrl Pts',(-180.224301045592,-208.002174321398,70.));
#2166=CARTESIAN_POINT('Ctrl Pts',(-167.045218754364,-212.088592573598,0.));
#2167=CARTESIAN_POINT('Ctrl Pts',(-167.045218754364,-212.088592573598,70.));
#2168=CARTESIAN_POINT('Ctrl Pts',(-151.671371985343,-214.299606900474,0.));
#2169=CARTESIAN_POINT('Ctrl Pts',(-151.671371985343,-214.299606900474,70.));
#2170=CARTESIAN_POINT('Ctrl Pts',(-134.831435238165,-215.068189972285,0.));
#2171=CARTESIAN_POINT('Ctrl Pts',(-134.831435238165,-215.068189972285,70.));
#2172=CARTESIAN_POINT('Ctrl Pts',(-117.236228216381,-214.823333382925,0.));
#2173=CARTESIAN_POINT('Ctrl Pts',(-117.236228216381,-214.823333382925,70.));
#2174=CARTESIAN_POINT('Ctrl Pts',(-99.4219856622717,-213.919226192137,0.));
#2175=CARTESIAN_POINT('Ctrl Pts',(-99.4219856622717,-213.919226192137,70.));
#2176=CARTESIAN_POINT('Ctrl Pts',(-81.6741911834651,-212.59932630659,0.));
#2177=CARTESIAN_POINT('Ctrl Pts',(-81.6741911834651,-212.59932630659,70.));
#2178=CARTESIAN_POINT('Ctrl Pts',(-64.1143786760516,-211.030549854532,0.));
#2179=CARTESIAN_POINT('Ctrl Pts',(-64.1143786760516,-211.030549854532,70.));
#2180=CARTESIAN_POINT('Ctrl Pts',(-46.7520873835371,-209.322421174016,0.));
#2181=CARTESIAN_POINT('Ctrl Pts',(-46.7520873835371,-209.322421174016,70.));
#2182=CARTESIAN_POINT('Ctrl Pts',(-29.5492844984689,-207.551736037704,0.));
#2183=CARTESIAN_POINT('Ctrl Pts',(-29.5492844984689,-207.551736037704,70.));
#2184=CARTESIAN_POINT('Ctrl Pts',(-12.4827144676679,-205.785952940692,0.));
#2185=CARTESIAN_POINT('Ctrl Pts',(-12.4827144676679,-205.785952940692,70.));
#2186=CARTESIAN_POINT('Ctrl Pts',(4.40057606525587,-204.104531953091,0.));
#2187=CARTESIAN_POINT('Ctrl Pts',(4.40057606525587,-204.104531953091,70.));
#2188=CARTESIAN_POINT('Ctrl Pts',(20.9048951855613,-202.627830653462,0.));
#2189=CARTESIAN_POINT('Ctrl Pts',(20.9048951855613,-202.627830653462,70.));
#2190=CARTESIAN_POINT('Ctrl Pts',(36.7411880526659,-201.501057447776,0.));
#2191=CARTESIAN_POINT('Ctrl Pts',(36.7411880526659,-201.501057447776,70.));
#2192=CARTESIAN_POINT('Ctrl Pts',(51.6276673461923,-200.862772334824,0.));
#2193=CARTESIAN_POINT('Ctrl Pts',(51.6276673461923,-200.862772334824,70.));
#2194=CARTESIAN_POINT('Ctrl Pts',(65.3766760071114,-200.818369186835,0.));
#2195=CARTESIAN_POINT('Ctrl Pts',(65.3766760071114,-200.818369186835,70.));
#2196=CARTESIAN_POINT('Ctrl Pts',(77.9846139390854,-201.411744825261,0.));
#2197=CARTESIAN_POINT('Ctrl Pts',(77.9846139390854,-201.411744825261,70.));
#2198=CARTESIAN_POINT('Ctrl Pts',(89.7270493235968,-202.597051348126,0.));
#2199=CARTESIAN_POINT('Ctrl Pts',(89.7270493235968,-202.597051348126,70.));
#2200=CARTESIAN_POINT('Ctrl Pts',(101.233893463673,-204.212295307995,0.));
#2201=CARTESIAN_POINT('Ctrl Pts',(101.233893463673,-204.212295307995,70.));
#2202=CARTESIAN_POINT('Ctrl Pts',(113.245860914358,-205.995072331134,0.));
#2203=CARTESIAN_POINT('Ctrl Pts',(113.245860914358,-205.995072331134,70.));
#2204=CARTESIAN_POINT('Ctrl Pts',(126.376573183845,-207.59505551199,0.));
#2205=CARTESIAN_POINT('Ctrl Pts',(126.376573183845,-207.59505551199,70.));
#2206=CARTESIAN_POINT('Ctrl Pts',(140.894202310597,-208.58964191395,0.));
#2207=CARTESIAN_POINT('Ctrl Pts',(140.894202310597,-208.58964191395,70.));
#2208=CARTESIAN_POINT('Ctrl Pts',(156.443550109446,-208.493568535258,0.));
#2209=CARTESIAN_POINT('Ctrl Pts',(156.443550109446,-208.493568535258,70.));
#2210=CARTESIAN_POINT('Ctrl Pts',(171.957339450398,-206.785928090254,0.));
#2211=CARTESIAN_POINT('Ctrl Pts',(171.957339450398,-206.785928090254,70.));
#2212=CARTESIAN_POINT('Ctrl Pts',(186.051647567358,-202.979961257872,0.));
#2213=CARTESIAN_POINT('Ctrl Pts',(186.051647567358,-202.979961257872,70.));
#2214=CARTESIAN_POINT('Ctrl Pts',(197.336951080669,-196.686467148131,0.));
#2215=CARTESIAN_POINT('Ctrl Pts',(197.336951080669,-196.686467148131,70.));
#2216=CARTESIAN_POINT('Ctrl Pts',(204.746533750794,-187.676217646493,0.));
#2217=CARTESIAN_POINT('Ctrl Pts',(204.746533750794,-187.676217646493,70.));
#2218=CARTESIAN_POINT('Ctrl Pts',(207.895502313665,-175.95129571554,0.));
#2219=CARTESIAN_POINT('Ctrl Pts',(207.895502313665,-175.95129571554,70.));
#2220=CARTESIAN_POINT('Ctrl Pts',(207.311341735072,-161.787015548344,0.));
#2221=CARTESIAN_POINT('Ctrl Pts',(207.311341735072,-161.787015548344,70.));
#2222=CARTESIAN_POINT('Ctrl Pts',(204.086348900097,-145.645654120163,0.));
#2223=CARTESIAN_POINT('Ctrl Pts',(204.086348900097,-145.645654120163,70.));
#2224=CARTESIAN_POINT('Ctrl Pts',(199.620511814499,-128.110248213184,0.));
#2225=CARTESIAN_POINT('Ctrl Pts',(199.620511814499,-128.110248213184,70.));
#2226=CARTESIAN_POINT('Ctrl Pts',(195.317774777891,-109.807896115045,0.));
#2227=CARTESIAN_POINT('Ctrl Pts',(195.317774777891,-109.807896115045,70.));
#2228=CARTESIAN_POINT('Ctrl Pts',(192.32848878864,-91.3438355220551,0.));
#2229=CARTESIAN_POINT('Ctrl Pts',(192.32848878864,-91.3438355220551,70.));
#2230=CARTESIAN_POINT('Ctrl Pts',(191.208193283936,-73.2156088872076,0.));
#2231=CARTESIAN_POINT('Ctrl Pts',(191.208193283936,-73.2156088872076,70.));
#2232=CARTESIAN_POINT('Ctrl Pts',(191.828392284882,-55.7895567204711,0.));
#2233=CARTESIAN_POINT('Ctrl Pts',(191.828392284882,-55.7895567204711,70.));
#2234=CARTESIAN_POINT('Ctrl Pts',(193.647431026415,-39.3158439560121,0.));
#2235=CARTESIAN_POINT('Ctrl Pts',(193.647431026415,-39.3158439560121,70.));
#2236=CARTESIAN_POINT('Ctrl Pts',(195.881287709458,-23.9241654437093,0.));
#2237=CARTESIAN_POINT('Ctrl Pts',(195.881287709458,-23.9241654437093,70.));
#2238=CARTESIAN_POINT('Ctrl Pts',(197.719071799719,-9.62633705979788,0.));
#2239=CARTESIAN_POINT('Ctrl Pts',(197.719071799719,-9.62633705979788,70.));
#2240=CARTESIAN_POINT('Ctrl Pts',(198.50910058066,3.68181060850205,0.));
#2241=CARTESIAN_POINT('Ctrl Pts',(198.50910058066,3.68181060850205,70.));
#2242=CARTESIAN_POINT('Ctrl Pts',(197.982210112877,16.2238349279828,0.));
#2243=CARTESIAN_POINT('Ctrl Pts',(197.982210112877,16.2238349279828,70.));
#2244=CARTESIAN_POINT('Ctrl Pts',(196.384882552707,28.3273449170345,0.));
#2245=CARTESIAN_POINT('Ctrl Pts',(196.384882552707,28.3273449170345,70.));
#2246=CARTESIAN_POINT('Ctrl Pts',(194.25710819653,40.3354137903979,0.));
#2247=CARTESIAN_POINT('Ctrl Pts',(194.25710819653,40.3354137903979,70.));
#2248=CARTESIAN_POINT('Ctrl Pts',(192.253630010522,52.5219167286891,0.));
#2249=CARTESIAN_POINT('Ctrl Pts',(192.253630010522,52.5219167286891,70.));
#2250=CARTESIAN_POINT('Ctrl Pts',(190.964513104615,65.0193446914798,0.));
#2251=CARTESIAN_POINT('Ctrl Pts',(190.964513104615,65.0193446914798,70.));
#2252=CARTESIAN_POINT('Ctrl Pts',(190.696771816791,77.7071482362089,0.));
#2253=CARTESIAN_POINT('Ctrl Pts',(190.696771816791,77.7071482362089,70.));
#2254=CARTESIAN_POINT('Ctrl Pts',(191.4296187333,90.2530340153752,0.));
#2255=CARTESIAN_POINT('Ctrl Pts',(191.4296187333,90.2530340153752,70.));
#2256=CARTESIAN_POINT('Ctrl Pts',(192.939651355923,102.29866679384,0.));
#2257=CARTESIAN_POINT('Ctrl Pts',(192.939651355923,102.29866679384,70.));
#2258=CARTESIAN_POINT('Ctrl Pts',(194.880105647442,113.609418368625,0.));
#2259=CARTESIAN_POINT('Ctrl Pts',(194.880105647442,113.609418368625,70.));
#2260=CARTESIAN_POINT('Ctrl Pts',(196.876503804843,124.230557458472,0.));
#2261=CARTESIAN_POINT('Ctrl Pts',(196.876503804843,124.230557458472,70.));
#2262=CARTESIAN_POINT('Ctrl Pts',(198.621531920314,134.663514002065,0.));
#2263=CARTESIAN_POINT('Ctrl Pts',(198.621531920314,134.663514002065,70.));
#2264=CARTESIAN_POINT('Ctrl Pts',(199.859272093813,145.599407905333,0.));
#2265=CARTESIAN_POINT('Ctrl Pts',(199.859272093813,145.599407905333,70.));
#2266=CARTESIAN_POINT('Ctrl Pts',(200.356727991692,157.592750748423,0.));
#2267=CARTESIAN_POINT('Ctrl Pts',(200.356727991692,157.592750748423,70.));
#2268=CARTESIAN_POINT('Ctrl Pts',(199.883299198443,170.79788127317,0.));
#2269=CARTESIAN_POINT('Ctrl Pts',(199.883299198443,170.79788127317,70.));
#2270=CARTESIAN_POINT('Ctrl Pts',(198.178952010834,184.578155442098,0.));
#2271=CARTESIAN_POINT('Ctrl Pts',(198.178952010834,184.578155442098,70.));
#2272=CARTESIAN_POINT('Ctrl Pts',(194.966032487421,197.660905783373,0.));
#2273=CARTESIAN_POINT('Ctrl Pts',(194.966032487421,197.660905783373,70.));
#2274=CARTESIAN_POINT('Ctrl Pts',(189.985102931238,208.600938437797,0.));
#2275=CARTESIAN_POINT('Ctrl Pts',(189.985102931238,208.600938437797,70.));
#2276=CARTESIAN_POINT('Ctrl Pts',(183.023028562639,216.141644750425,0.));
#2277=CARTESIAN_POINT('Ctrl Pts',(183.023028562639,216.141644750425,70.));
#2278=CARTESIAN_POINT('Ctrl Pts',(173.945202172593,219.635339999503,0.));
#2279=CARTESIAN_POINT('Ctrl Pts',(173.945202172593,219.635339999503,70.));
#2280=CARTESIAN_POINT('Ctrl Pts',(162.723467611025,219.390945953593,0.));
#2281=CARTESIAN_POINT('Ctrl Pts',(162.723467611025,219.390945953593,70.));
#2282=CARTESIAN_POINT('Ctrl Pts',(149.428342822144,216.346483458056,0.));
#2283=CARTESIAN_POINT('Ctrl Pts',(149.428342822144,216.346483458056,70.));
#2284=CARTESIAN_POINT('Ctrl Pts',(134.222972361215,211.778954357485,0.));
#2285=CARTESIAN_POINT('Ctrl Pts',(134.222972361215,211.778954357485,70.));
#2286=CARTESIAN_POINT('Ctrl Pts',(117.357432610056,207.010408856552,0.));
#2287=CARTESIAN_POINT('Ctrl Pts',(117.357432610056,207.010408856552,70.));
#2288=CARTESIAN_POINT('Ctrl Pts',(99.1607749716394,203.092297654182,0.));
#2289=CARTESIAN_POINT('Ctrl Pts',(99.1607749716394,203.092297654182,70.));
#2290=CARTESIAN_POINT('Ctrl Pts',(80.0394024021338,200.570207427779,0.));
#2291=CARTESIAN_POINT('Ctrl Pts',(80.0394024021338,200.570207427779,70.));
#2292=CARTESIAN_POINT('Ctrl Pts',(60.4707757444032,199.609600751123,0.));
#2293=CARTESIAN_POINT('Ctrl Pts',(60.4707757444032,199.609600751123,70.));
#2294=CARTESIAN_POINT('Ctrl Pts',(41.022614325587,200.066679136315,0.));
#2295=CARTESIAN_POINT('Ctrl Pts',(41.022614325587,200.066679136315,70.));
#2296=CARTESIAN_POINT('Ctrl Pts',(22.3110934173096,201.585906152319,0.));
#2297=CARTESIAN_POINT('Ctrl Pts',(22.3110934173096,201.585906152319,70.));
#2298=CARTESIAN_POINT('Ctrl Pts',(5.10163889007715,203.673702162978,0.));
#2299=CARTESIAN_POINT('Ctrl Pts',(5.10163889007715,203.673702162978,70.));
#2300=CARTESIAN_POINT('Ctrl Pts',(-9.92399505018589,205.811157031147,0.));
#2301=CARTESIAN_POINT('Ctrl Pts',(-9.92399505018589,205.811157031147,70.));
#2302=CARTESIAN_POINT('Ctrl Pts',(-21.5713197349317,207.476937446657,0.));
#2303=CARTESIAN_POINT('Ctrl Pts',(-21.5713197349317,207.476937446657,70.));
#2304=CARTESIAN_POINT('Ctrl Pts',(-30.857769192577,208.533499810963,0.));
#2305=CARTESIAN_POINT('Ctrl Pts',(-30.857769192577,208.533499810963,70.));
#2306=CARTESIAN_POINT('Ctrl Pts',(-39.9626217564253,209.087374564399,0.));
#2307=CARTESIAN_POINT('Ctrl Pts',(-39.9626217564253,209.087374564399,70.));
#2308=CARTESIAN_POINT('Ctrl Pts',(-51.0001321747346,209.34307519563,0.));
#2309=CARTESIAN_POINT('Ctrl Pts',(-51.0001321747346,209.34307519563,70.));
#2310=CARTESIAN_POINT('Ctrl Pts',(-64.7406849148578,209.446420807026,0.));
#2311=CARTESIAN_POINT('Ctrl Pts',(-64.7406849148578,209.446420807026,70.));
#2312=CARTESIAN_POINT('Ctrl Pts',(-79.8092626277829,209.38229264849,0.));
#2313=CARTESIAN_POINT('Ctrl Pts',(-79.8092626277829,209.38229264849,70.));
#2314=CARTESIAN_POINT('Ctrl Pts',(-93.9482294633312,209.093493004351,0.));
#2315=CARTESIAN_POINT('Ctrl Pts',(-93.9482294633312,209.093493004351,70.));
#2316=CARTESIAN_POINT('Ctrl Pts',(-105.047758668344,208.578687345237,0.));
#2317=CARTESIAN_POINT('Ctrl Pts',(-105.047758668344,208.578687345237,70.));
#2318=CARTESIAN_POINT('Ctrl Pts',(-112.095153449555,207.972385834443,0.));
#2319=CARTESIAN_POINT('Ctrl Pts',(-112.095153449555,207.972385834443,70.));
#2320=CARTESIAN_POINT('Ctrl Pts',(-116.579186436183,207.696681542502,0.));
#2321=CARTESIAN_POINT('Ctrl Pts',(-116.579186436183,207.696681542502,70.));
#2322=CARTESIAN_POINT('Ctrl Pts',(-122.007754316868,208.31922473131,0.));
#2323=CARTESIAN_POINT('Ctrl Pts',(-122.007754316868,208.31922473131,70.));
#2324=CARTESIAN_POINT('Ctrl Pts',(-130.760945047963,209.966337409683,0.));
#2325=CARTESIAN_POINT('Ctrl Pts',(-130.760945047963,209.966337409683,70.));
#2326=CARTESIAN_POINT('Ctrl Pts',(-142.700193382267,212.078678243202,0.));
#2327=CARTESIAN_POINT('Ctrl Pts',(-142.700193382267,212.078678243202,70.));
#2328=CARTESIAN_POINT('Ctrl Pts',(-156.359834298397,213.733135174917,0.));
#2329=CARTESIAN_POINT('Ctrl Pts',(-156.359834298397,213.733135174917,70.));
#2330=CARTESIAN_POINT('Ctrl Pts',(-169.692516299578,213.863418375054,0.));
#2331=CARTESIAN_POINT('Ctrl Pts',(-169.692516299578,213.863418375054,70.));
#2332=CARTESIAN_POINT('Ctrl Pts',(-180.993152983945,211.521295183358,0.));
#2333=CARTESIAN_POINT('Ctrl Pts',(-180.993152983945,211.521295183358,70.));
#2334=CARTESIAN_POINT('Ctrl Pts',(-189.732392516273,206.117586663716,0.));
#2335=CARTESIAN_POINT('Ctrl Pts',(-189.732392516273,206.117586663716,70.));
#2336=CARTESIAN_POINT('Ctrl Pts',(-196.155617971048,197.418445853034,0.));
#2337=CARTESIAN_POINT('Ctrl Pts',(-196.155617971048,197.418445853034,70.));
#2338=CARTESIAN_POINT('Ctrl Pts',(-200.886125178276,185.541771318293,0.));
#2339=CARTESIAN_POINT('Ctrl Pts',(-200.886125178276,185.541771318293,70.));
#2340=CARTESIAN_POINT('Ctrl Pts',(-204.526192169515,170.954354052171,0.));
#2341=CARTESIAN_POINT('Ctrl Pts',(-204.526192169515,170.954354052171,70.));
#2342=CARTESIAN_POINT('Ctrl Pts',(-207.263380157844,154.467746102061,0.));
#2343=CARTESIAN_POINT('Ctrl Pts',(-207.263380157844,154.467746102061,70.));
#2344=CARTESIAN_POINT('Ctrl Pts',(-209.018955655808,137.088483183095,0.));
#2345=CARTESIAN_POINT('Ctrl Pts',(-209.018955655808,137.088483183095,70.));
#2346=CARTESIAN_POINT('Ctrl Pts',(-209.590987802413,119.869890651874,0.));
#2347=CARTESIAN_POINT('Ctrl Pts',(-209.590987802413,119.869890651874,70.));
#2348=CARTESIAN_POINT('Ctrl Pts',(-208.799748522567,103.763023620941,0.));
#2349=CARTESIAN_POINT('Ctrl Pts',(-208.799748522567,103.763023620941,70.));
#2350=CARTESIAN_POINT('Ctrl Pts',(-206.631209278751,89.4686750591747,0.));
#2351=CARTESIAN_POINT('Ctrl Pts',(-206.631209278751,89.4686750591747,70.));
#2352=CARTESIAN_POINT('Ctrl Pts',(-203.383593288683,77.2870862300463,0.));
#2353=CARTESIAN_POINT('Ctrl Pts',(-203.383593288683,77.2870862300463,70.));
#2354=CARTESIAN_POINT('Ctrl Pts',(-199.806627746031,66.9733071476031,0.));
#2355=CARTESIAN_POINT('Ctrl Pts',(-199.806627746031,66.9733071476031,70.));
#2356=CARTESIAN_POINT('Ctrl Pts',(-196.807527707867,57.9252857383305,0.));
#2357=CARTESIAN_POINT('Ctrl Pts',(-196.807527707867,57.9252857383305,70.));
#2358=CARTESIAN_POINT('Ctrl Pts',(-195.166453913776,49.3654872179381,0.));
#2359=CARTESIAN_POINT('Ctrl Pts',(-195.166453913776,49.3654872179381,70.));
#2360=CARTESIAN_POINT('Ctrl Pts',(-195.244182720464,40.5262386450109,0.));
#2361=CARTESIAN_POINT('Ctrl Pts',(-195.244182720464,40.5262386450109,70.));
#2362=CARTESIAN_POINT('Ctrl Pts',(-196.704439975377,30.8295745864224,0.));
#2363=CARTESIAN_POINT('Ctrl Pts',(-196.704439975377,30.8295745864224,70.));
#2364=CARTESIAN_POINT('Ctrl Pts',(-198.39636470961,22.0623419167714,0.));
#2365=CARTESIAN_POINT('Ctrl Pts',(-198.39636470961,22.0623419167714,70.));
#2366=CARTESIAN_POINT('Ctrl Pts',(-199.587798297714,14.8088617109695,0.));
#2367=CARTESIAN_POINT('Ctrl Pts',(-199.587798297714,14.8088617109695,70.));
#2368=CARTESIAN_POINT('Ctrl Pts',(-200.263836714612,9.65880677638696,0.));
#2369=CARTESIAN_POINT('Ctrl Pts',(-200.263836714612,9.65880677638696,70.));
#2370=CARTESIAN_POINT('Ctrl Pts',(-200.565931056777,7.00465993184226,0.));
#2371=CARTESIAN_POINT('Ctrl Pts',(-200.565931056777,7.00465993184226,70.));
#2372=CARTESIAN_POINT('Origin',(-129.,-140.,0.));
#2373=UNCERTAINTY_MEASURE_WITH_UNIT(LENGTH_MEASURE(0.01),#2377,
'DISTANCE_ACCURACY_VALUE',
'Maximum model space distance between geometric entities at asserted c
onnectivities');
#2374=UNCERTAINTY_MEASURE_WITH_UNIT(LENGTH_MEASURE(0.01),#2377,
'DISTANCE_ACCURACY_VALUE',
'Maximum model space distance between geometric entities at asserted c
onnectivities');
#2375=(
GEOMETRIC_REPRESENTATION_CONTEXT(3)
GLOBAL_UNCERTAINTY_ASSIGNED_CONTEXT((#2373))
GLOBAL_UNIT_ASSIGNED_CONTEXT((#2377,#2379,#2380))
REPRESENTATION_CONTEXT('','3D')
);
#2376=(
GEOMETRIC_REPRESENTATION_CONTEXT(3)
GLOBAL_UNCERTAINTY_ASSIGNED_CONTEXT((#2374))
GLOBAL_UNIT_ASSIGNED_CONTEXT((#2377,#2379,#2380))
REPRESENTATION_CONTEXT('','3D')
);
#2377=(
LENGTH_UNIT()
NAMED_UNIT(*)
SI_UNIT(.MILLI.,.METRE.)
);
#2378=(
LENGTH_UNIT()
NAMED_UNIT(*)
SI_UNIT($,.METRE.)
);
#2379=(
NAMED_UNIT(*)
PLANE_ANGLE_UNIT()
SI_UNIT($,.RADIAN.)
);
#2380=(
NAMED_UNIT(*)
SI_UNIT($,.STERADIAN.)
SOLID_ANGLE_UNIT()
);
#2381=SHAPE_DEFINITION_REPRESENTATION(#2382,#2383);
#2382=PRODUCT_DEFINITION_SHAPE('',$,#2385);
#2383=SHAPE_REPRESENTATION('',(#580),#2375);
#2384=PRODUCT_DEFINITION_CONTEXT('part definition',#2389,'design');
#2385=PRODUCT_DEFINITION('2026-08-30-19-19-19-056','BoxFrameBackLeft',#2386,
#2384);
#2386=PRODUCT_DEFINITION_FORMATION('',$,#2391);
#2387=PRODUCT_RELATED_PRODUCT_CATEGORY('BoxFrameBackLeft',
'BoxFrameBackLeft',(#2391));
#2388=APPLICATION_PROTOCOL_DEFINITION('international standard',
'automotive_design',2009,#2389);
#2389=APPLICATION_CONTEXT(
'Core Data for Automotive Mechanical Design Process');
#2390=PRODUCT_CONTEXT('part definition',#2389,'mechanical');
#2391=PRODUCT('2026-08-30-19-19-19-056','BoxFrameBackLeft',$,(#2390));
#2392=PRESENTATION_STYLE_ASSIGNMENT((#2393));
#2393=SURFACE_STYLE_USAGE(.BOTH.,#2394);
#2394=SURFACE_SIDE_STYLE('',(#2395));
#2395=SURFACE_STYLE_FILL_AREA(#2396);
#2396=FILL_AREA_STYLE('Steel - Satin',(#2397));
#2397=FILL_AREA_STYLE_COLOUR('Steel - Satin',#2398);
#2398=COLOUR_RGB('Steel - Satin',0.627450980392157,0.627450980392157,0.627450980392157);
ENDSEC;
END-ISO-10303-21;
