ISO-10303-21;
HEADER;
/* Generated by software containing ST-Developer
 * from STEP Tools, Inc. (www.steptools.com) 
 */

FILE_DESCRIPTION(
/* description */ (''),
/* implementation_level */ '2;1');

FILE_NAME(
/* name */ 'BoxFrameFrontRight.step',
/* time_stamp */ '2026-08-30T19:19:25+01:00',
/* author */ (''),
/* organization */ (''),
/* preprocessor_version */ 'ST-DEVELOPER v20.1',
/* originating_system */ 'Autodesk Translation Framework v15.8.0.0',
/* authorisation */ '');

FILE_SCHEMA (('AUTOMOTIVE_DESIGN { 1 0 10303 214 3 1 1 }'));
ENDSEC;

DATA;
#10=MECHANICAL_DESIGN_GEOMETRIC_PRESENTATION_REPRESENTATION('',(#13),#2152);
#11=SHAPE_REPRESENTATION_RELATIONSHIP('SRR','None',#2159,#12);
#12=ADVANCED_BREP_SHAPE_REPRESENTATION('',(#14),#2151);
#13=STYLED_ITEM('',(#2168),#14);
#14=MANIFOLD_SOLID_BREP('Body1',#516);
#15=B_SPLINE_SURFACE_WITH_KNOTS('',3,3,((#1146,#1147,#1148,#1149,#1150,
#1151,#1152,#1153,#1154,#1155,#1156,#1157,#1158,#1159,#1160,#1161,#1162,
#1163,#1164,#1165,#1166,#1167,#1168,#1169,#1170,#1171,#1172,#1173,#1174,
#1175,#1176,#1177,#1178,#1179,#1180,#1181,#1182,#1183,#1184,#1185,#1186,
#1187,#1188,#1189,#1190,#1191,#1192,#1193,#1194,#1195,#1196,#1197,#1198,
#1199,#1200,#1201,#1202,#1203,#1204,#1205,#1206,#1207,#1208,#1209,#1210,
#1211),(#1212,#1213,#1214,#1215,#1216,#1217,#1218,#1219,#1220,#1221,#1222,
#1223,#1224,#1225,#1226,#1227,#1228,#1229,#1230,#1231,#1232,#1233,#1234,
#1235,#1236,#1237,#1238,#1239,#1240,#1241,#1242,#1243,#1244,#1245,#1246,
#1247,#1248,#1249,#1250,#1251,#1252,#1253,#1254,#1255,#1256,#1257,#1258,
#1259,#1260,#1261,#1262,#1263,#1264,#1265,#1266,#1267,#1268,#1269,#1270,
#1271,#1272,#1273,#1274,#1275,#1276,#1277),(#1278,#1279,#1280,#1281,#1282,
#1283,#1284,#1285,#1286,#1287,#1288,#1289,#1290,#1291,#1292,#1293,#1294,
#1295,#1296,#1297,#1298,#1299,#1300,#1301,#1302,#1303,#1304,#1305,#1306,
#1307,#1308,#1309,#1310,#1311,#1312,#1313,#1314,#1315,#1316,#1317,#1318,
#1319,#1320,#1321,#1322,#1323,#1324,#1325,#1326,#1327,#1328,#1329,#1330,
#1331,#1332,#1333,#1334,#1335,#1336,#1337,#1338,#1339,#1340,#1341,#1342,
#1343),(#1344,#1345,#1346,#1347,#1348,#1349,#1350,#1351,#1352,#1353,#1354,
#1355,#1356,#1357,#1358,#1359,#1360,#1361,#1362,#1363,#1364,#1365,#1366,
#1367,#1368,#1369,#1370,#1371,#1372,#1373,#1374,#1375,#1376,#1377,#1378,
#1379,#1380,#1381,#1382,#1383,#1384,#1385,#1386,#1387,#1388,#1389,#1390,
#1391,#1392,#1393,#1394,#1395,#1396,#1397,#1398,#1399,#1400,#1401,#1402,
#1403,#1404,#1405,#1406,#1407,#1408,#1409),(#1410,#1411,#1412,#1413,#1414,
#1415,#1416,#1417,#1418,#1419,#1420,#1421,#1422,#1423,#1424,#1425,#1426,
#1427,#1428,#1429,#1430,#1431,#1432,#1433,#1434,#1435,#1436,#1437,#1438,
#1439,#1440,#1441,#1442,#1443,#1444,#1445,#1446,#1447,#1448,#1449,#1450,
#1451,#1452,#1453,#1454,#1455,#1456,#1457,#1458,#1459,#1460,#1461,#1462,
#1463,#1464,#1465,#1466,#1467,#1468,#1469,#1470,#1471,#1472,#1473,#1474,
#1475),(#1476,#1477,#1478,#1479,#1480,#1481,#1482,#1483,#1484,#1485,#1486,
#1487,#1488,#1489,#1490,#1491,#1492,#1493,#1494,#1495,#1496,#1497,#1498,
#1499,#1500,#1501,#1502,#1503,#1504,#1505,#1506,#1507,#1508,#1509,#1510,
#1511,#1512,#1513,#1514,#1515,#1516,#1517,#1518,#1519,#1520,#1521,#1522,
#1523,#1524,#1525,#1526,#1527,#1528,#1529,#1530,#1531,#1532,#1533,#1534,
#1535,#1536,#1537,#1538,#1539,#1540,#1541),(#1542,#1543,#1544,#1545,#1546,
#1547,#1548,#1549,#1550,#1551,#1552,#1553,#1554,#1555,#1556,#1557,#1558,
#1559,#1560,#1561,#1562,#1563,#1564,#1565,#1566,#1567,#1568,#1569,#1570,
#1571,#1572,#1573,#1574,#1575,#1576,#1577,#1578,#1579,#1580,#1581,#1582,
#1583,#1584,#1585,#1586,#1587,#1588,#1589,#1590,#1591,#1592,#1593,#1594,
#1595,#1596,#1597,#1598,#1599,#1600,#1601,#1602,#1603,#1604,#1605,#1606,
#1607)),.UNSPECIFIED.,.F.,.F.,.F.,(4,1,1,1,4),(4,1,1,1,1,1,1,1,1,1,1,1,
1,1,1,1,1,1,1,1,1,1,1,1,1,1,1,1,1,1,1,1,1,1,1,1,1,1,1,1,1,1,1,1,1,1,1,1,
1,1,1,1,1,1,1,1,1,1,1,1,1,1,1,4),(0.,0.285714285714286,0.571428571428571,
0.857142857142857,1.),(-0.758843510102047,-0.740363430904552,-0.721883351707058,
-0.709563298908728,-0.703403272509563,-0.697243246110399,-0.684923193312069,
-0.682869851179014,-0.680816509045959,-0.676709824779849,-0.672603140513739,
-0.665673110814679,-0.664903107514784,-0.663363100914992,-0.66028308771541,
-0.654123061316245,-0.651043048116663,-0.64796303491708,-0.641803008517915,
-0.638722995318333,-0.635642982118751,-0.632562968919168,-0.631536297852641,
-0.629482955719586,-0.627429613586531,-0.626402942520004,-0.625376271453476,
-0.624349600386949,-0.623322929320421,-0.622809593787158,-0.622296258253894,
-0.62178292272063,-0.621269587187366,-0.620242916120839,-0.619216245054311,
-0.617162902921256,-0.614082889721674,-0.611002876522092,-0.6094628699223,
-0.607922863322509,-0.604842850122927,-0.604072846823031,-0.603302843523136,
-0.60253284022324,-0.602147838573292,-0.601762836923344,-0.600222830323553,
-0.599452827023658,-0.59906782537371,-0.598682823723762,-0.592522797324597,
-0.586362770925432,-0.58328275772585,-0.580202744526268,-0.574042718127103,
-0.561722665328773,-0.555562638929608,-0.549402612530444,-0.543242586131279,
-0.540162572931696,-0.537082559732114,-0.51860248053462,-0.509362440935873,
-0.500122401337125),.UNSPECIFIED.);
#16=(
BOUNDED_CURVE()
B_SPLINE_CURVE(5,(#1113,#1114,#1115,#1116,#1117,#1118,#1119,#1120,#1121,
#1122,#1123,#1124,#1125,#1126,#1127,#1128,#1129,#1130,#1131,#1132,#1133,
#1134,#1135,#1136,#1137,#1138,#1139,#1140,#1141,#1142,#1143,#1144,#1145),
 .UNSPECIFIED.,.F.,.F.)
B_SPLINE_CURVE_WITH_KNOTS((6,1,1,1,1,1,1,1,1,1,1,1,1,1,1,1,1,1,1,1,1,1,
1,1,1,1,1,1,6),(0.550152105424141,0.556521739130435,0.565217391304348,0.573913043478261,
0.582608695652174,0.591304347826087,0.6,0.608695652173913,0.617391304347826,
0.626086956521739,0.634782608695652,0.643478260869565,0.652173913043478,
0.660869565217391,0.669565217391304,0.678260869565217,0.68695652173913,
0.695652173913043,0.704347826086956,0.713043478260869,0.721739130434782,
0.730434782608695,0.739130434782608,0.747826086956521,0.756521739130434,
0.765217391304347,0.77391304347826,0.782608695652173,0.790481402260988),
 .UNSPECIFIED.)
CURVE()
GEOMETRIC_REPRESENTATION_ITEM()
RATIONAL_B_SPLINE_CURVE((1.,1.,1.,1.,1.,1.,1.,1.,1.,1.,1.,1.,1.,1.,1.,1.,
1.,1.,1.,1.,1.,1.,1.,1.,1.,1.,1.,1.,1.,1.,1.,1.,1.))
REPRESENTATION_ITEM('')
);
#17=(
BOUNDED_SURFACE()
B_SPLINE_SURFACE(5,1,((#799,#800),(#801,#802),(#803,#804),(#805,#806),(#807,
#808),(#809,#810),(#811,#812),(#813,#814),(#815,#816),(#817,#818),(#819,
#820),(#821,#822),(#823,#824),(#825,#826),(#827,#828),(#829,#830),(#831,
#832),(#833,#834),(#835,#836),(#837,#838),(#839,#840),(#841,#842),(#843,
#844),(#845,#846),(#847,#848),(#849,#850),(#851,#852),(#853,#854),(#855,
#856),(#857,#858),(#859,#860),(#861,#862),(#863,#864),(#865,#866),(#867,
#868),(#869,#870),(#871,#872),(#873,#874),(#875,#876),(#877,#878),(#879,
#880),(#881,#882),(#883,#884),(#885,#886),(#887,#888),(#889,#890),(#891,
#892),(#893,#894),(#895,#896),(#897,#898),(#899,#900),(#901,#902),(#903,
#904),(#905,#906),(#907,#908),(#909,#910),(#911,#912),(#913,#914),(#915,
#916),(#917,#918),(#919,#920),(#921,#922),(#923,#924),(#925,#926),(#927,
#928),(#929,#930),(#931,#932),(#933,#934),(#935,#936),(#937,#938),(#939,
#940),(#941,#942),(#943,#944),(#945,#946),(#947,#948),(#949,#950),(#951,
#952),(#953,#954),(#955,#956),(#957,#958),(#959,#960),(#961,#962),(#963,
#964),(#965,#966),(#967,#968),(#969,#970),(#971,#972),(#973,#974),(#975,
#976),(#977,#978),(#979,#980),(#981,#982),(#983,#984),(#985,#986),(#987,
#988),(#989,#990),(#991,#992),(#993,#994),(#995,#996),(#997,#998),(#999,
#1000),(#1001,#1002),(#1003,#1004),(#1005,#1006),(#1007,#1008),(#1009,#1010),
(#1011,#1012),(#1013,#1014),(#1015,#1016),(#1017,#1018),(#1019,#1020),(#1021,
#1022),(#1023,#1024),(#1025,#1026),(#1027,#1028),(#1029,#1030),(#1031,#1032),
(#1033,#1034),(#1035,#1036),(#1037,#1038)),.UNSPECIFIED.,.T.,.F.,.F.)
B_SPLINE_SURFACE_WITH_KNOTS((6,1,1,1,1,1,1,1,1,1,1,1,1,1,1,1,1,1,1,1,1,
1,1,1,1,1,1,1,1,1,1,1,1,1,1,1,1,1,1,1,1,1,1,1,1,1,1,1,1,1,1,1,1,1,1,1,1,
1,1,1,1,1,1,1,1,1,1,1,1,1,1,1,1,1,1,1,1,1,1,1,1,1,1,1,1,1,1,1,1,1,1,1,1,
1,1,1,1,1,1,1,1,1,1,1,1,1,1,1,1,1,1,1,1,1,1,6),(2,2),(-1.,-0.991304347826084,
-0.982608695652171,-0.973913043478258,-0.965217391304345,-0.956521739130432,
-0.947826086956519,-0.939130434782606,-0.930434782608693,-0.92173913043478,
-0.913043478260867,-0.904347826086954,-0.895652173913041,-0.886956521739128,
-0.878260869565215,-0.869565217391302,-0.860869565217389,-0.852173913043476,
-0.843478260869563,-0.83478260869565,-0.826086956521737,-0.817391304347824,
-0.808695652173911,-0.799999999999998,-0.791304347826085,-0.782608695652173,
-0.77391304347826,-0.765217391304347,-0.756521739130434,-0.747826086956521,
-0.739130434782608,-0.730434782608695,-0.721739130434782,-0.713043478260869,
-0.704347826086956,-0.695652173913043,-0.68695652173913,-0.678260869565217,
-0.669565217391304,-0.660869565217391,-0.652173913043478,-0.643478260869565,
-0.634782608695652,-0.626086956521739,-0.617391304347826,-0.608695652173913,
-0.6,-0.591304347826087,-0.582608695652174,-0.573913043478261,-0.565217391304348,
-0.556521739130435,-0.547826086956522,-0.539130434782609,-0.530434782608696,
-0.521739130434783,-0.51304347826087,-0.504347826086957,-0.495652173913044,
-0.486956521739131,-0.478260869565218,-0.469565217391305,-0.460869565217392,
-0.452173913043478,-0.443478260869565,-0.434782608695652,-0.426086956521739,
-0.417391304347826,-0.408695652173913,-0.4,-0.391304347826087,-0.382608695652174,
-0.373913043478261,-0.365217391304348,-0.356521739130435,-0.347826086956522,
-0.339130434782609,-0.330434782608696,-0.321739130434783,-0.31304347826087,
-0.304347826086957,-0.295652173913044,-0.286956521739131,-0.278260869565218,
-0.269565217391304,-0.260869565217391,-0.252173913043478,-0.243478260869565,
-0.234782608695652,-0.226086956521739,-0.217391304347826,-0.208695652173913,
-0.2,-0.191304347826087,-0.182608695652174,-0.173913043478261,-0.165217391304348,
-0.156521739130435,-0.147826086956522,-0.139130434782609,-0.130434782608696,
-0.121739130434783,-0.11304347826087,-0.104347826086957,-0.0956521739130435,
-0.0869565217391304,-0.0782608695652174,-0.0695652173913043,-0.0608695652173913,
-0.0521739130434783,-0.0434782608695652,-0.0347826086956522,-0.0260869565217391,
-0.0173913043478261,-0.00869565217391304,0.),(0.,7.),.UNSPECIFIED.)
GEOMETRIC_REPRESENTATION_ITEM()
RATIONAL_B_SPLINE_SURFACE(((1.,1.),(1.,1.),(1.,1.),(1.,1.),(1.,1.),(1.,
1.),(1.,1.),(1.,1.),(1.,1.),(1.,1.),(1.,1.),(1.,1.),(1.,1.),(1.,1.),(1.,
1.),(1.,1.),(1.,1.),(1.,1.),(1.,1.),(1.,1.),(1.,1.),(1.,1.),(1.,1.),(1.,
1.),(1.,1.),(1.,1.),(1.,1.),(1.,1.),(1.,1.),(1.,1.),(1.,1.),(1.,1.),(1.,
1.),(1.,1.),(1.,1.),(1.,1.),(1.,1.),(1.,1.),(1.,1.),(1.,1.),(1.,1.),(1.,
1.),(1.,1.),(1.,1.),(1.,1.),(1.,1.),(1.,1.),(1.,1.),(1.,1.),(1.,1.),(1.,
1.),(1.,1.),(1.,1.),(1.,1.),(1.,1.),(1.,1.),(1.,1.),(1.,1.),(1.,1.),(1.,
1.),(1.,1.),(1.,1.),(1.,1.),(1.,1.),(1.,1.),(1.,1.),(1.,1.),(1.,1.),(1.,
1.),(1.,1.),(1.,1.),(1.,1.),(1.,1.),(1.,1.),(1.,1.),(1.,1.),(1.,1.),(1.,
1.),(1.,1.),(1.,1.),(1.,1.),(1.,1.),(1.,1.),(1.,1.),(1.,1.),(1.,1.),(1.,
1.),(1.,1.),(1.,1.),(1.,1.),(1.,1.),(1.,1.),(1.,1.),(1.,1.),(1.,1.),(1.,
1.),(1.,1.),(1.,1.),(1.,1.),(1.,1.),(1.,1.),(1.,1.),(1.,1.),(1.,1.),(1.,
1.),(1.,1.),(1.,1.),(1.,1.),(1.,1.),(1.,1.),(1.,1.),(1.,1.),(1.,1.),(1.,
1.),(1.,1.),(1.,1.),(1.,1.),(1.,1.),(1.,1.),(1.,1.)))
REPRESENTATION_ITEM('')
SURFACE()
);
#18=B_SPLINE_CURVE_WITH_KNOTS('',3,(#781,#782,#783,#784,#785,#786,#787,
#788,#789,#790,#791,#792),.UNSPECIFIED.,.F.,.F.,(4,2,2,2,2,4),(-3.15081752069841,
-2.74838681615795,-2.34593725274573,-1.56450728534823,-0.782486242092053,
0.),.UNSPECIFIED.);
#19=B_SPLINE_CURVE_WITH_KNOTS('',3,(#793,#794,#795,#796,#797,#798),
 .UNSPECIFIED.,.F.,.F.,(4,2,4),(-5.00000000000001,-2.50000000000001,0.),
 .UNSPECIFIED.);
#20=B_SPLINE_CURVE_WITH_KNOTS('',3,(#1040,#1041,#1042,#1043,#1044,#1045,
#1046,#1047,#1048,#1049,#1050,#1051,#1052,#1053,#1054,#1055,#1056,#1057,
#1058,#1059,#1060,#1061,#1062,#1063,#1064,#1065,#1066,#1067,#1068,#1069,
#1070,#1071,#1072,#1073,#1074,#1075,#1076,#1077,#1078,#1079,#1080,#1081,
#1082,#1083,#1084,#1085,#1086,#1087,#1088,#1089,#1090,#1091,#1092,#1093,
#1094,#1095,#1096,#1097,#1098,#1099,#1100,#1101,#1102,#1103,#1104,#1105),
 .UNSPECIFIED.,.F.,.F.,(4,1,1,1,1,1,1,1,1,1,1,1,1,1,1,1,1,1,1,1,1,1,1,1,
1,1,1,1,1,1,1,1,1,1,1,1,1,1,1,1,1,1,1,1,1,1,1,1,1,1,1,1,1,1,1,1,1,1,1,1,
1,1,1,4),(-0.758843510102047,-0.740363430904552,-0.721883351707058,-0.709563298908728,
-0.703403272509563,-0.697243246110399,-0.684923193312069,-0.682869851179014,
-0.680816509045959,-0.676709824779849,-0.672603140513739,-0.665673110814679,
-0.664903107514784,-0.663363100914992,-0.66028308771541,-0.654123061316245,
-0.651043048116663,-0.64796303491708,-0.641803008517915,-0.638722995318333,
-0.635642982118751,-0.632562968919168,-0.631536297852641,-0.629482955719586,
-0.627429613586531,-0.626402942520004,-0.625376271453476,-0.624349600386949,
-0.623322929320421,-0.622809593787158,-0.622296258253894,-0.62178292272063,
-0.621269587187366,-0.620242916120839,-0.619216245054311,-0.617162902921256,
-0.614082889721674,-0.611002876522092,-0.6094628699223,-0.607922863322509,
-0.604842850122927,-0.604072846823031,-0.603302843523136,-0.60253284022324,
-0.602147838573292,-0.601762836923344,-0.600222830323553,-0.599452827023658,
-0.59906782537371,-0.598682823723762,-0.592522797324597,-0.586362770925432,
-0.58328275772585,-0.580202744526268,-0.574042718127103,-0.561722665328773,
-0.555562638929608,-0.549402612530444,-0.543242586131279,-0.540162572931696,
-0.537082559732114,-0.51860248053462,-0.509362440935873,-0.500122401337125),
 .UNSPECIFIED.);
#21=B_SPLINE_CURVE_WITH_KNOTS('',3,(#1107,#1108,#1109,#1110,#1111,#1112),
 .UNSPECIFIED.,.F.,.F.,(4,2,4),(-5.00000000000001,-2.50000000000001,0.),
 .UNSPECIFIED.);
#22=B_SPLINE_CURVE_WITH_KNOTS('',3,(#1609,#1610,#1611,#1612,#1613,#1614,
#1615,#1616,#1617,#1618,#1619,#1620,#1621,#1622,#1623,#1624,#1625,#1626,
#1627,#1628,#1629,#1630,#1631,#1632,#1633,#1634,#1635,#1636,#1637,#1638,
#1639,#1640,#1641,#1642,#1643,#1644,#1645,#1646,#1647,#1648,#1649,#1650,
#1651,#1652,#1653,#1654,#1655,#1656,#1657,#1658,#1659,#1660,#1661,#1662,
#1663,#1664,#1665,#1666,#1667,#1668,#1669,#1670,#1671,#1672,#1673,#1674,
#1675,#1676,#1677,#1678,#1679,#1680,#1681,#1682,#1683,#1684,#1685,#1686,
#1687,#1688,#1689,#1690,#1691,#1692,#1693,#1694,#1695,#1696,#1697,#1698,
#1699,#1700,#1701,#1702,#1703,#1704,#1705,#1706,#1707,#1708,#1709,#1710,
#1711,#1712,#1713,#1714,#1715,#1716,#1717,#1718,#1719,#1720,#1721,#1722,
#1723,#1724,#1725,#1726,#1727,#1728,#1729,#1730,#1731,#1732,#1733,#1734,
#1735,#1736,#1737,#1738,#1739,#1740,#1741,#1742,#1743,#1744,#1745,#1746,
#1747,#1748,#1749,#1750,#1751,#1752,#1753,#1754,#1755,#1756,#1757,#1758,
#1759,#1760,#1761,#1762,#1763,#1764,#1765,#1766,#1767,#1768,#1769,#1770,
#1771,#1772,#1773,#1774,#1775,#1776,#1777,#1778,#1779,#1780,#1781,#1782,
#1783,#1784,#1785,#1786,#1787,#1788,#1789,#1790,#1791,#1792,#1793,#1794,
#1795,#1796,#1797,#1798,#1799,#1800,#1801,#1802,#1803,#1804,#1805,#1806,
#1807,#1808,#1809,#1810,#1811,#1812,#1813,#1814,#1815,#1816,#1817,#1818,
#1819,#1820,#1821,#1822,#1823,#1824,#1825,#1826,#1827,#1828,#1829,#1830,
#1831,#1832,#1833,#1834,#1835,#1836,#1837,#1838,#1839,#1840),
 .UNSPECIFIED.,.F.,.F.,(4,3,3,3,3,3,3,3,3,3,3,3,3,3,3,3,3,3,3,3,3,3,3,3,
3,3,3,3,3,3,3,3,3,3,3,3,3,3,3,3,3,3,3,3,3,3,3,3,3,3,3,3,3,3,3,3,3,3,3,3,
3,3,3,3,3,3,3,3,3,3,3,3,3,3,3,3,3,4),(0.500594548078702,0.508845438840937,
0.509361834094867,0.518601400056827,0.526542661102053,0.533229267140556,
0.537082924593722,0.54016327833417,0.543243541884471,0.549403833430818,
0.555563869243496,0.561723719304187,0.569788226812036,0.574043141998792,
0.580202854522369,0.583282741678483,0.584872005944411,0.58636265716156,
0.592522521152574,0.598682453142812,0.59906745212156,0.599452451542584,
0.600222451753029,0.601762457938506,0.602147460746457,0.602532464079826,
0.603302472364396,0.604072482875367,0.604842495695889,0.607922571736628,
0.609462625776457,0.611002691383055,0.61358096621942,0.614082845111831,
0.616551286885993,0.617162637014717,0.618960216350588,0.619216006239201,
0.620234861311169,0.620242896885937,0.621269668695834,0.621782963898649,
0.622296256232313,0.622668714984502,0.622809585352841,0.623322919628302,
0.624349574357913,0.625264341885725,0.625376269266096,0.626402966781852,
0.627429624567843,0.629482880890394,0.63153615809049,0.631639528249588,
0.63256282826436,0.635642873164113,0.638722942090618,0.641803000468263,
0.647962947284324,0.648172939249014,0.651042843029861,0.654122783030614,
0.660282770689141,0.663362805209376,0.664902829768103,0.665672843512828,
0.672602992697552,0.676709749358325,0.680816488057905,0.682869845805504,
0.684923193222851,0.685024802239821,0.697243257846897,0.703403307785738,
0.709563372550859,0.721883555769281,0.740363999354264,0.747350238659759),
 .UNSPECIFIED.);
#23=B_SPLINE_CURVE_WITH_KNOTS('',3,(#1842,#1843,#1844,#1845,#1846,#1847,
#1848,#1849,#1850,#1851,#1852,#1853,#1854,#1855,#1856,#1857,#1858,#1859,
#1860,#1861,#1862,#1863,#1864,#1865,#1866,#1867,#1868,#1869,#1870,#1871,
#1872,#1873,#1874,#1875,#1876,#1877,#1878,#1879,#1880,#1881,#1882,#1883,
#1884,#1885,#1886,#1887,#1888,#1889,#1890,#1891,#1892,#1893,#1894,#1895,
#1896,#1897,#1898,#1899,#1900,#1901,#1902,#1903,#1904,#1905,#1906,#1907,
#1908,#1909,#1910,#1911,#1912,#1913,#1914,#1915,#1916,#1917,#1918,#1919,
#1920,#1921,#1922,#1923),.UNSPECIFIED.,.F.,.F.,(4,3,3,3,3,3,3,3,3,3,3,3,
3,3,3,3,3,3,3,3,3,3,3,3,3,3,3,4),(-1.46249362498927,-1.38455371030155,-1.32046767572548,
-1.24006085659496,-1.16285658325934,-1.14389750749649,-1.0763154297564,
-1.00936906323333,-0.946056768714497,-0.942422696710257,-0.882835032033672,
-0.823141482908954,-0.763447933784236,-0.745336837152813,-0.736852688066804,
-0.730382269696844,-0.724243568985396,-0.715657699374956,-0.69317580758167,
-0.63445256595966,-0.574446239004238,-0.513641179611537,-0.451572866017697,
-0.424000370949868,-0.355264100347761,-0.310232803498834,-0.230455694713204,
-0.198730041890277),.UNSPECIFIED.);
#24=B_SPLINE_CURVE_WITH_KNOTS('',3,(#1925,#1926,#1927,#1928,#1929,#1930,
#1931,#1932,#1933,#1934,#1935,#1936,#1937,#1938,#1939,#1940,#1941,#1942,
#1943,#1944,#1945,#1946,#1947,#1948,#1949,#1950,#1951,#1952,#1953,#1954,
#1955,#1956,#1957,#1958,#1959,#1960,#1961,#1962,#1963,#1964,#1965,#1966,
#1967,#1968,#1969,#1970,#1971,#1972,#1973,#1974,#1975,#1976,#1977,#1978,
#1979,#1980,#1981,#1982,#1983,#1984,#1985,#1986,#1987,#1988,#1989,#1990,
#1991,#1992,#1993,#1994),.UNSPECIFIED.,.F.,.F.,(4,3,3,3,3,3,3,3,3,3,3,3,
3,3,3,3,3,3,3,3,3,3,3,4),(-0.754898356429581,-0.712857057040529,-0.684260820467412,
-0.648620123739453,-0.624059710993249,-0.599074871438303,-0.583951789313218,
-0.579869511464745,-0.57742990486171,-0.575260003090387,-0.572534456056729,
-0.568298954751537,-0.548800276445571,-0.51391944532474,-0.477912135138513,
-0.459131060380224,-0.414758142742061,-0.383813795624253,-0.335471054178959,
-0.293709782638891,-0.287128312733665,-0.251040987294653,-0.215897320418177,
-0.206572408771365),.UNSPECIFIED.);
#25=B_SPLINE_CURVE_WITH_KNOTS('',3,(#1995,#1996,#1997,#1998,#1999,#2000,
#2001,#2002,#2003,#2004,#2005,#2006,#2007,#2008,#2009,#2010,#2011,#2012,
#2013,#2014,#2015,#2016,#2017,#2018,#2019,#2020,#2021,#2022,#2023,#2024,
#2025,#2026,#2027,#2028,#2029,#2030,#2031,#2032,#2033,#2034,#2035,#2036,
#2037,#2038,#2039,#2040,#2041,#2042,#2043,#2044,#2045,#2046,#2047,#2048,
#2049,#2050,#2051,#2052,#2053,#2054,#2055,#2056,#2057,#2058,#2059,#2060,
#2061,#2062,#2063,#2064,#2065,#2066,#2067,#2068,#2069,#2070,#2071,#2072,
#2073),.UNSPECIFIED.,.F.,.F.,(4,3,3,3,3,3,3,3,3,3,3,3,3,3,3,3,3,3,3,3,3,
3,3,3,3,3,4),(-2.8422554214352,-2.71553912267599,-2.70594959300766,-2.57944506280049,
-2.45256398332997,-2.32610788134494,-2.22464299961287,-2.09807122219653,
-1.97138922695005,-1.84541038288915,-1.80262658773736,-1.67604815469267,
-1.55728196327052,-1.4319347515966,-1.29908875488721,-1.17250802198104,
-1.04644936027984,-0.921827814646142,-0.900550764759035,-0.777607001646496,
-0.652760188236154,-0.526775011727327,-0.395081258795495,-0.268942347205054,
-0.143660235279091,-0.020165565493327,0.),.UNSPECIFIED.);
#26=CIRCLE('',#532,1.24999999999997);
#27=CIRCLE('',#533,1.24999999999997);
#28=CIRCLE('',#535,3.75);
#29=CIRCLE('',#536,3.75);
#30=CIRCLE('',#538,1.25);
#31=CIRCLE('',#539,1.25);
#32=CIRCLE('',#542,2.5);
#33=CIRCLE('',#543,2.5);
#34=CIRCLE('',#545,7.50000000000001);
#35=CIRCLE('',#546,7.50000000000001);
#36=CIRCLE('',#548,2.49999999999997);
#37=CIRCLE('',#549,2.49999999999997);
#38=CIRCLE('',#552,2.50000000000001);
#39=CIRCLE('',#553,7.50000000046752);
#40=CIRCLE('',#557,2.5);
#41=CIRCLE('',#560,7.50000000046752);
#42=CIRCLE('',#562,2.50000000000001);
#43=CIRCLE('',#565,1.25);
#44=CIRCLE('',#566,1.25);
#45=CIRCLE('',#568,3.74999999985444);
#46=CIRCLE('',#569,3.74999999985444);
#47=CIRCLE('',#571,1.24999999999999);
#48=CIRCLE('',#572,1.24999999999999);
#49=CYLINDRICAL_SURFACE('',#531,1.24999999999997);
#50=CYLINDRICAL_SURFACE('',#534,3.75);
#51=CYLINDRICAL_SURFACE('',#537,1.25);
#52=CYLINDRICAL_SURFACE('',#541,2.5);
#53=CYLINDRICAL_SURFACE('',#544,7.50000000000001);
#54=CYLINDRICAL_SURFACE('',#547,2.49999999999997);
#55=CYLINDRICAL_SURFACE('',#556,2.5);
#56=CYLINDRICAL_SURFACE('',#559,7.50000000046752);
#57=CYLINDRICAL_SURFACE('',#561,2.50000000000001);
#58=CYLINDRICAL_SURFACE('',#564,1.25);
#59=CYLINDRICAL_SURFACE('',#567,3.74999999985444);
#60=CYLINDRICAL_SURFACE('',#570,1.24999999999999);
#61=FACE_OUTER_BOUND('',#88,.T.);
#62=FACE_OUTER_BOUND('',#89,.T.);
#63=FACE_OUTER_BOUND('',#90,.T.);
#64=FACE_OUTER_BOUND('',#91,.T.);
#65=FACE_OUTER_BOUND('',#92,.T.);
#66=FACE_OUTER_BOUND('',#93,.T.);
#67=FACE_OUTER_BOUND('',#94,.T.);
#68=FACE_OUTER_BOUND('',#95,.T.);
#69=FACE_OUTER_BOUND('',#96,.T.);
#70=FACE_OUTER_BOUND('',#97,.T.);
#71=FACE_OUTER_BOUND('',#98,.T.);
#72=FACE_OUTER_BOUND('',#99,.T.);
#73=FACE_OUTER_BOUND('',#100,.T.);
#74=FACE_OUTER_BOUND('',#101,.T.);
#75=FACE_OUTER_BOUND('',#102,.T.);
#76=FACE_OUTER_BOUND('',#103,.T.);
#77=FACE_OUTER_BOUND('',#104,.T.);
#78=FACE_OUTER_BOUND('',#105,.T.);
#79=FACE_OUTER_BOUND('',#106,.T.);
#80=FACE_OUTER_BOUND('',#107,.T.);
#81=FACE_OUTER_BOUND('',#108,.T.);
#82=FACE_OUTER_BOUND('',#109,.T.);
#83=FACE_OUTER_BOUND('',#110,.T.);
#84=FACE_OUTER_BOUND('',#111,.T.);
#85=FACE_OUTER_BOUND('',#112,.T.);
#86=FACE_OUTER_BOUND('',#113,.T.);
#87=FACE_OUTER_BOUND('',#114,.T.);
#88=EDGE_LOOP('',(#326,#327,#328,#329));
#89=EDGE_LOOP('',(#330,#331,#332,#333));
#90=EDGE_LOOP('',(#334,#335,#336,#337));
#91=EDGE_LOOP('',(#338,#339,#340,#341));
#92=EDGE_LOOP('',(#342,#343,#344,#345,#346,#347));
#93=EDGE_LOOP('',(#348,#349,#350,#351));
#94=EDGE_LOOP('',(#352,#353,#354,#355));
#95=EDGE_LOOP('',(#356,#357,#358,#359));
#96=EDGE_LOOP('',(#360,#361,#362,#363,#364));
#97=EDGE_LOOP('',(#365,#366,#367,#368));
#98=EDGE_LOOP('',(#369,#370,#371,#372,#373,#374));
#99=EDGE_LOOP('',(#375,#376,#377,#378,#379,#380,#381,#382,#383,#384,#385));
#100=EDGE_LOOP('',(#386,#387,#388,#389));
#101=EDGE_LOOP('',(#390,#391,#392,#393));
#102=EDGE_LOOP('',(#394,#395,#396,#397));
#103=EDGE_LOOP('',(#398,#399,#400,#401));
#104=EDGE_LOOP('',(#402,#403,#404,#405,#406));
#105=EDGE_LOOP('',(#407,#408,#409,#410));
#106=EDGE_LOOP('',(#411,#412,#413,#414,#415,#416));
#107=EDGE_LOOP('',(#417,#418,#419,#420));
#108=EDGE_LOOP('',(#421,#422,#423,#424));
#109=EDGE_LOOP('',(#425,#426,#427,#428));
#110=EDGE_LOOP('',(#429,#430,#431,#432));
#111=EDGE_LOOP('',(#433,#434,#435,#436,#437,#438,#439,#440,#441,#442,#443,
#444,#445,#446));
#112=EDGE_LOOP('',(#447,#448,#449,#450));
#113=EDGE_LOOP('',(#451,#452,#453,#454));
#114=EDGE_LOOP('',(#455,#456,#457,#458,#459,#460,#461,#462,#463,#464,#465,
#466,#467,#468,#469,#470,#471,#472,#473,#474,#475));
#115=LINE('',#723,#158);
#116=LINE('',#725,#159);
#117=LINE('',#727,#160);
#118=LINE('',#728,#161);
#119=LINE('',#734,#162);
#120=LINE('',#740,#163);
#121=LINE('',#746,#164);
#122=LINE('',#749,#165);
#123=LINE('',#751,#166);
#124=LINE('',#753,#167);
#125=LINE('',#755,#168);
#126=LINE('',#756,#169);
#127=LINE('',#762,#170);
#128=LINE('',#768,#171);
#129=LINE('',#774,#172);
#130=LINE('',#777,#173);
#131=LINE('',#779,#174);
#132=LINE('',#2076,#175);
#133=LINE('',#2078,#176);
#134=LINE('',#2080,#177);
#135=LINE('',#2086,#178);
#136=LINE('',#2087,#179);
#137=LINE('',#2090,#180);
#138=LINE('',#2091,#181);
#139=LINE('',#2095,#182);
#140=LINE('',#2099,#183);
#141=LINE('',#2101,#184);
#142=LINE('',#2103,#185);
#143=LINE('',#2104,#186);
#144=LINE('',#2107,#187);
#145=LINE('',#2111,#188);
#146=LINE('',#2116,#189);
#147=LINE('',#2118,#190);
#148=LINE('',#2119,#191);
#149=LINE('',#2120,#192);
#150=LINE('',#2125,#193);
#151=LINE('',#2131,#194);
#152=LINE('',#2137,#195);
#153=LINE('',#2140,#196);
#154=LINE('',#2141,#197);
#155=LINE('',#2144,#198);
#156=LINE('',#2145,#199);
#157=LINE('',#2147,#200);
#158=VECTOR('',#582,10.);
#159=VECTOR('',#583,10.);
#160=VECTOR('',#584,10.);
#161=VECTOR('',#585,10.);
#162=VECTOR('',#592,10.);
#163=VECTOR('',#599,10.);
#164=VECTOR('',#606,10.);
#165=VECTOR('',#609,10.);
#166=VECTOR('',#610,10.);
#167=VECTOR('',#611,10.);
#168=VECTOR('',#612,10.);
#169=VECTOR('',#613,10.);
#170=VECTOR('',#620,10.);
#171=VECTOR('',#627,10.);
#172=VECTOR('',#634,10.);
#173=VECTOR('',#637,10.);
#174=VECTOR('',#638,10.);
#175=VECTOR('',#641,10.);
#176=VECTOR('',#642,10.);
#177=VECTOR('',#643,10.);
#178=VECTOR('',#650,10.);
#179=VECTOR('',#651,10.);
#180=VECTOR('',#654,10.);
#181=VECTOR('',#655,10.);
#182=VECTOR('',#660,10.);
#183=VECTOR('',#663,10.);
#184=VECTOR('',#664,10.);
#185=VECTOR('',#665,10.);
#186=VECTOR('',#666,10.);
#187=VECTOR('',#669,10.);
#188=VECTOR('',#674,10.);
#189=VECTOR('',#679,10.);
#190=VECTOR('',#680,10.);
#191=VECTOR('',#681,10.);
#192=VECTOR('',#682,10.);
#193=VECTOR('',#687,10.);
#194=VECTOR('',#694,10.);
#195=VECTOR('',#705,10.);
#196=VECTOR('',#708,10.);
#197=VECTOR('',#709,10.);
#198=VECTOR('',#712,10.);
#199=VECTOR('',#713,10.);
#200=VECTOR('',#716,10.);
#201=VERTEX_POINT('',#721);
#202=VERTEX_POINT('',#722);
#203=VERTEX_POINT('',#724);
#204=VERTEX_POINT('',#726);
#205=VERTEX_POINT('',#730);
#206=VERTEX_POINT('',#732);
#207=VERTEX_POINT('',#736);
#208=VERTEX_POINT('',#738);
#209=VERTEX_POINT('',#742);
#210=VERTEX_POINT('',#744);
#211=VERTEX_POINT('',#748);
#212=VERTEX_POINT('',#750);
#213=VERTEX_POINT('',#752);
#214=VERTEX_POINT('',#754);
#215=VERTEX_POINT('',#758);
#216=VERTEX_POINT('',#760);
#217=VERTEX_POINT('',#764);
#218=VERTEX_POINT('',#766);
#219=VERTEX_POINT('',#770);
#220=VERTEX_POINT('',#772);
#221=VERTEX_POINT('',#776);
#222=VERTEX_POINT('',#778);
#223=VERTEX_POINT('',#780);
#224=VERTEX_POINT('',#1039);
#225=VERTEX_POINT('',#1106);
#226=VERTEX_POINT('',#1608);
#227=VERTEX_POINT('',#1841);
#228=VERTEX_POINT('',#1924);
#229=VERTEX_POINT('',#2075);
#230=VERTEX_POINT('',#2077);
#231=VERTEX_POINT('',#2079);
#232=VERTEX_POINT('',#2081);
#233=VERTEX_POINT('',#2085);
#234=VERTEX_POINT('',#2089);
#235=VERTEX_POINT('',#2093);
#236=VERTEX_POINT('',#2097);
#237=VERTEX_POINT('',#2098);
#238=VERTEX_POINT('',#2100);
#239=VERTEX_POINT('',#2102);
#240=VERTEX_POINT('',#2106);
#241=VERTEX_POINT('',#2110);
#242=VERTEX_POINT('',#2114);
#243=VERTEX_POINT('',#2115);
#244=VERTEX_POINT('',#2117);
#245=VERTEX_POINT('',#2122);
#246=VERTEX_POINT('',#2124);
#247=VERTEX_POINT('',#2128);
#248=VERTEX_POINT('',#2130);
#249=VERTEX_POINT('',#2139);
#250=VERTEX_POINT('',#2143);
#251=EDGE_CURVE('',#201,#202,#115,.T.);
#252=EDGE_CURVE('',#203,#201,#116,.T.);
#253=EDGE_CURVE('',#204,#203,#117,.T.);
#254=EDGE_CURVE('',#204,#202,#118,.T.);
#255=EDGE_CURVE('',#202,#205,#26,.T.);
#256=EDGE_CURVE('',#206,#204,#27,.T.);
#257=EDGE_CURVE('',#206,#205,#119,.T.);
#258=EDGE_CURVE('',#205,#207,#28,.T.);
#259=EDGE_CURVE('',#208,#206,#29,.T.);
#260=EDGE_CURVE('',#208,#207,#120,.T.);
#261=EDGE_CURVE('',#207,#209,#30,.T.);
#262=EDGE_CURVE('',#210,#208,#31,.T.);
#263=EDGE_CURVE('',#210,#209,#121,.T.);
#264=EDGE_CURVE('',#209,#211,#122,.T.);
#265=EDGE_CURVE('',#212,#210,#123,.T.);
#266=EDGE_CURVE('',#213,#212,#124,.T.);
#267=EDGE_CURVE('',#214,#213,#125,.T.);
#268=EDGE_CURVE('',#214,#211,#126,.T.);
#269=EDGE_CURVE('',#211,#215,#32,.T.);
#270=EDGE_CURVE('',#216,#214,#33,.T.);
#271=EDGE_CURVE('',#216,#215,#127,.T.);
#272=EDGE_CURVE('',#215,#217,#34,.T.);
#273=EDGE_CURVE('',#218,#216,#35,.T.);
#274=EDGE_CURVE('',#218,#217,#128,.T.);
#275=EDGE_CURVE('',#217,#219,#36,.T.);
#276=EDGE_CURVE('',#220,#218,#37,.T.);
#277=EDGE_CURVE('',#220,#219,#129,.T.);
#278=EDGE_CURVE('',#219,#221,#130,.T.);
#279=EDGE_CURVE('',#222,#220,#131,.T.);
#280=EDGE_CURVE('',#223,#222,#18,.T.);
#281=EDGE_CURVE('',#221,#223,#19,.T.);
#282=EDGE_CURVE('',#224,#223,#20,.T.);
#283=EDGE_CURVE('',#224,#225,#21,.T.);
#284=EDGE_CURVE('',#221,#225,#16,.T.);
#285=EDGE_CURVE('',#222,#226,#22,.T.);
#286=EDGE_CURVE('',#226,#227,#23,.T.);
#287=EDGE_CURVE('',#227,#228,#24,.T.);
#288=EDGE_CURVE('',#228,#224,#25,.T.);
#289=EDGE_CURVE('',#213,#229,#132,.T.);
#290=EDGE_CURVE('',#229,#230,#133,.T.);
#291=EDGE_CURVE('',#230,#231,#134,.T.);
#292=EDGE_CURVE('',#231,#232,#38,.T.);
#293=EDGE_CURVE('',#232,#226,#39,.T.);
#294=EDGE_CURVE('',#212,#233,#135,.T.);
#295=EDGE_CURVE('',#233,#229,#136,.T.);
#296=EDGE_CURVE('',#225,#234,#137,.T.);
#297=EDGE_CURVE('',#228,#234,#138,.T.);
#298=EDGE_CURVE('',#234,#235,#40,.T.);
#299=EDGE_CURVE('',#227,#235,#139,.T.);
#300=EDGE_CURVE('',#236,#237,#140,.T.);
#301=EDGE_CURVE('',#238,#236,#141,.T.);
#302=EDGE_CURVE('',#239,#238,#142,.T.);
#303=EDGE_CURVE('',#237,#239,#143,.T.);
#304=EDGE_CURVE('',#232,#240,#144,.T.);
#305=EDGE_CURVE('',#235,#240,#41,.T.);
#306=EDGE_CURVE('',#231,#241,#145,.T.);
#307=EDGE_CURVE('',#240,#241,#42,.T.);
#308=EDGE_CURVE('',#242,#243,#146,.T.);
#309=EDGE_CURVE('',#242,#244,#147,.T.);
#310=EDGE_CURVE('',#241,#244,#148,.T.);
#311=EDGE_CURVE('',#243,#230,#149,.T.);
#312=EDGE_CURVE('',#245,#242,#43,.T.);
#313=EDGE_CURVE('',#245,#246,#150,.T.);
#314=EDGE_CURVE('',#244,#246,#44,.T.);
#315=EDGE_CURVE('',#247,#245,#45,.T.);
#316=EDGE_CURVE('',#247,#248,#151,.T.);
#317=EDGE_CURVE('',#246,#248,#46,.T.);
#318=EDGE_CURVE('',#237,#247,#47,.T.);
#319=EDGE_CURVE('',#248,#239,#48,.T.);
#320=EDGE_CURVE('',#233,#243,#152,.T.);
#321=EDGE_CURVE('',#203,#249,#153,.T.);
#322=EDGE_CURVE('',#249,#236,#154,.T.);
#323=EDGE_CURVE('',#250,#249,#155,.T.);
#324=EDGE_CURVE('',#250,#238,#156,.T.);
#325=EDGE_CURVE('',#201,#250,#157,.T.);
#326=ORIENTED_EDGE('',*,*,#251,.F.);
#327=ORIENTED_EDGE('',*,*,#252,.F.);
#328=ORIENTED_EDGE('',*,*,#253,.F.);
#329=ORIENTED_EDGE('',*,*,#254,.T.);
#330=ORIENTED_EDGE('',*,*,#255,.F.);
#331=ORIENTED_EDGE('',*,*,#254,.F.);
#332=ORIENTED_EDGE('',*,*,#256,.F.);
#333=ORIENTED_EDGE('',*,*,#257,.T.);
#334=ORIENTED_EDGE('',*,*,#258,.F.);
#335=ORIENTED_EDGE('',*,*,#257,.F.);
#336=ORIENTED_EDGE('',*,*,#259,.F.);
#337=ORIENTED_EDGE('',*,*,#260,.T.);
#338=ORIENTED_EDGE('',*,*,#261,.F.);
#339=ORIENTED_EDGE('',*,*,#260,.F.);
#340=ORIENTED_EDGE('',*,*,#262,.F.);
#341=ORIENTED_EDGE('',*,*,#263,.T.);
#342=ORIENTED_EDGE('',*,*,#264,.F.);
#343=ORIENTED_EDGE('',*,*,#263,.F.);
#344=ORIENTED_EDGE('',*,*,#265,.F.);
#345=ORIENTED_EDGE('',*,*,#266,.F.);
#346=ORIENTED_EDGE('',*,*,#267,.F.);
#347=ORIENTED_EDGE('',*,*,#268,.T.);
#348=ORIENTED_EDGE('',*,*,#269,.F.);
#349=ORIENTED_EDGE('',*,*,#268,.F.);
#350=ORIENTED_EDGE('',*,*,#270,.F.);
#351=ORIENTED_EDGE('',*,*,#271,.T.);
#352=ORIENTED_EDGE('',*,*,#272,.F.);
#353=ORIENTED_EDGE('',*,*,#271,.F.);
#354=ORIENTED_EDGE('',*,*,#273,.F.);
#355=ORIENTED_EDGE('',*,*,#274,.T.);
#356=ORIENTED_EDGE('',*,*,#275,.F.);
#357=ORIENTED_EDGE('',*,*,#274,.F.);
#358=ORIENTED_EDGE('',*,*,#276,.F.);
#359=ORIENTED_EDGE('',*,*,#277,.T.);
#360=ORIENTED_EDGE('',*,*,#278,.F.);
#361=ORIENTED_EDGE('',*,*,#277,.F.);
#362=ORIENTED_EDGE('',*,*,#279,.F.);
#363=ORIENTED_EDGE('',*,*,#280,.F.);
#364=ORIENTED_EDGE('',*,*,#281,.F.);
#365=ORIENTED_EDGE('',*,*,#281,.T.);
#366=ORIENTED_EDGE('',*,*,#282,.F.);
#367=ORIENTED_EDGE('',*,*,#283,.T.);
#368=ORIENTED_EDGE('',*,*,#284,.F.);
#369=ORIENTED_EDGE('',*,*,#280,.T.);
#370=ORIENTED_EDGE('',*,*,#285,.T.);
#371=ORIENTED_EDGE('',*,*,#286,.T.);
#372=ORIENTED_EDGE('',*,*,#287,.T.);
#373=ORIENTED_EDGE('',*,*,#288,.T.);
#374=ORIENTED_EDGE('',*,*,#282,.T.);
#375=ORIENTED_EDGE('',*,*,#279,.T.);
#376=ORIENTED_EDGE('',*,*,#276,.T.);
#377=ORIENTED_EDGE('',*,*,#273,.T.);
#378=ORIENTED_EDGE('',*,*,#270,.T.);
#379=ORIENTED_EDGE('',*,*,#267,.T.);
#380=ORIENTED_EDGE('',*,*,#289,.T.);
#381=ORIENTED_EDGE('',*,*,#290,.T.);
#382=ORIENTED_EDGE('',*,*,#291,.T.);
#383=ORIENTED_EDGE('',*,*,#292,.T.);
#384=ORIENTED_EDGE('',*,*,#293,.T.);
#385=ORIENTED_EDGE('',*,*,#285,.F.);
#386=ORIENTED_EDGE('',*,*,#266,.T.);
#387=ORIENTED_EDGE('',*,*,#294,.T.);
#388=ORIENTED_EDGE('',*,*,#295,.T.);
#389=ORIENTED_EDGE('',*,*,#289,.F.);
#390=ORIENTED_EDGE('',*,*,#296,.F.);
#391=ORIENTED_EDGE('',*,*,#283,.F.);
#392=ORIENTED_EDGE('',*,*,#288,.F.);
#393=ORIENTED_EDGE('',*,*,#297,.T.);
#394=ORIENTED_EDGE('',*,*,#298,.F.);
#395=ORIENTED_EDGE('',*,*,#297,.F.);
#396=ORIENTED_EDGE('',*,*,#287,.F.);
#397=ORIENTED_EDGE('',*,*,#299,.T.);
#398=ORIENTED_EDGE('',*,*,#300,.F.);
#399=ORIENTED_EDGE('',*,*,#301,.F.);
#400=ORIENTED_EDGE('',*,*,#302,.F.);
#401=ORIENTED_EDGE('',*,*,#303,.F.);
#402=ORIENTED_EDGE('',*,*,#293,.F.);
#403=ORIENTED_EDGE('',*,*,#304,.T.);
#404=ORIENTED_EDGE('',*,*,#305,.F.);
#405=ORIENTED_EDGE('',*,*,#299,.F.);
#406=ORIENTED_EDGE('',*,*,#286,.F.);
#407=ORIENTED_EDGE('',*,*,#292,.F.);
#408=ORIENTED_EDGE('',*,*,#306,.T.);
#409=ORIENTED_EDGE('',*,*,#307,.F.);
#410=ORIENTED_EDGE('',*,*,#304,.F.);
#411=ORIENTED_EDGE('',*,*,#308,.F.);
#412=ORIENTED_EDGE('',*,*,#309,.T.);
#413=ORIENTED_EDGE('',*,*,#310,.F.);
#414=ORIENTED_EDGE('',*,*,#306,.F.);
#415=ORIENTED_EDGE('',*,*,#291,.F.);
#416=ORIENTED_EDGE('',*,*,#311,.F.);
#417=ORIENTED_EDGE('',*,*,#312,.F.);
#418=ORIENTED_EDGE('',*,*,#313,.T.);
#419=ORIENTED_EDGE('',*,*,#314,.F.);
#420=ORIENTED_EDGE('',*,*,#309,.F.);
#421=ORIENTED_EDGE('',*,*,#315,.F.);
#422=ORIENTED_EDGE('',*,*,#316,.T.);
#423=ORIENTED_EDGE('',*,*,#317,.F.);
#424=ORIENTED_EDGE('',*,*,#313,.F.);
#425=ORIENTED_EDGE('',*,*,#318,.F.);
#426=ORIENTED_EDGE('',*,*,#303,.T.);
#427=ORIENTED_EDGE('',*,*,#319,.F.);
#428=ORIENTED_EDGE('',*,*,#316,.F.);
#429=ORIENTED_EDGE('',*,*,#311,.T.);
#430=ORIENTED_EDGE('',*,*,#290,.F.);
#431=ORIENTED_EDGE('',*,*,#295,.F.);
#432=ORIENTED_EDGE('',*,*,#320,.T.);
#433=ORIENTED_EDGE('',*,*,#253,.T.);
#434=ORIENTED_EDGE('',*,*,#321,.T.);
#435=ORIENTED_EDGE('',*,*,#322,.T.);
#436=ORIENTED_EDGE('',*,*,#300,.T.);
#437=ORIENTED_EDGE('',*,*,#318,.T.);
#438=ORIENTED_EDGE('',*,*,#315,.T.);
#439=ORIENTED_EDGE('',*,*,#312,.T.);
#440=ORIENTED_EDGE('',*,*,#308,.T.);
#441=ORIENTED_EDGE('',*,*,#320,.F.);
#442=ORIENTED_EDGE('',*,*,#294,.F.);
#443=ORIENTED_EDGE('',*,*,#265,.T.);
#444=ORIENTED_EDGE('',*,*,#262,.T.);
#445=ORIENTED_EDGE('',*,*,#259,.T.);
#446=ORIENTED_EDGE('',*,*,#256,.T.);
#447=ORIENTED_EDGE('',*,*,#301,.T.);
#448=ORIENTED_EDGE('',*,*,#322,.F.);
#449=ORIENTED_EDGE('',*,*,#323,.F.);
#450=ORIENTED_EDGE('',*,*,#324,.T.);
#451=ORIENTED_EDGE('',*,*,#252,.T.);
#452=ORIENTED_EDGE('',*,*,#325,.T.);
#453=ORIENTED_EDGE('',*,*,#323,.T.);
#454=ORIENTED_EDGE('',*,*,#321,.F.);
#455=ORIENTED_EDGE('',*,*,#278,.T.);
#456=ORIENTED_EDGE('',*,*,#284,.T.);
#457=ORIENTED_EDGE('',*,*,#296,.T.);
#458=ORIENTED_EDGE('',*,*,#298,.T.);
#459=ORIENTED_EDGE('',*,*,#305,.T.);
#460=ORIENTED_EDGE('',*,*,#307,.T.);
#461=ORIENTED_EDGE('',*,*,#310,.T.);
#462=ORIENTED_EDGE('',*,*,#314,.T.);
#463=ORIENTED_EDGE('',*,*,#317,.T.);
#464=ORIENTED_EDGE('',*,*,#319,.T.);
#465=ORIENTED_EDGE('',*,*,#302,.T.);
#466=ORIENTED_EDGE('',*,*,#324,.F.);
#467=ORIENTED_EDGE('',*,*,#325,.F.);
#468=ORIENTED_EDGE('',*,*,#251,.T.);
#469=ORIENTED_EDGE('',*,*,#255,.T.);
#470=ORIENTED_EDGE('',*,*,#258,.T.);
#471=ORIENTED_EDGE('',*,*,#261,.T.);
#472=ORIENTED_EDGE('',*,*,#264,.T.);
#473=ORIENTED_EDGE('',*,*,#269,.T.);
#474=ORIENTED_EDGE('',*,*,#272,.T.);
#475=ORIENTED_EDGE('',*,*,#275,.T.);
#476=PLANE('',#530);
#477=PLANE('',#540);
#478=PLANE('',#550);
#479=PLANE('',#551);
#480=PLANE('',#554);
#481=PLANE('',#555);
#482=PLANE('',#558);
#483=PLANE('',#563);
#484=PLANE('',#573);
#485=PLANE('',#574);
#486=PLANE('',#575);
#487=PLANE('',#576);
#488=PLANE('',#577);
#489=ADVANCED_FACE('',(#61),#476,.F.);
#490=ADVANCED_FACE('',(#62),#49,.T.);
#491=ADVANCED_FACE('',(#63),#50,.F.);
#492=ADVANCED_FACE('',(#64),#51,.T.);
#493=ADVANCED_FACE('',(#65),#477,.F.);
#494=ADVANCED_FACE('',(#66),#52,.F.);
#495=ADVANCED_FACE('',(#67),#53,.T.);
#496=ADVANCED_FACE('',(#68),#54,.F.);
#497=ADVANCED_FACE('',(#69),#478,.F.);
#498=ADVANCED_FACE('',(#70),#17,.T.);
#499=ADVANCED_FACE('',(#71),#15,.F.);
#500=ADVANCED_FACE('',(#72),#479,.T.);
#501=ADVANCED_FACE('',(#73),#480,.T.);
#502=ADVANCED_FACE('',(#74),#481,.F.);
#503=ADVANCED_FACE('',(#75),#55,.T.);
#504=ADVANCED_FACE('',(#76),#482,.F.);
#505=ADVANCED_FACE('',(#77),#56,.F.);
#506=ADVANCED_FACE('',(#78),#57,.T.);
#507=ADVANCED_FACE('',(#79),#483,.F.);
#508=ADVANCED_FACE('',(#80),#58,.F.);
#509=ADVANCED_FACE('',(#81),#59,.T.);
#510=ADVANCED_FACE('',(#82),#60,.F.);
#511=ADVANCED_FACE('',(#83),#484,.T.);
#512=ADVANCED_FACE('',(#84),#485,.T.);
#513=ADVANCED_FACE('',(#85),#486,.T.);
#514=ADVANCED_FACE('',(#86),#487,.T.);
#515=ADVANCED_FACE('',(#87),#488,.F.);
#516=CLOSED_SHELL('',(#489,#490,#491,#492,#493,#494,#495,#496,#497,#498,
#499,#500,#501,#502,#503,#504,#505,#506,#507,#508,#509,#510,#511,#512,#513,
#514,#515));
#517=DERIVED_UNIT_ELEMENT(#519,1.);
#518=DERIVED_UNIT_ELEMENT(#2154,-3.);
#519=(
MASS_UNIT()
NAMED_UNIT(*)
SI_UNIT(.KILO.,.GRAM.)
);
#520=DERIVED_UNIT((#517,#518));
#521=MEASURE_REPRESENTATION_ITEM('density measure',
POSITIVE_RATIO_MEASURE(7850.),#520);
#522=PROPERTY_DEFINITION_REPRESENTATION(#527,#524);
#523=PROPERTY_DEFINITION_REPRESENTATION(#528,#525);
#524=REPRESENTATION('material name',(#526),#2151);
#525=REPRESENTATION('density',(#521),#2151);
#526=DESCRIPTIVE_REPRESENTATION_ITEM('Steel','Steel');
#527=PROPERTY_DEFINITION('material property','material name',#2161);
#528=PROPERTY_DEFINITION('material property','density of part',#2161);
#529=AXIS2_PLACEMENT_3D('',#719,#578,#579);
#530=AXIS2_PLACEMENT_3D('',#720,#580,#581);
#531=AXIS2_PLACEMENT_3D('',#729,#586,#587);
#532=AXIS2_PLACEMENT_3D('',#731,#588,#589);
#533=AXIS2_PLACEMENT_3D('',#733,#590,#591);
#534=AXIS2_PLACEMENT_3D('',#735,#593,#594);
#535=AXIS2_PLACEMENT_3D('',#737,#595,#596);
#536=AXIS2_PLACEMENT_3D('',#739,#597,#598);
#537=AXIS2_PLACEMENT_3D('',#741,#600,#601);
#538=AXIS2_PLACEMENT_3D('',#743,#602,#603);
#539=AXIS2_PLACEMENT_3D('',#745,#604,#605);
#540=AXIS2_PLACEMENT_3D('',#747,#607,#608);
#541=AXIS2_PLACEMENT_3D('',#757,#614,#615);
#542=AXIS2_PLACEMENT_3D('',#759,#616,#617);
#543=AXIS2_PLACEMENT_3D('',#761,#618,#619);
#544=AXIS2_PLACEMENT_3D('',#763,#621,#622);
#545=AXIS2_PLACEMENT_3D('',#765,#623,#624);
#546=AXIS2_PLACEMENT_3D('',#767,#625,#626);
#547=AXIS2_PLACEMENT_3D('',#769,#628,#629);
#548=AXIS2_PLACEMENT_3D('',#771,#630,#631);
#549=AXIS2_PLACEMENT_3D('',#773,#632,#633);
#550=AXIS2_PLACEMENT_3D('',#775,#635,#636);
#551=AXIS2_PLACEMENT_3D('',#2074,#639,#640);
#552=AXIS2_PLACEMENT_3D('',#2082,#644,#645);
#553=AXIS2_PLACEMENT_3D('',#2083,#646,#647);
#554=AXIS2_PLACEMENT_3D('',#2084,#648,#649);
#555=AXIS2_PLACEMENT_3D('',#2088,#652,#653);
#556=AXIS2_PLACEMENT_3D('',#2092,#656,#657);
#557=AXIS2_PLACEMENT_3D('',#2094,#658,#659);
#558=AXIS2_PLACEMENT_3D('',#2096,#661,#662);
#559=AXIS2_PLACEMENT_3D('',#2105,#667,#668);
#560=AXIS2_PLACEMENT_3D('',#2108,#670,#671);
#561=AXIS2_PLACEMENT_3D('',#2109,#672,#673);
#562=AXIS2_PLACEMENT_3D('',#2112,#675,#676);
#563=AXIS2_PLACEMENT_3D('',#2113,#677,#678);
#564=AXIS2_PLACEMENT_3D('',#2121,#683,#684);
#565=AXIS2_PLACEMENT_3D('',#2123,#685,#686);
#566=AXIS2_PLACEMENT_3D('',#2126,#688,#689);
#567=AXIS2_PLACEMENT_3D('',#2127,#690,#691);
#568=AXIS2_PLACEMENT_3D('',#2129,#692,#693);
#569=AXIS2_PLACEMENT_3D('',#2132,#695,#696);
#570=AXIS2_PLACEMENT_3D('',#2133,#697,#698);
#571=AXIS2_PLACEMENT_3D('',#2134,#699,#700);
#572=AXIS2_PLACEMENT_3D('',#2135,#701,#702);
#573=AXIS2_PLACEMENT_3D('',#2136,#703,#704);
#574=AXIS2_PLACEMENT_3D('',#2138,#706,#707);
#575=AXIS2_PLACEMENT_3D('',#2142,#710,#711);
#576=AXIS2_PLACEMENT_3D('',#2146,#714,#715);
#577=AXIS2_PLACEMENT_3D('',#2148,#717,#718);
#578=DIRECTION('axis',(0.,0.,1.));
#579=DIRECTION('refdir',(1.,0.,0.));
#580=DIRECTION('center_axis',(6.1013511154353E-17,-1.,0.));
#581=DIRECTION('ref_axis',(1.,6.1013511154353E-17,0.));
#582=DIRECTION('',(1.,6.1013511154353E-17,0.));
#583=DIRECTION('',(0.,0.,-1.));
#584=DIRECTION('',(-1.,-6.1013511154353E-17,0.));
#585=DIRECTION('',(0.,0.,-1.));
#586=DIRECTION('center_axis',(0.,0.,1.));
#587=DIRECTION('ref_axis',(0.818153408597672,-0.57500000000001,0.));
#588=DIRECTION('center_axis',(0.,0.,-1.));
#589=DIRECTION('ref_axis',(0.818153408597672,-0.57500000000001,0.));
#590=DIRECTION('center_axis',(0.,0.,1.));
#591=DIRECTION('ref_axis',(0.818153408597672,-0.57500000000001,0.));
#592=DIRECTION('',(0.,0.,-1.));
#593=DIRECTION('center_axis',(0.,0.,1.));
#594=DIRECTION('ref_axis',(-4.8849813083507E-15,-1.,0.));
#595=DIRECTION('center_axis',(0.,0.,1.));
#596=DIRECTION('ref_axis',(-0.818153408597672,0.575000000000009,0.));
#597=DIRECTION('center_axis',(0.,0.,-1.));
#598=DIRECTION('ref_axis',(-0.818153408597672,0.575000000000009,0.));
#599=DIRECTION('',(0.,0.,-1.));
#600=DIRECTION('center_axis',(0.,0.,1.));
#601=DIRECTION('ref_axis',(0.,1.,0.));
#602=DIRECTION('center_axis',(0.,0.,-1.));
#603=DIRECTION('ref_axis',(0.,1.,0.));
#604=DIRECTION('center_axis',(0.,0.,1.));
#605=DIRECTION('ref_axis',(0.,1.,0.));
#606=DIRECTION('',(0.,0.,-1.));
#607=DIRECTION('center_axis',(7.09541030775473E-17,-1.,0.));
#608=DIRECTION('ref_axis',(1.,7.09541030775473E-17,0.));
#609=DIRECTION('',(1.,7.09541030775473E-17,0.));
#610=DIRECTION('',(-1.,-7.09541030775473E-17,0.));
#611=DIRECTION('',(0.,0.,-1.));
#612=DIRECTION('',(-1.,-7.09541030775473E-17,0.));
#613=DIRECTION('',(0.,0.,-1.));
#614=DIRECTION('center_axis',(0.,0.,1.));
#615=DIRECTION('ref_axis',(0.,-1.,0.));
#616=DIRECTION('center_axis',(0.,0.,1.));
#617=DIRECTION('ref_axis',(0.,-1.,0.));
#618=DIRECTION('center_axis',(0.,0.,-1.));
#619=DIRECTION('ref_axis',(0.,-1.,0.));
#620=DIRECTION('',(0.,0.,-1.));
#621=DIRECTION('center_axis',(0.,0.,1.));
#622=DIRECTION('ref_axis',(3.99680288865056E-15,1.,0.));
#623=DIRECTION('center_axis',(0.,0.,-1.));
#624=DIRECTION('ref_axis',(0.818153408597675,-0.575000000000005,0.));
#625=DIRECTION('center_axis',(0.,0.,1.));
#626=DIRECTION('ref_axis',(0.818153408597675,-0.575000000000005,0.));
#627=DIRECTION('',(0.,0.,-1.));
#628=DIRECTION('center_axis',(0.,0.,1.));
#629=DIRECTION('ref_axis',(-0.818153408597676,0.575000000000004,0.));
#630=DIRECTION('center_axis',(0.,0.,1.));
#631=DIRECTION('ref_axis',(-0.818153408597676,0.575000000000004,0.));
#632=DIRECTION('center_axis',(0.,0.,-1.));
#633=DIRECTION('ref_axis',(-0.818153408597676,0.575000000000004,0.));
#634=DIRECTION('',(0.,0.,-1.));
#635=DIRECTION('center_axis',(-3.94942866048168E-16,-1.,0.));
#636=DIRECTION('ref_axis',(1.,-3.94942866048168E-16,0.));
#637=DIRECTION('',(1.,-3.94942866048168E-16,0.));
#638=DIRECTION('',(-1.,3.94942866048168E-16,0.));
#639=DIRECTION('center_axis',(0.,0.,1.));
#640=DIRECTION('ref_axis',(1.,0.,0.));
#641=DIRECTION('',(0.,-1.,0.));
#642=DIRECTION('',(-1.,-1.11720555937123E-16,0.));
#643=DIRECTION('',(1.09737317883653E-11,-1.,0.));
#644=DIRECTION('center_axis',(0.,0.,1.));
#645=DIRECTION('ref_axis',(-1.,0.,0.));
#646=DIRECTION('center_axis',(0.,0.,-1.));
#647=DIRECTION('ref_axis',(-0.575000000034139,-0.818153408573686,0.));
#648=DIRECTION('center_axis',(-1.,0.,0.));
#649=DIRECTION('ref_axis',(0.,-1.,0.));
#650=DIRECTION('',(0.,-1.,0.));
#651=DIRECTION('',(0.,0.,1.));
#652=DIRECTION('center_axis',(1.,-3.83121205092828E-13,0.));
#653=DIRECTION('ref_axis',(3.83121205092828E-13,1.,0.));
#654=DIRECTION('',(3.83121205092828E-13,1.,0.));
#655=DIRECTION('',(0.,0.,-1.));
#656=DIRECTION('center_axis',(0.,0.,1.));
#657=DIRECTION('ref_axis',(0.575000000029258,0.818153408577116,0.));
#658=DIRECTION('center_axis',(0.,0.,-1.));
#659=DIRECTION('ref_axis',(0.575000000029258,0.818153408577116,0.));
#660=DIRECTION('',(0.,0.,-1.));
#661=DIRECTION('center_axis',(1.,-9.40102732531557E-12,0.));
#662=DIRECTION('ref_axis',(9.40102732531557E-12,1.,0.));
#663=DIRECTION('',(-9.40102732531557E-12,-1.,0.));
#664=DIRECTION('',(0.,0.,1.));
#665=DIRECTION('',(9.40102732531557E-12,1.,0.));
#666=DIRECTION('',(0.,0.,-1.));
#667=DIRECTION('center_axis',(0.,0.,1.));
#668=DIRECTION('ref_axis',(1.,-3.95398528708771E-11,0.));
#669=DIRECTION('',(0.,0.,-1.));
#670=DIRECTION('center_axis',(0.,0.,1.));
#671=DIRECTION('ref_axis',(-0.575000000034139,-0.818153408573686,0.));
#672=DIRECTION('center_axis',(0.,0.,1.));
#673=DIRECTION('ref_axis',(-1.,0.,0.));
#674=DIRECTION('',(0.,0.,-1.));
#675=DIRECTION('center_axis',(0.,0.,-1.));
#676=DIRECTION('ref_axis',(-1.,0.,0.));
#677=DIRECTION('center_axis',(1.,1.09737317883653E-11,0.));
#678=DIRECTION('ref_axis',(-1.09737317883653E-11,1.,0.));
#679=DIRECTION('',(1.09737317883653E-11,-1.,0.));
#680=DIRECTION('',(0.,0.,-1.));
#681=DIRECTION('',(-1.09737317883653E-11,1.,0.));
#682=DIRECTION('',(0.,0.,1.));
#683=DIRECTION('center_axis',(0.,0.,1.));
#684=DIRECTION('ref_axis',(1.,0.,0.));
#685=DIRECTION('center_axis',(0.,0.,-1.));
#686=DIRECTION('ref_axis',(1.,0.,0.));
#687=DIRECTION('',(0.,0.,-1.));
#688=DIRECTION('center_axis',(0.,0.,1.));
#689=DIRECTION('ref_axis',(1.,0.,0.));
#690=DIRECTION('center_axis',(0.,0.,1.));
#691=DIRECTION('ref_axis',(-1.,8.77484011412314E-11,0.));
#692=DIRECTION('center_axis',(0.,0.,1.));
#693=DIRECTION('ref_axis',(0.575000000023295,0.818153408581307,0.));
#694=DIRECTION('',(0.,0.,-1.));
#695=DIRECTION('center_axis',(0.,0.,-1.));
#696=DIRECTION('ref_axis',(0.575000000023295,0.818153408581307,0.));
#697=DIRECTION('center_axis',(0.,0.,1.));
#698=DIRECTION('ref_axis',(-0.575000000023906,-0.818153408580877,0.));
#699=DIRECTION('center_axis',(0.,0.,-1.));
#700=DIRECTION('ref_axis',(-0.575000000023906,-0.818153408580877,0.));
#701=DIRECTION('center_axis',(0.,0.,1.));
#702=DIRECTION('ref_axis',(-0.575000000023906,-0.818153408580877,0.));
#703=DIRECTION('center_axis',(-1.11720555937123E-16,1.,0.));
#704=DIRECTION('ref_axis',(-1.,-1.11720555937123E-16,0.));
#705=DIRECTION('',(-1.,-1.11720555937123E-16,0.));
#706=DIRECTION('center_axis',(0.,0.,1.));
#707=DIRECTION('ref_axis',(1.,0.,0.));
#708=DIRECTION('',(-6.34413156928661E-17,-1.,0.));
#709=DIRECTION('',(-1.,1.37702080573663E-16,0.));
#710=DIRECTION('center_axis',(1.37702080573663E-16,1.,0.));
#711=DIRECTION('ref_axis',(-1.,1.37702080573663E-16,0.));
#712=DIRECTION('',(0.,0.,1.));
#713=DIRECTION('',(-1.,1.37702080573663E-16,0.));
#714=DIRECTION('center_axis',(-1.,6.34413156928661E-17,0.));
#715=DIRECTION('ref_axis',(-6.34413156928661E-17,-1.,0.));
#716=DIRECTION('',(-6.34413156928661E-17,-1.,0.));
#717=DIRECTION('center_axis',(0.,0.,1.));
#718=DIRECTION('ref_axis',(1.,0.,0.));
#719=CARTESIAN_POINT('',(0.,0.,0.));
#720=CARTESIAN_POINT('Origin',(-139.909232957012,-8.54119253857374E-15,
0.));
#721=CARTESIAN_POINT('',(129.,1.77635683940025E-14,0.));
#722=CARTESIAN_POINT('',(139.909232957012,7.49400541621981E-15,0.));
#723=CARTESIAN_POINT('',(-70.3784878506927,-4.30211422042248E-15,0.));
#724=CARTESIAN_POINT('',(129.,1.77635683940025E-14,3.));
#725=CARTESIAN_POINT('',(129.,1.70853324392668E-14,0.));
#726=CARTESIAN_POINT('',(139.909232957012,7.49400541621981E-15,3.));
#727=CARTESIAN_POINT('',(-69.9546164785058,-4.27301576576394E-15,3.));
#728=CARTESIAN_POINT('',(139.909232957012,7.49400541621981E-15,0.));
#729=CARTESIAN_POINT('Origin',(139.909232957012,-1.24999999999996,0.));
#730=CARTESIAN_POINT('',(140.931924717759,-1.96874999999996,0.));
#731=CARTESIAN_POINT('Origin',(139.909232957012,-1.24999999999996,0.));
#732=CARTESIAN_POINT('',(140.931924717759,-1.96874999999996,3.));
#733=CARTESIAN_POINT('Origin',(139.909232957012,-1.24999999999996,3.));
#734=CARTESIAN_POINT('',(140.931924717759,-1.96874999999996,0.));
#735=CARTESIAN_POINT('Origin',(144.,-4.12499999999999,0.));
#736=CARTESIAN_POINT('',(147.068075282241,-1.96874999999999,0.));
#737=CARTESIAN_POINT('Origin',(144.,-4.12499999999999,0.));
#738=CARTESIAN_POINT('',(147.068075282241,-1.96874999999999,3.));
#739=CARTESIAN_POINT('Origin',(144.,-4.12499999999999,3.));
#740=CARTESIAN_POINT('',(147.068075282241,-1.96874999999999,0.));
#741=CARTESIAN_POINT('Origin',(148.090767042988,-1.24999999999999,0.));
#742=CARTESIAN_POINT('',(148.090767042988,9.03220504236325E-15,0.));
#743=CARTESIAN_POINT('Origin',(148.090767042988,-1.24999999999999,0.));
#744=CARTESIAN_POINT('',(148.090767042988,9.03220504236325E-15,3.));
#745=CARTESIAN_POINT('Origin',(148.090767042988,-1.24999999999999,3.));
#746=CARTESIAN_POINT('',(148.090767042988,9.03220504236325E-15,0.));
#747=CARTESIAN_POINT('Origin',(148.090767042988,9.03220504236325E-15,0.));
#748=CARTESIAN_POINT('',(161.318465914023,9.99200722162641E-15,0.));
#749=CARTESIAN_POINT('',(73.6215121493073,3.88578058618805E-15,0.));
#750=CARTESIAN_POINT('',(159.,1.77635683940025E-14,3.));
#751=CARTESIAN_POINT('',(74.0453835214942,3.77838126756263E-15,3.));
#752=CARTESIAN_POINT('',(159.,0.,70.));
#753=CARTESIAN_POINT('',(159.,3.8702741986439E-16,0.));
#754=CARTESIAN_POINT('',(161.318465914023,9.99200722162641E-15,70.));
#755=CARTESIAN_POINT('',(73.6215121493073,3.88578058618805E-15,70.));
#756=CARTESIAN_POINT('',(161.318465914023,9.99200722162641E-15,0.));
#757=CARTESIAN_POINT('Origin',(161.318465914023,2.50000000000001,0.));
#758=CARTESIAN_POINT('',(163.363849435517,3.93750000000003,0.));
#759=CARTESIAN_POINT('Origin',(161.318465914023,2.50000000000001,0.));
#760=CARTESIAN_POINT('',(163.363849435517,3.93750000000003,70.));
#761=CARTESIAN_POINT('Origin',(161.318465914023,2.50000000000001,70.));
#762=CARTESIAN_POINT('',(163.363849435517,3.93750000000003,0.));
#763=CARTESIAN_POINT('Origin',(169.5,8.25000000000002,0.));
#764=CARTESIAN_POINT('',(175.636150564483,3.93749999999999,0.));
#765=CARTESIAN_POINT('Origin',(169.5,8.25000000000002,0.));
#766=CARTESIAN_POINT('',(175.636150564483,3.93749999999999,70.));
#767=CARTESIAN_POINT('Origin',(169.5,8.25000000000002,70.));
#768=CARTESIAN_POINT('',(175.636150564483,3.93749999999999,0.));
#769=CARTESIAN_POINT('Origin',(177.681534085977,2.49999999999999,0.));
#770=CARTESIAN_POINT('',(177.681534085977,2.068265712486E-14,0.));
#771=CARTESIAN_POINT('Origin',(177.681534085977,2.49999999999999,0.));
#772=CARTESIAN_POINT('',(177.681534085977,2.068265712486E-14,70.));
#773=CARTESIAN_POINT('Origin',(177.681534085977,2.49999999999999,70.));
#774=CARTESIAN_POINT('',(177.681534085977,2.068265712486E-14,0.));
#775=CARTESIAN_POINT('Origin',(177.681534085977,2.068265712486E-14,0.));
#776=CARTESIAN_POINT('',(198.105332061835,7.00210129873349E-15,0.));
#777=CARTESIAN_POINT('',(88.4168956708014,5.60662627435704E-14,0.));
#778=CARTESIAN_POINT('',(178.09132960765,1.31691048971895E-13,70.));
#779=CARTESIAN_POINT('',(88.4168956708014,5.60662627435704E-14,70.));
#780=CARTESIAN_POINT('',(198.105332061835,6.7889519801407E-13,50.));
#781=CARTESIAN_POINT('Ctrl Pts',(198.105332061835,3.51925815694069E-14,
50.));
#782=CARTESIAN_POINT('Ctrl Pts',(198.105332061835,3.51925815694069E-14,
51.3413949496703));
#783=CARTESIAN_POINT('Ctrl Pts',(197.970299899747,4.64939493840415E-13,
52.6793787390516));
#784=CARTESIAN_POINT('Ctrl Pts',(197.43425770379,4.65149849968092E-13,55.3081354883766));
#785=CARTESIAN_POINT('Ctrl Pts',(197.034598373934,7.63764835013941E-13,
56.5922220219893));
#786=CARTESIAN_POINT('Ctrl Pts',(195.489545715379,7.64374892684653E-13,
60.2233253573551));
#787=CARTESIAN_POINT('Ctrl Pts',(194.01113601782,1.23369307460188E-12,62.39777784345));
#788=CARTESIAN_POINT('Ctrl Pts',(190.302599542676,1.23516593323496E-12,
66.0591329717804));
#789=CARTESIAN_POINT('Ctrl Pts',(188.107466406586,5.66436265084639E-12,
67.5104164570914));
#790=CARTESIAN_POINT('Ctrl Pts',(183.283043875828,5.66629655775987E-12,
69.4905872296452));
#791=CARTESIAN_POINT('Ctrl Pts',(180.699617081291,1.2144389803703E-15,70.));
#792=CARTESIAN_POINT('Ctrl Pts',(178.09132960765,2.24456351068728E-15,70.));
#793=CARTESIAN_POINT('Ctrl Pts',(198.105332061835,1.38777878078145E-15,
0.));
#794=CARTESIAN_POINT('Ctrl Pts',(198.105332061835,1.38777878078145E-15,
8.33333333333335));
#795=CARTESIAN_POINT('Ctrl Pts',(198.105332061835,1.38777878078145E-15,
16.6666666666667));
#796=CARTESIAN_POINT('Ctrl Pts',(198.105332061835,1.38777878078145E-15,
33.3333333333334));
#797=CARTESIAN_POINT('Ctrl Pts',(198.105332061835,1.38777878078145E-15,
41.6666666666668));
#798=CARTESIAN_POINT('Ctrl Pts',(198.105332061835,1.38777878078145E-15,
50.0000000000001));
#799=CARTESIAN_POINT('Ctrl Pts',(-200.565931056777,7.00465993184226,0.));
#800=CARTESIAN_POINT('Ctrl Pts',(-200.565931056777,7.00465993184226,70.));
#801=CARTESIAN_POINT('Ctrl Pts',(-200.868025398943,4.35051308729677,0.));
#802=CARTESIAN_POINT('Ctrl Pts',(-200.868025398943,4.35051308729677,70.));
#803=CARTESIAN_POINT('Ctrl Pts',(-201.400364350708,-1.1160193563003,0.));
#804=CARTESIAN_POINT('Ctrl Pts',(-201.400364350708,-1.1160193563003,70.));
#805=CARTESIAN_POINT('Ctrl Pts',(-201.945150344628,-9.79364835268794,0.));
#806=CARTESIAN_POINT('Ctrl Pts',(-201.945150344628,-9.79364835268794,70.));
#807=CARTESIAN_POINT('Ctrl Pts',(-202.110106227275,-22.3052634288114,0.));
#808=CARTESIAN_POINT('Ctrl Pts',(-202.110106227275,-22.3052634288114,70.));
#809=CARTESIAN_POINT('Ctrl Pts',(-201.595687929382,-39.3600837950559,0.));
#810=CARTESIAN_POINT('Ctrl Pts',(-201.595687929382,-39.3600837950559,70.));
#811=CARTESIAN_POINT('Ctrl Pts',(-200.780492775179,-57.5730355285837,0.));
#812=CARTESIAN_POINT('Ctrl Pts',(-200.780492775179,-57.5730355285837,70.));
#813=CARTESIAN_POINT('Ctrl Pts',(-200.147636073302,-76.5987368498544,0.));
#814=CARTESIAN_POINT('Ctrl Pts',(-200.147636073302,-76.5987368498544,70.));
#815=CARTESIAN_POINT('Ctrl Pts',(-200.093615481487,-96.017916655644,0.));
#816=CARTESIAN_POINT('Ctrl Pts',(-200.093615481487,-96.017916655644,70.));
#817=CARTESIAN_POINT('Ctrl Pts',(-200.797991363033,-115.353609020258,0.));
#818=CARTESIAN_POINT('Ctrl Pts',(-200.797991363033,-115.353609020258,70.));
#819=CARTESIAN_POINT('Ctrl Pts',(-202.045346467078,-134.082719802306,0.));
#820=CARTESIAN_POINT('Ctrl Pts',(-202.045346467078,-134.082719802306,70.));
#821=CARTESIAN_POINT('Ctrl Pts',(-203.212904418789,-151.663694148516,0.));
#822=CARTESIAN_POINT('Ctrl Pts',(-203.212904418789,-151.663694148516,70.));
#823=CARTESIAN_POINT('Ctrl Pts',(-203.47198192918,-167.585666418825,0.));
#824=CARTESIAN_POINT('Ctrl Pts',(-203.47198192918,-167.585666418825,70.));
#825=CARTESIAN_POINT('Ctrl Pts',(-201.931921823084,-181.410943180144,0.));
#826=CARTESIAN_POINT('Ctrl Pts',(-201.931921823084,-181.410943180144,70.));
#827=CARTESIAN_POINT('Ctrl Pts',(-197.814853293083,-192.822941344786,0.));
#828=CARTESIAN_POINT('Ctrl Pts',(-197.814853293083,-192.822941344786,70.));
#829=CARTESIAN_POINT('Ctrl Pts',(-190.599832537296,-201.665558912072,0.));
#830=CARTESIAN_POINT('Ctrl Pts',(-190.599832537296,-201.665558912072,70.));
#831=CARTESIAN_POINT('Ctrl Pts',(-180.224301045592,-208.002174321398,0.));
#832=CARTESIAN_POINT('Ctrl Pts',(-180.224301045592,-208.002174321398,70.));
#833=CARTESIAN_POINT('Ctrl Pts',(-167.045218754364,-212.088592573598,0.));
#834=CARTESIAN_POINT('Ctrl Pts',(-167.045218754364,-212.088592573598,70.));
#835=CARTESIAN_POINT('Ctrl Pts',(-151.671371985343,-214.299606900474,0.));
#836=CARTESIAN_POINT('Ctrl Pts',(-151.671371985343,-214.299606900474,70.));
#837=CARTESIAN_POINT('Ctrl Pts',(-134.831435238165,-215.068189972285,0.));
#838=CARTESIAN_POINT('Ctrl Pts',(-134.831435238165,-215.068189972285,70.));
#839=CARTESIAN_POINT('Ctrl Pts',(-117.236228216381,-214.823333382925,0.));
#840=CARTESIAN_POINT('Ctrl Pts',(-117.236228216381,-214.823333382925,70.));
#841=CARTESIAN_POINT('Ctrl Pts',(-99.4219856622717,-213.919226192137,0.));
#842=CARTESIAN_POINT('Ctrl Pts',(-99.4219856622717,-213.919226192137,70.));
#843=CARTESIAN_POINT('Ctrl Pts',(-81.6741911834651,-212.59932630659,0.));
#844=CARTESIAN_POINT('Ctrl Pts',(-81.6741911834651,-212.59932630659,70.));
#845=CARTESIAN_POINT('Ctrl Pts',(-64.1143786760516,-211.030549854532,0.));
#846=CARTESIAN_POINT('Ctrl Pts',(-64.1143786760516,-211.030549854532,70.));
#847=CARTESIAN_POINT('Ctrl Pts',(-46.7520873835371,-209.322421174016,0.));
#848=CARTESIAN_POINT('Ctrl Pts',(-46.7520873835371,-209.322421174016,70.));
#849=CARTESIAN_POINT('Ctrl Pts',(-29.5492844984689,-207.551736037704,0.));
#850=CARTESIAN_POINT('Ctrl Pts',(-29.5492844984689,-207.551736037704,70.));
#851=CARTESIAN_POINT('Ctrl Pts',(-12.4827144676679,-205.785952940692,0.));
#852=CARTESIAN_POINT('Ctrl Pts',(-12.4827144676679,-205.785952940692,70.));
#853=CARTESIAN_POINT('Ctrl Pts',(4.40057606525587,-204.104531953091,0.));
#854=CARTESIAN_POINT('Ctrl Pts',(4.40057606525587,-204.104531953091,70.));
#855=CARTESIAN_POINT('Ctrl Pts',(20.9048951855613,-202.627830653462,0.));
#856=CARTESIAN_POINT('Ctrl Pts',(20.9048951855613,-202.627830653462,70.));
#857=CARTESIAN_POINT('Ctrl Pts',(36.7411880526659,-201.501057447776,0.));
#858=CARTESIAN_POINT('Ctrl Pts',(36.7411880526659,-201.501057447776,70.));
#859=CARTESIAN_POINT('Ctrl Pts',(51.6276673461923,-200.862772334824,0.));
#860=CARTESIAN_POINT('Ctrl Pts',(51.6276673461923,-200.862772334824,70.));
#861=CARTESIAN_POINT('Ctrl Pts',(65.3766760071114,-200.818369186835,0.));
#862=CARTESIAN_POINT('Ctrl Pts',(65.3766760071114,-200.818369186835,70.));
#863=CARTESIAN_POINT('Ctrl Pts',(77.9846139390854,-201.411744825261,0.));
#864=CARTESIAN_POINT('Ctrl Pts',(77.9846139390854,-201.411744825261,70.));
#865=CARTESIAN_POINT('Ctrl Pts',(89.7270493235968,-202.597051348126,0.));
#866=CARTESIAN_POINT('Ctrl Pts',(89.7270493235968,-202.597051348126,70.));
#867=CARTESIAN_POINT('Ctrl Pts',(101.233893463673,-204.212295307995,0.));
#868=CARTESIAN_POINT('Ctrl Pts',(101.233893463673,-204.212295307995,70.));
#869=CARTESIAN_POINT('Ctrl Pts',(113.245860914358,-205.995072331134,0.));
#870=CARTESIAN_POINT('Ctrl Pts',(113.245860914358,-205.995072331134,70.));
#871=CARTESIAN_POINT('Ctrl Pts',(126.376573183845,-207.59505551199,0.));
#872=CARTESIAN_POINT('Ctrl Pts',(126.376573183845,-207.59505551199,70.));
#873=CARTESIAN_POINT('Ctrl Pts',(140.894202310597,-208.58964191395,0.));
#874=CARTESIAN_POINT('Ctrl Pts',(140.894202310597,-208.58964191395,70.));
#875=CARTESIAN_POINT('Ctrl Pts',(156.443550109446,-208.493568535258,0.));
#876=CARTESIAN_POINT('Ctrl Pts',(156.443550109446,-208.493568535258,70.));
#877=CARTESIAN_POINT('Ctrl Pts',(171.957339450398,-206.785928090254,0.));
#878=CARTESIAN_POINT('Ctrl Pts',(171.957339450398,-206.785928090254,70.));
#879=CARTESIAN_POINT('Ctrl Pts',(186.051647567358,-202.979961257872,0.));
#880=CARTESIAN_POINT('Ctrl Pts',(186.051647567358,-202.979961257872,70.));
#881=CARTESIAN_POINT('Ctrl Pts',(197.336951080669,-196.686467148131,0.));
#882=CARTESIAN_POINT('Ctrl Pts',(197.336951080669,-196.686467148131,70.));
#883=CARTESIAN_POINT('Ctrl Pts',(204.746533750794,-187.676217646493,0.));
#884=CARTESIAN_POINT('Ctrl Pts',(204.746533750794,-187.676217646493,70.));
#885=CARTESIAN_POINT('Ctrl Pts',(207.895502313665,-175.95129571554,0.));
#886=CARTESIAN_POINT('Ctrl Pts',(207.895502313665,-175.95129571554,70.));
#887=CARTESIAN_POINT('Ctrl Pts',(207.311341735072,-161.787015548344,0.));
#888=CARTESIAN_POINT('Ctrl Pts',(207.311341735072,-161.787015548344,70.));
#889=CARTESIAN_POINT('Ctrl Pts',(204.086348900097,-145.645654120163,0.));
#890=CARTESIAN_POINT('Ctrl Pts',(204.086348900097,-145.645654120163,70.));
#891=CARTESIAN_POINT('Ctrl Pts',(199.620511814499,-128.110248213184,0.));
#892=CARTESIAN_POINT('Ctrl Pts',(199.620511814499,-128.110248213184,70.));
#893=CARTESIAN_POINT('Ctrl Pts',(195.317774777891,-109.807896115045,0.));
#894=CARTESIAN_POINT('Ctrl Pts',(195.317774777891,-109.807896115045,70.));
#895=CARTESIAN_POINT('Ctrl Pts',(192.32848878864,-91.3438355220551,0.));
#896=CARTESIAN_POINT('Ctrl Pts',(192.32848878864,-91.3438355220551,70.));
#897=CARTESIAN_POINT('Ctrl Pts',(191.208193283936,-73.2156088872076,0.));
#898=CARTESIAN_POINT('Ctrl Pts',(191.208193283936,-73.2156088872076,70.));
#899=CARTESIAN_POINT('Ctrl Pts',(191.828392284882,-55.7895567204711,0.));
#900=CARTESIAN_POINT('Ctrl Pts',(191.828392284882,-55.7895567204711,70.));
#901=CARTESIAN_POINT('Ctrl Pts',(193.647431026415,-39.3158439560121,0.));
#902=CARTESIAN_POINT('Ctrl Pts',(193.647431026415,-39.3158439560121,70.));
#903=CARTESIAN_POINT('Ctrl Pts',(195.881287709458,-23.9241654437093,0.));
#904=CARTESIAN_POINT('Ctrl Pts',(195.881287709458,-23.9241654437093,70.));
#905=CARTESIAN_POINT('Ctrl Pts',(197.719071799719,-9.62633705979788,0.));
#906=CARTESIAN_POINT('Ctrl Pts',(197.719071799719,-9.62633705979788,70.));
#907=CARTESIAN_POINT('Ctrl Pts',(198.50910058066,3.68181060850205,0.));
#908=CARTESIAN_POINT('Ctrl Pts',(198.50910058066,3.68181060850205,70.));
#909=CARTESIAN_POINT('Ctrl Pts',(197.982210112877,16.2238349279828,0.));
#910=CARTESIAN_POINT('Ctrl Pts',(197.982210112877,16.2238349279828,70.));
#911=CARTESIAN_POINT('Ctrl Pts',(196.384882552707,28.3273449170345,0.));
#912=CARTESIAN_POINT('Ctrl Pts',(196.384882552707,28.3273449170345,70.));
#913=CARTESIAN_POINT('Ctrl Pts',(194.25710819653,40.3354137903979,0.));
#914=CARTESIAN_POINT('Ctrl Pts',(194.25710819653,40.3354137903979,70.));
#915=CARTESIAN_POINT('Ctrl Pts',(192.253630010522,52.5219167286891,0.));
#916=CARTESIAN_POINT('Ctrl Pts',(192.253630010522,52.5219167286891,70.));
#917=CARTESIAN_POINT('Ctrl Pts',(190.964513104615,65.0193446914798,0.));
#918=CARTESIAN_POINT('Ctrl Pts',(190.964513104615,65.0193446914798,70.));
#919=CARTESIAN_POINT('Ctrl Pts',(190.696771816791,77.7071482362089,0.));
#920=CARTESIAN_POINT('Ctrl Pts',(190.696771816791,77.7071482362089,70.));
#921=CARTESIAN_POINT('Ctrl Pts',(191.4296187333,90.2530340153752,0.));
#922=CARTESIAN_POINT('Ctrl Pts',(191.4296187333,90.2530340153752,70.));
#923=CARTESIAN_POINT('Ctrl Pts',(192.939651355923,102.29866679384,0.));
#924=CARTESIAN_POINT('Ctrl Pts',(192.939651355923,102.29866679384,70.));
#925=CARTESIAN_POINT('Ctrl Pts',(194.880105647442,113.609418368625,0.));
#926=CARTESIAN_POINT('Ctrl Pts',(194.880105647442,113.609418368625,70.));
#927=CARTESIAN_POINT('Ctrl Pts',(196.876503804843,124.230557458472,0.));
#928=CARTESIAN_POINT('Ctrl Pts',(196.876503804843,124.230557458472,70.));
#929=CARTESIAN_POINT('Ctrl Pts',(198.621531920314,134.663514002065,0.));
#930=CARTESIAN_POINT('Ctrl Pts',(198.621531920314,134.663514002065,70.));
#931=CARTESIAN_POINT('Ctrl Pts',(199.859272093813,145.599407905333,0.));
#932=CARTESIAN_POINT('Ctrl Pts',(199.859272093813,145.599407905333,70.));
#933=CARTESIAN_POINT('Ctrl Pts',(200.356727991692,157.592750748423,0.));
#934=CARTESIAN_POINT('Ctrl Pts',(200.356727991692,157.592750748423,70.));
#935=CARTESIAN_POINT('Ctrl Pts',(199.883299198443,170.79788127317,0.));
#936=CARTESIAN_POINT('Ctrl Pts',(199.883299198443,170.79788127317,70.));
#937=CARTESIAN_POINT('Ctrl Pts',(198.178952010834,184.578155442098,0.));
#938=CARTESIAN_POINT('Ctrl Pts',(198.178952010834,184.578155442098,70.));
#939=CARTESIAN_POINT('Ctrl Pts',(194.966032487421,197.660905783373,0.));
#940=CARTESIAN_POINT('Ctrl Pts',(194.966032487421,197.660905783373,70.));
#941=CARTESIAN_POINT('Ctrl Pts',(189.985102931238,208.600938437797,0.));
#942=CARTESIAN_POINT('Ctrl Pts',(189.985102931238,208.600938437797,70.));
#943=CARTESIAN_POINT('Ctrl Pts',(183.023028562639,216.141644750425,0.));
#944=CARTESIAN_POINT('Ctrl Pts',(183.023028562639,216.141644750425,70.));
#945=CARTESIAN_POINT('Ctrl Pts',(173.945202172593,219.635339999503,0.));
#946=CARTESIAN_POINT('Ctrl Pts',(173.945202172593,219.635339999503,70.));
#947=CARTESIAN_POINT('Ctrl Pts',(162.723467611025,219.390945953593,0.));
#948=CARTESIAN_POINT('Ctrl Pts',(162.723467611025,219.390945953593,70.));
#949=CARTESIAN_POINT('Ctrl Pts',(149.428342822144,216.346483458056,0.));
#950=CARTESIAN_POINT('Ctrl Pts',(149.428342822144,216.346483458056,70.));
#951=CARTESIAN_POINT('Ctrl Pts',(134.222972361215,211.778954357485,0.));
#952=CARTESIAN_POINT('Ctrl Pts',(134.222972361215,211.778954357485,70.));
#953=CARTESIAN_POINT('Ctrl Pts',(117.357432610056,207.010408856552,0.));
#954=CARTESIAN_POINT('Ctrl Pts',(117.357432610056,207.010408856552,70.));
#955=CARTESIAN_POINT('Ctrl Pts',(99.1607749716394,203.092297654182,0.));
#956=CARTESIAN_POINT('Ctrl Pts',(99.1607749716394,203.092297654182,70.));
#957=CARTESIAN_POINT('Ctrl Pts',(80.0394024021338,200.570207427779,0.));
#958=CARTESIAN_POINT('Ctrl Pts',(80.0394024021338,200.570207427779,70.));
#959=CARTESIAN_POINT('Ctrl Pts',(60.4707757444032,199.609600751123,0.));
#960=CARTESIAN_POINT('Ctrl Pts',(60.4707757444032,199.609600751123,70.));
#961=CARTESIAN_POINT('Ctrl Pts',(41.022614325587,200.066679136315,0.));
#962=CARTESIAN_POINT('Ctrl Pts',(41.022614325587,200.066679136315,70.));
#963=CARTESIAN_POINT('Ctrl Pts',(22.3110934173096,201.585906152319,0.));
#964=CARTESIAN_POINT('Ctrl Pts',(22.3110934173096,201.585906152319,70.));
#965=CARTESIAN_POINT('Ctrl Pts',(5.10163889007715,203.673702162978,0.));
#966=CARTESIAN_POINT('Ctrl Pts',(5.10163889007715,203.673702162978,70.));
#967=CARTESIAN_POINT('Ctrl Pts',(-9.92399505018589,205.811157031147,0.));
#968=CARTESIAN_POINT('Ctrl Pts',(-9.92399505018589,205.811157031147,70.));
#969=CARTESIAN_POINT('Ctrl Pts',(-21.5713197349317,207.476937446657,0.));
#970=CARTESIAN_POINT('Ctrl Pts',(-21.5713197349317,207.476937446657,70.));
#971=CARTESIAN_POINT('Ctrl Pts',(-30.857769192577,208.533499810963,0.));
#972=CARTESIAN_POINT('Ctrl Pts',(-30.857769192577,208.533499810963,70.));
#973=CARTESIAN_POINT('Ctrl Pts',(-39.9626217564253,209.087374564399,0.));
#974=CARTESIAN_POINT('Ctrl Pts',(-39.9626217564253,209.087374564399,70.));
#975=CARTESIAN_POINT('Ctrl Pts',(-51.0001321747346,209.34307519563,0.));
#976=CARTESIAN_POINT('Ctrl Pts',(-51.0001321747346,209.34307519563,70.));
#977=CARTESIAN_POINT('Ctrl Pts',(-64.7406849148578,209.446420807026,0.));
#978=CARTESIAN_POINT('Ctrl Pts',(-64.7406849148578,209.446420807026,70.));
#979=CARTESIAN_POINT('Ctrl Pts',(-79.8092626277829,209.38229264849,0.));
#980=CARTESIAN_POINT('Ctrl Pts',(-79.8092626277829,209.38229264849,70.));
#981=CARTESIAN_POINT('Ctrl Pts',(-93.9482294633312,209.093493004351,0.));
#982=CARTESIAN_POINT('Ctrl Pts',(-93.9482294633312,209.093493004351,70.));
#983=CARTESIAN_POINT('Ctrl Pts',(-105.047758668344,208.578687345237,0.));
#984=CARTESIAN_POINT('Ctrl Pts',(-105.047758668344,208.578687345237,70.));
#985=CARTESIAN_POINT('Ctrl Pts',(-112.095153449555,207.972385834443,0.));
#986=CARTESIAN_POINT('Ctrl Pts',(-112.095153449555,207.972385834443,70.));
#987=CARTESIAN_POINT('Ctrl Pts',(-116.579186436183,207.696681542502,0.));
#988=CARTESIAN_POINT('Ctrl Pts',(-116.579186436183,207.696681542502,70.));
#989=CARTESIAN_POINT('Ctrl Pts',(-122.007754316868,208.31922473131,0.));
#990=CARTESIAN_POINT('Ctrl Pts',(-122.007754316868,208.31922473131,70.));
#991=CARTESIAN_POINT('Ctrl Pts',(-130.760945047963,209.966337409683,0.));
#992=CARTESIAN_POINT('Ctrl Pts',(-130.760945047963,209.966337409683,70.));
#993=CARTESIAN_POINT('Ctrl Pts',(-142.700193382267,212.078678243202,0.));
#994=CARTESIAN_POINT('Ctrl Pts',(-142.700193382267,212.078678243202,70.));
#995=CARTESIAN_POINT('Ctrl Pts',(-156.359834298397,213.733135174917,0.));
#996=CARTESIAN_POINT('Ctrl Pts',(-156.359834298397,213.733135174917,70.));
#997=CARTESIAN_POINT('Ctrl Pts',(-169.692516299578,213.863418375054,0.));
#998=CARTESIAN_POINT('Ctrl Pts',(-169.692516299578,213.863418375054,70.));
#999=CARTESIAN_POINT('Ctrl Pts',(-180.993152983945,211.521295183358,0.));
#1000=CARTESIAN_POINT('Ctrl Pts',(-180.993152983945,211.521295183358,70.));
#1001=CARTESIAN_POINT('Ctrl Pts',(-189.732392516273,206.117586663716,0.));
#1002=CARTESIAN_POINT('Ctrl Pts',(-189.732392516273,206.117586663716,70.));
#1003=CARTESIAN_POINT('Ctrl Pts',(-196.155617971048,197.418445853034,0.));
#1004=CARTESIAN_POINT('Ctrl Pts',(-196.155617971048,197.418445853034,70.));
#1005=CARTESIAN_POINT('Ctrl Pts',(-200.886125178276,185.541771318293,0.));
#1006=CARTESIAN_POINT('Ctrl Pts',(-200.886125178276,185.541771318293,70.));
#1007=CARTESIAN_POINT('Ctrl Pts',(-204.526192169515,170.954354052171,0.));
#1008=CARTESIAN_POINT('Ctrl Pts',(-204.526192169515,170.954354052171,70.));
#1009=CARTESIAN_POINT('Ctrl Pts',(-207.263380157844,154.467746102061,0.));
#1010=CARTESIAN_POINT('Ctrl Pts',(-207.263380157844,154.467746102061,70.));
#1011=CARTESIAN_POINT('Ctrl Pts',(-209.018955655808,137.088483183095,0.));
#1012=CARTESIAN_POINT('Ctrl Pts',(-209.018955655808,137.088483183095,70.));
#1013=CARTESIAN_POINT('Ctrl Pts',(-209.590987802413,119.869890651874,0.));
#1014=CARTESIAN_POINT('Ctrl Pts',(-209.590987802413,119.869890651874,70.));
#1015=CARTESIAN_POINT('Ctrl Pts',(-208.799748522567,103.763023620941,0.));
#1016=CARTESIAN_POINT('Ctrl Pts',(-208.799748522567,103.763023620941,70.));
#1017=CARTESIAN_POINT('Ctrl Pts',(-206.631209278751,89.4686750591747,0.));
#1018=CARTESIAN_POINT('Ctrl Pts',(-206.631209278751,89.4686750591747,70.));
#1019=CARTESIAN_POINT('Ctrl Pts',(-203.383593288683,77.2870862300463,0.));
#1020=CARTESIAN_POINT('Ctrl Pts',(-203.383593288683,77.2870862300463,70.));
#1021=CARTESIAN_POINT('Ctrl Pts',(-199.806627746031,66.9733071476031,0.));
#1022=CARTESIAN_POINT('Ctrl Pts',(-199.806627746031,66.9733071476031,70.));
#1023=CARTESIAN_POINT('Ctrl Pts',(-196.807527707867,57.9252857383305,0.));
#1024=CARTESIAN_POINT('Ctrl Pts',(-196.807527707867,57.9252857383305,70.));
#1025=CARTESIAN_POINT('Ctrl Pts',(-195.166453913776,49.3654872179381,0.));
#1026=CARTESIAN_POINT('Ctrl Pts',(-195.166453913776,49.3654872179381,70.));
#1027=CARTESIAN_POINT('Ctrl Pts',(-195.244182720464,40.5262386450109,0.));
#1028=CARTESIAN_POINT('Ctrl Pts',(-195.244182720464,40.5262386450109,70.));
#1029=CARTESIAN_POINT('Ctrl Pts',(-196.704439975377,30.8295745864224,0.));
#1030=CARTESIAN_POINT('Ctrl Pts',(-196.704439975377,30.8295745864224,70.));
#1031=CARTESIAN_POINT('Ctrl Pts',(-198.39636470961,22.0623419167714,0.));
#1032=CARTESIAN_POINT('Ctrl Pts',(-198.39636470961,22.0623419167714,70.));
#1033=CARTESIAN_POINT('Ctrl Pts',(-199.587798297714,14.8088617109695,0.));
#1034=CARTESIAN_POINT('Ctrl Pts',(-199.587798297714,14.8088617109695,70.));
#1035=CARTESIAN_POINT('Ctrl Pts',(-200.263836714612,9.65880677638696,0.));
#1036=CARTESIAN_POINT('Ctrl Pts',(-200.263836714612,9.65880677638696,70.));
#1037=CARTESIAN_POINT('Ctrl Pts',(-200.565931056777,7.00465993184226,0.));
#1038=CARTESIAN_POINT('Ctrl Pts',(-200.565931056777,7.00465993184226,70.));
#1039=CARTESIAN_POINT('',(-10.925193580808,-205.645475261272,50.));
#1040=CARTESIAN_POINT('Ctrl Pts',(-10.9251935808085,-205.645475261272,50.));
#1041=CARTESIAN_POINT('Ctrl Pts',(-1.92276775303616,-204.738996446491,50.));
#1042=CARTESIAN_POINT('Ctrl Pts',(15.8738123989574,-203.009623670368,50.));
#1043=CARTESIAN_POINT('Ctrl Pts',(39.1178229236473,-201.317684299279,50.));
#1044=CARTESIAN_POINT('Ctrl Pts',(56.2736525758525,-200.837496610078,50.));
#1045=CARTESIAN_POINT('Ctrl Pts',(67.5592825041245,-200.994882249287,50.));
#1046=CARTESIAN_POINT('Ctrl Pts',(78.7584710395901,-201.512657085127,50.));
#1047=CARTESIAN_POINT('Ctrl Pts',(88.0495876125174,-202.458552524654,50.));
#1048=CARTESIAN_POINT('Ctrl Pts',(95.7515022575907,-203.473188442598,50.));
#1049=CARTESIAN_POINT('Ctrl Pts',(99.6488879184197,-204.007628381789,50.));
#1050=CARTESIAN_POINT('Ctrl Pts',(104.617910192581,-204.717730541989,50.));
#1051=CARTESIAN_POINT('Ctrl Pts',(112.160811167839,-205.786492551879,50.));
#1052=CARTESIAN_POINT('Ctrl Pts',(118.257133755599,-206.569152767596,50.));
#1053=CARTESIAN_POINT('Ctrl Pts',(123.116909109374,-207.092759680902,50.));
#1054=CARTESIAN_POINT('Ctrl Pts',(125.966575923504,-207.382188070137,50.));
#1055=CARTESIAN_POINT('Ctrl Pts',(131.721325856338,-207.888718435509,50.));
#1056=CARTESIAN_POINT('Ctrl Pts',(138.407840272938,-208.272563266416,50.0000000000001));
#1057=CARTESIAN_POINT('Ctrl Pts',(145.194991172121,-208.408393843041,50.0000000000002));
#1058=CARTESIAN_POINT('Ctrl Pts',(152.058235162718,-208.356540186681,50.0000000000002));
#1059=CARTESIAN_POINT('Ctrl Pts',(159.037955483852,-207.991001216584,50.0000000000004));
#1060=CARTESIAN_POINT('Ctrl Pts',(166.235658226928,-207.180779408948,50.0000000000005));
#1061=CARTESIAN_POINT('Ctrl Pts',(171.794911319448,-206.282314127039,50.0000000000005));
#1062=CARTESIAN_POINT('Ctrl Pts',(176.289891959684,-205.283606069673,50.0000000000006));
#1063=CARTESIAN_POINT('Ctrl Pts',(180.296963347328,-204.165176155736,50.0000000000006));
#1064=CARTESIAN_POINT('Ctrl Pts',(183.750994015398,-203.037048036027,50.0000000000007));
#1065=CARTESIAN_POINT('Ctrl Pts',(187.445868486071,-201.521122051721,50.0000000000007));
#1066=CARTESIAN_POINT('Ctrl Pts',(190.653599600118,-199.893182362717,50.0000000000007));
#1067=CARTESIAN_POINT('Ctrl Pts',(193.240145473086,-198.359912450256,50.0000000000007));
#1068=CARTESIAN_POINT('Ctrl Pts',(196.076407373769,-196.342762351603,50.0000000000007));
#1069=CARTESIAN_POINT('Ctrl Pts',(198.760802570822,-193.941079879903,50.0000000000007));
#1070=CARTESIAN_POINT('Ctrl Pts',(201.056509410946,-191.257574494011,50.0000000000007));
#1071=CARTESIAN_POINT('Ctrl Pts',(202.697213196538,-188.875586003246,50.0000000000007));
#1072=CARTESIAN_POINT('Ctrl Pts',(204.03723238625,-186.392427342174,50.0000000000007));
#1073=CARTESIAN_POINT('Ctrl Pts',(205.329200163007,-183.31127758095,50.0000000000007));
#1074=CARTESIAN_POINT('Ctrl Pts',(206.24730886185,-180.068599199569,50.0000000000007));
#1075=CARTESIAN_POINT('Ctrl Pts',(207.003560994845,-175.800658452355,50.0000000000006));
#1076=CARTESIAN_POINT('Ctrl Pts',(207.324613924528,-170.588858697272,50.0000000000005));
#1077=CARTESIAN_POINT('Ctrl Pts',(207.081938811081,-164.846422877189,50.0000000000001));
#1078=CARTESIAN_POINT('Ctrl Pts',(206.526685173475,-160.075491799395,49.9999999999997));
#1079=CARTESIAN_POINT('Ctrl Pts',(205.977231962144,-156.462524592674,49.9999999999995));
#1080=CARTESIAN_POINT('Ctrl Pts',(205.371628098213,-152.958504193552,49.9999999999994));
#1081=CARTESIAN_POINT('Ctrl Pts',(204.786984521368,-150.003993159077,49.999999999999));
#1082=CARTESIAN_POINT('Ctrl Pts',(204.263333945876,-147.526957782103,49.9999999999989));
#1083=CARTESIAN_POINT('Ctrl Pts',(203.997580011221,-146.299002822701,49.9999999999989));
#1084=CARTESIAN_POINT('Ctrl Pts',(203.773388564316,-145.283829932859,49.9999999999989));
#1085=CARTESIAN_POINT('Ctrl Pts',(203.592673113567,-144.476301482598,49.9999999999989));
#1086=CARTESIAN_POINT('Ctrl Pts',(203.320373717018,-143.269478316718,49.9999999999989));
#1087=CARTESIAN_POINT('Ctrl Pts',(202.999519110958,-141.874171145242,49.999999999999));
#1088=CARTESIAN_POINT('Ctrl Pts',(202.676511833152,-140.492648273637,49.999999999999));
#1089=CARTESIAN_POINT('Ctrl Pts',(202.491541852244,-139.706981080236,49.999999999999));
#1090=CARTESIAN_POINT('Ctrl Pts',(201.658217588247,-136.182687593184,49.999999999999));
#1091=CARTESIAN_POINT('Ctrl Pts',(200.123976942087,-129.888740971023,49.9999999999994));
#1092=CARTESIAN_POINT('Ctrl Pts',(198.380461796607,-122.566442970455,49.9999999999994));
#1093=CARTESIAN_POINT('Ctrl Pts',(197.101278549073,-116.857918213263,49.9999999999995));
#1094=CARTESIAN_POINT('Ctrl Pts',(195.907978583729,-111.234381972845,49.9999999999995));
#1095=CARTESIAN_POINT('Ctrl Pts',(194.065597685727,-101.58173186616,49.9999999999996));
#1096=CARTESIAN_POINT('Ctrl Pts',(192.584389544658,-90.7903309040591,49.9999999999998));
#1097=CARTESIAN_POINT('Ctrl Pts',(191.798307608852,-79.968728935909,49.9999999999998));
#1098=CARTESIAN_POINT('Ctrl Pts',(191.562673736155,-71.8049955505493,49.9999999999999));
#1099=CARTESIAN_POINT('Ctrl Pts',(191.659071254324,-64.940292948479,49.9999999999999));
#1100=CARTESIAN_POINT('Ctrl Pts',(191.90576517385,-59.4008492269038,49.9999999999999));
#1101=CARTESIAN_POINT('Ctrl Pts',(192.607308430309,-48.2445017238493,49.9999999999999));
#1102=CARTESIAN_POINT('Ctrl Pts',(194.438956653443,-33.9458776361074,50.));
#1103=CARTESIAN_POINT('Ctrl Pts',(197.005925287777,-15.347355338265,50.));
#1104=CARTESIAN_POINT('Ctrl Pts',(197.922509835779,-5.25368399061523,50.));
#1105=CARTESIAN_POINT('Ctrl Pts',(198.105332061835,6.73766598069392E-13,
50.));
#1106=CARTESIAN_POINT('',(-10.9251935808074,-205.645475261272,0.));
#1107=CARTESIAN_POINT('Ctrl Pts',(-10.9251935808074,-205.645475261272,50.0000000000001));
#1108=CARTESIAN_POINT('Ctrl Pts',(-10.9251935808074,-205.645475261272,41.6666666666668));
#1109=CARTESIAN_POINT('Ctrl Pts',(-10.9251935808074,-205.645475261272,33.3333333333334));
#1110=CARTESIAN_POINT('Ctrl Pts',(-10.9251935808074,-205.645475261272,16.6666666666667));
#1111=CARTESIAN_POINT('Ctrl Pts',(-10.9251935808074,-205.645475261272,8.33333333333335));
#1112=CARTESIAN_POINT('Ctrl Pts',(-10.9251935808074,-205.645475261272,0.));
#1113=CARTESIAN_POINT('Ctrl Pts',(198.105332061835,3.37160854790852E-13,
0.));
#1114=CARTESIAN_POINT('Ctrl Pts',(198.03825208849,-1.92764845750157,0.));
#1115=CARTESIAN_POINT('Ctrl Pts',(197.802822245444,-6.53882188765217,0.));
#1116=CARTESIAN_POINT('Ctrl Pts',(197.153460883902,-14.0196386887037,0.));
#1117=CARTESIAN_POINT('Ctrl Pts',(195.761779895786,-24.7475959984565,0.));
#1118=CARTESIAN_POINT('Ctrl Pts',(193.647431026415,-39.3158439560121,0.));
#1119=CARTESIAN_POINT('Ctrl Pts',(191.828392284882,-55.7895567204711,0.));
#1120=CARTESIAN_POINT('Ctrl Pts',(191.208193283936,-73.2156088872076,0.));
#1121=CARTESIAN_POINT('Ctrl Pts',(192.32848878864,-91.3438355220551,0.));
#1122=CARTESIAN_POINT('Ctrl Pts',(195.317774777891,-109.807896115045,0.));
#1123=CARTESIAN_POINT('Ctrl Pts',(199.620511814499,-128.110248213184,0.));
#1124=CARTESIAN_POINT('Ctrl Pts',(204.086348900097,-145.645654120163,0.));
#1125=CARTESIAN_POINT('Ctrl Pts',(207.311341735072,-161.787015548344,0.));
#1126=CARTESIAN_POINT('Ctrl Pts',(207.895502313665,-175.95129571554,0.));
#1127=CARTESIAN_POINT('Ctrl Pts',(204.746533750794,-187.676217646493,0.));
#1128=CARTESIAN_POINT('Ctrl Pts',(197.336951080669,-196.686467148131,0.));
#1129=CARTESIAN_POINT('Ctrl Pts',(186.051647567358,-202.979961257872,0.));
#1130=CARTESIAN_POINT('Ctrl Pts',(171.957339450398,-206.785928090254,0.));
#1131=CARTESIAN_POINT('Ctrl Pts',(156.443550109446,-208.493568535258,0.));
#1132=CARTESIAN_POINT('Ctrl Pts',(140.894202310597,-208.58964191395,0.));
#1133=CARTESIAN_POINT('Ctrl Pts',(126.376573183845,-207.59505551199,0.));
#1134=CARTESIAN_POINT('Ctrl Pts',(113.245860914358,-205.995072331134,0.));
#1135=CARTESIAN_POINT('Ctrl Pts',(101.233893463673,-204.212295307995,0.));
#1136=CARTESIAN_POINT('Ctrl Pts',(89.7270493235968,-202.597051348126,0.));
#1137=CARTESIAN_POINT('Ctrl Pts',(77.9846139390854,-201.411744825261,0.));
#1138=CARTESIAN_POINT('Ctrl Pts',(65.3766760071114,-200.818369186835,0.));
#1139=CARTESIAN_POINT('Ctrl Pts',(51.6276673461923,-200.862772334824,0.));
#1140=CARTESIAN_POINT('Ctrl Pts',(36.7411880526659,-201.501057447776,0.));
#1141=CARTESIAN_POINT('Ctrl Pts',(21.2046405461606,-202.606503374175,0.));
#1142=CARTESIAN_POINT('Ctrl Pts',(8.32591991710798,-203.753447139425,0.));
#1143=CARTESIAN_POINT('Ctrl Pts',(-1.41889374102076,-204.695043043232,0.));
#1144=CARTESIAN_POINT('Ctrl Pts',(-7.85700359868618,-205.336530842098,0.));
#1145=CARTESIAN_POINT('Ctrl Pts',(-10.9251935808074,-205.645475261272,0.));
#1146=CARTESIAN_POINT('Ctrl Pts',(-10.9251935808085,-205.645475261272,50.));
#1147=CARTESIAN_POINT('Ctrl Pts',(-1.92276775303616,-204.738996446491,50.));
#1148=CARTESIAN_POINT('Ctrl Pts',(15.8738123989574,-203.009623670368,50.));
#1149=CARTESIAN_POINT('Ctrl Pts',(39.1178229236473,-201.317684299279,50.));
#1150=CARTESIAN_POINT('Ctrl Pts',(56.2736525758525,-200.837496610078,50.));
#1151=CARTESIAN_POINT('Ctrl Pts',(67.5592825041245,-200.994882249287,50.));
#1152=CARTESIAN_POINT('Ctrl Pts',(78.7584710395901,-201.512657085127,50.));
#1153=CARTESIAN_POINT('Ctrl Pts',(88.0495876125174,-202.458552524654,50.));
#1154=CARTESIAN_POINT('Ctrl Pts',(95.7515022575907,-203.473188442598,50.));
#1155=CARTESIAN_POINT('Ctrl Pts',(99.6488879184197,-204.007628381789,50.));
#1156=CARTESIAN_POINT('Ctrl Pts',(104.617910192581,-204.717730541989,50.));
#1157=CARTESIAN_POINT('Ctrl Pts',(112.160811167839,-205.786492551879,50.));
#1158=CARTESIAN_POINT('Ctrl Pts',(118.257133755599,-206.569152767596,50.));
#1159=CARTESIAN_POINT('Ctrl Pts',(123.116909109374,-207.092759680902,50.));
#1160=CARTESIAN_POINT('Ctrl Pts',(125.966575923504,-207.382188070137,50.));
#1161=CARTESIAN_POINT('Ctrl Pts',(131.721325856338,-207.888718435509,50.));
#1162=CARTESIAN_POINT('Ctrl Pts',(138.407840272938,-208.272563266416,50.0000000000001));
#1163=CARTESIAN_POINT('Ctrl Pts',(145.194991172121,-208.408393843041,50.0000000000002));
#1164=CARTESIAN_POINT('Ctrl Pts',(152.058235162718,-208.356540186681,50.0000000000002));
#1165=CARTESIAN_POINT('Ctrl Pts',(159.037955483852,-207.991001216584,50.0000000000004));
#1166=CARTESIAN_POINT('Ctrl Pts',(166.235658226928,-207.180779408948,50.0000000000005));
#1167=CARTESIAN_POINT('Ctrl Pts',(171.794911319448,-206.282314127039,50.0000000000005));
#1168=CARTESIAN_POINT('Ctrl Pts',(176.289891959684,-205.283606069673,50.0000000000006));
#1169=CARTESIAN_POINT('Ctrl Pts',(180.296963347328,-204.165176155736,50.0000000000006));
#1170=CARTESIAN_POINT('Ctrl Pts',(183.750994015398,-203.037048036027,50.0000000000007));
#1171=CARTESIAN_POINT('Ctrl Pts',(187.445868486071,-201.521122051721,50.0000000000007));
#1172=CARTESIAN_POINT('Ctrl Pts',(190.653599600118,-199.893182362717,50.0000000000007));
#1173=CARTESIAN_POINT('Ctrl Pts',(193.240145473086,-198.359912450256,50.0000000000007));
#1174=CARTESIAN_POINT('Ctrl Pts',(196.076407373769,-196.342762351603,50.0000000000007));
#1175=CARTESIAN_POINT('Ctrl Pts',(198.760802570822,-193.941079879903,50.0000000000007));
#1176=CARTESIAN_POINT('Ctrl Pts',(201.056509410946,-191.257574494011,50.0000000000007));
#1177=CARTESIAN_POINT('Ctrl Pts',(202.697213196538,-188.875586003246,50.0000000000007));
#1178=CARTESIAN_POINT('Ctrl Pts',(204.03723238625,-186.392427342174,50.0000000000007));
#1179=CARTESIAN_POINT('Ctrl Pts',(205.329200163007,-183.31127758095,50.0000000000007));
#1180=CARTESIAN_POINT('Ctrl Pts',(206.24730886185,-180.068599199569,50.0000000000007));
#1181=CARTESIAN_POINT('Ctrl Pts',(207.003560994845,-175.800658452355,50.0000000000006));
#1182=CARTESIAN_POINT('Ctrl Pts',(207.324613924528,-170.588858697272,50.0000000000005));
#1183=CARTESIAN_POINT('Ctrl Pts',(207.081938811081,-164.846422877189,50.0000000000001));
#1184=CARTESIAN_POINT('Ctrl Pts',(206.526685173475,-160.075491799395,49.9999999999997));
#1185=CARTESIAN_POINT('Ctrl Pts',(205.977231962144,-156.462524592674,49.9999999999995));
#1186=CARTESIAN_POINT('Ctrl Pts',(205.371628098213,-152.958504193552,49.9999999999994));
#1187=CARTESIAN_POINT('Ctrl Pts',(204.786984521368,-150.003993159077,49.999999999999));
#1188=CARTESIAN_POINT('Ctrl Pts',(204.263333945876,-147.526957782103,49.9999999999989));
#1189=CARTESIAN_POINT('Ctrl Pts',(203.997580011221,-146.299002822701,49.9999999999989));
#1190=CARTESIAN_POINT('Ctrl Pts',(203.773388564316,-145.283829932859,49.9999999999989));
#1191=CARTESIAN_POINT('Ctrl Pts',(203.592673113567,-144.476301482598,49.9999999999989));
#1192=CARTESIAN_POINT('Ctrl Pts',(203.320373717018,-143.269478316718,49.9999999999989));
#1193=CARTESIAN_POINT('Ctrl Pts',(202.999519110958,-141.874171145242,49.999999999999));
#1194=CARTESIAN_POINT('Ctrl Pts',(202.676511833152,-140.492648273637,49.999999999999));
#1195=CARTESIAN_POINT('Ctrl Pts',(202.491541852244,-139.706981080236,49.999999999999));
#1196=CARTESIAN_POINT('Ctrl Pts',(201.658217588247,-136.182687593184,49.999999999999));
#1197=CARTESIAN_POINT('Ctrl Pts',(200.123976942087,-129.888740971023,49.9999999999994));
#1198=CARTESIAN_POINT('Ctrl Pts',(198.380461796607,-122.566442970455,49.9999999999994));
#1199=CARTESIAN_POINT('Ctrl Pts',(197.101278549073,-116.857918213263,49.9999999999995));
#1200=CARTESIAN_POINT('Ctrl Pts',(195.907978583729,-111.234381972845,49.9999999999995));
#1201=CARTESIAN_POINT('Ctrl Pts',(194.065597685727,-101.58173186616,49.9999999999996));
#1202=CARTESIAN_POINT('Ctrl Pts',(192.584389544658,-90.7903309040591,49.9999999999998));
#1203=CARTESIAN_POINT('Ctrl Pts',(191.798307608852,-79.968728935909,49.9999999999998));
#1204=CARTESIAN_POINT('Ctrl Pts',(191.562673736155,-71.8049955505493,49.9999999999999));
#1205=CARTESIAN_POINT('Ctrl Pts',(191.659071254324,-64.940292948479,49.9999999999999));
#1206=CARTESIAN_POINT('Ctrl Pts',(191.90576517385,-59.4008492269038,49.9999999999999));
#1207=CARTESIAN_POINT('Ctrl Pts',(192.607308430309,-48.2445017238493,49.9999999999999));
#1208=CARTESIAN_POINT('Ctrl Pts',(194.438956653443,-33.9458776361074,50.));
#1209=CARTESIAN_POINT('Ctrl Pts',(197.005925287777,-15.347355338265,50.));
#1210=CARTESIAN_POINT('Ctrl Pts',(197.922509835779,-5.25368399061523,50.));
#1211=CARTESIAN_POINT('Ctrl Pts',(198.105332061835,6.73766598069392E-13,
50.));
#1212=CARTESIAN_POINT('Ctrl Pts',(-10.9251935808085,-205.645475261272,52.9919930034189));
#1213=CARTESIAN_POINT('Ctrl Pts',(-1.92277456205674,-204.73899713211,52.9919930034189));
#1214=CARTESIAN_POINT('Ctrl Pts',(15.8738691994296,-203.009626047037,52.9919930034188));
#1215=CARTESIAN_POINT('Ctrl Pts',(39.1179367053011,-201.317698614444,52.9919930034189));
#1216=CARTESIAN_POINT('Ctrl Pts',(56.2737211862435,-200.837520130942,52.9919930034189));
#1217=CARTESIAN_POINT('Ctrl Pts',(67.5592634368176,-200.994909990777,52.9919930034189));
#1218=CARTESIAN_POINT('Ctrl Pts',(78.758350175363,-201.512683963954,52.9919930034189));
#1219=CARTESIAN_POINT('Ctrl Pts',(88.0494435677358,-202.458613449929,52.9919930034189));
#1220=CARTESIAN_POINT('Ctrl Pts',(95.7513058842922,-203.473250901328,52.9919930034189));
#1221=CARTESIAN_POINT('Ctrl Pts',(99.6486823498561,-204.007686075861,52.9919930034189));
#1222=CARTESIAN_POINT('Ctrl Pts',(104.617659223807,-204.717810433183,52.9919930034188));
#1223=CARTESIAN_POINT('Ctrl Pts',(112.160633218485,-205.7865472731,52.9919930034189));
#1224=CARTESIAN_POINT('Ctrl Pts',(118.256628862673,-206.569410806482,52.9919930034188));
#1225=CARTESIAN_POINT('Ctrl Pts',(123.116479010126,-207.093006686591,52.9919930034188));
#1226=CARTESIAN_POINT('Ctrl Pts',(125.966145508237,-207.38245330904,52.9919930034188));
#1227=CARTESIAN_POINT('Ctrl Pts',(131.720916296048,-207.889012339677,52.9919930034189));
#1228=CARTESIAN_POINT('Ctrl Pts',(138.407233710756,-208.273022194991,52.991993003419));
#1229=CARTESIAN_POINT('Ctrl Pts',(145.194387657162,-208.408914166278,52.991993003419));
#1230=CARTESIAN_POINT('Ctrl Pts',(152.057649370735,-208.357115124857,52.9919930034191));
#1231=CARTESIAN_POINT('Ctrl Pts',(159.037040522439,-207.991882361375,52.9919930034193));
#1232=CARTESIAN_POINT('Ctrl Pts',(166.234783551459,-207.18173225563,52.9919930034194));
#1233=CARTESIAN_POINT('Ctrl Pts',(171.794015096278,-206.28337397905,52.9919930034194));
#1234=CARTESIAN_POINT('Ctrl Pts',(176.288985356467,-205.284760545639,52.9919930034195));
#1235=CARTESIAN_POINT('Ctrl Pts',(180.296195624292,-204.166301510907,52.9919930034195));
#1236=CARTESIAN_POINT('Ctrl Pts',(183.750261743508,-203.038227451103,52.9919930034196));
#1237=CARTESIAN_POINT('Ctrl Pts',(187.445287677876,-201.522266481043,52.9919930034196));
#1238=CARTESIAN_POINT('Ctrl Pts',(190.653164992942,-199.894279211202,52.9919930034196));
#1239=CARTESIAN_POINT('Ctrl Pts',(193.239863818971,-198.360933936756,52.9919930034196));
#1240=CARTESIAN_POINT('Ctrl Pts',(196.076320082688,-196.343659766756,52.9919930034196));
#1241=CARTESIAN_POINT('Ctrl Pts',(198.760929902468,-193.941798355695,52.9919930034196));
#1242=CARTESIAN_POINT('Ctrl Pts',(201.05685758042,-191.258036925916,52.9919930034196));
#1243=CARTESIAN_POINT('Ctrl Pts',(202.697723348481,-188.875812966211,52.9919930034196));
#1244=CARTESIAN_POINT('Ctrl Pts',(204.03787230424,-186.392410856551,52.9919930034196));
#1245=CARTESIAN_POINT('Ctrl Pts',(205.329958270718,-183.310971795324,52.9919930034196));
#1246=CARTESIAN_POINT('Ctrl Pts',(206.248119767993,-180.06805346641,52.9919930034196));
#1247=CARTESIAN_POINT('Ctrl Pts',(207.004416891919,-175.799813290062,52.9919930034195));
#1248=CARTESIAN_POINT('Ctrl Pts',(207.325426134217,-170.587824436133,52.9919930034194));
#1249=CARTESIAN_POINT('Ctrl Pts',(207.082596617298,-164.845446560335,52.991993003419));
#1250=CARTESIAN_POINT('Ctrl Pts',(206.52721068903,-160.074625027964,52.9919930034185));
#1251=CARTESIAN_POINT('Ctrl Pts',(205.977704281683,-156.461665287389,52.9919930034184));
#1252=CARTESIAN_POINT('Ctrl Pts',(205.372067782205,-152.957625400797,52.9919930034183));
#1253=CARTESIAN_POINT('Ctrl Pts',(204.787316845432,-150.003295147522,52.9919930034178));
#1254=CARTESIAN_POINT('Ctrl Pts',(204.263653228702,-147.526248363504,52.9919930034177));
#1255=CARTESIAN_POINT('Ctrl Pts',(203.997890342158,-146.298295281873,52.9919930034177));
#1256=CARTESIAN_POINT('Ctrl Pts',(203.773694361466,-145.283119006997,52.9919930034177));
#1257=CARTESIAN_POINT('Ctrl Pts',(203.592976268969,-144.475586547011,52.9919930034177));
#1258=CARTESIAN_POINT('Ctrl Pts',(203.320673308876,-143.268757357663,52.9919930034177));
#1259=CARTESIAN_POINT('Ctrl Pts',(202.99980406478,-141.873468986859,52.9919930034178));
#1260=CARTESIAN_POINT('Ctrl Pts',(202.676793036782,-140.491943241234,52.9919930034178));
#1261=CARTESIAN_POINT('Ctrl Pts',(202.491821727574,-139.706273621081,52.9919930034178));
#1262=CARTESIAN_POINT('Ctrl Pts',(201.658485558771,-136.181981617043,52.9919930034178));
#1263=CARTESIAN_POINT('Ctrl Pts',(200.124140423119,-129.888232152093,52.9919930034182));
#1264=CARTESIAN_POINT('Ctrl Pts',(198.380621033787,-122.565962191083,52.9919930034182));
#1265=CARTESIAN_POINT('Ctrl Pts',(197.101415217374,-116.857519591698,52.9919930034183));
#1266=CARTESIAN_POINT('Ctrl Pts',(195.908113530317,-111.234029281564,52.9919930034183));
#1267=CARTESIAN_POINT('Ctrl Pts',(194.06571428124,-101.581496192449,52.9919930034184));
#1268=CARTESIAN_POINT('Ctrl Pts',(192.584436892701,-90.790125871772,52.9919930034187));
#1269=CARTESIAN_POINT('Ctrl Pts',(191.798350601672,-79.9686473537249,52.9919930034187));
#1270=CARTESIAN_POINT('Ctrl Pts',(191.562711211613,-71.8050000993911,52.9919930034187));
#1271=CARTESIAN_POINT('Ctrl Pts',(191.659100157848,-64.9403560414786,52.9919930034187));
#1272=CARTESIAN_POINT('Ctrl Pts',(191.905790119626,-59.4009776696764,52.9919930034187));
#1273=CARTESIAN_POINT('Ctrl Pts',(192.607322487994,-48.2447413938078,52.9919930034187));
#1274=CARTESIAN_POINT('Ctrl Pts',(194.438939012865,-33.9461105765971,52.9919930034188));
#1275=CARTESIAN_POINT('Ctrl Pts',(197.005914703623,-15.3475542736808,52.9919930034189));
#1276=CARTESIAN_POINT('Ctrl Pts',(197.922506344538,-5.25378431691073,52.9919930034189));
#1277=CARTESIAN_POINT('Ctrl Pts',(198.105332061835,6.73766598069392E-13,
52.9919930034189));
#1278=CARTESIAN_POINT('Ctrl Pts',(-11.0620961497968,-204.285867951259,58.973702111722));
#1279=CARTESIAN_POINT('Ctrl Pts',(-2.05635423385111,-203.379055230513,58.973702111722));
#1280=CARTESIAN_POINT('Ctrl Pts',(15.7530613780187,-201.648401085935,58.9737021117219));
#1281=CARTESIAN_POINT('Ctrl Pts',(39.0407335362029,-199.952954421298,58.973702111722));
#1282=CARTESIAN_POINT('Ctrl Pts',(56.2582460114017,-199.470668242532,58.973702111722));
#1283=CARTESIAN_POINT('Ctrl Pts',(67.5994650571859,-199.628777138192,58.973702111722));
#1284=CARTESIAN_POINT('Ctrl Pts',(78.8617785554451,-200.1493495141,58.973702111722));
#1285=CARTESIAN_POINT('Ctrl Pts',(88.2081401751985,-201.101136227553,58.973702111722));
#1286=CARTESIAN_POINT('Ctrl Pts',(95.9338088185136,-202.118947313844,58.973702111722));
#1287=CARTESIAN_POINT('Ctrl Pts',(99.8396813138544,-202.654549793593,58.973702111722));
#1288=CARTESIAN_POINT('Ctrl Pts',(104.812281970108,-203.365189664733,58.973702111722));
#1289=CARTESIAN_POINT('Ctrl Pts',(112.345830866316,-204.432590171434,58.973702111722));
#1290=CARTESIAN_POINT('Ctrl Pts',(118.420700520721,-205.212510019447,58.9737021117219));
#1291=CARTESIAN_POINT('Ctrl Pts',(123.258586108921,-205.733747804543,58.9737021117219));
#1292=CARTESIAN_POINT('Ctrl Pts',(126.094591451974,-206.0217941552,58.9737021117219));
#1293=CARTESIAN_POINT('Ctrl Pts',(131.818801683044,-206.525630095499,58.973702111722));
#1294=CARTESIAN_POINT('Ctrl Pts',(138.464105425254,-206.907101832067,58.9737021117221));
#1295=CARTESIAN_POINT('Ctrl Pts',(145.20385085255,-207.041972761372,58.9737021117222));
#1296=CARTESIAN_POINT('Ctrl Pts',(152.014494620534,-206.990521792802,58.9737021117222));
#1297=CARTESIAN_POINT('Ctrl Pts',(158.932269582909,-206.62808507634,58.9737021117225));
#1298=CARTESIAN_POINT('Ctrl Pts',(166.051308696582,-205.826583867314,58.9737021117225));
#1299=CARTESIAN_POINT('Ctrl Pts',(171.539006643206,-204.939600335623,58.9737021117226));
#1300=CARTESIAN_POINT('Ctrl Pts',(175.964176725791,-203.956126317234,58.9737021117227));
#1301=CARTESIAN_POINT('Ctrl Pts',(179.897978253647,-202.85808963386,58.9737021117227));
#1302=CARTESIAN_POINT('Ctrl Pts',(183.280674402642,-201.753108743621,58.9737021117228));
#1303=CARTESIAN_POINT('Ctrl Pts',(186.883395591456,-200.274497348637,58.9737021117228));
#1304=CARTESIAN_POINT('Ctrl Pts',(189.995686622661,-198.694763695093,58.9737021117228));
#1305=CARTESIAN_POINT('Ctrl Pts',(192.495001495831,-197.212940101221,58.9737021117228));
#1306=CARTESIAN_POINT('Ctrl Pts',(195.222172270294,-195.272873379785,58.9737021117228));
#1307=CARTESIAN_POINT('Ctrl Pts',(197.787452350585,-192.976729744368,58.9737021117228));
#1308=CARTESIAN_POINT('Ctrl Pts',(199.971341060858,-190.42353954222,58.9737021117228));
#1309=CARTESIAN_POINT('Ctrl Pts',(201.5295236903,-188.161294070612,58.9737021117228));
#1310=CARTESIAN_POINT('Ctrl Pts',(202.802824410665,-185.801966194457,58.9737021117228));
#1311=CARTESIAN_POINT('Ctrl Pts',(204.033660322925,-182.867294966887,58.9737021117228));
#1312=CARTESIAN_POINT('Ctrl Pts',(204.913426009486,-179.76257115409,58.9737021117228));
#1313=CARTESIAN_POINT('Ctrl Pts',(205.642776862244,-175.649667528776,58.9737021117227));
#1314=CARTESIAN_POINT('Ctrl Pts',(205.956228697217,-170.585906165746,58.9737021117225));
#1315=CARTESIAN_POINT('Ctrl Pts',(205.719166303147,-164.958918424194,58.9737021117221));
#1316=CARTESIAN_POINT('Ctrl Pts',(205.172094655336,-160.255288962954,58.9737021117216));
#1317=CARTESIAN_POINT('Ctrl Pts',(204.628672098601,-156.682099194519,58.9737021117214));
#1318=CARTESIAN_POINT('Ctrl Pts',(204.028667284403,-153.210296744813,58.9737021117213));
#1319=CARTESIAN_POINT('Ctrl Pts',(203.44804733596,-150.276180717959,58.9737021117208));
#1320=CARTESIAN_POINT('Ctrl Pts',(202.92724300577,-147.812627342045,58.9737021117207));
#1321=CARTESIAN_POINT('Ctrl Pts',(202.662784576764,-146.590672130903,58.9737021117207));
#1322=CARTESIAN_POINT('Ctrl Pts',(202.439569943104,-145.579927762215,58.9737021117206));
#1323=CARTESIAN_POINT('Ctrl Pts',(202.259574994856,-144.775621737631,58.9737021117207));
#1324=CARTESIAN_POINT('Ctrl Pts',(201.98829584952,-143.573323721069,58.9737021117206));
#1325=CARTESIAN_POINT('Ctrl Pts',(201.668451730213,-142.182438251206,58.9737021117207));
#1326=CARTESIAN_POINT('Ctrl Pts',(201.346260702429,-140.804410744117,58.9737021117207));
#1327=CARTESIAN_POINT('Ctrl Pts',(201.161702427888,-140.020493892635,58.9737021117208));
#1328=CARTESIAN_POINT('Ctrl Pts',(200.330066011739,-136.503354380888,58.9737021117208));
#1329=CARTESIAN_POINT('Ctrl Pts',(198.796389634873,-130.21193687533,58.9737021117212));
#1330=CARTESIAN_POINT('Ctrl Pts',(197.049610866893,-122.87616243448,58.9737021117212));
#1331=CARTESIAN_POINT('Ctrl Pts',(195.766353489995,-117.149605121355,58.9737021117213));
#1332=CARTESIAN_POINT('Ctrl Pts',(194.568304816485,-111.503756814986,58.9737021117214));
#1333=CARTESIAN_POINT('Ctrl Pts',(192.716493707488,-101.802451710497,58.9737021117215));
#1334=CARTESIAN_POINT('Ctrl Pts',(191.224989623834,-90.9386025656282,58.9737021117217));
#1335=CARTESIAN_POINT('Ctrl Pts',(190.433160327369,-80.0379717589608,58.9737021117217));
#1336=CARTESIAN_POINT('Ctrl Pts',(190.195805975127,-71.8145672793514,58.9737021117218));
#1337=CARTESIAN_POINT('Ctrl Pts',(190.292914867612,-64.9020946305888,58.9737021117218));
#1338=CARTESIAN_POINT('Ctrl Pts',(190.541202210777,-59.3270803445039,58.9737021117218));
#1339=CARTESIAN_POINT('Ctrl Pts',(191.246947947522,-48.104425462949,58.9737021117218));
#1340=CARTESIAN_POINT('Ctrl Pts',(193.087239273996,-33.746729357616,58.9737021117219));
#1341=CARTESIAN_POINT('Ctrl Pts',(195.649442900496,-15.1795669753407,58.9737021117219));
#1342=CARTESIAN_POINT('Ctrl Pts',(196.558554272925,-5.15730041292408,58.973702111722));
#1343=CARTESIAN_POINT('Ctrl Pts',(196.739676215854,0.0475232698120589,58.973702111722));
#1344=CARTESIAN_POINT('Ctrl Pts',(-11.636946104556,-198.576915910203,66.1723481729415));
#1345=CARTESIAN_POINT('Ctrl Pts',(-2.61726792210677,-197.668699908766,66.1723481729415));
#1346=CARTESIAN_POINT('Ctrl Pts',(15.2459303093541,-195.932662327895,66.1723481729415));
#1347=CARTESIAN_POINT('Ctrl Pts',(38.7168350908796,-194.222467409863,66.1723481729415));
#1348=CARTESIAN_POINT('Ctrl Pts',(56.1934322896866,-193.731353364501,66.1723481729415));
#1349=CARTESIAN_POINT('Ctrl Pts',(67.7682243479649,-193.892491688283,66.1723481729415));
#1350=CARTESIAN_POINT('Ctrl Pts',(79.2957787628046,-194.424812388531,66.1723481729415));
#1351=CARTESIAN_POINT('Ctrl Pts',(88.8741539660019,-195.401275852005,66.1723481729415));
#1352=CARTESIAN_POINT('Ctrl Pts',(96.6996580139995,-196.432416652256,66.1723481729415));
#1353=CARTESIAN_POINT('Ctrl Pts',(100.641182834313,-196.972909078732,66.1723481729415));
#1354=CARTESIAN_POINT('Ctrl Pts',(105.62888974294,-197.685767312669,66.1723481729415));
#1355=CARTESIAN_POINT('Ctrl Pts',(113.123039687772,-198.74749566278,66.1723481729415));
#1356=CARTESIAN_POINT('Ctrl Pts',(119.108410448628,-199.515547254547,66.1723481729415));
#1357=CARTESIAN_POINT('Ctrl Pts',(123.854248544953,-200.026856757113,66.1723481729415));
#1358=CARTESIAN_POINT('Ctrl Pts',(126.632890325301,-200.309067545936,66.1723481729415));
#1359=CARTESIAN_POINT('Ctrl Pts',(132.228828142444,-200.801538701374,66.1723481729415));
#1360=CARTESIAN_POINT('Ctrl Pts',(138.701439747164,-201.172752443481,66.1723481729417));
#1361=CARTESIAN_POINT('Ctrl Pts',(145.242125541247,-201.303484671832,66.1723481729417));
#1362=CARTESIAN_POINT('Ctrl Pts',(151.831870971127,-201.253627463727,66.1723481729418));
#1363=CARTESIAN_POINT('Ctrl Pts',(158.490124466724,-200.903672537366,66.1723481729421));
#1364=CARTESIAN_POINT('Ctrl Pts',(165.278785625308,-200.138661374106,66.1723481729421));
#1365=CARTESIAN_POINT('Ctrl Pts',(170.466063884899,-199.299699109376,66.1723481729422));
#1366=CARTESIAN_POINT('Ctrl Pts',(174.598119898531,-198.380024126709,66.1723481729423));
#1367=CARTESIAN_POINT('Ctrl Pts',(178.224016438831,-197.367669814067,66.1723481729423));
#1368=CARTESIAN_POINT('Ctrl Pts',(181.307117953509,-196.359787348423,66.1723481729424));
#1369=CARTESIAN_POINT('Ctrl Pts',(184.522620832426,-195.037921052373,66.1723481729424));
#1370=CARTESIAN_POINT('Ctrl Pts',(187.233901728678,-193.660687763297,66.1723481729424));
#1371=CARTESIAN_POINT('Ctrl Pts',(189.366664164607,-192.395019788954,66.1723481729425));
#1372=CARTESIAN_POINT('Ctrl Pts',(191.635418825408,-190.778844572773,66.1723481729425));
#1373=CARTESIAN_POINT('Ctrl Pts',(193.70015631875,-188.926173661876,66.1723481729425));
#1374=CARTESIAN_POINT('Ctrl Pts',(195.414131229078,-186.920628459597,66.1723481729425));
#1375=CARTESIAN_POINT('Ctrl Pts',(196.625521863754,-185.161599186923,66.1723481729425));
#1376=CARTESIAN_POINT('Ctrl Pts',(197.618442903206,-183.32266610979,66.1723481729425));
#1377=CARTESIAN_POINT('Ctrl Pts',(198.592377712392,-181.003568458713,66.1723481729424));
#1378=CARTESIAN_POINT('Ctrl Pts',(199.31104830779,-178.478538581429,66.1723481729424));
#1379=CARTESIAN_POINT('Ctrl Pts',(199.927361456557,-175.017163810015,66.1723481729423));
#1380=CARTESIAN_POINT('Ctrl Pts',(200.208974196262,-170.575347650587,66.1723481729422));
#1381=CARTESIAN_POINT('Ctrl Pts',(199.995754003433,-165.433020040525,66.1723481729416));
#1382=CARTESIAN_POINT('Ctrl Pts',(199.483273529473,-161.011793344914,66.1723481729411));
#1383=CARTESIAN_POINT('Ctrl Pts',(198.965268109089,-157.605614621281,66.1723481729409));
#1384=CARTESIAN_POINT('Ctrl Pts',(198.38883157506,-154.26912906754,66.1723481729408));
#1385=CARTESIAN_POINT('Ctrl Pts',(197.825297629634,-151.420329634281,66.1723481729402));
#1386=CARTESIAN_POINT('Ctrl Pts',(197.316467791095,-149.013407077088,66.1723481729401));
#1387=CARTESIAN_POINT('Ctrl Pts',(197.057465070974,-147.816641297579,66.1723481729401));
#1388=CARTESIAN_POINT('Ctrl Pts',(196.838360109858,-146.824498181139,66.17234817294));
#1389=CARTESIAN_POINT('Ctrl Pts',(196.661395228364,-146.033730159335,66.17234817294));
#1390=CARTESIAN_POINT('Ctrl Pts',(196.394406425111,-144.850443825452,66.17234817294));
#1391=CARTESIAN_POINT('Ctrl Pts',(196.078831339399,-143.478091523089,66.1723481729401));
#1392=CARTESIAN_POINT('Ctrl Pts',(195.760074390443,-142.114746061661,66.1723481729401));
#1393=CARTESIAN_POINT('Ctrl Pts',(195.577247221038,-141.338183160767,66.1723481729402));
#1394=CARTESIAN_POINT('Ctrl Pts',(194.752719198152,-137.851080348798,66.1723481729402));
#1395=CARTESIAN_POINT('Ctrl Pts',(193.221597970685,-131.569931954503,66.1723481729406));
#1396=CARTESIAN_POINT('Ctrl Pts',(191.461122891816,-124.177520469238,66.1723481729407));
#1397=CARTESIAN_POINT('Ctrl Pts',(190.160798493783,-118.375098882149,66.1723481729408));
#1398=CARTESIAN_POINT('Ctrl Pts',(188.942813192564,-112.635481180437,66.1723481729408));
#1399=CARTESIAN_POINT('Ctrl Pts',(187.051437529587,-102.729667061998,66.172348172941));
#1400=CARTESIAN_POINT('Ctrl Pts',(185.516824211716,-91.561555593405,66.1723481729412));
#1401=CARTESIAN_POINT('Ctrl Pts',(184.700869657208,-80.3288654500364,66.1723481729413));
#1402=CARTESIAN_POINT('Ctrl Pts',(184.45630087152,-71.8547506050909,66.1723481729413));
#1403=CARTESIAN_POINT('Ctrl Pts',(184.556412046578,-64.7415888016521,66.1723481729413));
#1404=CARTESIAN_POINT('Ctrl Pts',(184.811397167338,-59.017098534695,66.1723481729414));
#1405=CARTESIAN_POINT('Ctrl Pts',(185.534808358838,-47.5158230959153,66.1723481729414));
#1406=CARTESIAN_POINT('Ctrl Pts',(187.411448192496,-32.910097251575,66.1723481729415));
#1407=CARTESIAN_POINT('Ctrl Pts',(189.953631140536,-14.4746747203772,66.1723481729415));
#1408=CARTESIAN_POINT('Ctrl Pts',(190.831350251075,-4.75241014272061,66.1723481729415));
#1409=CARTESIAN_POINT('Ctrl Pts',(191.005326546007,0.247072114680097,66.1723481729415));
#1410=CARTESIAN_POINT('Ctrl Pts',(-12.3293199992586,-191.700809673069,69.4988330657331));
#1411=CARTESIAN_POINT('Ctrl Pts',(-3.29285520444636,-190.79090338184,69.4988330657331));
#1412=CARTESIAN_POINT('Ctrl Pts',(14.635110126815,-189.048381467677,69.4988330657331));
#1413=CARTESIAN_POINT('Ctrl Pts',(38.3266982795386,-187.320421059302,69.4988330657331));
#1414=CARTESIAN_POINT('Ctrl Pts',(56.1153560149435,-186.818672763047,69.4988330657331));
#1415=CARTESIAN_POINT('Ctrl Pts',(67.9714885565363,-186.983459130561,69.4988330657331));
#1416=CARTESIAN_POINT('Ctrl Pts',(79.818528073411,-187.529930164627,69.4988330657331));
#1417=CARTESIAN_POINT('Ctrl Pts',(89.676354373802,-188.536109480111,69.4988330657331));
#1418=CARTESIAN_POINT('Ctrl Pts',(97.6221134977989,-189.583304893566,69.4988330657331));
#1419=CARTESIAN_POINT('Ctrl Pts',(101.606581093221,-190.129687804396,69.4988330657331));
#1420=CARTESIAN_POINT('Ctrl Pts',(106.612490462584,-190.845214094511,69.4988330657331));
#1421=CARTESIAN_POINT('Ctrl Pts',(114.059174008333,-191.900115004955,69.4988330657331));
#1422=CARTESIAN_POINT('Ctrl Pts',(119.936804955611,-192.653836834128,69.4988330657331));
#1423=CARTESIAN_POINT('Ctrl Pts',(124.57176419027,-193.153190194366,69.4988330657331));
#1424=CARTESIAN_POINT('Ctrl Pts',(127.281314894575,-193.42836923259,69.4988330657331));
#1425=CARTESIAN_POINT('Ctrl Pts',(132.722752322008,-193.907147202189,69.4988330657331));
#1426=CARTESIAN_POINT('Ctrl Pts',(138.987400158959,-194.265977265762,69.4988330657333));
#1427=CARTESIAN_POINT('Ctrl Pts',(145.288329482645,-194.391714058501,69.4988330657334));
#1428=CARTESIAN_POINT('Ctrl Pts',(151.612012435552,-194.34376700804,69.4988330657334));
#1429=CARTESIAN_POINT('Ctrl Pts',(157.957744036304,-194.008792781454,69.4988330657337));
#1430=CARTESIAN_POINT('Ctrl Pts',(164.348476882273,-193.287719403684,69.4988330657337));
#1431=CARTESIAN_POINT('Ctrl Pts',(169.17392053265,-192.506577521612,69.4988330657338));
#1432=CARTESIAN_POINT('Ctrl Pts',(172.952939206824,-191.66372848084,69.4988330657339));
#1433=CARTESIAN_POINT('Ctrl Pts',(176.207957804783,-190.754578714678,69.498833065734));
#1434=CARTESIAN_POINT('Ctrl Pts',(178.930208591509,-189.86363640858,69.498833065734));
#1435=CARTESIAN_POINT('Ctrl Pts',(181.67930299325,-188.730566664311,69.4988330657341));
#1436=CARTESIAN_POINT('Ctrl Pts',(183.907564857023,-187.597241703618,69.4988330657341));
#1437=CARTESIAN_POINT('Ctrl Pts',(185.59880942019,-186.591933831111,69.4988330657341));
#1438=CARTESIAN_POINT('Ctrl Pts',(187.315394509388,-185.365888845081,69.4988330657341));
#1439=CARTESIAN_POINT('Ctrl Pts',(188.777220003057,-184.047386383473,69.4988330657341));
#1440=CARTESIAN_POINT('Ctrl Pts',(189.92517246222,-182.701492499664,69.4988330657341));
#1441=CARTESIAN_POINT('Ctrl Pts',(190.718843987003,-181.548599040945,69.4988330657341));
#1442=CARTESIAN_POINT('Ctrl Pts',(191.374041316414,-180.336493797747,69.4988330657341));
#1443=CARTESIAN_POINT('Ctrl Pts',(192.038533019833,-178.75886929641,69.4988330657341));
#1444=CARTESIAN_POINT('Ctrl Pts',(192.563164669136,-176.932089066767,69.498833065734));
#1445=CARTESIAN_POINT('Ctrl Pts',(193.043322595127,-174.255495270423,69.498833065734));
#1446=CARTESIAN_POINT('Ctrl Pts',(193.286594513229,-170.562809209684,69.4988330657338));
#1447=CARTESIAN_POINT('Ctrl Pts',(193.102117564164,-166.004216999282,69.4988330657332));
#1448=CARTESIAN_POINT('Ctrl Pts',(192.631323036364,-161.923109358298,69.4988330657327));
#1449=CARTESIAN_POINT('Ctrl Pts',(192.143940293646,-158.718084596817,69.4988330657324));
#1450=CARTESIAN_POINT('Ctrl Pts',(191.595896043568,-155.544583872265,69.4988330657323));
#1451=CARTESIAN_POINT('Ctrl Pts',(191.052959759936,-152.79851216359,69.4988330657317));
#1452=CARTESIAN_POINT('Ctrl Pts',(190.558554764869,-150.459800159584,69.4988330657316));
#1453=CARTESIAN_POINT('Ctrl Pts',(190.306124680683,-149.293373285468,69.4988330657316));
#1454=CARTESIAN_POINT('Ctrl Pts',(190.091970368405,-148.323634898374,69.4988330657315));
#1455=CARTESIAN_POINT('Ctrl Pts',(189.918655485434,-147.549173319428,69.4988330657315));
#1456=CARTESIAN_POINT('Ctrl Pts',(189.656834769518,-146.38878651071,69.4988330657315));
#1457=CARTESIAN_POINT('Ctrl Pts',(189.346404019603,-145.038753100536,69.4988330657316));
#1458=CARTESIAN_POINT('Ctrl Pts',(189.031783870111,-143.693091819976,69.4988330657316));
#1459=CARTESIAN_POINT('Ctrl Pts',(188.851041947326,-142.925386751254,69.4988330657317));
#1460=CARTESIAN_POINT('Ctrl Pts',(188.035077634358,-139.474461170146,69.4988330657317));
#1461=CARTESIAN_POINT('Ctrl Pts',(186.507051990609,-133.205647270707,69.4988330657322));
#1462=CARTESIAN_POINT('Ctrl Pts',(184.730081221768,-125.745014860204,69.4988330657322));
#1463=CARTESIAN_POINT('Ctrl Pts',(183.409204472014,-119.851204899618,69.4988330657324));
#1464=CARTESIAN_POINT('Ctrl Pts',(182.167206940357,-113.998639388647,69.4988330657324));
#1465=CARTESIAN_POINT('Ctrl Pts',(180.228181205287,-103.846485641985,69.4988330657325));
#1466=CARTESIAN_POINT('Ctrl Pts',(178.641657243945,-92.311902311457,69.4988330657328));
#1467=CARTESIAN_POINT('Ctrl Pts',(177.796645948295,-80.6792443594118,69.4988330657329));
#1468=CARTESIAN_POINT('Ctrl Pts',(177.543388743337,-71.9031483369578,69.4988330657329));
#1469=CARTESIAN_POINT('Ctrl Pts',(177.647117477006,-64.5482578096412,69.4988330657329));
#1470=CARTESIAN_POINT('Ctrl Pts',(177.910170371601,-58.64372098197,69.4988330657329));
#1471=CARTESIAN_POINT('Ctrl Pts',(178.65486047417,-46.8068437999403,69.4988330657329));
#1472=CARTESIAN_POINT('Ctrl Pts',(180.575285482384,-31.9023814824795,69.4988330657331));
#1473=CARTESIAN_POINT('Ctrl Pts',(183.093353449083,-13.6256379426442,69.4988330657331));
#1474=CARTESIAN_POINT('Ctrl Pts',(183.933261150082,-4.26472563490272,69.4988330657331));
#1475=CARTESIAN_POINT('Ctrl Pts',(184.098630317491,0.487417286077988,69.4988330657331));
#1476=CARTESIAN_POINT('Ctrl Pts',(-12.7790377861333,-187.234570690146,70.));
#1477=CARTESIAN_POINT('Ctrl Pts',(-3.7316698276677,-186.323566529625,70.));
#1478=CARTESIAN_POINT('Ctrl Pts',(14.238366018407,-184.576832906652,70.));
#1479=CARTESIAN_POINT('Ctrl Pts',(38.0732967780055,-182.837333711214,70.));
#1480=CARTESIAN_POINT('Ctrl Pts',(56.0646456201484,-182.328678483753,70.));
#1481=CARTESIAN_POINT('Ctrl Pts',(68.1035141113695,-182.495834520248,70.));
#1482=CARTESIAN_POINT('Ctrl Pts',(80.1580651455352,-183.05149659261,70.));
#1483=CARTESIAN_POINT('Ctrl Pts',(90.1974025390379,-184.076978496949,70.));
#1484=CARTESIAN_POINT('Ctrl Pts',(98.2212690600179,-185.134601923322,70.));
#1485=CARTESIAN_POINT('Ctrl Pts',(102.233628950742,-185.684810707795,70.));
#1486=CARTESIAN_POINT('Ctrl Pts',(107.251359709867,-186.402070792246,70.));
#1487=CARTESIAN_POINT('Ctrl Pts',(114.667215062038,-187.452536154332,70.));
#1488=CARTESIAN_POINT('Ctrl Pts',(120.474853794099,-188.196957799097,69.9999999999999));
#1489=CARTESIAN_POINT('Ctrl Pts',(125.037796587531,-188.688544880069,70.));
#1490=CARTESIAN_POINT('Ctrl Pts',(127.702470536596,-188.959157249885,70.));
#1491=CARTESIAN_POINT('Ctrl Pts',(133.043556049836,-189.429042128618,70.));
#1492=CARTESIAN_POINT('Ctrl Pts',(139.173117930298,-189.779834648894,70.0000000000002));
#1493=CARTESIAN_POINT('Ctrl Pts',(145.31831828589,-189.90232899865,70.0000000000003));
#1494=CARTESIAN_POINT('Ctrl Pts',(151.469186260048,-189.855624649146,70.0000000000003));
#1495=CARTESIAN_POINT('Ctrl Pts',(157.611913408408,-189.530392029884,70.0000000000006));
#1496=CARTESIAN_POINT('Ctrl Pts',(163.744181251344,-188.837860192978,70.0000000000007));
#1497=CARTESIAN_POINT('Ctrl Pts',(168.334601591192,-188.09427830863,70.0000000000008));
#1498=CARTESIAN_POINT('Ctrl Pts',(171.884311455734,-187.301333498717,70.0000000000009));
#1499=CARTESIAN_POINT('Ctrl Pts',(174.898438687274,-186.459217142966,70.0000000000009));
#1500=CARTESIAN_POINT('Ctrl Pts',(177.386307307016,-185.644232983097,70.0000000000009));
#1501=CARTESIAN_POINT('Ctrl Pts',(179.832460830284,-184.633791031264,70.000000000001));
#1502=CARTESIAN_POINT('Ctrl Pts',(181.746992565182,-183.658890168617,70.000000000001));
#1503=CARTESIAN_POINT('Ctrl Pts',(183.151463504737,-182.822691303427,70.000000000001));
#1504=CARTESIAN_POINT('Ctrl Pts',(184.509404858282,-181.850043168232,70.000000000001));
#1505=CARTESIAN_POINT('Ctrl Pts',(185.579628614805,-180.878492732479,70.000000000001));
#1506=CARTESIAN_POINT('Ctrl Pts',(186.359940441499,-179.961052975919,70.000000000001));
#1507=CARTESIAN_POINT('Ctrl Pts',(186.882296688957,-179.201854457448,70.000000000001));
#1508=CARTESIAN_POINT('Ctrl Pts',(187.318136995588,-178.396883955749,70.000000000001));
#1509=CARTESIAN_POINT('Ctrl Pts',(187.781640361075,-177.300858120661,70.000000000001));
#1510=CARTESIAN_POINT('Ctrl Pts',(188.180239775194,-175.927603388756,70.0000000000009));
#1511=CARTESIAN_POINT('Ctrl Pts',(188.571962409802,-173.760737630998,70.0000000000009));
#1512=CARTESIAN_POINT('Ctrl Pts',(188.790329208109,-170.554627318098,70.0000000000007));
#1513=CARTESIAN_POINT('Ctrl Pts',(188.624516222906,-166.375191023503,70.0000000000001));
#1514=CARTESIAN_POINT('Ctrl Pts',(188.18079314372,-162.51500499921,69.9999999999996));
#1515=CARTESIAN_POINT('Ctrl Pts',(187.713298812453,-159.440636093296,69.9999999999994));
#1516=CARTESIAN_POINT('Ctrl Pts',(187.183695016984,-156.372998232981,69.9999999999992));
#1517=CARTESIAN_POINT('Ctrl Pts',(186.654133614455,-153.693657894915,69.9999999999986));
#1518=CARTESIAN_POINT('Ctrl Pts',(186.169097514966,-151.399250291525,69.9999999999985));
#1519=CARTESIAN_POINT('Ctrl Pts',(185.920936229495,-150.252529522743,69.9999999999985));
#1520=CARTESIAN_POINT('Ctrl Pts',(185.709997347701,-149.297343561338,69.9999999999984));
#1521=CARTESIAN_POINT('Ctrl Pts',(185.539053152636,-148.533473363722,69.9999999999985));
#1522=CARTESIAN_POINT('Ctrl Pts',(185.280589135542,-147.387960269126,69.9999999999984));
#1523=CARTESIAN_POINT('Ctrl Pts',(184.97349925241,-146.052424341543,69.9999999999986));
#1524=CARTESIAN_POINT('Ctrl Pts',(184.661565942254,-144.718249366325,69.9999999999986));
#1525=CARTESIAN_POINT('Ctrl Pts',(184.482178401681,-143.956297638842,69.9999999999986));
#1526=CARTESIAN_POINT('Ctrl Pts',(183.671776042295,-140.528870317626,69.9999999999986));
#1527=CARTESIAN_POINT('Ctrl Pts',(182.145757255446,-134.268075250387,69.9999999999991));
#1528=CARTESIAN_POINT('Ctrl Pts',(180.35807188194,-126.763132310108,69.9999999999991));
#1529=CARTESIAN_POINT('Ctrl Pts',(179.023844933361,-120.809965838998,69.9999999999993));
#1530=CARTESIAN_POINT('Ctrl Pts',(177.766250668819,-114.884038988005,69.9999999999993));
#1531=CARTESIAN_POINT('Ctrl Pts',(175.796274100048,-104.571884477933,69.9999999999994));
#1532=CARTESIAN_POINT('Ctrl Pts',(174.17603007512,-92.7992677081162,69.9999999999997));
#1533=CARTESIAN_POINT('Ctrl Pts',(173.312145388065,-80.9068230777234,69.9999999999998));
#1534=CARTESIAN_POINT('Ctrl Pts',(173.053244590371,-71.934584293922,69.9999999999998));
#1535=CARTESIAN_POINT('Ctrl Pts',(173.159322724535,-64.4226857882439,69.9999999999998));
#1536=CARTESIAN_POINT('Ctrl Pts',(173.427615737634,-58.4012056615867,69.9999999999998));
#1537=CARTESIAN_POINT('Ctrl Pts',(174.186126738684,-46.3463490609258,69.9999999999998));
#1538=CARTESIAN_POINT('Ctrl Pts',(176.134990383795,-31.2478481223622,70.));
#1539=CARTESIAN_POINT('Ctrl Pts',(178.63739519857,-13.0741701443417,70.));
#1540=CARTESIAN_POINT('Ctrl Pts',(179.452743504585,-3.94796346227929,70.));
#1541=CARTESIAN_POINT('Ctrl Pts',(179.612522209907,0.643528744632508,70.));
#1542=CARTESIAN_POINT('Ctrl Pts',(-12.9289158623094,-185.746100974159,70.));
#1543=CARTESIAN_POINT('Ctrl Pts',(-3.8779150551796,-184.834731012197,70.));
#1544=CARTESIAN_POINT('Ctrl Pts',(14.1061497611642,-183.086593961699,70.));
#1545=CARTESIAN_POINT('Ctrl Pts',(37.9888597418596,-181.343250733333,70.));
#1546=CARTESIAN_POINT('Ctrl Pts',(56.0477540013585,-180.832294791284,70.));
#1547=CARTESIAN_POINT('Ctrl Pts',(68.1475120334831,-181.0002411062,70.));
#1548=CARTESIAN_POINT('Ctrl Pts',(80.2712078051783,-181.5589661793,70.));
#1549=CARTESIAN_POINT('Ctrl Pts',(90.371034713489,-182.590885404333,70.));
#1550=CARTESIAN_POINT('Ctrl Pts',(98.4209255564008,-183.651984383733,70.));
#1551=CARTESIAN_POINT('Ctrl Pts',(102.442579984697,-184.203467617917,70.));
#1552=CARTESIAN_POINT('Ctrl Pts',(107.464244714444,-184.921308342857,70.));
#1553=CARTESIAN_POINT('Ctrl Pts',(114.869835176277,-185.970292269909,70.));
#1554=CARTESIAN_POINT('Ctrl Pts',(120.65410602145,-186.711640226627,69.9999999999999));
#1555=CARTESIAN_POINT('Ctrl Pts',(125.193057284731,-187.200637628922,70.));
#1556=CARTESIAN_POINT('Ctrl Pts',(127.842775054679,-187.469730372241,70.));
#1557=CARTESIAN_POINT('Ctrl Pts',(133.15041879117,-187.936655075252,70.));
#1558=CARTESIAN_POINT('Ctrl Pts',(139.234935389805,-188.284789850913,70.0000000000002));
#1559=CARTESIAN_POINT('Ctrl Pts',(145.328236120908,-188.406211377058,70.0000000000003));
#1560=CARTESIAN_POINT('Ctrl Pts',(151.421512053992,-188.359928113913,70.0000000000003));
#1561=CARTESIAN_POINT('Ctrl Pts',(157.496541858618,-188.037980945977,70.0000000000006));
#1562=CARTESIAN_POINT('Ctrl Pts',(163.542675819868,-187.354970286042,70.0000000000007));
#1563=CARTESIAN_POINT('Ctrl Pts',(168.054766878097,-186.623919651787,70.0000000000008));
#1564=CARTESIAN_POINT('Ctrl Pts',(171.528053357708,-185.84761850084,70.0000000000009));
#1565=CARTESIAN_POINT('Ctrl Pts',(174.461916007899,-185.02783876867,70.0000000000009));
#1566=CARTESIAN_POINT('Ctrl Pts',(176.871676252976,-184.23817614574,70.0000000000009));
#1567=CARTESIAN_POINT('Ctrl Pts',(179.216887463805,-183.268598090825,70.000000000001));
#1568=CARTESIAN_POINT('Ctrl Pts',(181.026880469944,-182.346489411868,70.000000000001));
#1569=CARTESIAN_POINT('Ctrl Pts',(182.335797369687,-181.566640180093,70.000000000001));
#1570=CARTESIAN_POINT('Ctrl Pts',(183.574237684799,-180.678426225518,70.000000000001));
#1571=CARTESIAN_POINT('Ctrl Pts',(184.513979014208,-179.822482272706,70.000000000001));
#1572=CARTESIAN_POINT('Ctrl Pts',(185.17179475326,-179.047801535267,70.000000000001));
#1573=CARTESIAN_POINT('Ctrl Pts',(185.603749931279,-178.419780403621,70.000000000001));
#1574=CARTESIAN_POINT('Ctrl Pts',(185.966501280978,-177.750465377641,70.000000000001));
#1575=CARTESIAN_POINT('Ctrl Pts',(186.363035978006,-176.814905896945,70.000000000001));
#1576=CARTESIAN_POINT('Ctrl Pts',(186.719639151924,-175.592767797232,70.0000000000009));
#1577=CARTESIAN_POINT('Ctrl Pts',(187.08189454177,-173.595741823941,70.0000000000009));
#1578=CARTESIAN_POINT('Ctrl Pts',(187.291955632791,-170.551769298139,70.0000000000007));
#1579=CARTESIAN_POINT('Ctrl Pts',(187.132343221866,-166.498702178312,70.0000000000001));
#1580=CARTESIAN_POINT('Ctrl Pts',(186.697625496892,-162.712156909758,69.9999999999996));
#1581=CARTESIAN_POINT('Ctrl Pts',(186.236752654705,-159.681332810994,69.9999999999994));
#1582=CARTESIAN_POINT('Ctrl Pts',(185.713290394474,-156.648973542974,69.9999999999992));
#1583=CARTESIAN_POINT('Ctrl Pts',(185.188172835206,-153.991895800122,69.9999999999986));
#1584=CARTESIAN_POINT('Ctrl Pts',(184.706257465954,-151.712252138973,69.9999999999985));
#1585=CARTESIAN_POINT('Ctrl Pts',(184.459517713167,-150.572099089749,69.9999999999985));
#1586=CARTESIAN_POINT('Ctrl Pts',(184.249649867133,-149.621762606117,69.9999999999984));
#1587=CARTESIAN_POINT('Ctrl Pts',(184.079495419352,-148.861421704215,69.9999999999985));
#1588=CARTESIAN_POINT('Ctrl Pts',(183.822149641822,-147.720864828868,69.9999999999984));
#1589=CARTESIAN_POINT('Ctrl Pts',(183.516171316729,-146.390162883069,69.9999999999986));
#1590=CARTESIAN_POINT('Ctrl Pts',(183.205132977445,-145.059815600244,69.9999999999986));
#1591=CARTESIAN_POINT('Ctrl Pts',(183.02619664519,-144.299780988935,69.9999999999986));
#1592=CARTESIAN_POINT('Ctrl Pts',(182.217646415347,-140.880185153845,69.9999999999986));
#1593=CARTESIAN_POINT('Ctrl Pts',(180.692283198632,-134.622087549809,69.9999999999991));
#1594=CARTESIAN_POINT('Ctrl Pts',(178.901026415365,-127.102380734988,69.9999999999991));
#1595=CARTESIAN_POINT('Ctrl Pts',(177.562347363749,-121.129442860928,69.9999999999993));
#1596=CARTESIAN_POINT('Ctrl Pts',(176.299554935757,-115.179072601225,69.9999999999993));
#1597=CARTESIAN_POINT('Ctrl Pts',(174.319261010897,-104.81360926029,69.9999999999994));
#1598=CARTESIAN_POINT('Ctrl Pts',(172.687770266906,-92.9616666409083,69.9999999999997));
#1599=CARTESIAN_POINT('Ctrl Pts',(171.817595065685,-80.982658204313,69.9999999999998));
#1600=CARTESIAN_POINT('Ctrl Pts',(171.556812719886,-71.9450615764594,69.9999999999998));
#1601=CARTESIAN_POINT('Ctrl Pts',(171.663672754413,-64.3808442303337,69.9999999999998));
#1602=CARTESIAN_POINT('Ctrl Pts',(171.933711646971,-58.3203985385044,69.9999999999998));
#1603=CARTESIAN_POINT('Ctrl Pts',(172.696827376693,-46.1929097447198,69.9999999999998));
#1604=CARTESIAN_POINT('Ctrl Pts',(174.655164784169,-31.0297404295089,70.));
#1605=CARTESIAN_POINT('Ctrl Pts',(177.152350413719,-12.8904069408621,70.));
#1606=CARTESIAN_POINT('Ctrl Pts',(177.959514675764,-3.84240841936326,70.));
#1607=CARTESIAN_POINT('Ctrl Pts',(178.11743068294,0.695556228890583,70.));
#1608=CARTESIAN_POINT('',(3.90083516741597,-184.106361875966,70.));
#1609=CARTESIAN_POINT('Ctrl Pts',(178.09132960765,1.87821980190961E-13,
69.9999999999954));
#1610=CARTESIAN_POINT('Ctrl Pts',(177.928347040382,-4.05118350183388,69.9999999998999));
#1611=CARTESIAN_POINT('Ctrl Pts',(177.574892558197,-8.09209867831123,69.9999999993824));
#1612=CARTESIAN_POINT('Ctrl Pts',(177.127490154595,-12.1364585783745,69.9999999963321));
#1613=CARTESIAN_POINT('Ctrl Pts',(177.099488756385,-12.3895813402389,69.9999999961412));
#1614=CARTESIAN_POINT('Ctrl Pts',(177.071119365654,-12.6427176069531,69.9999999959361));
#1615=CARTESIAN_POINT('Ctrl Pts',(177.04240564903,-12.895870743663,69.9999999957142));
#1616=CARTESIAN_POINT('Ctrl Pts',(176.528647482692,-17.4253955355851,69.9999999917451));
#1617=CARTESIAN_POINT('Ctrl Pts',(175.904658001592,-21.9603233730465,69.9999999899704));
#1618=CARTESIAN_POINT('Ctrl Pts',(175.293311170415,-26.4998268858102,69.9999999363562));
#1619=CARTESIAN_POINT('Ctrl Pts',(174.767868222603,-30.4014584731589,69.9999998902756));
#1620=CARTESIAN_POINT('Ctrl Pts',(174.251764819231,-34.3064712085939,69.9999998119356));
#1621=CARTESIAN_POINT('Ctrl Pts',(173.782249403743,-38.2131067992654,69.9999995466085));
#1622=CARTESIAN_POINT('Ctrl Pts',(173.3869136259,-41.5025255681547,69.9999993232009));
#1623=CARTESIAN_POINT('Ctrl Pts',(173.024607998436,-44.7930941174826,69.9999989692904));
#1624=CARTESIAN_POINT('Ctrl Pts',(172.717551350539,-48.0837393349211,69.9999982536739));
#1625=CARTESIAN_POINT('Ctrl Pts',(172.54058696339,-49.9802200599533,69.9999978412462));
#1626=CARTESIAN_POINT('Ctrl Pts',(172.381644917659,-51.8768047853143,69.9999974403029));
#1627=CARTESIAN_POINT('Ctrl Pts',(172.244987501752,-53.7733121489089,69.9999971052384));
#1628=CARTESIAN_POINT('Ctrl Pts',(172.13575278451,-55.2892521675107,69.9999968374105));
#1629=CARTESIAN_POINT('Ctrl Pts',(172.04075648476,-56.8051428675923,69.9999966106123));
#1630=CARTESIAN_POINT('Ctrl Pts',(171.959602111477,-58.3206300037419,69.9999964362174));
#1631=CARTESIAN_POINT('Ctrl Pts',(171.878450114325,-59.8360727677123,69.9999962618275));
#1632=CARTESIAN_POINT('Ctrl Pts',(171.811139205518,-61.3511120084662,69.9999961396054));
#1633=CARTESIAN_POINT('Ctrl Pts',(171.759121560466,-62.8654081258301,69.9999960703536));
#1634=CARTESIAN_POINT('Ctrl Pts',(171.655090248262,-65.8938845591376,69.9999959318553));
#1635=CARTESIAN_POINT('Ctrl Pts',(171.612227282068,-68.9193895882077,69.9999960090444));
#1636=CARTESIAN_POINT('Ctrl Pts',(171.633955725709,-71.938394484231,69.9999962310539));
#1637=CARTESIAN_POINT('Ctrl Pts',(171.655683267331,-74.9572740515756,69.9999964530542));
#1638=CARTESIAN_POINT('Ctrl Pts',(171.741997034722,-77.9696544200027,69.9999968151929));
#1639=CARTESIAN_POINT('Ctrl Pts',(171.893474459912,-80.9732321020724,69.9999972123299));
#1640=CARTESIAN_POINT('Ctrl Pts',(172.044947317396,-83.9767192131549,69.9999976094549));
#1641=CARTESIAN_POINT('Ctrl Pts',(172.261580093068,-86.9714043422649,69.9999980387491));
#1642=CARTESIAN_POINT('Ctrl Pts',(172.541610608156,-89.9555784460549,69.9999984170244));
#1643=CARTESIAN_POINT('Ctrl Pts',(172.908228004539,-93.862474592492,69.9999989122643));
#1644=CARTESIAN_POINT('Ctrl Pts',(173.383511280979,-97.7513561825026,69.9999993127417));
#1645=CARTESIAN_POINT('Ctrl Pts',(173.955560196781,-101.633496695781,69.9999995643257));
#1646=CARTESIAN_POINT('Ctrl Pts',(174.25737895224,-103.681753035179,69.999999697064));
#1647=CARTESIAN_POINT('Ctrl Pts',(174.586134263447,-105.72813190302,69.9999997912951));
#1648=CARTESIAN_POINT('Ctrl Pts',(174.940076191151,-107.774283758057,69.9999998554286));
#1649=CARTESIAN_POINT('Ctrl Pts',(175.452467256308,-110.736436152032,69.9999999482728));
#1650=CARTESIAN_POINT('Ctrl Pts',(176.017643306876,-113.698112902873,69.9999999788497));
#1651=CARTESIAN_POINT('Ctrl Pts',(176.626781071044,-116.668813788251,69.9999999908184));
#1652=CARTESIAN_POINT('Ctrl Pts',(176.931353008287,-118.154179130628,69.9999999968029));
#1653=CARTESIAN_POINT('Ctrl Pts',(177.246915510292,-119.641800428318,69.9999999982881));
#1654=CARTESIAN_POINT('Ctrl Pts',(177.572031894173,-121.132220459391,69.9999999989701));
#1655=CARTESIAN_POINT('Ctrl Pts',(177.739796433905,-121.901297758832,69.999999999322));
#1656=CARTESIAN_POINT('Ctrl Pts',(177.910104886286,-122.671120278688,69.9999999994187));
#1657=CARTESIAN_POINT('Ctrl Pts',(178.082735376064,-123.441789797032,69.9999999993806));
#1658=CARTESIAN_POINT('Ctrl Pts',(178.244654230732,-124.164639659178,69.9999999993449));
#1659=CARTESIAN_POINT('Ctrl Pts',(178.4085977271,-124.888240710279,69.9999999993148));
#1660=CARTESIAN_POINT('Ctrl Pts',(178.574381708222,-125.612677589758,69.9999999992904));
#1661=CARTESIAN_POINT('Ctrl Pts',(179.259455965602,-128.606290445886,69.9999999991896));
#1662=CARTESIAN_POINT('Ctrl Pts',(179.975958633243,-131.614176150524,69.999999999194));
#1663=CARTESIAN_POINT('Ctrl Pts',(180.703988426864,-134.635219421785,69.9999999992241));
#1664=CARTESIAN_POINT('Ctrl Pts',(181.432026257265,-137.656296042582,69.9999999992541));
#1665=CARTESIAN_POINT('Ctrl Pts',(182.171591266734,-140.69053036756,69.9999999993045));
#1666=CARTESIAN_POINT('Ctrl Pts',(182.891525738366,-143.729829367177,69.9999999992905));
#1667=CARTESIAN_POINT('Ctrl Pts',(182.93652202027,-143.919787148012,69.9999999992896));
#1668=CARTESIAN_POINT('Ctrl Pts',(182.981441620125,-144.109764713422,69.9999999992884));
#1669=CARTESIAN_POINT('Ctrl Pts',(183.026268539512,-144.29975771808,69.999999999287));
#1670=CARTESIAN_POINT('Ctrl Pts',(183.071095510395,-144.489750940995,69.9999999992856));
#1671=CARTESIAN_POINT('Ctrl Pts',(183.115829800601,-144.679759603195,69.9999999992839));
#1672=CARTESIAN_POINT('Ctrl Pts',(183.160464087884,-144.869781801445,69.999999999282));
#1673=CARTESIAN_POINT('Ctrl Pts',(183.249732821091,-145.249826873339,69.999999999278));
#1674=CARTESIAN_POINT('Ctrl Pts',(183.338601541079,-145.629926089572,69.9999999992728));
#1675=CARTESIAN_POINT('Ctrl Pts',(183.426988406142,-146.010058592163,69.9999999992663));
#1676=CARTESIAN_POINT('Ctrl Pts',(183.603762797974,-146.770326443196,69.9999999992531));
#1677=CARTESIAN_POINT('Ctrl Pts',(183.778609753893,-147.530727439609,69.9999999992343));
#1678=CARTESIAN_POINT('Ctrl Pts',(183.95083233226,-148.291102404879,69.9999999992078));
#1679=CARTESIAN_POINT('Ctrl Pts',(183.993888117937,-148.4811967691,69.9999999992012));
#1680=CARTESIAN_POINT('Ctrl Pts',(184.036779879079,-148.671289506445,69.9999999991941));
#1681=CARTESIAN_POINT('Ctrl Pts',(184.079495488114,-148.861378313864,69.9999999991865));
#1682=CARTESIAN_POINT('Ctrl Pts',(184.122211155444,-149.051467380699,69.9999999991789));
#1683=CARTESIAN_POINT('Ctrl Pts',(184.164750670185,-149.241552517597,69.9999999991707));
#1684=CARTESIAN_POINT('Ctrl Pts',(184.207101862975,-149.431631539324,69.999999999162));
#1685=CARTESIAN_POINT('Ctrl Pts',(184.291804426519,-149.811790381515,69.9999999991446));
#1686=CARTESIAN_POINT('Ctrl Pts',(184.375753698951,-150.191924762833,69.9999999991249));
#1687=CARTESIAN_POINT('Ctrl Pts',(184.458852816318,-150.572016780433,69.9999999991025));
#1688=CARTESIAN_POINT('Ctrl Pts',(184.541952173958,-150.952109897029,69.9999999990801));
#1689=CARTESIAN_POINT('Ctrl Pts',(184.624201371584,-151.33216064965,69.999999999055));
#1690=CARTESIAN_POINT('Ctrl Pts',(184.705487032551,-151.712155606162,69.9999999990268));
#1691=CARTESIAN_POINT('Ctrl Pts',(184.786772937324,-152.092151702423,69.9999999989985));
#1692=CARTESIAN_POINT('Ctrl Pts',(184.867095299676,-152.472092002226,69.9999999989671));
#1693=CARTESIAN_POINT('Ctrl Pts',(184.946357336639,-152.851960077272,69.999999998932));
#1694=CARTESIAN_POINT('Ctrl Pts',(185.26340803305,-154.371444591565,69.9999999987914));
#1695=CARTESIAN_POINT('Ctrl Pts',(185.563493180076,-155.889773441821,69.9999999985939));
#1696=CARTESIAN_POINT('Ctrl Pts',(185.838025170796,-157.406658162305,69.9999999982813));
#1697=CARTESIAN_POINT('Ctrl Pts',(185.975292593995,-158.165108411856,69.999999998125));
#1698=CARTESIAN_POINT('Ctrl Pts',(186.106171607976,-158.923197630879,69.9999999979394));
#1699=CARTESIAN_POINT('Ctrl Pts',(186.229228176695,-159.681092352719,69.9999999977131));
#1700=CARTESIAN_POINT('Ctrl Pts',(186.352285669645,-160.438992766822,69.9999999974868));
#1701=CARTESIAN_POINT('Ctrl Pts',(186.467520598652,-161.196698678679,69.9999999972198));
#1702=CARTESIAN_POINT('Ctrl Pts',(186.573332105937,-161.954269758305,69.9999999968971));
#1703=CARTESIAN_POINT('Ctrl Pts',(186.750474654582,-163.222544592176,69.9999999963567));
#1704=CARTESIAN_POINT('Ctrl Pts',(186.901205916367,-164.490441451928,69.9999999956622));
#1705=CARTESIAN_POINT('Ctrl Pts',(187.014198653255,-165.759821272539,69.9999999947127));
#1706=CARTESIAN_POINT('Ctrl Pts',(187.036193464995,-166.006914766774,69.9999999945279));
#1707=CARTESIAN_POINT('Ctrl Pts',(187.056757366201,-166.254072401282,69.9999999943713));
#1708=CARTESIAN_POINT('Ctrl Pts',(187.075806459093,-166.50130638894,69.9999999942461));
#1709=CARTESIAN_POINT('Ctrl Pts',(187.169497541471,-167.717302344053,69.9999999936308));
#1710=CARTESIAN_POINT('Ctrl Pts',(187.226541384079,-168.935145913025,69.9999999938502));
#1711=CARTESIAN_POINT('Ctrl Pts',(187.225340796632,-170.153940660312,69.9999999947072));
#1712=CARTESIAN_POINT('Ctrl Pts',(187.225043451442,-170.45579518791,69.9999999949195));
#1713=CARTESIAN_POINT('Ctrl Pts',(187.221173701315,-170.757708022583,69.9999999951668));
#1714=CARTESIAN_POINT('Ctrl Pts',(187.213404031716,-171.059665466932,69.999999995439));
#1715=CARTESIAN_POINT('Ctrl Pts',(187.190558534739,-171.947524055276,69.9999999962393));
#1716=CARTESIAN_POINT('Ctrl Pts',(187.13399218696,-172.83576808128,69.9999999972638));
#1717=CARTESIAN_POINT('Ctrl Pts',(187.023537242688,-173.716731511725,69.9999999981548));
#1718=CARTESIAN_POINT('Ctrl Pts',(187.007819851345,-173.842089838475,69.9999999982816));
#1719=CARTESIAN_POINT('Ctrl Pts',(186.991011389398,-173.967300751618,69.9999999984055));
#1720=CARTESIAN_POINT('Ctrl Pts',(186.973053842693,-174.092342171933,69.9999999985253));
#1721=CARTESIAN_POINT('Ctrl Pts',(186.901525848998,-174.590403631612,69.9999999990024));
#1722=CARTESIAN_POINT('Ctrl Pts',(186.81176584171,-175.08577586553,69.999999999415));
#1723=CARTESIAN_POINT('Ctrl Pts',(186.696442924218,-175.575994985063,69.999999999682));
#1724=CARTESIAN_POINT('Ctrl Pts',(186.695533387669,-175.579861278215,69.9999999996841));
#1725=CARTESIAN_POINT('Ctrl Pts',(186.694622263645,-175.583727262911,69.9999999996862));
#1726=CARTESIAN_POINT('Ctrl Pts',(186.693709548496,-175.587592937909,69.9999999996882));
#1727=CARTESIAN_POINT('Ctrl Pts',(186.577084389479,-176.081542186023,69.9999999999476));
#1728=CARTESIAN_POINT('Ctrl Pts',(186.434479080695,-176.570437408287,69.9999999997969));
#1729=CARTESIAN_POINT('Ctrl Pts',(186.254764713269,-177.045333666639,69.9999999994946));
#1730=CARTESIAN_POINT('Ctrl Pts',(186.164923405018,-177.282739844815,69.9999999993434));
#1731=CARTESIAN_POINT('Ctrl Pts',(186.065808336744,-177.516647104245,69.9999999991348));
#1732=CARTESIAN_POINT('Ctrl Pts',(185.955792949462,-177.745161247858,69.9999999989701));
#1733=CARTESIAN_POINT('Ctrl Pts',(185.84577817713,-177.973674114153,69.9999999988053));
#1734=CARTESIAN_POINT('Ctrl Pts',(185.72486303844,-178.196793865384,69.9999999986972));
#1735=CARTESIAN_POINT('Ctrl Pts',(185.592405321892,-178.413014069911,69.999999998774));
#1736=CARTESIAN_POINT('Ctrl Pts',(185.496290432603,-178.569909278147,69.9999999988298));
#1737=CARTESIAN_POINT('Ctrl Pts',(185.394098145665,-178.723171570147,69.9999999989871));
#1738=CARTESIAN_POINT('Ctrl Pts',(185.286327145938,-178.87243055848,69.9999999992132));
#1739=CARTESIAN_POINT('Ctrl Pts',(185.245566282249,-178.928882899957,69.9999999992987));
#1740=CARTESIAN_POINT('Ctrl Pts',(185.20400833361,-178.98476532837,69.9999999993716));
#1741=CARTESIAN_POINT('Ctrl Pts',(185.161680117721,-179.04005813687,69.9999999994346));
#1742=CARTESIAN_POINT('Ctrl Pts',(185.007435301789,-179.241546172459,69.9999999996643));
#1743=CARTESIAN_POINT('Ctrl Pts',(184.842962121858,-179.435204760277,69.9999999997682));
#1744=CARTESIAN_POINT('Ctrl Pts',(184.670662148766,-179.621374423334,69.9999999998311));
#1745=CARTESIAN_POINT('Ctrl Pts',(184.326066841685,-179.993708736908,69.9999999999568));
#1746=CARTESIAN_POINT('Ctrl Pts',(183.950164308279,-180.336088410919,69.9999999999463));
#1747=CARTESIAN_POINT('Ctrl Pts',(183.555821245127,-180.655324981096,69.9999999998901));
#1748=CARTESIAN_POINT('Ctrl Pts',(183.204454599084,-180.939770413105,69.99999999984));
#1749=CARTESIAN_POINT('Ctrl Pts',(182.838448285877,-181.205842030809,69.999999999726));
#1750=CARTESIAN_POINT('Ctrl Pts',(182.462556548787,-181.457133473004,69.9999999994325));
#1751=CARTESIAN_POINT('Ctrl Pts',(182.416563904584,-181.487880511983,69.9999999993966));
#1752=CARTESIAN_POINT('Ctrl Pts',(182.370422684194,-181.518406253125,69.9999999993606));
#1753=CARTESIAN_POINT('Ctrl Pts',(182.324141594776,-181.548717288316,69.9999999993248));
#1754=CARTESIAN_POINT('Ctrl Pts',(181.899610265852,-181.82675707114,69.9999999989973));
#1755=CARTESIAN_POINT('Ctrl Pts',(181.463310194075,-182.086730708226,69.9999999987188));
#1756=CARTESIAN_POINT('Ctrl Pts',(181.01889881598,-182.331985814269,69.9999999986005));
#1757=CARTESIAN_POINT('Ctrl Pts',(180.574504635122,-182.577231429758,69.9999999984822));
#1758=CARTESIAN_POINT('Ctrl Pts',(180.121999752152,-182.80775979346,69.9999999985116));
#1759=CARTESIAN_POINT('Ctrl Pts',(179.663972195141,-183.026079244584,69.9999999986261));
#1760=CARTESIAN_POINT('Ctrl Pts',(178.747943514341,-183.462705547402,69.9999999988552));
#1761=CARTESIAN_POINT('Ctrl Pts',(177.809825961469,-183.850498180582,69.9999999993487));
#1762=CARTESIAN_POINT('Ctrl Pts',(176.858810905418,-184.202313194841,69.9999999995926));
#1763=CARTESIAN_POINT('Ctrl Pts',(175.90778617943,-184.554131786361,69.9999999998365));
#1764=CARTESIAN_POINT('Ctrl Pts',(174.943863482452,-184.869972665328,69.9999999999181));
#1765=CARTESIAN_POINT('Ctrl Pts',(173.970621635518,-185.157450524605,69.999999999816));
#1766=CARTESIAN_POINT('Ctrl Pts',(173.921624761373,-185.171923305996,69.9999999998109));
#1767=CARTESIAN_POINT('Ctrl Pts',(173.872604266556,-185.186324202209,69.9999999998051));
#1768=CARTESIAN_POINT('Ctrl Pts',(173.823560706515,-185.200653900427,69.9999999997985));
#1769=CARTESIAN_POINT('Ctrl Pts',(173.385504693972,-185.328646453519,69.9999999997399));
#1770=CARTESIAN_POINT('Ctrl Pts',(172.945599460123,-185.450948438545,69.9999999996767));
#1771=CARTESIAN_POINT('Ctrl Pts',(172.504237791877,-185.568046324187,69.9999999996162));
#1772=CARTESIAN_POINT('Ctrl Pts',(171.031895396687,-185.958674223758,69.9999999994142));
#1773=CARTESIAN_POINT('Ctrl Pts',(169.543345759265,-186.291389548481,69.9999999992611));
#1774=CARTESIAN_POINT('Ctrl Pts',(168.047061171443,-186.579586492669,69.9999999992075));
#1775=CARTESIAN_POINT('Ctrl Pts',(166.550764911434,-186.867785685018,69.999999999154));
#1776=CARTESIAN_POINT('Ctrl Pts',(165.046733396922,-187.11146576708,69.9999999991856));
#1777=CARTESIAN_POINT('Ctrl Pts',(163.538948174752,-187.318678819622,69.9999999992333));
#1778=CARTESIAN_POINT('Ctrl Pts',(162.031168116562,-187.525891162486,69.9999999992809));
#1779=CARTESIAN_POINT('Ctrl Pts',(160.519634309631,-187.696636695485,69.9999999993416));
#1780=CARTESIAN_POINT('Ctrl Pts',(159.005682257248,-187.837299916995,69.999999999356));
#1781=CARTESIAN_POINT('Ctrl Pts',(155.977861683317,-188.118618599058,69.9999999993846));
#1782=CARTESIAN_POINT('Ctrl Pts',(152.940369330493,-188.279615337924,69.9999999994858));
#1783=CARTESIAN_POINT('Ctrl Pts',(149.896678903022,-188.348804980969,69.9999999980757));
#1784=CARTESIAN_POINT('Ctrl Pts',(149.792919803819,-188.35116364891,69.9999999980276));
#1785=CARTESIAN_POINT('Ctrl Pts',(149.689153500597,-188.353415624948,69.9999999979773));
#1786=CARTESIAN_POINT('Ctrl Pts',(149.585380471078,-188.355561547458,69.9999999979245));
#1787=CARTESIAN_POINT('Ctrl Pts',(148.167142348453,-188.384889294043,69.9999999972039));
#1788=CARTESIAN_POINT('Ctrl Pts',(146.747683693123,-188.394404243607,69.9999999960835));
#1789=CARTESIAN_POINT('Ctrl Pts',(145.328230061537,-188.385729187076,69.9999999942453));
#1790=CARTESIAN_POINT('Ctrl Pts',(143.804892572555,-188.376419239545,69.9999999922725));
#1791=CARTESIAN_POINT('Ctrl Pts',(142.281560869345,-188.346159355042,69.9999999894625));
#1792=CARTESIAN_POINT('Ctrl Pts',(140.758967920008,-188.297016404369,69.9999999854632));
#1793=CARTESIAN_POINT('Ctrl Pts',(137.713728800224,-188.198728785268,69.9999999774645));
#1794=CARTESIAN_POINT('Ctrl Pts',(134.671444348562,-188.024906449943,69.9999999644131));
#1795=CARTESIAN_POINT('Ctrl Pts',(131.635388218605,-187.789259245276,69.9999999459797));
#1796=CARTESIAN_POINT('Ctrl Pts',(130.117340098379,-187.67143408633,69.9999999367628));
#1797=CARTESIAN_POINT('Ctrl Pts',(128.600849201134,-187.538152246858,69.9999999262679));
#1798=CARTESIAN_POINT('Ctrl Pts',(127.085925177469,-187.391294095163,69.9999999148982));
#1799=CARTESIAN_POINT('Ctrl Pts',(126.328459575794,-187.317864671313,69.9999999092133));
#1800=CARTESIAN_POINT('Ctrl Pts',(125.571385702852,-187.241041135278,69.9999999033145));
#1801=CARTESIAN_POINT('Ctrl Pts',(124.814692878456,-187.161139073471,69.9999998972806));
#1802=CARTESIAN_POINT('Ctrl Pts',(124.436345746251,-187.121187966539,69.9999998942636));
#1803=CARTESIAN_POINT('Ctrl Pts',(124.058093876896,-187.080467225089,69.9999998912131));
#1804=CARTESIAN_POINT('Ctrl Pts',(123.679943298033,-187.038986208229,69.9999998881405));
#1805=CARTESIAN_POINT('Ctrl Pts',(120.276575574056,-186.66565568375,69.999999860487));
#1806=CARTESIAN_POINT('Ctrl Pts',(116.881412161841,-186.230742558552,69.9999998307141));
#1807=CARTESIAN_POINT('Ctrl Pts',(113.490106292317,-185.767556369039,69.9999998098773));
#1808=CARTESIAN_POINT('Ctrl Pts',(111.480442777557,-185.493075557983,69.9999997975296));
#1809=CARTESIAN_POINT('Ctrl Pts',(109.472134025681,-185.208666164079,69.9999997884353));
#1810=CARTESIAN_POINT('Ctrl Pts',(107.463645455844,-184.922886568562,69.9999997848482));
#1811=CARTESIAN_POINT('Ctrl Pts',(105.455165670276,-184.637108222923,69.999999781261));
#1812=CARTESIAN_POINT('Ctrl Pts',(103.446506134656,-184.349959675301,69.9999997832544));
#1813=CARTESIAN_POINT('Ctrl Pts',(101.43640774734,-184.070360027503,69.9999997919443));
#1814=CARTESIAN_POINT('Ctrl Pts',(100.431364232529,-183.930560993517,69.9999997962892));
#1815=CARTESIAN_POINT('Ctrl Pts',(99.4259609720887,-183.792649164587,69.9999998022837));
#1816=CARTESIAN_POINT('Ctrl Pts',(98.4201461091646,-183.657340837648,69.999999809864));
#1817=CARTESIAN_POINT('Ctrl Pts',(97.4143363064018,-183.522033191433,69.9999998174442));
#1818=CARTESIAN_POINT('Ctrl Pts',(96.4081149044227,-183.389329016929,69.9999998266133));
#1819=CARTESIAN_POINT('Ctrl Pts',(95.4013572009281,-183.260816762011,69.9999998371137));
#1820=CARTESIAN_POINT('Ctrl Pts',(95.3515382274241,-183.254457388151,69.9999998376333));
#1821=CARTESIAN_POINT('Ctrl Pts',(95.3017179406374,-183.248108279154,69.9999998381562));
#1822=CARTESIAN_POINT('Ctrl Pts',(95.251896350529,-183.24176947699,69.9999998386822));
#1823=CARTESIAN_POINT('Ctrl Pts',(89.2608642043163,-182.47953030623,69.9999999019326));
#1824=CARTESIAN_POINT('Ctrl Pts',(83.2510191924191,-181.866943438874,69.9999999351972));
#1825=CARTESIAN_POINT('Ctrl Pts',(77.2398735387026,-181.477236803748,69.9999999564408));
#1826=CARTESIAN_POINT('Ctrl Pts',(74.2092976126341,-181.280762518365,69.999999967151));
#1827=CARTESIAN_POINT('Ctrl Pts',(71.1783921861746,-181.140939313571,69.9999999746144));
#1828=CARTESIAN_POINT('Ctrl Pts',(68.1504773813157,-181.049980712635,69.9999999801728));
#1829=CARTESIAN_POINT('Ctrl Pts',(65.1225552887381,-180.959021892776,69.9999999857312));
#1830=CARTESIAN_POINT('Ctrl Pts',(62.0976238876089,-180.916927904178,69.9999999893759));
#1831=CARTESIAN_POINT('Ctrl Pts',(59.0777349072886,-180.917230787428,69.9999999919881));
#1832=CARTESIAN_POINT('Ctrl Pts',(53.0379306267383,-180.917836556569,69.9999999972126));
#1833=CARTESIAN_POINT('Ctrl Pts',(47.0182969542216,-181.088031235969,69.9999999985228));
#1834=CARTESIAN_POINT('Ctrl Pts',(41.0182650280039,-181.364471796244,69.9999999992492));
#1835=CARTESIAN_POINT('Ctrl Pts',(32.0181349524414,-181.779136423238,70.0000000003389));
#1836=CARTESIAN_POINT('Ctrl Pts',(23.0621095274945,-182.432858178544,69.999999999998));
#1837=CARTESIAN_POINT('Ctrl Pts',(14.0881419823406,-183.196754942306,69.9999999999997));
#1838=CARTESIAN_POINT('Ctrl Pts',(10.6956755352075,-183.485534027709,70.0000000000003));
#1839=CARTESIAN_POINT('Ctrl Pts',(7.30064480760379,-183.790058294034,70.));
#1840=CARTESIAN_POINT('Ctrl Pts',(3.90083759423627,-184.106387942802,70.));
#1841=CARTESIAN_POINT('',(-6.9876935807278,-186.636150564685,69.9454892015074));
#1842=CARTESIAN_POINT('Ctrl Pts',(3.8997134296071,-184.106492539324,70.));
#1843=CARTESIAN_POINT('Ctrl Pts',(3.77473893826422,-184.334350641356,70.));
#1844=CARTESIAN_POINT('Ctrl Pts',(3.63810770795601,-184.555390372294,69.9965373700392));
#1845=CARTESIAN_POINT('Ctrl Pts',(3.49041950419843,-184.768737749494,69.9903919035138));
#1846=CARTESIAN_POINT('Ctrl Pts',(3.36898299287545,-184.944162465401,69.9853387984159));
#1847=CARTESIAN_POINT('Ctrl Pts',(3.24007092226577,-185.114387445868,69.9784728479474));
#1848=CARTESIAN_POINT('Ctrl Pts',(3.10401641653261,-185.278951013552,69.9702377358857));
#1849=CARTESIAN_POINT('Ctrl Pts',(2.93331292228863,-185.485423969942,69.9599053885898));
#1850=CARTESIAN_POINT('Ctrl Pts',(2.75184812606249,-185.68240107375,69.9474494193365));
#1851=CARTESIAN_POINT('Ctrl Pts',(2.56046466043099,-185.869074596701,69.9337804903142));
#1852=CARTESIAN_POINT('Ctrl Pts',(2.3767038606343,-186.048313047449,69.9206559849071));
#1853=CARTESIAN_POINT('Ctrl Pts',(2.18379877563169,-186.218053256504,69.9064143717481));
#1854=CARTESIAN_POINT('Ctrl Pts',(1.98249469370977,-186.377614446422,69.8918292138421));
#1855=CARTESIAN_POINT('Ctrl Pts',(1.93306039201072,-186.416797934043,69.8882475323909));
#1856=CARTESIAN_POINT('Ctrl Pts',(1.88311958723178,-186.455367709595,69.8846449289627));
#1857=CARTESIAN_POINT('Ctrl Pts',(1.83268330895059,-186.493313927718,69.8810324210973));
#1858=CARTESIAN_POINT('Ctrl Pts',(1.65289667154502,-186.628578130216,69.8681551695661));
#1859=CARTESIAN_POINT('Ctrl Pts',(1.46725830545359,-186.755576678692,69.8551885481385));
#1860=CARTESIAN_POINT('Ctrl Pts',(1.27635907772447,-186.873961499225,69.8426082188882));
#1861=CARTESIAN_POINT('Ctrl Pts',(1.08725554471865,-186.991232732238,69.8301462265799));
#1862=CARTESIAN_POINT('Ctrl Pts',(0.892989666895786,-187.100051929139,69.8180637849327));
#1863=CARTESIAN_POINT('Ctrl Pts',(0.694135298901608,-187.200085581733,69.8067710649536));
#1864=CARTESIAN_POINT('Ctrl Pts',(0.506075409072266,-187.294689074107,69.7960913514699));
#1865=CARTESIAN_POINT('Ctrl Pts',(0.313911668513531,-187.381435251419,69.7861179567424));
#1866=CARTESIAN_POINT('Ctrl Pts',(0.118128931312064,-187.460041323682,69.7771480485539));
#1867=CARTESIAN_POINT('Ctrl Pts',(0.106891168258544,-187.464553245556,69.7766331834321));
#1868=CARTESIAN_POINT('Ctrl Pts',(0.0956414816725164,-187.469038347644,
69.7761216100892));
#1869=CARTESIAN_POINT('Ctrl Pts',(0.084379963185509,-187.473496576095,69.7756133793914));
#1870=CARTESIAN_POINT('Ctrl Pts',(-0.100274492359153,-187.546597885502,
69.7672799505633));
#1871=CARTESIAN_POINT('Ctrl Pts',(-0.287616720327806,-187.612278608953,
69.75987179753));
#1872=CARTESIAN_POINT('Ctrl Pts',(-0.477213689158183,-187.670423909813,
69.7535709589875));
#1873=CARTESIAN_POINT('Ctrl Pts',(-0.667147562791275,-187.728672532109,
69.7472589241545));
#1874=CARTESIAN_POINT('Ctrl Pts',(-0.85934419599879,-187.779359065582,69.7420583112504));
#1875=CARTESIAN_POINT('Ctrl Pts',(-1.05336857840732,-187.822360837458,69.7380995364979));
#1876=CARTESIAN_POINT('Ctrl Pts',(-1.24739296081585,-187.865362609335,69.7341407617455));
#1877=CARTESIAN_POINT('Ctrl Pts',(-1.44324509338733,-187.900679714898,69.7314239816832));
#1878=CARTESIAN_POINT('Ctrl Pts',(-1.64049030379264,-187.928180515022,69.7300246471848));
#1879=CARTESIAN_POINT('Ctrl Pts',(-1.70033474457592,-187.936524291792,69.7296000873673));
#1880=CARTESIAN_POINT('Ctrl Pts',(-1.76027795088285,-187.944144525525,69.7292965954384));
#1881=CARTESIAN_POINT('Ctrl Pts',(-1.82030763285453,-187.951039609642,69.729114868186));
#1882=CARTESIAN_POINT('Ctrl Pts',(-1.84842855682723,-187.954269614031,69.7290297379958));
#1883=CARTESIAN_POINT('Ctrl Pts',(-1.87656753752924,-187.957340380597,69.7289713243033));
#1884=CARTESIAN_POINT('Ctrl Pts',(-1.90472330921592,-187.960251769297,69.7289396563143));
#1885=CARTESIAN_POINT('Ctrl Pts',(-1.92619624898811,-187.962472133736,69.7289155047894));
#1886=CARTESIAN_POINT('Ctrl Pts',(-1.94767865325222,-187.964599767663,69.7289069092742));
#1887=CARTESIAN_POINT('Ctrl Pts',(-1.96916995993472,-187.966634615221,69.7289138721287));
#1888=CARTESIAN_POINT('Ctrl Pts',(-1.98955947604922,-187.968565142651,69.7289204780199));
#1889=CARTESIAN_POINT('Ctrl Pts',(-2.00995677600975,-187.970412131853,69.7289410877824));
#1890=CARTESIAN_POINT('Ctrl Pts',(-2.0303613793912,-187.972175539634,69.7289756958018));
#1891=CARTESIAN_POINT('Ctrl Pts',(-2.0589001976723,-187.974641922993,69.7290241001721));
#1892=CARTESIAN_POINT('Ctrl Pts',(-2.08745277922392,-187.976944758378,69.7290998882092));
#1893=CARTESIAN_POINT('Ctrl Pts',(-2.11601780816751,-187.979083942014,69.7292030201848));
#1894=CARTESIAN_POINT('Ctrl Pts',(-2.19081464517046,-187.984685342597,69.7294730687671));
#1895=CARTESIAN_POINT('Ctrl Pts',(-2.26568925713534,-187.989164125898,69.7299306544546));
#1896=CARTESIAN_POINT('Ctrl Pts',(-2.34061797134556,-187.992518974438,69.7305741429771));
#1897=CARTESIAN_POINT('Ctrl Pts',(-2.53633357345995,-188.001281919447,69.7322549504614));
#1898=CARTESIAN_POINT('Ctrl Pts',(-2.73197478225925,-188.002352144566,69.7352048345877));
#1899=CARTESIAN_POINT('Ctrl Pts',(-2.92711093028658,-187.995810733949,69.7393397598921));
#1900=CARTESIAN_POINT('Ctrl Pts',(-3.12651074500935,-187.989126395458,69.7435650320825));
#1901=CARTESIAN_POINT('Ctrl Pts',(-3.3253832012851,-187.974494082157,69.7490276688758));
#1902=CARTESIAN_POINT('Ctrl Pts',(-3.52326835383612,-187.951991712129,69.7555839887082));
#1903=CARTESIAN_POINT('Ctrl Pts',(-3.72378751680267,-187.929189817472,69.7622275784267));
#1904=CARTESIAN_POINT('Ctrl Pts',(-3.92329293529374,-187.898306813148,69.7699940449706));
#1905=CARTESIAN_POINT('Ctrl Pts',(-4.12130537418517,-187.859416779077,69.7786802321333));
#1906=CARTESIAN_POINT('Ctrl Pts',(-4.32343161623388,-187.819718785941,69.7875468789902));
#1907=CARTESIAN_POINT('Ctrl Pts',(-4.5240022232119,-187.771677410043,69.7973717930669));
#1908=CARTESIAN_POINT('Ctrl Pts',(-4.72250644647602,-187.715366810865,69.8078846391046));
#1909=CARTESIAN_POINT('Ctrl Pts',(-4.81068761976693,-187.690352054894,69.8125547417502));
#1910=CARTESIAN_POINT('Ctrl Pts',(-4.89846100013146,-187.663705419177,69.8173598995366));
#1911=CARTESIAN_POINT('Ctrl Pts',(-4.98578173140895,-187.635433291006,69.8222731447499));
#1912=CARTESIAN_POINT('Ctrl Pts',(-5.20346610852096,-187.564952884799,69.8345215158777));
#1913=CARTESIAN_POINT('Ctrl Pts',(-5.41772026215987,-187.484575094177,69.8474098540705));
#1914=CARTESIAN_POINT('Ctrl Pts',(-5.62788091338227,-187.394574924385,69.8604651650621));
#1915=CARTESIAN_POINT('Ctrl Pts',(-5.76556377845859,-187.335612977121,69.8690181106841));
#1916=CARTESIAN_POINT('Ctrl Pts',(-5.90148967051216,-187.272521195263,69.8776415153791));
#1917=CARTESIAN_POINT('Ctrl Pts',(-6.03547139215156,-187.205378867077,69.8861905857087));
#1918=CARTESIAN_POINT('Ctrl Pts',(-6.27286859616125,-187.086411885707,69.9013383638406));
#1919=CARTESIAN_POINT('Ctrl Pts',(-6.50336572983416,-186.955137263098,69.916202342064));
#1920=CARTESIAN_POINT('Ctrl Pts',(-6.72611928601874,-186.812173083492,69.9299467021579));
#1921=CARTESIAN_POINT('Ctrl Pts',(-6.81470361924613,-186.755319281727,69.935412540708));
#1922=CARTESIAN_POINT('Ctrl Pts',(-6.90206324944866,-186.696617148284,69.9407008266205));
#1923=CARTESIAN_POINT('Ctrl Pts',(-6.98814484244792,-186.636107106998,69.9457574045507));
#1924=CARTESIAN_POINT('',(-10.9251935808009,-188.681534086081,69.7549821819563));
#1925=CARTESIAN_POINT('Ctrl Pts',(-6.98814484244792,-186.636107106998,69.9457574045507));
#1926=CARTESIAN_POINT('Ctrl Pts',(-7.10257805028041,-186.555670051721,69.952479226876));
#1927=CARTESIAN_POINT('Ctrl Pts',(-7.22347828006883,-186.485038210454,69.9579056804872));
#1928=CARTESIAN_POINT('Ctrl Pts',(-7.34953896044323,-186.42491624717,69.9623345800858));
#1929=CARTESIAN_POINT('Ctrl Pts',(-7.4352846698038,-186.3840216528,69.9653470907008));
#1930=CARTESIAN_POINT('Ctrl Pts',(-7.52341791527532,-186.347989319131,69.9678974189475));
#1931=CARTESIAN_POINT('Ctrl Pts',(-7.61352725672775,-186.317037985075,69.9700654635617));
#1932=CARTESIAN_POINT('Ctrl Pts',(-7.72583431881431,-186.278462035686,69.9727675887484));
#1933=CARTESIAN_POINT('Ctrl Pts',(-7.8406605455623,-186.247968891668,69.9748648928967));
#1934=CARTESIAN_POINT('Ctrl Pts',(-7.95711987765265,-186.225753074451,69.9764912967033));
#1935=CARTESIAN_POINT('Ctrl Pts',(-8.03737333863627,-186.210443900096,69.9776120702136));
#1936=CARTESIAN_POINT('Ctrl Pts',(-8.11840230966718,-186.199065304153,69.9785082628605));
#1937=CARTESIAN_POINT('Ctrl Pts',(-8.19991669894997,-186.191679717783,69.9792092354005));
#1938=CARTESIAN_POINT('Ctrl Pts',(-8.28283973280515,-186.184166501601,69.979922321399));
#1939=CARTESIAN_POINT('Ctrl Pts',(-8.36608818119887,-186.180801704758,69.9804320046956));
#1940=CARTESIAN_POINT('Ctrl Pts',(-8.44934899962418,-186.181598230748,69.9807576958761));
#1941=CARTESIAN_POINT('Ctrl Pts',(-8.49974596903753,-186.182080360239,69.9809548336027));
#1942=CARTESIAN_POINT('Ctrl Pts',(-8.55011703526265,-186.184086796242,69.9810841576887));
#1943=CARTESIAN_POINT('Ctrl Pts',(-8.60039274932862,-186.187614763565,69.9811475253568));
#1944=CARTESIAN_POINT('Ctrl Pts',(-8.61396401953339,-186.188567092114,69.9811646306284));
#1945=CARTESIAN_POINT('Ctrl Pts',(-8.62752724623056,-186.189630211074,69.9811769169142));
#1946=CARTESIAN_POINT('Ctrl Pts',(-8.6410810664544,-186.190804011037,69.981184397218));
#1947=CARTESIAN_POINT('Ctrl Pts',(-8.64918095346401,-186.191505484638,69.981188867516));
#1948=CARTESIAN_POINT('Ctrl Pts',(-8.65727733999877,-186.192246474261,69.9811916211326));
#1949=CARTESIAN_POINT('Ctrl Pts',(-8.66536993554403,-186.193026952346,69.9811926591407));
#1950=CARTESIAN_POINT('Ctrl Pts',(-8.67256787368152,-186.193721146556,69.9811935823944));
#1951=CARTESIAN_POINT('Ctrl Pts',(-8.67976273809436,-186.194446573552,69.9811931483726));
#1952=CARTESIAN_POINT('Ctrl Pts',(-8.68695432455696,-186.195203211958,69.9811913569784));
#1953=CARTESIAN_POINT('Ctrl Pts',(-8.69598745564586,-186.196153602243,69.9811891068632));
#1954=CARTESIAN_POINT('Ctrl Pts',(-8.70501530511339,-186.19715322352,69.9811847153021));
#1955=CARTESIAN_POINT('Ctrl Pts',(-8.71403746866828,-186.198202029754,69.9811781802894));
#1956=CARTESIAN_POINT('Ctrl Pts',(-8.72805791485409,-186.19983187511,69.9811680248767));
#1957=CARTESIAN_POINT('Ctrl Pts',(-8.74206425222084,-186.201580454182,69.9811526941025));
#1958=CARTESIAN_POINT('Ctrl Pts',(-8.7560549659325,-186.203447574574,69.9811321707698));
#1959=CARTESIAN_POINT('Ctrl Pts',(-8.82046302681572,-186.212043104895,69.981037688952));
#1960=CARTESIAN_POINT('Ctrl Pts',(-8.88451135685411,-186.223147130375,69.9808336528145));
#1961=CARTESIAN_POINT('Ctrl Pts',(-8.94805323491415,-186.236734064516,69.9805152045431));
#1962=CARTESIAN_POINT('Ctrl Pts',(-9.0617221453363,-186.261039483979,69.9799455382199));
#1963=CARTESIAN_POINT('Ctrl Pts',(-9.1733366470201,-186.29319715427,69.9790148846119));
#1964=CARTESIAN_POINT('Ctrl Pts',(-9.28211411812575,-186.332884983751,69.9776603683019));
#1965=CARTESIAN_POINT('Ctrl Pts',(-9.39440456584491,-186.373854534671,69.9762621077858));
#1966=CARTESIAN_POINT('Ctrl Pts',(-9.50367176231709,-186.422848554465,69.9744120410593));
#1967=CARTESIAN_POINT('Ctrl Pts',(-9.6090551659866,-186.479508751454,69.9719851413992));
#1968=CARTESIAN_POINT('Ctrl Pts',(-9.66402215942109,-186.509062177965,69.9707192933336));
#1969=CARTESIAN_POINT('Ctrl Pts',(-9.71793254853777,-186.540701167913,69.9692956167886));
#1970=CARTESIAN_POINT('Ctrl Pts',(-9.77066428666929,-186.574374335118,69.9676908341522));
#1971=CARTESIAN_POINT('Ctrl Pts',(-9.89525039812146,-186.653931905396,69.9638993105751));
#1972=CARTESIAN_POINT('Ctrl Pts',(-10.0123264482131,-186.744249845081,69.9591289381974));
#1973=CARTESIAN_POINT('Ctrl Pts',(-10.1205978534498,-186.844166405907,69.9530589459434));
#1974=CARTESIAN_POINT('Ctrl Pts',(-10.1961030968484,-186.913845230415,69.9488259146868));
#1975=CARTESIAN_POINT('Ctrl Pts',(-10.2673264664388,-186.988191861347,69.9439592172698));
#1976=CARTESIAN_POINT('Ctrl Pts',(-10.3338296976556,-187.066808218771,69.9383362031054));
#1977=CARTESIAN_POINT('Ctrl Pts',(-10.437724231276,-187.189626458428,69.9295516610094));
#1978=CARTESIAN_POINT('Ctrl Pts',(-10.529163497953,-187.321745147524,69.9189965342648));
#1979=CARTESIAN_POINT('Ctrl Pts',(-10.607154930306,-187.461207902702,69.9062974794388));
#1980=CARTESIAN_POINT('Ctrl Pts',(-10.6745284653377,-187.581683941392,69.8953272973383));
#1981=CARTESIAN_POINT('Ctrl Pts',(-10.731866620288,-187.707640102467,69.8827563870405));
#1982=CARTESIAN_POINT('Ctrl Pts',(-10.7785320935121,-187.837807344745,69.8683852476563));
#1983=CARTESIAN_POINT('Ctrl Pts',(-10.7858864530972,-187.858321370207,69.8661203927351));
#1984=CARTESIAN_POINT('Ctrl Pts',(-10.7929757403347,-187.878939974758,69.8638109306104));
#1985=CARTESIAN_POINT('Ctrl Pts',(-10.7997974657305,-187.899658179569,69.8614562053353));
#1986=CARTESIAN_POINT('Ctrl Pts',(-10.8372022289647,-188.013259871315,69.8485448176311));
#1987=CARTESIAN_POINT('Ctrl Pts',(-10.8662684062226,-188.128949156457,69.83437152856));
#1988=CARTESIAN_POINT('Ctrl Pts',(-10.8869594152468,-188.245831972636,69.8189134226595));
#1989=CARTESIAN_POINT('Ctrl Pts',(-10.9071093687178,-188.359658384137,69.8038595355205));
#1990=CARTESIAN_POINT('Ctrl Pts',(-10.9193164605124,-188.474616558369,69.7875870340203));
#1991=CARTESIAN_POINT('Ctrl Pts',(-10.9235473697546,-188.58988432604,69.770124511098));
#1992=CARTESIAN_POINT('Ctrl Pts',(-10.9246699860999,-188.620469118259,69.765491059388));
#1993=CARTESIAN_POINT('Ctrl Pts',(-10.9252310514441,-188.651075734436,69.7607741075347));
#1994=CARTESIAN_POINT('Ctrl Pts',(-10.925229945816,-188.681688882383,69.7559748089529));
#1995=CARTESIAN_POINT('Ctrl Pts',(-10.925229945816,-188.681688882383,69.7559748089529));
#1996=CARTESIAN_POINT('Ctrl Pts',(-10.9252264641261,-189.098649413414,69.6906070617417));
#1997=CARTESIAN_POINT('Ctrl Pts',(-10.9252253764962,-189.513086718027,69.6121958198619));
#1998=CARTESIAN_POINT('Ctrl Pts',(-10.9252296107887,-189.92436779972,69.5207848505003));
#1999=CARTESIAN_POINT('Ctrl Pts',(-10.9252299312279,-189.955492384115,69.5138671279082));
#2000=CARTESIAN_POINT('Ctrl Pts',(-10.9252302823494,-189.986598891369,69.5068749307549));
#2001=CARTESIAN_POINT('Ctrl Pts',(-10.9252306655469,-190.017687046234,69.4998082658878));
#2002=CARTESIAN_POINT('Ctrl Pts',(-10.9252357206662,-190.427800217805,69.4065852247111));
#2003=CARTESIAN_POINT('Ctrl Pts',(-10.9252462625373,-190.834720421356,69.3004070768322));
#2004=CARTESIAN_POINT('Ctrl Pts',(-10.925257111816,-191.237900006288,69.1815956753442));
#2005=CARTESIAN_POINT('Ctrl Pts',(-10.9252679933882,-191.642279682438,69.0624306237091));
#2006=CARTESIAN_POINT('Ctrl Pts',(-10.9252791342285,-192.042896941629,68.9305567876756));
#2007=CARTESIAN_POINT('Ctrl Pts',(-10.9252869113904,-192.439184418221,68.7862484513088));
#2008=CARTESIAN_POINT('Ctrl Pts',(-10.9252946625032,-192.834144563298,68.6424234635561));
#2009=CARTESIAN_POINT('Ctrl Pts',(-10.9252990244416,-193.224804365744,68.4862468793583));
#2010=CARTESIAN_POINT('Ctrl Pts',(-10.9252987311021,-193.610580084997,68.3179437547347));
#2011=CARTESIAN_POINT('Ctrl Pts',(-10.9252984957347,-193.920115861561,68.1829019784422));
#2012=CARTESIAN_POINT('Ctrl Pts',(-10.9252952974415,-194.226506939442,68.0400521878457));
#2013=CARTESIAN_POINT('Ctrl Pts',(-10.9252898854012,-194.529438257038,67.8894905063453));
#2014=CARTESIAN_POINT('Ctrl Pts',(-10.9252831341845,-194.90732808877,67.7016732514671));
#2015=CARTESIAN_POINT('Ctrl Pts',(-10.9252718319597,-195.278872014796,67.5023352428302));
#2016=CARTESIAN_POINT('Ctrl Pts',(-10.9252587135975,-195.643528426345,67.2918000418626));
#2017=CARTESIAN_POINT('Ctrl Pts',(-10.9252455838119,-196.008502378181,67.0810815082953));
#2018=CARTESIAN_POINT('Ctrl Pts',(-10.9252305854669,-196.366577311572,66.8591460318935));
#2019=CARTESIAN_POINT('Ctrl Pts',(-10.9252185343896,-196.717190035197,66.6262699424143));
#2020=CARTESIAN_POINT('Ctrl Pts',(-10.925206550202,-197.065856675231,66.3946864367635));
#2021=CARTESIAN_POINT('Ctrl Pts',(-10.9251974348963,-197.407144175408,66.1522831573838));
#2022=CARTESIAN_POINT('Ctrl Pts',(-10.925198680523,-197.740471616995,65.899288270715));
#2023=CARTESIAN_POINT('Ctrl Pts',(-10.9251991035514,-197.85367326673,65.8133684364255));
#2024=CARTESIAN_POINT('Ctrl Pts',(-10.9252007481867,-197.965956576184,65.7262266589376));
#2025=CARTESIAN_POINT('Ctrl Pts',(-10.9252039951987,-198.077297930298,65.6378708079632));
#2026=CARTESIAN_POINT('Ctrl Pts',(-10.925213601679,-198.406708027905,65.3764647048584));
#2027=CARTESIAN_POINT('Ctrl Pts',(-10.9252369493343,-198.727875952464,65.1044342795519));
#2028=CARTESIAN_POINT('Ctrl Pts',(-10.925263040121,-199.040397788553,64.8222586789755));
#2029=CARTESIAN_POINT('Ctrl Pts',(-10.9252875206213,-199.333631219524,64.5574985568394));
#2030=CARTESIAN_POINT('Ctrl Pts',(-10.9253144240191,-199.619252799551,64.283806287873));
#2031=CARTESIAN_POINT('Ctrl Pts',(-10.9253379830026,-199.896895828625,64.0015524029633));
#2032=CARTESIAN_POINT('Ctrl Pts',(-10.9253628474261,-200.189923491788,63.7036583892383));
#2033=CARTESIAN_POINT('Ctrl Pts',(-10.9253826709061,-200.473240815762,63.3970651499101));
#2034=CARTESIAN_POINT('Ctrl Pts',(-10.9253940776969,-200.74653868586,63.0823268809522));
#2035=CARTESIAN_POINT('Ctrl Pts',(-10.9254061668887,-201.036186357051,62.7487596760344));
#2036=CARTESIAN_POINT('Ctrl Pts',(-10.9254087262393,-201.314580670377,62.4060436850958));
#2037=CARTESIAN_POINT('Ctrl Pts',(-10.9254016704309,-201.58131384002,62.0547900178251));
#2038=CARTESIAN_POINT('Ctrl Pts',(-10.9253949473875,-201.835467378253,61.7201021255255));
#2039=CARTESIAN_POINT('Ctrl Pts',(-10.9253794909534,-202.079033792926,61.3776621070733));
#2040=CARTESIAN_POINT('Ctrl Pts',(-10.9253591703974,-202.311620465242,61.0279633147902));
#2041=CARTESIAN_POINT('Ctrl Pts',(-10.9253389336518,-202.543247854092,60.6797068247095));
#2042=CARTESIAN_POINT('Ctrl Pts',(-10.9253138419394,-202.763986193375,60.3242508662764));
#2043=CARTESIAN_POINT('Ctrl Pts',(-10.9252920194121,-202.973404261366,59.9620553075424));
#2044=CARTESIAN_POINT('Ctrl Pts',(-10.9252704456698,-203.180434884763,59.6039889141511));
#2045=CARTESIAN_POINT('Ctrl Pts',(-10.9252520427781,-203.37640211927,59.2393352670679));
#2046=CARTESIAN_POINT('Ctrl Pts',(-10.9252492743286,-203.56084276533,58.8685185137392));
#2047=CARTESIAN_POINT('Ctrl Pts',(-10.925248801662,-203.592332928668,58.8052077393508));
#2048=CARTESIAN_POINT('Ctrl Pts',(-10.9252487962388,-203.623486977475,58.7417172722758));
#2049=CARTESIAN_POINT('Ctrl Pts',(-10.9252493345351,-203.654302460734,58.6780491781828));
#2050=CARTESIAN_POINT('Ctrl Pts',(-10.9252524449371,-203.832361519395,58.3101600619973));
#2051=CARTESIAN_POINT('Ctrl Pts',(-10.9252733433844,-203.999120265309,57.9363409392416));
#2052=CARTESIAN_POINT('Ctrl Pts',(-10.9252988394144,-204.154382987669,57.5571267175217));
#2053=CARTESIAN_POINT('Ctrl Pts',(-10.9253247300983,-204.312049026494,57.1720426271781));
#2054=CARTESIAN_POINT('Ctrl Pts',(-10.925354230956,-204.457374399357,56.7825830055406));
#2055=CARTESIAN_POINT('Ctrl Pts',(-10.9253782338249,-204.590331930302,56.3893807509164));
#2056=CARTESIAN_POINT('Ctrl Pts',(-10.9254024555539,-204.724501778508,55.9925932471002));
#2057=CARTESIAN_POINT('Ctrl Pts',(-10.9254210609048,-204.846077390378,55.5919940566825));
#2058=CARTESIAN_POINT('Ctrl Pts',(-10.9254292200521,-204.954984537876,55.1882076870341));
#2059=CARTESIAN_POINT('Ctrl Pts',(-10.9254377489026,-205.068826430807,54.7661251541896));
#2060=CARTESIAN_POINT('Ctrl Pts',(-10.9254348100675,-205.168826335818,54.340559597947));
#2061=CARTESIAN_POINT('Ctrl Pts',(-10.9254204018674,-205.254843176233,53.9122034279902));
#2062=CARTESIAN_POINT('Ctrl Pts',(-10.925406601405,-205.337231827075,53.5019153175179));
#2063=CARTESIAN_POINT('Ctrl Pts',(-10.9253823025483,-205.406791901022,53.0890664046162));
#2064=CARTESIAN_POINT('Ctrl Pts',(-10.9253525394506,-205.463348075845,52.6742550438481));
#2065=CARTESIAN_POINT('Ctrl Pts',(-10.9253229785189,-205.519520092355,52.2622612928901));
#2066=CARTESIAN_POINT('Ctrl Pts',(-10.9252880202839,-205.562864338833,51.8483311434058));
#2067=CARTESIAN_POINT('Ctrl Pts',(-10.9252575956837,-205.593158087954,51.4330490581064));
#2068=CARTESIAN_POINT('Ctrl Pts',(-10.9252276051615,-205.623019625941,51.0236919423651));
#2069=CARTESIAN_POINT('Ctrl Pts',(-10.925202018979,-205.640200410832,50.613020714999));
#2070=CARTESIAN_POINT('Ctrl Pts',(-10.925195271343,-205.644436941773,50.2016008106541));
#2071=CARTESIAN_POINT('Ctrl Pts',(-10.9251941695149,-205.645128729056,50.1344196518177));
#2072=CARTESIAN_POINT('Ctrl Pts',(-10.9251935808077,-205.645475261272,50.0672185516444));
#2073=CARTESIAN_POINT('Ctrl Pts',(-10.9251935808077,-205.645475261272,50.));
#2074=CARTESIAN_POINT('Origin',(-0.847742744373861,2.28357501360897,70.));
#2075=CARTESIAN_POINT('',(159.,-170.,70.));
#2076=CARTESIAN_POINT('',(159.,170.,70.));
#2077=CARTESIAN_POINT('',(-10.9251935802684,-170.,70.));
#2078=CARTESIAN_POINT('',(159.,-170.,70.));
#2079=CARTESIAN_POINT('',(-10.925193580243,-172.318465913344,70.));
#2080=CARTESIAN_POINT('',(-10.925193581201,-85.0174454499228,70.));
#2081=CARTESIAN_POINT('',(-6.98769358030645,-174.363849434883,70.));
#2082=CARTESIAN_POINT('Origin',(-8.42519358024301,-172.318465913344,70.));
#2083=CARTESIAN_POINT('Origin',(-2.67519358020293,-180.5,70.));
#2084=CARTESIAN_POINT('Origin',(159.,170.,0.));
#2085=CARTESIAN_POINT('',(159.,-170.,3.));
#2086=CARTESIAN_POINT('',(159.,85.,3.));
#2087=CARTESIAN_POINT('',(159.,-170.,0.));
#2088=CARTESIAN_POINT('Origin',(-10.9251935808075,-205.645475261253,0.));
#2089=CARTESIAN_POINT('',(-10.9251935808009,-188.681534086081,0.));
#2090=CARTESIAN_POINT('',(-10.9251935807676,-101.68095012382,0.));
#2091=CARTESIAN_POINT('',(-10.9251935808009,-188.681534086081,0.));
#2092=CARTESIAN_POINT('Origin',(-8.42519358080094,-188.681534086128,0.));
#2093=CARTESIAN_POINT('',(-6.9876935807278,-186.636150564685,0.));
#2094=CARTESIAN_POINT('Origin',(-8.42519358080094,-188.681534086128,0.));
#2095=CARTESIAN_POINT('',(-6.9876935807278,-186.636150564685,0.));
#2096=CARTESIAN_POINT('Origin',(-10.925193579661,-150.909232957225,0.));
#2097=CARTESIAN_POINT('',(-10.9251935795584,-140.,3.));
#2098=CARTESIAN_POINT('',(-10.925193579661,-150.909232957225,3.));
#2099=CARTESIAN_POINT('',(-10.9251935789516,-75.4546164785609,3.));
#2100=CARTESIAN_POINT('',(-10.9251935795584,-140.,0.));
#2101=CARTESIAN_POINT('',(-10.9251935795584,-140.,0.));
#2102=CARTESIAN_POINT('',(-10.925193579661,-150.909232957225,0.));
#2103=CARTESIAN_POINT('',(-10.9251935789409,-74.3128289717604,0.));
#2104=CARTESIAN_POINT('',(-10.925193579661,-150.909232957225,0.));
#2105=CARTESIAN_POINT('Origin',(-2.67519358020293,-180.5,0.));
#2106=CARTESIAN_POINT('',(-6.98769358030645,-174.363849434883,0.));
#2107=CARTESIAN_POINT('',(-6.98769358030645,-174.363849434883,0.));
#2108=CARTESIAN_POINT('Origin',(-2.67519358020293,-180.5,0.));
#2109=CARTESIAN_POINT('Origin',(-8.42519358024301,-172.318465913344,0.));
#2110=CARTESIAN_POINT('',(-10.925193580243,-172.318465913344,0.));
#2111=CARTESIAN_POINT('',(-10.925193580243,-172.318465913344,0.));
#2112=CARTESIAN_POINT('Origin',(-8.42519358024301,-172.318465913344,0.));
#2113=CARTESIAN_POINT('Origin',(-10.925193580243,-172.318465913344,0.));
#2114=CARTESIAN_POINT('',(-10.9251935803882,-159.090767043253,3.));
#2115=CARTESIAN_POINT('',(-10.9251935802685,-170.,3.));
#2116=CARTESIAN_POINT('',(-10.9251935811885,-86.159232956732,3.));
#2117=CARTESIAN_POINT('',(-10.9251935803882,-159.090767043253,0.));
#2118=CARTESIAN_POINT('',(-10.9251935803882,-159.090767043253,0.));
#2119=CARTESIAN_POINT('',(-10.925193581201,-85.0174454499228,0.));
#2120=CARTESIAN_POINT('',(-10.9251935802685,-170.,0.));
#2121=CARTESIAN_POINT('Origin',(-12.1751935803882,-159.090767043253,0.));
#2122=CARTESIAN_POINT('',(-12.8939435802292,-158.068075282439,3.));
#2123=CARTESIAN_POINT('Origin',(-12.1751935803882,-159.090767043253,3.));
#2124=CARTESIAN_POINT('',(-12.8939435802292,-158.068075282439,0.));
#2125=CARTESIAN_POINT('',(-12.8939435802292,-158.068075282439,0.));
#2126=CARTESIAN_POINT('Origin',(-12.1751935803882,-159.090767043253,0.));
#2127=CARTESIAN_POINT('Origin',(-15.0501935796945,-155.,0.));
#2128=CARTESIAN_POINT('',(-12.8939435796908,-151.931924717939,3.));
#2129=CARTESIAN_POINT('Origin',(-15.0501935796945,-155.,3.));
#2130=CARTESIAN_POINT('',(-12.8939435796908,-151.931924717939,0.));
#2131=CARTESIAN_POINT('',(-12.8939435796908,-151.931924717939,0.));
#2132=CARTESIAN_POINT('Origin',(-15.0501935796945,-155.,0.));
#2133=CARTESIAN_POINT('Origin',(-12.1751935796609,-150.909232957213,0.));
#2134=CARTESIAN_POINT('Origin',(-12.1751935796609,-150.909232957213,3.));
#2135=CARTESIAN_POINT('Origin',(-12.1751935796609,-150.909232957213,0.));
#2136=CARTESIAN_POINT('Origin',(159.,-170.,0.));
#2137=CARTESIAN_POINT('',(79.5,-170.,3.));
#2138=CARTESIAN_POINT('Origin',(-1.77635683940025E-14,0.,3.));
#2139=CARTESIAN_POINT('',(129.,-140.,3.));
#2140=CARTESIAN_POINT('',(129.,140.,3.));
#2141=CARTESIAN_POINT('',(129.,-140.,3.));
#2142=CARTESIAN_POINT('Origin',(129.,-140.,0.));
#2143=CARTESIAN_POINT('',(129.,-140.,0.));
#2144=CARTESIAN_POINT('',(129.,-140.,0.));
#2145=CARTESIAN_POINT('',(129.,-140.,0.));
#2146=CARTESIAN_POINT('Origin',(129.,140.,0.));
#2147=CARTESIAN_POINT('',(129.,140.,0.));
#2148=CARTESIAN_POINT('Origin',(-0.847742744373861,2.28357501360897,0.));
#2149=UNCERTAINTY_MEASURE_WITH_UNIT(LENGTH_MEASURE(0.01),#2153,
'DISTANCE_ACCURACY_VALUE',
'Maximum model space distance between geometric entities at asserted c
onnectivities');
#2150=UNCERTAINTY_MEASURE_WITH_UNIT(LENGTH_MEASURE(0.01),#2153,
'DISTANCE_ACCURACY_VALUE',
'Maximum model space distance between geometric entities at asserted c
onnectivities');
#2151=(
GEOMETRIC_REPRESENTATION_CONTEXT(3)
GLOBAL_UNCERTAINTY_ASSIGNED_CONTEXT((#2149))
GLOBAL_UNIT_ASSIGNED_CONTEXT((#2153,#2155,#2156))
REPRESENTATION_CONTEXT('','3D')
);
#2152=(
GEOMETRIC_REPRESENTATION_CONTEXT(3)
GLOBAL_UNCERTAINTY_ASSIGNED_CONTEXT((#2150))
GLOBAL_UNIT_ASSIGNED_CONTEXT((#2153,#2155,#2156))
REPRESENTATION_CONTEXT('','3D')
);
#2153=(
LENGTH_UNIT()
NAMED_UNIT(*)
SI_UNIT(.MILLI.,.METRE.)
);
#2154=(
LENGTH_UNIT()
NAMED_UNIT(*)
SI_UNIT($,.METRE.)
);
#2155=(
NAMED_UNIT(*)
PLANE_ANGLE_UNIT()
SI_UNIT($,.RADIAN.)
);
#2156=(
NAMED_UNIT(*)
SI_UNIT($,.STERADIAN.)
SOLID_ANGLE_UNIT()
);
#2157=SHAPE_DEFINITION_REPRESENTATION(#2158,#2159);
#2158=PRODUCT_DEFINITION_SHAPE('',$,#2161);
#2159=SHAPE_REPRESENTATION('',(#529),#2151);
#2160=PRODUCT_DEFINITION_CONTEXT('part definition',#2165,'design');
#2161=PRODUCT_DEFINITION('2026-08-30-19-19-24-960','BoxFrameFrontRight',
#2162,#2160);
#2162=PRODUCT_DEFINITION_FORMATION('',$,#2167);
#2163=PRODUCT_RELATED_PRODUCT_CATEGORY('BoxFrameFrontRight',
'BoxFrameFrontRight',(#2167));
#2164=APPLICATION_PROTOCOL_DEFINITION('international standard',
'automotive_design',2009,#2165);
#2165=APPLICATION_CONTEXT(
'Core Data for Automotive Mechanical Design Process');
#2166=PRODUCT_CONTEXT('part definition',#2165,'mechanical');
#2167=PRODUCT('2026-08-30-19-19-24-960','BoxFrameFrontRight',$,(#2166));
#2168=PRESENTATION_STYLE_ASSIGNMENT((#2169));
#2169=SURFACE_STYLE_USAGE(.BOTH.,#2170);
#2170=SURFACE_SIDE_STYLE('',(#2171));
#2171=SURFACE_STYLE_FILL_AREA(#2172);
#2172=FILL_AREA_STYLE('Steel - Satin',(#2173));
#2173=FILL_AREA_STYLE_COLOUR('Steel - Satin',#2174);
#2174=COLOUR_RGB('Steel - Satin',0.627450980392157,0.627450980392157,0.627450980392157);
ENDSEC;
END-ISO-10303-21;
