ISO-10303-21;
HEADER;
/* Generated by software containing ST-Developer
 * from STEP Tools, Inc. (www.steptools.com) 
 */

FILE_DESCRIPTION(
/* description */ (''),
/* implementation_level */ '2;1');

FILE_NAME(
/* name */ 'TurtleSquareSkinHolder.step',
/* time_stamp */ '2026-09-13T17:06:07+01:00',
/* author */ (''),
/* organization */ (''),
/* preprocessor_version */ 'ST-DEVELOPER v20.2',
/* originating_system */ 'Autodesk Translation Framework v15.15.0.0',
/* authorisation */ '');

FILE_SCHEMA (('AUTOMOTIVE_DESIGN { 1 0 10303 214 3 1 1 }'));
ENDSEC;

DATA;
#10=MECHANICAL_DESIGN_GEOMETRIC_PRESENTATION_REPRESENTATION('',(#13),#2811);
#11=SHAPE_REPRESENTATION_RELATIONSHIP('SRR','None',#2818,#12);
#12=ADVANCED_BREP_SHAPE_REPRESENTATION('',(#14),#2810);
#13=STYLED_ITEM('',(#2827),#14);
#14=MANIFOLD_SOLID_BREP('Body2',#1699);
#15=FACE_BOUND('',#238,.T.);
#16=FACE_BOUND('',#242,.T.);
#17=FACE_BOUND('',#244,.T.);
#18=FACE_BOUND('',#247,.T.);
#19=FACE_BOUND('',#254,.T.);
#20=FACE_BOUND('',#255,.T.);
#21=FACE_BOUND('',#256,.T.);
#22=FACE_BOUND('',#257,.T.);
#23=FACE_BOUND('',#263,.T.);
#24=FACE_BOUND('',#267,.T.);
#25=FACE_BOUND('',#271,.T.);
#26=FACE_BOUND('',#275,.T.);
#27=FACE_BOUND('',#309,.T.);
#28=FACE_BOUND('',#310,.T.);
#29=FACE_BOUND('',#311,.T.);
#30=FACE_BOUND('',#312,.T.);
#31=FACE_BOUND('',#313,.T.);
#32=FACE_BOUND('',#314,.T.);
#33=CYLINDRICAL_SURFACE('',#1723,5.);
#34=CYLINDRICAL_SURFACE('',#1726,5.);
#35=CYLINDRICAL_SURFACE('',#1749,5.);
#36=CYLINDRICAL_SURFACE('',#1752,5.);
#37=CYLINDRICAL_SURFACE('',#1767,5.);
#38=CYLINDRICAL_SURFACE('',#1775,5.);
#39=CYLINDRICAL_SURFACE('',#1797,2.);
#40=CYLINDRICAL_SURFACE('',#1798,0.8);
#41=CYLINDRICAL_SURFACE('',#1803,2.);
#42=CYLINDRICAL_SURFACE('',#1804,0.8);
#43=CYLINDRICAL_SURFACE('',#1809,2.);
#44=CYLINDRICAL_SURFACE('',#1810,0.8);
#45=CYLINDRICAL_SURFACE('',#1815,2.);
#46=CYLINDRICAL_SURFACE('',#1816,0.8);
#47=CYLINDRICAL_SURFACE('',#1830,5.);
#48=CYLINDRICAL_SURFACE('',#1832,5.);
#49=(
BOUNDED_CURVE()
B_SPLINE_CURVE(2,(#2344,#2345,#2346),.UNSPECIFIED.,.F.,.F.)
B_SPLINE_CURVE_WITH_KNOTS((3,3),(2.05680549972436,2.13159181747125),
 .UNSPECIFIED.)
CURVE()
GEOMETRIC_REPRESENTATION_ITEM()
RATIONAL_B_SPLINE_CURVE((3.5566151200831,3.4881183819916,3.41126045255716))
REPRESENTATION_ITEM('')
);
#50=(
BOUNDED_CURVE()
B_SPLINE_CURVE(2,(#2401,#2402,#2403),.UNSPECIFIED.,.F.,.F.)
B_SPLINE_CURVE_WITH_KNOTS((3,3),(0.756686903496532,0.831473221243379),
 .UNSPECIFIED.)
CURVE()
GEOMETRIC_REPRESENTATION_ITEM()
RATIONAL_B_SPLINE_CURVE((3.41126045255726,3.48811838199166,3.55661512008312))
REPRESENTATION_ITEM('')
);
#51=(
BOUNDED_CURVE()
B_SPLINE_CURVE(2,(#2433,#2434,#2435),.UNSPECIFIED.,.F.,.F.)
B_SPLINE_CURVE_WITH_KNOTS((3,3),(2.05680549972436,2.13159181747126),
 .UNSPECIFIED.)
CURVE()
GEOMETRIC_REPRESENTATION_ITEM()
RATIONAL_B_SPLINE_CURVE((3.55661512008313,3.48811838199162,3.41126045255716))
REPRESENTATION_ITEM('')
);
#52=(
BOUNDED_CURVE()
B_SPLINE_CURVE(2,(#2505,#2506,#2507),.UNSPECIFIED.,.F.,.F.)
B_SPLINE_CURVE_WITH_KNOTS((3,3),(0.756686903496531,0.831473221243367),
 .UNSPECIFIED.)
CURVE()
GEOMETRIC_REPRESENTATION_ITEM()
RATIONAL_B_SPLINE_CURVE((3.41126045255726,3.48811838199165,3.5566151200831))
REPRESENTATION_ITEM('')
);
#53=CIRCLE('',#1715,5.);
#54=CIRCLE('',#1716,2.);
#55=CIRCLE('',#1719,2.);
#56=CIRCLE('',#1720,5.);
#57=CIRCLE('',#1724,5.);
#58=CIRCLE('',#1727,5.);
#59=CIRCLE('',#1731,5.);
#60=CIRCLE('',#1732,2.);
#61=CIRCLE('',#1735,5.);
#62=CIRCLE('',#1736,2.);
#63=CIRCLE('',#1741,2.);
#64=CIRCLE('',#1742,5.);
#65=CIRCLE('',#1745,5.);
#66=CIRCLE('',#1746,2.);
#67=CIRCLE('',#1750,5.);
#68=CIRCLE('',#1753,5.);
#69=CIRCLE('',#1757,5.);
#70=CIRCLE('',#1758,2.);
#71=CIRCLE('',#1761,5.);
#72=CIRCLE('',#1762,2.);
#73=CIRCLE('',#1766,2.39999999999999);
#74=CIRCLE('',#1768,5.);
#75=CIRCLE('',#1771,5.);
#76=CIRCLE('',#1772,2.39999999999999);
#77=CIRCLE('',#1774,2.4);
#78=CIRCLE('',#1776,5.);
#79=CIRCLE('',#1778,5.);
#80=CIRCLE('',#1779,2.4);
#81=CIRCLE('',#1786,2.);
#82=CIRCLE('',#1787,2.);
#83=CIRCLE('',#1788,2.);
#84=CIRCLE('',#1789,2.);
#85=CIRCLE('',#1795,2.);
#86=CIRCLE('',#1796,0.8);
#87=CIRCLE('',#1799,0.8);
#88=CIRCLE('',#1801,2.);
#89=CIRCLE('',#1802,0.8);
#90=CIRCLE('',#1805,0.8);
#91=CIRCLE('',#1807,2.);
#92=CIRCLE('',#1808,0.8);
#93=CIRCLE('',#1811,0.8);
#94=CIRCLE('',#1813,2.);
#95=CIRCLE('',#1814,0.8);
#96=CIRCLE('',#1817,0.8);
#97=CIRCLE('',#1819,0.899999999999999);
#98=CIRCLE('',#1822,0.89999999999999);
#99=CIRCLE('',#1825,0.899999999999999);
#100=CIRCLE('',#1828,0.89999999999999);
#101=CONICAL_SURFACE('',#1714,3.5,0.78539816339745);
#102=CONICAL_SURFACE('',#1718,3.5,0.78539816339745);
#103=CONICAL_SURFACE('',#1730,3.5,0.78539816339745);
#104=CONICAL_SURFACE('',#1734,3.5,0.78539816339745);
#105=CONICAL_SURFACE('',#1740,3.5,0.785398163397451);
#106=CONICAL_SURFACE('',#1744,3.5,0.78539816339745);
#107=CONICAL_SURFACE('',#1756,3.5,0.78539816339745);
#108=CONICAL_SURFACE('',#1760,3.5,0.78539816339745);
#109=CONICAL_SURFACE('',#1818,1.65,0.785398163397448);
#110=CONICAL_SURFACE('',#1821,1.64999999999999,0.785398163397448);
#111=CONICAL_SURFACE('',#1824,1.65,0.785398163397448);
#112=CONICAL_SURFACE('',#1827,1.64999999999999,0.785398163397448);
#113=FACE_OUTER_BOUND('',#205,.T.);
#114=FACE_OUTER_BOUND('',#206,.T.);
#115=FACE_OUTER_BOUND('',#207,.T.);
#116=FACE_OUTER_BOUND('',#208,.T.);
#117=FACE_OUTER_BOUND('',#209,.T.);
#118=FACE_OUTER_BOUND('',#210,.T.);
#119=FACE_OUTER_BOUND('',#211,.T.);
#120=FACE_OUTER_BOUND('',#212,.T.);
#121=FACE_OUTER_BOUND('',#213,.T.);
#122=FACE_OUTER_BOUND('',#214,.T.);
#123=FACE_OUTER_BOUND('',#215,.T.);
#124=FACE_OUTER_BOUND('',#216,.T.);
#125=FACE_OUTER_BOUND('',#217,.T.);
#126=FACE_OUTER_BOUND('',#218,.T.);
#127=FACE_OUTER_BOUND('',#219,.T.);
#128=FACE_OUTER_BOUND('',#220,.T.);
#129=FACE_OUTER_BOUND('',#221,.T.);
#130=FACE_OUTER_BOUND('',#222,.T.);
#131=FACE_OUTER_BOUND('',#223,.T.);
#132=FACE_OUTER_BOUND('',#224,.T.);
#133=FACE_OUTER_BOUND('',#225,.T.);
#134=FACE_OUTER_BOUND('',#226,.T.);
#135=FACE_OUTER_BOUND('',#227,.T.);
#136=FACE_OUTER_BOUND('',#228,.T.);
#137=FACE_OUTER_BOUND('',#229,.T.);
#138=FACE_OUTER_BOUND('',#230,.T.);
#139=FACE_OUTER_BOUND('',#231,.T.);
#140=FACE_OUTER_BOUND('',#232,.T.);
#141=FACE_OUTER_BOUND('',#233,.T.);
#142=FACE_OUTER_BOUND('',#234,.T.);
#143=FACE_OUTER_BOUND('',#235,.T.);
#144=FACE_OUTER_BOUND('',#236,.T.);
#145=FACE_OUTER_BOUND('',#237,.T.);
#146=FACE_OUTER_BOUND('',#239,.T.);
#147=FACE_OUTER_BOUND('',#240,.T.);
#148=FACE_OUTER_BOUND('',#241,.T.);
#149=FACE_OUTER_BOUND('',#243,.T.);
#150=FACE_OUTER_BOUND('',#245,.T.);
#151=FACE_OUTER_BOUND('',#246,.T.);
#152=FACE_OUTER_BOUND('',#248,.T.);
#153=FACE_OUTER_BOUND('',#249,.T.);
#154=FACE_OUTER_BOUND('',#250,.T.);
#155=FACE_OUTER_BOUND('',#251,.T.);
#156=FACE_OUTER_BOUND('',#252,.T.);
#157=FACE_OUTER_BOUND('',#253,.T.);
#158=FACE_OUTER_BOUND('',#258,.T.);
#159=FACE_OUTER_BOUND('',#259,.T.);
#160=FACE_OUTER_BOUND('',#260,.T.);
#161=FACE_OUTER_BOUND('',#261,.T.);
#162=FACE_OUTER_BOUND('',#262,.T.);
#163=FACE_OUTER_BOUND('',#264,.T.);
#164=FACE_OUTER_BOUND('',#265,.T.);
#165=FACE_OUTER_BOUND('',#266,.T.);
#166=FACE_OUTER_BOUND('',#268,.T.);
#167=FACE_OUTER_BOUND('',#269,.T.);
#168=FACE_OUTER_BOUND('',#270,.T.);
#169=FACE_OUTER_BOUND('',#272,.T.);
#170=FACE_OUTER_BOUND('',#273,.T.);
#171=FACE_OUTER_BOUND('',#274,.T.);
#172=FACE_OUTER_BOUND('',#276,.T.);
#173=FACE_OUTER_BOUND('',#277,.T.);
#174=FACE_OUTER_BOUND('',#278,.T.);
#175=FACE_OUTER_BOUND('',#279,.T.);
#176=FACE_OUTER_BOUND('',#280,.T.);
#177=FACE_OUTER_BOUND('',#281,.T.);
#178=FACE_OUTER_BOUND('',#282,.T.);
#179=FACE_OUTER_BOUND('',#283,.T.);
#180=FACE_OUTER_BOUND('',#284,.T.);
#181=FACE_OUTER_BOUND('',#285,.T.);
#182=FACE_OUTER_BOUND('',#286,.T.);
#183=FACE_OUTER_BOUND('',#287,.T.);
#184=FACE_OUTER_BOUND('',#288,.T.);
#185=FACE_OUTER_BOUND('',#289,.T.);
#186=FACE_OUTER_BOUND('',#290,.T.);
#187=FACE_OUTER_BOUND('',#291,.T.);
#188=FACE_OUTER_BOUND('',#292,.T.);
#189=FACE_OUTER_BOUND('',#293,.T.);
#190=FACE_OUTER_BOUND('',#294,.T.);
#191=FACE_OUTER_BOUND('',#295,.T.);
#192=FACE_OUTER_BOUND('',#296,.T.);
#193=FACE_OUTER_BOUND('',#297,.T.);
#194=FACE_OUTER_BOUND('',#298,.T.);
#195=FACE_OUTER_BOUND('',#299,.T.);
#196=FACE_OUTER_BOUND('',#300,.T.);
#197=FACE_OUTER_BOUND('',#301,.T.);
#198=FACE_OUTER_BOUND('',#302,.T.);
#199=FACE_OUTER_BOUND('',#303,.T.);
#200=FACE_OUTER_BOUND('',#304,.T.);
#201=FACE_OUTER_BOUND('',#305,.T.);
#202=FACE_OUTER_BOUND('',#306,.T.);
#203=FACE_OUTER_BOUND('',#307,.T.);
#204=FACE_OUTER_BOUND('',#308,.T.);
#205=EDGE_LOOP('',(#1071,#1072,#1073,#1074));
#206=EDGE_LOOP('',(#1075,#1076,#1077,#1078));
#207=EDGE_LOOP('',(#1079,#1080,#1081,#1082));
#208=EDGE_LOOP('',(#1083,#1084,#1085,#1086,#1087));
#209=EDGE_LOOP('',(#1088,#1089,#1090));
#210=EDGE_LOOP('',(#1091,#1092,#1093,#1094));
#211=EDGE_LOOP('',(#1095,#1096,#1097,#1098));
#212=EDGE_LOOP('',(#1099,#1100,#1101,#1102));
#213=EDGE_LOOP('',(#1103,#1104,#1105,#1106));
#214=EDGE_LOOP('',(#1107,#1108,#1109,#1110));
#215=EDGE_LOOP('',(#1111,#1112,#1113,#1114));
#216=EDGE_LOOP('',(#1115,#1116,#1117,#1118));
#217=EDGE_LOOP('',(#1119,#1120,#1121,#1122));
#218=EDGE_LOOP('',(#1123,#1124,#1125,#1126,#1127));
#219=EDGE_LOOP('',(#1128,#1129,#1130));
#220=EDGE_LOOP('',(#1131,#1132,#1133,#1134,#1135,#1136,#1137,#1138,#1139,
#1140));
#221=EDGE_LOOP('',(#1141,#1142,#1143));
#222=EDGE_LOOP('',(#1144,#1145,#1146,#1147,#1148));
#223=EDGE_LOOP('',(#1149,#1150,#1151,#1152));
#224=EDGE_LOOP('',(#1153,#1154,#1155,#1156));
#225=EDGE_LOOP('',(#1157,#1158,#1159,#1160));
#226=EDGE_LOOP('',(#1161,#1162,#1163,#1164));
#227=EDGE_LOOP('',(#1165,#1166,#1167,#1168));
#228=EDGE_LOOP('',(#1169,#1170,#1171,#1172));
#229=EDGE_LOOP('',(#1173,#1174,#1175,#1176));
#230=EDGE_LOOP('',(#1177,#1178,#1179,#1180));
#231=EDGE_LOOP('',(#1181,#1182,#1183,#1184));
#232=EDGE_LOOP('',(#1185,#1186,#1187,#1188));
#233=EDGE_LOOP('',(#1189,#1190,#1191,#1192));
#234=EDGE_LOOP('',(#1193,#1194,#1195,#1196,#1197));
#235=EDGE_LOOP('',(#1198,#1199,#1200));
#236=EDGE_LOOP('',(#1201,#1202,#1203,#1204,#1205,#1206,#1207,#1208,#1209,
#1210));
#237=EDGE_LOOP('',(#1211,#1212,#1213,#1214,#1215,#1216,#1217,#1218));
#238=EDGE_LOOP('',(#1219));
#239=EDGE_LOOP('',(#1220,#1221,#1222,#1223));
#240=EDGE_LOOP('',(#1224,#1225,#1226,#1227));
#241=EDGE_LOOP('',(#1228,#1229,#1230,#1231,#1232,#1233,#1234,#1235));
#242=EDGE_LOOP('',(#1236));
#243=EDGE_LOOP('',(#1237,#1238,#1239,#1240,#1241,#1242,#1243,#1244));
#244=EDGE_LOOP('',(#1245));
#245=EDGE_LOOP('',(#1246,#1247,#1248,#1249));
#246=EDGE_LOOP('',(#1250,#1251,#1252,#1253,#1254,#1255,#1256,#1257));
#247=EDGE_LOOP('',(#1258));
#248=EDGE_LOOP('',(#1259,#1260,#1261,#1262));
#249=EDGE_LOOP('',(#1263,#1264,#1265,#1266));
#250=EDGE_LOOP('',(#1267,#1268,#1269,#1270,#1271,#1272,#1273,#1274,#1275,
#1276,#1277,#1278,#1279,#1280,#1281,#1282));
#251=EDGE_LOOP('',(#1283,#1284,#1285,#1286));
#252=EDGE_LOOP('',(#1287,#1288,#1289,#1290,#1291,#1292));
#253=EDGE_LOOP('',(#1293,#1294,#1295,#1296,#1297,#1298,#1299,#1300,#1301,
#1302,#1303,#1304,#1305,#1306,#1307,#1308,#1309,#1310,#1311,#1312,#1313,
#1314,#1315,#1316,#1317,#1318,#1319,#1320,#1321,#1322,#1323,#1324));
#254=EDGE_LOOP('',(#1325));
#255=EDGE_LOOP('',(#1326));
#256=EDGE_LOOP('',(#1327));
#257=EDGE_LOOP('',(#1328));
#258=EDGE_LOOP('',(#1329,#1330,#1331,#1332));
#259=EDGE_LOOP('',(#1333,#1334,#1335,#1336));
#260=EDGE_LOOP('',(#1337,#1338,#1339,#1340,#1341,#1342,#1343,#1344,#1345,
#1346,#1347,#1348,#1349,#1350,#1351,#1352));
#261=EDGE_LOOP('',(#1353,#1354,#1355,#1356));
#262=EDGE_LOOP('',(#1357));
#263=EDGE_LOOP('',(#1358));
#264=EDGE_LOOP('',(#1359,#1360,#1361,#1362));
#265=EDGE_LOOP('',(#1363,#1364,#1365,#1366));
#266=EDGE_LOOP('',(#1367));
#267=EDGE_LOOP('',(#1368));
#268=EDGE_LOOP('',(#1369,#1370,#1371,#1372));
#269=EDGE_LOOP('',(#1373,#1374,#1375,#1376));
#270=EDGE_LOOP('',(#1377));
#271=EDGE_LOOP('',(#1378));
#272=EDGE_LOOP('',(#1379,#1380,#1381,#1382));
#273=EDGE_LOOP('',(#1383,#1384,#1385,#1386));
#274=EDGE_LOOP('',(#1387));
#275=EDGE_LOOP('',(#1388));
#276=EDGE_LOOP('',(#1389,#1390,#1391,#1392));
#277=EDGE_LOOP('',(#1393,#1394,#1395,#1396));
#278=EDGE_LOOP('',(#1397,#1398,#1399,#1400));
#279=EDGE_LOOP('',(#1401));
#280=EDGE_LOOP('',(#1402,#1403,#1404,#1405));
#281=EDGE_LOOP('',(#1406));
#282=EDGE_LOOP('',(#1407,#1408,#1409,#1410));
#283=EDGE_LOOP('',(#1411));
#284=EDGE_LOOP('',(#1412,#1413,#1414,#1415));
#285=EDGE_LOOP('',(#1416));
#286=EDGE_LOOP('',(#1417,#1418,#1419,#1420));
#287=EDGE_LOOP('',(#1421,#1422,#1423,#1424));
#288=EDGE_LOOP('',(#1425,#1426,#1427,#1428));
#289=EDGE_LOOP('',(#1429,#1430,#1431,#1432));
#290=EDGE_LOOP('',(#1433,#1434,#1435,#1436));
#291=EDGE_LOOP('',(#1437,#1438,#1439,#1440,#1441,#1442,#1443,#1444,#1445,
#1446));
#292=EDGE_LOOP('',(#1447,#1448,#1449,#1450));
#293=EDGE_LOOP('',(#1451,#1452,#1453,#1454));
#294=EDGE_LOOP('',(#1455,#1456,#1457,#1458));
#295=EDGE_LOOP('',(#1459,#1460,#1461,#1462));
#296=EDGE_LOOP('',(#1463,#1464,#1465,#1466));
#297=EDGE_LOOP('',(#1467,#1468,#1469,#1470));
#298=EDGE_LOOP('',(#1471,#1472,#1473,#1474));
#299=EDGE_LOOP('',(#1475,#1476,#1477,#1478,#1479,#1480,#1481,#1482,#1483,
#1484));
#300=EDGE_LOOP('',(#1485,#1486,#1487,#1488));
#301=EDGE_LOOP('',(#1489,#1490,#1491,#1492));
#302=EDGE_LOOP('',(#1493,#1494,#1495,#1496));
#303=EDGE_LOOP('',(#1497,#1498,#1499,#1500));
#304=EDGE_LOOP('',(#1501,#1502,#1503,#1504));
#305=EDGE_LOOP('',(#1505,#1506,#1507,#1508));
#306=EDGE_LOOP('',(#1509,#1510,#1511,#1512));
#307=EDGE_LOOP('',(#1513,#1514,#1515,#1516,#1517,#1518));
#308=EDGE_LOOP('',(#1519,#1520,#1521,#1522));
#309=EDGE_LOOP('',(#1523,#1524,#1525,#1526,#1527,#1528,#1529,#1530));
#310=EDGE_LOOP('',(#1531,#1532,#1533,#1534,#1535,#1536,#1537,#1538));
#311=EDGE_LOOP('',(#1539));
#312=EDGE_LOOP('',(#1540));
#313=EDGE_LOOP('',(#1541));
#314=EDGE_LOOP('',(#1542));
#315=LINE('',#2323,#499);
#316=LINE('',#2325,#500);
#317=LINE('',#2327,#501);
#318=LINE('',#2328,#502);
#319=LINE('',#2333,#503);
#320=LINE('',#2337,#504);
#321=LINE('',#2339,#505);
#322=LINE('',#2340,#506);
#323=LINE('',#2350,#507);
#324=LINE('',#2353,#508);
#325=LINE('',#2354,#509);
#326=LINE('',#2357,#510);
#327=LINE('',#2359,#511);
#328=LINE('',#2360,#512);
#329=LINE('',#2363,#513);
#330=LINE('',#2367,#514);
#331=LINE('',#2368,#515);
#332=LINE('',#2371,#516);
#333=LINE('',#2375,#517);
#334=LINE('',#2376,#518);
#335=LINE('',#2380,#519);
#336=LINE('',#2382,#520);
#337=LINE('',#2384,#521);
#338=LINE('',#2385,#522);
#339=LINE('',#2389,#523);
#340=LINE('',#2395,#524);
#341=LINE('',#2396,#525);
#342=LINE('',#2397,#526);
#343=LINE('',#2405,#527);
#344=LINE('',#2410,#528);
#345=LINE('',#2411,#529);
#346=LINE('',#2414,#530);
#347=LINE('',#2416,#531);
#348=LINE('',#2418,#532);
#349=LINE('',#2420,#533);
#350=LINE('',#2422,#534);
#351=LINE('',#2423,#535);
#352=LINE('',#2427,#536);
#353=LINE('',#2429,#537);
#354=LINE('',#2430,#538);
#355=LINE('',#2439,#539);
#356=LINE('',#2444,#540);
#357=LINE('',#2445,#541);
#358=LINE('',#2446,#542);
#359=LINE('',#2450,#543);
#360=LINE('',#2456,#544);
#361=LINE('',#2457,#545);
#362=LINE('',#2458,#546);
#363=LINE('',#2461,#547);
#364=LINE('',#2463,#548);
#365=LINE('',#2464,#549);
#366=LINE('',#2467,#550);
#367=LINE('',#2471,#551);
#368=LINE('',#2472,#552);
#369=LINE('',#2475,#553);
#370=LINE('',#2479,#554);
#371=LINE('',#2480,#555);
#372=LINE('',#2484,#556);
#373=LINE('',#2486,#557);
#374=LINE('',#2488,#558);
#375=LINE('',#2489,#559);
#376=LINE('',#2493,#560);
#377=LINE('',#2499,#561);
#378=LINE('',#2500,#562);
#379=LINE('',#2501,#563);
#380=LINE('',#2509,#564);
#381=LINE('',#2514,#565);
#382=LINE('',#2515,#566);
#383=LINE('',#2518,#567);
#384=LINE('',#2520,#568);
#385=LINE('',#2522,#569);
#386=LINE('',#2524,#570);
#387=LINE('',#2526,#571);
#388=LINE('',#2527,#572);
#389=LINE('',#2530,#573);
#390=LINE('',#2532,#574);
#391=LINE('',#2533,#575);
#392=LINE('',#2538,#576);
#393=LINE('',#2541,#577);
#394=LINE('',#2544,#578);
#395=LINE('',#2545,#579);
#396=LINE('',#2548,#580);
#397=LINE('',#2550,#581);
#398=LINE('',#2552,#582);
#399=LINE('',#2554,#583);
#400=LINE('',#2556,#584);
#401=LINE('',#2562,#585);
#402=LINE('',#2564,#586);
#403=LINE('',#2565,#587);
#404=LINE('',#2570,#588);
#405=LINE('',#2573,#589);
#406=LINE('',#2576,#590);
#407=LINE('',#2578,#591);
#408=LINE('',#2580,#592);
#409=LINE('',#2582,#593);
#410=LINE('',#2584,#594);
#411=LINE('',#2587,#595);
#412=LINE('',#2591,#596);
#413=LINE('',#2595,#597);
#414=LINE('',#2596,#598);
#415=LINE('',#2597,#599);
#416=LINE('',#2600,#600);
#417=LINE('',#2601,#601);
#418=LINE('',#2603,#602);
#419=LINE('',#2605,#603);
#420=LINE('',#2607,#604);
#421=LINE('',#2608,#605);
#422=LINE('',#2611,#606);
#423=LINE('',#2612,#607);
#424=LINE('',#2615,#608);
#425=LINE('',#2617,#609);
#426=LINE('',#2619,#610);
#427=LINE('',#2620,#611);
#428=LINE('',#2623,#612);
#429=LINE('',#2624,#613);
#430=LINE('',#2626,#614);
#431=LINE('',#2628,#615);
#432=LINE('',#2630,#616);
#433=LINE('',#2632,#617);
#434=LINE('',#2634,#618);
#435=LINE('',#2635,#619);
#436=LINE('',#2636,#620);
#437=LINE('',#2637,#621);
#438=LINE('',#2639,#622);
#439=LINE('',#2641,#623);
#440=LINE('',#2643,#624);
#441=LINE('',#2645,#625);
#442=LINE('',#2647,#626);
#443=LINE('',#2648,#627);
#444=LINE('',#2649,#628);
#445=LINE('',#2660,#629);
#446=LINE('',#2661,#630);
#447=LINE('',#2663,#631);
#448=LINE('',#2666,#632);
#449=LINE('',#2667,#633);
#450=LINE('',#2668,#634);
#451=LINE('',#2670,#635);
#452=LINE('',#2671,#636);
#453=LINE('',#2674,#637);
#454=LINE('',#2675,#638);
#455=LINE('',#2682,#639);
#456=LINE('',#2685,#640);
#457=LINE('',#2693,#641);
#458=LINE('',#2696,#642);
#459=LINE('',#2704,#643);
#460=LINE('',#2707,#644);
#461=LINE('',#2715,#645);
#462=LINE('',#2718,#646);
#463=LINE('',#2722,#647);
#464=LINE('',#2727,#648);
#465=LINE('',#2733,#649);
#466=LINE('',#2738,#650);
#467=LINE('',#2741,#651);
#468=LINE('',#2742,#652);
#469=LINE('',#2745,#653);
#470=LINE('',#2750,#654);
#471=LINE('',#2752,#655);
#472=LINE('',#2754,#656);
#473=LINE('',#2755,#657);
#474=LINE('',#2757,#658);
#475=LINE('',#2761,#659);
#476=LINE('',#2763,#660);
#477=LINE('',#2764,#661);
#478=LINE('',#2767,#662);
#479=LINE('',#2768,#663);
#480=LINE('',#2771,#664);
#481=LINE('',#2772,#665);
#482=LINE('',#2774,#666);
#483=LINE('',#2777,#667);
#484=LINE('',#2778,#668);
#485=LINE('',#2781,#669);
#486=LINE('',#2782,#670);
#487=LINE('',#2784,#671);
#488=LINE('',#2787,#672);
#489=LINE('',#2788,#673);
#490=LINE('',#2791,#674);
#491=LINE('',#2792,#675);
#492=LINE('',#2795,#676);
#493=LINE('',#2796,#677);
#494=LINE('',#2799,#678);
#495=LINE('',#2800,#679);
#496=LINE('',#2802,#680);
#497=LINE('',#2804,#681);
#498=LINE('',#2806,#682);
#499=VECTOR('',#1857,10.);
#500=VECTOR('',#1858,10.);
#501=VECTOR('',#1859,10.);
#502=VECTOR('',#1860,10.);
#503=VECTOR('',#1865,10.);
#504=VECTOR('',#1870,10.);
#505=VECTOR('',#1871,10.);
#506=VECTOR('',#1872,10.);
#507=VECTOR('',#1879,10.);
#508=VECTOR('',#1882,10.);
#509=VECTOR('',#1883,10.);
#510=VECTOR('',#1886,10.);
#511=VECTOR('',#1887,10.);
#512=VECTOR('',#1888,10.);
#513=VECTOR('',#1891,10.);
#514=VECTOR('',#1896,10.);
#515=VECTOR('',#1897,10.);
#516=VECTOR('',#1900,10.);
#517=VECTOR('',#1905,10.);
#518=VECTOR('',#1906,10.);
#519=VECTOR('',#1909,10.);
#520=VECTOR('',#1910,10.);
#521=VECTOR('',#1911,10.);
#522=VECTOR('',#1912,10.);
#523=VECTOR('',#1915,10.);
#524=VECTOR('',#1922,10.);
#525=VECTOR('',#1923,10.);
#526=VECTOR('',#1924,10.);
#527=VECTOR('',#1927,10.);
#528=VECTOR('',#1934,10.);
#529=VECTOR('',#1935,10.);
#530=VECTOR('',#1938,10.);
#531=VECTOR('',#1939,10.);
#532=VECTOR('',#1940,10.);
#533=VECTOR('',#1941,10.);
#534=VECTOR('',#1942,10.);
#535=VECTOR('',#1943,10.);
#536=VECTOR('',#1946,10.);
#537=VECTOR('',#1947,10.);
#538=VECTOR('',#1948,10.);
#539=VECTOR('',#1953,10.);
#540=VECTOR('',#1958,10.);
#541=VECTOR('',#1959,10.);
#542=VECTOR('',#1960,10.);
#543=VECTOR('',#1963,10.);
#544=VECTOR('',#1970,10.);
#545=VECTOR('',#1971,10.);
#546=VECTOR('',#1972,10.);
#547=VECTOR('',#1975,10.);
#548=VECTOR('',#1976,10.);
#549=VECTOR('',#1977,10.);
#550=VECTOR('',#1980,10.);
#551=VECTOR('',#1985,10.);
#552=VECTOR('',#1986,10.);
#553=VECTOR('',#1989,10.);
#554=VECTOR('',#1994,10.);
#555=VECTOR('',#1995,10.);
#556=VECTOR('',#1998,10.);
#557=VECTOR('',#1999,10.);
#558=VECTOR('',#2000,10.);
#559=VECTOR('',#2001,10.);
#560=VECTOR('',#2004,10.);
#561=VECTOR('',#2011,10.);
#562=VECTOR('',#2012,10.);
#563=VECTOR('',#2013,10.);
#564=VECTOR('',#2016,10.);
#565=VECTOR('',#2023,10.);
#566=VECTOR('',#2024,10.);
#567=VECTOR('',#2027,10.);
#568=VECTOR('',#2028,10.);
#569=VECTOR('',#2029,10.);
#570=VECTOR('',#2030,10.);
#571=VECTOR('',#2031,10.);
#572=VECTOR('',#2032,10.);
#573=VECTOR('',#2035,10.);
#574=VECTOR('',#2036,10.);
#575=VECTOR('',#2037,10.);
#576=VECTOR('',#2042,10.);
#577=VECTOR('',#2045,10.);
#578=VECTOR('',#2048,10.);
#579=VECTOR('',#2049,10.);
#580=VECTOR('',#2052,10.);
#581=VECTOR('',#2053,10.);
#582=VECTOR('',#2054,10.);
#583=VECTOR('',#2055,10.);
#584=VECTOR('',#2056,10.);
#585=VECTOR('',#2063,10.);
#586=VECTOR('',#2064,10.);
#587=VECTOR('',#2065,10.);
#588=VECTOR('',#2070,10.);
#589=VECTOR('',#2073,10.);
#590=VECTOR('',#2076,10.);
#591=VECTOR('',#2077,10.);
#592=VECTOR('',#2078,10.);
#593=VECTOR('',#2079,10.);
#594=VECTOR('',#2080,10.);
#595=VECTOR('',#2083,10.);
#596=VECTOR('',#2088,10.);
#597=VECTOR('',#2091,10.);
#598=VECTOR('',#2092,10.);
#599=VECTOR('',#2093,10.);
#600=VECTOR('',#2096,10.);
#601=VECTOR('',#2097,10.);
#602=VECTOR('',#2098,10.);
#603=VECTOR('',#2099,10.);
#604=VECTOR('',#2100,10.);
#605=VECTOR('',#2101,10.);
#606=VECTOR('',#2104,10.);
#607=VECTOR('',#2105,10.);
#608=VECTOR('',#2108,10.);
#609=VECTOR('',#2109,10.);
#610=VECTOR('',#2110,10.);
#611=VECTOR('',#2111,10.);
#612=VECTOR('',#2114,10.);
#613=VECTOR('',#2115,10.);
#614=VECTOR('',#2116,10.);
#615=VECTOR('',#2117,10.);
#616=VECTOR('',#2118,10.);
#617=VECTOR('',#2119,10.);
#618=VECTOR('',#2120,10.);
#619=VECTOR('',#2121,10.);
#620=VECTOR('',#2122,10.);
#621=VECTOR('',#2123,10.);
#622=VECTOR('',#2124,10.);
#623=VECTOR('',#2125,10.);
#624=VECTOR('',#2126,10.);
#625=VECTOR('',#2127,10.);
#626=VECTOR('',#2128,10.);
#627=VECTOR('',#2129,10.);
#628=VECTOR('',#2130,10.);
#629=VECTOR('',#2141,10.);
#630=VECTOR('',#2142,10.);
#631=VECTOR('',#2145,10.);
#632=VECTOR('',#2148,10.);
#633=VECTOR('',#2149,10.);
#634=VECTOR('',#2150,10.);
#635=VECTOR('',#2151,10.);
#636=VECTOR('',#2152,10.);
#637=VECTOR('',#2155,10.);
#638=VECTOR('',#2156,10.);
#639=VECTOR('',#2165,2.);
#640=VECTOR('',#2168,0.8);
#641=VECTOR('',#2179,2.);
#642=VECTOR('',#2182,0.8);
#643=VECTOR('',#2193,2.);
#644=VECTOR('',#2196,0.8);
#645=VECTOR('',#2207,2.);
#646=VECTOR('',#2210,0.8);
#647=VECTOR('',#2215,1.65);
#648=VECTOR('',#2222,1.64999999999999);
#649=VECTOR('',#2231,1.65);
#650=VECTOR('',#2238,1.64999999999999);
#651=VECTOR('',#2243,10.);
#652=VECTOR('',#2244,10.);
#653=VECTOR('',#2249,10.);
#654=VECTOR('',#2256,10.);
#655=VECTOR('',#2257,10.);
#656=VECTOR('',#2258,10.);
#657=VECTOR('',#2259,10.);
#658=VECTOR('',#2262,10.);
#659=VECTOR('',#2267,10.);
#660=VECTOR('',#2268,10.);
#661=VECTOR('',#2269,10.);
#662=VECTOR('',#2272,10.);
#663=VECTOR('',#2273,10.);
#664=VECTOR('',#2276,10.);
#665=VECTOR('',#2277,10.);
#666=VECTOR('',#2280,10.);
#667=VECTOR('',#2283,10.);
#668=VECTOR('',#2284,10.);
#669=VECTOR('',#2287,10.);
#670=VECTOR('',#2288,10.);
#671=VECTOR('',#2291,10.);
#672=VECTOR('',#2294,10.);
#673=VECTOR('',#2295,10.);
#674=VECTOR('',#2298,10.);
#675=VECTOR('',#2299,10.);
#676=VECTOR('',#2302,10.);
#677=VECTOR('',#2303,10.);
#678=VECTOR('',#2306,10.);
#679=VECTOR('',#2307,10.);
#680=VECTOR('',#2310,10.);
#681=VECTOR('',#2313,10.);
#682=VECTOR('',#2316,10.);
#683=VERTEX_POINT('',#2321);
#684=VERTEX_POINT('',#2322);
#685=VERTEX_POINT('',#2324);
#686=VERTEX_POINT('',#2326);
#687=VERTEX_POINT('',#2330);
#688=VERTEX_POINT('',#2332);
#689=VERTEX_POINT('',#2336);
#690=VERTEX_POINT('',#2338);
#691=VERTEX_POINT('',#2342);
#692=VERTEX_POINT('',#2343);
#693=VERTEX_POINT('',#2348);
#694=VERTEX_POINT('',#2352);
#695=VERTEX_POINT('',#2356);
#696=VERTEX_POINT('',#2358);
#697=VERTEX_POINT('',#2362);
#698=VERTEX_POINT('',#2366);
#699=VERTEX_POINT('',#2370);
#700=VERTEX_POINT('',#2374);
#701=VERTEX_POINT('',#2378);
#702=VERTEX_POINT('',#2379);
#703=VERTEX_POINT('',#2381);
#704=VERTEX_POINT('',#2383);
#705=VERTEX_POINT('',#2387);
#706=VERTEX_POINT('',#2388);
#707=VERTEX_POINT('',#2393);
#708=VERTEX_POINT('',#2394);
#709=VERTEX_POINT('',#2399);
#710=VERTEX_POINT('',#2400);
#711=VERTEX_POINT('',#2404);
#712=VERTEX_POINT('',#2409);
#713=VERTEX_POINT('',#2413);
#714=VERTEX_POINT('',#2415);
#715=VERTEX_POINT('',#2417);
#716=VERTEX_POINT('',#2419);
#717=VERTEX_POINT('',#2421);
#718=VERTEX_POINT('',#2425);
#719=VERTEX_POINT('',#2426);
#720=VERTEX_POINT('',#2428);
#721=VERTEX_POINT('',#2432);
#722=VERTEX_POINT('',#2436);
#723=VERTEX_POINT('',#2438);
#724=VERTEX_POINT('',#2442);
#725=VERTEX_POINT('',#2443);
#726=VERTEX_POINT('',#2448);
#727=VERTEX_POINT('',#2449);
#728=VERTEX_POINT('',#2454);
#729=VERTEX_POINT('',#2455);
#730=VERTEX_POINT('',#2460);
#731=VERTEX_POINT('',#2462);
#732=VERTEX_POINT('',#2466);
#733=VERTEX_POINT('',#2470);
#734=VERTEX_POINT('',#2474);
#735=VERTEX_POINT('',#2478);
#736=VERTEX_POINT('',#2482);
#737=VERTEX_POINT('',#2483);
#738=VERTEX_POINT('',#2485);
#739=VERTEX_POINT('',#2487);
#740=VERTEX_POINT('',#2491);
#741=VERTEX_POINT('',#2492);
#742=VERTEX_POINT('',#2497);
#743=VERTEX_POINT('',#2498);
#744=VERTEX_POINT('',#2503);
#745=VERTEX_POINT('',#2504);
#746=VERTEX_POINT('',#2508);
#747=VERTEX_POINT('',#2513);
#748=VERTEX_POINT('',#2517);
#749=VERTEX_POINT('',#2519);
#750=VERTEX_POINT('',#2521);
#751=VERTEX_POINT('',#2523);
#752=VERTEX_POINT('',#2525);
#753=VERTEX_POINT('',#2529);
#754=VERTEX_POINT('',#2531);
#755=VERTEX_POINT('',#2534);
#756=VERTEX_POINT('',#2537);
#757=VERTEX_POINT('',#2539);
#758=VERTEX_POINT('',#2543);
#759=VERTEX_POINT('',#2547);
#760=VERTEX_POINT('',#2549);
#761=VERTEX_POINT('',#2551);
#762=VERTEX_POINT('',#2553);
#763=VERTEX_POINT('',#2555);
#764=VERTEX_POINT('',#2558);
#765=VERTEX_POINT('',#2561);
#766=VERTEX_POINT('',#2563);
#767=VERTEX_POINT('',#2566);
#768=VERTEX_POINT('',#2569);
#769=VERTEX_POINT('',#2571);
#770=VERTEX_POINT('',#2575);
#771=VERTEX_POINT('',#2577);
#772=VERTEX_POINT('',#2579);
#773=VERTEX_POINT('',#2581);
#774=VERTEX_POINT('',#2583);
#775=VERTEX_POINT('',#2585);
#776=VERTEX_POINT('',#2588);
#777=VERTEX_POINT('',#2593);
#778=VERTEX_POINT('',#2594);
#779=VERTEX_POINT('',#2599);
#780=VERTEX_POINT('',#2602);
#781=VERTEX_POINT('',#2604);
#782=VERTEX_POINT('',#2606);
#783=VERTEX_POINT('',#2610);
#784=VERTEX_POINT('',#2614);
#785=VERTEX_POINT('',#2616);
#786=VERTEX_POINT('',#2618);
#787=VERTEX_POINT('',#2622);
#788=VERTEX_POINT('',#2625);
#789=VERTEX_POINT('',#2627);
#790=VERTEX_POINT('',#2629);
#791=VERTEX_POINT('',#2631);
#792=VERTEX_POINT('',#2633);
#793=VERTEX_POINT('',#2638);
#794=VERTEX_POINT('',#2640);
#795=VERTEX_POINT('',#2642);
#796=VERTEX_POINT('',#2644);
#797=VERTEX_POINT('',#2646);
#798=VERTEX_POINT('',#2650);
#799=VERTEX_POINT('',#2652);
#800=VERTEX_POINT('',#2654);
#801=VERTEX_POINT('',#2656);
#802=VERTEX_POINT('',#2659);
#803=VERTEX_POINT('',#2665);
#804=VERTEX_POINT('',#2669);
#805=VERTEX_POINT('',#2673);
#806=VERTEX_POINT('',#2677);
#807=VERTEX_POINT('',#2679);
#808=VERTEX_POINT('',#2684);
#809=VERTEX_POINT('',#2688);
#810=VERTEX_POINT('',#2690);
#811=VERTEX_POINT('',#2695);
#812=VERTEX_POINT('',#2699);
#813=VERTEX_POINT('',#2701);
#814=VERTEX_POINT('',#2706);
#815=VERTEX_POINT('',#2710);
#816=VERTEX_POINT('',#2712);
#817=VERTEX_POINT('',#2717);
#818=VERTEX_POINT('',#2721);
#819=VERTEX_POINT('',#2726);
#820=VERTEX_POINT('',#2731);
#821=VERTEX_POINT('',#2736);
#822=VERTEX_POINT('',#2749);
#823=VERTEX_POINT('',#2751);
#824=VERTEX_POINT('',#2753);
#825=VERTEX_POINT('',#2760);
#826=VERTEX_POINT('',#2762);
#827=VERTEX_POINT('',#2766);
#828=VERTEX_POINT('',#2770);
#829=VERTEX_POINT('',#2776);
#830=VERTEX_POINT('',#2780);
#831=VERTEX_POINT('',#2786);
#832=VERTEX_POINT('',#2790);
#833=VERTEX_POINT('',#2794);
#834=VERTEX_POINT('',#2798);
#835=EDGE_CURVE('',#683,#684,#315,.F.);
#836=EDGE_CURVE('',#684,#685,#316,.T.);
#837=EDGE_CURVE('',#685,#686,#317,.T.);
#838=EDGE_CURVE('',#686,#683,#318,.T.);
#839=EDGE_CURVE('',#685,#687,#53,.T.);
#840=EDGE_CURVE('',#687,#688,#319,.T.);
#841=EDGE_CURVE('',#688,#686,#54,.T.);
#842=EDGE_CURVE('',#687,#689,#320,.T.);
#843=EDGE_CURVE('',#689,#690,#321,.T.);
#844=EDGE_CURVE('',#690,#688,#322,.T.);
#845=EDGE_CURVE('',#691,#692,#49,.T.);
#846=EDGE_CURVE('',#691,#690,#55,.T.);
#847=EDGE_CURVE('',#689,#693,#56,.T.);
#848=EDGE_CURVE('',#693,#692,#323,.T.);
#849=EDGE_CURVE('',#692,#694,#324,.T.);
#850=EDGE_CURVE('',#693,#694,#325,.T.);
#851=EDGE_CURVE('',#695,#693,#326,.T.);
#852=EDGE_CURVE('',#696,#695,#327,.F.);
#853=EDGE_CURVE('',#696,#694,#328,.F.);
#854=EDGE_CURVE('',#689,#697,#329,.T.);
#855=EDGE_CURVE('',#697,#695,#57,.T.);
#856=EDGE_CURVE('',#698,#687,#330,.T.);
#857=EDGE_CURVE('',#698,#697,#331,.T.);
#858=EDGE_CURVE('',#685,#699,#332,.T.);
#859=EDGE_CURVE('',#699,#698,#58,.T.);
#860=EDGE_CURVE('',#700,#684,#333,.T.);
#861=EDGE_CURVE('',#700,#699,#334,.T.);
#862=EDGE_CURVE('',#701,#702,#335,.F.);
#863=EDGE_CURVE('',#702,#703,#336,.T.);
#864=EDGE_CURVE('',#703,#704,#337,.T.);
#865=EDGE_CURVE('',#704,#701,#338,.T.);
#866=EDGE_CURVE('',#705,#706,#339,.T.);
#867=EDGE_CURVE('',#706,#704,#59,.T.);
#868=EDGE_CURVE('',#703,#705,#60,.T.);
#869=EDGE_CURVE('',#707,#708,#340,.T.);
#870=EDGE_CURVE('',#708,#706,#341,.T.);
#871=EDGE_CURVE('',#705,#707,#342,.T.);
#872=EDGE_CURVE('',#709,#710,#50,.F.);
#873=EDGE_CURVE('',#710,#711,#343,.T.);
#874=EDGE_CURVE('',#711,#708,#61,.T.);
#875=EDGE_CURVE('',#707,#709,#62,.T.);
#876=EDGE_CURVE('',#710,#712,#344,.F.);
#877=EDGE_CURVE('',#712,#711,#345,.T.);
#878=EDGE_CURVE('',#709,#713,#346,.T.);
#879=EDGE_CURVE('',#702,#714,#347,.T.);
#880=EDGE_CURVE('',#714,#715,#348,.T.);
#881=EDGE_CURVE('',#716,#715,#349,.T.);
#882=EDGE_CURVE('',#717,#716,#350,.T.);
#883=EDGE_CURVE('',#713,#717,#351,.T.);
#884=EDGE_CURVE('',#718,#719,#352,.T.);
#885=EDGE_CURVE('',#718,#720,#353,.T.);
#886=EDGE_CURVE('',#720,#719,#354,.T.);
#887=EDGE_CURVE('',#721,#718,#51,.T.);
#888=EDGE_CURVE('',#721,#722,#63,.T.);
#889=EDGE_CURVE('',#722,#723,#355,.T.);
#890=EDGE_CURVE('',#723,#720,#64,.T.);
#891=EDGE_CURVE('',#724,#725,#356,.T.);
#892=EDGE_CURVE('',#725,#723,#357,.T.);
#893=EDGE_CURVE('',#722,#724,#358,.T.);
#894=EDGE_CURVE('',#726,#727,#359,.T.);
#895=EDGE_CURVE('',#727,#725,#65,.T.);
#896=EDGE_CURVE('',#724,#726,#66,.T.);
#897=EDGE_CURVE('',#728,#729,#360,.F.);
#898=EDGE_CURVE('',#729,#727,#361,.T.);
#899=EDGE_CURVE('',#726,#728,#362,.T.);
#900=EDGE_CURVE('',#730,#720,#363,.T.);
#901=EDGE_CURVE('',#730,#731,#364,.T.);
#902=EDGE_CURVE('',#731,#719,#365,.F.);
#903=EDGE_CURVE('',#723,#732,#366,.T.);
#904=EDGE_CURVE('',#732,#730,#67,.T.);
#905=EDGE_CURVE('',#733,#725,#367,.T.);
#906=EDGE_CURVE('',#733,#732,#368,.T.);
#907=EDGE_CURVE('',#727,#734,#369,.T.);
#908=EDGE_CURVE('',#734,#733,#68,.T.);
#909=EDGE_CURVE('',#735,#729,#370,.T.);
#910=EDGE_CURVE('',#735,#734,#371,.T.);
#911=EDGE_CURVE('',#736,#737,#372,.F.);
#912=EDGE_CURVE('',#737,#738,#373,.T.);
#913=EDGE_CURVE('',#738,#739,#374,.T.);
#914=EDGE_CURVE('',#739,#736,#375,.T.);
#915=EDGE_CURVE('',#740,#741,#376,.T.);
#916=EDGE_CURVE('',#741,#739,#69,.T.);
#917=EDGE_CURVE('',#738,#740,#70,.T.);
#918=EDGE_CURVE('',#742,#743,#377,.T.);
#919=EDGE_CURVE('',#743,#741,#378,.T.);
#920=EDGE_CURVE('',#740,#742,#379,.T.);
#921=EDGE_CURVE('',#744,#745,#52,.F.);
#922=EDGE_CURVE('',#745,#746,#380,.T.);
#923=EDGE_CURVE('',#746,#743,#71,.T.);
#924=EDGE_CURVE('',#742,#744,#72,.T.);
#925=EDGE_CURVE('',#745,#747,#381,.F.);
#926=EDGE_CURVE('',#747,#746,#382,.T.);
#927=EDGE_CURVE('',#744,#748,#383,.T.);
#928=EDGE_CURVE('',#737,#749,#384,.T.);
#929=EDGE_CURVE('',#749,#750,#385,.T.);
#930=EDGE_CURVE('',#751,#750,#386,.T.);
#931=EDGE_CURVE('',#752,#751,#387,.T.);
#932=EDGE_CURVE('',#748,#752,#388,.T.);
#933=EDGE_CURVE('',#753,#700,#389,.T.);
#934=EDGE_CURVE('',#754,#753,#390,.F.);
#935=EDGE_CURVE('',#754,#696,#391,.F.);
#936=EDGE_CURVE('',#755,#755,#73,.T.);
#937=EDGE_CURVE('',#746,#756,#392,.T.);
#938=EDGE_CURVE('',#756,#757,#74,.T.);
#939=EDGE_CURVE('',#757,#743,#393,.T.);
#940=EDGE_CURVE('',#757,#758,#394,.T.);
#941=EDGE_CURVE('',#741,#758,#395,.T.);
#942=EDGE_CURVE('',#756,#759,#396,.F.);
#943=EDGE_CURVE('',#759,#760,#397,.F.);
#944=EDGE_CURVE('',#761,#760,#398,.F.);
#945=EDGE_CURVE('',#762,#761,#399,.T.);
#946=EDGE_CURVE('',#762,#763,#400,.T.);
#947=EDGE_CURVE('',#758,#763,#75,.T.);
#948=EDGE_CURVE('',#764,#764,#76,.T.);
#949=EDGE_CURVE('',#765,#735,#401,.T.);
#950=EDGE_CURVE('',#766,#765,#402,.F.);
#951=EDGE_CURVE('',#766,#731,#403,.F.);
#952=EDGE_CURVE('',#767,#767,#77,.T.);
#953=EDGE_CURVE('',#711,#768,#404,.T.);
#954=EDGE_CURVE('',#768,#769,#78,.T.);
#955=EDGE_CURVE('',#769,#708,#405,.T.);
#956=EDGE_CURVE('',#768,#770,#406,.F.);
#957=EDGE_CURVE('',#770,#771,#407,.F.);
#958=EDGE_CURVE('',#772,#771,#408,.F.);
#959=EDGE_CURVE('',#773,#772,#409,.T.);
#960=EDGE_CURVE('',#773,#774,#410,.T.);
#961=EDGE_CURVE('',#775,#774,#79,.T.);
#962=EDGE_CURVE('',#769,#775,#411,.T.);
#963=EDGE_CURVE('',#776,#776,#80,.T.);
#964=EDGE_CURVE('',#770,#712,#412,.T.);
#965=EDGE_CURVE('',#777,#778,#413,.T.);
#966=EDGE_CURVE('',#778,#772,#414,.T.);
#967=EDGE_CURVE('',#771,#777,#415,.T.);
#968=EDGE_CURVE('',#713,#779,#416,.T.);
#969=EDGE_CURVE('',#779,#721,#417,.T.);
#970=EDGE_CURVE('',#780,#766,#418,.T.);
#971=EDGE_CURVE('',#780,#781,#419,.T.);
#972=EDGE_CURVE('',#782,#781,#420,.T.);
#973=EDGE_CURVE('',#782,#777,#421,.T.);
#974=EDGE_CURVE('',#783,#780,#422,.T.);
#975=EDGE_CURVE('',#765,#783,#423,.T.);
#976=EDGE_CURVE('',#784,#783,#424,.T.);
#977=EDGE_CURVE('',#785,#784,#425,.T.);
#978=EDGE_CURVE('',#786,#785,#426,.T.);
#979=EDGE_CURVE('',#781,#786,#427,.T.);
#980=EDGE_CURVE('',#778,#787,#428,.T.);
#981=EDGE_CURVE('',#753,#787,#429,.T.);
#982=EDGE_CURVE('',#788,#683,#430,.T.);
#983=EDGE_CURVE('',#789,#788,#431,.T.);
#984=EDGE_CURVE('',#790,#789,#432,.T.);
#985=EDGE_CURVE('',#791,#790,#433,.T.);
#986=EDGE_CURVE('',#792,#791,#434,.T.);
#987=EDGE_CURVE('',#749,#792,#435,.T.);
#988=EDGE_CURVE('',#736,#762,#436,.T.);
#989=EDGE_CURVE('',#784,#761,#437,.T.);
#990=EDGE_CURVE('',#793,#728,#438,.T.);
#991=EDGE_CURVE('',#794,#793,#439,.T.);
#992=EDGE_CURVE('',#795,#794,#440,.T.);
#993=EDGE_CURVE('',#796,#795,#441,.T.);
#994=EDGE_CURVE('',#797,#796,#442,.T.);
#995=EDGE_CURVE('',#714,#797,#443,.T.);
#996=EDGE_CURVE('',#701,#773,#444,.T.);
#997=EDGE_CURVE('',#798,#798,#81,.T.);
#998=EDGE_CURVE('',#799,#799,#82,.T.);
#999=EDGE_CURVE('',#800,#800,#83,.T.);
#1000=EDGE_CURVE('',#801,#801,#84,.T.);
#1001=EDGE_CURVE('',#787,#802,#445,.T.);
#1002=EDGE_CURVE('',#802,#754,#446,.T.);
#1003=EDGE_CURVE('',#760,#785,#447,.T.);
#1004=EDGE_CURVE('',#802,#803,#448,.T.);
#1005=EDGE_CURVE('',#786,#803,#449,.T.);
#1006=EDGE_CURVE('',#759,#747,#450,.T.);
#1007=EDGE_CURVE('',#748,#804,#451,.T.);
#1008=EDGE_CURVE('',#804,#691,#452,.T.);
#1009=EDGE_CURVE('',#805,#717,#453,.T.);
#1010=EDGE_CURVE('',#805,#779,#454,.T.);
#1011=EDGE_CURVE('',#806,#806,#85,.T.);
#1012=EDGE_CURVE('',#807,#807,#86,.T.);
#1013=EDGE_CURVE('',#801,#806,#455,.T.);
#1014=EDGE_CURVE('',#807,#808,#456,.T.);
#1015=EDGE_CURVE('',#808,#808,#87,.T.);
#1016=EDGE_CURVE('',#809,#809,#88,.T.);
#1017=EDGE_CURVE('',#810,#810,#89,.T.);
#1018=EDGE_CURVE('',#800,#809,#457,.T.);
#1019=EDGE_CURVE('',#810,#811,#458,.T.);
#1020=EDGE_CURVE('',#811,#811,#90,.T.);
#1021=EDGE_CURVE('',#812,#812,#91,.T.);
#1022=EDGE_CURVE('',#813,#813,#92,.T.);
#1023=EDGE_CURVE('',#799,#812,#459,.T.);
#1024=EDGE_CURVE('',#813,#814,#460,.T.);
#1025=EDGE_CURVE('',#814,#814,#93,.T.);
#1026=EDGE_CURVE('',#815,#815,#94,.T.);
#1027=EDGE_CURVE('',#816,#816,#95,.T.);
#1028=EDGE_CURVE('',#798,#815,#461,.T.);
#1029=EDGE_CURVE('',#816,#817,#462,.T.);
#1030=EDGE_CURVE('',#817,#817,#96,.T.);
#1031=EDGE_CURVE('',#767,#818,#463,.T.);
#1032=EDGE_CURVE('',#818,#818,#97,.T.);
#1033=EDGE_CURVE('',#764,#819,#464,.T.);
#1034=EDGE_CURVE('',#819,#819,#98,.T.);
#1035=EDGE_CURVE('',#820,#820,#99,.T.);
#1036=EDGE_CURVE('',#820,#776,#465,.T.);
#1037=EDGE_CURVE('',#821,#821,#100,.T.);
#1038=EDGE_CURVE('',#821,#755,#466,.T.);
#1039=EDGE_CURVE('',#706,#775,#467,.T.);
#1040=EDGE_CURVE('',#774,#704,#468,.T.);
#1041=EDGE_CURVE('',#763,#739,#469,.T.);
#1042=EDGE_CURVE('',#822,#804,#470,.T.);
#1043=EDGE_CURVE('',#822,#823,#471,.T.);
#1044=EDGE_CURVE('',#824,#823,#472,.T.);
#1045=EDGE_CURVE('',#788,#824,#473,.T.);
#1046=EDGE_CURVE('',#822,#752,#474,.T.);
#1047=EDGE_CURVE('',#794,#825,#475,.T.);
#1048=EDGE_CURVE('',#826,#825,#476,.T.);
#1049=EDGE_CURVE('',#795,#826,#477,.T.);
#1050=EDGE_CURVE('',#827,#826,#478,.T.);
#1051=EDGE_CURVE('',#796,#827,#479,.T.);
#1052=EDGE_CURVE('',#828,#827,#480,.T.);
#1053=EDGE_CURVE('',#797,#828,#481,.T.);
#1054=EDGE_CURVE('',#715,#828,#482,.T.);
#1055=EDGE_CURVE('',#829,#716,#483,.T.);
#1056=EDGE_CURVE('',#805,#829,#484,.T.);
#1057=EDGE_CURVE('',#830,#829,#485,.T.);
#1058=EDGE_CURVE('',#793,#830,#486,.T.);
#1059=EDGE_CURVE('',#825,#830,#487,.T.);
#1060=EDGE_CURVE('',#831,#824,#488,.T.);
#1061=EDGE_CURVE('',#789,#831,#489,.T.);
#1062=EDGE_CURVE('',#832,#831,#490,.T.);
#1063=EDGE_CURVE('',#790,#832,#491,.T.);
#1064=EDGE_CURVE('',#833,#832,#492,.T.);
#1065=EDGE_CURVE('',#791,#833,#493,.T.);
#1066=EDGE_CURVE('',#834,#833,#494,.T.);
#1067=EDGE_CURVE('',#792,#834,#495,.T.);
#1068=EDGE_CURVE('',#750,#834,#496,.T.);
#1069=EDGE_CURVE('',#823,#751,#497,.T.);
#1070=EDGE_CURVE('',#803,#782,#498,.T.);
#1071=ORIENTED_EDGE('',*,*,#835,.T.);
#1072=ORIENTED_EDGE('',*,*,#836,.T.);
#1073=ORIENTED_EDGE('',*,*,#837,.T.);
#1074=ORIENTED_EDGE('',*,*,#838,.T.);
#1075=ORIENTED_EDGE('',*,*,#837,.F.);
#1076=ORIENTED_EDGE('',*,*,#839,.T.);
#1077=ORIENTED_EDGE('',*,*,#840,.T.);
#1078=ORIENTED_EDGE('',*,*,#841,.T.);
#1079=ORIENTED_EDGE('',*,*,#840,.F.);
#1080=ORIENTED_EDGE('',*,*,#842,.T.);
#1081=ORIENTED_EDGE('',*,*,#843,.T.);
#1082=ORIENTED_EDGE('',*,*,#844,.T.);
#1083=ORIENTED_EDGE('',*,*,#845,.F.);
#1084=ORIENTED_EDGE('',*,*,#846,.T.);
#1085=ORIENTED_EDGE('',*,*,#843,.F.);
#1086=ORIENTED_EDGE('',*,*,#847,.T.);
#1087=ORIENTED_EDGE('',*,*,#848,.T.);
#1088=ORIENTED_EDGE('',*,*,#849,.F.);
#1089=ORIENTED_EDGE('',*,*,#848,.F.);
#1090=ORIENTED_EDGE('',*,*,#850,.T.);
#1091=ORIENTED_EDGE('',*,*,#850,.F.);
#1092=ORIENTED_EDGE('',*,*,#851,.F.);
#1093=ORIENTED_EDGE('',*,*,#852,.F.);
#1094=ORIENTED_EDGE('',*,*,#853,.T.);
#1095=ORIENTED_EDGE('',*,*,#847,.F.);
#1096=ORIENTED_EDGE('',*,*,#854,.T.);
#1097=ORIENTED_EDGE('',*,*,#855,.T.);
#1098=ORIENTED_EDGE('',*,*,#851,.T.);
#1099=ORIENTED_EDGE('',*,*,#842,.F.);
#1100=ORIENTED_EDGE('',*,*,#856,.F.);
#1101=ORIENTED_EDGE('',*,*,#857,.T.);
#1102=ORIENTED_EDGE('',*,*,#854,.F.);
#1103=ORIENTED_EDGE('',*,*,#839,.F.);
#1104=ORIENTED_EDGE('',*,*,#858,.T.);
#1105=ORIENTED_EDGE('',*,*,#859,.T.);
#1106=ORIENTED_EDGE('',*,*,#856,.T.);
#1107=ORIENTED_EDGE('',*,*,#836,.F.);
#1108=ORIENTED_EDGE('',*,*,#860,.F.);
#1109=ORIENTED_EDGE('',*,*,#861,.T.);
#1110=ORIENTED_EDGE('',*,*,#858,.F.);
#1111=ORIENTED_EDGE('',*,*,#862,.T.);
#1112=ORIENTED_EDGE('',*,*,#863,.T.);
#1113=ORIENTED_EDGE('',*,*,#864,.T.);
#1114=ORIENTED_EDGE('',*,*,#865,.T.);
#1115=ORIENTED_EDGE('',*,*,#866,.T.);
#1116=ORIENTED_EDGE('',*,*,#867,.T.);
#1117=ORIENTED_EDGE('',*,*,#864,.F.);
#1118=ORIENTED_EDGE('',*,*,#868,.T.);
#1119=ORIENTED_EDGE('',*,*,#869,.T.);
#1120=ORIENTED_EDGE('',*,*,#870,.T.);
#1121=ORIENTED_EDGE('',*,*,#866,.F.);
#1122=ORIENTED_EDGE('',*,*,#871,.T.);
#1123=ORIENTED_EDGE('',*,*,#872,.T.);
#1124=ORIENTED_EDGE('',*,*,#873,.T.);
#1125=ORIENTED_EDGE('',*,*,#874,.T.);
#1126=ORIENTED_EDGE('',*,*,#869,.F.);
#1127=ORIENTED_EDGE('',*,*,#875,.T.);
#1128=ORIENTED_EDGE('',*,*,#876,.T.);
#1129=ORIENTED_EDGE('',*,*,#877,.T.);
#1130=ORIENTED_EDGE('',*,*,#873,.F.);
#1131=ORIENTED_EDGE('',*,*,#878,.F.);
#1132=ORIENTED_EDGE('',*,*,#875,.F.);
#1133=ORIENTED_EDGE('',*,*,#871,.F.);
#1134=ORIENTED_EDGE('',*,*,#868,.F.);
#1135=ORIENTED_EDGE('',*,*,#863,.F.);
#1136=ORIENTED_EDGE('',*,*,#879,.T.);
#1137=ORIENTED_EDGE('',*,*,#880,.T.);
#1138=ORIENTED_EDGE('',*,*,#881,.F.);
#1139=ORIENTED_EDGE('',*,*,#882,.F.);
#1140=ORIENTED_EDGE('',*,*,#883,.F.);
#1141=ORIENTED_EDGE('',*,*,#884,.F.);
#1142=ORIENTED_EDGE('',*,*,#885,.T.);
#1143=ORIENTED_EDGE('',*,*,#886,.T.);
#1144=ORIENTED_EDGE('',*,*,#887,.F.);
#1145=ORIENTED_EDGE('',*,*,#888,.T.);
#1146=ORIENTED_EDGE('',*,*,#889,.T.);
#1147=ORIENTED_EDGE('',*,*,#890,.T.);
#1148=ORIENTED_EDGE('',*,*,#885,.F.);
#1149=ORIENTED_EDGE('',*,*,#891,.T.);
#1150=ORIENTED_EDGE('',*,*,#892,.T.);
#1151=ORIENTED_EDGE('',*,*,#889,.F.);
#1152=ORIENTED_EDGE('',*,*,#893,.T.);
#1153=ORIENTED_EDGE('',*,*,#894,.T.);
#1154=ORIENTED_EDGE('',*,*,#895,.T.);
#1155=ORIENTED_EDGE('',*,*,#891,.F.);
#1156=ORIENTED_EDGE('',*,*,#896,.T.);
#1157=ORIENTED_EDGE('',*,*,#897,.T.);
#1158=ORIENTED_EDGE('',*,*,#898,.T.);
#1159=ORIENTED_EDGE('',*,*,#894,.F.);
#1160=ORIENTED_EDGE('',*,*,#899,.T.);
#1161=ORIENTED_EDGE('',*,*,#886,.F.);
#1162=ORIENTED_EDGE('',*,*,#900,.F.);
#1163=ORIENTED_EDGE('',*,*,#901,.T.);
#1164=ORIENTED_EDGE('',*,*,#902,.T.);
#1165=ORIENTED_EDGE('',*,*,#890,.F.);
#1166=ORIENTED_EDGE('',*,*,#903,.T.);
#1167=ORIENTED_EDGE('',*,*,#904,.T.);
#1168=ORIENTED_EDGE('',*,*,#900,.T.);
#1169=ORIENTED_EDGE('',*,*,#892,.F.);
#1170=ORIENTED_EDGE('',*,*,#905,.F.);
#1171=ORIENTED_EDGE('',*,*,#906,.T.);
#1172=ORIENTED_EDGE('',*,*,#903,.F.);
#1173=ORIENTED_EDGE('',*,*,#895,.F.);
#1174=ORIENTED_EDGE('',*,*,#907,.T.);
#1175=ORIENTED_EDGE('',*,*,#908,.T.);
#1176=ORIENTED_EDGE('',*,*,#905,.T.);
#1177=ORIENTED_EDGE('',*,*,#898,.F.);
#1178=ORIENTED_EDGE('',*,*,#909,.F.);
#1179=ORIENTED_EDGE('',*,*,#910,.T.);
#1180=ORIENTED_EDGE('',*,*,#907,.F.);
#1181=ORIENTED_EDGE('',*,*,#911,.T.);
#1182=ORIENTED_EDGE('',*,*,#912,.T.);
#1183=ORIENTED_EDGE('',*,*,#913,.T.);
#1184=ORIENTED_EDGE('',*,*,#914,.T.);
#1185=ORIENTED_EDGE('',*,*,#915,.T.);
#1186=ORIENTED_EDGE('',*,*,#916,.T.);
#1187=ORIENTED_EDGE('',*,*,#913,.F.);
#1188=ORIENTED_EDGE('',*,*,#917,.T.);
#1189=ORIENTED_EDGE('',*,*,#918,.T.);
#1190=ORIENTED_EDGE('',*,*,#919,.T.);
#1191=ORIENTED_EDGE('',*,*,#915,.F.);
#1192=ORIENTED_EDGE('',*,*,#920,.T.);
#1193=ORIENTED_EDGE('',*,*,#921,.T.);
#1194=ORIENTED_EDGE('',*,*,#922,.T.);
#1195=ORIENTED_EDGE('',*,*,#923,.T.);
#1196=ORIENTED_EDGE('',*,*,#918,.F.);
#1197=ORIENTED_EDGE('',*,*,#924,.T.);
#1198=ORIENTED_EDGE('',*,*,#925,.T.);
#1199=ORIENTED_EDGE('',*,*,#926,.T.);
#1200=ORIENTED_EDGE('',*,*,#922,.F.);
#1201=ORIENTED_EDGE('',*,*,#927,.F.);
#1202=ORIENTED_EDGE('',*,*,#924,.F.);
#1203=ORIENTED_EDGE('',*,*,#920,.F.);
#1204=ORIENTED_EDGE('',*,*,#917,.F.);
#1205=ORIENTED_EDGE('',*,*,#912,.F.);
#1206=ORIENTED_EDGE('',*,*,#928,.T.);
#1207=ORIENTED_EDGE('',*,*,#929,.T.);
#1208=ORIENTED_EDGE('',*,*,#930,.F.);
#1209=ORIENTED_EDGE('',*,*,#931,.F.);
#1210=ORIENTED_EDGE('',*,*,#932,.F.);
#1211=ORIENTED_EDGE('',*,*,#855,.F.);
#1212=ORIENTED_EDGE('',*,*,#857,.F.);
#1213=ORIENTED_EDGE('',*,*,#859,.F.);
#1214=ORIENTED_EDGE('',*,*,#861,.F.);
#1215=ORIENTED_EDGE('',*,*,#933,.F.);
#1216=ORIENTED_EDGE('',*,*,#934,.F.);
#1217=ORIENTED_EDGE('',*,*,#935,.T.);
#1218=ORIENTED_EDGE('',*,*,#852,.T.);
#1219=ORIENTED_EDGE('',*,*,#936,.T.);
#1220=ORIENTED_EDGE('',*,*,#923,.F.);
#1221=ORIENTED_EDGE('',*,*,#937,.T.);
#1222=ORIENTED_EDGE('',*,*,#938,.T.);
#1223=ORIENTED_EDGE('',*,*,#939,.T.);
#1224=ORIENTED_EDGE('',*,*,#919,.F.);
#1225=ORIENTED_EDGE('',*,*,#939,.F.);
#1226=ORIENTED_EDGE('',*,*,#940,.T.);
#1227=ORIENTED_EDGE('',*,*,#941,.F.);
#1228=ORIENTED_EDGE('',*,*,#938,.F.);
#1229=ORIENTED_EDGE('',*,*,#942,.T.);
#1230=ORIENTED_EDGE('',*,*,#943,.T.);
#1231=ORIENTED_EDGE('',*,*,#944,.F.);
#1232=ORIENTED_EDGE('',*,*,#945,.F.);
#1233=ORIENTED_EDGE('',*,*,#946,.T.);
#1234=ORIENTED_EDGE('',*,*,#947,.F.);
#1235=ORIENTED_EDGE('',*,*,#940,.F.);
#1236=ORIENTED_EDGE('',*,*,#948,.T.);
#1237=ORIENTED_EDGE('',*,*,#904,.F.);
#1238=ORIENTED_EDGE('',*,*,#906,.F.);
#1239=ORIENTED_EDGE('',*,*,#908,.F.);
#1240=ORIENTED_EDGE('',*,*,#910,.F.);
#1241=ORIENTED_EDGE('',*,*,#949,.F.);
#1242=ORIENTED_EDGE('',*,*,#950,.F.);
#1243=ORIENTED_EDGE('',*,*,#951,.T.);
#1244=ORIENTED_EDGE('',*,*,#901,.F.);
#1245=ORIENTED_EDGE('',*,*,#952,.T.);
#1246=ORIENTED_EDGE('',*,*,#874,.F.);
#1247=ORIENTED_EDGE('',*,*,#953,.T.);
#1248=ORIENTED_EDGE('',*,*,#954,.T.);
#1249=ORIENTED_EDGE('',*,*,#955,.T.);
#1250=ORIENTED_EDGE('',*,*,#954,.F.);
#1251=ORIENTED_EDGE('',*,*,#956,.T.);
#1252=ORIENTED_EDGE('',*,*,#957,.T.);
#1253=ORIENTED_EDGE('',*,*,#958,.F.);
#1254=ORIENTED_EDGE('',*,*,#959,.F.);
#1255=ORIENTED_EDGE('',*,*,#960,.T.);
#1256=ORIENTED_EDGE('',*,*,#961,.F.);
#1257=ORIENTED_EDGE('',*,*,#962,.F.);
#1258=ORIENTED_EDGE('',*,*,#963,.T.);
#1259=ORIENTED_EDGE('',*,*,#877,.F.);
#1260=ORIENTED_EDGE('',*,*,#964,.F.);
#1261=ORIENTED_EDGE('',*,*,#956,.F.);
#1262=ORIENTED_EDGE('',*,*,#953,.F.);
#1263=ORIENTED_EDGE('',*,*,#965,.T.);
#1264=ORIENTED_EDGE('',*,*,#966,.T.);
#1265=ORIENTED_EDGE('',*,*,#958,.T.);
#1266=ORIENTED_EDGE('',*,*,#967,.T.);
#1267=ORIENTED_EDGE('',*,*,#967,.F.);
#1268=ORIENTED_EDGE('',*,*,#957,.F.);
#1269=ORIENTED_EDGE('',*,*,#964,.T.);
#1270=ORIENTED_EDGE('',*,*,#876,.F.);
#1271=ORIENTED_EDGE('',*,*,#872,.F.);
#1272=ORIENTED_EDGE('',*,*,#878,.T.);
#1273=ORIENTED_EDGE('',*,*,#968,.T.);
#1274=ORIENTED_EDGE('',*,*,#969,.T.);
#1275=ORIENTED_EDGE('',*,*,#887,.T.);
#1276=ORIENTED_EDGE('',*,*,#884,.T.);
#1277=ORIENTED_EDGE('',*,*,#902,.F.);
#1278=ORIENTED_EDGE('',*,*,#951,.F.);
#1279=ORIENTED_EDGE('',*,*,#970,.F.);
#1280=ORIENTED_EDGE('',*,*,#971,.T.);
#1281=ORIENTED_EDGE('',*,*,#972,.F.);
#1282=ORIENTED_EDGE('',*,*,#973,.T.);
#1283=ORIENTED_EDGE('',*,*,#974,.T.);
#1284=ORIENTED_EDGE('',*,*,#970,.T.);
#1285=ORIENTED_EDGE('',*,*,#950,.T.);
#1286=ORIENTED_EDGE('',*,*,#975,.T.);
#1287=ORIENTED_EDGE('',*,*,#974,.F.);
#1288=ORIENTED_EDGE('',*,*,#976,.F.);
#1289=ORIENTED_EDGE('',*,*,#977,.F.);
#1290=ORIENTED_EDGE('',*,*,#978,.F.);
#1291=ORIENTED_EDGE('',*,*,#979,.F.);
#1292=ORIENTED_EDGE('',*,*,#971,.F.);
#1293=ORIENTED_EDGE('',*,*,#966,.F.);
#1294=ORIENTED_EDGE('',*,*,#980,.T.);
#1295=ORIENTED_EDGE('',*,*,#981,.F.);
#1296=ORIENTED_EDGE('',*,*,#933,.T.);
#1297=ORIENTED_EDGE('',*,*,#860,.T.);
#1298=ORIENTED_EDGE('',*,*,#835,.F.);
#1299=ORIENTED_EDGE('',*,*,#982,.F.);
#1300=ORIENTED_EDGE('',*,*,#983,.F.);
#1301=ORIENTED_EDGE('',*,*,#984,.F.);
#1302=ORIENTED_EDGE('',*,*,#985,.F.);
#1303=ORIENTED_EDGE('',*,*,#986,.F.);
#1304=ORIENTED_EDGE('',*,*,#987,.F.);
#1305=ORIENTED_EDGE('',*,*,#928,.F.);
#1306=ORIENTED_EDGE('',*,*,#911,.F.);
#1307=ORIENTED_EDGE('',*,*,#988,.T.);
#1308=ORIENTED_EDGE('',*,*,#945,.T.);
#1309=ORIENTED_EDGE('',*,*,#989,.F.);
#1310=ORIENTED_EDGE('',*,*,#976,.T.);
#1311=ORIENTED_EDGE('',*,*,#975,.F.);
#1312=ORIENTED_EDGE('',*,*,#949,.T.);
#1313=ORIENTED_EDGE('',*,*,#909,.T.);
#1314=ORIENTED_EDGE('',*,*,#897,.F.);
#1315=ORIENTED_EDGE('',*,*,#990,.F.);
#1316=ORIENTED_EDGE('',*,*,#991,.F.);
#1317=ORIENTED_EDGE('',*,*,#992,.F.);
#1318=ORIENTED_EDGE('',*,*,#993,.F.);
#1319=ORIENTED_EDGE('',*,*,#994,.F.);
#1320=ORIENTED_EDGE('',*,*,#995,.F.);
#1321=ORIENTED_EDGE('',*,*,#879,.F.);
#1322=ORIENTED_EDGE('',*,*,#862,.F.);
#1323=ORIENTED_EDGE('',*,*,#996,.T.);
#1324=ORIENTED_EDGE('',*,*,#959,.T.);
#1325=ORIENTED_EDGE('',*,*,#997,.T.);
#1326=ORIENTED_EDGE('',*,*,#998,.T.);
#1327=ORIENTED_EDGE('',*,*,#999,.T.);
#1328=ORIENTED_EDGE('',*,*,#1000,.T.);
#1329=ORIENTED_EDGE('',*,*,#1001,.T.);
#1330=ORIENTED_EDGE('',*,*,#1002,.T.);
#1331=ORIENTED_EDGE('',*,*,#934,.T.);
#1332=ORIENTED_EDGE('',*,*,#981,.T.);
#1333=ORIENTED_EDGE('',*,*,#977,.T.);
#1334=ORIENTED_EDGE('',*,*,#989,.T.);
#1335=ORIENTED_EDGE('',*,*,#944,.T.);
#1336=ORIENTED_EDGE('',*,*,#1003,.T.);
#1337=ORIENTED_EDGE('',*,*,#1002,.F.);
#1338=ORIENTED_EDGE('',*,*,#1004,.T.);
#1339=ORIENTED_EDGE('',*,*,#1005,.F.);
#1340=ORIENTED_EDGE('',*,*,#978,.T.);
#1341=ORIENTED_EDGE('',*,*,#1003,.F.);
#1342=ORIENTED_EDGE('',*,*,#943,.F.);
#1343=ORIENTED_EDGE('',*,*,#1006,.T.);
#1344=ORIENTED_EDGE('',*,*,#925,.F.);
#1345=ORIENTED_EDGE('',*,*,#921,.F.);
#1346=ORIENTED_EDGE('',*,*,#927,.T.);
#1347=ORIENTED_EDGE('',*,*,#1007,.T.);
#1348=ORIENTED_EDGE('',*,*,#1008,.T.);
#1349=ORIENTED_EDGE('',*,*,#845,.T.);
#1350=ORIENTED_EDGE('',*,*,#849,.T.);
#1351=ORIENTED_EDGE('',*,*,#853,.F.);
#1352=ORIENTED_EDGE('',*,*,#935,.F.);
#1353=ORIENTED_EDGE('',*,*,#968,.F.);
#1354=ORIENTED_EDGE('',*,*,#883,.T.);
#1355=ORIENTED_EDGE('',*,*,#1009,.F.);
#1356=ORIENTED_EDGE('',*,*,#1010,.T.);
#1357=ORIENTED_EDGE('',*,*,#1011,.F.);
#1358=ORIENTED_EDGE('',*,*,#1012,.T.);
#1359=ORIENTED_EDGE('',*,*,#1000,.F.);
#1360=ORIENTED_EDGE('',*,*,#1013,.T.);
#1361=ORIENTED_EDGE('',*,*,#1011,.T.);
#1362=ORIENTED_EDGE('',*,*,#1013,.F.);
#1363=ORIENTED_EDGE('',*,*,#1012,.F.);
#1364=ORIENTED_EDGE('',*,*,#1014,.T.);
#1365=ORIENTED_EDGE('',*,*,#1015,.F.);
#1366=ORIENTED_EDGE('',*,*,#1014,.F.);
#1367=ORIENTED_EDGE('',*,*,#1016,.F.);
#1368=ORIENTED_EDGE('',*,*,#1017,.T.);
#1369=ORIENTED_EDGE('',*,*,#999,.F.);
#1370=ORIENTED_EDGE('',*,*,#1018,.T.);
#1371=ORIENTED_EDGE('',*,*,#1016,.T.);
#1372=ORIENTED_EDGE('',*,*,#1018,.F.);
#1373=ORIENTED_EDGE('',*,*,#1017,.F.);
#1374=ORIENTED_EDGE('',*,*,#1019,.T.);
#1375=ORIENTED_EDGE('',*,*,#1020,.F.);
#1376=ORIENTED_EDGE('',*,*,#1019,.F.);
#1377=ORIENTED_EDGE('',*,*,#1021,.F.);
#1378=ORIENTED_EDGE('',*,*,#1022,.T.);
#1379=ORIENTED_EDGE('',*,*,#998,.F.);
#1380=ORIENTED_EDGE('',*,*,#1023,.T.);
#1381=ORIENTED_EDGE('',*,*,#1021,.T.);
#1382=ORIENTED_EDGE('',*,*,#1023,.F.);
#1383=ORIENTED_EDGE('',*,*,#1022,.F.);
#1384=ORIENTED_EDGE('',*,*,#1024,.T.);
#1385=ORIENTED_EDGE('',*,*,#1025,.F.);
#1386=ORIENTED_EDGE('',*,*,#1024,.F.);
#1387=ORIENTED_EDGE('',*,*,#1026,.F.);
#1388=ORIENTED_EDGE('',*,*,#1027,.T.);
#1389=ORIENTED_EDGE('',*,*,#997,.F.);
#1390=ORIENTED_EDGE('',*,*,#1028,.T.);
#1391=ORIENTED_EDGE('',*,*,#1026,.T.);
#1392=ORIENTED_EDGE('',*,*,#1028,.F.);
#1393=ORIENTED_EDGE('',*,*,#1027,.F.);
#1394=ORIENTED_EDGE('',*,*,#1029,.T.);
#1395=ORIENTED_EDGE('',*,*,#1030,.F.);
#1396=ORIENTED_EDGE('',*,*,#1029,.F.);
#1397=ORIENTED_EDGE('',*,*,#952,.F.);
#1398=ORIENTED_EDGE('',*,*,#1031,.T.);
#1399=ORIENTED_EDGE('',*,*,#1032,.T.);
#1400=ORIENTED_EDGE('',*,*,#1031,.F.);
#1401=ORIENTED_EDGE('',*,*,#1032,.F.);
#1402=ORIENTED_EDGE('',*,*,#948,.F.);
#1403=ORIENTED_EDGE('',*,*,#1033,.T.);
#1404=ORIENTED_EDGE('',*,*,#1034,.T.);
#1405=ORIENTED_EDGE('',*,*,#1033,.F.);
#1406=ORIENTED_EDGE('',*,*,#1034,.F.);
#1407=ORIENTED_EDGE('',*,*,#1035,.T.);
#1408=ORIENTED_EDGE('',*,*,#1036,.T.);
#1409=ORIENTED_EDGE('',*,*,#963,.F.);
#1410=ORIENTED_EDGE('',*,*,#1036,.F.);
#1411=ORIENTED_EDGE('',*,*,#1035,.F.);
#1412=ORIENTED_EDGE('',*,*,#1037,.T.);
#1413=ORIENTED_EDGE('',*,*,#1038,.T.);
#1414=ORIENTED_EDGE('',*,*,#936,.F.);
#1415=ORIENTED_EDGE('',*,*,#1038,.F.);
#1416=ORIENTED_EDGE('',*,*,#1037,.F.);
#1417=ORIENTED_EDGE('',*,*,#867,.F.);
#1418=ORIENTED_EDGE('',*,*,#1039,.T.);
#1419=ORIENTED_EDGE('',*,*,#961,.T.);
#1420=ORIENTED_EDGE('',*,*,#1040,.T.);
#1421=ORIENTED_EDGE('',*,*,#865,.F.);
#1422=ORIENTED_EDGE('',*,*,#1040,.F.);
#1423=ORIENTED_EDGE('',*,*,#960,.F.);
#1424=ORIENTED_EDGE('',*,*,#996,.F.);
#1425=ORIENTED_EDGE('',*,*,#916,.F.);
#1426=ORIENTED_EDGE('',*,*,#941,.T.);
#1427=ORIENTED_EDGE('',*,*,#947,.T.);
#1428=ORIENTED_EDGE('',*,*,#1041,.T.);
#1429=ORIENTED_EDGE('',*,*,#914,.F.);
#1430=ORIENTED_EDGE('',*,*,#1041,.F.);
#1431=ORIENTED_EDGE('',*,*,#946,.F.);
#1432=ORIENTED_EDGE('',*,*,#988,.F.);
#1433=ORIENTED_EDGE('',*,*,#926,.F.);
#1434=ORIENTED_EDGE('',*,*,#1006,.F.);
#1435=ORIENTED_EDGE('',*,*,#942,.F.);
#1436=ORIENTED_EDGE('',*,*,#937,.F.);
#1437=ORIENTED_EDGE('',*,*,#1008,.F.);
#1438=ORIENTED_EDGE('',*,*,#1042,.F.);
#1439=ORIENTED_EDGE('',*,*,#1043,.T.);
#1440=ORIENTED_EDGE('',*,*,#1044,.F.);
#1441=ORIENTED_EDGE('',*,*,#1045,.F.);
#1442=ORIENTED_EDGE('',*,*,#982,.T.);
#1443=ORIENTED_EDGE('',*,*,#838,.F.);
#1444=ORIENTED_EDGE('',*,*,#841,.F.);
#1445=ORIENTED_EDGE('',*,*,#844,.F.);
#1446=ORIENTED_EDGE('',*,*,#846,.F.);
#1447=ORIENTED_EDGE('',*,*,#1007,.F.);
#1448=ORIENTED_EDGE('',*,*,#932,.T.);
#1449=ORIENTED_EDGE('',*,*,#1046,.F.);
#1450=ORIENTED_EDGE('',*,*,#1042,.T.);
#1451=ORIENTED_EDGE('',*,*,#870,.F.);
#1452=ORIENTED_EDGE('',*,*,#955,.F.);
#1453=ORIENTED_EDGE('',*,*,#962,.T.);
#1454=ORIENTED_EDGE('',*,*,#1039,.F.);
#1455=ORIENTED_EDGE('',*,*,#992,.T.);
#1456=ORIENTED_EDGE('',*,*,#1047,.T.);
#1457=ORIENTED_EDGE('',*,*,#1048,.F.);
#1458=ORIENTED_EDGE('',*,*,#1049,.F.);
#1459=ORIENTED_EDGE('',*,*,#993,.T.);
#1460=ORIENTED_EDGE('',*,*,#1049,.T.);
#1461=ORIENTED_EDGE('',*,*,#1050,.F.);
#1462=ORIENTED_EDGE('',*,*,#1051,.F.);
#1463=ORIENTED_EDGE('',*,*,#994,.T.);
#1464=ORIENTED_EDGE('',*,*,#1051,.T.);
#1465=ORIENTED_EDGE('',*,*,#1052,.F.);
#1466=ORIENTED_EDGE('',*,*,#1053,.F.);
#1467=ORIENTED_EDGE('',*,*,#995,.T.);
#1468=ORIENTED_EDGE('',*,*,#1053,.T.);
#1469=ORIENTED_EDGE('',*,*,#1054,.F.);
#1470=ORIENTED_EDGE('',*,*,#880,.F.);
#1471=ORIENTED_EDGE('',*,*,#1009,.T.);
#1472=ORIENTED_EDGE('',*,*,#882,.T.);
#1473=ORIENTED_EDGE('',*,*,#1055,.F.);
#1474=ORIENTED_EDGE('',*,*,#1056,.F.);
#1475=ORIENTED_EDGE('',*,*,#969,.F.);
#1476=ORIENTED_EDGE('',*,*,#1010,.F.);
#1477=ORIENTED_EDGE('',*,*,#1056,.T.);
#1478=ORIENTED_EDGE('',*,*,#1057,.F.);
#1479=ORIENTED_EDGE('',*,*,#1058,.F.);
#1480=ORIENTED_EDGE('',*,*,#990,.T.);
#1481=ORIENTED_EDGE('',*,*,#899,.F.);
#1482=ORIENTED_EDGE('',*,*,#896,.F.);
#1483=ORIENTED_EDGE('',*,*,#893,.F.);
#1484=ORIENTED_EDGE('',*,*,#888,.F.);
#1485=ORIENTED_EDGE('',*,*,#991,.T.);
#1486=ORIENTED_EDGE('',*,*,#1058,.T.);
#1487=ORIENTED_EDGE('',*,*,#1059,.F.);
#1488=ORIENTED_EDGE('',*,*,#1047,.F.);
#1489=ORIENTED_EDGE('',*,*,#983,.T.);
#1490=ORIENTED_EDGE('',*,*,#1045,.T.);
#1491=ORIENTED_EDGE('',*,*,#1060,.F.);
#1492=ORIENTED_EDGE('',*,*,#1061,.F.);
#1493=ORIENTED_EDGE('',*,*,#984,.T.);
#1494=ORIENTED_EDGE('',*,*,#1061,.T.);
#1495=ORIENTED_EDGE('',*,*,#1062,.F.);
#1496=ORIENTED_EDGE('',*,*,#1063,.F.);
#1497=ORIENTED_EDGE('',*,*,#985,.T.);
#1498=ORIENTED_EDGE('',*,*,#1063,.T.);
#1499=ORIENTED_EDGE('',*,*,#1064,.F.);
#1500=ORIENTED_EDGE('',*,*,#1065,.F.);
#1501=ORIENTED_EDGE('',*,*,#986,.T.);
#1502=ORIENTED_EDGE('',*,*,#1065,.T.);
#1503=ORIENTED_EDGE('',*,*,#1066,.F.);
#1504=ORIENTED_EDGE('',*,*,#1067,.F.);
#1505=ORIENTED_EDGE('',*,*,#987,.T.);
#1506=ORIENTED_EDGE('',*,*,#1067,.T.);
#1507=ORIENTED_EDGE('',*,*,#1068,.F.);
#1508=ORIENTED_EDGE('',*,*,#929,.F.);
#1509=ORIENTED_EDGE('',*,*,#1046,.T.);
#1510=ORIENTED_EDGE('',*,*,#931,.T.);
#1511=ORIENTED_EDGE('',*,*,#1069,.F.);
#1512=ORIENTED_EDGE('',*,*,#1043,.F.);
#1513=ORIENTED_EDGE('',*,*,#965,.F.);
#1514=ORIENTED_EDGE('',*,*,#973,.F.);
#1515=ORIENTED_EDGE('',*,*,#1070,.F.);
#1516=ORIENTED_EDGE('',*,*,#1004,.F.);
#1517=ORIENTED_EDGE('',*,*,#1001,.F.);
#1518=ORIENTED_EDGE('',*,*,#980,.F.);
#1519=ORIENTED_EDGE('',*,*,#1070,.T.);
#1520=ORIENTED_EDGE('',*,*,#972,.T.);
#1521=ORIENTED_EDGE('',*,*,#979,.T.);
#1522=ORIENTED_EDGE('',*,*,#1005,.T.);
#1523=ORIENTED_EDGE('',*,*,#1059,.T.);
#1524=ORIENTED_EDGE('',*,*,#1057,.T.);
#1525=ORIENTED_EDGE('',*,*,#1055,.T.);
#1526=ORIENTED_EDGE('',*,*,#881,.T.);
#1527=ORIENTED_EDGE('',*,*,#1054,.T.);
#1528=ORIENTED_EDGE('',*,*,#1052,.T.);
#1529=ORIENTED_EDGE('',*,*,#1050,.T.);
#1530=ORIENTED_EDGE('',*,*,#1048,.T.);
#1531=ORIENTED_EDGE('',*,*,#1044,.T.);
#1532=ORIENTED_EDGE('',*,*,#1069,.T.);
#1533=ORIENTED_EDGE('',*,*,#930,.T.);
#1534=ORIENTED_EDGE('',*,*,#1068,.T.);
#1535=ORIENTED_EDGE('',*,*,#1066,.T.);
#1536=ORIENTED_EDGE('',*,*,#1064,.T.);
#1537=ORIENTED_EDGE('',*,*,#1062,.T.);
#1538=ORIENTED_EDGE('',*,*,#1060,.T.);
#1539=ORIENTED_EDGE('',*,*,#1030,.T.);
#1540=ORIENTED_EDGE('',*,*,#1025,.T.);
#1541=ORIENTED_EDGE('',*,*,#1020,.T.);
#1542=ORIENTED_EDGE('',*,*,#1015,.T.);
#1543=PLANE('',#1713);
#1544=PLANE('',#1717);
#1545=PLANE('',#1721);
#1546=PLANE('',#1722);
#1547=PLANE('',#1725);
#1548=PLANE('',#1728);
#1549=PLANE('',#1729);
#1550=PLANE('',#1733);
#1551=PLANE('',#1737);
#1552=PLANE('',#1738);
#1553=PLANE('',#1739);
#1554=PLANE('',#1743);
#1555=PLANE('',#1747);
#1556=PLANE('',#1748);
#1557=PLANE('',#1751);
#1558=PLANE('',#1754);
#1559=PLANE('',#1755);
#1560=PLANE('',#1759);
#1561=PLANE('',#1763);
#1562=PLANE('',#1764);
#1563=PLANE('',#1765);
#1564=PLANE('',#1769);
#1565=PLANE('',#1770);
#1566=PLANE('',#1773);
#1567=PLANE('',#1777);
#1568=PLANE('',#1780);
#1569=PLANE('',#1781);
#1570=PLANE('',#1782);
#1571=PLANE('',#1783);
#1572=PLANE('',#1784);
#1573=PLANE('',#1785);
#1574=PLANE('',#1790);
#1575=PLANE('',#1791);
#1576=PLANE('',#1792);
#1577=PLANE('',#1793);
#1578=PLANE('',#1794);
#1579=PLANE('',#1800);
#1580=PLANE('',#1806);
#1581=PLANE('',#1812);
#1582=PLANE('',#1820);
#1583=PLANE('',#1823);
#1584=PLANE('',#1826);
#1585=PLANE('',#1829);
#1586=PLANE('',#1831);
#1587=PLANE('',#1833);
#1588=PLANE('',#1834);
#1589=PLANE('',#1835);
#1590=PLANE('',#1836);
#1591=PLANE('',#1837);
#1592=PLANE('',#1838);
#1593=PLANE('',#1839);
#1594=PLANE('',#1840);
#1595=PLANE('',#1841);
#1596=PLANE('',#1842);
#1597=PLANE('',#1843);
#1598=PLANE('',#1844);
#1599=PLANE('',#1845);
#1600=PLANE('',#1846);
#1601=PLANE('',#1847);
#1602=PLANE('',#1848);
#1603=PLANE('',#1849);
#1604=PLANE('',#1850);
#1605=PLANE('',#1851);
#1606=PLANE('',#1852);
#1607=ADVANCED_FACE('',(#113),#1543,.T.);
#1608=ADVANCED_FACE('',(#114),#101,.T.);
#1609=ADVANCED_FACE('',(#115),#1544,.T.);
#1610=ADVANCED_FACE('',(#116),#102,.T.);
#1611=ADVANCED_FACE('',(#117),#1545,.T.);
#1612=ADVANCED_FACE('',(#118),#1546,.T.);
#1613=ADVANCED_FACE('',(#119),#33,.T.);
#1614=ADVANCED_FACE('',(#120),#1547,.T.);
#1615=ADVANCED_FACE('',(#121),#34,.T.);
#1616=ADVANCED_FACE('',(#122),#1548,.T.);
#1617=ADVANCED_FACE('',(#123),#1549,.T.);
#1618=ADVANCED_FACE('',(#124),#103,.T.);
#1619=ADVANCED_FACE('',(#125),#1550,.T.);
#1620=ADVANCED_FACE('',(#126),#104,.T.);
#1621=ADVANCED_FACE('',(#127),#1551,.T.);
#1622=ADVANCED_FACE('',(#128),#1552,.T.);
#1623=ADVANCED_FACE('',(#129),#1553,.T.);
#1624=ADVANCED_FACE('',(#130),#105,.T.);
#1625=ADVANCED_FACE('',(#131),#1554,.T.);
#1626=ADVANCED_FACE('',(#132),#106,.T.);
#1627=ADVANCED_FACE('',(#133),#1555,.T.);
#1628=ADVANCED_FACE('',(#134),#1556,.T.);
#1629=ADVANCED_FACE('',(#135),#35,.T.);
#1630=ADVANCED_FACE('',(#136),#1557,.T.);
#1631=ADVANCED_FACE('',(#137),#36,.T.);
#1632=ADVANCED_FACE('',(#138),#1558,.T.);
#1633=ADVANCED_FACE('',(#139),#1559,.T.);
#1634=ADVANCED_FACE('',(#140),#107,.T.);
#1635=ADVANCED_FACE('',(#141),#1560,.T.);
#1636=ADVANCED_FACE('',(#142),#108,.T.);
#1637=ADVANCED_FACE('',(#143),#1561,.T.);
#1638=ADVANCED_FACE('',(#144),#1562,.T.);
#1639=ADVANCED_FACE('',(#145,#15),#1563,.T.);
#1640=ADVANCED_FACE('',(#146),#37,.T.);
#1641=ADVANCED_FACE('',(#147),#1564,.T.);
#1642=ADVANCED_FACE('',(#148,#16),#1565,.T.);
#1643=ADVANCED_FACE('',(#149,#17),#1566,.T.);
#1644=ADVANCED_FACE('',(#150),#38,.T.);
#1645=ADVANCED_FACE('',(#151,#18),#1567,.T.);
#1646=ADVANCED_FACE('',(#152),#1568,.T.);
#1647=ADVANCED_FACE('',(#153),#1569,.T.);
#1648=ADVANCED_FACE('',(#154),#1570,.T.);
#1649=ADVANCED_FACE('',(#155),#1571,.T.);
#1650=ADVANCED_FACE('',(#156),#1572,.T.);
#1651=ADVANCED_FACE('',(#157,#19,#20,#21,#22),#1573,.F.);
#1652=ADVANCED_FACE('',(#158),#1574,.T.);
#1653=ADVANCED_FACE('',(#159),#1575,.T.);
#1654=ADVANCED_FACE('',(#160),#1576,.T.);
#1655=ADVANCED_FACE('',(#161),#1577,.F.);
#1656=ADVANCED_FACE('',(#162,#23),#1578,.F.);
#1657=ADVANCED_FACE('',(#163),#39,.F.);
#1658=ADVANCED_FACE('',(#164),#40,.F.);
#1659=ADVANCED_FACE('',(#165,#24),#1579,.F.);
#1660=ADVANCED_FACE('',(#166),#41,.F.);
#1661=ADVANCED_FACE('',(#167),#42,.F.);
#1662=ADVANCED_FACE('',(#168,#25),#1580,.F.);
#1663=ADVANCED_FACE('',(#169),#43,.F.);
#1664=ADVANCED_FACE('',(#170),#44,.F.);
#1665=ADVANCED_FACE('',(#171,#26),#1581,.F.);
#1666=ADVANCED_FACE('',(#172),#45,.F.);
#1667=ADVANCED_FACE('',(#173),#46,.F.);
#1668=ADVANCED_FACE('',(#174),#109,.T.);
#1669=ADVANCED_FACE('',(#175),#1582,.T.);
#1670=ADVANCED_FACE('',(#176),#110,.T.);
#1671=ADVANCED_FACE('',(#177),#1583,.T.);
#1672=ADVANCED_FACE('',(#178),#111,.T.);
#1673=ADVANCED_FACE('',(#179),#1584,.F.);
#1674=ADVANCED_FACE('',(#180),#112,.T.);
#1675=ADVANCED_FACE('',(#181),#1585,.F.);
#1676=ADVANCED_FACE('',(#182),#47,.T.);
#1677=ADVANCED_FACE('',(#183),#1586,.T.);
#1678=ADVANCED_FACE('',(#184),#48,.T.);
#1679=ADVANCED_FACE('',(#185),#1587,.T.);
#1680=ADVANCED_FACE('',(#186),#1588,.T.);
#1681=ADVANCED_FACE('',(#187),#1589,.T.);
#1682=ADVANCED_FACE('',(#188),#1590,.F.);
#1683=ADVANCED_FACE('',(#189),#1591,.T.);
#1684=ADVANCED_FACE('',(#190),#1592,.T.);
#1685=ADVANCED_FACE('',(#191),#1593,.T.);
#1686=ADVANCED_FACE('',(#192),#1594,.T.);
#1687=ADVANCED_FACE('',(#193),#1595,.T.);
#1688=ADVANCED_FACE('',(#194),#1596,.T.);
#1689=ADVANCED_FACE('',(#195),#1597,.T.);
#1690=ADVANCED_FACE('',(#196),#1598,.T.);
#1691=ADVANCED_FACE('',(#197),#1599,.T.);
#1692=ADVANCED_FACE('',(#198),#1600,.T.);
#1693=ADVANCED_FACE('',(#199),#1601,.T.);
#1694=ADVANCED_FACE('',(#200),#1602,.T.);
#1695=ADVANCED_FACE('',(#201),#1603,.T.);
#1696=ADVANCED_FACE('',(#202),#1604,.T.);
#1697=ADVANCED_FACE('',(#203),#1605,.T.);
#1698=ADVANCED_FACE('',(#204,#27,#28,#29,#30,#31,#32),#1606,.T.);
#1699=CLOSED_SHELL('',(#1607,#1608,#1609,#1610,#1611,#1612,#1613,#1614,
#1615,#1616,#1617,#1618,#1619,#1620,#1621,#1622,#1623,#1624,#1625,#1626,
#1627,#1628,#1629,#1630,#1631,#1632,#1633,#1634,#1635,#1636,#1637,#1638,
#1639,#1640,#1641,#1642,#1643,#1644,#1645,#1646,#1647,#1648,#1649,#1650,
#1651,#1652,#1653,#1654,#1655,#1656,#1657,#1658,#1659,#1660,#1661,#1662,
#1663,#1664,#1665,#1666,#1667,#1668,#1669,#1670,#1671,#1672,#1673,#1674,
#1675,#1676,#1677,#1678,#1679,#1680,#1681,#1682,#1683,#1684,#1685,#1686,
#1687,#1688,#1689,#1690,#1691,#1692,#1693,#1694,#1695,#1696,#1697,#1698));
#1700=DERIVED_UNIT_ELEMENT(#1702,1.);
#1701=DERIVED_UNIT_ELEMENT(#2813,-3.);
#1702=(
MASS_UNIT()
NAMED_UNIT(*)
SI_UNIT(.KILO.,.GRAM.)
);
#1703=DERIVED_UNIT((#1700,#1701));
#1704=MEASURE_REPRESENTATION_ITEM('density measure',
POSITIVE_RATIO_MEASURE(7850.),#1703);
#1705=PROPERTY_DEFINITION_REPRESENTATION(#1710,#1707);
#1706=PROPERTY_DEFINITION_REPRESENTATION(#1711,#1708);
#1707=REPRESENTATION('material name',(#1709),#2810);
#1708=REPRESENTATION('density',(#1704),#2810);
#1709=DESCRIPTIVE_REPRESENTATION_ITEM('Steel','Steel');
#1710=PROPERTY_DEFINITION('material property','material name',#2820);
#1711=PROPERTY_DEFINITION('material property','density of part',#2820);
#1712=AXIS2_PLACEMENT_3D('',#2319,#1853,#1854);
#1713=AXIS2_PLACEMENT_3D('',#2320,#1855,#1856);
#1714=AXIS2_PLACEMENT_3D('',#2329,#1861,#1862);
#1715=AXIS2_PLACEMENT_3D('',#2331,#1863,#1864);
#1716=AXIS2_PLACEMENT_3D('',#2334,#1866,#1867);
#1717=AXIS2_PLACEMENT_3D('',#2335,#1868,#1869);
#1718=AXIS2_PLACEMENT_3D('',#2341,#1873,#1874);
#1719=AXIS2_PLACEMENT_3D('',#2347,#1875,#1876);
#1720=AXIS2_PLACEMENT_3D('',#2349,#1877,#1878);
#1721=AXIS2_PLACEMENT_3D('',#2351,#1880,#1881);
#1722=AXIS2_PLACEMENT_3D('',#2355,#1884,#1885);
#1723=AXIS2_PLACEMENT_3D('',#2361,#1889,#1890);
#1724=AXIS2_PLACEMENT_3D('',#2364,#1892,#1893);
#1725=AXIS2_PLACEMENT_3D('',#2365,#1894,#1895);
#1726=AXIS2_PLACEMENT_3D('',#2369,#1898,#1899);
#1727=AXIS2_PLACEMENT_3D('',#2372,#1901,#1902);
#1728=AXIS2_PLACEMENT_3D('',#2373,#1903,#1904);
#1729=AXIS2_PLACEMENT_3D('',#2377,#1907,#1908);
#1730=AXIS2_PLACEMENT_3D('',#2386,#1913,#1914);
#1731=AXIS2_PLACEMENT_3D('',#2390,#1916,#1917);
#1732=AXIS2_PLACEMENT_3D('',#2391,#1918,#1919);
#1733=AXIS2_PLACEMENT_3D('',#2392,#1920,#1921);
#1734=AXIS2_PLACEMENT_3D('',#2398,#1925,#1926);
#1735=AXIS2_PLACEMENT_3D('',#2406,#1928,#1929);
#1736=AXIS2_PLACEMENT_3D('',#2407,#1930,#1931);
#1737=AXIS2_PLACEMENT_3D('',#2408,#1932,#1933);
#1738=AXIS2_PLACEMENT_3D('',#2412,#1936,#1937);
#1739=AXIS2_PLACEMENT_3D('',#2424,#1944,#1945);
#1740=AXIS2_PLACEMENT_3D('',#2431,#1949,#1950);
#1741=AXIS2_PLACEMENT_3D('',#2437,#1951,#1952);
#1742=AXIS2_PLACEMENT_3D('',#2440,#1954,#1955);
#1743=AXIS2_PLACEMENT_3D('',#2441,#1956,#1957);
#1744=AXIS2_PLACEMENT_3D('',#2447,#1961,#1962);
#1745=AXIS2_PLACEMENT_3D('',#2451,#1964,#1965);
#1746=AXIS2_PLACEMENT_3D('',#2452,#1966,#1967);
#1747=AXIS2_PLACEMENT_3D('',#2453,#1968,#1969);
#1748=AXIS2_PLACEMENT_3D('',#2459,#1973,#1974);
#1749=AXIS2_PLACEMENT_3D('',#2465,#1978,#1979);
#1750=AXIS2_PLACEMENT_3D('',#2468,#1981,#1982);
#1751=AXIS2_PLACEMENT_3D('',#2469,#1983,#1984);
#1752=AXIS2_PLACEMENT_3D('',#2473,#1987,#1988);
#1753=AXIS2_PLACEMENT_3D('',#2476,#1990,#1991);
#1754=AXIS2_PLACEMENT_3D('',#2477,#1992,#1993);
#1755=AXIS2_PLACEMENT_3D('',#2481,#1996,#1997);
#1756=AXIS2_PLACEMENT_3D('',#2490,#2002,#2003);
#1757=AXIS2_PLACEMENT_3D('',#2494,#2005,#2006);
#1758=AXIS2_PLACEMENT_3D('',#2495,#2007,#2008);
#1759=AXIS2_PLACEMENT_3D('',#2496,#2009,#2010);
#1760=AXIS2_PLACEMENT_3D('',#2502,#2014,#2015);
#1761=AXIS2_PLACEMENT_3D('',#2510,#2017,#2018);
#1762=AXIS2_PLACEMENT_3D('',#2511,#2019,#2020);
#1763=AXIS2_PLACEMENT_3D('',#2512,#2021,#2022);
#1764=AXIS2_PLACEMENT_3D('',#2516,#2025,#2026);
#1765=AXIS2_PLACEMENT_3D('',#2528,#2033,#2034);
#1766=AXIS2_PLACEMENT_3D('',#2535,#2038,#2039);
#1767=AXIS2_PLACEMENT_3D('',#2536,#2040,#2041);
#1768=AXIS2_PLACEMENT_3D('',#2540,#2043,#2044);
#1769=AXIS2_PLACEMENT_3D('',#2542,#2046,#2047);
#1770=AXIS2_PLACEMENT_3D('',#2546,#2050,#2051);
#1771=AXIS2_PLACEMENT_3D('',#2557,#2057,#2058);
#1772=AXIS2_PLACEMENT_3D('',#2559,#2059,#2060);
#1773=AXIS2_PLACEMENT_3D('',#2560,#2061,#2062);
#1774=AXIS2_PLACEMENT_3D('',#2567,#2066,#2067);
#1775=AXIS2_PLACEMENT_3D('',#2568,#2068,#2069);
#1776=AXIS2_PLACEMENT_3D('',#2572,#2071,#2072);
#1777=AXIS2_PLACEMENT_3D('',#2574,#2074,#2075);
#1778=AXIS2_PLACEMENT_3D('',#2586,#2081,#2082);
#1779=AXIS2_PLACEMENT_3D('',#2589,#2084,#2085);
#1780=AXIS2_PLACEMENT_3D('',#2590,#2086,#2087);
#1781=AXIS2_PLACEMENT_3D('',#2592,#2089,#2090);
#1782=AXIS2_PLACEMENT_3D('',#2598,#2094,#2095);
#1783=AXIS2_PLACEMENT_3D('',#2609,#2102,#2103);
#1784=AXIS2_PLACEMENT_3D('',#2613,#2106,#2107);
#1785=AXIS2_PLACEMENT_3D('',#2621,#2112,#2113);
#1786=AXIS2_PLACEMENT_3D('',#2651,#2131,#2132);
#1787=AXIS2_PLACEMENT_3D('',#2653,#2133,#2134);
#1788=AXIS2_PLACEMENT_3D('',#2655,#2135,#2136);
#1789=AXIS2_PLACEMENT_3D('',#2657,#2137,#2138);
#1790=AXIS2_PLACEMENT_3D('',#2658,#2139,#2140);
#1791=AXIS2_PLACEMENT_3D('',#2662,#2143,#2144);
#1792=AXIS2_PLACEMENT_3D('',#2664,#2146,#2147);
#1793=AXIS2_PLACEMENT_3D('',#2672,#2153,#2154);
#1794=AXIS2_PLACEMENT_3D('',#2676,#2157,#2158);
#1795=AXIS2_PLACEMENT_3D('',#2678,#2159,#2160);
#1796=AXIS2_PLACEMENT_3D('',#2680,#2161,#2162);
#1797=AXIS2_PLACEMENT_3D('',#2681,#2163,#2164);
#1798=AXIS2_PLACEMENT_3D('',#2683,#2166,#2167);
#1799=AXIS2_PLACEMENT_3D('',#2686,#2169,#2170);
#1800=AXIS2_PLACEMENT_3D('',#2687,#2171,#2172);
#1801=AXIS2_PLACEMENT_3D('',#2689,#2173,#2174);
#1802=AXIS2_PLACEMENT_3D('',#2691,#2175,#2176);
#1803=AXIS2_PLACEMENT_3D('',#2692,#2177,#2178);
#1804=AXIS2_PLACEMENT_3D('',#2694,#2180,#2181);
#1805=AXIS2_PLACEMENT_3D('',#2697,#2183,#2184);
#1806=AXIS2_PLACEMENT_3D('',#2698,#2185,#2186);
#1807=AXIS2_PLACEMENT_3D('',#2700,#2187,#2188);
#1808=AXIS2_PLACEMENT_3D('',#2702,#2189,#2190);
#1809=AXIS2_PLACEMENT_3D('',#2703,#2191,#2192);
#1810=AXIS2_PLACEMENT_3D('',#2705,#2194,#2195);
#1811=AXIS2_PLACEMENT_3D('',#2708,#2197,#2198);
#1812=AXIS2_PLACEMENT_3D('',#2709,#2199,#2200);
#1813=AXIS2_PLACEMENT_3D('',#2711,#2201,#2202);
#1814=AXIS2_PLACEMENT_3D('',#2713,#2203,#2204);
#1815=AXIS2_PLACEMENT_3D('',#2714,#2205,#2206);
#1816=AXIS2_PLACEMENT_3D('',#2716,#2208,#2209);
#1817=AXIS2_PLACEMENT_3D('',#2719,#2211,#2212);
#1818=AXIS2_PLACEMENT_3D('',#2720,#2213,#2214);
#1819=AXIS2_PLACEMENT_3D('',#2723,#2216,#2217);
#1820=AXIS2_PLACEMENT_3D('',#2724,#2218,#2219);
#1821=AXIS2_PLACEMENT_3D('',#2725,#2220,#2221);
#1822=AXIS2_PLACEMENT_3D('',#2728,#2223,#2224);
#1823=AXIS2_PLACEMENT_3D('',#2729,#2225,#2226);
#1824=AXIS2_PLACEMENT_3D('',#2730,#2227,#2228);
#1825=AXIS2_PLACEMENT_3D('',#2732,#2229,#2230);
#1826=AXIS2_PLACEMENT_3D('',#2734,#2232,#2233);
#1827=AXIS2_PLACEMENT_3D('',#2735,#2234,#2235);
#1828=AXIS2_PLACEMENT_3D('',#2737,#2236,#2237);
#1829=AXIS2_PLACEMENT_3D('',#2739,#2239,#2240);
#1830=AXIS2_PLACEMENT_3D('',#2740,#2241,#2242);
#1831=AXIS2_PLACEMENT_3D('',#2743,#2245,#2246);
#1832=AXIS2_PLACEMENT_3D('',#2744,#2247,#2248);
#1833=AXIS2_PLACEMENT_3D('',#2746,#2250,#2251);
#1834=AXIS2_PLACEMENT_3D('',#2747,#2252,#2253);
#1835=AXIS2_PLACEMENT_3D('',#2748,#2254,#2255);
#1836=AXIS2_PLACEMENT_3D('',#2756,#2260,#2261);
#1837=AXIS2_PLACEMENT_3D('',#2758,#2263,#2264);
#1838=AXIS2_PLACEMENT_3D('',#2759,#2265,#2266);
#1839=AXIS2_PLACEMENT_3D('',#2765,#2270,#2271);
#1840=AXIS2_PLACEMENT_3D('',#2769,#2274,#2275);
#1841=AXIS2_PLACEMENT_3D('',#2773,#2278,#2279);
#1842=AXIS2_PLACEMENT_3D('',#2775,#2281,#2282);
#1843=AXIS2_PLACEMENT_3D('',#2779,#2285,#2286);
#1844=AXIS2_PLACEMENT_3D('',#2783,#2289,#2290);
#1845=AXIS2_PLACEMENT_3D('',#2785,#2292,#2293);
#1846=AXIS2_PLACEMENT_3D('',#2789,#2296,#2297);
#1847=AXIS2_PLACEMENT_3D('',#2793,#2300,#2301);
#1848=AXIS2_PLACEMENT_3D('',#2797,#2304,#2305);
#1849=AXIS2_PLACEMENT_3D('',#2801,#2308,#2309);
#1850=AXIS2_PLACEMENT_3D('',#2803,#2311,#2312);
#1851=AXIS2_PLACEMENT_3D('',#2805,#2314,#2315);
#1852=AXIS2_PLACEMENT_3D('',#2807,#2317,#2318);
#1853=DIRECTION('axis',(0.,0.,1.));
#1854=DIRECTION('refdir',(1.,0.,0.));
#1855=DIRECTION('center_axis',(0.707106781186545,-0.70710678118655,0.));
#1856=DIRECTION('ref_axis',(0.,0.,-1.));
#1857=DIRECTION('',(0.70710678118655,0.707106781186545,0.));
#1858=DIRECTION('',(0.,0.,-1.));
#1859=DIRECTION('',(0.70710678118655,0.707106781186545,0.));
#1860=DIRECTION('',(0.,0.,1.));
#1861=DIRECTION('center_axis',(-1.,0.,0.));
#1862=DIRECTION('ref_axis',(0.,-0.707106781186548,-0.707106781186547));
#1863=DIRECTION('center_axis',(1.,0.,0.));
#1864=DIRECTION('ref_axis',(0.,-0.707106781186548,-0.707106781186547));
#1865=DIRECTION('',(0.707106781186547,0.,0.707106781186548));
#1866=DIRECTION('center_axis',(-1.,0.,0.));
#1867=DIRECTION('ref_axis',(0.,-0.707106781186548,-0.707106781186547));
#1868=DIRECTION('center_axis',(0.707106781186548,0.,-0.707106781186547));
#1869=DIRECTION('ref_axis',(-0.707106781186547,0.,-0.707106781186548));
#1870=DIRECTION('',(0.,1.,0.));
#1871=DIRECTION('',(0.707106781186547,2.09345661157837E-15,0.707106781186548));
#1872=DIRECTION('',(0.,-1.,0.));
#1873=DIRECTION('center_axis',(-1.,0.,0.));
#1874=DIRECTION('ref_axis',(0.,0.707106781186548,-0.707106781186547));
#1875=DIRECTION('center_axis',(-1.,0.,0.));
#1876=DIRECTION('ref_axis',(0.,0.707106781186548,-0.707106781186547));
#1877=DIRECTION('center_axis',(1.,0.,0.));
#1878=DIRECTION('ref_axis',(0.,0.707106781186548,-0.707106781186547));
#1879=DIRECTION('',(0.707106781186546,-0.707106781186549,0.));
#1880=DIRECTION('center_axis',(0.707106781186548,0.707106781186548,0.));
#1881=DIRECTION('ref_axis',(0.,0.,-1.));
#1882=DIRECTION('',(-0.577350269189626,0.577350269189626,0.577350269189625));
#1883=DIRECTION('',(0.,0.,1.));
#1884=DIRECTION('center_axis',(0.,1.,0.));
#1885=DIRECTION('ref_axis',(1.,0.,0.));
#1886=DIRECTION('',(1.,0.,0.));
#1887=DIRECTION('',(0.,0.,1.));
#1888=DIRECTION('',(-1.,0.,0.));
#1889=DIRECTION('center_axis',(1.,0.,0.));
#1890=DIRECTION('ref_axis',(0.,0.707106781186548,-0.707106781186547));
#1891=DIRECTION('',(-1.,0.,0.));
#1892=DIRECTION('center_axis',(1.,0.,0.));
#1893=DIRECTION('ref_axis',(0.,0.707106781186548,-0.707106781186547));
#1894=DIRECTION('center_axis',(0.,0.,-1.));
#1895=DIRECTION('ref_axis',(-1.,0.,0.));
#1896=DIRECTION('',(1.,0.,0.));
#1897=DIRECTION('',(0.,1.,0.));
#1898=DIRECTION('center_axis',(-1.,0.,0.));
#1899=DIRECTION('ref_axis',(0.,-0.707106781186548,-0.707106781186547));
#1900=DIRECTION('',(-1.,0.,0.));
#1901=DIRECTION('center_axis',(1.,0.,0.));
#1902=DIRECTION('ref_axis',(0.,-0.707106781186548,-0.707106781186547));
#1903=DIRECTION('center_axis',(0.,-1.,0.));
#1904=DIRECTION('ref_axis',(-1.,0.,0.));
#1905=DIRECTION('',(1.,0.,0.));
#1906=DIRECTION('',(0.,0.,-1.));
#1907=DIRECTION('center_axis',(0.707106781186547,0.707106781186549,0.));
#1908=DIRECTION('ref_axis',(0.,0.,-1.));
#1909=DIRECTION('',(-0.707106781186548,0.707106781186546,0.));
#1910=DIRECTION('',(0.,0.,-1.));
#1911=DIRECTION('',(-0.707106781186549,0.707106781186547,0.));
#1912=DIRECTION('',(0.,0.,1.));
#1913=DIRECTION('center_axis',(-1.,0.,0.));
#1914=DIRECTION('ref_axis',(0.,0.707106781186548,-0.707106781186547));
#1915=DIRECTION('',(-0.707106781186547,0.,-0.707106781186548));
#1916=DIRECTION('center_axis',(1.,0.,0.));
#1917=DIRECTION('ref_axis',(0.,0.707106781186548,-0.707106781186547));
#1918=DIRECTION('center_axis',(-1.,0.,0.));
#1919=DIRECTION('ref_axis',(0.,0.707106781186548,-0.707106781186547));
#1920=DIRECTION('center_axis',(0.707106781186548,0.,-0.707106781186547));
#1921=DIRECTION('ref_axis',(-0.707106781186547,0.,-0.707106781186548));
#1922=DIRECTION('',(-0.707106781186547,0.,-0.707106781186548));
#1923=DIRECTION('',(0.,1.,0.));
#1924=DIRECTION('',(0.,-1.,0.));
#1925=DIRECTION('center_axis',(-1.,0.,0.));
#1926=DIRECTION('ref_axis',(0.,-0.707106781186548,-0.707106781186547));
#1927=DIRECTION('',(-0.707106781186546,-0.707106781186549,0.));
#1928=DIRECTION('center_axis',(1.,0.,0.));
#1929=DIRECTION('ref_axis',(0.,-0.707106781186548,-0.707106781186547));
#1930=DIRECTION('center_axis',(-1.,0.,0.));
#1931=DIRECTION('ref_axis',(0.,-0.707106781186548,-0.707106781186547));
#1932=DIRECTION('center_axis',(0.707106781186546,-0.707106781186549,0.));
#1933=DIRECTION('ref_axis',(0.,0.,-1.));
#1934=DIRECTION('',(0.577350269189627,0.577350269189625,-0.577350269189625));
#1935=DIRECTION('',(0.,0.,-1.));
#1936=DIRECTION('center_axis',(1.,0.,0.));
#1937=DIRECTION('ref_axis',(0.,1.,0.));
#1938=DIRECTION('',(0.,-0.707106781186548,0.707106781186547));
#1939=DIRECTION('',(0.,1.,0.));
#1940=DIRECTION('',(0.,0.,1.));
#1941=DIRECTION('',(0.,1.,0.));
#1942=DIRECTION('',(0.,0.,1.));
#1943=DIRECTION('',(0.,1.,0.));
#1944=DIRECTION('center_axis',(-0.707106781186549,-0.707106781186547,0.));
#1945=DIRECTION('ref_axis',(0.,0.,1.));
#1946=DIRECTION('',(0.577350269189625,-0.577350269189627,0.577350269189626));
#1947=DIRECTION('',(0.707106781186547,-0.707106781186549,0.));
#1948=DIRECTION('',(0.,0.,1.));
#1949=DIRECTION('center_axis',(1.,0.,0.));
#1950=DIRECTION('ref_axis',(0.,-0.707106781186548,-0.707106781186547));
#1951=DIRECTION('center_axis',(1.,0.,0.));
#1952=DIRECTION('ref_axis',(0.,-0.707106781186548,-0.707106781186547));
#1953=DIRECTION('',(0.707106781186546,0.,-0.707106781186549));
#1954=DIRECTION('center_axis',(-1.,0.,0.));
#1955=DIRECTION('ref_axis',(0.,-0.707106781186548,-0.707106781186547));
#1956=DIRECTION('center_axis',(-0.707106781186549,0.,-0.707106781186546));
#1957=DIRECTION('ref_axis',(-0.707106781186546,0.,0.707106781186549));
#1958=DIRECTION('',(0.707106781186546,0.,-0.707106781186549));
#1959=DIRECTION('',(0.,-1.,0.));
#1960=DIRECTION('',(0.,1.,0.));
#1961=DIRECTION('center_axis',(1.,0.,0.));
#1962=DIRECTION('ref_axis',(0.,0.707106781186548,-0.707106781186547));
#1963=DIRECTION('',(0.707106781186546,0.707106781186549,0.));
#1964=DIRECTION('center_axis',(-1.,0.,0.));
#1965=DIRECTION('ref_axis',(0.,0.707106781186548,-0.707106781186547));
#1966=DIRECTION('center_axis',(1.,0.,0.));
#1967=DIRECTION('ref_axis',(0.,0.707106781186548,-0.707106781186547));
#1968=DIRECTION('center_axis',(-0.707106781186546,0.707106781186549,0.));
#1969=DIRECTION('ref_axis',(0.,0.,1.));
#1970=DIRECTION('',(-0.707106781186549,-0.707106781186546,0.));
#1971=DIRECTION('',(0.,0.,-1.));
#1972=DIRECTION('',(0.,0.,1.));
#1973=DIRECTION('center_axis',(0.,-1.,0.));
#1974=DIRECTION('ref_axis',(-1.,0.,0.));
#1975=DIRECTION('',(-1.,0.,0.));
#1976=DIRECTION('',(0.,0.,1.));
#1977=DIRECTION('',(1.,0.,0.));
#1978=DIRECTION('center_axis',(-1.,0.,0.));
#1979=DIRECTION('ref_axis',(0.,-0.707106781186548,-0.707106781186547));
#1980=DIRECTION('',(1.,0.,0.));
#1981=DIRECTION('center_axis',(-1.,0.,0.));
#1982=DIRECTION('ref_axis',(0.,-0.707106781186548,-0.707106781186547));
#1983=DIRECTION('center_axis',(0.,0.,-1.));
#1984=DIRECTION('ref_axis',(-1.,0.,0.));
#1985=DIRECTION('',(-1.,0.,0.));
#1986=DIRECTION('',(0.,-1.,0.));
#1987=DIRECTION('center_axis',(1.,0.,0.));
#1988=DIRECTION('ref_axis',(0.,0.707106781186548,-0.707106781186547));
#1989=DIRECTION('',(1.,0.,0.));
#1990=DIRECTION('center_axis',(-1.,0.,0.));
#1991=DIRECTION('ref_axis',(0.,0.707106781186548,-0.707106781186547));
#1992=DIRECTION('center_axis',(0.,1.,0.));
#1993=DIRECTION('ref_axis',(1.,0.,0.));
#1994=DIRECTION('',(-1.,0.,0.));
#1995=DIRECTION('',(0.,0.,-1.));
#1996=DIRECTION('center_axis',(-0.707106781186548,-0.707106781186548,0.));
#1997=DIRECTION('ref_axis',(0.,0.,1.));
#1998=DIRECTION('',(0.707106781186548,-0.707106781186548,0.));
#1999=DIRECTION('',(0.,0.,-1.));
#2000=DIRECTION('',(0.707106781186547,-0.707106781186547,0.));
#2001=DIRECTION('',(0.,0.,1.));
#2002=DIRECTION('center_axis',(1.,0.,0.));
#2003=DIRECTION('ref_axis',(0.,-0.707106781186548,-0.707106781186547));
#2004=DIRECTION('',(0.707106781186547,0.,-0.707106781186548));
#2005=DIRECTION('center_axis',(-1.,0.,0.));
#2006=DIRECTION('ref_axis',(0.,-0.707106781186548,-0.707106781186547));
#2007=DIRECTION('center_axis',(1.,0.,0.));
#2008=DIRECTION('ref_axis',(0.,-0.707106781186548,-0.707106781186547));
#2009=DIRECTION('center_axis',(-0.707106781186549,0.,-0.707106781186546));
#2010=DIRECTION('ref_axis',(-0.707106781186546,0.,0.707106781186549));
#2011=DIRECTION('',(0.707106781186546,0.,-0.707106781186549));
#2012=DIRECTION('',(0.,-1.,0.));
#2013=DIRECTION('',(0.,1.,0.));
#2014=DIRECTION('center_axis',(1.,0.,0.));
#2015=DIRECTION('ref_axis',(0.,0.707106781186548,-0.707106781186547));
#2016=DIRECTION('',(0.707106781186546,0.707106781186549,0.));
#2017=DIRECTION('center_axis',(-1.,0.,0.));
#2018=DIRECTION('ref_axis',(0.,0.707106781186548,-0.707106781186547));
#2019=DIRECTION('center_axis',(1.,0.,0.));
#2020=DIRECTION('ref_axis',(0.,0.707106781186548,-0.707106781186547));
#2021=DIRECTION('center_axis',(-0.707106781186546,0.707106781186549,0.));
#2022=DIRECTION('ref_axis',(0.,0.,1.));
#2023=DIRECTION('',(-0.577350269189627,-0.577350269189625,-0.577350269189625));
#2024=DIRECTION('',(0.,0.,-1.));
#2025=DIRECTION('center_axis',(-1.,0.,0.));
#2026=DIRECTION('ref_axis',(0.,-1.,0.));
#2027=DIRECTION('',(0.,0.707106781186548,0.707106781186547));
#2028=DIRECTION('',(0.,-1.,0.));
#2029=DIRECTION('',(0.,0.,1.));
#2030=DIRECTION('',(0.,-1.,0.));
#2031=DIRECTION('',(0.,0.,1.));
#2032=DIRECTION('',(0.,-1.,0.));
#2033=DIRECTION('center_axis',(-1.,0.,0.));
#2034=DIRECTION('ref_axis',(0.,1.,0.));
#2035=DIRECTION('',(0.,-1.,0.));
#2036=DIRECTION('',(0.,0.988904253734145,0.148554289559449));
#2037=DIRECTION('',(0.,0.707106781186548,0.707106781186547));
#2038=DIRECTION('center_axis',(1.,0.,0.));
#2039=DIRECTION('ref_axis',(0.,1.,0.));
#2040=DIRECTION('center_axis',(1.,0.,0.));
#2041=DIRECTION('ref_axis',(0.,0.707106781186548,-0.707106781186547));
#2042=DIRECTION('',(1.,0.,0.));
#2043=DIRECTION('center_axis',(-1.,0.,0.));
#2044=DIRECTION('ref_axis',(0.,0.707106781186548,-0.707106781186547));
#2045=DIRECTION('',(-1.,0.,0.));
#2046=DIRECTION('center_axis',(0.,0.,-1.));
#2047=DIRECTION('ref_axis',(-1.,0.,0.));
#2048=DIRECTION('',(0.,-1.,0.));
#2049=DIRECTION('',(1.,0.,0.));
#2050=DIRECTION('center_axis',(1.,0.,0.));
#2051=DIRECTION('ref_axis',(0.,-1.,0.));
#2052=DIRECTION('',(0.,0.,-1.));
#2053=DIRECTION('',(0.,-0.707106781186548,-0.707106781186547));
#2054=DIRECTION('',(0.,-0.988904253734145,-0.148554289559449));
#2055=DIRECTION('',(0.,1.,0.));
#2056=DIRECTION('',(0.,0.,-1.));
#2057=DIRECTION('center_axis',(-1.,0.,0.));
#2058=DIRECTION('ref_axis',(0.,-0.707106781186548,-0.707106781186547));
#2059=DIRECTION('center_axis',(-1.,0.,0.));
#2060=DIRECTION('ref_axis',(0.,1.,0.));
#2061=DIRECTION('center_axis',(1.,0.,0.));
#2062=DIRECTION('ref_axis',(0.,-1.,0.));
#2063=DIRECTION('',(0.,1.,0.));
#2064=DIRECTION('',(0.,-0.988904253734145,0.148554289559449));
#2065=DIRECTION('',(0.,-0.707106781186548,0.707106781186547));
#2066=DIRECTION('center_axis',(-1.,0.,0.));
#2067=DIRECTION('ref_axis',(0.,1.,0.));
#2068=DIRECTION('center_axis',(-1.,0.,0.));
#2069=DIRECTION('ref_axis',(0.,-0.707106781186548,-0.707106781186547));
#2070=DIRECTION('',(-1.,0.,0.));
#2071=DIRECTION('center_axis',(1.,0.,0.));
#2072=DIRECTION('ref_axis',(0.,-0.707106781186548,-0.707106781186547));
#2073=DIRECTION('',(1.,0.,0.));
#2074=DIRECTION('center_axis',(-1.,0.,0.));
#2075=DIRECTION('ref_axis',(0.,1.,0.));
#2076=DIRECTION('',(0.,0.,-1.));
#2077=DIRECTION('',(0.,0.707106781186548,-0.707106781186547));
#2078=DIRECTION('',(0.,0.988904253734145,-0.148554289559449));
#2079=DIRECTION('',(0.,-1.,0.));
#2080=DIRECTION('',(0.,0.,-1.));
#2081=DIRECTION('center_axis',(1.,0.,0.));
#2082=DIRECTION('ref_axis',(0.,0.707106781186548,-0.707106781186547));
#2083=DIRECTION('',(0.,1.,0.));
#2084=DIRECTION('center_axis',(1.,0.,0.));
#2085=DIRECTION('ref_axis',(0.,1.,0.));
#2086=DIRECTION('center_axis',(0.,-1.,0.));
#2087=DIRECTION('ref_axis',(-1.,0.,0.));
#2088=DIRECTION('',(1.,0.,0.));
#2089=DIRECTION('center_axis',(0.,-0.148554289559449,-0.988904253734146));
#2090=DIRECTION('ref_axis',(-1.,0.,0.));
#2091=DIRECTION('',(0.,0.988904253734145,-0.148554289559449));
#2092=DIRECTION('',(1.,0.,0.));
#2093=DIRECTION('',(-1.,0.,0.));
#2094=DIRECTION('center_axis',(0.,-0.707106781186547,-0.707106781186548));
#2095=DIRECTION('ref_axis',(-1.,0.,0.));
#2096=DIRECTION('',(1.,0.,0.));
#2097=DIRECTION('',(0.,0.707106781186548,-0.707106781186547));
#2098=DIRECTION('',(-1.,0.,0.));
#2099=DIRECTION('',(0.,-0.707106781186548,0.707106781186547));
#2100=DIRECTION('',(1.,0.,0.));
#2101=DIRECTION('',(0.,0.707106781186548,-0.707106781186547));
#2102=DIRECTION('center_axis',(0.,-0.148554289559449,-0.988904253734146));
#2103=DIRECTION('ref_axis',(-1.,0.,0.));
#2104=DIRECTION('',(0.,-0.988904253734145,0.148554289559449));
#2105=DIRECTION('',(1.,0.,0.));
#2106=DIRECTION('center_axis',(1.,0.,0.));
#2107=DIRECTION('ref_axis',(0.,1.,0.));
#2108=DIRECTION('',(0.,-1.,0.));
#2109=DIRECTION('',(0.,-0.988904253734145,-0.148554289559449));
#2110=DIRECTION('',(0.,-0.707106781186548,-0.707106781186547));
#2111=DIRECTION('',(0.,1.,0.));
#2112=DIRECTION('center_axis',(0.,0.,1.));
#2113=DIRECTION('ref_axis',(1.,0.,0.));
#2114=DIRECTION('',(0.,1.,0.));
#2115=DIRECTION('',(-1.,0.,0.));
#2116=DIRECTION('',(0.,1.,0.));
#2117=DIRECTION('',(-1.,0.,0.));
#2118=DIRECTION('',(0.,-1.,0.));
#2119=DIRECTION('',(-1.,0.,0.));
#2120=DIRECTION('',(0.,1.,0.));
#2121=DIRECTION('',(-1.,0.,0.));
#2122=DIRECTION('',(1.,0.,0.));
#2123=DIRECTION('',(-1.,0.,0.));
#2124=DIRECTION('',(0.,-1.,0.));
#2125=DIRECTION('',(1.,0.,0.));
#2126=DIRECTION('',(0.,1.,0.));
#2127=DIRECTION('',(1.,0.,0.));
#2128=DIRECTION('',(0.,-1.,0.));
#2129=DIRECTION('',(1.,0.,0.));
#2130=DIRECTION('',(-1.,0.,0.));
#2131=DIRECTION('center_axis',(0.,0.,1.));
#2132=DIRECTION('ref_axis',(-1.,0.,0.));
#2133=DIRECTION('center_axis',(0.,0.,1.));
#2134=DIRECTION('ref_axis',(-1.,0.,0.));
#2135=DIRECTION('center_axis',(0.,0.,1.));
#2136=DIRECTION('ref_axis',(-1.,0.,0.));
#2137=DIRECTION('center_axis',(0.,0.,1.));
#2138=DIRECTION('ref_axis',(-1.,0.,0.));
#2139=DIRECTION('center_axis',(0.,0.148554289559449,-0.988904253734146));
#2140=DIRECTION('ref_axis',(-1.,0.,0.));
#2141=DIRECTION('',(0.,0.988904253734145,0.148554289559449));
#2142=DIRECTION('',(1.,0.,0.));
#2143=DIRECTION('center_axis',(0.,0.148554289559449,-0.988904253734146));
#2144=DIRECTION('ref_axis',(-1.,0.,0.));
#2145=DIRECTION('',(1.,0.,0.));
#2146=DIRECTION('center_axis',(0.,0.707106781186547,-0.707106781186548));
#2147=DIRECTION('ref_axis',(-1.,0.,0.));
#2148=DIRECTION('',(0.,0.707106781186548,0.707106781186547));
#2149=DIRECTION('',(-1.,0.,0.));
#2150=DIRECTION('',(-1.,0.,0.));
#2151=DIRECTION('',(-1.,0.,0.));
#2152=DIRECTION('',(0.,-0.707106781186548,-0.707106781186547));
#2153=DIRECTION('center_axis',(0.,0.,1.));
#2154=DIRECTION('ref_axis',(1.,0.,0.));
#2155=DIRECTION('',(-1.,0.,0.));
#2156=DIRECTION('',(0.,-1.,0.));
#2157=DIRECTION('center_axis',(0.,0.,1.));
#2158=DIRECTION('ref_axis',(-1.,0.,0.));
#2159=DIRECTION('center_axis',(0.,0.,1.));
#2160=DIRECTION('ref_axis',(-1.,0.,0.));
#2161=DIRECTION('center_axis',(0.,0.,1.));
#2162=DIRECTION('ref_axis',(-1.,0.,0.));
#2163=DIRECTION('center_axis',(0.,0.,1.));
#2164=DIRECTION('ref_axis',(-1.,0.,0.));
#2165=DIRECTION('',(0.,0.,1.));
#2166=DIRECTION('center_axis',(0.,0.,1.));
#2167=DIRECTION('ref_axis',(-1.,0.,0.));
#2168=DIRECTION('',(0.,0.,1.));
#2169=DIRECTION('center_axis',(0.,0.,-1.));
#2170=DIRECTION('ref_axis',(-1.,0.,0.));
#2171=DIRECTION('center_axis',(0.,0.,1.));
#2172=DIRECTION('ref_axis',(-1.,0.,0.));
#2173=DIRECTION('center_axis',(0.,0.,1.));
#2174=DIRECTION('ref_axis',(-1.,0.,0.));
#2175=DIRECTION('center_axis',(0.,0.,1.));
#2176=DIRECTION('ref_axis',(-1.,0.,0.));
#2177=DIRECTION('center_axis',(0.,0.,1.));
#2178=DIRECTION('ref_axis',(-1.,0.,0.));
#2179=DIRECTION('',(0.,0.,1.));
#2180=DIRECTION('center_axis',(0.,0.,1.));
#2181=DIRECTION('ref_axis',(-1.,0.,0.));
#2182=DIRECTION('',(0.,0.,1.));
#2183=DIRECTION('center_axis',(0.,0.,-1.));
#2184=DIRECTION('ref_axis',(-1.,0.,0.));
#2185=DIRECTION('center_axis',(0.,0.,1.));
#2186=DIRECTION('ref_axis',(-1.,0.,0.));
#2187=DIRECTION('center_axis',(0.,0.,1.));
#2188=DIRECTION('ref_axis',(-1.,0.,0.));
#2189=DIRECTION('center_axis',(0.,0.,1.));
#2190=DIRECTION('ref_axis',(-1.,0.,0.));
#2191=DIRECTION('center_axis',(0.,0.,1.));
#2192=DIRECTION('ref_axis',(-1.,0.,0.));
#2193=DIRECTION('',(0.,0.,1.));
#2194=DIRECTION('center_axis',(0.,0.,1.));
#2195=DIRECTION('ref_axis',(-1.,0.,0.));
#2196=DIRECTION('',(0.,0.,1.));
#2197=DIRECTION('center_axis',(0.,0.,-1.));
#2198=DIRECTION('ref_axis',(-1.,0.,0.));
#2199=DIRECTION('center_axis',(0.,0.,1.));
#2200=DIRECTION('ref_axis',(-1.,0.,0.));
#2201=DIRECTION('center_axis',(0.,0.,1.));
#2202=DIRECTION('ref_axis',(-1.,0.,0.));
#2203=DIRECTION('center_axis',(0.,0.,1.));
#2204=DIRECTION('ref_axis',(-1.,0.,0.));
#2205=DIRECTION('center_axis',(0.,0.,1.));
#2206=DIRECTION('ref_axis',(-1.,0.,0.));
#2207=DIRECTION('',(0.,0.,1.));
#2208=DIRECTION('center_axis',(0.,0.,1.));
#2209=DIRECTION('ref_axis',(-1.,0.,0.));
#2210=DIRECTION('',(0.,0.,1.));
#2211=DIRECTION('center_axis',(0.,0.,-1.));
#2212=DIRECTION('ref_axis',(-1.,0.,0.));
#2213=DIRECTION('center_axis',(-1.,0.,0.));
#2214=DIRECTION('ref_axis',(0.,1.,0.));
#2215=DIRECTION('',(0.707106781186548,0.707106781186548,-8.65956056235493E-17));
#2216=DIRECTION('center_axis',(-1.,0.,0.));
#2217=DIRECTION('ref_axis',(0.,1.,0.));
#2218=DIRECTION('center_axis',(1.,0.,0.));
#2219=DIRECTION('ref_axis',(0.,0.,-1.));
#2220=DIRECTION('center_axis',(-1.,0.,0.));
#2221=DIRECTION('ref_axis',(0.,1.,0.));
#2222=DIRECTION('',(0.707106781186548,0.707106781186548,-8.65956056235493E-17));
#2223=DIRECTION('center_axis',(-1.,0.,0.));
#2224=DIRECTION('ref_axis',(0.,1.,0.));
#2225=DIRECTION('center_axis',(1.,0.,0.));
#2226=DIRECTION('ref_axis',(0.,0.,-1.));
#2227=DIRECTION('center_axis',(1.,0.,0.));
#2228=DIRECTION('ref_axis',(0.,1.,0.));
#2229=DIRECTION('center_axis',(1.,0.,0.));
#2230=DIRECTION('ref_axis',(0.,1.,0.));
#2231=DIRECTION('',(0.707106781186548,-0.707106781186548,8.65956056235493E-17));
#2232=DIRECTION('center_axis',(1.,0.,0.));
#2233=DIRECTION('ref_axis',(0.,0.,-1.));
#2234=DIRECTION('center_axis',(1.,0.,0.));
#2235=DIRECTION('ref_axis',(0.,1.,0.));
#2236=DIRECTION('center_axis',(1.,0.,0.));
#2237=DIRECTION('ref_axis',(0.,1.,0.));
#2238=DIRECTION('',(0.707106781186548,-0.707106781186548,8.65956056235493E-17));
#2239=DIRECTION('center_axis',(1.,0.,0.));
#2240=DIRECTION('ref_axis',(0.,0.,-1.));
#2241=DIRECTION('center_axis',(1.,0.,0.));
#2242=DIRECTION('ref_axis',(0.,0.707106781186548,-0.707106781186547));
#2243=DIRECTION('',(-1.,0.,0.));
#2244=DIRECTION('',(1.,0.,0.));
#2245=DIRECTION('center_axis',(0.,1.,0.));
#2246=DIRECTION('ref_axis',(1.,0.,0.));
#2247=DIRECTION('center_axis',(-1.,0.,0.));
#2248=DIRECTION('ref_axis',(0.,-0.707106781186548,-0.707106781186547));
#2249=DIRECTION('',(-1.,0.,0.));
#2250=DIRECTION('center_axis',(0.,-1.,0.));
#2251=DIRECTION('ref_axis',(-1.,0.,0.));
#2252=DIRECTION('center_axis',(0.,1.,0.));
#2253=DIRECTION('ref_axis',(1.,0.,0.));
#2254=DIRECTION('center_axis',(1.,0.,0.));
#2255=DIRECTION('ref_axis',(0.,1.,0.));
#2256=DIRECTION('',(0.,1.,0.));
#2257=DIRECTION('',(0.,0.,1.));
#2258=DIRECTION('',(0.,1.,0.));
#2259=DIRECTION('',(0.,0.,1.));
#2260=DIRECTION('center_axis',(0.,0.,1.));
#2261=DIRECTION('ref_axis',(1.,0.,0.));
#2262=DIRECTION('',(1.,0.,0.));
#2263=DIRECTION('center_axis',(0.,0.,-1.));
#2264=DIRECTION('ref_axis',(-1.,0.,0.));
#2265=DIRECTION('center_axis',(1.,0.,0.));
#2266=DIRECTION('ref_axis',(0.,1.,0.));
#2267=DIRECTION('',(0.,0.,1.));
#2268=DIRECTION('',(0.,1.,0.));
#2269=DIRECTION('',(0.,0.,1.));
#2270=DIRECTION('center_axis',(0.,-1.,0.));
#2271=DIRECTION('ref_axis',(1.,0.,0.));
#2272=DIRECTION('',(1.,0.,0.));
#2273=DIRECTION('',(0.,0.,1.));
#2274=DIRECTION('center_axis',(-1.,0.,0.));
#2275=DIRECTION('ref_axis',(0.,-1.,0.));
#2276=DIRECTION('',(0.,-1.,0.));
#2277=DIRECTION('',(0.,0.,1.));
#2278=DIRECTION('center_axis',(0.,-1.,0.));
#2279=DIRECTION('ref_axis',(1.,0.,0.));
#2280=DIRECTION('',(1.,0.,0.));
#2281=DIRECTION('center_axis',(0.,1.,0.));
#2282=DIRECTION('ref_axis',(-1.,0.,0.));
#2283=DIRECTION('',(-1.,0.,0.));
#2284=DIRECTION('',(0.,0.,1.));
#2285=DIRECTION('center_axis',(-1.,0.,0.));
#2286=DIRECTION('ref_axis',(0.,-1.,0.));
#2287=DIRECTION('',(0.,-1.,0.));
#2288=DIRECTION('',(0.,0.,1.));
#2289=DIRECTION('center_axis',(0.,-1.,0.));
#2290=DIRECTION('ref_axis',(1.,0.,0.));
#2291=DIRECTION('',(1.,0.,0.));
#2292=DIRECTION('center_axis',(0.,1.,0.));
#2293=DIRECTION('ref_axis',(-1.,0.,0.));
#2294=DIRECTION('',(-1.,0.,0.));
#2295=DIRECTION('',(0.,0.,1.));
#2296=DIRECTION('center_axis',(-1.,0.,0.));
#2297=DIRECTION('ref_axis',(0.,-1.,0.));
#2298=DIRECTION('',(0.,-1.,0.));
#2299=DIRECTION('',(0.,0.,1.));
#2300=DIRECTION('center_axis',(0.,1.,0.));
#2301=DIRECTION('ref_axis',(-1.,0.,0.));
#2302=DIRECTION('',(-1.,0.,0.));
#2303=DIRECTION('',(0.,0.,1.));
#2304=DIRECTION('center_axis',(1.,0.,0.));
#2305=DIRECTION('ref_axis',(0.,1.,0.));
#2306=DIRECTION('',(0.,1.,0.));
#2307=DIRECTION('',(0.,0.,1.));
#2308=DIRECTION('center_axis',(0.,1.,0.));
#2309=DIRECTION('ref_axis',(-1.,0.,0.));
#2310=DIRECTION('',(-1.,0.,0.));
#2311=DIRECTION('center_axis',(0.,-1.,0.));
#2312=DIRECTION('ref_axis',(1.,0.,0.));
#2313=DIRECTION('',(1.,0.,0.));
#2314=DIRECTION('center_axis',(-1.,0.,0.));
#2315=DIRECTION('ref_axis',(0.,-1.,0.));
#2316=DIRECTION('',(0.,-1.,0.));
#2317=DIRECTION('center_axis',(0.,0.,1.));
#2318=DIRECTION('ref_axis',(1.,0.,0.));
#2319=CARTESIAN_POINT('',(0.,0.,0.));
#2320=CARTESIAN_POINT('Origin',(-53.35,45.2,12.15));
#2321=CARTESIAN_POINT('',(-51.85,46.7,12.15));
#2322=CARTESIAN_POINT('',(-54.85,43.7,12.15));
#2323=CARTESIAN_POINT('',(-51.3124999999999,47.2375,12.15));
#2324=CARTESIAN_POINT('',(-54.85,43.7,9.15));
#2325=CARTESIAN_POINT('',(-54.85,43.7,12.15));
#2326=CARTESIAN_POINT('',(-51.85,46.7,9.15));
#2327=CARTESIAN_POINT('',(-54.85,43.7,9.15));
#2328=CARTESIAN_POINT('',(-51.85,46.7,12.15));
#2329=CARTESIAN_POINT('Origin',(-53.35,48.7,9.15));
#2330=CARTESIAN_POINT('',(-54.85,48.7,4.15));
#2331=CARTESIAN_POINT('Origin',(-54.85,48.7,9.15));
#2332=CARTESIAN_POINT('',(-51.85,48.7,7.15));
#2333=CARTESIAN_POINT('',(-54.85,48.7,4.15));
#2334=CARTESIAN_POINT('Origin',(-51.85,48.7,9.15));
#2335=CARTESIAN_POINT('Origin',(-53.35,-50.525,5.65));
#2336=CARTESIAN_POINT('',(-54.85,52.7,4.15));
#2337=CARTESIAN_POINT('',(-54.85,-50.525,4.15));
#2338=CARTESIAN_POINT('',(-51.85,52.7,7.15));
#2339=CARTESIAN_POINT('',(-54.85,52.7,4.15));
#2340=CARTESIAN_POINT('',(-51.85,-50.525,7.15));
#2341=CARTESIAN_POINT('Origin',(-53.35,52.7,9.15));
#2342=CARTESIAN_POINT('',(-51.85,54.6938987974744,8.99389879747444));
#2343=CARTESIAN_POINT('',(-52.,54.85,9.15));
#2344=CARTESIAN_POINT('Ctrl Pts',(-51.85,54.6938987974744,8.99389879747441));
#2345=CARTESIAN_POINT('Ctrl Pts',(-51.9191282926675,54.7691282926675,9.06912829266751));
#2346=CARTESIAN_POINT('Ctrl Pts',(-52.0000000000001,54.8500000000001,9.15000000000009));
#2347=CARTESIAN_POINT('Origin',(-51.85,52.7,9.15));
#2348=CARTESIAN_POINT('',(-54.85,57.7,9.15));
#2349=CARTESIAN_POINT('Origin',(-54.85,52.7,9.15));
#2350=CARTESIAN_POINT('',(-54.85,57.7,9.15));
#2351=CARTESIAN_POINT('Origin',(-53.35,56.2,12.15));
#2352=CARTESIAN_POINT('',(-54.85,57.7,12.));
#2353=CARTESIAN_POINT('',(-40.4625,43.3125,-2.3875));
#2354=CARTESIAN_POINT('',(-54.85,57.7,12.15));
#2355=CARTESIAN_POINT('Origin',(51.85,57.7,12.15));
#2356=CARTESIAN_POINT('',(-58.7,57.7,9.15));
#2357=CARTESIAN_POINT('',(-1.71250000000001,57.7,9.15));
#2358=CARTESIAN_POINT('',(-58.7,57.7,12.));
#2359=CARTESIAN_POINT('',(-58.7,57.7,12.15));
#2360=CARTESIAN_POINT('',(41.3875,57.7,12.));
#2361=CARTESIAN_POINT('Origin',(-1.71250000000001,52.7,9.15));
#2362=CARTESIAN_POINT('',(-58.7,52.7,4.15));
#2363=CARTESIAN_POINT('',(-1.71250000000001,52.7,4.15));
#2364=CARTESIAN_POINT('Origin',(-58.7,52.7,9.15));
#2365=CARTESIAN_POINT('Origin',(-55.275,-51.2,4.15));
#2366=CARTESIAN_POINT('',(-58.7,48.7,4.15));
#2367=CARTESIAN_POINT('',(-53.5625,48.7,4.15));
#2368=CARTESIAN_POINT('',(-58.7,43.7,4.15));
#2369=CARTESIAN_POINT('Origin',(-53.5625,48.7,9.15));
#2370=CARTESIAN_POINT('',(-58.7,43.7,9.15));
#2371=CARTESIAN_POINT('',(-53.5625,43.7,9.15));
#2372=CARTESIAN_POINT('Origin',(-58.7,48.7,9.15));
#2373=CARTESIAN_POINT('Origin',(-51.85,43.7,12.15));
#2374=CARTESIAN_POINT('',(-58.7,43.7,12.15));
#2375=CARTESIAN_POINT('',(-25.925,43.7,12.15));
#2376=CARTESIAN_POINT('',(-58.7,43.7,12.15));
#2377=CARTESIAN_POINT('Origin',(-53.35,-45.2,12.15));
#2378=CARTESIAN_POINT('',(-54.85,-43.7,12.15));
#2379=CARTESIAN_POINT('',(-51.85,-46.7,12.15));
#2380=CARTESIAN_POINT('',(-51.3125,-47.2375,12.15));
#2381=CARTESIAN_POINT('',(-51.85,-46.7,9.15));
#2382=CARTESIAN_POINT('',(-51.85,-46.7,12.15));
#2383=CARTESIAN_POINT('',(-54.85,-43.7,9.15));
#2384=CARTESIAN_POINT('',(-51.85,-46.7,9.15));
#2385=CARTESIAN_POINT('',(-54.85,-43.7,12.15));
#2386=CARTESIAN_POINT('Origin',(-53.35,-48.7,9.15));
#2387=CARTESIAN_POINT('',(-51.85,-48.7,7.15));
#2388=CARTESIAN_POINT('',(-54.85,-48.7,4.15));
#2389=CARTESIAN_POINT('',(-51.85,-48.7,7.15));
#2390=CARTESIAN_POINT('Origin',(-54.85,-48.7,9.15));
#2391=CARTESIAN_POINT('Origin',(-51.85,-48.7,9.15));
#2392=CARTESIAN_POINT('Origin',(-53.35,-50.525,5.65));
#2393=CARTESIAN_POINT('',(-51.85,-52.7,7.15));
#2394=CARTESIAN_POINT('',(-54.85,-52.7,4.15));
#2395=CARTESIAN_POINT('',(-51.85,-52.7,7.15));
#2396=CARTESIAN_POINT('',(-54.85,-50.525,4.15));
#2397=CARTESIAN_POINT('',(-51.85,-50.525,7.15));
#2398=CARTESIAN_POINT('Origin',(-53.35,-52.7,9.15));
#2399=CARTESIAN_POINT('',(-51.85,-54.6938987974745,8.99389879747445));
#2400=CARTESIAN_POINT('',(-52.,-54.85,9.15));
#2401=CARTESIAN_POINT('Ctrl Pts',(-52.,-54.85,9.15000000000001));
#2402=CARTESIAN_POINT('Ctrl Pts',(-51.9191282926675,-54.7691282926675,9.06912829266748));
#2403=CARTESIAN_POINT('Ctrl Pts',(-51.85,-54.6938987974744,8.99389879747442));
#2404=CARTESIAN_POINT('',(-54.85,-57.7,9.15));
#2405=CARTESIAN_POINT('',(-51.85,-54.7,9.15));
#2406=CARTESIAN_POINT('Origin',(-54.85,-52.7,9.15));
#2407=CARTESIAN_POINT('Origin',(-51.85,-52.7,9.15));
#2408=CARTESIAN_POINT('Origin',(-53.35,-56.2,12.15));
#2409=CARTESIAN_POINT('',(-54.85,-57.7,12.));
#2410=CARTESIAN_POINT('',(-50.7708333333333,-53.6208333333333,7.92083333333333));
#2411=CARTESIAN_POINT('',(-54.85,-57.7,12.15));
#2412=CARTESIAN_POINT('Origin',(-51.85,-49.85,12.15));
#2413=CARTESIAN_POINT('',(-51.85,-57.85,12.15));
#2414=CARTESIAN_POINT('',(-51.85,-56.35,10.65));
#2415=CARTESIAN_POINT('',(-51.85,-4.00000000000002,12.15));
#2416=CARTESIAN_POINT('',(-51.85,-51.85,12.15));
#2417=CARTESIAN_POINT('',(-51.85,-4.00000000000002,14.15));
#2418=CARTESIAN_POINT('',(-51.85,-4.00000000000002,12.15));
#2419=CARTESIAN_POINT('',(-51.85,-49.85,14.15));
#2420=CARTESIAN_POINT('',(-51.85,-51.85,14.15));
#2421=CARTESIAN_POINT('',(-51.85,-49.85,12.15));
#2422=CARTESIAN_POINT('',(-51.85,-49.85,12.15));
#2423=CARTESIAN_POINT('',(-51.85,-21.85,12.15));
#2424=CARTESIAN_POINT('Origin',(53.35,-56.2,12.15));
#2425=CARTESIAN_POINT('',(52.,-54.85,9.15));
#2426=CARTESIAN_POINT('',(54.85,-57.7,12.));
#2427=CARTESIAN_POINT('',(40.4625,-43.3125,-2.38749999999997));
#2428=CARTESIAN_POINT('',(54.85,-57.7,9.15));
#2429=CARTESIAN_POINT('',(51.85,-54.7,9.15));
#2430=CARTESIAN_POINT('',(54.85,-57.7,12.15));
#2431=CARTESIAN_POINT('Origin',(53.35,-52.7,9.15));
#2432=CARTESIAN_POINT('',(51.85,-54.6938987974745,8.99389879747445));
#2433=CARTESIAN_POINT('Ctrl Pts',(51.8499999999999,-54.6938987974744,8.9938987974744));
#2434=CARTESIAN_POINT('Ctrl Pts',(51.9191282926675,-54.7691282926675,9.06912829266751));
#2435=CARTESIAN_POINT('Ctrl Pts',(52.0000000000001,-54.8500000000001,9.15000000000011));
#2436=CARTESIAN_POINT('',(51.85,-52.7,7.15));
#2437=CARTESIAN_POINT('Origin',(51.85,-52.7,9.15));
#2438=CARTESIAN_POINT('',(54.85,-52.7,4.15));
#2439=CARTESIAN_POINT('',(51.85,-52.7,7.15));
#2440=CARTESIAN_POINT('Origin',(54.85,-52.7,9.15));
#2441=CARTESIAN_POINT('Origin',(53.35,-27.6,5.65));
#2442=CARTESIAN_POINT('',(51.85,-48.7,7.15));
#2443=CARTESIAN_POINT('',(54.85,-48.7,4.15));
#2444=CARTESIAN_POINT('',(51.85,-48.7,7.15));
#2445=CARTESIAN_POINT('',(54.85,-27.6,4.15));
#2446=CARTESIAN_POINT('',(51.85,-27.6,7.15));
#2447=CARTESIAN_POINT('Origin',(53.35,-48.7,9.15));
#2448=CARTESIAN_POINT('',(51.85,-46.7,9.15));
#2449=CARTESIAN_POINT('',(54.85,-43.7,9.15));
#2450=CARTESIAN_POINT('',(51.85,-46.7,9.15));
#2451=CARTESIAN_POINT('Origin',(54.85,-48.7,9.15));
#2452=CARTESIAN_POINT('Origin',(51.85,-48.7,9.15));
#2453=CARTESIAN_POINT('Origin',(53.35,-45.2,12.15));
#2454=CARTESIAN_POINT('',(51.85,-46.7,12.15));
#2455=CARTESIAN_POINT('',(54.85,-43.7,12.15));
#2456=CARTESIAN_POINT('',(51.3125,-47.2375000000001,12.15));
#2457=CARTESIAN_POINT('',(54.85,-43.7,12.15));
#2458=CARTESIAN_POINT('',(51.85,-46.7,12.15));
#2459=CARTESIAN_POINT('Origin',(-51.85,-57.7,12.15));
#2460=CARTESIAN_POINT('',(58.7,-57.7,9.15));
#2461=CARTESIAN_POINT('',(-53.5625,-57.7,9.15));
#2462=CARTESIAN_POINT('',(58.7,-57.7,12.));
#2463=CARTESIAN_POINT('',(58.7,-57.7,12.15));
#2464=CARTESIAN_POINT('',(-41.3875,-57.7,12.));
#2465=CARTESIAN_POINT('Origin',(-53.5625,-52.7,9.15));
#2466=CARTESIAN_POINT('',(58.7,-52.7,4.15));
#2467=CARTESIAN_POINT('',(-53.5625,-52.7,4.15));
#2468=CARTESIAN_POINT('Origin',(58.7,-52.7,9.15));
#2469=CARTESIAN_POINT('Origin',(-55.275,-51.2,4.15));
#2470=CARTESIAN_POINT('',(58.7,-48.7,4.15));
#2471=CARTESIAN_POINT('',(53.5625,-48.7,4.15));
#2472=CARTESIAN_POINT('',(58.7,-47.45,4.15));
#2473=CARTESIAN_POINT('Origin',(53.5625,-48.7,9.15));
#2474=CARTESIAN_POINT('',(58.7,-43.7,9.15));
#2475=CARTESIAN_POINT('',(53.5625,-43.7,9.15));
#2476=CARTESIAN_POINT('Origin',(58.7,-48.7,9.15));
#2477=CARTESIAN_POINT('Origin',(51.85,-43.7,12.15));
#2478=CARTESIAN_POINT('',(58.7,-43.7,12.15));
#2479=CARTESIAN_POINT('',(25.925,-43.7,12.15));
#2480=CARTESIAN_POINT('',(58.7,-43.7,12.15));
#2481=CARTESIAN_POINT('Origin',(53.35,45.2,12.15));
#2482=CARTESIAN_POINT('',(54.85,43.7,12.15));
#2483=CARTESIAN_POINT('',(51.85,46.7,12.15));
#2484=CARTESIAN_POINT('',(51.3125,47.2375,12.15));
#2485=CARTESIAN_POINT('',(51.85,46.7,9.15));
#2486=CARTESIAN_POINT('',(51.85,46.7,12.15));
#2487=CARTESIAN_POINT('',(54.85,43.7,9.15));
#2488=CARTESIAN_POINT('',(51.85,46.7,9.15));
#2489=CARTESIAN_POINT('',(54.85,43.7,12.15));
#2490=CARTESIAN_POINT('Origin',(53.35,48.7,9.15));
#2491=CARTESIAN_POINT('',(51.85,48.7,7.15));
#2492=CARTESIAN_POINT('',(54.85,48.7,4.15));
#2493=CARTESIAN_POINT('',(51.85,48.7,7.15));
#2494=CARTESIAN_POINT('Origin',(54.85,48.7,9.15));
#2495=CARTESIAN_POINT('Origin',(51.85,48.7,9.15));
#2496=CARTESIAN_POINT('Origin',(53.35,-27.6,5.65));
#2497=CARTESIAN_POINT('',(51.85,52.7,7.15));
#2498=CARTESIAN_POINT('',(54.85,52.7,4.15));
#2499=CARTESIAN_POINT('',(51.85,52.7,7.15));
#2500=CARTESIAN_POINT('',(54.85,-27.6,4.15));
#2501=CARTESIAN_POINT('',(51.85,-27.6,7.15));
#2502=CARTESIAN_POINT('Origin',(53.35,52.7,9.15));
#2503=CARTESIAN_POINT('',(51.85,54.6938987974744,8.99389879747444));
#2504=CARTESIAN_POINT('',(52.,54.85,9.15));
#2505=CARTESIAN_POINT('Ctrl Pts',(52.,54.85,9.15000000000001));
#2506=CARTESIAN_POINT('Ctrl Pts',(51.9191282926675,54.7691282926674,9.06912829266749));
#2507=CARTESIAN_POINT('Ctrl Pts',(51.85,54.6938987974744,8.99389879747444));
#2508=CARTESIAN_POINT('',(54.85,57.7,9.15));
#2509=CARTESIAN_POINT('',(51.85,54.7,9.15));
#2510=CARTESIAN_POINT('Origin',(54.85,52.7,9.15));
#2511=CARTESIAN_POINT('Origin',(51.85,52.7,9.15));
#2512=CARTESIAN_POINT('Origin',(53.35,56.2,12.15));
#2513=CARTESIAN_POINT('',(54.85,57.7,12.));
#2514=CARTESIAN_POINT('',(50.7708333333333,53.6208333333333,7.92083333333332));
#2515=CARTESIAN_POINT('',(54.85,57.7,12.15));
#2516=CARTESIAN_POINT('Origin',(51.85,-4.00000000000003,12.15));
#2517=CARTESIAN_POINT('',(51.85,57.85,12.15));
#2518=CARTESIAN_POINT('',(51.85,42.8875,-2.81250000000001));
#2519=CARTESIAN_POINT('',(51.85,3.99999999999998,12.15));
#2520=CARTESIAN_POINT('',(51.85,51.85,12.15));
#2521=CARTESIAN_POINT('',(51.85,3.99999999999998,14.15));
#2522=CARTESIAN_POINT('',(51.85,3.99999999999998,12.15));
#2523=CARTESIAN_POINT('',(51.85,49.85,14.15));
#2524=CARTESIAN_POINT('',(51.85,51.85,14.15));
#2525=CARTESIAN_POINT('',(51.85,49.85,12.15));
#2526=CARTESIAN_POINT('',(51.85,49.85,12.15));
#2527=CARTESIAN_POINT('',(51.85,21.85,12.15));
#2528=CARTESIAN_POINT('Origin',(-58.7,-58.7,12.15));
#2529=CARTESIAN_POINT('',(-58.7,53.85,12.15));
#2530=CARTESIAN_POINT('',(-58.7,21.85,12.15));
#2531=CARTESIAN_POINT('',(-58.7,58.5571067811865,12.8571067811865));
#2532=CARTESIAN_POINT('',(-58.7,50.0637737083002,11.5812289033535));
#2533=CARTESIAN_POINT('',(-58.7,54.8125,9.1125));
#2534=CARTESIAN_POINT('',(-58.7,51.45,7.00000010430812));
#2535=CARTESIAN_POINT('Origin',(-58.7,53.85,7.00000010430812));
#2536=CARTESIAN_POINT('Origin',(-1.71250000000001,52.7,9.15));
#2537=CARTESIAN_POINT('',(58.7,57.7,9.15));
#2538=CARTESIAN_POINT('',(-1.71250000000001,57.7,9.15));
#2539=CARTESIAN_POINT('',(58.7,52.7,4.15));
#2540=CARTESIAN_POINT('Origin',(58.7,52.7,9.15));
#2541=CARTESIAN_POINT('',(-1.71250000000001,52.7,4.15));
#2542=CARTESIAN_POINT('Origin',(-55.275,-51.2,4.15));
#2543=CARTESIAN_POINT('',(58.7,48.7,4.15));
#2544=CARTESIAN_POINT('',(58.7,43.7,4.15));
#2545=CARTESIAN_POINT('',(56.9875,48.7,4.15));
#2546=CARTESIAN_POINT('Origin',(58.7,-43.7,12.15));
#2547=CARTESIAN_POINT('',(58.7,57.7,12.));
#2548=CARTESIAN_POINT('',(58.7,57.7,12.15));
#2549=CARTESIAN_POINT('',(58.7,58.5571067811865,12.8571067811865));
#2550=CARTESIAN_POINT('',(58.7,58.5625,12.8625));
#2551=CARTESIAN_POINT('',(58.7,53.85,12.15));
#2552=CARTESIAN_POINT('',(58.7,57.3982608812013,12.6830236697719));
#2553=CARTESIAN_POINT('',(58.7,43.7,12.15));
#2554=CARTESIAN_POINT('',(58.7,29.35,12.15));
#2555=CARTESIAN_POINT('',(58.7,43.7,9.15));
#2556=CARTESIAN_POINT('',(58.7,43.7,12.15));
#2557=CARTESIAN_POINT('Origin',(58.7,48.7,9.15));
#2558=CARTESIAN_POINT('',(58.7,51.45,7.00000010430812));
#2559=CARTESIAN_POINT('Origin',(58.7,53.85,7.00000010430812));
#2560=CARTESIAN_POINT('Origin',(58.7,-43.7,12.15));
#2561=CARTESIAN_POINT('',(58.7,-53.85,12.15));
#2562=CARTESIAN_POINT('',(58.7,-21.85,12.15));
#2563=CARTESIAN_POINT('',(58.7,-58.5571067811866,12.8571067811865));
#2564=CARTESIAN_POINT('',(58.7,-50.0637737083002,11.5812289033535));
#2565=CARTESIAN_POINT('',(58.7,-54.8125,9.1125));
#2566=CARTESIAN_POINT('',(58.7,-56.25,7.00000010430812));
#2567=CARTESIAN_POINT('Origin',(58.7,-53.85,7.00000010430812));
#2568=CARTESIAN_POINT('Origin',(-53.5625,-52.7,9.15));
#2569=CARTESIAN_POINT('',(-58.7,-57.7,9.15));
#2570=CARTESIAN_POINT('',(-53.5625,-57.7,9.15));
#2571=CARTESIAN_POINT('',(-58.7,-52.7,4.15));
#2572=CARTESIAN_POINT('Origin',(-58.7,-52.7,9.15));
#2573=CARTESIAN_POINT('',(-53.5625,-52.7,4.15));
#2574=CARTESIAN_POINT('Origin',(-58.7,-58.7,12.15));
#2575=CARTESIAN_POINT('',(-58.7,-57.7,12.));
#2576=CARTESIAN_POINT('',(-58.7,-57.7,12.15));
#2577=CARTESIAN_POINT('',(-58.7,-58.5571067811866,12.8571067811865));
#2578=CARTESIAN_POINT('',(-58.7,-58.5625,12.8625));
#2579=CARTESIAN_POINT('',(-58.7,-53.85,12.15));
#2580=CARTESIAN_POINT('',(-58.7,-57.3982608812014,12.6830236697719));
#2581=CARTESIAN_POINT('',(-58.7,-43.7,12.15));
#2582=CARTESIAN_POINT('',(-58.7,-29.35,12.15));
#2583=CARTESIAN_POINT('',(-58.7,-43.7,9.15));
#2584=CARTESIAN_POINT('',(-58.7,-43.7,12.15));
#2585=CARTESIAN_POINT('',(-58.7,-48.7,4.15));
#2586=CARTESIAN_POINT('Origin',(-58.7,-48.7,9.15));
#2587=CARTESIAN_POINT('',(-58.7,-43.7,4.15));
#2588=CARTESIAN_POINT('',(-58.7,-56.25,7.00000010430812));
#2589=CARTESIAN_POINT('Origin',(-58.7,-53.85,7.00000010430812));
#2590=CARTESIAN_POINT('Origin',(-51.85,-57.7,12.15));
#2591=CARTESIAN_POINT('',(-41.3875,-57.7,12.));
#2592=CARTESIAN_POINT('Origin',(-15.4625,-56.2035533905933,12.5035533905933));
#2593=CARTESIAN_POINT('',(-61.85,-58.5571067811866,12.8571067811865));
#2594=CARTESIAN_POINT('',(-61.85,-53.85,12.15));
#2595=CARTESIAN_POINT('',(-61.85,0.568636075294095,3.97517236584479));
#2596=CARTESIAN_POINT('',(-15.4625,-53.85,12.15));
#2597=CARTESIAN_POINT('',(-15.4625,-58.5571067811866,12.8571067811865));
#2598=CARTESIAN_POINT('Origin',(-30.925,-58.85,13.15));
#2599=CARTESIAN_POINT('',(51.85,-57.85,12.15));
#2600=CARTESIAN_POINT('',(-30.925,-57.85,12.15));
#2601=CARTESIAN_POINT('',(51.85,-44.8875,-0.8125));
#2602=CARTESIAN_POINT('',(61.85,-58.5571067811866,12.8571067811866));
#2603=CARTESIAN_POINT('',(-15.4625,-58.5571067811866,12.8571067811865));
#2604=CARTESIAN_POINT('',(61.85,-59.85,14.15));
#2605=CARTESIAN_POINT('',(61.85,-58.85,13.15));
#2606=CARTESIAN_POINT('',(-61.85,-59.85,14.15));
#2607=CARTESIAN_POINT('',(61.85,-59.85,14.15));
#2608=CARTESIAN_POINT('',(-61.85,-28.925,-16.775));
#2609=CARTESIAN_POINT('Origin',(-15.4625,-56.2035533905933,12.5035533905933));
#2610=CARTESIAN_POINT('',(61.85,-53.85,12.15));
#2611=CARTESIAN_POINT('',(61.85,-57.9605715644571,12.767494601864));
#2612=CARTESIAN_POINT('',(-15.4625,-53.85,12.15));
#2613=CARTESIAN_POINT('Origin',(61.85,-59.85,12.15));
#2614=CARTESIAN_POINT('',(61.85,53.85,12.15));
#2615=CARTESIAN_POINT('',(61.85,61.85,12.15));
#2616=CARTESIAN_POINT('',(61.85,58.5571067811865,12.8571067811865));
#2617=CARTESIAN_POINT('',(61.85,-0.568636075294131,3.97517236584479));
#2618=CARTESIAN_POINT('',(61.85,59.85,14.15));
#2619=CARTESIAN_POINT('',(61.85,28.925,-16.775));
#2620=CARTESIAN_POINT('',(61.85,61.85,14.15));
#2621=CARTESIAN_POINT('Origin',(-8.88178419700125E-15,-1.77635683940025E-14,
12.15));
#2622=CARTESIAN_POINT('',(-61.85,53.85,12.15));
#2623=CARTESIAN_POINT('',(-61.85,-61.85,12.15));
#2624=CARTESIAN_POINT('',(15.4625,53.85,12.15));
#2625=CARTESIAN_POINT('',(-51.85,3.99999999999998,12.15));
#2626=CARTESIAN_POINT('',(-51.85,58.7,12.15));
#2627=CARTESIAN_POINT('',(-4.00000000000001,3.99999999999998,12.15));
#2628=CARTESIAN_POINT('',(-11.8780001734389,3.99999999999998,12.15));
#2629=CARTESIAN_POINT('',(-4.00000000000001,19.8797701929702,12.15));
#2630=CARTESIAN_POINT('',(-4.00000000000001,19.8797701929702,12.15));
#2631=CARTESIAN_POINT('',(3.99999999999999,19.8797701929702,12.15));
#2632=CARTESIAN_POINT('',(3.99999999999999,19.8797701929702,12.15));
#2633=CARTESIAN_POINT('',(3.99999999999999,3.99999999999998,12.15));
#2634=CARTESIAN_POINT('',(3.99999999999999,19.8797701929702,12.15));
#2635=CARTESIAN_POINT('',(12.1219992334169,3.99999999999998,12.15));
#2636=CARTESIAN_POINT('',(29.35,43.7,12.15));
#2637=CARTESIAN_POINT('',(15.4625,53.85,12.15));
#2638=CARTESIAN_POINT('',(51.85,-4.00000000000002,12.15));
#2639=CARTESIAN_POINT('',(51.85,-58.7,12.15));
#2640=CARTESIAN_POINT('',(3.99999999999999,-4.00000000000002,12.15));
#2641=CARTESIAN_POINT('',(12.1219992334169,-4.00000000000002,12.15));
#2642=CARTESIAN_POINT('',(3.99999999999999,-20.1202292138856,12.15));
#2643=CARTESIAN_POINT('',(3.99999999999999,19.8797701929702,12.15));
#2644=CARTESIAN_POINT('',(-4.00000000000001,-20.1202292138856,12.15));
#2645=CARTESIAN_POINT('',(3.99999999999999,-20.1202292138856,12.15));
#2646=CARTESIAN_POINT('',(-4.00000000000001,-4.00000000000002,12.15));
#2647=CARTESIAN_POINT('',(-4.00000000000001,19.8797701929702,12.15));
#2648=CARTESIAN_POINT('',(12.1219992334169,-4.00000000000002,12.15));
#2649=CARTESIAN_POINT('',(-29.35,-43.7,12.15));
#2650=CARTESIAN_POINT('',(-57.675,-39.35,12.15));
#2651=CARTESIAN_POINT('Origin',(-59.675,-39.35,12.15));
#2652=CARTESIAN_POINT('',(61.675,39.35,12.15));
#2653=CARTESIAN_POINT('Origin',(59.675,39.35,12.15));
#2654=CARTESIAN_POINT('',(61.675,-39.35,12.15));
#2655=CARTESIAN_POINT('Origin',(59.675,-39.35,12.15));
#2656=CARTESIAN_POINT('',(-57.675,39.35,12.15));
#2657=CARTESIAN_POINT('Origin',(-59.675,39.35,12.15));
#2658=CARTESIAN_POINT('Origin',(15.4625,56.2035533905933,12.5035533905933));
#2659=CARTESIAN_POINT('',(-61.85,58.5571067811865,12.8571067811866));
#2660=CARTESIAN_POINT('',(-61.85,57.9605715644571,12.767494601864));
#2661=CARTESIAN_POINT('',(15.4625,58.5571067811865,12.8571067811865));
#2662=CARTESIAN_POINT('Origin',(15.4625,56.2035533905933,12.5035533905933));
#2663=CARTESIAN_POINT('',(15.4625,58.5571067811865,12.8571067811865));
#2664=CARTESIAN_POINT('Origin',(30.925,58.85,13.15));
#2665=CARTESIAN_POINT('',(-61.85,59.85,14.15));
#2666=CARTESIAN_POINT('',(-61.85,58.85,13.15));
#2667=CARTESIAN_POINT('',(-61.85,59.85,14.15));
#2668=CARTESIAN_POINT('',(41.3875,57.7,12.));
#2669=CARTESIAN_POINT('',(-51.85,57.85,12.15));
#2670=CARTESIAN_POINT('',(30.925,57.85,12.15));
#2671=CARTESIAN_POINT('',(-51.85,31.425,-14.275));
#2672=CARTESIAN_POINT('Origin',(-8.88178419700125E-15,-1.77635683940025E-14,
12.15));
#2673=CARTESIAN_POINT('',(51.85,-49.85,12.15));
#2674=CARTESIAN_POINT('',(51.85,-49.85,12.15));
#2675=CARTESIAN_POINT('',(51.85,-29.35,12.15));
#2676=CARTESIAN_POINT('Origin',(-59.675,39.35,13.15));
#2677=CARTESIAN_POINT('',(-57.675,39.35,13.15));
#2678=CARTESIAN_POINT('Origin',(-59.675,39.35,13.15));
#2679=CARTESIAN_POINT('',(-58.875,39.35,13.15));
#2680=CARTESIAN_POINT('Origin',(-59.675,39.35,13.15));
#2681=CARTESIAN_POINT('Origin',(-59.675,39.35,12.65));
#2682=CARTESIAN_POINT('',(-57.675,39.35,12.65));
#2683=CARTESIAN_POINT('Origin',(-59.675,39.35,18.65));
#2684=CARTESIAN_POINT('',(-58.875,39.35,14.15));
#2685=CARTESIAN_POINT('',(-58.875,39.35,18.65));
#2686=CARTESIAN_POINT('Origin',(-59.675,39.35,14.15));
#2687=CARTESIAN_POINT('Origin',(59.675,-39.35,13.15));
#2688=CARTESIAN_POINT('',(61.675,-39.35,13.15));
#2689=CARTESIAN_POINT('Origin',(59.675,-39.35,13.15));
#2690=CARTESIAN_POINT('',(60.475,-39.35,13.15));
#2691=CARTESIAN_POINT('Origin',(59.675,-39.35,13.15));
#2692=CARTESIAN_POINT('Origin',(59.675,-39.35,12.65));
#2693=CARTESIAN_POINT('',(61.675,-39.35,12.65));
#2694=CARTESIAN_POINT('Origin',(59.675,-39.35,18.65));
#2695=CARTESIAN_POINT('',(60.475,-39.35,14.15));
#2696=CARTESIAN_POINT('',(60.475,-39.35,18.65));
#2697=CARTESIAN_POINT('Origin',(59.675,-39.35,14.15));
#2698=CARTESIAN_POINT('Origin',(59.675,39.35,13.15));
#2699=CARTESIAN_POINT('',(61.675,39.35,13.15));
#2700=CARTESIAN_POINT('Origin',(59.675,39.35,13.15));
#2701=CARTESIAN_POINT('',(60.475,39.35,13.15));
#2702=CARTESIAN_POINT('Origin',(59.675,39.35,13.15));
#2703=CARTESIAN_POINT('Origin',(59.675,39.35,12.65));
#2704=CARTESIAN_POINT('',(61.675,39.35,12.65));
#2705=CARTESIAN_POINT('Origin',(59.675,39.35,18.65));
#2706=CARTESIAN_POINT('',(60.475,39.35,14.15));
#2707=CARTESIAN_POINT('',(60.475,39.35,18.65));
#2708=CARTESIAN_POINT('Origin',(59.675,39.35,14.15));
#2709=CARTESIAN_POINT('Origin',(-59.675,-39.35,13.15));
#2710=CARTESIAN_POINT('',(-57.675,-39.35,13.15));
#2711=CARTESIAN_POINT('Origin',(-59.675,-39.35,13.15));
#2712=CARTESIAN_POINT('',(-58.875,-39.35,13.15));
#2713=CARTESIAN_POINT('Origin',(-59.675,-39.35,13.15));
#2714=CARTESIAN_POINT('Origin',(-59.675,-39.35,12.65));
#2715=CARTESIAN_POINT('',(-57.675,-39.35,12.65));
#2716=CARTESIAN_POINT('Origin',(-59.675,-39.35,18.65));
#2717=CARTESIAN_POINT('',(-58.875,-39.35,14.15));
#2718=CARTESIAN_POINT('',(-58.875,-39.35,18.65));
#2719=CARTESIAN_POINT('Origin',(-59.675,-39.35,14.15));
#2720=CARTESIAN_POINT('Origin',(59.45,-53.85,7.00000010430812));
#2721=CARTESIAN_POINT('',(60.2,-54.75,7.00000010430812));
#2722=CARTESIAN_POINT('',(59.45,-55.5,7.00000010430812));
#2723=CARTESIAN_POINT('Origin',(60.2,-53.85,7.00000010430812));
#2724=CARTESIAN_POINT('Origin',(60.2,-3.10862446895044E-14,7.00000010430812));
#2725=CARTESIAN_POINT('Origin',(59.45,53.85,7.00000010430812));
#2726=CARTESIAN_POINT('',(60.2,52.95,7.00000010430812));
#2727=CARTESIAN_POINT('',(59.45,52.2,7.00000010430812));
#2728=CARTESIAN_POINT('Origin',(60.2,53.85,7.00000010430812));
#2729=CARTESIAN_POINT('Origin',(60.2,-3.10862446895044E-14,7.00000010430812));
#2730=CARTESIAN_POINT('Origin',(-59.45,-53.85,7.00000010430812));
#2731=CARTESIAN_POINT('',(-60.2,-54.75,7.00000010430812));
#2732=CARTESIAN_POINT('Origin',(-60.2,-53.85,7.00000010430812));
#2733=CARTESIAN_POINT('',(-59.45,-55.5,7.00000010430812));
#2734=CARTESIAN_POINT('Origin',(-60.2,-3.10862446895044E-14,7.00000010430812));
#2735=CARTESIAN_POINT('Origin',(-59.45,53.85,7.00000010430812));
#2736=CARTESIAN_POINT('',(-60.2,52.95,7.00000010430812));
#2737=CARTESIAN_POINT('Origin',(-60.2,53.85,7.00000010430812));
#2738=CARTESIAN_POINT('',(-59.45,52.2,7.00000010430812));
#2739=CARTESIAN_POINT('Origin',(-60.2,-3.10862446895044E-14,7.00000010430812));
#2740=CARTESIAN_POINT('Origin',(-56.9875,-48.7,9.15));
#2741=CARTESIAN_POINT('',(-56.9875,-48.7,4.15));
#2742=CARTESIAN_POINT('',(-56.9875,-43.7,9.15));
#2743=CARTESIAN_POINT('Origin',(-58.7,-43.7,12.15));
#2744=CARTESIAN_POINT('Origin',(56.9875,48.7,9.15));
#2745=CARTESIAN_POINT('',(56.9875,43.7,9.15));
#2746=CARTESIAN_POINT('Origin',(58.7,43.7,12.15));
#2747=CARTESIAN_POINT('Origin',(51.85,57.7,12.15));
#2748=CARTESIAN_POINT('Origin',(-51.85,-49.85,12.15));
#2749=CARTESIAN_POINT('',(-51.85,49.85,12.15));
#2750=CARTESIAN_POINT('',(-51.85,29.35,12.15));
#2751=CARTESIAN_POINT('',(-51.85,49.85,14.15));
#2752=CARTESIAN_POINT('',(-51.85,49.85,12.15));
#2753=CARTESIAN_POINT('',(-51.85,3.99999999999998,14.15));
#2754=CARTESIAN_POINT('',(-51.85,58.7,14.15));
#2755=CARTESIAN_POINT('',(-51.85,3.99999999999998,12.15));
#2756=CARTESIAN_POINT('Origin',(-8.88178419700125E-15,-1.77635683940025E-14,
12.15));
#2757=CARTESIAN_POINT('',(-51.85,49.85,12.15));
#2758=CARTESIAN_POINT('Origin',(-55.275,-51.2,4.15));
#2759=CARTESIAN_POINT('Origin',(3.99999999999999,-20.1202292138856,12.15));
#2760=CARTESIAN_POINT('',(3.99999999999999,-4.00000000000002,14.15));
#2761=CARTESIAN_POINT('',(3.99999999999999,-4.00000000000002,12.15));
#2762=CARTESIAN_POINT('',(3.99999999999999,-20.1202292138856,14.15));
#2763=CARTESIAN_POINT('',(3.99999999999999,19.8797701929702,14.15));
#2764=CARTESIAN_POINT('',(3.99999999999999,-20.1202292138856,12.15));
#2765=CARTESIAN_POINT('Origin',(-4.00000000000001,-20.1202292138856,12.15));
#2766=CARTESIAN_POINT('',(-4.00000000000001,-20.1202292138856,14.15));
#2767=CARTESIAN_POINT('',(3.99999999999999,-20.1202292138856,14.15));
#2768=CARTESIAN_POINT('',(-4.00000000000001,-20.1202292138856,12.15));
#2769=CARTESIAN_POINT('Origin',(-4.00000000000001,-4.00000000000002,12.15));
#2770=CARTESIAN_POINT('',(-4.00000000000001,-4.00000000000002,14.15));
#2771=CARTESIAN_POINT('',(-4.00000000000001,19.8797701929702,14.15));
#2772=CARTESIAN_POINT('',(-4.00000000000001,-4.00000000000002,12.15));
#2773=CARTESIAN_POINT('Origin',(-51.85,-4.00000000000002,12.15));
#2774=CARTESIAN_POINT('',(12.1219992334169,-4.00000000000002,14.15));
#2775=CARTESIAN_POINT('Origin',(51.85,-49.85,12.15));
#2776=CARTESIAN_POINT('',(51.85,-49.85,14.15));
#2777=CARTESIAN_POINT('',(51.85,-49.85,14.15));
#2778=CARTESIAN_POINT('',(51.85,-49.85,12.15));
#2779=CARTESIAN_POINT('Origin',(51.85,-4.00000000000003,12.15));
#2780=CARTESIAN_POINT('',(51.85,-4.00000000000002,14.15));
#2781=CARTESIAN_POINT('',(51.85,-58.7,14.15));
#2782=CARTESIAN_POINT('',(51.85,-4.00000000000002,12.15));
#2783=CARTESIAN_POINT('Origin',(3.99999999999999,-4.00000000000002,12.15));
#2784=CARTESIAN_POINT('',(12.1219992334169,-4.00000000000002,14.15));
#2785=CARTESIAN_POINT('Origin',(-4.00000000000001,3.99999999999998,12.15));
#2786=CARTESIAN_POINT('',(-4.00000000000001,3.99999999999998,14.15));
#2787=CARTESIAN_POINT('',(-11.8780001734389,3.99999999999998,14.15));
#2788=CARTESIAN_POINT('',(-4.00000000000001,3.99999999999998,12.15));
#2789=CARTESIAN_POINT('Origin',(-4.00000000000001,19.8797701929702,12.15));
#2790=CARTESIAN_POINT('',(-4.00000000000001,19.8797701929702,14.15));
#2791=CARTESIAN_POINT('',(-4.00000000000001,19.8797701929702,14.15));
#2792=CARTESIAN_POINT('',(-4.00000000000001,19.8797701929702,12.15));
#2793=CARTESIAN_POINT('Origin',(3.99999999999999,19.8797701929702,12.15));
#2794=CARTESIAN_POINT('',(3.99999999999999,19.8797701929702,14.15));
#2795=CARTESIAN_POINT('',(3.99999999999999,19.8797701929702,14.15));
#2796=CARTESIAN_POINT('',(3.99999999999999,19.8797701929702,12.15));
#2797=CARTESIAN_POINT('Origin',(3.99999999999999,3.99999999999998,12.15));
#2798=CARTESIAN_POINT('',(3.99999999999999,3.99999999999998,14.15));
#2799=CARTESIAN_POINT('',(3.99999999999999,19.8797701929702,14.15));
#2800=CARTESIAN_POINT('',(3.99999999999999,3.99999999999998,12.15));
#2801=CARTESIAN_POINT('Origin',(51.85,3.99999999999998,12.15));
#2802=CARTESIAN_POINT('',(12.1219992334169,3.99999999999998,14.15));
#2803=CARTESIAN_POINT('Origin',(-51.85,49.85,12.15));
#2804=CARTESIAN_POINT('',(-51.85,49.85,14.15));
#2805=CARTESIAN_POINT('Origin',(-61.85,59.85,12.15));
#2806=CARTESIAN_POINT('',(-61.85,-61.85,14.15));
#2807=CARTESIAN_POINT('Origin',(-8.88178419700125E-15,-1.77635683940025E-14,
14.15));
#2808=UNCERTAINTY_MEASURE_WITH_UNIT(LENGTH_MEASURE(0.01),#2812,
'DISTANCE_ACCURACY_VALUE',
'Maximum model space distance between geometric entities at asserted c
onnectivities');
#2809=UNCERTAINTY_MEASURE_WITH_UNIT(LENGTH_MEASURE(0.01),#2812,
'DISTANCE_ACCURACY_VALUE',
'Maximum model space distance between geometric entities at asserted c
onnectivities');
#2810=(
GEOMETRIC_REPRESENTATION_CONTEXT(3)
GLOBAL_UNCERTAINTY_ASSIGNED_CONTEXT((#2808))
GLOBAL_UNIT_ASSIGNED_CONTEXT((#2812,#2814,#2815))
REPRESENTATION_CONTEXT('','3D')
);
#2811=(
GEOMETRIC_REPRESENTATION_CONTEXT(3)
GLOBAL_UNCERTAINTY_ASSIGNED_CONTEXT((#2809))
GLOBAL_UNIT_ASSIGNED_CONTEXT((#2812,#2814,#2815))
REPRESENTATION_CONTEXT('','3D')
);
#2812=(
LENGTH_UNIT()
NAMED_UNIT(*)
SI_UNIT(.MILLI.,.METRE.)
);
#2813=(
LENGTH_UNIT()
NAMED_UNIT(*)
SI_UNIT($,.METRE.)
);
#2814=(
NAMED_UNIT(*)
PLANE_ANGLE_UNIT()
SI_UNIT($,.RADIAN.)
);
#2815=(
NAMED_UNIT(*)
SI_UNIT($,.STERADIAN.)
SOLID_ANGLE_UNIT()
);
#2816=SHAPE_DEFINITION_REPRESENTATION(#2817,#2818);
#2817=PRODUCT_DEFINITION_SHAPE('',$,#2820);
#2818=SHAPE_REPRESENTATION('',(#1712),#2810);
#2819=PRODUCT_DEFINITION_CONTEXT('part definition',#2824,'design');
#2820=PRODUCT_DEFINITION('2026-09-13-17-06-07-650',
'TurtleSquareSkinHolder',#2821,#2819);
#2821=PRODUCT_DEFINITION_FORMATION('',$,#2826);
#2822=PRODUCT_RELATED_PRODUCT_CATEGORY('TurtleSquareSkinHolder',
'TurtleSquareSkinHolder',(#2826));
#2823=APPLICATION_PROTOCOL_DEFINITION('international standard',
'automotive_design',2009,#2824);
#2824=APPLICATION_CONTEXT(
'Core Data for Automotive Mechanical Design Process');
#2825=PRODUCT_CONTEXT('part definition',#2824,'mechanical');
#2826=PRODUCT('2026-09-13-17-06-07-650','TurtleSquareSkinHolder',$,(#2825));
#2827=PRESENTATION_STYLE_ASSIGNMENT((#2828));
#2828=SURFACE_STYLE_USAGE(.BOTH.,#2829);
#2829=SURFACE_SIDE_STYLE('',(#2830));
#2830=SURFACE_STYLE_FILL_AREA(#2831);
#2831=FILL_AREA_STYLE('Steel - Satin',(#2832));
#2832=FILL_AREA_STYLE_COLOUR('Steel - Satin',#2833);
#2833=COLOUR_RGB('Steel - Satin',0.627450980392157,0.627450980392157,0.627450980392157);
ENDSEC;
END-ISO-10303-21;
